update,phase,local,adv_all_mean,adv_all_std,adv_s1_mean,adv_s1_std,n_rows,n_s1_rows,adv_used_mean,adv_used_std,adv_norm_scope,n_policy_rows,n_actor_steps_skipped,kl_final_epoch,clip_frac,policy_loss,value_loss,update_wall_sec,rngpos_env,rngpos_learn,rngpos_opp,rngpos_start,rngpos_minibatch,n_epochs_run,conc_scale,d1_L_s1_n,d1_L_s1_lo,d1_L_s1_hi,d1_O_s1_n,d1_O_s1_lo,d1_O_s1_hi,d1_L_s2_n,d1_L_s2_lo,d1_L_s2_hi,d1_O_s2_n,d1_O_s2_lo,d1_O_s2_hi,d1_L_s2_in_n,d1_L_s2_in_lo,d1_L_s2_in_hi,d1_L_s2_out_n,d1_L_s2_out_lo,d1_L_s2_out_hi,d1_pol_n_rows,d1_pol_alpha_min,d1_pol_beta_min,d1_pol_n_alpha_lt1,d1_pol_n_beta_lt1
1,A,1,3.700014114379883,1.7843610048294067,nan,nan,512,0,3.700014114379883,1.7843610048294067,all_rows,512,0,0.0040200501680374146,0.020703125,-0.002171888458542526,7.511217021942139,1.0920324220787734,5de7f5e325718b8d54563165e81816da:0:0,74c8904ee8b0730f56398c0dfeb34dbb:0:0,5c2d2039bae9f53542da9dbe03cc535f:0:0,10ca80f86832fb6b072fa3bccb69050e:0:1367233076,525ef3442ff2c1d366c1c7d89192eaf9:0:45261641,10,1.0,0,0,0,0,0,0,512,0,0,512,0,0,272,0,0,240,0,0,512,50.34657287597656,50.34657287597656,0,0
2,A,2,2.9886746406555176,1.692786455154419,nan,nan,512,0,2.9886746406555176,1.692786455154419,all_rows,512,0,0.010433504357933998,0.0560546875,-0.004134830227121711,5.149176478385925,0.13671634800266474,7b84c25eea30b888410de206d7b4e2da:0:0,99a6c71933ea42e00c92c9a9074aea61:0:0,7315743c75458b88ec0a4af152948db4:0:0,f10d4a3d718e2665dd5ff5cb772be90e:0:3307994976,e6c2eed0d11cb386bf860f6d165af7df:0:2725306083,10,1.0,0,0,0,0,0,0,512,0,0,512,0,0,271,0,0,241,0,0,512,49.43092727661133,49.983741760253906,0,0
3,A,3,2.4594225883483887,1.6291531324386597,nan,nan,512,0,2.4594225883483887,1.6291531324386597,all_rows,512,0,0.006706275977194309,0.05234375,-0.005120293376967311,3.7011340856552124,0.1378393890336156,0587c01ad050aeb3d969b3722e91aeda:0:0,96767db7b27ab1241924c0db8f668b74:0:0,1abf4c8ab0ffacdb15a338d349f78095:0:0,0539868be0309870cb802bde10aecd0e:0:1734137514,093ff87aaf09c2e7b23f2b65530f52ad:0:2931832007,10,1.0,0,0,0,0,0,0,512,0,0,512,0,0,254,0,0,258,0,0,512,48.45685958862305,50.31328582763672,0,0
4,A,4,1.9704442024230957,1.5295524597167969,nan,nan,512,0,1.9704442024230957,1.5295524597167969,all_rows,512,0,0.009068597108125687,0.0689453125,-0.0050487434957176445,2.5422279953956606,0.13614496192894876,3a60d2b31752be7d37fb87f3ecae7ada:0:0,fb991034cc3a8ee9d0292149d8c3318c:0:0,c94063f7b23555a9adb0e252a1a7b198:0:0,d957e16c173f4f61b160e95897f1b10e:0:3693138435,7a7b6c79abf82c8a7dc1f4daed89f29b:1:432502852,10,1.0,0,0,0,0,0,0,512,0,0,512,0,0,269,0,0,243,0,0,512,48.93842697143555,49.72674560546875,0,0
5,A,5,1.3647907972335815,1.4212733507156372,nan,nan,512,0,1.3647907972335815,1.4212733507156372,all_rows,512,0,0.015641866251826286,0.0630859375,-0.00559684974141419,1.5199695467948913,0.13289227103814483,2e7eaeb401171f2af7e481d8120b46da:0:0,4a634676665494b3789b08c2f0b90cff:0:0,b638a42bc3a9ea62356e4e6592c00daf:0:0,f7cc6c37b8181586a438919f0cf4950e:0:2678582597,25c33be8dbda2200cc66562d4c6df0af:1:1475662518,10,1.0,0,0,0,0,0,0,512,0,0,512,0,0,252,0,0,260,0,0,512,48.20130920410156,50.253028869628906,0,0
6,A,6,0.8704144954681396,1.2348514795303345,nan,nan,512,0,0.8704144954681396,1.2348514795303345,all_rows,512,0,0.0003269060980528593,0.0,0.00031399535946547986,0.8503261387348175,0.10991745698265731,c36aafbc7a76cd3500d5036a9ea812da:0:0,cf8adc6e3f6b22279e4d368d7be22bc3:0:0,241ee3f516bb2832567494a91165e68e:0:0,1beab9595923c7b9d2a348156fb7790e:0:3743754181,85ee03248de54d5af70caa86728add16:0:2142750758,10,1.0,0,0,0,0,0,0,512,0,0,512,0,0,241,0,0,271,0,0,512,47.083763122558594,50.737491607666016,0,0
7,A,7,0.32233086228370667,1.0559539794921875,nan,nan,512,0,0.32233086228370667,1.0559539794921875,all_rows,512,0,0.004070339724421501,0.02578125,-0.0019715843722224236,0.454804453253746,0.12746544205583632,4aa7c54515411fdc530caef79284deda:0:0,370c043c0f78385acb27c08bc7c77a63:0:0,e364073c1b558b76cfd7c0ac6756e950:0:0,71e9423daf76793568a2f01fc03a5d0e:0:4106372017,a4d31de5d805a635cc3409f1fa9c916c:1:168905883,10,1.0,0,0,0,0,0,0,512,0,0,512,0,0,260,0,0,252,0,0,512,47.261497497558594,50.7054443359375,0,0
8,A,8,0.05566013231873512,0.7907418012619019,nan,nan,512,0,0.05566013231873512,0.7907418012619019,all_rows,512,0,0.006272120401263237,0.0271484375,-0.0013305994449183344,0.2312984474003315,0.15849813597742468,4f7953d650e91602d35a66caeda1aada:0:0,33ace47741178b0cbb63bef29f107903:0:0,64b538cc47a97b1f1819f78c423eb4ea:0:0,a91867243fa17527739f2d21fe7d410e:0:2171631373,ff7c6126aaae4a38d9a4f4cbc57dd493:0:1303456730,10,1.0,0,0,0,0,0,0,512,0,0,512,0,0,243,0,0,269,0,0,512,46.968753814697266,51.287269592285156,0,0
9,A,9,-0.017756912857294083,0.5907731056213379,nan,nan,512,0,-0.017756912857294083,0.5907731056213379,all_rows,512,0,0.008480431511998177,0.1013671875,-0.0049426741898059845,0.16239238306879997,0.16045883507467806,80d9fc586f2e5a43171c4d30affe76da:0:0,eb0dda1b196dd67dea5611252cff3d2f:0:0,43e33ec6c3f3ed64f4a161ed7a83219f:0:0,01e105536a1b1e05c66562802a80250e:0:3347343315,a2b6c3c724eda7742f1e411b068da6da:0:3693240321,10,1.0,0,0,0,0,0,0,512,0,0,512,0,0,259,0,0,253,0,0,512,46.29288864135742,51.756431579589844,0,0
10,A,10,0.06258446723222733,0.5800464153289795,nan,nan,512,0,0.06258446723222733,0.5800464153289795,all_rows,512,0,0.016015764325857162,0.1001953125,-0.007364719174802303,0.16159917861223222,0.15741181501653045,40e01b06520dfe48303fc474d99b42da:0:0,868f22a3d5078215f2d7f3a11308afbe:0:0,96adc1f4de94e12ef0523d4c653e572e:0:0,d053318967a0aaa1dd28b39e4443090e:0:3089199678,2eee99ac41de4df369f1eee79994a624:0:2062083054,10,1.0,0,0,0,0,0,0,512,0,0,512,0,0,237,0,0,275,0,0,512,45.62990188598633,52.379032135009766,0,0
11,A,11,-0.005925289820879698,0.5757557153701782,nan,nan,512,0,-0.005925289820879698,0.5757557153701782,all_rows,512,0,0.005880547687411308,0.06328125,-0.003597788140177727,0.1633756436407566,0.16116667806636542,ffd67b6c2046ed6579416ee36a780eda:0:0,c3f140ed98c6d924b2f4af214cf5ae60:0:0,d73bc5798db3c8c71b29a40dfd22c5d6:0:0,f3b719d989f5c0fcc18203e04bc5ed0e:0:592552860,fd951f1f51639a39b4d9eb6237a8d045:0:2459560186,10,1.0,0,0,0,0,0,0,512,0,0,512,0,0,281,0,0,231,0,0,512,44.80197525024414,53.3813362121582,0,0
12,A,12,0.0624212883412838,0.5760432481765747,nan,nan,512,0,0.0624212883412838,0.5760432481765747,all_rows,512,0,0.011142713017761707,0.135546875,-0.009607202839106321,0.16496361792087555,0.16277734795585275,46ab36b9adbe166e612d2ec86294dada:0:0,397e02a60329dcfe3dc6c1dfc027ce54:0:0,db1b432c772c796be99452a079aca4d8:0:0,51606b7ad565eedaee6ff6aa4108d10e:0:3556592624,1770e7eac00767eb49326ba80238d63f:0:2733773922,10,1.0,0,0,0,0,0,0,512,0,0,512,0,0,256,0,0,256,0,0,512,44.585731506347656,54.225399017333984,0,0
13,A,13,-0.05689311772584915,0.5527145862579346,nan,nan,512,0,-0.05689311772584915,0.5527145862579346,all_rows,512,0,0.00886192824691534,0.0439453125,-0.002953893318772316,0.14990186914801598,0.16345697198994458,3544f58fe50e4cce379e266fc1f1a6da:0:0,269c58ad74c4338e9f6883e23b8ace80:0:0,fb31e37d1a71b094986250a17a5d4eab:0:0,42b7d662c76c00183456ef60240bb50e:0:3038148321,ea01a7309fa9100e1b84b42223a75cbb:0:1631896751,10,1.0,0,0,0,0,0,0,512,0,0,512,0,0,265,0,0,247,0,0,512,44.104618072509766,55.200660705566406,0,0
14,A,14,0.03150649741292,0.5415014624595642,nan,nan,512,0,0.03150649741292,0.5415014624595642,all_rows,512,0,0.004285049624741077,0.114453125,-0.010273153241723777,0.1443173550069332,0.16020761395338923,450fde4faf8fe0dff8beb825888e72da:0:0,61ee09686a95f2f2d9defff71830a383:0:0,50e7a23a8905c612fa9f1e73e87caa73:0:0,e9c669dcdee332bb9d011165f4ce990e:0:836644426,935fc1be3eff63525b8e13cb7bd204e1:1:1414715003,10,1.0,0,0,0,0,0,0,512,0,0,512,0,0,248,0,0,264,0,0,512,44.302913665771484,56.34981155395508,0,0
15,A,15,0.05902186781167984,0.5504410266876221,nan,nan,512,0,0.05902186781167984,0.5504410266876221,all_rows,512,0,0.00587129034101963,0.1017578125,-0.007890711398795247,0.14931893423199655,0.16251825401559472,5de754d01923ef8619488635b66b3eda:0:0,bc3adc3acad9d203d7d9421f366978b0:0:0,417f5eca411b528407002c39858480a9:0:0,524b8aa53a2648cb4f9e401fb3517d0e:0:1935430109,2a86cad5bab550def5b0ea71d90064fd:0:150457736,10,1.0,0,0,0,0,0,0,512,0,0,512,0,0,250,0,0,262,0,0,512,43.86669158935547,56.96841812133789,0,0
16,A,16,0.025799989700317383,0.5379913449287415,nan,nan,512,0,0.025799989700317383,0.5379913449287415,all_rows,512,0,0.014109003357589245,0.1052734375,-0.004324077419005335,0.14246574193239211,0.16942346503492445,c2a85840ad0f6902528472ec4b880ada:0:0,ba882e04d4ec5b6b5109f23ef7f749ff:0:0,0041df9734769a5d479d9e96e3524531:0:0,f5482c625f8077e074c41ef15f94610e:0:207721624,f4d4239fb9185790d850f1cc52f37bc7:0:1680249503,10,1.0,0,0,0,0,0,0,512,0,0,512,0,0,257,0,0,255,0,0,512,43.33782958984375,57.47008514404297,0,0
17,A,17,0.03721258416771889,0.5182712078094482,nan,nan,512,0,0.03721258416771889,0.5182712078094482,all_rows,512,0,0.005635391920804977,0.09375,-0.00781108271330595,0.13155105598270894,0.1629822759423405,1271bfdc4931cf0d6e4aa09547e4d6da:0:0,4398dc1433f59e30485dadef85d339eb:0:0,c1cfd659296d5e19d8db00dc99b3e58e:0:0,6fb0c5b00454367b1a6e113ef997450e:0:3094245038,7adc4560db395442cd12655da05d50da:0:3985642082,10,1.0,0,0,0,0,0,0,512,0,0,512,0,0,235,0,0,277,0,0,512,42.535888671875,58.193729400634766,0,0
18,A,18,0.029992874711751938,0.49553173780441284,nan,nan,512,0,0.029992874711751938,0.49553173780441284,all_rows,512,0,0.0038731954991817474,0.0830078125,-0.0014132134616374969,0.12021309807896614,0.1586106929462403,9b23d6efe4e3aa2f1302717cab81a2da:0:0,6c52d7add1f7850def3b9d00dab3957d:0:0,460e3cfaaa0421f7b978375a436c0827:0:0,d0632742675be71617fd3a6c815a290e:0:3788697184,21b0d998d799f226cc6d54f4dea66d95:1:3018710413,10,1.0,0,0,0,0,0,0,512,0,0,512,0,0,252,0,0,260,0,0,512,42.00336456298828,58.66381072998047,0,0
19,A,19,0.01985042914748192,0.5060256123542786,nan,nan,512,0,0.01985042914748192,0.5060256123542786,all_rows,512,0,0.006717986892908812,0.09140625,-0.007116908580064774,0.12511606551706791,0.1628957949578762,884fe49808c8b6558fa287ee765e6eda:0:0,0b4af26dc3d13aef2d1f001108923888:0:0,80f6df7ac99f7a0c2a59389e3f8e06a1:0:0,9b4df3ff926860faf2387dddf6dd0d0e:0:2308101559,b63f2951c2ad24b341aa6330bad8d414:0:1393279919,10,1.0,0,0,0,0,0,0,512,0,0,512,0,0,260,0,0,252,0,0,512,41.59558868408203,59.1803092956543,0,0
20,A,20,-0.021672874689102173,0.4919372498989105,nan,nan,512,0,-0.021672874689102173,0.4919372498989105,all_rows,512,0,0.0028678025119006634,0.1091796875,-0.006545052328146994,0.11728153079748153,0.16878525400534272,1eba0376f4e1c6ada7b0c636a87b3ada:0:0,cdf412763fe7c282e7f2610870fa3505:0:0,f27810b130c30b0d405b1a93bd762e29:0:0,4dacf141980156d5bf4c7ef75a1ff10e:0:3573251676,3f705aedb2d3b64c1e3a4fc27837414e:0:3993256596,10,1.0,0,0,0,0,0,0,512,0,0,512,0,0,267,0,0,245,0,0,512,40.921993255615234,59.54621505737305,0,0
21,A,21,0.09102095663547516,0.47083383798599243,nan,nan,512,0,0.09102095663547516,0.47083383798599243,all_rows,512,0,0.002865395275875926,0.1109375,-0.008417615294456482,0.1092213973402977,0.16297780396416783,37145184b22a60ba5f424ea141d806da:0:0,650e0558928b533c598e0a3e8f589987:0:0,4f6e61199689c06a59b92e3fda320e25:0:0,9f17c3caa14b9b090acba11cab22d50e:0:2887045788,7ba531671fc831f9d13e4996e2810c5c:1:4112840342,10,1.0,0,0,0,0,0,0,512,0,0,512,0,0,258,0,0,254,0,0,512,40.66154861450195,60.04515838623047,0,0
22,A,22,0.03127704933285713,0.455796480178833,nan,nan,512,0,0.03127704933285713,0.455796480178833,all_rows,512,0,0.007003915496170521,0.096484375,-0.008579512871801854,0.10150750055909157,0.1620455279480666,91f1eff98d0e0eacc6fb837a4274d2da:0:0,a8f08522171b473cfcd37c9b79c8d0ea:0:0,f1688bf7aa994792a5ffab921a59bee8:0:0,ba9fef49609941c1b9ae07b1e9e5b90e:0:2749507059,52bda5ba96d161ed8a0fcd86d84526e1:0:1148243339,10,1.0,0,0,0,0,0,0,512,0,0,512,0,0,265,0,0,247,0,0,512,40.15939712524414,60.11457824707031,0,0
23,A,23,0.022525295615196228,0.45953208208084106,nan,nan,512,0,0.022525295615196228,0.45953208208084106,all_rows,512,0,0.006667511537671089,0.072265625,-0.008533257199451328,0.1025168776512146,0.15780148503836244,725a8732b60168fbc810070daa519eda:0:0,e1770fe67ad21d136e60c718096dad1b:0:0,db36db054e03d254ae8116fa2dad3735:0:0,081f13a23d07a0caee51961b16689d0e:0:965976430,34829469918401648011d5e96e4f9bb4:1:3599082650,10,1.0,0,0,0,0,0,0,512,0,0,512,0,0,263,0,0,249,0,0,512,39.56673812866211,60.66183090209961,0,0
24,A,24,0.02037637308239937,0.43983301520347595,nan,nan,512,0,0.02037637308239937,0.43983301520347595,all_rows,512,0,0.0109767597168684,0.16875,-0.017361706937663257,0.09380771256983281,0.16542911401484162,33240a50058ad73bf042bba7796e6ada:0:0,4cd9adca3d41677e748d3a5f4a7aec3c:0:0,26fe4db902b42a46c20e81447c4619db:0:0,a5df6c874b8f2d21ec79efbc30ab810e:0:2646446678,437b2dc3536f397bef5c04488b32797b:1:1073785895,10,1.0,0,0,0,0,0,0,512,0,0,512,0,0,261,0,0,251,0,0,512,39.21384811401367,61.52259826660156,0,0
25,A,25,0.0018544336780905724,0.41687747836112976,nan,nan,512,0,0.0018544336780905724,0.41687747836112976,all_rows,512,0,0.007611678913235664,0.096484375,-0.0064170500729233025,0.08360962457954883,0.16934557899367064,4c884a29210708373de5c393afcb36da:0:0,fb64ead445700864dedc5378046a94f8:0:0,a015ed47fb5667eb93540416b083d6ce:0:0,33b6853ee9e93649fd5077f938ae650e:0:880602735,4e702d919d64d71e9ccafb12d4ed6a81:0:934541911,10,1.0,0,0,0,0,0,0,512,0,0,512,0,0,256,0,0,256,0,0,512,38.47956085205078,62.237815856933594,0,0
26,A,26,-0.004712048918008804,0.40611976385116577,nan,nan,512,0,-0.004712048918008804,0.40611976385116577,all_rows,512,0,0.004369604401290417,0.1193359375,-0.009717283281497657,0.07903310246765613,0.15824150294065475,828e87177d752144ebda811e4d6802da:0:0,b9e9fee2233e28f3a9ddd9ed94b363b7:0:0,07acce13296993b4dc39f5e239eda26b:0:0,d83ce3ce8faf7f60536452362e71490e:0:1657266823,f39f8c5c5ce8468eaf281e64f20d84da:0:3413713802,10,1.0,0,0,0,0,0,0,512,0,0,512,0,0,255,0,0,257,0,0,512,37.94157409667969,62.922279357910156,0,0
27,A,27,-0.010905575938522816,0.38963231444358826,nan,nan,512,0,-0.010905575938522816,0.38963231444358826,all_rows,512,0,0.005519446451216936,0.125,-0.0125035670818761,0.07259767539799214,0.16078655002638698,c1169cf1fd96a4e13d9196935244ceda:0:0,353085f9984691d48a5497eb6f0079d1:0:0,16934f397adc28eab7874f06c3190d78:0:0,44c524152a19b5efeeaa61d711f42d0e:0:3429946679,16d78139413d0b78b21660709d1a50dd:0:757468938,10,1.0,0,0,0,0,0,0,512,0,0,512,0,0,269,0,0,243,0,0,512,37.52219009399414,63.45435333251953,0,0
28,A,28,0.00037602148950099945,0.3601604402065277,nan,nan,512,0,0.00037602148950099945,0.3601604402065277,all_rows,512,0,0.006913803517818451,0.1587890625,-0.011715841293334962,0.06148275658488274,0.16078063007444143,86db9c7628af10854b0ae63ebe619ada:0:0,641a923c864fccf80b95ea01c8ba49d0:0:0,cbf6853e789b7177d940764cc22c7efb:0:0,bad194b616bcc685807d4a3fe337110e:0:2049431087,d0debabf71229f79dad95510d12b73a8:0:2130377216,10,1.0,0,0,0,0,0,0,512,0,0,512,0,0,250,0,0,262,0,0,512,36.9969367980957,63.912353515625,0,0
29,A,29,0.009872959926724434,0.35345083475112915,nan,nan,512,0,0.009872959926724434,0.35345083475112915,all_rows,512,0,0.007650354877114296,0.049609375,-0.003399030538275838,0.058847021870315076,0.1605730070732534,b4dea93a372f31beccd5926c91be66da:0:0,3cb0ff66e26df99600bf12782ad6181a:0:0,e8996020ba38722c4f8f07fd576b7cc3:0:0,83c8e50b91b00f034f9d6ed4a239f50e:0:864680461,2032a67f6e1087b37b79570bba0d571e:0:2908441585,10,1.0,0,0,0,0,0,0,512,0,0,512,0,0,266,0,0,246,0,0,512,36.273719787597656,64.25541687011719,0,0
30,A,30,0.021537374705076218,0.33103063702583313,nan,nan,512,0,0.021537374705076218,0.33103063702583313,all_rows,512,0,0.0012995889410376549,0.171875,-0.010003694985061883,0.05123403780162335,0.16252006602007896,2a98c32272983287e80ffd68cc5b32da:0:0,9ef0d99bde18ba9b110aa121c8b607f2:0:0,bb40582ca50d62e114c6f631f5d15c15:0:0,b750d4ad2b7c6eb51c30f2f94efcd90e:0:849554437,24530f14c82fef42c1c5964816ba0cc6:1:3262303052,10,1.0,0,0,0,0,0,0,512,0,0,512,0,0,257,0,0,255,0,0,512,37.22075271606445,64.87279510498047,0,0
31,A,31,-0.003363165073096752,0.30106526613235474,nan,nan,512,0,-0.003363165073096752,0.30106526613235474,all_rows,512,0,0.0032517570070922375,0.133984375,-0.00772103201597929,0.04235199075192213,0.16112464596517384,d052be33a5e25cdefa67c97f6e37feda:0:0,b4e6615f3709e2bcaf13a0c16f11a146:0:0,57b835b707968ef9ef113be48c3bcd82:0:0,63c11a6c9b39342403c3ba11e97fbd0e:0:1183394400,8e97ab4be2a21817083b8dad2650adb8:1:3634255541,10,1.0,0,0,0,0,0,0,512,0,0,512,0,0,249,0,0,263,0,0,512,37.02295684814453,65.03456115722656,0,0
32,A,32,0.00302865169942379,0.2809669077396393,nan,nan,512,0,0.00302865169942379,0.2809669077396393,all_rows,512,0,0.012301520444452763,0.116015625,-0.015977254463359715,0.03661308065056801,0.16071646800264716,9756137b9bb3959e6619d8fc7754cada:0:0,4774e7d650c08effd320bc839ca5ba81:0:0,9837c523b5e54941f6d6283a6d3a5125:0:0,fc50e201013ae8aa6547678271c2a10e:0:841943814,f404f66924232ff388f34609bb108f46:1:3887956740,10,1.0,0,0,0,0,0,0,512,0,0,512,0,0,244,0,0,268,0,0,512,36.635807037353516,65.41534423828125,0,0
33,A,33,-0.0007440252229571342,0.2656562924385071,nan,nan,512,0,-0.0007440252229571342,0.2656562924385071,all_rows,512,0,0.005755885504186153,0.141015625,-0.012344524753279984,0.03264193339273334,0.15859291306696832,928f69a7e7b18e945df24e2be7b196da:0:0,b4bd7c913f2a42c0a51ba545e59d1ad7:0:0,07d52b0197e3f75c3b8cdf18ca5e83d6:0:0,27b64cee6eb7f9c7c5135eaee7c5850e:0:1693536905,21598460e53ce380b4917b8b0a33573a:1:3130378495,10,1.0,0,0,0,0,0,0,512,0,0,512,0,0,257,0,0,255,0,0,512,35.8940315246582,66.17022705078125,0,0
34,A,34,-0.0023942268453538418,0.23072734475135803,nan,nan,512,0,-0.0023942268453538418,0.23072734475135803,all_rows,512,0,0.007713817525655031,0.143359375,-0.014443996315822005,0.02443718034774065,0.16117091104388237,a0f4b3c2783bafdab14c8b59bf4e62da:0:0,6c8e5e46c5a5a088e03d65ef1f32bfcf:0:0,efd49d7f3cffabf70d3ad4b7cef4278f:0:0,75a9548d46c74034b0e4c2fb4b88690e:0:1786333654,05e6b3a6351958789f4c04935a32a7c3:1:3444923290,10,1.0,0,0,0,0,0,0,512,0,0,512,0,0,253,0,0,259,0,0,512,35.442787170410156,66.88461303710938,0,0
35,A,35,0.031142057850956917,0.2231568843126297,nan,nan,512,0,0.031142057850956917,0.2231568843126297,all_rows,512,0,0.010092169046401978,0.1576171875,-0.016912390058860183,0.02297361260280013,0.16087749891448766,3ccc906aadd8b86e981332d1fe2b2eda:0:0,753e856d77f7e32f307499a841ba1329:0:0,3d4fdfb3660bd5acd7036f1f0ced3e6a:0:0,efda406acd1c64b6a3de77cb9d0b4d0e:0:2156327978,65211fd907b60339e9f6ecefaadac814:1:3060111046,10,1.0,0,0,0,0,0,0,512,0,0,512,0,0,254,0,0,258,0,0,512,34.926734924316406,67.64739990234375,0,0
36,A,36,0.006995723582804203,0.19969770312309265,nan,nan,512,0,0.006995723582804203,0.19969770312309265,all_rows,512,0,0.003014699323102832,0.1576171875,-0.012207695585675537,0.018199384212493896,0.15879880799911916,e7132bc0f5a416087ec026e0a447fada:0:0,0225c014e6cf3a939bb3dd27d537840b:0:0,69ced1984c9a50819e9705eec9d0ef21:0:0,b92f9d91f6e622b3ea892083dc4e310e:0:4098402976,b67a726fee7c44e62922eed80063b92c:1:3854528767,10,1.0,0,0,0,0,0,0,512,0,0,512,0,0,265,0,0,247,0,0,512,34.286277770996094,68.48407745361328,0,0
37,A,37,-0.002899835119023919,0.18668358027935028,nan,nan,512,0,-0.002899835119023919,0.18668358027935028,all_rows,512,0,0.008232781663537025,0.10546875,-0.009551993850618602,0.01604757010936737,0.16175821202341467,5bea4a1a2406f433d25c89d1b1a4c6da:0:0,d4683ecc925dfd5c891411d49ec3a583:0:0,2a392bdcc6faf82bd52720f468301274:0:0,ca4840a15232688786d320880951150e:0:3624556248,3a857483bb34b246b040341b37387f8b:1:926296853,10,1.0,0,0,0,0,0,0,512,0,0,512,0,0,269,0,0,243,0,0,512,33.974361419677734,68.98086547851562,0,0
38,A,38,-0.0018592160195112228,0.16954448819160461,nan,nan,512,0,-0.0018592160195112228,0.16954448819160461,all_rows,512,0,0.01160813495516777,0.13046875,-0.019298103405162692,0.013228153344243765,0.1708541460102424,4b86516f0d0902a6cc80bdf1264192da:0:0,e6286d66beb134000532ec8fc85a2ed1:0:0,0d74cf0c0b82be6d240292a6b290e855:0:0,220b5de8983c559514109b3c2413f90e:0:2604014534,18aed4f06b0d14f4f9d001cb14eb487b:1:1065745236,10,1.0,0,0,0,0,0,0,512,0,0,512,0,0,271,0,0,241,0,0,512,33.472293853759766,69.75322723388672,0,0
39,A,39,0.02909954823553562,0.15541377663612366,nan,nan,512,0,0.02909954823553562,0.15541377663612366,all_rows,512,0,0.015040110796689987,0.1498046875,-0.02022068181540817,0.011293821036815643,0.16110600798856467,c1a1235c1784f2da3f54658b021e5eda:0:0,df65332a18e9418cd519c6b3a153a2d0:0:0,da9ed8139c3c9c2927ae951376ea9932:0:0,4243281e3f08161caafb74042c96dd0e:0:3407014072,3090ad91edc972bf45fc4e1f05e6f2f1:1:82269902,10,1.0,0,0,0,0,0,0,512,0,0,512,0,0,265,0,0,247,0,0,512,32.83945846557617,70.71885681152344,0,0
40,A,40,-0.0027449808549135923,0.14462623000144958,nan,nan,512,0,-0.0027449808549135923,0.14462623000144958,all_rows,512,0,0.00906315352767706,0.1099609375,-0.011620550462976099,0.009710257314145565,0.16274577390868217,bb656163c88cace1618e62eb453b2ada:0:0,b28bfc002531bc2271a939198d53f813:0:0,7cd585489280f176439a9463875a0715:0:0,5895af931eb09ccec5b34e4422d9c10e:0:2776040052,69edc6c4d23e3f62f029fc4aa8a520f7:0:2798118246,10,1.0,0,0,0,0,0,0,512,0,0,512,0,0,268,0,0,244,0,0,512,31.994789123535156,71.52118682861328,0,0
41,A,41,0.1063833087682724,0.1718568503856659,nan,nan,512,0,0.1063833087682724,0.1718568503856659,all_rows,512,0,0.01096153724938631,0.230078125,-0.02081039366312325,0.011801774147897959,0.15860882203560323,b041490684493b819a74d85def97f6da:0:0,0897ccb9cba2181cfede201e98a398f2:0:0,1b734df49183d97e14e8502bd116cdcf:0:0,d16be91ffecb3a2023bd8d6006dca50e:0:1715994497,0527685dfd2008a882c26a81c65eb9e5:1:3287449966,10,1.0,0,0,0,0,0,0,512,0,0,512,0,0,253,0,0,259,0,0,512,31.543073654174805,72.48263549804688,0,0
42,A,42,0.04590725153684616,0.11987818777561188,nan,nan,512,0,0.04590725153684616,0.11987818777561188,all_rows,512,0,0.004985956009477377,0.221484375,-0.02221536529250443,0.007277341862209141,0.16196273197419941,0c5fb52101a26f8a4ddd282f0134c2da:0:0,5efb6fd047f9faeed01af4e949cbadb1:0:0,f36e797731e14c64538d31d557b5de5c:0:0,1237d55ea045115dae0554bbd89f890e:0:1002645534,3c47f7f7318a3a47ecbd3b74f80cf20b:1:2425987573,10,1.0,0,0,0,0,0,0,512,0,0,512,0,0,273,0,0,239,0,0,512,30.920181274414062,73.25071716308594,0,0
43,A,43,0.022380724549293518,0.12071934342384338,nan,nan,512,0,0.022380724549293518,0.12071934342384338,all_rows,512,0,0.012216899544000626,0.15625,-0.028109277971088885,0.007174448994919658,0.16199608508031815,d2e7fde22dfa3a6ca82bf4aa7a118eda:0:0,0c43c18df40948d9bdf322140529250c:0:0,55217a37681da631641ef2a6101db88a:0:0,88d0b615981e6b805adb87bb98226d0e:0:2148467107,9e52c955adb04d6bfc980df07906a31f:0:1269394908,10,1.0,0,0,0,0,0,0,512,0,0,512,0,0,255,0,0,257,0,0,512,30.485044479370117,73.83029174804688,0,0
44,A,44,0.004467025399208069,0.1116391122341156,nan,nan,512,0,0.004467025399208069,0.1116391122341156,all_rows,512,0,0.011339391581714153,0.1333984375,-0.015484584565274417,0.006030545989051461,0.16014737298246473,d9da68887e47c0136a55201c5a2e5ada:0:0,86250106e9b40f1c54fe37a20286a3f3:0:0,37f88f8cee0f151222bb2ab8883abd8d:0:0,ec0719140f67e7c111f6c9c34565510e:0:3191479017,94c96d14057018869256da07a2ac9194:0:2638144584,10,1.0,0,0,0,0,0,0,512,0,0,512,0,0,272,0,0,240,0,0,512,29.78873634338379,74.55724334716797,0,0
45,A,45,0.010855295695364475,0.11422567069530487,nan,nan,512,0,0.010855295695364475,0.11422567069530487,all_rows,512,0,0.0076882862485945225,0.1984375,-0.02449286016635597,0.006432767934165895,0.16255306196399033,58a69bf5eade1ffab5dbccd0a18b26da:0:0,0223d4c765e6d5ae522ed6d361a3bd16:0:0,fa1a112d3a8aede0cec235f3bd33841f:0:0,43e23d103ce589ec90737e36e068350e:0:3168981905,8b7d234e69e035694b3b08bbbebdb3bb:1:1977049524,10,1.0,0,0,0,0,0,0,512,0,0,512,0,0,265,0,0,247,0,0,512,29.17698860168457,75.45185852050781,0,0
46,A,46,0.014824791811406612,0.10922667384147644,nan,nan,512,0,0.014824791811406612,0.10922667384147644,all_rows,512,0,0.011248087510466576,0.1443359375,-0.015911442646756768,0.0059244491858407855,0.16291157400701195,dcb41f09132af587d8d25d135027f2da:0:0,d6082779c7e0d98e30ad9f66d391ca36:0:0,1692a683e7be835292c1ad7c2782a672:0:0,e3ecf6712cbba6774cd3c87a692b190e:0:1061030725,9bc3d2d3743274e7e73dd1bc46457b06:0:3167345727,10,1.0,0,0,0,0,0,0,512,0,0,512,0,0,239,0,0,273,0,0,512,28.65766716003418,76.13680267333984,0,0
47,A,47,0.013862897641956806,0.10181106626987457,nan,nan,512,0,0.013862897641956806,0.10181106626987457,all_rows,512,0,0.013034750707447529,0.1548828125,-0.02231645827414468,0.005131797539070249,0.15974586992524564,2b42418946b88fa119da73306604beda:0:0,e3b73891f3a7972f6d70ab41a43f3a7c:0:0,d2178f95bff9ff3f5d66561f00ad28e2:0:0,bd51bf422a89ac515aff8bf1dfadfd0e:0:1768417864,ec5cff16034aa5ce25e5810aad70fc67:1:925877141,10,1.0,0,0,0,0,0,0,512,0,0,512,0,0,244,0,0,268,0,0,512,28.047330856323242,77.04293823242188,0,0
48,A,48,-0.008797867223620415,0.10543863475322723,nan,nan,512,0,-0.008797867223620415,0.10543863475322723,all_rows,512,0,0.015228372067213058,0.17265625,-0.0240013531409204,0.005349441547878087,0.16107004403602332,2d84f85270bfdf858424f173e3218ada:0:0,94f70053c70eaf1c56a60ffe7269fbd1:0:0,abee9d136314cd239f92010b110c1fc6:0:0,1f0406e3e256cc7a50446c0143f0e10e:0:3902701781,6be15fe6d27ca6f01226d7c5a54f3eee:1:3437627294,10,1.0,0,0,0,0,0,0,512,0,0,512,0,0,247,0,0,265,0,0,512,27.45542335510254,78.05791473388672,0,0
49,A,49,-0.005023747216910124,0.10267911851406097,nan,nan,512,0,-0.005023747216910124,0.10267911851406097,all_rows,512,0,0.0038713819812983274,0.0875,-0.006525398697704077,0.005241846549324691,0.16084628098178655,c1f7294d23961ee4b371fa29c77e56da:0:0,d435e6dfc1b2a1c9a70c06ad032ccadd:0:0,d31256cac7c09dffb9903feb9a6d756e:0:0,ed9823650cb47f552755cc0c95f3c50e:0:1505619251,cf07c62fa98b0b9b7c0df10ff6be852d:1:1189350374,10,1.0,0,0,0,0,0,0,512,0,0,512,0,0,283,0,0,229,0,0,512,26.721351623535156,79.07511138916016,0,0
50,A,50,0.011189366690814495,0.09834414720535278,nan,nan,512,0,0.011189366690814495,0.09834414720535278,all_rows,512,0,0.012260248884558678,0.1623046875,-0.020126167125999926,0.004814677825197578,0.16493849304970354,3bc0a39e41422d36a010ef9e131b22da:0:0,a3a9e14e806edee5b196e803e744f595:0:0,6ac3cdd13dc900d2456a5f1a21b6b215:0:0,607377c23a7ae7bc244ccf77d5b6a90e:0:3427709508,b6cd1d816d4ca6a9b7acc90cdcf7d48d:0:2758643163,10,1.0,0,0,0,0,0,0,512,0,0,512,0,0,251,0,0,261,0,0,512,26.29360008239746,79.57708740234375,0,0
51,A,51,0.007688992656767368,0.10140106081962585,nan,nan,512,0,0.007688992656767368,0.10140106081962585,all_rows,512,0,0.00921340100467205,0.1287109375,-0.013224589359015226,0.005077776475809514,0.16018618899397552,7e068c58fe85a4536ae0741cc5f7eeda:0:0,b9c47a190c1a3cc828012f011693da79:0:0,17897f24132a2d9a0245873e13cd4a3a:0:0,346b77a2148313d4b8a859a703398d0e:0:4141114905,03e7f71b4b52a3e95dcaf4e53e451e1c:0:1580008446,10,1.0,0,0,0,0,0,0,512,0,0,512,0,0,247,0,0,265,0,0,512,25.728181838989258,80.61155700683594,0,0
52,A,52,0.01092795841395855,0.09717253595590591,nan,nan,512,0,0.01092795841395855,0.09717253595590591,all_rows,512,0,0.00865138228982687,0.1486328125,-0.01666554845869541,0.004694221366662532,0.16078791907057166,04485fdd3da5a44b294e69f1e014bada:0:0,97c1a05c91aab1ab82ca458bb5be3782:0:0,c0a9c5a09c372806c190ffd2ec74faaa:0:0,d27c2a7923c31ba3674d0dfe1e7c710e:0:309883867,96590461198dd2f1c74b0ef86adac680:1:3415914659,10,1.0,0,0,0,0,0,0,512,0,0,512,0,0,253,0,0,259,0,0,512,25.068744659423828,81.3291244506836,0,0
53,A,53,0.004224225413054228,0.0971398875117302,nan,nan,512,0,0.004224225413054228,0.0971398875117302,all_rows,512,0,0.012662959285080433,0.119921875,-0.013761482574045658,0.004703081538900733,0.16475422400981188,d1c9cbeb7e3f567db157f369617186da:0:0,688aafc0bf37803a8e7139c13303bc81:0:0,bb722cbf6ed9319c40e2f4d872cdd3e8:0:0,f1b5ad55f6301d5fa8854fe1277f550e:0:2467179341,1734e9889393683bebda86f8607c854d:1:3085398907,10,1.0,0,0,0,0,0,0,512,0,0,512,0,0,252,0,0,260,0,0,512,24.669775009155273,82.2568588256836,0,0
54,A,54,-0.0017153932712972164,0.10629090666770935,nan,nan,512,0,-0.0017153932712972164,0.10629090666770935,all_rows,512,0,0.0019717474933713675,0.01328125,-0.001746570970863104,0.005605274438858032,0.16234306001570076,37ba9656df7427f2658972cf4a0e52da:0:0,a56f00a146586ba36db75c517225d8f6:0:0,576f93fcfa9154799446c096d10b9035:0:0,8b9bf3ec34ca1787ce0142b41e42390e:0:178391970,d07f449461ad5f113150025bf4aa627c:1:4100782416,10,1.0,0,0,0,0,0,0,512,0,0,512,0,0,284,0,0,228,0,0,512,24.024532318115234,83.27922058105469,0,0
55,A,55,-0.006786183454096317,0.10419297963380814,nan,nan,512,0,-0.006786183454096317,0.10419297963380814,all_rows,512,0,0.004582779482007027,0.058203125,-0.007322484953328967,0.005407488252967596,0.16684773203451186,ab91801cf1b9baf000fe8a6f99eb1eda:0:0,801bdb539a30d994ae58435d4d796434:0:0,4b01bde57ff0e000732dfe459bb8ec6a:0:0,5fb4aecaff35a0b4e6d6c9db02c51d0e:0:3782964594,2fecf3a47be811d44b207ae44ba151b9:1:229415313,10,1.0,0,0,0,0,0,0,512,0,0,512,0,0,265,0,0,247,0,0,512,24.512229919433594,83.36839294433594,0,0
56,A,56,0.008173300884664059,0.09369409084320068,nan,nan,512,0,0.008173300884664059,0.09369409084320068,all_rows,512,0,0.008783898316323757,0.0650390625,-0.008898953488096596,0.004387291590683162,0.1594241049606353,8c259c8a55998fd463621c965107eada:0:0,2094df96a21a88b9315e37cdf1f44ebb:0:0,531ff91c075eedcbd76bd5eaeb1ad0da:0:0,8ba4c600a1477d2ea38188b9d508010e:0:1561583368,15c15482b00e7346c0ca1e13757e62e0:1:917002836,10,1.0,0,0,0,0,0,0,512,0,0,512,0,0,263,0,0,249,0,0,512,24.10562515258789,84.13774108886719,0,0
57,A,57,-0.0016974946483969688,0.09862974286079407,nan,nan,512,0,-0.0016974946483969688,0.09862974286079407,all_rows,512,0,0.002530609257519245,0.0181640625,-0.004711609706282616,0.004783725598827004,0.16167528799269348,bbbae7f264ac652c5cee4b8f6f64b6da:0:0,0b45a7535a8d148707cf9ae49a266667:0:0,ffceaa3856a6a4e63a926adc4b661bce:0:0,b6c944c376e6123f39e2e2b4950ae50e:0:868163431,d065c537e1f1b68555e3601ead976f07:0:1783796934,10,1.0,0,0,0,0,0,0,512,0,0,512,0,0,246,0,0,266,0,0,512,23.471647262573242,84.83428192138672,0,0
58,A,58,7.382663898169994e-05,0.09303773939609528,nan,nan,512,0,7.382663898169994e-05,0.09303773939609528,all_rows,512,0,0.0030670056585222483,0.08046875,-0.0070716176414862275,0.004316835023928434,0.16209722694475204,66b3095f621d4f0b7a6c79a6f50182da:0:0,474a582ffb7239ef515f097cd9694307:0:0,7a8d87b3f7f08606d449e40559b13a64:0:0,c866e40d92a4b7474941fb2f42cdc90e:0:3351819290,afe94710148a1b7642ab09258cb98b1a:0:3333621362,10,1.0,0,0,0,0,0,0,512,0,0,512,0,0,247,0,0,265,0,0,512,22.97182846069336,85.5462417602539,0,0
59,A,59,0.0014496298972517252,0.09828014671802521,nan,nan,512,0,0.0014496298972517252,0.09828014671802521,all_rows,512,0,0.0013865610817447305,0.1015625,-0.005345257418230176,0.004816097510047257,0.1610901029780507,3122167ff00085a3d1354928e1de4eda:0:0,1daa9bb3acfe1d870063e41b907415ff:0:0,021cda8e656eb6ea21388b5b928d3ccc:0:0,e41f976e7b7ce491be4bb58dde50ad0e:0:705786322,1f22602e3b40b5336a46d7de0b272058:0:3605711215,10,1.0,0,0,0,0,0,0,512,0,0,512,0,0,253,0,0,259,0,0,512,22.531930923461914,85.97477722167969,0,0
60,A,60,-0.0003687414573505521,0.1087619736790657,nan,nan,512,0,-0.0003687414573505521,0.1087619736790657,all_rows,512,0,0.0034237175714224577,0.1421875,-0.008587395399808883,0.00587580434512347,0.1641798239434138,6068e8f5c6c9eb1dcb309c6135fb1ada:0:0,0206b0cc9b63263252139f260d22c4b4:0:0,ff65090ff2afaacd16b9fc7db979a70f:0:0,471698ac16093fe7b712b5346793910e:0:1467283458,dd028458ba9e2eb13715d4bcd6da8d3b:1:782354648,10,1.0,0,0,0,0,0,0,512,0,0,512,0,0,241,0,0,271,0,0,512,22.24954605102539,86.28473663330078,0,0
61,A,61,0.08497381210327148,0.12361717969179153,nan,nan,512,0,0.08497381210327148,0.12361717969179153,all_rows,512,0,0.008540837094187737,0.139453125,-0.012948854686692357,0.00535686647053808,0.16326495807152241,706b1808ec2f48aff2d5959bf157e6da:0:0,9136db86fea98cbc54bd69a37cfd4068:0:0,cd9d578a0ebbff05027c485e45b8ac6e:0:0,66c96c218da686e4670f5d86de96750e:0:2558129408,9f57db37405b2948fb686d2d19cc42ab:1:884158167,10,1.0,0,0,0,0,0,0,512,0,0,512,0,0,250,0,0,262,0,0,512,21.768447875976562,86.58365631103516,0,0
62,A,62,0.03853491321206093,0.09376850724220276,nan,nan,512,0,0.03853491321206093,0.09376850724220276,all_rows,512,0,0.008315065875649452,0.0427734375,-0.010313509264960885,0.0046451587695628405,0.162039197050035,e53df9a1e6c242f6bf2a972513f4b2da:0:0,78420f5d12b26cc83cce93a7baba688b:0:0,15d388c609677e1fb9738919675f1630:0:0,2ee73920d1de5708fb1fd1e94359590e:0:3235561245,a5c8f00e6e90f8850f98c1f9aa2a0a18:1:4225916281,10,1.0,0,0,0,0,0,0,512,0,0,512,0,0,275,0,0,237,0,0,512,21.13637924194336,87.10769653320312,0,0
63,A,63,0.004440846852958202,0.088714100420475,nan,nan,512,0,0.004440846852958202,0.088714100420475,all_rows,512,0,0.002654644660651684,0.033984375,-0.01293240450322628,0.003887413302436471,0.1633727210573852,1988294cab8e058c5fc543489dd17eda:0:0,9e03e21e5c3bfcd581aba7eb1000d8f4:0:0,f3c0ee3c2f9087b43e4eb384848898bb:0:0,3b1796f0fc7fd3907d87f5bf95dc3d0e:0:3128498753,ab9d3160da0aa1ffe3d6c23693eb9eb0:0:3583146063,10,1.0,0,0,0,0,0,0,512,0,0,512,0,0,250,0,0,262,0,0,512,21.723466873168945,86.42183685302734,0,0
64,A,64,-0.0014018332585692406,0.09199369698762894,nan,nan,512,0,-0.0014018332585692406,0.09199369698762894,all_rows,512,0,0.0046176183968782425,0.038671875,-0.015646720957010984,0.004191841476131231,0.16059026401489973,4e75fbe54304a5e088ca7c528eee4ada:0:0,4449992758518b352760d1d8c123b604:0:0,93f6e391569a6efd6b1a64db61bdff89:0:0,3a6e9859b4ca2903b9f16c6dd61f210e:0:540413567,00dbaf3dbb9f7fde05a1b2aca7cb49cd:1:91889041,10,1.0,0,0,0,0,0,0,512,0,0,512,0,0,249,0,0,263,0,0,512,21.31348991394043,86.57695770263672,0,0
65,A,65,0.003717199433594942,0.08769401907920837,nan,nan,512,0,0.003717199433594942,0.08769401907920837,all_rows,512,0,0.0063151163049042225,0.0505859375,-0.015435408288612961,0.003789537586271763,0.16169565403833985,6366fa6e62883d503eee648ee74b16da:0:0,54ac17dcc3de61348bbe31590552d62f:0:0,ce36e8eb77b67485d3109cc2180dabd0:0:0,19fd6d01640cee8d216b99580422050e:0:216161233,87c7e96dad5bbe075a4d4251d9df1cd9:0:977424751,10,1.0,0,0,0,0,0,0,512,0,0,512,0,0,257,0,0,255,0,0,512,20.77372932434082,86.7938461303711,0,0
66,A,66,-0.000301961088553071,0.08273491263389587,nan,nan,512,0,-0.000301961088553071,0.08273491263389587,all_rows,512,0,0.004637084435671568,0.0814453125,-0.013047187519259752,0.003407323348801583,0.1610956380609423,608afe7177dbba7da3745e49a6e7e2da:0:0,55b71f4bd2c1a28ba398e430245b3e86:0:0,b5279738c5eb0594647ab7c656ba95db:0:0,f0456139d022650cae6b9fe21fe4e90e:0:3807374780,9c8e66d65a231a53ad1fcfc8f51ac114:0:1029600182,10,1.0,0,0,0,0,0,0,512,0,0,512,0,0,263,0,0,249,0,0,512,20.2582950592041,87.19868469238281,0,0
67,A,67,0.002784523880109191,0.09311088174581528,nan,nan,512,0,0.002784523880109191,0.09311088174581528,all_rows,512,0,0.005104530602693558,0.045703125,-0.02120865401811898,0.00432259114459157,0.16248841094784439,6fcad626e3c769e7c02f0bcecdc4aeda:0:0,f90bffaa19cbada2e579f9f1660af76f:0:0,5fc6306c2b76e103cea251eaaa65cd4f:0:0,ba0e5a2c702793ebc8cc63702967cd0e:0:3849413889,9e132d226a16827932e56b4af0ffa8e6:0:3509965397,10,1.0,0,0,0,0,0,0,512,0,0,512,0,0,246,0,0,266,0,0,512,19.725196838378906,87.46098327636719,0,0
68,A,68,0.004501881543546915,0.08289054781198502,nan,nan,512,0,0.004501881543546915,0.08289054781198502,all_rows,512,0,0.00296146422624588,0.094921875,-0.018202361557632683,0.0034093092544935644,0.16298302309587598,01d06e84613d35c253804f6a5be17ada:0:0,412e88b8bfb0f1920905f8b2b2f6c1bf:0:0,f8b365db047011d8a10b1a3b0f0edb97:0:0,980225ad8fd643b129ce876620aab10e:0:784200650,1f0ad9f7ce8da9bfc746e5990975cf83:0:2041616504,10,1.0,0,0,0,0,0,0,512,0,0,512,0,0,249,0,0,263,0,0,512,19.268503189086914,87.4333724975586,0,0
69,A,69,0.011536496691405773,0.09127423912286758,nan,nan,512,0,0.011536496691405773,0.09127423912286758,all_rows,512,0,0.0031052289996296167,0.0857421875,-0.018710415705572813,0.004163324134424329,0.16341330599971116,b90d652ed6489d0d9c594b68513e46da:0:0,92f591c97e0ecbb44206065971f3edab:0:0,1ca0970ff8f66cabd6791f2dfcdf7552:0:0,3133125315e4d654c0186f2805ad950e:0:900666039,1e325ad24b2173d2681d9748ed6cf7c6:0:686579611,10,1.0,0,0,0,0,0,0,512,0,0,512,0,0,262,0,0,250,0,0,512,18.9151611328125,87.44026947021484,0,0
70,A,70,-0.005764066707342863,0.08982186019420624,nan,nan,512,0,-0.005764066707342863,0.08982186019420624,all_rows,512,0,0.003951516002416611,0.0197265625,-0.01729822582565248,0.004018960695248097,0.16078728903084993,517c942c0c1661ee263a6214addb12da:0:0,640020b340ed8324ea3906d2ae636457:0:0,0b0668123b31e3560fc70532fa6fd55d:0:0,f71e45c181cffd5393b63e19d870790e:0:625204930,52f0f919101064a2914987533f2669e1:1:1624521787,10,1.0,0,0,0,0,0,0,512,0,0,512,0,0,245,0,0,267,0,0,512,18.83024787902832,86.99931335449219,0,0
71,A,71,0.0046035414561629295,0.09133029729127884,nan,nan,512,0,0.0046035414561629295,0.09133029729127884,all_rows,512,0,0.004686371423304081,0.0181640625,-0.021563193295150995,0.004135988058988005,0.16326711606234312,20cba5100b5fef44953335bb71b7deda:0:0,140614980f28eae33efd63c41fe60db4:0:0,3b98a2e70f3dd4d58b6bad84a0fca46f:0:0,11892c7775724d83aa19d79f98f35d0e:0:3686338494,bfa31c4e58843a301d528303d179c1c9:1:1050350587,10,1.0,0,0,0,0,0,0,512,0,0,512,0,0,279,0,0,233,0,0,512,18.570234298706055,86.54757690429688,0,0
72,A,72,0.0038772504776716232,0.08317357301712036,nan,nan,512,0,0.0038772504776716232,0.08317357301712036,all_rows,512,0,0.005671636201441288,0.04453125,-0.02065304764546454,0.003442444710526615,0.15823806903790683,fedd01411a86758571e2a8a89cd4aada:0:0,1ead4c0be4bd72ad6d7ed333475237aa:0:0,3a1b9e5b1b0287fb7e7e1629a83686b7:0:0,818d27b5decdb0a7ea1adf1d4736410e:0:2583425449,baa72940d5ac15c3cc88b5d91e24e882:0:1919364643,10,1.0,0,0,0,0,0,0,512,0,0,512,0,0,250,0,0,262,0,0,512,18.294078826904297,86.17146301269531,0,0
73,A,73,0.0028939424082636833,0.0835028812289238,nan,nan,512,0,0.0028939424082636833,0.0835028812289238,all_rows,512,0,0.005918615497648716,0.0357421875,-0.018924524914473294,0.003466406895313412,0.1602621249621734,716888cc9aa9bed0f576dd282f3176da:0:0,40b3b6f5749ef2d09b424b09e19e1535:0:0,9fb9ee74b457f5e6e0b0e4e0c37c3353:0:0,60fd4b78966ab4c3fff6b7f6e339250e:0:1402064287,376e68ad7ea03d9854e24b3fd528036a:1:4153613409,10,1.0,0,0,0,0,0,0,512,0,0,512,0,0,252,0,0,260,0,0,512,17.821897506713867,86.10923767089844,0,0
74,A,74,0.004847425501793623,0.08502890169620514,nan,nan,512,0,0.004847425501793623,0.08502890169620514,all_rows,512,0,0.005284490529447794,0.0400390625,-0.01951717920601368,0.0035528748761862517,0.1570527940057218,de2a59264106ba4ad5ad358628ce42da:0:0,f048a2c6b39db5e751199395407fca37:0:0,66ca83bd1fcb9189ec897717e641344b:0:0,d3cf8fc906b1b930415085906cfc090e:0:4037383844,549b9151f1dda27f12de5068e26ebf75:1:2565362226,10,1.0,0,0,0,0,0,0,512,0,0,512,0,0,247,0,0,265,0,0,512,17.265357971191406,86.1153335571289,0,0
75,A,75,0.008401240222156048,0.0927770733833313,nan,nan,512,0,0.008401240222156048,0.0927770733833313,all_rows,512,0,0.0053209904581308365,0.03046875,-0.019739527627825736,0.0042822985327802595,0.16351692692842335,54ca990a69e9beb210d2540e89ab0eda:0:0,c1c32420d3ca76557431b6d8b3390287:0:0,4648a244b8c4dc4f67afe40572d67b42:0:0,1a154e0a30a1f96d91312b4de47eed0e:0:2385285525,e4871e359ae9dee0b13a18780d81996e:1:3733137099,10,1.0,0,0,0,0,0,0,512,0,0,512,0,0,258,0,0,254,0,0,512,16.805646896362305,85.85694122314453,0,0
76,A,76,-0.007074572611600161,0.08475495874881744,nan,nan,512,0,-0.007074572611600161,0.08475495874881744,all_rows,512,0,0.006155580282211304,0.0357421875,-0.023242997657507657,0.0035647152224555613,0.16375097702257335,3bb7b69b82808438b9c21b0d51c7dada:0:0,753c40b4e3966f612cdcfcd32e1ba2cb:0:0,70754fee1e29d857f79f7fac4e661471:0:0,00163c33224a75b944074c9349c1d10e:0:1141993632,e70da83621f0a6599d19cd77e9969fb0:1:171090148,10,1.0,0,0,0,0,0,0,512,0,0,512,0,0,281,0,0,231,0,0,512,16.333282470703125,85.49795532226562,0,0
77,A,77,0.0076670218259096146,0.08644963055849075,nan,nan,512,0,0.0076670218259096146,0.08644963055849075,all_rows,512,0,0.006427911575883627,0.044921875,-0.020619842829182743,0.0037268746295012535,0.15899162204004824,d8cdc8b1c6d7d59bc3e7acce8124a6da:0:0,7b7d651384d084c4b7aa9c37cd553c43:0:0,0c57d35f5f0581b1eb3d45141fed3d1f:0:0,7d0d5542b368b96103a74cc49cc4b50e:0:1599609054,b0da3ae7ab0d0d8fd95e0191082511f5:1:3077190273,10,1.0,0,0,0,0,0,0,512,0,0,512,0,0,254,0,0,258,0,0,512,16.496984481811523,84.75678253173828,0,0
78,A,78,0.01201725471764803,0.09050260484218597,nan,nan,512,0,0.01201725471764803,0.09050260484218597,all_rows,512,0,0.006167510990053415,0.0494140625,-0.01976362317800522,0.004032733594067394,0.16777657892089337,5719d433d150f87acf3d6b9e17c172da:0:0,12fb5604153d850f8f146dfcc4433cfd:0:0,4b43edc3ba4683b3e642786346de0cae:0:0,75983f8d1c917ed6b34b4f45dd87990e:0:146226886,5c980a8fd477deaba39c7d37e0715f66:0:218340350,10,1.0,0,0,0,0,0,0,512,0,0,512,0,0,271,0,0,241,0,0,512,15.981008529663086,84.27996063232422,0,0
79,A,79,-0.0020478416699916124,0.08293204754590988,nan,nan,512,0,-0.0020478416699916124,0.08293204754590988,all_rows,512,0,0.007014354690909386,0.03125,-0.020270332833752035,0.003416685026604682,0.16201159404590726,958e922db8dacceff44cf9c8159e3eda:0:0,7ffc5a07c53ce8fd5ce9dd72f0291e02:0:0,396b7d81be8ef3616b51af888330c809:0:0,1adfc6d9bd4731845393377b0c0a7d0e:0:690303942,8369130bb298d3674561d8928bfe3e1a:0:963046781,10,1.0,0,0,0,0,0,0,512,0,0,512,0,0,246,0,0,266,0,0,512,15.66592788696289,83.70478820800781,0,0
80,A,80,0.007565988227725029,0.08560130000114441,nan,nan,512,0,0.007565988227725029,0.08560130000114441,all_rows,512,0,0.009060364216566086,0.07421875,-0.02431633616797626,0.00363045996055007,0.16443154506850988,be59fb3bbb3aa467902f39987abb0ada:0:0,3b8b40fcb2bbdfdf2ce0b8b00e4f5522:0:0,168557dc408837a969ddefb79828c4c6:0:0,109ae99d25624d5fe684a8c8284d610e:0:526509077,8191ee61dfc0fe4cbd7c16c4e73b5ea7:0:956014827,10,1.0,0,0,0,0,0,0,512,0,0,512,0,0,265,0,0,247,0,0,512,15.277860641479492,83.33570098876953,0,0
81,A,81,-0.04874144494533539,0.1141778826713562,nan,nan,512,0,-0.04874144494533539,0.1141778826713562,all_rows,512,0,0.004351758398115635,0.0326171875,-0.012156014563515782,0.004378664679825306,0.1636415880639106,6af750bcb0b0cfb8108c4d5b4717d6da:0:0,bc1236fba540d7262eb67235ed3b2023:0:0,091e843fe96d33f9be9af25e56538e34:0:0,300dc5f1362f9c3f538b06913250450e:0:2467706988,d68cc418408a95df5176e9addb04da6c:1:3513625820,10,1.0,0,0,0,0,0,0,512,0,0,512,0,0,255,0,0,257,0,0,512,14.990053176879883,82.61015319824219,0,0
82,A,82,-0.00278625451028347,0.08066445589065552,nan,nan,512,0,-0.00278625451028347,0.08066445589065552,all_rows,512,0,0.006522673647850752,0.0326171875,-0.016362113179638982,0.003171290410682559,0.16065163898747414,f5589c1fc644e479bf9b975c7ab4a2da:0:0,9c4c79ec2f43a5836a087cd5f7ced89b:0:0,c4efd233e0f34918d3c5517266cc1c38:0:0,32ca6442efa850ec4b77743a2a13290e:0:2653395921,eb13657e5a0f46a7737960d7cd91f1ab:0:444688997,10,1.0,0,0,0,0,0,0,512,0,0,512,0,0,248,0,0,264,0,0,512,14.686076164245605,82.26551055908203,0,0
83,A,83,0.015139534138143063,0.0859367623925209,nan,nan,512,0,0.015139534138143063,0.0859367623925209,all_rows,512,0,0.0056147221475839615,0.0404296875,-0.01885703350417316,0.0037057992070913316,0.16176625806838274,91d4a8803c05b99e9023b9e815916eda:0:0,f9f5970d1013ed6ca3154f91d4e93268:0:0,2ba5fc3395bd1f99b0c90e4161ab4423:0:0,9b02f3033e27fff82c80d5270f960d0e:0:2428946379,a85c28bf2d10c4908e170de48a048d3e:0:1458160914,10,1.0,0,0,0,0,0,0,512,0,0,512,0,0,243,0,0,269,0,0,512,14.338089942932129,81.83506774902344,0,0
84,A,84,0.003838482080027461,0.07606051862239838,nan,nan,512,0,0.003838482080027461,0.07606051862239838,all_rows,512,0,0.006171751767396927,0.0298828125,-0.014843219565227628,0.0028649829444475474,0.1611664949450642,ef2b52a124891b49e97a974a17ae3ada:0:0,20d225ae2a2d76b2394674fb9f5946ec:0:0,138e3639d836b56d050aa2e4f1b2d483:0:0,9e6b7ffddd04764fe643ccbbe2d8f10e:0:2357180686,6aeceac7084796e8983dc469eaf7ceb6:0:2887129020,10,1.0,0,0,0,0,0,0,512,0,0,512,0,0,236,0,0,276,0,0,512,14.012927055358887,81.5621337890625,0,0
85,A,85,-0.005637391936033964,0.07851096242666245,nan,nan,512,0,-0.005637391936033964,0.07851096242666245,all_rows,512,0,0.0034575718455016613,0.056640625,-0.012028675666078925,0.003067199303768575,0.1595654129050672,6929af3a62f735e8738551ce810b06da:0:0,29b87074e844a7559f3dc8ea386e4004:0:0,3d73e5b92eb04e6292497908147ffa4c:0:0,79bc994f226b6d8fddc2be5ca3dbd50e:0:113435142,2da3da1fc6a8083076fd490a7240fd8e:0:3083561938,10,1.0,0,0,0,0,0,0,512,0,0,512,0,0,261,0,0,251,0,0,512,13.481099128723145,81.40569305419922,0,0
86,A,86,0.0025590788573026657,0.0865095779299736,nan,nan,512,0,0.0025590788573026657,0.0865095779299736,all_rows,512,0,0.006937689147889614,0.0439453125,-0.013542620709631591,0.0037412744015455244,0.15988355001900345,5e81f76764edb887e2b84bc151a7d2da:0:0,2a3346c89c8ab03af91c2fc688500332:0:0,a5748e5a3effe53628187a19b6952a42:0:0,33a0814748ea1e17d165cd6d529eb90e:0:1906191444,a74e0cb1515c9f7714dc1ee188bf5fc8:0:678228448,10,1.0,0,0,0,0,0,0,512,0,0,512,0,0,263,0,0,249,0,0,512,13.257753372192383,81.13188934326172,0,0
87,A,87,0.01036385539919138,0.07643073052167892,nan,nan,512,0,0.01036385539919138,0.07643073052167892,all_rows,512,0,0.006353195756673813,0.0443359375,-0.012672361568547785,0.002862947096582502,0.16187588009051979,fa8866e75586ae6ec417276e89849eda:0:0,f4726b96f3ea132cf8ebf5a56e523089:0:0,5ce2a0c2f004cf4118b8d497fdd30db6:0:0,43f1c5df8b02aedebcfadd51ef219d0e:0:869334795,78fb25782adb48e28b84575f78e00132:1:1223501635,10,1.0,0,0,0,0,0,0,512,0,0,512,0,0,264,0,0,248,0,0,512,13.121859550476074,80.27313995361328,0,0
88,A,88,-0.005135658197104931,0.08168087154626846,nan,nan,512,0,-0.005135658197104931,0.08168087154626846,all_rows,512,0,0.005502799525856972,0.04609375,-0.013933769520372152,0.0033088806667365134,0.16411500109825283,c6f63fbdc6cf0ff44934c72228a16ada:0:0,42d138084c20b56cb37722d83cbfaf2d:0:0,4a85ffa4c32d1e87efea811cf0c06f73:0:0,9d7415bb25338306bdb5916e7964810e:0:2864229892,caf11664290011a8beb4bba9c1ef7816:0:1802730043,10,1.0,0,0,0,0,0,0,512,0,0,512,0,0,261,0,0,251,0,0,512,12.865639686584473,79.47493743896484,0,0
89,A,89,-0.00778740830719471,0.07618404924869537,nan,nan,512,0,-0.00778740830719471,0.07618404924869537,all_rows,512,0,0.007168430835008621,0.03515625,-0.014759185397997499,0.0028933412628248333,0.1640014429576695,a7d6faa20ef90a9814334d282efe36da:0:0,8b39e1d9a817fe22cef183822a83fbe5:0:0,6d3b41831edf3b735ebbd309de420198:0:0,0a571a0412d46530f62f4d26f167650e:0:3206419912,cfdedb254d6b91b85d75da7a2d07d534:0:1613491213,10,1.0,0,0,0,0,0,0,512,0,0,512,0,0,260,0,0,252,0,0,512,12.90954875946045,78.82125854492188,0,0
90,A,90,0.01618289388716221,0.08850621432065964,nan,nan,512,0,0.01618289388716221,0.08850621432065964,all_rows,512,0,0.0065567996352910995,0.037109375,-0.01903814831748605,0.0038012285018339752,0.16001688898541033,83994b8ad696005a03c41bcc9c9b02da:0:0,d34c9a5404831eb72b82d77a9d893d67:0:0,6cd1b071a648e33377e06218d0acb5ec:0:0,749eedc91a2d9091726733df572a490e:0:1748946168,f33f7ad868ccac53921a181c51b2dfb0:1:307637315,10,1.0,0,0,0,0,0,0,512,0,0,512,0,0,256,0,0,256,0,0,512,12.782134056091309,78.38091278076172,0,0
91,A,91,0.0009975000284612179,0.07924989610910416,nan,nan,512,0,0.0009975000284612179,0.07924989610910416,all_rows,512,0,0.004240536130964756,0.03046875,-0.014947737054899334,0.0031268534949049354,0.16426433599554002,d2260d8295243e51ff27d55b7177ceda:0:0,cc181660ed8fa0a5b9bfda125b1d2831:0:0,e3a0d82edbab3c264c2d54653b5efec7:0:0,60be80d87c2c97c30bc228fbaaad2d0e:0:2176503147,f68e8d4429c376ccf122df93ae72c6e6:1:1029871292,10,1.0,0,0,0,0,0,0,512,0,0,512,0,0,278,0,0,234,0,0,512,12.450156211853027,77.5709228515625,0,0
92,A,92,-0.004764828830957413,0.07652318477630615,nan,nan,512,0,-0.004764828830957413,0.07652318477630615,all_rows,512,0,0.006760431453585625,0.040234375,-0.015809507574886084,0.0029218006529845297,0.16219219798222184,a71a60d0f93c6a87c22e5c20ad949ada:0:0,7675fc010a00440a49a477c871cb8a01:0:0,64418577af29b7d0df6922e20171e558:0:0,6005cd685c1b295b4d0acfdfebf0110e:0:3946337581,e92ab1de28b6c96ae8edf3293ec4f34f:0:1909505477,10,1.0,0,0,0,0,0,0,512,0,0,512,0,0,233,0,0,279,0,0,512,12.678552627563477,76.70027923583984,0,0
93,A,93,0.005497648846358061,0.08240798115730286,nan,nan,512,0,0.005497648846358061,0.08240798115730286,all_rows,512,0,0.008885323069989681,0.0486328125,-0.014769069757312537,0.003373775922227651,0.16122163890395314,8c104a6479aaa90aa936d26850f166da:0:0,68995e948396f416768b953cf07af4ff:0:0,ecfe26d19485fdc58e6f1bae9e0585ac:0:0,5fc04533b3bbb23e56718bf01af2f50e:0:2458804243,f9dedce742df3c33166338d7569276d3:1:3203895488,10,1.0,0,0,0,0,0,0,512,0,0,512,0,0,248,0,0,264,0,0,512,12.316632270812988,76.13777160644531,0,0
94,A,94,-0.0006218011840246618,0.07767796516418457,nan,nan,512,0,-0.0006218011840246618,0.07767796516418457,all_rows,512,0,0.0028539258055388927,0.0177734375,-0.009192869905382395,0.002990871376823634,0.1622188569745049,af81f3468cbf78497d2f9a7e5b8e32da:0:0,49d7d55fee2e8f3c2423d6eb5aabe4c5:0:0,9f5b2f7c1d700eaa8bcc10769128f26f:0:0,46bf3c08682fddb2c18c809037b5d90e:0:39732121,746c0f8810949677e1207dcec120841b:1:2376110948,10,1.0,0,0,0,0,0,0,512,0,0,512,0,0,283,0,0,229,0,0,512,12.8663911819458,75.1449966430664,0,0
95,A,95,0.008534071035683155,0.08232751488685608,nan,nan,512,0,0.008534071035683155,0.08232751488685608,all_rows,512,0,0.0038188593462109566,0.0640625,-0.011103004612959922,0.0033728307927958666,0.16276178392581642,928742c4432444aa3f9656aecd6afeda:0:0,18411fa4fd222f13dbff56e5db2ff5d4:0:0,d9614e77d01fdf1adfeaa5939656fccf:0:0,1b505b18d40cf335855791244238bd0e:0:4000849704,cac63bfdf532037247d0e0ae6cf9a1f8:0:3067405938,10,1.0,0,0,0,0,0,0,512,0,0,512,0,0,268,0,0,244,0,0,512,12.581730842590332,74.88896179199219,0,0
96,A,96,-0.0005854591145180166,0.08472242206335068,nan,nan,512,0,-0.0005854591145180166,0.08472242206335068,all_rows,512,0,0.003982257563620806,0.0568359375,-0.012891701515763998,0.003579583379905671,0.16441346099600196,82b3f5d4437fb361f677e945a687cada:0:0,ca11099f72fb3cf69b49641f8a17293a:0:0,90afa0ef14f28bae76820616ced0df2e:0:0,bd0951b8db02120dda3461103a7ba10e:0:1632748275,f26668489446615bf1d943277767138b:0:1005762302,10,1.0,0,0,0,0,0,0,512,0,0,512,0,0,272,0,0,240,0,0,512,12.231679916381836,74.69059753417969,0,0
97,A,97,-0.0042799380607903,0.08691991865634918,nan,nan,512,0,-0.0042799380607903,0.08691991865634918,all_rows,512,0,0.005393330007791519,0.0513671875,-0.008211928512901067,0.003721855697222054,0.16230837698094547,d4f58a226435a48c7870748ee6e496da:0:0,34746d08f603332a5d84442f27491620:0:0,6b193c250523730e7ab0cdfc8fee920e:0:0,e62005845b744aa11dea53b8207e850e:0:3844808253,c6fe694eea503483c6eb8a71c4a8ba96:0:4053768060,10,1.0,0,0,0,0,0,0,512,0,0,512,0,0,266,0,0,246,0,0,512,12.225378036499023,73.799560546875,0,0
98,A,98,0.005030511878430843,0.07966984063386917,nan,nan,512,0,0.005030511878430843,0.07966984063386917,all_rows,512,0,0.008926695212721825,0.058984375,-0.008808683464303612,0.003147757996339351,0.16197567898780107,09bc5308608eec8438ab5ad68e8162da:0:0,9120e8364639ef761af5ecbb92eebccb:0:0,97dd71b78d6da1647114ff7db0f5e7fa:0:0,74f9754292749586b7a68c7ff441690e:0:833610822,c76c646562e10834bcef275d2685ab03:1:2711364146,10,1.0,0,0,0,0,0,0,512,0,0,512,0,0,263,0,0,249,0,0,512,11.958869934082031,72.99327850341797,0,0
99,A,99,-0.005997384432703257,0.08343131840229034,nan,nan,512,0,-0.005997384432703257,0.08343131840229034,all_rows,512,0,0.0034348242916166782,0.01171875,-0.011542310821823776,0.0034439411363564433,0.16264654602855444,c939da9a6694c47a12e33e689d5e2eda:0:0,4ea1265ab71339fffac21f3df56ff7d8:0:0,9c9109263c2b2762d90b9e3c349d285e:0:0,bdf1572fc673a85bfbfbeecbb5c44d0e:0:1942546287,ce19cfbbc3c14344b3160e8aef440b98:1:4163249552,10,1.0,0,0,0,0,0,0,512,0,0,512,0,0,271,0,0,241,0,0,512,11.665132522583008,72.48788452148438,0,0
100,A,100,0.004499984905123711,0.07549795508384705,nan,nan,512,0,0.004499984905123711,0.07549795508384705,all_rows,512,0,0.004216593224555254,0.047265625,-0.011640877230092883,0.0027290953090414404,0.16487892996519804,075048cd7aebf24d17620191137afada:0:0,cde835c92319c0e150d5b4d6534a6e6f:0:0,51213135f9d8e9a85dcc12a962280b3b:0:0,a4d934ac4d17a85810e31dff6507310e:0:2845050956,6b80071475d367c1e3474ca64423eeb9:1:2082627106,10,1.0,0,0,0,0,0,0,512,0,0,512,0,0,235,0,0,277,0,0,512,11.637478828430176,72.06127166748047,0,0
101,A,101,-0.08053545653820038,0.16499470174312592,nan,nan,512,0,-0.08053545653820038,0.16499470174312592,all_rows,512,0,0.0030242425855249166,0.044921875,-0.0033251225017011166,0.007809082081075757,0.16320591792464256,a132ee9ceffba7a25700c69bf0d7c6da:0:0,f93364c0eded530f6aaf3b378b1761fe:0:0,49c918fad720c3bb06584c4b37fa3780:0:0,4b0f62a5c097ba9fd1ba7d7f020a150e:0:1810130605,740f51f777e0e6e70240d36df2c8b6b3:0:692224675,10,1.0,0,0,0,0,0,0,512,0,0,512,0,0,263,0,0,249,0,0,512,11.582212448120117,71.8650894165039,0,0
102,A,102,-0.0007116150809451938,0.10069873183965683,nan,nan,512,0,-0.0007116150809451938,0.10069873183965683,all_rows,512,0,0.011575261130928993,0.0712890625,-0.0117109096609056,0.004945917474105954,0.16119293705560267,71ef42f36dac183caf27efd5357492da:0:0,41c2263ca3415934f7f19de842db695f:0:0,05250205c74343763862b89331513160:0:0,0814b764f9017259b34630ae8cccf90e:0:4006912498,6a853adb73f30fd3ae85e8d151914a31:0:2559670449,10,1.0,0,0,0,0,0,0,512,0,0,512,0,0,245,0,0,267,0,0,512,11.35072135925293,72.29480743408203,0,0
103,A,103,0.016710039228200912,0.08830118924379349,nan,nan,512,0,0.016710039228200912,0.08830118924379349,all_rows,512,0,0.005950555205345154,0.0447265625,-0.008527398156002165,0.0038782298448495566,0.16076574998442084,365f9afb4708c79495cf1f88e1515eda:0:0,9ee23d608a2f882cbaa1034140b5af4b:0:0,a7a24bda0080c4e92ea957d22c56fa0d:0:0,f4f343c11dcc1c81a7b01af2054fdd0e:0:2585446808,36bca16e7507f72f4e296ac4eb512d01:0:3514025134,10,1.0,0,0,0,0,0,0,512,0,0,512,0,0,258,0,0,254,0,0,512,11.028636932373047,71.36528015136719,0,0
104,A,104,-0.0029581929557025433,0.09411759674549103,nan,nan,512,0,-0.0029581929557025433,0.09411759674549103,all_rows,512,0,0.006369579583406448,0.051953125,-0.01147471172735095,0.0044108809437602755,0.16252390400040895,aba5af591b128dafe57d3802f46e2ada:0:0,84a827bf87b6ce9e83072b997ec5e1c5:0:0,bc3e700b9cc9b74502f11465a939356f:0:0,5c589f0de41de97d0287dfad6b92c10e:0:508618429,0d0113a13cd7856d857957775d5ebe40:1:2970552474,10,1.0,0,0,0,0,0,0,512,0,0,512,0,0,253,0,0,259,0,0,512,10.853143692016602,71.02144622802734,0,0
105,A,105,-0.0014481935650110245,0.07952496409416199,nan,nan,512,0,-0.0014481935650110245,0.07952496409416199,all_rows,512,0,0.006832547951489687,0.0419921875,-0.008374555222690105,0.0031456241267733276,0.1570413550361991,247a93b2fe0d5339a9485b8f6ecaf6da:0:0,9d94d78c142043e8244b5987e8dadfa9:0:0,866595350e173b7aea17b1f019ce1979:0:0,afbb8270ce26f46e5cc2e244bf95a50e:0:109983338,0c27fb7a8a783dc68447280f0dfec2ec:1:1359747694,10,1.0,0,0,0,0,0,0,512,0,0,512,0,0,238,0,0,274,0,0,512,10.696877479553223,70.23497009277344,0,0
106,A,106,0.002494973596185446,0.08676749467849731,nan,nan,512,0,0.002494973596185446,0.08676749467849731,all_rows,512,0,0.005172299686819315,0.0390625,-0.009825513791292905,0.0037534583010710777,0.15947714494541287,68a425c5a89584d9e8d5ec7a5067c2da:0:0,37f48da5d41530dd98bcfec23f321be4:0:0,881f524ca232afd45aca9d4dea2457cf:0:0,02fe819efff6284978bc461c0158890e:0:2051196802,33eca6131b592f605217954e13bfa314:0:3343261619,10,1.0,0,0,0,0,0,0,512,0,0,512,0,0,252,0,0,260,0,0,512,10.535433769226074,70.19561767578125,0,0
107,A,107,-0.0016499762423336506,0.08541304618120193,nan,nan,512,0,-0.0016499762423336506,0.08541304618120193,all_rows,512,0,0.007372596766799688,0.0990234375,-0.011300445045344531,0.003634854720439762,0.16849655890837312,15f5252869c93dcd745a8d0f99448eda:0:0,01081087ac874392b6432a3597d2cded:0:0,de7c8431909573234179d53b9d46b11b:0:0,5180a45afe2c02a72634ee9730db6d0e:0:1996134267,0d40e980462804f939464e4ef937a04b:0:1182848249,10,1.0,0,0,0,0,0,0,512,0,0,512,0,0,258,0,0,254,0,0,512,10.646308898925781,69.2891845703125,0,0
108,A,108,0.011291857808828354,0.08428744971752167,nan,nan,512,0,0.011291857808828354,0.08428744971752167,all_rows,512,0,0.006999339908361435,0.0646484375,-0.007605667808093131,0.003517414256930351,0.16267650201916695,f2a51cbfd9d129bdb09a1f9b49615ada:0:0,7effff63ab8f787ec85d5457b1eceb51:0:0,2ee626fcec53b404725b6f6b3a4533b4:0:0,bf307d5f6aef345926537f1a4e1e510e:0:76171746,455e9ffffb4a93320d5ac65c67f7d0b9:0:2714084354,10,1.0,0,0,0,0,0,0,512,0,0,512,0,0,266,0,0,246,0,0,512,10.26651382446289,69.69437408447266,0,0
109,A,109,-0.0034754243679344654,0.08589255064725876,nan,nan,512,0,-0.0034754243679344654,0.08589255064725876,all_rows,512,0,0.007756111212074757,0.0794921875,-0.007647379918489605,0.0036344925058074294,0.16107619600370526,b4c80abe8a151dd862e7c66960be26da:0:0,acb8ffe92c20bd965653921dc70ebc7f:0:0,045f439a29e33ee6696cdf945dbd0199:0:0,73bf18b995871fbe0fa45b095921350e:0:3395463943,65ac4d2845b326a370ae8264270318b8:1:1478430090,10,1.0,0,0,0,0,0,0,512,0,0,512,0,0,262,0,0,250,0,0,512,10.564175605773926,68.92469024658203,0,0
110,A,110,0.005530812777578831,0.08567000180482864,nan,nan,512,0,0.005530812777578831,0.08567000180482864,all_rows,512,0,0.005344576667994261,0.0708984375,-0.010513476887717843,0.003637666977010667,0.16036595206242055,b97b43f2306869277d25e3c5df5af2da:0:0,a0e28207316cb4ce46ac3a36b099392d:0:0,ac4a0a79ad9fb94397509ff2741fe445:0:0,633dbcec710034d53219a5c851e4190e:0:3828210513,1fcdf58e87a0af65ba55d0c44007bbef:0:357249098,10,1.0,0,0,0,0,0,0,512,0,0,512,0,0,279,0,0,233,0,0,512,10.196722984313965,68.11490631103516,0,0
111,A,111,-0.004101868718862534,0.08294495940208435,nan,nan,512,0,-0.004101868718862534,0.08294495940208435,all_rows,512,0,0.006638567429035902,0.0484375,-0.010029926570132375,0.0034303351072594523,0.16093507804907858,073d6afb0a79dc28e9c619fcc537beda:0:0,633329d2351513f54dfcca060d8c0f0b:0:0,0dcb0a99becd8fd2edcbac73be8a407f:0:0,2403ff8a463e2b127b0b42bb3866fd0e:0:237995102,8cb35ab7605e877ee256bdf74054623d:1:67198120,10,1.0,0,0,0,0,0,0,512,0,0,512,0,0,274,0,0,238,0,0,512,10.259313583374023,67.3916015625,0,0
112,A,112,0.0007234136573970318,0.0918937623500824,nan,nan,512,0,0.0007234136573970318,0.0918937623500824,all_rows,512,0,0.006800824776291847,0.0341796875,-0.009768241178244352,0.004214656993281096,0.1571543690515682,c91a7bea76d387a657c94b5a12548ada:0:0,618314ed64894e80033e635aaf9a0556:0:0,10a4d7460c64f00f2689b04dd0b8b5fd:0:0,a373174935e018f25936d5460ca9e10e:0:255412729,00f3439042a2fb9f7d1d247aa719443a:0:2112776170,10,1.0,0,0,0,0,0,0,512,0,0,512,0,0,269,0,0,243,0,0,512,9.92514419555664,66.95063781738281,0,0
113,A,113,0.0001059946371242404,0.08141174167394638,nan,nan,512,0,0.0001059946371242404,0.08141174167394638,all_rows,512,0,0.001963246613740921,0.02265625,-0.004705563769675791,0.003273599804379046,0.15892214397899806,3b1ae0a500b632cd06bf9a29c6b156da:0:0,a2b443059c4dcecca680090a09951d3e:0:0,e4dd115836b326ed7281f3132c318191:0:0,efc7a2ec5e5a694da0bfc0ccceacc50e:0:4010558482,82c57510894ed7dd0a3a4ad3277f1c78:1:2922498981,10,1.0,0,0,0,0,0,0,512,0,0,512,0,0,272,0,0,240,0,0,512,10.19935131072998,66.23796844482422,0,0
114,A,114,0.0033418219536542892,0.08305632323026657,nan,nan,512,0,0.0033418219536542892,0.08305632323026657,all_rows,512,0,0.010483263991773129,0.048046875,-0.009889548877254128,0.0034132567467167973,0.15926592703908682,cafd42435c1c888592c868b7e24e22da:0:0,e80f2a9950602ce2a902c18e1695481a:0:0,b5cf9b9cc180292959eda67f11cbad3f:0:0,326c4db13aaaae6d6f2f28b37e6fa90e:0:1983239222,4752c5b3752e2bf8d502559731e76ec0:0:2728151336,10,1.0,0,0,0,0,0,0,512,0,0,512,0,0,259,0,0,253,0,0,512,10.09101390838623,66.01506805419922,0,0
115,A,115,0.0018403559224680066,0.08618372678756714,nan,nan,512,0,0.0018403559224680066,0.08618372678756714,all_rows,512,0,0.004008681979030371,0.0169921875,-0.004719470255076885,0.00371365750906989,0.15712515194900334,01ee578d0f31fc0bc0925950652aeeda:0:0,c6cf93d0f7a8d7e39ff075832f6bf7cc:0:0,3d3be2f4b2a8dc35c9b1068367b0af5a:0:0,29e5cf468e0952df0f73f05e1bf28d0e:0:4098467215,4762f886da2895f17762f93a5fb9a78c:0:2571016192,10,1.0,0,0,0,0,0,0,512,0,0,512,0,0,283,0,0,229,0,0,512,10.15153694152832,65.46875762939453,0,0
116,A,116,0.0034319721162319183,0.08027602732181549,nan,nan,512,0,0.0034319721162319183,0.08027602732181549,all_rows,512,0,0.010666255839169025,0.051953125,-0.007356046931818128,0.003205012739636004,0.1576170800253749,abf04886c68964c6495b4e3f4f47bada:0:0,b599ce8ddc134a09cd90a80b18f535f4:0:0,bb8624f6c5b1074f4244f96dc98a9d82:0:0,c23bbea7f0fd2807dde2bb30a735710e:0:93804488,d66920775c9f514a2bdaca82b3c1bf3f:0:2673323898,10,1.0,0,0,0,0,0,0,512,0,0,512,0,0,241,0,0,271,0,0,512,9.965128898620605,65.04826354980469,0,0
117,A,117,-0.005170038901269436,0.08453107625246048,nan,nan,512,0,-0.005170038901269436,0.08453107625246048,all_rows,512,0,0.01026921160519123,0.0259765625,-0.003546303743496537,0.0035564453806728124,0.15976439602673054,a73462ed915f515ea6f069d0a0a486da:0:0,92a37970ae0b8518571da50ea3fbada8:0:0,054ae85f93ae24c26c4e81e2c2ece125:0:0,a4718c8ed434d2792c35ec8f2038550e:0:16385603,9d1836b617cc1362eb72be7a6db3dcd8:0:2566193055,10,1.0,0,0,0,0,0,0,512,0,0,512,0,0,272,0,0,240,0,0,512,9.938989639282227,64.14231872558594,0,0
118,A,118,-0.004175045993179083,0.07784894853830338,nan,nan,512,0,-0.004175045993179083,0.07784894853830338,all_rows,512,0,0.007791045121848583,0.0484375,-0.007813909323886037,0.0030187045922502875,0.15934083005413413,d80dcb5783341218dfae0e50594152da:0:0,2296c7fedb3b19accd7655e1827d4ef6:0:0,829bdc94415b7419065a6b4f0e5ec72d:0:0,86f7bb7f8d8a1404258da7dd86fb390e:0:95983237,e598950c1efd025b15e58b40dbd9cdef:0:1049568866,10,1.0,0,0,0,0,0,0,512,0,0,512,0,0,263,0,0,249,0,0,512,9.4711332321167,65.20230865478516,0,0
119,A,119,0.01147188525646925,0.08846267312765121,nan,nan,512,0,0.01147188525646925,0.08846267312765121,all_rows,512,0,0.004834495019167662,0.0162109375,-0.0054253384470939634,0.0038363329251296817,0.16110336896963418,f49a929178097a6b527fde0a791e1eda:0:0,4c89f900e821a8223fddf9bde44fb50a:0:0,1fcc2a09e4fca6646a5dda1d85bed3e9:0:0,7fb710cec392f38db26fd07fdb7e1d0e:0:836361479,95624c6b3fa54797dbb7db6ca0ac9259:0:1022906030,10,1.0,0,0,0,0,0,0,512,0,0,512,0,0,273,0,0,239,0,0,512,9.183272361755371,64.30213165283203,0,0
120,A,120,-0.002432476030662656,0.08654908090829849,nan,nan,512,0,-0.002432476030662656,0.08654908090829849,all_rows,512,0,0.011660425923764706,0.1080078125,-0.014349063951522112,0.003750229126308113,0.1624430709052831,3d0a1eb0f89059d682e0bb4b003aeada:0:0,8105911eab6094527444fca64e71aade:0:0,9771846d71131a4cef99037461de7f1c:0:0,623603514c24c2a25cc809da1dc1010e:0:3854806078,5717b2b6b2d52284387590a85695a22f:0:67459963,10,1.0,0,0,0,0,0,0,512,0,0,512,0,0,257,0,0,255,0,0,512,8.945366859436035,64.29035949707031,0,0
121,A,121,-0.04631426930427551,0.12922459840774536,nan,nan,512,0,-0.04631426930427551,0.12922459840774536,all_rows,512,0,0.006154077593237162,0.063671875,-0.001966757234185934,0.005963292811065913,0.16147067490965128,c9c42b307b91abfce4dac85dee97b6da:0:0,3607be89134f9a1bf667ef91c4de756e:0:0,b042db2c05a42cbc83f1bfe1b28865ed:0:0,1f1c19be522d00ca33e7b7504dc3e50e:0:2287597405,02844d2c67e113f61af358df6bf2925f:1:410457587,10,1.0,0,0,0,0,0,0,512,0,0,512,0,0,246,0,0,266,0,0,512,9.294333457946777,63.18550109863281,0,0
122,A,122,0.008396108634769917,0.09036299586296082,nan,nan,512,0,0.008396108634769917,0.09036299586296082,all_rows,512,0,0.006741671357303858,0.025390625,-0.002677497616969049,0.003861198085360229,0.16026954806875437,e6e2c34b81df7ffaa907678f443482da:0:0,d13e0c7502f31271bdd779f49218935f:0:0,a7bf3b51daf46fe9410c9c179c1ec698:0:0,f3bf3c2157441c9cb085fc466b86c90e:0:866911859,69e9ae65340f7e90b9f57b575cbbef0a:1:757360308,10,1.0,0,0,0,0,0,0,512,0,0,512,0,0,253,0,0,259,0,0,512,9.325031280517578,62.91911315917969,0,0
123,A,123,0.004544146358966827,0.09348681569099426,nan,nan,512,0,0.004544146358966827,0.09348681569099426,all_rows,512,0,0.00982268713414669,0.06015625,-0.004490726534277201,0.004313025146257132,0.15948927588760853,03b385af4a1996fd888f3b2b01114eda:0:0,910adb9d9e9bb8f3cea0d74c04710c94:0:0,c3bfb2f2c04b584de9e5fe4409076c1e:0:0,ce34310f655e129498bfbc207709ad0e:0:1906696778,43342544b3a9dfceb95b75842b7ff422:0:736950895,10,1.0,0,0,0,0,0,0,512,0,0,512,0,0,259,0,0,253,0,0,512,9.294971466064453,62.64115524291992,0,0
124,A,124,-0.005678797140717506,0.10037128627300262,nan,nan,512,0,-0.005678797140717506,0.10037128627300262,all_rows,512,0,0.005075790919363499,0.058203125,-0.007036508247256279,0.004816839867271483,0.15940361190587282,148938741991ba1c912a257d252e1ada:0:0,3ea30ced83b8304f22df2658a9b5be09:0:0,ca0c1de3345a77e212ac69adde60a763:0:0,6a4d98a884fce9a3e4179a42704c910e:0:740174691,3d341313b3b233de1646d394b7b52478:0:793532133,10,1.0,0,0,0,0,0,0,512,0,0,512,0,0,261,0,0,251,0,0,512,8.87374496459961,62.40738296508789,0,0
125,A,125,-0.0027104790788143873,0.09294115751981735,nan,nan,512,0,-0.0027104790788143873,0.09294115751981735,all_rows,512,0,0.010947996750473976,0.04921875,-0.002854474587365985,0.004250132048036903,0.16112095897551626,ec4e3832579bc76ff11f48d1b08ae6da:0:0,81defe3e92d2abd4500c25e571ad4841:0:0,265acc0565d57aaf184ceb8253643f57:0:0,23cbb4c44c490d879f75fa10574f750e:0:2310848078,edb68d1190c9904a7ea45c3581289eec:0:1650074754,10,1.0,0,0,0,0,0,0,512,0,0,512,0,0,257,0,0,255,0,0,512,9.068962097167969,61.84188461303711,0,0
126,A,126,0.014481420628726482,0.10426852107048035,nan,nan,512,0,0.014481420628726482,0.10426852107048035,all_rows,512,0,0.008139549754559994,0.0671875,-0.00758432406000793,0.005276500806212425,0.16347905399743468,11429ce5f8957668c3450774a327b2da:0:0,f6313cb3b2f5075b52ca1dc2d789ce4d:0:0,1843bb52eb5e4c6ad23a7ee1d869ed16:0:0,177b2efe1b7386dbd128feee2c12590e:0:2922552960,3b1561aac71796bc6df7b4bccf72c32a:0:1448696715,10,1.0,0,0,0,0,0,0,512,0,0,512,0,0,261,0,0,251,0,0,512,8.773138999938965,61.87130355834961,0,0
127,A,127,-0.009625175967812538,0.0983881875872612,nan,nan,512,0,-0.009625175967812538,0.0983881875872612,all_rows,512,0,0.004251253791153431,0.0435546875,-0.0012508261948823928,0.004754063952714205,0.16209145495668054,ec5e0b31f5f1d368db0103b1fd047eda:0:0,1d34d8629fcff4ca89b122c40f03ef05:0:0,f0644cdc906f8409f8878f74bf5e1253:0:0,bde1d2ab5ac610ef5ce48c3fee953d0e:0:3173607590,dbe7dc2b3dad7d0df11d2d705455273f:1:3955584423,10,1.0,0,0,0,0,0,0,512,0,0,512,0,0,249,0,0,263,0,0,512,8.697484016418457,61.0511360168457,0,0
128,A,128,-0.0020947717130184174,0.08804431557655334,nan,nan,512,0,-0.0020947717130184174,0.08804431557655334,all_rows,512,0,0.007232779636979103,0.051953125,-0.006910236878320574,0.003865986689925194,0.1594586509745568,f42d1074d094729a90481fd5be214ada:0:0,7889d97f7d7dcac2a6c838ba0326c6a3:0:0,710d719e1f9e8ecd7019e082d75744e8:0:0,7c1dda1bcec50d57e7c245699ed8210e:0:2688178355,f71ffee95060981f62ec74bde19ae128:1:2946257573,10,1.0,0,0,0,0,0,0,512,0,0,512,0,0,257,0,0,255,0,0,512,8.53080940246582,61.70876693725586,0,0
129,A,129,0.00011774030281230807,0.09798593819141388,nan,nan,512,0,0.00011774030281230807,0.09798593819141388,all_rows,512,0,0.0032511106692254543,0.036328125,-0.00552304791053757,0.004785648279357702,0.16338876297231764,a1f49bfe5ac85a088b9e7e2be67e16da:0:0,257c95bd8ada1e514bb57fb420ffec86:0:0,21ee23e65421245d164a4f90f44a3799:0:0,8886fbd9d6c75545bc418dcf3cdb050e:0:3129414674,45cec4c854c0b5162dd050a8450a2234:1:1267807247,10,1.0,0,0,0,0,0,0,512,0,0,512,0,0,273,0,0,239,0,0,512,8.086820602416992,61.064308166503906,0,0
130,A,130,-0.0037300263065844774,0.08740727603435516,nan,nan,512,0,-0.0037300263065844774,0.08740727603435516,all_rows,512,0,0.005047069396823645,0.068359375,-0.006501641450449824,0.003807550179772079,0.1609049520920962,a1aba796471ea2f592178100761ae2da:0:0,d768ea6744b91d6327cb361c426e663c:0:0,6a51d76ad329b267676d24dba4eed8ed:0:0,be2fd5f62a67e897ae4788d4c89de90e:0:3125134836,003a346ce959f15309df227a4b918019:1:166008342,10,1.0,0,0,0,0,0,0,512,0,0,512,0,0,266,0,0,246,0,0,512,7.915524005889893,60.22883605957031,0,0
131,A,131,0.009389429353177547,0.09157494455575943,nan,nan,512,0,0.009389429353177547,0.09157494455575943,all_rows,512,0,0.0044447071850299835,0.040234375,-0.005236005620099604,0.004129048169124872,0.16211330494843423,ca336d623980d2745155ca9f6cf7aeda:0:0,d106f7812568c5cdc735909de68c09a6:0:0,1ba52e7a7897a37798f48dcaa9565c3b:0:0,625aaac06a357aaeff1f19de4220cd0e:0:364355741,4bd6f2a83700eeddf8d30bcca509ed2c:1:1090284737,10,1.0,0,0,0,0,0,0,512,0,0,512,0,0,255,0,0,257,0,0,512,7.610557556152344,60.151649475097656,0,0
132,A,132,-0.010080019943416119,0.0942474976181984,nan,nan,512,0,-0.010080019943416119,0.0942474976181984,all_rows,512,0,0.004795330576598644,0.0369140625,-0.00307636265642941,0.004303640697617084,0.16151028394233435,0a61a11957c2e93f2b8b3d54cb147ada:0:0,bd8fe559499e111143e0d1065b2c679d:0:0,d2fd124f73aef677700a61d9d5c701a5:0:0,3f0d9ba39803dd034178e44fa963b10e:0:3625647338,665b959b3c792753f6e198e35334046c:1:2794561480,10,1.0,0,0,0,0,0,0,512,0,0,512,0,0,285,0,0,227,0,0,512,7.757732391357422,59.72887420654297,0,0
133,A,133,-0.001495745382271707,0.0898168608546257,nan,nan,512,0,-0.001495745382271707,0.0898168608546257,all_rows,512,0,0.002159831579774618,0.0412109375,-0.0020484903827309607,0.004026457190047949,0.15764679899439216,a02e065297012ad00378fb6c907146da:0:0,09de81bdb390bd10a5b65eceb2c41f28:0:0,858a1496fb9fa1d9b94f3be0076bc105:0:0,9bf0ac334b4347763d6b4b8cfe66950e:0:4275345225,ccc2abf672c1d7f78c7242348050dc32:0:490233426,10,1.0,0,0,0,0,0,0,512,0,0,512,0,0,283,0,0,229,0,0,512,8.1076021194458,59.05636978149414,0,0
134,A,134,0.004191981628537178,0.09074590355157852,nan,nan,512,0,0.004191981628537178,0.09074590355157852,all_rows,512,0,0.005434283055365086,0.0654296875,-0.005586131964810193,0.00409697195282206,0.15812592301517725,a8e56d9a43159bb8086f6732bd0e12da:0:0,3290f75dee6a2ac5084878d2dd539c9c:0:0,d19556b896c1f14565b0d591c2bd8ab5:0:0,5842d8cc35c17e67d47272fa4129790e:0:2686297648,ab7844dfdb754fc47e735c01fc435fad:1:931777924,10,1.0,0,0,0,0,0,0,512,0,0,512,0,0,274,0,0,238,0,0,512,8.083532333374023,59.48356628417969,0,0
135,A,135,0.0009246381232514977,0.09009014815092087,nan,nan,512,0,0.0009246381232514977,0.09009014815092087,all_rows,512,0,0.00837342906743288,0.0484375,-0.0028744632843881847,0.004025906510651112,0.15923441806808114,6ae79dda7d713737824e22f350eadeda:0:0,e41a88f6668cbce1f1c749aee57babd0:0:0,b9ebdc1664dbc71aa47b786d086d32a2:0:0,83bb71804d38d689e5703dfb71ac5d0e:0:1016368007,0a5cb40889c30003f0feb92e92e667e0:1:4272456521,10,1.0,0,0,0,0,0,0,512,0,0,512,0,0,256,0,0,256,0,0,512,8.199374198913574,58.4739875793457,0,0
136,A,136,0.0018885856261476874,0.08323567360639572,nan,nan,512,0,0.0018885856261476874,0.08323567360639572,all_rows,512,0,0.003954311832785606,0.0275390625,-0.0037357836670707913,0.003387499717064202,0.1586515160743147,aa6bf781b0a4dc159d8410fa4c07aada:0:0,c925d12c5113720d34bc41c20ef0ac3b:0:0,f5fe16dbc25114ade005f54409f44220:0:0,1e59b35cae11167430ac4ff48fef410e:0:4099795961,18005e77c651d4c27621a84dcc4c807a:1:3786967000,10,1.0,0,0,0,0,0,0,512,0,0,512,0,0,255,0,0,257,0,0,512,7.778357982635498,59.331058502197266,0,0
137,A,137,-0.00560509879142046,0.0912913903594017,nan,nan,512,0,-0.00560509879142046,0.0912913903594017,all_rows,512,0,0.005786700174212456,0.0671875,-0.006079530797433108,0.004146695078816265,0.16185136104468256,f251b2b135e5f0b8370f5393ae6476da:0:0,d3adc63ad0a501d7917b284e85ce188f:0:0,1389414cf366fd5d25da19f069945f17:0:0,ee36476d0bb635f83bd40c499bf2250e:0:3158926482,d1dbfd4c700b6e6b55c7eaf84f57673c:1:3246081013,10,1.0,0,0,0,0,0,0,512,0,0,512,0,0,254,0,0,258,0,0,512,7.8301100730896,59.3323974609375,0,0
138,A,138,0.005724319256842136,0.0900995060801506,nan,nan,512,0,0.005724319256842136,0.0900995060801506,all_rows,512,0,0.012781504541635513,0.077734375,-0.006163579598069191,0.004066832107491791,0.15857720491476357,ff5c799da9dabe7ba87d4d0b780142da:0:0,a78ae0b1762f427951f94a0fdcb4dea2:0:0,e801be5fd5c84d2f72c55f688bf4660e:0:0,6c20e03642e8fb3535fa965e95b5090e:0:3955115883,01c53927dc5b3bae5105a66ed017db7e:0:1354800969,10,1.0,0,0,0,0,0,0,512,0,0,512,0,0,263,0,0,249,0,0,512,7.812463283538818,58.587425231933594,0,0
139,A,139,0.002285870024934411,0.07943892478942871,nan,nan,512,0,0.002285870024934411,0.07943892478942871,all_rows,512,0,0.011394256725907326,0.084765625,-0.008993424172513188,0.0031294657499529423,0.16353622800670564,76accc29adfa844a93ea9fada8de0eda:0:0,ada65aab3eaaba68c04a5e28cad0b68d:0:0,db91e1dada9deadef4e288045e4989e9:0:0,71efa3b7626d756bdb98d1977d37ed0e:0:4121527898,2e70d03e93d31e5afbade473520b11d8:0:4032478118,10,1.0,0,0,0,0,0,0,512,0,0,512,0,0,250,0,0,262,0,0,512,7.502521514892578,60.00094223022461,0,0
140,A,140,-0.0030037688557058573,0.09795347601175308,nan,nan,512,0,-0.0030037688557058573,0.09795347601175308,all_rows,512,0,0.0013555596815422177,0.0404296875,-0.0011719610774889588,0.004797250544652343,0.16168583394028246,c70511a313cd4075b0032dc640fadada:0:0,63cf844aeb3558c5ca59c9c45dacdbc1:0:0,28586d83a20dcb40b926fedc5a402e22:0:0,65a669563e7b55925a8d6158527ad10e:0:12733983,33429071ee951af656d1a5ab275b5bce:0:327571763,10,1.0,0,0,0,0,0,0,512,0,0,512,0,0,281,0,0,231,0,0,512,7.6357293128967285,58.58573913574219,0,0
141,A,141,-0.04944075644016266,0.1139744371175766,nan,nan,512,0,-0.04944075644016266,0.1139744371175766,all_rows,512,0,0.004705673083662987,0.0251953125,-0.00243128533475101,0.005797015712596476,0.1596351630287245,8ec08169af5731cb940219a14057a6da:0:0,76d76baf32fd2fcab53c27786839e402:0:0,713b51c60275de590ddc4aa2d7913767:0:0,e0c11072635424a8361ca905157db50e:0:3719919478,b1ea8cb6d94825df3e1a476b54021b45:1:3185104035,10,1.0,0,0,0,0,0,0,512,0,0,512,0,0,259,0,0,253,0,0,512,7.44134521484375,58.5960578918457,0,0
142,A,142,0.023753589019179344,0.10100952535867691,nan,nan,512,0,0.023753589019179344,0.10100952535867691,all_rows,512,0,0.005974192172288895,0.0390625,-0.004199493024498224,0.0048636967432685195,0.16155232395976782,25881b264dfc0ff083b1c58aa6f472da:0:0,a84fe2117bc230af59eaa9b0ffcacb01:0:0,32966a60289dabc35ca0da9aea9b1931:0:0,18b655aefb6357ca2af0cc01c640990e:0:281614950,db1540d37d051e97f3ff765dba854db7:1:2832874270,10,1.0,0,0,0,0,0,0,512,0,0,512,0,0,265,0,0,247,0,0,512,7.252383708953857,58.43464279174805,0,0
143,A,143,-0.018928050994873047,0.09689941257238388,nan,nan,512,0,-0.018928050994873047,0.09689941257238388,all_rows,512,0,0.00444856658577919,0.0396484375,-0.003151310887187719,0.004525053058750927,0.16155227308627218,000bc3178f25faf63b6bd3ce74d13eda:0:0,d37f040c4498fff4dfa241c94f1c3d0d:0:0,5d50e7f00031ad87c62cbae165c7a560:0:0,62f79259fd4c42061319adb264c37d0e:0:2403272817,9f84a759fa43486a65ac170cf76d9b28:1:2853854630,10,1.0,0,0,0,0,0,0,512,0,0,512,0,0,261,0,0,251,0,0,512,7.515631675720215,57.679290771484375,0,0
144,A,144,0.012965924106538296,0.09828630834817886,nan,nan,512,0,0.012965924106538296,0.09828630834817886,all_rows,512,0,0.014821624383330345,0.126171875,-0.009491685405373573,0.004709199070930481,0.16009276802651584,94923ed99bfc2233bc1926b8a9ee0ada:0:0,1a441f38daff52c06ac3eb7699017bd9:0:0,c03e95671519bb65d31d2e26e963ed57:0:0,e105baacb649e3eeca0cf17af106610e:0:155964999,8d05bca565fa32e0e2a15af680052203:0:2092950044,10,1.0,0,0,0,0,0,0,512,0,0,512,0,0,257,0,0,255,0,0,512,7.2419281005859375,58.26835632324219,0,0
145,A,145,-0.0011432606261223555,0.09788148105144501,nan,nan,512,0,-0.0011432606261223555,0.09788148105144501,all_rows,512,0,0.004364997148513794,0.030078125,-0.004337373562157154,0.004782074398826807,0.1653032669564709,385242ecfb75225d1731e095464ad6da:0:0,8ee5676ab940569cbdbfc0b0d73fa162:0:0,d8231deab4bb806ceb2d9ef957d4f45a:0:0,7e6cbcf7854498f010a5fabf6b09450e:0:3701193724,e19f590916b88d5d38d260f561f3825b:1:1295645815,10,1.0,0,0,0,0,0,0,512,0,0,512,0,0,257,0,0,255,0,0,512,6.7262444496154785,59.73729705810547,0,0
146,A,146,0.0023328852839767933,0.09177342802286148,nan,nan,512,0,0.0023328852839767933,0.09177342802286148,all_rows,512,0,0.005783476401120424,0.0443359375,-0.002676654700189829,0.004201977257616818,0.16244456195272505,2679012000111adb3abd63b049e7a2da:0:0,cb485acbd0a42c282826d1badbab81e1:0:0,8fc652acdb1b5b00a7cdfe85f4804120:0:0,c05415205b01a2627125ece3d2cc290e:0:4190341581,77e73a0c875f47195411e0474822ae7d:1:2079279905,10,1.0,0,0,0,0,0,0,512,0,0,512,0,0,249,0,0,263,0,0,512,6.3972296714782715,59.37981414794922,0,0
147,A,147,-0.00775868957862258,0.08814452588558197,nan,nan,512,0,-0.00775868957862258,0.08814452588558197,all_rows,512,0,0.0036450375337153673,0.0255859375,-0.0013967270497232676,0.003782305959612131,0.16286977496929467,89c7b3dd8c877a63bd525255b4c46eda:0:0,bf1010a0c44638a6df30ceb05695a203:0:0,010849c8a8ae3f243798e5862438a1aa:0:0,4295fd3153d0905f2333ab4c284f0d0e:0:2639356326,cd4df0289f139619eb2af1e2892a5695:0:3761849031,10,1.0,0,0,0,0,0,0,512,0,0,512,0,0,234,0,0,278,0,0,512,6.3221116065979,60.36952209472656,0,0
148,A,148,0.0016287557082250714,0.09566318988800049,nan,nan,512,0,0.0016287557082250714,0.09566318988800049,all_rows,512,0,0.002897132420912385,0.046484375,-0.001715350430458784,0.004531185154337436,0.15989965805783868,00097a432cb482d0aa168ed186e13ada:0:0,3749021555f4779afc86e7ea2600e5d5:0:0,1b98bd8e8950ef790ba24141ba86c8d6:0:0,eeb61d0a7f1a8853efdbd95c6b91f10e:0:767068866,2babd480dc44ff3af1d7cd53719b9c91:0:3942031110,10,1.0,0,0,0,0,0,0,512,0,0,512,0,0,253,0,0,259,0,0,512,6.488991737365723,59.452571868896484,0,0
149,A,149,0.0009045477490872145,0.09881923347711563,nan,nan,512,0,0.0009045477490872145,0.09881923347711563,all_rows,512,0,0.004176900256425142,0.030078125,-0.0025275522843003274,0.004841857706196606,0.15913818799890578,aa8d7cbfc01284384cbf3b6fc03e06da:0:0,a195174d07db01a598855686eb5bc1f6:0:0,1b665e2626bbb84d4cb8044548d91ce0:0:0,cb5cf89fa93769571590da789c94d50e:0:146394472,763d0fb5b659ce8c28633bd71658a834:0:734658,10,1.0,0,0,0,0,0,0,512,0,0,512,0,0,263,0,0,249,0,0,512,6.549609184265137,60.122440338134766,0,0
150,A,150,0.017758706584572792,0.09360004961490631,nan,nan,512,0,0.017758706584572792,0.09360004961490631,all_rows,512,0,0.007305472623556852,0.0533203125,-0.0017953389324247837,0.004142417199909687,0.16298377804923803,7f8ec1db330acf44fd90ba7c60dad2da:0:0,bed1db97d5080b5ca3400b64e560e8c1:0:0,480183f2c3977104d9d522a1eacc48e5:0:0,84ee9d80bbecce3b2c2ad204bb57b90e:0:6142874,7fe682429ca4e483d1ffe88af2f576a9:1:3701679189,10,1.0,0,0,0,0,0,0,512,0,0,512,0,0,266,0,0,246,0,0,512,6.5222601890563965,59.43741989135742,0,0
151,A,151,-0.005058128386735916,0.09214680641889572,nan,nan,512,0,-0.005058128386735916,0.09214680641889572,all_rows,512,0,0.005473623983561993,0.0228515625,-0.007161499746143818,0.004207963112276047,0.16226514906156808,3d4356a7046a5ecced5eae4368b79eda:0:0,7e46c5dc1f9d8a41d3b607dd66b15efe:0:0,e806afd0e0d888cca383de7c359fe973:0:0,4f2935c109faed6308e7a364c7da9d0e:0:235776249,f0d03c96d61dc8a68b386ce0a8f34f42:1:3196389223,10,1.0,0,0,0,0,0,0,512,0,0,512,0,0,246,0,0,266,0,0,512,6.029824256896973,60.404876708984375,0,0
152,A,152,-0.005760344676673412,0.08755380660295486,nan,nan,512,0,-0.005760344676673412,0.08755380660295486,all_rows,512,0,0.0029142543207854033,0.035546875,-0.0038495519198477267,0.0038335693767294287,0.16232732695061713,1f6f7636944638a9f18bf910d7d46ada:0:0,21a46da0a12600a68f5791878420cfb7:0:0,aaf0b15b8b48e8de08252ba5261aaf90:0:0,4a332fa79a1b5655a26af1fcc21d810e:0:3050764822,d673f8d89f5c7188e8c111593e229ae0:1:2538343691,10,1.0,0,0,0,0,0,0,512,0,0,512,0,0,251,0,0,261,0,0,512,6.292631149291992,59.44008255004883,0,0
153,A,153,0.004708623979240656,0.09493861347436905,nan,nan,512,0,0.004708623979240656,0.09493861347436905,all_rows,512,0,0.016093093901872635,0.04453125,-0.0033993271412327886,0.0044790035346522926,0.15985727100633085,530f2f5d799b85d1500abd30ae3136da:0:0,3cf6c1278737846f7aeb8a969252b8fb:0:0,a776e55ac58c1f51b40646b1b5e182e1:0:0,f8e096e845d58d11f4be2130aa20650e:0:830136163,0f70a0764806090931039bfdbbfac768:0:667838321,10,1.0,0,0,0,0,0,0,512,0,0,512,0,0,265,0,0,247,0,0,512,6.360523700714111,58.86669921875,0,0
154,A,154,-0.0035143813583999872,0.09111600369215012,nan,nan,512,0,-0.0035143813583999872,0.09111600369215012,all_rows,512,0,0.002725069411098957,0.0396484375,-0.0008344032801687717,0.004118973854929209,0.16021590505260974,2031a7d15bf761ab8b5c5ceeebce02da:0:0,7ade03c640cc42f359a66252ea93b4a7:0:0,dde3122ade23ac963fc2214829d55e7a:0:0,5ffc0d7b408d8322e55054647fe3490e:0:3717486965,dd17f07a6ca16185d75dba4d0a4cacfd:0:2492755661,10,1.0,0,0,0,0,0,0,512,0,0,512,0,0,246,0,0,266,0,0,512,6.1738080978393555,60.341800689697266,0,0
155,A,155,0.007125536445528269,0.09099866449832916,nan,nan,512,0,0.007125536445528269,0.09099866449832916,all_rows,512,0,0.001791672082617879,0.03046875,-0.0013101338176056744,0.0041342818876728415,0.15983033401425928,e7bc87ac0e7260ac2e917a9790aaceda:0:0,bd58bf1ff01fc04a4e8bb348592f5bad:0:0,3603d3788f1c400069be6a06782f20a2:0:0,e4c9877e5b2fee7326f66efc43662d0e:0:536133900,98fedb3a8513804f1c78af18b8263109:1:2297747141,10,1.0,0,0,0,0,0,0,512,0,0,512,0,0,267,0,0,245,0,0,512,6.045200824737549,59.900474548339844,0,0
156,A,156,-0.010898888111114502,0.08778475970029831,nan,nan,512,0,-0.010898888111114502,0.08778475970029831,all_rows,512,0,0.010075278580188751,0.0716796875,-0.0035670300014317034,0.003868048940785229,0.15998695907182992,68bc5029e94bce299949f8769cc79ada:0:0,6f82c983f06c7778722462ee0c9a3400:0:0,4a59d9ad0bfa16145976e3e10700f3ca:0:0,c18786e118e07de11deb145bf4a9110e:0:2461723721,24d2535defb2c9957ad1010253bc5b96:0:28246441,10,1.0,0,0,0,0,0,0,512,0,0,512,0,0,240,0,0,272,0,0,512,6.027951717376709,59.856468200683594,0,0
157,A,157,0.011322169564664364,0.08760271221399307,nan,nan,512,0,0.011322169564664364,0.08760271221399307,all_rows,512,0,0.006119837518781424,0.04296875,0.00039943018928170206,0.003839241073001176,0.15985598810948431,4e67645f9f70a174cbb4f8d8102466da:0:0,b4f7bd6343da2033a39a82e6aed3c1f4:0:0,a15f2e3305053704e144726e05c14f10:0:0,b72710f2690deb92c3cea7e793abf50e:0:3098531120,ffe55b95207dfbb947036ad7d1f01b13:0:1909219973,10,1.0,0,0,0,0,0,0,512,0,0,512,0,0,264,0,0,248,0,0,512,5.746609687805176,60.82935333251953,0,0
158,A,158,-0.007330623455345631,0.09133078902959824,nan,nan,512,0,-0.007330623455345631,0.09133078902959824,all_rows,512,0,0.00585509417578578,0.0890625,-0.007085340470075608,0.0041596488445065916,0.16164296795614064,d44d5a820d3a2a313290de07eac132da:0:0,b0bebdfa81df2eb96667f0b1a756be30:0:0,b6913c0f4d6655e21b90cf80969049b1:0:0,518af93c9b4fed098ba74d03206ed90e:0:322993570,1a43eb7eafbc4feaa254b569c1bac0e8:1:182476152,10,1.0,0,0,0,0,0,0,512,0,0,512,0,0,264,0,0,248,0,0,512,5.891973972320557,59.856014251708984,0,0
159,A,159,-0.0012569990940392017,0.09171344339847565,nan,nan,512,0,-0.0012569990940392017,0.09171344339847565,all_rows,512,0,0.006781076081097126,0.0880859375,-0.004723264207132161,0.00420405543409288,0.1619348890380934,6092c839bdb073ec732b4a522c9dfeda:0:0,909412632864cc27de2f7e363303c621:0:0,731203cab160b29e935fe35c3efeb9e3:0:0,6d1c6271e17300f645e0e7129af1bd0e:0:1884798725,cfe784c5d8d5eca0a8f3bebf2a60f117:1:2270125654,10,1.0,0,0,0,0,0,0,512,0,0,512,0,0,256,0,0,256,0,0,512,6.059716701507568,58.89067840576172,0,0
160,A,160,0.00302098598331213,0.08931693434715271,nan,nan,512,0,0.00302098598331213,0.08931693434715271,all_rows,512,0,0.004139759577810764,0.012109375,-0.0001248606014996767,0.003973351488821208,0.16182832000777125,53d3245b239c60f637612002d5bacada:0:0,47a19a2d94be695b3a91aec9ba089634:0:0,eb946977f064625f1b0d0eac367d6099:0:0,7f247f8174161acd044d197a0334a10e:0:3997529990,fb8b5dea9a1179467e4db2babea31760:1:387693888,10,1.0,0,0,0,0,0,0,512,0,0,512,0,0,249,0,0,263,0,0,512,5.825469970703125,60.32841873168945,0,0
161,A,161,0.007361002266407013,0.09001421183347702,nan,nan,512,0,0.007361002266407013,0.09001421183347702,all_rows,512,0,0.003189791925251484,0.0919921875,-0.0032281452557072045,0.003932370874099434,0.15848269208800048,028e8c3bc3b57c77f99e8165e61796da:0:0,4517a215d03190236431f396558d8872:0:0,0344c49c79cc52c8a74da20e174fc1ce:0:0,3be2ac432e3e2c18fe23479d5937850e:0:2757433095,47b7b3fe549e082cd919295841e9c597:1:3873296215,10,1.0,0,0,0,0,0,0,512,0,0,512,0,0,263,0,0,249,0,0,512,5.66579008102417,60.04164123535156,0,0
162,A,162,-0.0013558713253587484,0.08367011696100235,nan,nan,512,0,-0.0013558713253587484,0.08367011696100235,all_rows,512,0,0.005381585098803043,0.065234375,-0.006938214367255569,0.0034755529486574233,0.16054016794078052,dc283abbcd3783ccd0ded0c75db462da:0:0,c9e4e0067d3b4f9883d2832ee659a690:0:0,547a3e0f9252d4a3f6fa2696457704d3:0:0,6381e67d34438b90740094e09cfa690e:0:3118636567,94c7d2bea5853a70bf7984c16fa30e26:1:4266733986,10,1.0,0,0,0,0,0,0,512,0,0,512,0,0,239,0,0,273,0,0,512,5.47910213470459,60.666568756103516,0,0
163,A,163,-0.0005810177535749972,0.08567158132791519,nan,nan,512,0,-0.0005810177535749972,0.08567158132791519,all_rows,512,0,0.006275731138885021,0.0376953125,-0.004109729104675353,0.0036608628928661347,0.16154872498009354,36ac4afade2ba7193cacb0733c912eda:0:0,5b32cd1b2112d24b04f9b6bb205d503d:0:0,5337e3c6dbda5e0a02309fa5d629e731:0:0,8fa1855cfa7d39e893e7e4a7ce7d4d0e:0:1719668380,7c4b8f300d20ecebfd10ea59923bd9c3:1:1043753553,10,1.0,0,0,0,0,0,0,512,0,0,512,0,0,243,0,0,269,0,0,512,5.308258056640625,61.59697723388672,0,0
164,A,164,-0.006175778806209564,0.08580579608678818,nan,nan,512,0,-0.006175778806209564,0.08580579608678818,all_rows,512,0,0.015633534640073776,0.087109375,-0.007380719087086618,0.0036304702167399227,0.1638253730488941,1417f88df0b18122f12202b582adfada:0:0,142cb32fc98f59144cc0a180a82329a7:0:0,bd25281d4f4044e3ca9daa4b5f127363:0:0,9bdac6d2c00e04695d41da56edc0310e:0:280443093,655e96da6ad1f2b636a2af694c8ff60e:1:788683817,10,1.0,0,0,0,0,0,0,512,0,0,512,0,0,244,0,0,268,0,0,512,5.063307762145996,62.597206115722656,0,0
165,A,165,0.008335808292031288,0.09750834852457047,nan,nan,512,0,0.008335808292031288,0.09750834852457047,all_rows,512,0,0.0018184116343036294,0.0169921875,-0.001231415313668549,0.0047275452292524275,0.16096928901970387,84f6f2ebae93c668a2e7e9da300ac6da:0:0,ed0ecaa3e87731053151e33f987d7c41:0:0,17fc9ca0cc1869273da5b5392cfd69f1:0:0,824767945237854184dcd951fac3150e:0:2834600015,fb40a4a0938521ad908eff02181f3cb0:1:2939776650,10,1.0,0,0,0,0,0,0,512,0,0,512,0,0,258,0,0,254,0,0,512,4.783049583435059,64.34672546386719,0,0
166,A,166,0.00011997343972325325,0.08535555005073547,nan,nan,512,0,0.00011997343972325325,0.08535555005073547,all_rows,512,0,0.008198807947337627,0.0578125,-0.003902285359799862,0.0035988570773042737,0.16200548398774117,141289a3a874ab79d336c82d44a792da:0:0,4821701ccd55ac46b5a496d4181b447e:0:0,d0be68c909852f4547d2cf3c54ebf69f:0:0,0f4cfbe1ac97019a58ed04fcf585f90e:0:2331262947,fef48d8ec851a1fad5216dda7004625b:0:1470873769,10,1.0,0,0,0,0,0,0,512,0,0,512,0,0,250,0,0,262,0,0,512,4.694398880004883,64.73052215576172,0,0
167,A,167,-0.004170217551290989,0.08780164271593094,nan,nan,512,0,-0.004170217551290989,0.08780164271593094,all_rows,512,0,0.00639236718416214,0.0333984375,-0.004195519164204598,0.003806325059849769,0.16193534701596946,eeec72d42dde028e9bd63ffac0845eda:0:0,9cf0e589f14fa7d21edc99261250bed6:0:0,94321d5f727870b65747fee610c0de53:0:0,7395247bcab0256ba50c40bbde08dd0e:0:1267697245,548f2fc3349302efc9f2870918901682:1:413363435,10,1.0,0,0,0,0,0,0,512,0,0,512,0,0,249,0,0,263,0,0,512,4.864306926727295,64.55867767333984,0,0
168,A,168,-0.006331663578748703,0.09039848297834396,nan,nan,512,0,-0.006331663578748703,0.09039848297834396,all_rows,512,0,0.0034520761109888554,0.05703125,-0.007832454075105489,0.004046166874468326,0.16021365800406784,4e0eb531c381105f7b1d338ea3a12ada:0:0,69f6c774692510522a801d9540afebf6:0:0,1ce2e456df2ba170f5fcc0749ba8e100:0:0,45e40493bf299d0f963a2ff2b44bc10e:0:771811823,e82dc8babf2292829ae470072e31bfd3:0:2993565540,10,1.0,0,0,0,0,0,0,512,0,0,512,0,0,249,0,0,263,0,0,512,5.008925914764404,63.777652740478516,0,0
169,A,169,0.005357888527214527,0.0919560045003891,nan,nan,512,0,0.005357888527214527,0.0919560045003891,all_rows,512,0,0.005498087033629417,0.046875,-0.004663582774810493,0.004212610982358455,0.1605716380290687,fe1cd2d274f2183d1ff1c534edfdf6da:0:0,290d8aa7e9e8821bb935b29e0d23e05d:0:0,2995d09362a0d377e6bbf3e9863beeb3:0:0,c62c8acde51f8c969edc3605784ea50e:0:1583632040,b8f81586f57c172057836e5840758390:0:4017804326,10,1.0,0,0,0,0,0,0,512,0,0,512,0,0,230,0,0,282,0,0,512,4.981295585632324,62.92868423461914,0,0
170,A,170,-0.003962024115025997,0.09285908192396164,nan,nan,512,0,-0.003962024115025997,0.09285908192396164,all_rows,512,0,0.007627351209521294,0.075,-0.004783698031678796,0.0043050400330685076,0.15979657298885286,de47b1ce7f2b9f6835c957399f9ac2da:0:0,d56cc22fbef16583591724975dabde93:0:0,de625964986e519e2c80d914bfcd3e7e:0:0,f59530cabfefe4db5abd76582a11890e:0:2034381972,07cd3b15097e4bad169fabbcfa80452e:1:2292795476,10,1.0,0,0,0,0,0,0,512,0,0,512,0,0,231,0,0,281,0,0,512,4.842678070068359,62.17781066894531,0,0
171,A,171,0.010301687754690647,0.0849907174706459,nan,nan,512,0,0.010301687754690647,0.0849907174706459,all_rows,512,0,0.008844265714287758,0.0591796875,-0.004662640299648047,0.0036118324263952673,0.1613895130576566,b98deba7112567a930a88be8b8778eda:0:0,5847fbbf3fe511fea8346c476bf3345c:0:0,d8c69b56ccf6a17a2a8b57a7dbcfcbb0:0:0,29d7c9fcdde49656730ed44ec9946d0e:0:3591812679,252ef6f05588240726ebfc715cf5a170:0:3145851525,10,1.0,0,0,0,0,0,0,512,0,0,512,0,0,248,0,0,264,0,0,512,4.748231410980225,61.95195007324219,0,0
172,A,172,-0.010699569247663021,0.0979473814368248,nan,nan,512,0,-0.010699569247663021,0.0979473814368248,all_rows,512,0,0.014979269355535507,0.0685546875,-0.005333590973168612,0.004753731773234904,0.15988992992788553,154d24431fcb21281923458e38945ada:0:0,02939dccb9eeb938b7c010fe49fa5092:0:0,baa3f0868f69fd8a779fcc2331fa36a0:0:0,f343d3e8d21fa1b28266f34d56d7510e:0:307366488,d6da076d40c3f7c418f490745d9e91de:1:1958267114,10,1.0,0,0,0,0,0,0,512,0,0,512,0,0,252,0,0,260,0,0,512,4.900241851806641,61.51244354248047,0,0
173,A,173,0.012143297120928764,0.0919698178768158,nan,nan,512,0,0.012143297120928764,0.0919698178768158,all_rows,512,0,0.002860409440472722,0.0529296875,-0.003527167160063982,0.004170952446293086,0.1602646210230887,7056cd318a9ed384585ca6761ff126da:0:0,7e07385d22ac4a4f051c10c4049c1369:0:0,d8c776a4be6b849bc8e1126a1d6fd46b:0:0,496c77421a2d061ff8c236b7d1da350e:0:3435424875,6da2d918f91757f2f5888c016d79df81:0:2379288179,10,1.0,0,0,0,0,0,0,512,0,0,512,0,0,262,0,0,250,0,0,512,4.8288187980651855,62.98310089111328,0,0
174,A,174,-0.00031926025985740125,0.09068482369184494,nan,nan,512,0,-0.00031926025985740125,0.09068482369184494,all_rows,512,0,0.003094872459769249,0.059375,-0.001993004442192614,0.00407389608444646,0.16223933803848922,013b49bf0e52fe2c840710ec6e8df2da:0:0,9a9efeeec22cbf7c99c3f90ce3310d06:0:0,9383548d2e3956cc4142fdbb287d04df:0:0,c8f20aad839e8d68ff82c1f23a9d190e:0:853012032,5c091f1bc935f88adeb6e54c2d66500d:1:2807107333,10,1.0,0,0,0,0,0,0,512,0,0,512,0,0,245,0,0,267,0,0,512,4.933668613433838,62.10802459716797,0,0
175,A,175,-0.0073004369623959064,0.09422782063484192,nan,nan,512,0,-0.0073004369623959064,0.09422782063484192,all_rows,512,0,0.003669151570647955,0.0146484375,-0.0006308877607807517,0.004398035793565213,0.16178315307479352,5011c44dc2a86ff62a64273d246abeda:0:0,e6e6d40252055827646876310fe7fde0:0:0,5de87e5d56e45984fd166926f94a370d:0:0,2aa26d47661575c55d707860911ffd0e:0:853406853,1eb75981b31195171fa22970fa3385c1:0:2885823201,10,1.0,0,0,0,0,0,0,512,0,0,512,0,0,271,0,0,241,0,0,512,4.793259143829346,62.6518669128418,0,0
176,A,176,-0.005152119789272547,0.07849949598312378,nan,nan,512,0,-0.005152119789272547,0.07849949598312378,all_rows,512,0,0.0025928958784788847,0.0123046875,-0.0014095866004936396,0.0030536242411471903,0.1626843250123784,16e92d3b20dbd5f59e44cbb441878ada:0:0,ae7a89aa3b307e0bb6ee7480d100163f:0:0,fd1e9ca07c07ec6d47d8780448a91514:0:0,cf1bf861c61df96e5ab8fd66d562e10e:0:1621156463,7d94a78c158a99b3592e7c2ed918eed5:0:2569334476,10,1.0,0,0,0,0,0,0,512,0,0,512,0,0,236,0,0,276,0,0,512,4.481340408325195,63.27924346923828,0,0
177,A,177,0.00403381884098053,0.08742249757051468,nan,nan,512,0,0.00403381884098053,0.08742249757051468,all_rows,512,0,0.007189870811998844,0.03125,-0.0018792005255818367,0.0037104719784110786,0.16247860004659742,ab87cf80cfef0195c309209dc5e456da:0:0,624da3590c561e85dac796d7f147ef46:0:0,3f1a93297e09eb794da81c0696f3121d:0:0,0ff415443540b3f2a4efb4690765c50e:0:2506322981,015fe9ed300613f54ca416e1ad5f5d90:0:1308360460,10,1.0,0,0,0,0,0,0,512,0,0,512,0,0,241,0,0,271,0,0,512,4.345099449157715,63.46884536743164,0,0
178,A,178,-0.009210468269884586,0.08789701759815216,nan,nan,512,0,-0.009210468269884586,0.08789701759815216,all_rows,512,0,0.0038202397990971804,0.024609375,-0.002492118626832962,0.0037655526772141456,0.1598439799854532,dc6aa71bb419e5efd8a08845b18122da:0:0,043fcf9c48ae8ccda9419b19184902a2:0:0,8e9b5af209ed6bce7c0290cbb5f944d4:0:0,cddcb50d03ade54a330dc0cb2728a90e:0:783860880,001799b82a74fed6703554edd1a33966:0:1881328981,10,1.0,0,0,0,0,0,0,512,0,0,512,0,0,247,0,0,265,0,0,512,4.360894680023193,63.479984283447266,0,0
179,A,179,0.00031049817334860563,0.08515364676713943,nan,nan,512,0,0.00031049817334860563,0.08515364676713943,all_rows,512,0,0.006002829875797033,0.0275390625,-0.0023424400016665457,0.003629395191092044,0.15981311700306833,a9543123feaf4c634789a4f8045deeda:0:0,ee4f8ce1e8a9d1abde40bb63f662c7be:0:0,dcd1867bf23e674f7917c4ef584ef5e9:0:0,3822fe2917e692aa297205f134ab8d0e:0:2123384131,4c37f7322dbf0cf0a7a5a402a63af89d:0:3196960114,10,1.0,0,0,0,0,0,0,512,0,0,512,0,0,246,0,0,266,0,0,512,4.227476596832275,64.4541015625,0,0
180,A,180,0.004471751861274242,0.08308649063110352,nan,nan,512,0,0.004471751861274242,0.08308649063110352,all_rows,512,0,0.0014949324540793896,0.0658203125,-0.0006487379199825227,0.0033810076653026044,0.1667457000585273,9c6bc5603bc1406d6cd25900be7abada:0:0,2a0f4d96f2e3bf93ef84c646b73087d8:0:0,6c3331188e8a08461e6ed1f0bb706ab8:0:0,dae57c2d80c78518bde1273f2fee710e:0:292309692,4c1a7934c453eb0f0e54af9fb95a7d08:0:851503177,10,1.0,0,0,0,0,0,0,512,0,0,512,0,0,253,0,0,259,0,0,512,4.268192768096924,63.92070007324219,0,0
181,A,181,0.025130456313490868,0.08466807752847672,nan,nan,512,0,0.025130456313490868,0.08466807752847672,all_rows,512,0,0.0018400864209979773,0.040234375,-8.002268150448799e-05,0.003516221372410655,0.16216232301667333,cb32acfc9ad132c16617c6abdfd786da:0:0,7280d79aeaa5c1a22a1ff4f881c0e6a6:0:0,ea28c149a63d67cd80bf47e9aa94f490:0:0,6c48fc33965a25c11b85881918f1550e:0:3580762606,3bb4510e459decf51e870d87f56fe87c:1:304387277,10,1.0,0,0,0,0,0,0,512,0,0,512,0,0,258,0,0,254,0,0,512,4.258917808532715,63.47212600708008,0,0
182,A,182,0.005964504089206457,0.08821167796850204,nan,nan,512,0,0.005964504089206457,0.08821167796850204,all_rows,512,0,0.006867841351777315,0.058203125,-0.004346186644397676,0.0038864441332407294,0.16295513103250414,b5ab19eeefd7d39fdd865045687452da:0:0,7de31910f9288d50245d6ccf5179789d:0:0,f3a4d2435124ad146aa5f73037e90b33:0:0,6381012e3dcf380746ef4be2efb4390e:0:2063665445,4e9691d8d98ff56fa42f3a277d3d7cc8:1:1362427223,10,1.0,0,0,0,0,0,0,512,0,0,512,0,0,262,0,0,250,0,0,512,4.223072052001953,64.08553314208984,0,0
183,A,183,-0.013841546140611172,0.08757298439741135,nan,nan,512,0,-0.013841546140611172,0.08757298439741135,all_rows,512,0,0.010669808834791183,0.05546875,-0.007642239704728127,0.0037140526110306382,0.16185134393163025,5d36de6f29f0a46ed5d9981958511eda:0:0,b4103cf0f0c8c6755261b7fcd6998a3d:0:0,1b0ba6ff9b2f0785e8e9c76870f29e91:0:0,ec736104a507715c02145600b4371d0e:0:3437682818,cd7a7c85d3aaa644efba504b5c28716d:1:93966832,10,1.0,0,0,0,0,0,0,512,0,0,512,0,0,259,0,0,253,0,0,512,4.349262237548828,64.68266296386719,0,0
184,A,184,0.0044609177857637405,0.09355016052722931,nan,nan,512,0,0.0044609177857637405,0.09355016052722931,all_rows,512,0,0.01701553724706173,0.070703125,-0.005037439940497279,0.004211249540094286,0.1593156330054626,0b304bcb3cf54091765c8073af6deada:0:0,ecedc7d5f67bef4c0a847710274613a7:0:0,e9a46a8a980c670978ce6463139db332:0:0,15d624948a0deed0b05049d6667a010e:0:4113314666,bc919b41ae85037a2e850767230443a4:0:944577282,10,1.0,0,0,0,0,0,0,512,0,0,512,0,0,255,0,0,257,0,0,512,4.37045431137085,63.37065887451172,0,0
185,A,185,-0.006774991750717163,0.07916999608278275,nan,nan,512,0,-0.006774991750717163,0.07916999608278275,all_rows,512,0,0.01048319786787033,0.0912109375,-0.0025073374505154788,0.002971335360780358,0.1599855669774115,604ef3bcbb545d7fd6e92ba06dcab6da:0:0,64fe1b7dbef1e7cac4c980c5d503bd3b:0:0,f16cc86822307a7a2ed8da28d2d6c0ca:0:0,f3a33213e2e8886b3a648ac8067ce50e:0:2625342910,ac0a9be3e861f70ecd7fed550960315c:1:3604750392,10,1.0,0,0,0,0,0,0,512,0,0,512,0,0,254,0,0,258,0,0,512,4.298429012298584,62.31332778930664,0,0
186,A,186,-0.0018361603142693639,0.08945060521364212,nan,nan,512,0,-0.0018361603142693639,0.08945060521364212,all_rows,512,0,0.004069971852004528,0.06796875,-0.0018246735446155072,0.003943306161090732,0.1605081909801811,70cc27459d70821ecbe8fbeb936782da:0:0,16326bd438dff117500fc95cbf1e7349:0:0,9d5e9afb51c1e16f28d2884c508f9df6:0:0,aa5e9a9f7a220239f2783c39943fc90e:0:2847639410,aeb681c167f181fcb1466e55c3f32d13:1:4069818453,10,1.0,0,0,0,0,0,0,512,0,0,512,0,0,240,0,0,272,0,0,512,4.096223831176758,62.32352828979492,0,0
187,A,187,0.013833988457918167,0.09158433228731155,nan,nan,512,0,0.013833988457918167,0.09158433228731155,all_rows,512,0,0.0035374502185732126,0.0275390625,-0.0012816864531487227,0.0041837998200207945,0.15909879200626165,ed2ff9f8f3d27557b25493a120444eda:0:0,679250373376ffee79541bbfbedbcee9:0:0,e96af6595a6e2041ff3eb0d1aa507bd4:0:0,beb29919d4721b277818418f0fc2ad0e:0:2972563297,29c367879399a9dfd177f45fc24e2285:1:3602787620,10,1.0,0,0,0,0,0,0,512,0,0,512,0,0,261,0,0,251,0,0,512,3.8199920654296875,62.8172721862793,0,0
188,A,188,-0.006685519125312567,0.09311854839324951,nan,nan,512,0,-0.006685519125312567,0.09311854839324951,all_rows,512,0,0.005411339923739433,0.059375,-0.005693877208977937,0.00422518759733066,0.16039094200823456,abf74873817b63f03bb3d50d14611ada:0:0,ca1e0d7ad3225bcc6935d041f003451b:0:0,8453e5b761df9ed527614f48143a7c11:0:0,660f69d373e7798e9c373e2c7905910e:0:1903444093,5ca521cff76ab8a0be0180f8e5a2045e:0:2440691141,10,1.0,0,0,0,0,0,0,512,0,0,512,0,0,255,0,0,257,0,0,512,3.7687885761260986,62.062801361083984,0,0
189,A,189,0.0003832626389339566,0.08412671834230423,nan,nan,512,0,0.0003832626389339566,0.08412671834230423,all_rows,512,0,0.0049195545725524426,0.0703125,-0.005403190781362355,0.003505072195548564,0.16379248595330864,5c1dc4a77ba2bda23a1de27b6fbde6da:0:0,48ec6ddecea33cc31319e8359bd134c1:0:0,07eee045bacfa570a0b0dd8e74cbf9a7:0:0,be0d1fcb4cf7758e452d9575d008750e:0:360528382,6be50923937481e0bc89f560f3e99d3e:0:658978741,10,1.0,0,0,0,0,0,0,512,0,0,512,0,0,251,0,0,261,0,0,512,3.8387398719787598,60.96174621582031,0,0
190,A,190,1.0134885087609291e-05,0.08704125136137009,nan,nan,512,0,1.0134885087609291e-05,0.08704125136137009,all_rows,512,0,0.002000695327296853,0.0451171875,-0.0003501319559291005,0.003763509402051568,0.1627874979749322,c3445a7dec2bc9736c391e38325ab2da:0:0,044a511bdd0c3b42dedf828193ab26ba:0:0,ea95b3f4c3febc0de56841e466d609b8:0:0,8f027dac01d7c11d52b96acf14cb590e:0:1654887170,d31bca72efe6a051b498b3140f185fad:1:932605455,10,1.0,0,0,0,0,0,0,512,0,0,512,0,0,242,0,0,270,0,0,512,3.6981654167175293,61.82758712768555,0,0
191,A,191,-0.0017079877434298396,0.08367324620485306,nan,nan,512,0,-0.0017079877434298396,0.08367324620485306,all_rows,512,0,0.004231562372297049,0.026953125,-0.0021368177607655526,0.0034568584873341025,0.16069632105063647,b2ec5b2f741ef14d493b2a8f5c377eda:0:0,edc6bc6d295143f213fd3c38f6b11a92:0:0,e83ee1347e7980be4c9959c6086f3390:0:0,605d9e003885edde81fea19c474e3d0e:0:3419459809,b62e7146a82269c3f196630f7872a2f4:0:2454618758,10,1.0,0,0,0,0,0,0,512,0,0,512,0,0,279,0,0,233,0,0,512,3.6552064418792725,62.25071716308594,0,0
192,A,192,0.006435583811253309,0.080253005027771,nan,nan,512,0,0.006435583811253309,0.080253005027771,all_rows,512,0,0.0062414053827524185,0.0513671875,-0.0032968180719763042,0.0031671910430304704,0.16079931007698178,de52c5956b72c4d4cce8e9cced544ada:0:0,366911f4b125482129e075fcecc9144b:0:0,c6900173e3d500205f5d0a3877638fdc:0:0,f889df6e1fe0d0b45186dd416791210e:0:2755397821,75548897fa524c76f99f57d3d6ad153a:1:1744489060,10,1.0,0,0,0,0,0,0,512,0,0,512,0,0,255,0,0,257,0,0,512,3.441669225692749,62.82187271118164,0,0
193,A,193,-0.007445710711181164,0.07973787933588028,nan,nan,512,0,-0.007445710711181164,0.07973787933588028,all_rows,512,0,0.013019077479839325,0.102734375,-0.004504624754190445,0.003106533701065928,0.16026086907368153,f51cb5939b70b38243967e3ce5b116da:0:0,e95faa5e637c44115166f1e170aa0fe0:0:0,820855e64c46616cf6eba55442fae952:0:0,b452171ff837c314e54181227594050e:0:2985061662,231034db804524fc49c1f47daf7b1ad2:1:778752448,10,1.0,0,0,0,0,0,0,512,0,0,512,0,0,265,0,0,247,0,0,512,3.3076727390289307,64.14659881591797,0,0
194,A,194,-0.008408229798078537,0.08477609604597092,nan,nan,512,0,-0.008408229798078537,0.08477609604597092,all_rows,512,0,0.0048828949220478535,0.0501953125,-0.007306624203920364,0.0035973578225821255,0.1599086649948731,e57e849a11017df916274a2b454de2da:0:0,dfea74b77685f1f884d892e67abaac1d:0:0,f066bc2dccc13797ae81b384b645fb34:0:0,40767cd533b3c21dea83b0a37156e90e:0:722709237,fba7b15521b3604c5a5c8da6d328b7f0:1:2280453071,10,1.0,0,0,0,0,0,0,512,0,0,512,0,0,259,0,0,253,0,0,512,3.484428882598877,62.851497650146484,0,0
195,A,195,0.0005845752311870456,0.08676204085350037,nan,nan,512,0,0.0005845752311870456,0.08676204085350037,all_rows,512,0,0.0024448323529213667,0.0728515625,-0.005093847285024822,0.003761797456536442,0.1599714629119262,f212711dc42d5e9f960defe40c2aaeda:0:0,27da1854ea66867f9cfebf7315077853:0:0,01d0107eb0608869bd6aa0bb02a16f9c:0:0,f95b196d82fe6b687c084f285ad9cd0e:0:357390615,17b35f1f3941a3cef37ac3a0387295e4:0:1462127845,10,1.0,0,0,0,0,0,0,512,0,0,512,0,0,257,0,0,255,0,0,512,3.6419875621795654,61.9085693359375,0,0
196,A,196,-0.001879340736195445,0.08175468444824219,nan,nan,512,0,-0.001879340736195445,0.08175468444824219,all_rows,512,0,0.007157723419368267,0.054296875,-0.00469596937764436,0.003330414753872901,0.16044060396961868,6371bac6121be976c94c51b33a477ada:0:0,3db3daffc475aaccfea2f396c89427a5:0:0,037825d5bb0ad1827df901c49dc68228:0:0,5605ba14e28ad79d05f00015321cb10e:0:3006569119,8d37401bf136fc34097c5dfc3f0a1375:0:4190608872,10,1.0,0,0,0,0,0,0,512,0,0,512,0,0,241,0,0,271,0,0,512,3.551140785217285,61.8485221862793,0,0
197,A,197,0.008449043147265911,0.08630406111478806,nan,nan,512,0,0.008449043147265911,0.08630406111478806,all_rows,512,0,0.008487973362207413,0.0548828125,-0.005047727888450026,0.0036818130640313028,0.1640062660444528,131404ec46dfa332367391e4cfa446da:0:0,dcdacd21e9fca562ef635002f9de2a21:0:0,f8c38762be8a3256c767576e56920beb:0:0,1ad9878d7ce452c729c126cdf71f950e:0:617374341,49f82562c73a72a9c2f00d9d443316fb:0:1494524610,10,1.0,0,0,0,0,0,0,512,0,0,512,0,0,261,0,0,251,0,0,512,3.603666067123413,60.432647705078125,0,0
198,A,198,-0.0008250458631664515,0.08437007665634155,nan,nan,512,0,-0.0008250458631664515,0.08437007665634155,all_rows,512,0,0.004863197915256023,0.063671875,-0.010087747033685446,0.0035564065095968545,0.16189558093901724,e33c80e9b4594f8fb0a412c4cc4112da:0:0,008054606c0d2b6c0225abab0968dc9a:0:0,ff26a7901665c8935c294c1409900d46:0:0,6b5a6269f666f269a267e6b6a9e2790e:0:3777157618,d6a0483e4c5bb93a5002c1a08c98172a:1:340588038,10,1.0,0,0,0,0,0,0,512,0,0,512,0,0,245,0,0,267,0,0,512,3.7421655654907227,59.46223449707031,0,0
199,A,199,0.0038919923827052116,0.0768146738409996,nan,nan,512,0,0.0038919923827052116,0.0768146738409996,all_rows,512,0,0.0015730269951745868,0.021484375,-0.0007313629146665334,0.0029424398555420337,0.1606122690718621,7612dd90137ef6ef238d769f301ddeda:0:0,e367dd9c969e201fa1c6f4699af87936:0:0,e732788c50281a71ef4b9abf7499fb2c:0:0,fe830a6076c60952283623334a655d0e:0:2909426342,b43c8ce5f0574eef6eef412080b98f7d:0:1848346486,10,1.0,0,0,0,0,0,0,512,0,0,512,0,0,252,0,0,260,0,0,512,3.829566240310669,58.3689079284668,0,0
200,A,200,0.002633357187733054,0.08382607251405716,nan,nan,512,0,0.002633357187733054,0.08382607251405716,all_rows,512,0,0.0050298674032092094,0.048828125,-0.004386642505414784,0.0034723012940958142,0.1637952399905771,23af41072d52a32a5f6e9fbffb3aaada:0:0,1f3854324284b15c3bdd90d63e459674:0:0,cfbfcd6e71702f5599d1ad8ffac0f2da:0:0,849ee03484c4792d54e37fa7d8a8410e:0:2922781713,e669f958f4c0947b5a08757564155e27:1:818288328,10,1.0,0,0,0,0,0,0,512,0,0,512,0,0,245,0,0,267,0,0,512,3.872218132019043,58.28977966308594,0,0
201,A,201,-0.027950970456004143,0.092005155980587,nan,nan,512,0,-0.027950970456004143,0.092005155980587,all_rows,512,0,0.007664636708796024,0.06328125,-0.003961239475756884,0.00374437045538798,0.1607596860267222,531ca62a08d4d3ace515b0732d9776da:0:0,e343a2bc62693788547d679b242d5c23:0:0,69f63bcbf2f7d7421d827a7ccc3af6a9:0:0,85e2bf0b8882e1da878d5f7854ab250e:0:3994346090,06ebd890b737d9620cb0cd6735784c3e:0:86870779,10,1.0,0,0,0,0,0,0,512,0,0,512,0,0,252,0,0,260,0,0,512,3.979086399078369,58.641597747802734,0,0
202,A,202,-0.0204604621976614,0.08910152316093445,nan,nan,512,0,-0.0204604621976614,0.08910152316093445,all_rows,512,0,0.008716309443116188,0.0537109375,-0.002642898773774505,0.003926697967108339,0.1636214820900932,fc63d65d1b3ea8cbb1e00b04c73442da:0:0,436a17494286fb4f77bfe959752a35dd:0:0,114f4d4ea368372a665e22231223eea5:0:0,73effb5588c7ae7fc8b6e608be6e090e:0:1788507931,bc5fa90e40532c86a5ce8629490bb38d:0:1582174897,10,1.0,0,0,0,0,0,0,512,0,0,512,0,0,257,0,0,255,0,0,512,3.789742946624756,59.873653411865234,0,0
203,A,203,-0.0009977403096854687,0.09411654621362686,nan,nan,512,0,-0.0009977403096854687,0.09411654621362686,all_rows,512,0,0.002166878432035446,0.0333984375,-0.0024974146392196415,0.0044105842593125996,0.1605016979156062,40d2e4b637cfc65d0bba51c0c8110eda:0:0,ff34fcae330c1b3fa1797a753f1fea47:0:0,c354c55efd951807be1b4c400de72052:0:0,23c10ac977a5005dae48f6bd15f0ed0e:0:1401784828,9a5f36f428ba768ea5b2f77252da92ed:0:434733969,10,1.0,0,0,0,0,0,0,512,0,0,512,0,0,259,0,0,253,0,0,512,3.747164726257324,58.527286529541016,0,0
204,A,204,0.010539209470152855,0.09257207810878754,nan,nan,512,0,0.010539209470152855,0.09257207810878754,all_rows,512,0,0.0036356784403324127,0.042578125,-0.004594866605475545,0.004257587366737425,0.15858376200776547,ba29872e3c7bed904d2066f3302ddada:0:0,fbfdaa71285a9339789fc5606e3cffe1:0:0,e48e1370fcd135e35b2e17cb97b0c83f:0:0,36f8b24a22e077633f9234f95b33d10e:0:862473044,5d0d0bc0aea3cbd9413117da73c7c255:1:3356694584,10,1.0,0,0,0,0,0,0,512,0,0,512,0,0,253,0,0,259,0,0,512,3.8293309211730957,57.8795166015625,0,0
205,A,205,-0.003519534831866622,0.08010584115982056,nan,nan,512,0,-0.003519534831866622,0.08010584115982056,all_rows,512,0,0.004023627378046513,0.0353515625,-0.002868927828967571,0.0032036368851549924,0.1615159739740193,6859ee73b8c44e05b11d6ce7ff8aa6da:0:0,86e64a5e2ec4b90cc0813e091470fb0e:0:0,fbf167296dc6aa673058e9028f809fa6:0:0,f0ead3de9c80d881d94704218e36b50e:0:2598207473,70c35507dc3133d0fc9ce5d0c6d19372:0:2919893544,10,1.0,0,0,0,0,0,0,512,0,0,512,0,0,242,0,0,270,0,0,512,3.950425863265991,58.404090881347656,0,0
206,A,206,0.006140395533293486,0.08888415992259979,nan,nan,512,0,0.006140395533293486,0.08888415992259979,all_rows,512,0,0.003358196932822466,0.017578125,-0.003060653246939182,0.003965961094945669,0.1590731010073796,0767ccd50c088e261f4bc5eb362772da:0:0,2f63d0d884d79f1ab2c50505ef339ea3:0:0,ae6e0622c1afc54ce95f6f211f1f8c04:0:0,5ab9183eafe591c111818799aef9990e:0:1881357612,ff5c343f8dd8b23d5bd903adca801a1e:1:1225420580,10,1.0,0,0,0,0,0,0,512,0,0,512,0,0,259,0,0,253,0,0,512,4.190543174743652,57.77898406982422,0,0
207,A,207,-0.004003031179308891,0.0847429409623146,nan,nan,512,0,-0.004003031179308891,0.0847429409623146,all_rows,512,0,0.014285106211900711,0.066796875,-0.0028917116578668356,0.0035716463229618967,0.1608437360264361,1adc1897b89b8abaf7d51448d4043eda:0:0,8df09d08e171e72ea10a8031bead3975:0:0,96095e5cdf356aefaa27c875dcec726c:0:0,4045b4c9b7cc1c129bc1a2c5bd7c7d0e:0:1629281156,5a422107b2a48c2fc8122866d690178f:0:3530457673,10,1.0,0,0,0,0,0,0,512,0,0,512,0,0,248,0,0,264,0,0,512,4.338979244232178,57.062862396240234,0,0
208,A,208,0.009990386664867401,0.0756741464138031,nan,nan,512,0,0.009990386664867401,0.0756741464138031,all_rows,512,0,0.0029473211616277695,0.01796875,-0.00043693813495337963,0.0028445856063626707,0.16203393298201263,2983bdf1e8e7cdc5df723a4cd9210ada:0:0,870b7465495be49ebff951b20f82c9bb:0:0,a68f9e66515cd3d2820384090bc2a79e:0:0,434b7813e9a73ae62cecf909b9bf610e:0:1541959591,fbb0486be21ba7055cb4d3314c97fc47:0:2618453354,10,1.0,0,0,0,0,0,0,512,0,0,512,0,0,247,0,0,265,0,0,512,4.288427352905273,58.34719467163086,0,0
209,A,209,-0.0006010249489918351,0.08473411947488785,nan,nan,512,0,-0.0006010249489918351,0.08473411947488785,all_rows,512,0,0.0029745372012257576,0.0357421875,-0.001977227255702019,0.0035386790754273535,0.16037499299272895,8201e8ba63efbc988b6b5a43457dd6da:0:0,d08c759549456c955e2f67cb03cb0933:0:0,f89f1423439a35994759793284c089dd:0:0,d05c148beaac197d5f4eedc9a3c2450e:0:798237846,7e947d65749af9c689e08299b340208c:0:2411049621,10,1.0,0,0,0,0,0,0,512,0,0,512,0,0,266,0,0,246,0,0,512,4.081271171569824,58.997467041015625,0,0
210,A,210,0.00036390969762578607,0.08981402218341827,nan,nan,512,0,0.00036390969762578607,0.08981402218341827,all_rows,512,0,0.009309401735663414,0.0828125,-0.008975244127213955,0.00399985263356939,0.16378786705899984,7663cdc26e757d2c8d97d678191aa2da:0:0,8c65daa3c8584358cf1dcf58f8310f69:0:0,6335ced0c2132a1ffe31c3da950760c0:0:0,f89c521042f945ff9698a4697b85290e:0:3088308708,892e6cfdeebb04b6ef3f4c8e42eb3ee2:1:3943960213,10,1.0,0,0,0,0,0,0,512,0,0,512,0,0,281,0,0,231,0,0,512,4.011407375335693,59.71363067626953,0,0
211,A,211,-0.005746705457568169,0.08537999540567398,nan,nan,512,0,-0.005746705457568169,0.08537999540567398,all_rows,512,0,0.009176477789878845,0.051953125,-0.002397017972543836,0.003626467729918659,0.15902941895183176,519be7ac561692bb205e513753f76eda:0:0,a7699f5b0179036199afcf91a57556fa:0:0,3a0f470adacf476d49480eb32877d0a8:0:0,e09164a2033b8a4de3e1004d41080d0e:0:1885663042,342528920bae767fd6ffe27517fab249:1:565647062,10,1.0,0,0,0,0,0,0,512,0,0,512,0,0,258,0,0,254,0,0,512,4.102301120758057,58.9605827331543,0,0
212,A,212,-0.00827719084918499,0.08230605721473694,nan,nan,512,0,-0.00827719084918499,0.08230605721473694,all_rows,512,0,0.006826349068433046,0.08359375,-0.008287653466686607,0.0033525082864798604,0.162568581989035,64d572f0a3a73194f2b4acccf6143ada:0:0,3ca01098f868beed72c3f1dd9b581b58:0:0,b21c8f0c519bbbd5590571e32bc13eba:0:0,65f31fb7b134a296e9a4a4d8f44af10e:0:3207187526,f9b779b846f21f78ea7c2808776d8225:0:1328367296,10,1.0,0,0,0,0,0,0,512,0,0,512,0,0,245,0,0,267,0,0,512,3.9851131439208984,60.051063537597656,0,0
213,A,213,0.0010456426534801722,0.08253670483827591,nan,nan,512,0,0.0010456426534801722,0.08253670483827591,all_rows,512,0,0.0011448939330875874,0.0330078125,-0.004119390016421675,0.003400242899078876,0.16221992298960686,732e98a332194a39f4200b84ff7106da:0:0,13fcddf1f8d4facd6837631293cff1d4:0:0,51e83e354e7ef8b48407cb121d9d0e31:0:0,a1fc1b094f87d1aabfc5f570954dd50e:0:2044381700,219346737b9bc08e29e33264e77c6073:1:4245188724,10,1.0,0,0,0,0,0,0,512,0,0,512,0,0,245,0,0,267,0,0,512,4.028573513031006,58.92613220214844,0,0
214,A,214,0.0033745053224265575,0.09166540205478668,nan,nan,512,0,0.0033745053224265575,0.09166540205478668,all_rows,512,0,0.004279374610632658,0.0419921875,-0.0019560687243938444,0.004170224186964333,0.15971908706706017,7fd82768a73b4bb120b4cfab700dd2da:0:0,822addce98ecb74dbb3b17ecc0cecd03:0:0,3ca8bb60eb4ec320fc6601b844f78f52:0:0,d0db1f041530530ed78d15782410b90e:0:1621607186,a30346dc8df08dad10dacacafdbe1481:1:376458905,10,1.0,0,0,0,0,0,0,512,0,0,512,0,0,262,0,0,250,0,0,512,4.047933101654053,58.569602966308594,0,0
215,A,215,0.0007841287879273295,0.08328605443239212,nan,nan,512,0,0.0007841287879273295,0.08328605443239212,all_rows,512,0,0.0039943209849298,0.1158203125,-0.00514801744138822,0.003454696503467858,0.1619014530442655,9c1cf5ec0b9a9d204d169b8c47ea9eda:0:0,74587a997c70ff1f8ee1942cc0a9b9a5:0:0,aefd60b536d85f66f0c82944772f59c2:0:0,b778546a2905aad1dfa7e853a0939d0e:0:3788262577,df37953b7cfd2c9d4533d318103cf995:0:143410905,10,1.0,0,0,0,0,0,0,512,0,0,512,0,0,263,0,0,249,0,0,512,4.018847465515137,59.534339904785156,0,0
216,A,216,0.003435221267864108,0.08703751116991043,nan,nan,512,0,0.003435221267864108,0.08703751116991043,all_rows,512,0,0.003241034224629402,0.0408203125,-0.0025651735719293355,0.003791720699518919,0.1605401299893856,cfa912037ed5cea3f278517387076ada:0:0,454e8020b1d272ecf70540553b5499f1:0:0,12d6f9c81ffa149b7a3a8907cd25cabd:0:0,ac74bbf875b1d31fa82a11670ad6810e:0:1408232682,05f8da7abe748fe8ec124d2efd34f333:0:4109716394,10,1.0,0,0,0,0,0,0,512,0,0,512,0,0,263,0,0,249,0,0,512,3.9128100872039795,60.08039855957031,0,0
217,A,217,0.0017098989337682724,0.0747123584151268,nan,nan,512,0,0.0017098989337682724,0.0747123584151268,all_rows,512,0,0.006411893758922815,0.0318359375,-0.0018979791144374757,0.0027708753594197335,0.15968823293223977,9cd1b39245aa8166fa9c13ad2d6436da:0:0,dbf13698d72e68144c980e64a737aaa6:0:0,589a067edea1e901b19e77b8324a6d18:0:0,bde360426a7d4795068cf41662d9650e:0:682103112,f7edcea8b64f76cde7a3029f488d6c7b:0:2188796351,10,1.0,0,0,0,0,0,0,512,0,0,512,0,0,250,0,0,262,0,0,512,4.0395426750183105,59.07901382446289,0,0
218,A,218,-0.004025297239422798,0.07990604639053345,nan,nan,512,0,-0.004025297239422798,0.07990604639053345,all_rows,512,0,0.006345666944980621,0.0494140625,-0.0035392390098422767,0.0031847669393755495,0.1600007760571316,fbda8a15af0b06fa8bd344853b0102da:0:0,20498cb1f036789f7388c668a9026fc6:0:0,93e9cf8a1a8fa0aa72a55ddac79e00d4:0:0,d87985493d54ee53b9afb3c5a89c490e:0:1490694743,1a7bf43456820a06b1765cf44743a228:0:3131848355,10,1.0,0,0,0,0,0,0,512,0,0,512,0,0,249,0,0,263,0,0,512,3.871845245361328,60.5622444152832,0,0
219,A,219,-0.003084371332079172,0.0797615647315979,nan,nan,512,0,-0.003084371332079172,0.0797615647315979,all_rows,512,0,0.004635290242731571,0.062890625,-0.006285966606810689,0.003177044354379177,0.16003538097720593,fa8367a98d87b7edd4fe8647afddceda:0:0,bc165b1213583e6ddd51a8609ee0d8ab:0:0,b428d70abdc88a0292800bfce43a3cd0:0:0,2495ceaa026dded64dd733d8dc1f2d0e:0:3962872190,9ca0402597dfe82a3fa165ab9006c76e:1:470790750,10,1.0,0,0,0,0,0,0,512,0,0,512,0,0,250,0,0,262,0,0,512,3.7367560863494873,61.980167388916016,0,0
220,A,220,-0.0015690893633291125,0.08486244827508926,nan,nan,512,0,-0.0015690893633291125,0.08486244827508926,all_rows,512,0,0.0016594824846833944,0.0255859375,-0.0014014381915330887,0.0035963879665359853,0.164573440910317,7fca8430425801a5d98dbb408bfa9ada:0:0,d3449bd0795c0dfb30b1f1354d80be23:0:0,3ca71d9fb6d522ca5fdbc2f887784fef:0:0,cf45ee93adeb068400ae17b3fd62110e:0:2133068305,84b34f0d1def491f2411d1d540d6904b:1:782036138,10,1.0,0,0,0,0,0,0,512,0,0,512,0,0,255,0,0,257,0,0,512,3.6328375339508057,62.80881118774414,0,0
221,A,221,0.01472148671746254,0.0797012597322464,nan,nan,512,0,0.01472148671746254,0.0797012597322464,all_rows,512,0,0.004114739131182432,0.041796875,-0.007326784497126937,0.003102647967170924,0.15986315591726452,0e039729974f2b753d8005bbcf5766da:0:0,16e9c83f373f21943bbcb7b6950e6fa7:0:0,339f61506a3391e86811b26d432be237:0:0,f71eed0bd3e8ab04a544c2bb0c64f50e:0:2463202694,2164dd2cbb55075306c6f23ea36043f6:0:2770838063,10,1.0,0,0,0,0,0,0,512,0,0,512,0,0,247,0,0,265,0,0,512,3.5791327953338623,62.50067901611328,0,0
222,A,222,0.0036040034610778093,0.08135288208723068,nan,nan,512,0,0.0036040034610778093,0.08135288208723068,all_rows,512,0,0.005910505075007677,0.090234375,-0.005188652407377958,0.0032865680754184724,0.15954174904618412,c66ad6a2e508d2f41163c80579f432da:0:0,94287d3f87979df348b6b89a1f615868:0:0,af8d891188b3bb5f15f1d346edf26890:0:0,440d785ebb51ca54881158520927d90e:0:162358798,72aa0aa03c6fbf105df8f048db67294c:0:1888052674,10,1.0,0,0,0,0,0,0,512,0,0,512,0,0,247,0,0,265,0,0,512,3.6567575931549072,61.6331787109375,0,0
223,A,223,0.006956142373383045,0.08271253854036331,nan,nan,512,0,0.006956142373383045,0.08271253854036331,all_rows,512,0,0.005500175524502993,0.0580078125,-0.006805051653645933,0.0034132328815758227,0.16071592003572732,7074858a42991f979e56a4698bd0feda:0:0,ca4780af4f579d929ad5c9be4706c8b3:0:0,868b3d534d7d6e92a83d7c974ba34931:0:0,9bf9f4ed17e3589852efbbdcf3aabd0e:0:3348178838,58f7f82235df5d0a2e8fa5e15d065e77:1:1678636505,10,1.0,0,0,0,0,0,0,512,0,0,512,0,0,254,0,0,258,0,0,512,3.453007936477661,60.983543395996094,0,0
224,A,224,-0.002121296711266041,0.08440836519002914,nan,nan,512,0,-0.002121296711266041,0.08440836519002914,all_rows,512,0,0.006684392224997282,0.03828125,-0.001964807976037264,0.003552320972084999,0.16030193399637938,e386238dbc0cad8a32057d3404edcada:0:0,c1fe3d2768effc55612f2ec8f4fde537:0:0,d51f5827603dd9bac0426c71b01a32ad:0:0,39f72bdf7fc15bb0f12190bfcbeda10e:0:3942327130,416d9e6c053bbc071ca2584ddff6befa:1:50159055,10,1.0,0,0,0,0,0,0,512,0,0,512,0,0,252,0,0,260,0,0,512,3.2804698944091797,60.260231018066406,0,0
225,A,225,0.0023273921106010675,0.0789053812623024,nan,nan,512,0,0.0023273921106010675,0.0789053812623024,all_rows,512,0,0.006988481152802706,0.0498046875,-0.004025057097896934,0.0031119374092668296,0.18974899500608444,f2c5848ecd042fc2eaac74b0e54a96da:0:0,4f3f408947bf971f091128a085bef8a8:0:0,9809ccd9f6fd5a0e69e104bb3bd5b77a:0:0,f872859d7101e48f734e3a5e91f0850e:0:754122511,033cd2106617d934485b74ff384da67f:1:1265084143,10,1.0,0,0,0,0,0,0,512,0,0,512,0,0,233,0,0,279,0,0,512,3.143815279006958,61.625267028808594,0,0
226,A,226,0.009176909923553467,0.07927267253398895,nan,nan,512,0,0.009176909923553467,0.07927267253398895,all_rows,512,0,0.00495194224640727,0.021875,-0.00414258826058358,0.003112498903647065,0.15905911207664758,e77c15919cb7c95d8316ed2c2ce762da:0:0,ed95b323eeebb0e9bc28ceafdbe8547a:0:0,1d2114d43971e7c1989001a728a323f1:0:0,ae41ae3b7b91e648f382dc1d45b3690e:0:1153942609,8b7add09f07f89e4e951179adebd65f3:0:3417357061,10,1.0,0,0,0,0,0,0,512,0,0,512,0,0,256,0,0,256,0,0,512,3.100179672241211,62.278343200683594,0,0
227,A,227,0.0016487754182890058,0.0787026435136795,nan,nan,512,0,0.0016487754182890058,0.0787026435136795,all_rows,512,0,0.0018836684757843614,0.0396484375,-0.0030093692243099214,0.002991077385377139,0.16181565402075648,b67160eeb8ae1e321e9f88f1dbc42eda:0:0,4dc68c6b4959ce035a65d2b8294564d8:0:0,a9ef9b1346aa4074a10261c181598bb7:0:0,e0335769e3d7eaea7932595fe7364d0e:0:17708548,a2b3b501e82e663289bcd58d5d0eac5a:0:2360680650,10,1.0,0,0,0,0,0,0,512,0,0,512,0,0,271,0,0,241,0,0,512,3.256558656692505,61.79646682739258,0,0
228,A,228,0.0038690264336764812,0.0893545001745224,nan,nan,512,0,0.0038690264336764812,0.0893545001745224,all_rows,512,0,0.004058475606143475,0.041015625,0.000678539602085948,0.003930809209123254,0.16279914800543338,76d77b6d4b731aad15302a4df1e0fada:0:0,922d61159d0a02db9117a37ccc5cbdf9:0:0,d46e0ffe615befec62e7d87cffbcb0f2:0:0,8ab784c2d278a60cdd35558a7679310e:0:687891904,e3ea8b1ff8f931a6e95066119f59b190:1:3136097895,10,1.0,0,0,0,0,0,0,512,0,0,512,0,0,262,0,0,250,0,0,512,3.3160078525543213,61.136016845703125,0,0
229,A,229,-0.0023574475198984146,0.07728986442089081,nan,nan,512,0,-0.0023574475198984146,0.07728986442089081,all_rows,512,0,0.006811830215156078,0.0609375,-0.004685491020791232,0.002982594445347786,0.15941033500712365,3d2e67cb0c9a72e6bf41f38c6f3dc6da:0:0,a50df7337a319ad911a06bca516c880f:0:0,61ded5dd79c83c3a23a6593d49a9d185:0:0,37076cace5a16528adca3400f37c150e:0:2167723626,7947eec60dc3ede307e679050de2d681:1:8711561,10,1.0,0,0,0,0,0,0,512,0,0,512,0,0,257,0,0,255,0,0,512,3.2396819591522217,60.96413803100586,0,0
230,A,230,0.004022540990263224,0.0785137191414833,nan,nan,512,0,0.004022540990263224,0.0785137191414833,all_rows,512,0,0.006276278290897608,0.0505859375,-0.005018943268805742,0.0030610406422056256,0.1603624999988824,6120ae166759d8fb41dd46f953da92da:0:0,32912c345e196460023f2c4aac23a9d3:0:0,4ffd681ea3b29be8e99bf727d415241c:0:0,baad795cb83c5daa129518275e3ef90e:0:2247071754,6b91f16efb37efdcd231c08ff20cc268:0:1321954606,10,1.0,0,0,0,0,0,0,512,0,0,512,0,0,258,0,0,254,0,0,512,3.3865842819213867,61.48548126220703,0,0
231,A,231,0.004406746476888657,0.07766126841306686,nan,nan,512,0,0.004406746476888657,0.07766126841306686,all_rows,512,0,0.0017955091316252947,0.05234375,-0.00024755008053034544,0.00301949871936813,0.1608475330285728,6a0b601e9506eaa25a99c6e09fb75eda:0:0,1994cf8a8b9990cce2d6191611dfe5b2:0:0,bf42d22fa2f96df32a84e1eeeb7f0fa3:0:0,b52b5ad5b372d8c4b09fe561b6c1dd0e:0:4255133080,ec9dbe6015041eee050dc10a28a49ee2:1:839904583,10,1.0,0,0,0,0,0,0,512,0,0,512,0,0,253,0,0,259,0,0,512,3.4663829803466797,60.87126159667969,0,0
232,A,232,0.0019522865768522024,0.08769814670085907,nan,nan,512,0,0.0019522865768522024,0.08769814670085907,all_rows,512,0,0.00265137804672122,0.0232421875,-0.004521582112647593,0.0037864280515350402,0.15900990401860327,69e68c1ca8c4d6072b9e558e52d42ada:0:0,828e9d3fc7a61016ac76e8d02e76f14f:0:0,4746b682650c03ee220bcaeed1363859:0:0,eb7e64203ee13d078e5a3f13fd04c10e:0:1226231024,384203bf1abd52311ae217c800bd467f:0:1362659968,10,1.0,0,0,0,0,0,0,512,0,0,512,0,0,256,0,0,256,0,0,512,3.4873604774475098,60.37591552734375,0,0
233,A,233,-0.0014279213501140475,0.08119288086891174,nan,nan,512,0,-0.0014279213501140475,0.08119288086891174,all_rows,512,0,0.0036583454348146915,0.0294921875,-0.0006710041780024767,0.0032986496691592036,0.15857914101798087,78d8b297c9adb5e007a1154e6d30f6da:0:0,ef2b8a29e0df9ab5b07cef15a1a052c4:0:0,1752047eddcc67b601d03ce152b0ef05:0:0,d2299b4123e0f5b0f79988a23107a50e:0:20853038,9a08e5c36568bbd0d29c99aaa8d802e3:1:2805383908,10,1.0,0,0,0,0,0,0,512,0,0,512,0,0,276,0,0,236,0,0,512,3.4661107063293457,59.89870834350586,0,0
234,A,234,0.0009956394787877798,0.08230256289243698,nan,nan,512,0,0.0009956394787877798,0.08230256289243698,all_rows,512,0,0.0017535712104290724,0.0486328125,-0.0025302324444055556,0.003378550161141902,0.15944275096990168,5428346618c3a4c63de7686ceecdc2da:0:0,6e5b15ef954232fe3dc5f44aeb10dbf2:0:0,21efaef8f10d7b9c5dc4c0cc952f2a93:0:0,b9f8f4d3b84c37c26198e57052ca890e:0:1183820314,79fa56bfd1c3face443ed184cc4fbb04:0:1982924584,10,1.0,0,0,0,0,0,0,512,0,0,512,0,0,265,0,0,247,0,0,512,3.3675761222839355,59.252262115478516,0,0
235,A,235,-0.0008332610595971346,0.08343644440174103,nan,nan,512,0,-0.0008332610595971346,0.08343644440174103,all_rows,512,0,0.007826832123100758,0.0392578125,-0.005526454979553818,0.0034709793399088085,0.16198645997792482,e0b8d98afff587cde645f135d7aa8eda:0:0,0408d3080e8575a305babfd582a2b9f4:0:0,02f3de4e0d25392ed1448830b26b346f:0:0,f7a2297e251fa4d44ef938e2624d6d0e:0:3403189474,d169dbabb8a75ee81cb46f7311b859ee:0:3679292049,10,1.0,0,0,0,0,0,0,512,0,0,512,0,0,246,0,0,266,0,0,512,3.4302926063537598,58.765052795410156,0,0
236,A,236,-0.0006855793762952089,0.08093270659446716,nan,nan,512,0,-0.0006855793762952089,0.08093270659446716,all_rows,512,0,0.007517745718359947,0.058203125,-0.005782544927205891,0.0032549663563258948,0.16125236602965742,83118992e783905dad2091f527c75ada:0:0,88f477e813d2f7857e8994d2e8d61ba5:0:0,1cc91862c97cb3ff01b3d7576c683ecf:0:0,d07d6cccdd5dcbaa33c1265c5f90510e:0:3299412012,b7707a3dce86a248948e46eb5bfe4fc5:1:3870600135,10,1.0,0,0,0,0,0,0,512,0,0,512,0,0,272,0,0,240,0,0,512,3.4168286323547363,57.885650634765625,0,0
237,A,237,0.005052438471466303,0.0847129300236702,nan,nan,512,0,0.005052438471466303,0.0847129300236702,all_rows,512,0,0.004351579584181309,0.028515625,-0.0019009331241250037,0.0035844165598973633,0.16187007701955736,ec4711eb8f0f75469f6a6cf6df2426da:0:0,7fa0c3702f68bab6eecd29864b7d184e:0:0,72d6d355b2af6dd723a14cf3e920792e:0:0,c48b0a5819988686595d11424a93350e:0:227355013,cab14391191350288ab6101bd8f03f36:1:3571626104,10,1.0,0,0,0,0,0,0,512,0,0,512,0,0,263,0,0,249,0,0,512,3.3129379749298096,59.469844818115234,0,0
238,A,238,-0.0035849716514348984,0.08154956251382828,nan,nan,512,0,-0.0035849716514348984,0.08154956251382828,all_rows,512,0,0.0033688494004309177,0.0267578125,-0.003312896308489144,0.0033102180692367255,0.16108373692259192,2b5c669787a4631bf6a5e486fdc0f2da:0:0,34923ade8aef9d21a5120daad0969ae3:0:0,5a64df0ff8a0412985821f974e009861:0:0,c59a8f6bec84373dc29f1cf82356190e:0:3385452521,ff93ab60e7f6388fa91ba203a75fff01:1:2903511750,10,1.0,0,0,0,0,0,0,512,0,0,512,0,0,273,0,0,239,0,0,512,3.2224600315093994,59.85530090332031,0,0
239,A,239,-0.004242745228111744,0.0814148411154747,nan,nan,512,0,-0.004242745228111744,0.0814148411154747,all_rows,512,0,0.00898880884051323,0.0482421875,-0.0029332891572266817,0.0032964815851300954,0.160982710076496,8cef257a8c02a3cae4e49af1839dbeda:0:0,ba3e73ccff61c6f1728ef3642a8a5e08:0:0,b38251c1e36be953427a32836b49372c:0:0,da6cacc144f8e10c0fbf2ce1e9d8fd0e:0:1308656308,d3a207d4a919f476d9d62f549d65186c:1:1116209991,10,1.0,0,0,0,0,0,0,512,0,0,512,0,0,255,0,0,257,0,0,512,3.0740551948547363,59.980228424072266,0,0
240,A,240,-0.0047597941011190414,0.08974581956863403,nan,nan,512,0,-0.0047597941011190414,0.08974581956863403,all_rows,512,0,0.0017799637280404568,0.0265625,-0.0010100157232955098,0.004006676923017949,0.16145544894970953,1ea04c5bb47afd7260c7728270ba8ada:0:0,6280aafaff585f11d25d4b47ba48e56d:0:0,1dd474a1eab751ba5726fedcf1057292:0:0,60d2652bf1c52027625ae4639e1be10e:0:3737200898,bd29df3fd2c1678ebf6049b808990dd4:1:756004016,10,1.0,0,0,0,0,0,0,512,0,0,512,0,0,261,0,0,251,0,0,512,2.946749448776245,61.623538970947266,0,0
241,A,241,-0.016138095408678055,0.08580002188682556,nan,nan,512,0,-0.016138095408678055,0.08580002188682556,all_rows,512,0,0.0047066728584468365,0.039453125,-0.0028929802123457194,0.0035103537840768693,0.15683042106684297,8fd50599c3a5c87af17e8d85c51756da:0:0,323860a3377c877d3866c662597dc776:0:0,224cbe62ba0276e9393a342f2d891567:0:0,68da6b777bb6ff144175a6e1401ec50e:0:3926820490,ef190d44a4e05c3edfb3b594cfdaeda9:0:358029837,10,1.0,0,0,0,0,0,0,512,0,0,512,0,0,246,0,0,266,0,0,512,2.976921558380127,62.20722579956055,0,0
242,A,242,-0.00038336485158652067,0.08793050050735474,nan,nan,512,0,-0.00038336485158652067,0.08793050050735474,all_rows,512,0,0.00704212998971343,0.103515625,-0.003475628583692014,0.0038315771031193434,0.15697297092992812,ad6a2f6d0941bcee7ac94e4780b422da:0:0,d63e5c82009bf9491ffb574dad5f0dd2:0:0,1d0edc69edb73c2f460a62515fede3c7:0:0,4ad0c3026a3ea9b97d7897becfe1a90e:0:3224227306,4404c2af1f88f0c0d685a8d46b5c0679:0:2069678400,10,1.0,0,0,0,0,0,0,512,0,0,512,0,0,272,0,0,240,0,0,512,3.033999443054199,62.396419525146484,0,0
243,A,243,0.003560922108590603,0.0776350125670433,nan,nan,512,0,0.003560922108590603,0.0776350125670433,all_rows,512,0,0.002824209863319993,0.0185546875,-0.0008068973198533058,0.0029923974303528666,0.16050759505014867,e106cd719886771008f65713a390eeda:0:0,c88ffcf9eb7ad005d1c7a3edf10ad4cc:0:0,7e53b1cdac1c495e2ec25a20f4f88227:0:0,6feccbfd470efe3414329a604d648d0e:0:1296983887,c5e60fc99d840c24c47813c716392d66:1:235357662,10,1.0,0,0,0,0,0,0,512,0,0,512,0,0,238,0,0,274,0,0,512,3.124612808227539,61.29417037963867,0,0
244,A,244,0.002029628260061145,0.07933995127677917,nan,nan,512,0,0.002029628260061145,0.07933995127677917,all_rows,512,0,0.0053352913819253445,0.046875,-0.004689012188464403,0.0031463442370295524,0.15861722093541175,f61dec13cf36b3339ce38a362dadbada:0:0,228dd6c248b1d99b97ce91c8d41d6646:0:0,c979bbbad5b45d0fccdfbe471778e9f1:0:0,17c6dd88751ffb6b14d85229b8a7710e:0:672724093,dafe986573336f81065285d0ae5eec1a:0:2960578421,10,1.0,0,0,0,0,0,0,512,0,0,512,0,0,260,0,0,252,0,0,512,3.0284483432769775,61.32258605957031,0,0
245,A,245,-0.0002501543494872749,0.08198665082454681,nan,nan,512,0,-0.0002501543494872749,0.08198665082454681,all_rows,512,0,0.004952653311192989,0.0650390625,-0.0066913185641169545,0.0033317069173790514,0.15781558502931148,f5a7a1586abe40d5f7fe09fb1f0a86da:0:0,c738d15d455807401c8c1df5cc8e8ce9:0:0,6e77bd5276f0675383c8ab4cf58069cf:0:0,80d06d41af770d638404227f11aa550e:0:3202177133,5425eb5ed02acabd9bae9f112d110059:0:3730253436,10,1.0,0,0,0,0,0,0,512,0,0,512,0,0,231,0,0,281,0,0,512,3.0891106128692627,59.90060043334961,0,0
246,A,246,0.007585108280181885,0.0849403440952301,nan,nan,512,0,0.007585108280181885,0.0849403440952301,all_rows,512,0,0.004460722208023071,0.050390625,-0.0005719848908483982,0.0035832600435242055,0.1577546460321173,3562c658a8a7acf4684238ae77a752da:0:0,0d7eeabfcabbc56eb9527d798418c575:0:0,01e0c09643c82ddb6b67d380e9680a01:0:0,0dd08527c41937543fb62ec4586d390e:0:1179440508,2fdbac78cb5a85354965bf3dbff89ee7:1:2051856322,10,1.0,0,0,0,0,0,0,512,0,0,512,0,0,253,0,0,259,0,0,512,3.141676902770996,58.95957565307617,0,0
247,A,247,-0.0019648135639727116,0.08370788395404816,nan,nan,512,0,-0.0019648135639727116,0.08370788395404816,all_rows,512,0,0.004378974437713623,0.0396484375,0.0017299249302595854,0.003490312583744526,0.16043921397067606,c74dc0aa2fb5a3a4943bb89c37841eda:0:0,c8670066b6b7aada9c7807d90af5b2c1:0:0,a89603829cdf3e4494a77aaf28743ff8:0:0,9b91ee10df8b1b79e3545a5d8cf01d0e:0:894299161,3ebc8e35ed27bff5820b0c90d56c0b31:1:1770617199,10,1.0,0,0,0,0,0,0,512,0,0,512,0,0,242,0,0,270,0,0,512,3.088334083557129,59.3817253112793,0,0
248,A,248,8.18085391074419e-06,0.07764554023742676,nan,nan,512,0,8.18085391074419e-06,0.07764554023742676,all_rows,512,0,0.004404732026159763,0.0541015625,-0.00021253721788525582,0.002976441092323512,0.16046406200621277,51343ac9beec08ec47056c105ea0eada:0:0,0b730a26109000389f8a5ae13296e2f8:0:0,8bbdaa12a73d5730babc94fd50e33dd8:0:0,0640fe457d42e0aaabaa48aeaf33010e:0:1458920309,42bcfde220ac0242f19d9b65d134b6a2:0:3034624801,10,1.0,0,0,0,0,0,0,512,0,0,512,0,0,246,0,0,266,0,0,512,3.1145644187927246,58.59282684326172,0,0
249,A,249,0.004988084547221661,0.08451719582080841,nan,nan,512,0,0.004988084547221661,0.08451719582080841,all_rows,512,0,0.006788103841245174,0.066015625,-0.005408810242079199,0.0035522680380381646,0.16062134795356542,01f1fe7edfd4c8d93c497556ecfdb6da:0:0,425175be7df2997201d79fab83b522c6:0:0,b23059680dde6d09865feb1a308c7726:0:0,ab2c6927d16ff5aa5ae95d1bbf35e50e:0:253466244,d10b0bfb9f62cd89f5cea75cfaa1624b:0:1523218012,10,1.0,0,0,0,0,0,0,512,0,0,512,0,0,255,0,0,257,0,0,512,3.156867742538452,57.993560791015625,0,0
250,A,250,-0.003448694245889783,0.07756414264440536,nan,nan,512,0,-0.003448694245889783,0.07756414264440536,all_rows,512,0,0.005624077748507261,0.0404296875,-0.0018856929382309318,0.002993362082634121,0.1629287430550903,e1a0440e194c5ed8ec4136bbe29a82da:0:0,0437dd1992bd51182cd760faa9af798c:0:0,5159e3828592ec4e244f1934510580d1:0:0,4f76be25407cb23e1ca8bb08bcf8c90e:0:2405829243,876df0f407d889b11428ccc9644fc7f1:1:2982913824,10,1.0,0,0,0,0,0,0,512,0,0,512,0,0,244,0,0,268,0,0,512,3.428148031234741,57.16575622558594,0,0
251,A,251,0.0004848482785746455,0.07655441761016846,nan,nan,512,0,0.0004848482785746455,0.07655441761016846,all_rows,512,0,0.0011234648991376162,0.059765625,-0.00022001687902957202,0.0029148416593670844,0.16004939191043377,228ab4ee6022145057b5528b3f774eda:0:0,5e9dede207fd8f97040fb0bdfd08eb3e:0:0,35063c0508dd058c5dc6d4a3aa8677fd:0:0,0c857a8538add60069e545d9a87bad0e:0:3433826283,93d6955d03284837854bb4348db501f2:1:2565461148,10,1.0,0,0,0,0,0,0,512,0,0,512,0,0,252,0,0,260,0,0,512,3.4222488403320312,57.85566711425781,0,0
252,A,252,0.005384381860494614,0.0811767652630806,nan,nan,512,0,0.005384381860494614,0.0811767652630806,all_rows,512,0,0.004504368640482426,0.04453125,-0.002062356285750866,0.0032940102159045638,0.15716304001398385,69c41895c2d7f673d3fdab1103941ada:0:0,eb02c7d91037c79a10c094ac16de6de0:0:0,005dd70895a7ce37546407da89d8f069:0:0,855eaafe8243e4f4ed01a0f281be910e:0:33471229,eda7a3aaec8ea3978eafb0dc60185d95:0:1627549393,10,1.0,0,0,0,0,0,0,512,0,0,512,0,0,271,0,0,241,0,0,512,3.3558106422424316,58.07897186279297,0,0
253,A,253,-0.0012622229987755418,0.08107606321573257,nan,nan,512,0,-0.0012622229987755418,0.08107606321573257,all_rows,512,0,0.005977363791316748,0.03828125,-0.004151908517815173,0.003276643343269825,0.1612172939348966,46c025d08dce835ed70162992ef0e6da:0:0,96c31153757d436cdf0a6b351974463f:0:0,2c668b267829eac0192406bad67c56a2:0:0,826f1751da8261dc65c62fb748c1750e:0:2453869778,00a693d9413df054237d3d49a4637a76:0:601599632,10,1.0,0,0,0,0,0,0,512,0,0,512,0,0,243,0,0,269,0,0,512,3.3885459899902344,57.327754974365234,0,0
254,A,254,0.004994128830730915,0.07608246803283691,nan,nan,512,0,0.004994128830730915,0.07608246803283691,all_rows,512,0,0.004567333031445742,0.04375,-0.0042331347707659,0.0028851906303316356,0.15810450306162238,48b842f565280e6bc336db6fc18db2da:0:0,ca6d8527bfef7ee37f3c4d37e6483c5a:0:0,7f3c9c6425172974450acca433b68651:0:0,f120d37e6e00e6488d61158bfd84590e:0:3290197849,4f3382a15f9163a6748b43efaf06931e:0:4262922103,10,1.0,0,0,0,0,0,0,512,0,0,512,0,0,234,0,0,278,0,0,512,3.5212948322296143,56.052242279052734,0,0
255,A,255,0.004928186535835266,0.08068408071994781,nan,nan,512,0,0.004928186535835266,0.08068408071994781,all_rows,512,0,0.0019478858448565006,0.0208984375,-0.0014444475062191486,0.0032441398012451827,0.15750034397933632,56141b2811afdbcbb3a3b7e0bb6a7eda:0:0,6e8e92cb14dcc81f04ae2f55a5a6f8d7:0:0,225bbd0d0f75ff827da8cf6a20a3b066:0:0,f7fcd77a86aa186ffa6635d4a0073d0e:0:1826035057,1e50f82635113309c2be80634dc5d5da:1:2813975792,10,1.0,0,0,0,0,0,0,512,0,0,512,0,0,253,0,0,259,0,0,512,3.432396173477173,57.2061882019043,0,0
256,A,256,-0.002199147827923298,0.07825202494859695,nan,nan,512,0,-0.002199147827923298,0.07825202494859695,all_rows,512,0,0.004818478599190712,0.02578125,-0.0015804212540388106,0.003056571411434561,0.1586642770562321,24d4d6bbfe10f35e47dcda381c874ada:0:0,7d6f615c067f11be632292ce8b350c2d:0:0,2515c57f04d49049fa84dc1e8208a9e0:0:0,2489e7b081cc7ec204cf33f5304a210e:0:3859817322,073d04082e7e6a6852602502b882d557:1:2863566981,10,1.0,0,0,0,0,0,0,512,0,0,512,0,0,238,0,0,274,0,0,512,3.3285295963287354,57.628910064697266,0,0
257,A,257,-0.0034434678964316845,0.0804605484008789,nan,nan,512,0,-0.0034434678964316845,0.0804605484008789,all_rows,512,0,0.003268567379564047,0.01875,-0.0010369873605668544,0.00322506750235334,0.15739986405242234,fa5a78a6a1a8aac9700664c1e4e416da:0:0,b9cef4ff83dc94dd550a06234f2e3f36:0:0,b0d8bca7b5038e4af5dba79141eb6699:0:0,7b77a5d5e2a1313aa9fb7351ae4d050e:0:867225811,c7a1dcc8c68e56045661bde219a3544b:0:815099798,10,1.0,0,0,0,0,0,0,512,0,0,512,0,0,252,0,0,260,0,0,512,3.169452428817749,58.13353729248047,0,0
258,A,258,0.0024603952188044786,0.07524465024471283,nan,nan,512,0,0.0024603952188044786,0.07524465024471283,all_rows,512,0,0.003472224809229374,0.0658203125,-0.003124638996087015,0.0028348845429718495,0.15884170203935355,340662d15640e6d138d3b9ca1480e2da:0:0,be132c683303e2744447b89a8705a06c:0:0,e4402e1391481f220ffc1a121bec8bd1:0:0,33a6130815ac687670b0174e1a0fe90e:0:394539360,57c51e2f167a319957475762a4ce0fe8:0:2717091844,10,1.0,0,0,0,0,0,0,512,0,0,512,0,0,276,0,0,236,0,0,512,3.1170105934143066,58.97151184082031,0,0
259,A,259,0.0047736200504004955,0.07780926674604416,nan,nan,512,0,0.0047736200504004955,0.07780926674604416,all_rows,512,0,0.0027646697126328945,0.0140625,-0.0007014061324298382,0.0030219343840144574,0.15941063594073057,907c4ef955fe13ef97877b9cab5daeda:0:0,d1c68b22bef423e585974e9c4946731e:0:0,fe5bb8b21048d3aec1b70cba3ae15e9a:0:0,ef002170395bea864d18034e7392cd0e:0:1124353993,b3bfcae6074c2fe59daba90823f3ff8e:0:1055017981,10,1.0,0,0,0,0,0,0,512,0,0,512,0,0,272,0,0,240,0,0,512,3.1290647983551025,58.53950881958008,0,0
260,A,260,-0.003509544301778078,0.07402435690164566,nan,nan,512,0,-0.003509544301778078,0.07402435690164566,all_rows,512,0,0.0038412809371948242,0.046875,-0.005141545692458749,0.0027439439203590156,0.15807310806121677,c9d421abdeccd62c35f38c85a97a7ada:0:0,24d04064287accb9bf440e7a8fd57c39:0:0,6c17626bcf102337fc2d5b2fd4439b69:0:0,26ab2d050047558384c3dab6bad5b10e:0:1188115579,0d4ce5f06756dfbc1c770e20b6d7fd28:0:2183626106,10,1.0,0,0,0,0,0,0,512,0,0,512,0,0,259,0,0,253,0,0,512,3.029552459716797,59.279296875,0,0
261,A,261,-0.026665452867746353,0.09052382409572601,nan,nan,512,0,-0.026665452867746353,0.09052382409572601,all_rows,512,0,0.004191320855170488,0.047265625,-0.003325428860262036,0.003376279037911445,0.1585326660424471,d332e0cbb89b70343e790ed10ed746da:0:0,ba41e83c6cd5a6eea6b2ec87d45960b4:0:0,b0667b8b675f86a3065d91d4a0e73b40:0:0,087d5057817647e392aa00eaefd8950e:0:1723192367,46b42b2248b07a04ee6bf16aad656e02:0:2315474031,10,1.0,0,0,0,0,0,0,512,0,0,512,0,0,248,0,0,264,0,0,512,3.109118938446045,58.18943786621094,0,0
262,A,262,0.00220128009095788,0.08037208020687103,nan,nan,512,0,0.00220128009095788,0.08037208020687103,all_rows,512,0,0.011828658170998096,0.075390625,-0.005391695047728717,0.0032363216858357193,0.1616274219704792,ff37c6ec9baae1b2280864cadb7412da:0:0,bf682e151c9ca1c132f552b1709f4c97:0:0,f4c98809b1b4352ff7d6feba1a094223:0:0,ffc18bad8b10668c0b26994f129b790e:0:3922601413,4e1288f49c6d92329f33972f492be645:1:3465476644,10,1.0,0,0,0,0,0,0,512,0,0,512,0,0,264,0,0,248,0,0,512,3.1318037509918213,57.31996154785156,0,0
263,A,263,0.008641483262181282,0.07079393416643143,nan,nan,512,0,0.008641483262181282,0.07079393416643143,all_rows,512,0,0.006482833530753851,0.109375,-0.0052976460661739114,0.002471244928892702,0.16058875294402242,7fb3e8b03443bce5822130bf0f50deda:0:0,de9241efe9787d9fa9e0ea5b06e59d5a:0:0,82c3b543ac4e47ed2b92a243fee5dde4:0:0,60ca9a01cbdb40a67ffb8747231e5d0e:0:3307055135,613744410ecffe0834fb9f050b326e5b:0:4254094165,10,1.0,0,0,0,0,0,0,512,0,0,512,0,0,247,0,0,265,0,0,512,2.993725061416626,59.009952545166016,0,0
264,A,264,0.001317849033512175,0.07579676806926727,nan,nan,512,0,0.001317849033512175,0.07579676806926727,all_rows,512,0,0.004346036352217197,0.0580078125,0.00045215124264359475,0.0028082494507543744,0.15995334088802338,197f292fc11ab37ac0d254f9aa6daada:0:0,4c5e9633d3febec2ed745698d4b1687a:0:0,134d2e5146c109ebdc20ad544cf6dd4b:0:0,fb7418d7e7ea113464506e372161410e:0:2089933699,e574fea08ea310be756d8c4af8f258bd:1:213480763,10,1.0,0,0,0,0,0,0,512,0,0,512,0,0,249,0,0,263,0,0,512,2.9064958095550537,60.32339859008789,0,0
265,A,265,0.00032854662276804447,0.07292132079601288,nan,nan,512,0,0.00032854662276804447,0.07292132079601288,all_rows,512,0,0.005769108422100544,0.03984375,-0.0068030131980776785,0.002636456734035164,0.16087042994331568,982c4e5c89b0daa308b9f3c6acca76da:0:0,eba0f97369e4d0eb4c2b49807ffe7760:0:0,9e29b8dc3dd3f1b9afb82654348f078d:0:0,823555284ce35e62f0b2b1830d64250e:0:1099397996,33cab06fff64353706ebc4f73e6d9642:0:928207383,10,1.0,0,0,0,0,0,0,512,0,0,512,0,0,255,0,0,257,0,0,512,2.9817326068878174,59.5120964050293,0,0
266,A,266,0.0007381087634712458,0.07428934425115585,nan,nan,512,0,0.0007381087634712458,0.07428934425115585,all_rows,512,0,0.004221715033054352,0.0740234375,-0.006935105565935374,0.0027614196762442587,0.1667618720093742,8c1fe620a9fba66bfb056f72166742da:0:0,47d04f0d066bd1e38416f83113608de5:0:0,5d39edab4d66d8cf2b012dde1dce76f9:0:0,8791a0fd5a40769f0715748ee727090e:0:3736321992,bc04118890f5ffae22a661273dbf7bd7:0:3781122709,10,1.0,0,0,0,0,0,0,512,0,0,512,0,0,267,0,0,245,0,0,512,2.8906378746032715,60.687660217285156,0,0
267,A,267,0.0013546214904636145,0.07830258458852768,nan,nan,512,0,0.0013546214904636145,0.07830258458852768,all_rows,512,0,0.0064851343631744385,0.0421875,-0.0075785486260429025,0.0030552100972272454,0.16200115100946277,316258e8f0a09c5781716a47e7440eda:0:0,b0a9be6965ad22252c331d7ea98fff67:0:0,a4d3ad52c058132540e2fe986e00826b:0:0,203f8ab131eacb6916d19abeaea9ed0e:0:1731653136,e76a0292948a2617e4ddec4b99f05668:1:3690425478,10,1.0,0,0,0,0,0,0,512,0,0,512,0,0,257,0,0,255,0,0,512,2.847855567932129,61.68080139160156,0,0
268,A,268,0.008575600571930408,0.07672470062971115,nan,nan,512,0,0.008575600571930408,0.07672470062971115,all_rows,512,0,0.00943381804972887,0.081640625,-0.0034272274235263465,0.002939650835469365,0.1591742169111967,0dacfe1fcd10bd339a49c6941f60dada:0:0,d5d5217f511f9245299ceeac43c031da:0:0,650a0f3a79cc59ae8ccbf59194d692df:0:0,cb12a811459b29e900a5c77663ecd10e:0:3688483229,6187bf38b58fe12b2636810eee4bb67c:1:3294058311,10,1.0,0,0,0,0,0,0,512,0,0,512,0,0,277,0,0,235,0,0,512,2.701011896133423,62.76765823364258,0,0
269,A,269,-0.0004025741363875568,0.07659455388784409,nan,nan,512,0,-0.0004025741363875568,0.07659455388784409,all_rows,512,0,0.003491339273750782,0.0515625,0.00024215485900640487,0.0029198189615271984,0.1596979460446164,e7ec4b008acfa6322469a6a2bebda6da:0:0,828f89ea83395da23c433514b99dbcfa:0:0,0f5c95ac58fe7ea2b015613a484c13bc:0:0,e64ae502755ed141fab65e1a06efb50e:0:2120059961,d5ad3cf917448ddf9bb1f34e131e69ab:0:3866998818,10,1.0,0,0,0,0,0,0,512,0,0,512,0,0,254,0,0,258,0,0,512,2.627518653869629,63.51345443725586,0,0
270,A,270,0.00607768539339304,0.06717141717672348,nan,nan,512,0,0.00607768539339304,0.06717141717672348,all_rows,512,0,0.0051981001161038876,0.0638671875,-0.0038738765753805636,0.002247151732444763,0.16028609103523195,39fe440957326940ab3b6cbfc55a72da:0:0,a3054259e37730df3d37eb0fedcf2e62:0:0,9aa493b8cfca8fbcc693b4693117486f:0:0,8228669653a666a6748d820d97b2990e:0:3289710504,5ba8fac00fe7b1e9c6e2a118a7f3ef10:0:1367074421,10,1.0,0,0,0,0,0,0,512,0,0,512,0,0,251,0,0,261,0,0,512,2.6770663261413574,63.02095031738281,0,0
271,A,271,-7.23236589692533e-05,0.07216919213533401,nan,nan,512,0,-7.23236589692533e-05,0.07216919213533401,all_rows,512,0,0.0034370487555861473,0.026953125,-0.0016035970533266664,0.0025986815220676363,0.1596896309638396,2e143531cee21ca032b8bb3733373eda:0:0,a3d9da9f822d131107fdef432f45233a:0:0,330212274048501e04da61696ddd1b7c:0:0,984418d7e342c72bfb1b16b516357d0e:0:2346049256,bd48bce3bd355c3f79d077ef0f9fc90f:0:2518246741,10,1.0,0,0,0,0,0,0,512,0,0,512,0,0,276,0,0,236,0,0,512,2.6553268432617188,63.70288848876953,0,0
272,A,272,-0.011057067662477493,0.07223530858755112,nan,nan,512,0,-0.011057067662477493,0.07223530858755112,all_rows,512,0,0.0031712274067103863,0.0416015625,-0.001178561896085739,0.0026262897648848594,0.16016581503208727,a3115ceb106e21bd036a745508540ada:0:0,876b74f4c69d46c86f52cb93723fa1a3:0:0,1e88f53bc7b540f07c85bc24ebf38600:0:0,63f2e6ebe3b3b75f1cb4bf748278610e:0:3419820415,5364f926212fb63b51a2f46ab76ba35b:0:1096155180,10,1.0,0,0,0,0,0,0,512,0,0,512,0,0,249,0,0,263,0,0,512,2.7332661151885986,62.9211540222168,0,0
273,A,273,0.0051490431651473045,0.07453764230012894,nan,nan,512,0,0.0051490431651473045,0.07453764230012894,all_rows,512,0,0.005424220114946365,0.0794921875,-0.006491961586289108,0.0027397031779401006,0.16117630701046437,9dc5a9cd913a23467668ba6544b0d6da:0:0,af63a3b95fd60e12371c97ff608239c1:0:0,77d68bda2442a080e03a39fc959fd78f:0:0,97a46a76802c70974d15dfafdc7b450e:0:3403856300,f3c6f834d9dde36748442c8c6a93919b:1:3089976203,10,1.0,0,0,0,0,0,0,512,0,0,512,0,0,251,0,0,261,0,0,512,2.755465030670166,62.726585388183594,0,0
274,A,274,-0.004650481510907412,0.07558563351631165,nan,nan,512,0,-0.004650481510907412,0.07558563351631165,all_rows,512,0,0.006697815842926502,0.044140625,-0.004657273460179567,0.0028145411983132363,0.1616095129866153,ff3beab83213ca86c15aefb3e84da2da:0:0,5dbfc17d72e29610a733f1be2682dabf:0:0,acb8ab2b5cd31e19df6b0f0153f3a7e5:0:0,437d908df5b20c0ac95f9acb243e290e:0:621054498,42c3bdfda39e0f9ce87fb375295402f9:1:224766652,10,1.0,0,0,0,0,0,0,512,0,0,512,0,0,244,0,0,268,0,0,512,2.813392400741577,61.640480041503906,0,0
275,A,275,0.004516726825386286,0.0732913538813591,nan,nan,512,0,0.004516726825386286,0.0732913538813591,all_rows,512,0,0.00412616366520524,0.059375,-0.0028719423338770867,0.002683630189858377,0.17042621492873877,59bddd0350bc2bfac277b68cf32a6eda:0:0,2ca4227f7e76a87b1cdd4e5885fd3a90:0:0,9d4e74b54db975cf8805c793ec106e98:0:0,402447d784b7cba27c18d42a59c10d0e:0:3333176380,5a3b87920f647f57ea4c4e430d209016:1:331155137,10,1.0,0,0,0,0,0,0,512,0,0,512,0,0,250,0,0,262,0,0,512,2.879091739654541,59.9259147644043,0,0
276,A,276,0.00024198141181841493,0.08034569770097733,nan,nan,512,0,0.00024198141181841493,0.08034569770097733,all_rows,512,0,0.005692957900464535,0.0880859375,-0.008059182483702899,0.0032065028324723245,0.15822524297982454,55ee5c49d3b0eb29cc84f13c65473ada:0:0,1ef3081a86a590b43ca950aeada13e6a:0:0,5028271b7b2925e21bf649b9d713dfc7:0:0,a38ac4c1c29d408de12e2f317d03f10e:0:4039089841,674f6be01ee59be4723ddd1ce28359d8:0:862002698,10,1.0,0,0,0,0,0,0,512,0,0,512,0,0,263,0,0,249,0,0,512,2.930845260620117,58.96131134033203,0,0
277,A,277,-6.958260200917721e-06,0.08012065291404724,nan,nan,512,0,-6.958260200917721e-06,0.08012065291404724,all_rows,512,0,0.005010298453271389,0.063671875,-0.007264260249212384,0.003185565967578441,0.15755029406864196,4eaa9b296d8115bd72d7c20e3ea406da:0:0,07bdae65acec6c99ff240e89a388ee71:0:0,53be12b432a24f7a08243d1a662bb45d:0:0,fa4746251f724f96e9f20f448e06d50e:0:1322591622,450d2be061bc75786e450b17f4676855:0:2392233380,10,1.0,0,0,0,0,0,0,512,0,0,512,0,0,259,0,0,253,0,0,512,2.9096381664276123,59.815460205078125,0,0
278,A,278,-0.0005188186187297106,0.0832243487238884,nan,nan,512,0,-0.0005188186187297106,0.0832243487238884,all_rows,512,0,0.004078996367752552,0.068359375,-0.0004774883622303605,0.0034530523000285028,0.1587844230234623,a486bc3a94f9b5d955548b4e7f40d2da:0:0,63331c16b245140e84fa892dd0f1f7e1:0:0,2327cfba264a4cf2cf5404ed395b1fc3:0:0,846885e934651335e11c97c78cc9b90e:0:1549161757,0b733e0c8d266aeb347cb86e91eb551a:1:1338237336,10,1.0,0,0,0,0,0,0,512,0,0,512,0,0,255,0,0,257,0,0,512,3.0143306255340576,59.51348876953125,0,0
279,A,279,0.003905529621988535,0.0764031633734703,nan,nan,512,0,0.003905529621988535,0.0764031633734703,all_rows,512,0,0.00334792397916317,0.03046875,-0.0020525679690763356,0.0029078615014441313,0.15886473504360765,cff05e5fef761bb2ec6eef49271d9eda:0:0,0785b8195a8581211f867700fa8b6ddf:0:0,36e6f37989fc55582d820deeb00a328b:0:0,567f26a32f3d9b654ecbac1e794c9d0e:0:2285066437,95557cda827ace0f7f785312bc6dfb72:0:1106295211,10,1.0,0,0,0,0,0,0,512,0,0,512,0,0,242,0,0,270,0,0,512,2.963388204574585,60.21498107910156,0,0
280,A,280,-0.007745114155113697,0.0723033919930458,nan,nan,512,0,-0.007745114155113697,0.0723033919930458,all_rows,512,0,0.0009163211798295379,0.0216796875,7.856721058487892e-05,0.0025932534364983438,0.15889047097880393,728ab76c2a9fde695529d04a363a6ada:0:0,bc10857e31e3428ddddcd3476a52e4b9:0:0,4cb2acbe0173a4eb263c08af70db231d:0:0,cc8178776f4b8b35dc82efad538f810e:0:1929070488,6ff73c4a0f543b533f0f6da2cc9a98a5:0:2043969226,10,1.0,0,0,0,0,0,0,512,0,0,512,0,0,250,0,0,262,0,0,512,2.983302116394043,60.31568908691406,0,0
281,A,281,0.006781982723623514,0.0742330551147461,nan,nan,512,0,0.006781982723623514,0.0742330551147461,all_rows,512,0,0.003637174144387245,0.011328125,0.0009789205156266688,0.002544409147230908,0.16002752806525677,9c73abfc82ea941d1d17509dac9736da:0:0,92209a644814f3c00a05f3a6694fea45:0:0,e9b88aff24c4f79ba1ab1b62315695d5:0:0,0200dcde28299422392bc5d81b92650e:0:992680198,23afcdef7bbca462468294e7b9aa7669:1:191180121,10,1.0,0,0,0,0,0,0,512,0,0,512,0,0,244,0,0,268,0,0,512,2.9698967933654785,60.56679153442383,0,0
282,A,282,0.0008813372696749866,0.07170674949884415,nan,nan,512,0,0.0008813372696749866,0.07170674949884415,all_rows,512,0,0.006208737380802631,0.0787109375,-0.006799037521705032,0.002543428348144516,0.15859498200006783,300ff345741741480e58d28f8a3402da:0:0,749e33a9d6a32ae65065df7d006f43e3:0:0,7ff385dd7b03cce51d8f2ee2ca38ccfa:0:0,cf9ee2409ebacf22fd155202d155490e:0:1980254717,97f72cd97282af0c463bf89262c092eb:0:1484919279,10,1.0,0,0,0,0,0,0,512,0,0,512,0,0,244,0,0,268,0,0,512,2.9180080890655518,61.00544738769531,0,0
283,A,283,-0.0065959058701992035,0.08920861780643463,nan,nan,512,0,-0.0065959058701992035,0.08920861780643463,all_rows,512,0,0.0032916120253503323,0.0634765625,-0.003874762449413538,0.0039014575304463506,0.1591875059530139,cdfdc16e510b7f54fb9ef86bcf10ceda:0:0,ed716dfd81c47b9c9ac3de671ecec44a:0:0,a9e2baf8cd395deee34011193bb8ffb0:0:0,ee8be5ba54c5f3828df4779174d82d0e:0:1878148452,b20d5568266712c3b56400b3dd5f7f4b:1:1572844422,10,1.0,0,0,0,0,0,0,512,0,0,512,0,0,274,0,0,238,0,0,512,2.9663960933685303,60.113224029541016,0,0
284,A,284,0.012734108604490757,0.07205908745527267,nan,nan,512,0,0.012734108604490757,0.07205908745527267,all_rows,512,0,0.0014508160529658198,0.0123046875,-0.0005736709339544177,0.002574850246310234,0.1575573671143502,0221aaf7c0485a778c29a47e7b2d9ada:0:0,352e03680388eef1c559417780de7bb0:0:0,888707645efc602523a5ad55ad3e7c4d:0:0,25d9a29f37926b7102e3d9e8061b110e:0:1066638653,d18d7b055c05d4127de8a99446e36a9b:1:1562972590,10,1.0,0,0,0,0,0,0,512,0,0,512,0,0,262,0,0,250,0,0,512,2.8152248859405518,60.65087127685547,0,0
285,A,285,0.0014510555192828178,0.07711640000343323,nan,nan,512,0,0.0014510555192828178,0.07711640000343323,all_rows,512,0,0.006117289420217276,0.091015625,-0.00728481407277286,0.0029470194946043192,0.1584335200022906,91a877885a4ce6c407c7f9138e8a66da:0:0,9bf8b751b81d8723438333a51b311e73:0:0,2a8c600f062fb9d6a041f2fc320ad480:0:0,985194bda5eb46580863dc6a851df50e:0:1552145101,4fa5b155d6f62c7b98afa4397b659070:1:2004974305,10,1.0,0,0,0,0,0,0,512,0,0,512,0,0,259,0,0,253,0,0,512,2.794719934463501,60.79106521606445,0,0
286,A,286,-0.0014407588168978691,0.07575953751802444,nan,nan,512,0,-0.0014407588168978691,0.07575953751802444,all_rows,512,0,0.003414374776184559,0.078515625,-0.006472442368976772,0.0028365867561660706,0.15828590898308903,cf926a59e7308c8722d85877092732da:0:0,e081521f4d8e541d9c39dcb0040fea1a:0:0,ca376abb877b480a881b69d862583cfb:0:0,3a0973a8e1ec08eec45aa27cf1e0d90e:0:1199831375,b88d3cce769097182b2f48198c27a689:1:3546278620,10,1.0,0,0,0,0,0,0,512,0,0,512,0,0,258,0,0,254,0,0,512,2.7418782711029053,61.878780364990234,0,0
287,A,287,0.005347946658730507,0.07222585380077362,nan,nan,512,0,0.005347946658730507,0.07222585380077362,all_rows,512,0,0.006107923574745655,0.0568359375,-0.0026934262365102767,0.0025813106331042945,0.16047532495576888,c9292260f8c10bddca4864f4eb03feda:0:0,cdfd645d33a9b0911bb5d5e6dc204f78:0:0,8e84c47bedef9ae39102d944e85ead6e:0:0,f0df52ae42fb5b0dba140f834c63bd0e:0:2897597136,662ab670a5ad805ab756b6cc7f4192ff:0:1980322536,10,1.0,0,0,0,0,0,0,512,0,0,512,0,0,253,0,0,259,0,0,512,2.8398056030273438,60.96561050415039,0,0
288,A,288,-0.011396200396120548,0.07402800768613815,nan,nan,512,0,-0.011396200396120548,0.07402800768613815,all_rows,512,0,0.003752582473680377,0.062109375,-0.00484861214645207,0.002677300258073956,0.15816473495215178,f4e09c27de70378cef9500d93420cada:0:0,164d1ba5c0c443f57fdbf06eb358008f:0:0,6d22f0baddc27e0f52d7c1a23923404e:0:0,b81b1a6d3c579342ae41c6e194a6a10e:0:1915921348,01b8518eeb60383c898007343cbd8230:0:2285393594,10,1.0,0,0,0,0,0,0,512,0,0,512,0,0,246,0,0,266,0,0,512,2.8298940658569336,62.21373748779297,0,0
289,A,289,0.005582691170275211,0.07797364890575409,nan,nan,512,0,0.005582691170275211,0.07797364890575409,all_rows,512,0,0.0036559458822011948,0.0353515625,0.0004169472958892584,0.002971499040722847,0.16037290100939572,dbd61335305d671954ca4e6fe47d96da:0:0,57d29c747731369e2aec7d55f8ea0bea:0:0,c947abb5fc9082f8ff7633385ebede08:0:0,1b6c1e600c9920248afb2bfbcaa9850e:0:2856738006,f78b5ce8dc6d37135816326cabc8c713:1:2095805475,10,1.0,0,0,0,0,0,0,512,0,0,512,0,0,234,0,0,278,0,0,512,2.882251501083374,61.60725021362305,0,0
290,A,290,-0.0050058262422680855,0.067418172955513,nan,nan,512,0,-0.0050058262422680855,0.067418172955513,all_rows,512,0,0.007152840495109558,0.0541015625,-0.003403501701541245,0.0022386457421816885,0.15999905404169112,ffa480b56ec6a01f5883b004fc1a62da:0:0,8fcf44f4f29f949148df44fd6ebe1c1b:0:0,ef31fa5914032399d84a1ea2511cead2:0:0,4e1781f8aa8ecf6743bd6235ee6c690e:0:1422729653,ff93ae9ebcc30abcf3138a49ec9d73b2:1:419449262,10,1.0,0,0,0,0,0,0,512,0,0,512,0,0,244,0,0,268,0,0,512,2.795994997024536,62.726905822753906,0,0
291,A,291,0.00580664724111557,0.06720398366451263,nan,nan,512,0,0.00580664724111557,0.06720398366451263,all_rows,512,0,0.002380959689617157,0.009375,-0.002587129781022668,0.002253636613022536,0.1623678650939837,0ade40fe732d76eac1ebc7e47af72eda:0:0,0ea356d567d0ab148f86a8318307c2a6:0:0,af371e95fe44edd519faaead8f13c67b:0:0,d62ef64b43d7f2afb96b4cf3ffef4d0e:0:768984545,9d6b10702c5c8532a7071bc90f00a48e:1:1917237315,10,1.0,0,0,0,0,0,0,512,0,0,512,0,0,265,0,0,247,0,0,512,2.864668369293213,61.30002212524414,0,0
292,A,292,0.001174312550574541,0.07077942788600922,nan,nan,512,0,0.001174312550574541,0.07077942788600922,all_rows,512,0,0.0019418034935370088,0.0556640625,-0.0004173500696197152,0.002483290375676006,0.15951673407107592,31660162b07ba64e8cbc785a6113fada:0:0,fd536c4d45108810c2ef7ac768d229ba:0:0,68f314b33e8a72a7123e5f9bea9117c0:0:0,06cf129561a062279e4d8f99ff32310e:0:3426832006,b2045f0789d308e922127a1c5f7ccdce:1:1371368188,10,1.0,0,0,0,0,0,0,512,0,0,512,0,0,244,0,0,268,0,0,512,2.942300796508789,60.431396484375,0,0
293,A,293,0.0047902013175189495,0.07676161080598831,nan,nan,512,0,0.0047902013175189495,0.07676161080598831,all_rows,512,0,0.0020988048054277897,0.0435546875,-0.0007676461711525917,0.002930670161731541,0.15860112500377,8e5e7ba97f735ebcb53ee3b2ae70c6da:0:0,b9bba4073e8a8835ee399897eee5a55f:0:0,d1ccab76174f9f5a6154bf4f88d4ebed:0:0,2571274687e25cd15a128d8bec35150e:0:4022317525,3442f8d72572b427fd1d3bdd5e6e6967:0:3926280958,10,1.0,0,0,0,0,0,0,512,0,0,512,0,0,268,0,0,244,0,0,512,2.9639458656311035,59.661415100097656,0,0
294,A,294,-0.0033909878693521023,0.07382474094629288,nan,nan,512,0,-0.0033909878693521023,0.07382474094629288,all_rows,512,0,0.004770083352923393,0.1005859375,-0.007312897313386202,0.0027191663975827396,0.15881775389425457,4eb8b460f4b74c9e044b6c39630d92da:0:0,a1382307f7d0025d748615217773e1ae:0:0,7d0572a66a68ddc01bb8468aba0e336b:0:0,e30dec84e392469bedce6a2dc6f7f90e:0:3280382245,efa9891ef0522d20114d1ece048ab27e:1:3700619806,10,1.0,0,0,0,0,0,0,512,0,0,512,0,0,257,0,0,255,0,0,512,2.8865387439727783,59.945091247558594,0,0
295,A,295,-0.0026018270291388035,0.07408241927623749,nan,nan,512,0,-0.0026018270291388035,0.07408241927623749,all_rows,512,0,0.0027541022282093763,0.0439453125,-0.0036359386052936316,0.002737353416159749,0.1582572520710528,98cb6d1cfdb655e9db49b43a7eea5eda:0:0,64e118429a9bb35d8808100882f84009:0:0,16537d79e2b9c24b43e53304502853df:0:0,97e4d27e5c184436d7fb08e38f7add0e:0:4003140809,297201eda400b20af14e6adce309a3e8:0:2025197338,10,1.0,0,0,0,0,0,0,512,0,0,512,0,0,252,0,0,260,0,0,512,2.768531560897827,60.68867874145508,0,0
296,A,296,-0.0013007314410060644,0.07130619883537292,nan,nan,512,0,-0.0013007314410060644,0.07130619883537292,all_rows,512,0,0.002424018457531929,0.015625,-0.0022790671791881323,0.0024945939076133072,0.1604517640080303,6a144396c1c70efe00309e0202072ada:0:0,6a8811daa8e828a767a323cb97502962:0:0,281d191f1361797a4ad4ff87f1d3ac27:0:0,3df7032c1c7bb4a5f8780d1145bdc10e:0:3948383006,81036c045743eb4cb16c6bb1661ff38e:0:828119234,10,1.0,0,0,0,0,0,0,512,0,0,512,0,0,253,0,0,259,0,0,512,2.6706130504608154,61.10493850708008,0,0
297,A,297,-0.0007515361066907644,0.06368989497423172,nan,nan,512,0,-0.0007515361066907644,0.06368989497423172,all_rows,512,0,0.005146271549165249,0.027734375,-0.003207354387268424,0.0019973672810010613,0.159118884941563,1b8b8a7e84bee6b669864bdbec63f6da:0:0,be0a090960b3c71467733874c29e97b6:0:0,d97c9e7e69a1f825fef5e5531c80746e:0:0,4865528468a48895748ada1ae9c0a50e:0:191287099,f9891a2fb1cdfa8ad3221f4a2f37c9bf:0:2863404438,10,1.0,0,0,0,0,0,0,512,0,0,512,0,0,230,0,0,282,0,0,512,2.6415040493011475,60.40821838378906,0,0
298,A,298,-0.001281450386159122,0.07380092144012451,nan,nan,512,0,-0.001281450386159122,0.07380092144012451,all_rows,512,0,0.005189696792513132,0.022265625,-0.00024612080305814744,0.0026986617012880743,0.16000437992624938,ea0f48b1885109c50a6020143e00c2da:0:0,4b61b0c37075c7894311919983cfdfb1:0:0,0ca324cbec171ddcb82a689e45b0eb16:0:0,faa56b6c5316776d9ade93647b83890e:0:2179981344,07b508a4a586ab883d56052856c45214:0:493979334,10,1.0,0,0,0,0,0,0,512,0,0,512,0,0,248,0,0,264,0,0,512,2.543182849884033,61.333980560302734,0,0
299,A,299,0.0025917866732925177,0.06720589101314545,nan,nan,512,0,0.0025917866732925177,0.06720589101314545,all_rows,512,0,0.0057006943970918655,0.0525390625,-0.0045934810768812895,0.0022493630996905266,0.1596163020003587,ca97f764a980fd499e62bcf6f6dd8eda:0:0,523590df4b9a215a49f31a145f040dd5:0:0,4783e0739378d4f27b024032472c70f2:0:0,97ac7d10a78a1226c7841c51fb066d0e:0:182739961,f092a049d38728fa1a27a47dd0e05f00:0:2874164032,10,1.0,0,0,0,0,0,0,512,0,0,512,0,0,243,0,0,269,0,0,512,2.597118616104126,61.07392120361328,0,0
300,A,300,-0.006792481988668442,0.0744510143995285,nan,nan,512,0,-0.006792481988668442,0.0744510143995285,all_rows,512,0,0.004284524358808994,0.0162109375,-0.0003139007370918989,0.0027201188495382667,0.16244682692922652,006a8fb3b774f0a975c204d016fa5ada:0:0,b314d1b97882f8dfbec3ea6268047c45:0:0,f45e4eccd417b79565288d7b57c321d2:0:0,747c85a31ec7b3dd47f218476849510e:0:3027703449,2a8ba0c0439bdc5015d1a7740b22f8e7:0:768595585,10,1.0,0,0,0,0,0,0,512,0,0,512,0,0,256,0,0,256,0,0,512,2.533149242401123,62.1995849609375,0,0
301,A,301,0.021737074479460716,0.07995332032442093,nan,nan,512,0,0.021737074479460716,0.07995332032442093,all_rows,512,0,0.011759285815060139,0.0775390625,-0.00662985285744071,0.0026529239374212922,0.16085834696423262,658f3be4c0f3c6a7414119eb9e5726da:0:0,bcdf4922b226d3e9de7ff1b4f28bf229:0:0,c7da3691c0ead34a63c6a9a09bcf17b6:0:0,78b514ceb02850253f04eaa8c34c350e:0:3448870061,c07fac0808293df84935f73a32269620:0:1530018319,10,1.0,0,0,0,0,0,0,512,0,0,512,0,0,230,0,0,282,0,0,512,2.5337469577789307,62.44450759887695,0,0
302,A,302,-0.004553403705358505,0.07156018167734146,nan,nan,512,0,-0.004553403705358505,0.07156018167734146,all_rows,512,0,0.011434686370193958,0.0494140625,-0.0020340029150247574,0.0025646000634878875,0.16046217095572501,22ba908dd5dad5bade325e958cf3f2da:0:0,614ef891a04405cdd2a4bb79a527c9bf:0:0,d79869e8913c9a26a74ecd837841d926:0:0,b0a1018b95201f1e88feb6da0c0f190e:0:1964610288,a2c56e316a021c1f1a3578e42cbe88a2:0:3578182804,10,1.0,0,0,0,0,0,0,512,0,0,512,0,0,258,0,0,254,0,0,512,2.569930076599121,61.86576843261719,0,0
303,A,303,-0.012904525734484196,0.06726622581481934,nan,nan,512,0,-0.012904525734484196,0.06726622581481934,all_rows,512,0,0.006739113945513964,0.034375,-0.004742070846259594,0.00213943591224961,0.16047710902057588,bad08daaf9d75fa922777519e2d0beda:0:0,fe9a45a3e2800b466e43da9dc5ef8c83:0:0,bf605f58185d249a16247279e979e7a3:0:0,14781451533727489f87603f4291fd0e:0:878705571,2f21295136bdc988486bc92c4a2534f8:1:2920081756,10,1.0,0,0,0,0,0,0,512,0,0,512,0,0,243,0,0,269,0,0,512,2.6233038902282715,61.3269157409668,0,0
304,A,304,0.0012233767192810774,0.06741199642419815,nan,nan,512,0,0.0012233767192810774,0.06741199642419815,all_rows,512,0,0.0015227684052661061,0.058984375,-0.005101371463388205,0.0022403850860428067,0.16618839104194194,d674cf9145afc05ba8813fc49fed8ada:0:0,99738936cb6c4f312b6dbbb6d6b9e169:0:0,95a02a86c79dcf351e957dd71f6d0dae:0:0,5dee0ffae0d3a5167dac8a3c66d4e10e:0:243806272,28be130ffdd355022824062eb53b3630:0:3430950533,10,1.0,0,0,0,0,0,0,512,0,0,512,0,0,243,0,0,269,0,0,512,2.5367205142974854,62.39128112792969,0,0
305,A,305,0.0011722560739144683,0.06635593622922897,nan,nan,512,0,0.0011722560739144683,0.06635593622922897,all_rows,512,0,0.0014902260154485703,0.015234375,-0.00194592853076756,0.002189316850854084,0.1611943490570411,2cfa4b8b746853f89b4fe0e1c44a56da:0:0,73c1bae5c332a8ee1482caff3de29b42:0:0,d834eff3ff1ecc491d395d1735fd5170:0:0,7d6fd106b93a504283e1983578d7c50e:0:2212178585,5da99de1dcb3756f53d6df3b2d83139f:0:1624104988,10,1.0,0,0,0,0,0,0,512,0,0,512,0,0,248,0,0,264,0,0,512,2.5945534706115723,62.27996826171875,0,0
306,A,306,-0.006740265525877476,0.07100141793489456,nan,nan,512,0,-0.006740265525877476,0.07100141793489456,all_rows,512,0,0.00460840854793787,0.0689453125,-0.00541569204069674,0.0025281681038904933,0.1634710649959743,48b6b3cb5990143a8272babd4fe722da:0:0,fbdb83a9d8e80480d65ce5e4fe02c3cc:0:0,8c7630af240516e159e9a0734c479124:0:0,c95b6c3274287ee25bffad8e789aa90e:0:812581676,2719940f7c41e553aa3927402ac7ce12:1:2697367641,10,1.0,0,0,0,0,0,0,512,0,0,512,0,0,265,0,0,247,0,0,512,2.68453049659729,61.622676849365234,0,0
307,A,307,0.015066452324390411,0.07204911857843399,nan,nan,512,0,0.015066452324390411,0.07204911857843399,all_rows,512,0,0.00619335426017642,0.0203125,-0.005708468495868146,0.002578270900994539,0.16074906091671437,bc822a3afe00ed080e086fa342c3eeda:0:0,74d98afd0bd8f61bc02b103c928ef588:0:0,91db1745d75f20c08bc3c9f8cf9c0b8c:0:0,28d14ac7356c263add45adab661d8d0e:0:3443352889,ffe198ba5cc6003e1950aa8285a7d3cc:0:3445777521,10,1.0,0,0,0,0,0,0,512,0,0,512,0,0,264,0,0,248,0,0,512,2.678307056427002,62.033931732177734,0,0
308,A,308,-0.000693975598551333,0.06720986217260361,nan,nan,512,0,-0.000693975598551333,0.06720986217260361,all_rows,512,0,0.005961947608739138,0.05546875,-0.006560317287221551,0.002225930494023487,0.1623683919897303,b6434197605fc84be2bee1df9ce0bada:0:0,7156f698fa8640bcc20a54e0564ab80c:0:0,ceca0263c1cb40cbb409dbbf043591be:0:0,0f323c4208ddb953f0583bf04160710e:0:3219996918,cc2736c26b55da2904a2451a87dcb181:1:2927304081,10,1.0,0,0,0,0,0,0,512,0,0,512,0,0,254,0,0,258,0,0,512,2.5461835861206055,63.696258544921875,0,0
309,A,309,0.0015946711646392941,0.06724391132593155,nan,nan,512,0,0.0015946711646392941,0.06724391132593155,all_rows,512,0,0.005916985217481852,0.0400390625,0.0003711702302098274,0.0022240086807869376,0.15974426397588104,b611701e16a8510c65d333be5e3d86da:0:0,286366b6cddf178d76c7a384abdb9a2c:0:0,ab279380cd71f2575385529e519ed77d:0:0,eab95258ff1fe54c7341bbc10a63550e:0:2117756541,27e14f4e204d04b0363a9e72a9e4cd9e:0:2533944808,10,1.0,0,0,0,0,0,0,512,0,0,512,0,0,249,0,0,263,0,0,512,2.4850943088531494,64.81755065917969,0,0
310,A,310,-0.0019921567291021347,0.07179270684719086,nan,nan,512,0,-0.0019921567291021347,0.07179270684719086,all_rows,512,0,0.0047185285948216915,0.0234375,-0.0016946644056588412,0.0025352212600409985,0.16035290597938,99f506f64e106dc38911c78b86da52da:0:0,b66af3307e975c428bd9599464807945:0:0,c4bb4a948211b3d1260e87c04e772146:0:0,7da01db39f892b6e1d725081c126390e:0:3177063616,45f01e386641a86d6a7576f5d780485a:1:4028340162,10,1.0,0,0,0,0,0,0,512,0,0,512,0,0,265,0,0,247,0,0,512,2.413679361343384,65.6647720336914,0,0
311,A,311,0.0004719237913377583,0.06560330837965012,nan,nan,512,0,0.0004719237913377583,0.06560330837965012,all_rows,512,0,0.0037353839725255966,0.0384765625,-0.004238490853458643,0.0021469360741320997,0.16083574306685477,2adb7d5ce68f71f696d63f9316b71eda:0:0,5eacc6abb9f2fb141c3099d43c3af6e5:0:0,fd04939e00b06d9ba5ea21fd2727e4b8:0:0,43a08703039b590163bfdd9665a91d0e:0:1141841951,96a6b416916f4c311d5957a55a1c493f:0:2656802856,10,1.0,0,0,0,0,0,0,512,0,0,512,0,0,261,0,0,251,0,0,512,2.4152963161468506,65.57434844970703,0,0
312,A,312,-0.007649322971701622,0.06592457741498947,nan,nan,512,0,-0.007649322971701622,0.06592457741498947,all_rows,512,0,0.004912605509161949,0.0533203125,-0.007235081447288394,0.002177092345664278,0.16313536500092596,ef39667aa755070dfe0b7e210dd3eada:0:0,9cfc81801f01681d80fd12a61749a485:0:0,22752fc8bd8c98429c98dbc63f1f2da8:0:0,5331097bb06cdce15c660662f7ec010e:0:232714485,2e68c603c17352477bb16530d31ab95e:1:1663744820,10,1.0,0,0,0,0,0,0,512,0,0,512,0,0,257,0,0,255,0,0,512,2.495598554611206,64.5597915649414,0,0
313,A,313,-0.001728250179439783,0.06858491897583008,nan,nan,512,0,-0.001728250179439783,0.06858491897583008,all_rows,512,0,0.004465763922780752,0.051953125,-0.005501889577135444,0.0023445991741027684,0.16103551094420254,4248bcaac97bcc6d1e2ba5816c30b6da:0:0,628b893d5d3292dc8c52d96f6a148225:0:0,6a9c7c82cf4a6ea1ecb3b0acebd89359:0:0,e84681090267facfa3062e4b77eee50e:0:3492532381,810f5d754284c2ab683c48576bdcc6dd:1:693634166,10,1.0,0,0,0,0,0,0,512,0,0,512,0,0,258,0,0,254,0,0,512,2.5210916996002197,63.54502868652344,0,0
314,A,314,-5.174183752387762e-05,0.06791315227746964,nan,nan,512,0,-5.174183752387762e-05,0.06791315227746964,all_rows,512,0,0.011303543113172054,0.053515625,-0.0023146246792748572,0.0022804809210356324,0.16150919499341398,931a4cd75643aeca1340180031cd82da:0:0,02e8df55b0f644be4fc94831dadb4cce:0:0,6623be0086d6fcf26d0b69a978191533:0:0,c37a0fe7bfc3dc883ca778b3e5b1c90e:0:2002016882,ec5659bc6dd46520df692a645b8a6164:0:1743682310,10,1.0,0,0,0,0,0,0,512,0,0,512,0,0,257,0,0,255,0,0,512,2.5466091632843018,62.949317932128906,0,0
315,A,315,-0.0049092150293290615,0.06078604236245155,nan,nan,512,0,-0.0049092150293290615,0.06078604236245155,all_rows,512,0,0.006464940495789051,0.0712890625,-0.0024545873748138547,0.0018095000530593097,0.16036175296176225,440bf870161ff6c581e177e95eaa4eda:0:0,3b17430213956d904acb2320c21bc37d:0:0,091437b7c49f67c8c97e3910e271febc:0:0,91e9d4ab261b80957bb6c9004134ad0e:0:3060986585,1b63b6cef5195c82609fe741e605329a:1:1643114822,10,1.0,0,0,0,0,0,0,512,0,0,512,0,0,258,0,0,254,0,0,512,2.47696590423584,64.55091857910156,0,0
316,A,316,0.004719541873782873,0.06862516701221466,nan,nan,512,0,0.004719541873782873,0.06862516701221466,all_rows,512,0,0.0020823958329856396,0.041015625,-0.0020441795233637093,0.00235734501038678,0.16111820004880428,f0e33c600de50ec26337a788f2c71ada:0:0,d606c343e9c335fdf02615cc96f6ee46:0:0,eb53bf44700e88b8527471a62b880165:0:0,75c84305878686e3e406c2948a77910e:0:1871232876,14d9da0155b0dd63a479b7c4d1971020:0:495256430,10,1.0,0,0,0,0,0,0,512,0,0,512,0,0,264,0,0,248,0,0,512,2.425600528717041,65.06771087646484,0,0
317,A,317,1.797074219211936e-05,0.06030259653925896,nan,nan,512,0,1.797074219211936e-05,0.06030259653925896,all_rows,512,0,0.008473044261336327,0.08515625,-0.006915090139955282,0.001777973771095276,0.16287370200734586,ef0bef44c761fffdd0f9c92aee23e6da:0:0,2d474d17ad15f91896c9179bab82e366:0:0,680c8438f12805c880b0d24be269f6bb:0:0,530fef034b97db160ecfc8d4c17a750e:0:3672212956,c1cff4cf29a51c4db5c624a554e974f8:0:3496639820,10,1.0,0,0,0,0,0,0,512,0,0,512,0,0,244,0,0,268,0,0,512,2.417243003845215,65.78617095947266,0,0
318,A,318,-0.006411346141248941,0.06334040313959122,nan,nan,512,0,-0.006411346141248941,0.06334040313959122,all_rows,512,0,0.004532899707555771,0.0560546875,-0.0033145763794891537,0.0019142855831887572,0.160629635094665,af8e7909e2b1a6e6d16e3f1b50c0b2da:0:0,9d01022ba4702c1011ffaaa29b7cba0a:0:0,8163113a9d2e0481cd2214507dfdd162:0:0,84f87bbce8a63c988eafff24e63d590e:0:122532555,4a487a20f90f55bd65a6a34a10909182:1:4044344315,10,1.0,0,0,0,0,0,0,512,0,0,512,0,0,265,0,0,247,0,0,512,2.4163429737091064,66.24441528320312,0,0
319,A,319,0.006187671795487404,0.06972601264715195,nan,nan,512,0,0.006187671795487404,0.06972601264715195,all_rows,512,0,0.0035031475126743317,0.039453125,-0.000985046848654747,0.0024185004993341865,0.1634798290906474,4c76e1eaad8f9eb6236aaba61a9d7eda:0:0,515ac36d68818b746f0c97b3e21769fd:0:0,aa6061abf6f815be1894ef2d7a148f85:0:0,e55523da29c2a475d3ab48e8f8c03d0e:0:2134219112,8eb512236c26be901d6d7b9d9dbe454f:1:3727892347,10,1.0,0,0,0,0,0,0,512,0,0,512,0,0,245,0,0,267,0,0,512,2.3636908531188965,65.96842193603516,0,0
320,A,320,0.0010619349777698517,0.06121498718857765,nan,nan,512,0,0.0010619349777698517,0.06121498718857765,all_rows,512,0,0.007491460070014,0.041015625,-0.002530880132690072,0.0018471303745172917,0.16286827193107456,02defebabdfce4460a53f1174bba4ada:0:0,1aea0bbb28190d6430481152b17ca567:0:0,4893ad2027478d5947ee10787ae5ffa4:0:0,64b5fb96d5c088ea0f2b4984f903210e:0:1641345589,b43398ea4b084a0bee075a04e89928ac:0:393550987,10,1.0,0,0,0,0,0,0,512,0,0,512,0,0,245,0,0,267,0,0,512,2.3321850299835205,66.70265197753906,0,0
321,A,321,0.01929602026939392,0.07293157279491425,nan,nan,512,0,0.01929602026939392,0.07293157279491425,all_rows,512,0,0.003042513271793723,0.0251953125,-0.0030638064024969937,0.00248318943195045,0.16377510805614293,aed9b435cd80302a1a1e31bae41716da:0:0,2060ddac56d323cb7660adc8ab700369:0:0,4c3a4548faadfe4dffeb6d89cd531ced:0:0,a6ba994e8bb3feb717ff645ce706050e:0:2302040829,e36526e8d76c69f18340641f8d6eeb51:0:625145690,10,1.0,0,0,0,0,0,0,512,0,0,512,0,0,252,0,0,260,0,0,512,2.391221046447754,66.50279235839844,0,0
322,A,322,-0.00949136819690466,0.06784665584564209,nan,nan,512,0,-0.00949136819690466,0.06784665584564209,all_rows,512,0,0.004204834345728159,0.02421875,-0.0030771225690841677,0.0023275824903976174,0.16191312903538346,965bcaf6524e0807034ccfdce3b3e2da:0:0,9f62da2485e66a164d4bad4bcebb36a4:0:0,91073f7f7bc01b1aeee070eab211ca72:0:0,f73f42eb6949b8384e5cbcd4c2c8e90e:0:3407868413,de5e94cabb142d11eecdc167901da4e2:0:648763990,10,1.0,0,0,0,0,0,0,512,0,0,512,0,0,248,0,0,264,0,0,512,2.24721097946167,67.4952621459961,0,0
323,A,323,0.00282369926571846,0.07150468230247498,nan,nan,512,0,0.00282369926571846,0.07150468230247498,all_rows,512,0,0.013189835473895073,0.0974609375,-0.004238296137191355,0.002560796227771789,0.15758616698440164,f330199193a4872a5ef26dc94a90aeda:0:0,e5d82784eade04fd857209df6a9feabc:0:0,72b49ef7a748222a648d8561c81a0b5d:0:0,48ad13e8cf5ce2367fde36508c4bcd0e:0:3419278812,cbc1ddea11565cae87df3e5ded8cc20d:1:3102605110,10,1.0,0,0,0,0,0,0,512,0,0,512,0,0,250,0,0,262,0,0,512,2.3185086250305176,66.37541198730469,0,0
324,A,324,0.00029775011353194714,0.06510259211063385,nan,nan,512,0,0.00029775011353194714,0.06510259211063385,all_rows,512,0,0.01233491487801075,0.0689453125,-0.0027424001134932043,0.002108010998927057,0.15886007400695235,c148e23736a6de627ab0edcc18ad7ada:0:0,5a98f2c49c6d5406caef899b5fc1f4dc:0:0,c0eaf8570b95fbeb8f01cd3e7d037ec3:0:0,8f79c8f1592ede7bcb847434438eb10e:0:2740194798,3e02342a1497016b6dadc43902f60e74:1:507422559,10,1.0,0,0,0,0,0,0,512,0,0,512,0,0,240,0,0,272,0,0,512,2.468435764312744,64.9292221069336,0,0
325,A,325,-0.0017942111007869244,0.05953500419855118,nan,nan,512,0,-0.0017942111007869244,0.05953500419855118,all_rows,512,0,0.005433656740933657,0.066796875,-0.009843540750443936,0.0017607509973458946,0.15990445099305362,6597251181048b1624b972314e0a46da:0:0,bb4e9a5f0967456d24cf7f4195d4c437:0:0,e5e2672b13c3ea6df00419dcd8da344e:0:0,888cfb74daa4dc2785b5d9e3e891950e:0:3431813706,6ea9db0e7079d98ada140365041a65e9:0:2356644982,10,1.0,0,0,0,0,0,0,512,0,0,512,0,0,225,0,0,287,0,0,512,2.5650105476379395,63.24565505981445,0,0
326,A,326,0.00834445096552372,0.06982302665710449,nan,nan,512,0,0.00834445096552372,0.06982302665710449,all_rows,512,0,0.0013433684362098575,0.0578125,-0.0023430687375366687,0.002413719252217561,0.16146262595430017,d13a5882ceb8459c77cc5d44eaa712da:0:0,8b58f95cf6c37f5fe94d024a6b1f652f:0:0,2e9f77075807388d6b3d56dbde1ff208:0:0,958e98e8f9ef4dc21c3e8ac37b54790e:0:1544935846,5eed6a57aabbe1496990b95782c8f16c:1:3860875886,10,1.0,0,0,0,0,0,0,512,0,0,512,0,0,265,0,0,247,0,0,512,2.574521541595459,62.88306427001953,0,0
327,A,327,-0.004018477164208889,0.06751643866300583,nan,nan,512,0,-0.004018477164208889,0.06751643866300583,all_rows,512,0,0.0010370149975642562,0.0318359375,-0.00047266511246562003,0.0022675695654470474,0.15895310696214437,dc97743bf82aa6d4a7395152ee83deda:0:0,0cc3a458ddb59f09a2f99039d23a4c2c:0:0,d6b2f3348ef7650ae8057d980d3cfa4b:0:0,a8d546bcb8ff3d10fa506a36fbd75d0e:0:579914264,beb1e321798816c3af61d5ea0da9f76f:0:1838606403,10,1.0,0,0,0,0,0,0,512,0,0,512,0,0,242,0,0,270,0,0,512,2.5075490474700928,62.80421447753906,0,0
328,A,328,-0.0063727558590471745,0.06210888922214508,nan,nan,512,0,-0.0063727558590471745,0.06210888922214508,all_rows,512,0,0.0069482638500630856,0.04296875,-0.0032054075505584478,0.001880177075508982,0.1578712200280279,bcf58406a60484fdcadf30a759a0aada:0:0,91f6f36602e88f8280885d1db9e01e4c:0:0,bb45e91b09d4c5c0ee5f1282e5dca52c:0:0,08832d5d032d7caa6c831ba26a1a410e:0:419433919,6fa76c0879eb580206a2518f18716995:1:860238573,10,1.0,0,0,0,0,0,0,512,0,0,512,0,0,232,0,0,280,0,0,512,2.467926263809204,62.87451934814453,0,0
329,A,329,0.007957017980515957,0.06959322839975357,nan,nan,512,0,0.007957017980515957,0.06959322839975357,all_rows,512,0,0.010992400348186493,0.0705078125,-0.003014203906059265,0.002421360119478777,0.16116501798387617,b4e00afdcffd07ceab2c1d8e2bfd76da:0:0,631c075b56a1d922a361231f7b2893c6:0:0,0451a9dcc3899c66911beee19586b7ed:0:0,cb1c51fe1377b74984d40269c61d250e:0:350614874,bf8eb30a1435c15df812ea0018848ec7:0:2987661666,10,1.0,0,0,0,0,0,0,512,0,0,512,0,0,256,0,0,256,0,0,512,2.5043692588806152,61.523414611816406,0,0
330,A,330,0.0007151897298172116,0.0667823851108551,nan,nan,512,0,0.0007151897298172116,0.0667823851108551,all_rows,512,0,0.006855390965938568,0.1208984375,-0.007644877512939274,0.0022240066493395714,0.1607383789960295,7b045fcde3ef73cd8d1d7a53659a42da:0:0,de16e9f6b323afbddf55e899c7b5c8e6:0:0,9d41e36952a5da9ed93bf4f2e26c49ba:0:0,2543383347b75ce1fea641f10fe0090e:0:4159566524,d0f1e67b057b64ad617670d36d38cedb:1:2037024388,10,1.0,0,0,0,0,0,0,512,0,0,512,0,0,261,0,0,251,0,0,512,2.390833616256714,63.07711410522461,0,0
331,A,331,-0.00047297432320192456,0.07227399200201035,nan,nan,512,0,-0.00047297432320192456,0.07227399200201035,all_rows,512,0,0.0029963015113025904,0.06484375,-0.007225564145483076,0.0025847590994089844,0.1576914950273931,53c6d6755284ace7fe3fe94306770eda:0:0,b9e055f1da9e3dbc5238583f06491642:0:0,2b024a364b614b5df6710c0538f0569a:0:0,be0ef9b4b5366d7422c2bd9c4762ed0e:0:2287068329,ba26348538228d66ce71a58c565df316:0:1143323133,10,1.0,0,0,0,0,0,0,512,0,0,512,0,0,265,0,0,247,0,0,512,2.3977997303009033,62.83647537231445,0,0
332,A,332,-0.0025497653987258673,0.05947126820683479,nan,nan,512,0,-0.0025497653987258673,0.05947126820683479,all_rows,512,0,0.003720072330906987,0.0591796875,-0.002929900912567973,0.0017362525453791023,0.1587380690034479,86a703dd7ebc704aa0af4ca90e93dada:0:0,e2fe70cb9df0b1d4bc4a27a3f802b55e:0:0,0ba99611c25c5bdba11513b5e56fb050:0:0,13595c07930621a0ab5818cf6ca5d10e:0:3951039564,1d6b72b924808d2c5cd0d4b8facb776c:1:2156099404,10,1.0,0,0,0,0,0,0,512,0,0,512,0,0,246,0,0,266,0,0,512,2.404313802719116,62.46372604370117,0,0
333,A,333,-0.0009934580884873867,0.0669182613492012,nan,nan,512,0,-0.0009934580884873867,0.0669182613492012,all_rows,512,0,0.0029556527733802795,0.06015625,-0.004046746948733926,0.00220775279449299,0.15759454504586756,b8f7ab834da24578f716c6d17df0a6da:0:0,11fde9fbe786abdb413b58a3493a2888:0:0,5276c6bb887b79422de6e2a9f5fd205b:0:0,4f33a9144e7b70fca7fab6ee7fa8b50e:0:2025741593,5b098b854f64fc72c555e81005676d06:1:239456889,10,1.0,0,0,0,0,0,0,512,0,0,512,0,0,266,0,0,246,0,0,512,2.2816340923309326,62.571266174316406,0,0
334,A,334,-0.005870192777365446,0.06297904253005981,nan,nan,512,0,-0.005870192777365446,0.06297904253005981,all_rows,512,0,0.004522484261542559,0.0228515625,-0.002269238675944507,0.001948385318974033,0.15966045402456075,d2aef745d37a26a530b0ba08548d72da:0:0,998d893420c7303dc7cb7312acb12187:0:0,b039bc426312f95249d13d75b0b57e29:0:0,9926310ade35762561a4bb5d806b990e:0:1568242620,9681c5288e4304797d3a298913802e60:0:216930640,10,1.0,0,0,0,0,0,0,512,0,0,512,0,0,261,0,0,251,0,0,512,2.299746513366699,61.99295425415039,0,0
335,A,335,0.004037392791360617,0.06447861343622208,nan,nan,512,0,0.004037392791360617,0.06447861343622208,all_rows,512,0,0.002214411273598671,0.0466796875,-0.0016039732145145535,0.0020528702181763945,0.15878221997991204,6f667550dbb0e047f546c899926a3eda:0:0,42e4107e87b5d53a1cd8331933d9a87a:0:0,71aaf48cb773fcdb0233a66f1ca3da2f:0:0,b6b8614ba811b0943eb609806eee7d0e:0:1180579838,a40fb4a471282748ec217fda47d5ca40:0:3206250230,10,1.0,0,0,0,0,0,0,512,0,0,512,0,0,256,0,0,256,0,0,512,2.296872138977051,61.191741943359375,0,0
336,A,336,0.002643364015966654,0.06152661517262459,nan,nan,512,0,0.002643364015966654,0.06152661517262459,all_rows,512,0,0.004454576876014471,0.046875,-0.0035835243295878174,0.0018693847581744195,0.15784150699619204,8447fff848dc27f83131d4d137870ada:0:0,a0058b8ca7bd214937acf2bdef30272a:0:0,88b24c9d1c17169f4e7d281c2134990e:0:0,84be45610e722432a6f444bb4b31610e:0:581018270,27410d35138efefdff5a94ec4acbde49:0:1517030860,10,1.0,0,0,0,0,0,0,512,0,0,512,0,0,279,0,0,233,0,0,512,2.2492825984954834,61.293819427490234,0,0
337,A,337,-0.0011771335266530514,0.07292551547288895,nan,nan,512,0,-0.0011771335266530514,0.07292551547288895,all_rows,512,0,0.0026674680411815643,0.0626953125,-0.0015290040289983153,0.002594401006354019,0.163630201946944,dadd27388a166a82e15a00fb43e3d6da:0:0,4ee99a123ab7bef9b5a63ef64440ba92:0:0,cec43da2177cdf9d756ae98401de9f8d:0:0,43cc146b793956ade78ad0721534450e:0:329491526,f1023681e8d3da18dba4f2bf364c3168:1:2859221997,10,1.0,0,0,0,0,0,0,512,0,0,512,0,0,277,0,0,235,0,0,512,2.213789224624634,62.21684265136719,0,0
338,A,338,-0.0006751002511009574,0.07158965617418289,nan,nan,512,0,-0.0006751002511009574,0.07158965617418289,all_rows,512,0,0.006205740850418806,0.069921875,-0.001978667452931404,0.0025617609499022365,0.15974727598950267,4fc1f36fa3025142df36af63b780a2da:0:0,14f46f7e2c9d1e5edbbd0067d889f29c:0:0,972332924bcfaccc965b7834f74a0296:0:0,abb91eb76ee02a8b170ad008ccf7290e:0:2951251392,de08b8a8d62d623656f53cc768a99025:1:4211662717,10,1.0,0,0,0,0,0,0,512,0,0,512,0,0,267,0,0,245,0,0,512,2.2576208114624023,61.35209274291992,0,0
339,A,339,0.002646655309945345,0.07207359373569489,nan,nan,512,0,0.002646655309945345,0.07207359373569489,all_rows,512,0,0.001973137492313981,0.0302734375,-0.0012149325106292964,0.0026020673802122475,0.16069300496019423,7259e4c183c1feb8acce8256925d6eda:0:0,c3f434ecae832d19de0c258806f708d2:0:0,884bd83352564799064a5f2af9cb064d:0:0,0a09048b120997faf96b26e3727a0d0e:0:1020823706,d7278d30f70bc416153bdc37fdbcb176:0:3800578133,10,1.0,0,0,0,0,0,0,512,0,0,512,0,0,249,0,0,263,0,0,512,2.278817653656006,62.37791442871094,0,0
340,A,340,0.000951599795371294,0.0702759250998497,nan,nan,512,0,0.000951599795371294,0.0702759250998497,all_rows,512,0,0.006123102270066738,0.0560546875,-0.0053302888758480545,0.002419954427750781,0.16183268395252526,3716ea79ae2e026240b75c1fd47a3ada:0:0,7bf8ca708b62b4f57cf7635552aa01f0:0:0,5cd7e3ab122fddc4e9b58397e9e14668:0:0,2324988e17f8436de408786605bcf10e:0:1673997536,b353b2e4afddc07e532ff9613aa05a52:0:3092862937,10,1.0,0,0,0,0,0,0,512,0,0,512,0,0,264,0,0,248,0,0,512,2.258347749710083,62.05390930175781,0,0
341,A,341,-0.02013099379837513,0.08189702033996582,nan,nan,512,0,-0.02013099379837513,0.08189702033996582,all_rows,512,0,0.002244476694613695,0.01328125,-0.0013246065471321344,0.002697092236485332,0.15821974899154156,efe5b19b659803d2d2165f0b7dd706da:0:0,71cdc00fe4d399206426f3eeafa769b3:0:0,2b618c2314a8bb818e1b796c316c5693:0:0,f4432d850c49f1e7a1a527f486bfd50e:0:2939179916,b7354c7108e67cb448ba21db00f03218:1:1833975986,10,1.0,0,0,0,0,0,0,512,0,0,512,0,0,239,0,0,273,0,0,512,2.3312292098999023,61.08906173706055,0,0
342,A,342,0.007243338972330093,0.0676666721701622,nan,nan,512,0,0.007243338972330093,0.0676666721701622,all_rows,512,0,0.008894089609384537,0.052734375,-0.007825402868911624,0.002257236948935315,0.1639637410407886,b52919b0e665250aa49fed658e73d2da:0:0,f185ca1bb8e55f7740ba92342592e6d5:0:0,5d9c1a4dd11044878dede9ce80e5f3c9:0:0,9981506e765cdb13566958f2f582b90e:0:1913616776,48255e786934eb15eaa1a97641745816:0:750839969,10,1.0,0,0,0,0,0,0,512,0,0,512,0,0,255,0,0,257,0,0,512,2.3385822772979736,60.743751525878906,0,0
343,A,343,0.0030322414822876453,0.06940533965826035,nan,nan,512,0,0.0030322414822876453,0.06940533965826035,all_rows,512,0,0.004871576093137264,0.06328125,-0.00129437823779881,0.0023668046575039624,0.16068809700664133,dc97dac962cc1c0ed497a97a06509eda:0:0,f9dd4cc51cb8fbf311edf3dddbb5c7b9:0:0,7730d68d38e49c2a69ee950ec6d24fe7:0:0,4ea3156634c2d91763e2eec552059d0e:0:3900908968,aa490d8125c0f8b6ba895cbfafbdf815:1:1336057664,10,1.0,0,0,0,0,0,0,512,0,0,512,0,0,250,0,0,262,0,0,512,2.3176944255828857,61.58744812011719,0,0
344,A,344,-0.010218569077551365,0.07052335143089294,nan,nan,512,0,-0.010218569077551365,0.07052335143089294,all_rows,512,0,0.007354646921157837,0.071484375,-0.0004103738814592361,0.00238913424545899,0.16040842304937541,118b6f74c20303c122d07594e56d6ada:0:0,247bac653df5cbf35732e6060337b860:0:0,5c03962802f3639c933830d88f5acb7d:0:0,8f262709232676294d058ccf9c48810e:0:3622690532,a5132a8f553d2899d92d0fe99595eef6:1:3009434723,10,1.0,0,0,0,0,0,0,512,0,0,512,0,0,267,0,0,245,0,0,512,2.3144235610961914,62.72024154663086,0,0
345,A,345,0.016334189102053642,0.07362362742424011,nan,nan,512,0,0.016334189102053642,0.07362362742424011,all_rows,512,0,0.00746527872979641,0.0591796875,-0.0028826580848544834,0.0025550678255967796,0.16270879190415144,231e296b5f28e3f7c0ac74022bca36da:0:0,75e8d6fcf75d5def4b7821ad70f8c731:0:0,7b7ea8be12d35479bfd62b86a98d1cd2:0:0,9152b568df05d7e19a2a9675d44b650e:0:3501517614,cd70bc3173c0c13b899bb740ab91e0e3:0:1634614026,10,1.0,0,0,0,0,0,0,512,0,0,512,0,0,276,0,0,236,0,0,512,2.324084520339966,63.18370056152344,0,0
346,A,346,-0.004965841304510832,0.06027146056294441,nan,nan,512,0,-0.004965841304510832,0.06027146056294441,all_rows,512,0,0.002593335695564747,0.066015625,-0.002394977631047368,0.0018159296654630453,0.15965070098172873,af17f76f4536f0d51c1d070dd96702da:0:0,4cc9947e53cbfa66bf2d05db608e71af:0:0,ab26228776d7085575f82f71ce5eac99:0:0,85aa32f53fa7884fbd112f1bfa0e490e:0:1658118304,a960ffe2112ea179c35e08d033ef5865:0:3431510142,10,1.0,0,0,0,0,0,0,512,0,0,512,0,0,259,0,0,253,0,0,512,2.224163770675659,63.71470260620117,0,0
347,A,347,-0.0043295323848724365,0.06447653472423553,nan,nan,512,0,-0.0043295323848724365,0.06447653472423553,all_rows,512,0,0.002433785703033209,0.0302734375,-0.0029156631673686205,0.0020726629765704272,0.16121011704672128,7c5dced3a545815faba2d103ee43ceda:0:0,daaf534043092d2e7d6898f26f0ea5a7:0:0,e7be44783dcc8401bcc2c5e82716170c:0:0,f6278316d5ad1ccdf4de3a260d912d0e:0:399362438,57a36b9e6a4f6254c0c14722589cc54f:0:2637749435,10,1.0,0,0,0,0,0,0,512,0,0,512,0,0,253,0,0,259,0,0,512,2.2617528438568115,63.21269607543945,0,0
348,A,348,0.0025451809633523226,0.0671275407075882,nan,nan,512,0,0.0025451809633523226,0.0671275407075882,all_rows,512,0,0.0036737972404807806,0.0462890625,-0.005445543536916375,0.002233995485585183,0.16019975894596428,a39ee2f68470bd59ba4db4306a609ada:0:0,8274c8287fe9edc37c6f8fd83137e247:0:0,9828d9d15807a44bb7f787b2f93ed93b:0:0,24fdd78b86a7ba95321c5af80ed4110e:0:3448467654,07664b8ff253705016fcf8e82c2527e3:0:2295159219,10,1.0,0,0,0,0,0,0,512,0,0,512,0,0,260,0,0,252,0,0,512,2.274445056915283,63.377410888671875,0,0
349,A,349,-0.0009629607666283846,0.06622235476970673,nan,nan,512,0,-0.0009629607666283846,0.06622235476970673,all_rows,512,0,0.0038185170851647854,0.0515625,-0.0048466077074408535,0.002189606917090714,0.16043602500576526,9894d8d7dea9025933bcd2df4dbd66da:0:0,39b7d3387dbbec31f92d9fd6b196ea88:0:0,d5305bffe2a610975480aabd4f8441e6:0:0,2ea1f6ec19127910fabbf4f5fdd6f50e:0:2212135744,53939506e6ae6bddb0ed3aad03e78843:0:2654596663,10,1.0,0,0,0,0,0,0,512,0,0,512,0,0,243,0,0,269,0,0,512,2.276620864868164,63.579444885253906,0,0
350,A,350,0.001712282421067357,0.06759312748908997,nan,nan,512,0,0.001712282421067357,0.06759312748908997,all_rows,512,0,0.00576160429045558,0.1140625,-0.007933704368770122,0.0022765369969420133,0.16432573995552957,c898f4d8bbbb001f701e8f5c985a32da:0:0,932300c5d90f372aa56a49911909b553:0:0,6bd2a86c5b302bc919200563cf102568:0:0,c4ad08174516a1f34e132b83da99d90e:0:298471367,ea918af634900c6cacff6527c6095db9:0:2612786300,10,1.0,0,0,0,0,0,0,512,0,0,512,0,0,278,0,0,234,0,0,512,2.301830768585205,62.6049919128418,0,0
351,A,351,0.008920046500861645,0.06254304945468903,nan,nan,512,0,0.008920046500861645,0.06254304945468903,all_rows,512,0,0.0026887624990195036,0.0314453125,-0.002392226387746632,0.0019102199468761683,0.15901596809271723,dbcfdc8bf3db8c3100308bf44a36feda:0:0,950851a060d3dfe6eb4193303d775ca5:0:0,672c3205d91d70105bc1820eb6b1403f:0:0,645043949e7dcf0888dde205a51cbd0e:0:2964915062,9e1924aaef4e552bee9f3c9f5f68d5d0:0:1801473281,10,1.0,0,0,0,0,0,0,512,0,0,512,0,0,268,0,0,244,0,0,512,2.350403070449829,61.89185333251953,0,0
352,A,352,-0.011631150729954243,0.07412170618772507,nan,nan,512,0,-0.011631150729954243,0.07412170618772507,all_rows,512,0,0.005051491316407919,0.054296875,-0.001984550431370735,0.002708440797869116,0.16101237502880394,bbffee61a1032cad793faaf26353cada:0:0,c6f1c0e8831fa6c493279ca54d313c5d:0:0,8e1453e470f3787b451505d88750be8c:0:0,c15e15576c35e5cb493dbbdf5d5fa10e:0:2928161130,6f0a80965a9fd7f1797410d9c8d181d3:1:1238025282,10,1.0,0,0,0,0,0,0,512,0,0,512,0,0,263,0,0,249,0,0,512,2.281019449234009,61.9534912109375,0,0
353,A,353,0.004988226108253002,0.06411606818437576,nan,nan,512,0,0.004988226108253002,0.06411606818437576,all_rows,512,0,0.01066683791577816,0.075,-0.003735435148701072,0.0020533231436274946,0.16086335491854697,5e8b64d57a655a6741280ea2e3b096da:0:0,fbf14c8928200eb0c583fb99e9f3e954:0:0,9f9421a2c282c845b09f479c345094d9:0:0,8c1f469f41caf0b852ba1c750362850e:0:1213533878,70d0db4c06057bc8aaf84ea08664f279:0:102275869,10,1.0,0,0,0,0,0,0,512,0,0,512,0,0,260,0,0,252,0,0,512,2.2787692546844482,61.80580520629883,0,0
354,A,354,-0.004074897151440382,0.06180540472269058,nan,nan,512,0,-0.004074897151440382,0.06180540472269058,all_rows,512,0,0.008040602318942547,0.0779296875,-0.0035691066645085812,0.001907391584245488,0.15873800998087972,f53f7aa7974f7a3b5a551951cb4d62da:0:0,89fd3bbbfb991dae29c3d068380d2c31:0:0,a83297500caa5022dcd29314fb3c82b3:0:0,8a01b909ef3ad6627240272a9725690e:0:3725062107,0b95766f70897306ecd670f12a71795e:0:969982375,10,1.0,0,0,0,0,0,0,512,0,0,512,0,0,250,0,0,262,0,0,512,2.264228343963623,62.408878326416016,0,0
355,A,355,0.0001248654443770647,0.06680826842784882,nan,nan,512,0,0.0001248654443770647,0.06680826842784882,all_rows,512,0,0.002919402439147234,0.033984375,-0.0004988811211660505,0.0022051426058169454,0.1634547640569508,a2f4918656bb8da92fc16d4b1a2a2eda:0:0,47f5178be097d9ea088828e469ec4769:0:0,b2543a9bc652cfb8edd0f7b1ff1d69dd:0:0,fd6a11401b86ee466222bf6418a84d0e:0:1049713736,fa589a74fb74bba9071939a9d2a4970b:1:4110847860,10,1.0,0,0,0,0,0,0,512,0,0,512,0,0,246,0,0,266,0,0,512,2.290587902069092,62.966007232666016,0,0
356,A,356,-0.00201095687225461,0.07003214210271835,nan,nan,512,0,-0.00201095687225461,0.07003214210271835,all_rows,512,0,0.005258436314761639,0.0611328125,-0.0034697038121521474,0.002436259319074452,0.16025302396155894,2498f46f68e29aaa60f6ecdad046fada:0:0,0cb3c59ecd7fcb2e4243bab89c885e73:0:0,301302fa5e8853b7400227e0b864dfdb:0:0,5d5268fb9e67735eae1a888587eb310e:0:411345382,705405505ba5b5c716b8195149459f56:0:771926294,10,1.0,0,0,0,0,0,0,512,0,0,512,0,0,272,0,0,240,0,0,512,2.3300108909606934,62.89607620239258,0,0
357,A,357,-0.00011924933642148972,0.06851181387901306,nan,nan,512,0,-0.00011924933642148972,0.06851181387901306,all_rows,512,0,0.0064192768186330795,0.064453125,-0.002931968122720718,0.0023375076532829555,0.16121839394327253,147032ed381acaca8e0eba4ceda3c6da:0:0,bec765ad7baa10a2e286258df8c64d95:0:0,c9af8b8184894bb0a3034db2544384ce:0:0,2fa5bd7c6d84d4779745e5f2e4ee150e:0:792140811,1ce84eb30b8c36621f3bdfa0fc3dbe49:1:1443342114,10,1.0,0,0,0,0,0,0,512,0,0,512,0,0,270,0,0,242,0,0,512,2.319603204727173,63.545719146728516,0,0
358,A,358,0.002326042391359806,0.0645044595003128,nan,nan,512,0,0.002326042391359806,0.0645044595003128,all_rows,512,0,0.0012724286643788218,0.05625,-0.0025026928167790176,0.0020666754106059672,0.1606644089333713,8b5442352e4d417f23b137ed724092da:0:0,c0179dcca637a518fb0eb75019fdb279:0:0,868440d0a5655b095c2a961cb9d7b9ec:0:0,473250d6b19ae242f828fb102fb0f90e:0:229007245,3d8c52784ef9c4fcfbc617926d8b8695:0:2228456596,10,1.0,0,0,0,0,0,0,512,0,0,512,0,0,250,0,0,262,0,0,512,2.271658420562744,64.8258056640625,0,0
359,A,359,0.0026431286241859198,0.06396642327308655,nan,nan,512,0,0.0026431286241859198,0.06396642327308655,all_rows,512,0,0.009657339192926884,0.053125,-0.004165381193161011,0.002019134967122227,0.15951178199611604,f1db8d0a944fa9bf271608085e1d5eda:0:0,4f292aeb55397abb5134499219184ced:0:0,2809a3eea30f5901c63faf0b1dcf2b9a:0:0,7d5c99da57e9db2c28adab416833dd0e:0:2142506052,56778c2500337d78b07180434be98a53:1:3619249968,10,1.0,0,0,0,0,0,0,512,0,0,512,0,0,243,0,0,269,0,0,512,2.2553699016571045,64.70893096923828,0,0
360,A,360,-0.00505934190005064,0.05936063453555107,nan,nan,512,0,-0.00505934190005064,0.05936063453555107,all_rows,512,0,0.0015273508615791798,0.102734375,-0.002756322082132101,0.0017599293787498027,0.16384870291221887,d8afe329086d7adb02040ce9b13a2ada:0:0,70778be944d69adb17a4f437a66717b8:0:0,179ba575ce39298253ba336939fda493:0:0,0e30a7aa345954ebe22399ea8e76c10e:0:3179440072,62c46403d2c25c8899ce8e9cd5caacb9:1:149959163,10,1.0,0,0,0,0,0,0,512,0,0,512,0,0,252,0,0,260,0,0,512,2.192692279815674,63.84798812866211,0,0
361,A,361,0.014350720681250095,0.06611967831850052,nan,nan,512,0,0.014350720681250095,0.06611967831850052,all_rows,512,0,0.005374169908463955,0.0458984375,-0.0011288963723927736,0.0020312618173193185,0.1588409310206771,b35dccd8c96cf4944ed168dd6b96f6da:0:0,32f8aa5a350027c3de77ae14983301cf:0:0,f2beed1395da7619c7221c07b9b2a95b:0:0,d0c90b6e88b103dc23402a6fa279a50e:0:2450526892,f0f273cdae73b0ee253a34718b54f02d:1:1552186306,10,1.0,0,0,0,0,0,0,512,0,0,512,0,0,255,0,0,257,0,0,512,2.181941509246826,63.565711975097656,0,0
362,A,362,-0.009294137358665466,0.05638647451996803,nan,nan,512,0,-0.009294137358665466,0.05638647451996803,all_rows,512,0,0.005897953175008297,0.037890625,-0.0041014851536601785,0.001590385811869055,0.16164960502646863,5ab2272e535bd275a4637e2f8d33c2da:0:0,61c0ad3336843b6094fa2e1d853a22fd:0:0,ea66b74e955b1b72a2b7469a45c72a51:0:0,6c006be4854b600c141e8034a43c890e:0:788340815,9fb30eebbad9c7c5284778f810895667:0:659857699,10,1.0,0,0,0,0,0,0,512,0,0,512,0,0,243,0,0,269,0,0,512,2.203969717025757,63.66658401489258,0,0
363,A,363,0.0022394773550331593,0.06295289099216461,nan,nan,512,0,0.0022394773550331593,0.06295289099216461,all_rows,512,0,0.001845186692662537,0.02578125,-0.001837239763699472,0.0019589589443057775,0.16120138100814074,529d19560b6fb66a622eef2c16108eda:0:0,f892014b3797ef21578bd36298dec1b5:0:0,13cf48c3ddea118acf7f5bedeeaa72e4:0:0,2dc5dbe217a62813ea3f7e9d93bf6d0e:0:2746810196,7976e6ce8453d5ee37f45e90c9318699:0:898190813,10,1.0,0,0,0,0,0,0,512,0,0,512,0,0,280,0,0,232,0,0,512,2.236783742904663,64.02259826660156,0,0
364,A,364,-0.005928621161729097,0.07577857375144958,nan,nan,512,0,-0.005928621161729097,0.07577857375144958,all_rows,512,0,0.0013684805016964674,0.0787109375,-0.00727239043917507,0.002853425242938101,0.16061875002924353,fac56b2bf8464a967c379e1f062d5ada:0:0,8e3783c930679e5c58a37e9f5fdccbaf:0:0,85ef8b227a453359eae379b157aa952d:0:0,1ff3e63b1b34c1a8cc89c90e7102510e:0:1302787166,11631c880e583d0074c003dd3791a00d:0:3596235253,10,1.0,0,0,0,0,0,0,512,0,0,512,0,0,270,0,0,242,0,0,512,2.243967056274414,64.21661376953125,0,0
365,A,365,0.008992267772555351,0.06441064178943634,nan,nan,512,0,0.008992267772555351,0.06441064178943634,all_rows,512,0,0.0038262568414211273,0.040625,-0.0020764767308719457,0.0020704196474980565,0.16271309193689376,17be093ec3d11a6e4710ad545d8a26da:0:0,924c93f5e44a853ff5340dd2f01057dd:0:0,de6c1d05c9a84cff211cc437775303c1:0:0,25f6fecac0d877f0b749c2eb3c05350e:0:2135515038,5fa8a77281d7b66f68109f2f6594eedb:1:2259773551,10,1.0,0,0,0,0,0,0,512,0,0,512,0,0,250,0,0,262,0,0,512,2.2489778995513916,63.91961669921875,0,0
366,A,366,-0.0016596767818555236,0.06493137776851654,nan,nan,512,0,-0.0016596767818555236,0.06493137776851654,all_rows,512,0,0.006464787293225527,0.0615234375,-0.002255306951701641,0.002106051763985306,0.16041035496164113,8c69123c8439230e43dc7f181c26f2da:0:0,ca2fd37289b552eb5bd3b09d85c09811:0:0,c8fc3b95097b593e14a33e89ea11bd0c:0:0,28a1a9b9c162979660318f97f4c8190e:0:2786206729,20a628c20f357eea0cc3e1e0f6b87833:1:3643565513,10,1.0,0,0,0,0,0,0,512,0,0,512,0,0,259,0,0,253,0,0,512,2.2265050411224365,63.9836540222168,0,0
367,A,367,-0.0014997422695159912,0.06756909936666489,nan,nan,512,0,-0.0014997422695159912,0.06756909936666489,all_rows,512,0,0.006797927897423506,0.0474609375,-0.004078543605282902,0.0022652459098026156,0.15906382398679852,aec025a709061ad2ec4cb5b64203beda:0:0,c3135fd509f2aae1f2a3b448018c91ca:0:0,bfabe86380bc48bc4c7df9b42d64f681:0:0,67032f6faf84689d1a5912789b4afd0e:0:1732954558,ca189ba4515919e78e6a0776bbb195ee:0:2805250746,10,1.0,0,0,0,0,0,0,512,0,0,512,0,0,264,0,0,248,0,0,512,2.1860694885253906,64.83642578125,0,0
368,A,368,0.0006591961719095707,0.059713687747716904,nan,nan,512,0,0.0006591961719095707,0.059713687747716904,all_rows,512,0,0.006759156938642263,0.0494140625,-0.0033713304437696934,0.0017872437310870737,0.1639722629915923,6838d38ca9d570307ea2337acf208ada:0:0,5d66a09be3c776b110db552feda080a8:0:0,8ec1d576aa097cdec24d71aea79c43df:0:0,b9b11cf37d9105f4ba3deef12f8de10e:0:3356051571,6b30ac0d49e1bf6f513d418e48851234:0:1496012494,10,1.0,0,0,0,0,0,0,512,0,0,512,0,0,253,0,0,259,0,0,512,2.2077476978302,64.28636169433594,0,0
369,A,369,-0.004932471551001072,0.060112833976745605,nan,nan,512,0,-0.004932471551001072,0.060112833976745605,all_rows,512,0,0.007815992459654808,0.05,-0.004263084172271192,0.0018023521697614342,0.15826708602253348,4f8e00e1d3ecffcac9ad1ab1c37d56da:0:0,dcfd532362c2ad587b49726e3e4ef5f3:0:0,9ae0a560f423fa0eb0207a4c84dd3ffb:0:0,bf741dd50b7512cd79c38865b190c50e:0:727807435,a753518758bbbcc9eb8431244d5248d3:1:1368061178,10,1.0,0,0,0,0,0,0,512,0,0,512,0,0,264,0,0,248,0,0,512,2.1269140243530273,65.06180572509766,0,0
370,A,370,0.001608946593478322,0.06802546232938766,nan,nan,512,0,0.001608946593478322,0.06802546232938766,all_rows,512,0,0.005831033922731876,0.0779296875,-0.004429557383991778,0.0022840433288365603,0.15943647199310362,271bd3f6d3f581ccf8cccda71f1a22da:0:0,d127e79f14decd14f05e491d2e4cef6f:0:0,f62bb70a479c05a4b1d972f9e7e8245b:0:0,546dee0f51484dabdc33023a2153a90e:0:3743755330,4d7778aee46b9a7a68548cbfde40513c:0:2036909220,10,1.0,0,0,0,0,0,0,512,0,0,512,0,0,262,0,0,250,0,0,512,2.1671698093414307,63.93925857543945,0,0
371,A,371,0.004433011170476675,0.06473405659198761,nan,nan,512,0,0.004433011170476675,0.06473405659198761,all_rows,512,0,0.001531112939119339,0.088671875,-0.0034139188937842846,0.0020512884424533696,0.15970311302226037,af7348649928ae815fefeea6e1f6eeda:0:0,972fd325265572d61da767c80c5fd19d:0:0,37e5107c4bdf0171a3a18abaecc0fc18:0:0,2d5837a87add013c923b3fd27ed68d0e:0:2253909089,1d02c20c2aad352e0b05c000a4115c2a:1:137104900,10,1.0,0,0,0,0,0,0,512,0,0,512,0,0,261,0,0,251,0,0,512,2.169382333755493,63.7690315246582,0,0
372,A,372,-0.0012080651940777898,0.06591954827308655,nan,nan,512,0,-0.0012080651940777898,0.06591954827308655,all_rows,512,0,0.007187626790255308,0.053515625,-0.0029118671547621487,0.002164350252132863,0.1599006149917841,9094e1aa6f3f1a2947945ffd0c13bada:0:0,2b78cd49b0aaf5a872ae63067f8b633d:0:0,105ca939a2179d06c25ec6f53bdc16b1:0:0,c52b292b08b152e85df0e492ca19710e:0:3873235284,412b9b0bfd31737e947fbadd9c113726:0:1146672468,10,1.0,0,0,0,0,0,0,512,0,0,512,0,0,268,0,0,244,0,0,512,2.158482313156128,64.24043273925781,0,0
373,A,373,0.0016981306253001094,0.06648948788642883,nan,nan,512,0,0.0016981306253001094,0.06648948788642883,all_rows,512,0,0.0066940663382411,0.059765625,-0.00676570157520473,0.002205668616807088,0.16258996503893286,449f1795ec69c814b8c743f59d7086da:0:0,ffa21f28b1004962a0a22b5abb83494f:0:0,842a127276b2b3ac7f98e027ccb351d2:0:0,ca0e6f68caa66f27f6ce53df031c550e:0:254669422,2387e760329ab9254a52e2e01629fb07:0:577361157,10,1.0,0,0,0,0,0,0,512,0,0,512,0,0,253,0,0,259,0,0,512,2.0415759086608887,65.16210174560547,0,0
374,A,374,0.005404705181717873,0.06688287854194641,nan,nan,512,0,0.005404705181717873,0.06688287854194641,all_rows,512,0,0.0033883308060467243,0.0263671875,-0.0005754309007897973,0.002248367655556649,0.16125517210457474,73ed076d90a374fa4924fcdc960d52da:0:0,e7867a30a239fb9e94a216369f5d15f0:0:0,2c143526d2a83601d7fc4a20dedecec0:0:0,acaffe4e48e19397edb3b11b29df390e:0:3937150933,898705822a33c37a5e1710911e713560:0:3440426374,10,1.0,0,0,0,0,0,0,512,0,0,512,0,0,244,0,0,268,0,0,512,1.9284441471099854,66.51203155517578,0,0
375,A,375,-0.008796785026788712,0.0664834976196289,nan,nan,512,0,-0.008796785026788712,0.0664834976196289,all_rows,512,0,0.0057085114531219006,0.0701171875,-0.005220002261921763,0.0021963848674204202,0.16506151400972158,1be4b0b5d3a5988ee6d92cfdf5ea1eda:0:0,8313f450480fa67734222159976050db:0:0,450727578b8174cbe77ba8e407fdceed:0:0,b0b9b9e2ef3af6cc90e6dfab3e621d0e:0:1688016270,3008632a1cb51faa75ef240ed02c68f8:1:1965317748,10,1.0,0,0,0,0,0,0,512,0,0,512,0,0,248,0,0,264,0,0,512,1.882705569267273,67.41497039794922,0,0
376,A,376,0.010929478332400322,0.0688396617770195,nan,nan,512,0,0.010929478332400322,0.0688396617770195,all_rows,512,0,0.008854580111801624,0.044140625,-0.002703307894989848,0.0023695361509453506,0.16394226404372603,2e498c479ecd1e5da49eb6a5bd06eada:0:0,c29c8ec8cceda5fa9e6f1490cf0baa87:0:0,b7a888bd593ad557ef1688b882961e02:0:0,abe199e80f9e8de5d01382f340a5010e:0:3335769827,7b239f42d6892ead162476fbfa1fe4e6:0:2992318765,10,1.0,0,0,0,0,0,0,512,0,0,512,0,0,248,0,0,264,0,0,512,1.939582109451294,66.443115234375,0,0
377,A,377,-0.0015001253923401237,0.06387022137641907,nan,nan,512,0,-0.0015001253923401237,0.06387022137641907,all_rows,512,0,0.004215107765048742,0.0609375,-0.0042328799841925505,0.002034066984197125,0.16250417102128267,1e10a04e703ad5df85bfbc1feb63b6da:0:0,4f21d013c0075b67ab042bbe05725650:0:0,0be43df014a7552d39b8b92330733faf:0:0,50b74fde8fc2afe3204afe5730a7e50e:0:1420744463,c50a039d5301aafad388ecb399b5a77b:0:2006410586,10,1.0,0,0,0,0,0,0,512,0,0,512,0,0,251,0,0,261,0,0,512,1.9637377262115479,66.69578552246094,0,0
378,A,378,0.0032096379436552525,0.06018870323896408,nan,nan,512,0,0.0032096379436552525,0.06018870323896408,all_rows,512,0,0.010896163992583752,0.045703125,-0.001549416733905673,0.001793726289179176,0.15972328302450478,0fae53a3a47b99d34a159fb8810082da:0:0,016c8adbb8d86b8f5d4a8c471f41e017:0:0,5f761959f96f40ade8767c694f10aa0f:0:0,409ec890d69896b76004753b0e6ac90e:0:1605968026,a220f358faf66b7653eab6a65274ef36:0:4272456324,10,1.0,0,0,0,0,0,0,512,0,0,512,0,0,253,0,0,259,0,0,512,1.9339734315872192,67.09846496582031,0,0
379,A,379,-2.704327926039696e-07,0.05793427303433418,nan,nan,512,0,-2.704327926039696e-07,0.05793427303433418,all_rows,512,0,0.005226184148341417,0.023828125,-0.0010511845350265503,0.0015865669527556747,0.15938139404170215,24e42edba4042ed53a0903bb7ddd4eda:0:0,45f6bf631eeb69b68054c133e7e5f6d3:0:0,cc065a32d6be495204b7bd768c0357c9:0:0,fb1817944ddabe1cbb1ccb02d9edad0e:0:1274458,3175a0205d7cd15e48c17545dc6e5c57:0:3499596621,10,1.0,0,0,0,0,0,0,512,0,0,512,0,0,249,0,0,263,0,0,512,1.8876914978027344,67.4220962524414,0,0
380,A,380,0.004647835623472929,0.06934140622615814,nan,nan,512,0,0.004647835623472929,0.06934140622615814,all_rows,512,0,0.005722041241824627,0.03203125,-0.0003026855643838644,0.0022751190059352665,0.16588332992978394,a6757138f1ccd936f291ca74e1fa1ada:0:0,6f821dcae3aa4f9e08bbad5900acbe48:0:0,ef18ac61c9fde651b75e751b6e71d3bb:0:0,e54b748b8c1d20288ed6a3129330910e:0:3471559823,4fb092d024388cbbcbab6420c314594d:0:2596196483,10,1.0,0,0,0,0,0,0,512,0,0,512,0,0,253,0,0,259,0,0,512,1.8240528106689453,67.84930419921875,0,0
381,A,381,0.005238894373178482,0.06401361525058746,nan,nan,512,0,0.005238894373178482,0.06401361525058746,all_rows,512,0,0.007337503135204315,0.0513671875,-0.0015818145591765642,0.0019370267458725722,0.16174611204769462,a81ce3985858aa1731371630ad56e6da:0:0,b04d22104bdcfba93e63c1c97f60f441:0:0,e18221ad85922dcf0ccbee61a7325200:0:0,e18aef47fbc34f9f4dda60ce3a33750e:0:1351584193,af08517083af907688fc5aabbfe6b354:0:2070382884,10,1.0,0,0,0,0,0,0,512,0,0,512,0,0,241,0,0,271,0,0,512,1.8660128116607666,67.38948059082031,0,0
382,A,382,0.00286338129080832,0.06153744459152222,nan,nan,512,0,0.00286338129080832,0.06153744459152222,all_rows,512,0,0.0004824602510780096,0.044140625,-0.0030847054382320493,0.0018756252946332097,0.16212776699103415,33e4a348b27483b9a00f493adff3b2da:0:0,6db4862b2c6373f0af68e6183ff86a35:0:0,036e6a60c3d552175dcbb78233ff82dd:0:0,10db613f9340700864362799cef6590e:0:1733219434,a3364ce8aed41d13d40f3ca475977a9a:0:1289438055,10,1.0,0,0,0,0,0,0,512,0,0,512,0,0,259,0,0,253,0,0,512,1.8262531757354736,67.99671173095703,0,0
383,A,383,0.0017814781749621034,0.06916993856430054,nan,nan,512,0,0.0017814781749621034,0.06916993856430054,all_rows,512,0,0.0029013976454734802,0.02734375,-0.00029930947348475454,0.0023882178880739956,0.16093413904309273,18d9baa00cf9d51ea1c005df79d07eda:0:0,2c2157dbc406b2c1dd6bd7e02335f3ed:0:0,015dbaf22ef8c7800717222a7a9b6d49:0:0,2e5ae820f3050b821b5ddad951793d0e:0:3515261158,2908c8e0be5c6bbf09717342890336be:1:1078468206,10,1.0,0,0,0,0,0,0,512,0,0,512,0,0,263,0,0,249,0,0,512,1.8471779823303223,67.85333251953125,0,0
384,A,384,0.003639387898147106,0.06192499026656151,nan,nan,512,0,0.003639387898147106,0.06192499026656151,all_rows,512,0,0.0034418602008372545,0.049609375,-0.002817019342910498,0.0019059554964769632,0.1624147299444303,2d4144ff1ee10cdb1d7e2e6a7aed4ada:0:0,ea5d10fc95c887798d349463dfaeb7cb:0:0,db4ed19484c5e4b6498531ac90a22d67:0:0,4b44dea5fd7ec6557e2b1df0c1bc210e:0:3117862235,f1ef425b200782c6016d16eba20249d3:1:136661768,10,1.0,0,0,0,0,0,0,512,0,0,512,0,0,264,0,0,248,0,0,512,1.9229556322097778,67.3229751586914,0,0
385,A,385,-0.0013999459333717823,0.06445109099149704,nan,nan,512,0,-0.0013999459333717823,0.06445109099149704,all_rows,512,0,0.0054000308737158775,0.062890625,-0.008401003619655966,0.0020661559654399754,0.16229507001116872,35338fd354efc3304b0de527e34a16da:0:0,c8f04f2b2169fe97eec05bb06b9c7143:0:0,7c9cd6797be8421d8ad76fc2efdbd42a:0:0,5821d61abd8df04a3cdd54441fbf050e:0:3419738515,c07d0b5390fb74222b61a2b2c4c5f013:1:2850116670,10,1.0,0,0,0,0,0,0,512,0,0,512,0,0,274,0,0,238,0,0,512,1.9495536088943481,67.4310302734375,0,0
386,A,386,0.00021279416978359222,0.05963214859366417,nan,nan,512,0,0.00021279416978359222,0.05963214859366417,all_rows,512,0,0.011100439354777336,0.04140625,-0.003391504753381014,0.0017047839181032031,0.1584388050250709,b3132a06ee4e9b637ec28c63b2e6e2da:0:0,efc8456a92bc5da37cd5a21d5a1a7261:0:0,0aaba30143003b34a1bb18218a74dcf7:0:0,aa2584642fd4f3ba9119a1376b81e90e:0:1422988614,7525dc9bb68816e2e29537a13b75d653:0:1877869964,10,1.0,0,0,0,0,0,0,512,0,0,512,0,0,245,0,0,267,0,0,512,1.9873002767562866,66.84645080566406,0,0
387,A,387,0.0066924551501870155,0.06830965727567673,nan,nan,512,0,0.0066924551501870155,0.06830965727567673,all_rows,512,0,0.002382321283221245,0.0681640625,-0.002359176333993673,0.0022965373180340977,0.1621954960282892,b6fa1f2de752dc55f57ec669e9c3aeda:0:0,711d3731b365e51abadde4b70c86ab56:0:0,42c228801a7e5d26471698ee9e23bba6:0:0,5894efa84345a26721eae82ea504cd0e:0:96314853,98d42c7bcb4e75cc304eabdab5ef95a1:0:2247788417,10,1.0,0,0,0,0,0,0,512,0,0,512,0,0,255,0,0,257,0,0,512,1.9793592691421509,65.74463653564453,0,0
388,A,388,-0.001514709321781993,0.06504596024751663,nan,nan,512,0,-0.001514709321781993,0.06504596024751663,all_rows,512,0,0.0033548157662153244,0.095703125,-0.007950560306198895,0.002112817525630817,0.1604153059888631,542eb39dafc7c05ca0b4758687e07ada:0:0,104be483833996a183c593e76da4afd1:0:0,1be62f3598d06ef83989454521158f6d:0:0,b30c5a0e2550600ae7c1cc8dcc47b10e:0:1748930941,006c95acec0b26a13162627f587b64f3:1:823064531,10,1.0,0,0,0,0,0,0,512,0,0,512,0,0,265,0,0,247,0,0,512,1.9629155397415161,66.12364196777344,0,0
389,A,389,-0.002187064616009593,0.05436798185110092,nan,nan,512,0,-0.002187064616009593,0.05436798185110092,all_rows,512,0,0.004133033566176891,0.0830078125,-0.00347837065346539,0.0014645027578808368,0.16111538803670555,bf3ada7cea037c57f264bc058d3d46da:0:0,d76d8cc8d201c024515fe5d2c73635ce:0:0,ce0e3f5bbcc40068cdad2f5e46b92aeb:0:0,fc5e8d63ae192aaf1074b1b8e14a950e:0:3629414838,1f0a371317c9fd464934ed234a933741:0:246185396,10,1.0,0,0,0,0,0,0,512,0,0,512,0,0,234,0,0,278,0,0,512,1.9756749868392944,66.620849609375,0,0
390,A,390,0.0004413486458361149,0.06102703884243965,nan,nan,512,0,0.0004413486458361149,0.06102703884243965,all_rows,512,0,0.0027879972476512194,0.061328125,-0.004852662608027458,0.0018660212459508329,0.16253160091582686,439e4eb7b013fe0ba91ffc32f9da12da:0:0,175ca43f0b43c600293a53b5af7f474d:0:0,2061723e0ed9a75babb44ea516c7524c:0:0,d44e27ca811680bee33fbb13e40d790e:0:2363935528,c95741b9463a06763357c3bfeb553569:0:545368923,10,1.0,0,0,0,0,0,0,512,0,0,512,0,0,250,0,0,262,0,0,512,2.0206422805786133,66.4598159790039,0,0
391,A,391,0.005529338493943214,0.06113773584365845,nan,nan,512,0,0.005529338493943214,0.06113773584365845,all_rows,512,0,0.002354102209210396,0.05390625,-0.003541773319011554,0.0018712215649429708,0.1616215839749202,4482b3a41c4f61b69c05d85acdb6deda:0:0,80d81f52889f7c4b481d53ff8fbb1903:0:0,e7ca31fc052ad799d42586472b6c6db6:0:0,1a4d6fe5367e24dba4c4cc02d4905d0e:0:1459234447,f0c18956f1473ea88dc7450f9e7de251:1:3496789398,10,1.0,0,0,0,0,0,0,512,0,0,512,0,0,253,0,0,259,0,0,512,2.08577561378479,65.72301483154297,0,0
392,A,392,-0.004908632952719927,0.07030300796031952,nan,nan,512,0,-0.004908632952719927,0.07030300796031952,all_rows,512,0,0.004496898036450148,0.0146484375,-9.822733700275421e-05,0.0024715664330869913,0.16043126699514687,5f9b6a0212941eea86c532c908d3aada:0:0,d6f79ff88cb28763a0c1ec231eeffd7b:0:0,829af53474bf15cb5246cd9d0fd4ca0c:0:0,62820052a1e3bf707b0b87e9b2d3410e:0:821984793,136dc1e3ec185238db16ddbb4f1cf0ff:0:2089267653,10,1.0,0,0,0,0,0,0,512,0,0,512,0,0,268,0,0,244,0,0,512,2.0990641117095947,65.58958435058594,0,0
393,A,393,0.00043781520798802376,0.06688934564590454,nan,nan,512,0,0.00043781520798802376,0.06688934564590454,all_rows,512,0,0.010889541357755661,0.065234375,-0.005274349369574338,0.002223412849707529,0.16507915104739368,93afd9e08784eca3d59c2dc9ab3076da:0:0,ac0db3d00aadbcb56a5f28f8221d8159:0:0,00180140c1174ea855b5e92693507a88:0:0,223f479b0a6d5e065181522c7ed6250e:0:141803029,4862d0557cb32ce831fe03bb955955a4:1:2656247399,10,1.0,0,0,0,0,0,0,512,0,0,512,0,0,265,0,0,247,0,0,512,2.020136594772339,66.44315338134766,0,0
394,A,394,0.005219101905822754,0.0637347474694252,nan,nan,512,0,0.005219101905822754,0.0637347474694252,all_rows,512,0,0.0067763058468699455,0.0537109375,-0.0018484227126464247,0.002000426093582064,0.16215773997828364,0476d1d1c30c5ca171582ba8b4cd42da:0:0,0f60fe1ad294b3e11cfa855fb559e3f8:0:0,0ed80d1fb967736b9809c5e4943acf55:0:0,4fc56b08e901d057bcf94e2f3899090e:0:455818855,66bcd1e222c48dca36dfcf6be080b955:0:572149672,10,1.0,0,0,0,0,0,0,512,0,0,512,0,0,256,0,0,256,0,0,512,2.068680763244629,65.01280212402344,0,0
395,A,395,-0.0031380788423120975,0.06736718863248825,nan,nan,512,0,-0.0031380788423120975,0.06736718863248825,all_rows,512,0,0.0038170325569808483,0.0201171875,-0.00029930900782346723,0.0022550529276486484,0.1631278620334342,a2a447b75b742dfc8b55ceb225aa0eda:0:0,3cc2fcbe9890e068cff82e72deff8531:0:0,78dd57f26869d7d57923bf2081ac45c2:0:0,2011903c80d4e324dfac5f55e01bed0e:0:721403343,859cb4564670c2bd55e640d2bd9811cf:0:2113169849,10,1.0,0,0,0,0,0,0,512,0,0,512,0,0,251,0,0,261,0,0,512,2.0678904056549072,65.9578857421875,0,0
396,A,396,0.000329935981426388,0.061778128147125244,nan,nan,512,0,0.000329935981426388,0.061778128147125244,all_rows,512,0,0.0025497430469840765,0.03984375,0.001024701353162527,0.0019137995259370655,0.16090878995601088,a8983f4de65c57006980f931fdc6dada:0:0,c5b602e8bf29c97582389dc75ee45c6a:0:0,48d88613395d4a4c9896c145df137d5b:0:0,a2b0ea9f66b578c74d392904755ed10e:0:2601773993,44d3c2b7cb95cafd7eaf99f4745a63ef:1:3565755710,10,1.0,0,0,0,0,0,0,512,0,0,512,0,0,268,0,0,244,0,0,512,2.048769950866699,65.50420379638672,0,0
397,A,397,0.0018436015816405416,0.05808641016483307,nan,nan,512,0,0.0018436015816405416,0.05808641016483307,all_rows,512,0,0.0041671376675367355,0.0375,-0.0020154510159045456,0.0016725693887565285,0.16027029999531806,893dde7f9cddc6423254cd743d23a6da:0:0,de6f097d5ac23c949af29974cb414606:0:0,0373bcf2180f48edcfb869e85d472186:0:0,04912732cb817f85eea40e9ef861b50e:0:4112159958,0d65c8e12105fe4beacd06e7d09b7339:0:1559566784,10,1.0,0,0,0,0,0,0,512,0,0,512,0,0,268,0,0,244,0,0,512,2.0807149410247803,65.44901275634766,0,0
398,A,398,0.0009945995407178998,0.0622226782143116,nan,nan,512,0,0.0009945995407178998,0.0622226782143116,all_rows,512,0,0.0054121557623147964,0.06328125,-0.005330906505696476,0.0019353756855707616,0.16190369706600904,a69cc7647024daf8b8dbadc4e3c072da:0:0,79bfd5cf7e7ee62a5dff51bbf26ac613:0:0,c7eb59eaf213f5912be33e98d484cf2e:0:0,0d76f2891e23c5a8e65733896924990e:0:3714332704,45c8090607502e095b2a64ba977406d7:0:342822769,10,1.0,0,0,0,0,0,0,512,0,0,512,0,0,269,0,0,243,0,0,512,2.0456173419952393,66.29183197021484,0,0
399,A,399,0.004720770753920078,0.06476937979459763,nan,nan,512,0,0.004720770753920078,0.06476937979459763,all_rows,512,0,0.0025337575934827328,0.0330078125,-0.0010959762963466345,0.0021004140551667662,0.1642588230315596,efa4abb54bcf949448af3c6ff19d3eda:0:0,72f02289b5d11451cacb025df5c03ef2:0:0,65f0179eaef98c48af61bbe90bd9892d:0:0,c5d65a11597fab4d74227b27c7a77d0e:0:278613868,d549d97c65683fa253ff80023482d507:0:2999710351,10,1.0,0,0,0,0,0,0,512,0,0,512,0,0,255,0,0,257,0,0,512,2.0760443210601807,65.63114929199219,0,0
400,A,400,-0.006620724685490131,0.061765775084495544,nan,nan,512,0,-0.006620724685490131,0.061765775084495544,all_rows,512,0,0.0028781488072127104,0.041015625,-0.004574611457064748,0.0019137802359182388,0.16487561899702996,6813b557835b799671f85bc166ba0ada:0:0,5764c3c74d240f9aa49c0ddb7af37603:0:0,e627c99c8755b1234695ca15c8dfc4ee:0:0,ea00b33012aeb1f9d93b88de13ea610e:0:3469671296,7e895a482f68634595b3b1317ba16cef:0:2844925781,10,1.0,0,0,0,0,0,0,512,0,0,512,0,0,266,0,0,246,0,0,512,2.073153495788574,66.16256713867188,0,0
401,A,401,0.0015963853802531958,0.06741289049386978,nan,nan,512,0,0.0015963853802531958,0.06741289049386978,all_rows,512,0,0.003784927073866129,0.0359375,-0.001304802857339382,0.002040705981198698,0.1612224030541256,a143d384a7ef35a9d56f2e054316d6da:0:0,765b77d737a849f3e7ac3a83ab417a7b:0:0,466a849a6ab46216d6541f2bff43231f:0:0,b1b87ff81bf3e9f13c3dc0104ded450e:0:4270154218,d8fbaa3f42e4dd2f208cd2420dffa853:1:3722573116,10,1.0,0,0,0,0,0,0,512,0,0,512,0,0,257,0,0,255,0,0,512,2.0079243183135986,66.27713775634766,0,0
402,A,402,-0.006830292753875256,0.0653785839676857,nan,nan,512,0,-0.006830292753875256,0.0653785839676857,all_rows,512,0,0.0035091894678771496,0.0263671875,-0.0019415615592151881,0.001957629091339186,0.1616593870567158,56693bf243cbeef9f05b158786b3a2da:0:0,4d5b2f5190b5738b0b85027fb8ca540a:0:0,f13c6c46be1dc0029d909e18a8d6bb3b:0:0,4dfd7aaa50c93d478d2a442275b0290e:0:579418138,34adce1905d52209087893495076716f:0:2603738794,10,1.0,0,0,0,0,0,0,512,0,0,512,0,0,263,0,0,249,0,0,512,2.070672035217285,66.1189956665039,0,0
403,A,403,0.0029866674449294806,0.0609096959233284,nan,nan,512,0,0.0029866674449294806,0.0609096959233284,all_rows,512,0,0.005989319644868374,0.0857421875,-0.006257181335240602,0.001824327843496576,0.16177740204147995,b99d7b3c38b252cae892b49431906eda:0:0,8ce61c0cf929b8f6a9b0887f2b938cf8:0:0,4cdbaa4f3991a7a41496476a2fff4e9a:0:0,20098679df6a98b56967f8788b330d0e:0:3142151806,d76cd3524e221430b25eb6c9b4e4430b:0:2469191638,10,1.0,0,0,0,0,0,0,512,0,0,512,0,0,263,0,0,249,0,0,512,2.0807008743286133,65.57124328613281,0,0
404,A,404,-0.0009972220286726952,0.061456099152565,nan,nan,512,0,-0.0009972220286726952,0.061456099152565,all_rows,512,0,0.00786801241338253,0.0283203125,-0.0031018346082419155,0.0018793411436490715,0.1600396310677752,903647b3be875951587bed7743ad3ada:0:0,cdd5b2b60c8c8ae23181d95a7a03440f:0:0,a9dd8d2b8a000494f095276eb259eb7a:0:0,e1c2bd682442f22bffc380768e75f10e:0:20782762,98b15710717f7dd5bebb296dcfd30365:1:4143624698,10,1.0,0,0,0,0,0,0,512,0,0,512,0,0,259,0,0,253,0,0,512,2.134385824203491,64.8291015625,0,0
405,A,405,-0.003484085202217102,0.06239980086684227,nan,nan,512,0,-0.003484085202217102,0.06239980086684227,all_rows,512,0,0.007881516590714455,0.0552734375,-0.005804516887292266,0.0019436334841884673,0.1636443380266428,0b9ded943f84c0ca1b0be27cbd0a06da:0:0,f2f04215e5231c5cc73c0502560a0caf:0:0,c4142d8fdf2d273c5c4f51a7d97acda2:0:0,8f173060eb9f2d28f46f3f807f78d50e:0:312278788,5dab5e907590dbb0cbcf5e8927bd4307:0:1529966380,10,1.0,0,0,0,0,0,0,512,0,0,512,0,0,245,0,0,267,0,0,512,2.064753532409668,64.05018615722656,0,0
406,A,406,-0.0008972241776064038,0.06921679526567459,nan,nan,512,0,-0.0008972241776064038,0.06921679526567459,all_rows,512,0,0.007638335227966309,0.051171875,-0.004642712371423841,0.002394065301632509,0.16304385790135711,5f6c9b7e8f413fd217c6f5f09da6d2da:0:0,c4abc0675c21596a6733340177532f42:0:0,86e4e6ca56ea1a7ba78b5bf5c8dbc6c5:0:0,a68c3015ae0adcca450358fa5e3bb90e:0:2012747954,14bcc8afc832d4391cda6593b5fe11d0:1:1212364137,10,1.0,0,0,0,0,0,0,512,0,0,512,0,0,250,0,0,262,0,0,512,1.966979742050171,65.2886962890625,0,0
407,A,407,0.00574994832277298,0.06093278154730797,nan,nan,512,0,0.00574994832277298,0.06093278154730797,all_rows,512,0,0.00784743670374155,0.0447265625,-0.0027688055299222468,0.0018659032823052258,0.16280308505520225,751e11fa39dc6efe0ec0ca1ee5839eda:0:0,0cf61a8174aef5f99b2d1a83e427dd47:0:0,c7fe568e04deb2da438de0de90bad6ff:0:0,1b851a6c1bbae3a22c7db0482abe9d0e:0:2967462568,1acbcbd2b24b885119615c9d52204458:0:604940893,10,1.0,0,0,0,0,0,0,512,0,0,512,0,0,254,0,0,258,0,0,512,1.9227378368377686,64.49464416503906,0,0
408,A,408,-0.003827525768429041,0.0735953152179718,nan,nan,512,0,-0.003827525768429041,0.0735953152179718,all_rows,512,0,0.0037418100982904434,0.021484375,-0.001252445112913847,0.002698530495399609,0.16130687796976417,d0ae409be89a69b2649c415394a06ada:0:0,ae2b4bf6b2b6217324ad1b8aafd0a988:0:0,7deb3477326b4afde8fcad7cdcbafc2d:0:0,e424b1aa0b69f14b0741e8cde501810e:0:2997662711,a6d958a35692049696e2e2cdd2ec2bb1:0:927088407,10,1.0,0,0,0,0,0,0,512,0,0,512,0,0,268,0,0,244,0,0,512,1.8713663816452026,64.07220458984375,0,0
409,A,409,-0.0019920077174901962,0.060698699206113815,nan,nan,512,0,-0.0019920077174901962,0.060698699206113815,all_rows,512,0,0.0022996864281594753,0.0484375,9.54978633671999e-05,0.0017470619990490378,0.1600666589802131,c6e92f4f193b263aee8b7ddaaafd36da:0:0,6399c8f1b8d80a3ecde9c52895b7d9a3:0:0,a49bccfefe4b04167e4f767d55bb07d0:0:0,34efefdea10addbb371965ef8d04650e:0:3316129716,c242ee40f0048a7a598f17d4e4e9145d:0:4187231469,10,1.0,0,0,0,0,0,0,512,0,0,512,0,0,252,0,0,260,0,0,512,1.8119758367538452,64.9281997680664,0,0
410,A,410,0.004104177467525005,0.06151864305138588,nan,nan,512,0,0.004104177467525005,0.06151864305138588,all_rows,512,0,0.002562966663390398,0.02265625,-0.002405468001961708,0.0018876488436944782,0.1634535329649225,958f3220a5598522be4fe200289a02da:0:0,c269438a9dca7a307d7ee8b5dbe047cf:0:0,4f4b2dcaaabe5affd909fffe4d457a96:0:0,0b421a5e40b4e25907334b1122c7490e:0:3273413715,c87eca63db17d1d40be8e66017881431:0:2332095271,10,1.0,0,0,0,0,0,0,512,0,0,512,0,0,260,0,0,252,0,0,512,1.82050359249115,65.25718688964844,0,0
411,A,411,0.002462604083120823,0.0659356489777565,nan,nan,512,0,0.002462604083120823,0.0659356489777565,all_rows,512,0,0.01212119497358799,0.0775390625,-0.00686252519953996,0.0021608048758935184,0.16168652393389493,c5d5d1c6d71e17cbee3a10100d76ceda:0:0,1bcd673a6e338f7d810b784a4e00b2e5:0:0,f8cecc9d7e763c3e474fe9231f72af97:0:0,6aef8e7ca22db0ce90247b96a64a2d0e:0:434597950,5e8db67024c1c88f12b2b90ee6d8e41f:1:844701848,10,1.0,0,0,0,0,0,0,512,0,0,512,0,0,254,0,0,258,0,0,512,1.7507458925247192,65.49215698242188,0,0
412,A,412,-0.007044872269034386,0.06620706617832184,nan,nan,512,0,-0.007044872269034386,0.06620706617832184,all_rows,512,0,0.0026488658040761948,0.0359375,-0.0008157557109370828,0.0021914232813287525,0.1596913170069456,8a880b0308919e476d29ea5659939ada:0:0,87a5e85b7f2afab3f05a14c35c44ce74:0:0,d3ee961d224a3b573e10b6043e5542df:0:0,78e75a061975679d9be79ae4178d110e:0:1004657231,ab3db943d12175a92f5214df4901936a:1:1730545721,10,1.0,0,0,0,0,0,0,512,0,0,512,0,0,264,0,0,248,0,0,512,1.7389183044433594,65.1815414428711,0,0
413,A,413,-0.001859681447967887,0.06729039549827576,nan,nan,512,0,-0.001859681447967887,0.06729039549827576,all_rows,512,0,0.003443429246544838,0.027734375,-0.0015521852299571037,0.002245978859718889,0.1614713609451428,8b558ad80adb3c6cca8e931f0cf066da:0:0,2211c9d5b2bf2e5cf3459805f8e76269:0:0,3968e58ed61e4450f1c7ef9e249e1b58:0:0,31fb2f4ee8b8647389dd0c5d768ff50e:0:400261730,3392673abfe6411354f7f695c172488e:0:2580969049,10,1.0,0,0,0,0,0,0,512,0,0,512,0,0,268,0,0,244,0,0,512,1.7307779788970947,65.18617248535156,0,0
414,A,414,-0.0010229485342279077,0.05992564931511879,nan,nan,512,0,-0.0010229485342279077,0.05992564931511879,all_rows,512,0,0.009423851035535336,0.0306640625,0.001835070294328034,0.0017921774240676313,0.16150044300593436,ce005d6fd2b6663202666cb6278d32da:0:0,fee4aa3fa10d6a8daa152ac24f1bb1a4:0:0,ba4fde0bf98631f0d599123810114f19:0:0,aff1a605300af43d32caf366c352d90e:0:2893966085,4aec7ee9b13e661a4c081bdfb08bd5e4:1:1828684217,10,1.0,0,0,0,0,0,0,512,0,0,512,0,0,249,0,0,263,0,0,512,1.7620800733566284,64.78646850585938,0,0
415,A,415,-0.0006663290550932288,0.06654293090105057,nan,nan,512,0,-0.0006663290550932288,0.06654293090105057,all_rows,512,0,0.0033214755821973085,0.096484375,-0.003330962173640728,0.0022284748789388686,0.16116797795984894,334b216a276c8343493f1967a969feda:0:0,4de001615421dd08eee251b2045c6e11:0:0,0aab5a88b57efbaae79f2351a8a0dfca:0:0,8d67ff47cf52e0faccdd3363fdd5bd0e:0:2253450174,e66a6eba451ce7df86617fc57470179d:1:92848024,10,1.0,0,0,0,0,0,0,512,0,0,512,0,0,272,0,0,240,0,0,512,1.8474172353744507,63.663272857666016,0,0
416,A,416,0.006016375031322241,0.06338799744844437,nan,nan,512,0,0.006016375031322241,0.06338799744844437,all_rows,512,0,0.0009171717101708055,0.065234375,-0.0004510886035859585,0.002001748187467456,0.1603164350381121,500f392d519e49dad8357b7f9286cada:0:0,8b839372361edec62fdebfa7c80e0b8f:0:0,838aab66c6f7fea8a6388db377b3f600:0:0,d08eccda4ec2dd53cfa56fb92618a10e:0:3124115085,61d5935b8557af5c26bf4a8e65473f24:0:277903431,10,1.0,0,0,0,0,0,0,512,0,0,512,0,0,251,0,0,261,0,0,512,1.8669451475143433,63.16182327270508,0,0
417,A,417,-0.010384884662926197,0.06665050983428955,nan,nan,512,0,-0.010384884662926197,0.06665050983428955,all_rows,512,0,0.0033870521001517773,0.0501953125,-0.0033744592918083073,0.002239104884210974,0.16229440597817302,51faa7b10728d0d8b8f5b549e2e396da:0:0,05826cee946b13abe190208a8f7a0ea3:0:0,b8e106f7e16273aac001f49249a176dd:0:0,a337e8a3a24bcdead81b0bca3c1b850e:0:1771982920,53b4e2d46b4dc968257e07576fc46db5:1:2588792684,10,1.0,0,0,0,0,0,0,512,0,0,512,0,0,264,0,0,248,0,0,512,1.8278814554214478,62.7134895324707,0,0
418,A,418,-0.00029689952498301864,0.06748660653829575,nan,nan,512,0,-0.00029689952498301864,0.06748660653829575,all_rows,512,0,0.0065964884124696255,0.0861328125,-0.004221001313999296,0.002264925802592188,0.16475614299997687,2260461b1172591a91bb29129a8062da:0:0,d10d2ae0241c83dc7f445cdafb363844:0:0,cef26a8b0479826fb13bd96b05a1e2ee:0:0,d1bc1afb5c67f0718c9b2afb3fde690e:0:1929381435,05222824927f1078d36c9a1cefa25d48:0:1797740828,10,1.0,0,0,0,0,0,0,512,0,0,512,0,0,251,0,0,261,0,0,512,1.8543658256530762,62.5616569519043,0,0
419,A,419,-0.0025953715667128563,0.06145605072379112,nan,nan,512,0,-0.0025953715667128563,0.06145605072379112,all_rows,512,0,0.005895636975765228,0.0453125,-0.003953802864998579,0.0018869341758545489,0.1627781440038234,1f82cb646b6ace1371507925b95d2eda:0:0,8cf4f8a4fd9728f57a6236600f1abcb5:0:0,df7d45f243d1bec1be91cc72cc50ec84:0:0,5fb3a39ea4a3e07c80e8b0b031614d0e:0:2237326782,117d6ed78b90e9db16df93dce70d0429:1:544878544,10,1.0,0,0,0,0,0,0,512,0,0,512,0,0,268,0,0,244,0,0,512,1.8433233499526978,63.356258392333984,0,0
420,A,420,-0.0030087800696492195,0.06805672496557236,nan,nan,512,0,-0.0030087800696492195,0.06805672496557236,all_rows,512,0,0.008302475325763226,0.053515625,-0.0028361741453409193,0.0023202841635793447,0.15915065503213555,9513b71cd48bfda39b0f87cf3f79fada:0:0,8ddc80afcc564fcd39976ec7b6c6c85f:0:0,2b6de40082d9221ebd63784fae1e2b7f:0:0,4716927c06497a171a2c404d10a4310e:0:2777460381,0b3f51d924faccbf7c657e9a5ba70ffb:1:500599760,10,1.0,0,0,0,0,0,0,512,0,0,512,0,0,249,0,0,263,0,0,512,1.815050721168518,64.66242980957031,0,0
421,A,421,-0.0254632830619812,0.08473684638738632,nan,nan,512,0,-0.0254632830619812,0.08473684638738632,all_rows,512,0,0.0009375636000186205,0.034375,0.0005465336376801133,0.0026552074181381614,0.15777230099774897,9e8294421625873052e1775b2cd6c6da:0:0,d53609caf87c942355fab7cce4b1aa8a:0:0,bda658f9bdc944863cd6720e707027c7:0:0,79d87adaeb909a1772f43d35dda7150e:0:3638443108,cea81030b8dbb55b73a5f9d47e8be57e:0:3174865098,10,1.0,0,0,0,0,0,0,512,0,0,512,0,0,262,0,0,250,0,0,512,1.8040043115615845,63.70228576660156,0,0
422,A,422,0.015653153881430626,0.06111140921711922,nan,nan,512,0,0.015653153881430626,0.06111140921711922,all_rows,512,0,0.008252627216279507,0.1046875,-0.017506017163395882,0.0018961666966788471,0.15956616098992527,586f38ff784081fba93eaa15817392da:0:0,6d812e68baf934bac4a612cfbd1a2200:0:0,8de3b245cfe0f09665e192460b78c234:0:0,4d368cb959b9bc323f34cace9869f90e:0:145198656,9bcd1af0261eef60f7e6688d84b3b7cc:0:4136285538,10,1.0,0,0,0,0,0,0,512,0,0,512,0,0,254,0,0,258,0,0,512,1.8144841194152832,63.80757141113281,0,0
423,A,423,-0.005134284496307373,0.06849084049463272,nan,nan,512,0,-0.005134284496307373,0.06849084049463272,all_rows,512,0,0.010455779731273651,0.0890625,-0.007287119445390999,0.00235241464106366,0.1621548580005765,415aa4092366dabc472ec24a3d505eda:0:0,92f2acae6cbe203d4ef82145adcfe112:0:0,e9bb913892a6d6de594bf407a1b84ba2:0:0,5e778590427676ceb047cc7b40ecdd0e:0:894927324,afda5a0f66143658261fed44896eb27d:1:3917344592,10,1.0,0,0,0,0,0,0,512,0,0,512,0,0,245,0,0,267,0,0,512,1.7970600128173828,65.37010192871094,0,0
424,A,424,0.005410068668425083,0.07342492043972015,nan,nan,512,0,0.005410068668425083,0.07342492043972015,all_rows,512,0,0.0042855096980929375,0.04375,0.0006073091179132461,0.002677970699733123,0.16136100597213954,6bcde0266c9a68753a48a245606d2ada:0:0,b3317fc2c22d57f42fd48380569944d7:0:0,0c54f82975a5790db14ef43a0a03ecc5:0:0,908a33047f03d49a58ece59fd72fc10e:0:3129131353,3d8eebc9f2e9fdff64f4c73250e0c5f3:1:1880666868,10,1.0,0,0,0,0,0,0,512,0,0,512,0,0,251,0,0,261,0,0,512,1.760391116142273,66.86024475097656,0,0
425,A,425,0.0032666847109794617,0.06489147990942001,nan,nan,512,0,0.0032666847109794617,0.06489147990942001,all_rows,512,0,0.0051671238616108894,0.0390625,-0.004183927120175212,0.002104893751675263,0.16467120894230902,b4dcea5d48c7b88dc0b26c52eac9f6da:0:0,725731b687c891b866b6abd0431efa43:0:0,d7c5e0a6ddf80a5615ec30f119533be4:0:0,c6816f60495a8bdd114979a05b32a50e:0:190843188,c279761d686b488cf633d0de610e2aff:1:2797799781,10,1.0,0,0,0,0,0,0,512,0,0,512,0,0,250,0,0,262,0,0,512,1.7601075172424316,66.58124542236328,0,0
426,A,426,-0.004601282998919487,0.06603015214204788,nan,nan,512,0,-0.004601282998919487,0.06603015214204788,all_rows,512,0,0.003616918344050646,0.0560546875,-0.0032578700222074984,0.002171120117418468,0.1620356710627675,986cf71065009229152182bedc66c2da:0:0,3b0ab6a96cfed9b08716da58acacfa4c:0:0,4dce3af1c7d852dd79206a61cbf83239:0:0,46239106c7d9138cdae8abe0ccf5890e:0:1296125541,7f5eb6838225535d96ea62675d0439c7:1:3192050997,10,1.0,0,0,0,0,0,0,512,0,0,512,0,0,252,0,0,260,0,0,512,1.7818423509597778,65.78575134277344,0,0
427,A,427,0.010914010927081108,0.0738842561841011,nan,nan,512,0,0.010914010927081108,0.0738842561841011,all_rows,512,0,0.005988888442516327,0.0568359375,-0.00040283757261931895,0.002671128779184073,0.1615746539318934,80399e40a0ca30be3ada87d535438eda:0:0,786294a285993bb4933b4d53592b2f64:0:0,e5e3be5129ca065856a696fdcc0fdac8:0:0,055f3b68ffcb9621c4bb5fc52c786d0e:0:3773968982,dd7e3a7537dcec9d9bfc3c8c1af68911:1:68022874,10,1.0,0,0,0,0,0,0,512,0,0,512,0,0,256,0,0,256,0,0,512,1.7959346771240234,66.11405944824219,0,0
428,A,428,-3.958685556426644e-05,0.062062181532382965,nan,nan,512,0,-3.958685556426644e-05,0.062062181532382965,all_rows,512,0,0.009629419073462486,0.0462890625,-0.00443063098937273,0.001923835219349712,0.16083573002833873,927b6f01e7cb35efc9b15de1f5605ada:0:0,c413c38b714fd4a6ad62811ec2243074:0:0,c84868f569cbaf18942a7281fc62a607:0:0,5b3859594335c229cf1838b179bb510e:0:978099792,cd911baeb6d4d9ac555535ed8439fadd:1:2244503133,10,1.0,0,0,0,0,0,0,512,0,0,512,0,0,246,0,0,266,0,0,512,1.7912148237228394,65.83392333984375,0,0
429,A,429,-0.0034955856390297413,0.06626022607088089,nan,nan,512,0,-0.0034955856390297413,0.06626022607088089,all_rows,512,0,0.0018640594789758325,0.0244140625,0.00012626834213733674,0.0021541425783652814,0.1617085930192843,188c2e12a82552a3ba0927311cbd26da:0:0,b2887d767e50aea2266577240074e839:0:0,226c85118469332b4639fe0005fa2467:0:0,6e65c5efee42789ccfbb9a09b4be350e:0:1602859604,27c22e81e894ec259ee0248c396f758d:0:3562836229,10,1.0,0,0,0,0,0,0,512,0,0,512,0,0,261,0,0,251,0,0,512,1.8306533098220825,64.82418060302734,0,0
430,A,430,0.00029175987583585083,0.07101843506097794,nan,nan,512,0,0.00029175987583585083,0.07101843506097794,all_rows,512,0,0.0035422020591795444,0.037890625,-0.0032902320846915243,0.0025121440936345606,0.1651201710337773,9c31936462c6a75b30d4460eab59f2da:0:0,f13060b9a6c67c1b38d0a67b45d453d2:0:0,9e82e8c5a7183cb74a43f0b7b4ba08e2:0:0,1722ca8a08bd58f055c7a731dd81190e:0:4061604717,2b603e41a533e2af6aacd6d635af96a7:1:34632506,10,1.0,0,0,0,0,0,0,512,0,0,512,0,0,269,0,0,243,0,0,512,1.8476436138153076,64.85906982421875,0,0
431,A,431,-0.0028269533067941666,0.06444448232650757,nan,nan,512,0,-0.0028269533067941666,0.06444448232650757,all_rows,512,0,0.005865134764462709,0.0693359375,-0.010141937900334597,0.0020703768299426884,0.16212432296015322,da96b64312fedbca4b945cc6a136beda:0:0,ab8c3dafeadc66487c105730baf122f2:0:0,5386c45d5319ba2bdd75ca6d7c89d469:0:0,8c671dc01ffa2aeb8dc4438df403fd0e:0:3179231996,e937aae6f7668818c7342e32f47c4135:1:2162242816,10,1.0,0,0,0,0,0,0,512,0,0,512,0,0,267,0,0,245,0,0,512,1.8548609018325806,64.20146179199219,0,0
432,A,432,-0.002365661319345236,0.06579907238483429,nan,nan,512,0,-0.002365661319345236,0.06579907238483429,all_rows,512,0,0.00565714854747057,0.039453125,-0.0003577027935534716,0.0021365746331866832,0.16085411596577615,adae7fa86aa3edafec5a4da4fe538ada:0:0,c55628216ed559ef20d64ec0d20821ca:0:0,5d84c90fe1fbf21d543c752f77f37f87:0:0,ec8c78896d8e263b259f1281f846e10e:0:577585426,01317ecfad01ec4048cd46bce340a7d4:0:1241266291,10,1.0,0,0,0,0,0,0,512,0,0,512,0,0,250,0,0,262,0,0,512,1.846407175064087,62.903255462646484,0,0
433,A,433,-0.0010282736038789153,0.07049330323934555,nan,nan,512,0,-0.0010282736038789153,0.07049330323934555,all_rows,512,0,0.010204996913671494,0.061328125,-0.0024557876866310837,0.0024695387692190707,0.16160952090285718,16fe6e272012b6ed85c63af5c2b056da:0:0,e28c76ead6902fecbec149f2c1d6d1d7:0:0,64d304398daec27299116fd3982a1518:0:0,4c2224151f3f17c530ab7771ea49c50e:0:3663294353,da64d0faa1933828d91720f7bfc82f10:0:3485480057,10,1.0,0,0,0,0,0,0,512,0,0,512,0,0,269,0,0,243,0,0,512,1.7976458072662354,63.57481002807617,0,0
434,A,434,0.0007377807050943375,0.060482319444417953,nan,nan,512,0,0.0007377807050943375,0.060482319444417953,all_rows,512,0,0.014340678229928017,0.0748046875,-0.007699343655258417,0.0018247841217089444,0.16210430290084332,b0e8b6b9cb572adee7078704ee4d22da:0:0,c929fd79ca345030f5fcc76c02c7ad2d:0:0,f466b0867264bf3d8fd37eff59c1425f:0:0,410d1439548c64bd0ba295c1ca0ca90e:0:3451079343,e61a47a2ff009994eeff03e2b3039dfa:1:1923227686,10,1.0,0,0,0,0,0,0,512,0,0,512,0,0,232,0,0,280,0,0,512,1.8213982582092285,63.6362190246582,0,0
435,A,435,-0.0039701275527477264,0.0604177862405777,nan,nan,512,0,-0.0039701275527477264,0.0604177862405777,all_rows,512,0,0.0015624492662027478,0.0220703125,-0.0015928606269881129,0.0018225913867354394,0.16233609290793538,fcb759a00fc84af207dcd41e8129eeda:0:0,907369d6c26922603b7208015468f6cd:0:0,50deab2b26b54ffd52d97a3deb776bc1:0:0,a9d637ad2635eb7740a350d5978f8d0e:0:3727453849,27584e13b23209a3ee5e7591900d558e:1:384074525,10,1.0,0,0,0,0,0,0,512,0,0,512,0,0,244,0,0,268,0,0,512,1.8907109498977661,61.99549865722656,0,0
436,A,436,0.0011374843306839466,0.07046462595462799,nan,nan,512,0,0.0011374843306839466,0.07046462595462799,all_rows,512,0,0.015429891645908356,0.0810546875,-0.004622854292392731,0.0024850242305547,0.16118107608053833,53271a540f63d27ed494048e7b46bada:0:0,9c622875882ca7e4191fe26142c9e785:0:0,6ca5df53b654d7ca635b0a06428b9894:0:0,86f0a098cc24c1fd6b324c1152d2710e:0:3480967289,7ff810266010362a55f05fea1686ddcf:0:3979204554,10,1.0,0,0,0,0,0,0,512,0,0,512,0,0,234,0,0,278,0,0,512,1.948447346687317,61.36362838745117,0,0
437,A,437,-0.003608129685744643,0.06661265343427658,nan,nan,512,0,-0.003608129685744643,0.06661265343427658,all_rows,512,0,0.00494577968493104,0.0427734375,-0.0039608852937817575,0.002212664682883769,0.16120420908555388,b2416d81653599defa0a3aa0dca386da:0:0,2ec39e2cff6d7f7bec13a74e3d6e85d1:0:0,beb4af44eee733d981e1c4aeb4486702:0:0,eb8e055cb619d2621c39ead8fbd5550e:0:3992707347,d275148b5dcaa5c9215ba33e960c7b4b:0:3950730428,10,1.0,0,0,0,0,0,0,512,0,0,512,0,0,256,0,0,256,0,0,512,2.0093886852264404,59.92891311645508,0,0
438,A,438,0.00046021980233490467,0.0661957785487175,nan,nan,512,0,0.00046021980233490467,0.0661957785487175,all_rows,512,0,0.005913799628615379,0.0435546875,-0.0020637618144974113,0.0021387611341197044,0.16272018291056156,45375fc62416b0c5b1abd8a1a54052da:0:0,2d456676dff34b3baab22ad03947adb4:0:0,35a4bbc9c468ac45f6868777d7397503:0:0,2309dac62b8654d4be0a50909298390e:0:3667723146,52ab0d3f0d12a29e24f9b08fa09dee15:0:4106794853,10,1.0,0,0,0,0,0,0,512,0,0,512,0,0,250,0,0,262,0,0,512,1.9025367498397827,61.27356719970703,0,0
439,A,439,-0.003140693064779043,0.06285538524389267,nan,nan,512,0,-0.003140693064779043,0.06285538524389267,all_rows,512,0,0.008803733624517918,0.111328125,-0.006321007967926562,0.001972052064957097,0.15841710299719125,58e533e597102fd78d7480dcd51d1eda:0:0,9b3f36b6a72e0db351f69b9008c56511:0:0,65812742b290a7f326066f9e343f8fcb:0:0,f4c9ee3dc6f227757859609c171b1d0e:0:1686402318,40203352e7360c8498b1794ed034872d:1:2343164049,10,1.0,0,0,0,0,0,0,512,0,0,512,0,0,247,0,0,265,0,0,512,1.8445435762405396,62.809654235839844,0,0
440,A,440,0.002691918285563588,0.06475893408060074,nan,nan,512,0,0.002691918285563588,0.06475893408060074,all_rows,512,0,0.0045705693773925304,0.068359375,-0.004202059144154191,0.002086770546156913,0.16175349801778793,80eefef3c0adc18243ef159e6c39eada:0:0,422dfddc81874033b9d177c99730faca:0:0,284e442ec03bbcb06999da640ad4d5b5:0:0,406eefd1e15403e91442be5f895e010e:0:48714796,824705805a98b54f64b2c4ad0e59776d:0:1421984290,10,1.0,0,0,0,0,0,0,512,0,0,512,0,0,246,0,0,266,0,0,512,1.7593693733215332,64.21438598632812,0,0
441,A,441,-0.010676035657525063,0.060785550624132156,nan,nan,512,0,-0.010676035657525063,0.060785550624132156,all_rows,512,0,0.011020916514098644,0.0822265625,-0.005862319050356746,0.0017314529803115874,0.15813341399189085,0541dcdfd68be2147c35b9326a96b6da:0:0,b141e8d60e735403c6b784d9142da37b:0:0,7b092d01027f86a55ce6c95f5dead5a6:0:0,cd0fc954c1bf92ace047cd3ee960e50e:0:9258267,ef60ef841b6df33eba6f8aff8393b5b1:0:2716643187,10,1.0,0,0,0,0,0,0,512,0,0,512,0,0,243,0,0,269,0,0,512,1.7467596530914307,63.403621673583984,0,0
442,A,442,0.014480761252343655,0.0695190504193306,nan,nan,512,0,0.014480761252343655,0.0695190504193306,all_rows,512,0,0.008195916190743446,0.0591796875,-0.003486170945689082,0.00239091066760011,0.15787098405417055,4d7377a3366dd71599f1cde4d03382da:0:0,828f990d69bd588f3be1aed4cb737075:0:0,51f01eb27c6306653da364061ac4fbb7:0:0,e5bff11c25cd5c2a944fb09e3723c90e:0:4162896137,9d3855319c15617ffe441df85c50c893:1:2474675027,10,1.0,0,0,0,0,0,0,512,0,0,512,0,0,256,0,0,256,0,0,512,1.7213023900985718,62.20970153808594,0,0
443,A,443,-0.009486735798418522,0.06955456733703613,nan,nan,512,0,-0.009486735798418522,0.06955456733703613,all_rows,512,0,0.003716148901730776,0.048828125,-0.0028154504951089622,0.00239492206601426,0.16034453094471246,ee3a873992275ddd895bf6019d104eda:0:0,c6f516d737435a1005510434275964a6:0:0,c4037eacc255a6d0886a3a05592460f2:0:0,098b1c457720978c35a74be172a6ad0e:0:2399868393,a5eb3b6555328ca74132b0ba2f5562c4:1:4022154231,10,1.0,0,0,0,0,0,0,512,0,0,512,0,0,270,0,0,242,0,0,512,1.704432487487793,63.021297454833984,0,0
444,A,444,-0.003979786299169064,0.059140827506780624,nan,nan,512,0,-0.003979786299169064,0.059140827506780624,all_rows,512,0,0.003964643459767103,0.0337890625,-0.0014124128967523575,0.0017132409033365549,0.16023914201650769,444ea8664fa6116c8b3c13d4d12d1ada:0:0,6733a5a219ba75a0f1c6966408f2dd0f:0:0,82cee9339bee051fd1d2d6f2d069c55f:0:0,5b1fcdb7c26ed74ffb01426c9be9910e:0:488179328,5f0d5bf4cbd64e6eea9bf58e234b978d:0:1001637739,10,1.0,0,0,0,0,0,0,512,0,0,512,0,0,261,0,0,251,0,0,512,1.73253333568573,62.469886779785156,0,0
445,A,445,0.005952809937298298,0.06897686421871185,nan,nan,512,0,0.005952809937298298,0.06897686421871185,all_rows,512,0,0.012051388621330261,0.06640625,-0.001723947236314416,0.0022622196760494263,0.15749827201943845,2ea46c2a5a66878300e949aa6c89e6da:0:0,572972287651abf3904089cbde50fca0:0:0,96d3198f7140d8c52e8dbe22f3536b35:0:0,6a563c72446d939c3075f7a3b2ec750e:0:2692326550,74860c32620f36778d6cf1a3606627d1:1:323521847,10,1.0,0,0,0,0,0,0,512,0,0,512,0,0,268,0,0,244,0,0,512,1.6974992752075195,62.75688552856445,0,0
446,A,446,-0.00378497876226902,0.06553976982831955,nan,nan,512,0,-0.00378497876226902,0.06553976982831955,all_rows,512,0,0.00274966424331069,0.053515625,-0.005707016820088029,0.002134443464456126,0.16019736789166927,8773d1ace3a124f93849f9ce6f26b2da:0:0,788173debff27fc65ce17db05e365fff:0:0,e105e960ffb7ac6de65f5a51537baddb:0:0,3559ed0c210992531b838eeab7af590e:0:1525249747,54cdbbbd7e1b5e398a680d72931a43b3:0:149706485,10,1.0,0,0,0,0,0,0,512,0,0,512,0,0,256,0,0,256,0,0,512,1.6805537939071655,63.763126373291016,0,0
447,A,447,0.002963752020150423,0.06029612571001053,nan,nan,512,0,0.002963752020150423,0.06029612571001053,all_rows,512,0,0.008583258837461472,0.0810546875,-0.006588766444474458,0.0018028299789875745,0.1580203310586512,77037838ce7aa95737d3c68cd9037eda:0:0,4f761555cf37865957847e9296948ed0:0:0,b1a532707f19e162f1b295620cedaad1:0:0,a63a1f9f994c2ce6df0deba5aa323d0e:0:488226568,110d1c9a703ae989c844aad6bb14176d:0:1301584740,10,1.0,0,0,0,0,0,0,512,0,0,512,0,0,247,0,0,265,0,0,512,1.6903654336929321,64.22631072998047,0,0
448,A,448,-0.00970773957669735,0.06592095643281937,nan,nan,512,0,-0.00970773957669735,0.06592095643281937,all_rows,512,0,0.004709331318736076,0.0466796875,-0.002636875119060278,0.002182980050565675,0.16333630494773388,ac11becfc58471ac8a8b9231aa204ada:0:0,fda0d89a9d1fbbf8183bdc7773afd89f:0:0,ebe06961f0d5f3ae3240685f6db201fd:0:0,29c7dcb0d45273ed5f5eb1388a75210e:0:3101533787,e7e5b8153f940c4c9e6d9a85d97251a4:0:3289466995,10,1.0,0,0,0,0,0,0,512,0,0,512,0,0,248,0,0,264,0,0,512,1.7092444896697998,62.78398895263672,0,0
449,A,449,0.005203732755035162,0.06972941756248474,nan,nan,512,0,0.005203732755035162,0.06972941756248474,all_rows,512,0,0.004911403171718121,0.0390625,-0.0009341014781966805,0.002380593871930614,0.16339138499461114,f326bab336d872a80c057f08e27d16da:0:0,e67cd97e3d443771b51af5c25cc9fdee:0:0,a7a263ef0c26d12fab7a32c24628708e:0:0,13aff8f60fba3074262543075878050e:0:2740497343,82b598253afafd94d07b6446d1817f5c:1:3950740168,10,1.0,0,0,0,0,0,0,512,0,0,512,0,0,253,0,0,259,0,0,512,1.7003698348999023,63.83393859863281,0,0
450,A,450,0.0008612704696133733,0.06385666131973267,nan,nan,512,0,0.0008612704696133733,0.06385666131973267,all_rows,512,0,0.009392445906996727,0.0537109375,-0.0048188925720751286,0.002028896735282615,0.16282337298616767,975e6e22b41ce9efb464ef5e8219e2da:0:0,027b7048c8ad1472adf79db98b9676d6:0:0,3f262a9ac2f6244b629746b3f1be5b19:0:0,276bd93ccbe8c3144676c476143ae90e:0:221286030,1f16493120ac0c7ccc6d9d57b07810cb:0:1873213352,10,1.0,0,0,0,0,0,0,512,0,0,512,0,0,225,0,0,287,0,0,512,1.7215989828109741,63.3531608581543,0,0
451,A,451,-0.00084911152953282,0.06442965567111969,nan,nan,512,0,-0.00084911152953282,0.06442965567111969,all_rows,512,0,0.0021696914918720722,0.0310546875,-0.0009335440117865801,0.0020252065325621514,0.16173295001499355,7391f46e73bbc6b8645c857e88f6aeda:0:0,a71bc0356e9090657a984d0396cf1332:0:0,76efd52194aa1c68f73df6a3d09625c5:0:0,9bb514fd488fe0c640ce18e8bdbdcd0e:0:1473562807,fecfd5923e274ffd73374f26e89e5d1d:1:468792681,10,1.0,0,0,0,0,0,0,512,0,0,512,0,0,234,0,0,278,0,0,512,1.7921946048736572,62.08843994140625,0,0
452,A,452,0.001824606559239328,0.06766542792320251,nan,nan,512,0,0.001824606559239328,0.06766542792320251,all_rows,512,0,0.00789741799235344,0.079296875,-0.006295636855065822,0.00226199192693457,0.16198794706724584,a970705bf099c99db12e23b4f7137ada:0:0,cd46783aa45774cd41d2f7cd73d5332c:0:0,74894282631a8404a5e000e5224e20e4:0:0,145e4f8365d42d75e70be3c35500b10e:0:3751456098,5f48e267f34858f40eeecef161c1f8f1:0:322964131,10,1.0,0,0,0,0,0,0,512,0,0,512,0,0,284,0,0,228,0,0,512,1.8407658338546753,62.492637634277344,0,0
453,A,453,0.0007149121956899762,0.07333451509475708,nan,nan,512,0,0.0007149121956899762,0.07333451509475708,all_rows,512,0,0.003678192850202322,0.03828125,-0.0008784161414951086,0.0026468844967894255,0.1620452880160883,9c556db9e5995bb9b0aaec4dcc7046da:0:0,f437503343b7c92972b04fb655f36fe2:0:0,e733593455ce9686a9be80becc9ddc0e:0:0,2a8ebce9be79b45640768869da03950e:0:1444593165,1f201a519670fc40615fa33c1669c72d:0:3674013554,10,1.0,0,0,0,0,0,0,512,0,0,512,0,0,271,0,0,241,0,0,512,1.899044394493103,61.32742691040039,0,0
454,A,454,-0.0038345521315932274,0.07085864245891571,nan,nan,512,0,-0.0038345521315932274,0.07085864245891571,all_rows,512,0,0.0034880256280303,0.0625,-0.006995942094363272,0.002495728066423908,0.16286337608471513,16ba16e022351cfcc5334195090d12da:0:0,84699576b2ecebec5b70b293fe3d4f08:0:0,1aa897fa4492ddcd31f8b5bb8eddd099:0:0,fb1dc9798f7a3df56dba2a404cc6790e:0:1520405735,089c5270d13f21b8089e330ca133d0dc:1:39007,10,1.0,0,0,0,0,0,0,512,0,0,512,0,0,255,0,0,257,0,0,512,1.8817604780197144,61.574851989746094,0,0
455,A,455,0.0037363970186561346,0.06186657026410103,nan,nan,512,0,0.0037363970186561346,0.06186657026410103,all_rows,512,0,0.002856327686458826,0.0365234375,-0.004693676857277751,0.0019118930795229971,0.1621064000064507,72411ab6f57e29c569b6c5d6ace9deda:0:0,e262a9b64b2fffe04f7b4f1a8670221e:0:0,465d62f1ed7549b964391106ccacf25e:0:0,a3f13f57c16984108ce8acaaad495d0e:0:4251721945,07596f2a4642d02c73034e39ffcd5be9:0:3123515529,10,1.0,0,0,0,0,0,0,512,0,0,512,0,0,270,0,0,242,0,0,512,1.8896020650863647,61.07020568847656,0,0
456,A,456,0.002845342503860593,0.05879591777920723,nan,nan,512,0,0.002845342503860593,0.05879591777920723,all_rows,512,0,0.004023620393127203,0.0236328125,-0.00026460904628038405,0.0017130121355876326,0.16573260491713881,3ad267c12cca17b7fdb45b5eb806aada:0:0,8c5511d6ab94e1f5447a3272b27363f5:0:0,a520e36972f4d58d796b90c1ee9f6f06:0:0,698a0fbd280b43279d79b30cfb8c410e:0:3787491965,859c9ccabcd9dca31ef59f8aa00b6b4f:0:241785846,10,1.0,0,0,0,0,0,0,512,0,0,512,0,0,240,0,0,272,0,0,512,1.8594214916229248,61.98540496826172,0,0
457,A,457,-0.0064498623833060265,0.06597647815942764,nan,nan,512,0,-0.0064498623833060265,0.06597647815942764,all_rows,512,0,0.005944585893303156,0.07265625,-0.002959219319745898,0.002155210997443646,0.16026099503505975,1c43f482e35ca9d6913a24792a6376da:0:0,2284d1e78b7087af3ed4addff0b01bef:0:0,ca9f56b5346fa5c56bea2bd3b70c5731:0:0,3b1a924dcc7f29d1644aa0cb378f250e:0:863862080,78e6702d9058c8b5841a465e47f8b378:1:1585573687,10,1.0,0,0,0,0,0,0,512,0,0,512,0,0,249,0,0,263,0,0,512,1.8356214761734009,61.75831604003906,0,0
458,A,458,0.0011331252753734589,0.0704769715666771,nan,nan,512,0,0.0011331252753734589,0.0704769715666771,all_rows,512,0,0.008315318264067173,0.069140625,-0.005977867031469941,0.002472401555860415,0.16031316702719778,fee7ad7ea0593bd8b0e58372040042da:0:0,da85a2bb3ce30fd920f32e894122721d:0:0,93a218ab3e7df87df469fb800ee934f7:0:0,43549e78d666a5cf4f9e99496152090e:0:2898332874,ffb15c44cf20b6d5ca48a3305f664617:0:1811152617,10,1.0,0,0,0,0,0,0,512,0,0,512,0,0,256,0,0,256,0,0,512,1.8379014730453491,61.30427932739258,0,0
459,A,459,0.0108261089771986,0.06212543696165085,nan,nan,512,0,0.0108261089771986,0.06212543696165085,all_rows,512,0,0.004483356140553951,0.048046875,-0.0051015107426792385,0.0019317826256155968,0.16103895800188184,11444ce18047e4c331e31a9544dd0eda:0:0,57c896ffc9ea55e3e5dbe3155fcbe69e:0:0,b6ce3935223fb534214166a718239a2b:0:0,f456582068688ee15b1e7feb78d4ed0e:0:2051096152,7b813a0b03058dcb58127c106e50f589:0:3042304264,10,1.0,0,0,0,0,0,0,512,0,0,512,0,0,235,0,0,277,0,0,512,1.8599016666412354,60.07017135620117,0,0
460,A,460,-0.000811500009149313,0.0603150799870491,nan,nan,512,0,-0.000811500009149313,0.0603150799870491,all_rows,512,0,0.0060986243188381195,0.07109375,-0.004457551101222634,0.0018038768961559982,0.16097074397839606,237f57d6677a50bffdeecc2eecf9dada:0:0,a594a391d645f99340af3bba92b791c2:0:0,114d580d4b09abfb2fd7f8a988c9276d:0:0,5379e21e8476af59f3d8f8157e17d10e:0:400914954,9674a9776dade12825493d8854ebb814:1:4190778057,10,1.0,0,0,0,0,0,0,512,0,0,512,0,0,253,0,0,259,0,0,512,1.9039838314056396,59.38273620605469,0,0
461,A,461,-0.019841505214571953,0.06937537342309952,nan,nan,512,0,-0.019841505214571953,0.06937537342309952,all_rows,512,0,0.0037169638089835644,0.0177734375,-0.0017351101036183537,0.0023329984047450124,0.16153906600084156,32d1c1577a9c5235df53ba8afc56a6da:0:0,e1e4e453f6f3a541aaa749339b7bddc7:0:0,3e624507fc07357662228e784adf1275:0:0,040e6691cc392a71dc42652b711ab50e:0:3961913821,00da487161cc0687dd8dd69f3a52d77e:1:3713507054,10,1.0,0,0,0,0,0,0,512,0,0,512,0,0,275,0,0,237,0,0,512,1.8478281497955322,59.80734634399414,0,0
462,A,462,0.005796596873551607,0.06691240519285202,nan,nan,512,0,0.005796596873551607,0.06691240519285202,all_rows,512,0,0.0016467053210362792,0.022265625,0.0009163343347609043,0.0021920894854702056,0.16092989896424115,5806c2345abc2a204cec47f572f372da:0:0,40d0786edd39440fc4612d6c0823edba:0:0,b9703ec6be5becf87f02e8a8e7a7cc2f:0:0,7be80632b203c05c1034ea9151dd990e:0:2407097673,6e0c536f5c6cdb530caa893f88fd8134:0:2452311276,10,1.0,0,0,0,0,0,0,512,0,0,512,0,0,276,0,0,236,0,0,512,1.7595070600509644,60.785186767578125,0,0
463,A,463,0.005882013123482466,0.061721041798591614,nan,nan,512,0,0.005882013123482466,0.061721041798591614,all_rows,512,0,0.0020105699077248573,0.0509765625,-0.0031012089224532247,0.0018861796241253614,0.16386788990348577,82bd51e2e21687a7362216ba50d03eda:0:0,50537a082c0333e747ed7f6fd77044ab:0:0,1abb7f2427e00c54d869b22f80e71ce3:0:0,b80045476eb8f019a8f06bab20607d0e:0:3148954466,072b48c7a01ea1b9328edc9b22bd83e5:1:450021934,10,1.0,0,0,0,0,0,0,512,0,0,512,0,0,245,0,0,267,0,0,512,1.7450841665267944,61.156776428222656,0,0
464,A,464,-0.0009612856083549559,0.06122180446982384,nan,nan,512,0,-0.0009612856083549559,0.06122180446982384,all_rows,512,0,0.0051229591481387615,0.0376953125,-0.003775511775165796,0.0018578450311906637,0.163545394083485,8b30538f5ef23ef6ceee092595ed0ada:0:0,dfc6283c2782ccb4c0588c91d80b30b2:0:0,198de9c601e64a739dd15e111425f0ef:0:0,7fd17622d0fef70dc11a8bdcdca3610e:0:414919687,290858ff82defbd3f25084f19bed52de:0:1131861559,10,1.0,0,0,0,0,0,0,512,0,0,512,0,0,241,0,0,271,0,0,512,1.7101073265075684,61.73431396484375,0,0
465,A,465,-0.0019765528850257397,0.0694320797920227,nan,nan,512,0,-0.0019765528850257397,0.0694320797920227,all_rows,512,0,0.004968671128153801,0.0732421875,-0.005744547385256737,0.00241258175810799,0.1611242579529062,34e7fec089d7b7575bd841834249d6da:0:0,79b563db5c1413002280a78de8528fd2:0:0,75afe030cd2e9d0405e08bd3c4f64da3:0:0,996d6e6fba2aae5158beae8a86a6450e:0:2498900909,cf07edf403f7a0c8d9d4311d29ae699a:0:2073896267,10,1.0,0,0,0,0,0,0,512,0,0,512,0,0,251,0,0,261,0,0,512,1.75486421585083,62.34883499145508,0,0
466,A,466,0.005853123962879181,0.05959136411547661,nan,nan,512,0,0.005853123962879181,0.05959136411547661,all_rows,512,0,0.001335353241302073,0.0166015625,-0.0004667462781071663,0.0017812577774748207,0.16154548502527177,c5284ac2b4701084fdf8221f55e6a2da:0:0,f93c95b6dcf2d7e5af7c17016b76cf65:0:0,a809b45e6be7d15974f2e5bc4b11d880:0:0,0c4a85e0dd4445c7394df7181e69290e:0:648080991,fc5601d0df2f14fe06e71e1636b0855e:1:4116856717,10,1.0,0,0,0,0,0,0,512,0,0,512,0,0,255,0,0,257,0,0,512,1.815855860710144,61.77541732788086,0,0
467,A,467,-0.004391821101307869,0.06446007639169693,nan,nan,512,0,-0.004391821101307869,0.06446007639169693,all_rows,512,0,0.00556500069797039,0.0630859375,-0.005730070185381919,0.00205527160433121,0.15712780004832894,d7742fecee57ff477ef44d45d0c36eda:0:0,46bb92ddfd4852e41753e365366f97db:0:0,215ca52fc51d196a90bca69c96f8be63:0:0,832172321489dcefd99f48e9a3ec0d0e:0:3076903393,3c59348f52a3142255013ec382399e3e:1:339268272,10,1.0,0,0,0,0,0,0,512,0,0,512,0,0,270,0,0,242,0,0,512,1.8571149110794067,61.824127197265625,0,0
468,A,468,0.0008792912121862173,0.06504995375871658,nan,nan,512,0,0.0008792912121862173,0.06504995375871658,all_rows,512,0,0.008378488011658192,0.0728515625,-0.0005098103079944849,0.0021076451463159173,0.16115192195866257,285469b21d32614a1d02a542b2e03ada:0:0,68fedf974596dffbc823412680a129cb:0:0,769a27dbaea83de7ab5615dad3e0916e:0:0,d3bb0dbe61d3f97d41ef4763172ef10e:0:1152243567,5302ff006768243ddc5ec4cb66b986fa:1:439122165,10,1.0,0,0,0,0,0,0,512,0,0,512,0,0,255,0,0,257,0,0,512,1.8257946968078613,61.812923431396484,0,0
469,A,469,0.003393292659893632,0.0631767213344574,nan,nan,512,0,0.003393292659893632,0.0631767213344574,all_rows,512,0,0.005797554738819599,0.06796875,-0.0027770143235102294,0.002006160339806229,0.1664201240055263,29fa084f4546883356e84c61fc3d06da:0:0,4079662fb3c39f1dc982faf04ab7346b:0:0,028fc3848b5d48c7eb48fc521d864bc5:0:0,7bf673436e3fdba6efe055e87831d50e:0:1480080034,fc668f423a3b192abe6b6875df0859b9:0:2216414831,10,1.0,0,0,0,0,0,0,512,0,0,512,0,0,262,0,0,250,0,0,512,1.7556889057159424,63.20267868041992,0,0
470,A,470,-0.006708203814923763,0.06158972159028053,nan,nan,512,0,-0.006708203814923763,0.06158972159028053,all_rows,512,0,0.012541210278868675,0.066796875,-0.006041089352220297,0.0018745520850643516,0.16099384892731905,669190c77ff63bfcb7f9a4efacd9d2da:0:0,f5c5b1e175204cb38ad31043d4c9ce5c:0:0,1315c1c10361781a87d41f2bc52e6208:0:0,4b5e1ac11d83b03dba7a97ddc6f4b90e:0:3259825225,7fb3403d23e132b44a938d7a3529c428:0:764538168,10,1.0,0,0,0,0,0,0,512,0,0,512,0,0,241,0,0,271,0,0,512,1.724189043045044,63.78622055053711,0,0
471,A,471,-0.0011195172555744648,0.0703241378068924,nan,nan,512,0,-0.0011195172555744648,0.0703241378068924,all_rows,512,0,0.005652515217661858,0.0603515625,-0.006002943939529359,0.002450786530971527,0.16306022100616246,006aa5bd5d57748aa41a5137c4b69eda:0:0,da297f2926bbba421262905e06a70fa0:0:0,6b13bf5022890578fb6f05e4f63436c4:0:0,4615c8b98950a07fb62bf0a703779d0e:0:2662922271,851addefb3a913cfb3ddc88645b4d5a9:1:4212056883,10,1.0,0,0,0,0,0,0,512,0,0,512,0,0,271,0,0,241,0,0,512,1.718990445137024,62.7215690612793,0,0
472,A,472,0.0029528168961405754,0.06382405757904053,nan,nan,512,0,0.0029528168961405754,0.06382405757904053,all_rows,512,0,0.008845385164022446,0.0591796875,-0.0012415805831551552,0.0020436302409507336,0.16230754903517663,0fba3b98ae3dca8423bd338643d36ada:0:0,3887b5594ad76ba5cc8a8fe68023feff:0:0,8742d8ad77e97469d62b6eb9d379d86a:0:0,de832a6b7926bfac18c803a82dba810e:0:2522056361,2b4515158ff0f2b3cafdbb9706e019b7:1:3241700907,10,1.0,0,0,0,0,0,0,512,0,0,512,0,0,247,0,0,265,0,0,512,1.7419402599334717,63.37569046020508,0,0
473,A,473,0.004225442185997963,0.058484915643930435,nan,nan,512,0,0.004225442185997963,0.058484915643930435,all_rows,512,0,0.0055013382807374,0.0541015625,-0.0038064376451075075,0.00171057308325544,0.15837441803887486,37f22e46f3ff9f6aafe46e272a3036da:0:0,ffcfd88c3cd6a363cb50f4322110365e:0:0,f2bcab01bf8cae704a12972fbfe72092:0:0,bc8fe6f72afed6571d88344545bd650e:0:2774851207,18dd88dace879d3399f4692ebc999728:0:1845798791,10,1.0,0,0,0,0,0,0,512,0,0,512,0,0,257,0,0,255,0,0,512,1.8167515993118286,61.70927429199219,0,0
474,A,474,-0.001767616719007492,0.055323708802461624,nan,nan,512,0,-0.001767616719007492,0.055323708802461624,all_rows,512,0,0.004451211541891098,0.0625,0.00233437423594296,0.0015174996748100965,0.15971323905978352,9ab0aec3f342fcf1fe21636677cd02da:0:0,6d1d1a74c4b442cd8df268111325c188:0:0,8c1e3a3732792c60e184ba602bc89988:0:0,3985beb3012e0b7de90ba5e24b80490e:0:164577848,04ab5f685d7691f9280720121a0a19c0:0:2522234813,10,1.0,0,0,0,0,0,0,512,0,0,512,0,0,247,0,0,265,0,0,512,1.8099498748779297,61.72563552856445,0,0
475,A,475,-0.0014085972215980291,0.059032704681158066,nan,nan,512,0,-0.0014085972215980291,0.059032704681158066,all_rows,512,0,0.0043199267238378525,0.022265625,0.0011131599079817534,0.0017415903508663177,0.15961098903790116,53646a77271e2b97cc94b5902ca9ceda:0:0,84043a2ff14fced3b7fe1a516932ca30:0:0,173536a643d3693e0b9c4b9c375b3a55:0:0,4c0c074b69e76b5a6d573be33f032d0e:0:2294973483,0b8187a6c6008df0207714a46abda500:1:184394944,10,1.0,0,0,0,0,0,0,512,0,0,512,0,0,267,0,0,245,0,0,512,1.8577923774719238,60.97795486450195,0,0
476,A,476,0.003967467695474625,0.06148110330104828,nan,nan,512,0,0.003967467695474625,0.06148110330104828,all_rows,512,0,0.00677285622805357,0.087109375,-0.006499448046088219,0.0018890579114668072,0.16324769495986402,ec2f865211d8007badee46f048c69ada:0:0,c68ec8b611203fd342b99fe41d4339c8:0:0,b984c0b72209a6ceb0730358ca2f7541:0:0,a6796c9f14bf4bf74dd599ac2046110e:0:2577038509,dae6203c5246722629b5f00977cf99cc:0:1329648790,10,1.0,0,0,0,0,0,0,512,0,0,512,0,0,262,0,0,250,0,0,512,1.877768635749817,59.98627471923828,0,0
477,A,477,-0.0049599539488554,0.05870526283979416,nan,nan,512,0,-0.0049599539488554,0.05870526283979416,all_rows,512,0,0.007328048348426819,0.041796875,-0.003776402585208416,0.001728134643053636,0.1602964559569955,c9938b7aa893e276d56d39d2cc2366da:0:0,7e14f2b1b6ec9f7aa6b7e6959713e744:0:0,a8f8bf15a7b6a3e269f6cb4c91ad86a1:0:0,103d5b9e4a948f83c35722a0ef48f50e:0:3711346579,70a07a00157590d8e0b62a7d99eb6696:0:3387909353,10,1.0,0,0,0,0,0,0,512,0,0,512,0,0,252,0,0,260,0,0,512,1.878722071647644,60.2757568359375,0,0
478,A,478,0.00010589335579425097,0.06132754683494568,nan,nan,512,0,0.00010589335579425097,0.06132754683494568,all_rows,512,0,0.008800223469734192,0.0482421875,-0.0032907514134421943,0.0018807955086231232,0.16006810998078436,6643332c57358673e2dff083b6c032da:0:0,6eb99f2b738639db74059d1e8e8096f9:0:0,2d94e9bc7670364c41475c01ad03d0cd:0:0,5759ddc9fc43c4678011fa25ac0bd90e:0:1089162938,184fa334ad297b4fb48d1d0e81fcbb67:1:2729642744,10,1.0,0,0,0,0,0,0,512,0,0,512,0,0,249,0,0,263,0,0,512,1.9294687509536743,60.702476501464844,0,0
479,A,479,-0.0009429506026208401,0.0687149241566658,nan,nan,512,0,-0.0009429506026208401,0.0687149241566658,all_rows,512,0,0.002852889709174633,0.1009765625,-0.0029484683647751806,0.0023647970287129284,0.15945572103373706,6a5c9b5959c86306aea40d4f089cfeda:0:0,acd5d6e50b032aa1de966acd570eb392:0:0,02b621857b81b55847a9ecd8ce4b6c39:0:0,6680f144dc88231693a2039e568ebd0e:0:55512186,64ebd895c26e453ed1b67e1393371f0f:0:2897025242,10,1.0,0,0,0,0,0,0,512,0,0,512,0,0,251,0,0,261,0,0,512,1.9333770275115967,60.84272003173828,0,0
480,A,480,0.012450256384909153,0.06722944974899292,nan,nan,512,0,0.012450256384909153,0.06722944974899292,all_rows,512,0,0.008604547008872032,0.0408203125,-0.0008418107405304909,0.002221568371169269,0.1589872450567782,3886d57568b6db4415a67280c1b9cada:0:0,88e5ec0047eb5056ec285b78fe71439c:0:0,e5ced27d55b9a522445bc39fd0ee0bb6:0:0,e52792be996e69a54f08e26eeed1a10e:0:397961275,d4be001d6fcaf1cf36ba5582d34993c7:0:581762532,10,1.0,0,0,0,0,0,0,512,0,0,512,0,0,257,0,0,255,0,0,512,1.8948733806610107,61.28134536743164,0,0
481,A,481,-0.01194162480533123,0.06415779143571854,nan,nan,512,0,-0.01194162480533123,0.06415779143571854,all_rows,512,0,0.0062925261445343494,0.040234375,0.0003904254175722599,0.0020529541245196013,0.15962409996427596,7f38f4b1f51d20d9c5634264e21696da:0:0,672e7e305e7db77e12f2fc1de968d9f7:0:0,56b0ed2874fd6166922678b607a4d007:0:0,1684bbd709bd951c28adf9fb74d4850e:0:2448509457,5b9e7b87f172681f5296cbbfdf1a9daa:0:2748765220,10,1.0,0,0,0,0,0,0,512,0,0,512,0,0,267,0,0,245,0,0,512,1.933018445968628,60.99220275878906,0,0
482,A,482,-0.0016654690261930227,0.06861083954572678,nan,nan,512,0,-0.0016654690261930227,0.06861083954572678,all_rows,512,0,0.008215764537453651,0.0505859375,-0.0007746426155790687,0.0023142875754274426,0.1599432099610567,bc0ec0d37283cd6607e5df4769b362da:0:0,21256e26280fc0b5c175e10d365a6f3b:0:0,f7fcaec61f51aca450505092c8122d84:0:0,40bb89ece2b9788ba05e6da7e897690e:0:293986533,ac9048160fed08bef36b3f31bbb3ab13:1:3841362900,10,1.0,0,0,0,0,0,0,512,0,0,512,0,0,272,0,0,240,0,0,512,1.9368351697921753,61.08652114868164,0,0
483,A,483,0.008124140091240406,0.05801242217421532,nan,nan,512,0,0.008124140091240406,0.05801242217421532,all_rows,512,0,0.010019383393228054,0.084375,-0.0022748570423573255,0.0016590302751865239,0.15782433398999274,71bffea66b4e330f8fc8eb7458902eda:0:0,de55e699defcfc0faba9beccfe2b3d3f:0:0,cefd4d144fa5d7fd8e2ec9e08c8e0564:0:0,8c1d96a14aa331e0234d20d84a1a4d0e:0:538390429,f6d8ee7c6729180cc9874694d1371fa0:1:4210902853,10,1.0,0,0,0,0,0,0,512,0,0,512,0,0,254,0,0,258,0,0,512,1.905787467956543,62.13553237915039,0,0
484,A,484,-0.006644174922257662,0.06380773335695267,nan,nan,512,0,-0.006644174922257662,0.06380773335695267,all_rows,512,0,0.0020975987426936626,0.0220703125,-0.0032651900313794614,0.00202939233276993,0.15931057592388242,1e52d6fa5d28645d44364937aeacfada:0:0,d2cb02c2ab27876a460b7c00ccabaad6:0:0,4beb31b1c3367bb603c0d98c95b036cb:0:0,d14544af5c5b7c75f012b6f0995d310e:0:2133195856,399b48cbe12634942e20ecfc18f5063a:0:3401080558,10,1.0,0,0,0,0,0,0,512,0,0,512,0,0,247,0,0,265,0,0,512,1.8988103866577148,61.12497329711914,0,0
485,A,485,0.009512858465313911,0.06443648040294647,nan,nan,512,0,0.009512858465313911,0.06443648040294647,all_rows,512,0,0.002335228491574526,0.0267578125,-0.0010026634205132722,0.0020142987894359978,0.1598074979847297,cdb848e79ac0f34e0ce71add6c09c6da:0:0,a36cbb2bc3630f67ded6b1513cccf827:0:0,2cc1c12321a3f0c12a1da38d453fdf36:0:0,017f610c708ae16cfaad9354d660150e:0:4224905816,6bef107c4ac0db9ef0590194a5bfe760:1:3754901414,10,1.0,0,0,0,0,0,0,512,0,0,512,0,0,245,0,0,267,0,0,512,1.8790467977523804,61.468116760253906,0,0
486,A,486,-0.00594440009444952,0.06544659286737442,nan,nan,512,0,-0.00594440009444952,0.06544659286737442,all_rows,512,0,0.005052462220191956,0.050390625,-0.002137467614375055,0.0021279979613609613,0.16096741205547005,7c6ac404b01a67b09e23c2b190a692da:0:0,64d8237957ae70c2ef67ea26367fe044:0:0,f4169cdb6ac084f97b3d137d0d00ff8b:0:0,8557f99bc0b3c5bcd081d9690122f90e:0:1623760473,0c3f76dd8925f9eb561d3e0af488c413:1:189024538,10,1.0,0,0,0,0,0,0,512,0,0,512,0,0,250,0,0,262,0,0,512,1.84038507938385,61.70140838623047,0,0
487,A,487,-0.0026009867433458567,0.05297216773033142,nan,nan,512,0,-0.0026009867433458567,0.05297216773033142,all_rows,512,0,0.006750784814357758,0.0552734375,-0.0009914379566907882,0.0013529559015296399,0.1588611879851669,6523030f06c06cbb44c3e3001c835eda:0:0,f4210a2b162d324ff1e93e26069e1fbf:0:0,31c01569d80da00870adf7928fe9675c:0:0,e6dfb015b89256087c596c9119a5dd0e:0:1131299408,8d20a849e7c1ac386cc17b20b1b3b12f:1:718160802,10,1.0,0,0,0,0,0,0,512,0,0,512,0,0,270,0,0,242,0,0,512,1.7592453956604004,61.99103546142578,0,0
488,A,488,0.004254021216183901,0.06312601268291473,nan,nan,512,0,0.004254021216183901,0.06312601268291473,all_rows,512,0,0.007080932147800922,0.1025390625,-0.005389957409352064,0.0019930190697778015,0.15900230698753148,d3860769c72cb5e3b22e5e150fa02ada:0:0,11e1ce7ed208160b88bcfb1afd092fd3:0:0,8d8294e12cb842af17a166b011983777:0:0,2e2519190a2e50326a63f0311fe8c10e:0:663259357,af0d9873905826d790c4cc9b7aafa9f2:0:2635947761,10,1.0,0,0,0,0,0,0,512,0,0,512,0,0,281,0,0,231,0,0,512,1.7521398067474365,61.97005081176758,0,0
489,A,489,-0.00498428288847208,0.0617794543504715,nan,nan,512,0,-0.00498428288847208,0.0617794543504715,all_rows,512,0,0.003845462342724204,0.0580078125,7.643550634384156e-06,0.0019128176267258824,0.1608258179621771,3310a9b534a79af6c859563c69fcf6da:0:0,43c4e0c4a4dd8b41c2a120e519f08257:0:0,c9198119308b0307bd9314d15d75a2ee:0:0,4c28e4b15902aab04c36c7ad13eba50e:0:569884675,626a1fd545795128e761e60516bfcd4a:1:3332137605,10,1.0,0,0,0,0,0,0,512,0,0,512,0,0,256,0,0,256,0,0,512,1.7439669370651245,61.74626159667969,0,0
490,A,490,-0.005280677229166031,0.05394058674573898,nan,nan,512,0,-0.005280677229166031,0.05394058674573898,all_rows,512,0,0.0031484176870435476,0.05078125,-0.0014854592736810446,0.0014079524495173245,0.1590075968997553,d4b993a000f06b7065ca2dc22b99c2da:0:0,faadff62b37c37fd7c7a569f36305a8a:0:0,38372ddd61cbae5551fde5abbb489437:0:0,99039ef5109f199efccd1668f5ae890e:0:2006238786,b0ca9a3e6ccd6723fb8a04076b4da7db:1:3817895948,10,1.0,0,0,0,0,0,0,512,0,0,512,0,0,239,0,0,273,0,0,512,1.7817047834396362,60.79151916503906,0,0
491,A,491,0.012012356892228127,0.06933697313070297,nan,nan,512,0,0.012012356892228127,0.06933697313070297,all_rows,512,0,0.005589329171925783,0.0970703125,-0.004875731561332941,0.0023745344718918205,0.15914471703581512,5609a2f354f97913319586f254768eda:0:0,3ff26520bc1315b8d4cdd2af782520c4:0:0,6b03f787df4a519a6e610f8d952e2d6b:0:0,92c8ccb1bb2771966487bfc8c5316d0e:0:2548130249,6b9c15edba648ada083010e22b6cd857:0:1108648792,10,1.0,0,0,0,0,0,0,512,0,0,512,0,0,261,0,0,251,0,0,512,1.8307559490203857,60.46208572387695,0,0
492,A,492,-0.008506208658218384,0.06507696211338043,nan,nan,512,0,-0.008506208658218384,0.06507696211338043,all_rows,512,0,0.008757444098591805,0.05703125,3.900835290551186e-05,0.0021006127877626567,0.15849528298713267,b904adb98c03d9c0675f4418e4935ada:0:0,92453852fcd764ab122fb36b8bde3edb:0:0,fd289bf3f19137477bc79de9f92b46cc:0:0,81ad0173ec14e83d5d2d67308274510e:0:1851832627,2a01e6f37fe3ac4cda53765ce555c74b:0:3254523044,10,1.0,0,0,0,0,0,0,512,0,0,512,0,0,247,0,0,265,0,0,512,1.842294692993164,60.44450759887695,0,0
493,A,493,0.0052262600511312485,0.061770468950271606,nan,nan,512,0,0.0052262600511312485,0.061770468950271606,all_rows,512,0,0.0035668667405843735,0.06171875,0.002037428878247738,0.0018961188499815762,0.16147214104421437,1c69633ede66e08fa35a8781dbf026da:0:0,c1a6af7052fb6389eee61fe25742b05a:0:0,cf066fe1646418c4354048362a7f3932:0:0,38d3498d939d329d95ea70042d77350e:0:508474596,25fcda29831e16c7a988290f742e5bd8:1:2412132985,10,1.0,0,0,0,0,0,0,512,0,0,512,0,0,265,0,0,247,0,0,512,1.8249382972717285,59.08962631225586,0,0
494,A,494,-0.005113673396408558,0.060136400163173676,nan,nan,512,0,-0.005113673396408558,0.060136400163173676,all_rows,512,0,0.010433051735162735,0.075390625,0.0009355376358143985,0.0018038000271189958,0.16365943290293217,a6ce958a794f4e26ae49b3793a8cf2da:0:0,3d52dfab73860bb7d61803a7044357b8:0:0,a424f450684243592e0f40b6aa54a28b:0:0,a7a9e4134f2381377750fda7c63a190e:0:3661925580,a51b6a98e7399eac885b7b0335362f7a:0:3454601176,10,1.0,0,0,0,0,0,0,512,0,0,512,0,0,257,0,0,255,0,0,512,1.821168303489685,59.0339469909668,0,0
495,A,495,-0.0020651069935411215,0.06656857579946518,nan,nan,512,0,-0.0020651069935411215,0.06656857579946518,all_rows,512,0,0.01759900525212288,0.075390625,0.003820840595290065,0.0022138084983453154,0.16130433499347419,a43692cdc0c23851497e6a4b0069beda:0:0,4aa0a0a0bf3225a29ebe9fb32f75c989:0:0,1acf0a9e8fab9f1be4a066fe6710eaf2:0:0,23a6ce1f0b1759d60758f37f4cbcfd0e:0:3626303037,9efc70cbc066471e1e980bb093294314:0:4138114568,10,1.0,0,0,0,0,0,0,512,0,0,512,0,0,245,0,0,267,0,0,512,1.885285496711731,57.6727180480957,0,0
496,A,496,0.0010124879190698266,0.06007225438952446,nan,nan,512,0,0.0010124879190698266,0.06007225438952446,all_rows,512,0,0.0031215124763548374,0.0703125,-0.002158012380823493,0.0017802150163333864,0.1596649590646848,14165e26b92fa8d8fad98e432d868ada:0:0,f9457c3225a6002074139fd4629d24e2:0:0,87d00086e76e6d1c5479f8cba9852a77:0:0,0b4209fc0aa54f22cd5ff4eec0ffe10e:0:830963524,0058877c9ec8c6a8989840ff9ddc6b04:1:2562770819,10,1.0,0,0,0,0,0,0,512,0,0,512,0,0,233,0,0,279,0,0,512,1.8596351146697998,58.69721221923828,0,0
497,A,497,0.008571337908506393,0.06308352947235107,nan,nan,512,0,0.008571337908506393,0.06308352947235107,all_rows,512,0,0.001786553766578436,0.0232421875,-0.0007472276221960783,0.0019786146352998913,0.16236748592928052,fcc68af1d5e0f39cd8cb41adc1e356da:0:0,6008b143c173ecf528dc5ea24bdf2280:0:0,97374a830b8a8a146739081b987422c8:0:0,6efdda36299d95f9b629655a2302c50e:0:1407852283,89c0bea93a9f5f1263b86591a2695429:1:641565390,10,1.0,0,0,0,0,0,0,512,0,0,512,0,0,248,0,0,264,0,0,512,1.8444770574569702,59.46263122558594,0,0
498,A,498,-0.0029860762879252434,0.056215982884168625,nan,nan,512,0,-0.0029860762879252434,0.056215982884168625,all_rows,512,0,0.0038503874093294144,0.103125,-0.009244962269440294,0.0015612936113029718,0.1627657099161297,d01e3dc6a98ec3e95652e6d6bd8022da:0:0,43ac6e42e9caabc4e47b73aa97dab931:0:0,c44ebc7cc5d60f9cb663c6d791dd9f4f:0:0,99e459dbecf4787cf7de682572c5a90e:0:4202219333,a1e7d76c75452029509ca3518bf263bb:0:1040103235,10,1.0,0,0,0,0,0,0,512,0,0,512,0,0,269,0,0,243,0,0,512,1.78461754322052,58.88198471069336,0,0
499,A,499,-0.002110517118126154,0.06360005587339401,nan,nan,512,0,-0.002110517118126154,0.06360005587339401,all_rows,512,0,0.0021247025579214096,0.0900390625,-0.0014016350265592336,0.002024903171695769,0.16123203304596245,0ad6621a366ae1100eff200a205ceeda:0:0,0c49b5eefb7bbfff14a54360435cae8c:0:0,757e463bb8a7ea89230e954cd8bc4203:0:0,6dddf098b640a6e8f60de0b4b0488d0e:0:3238362323,a622a3bd3d06ee2d2b2eb8d683bb5603:0:3051314908,10,1.0,0,0,0,0,0,0,512,0,0,512,0,0,270,0,0,242,0,0,512,1.7676618099212646,59.18444061279297,0,0
500,A,500,-0.0020040736999362707,0.0663745105266571,nan,nan,512,0,-0.0020040736999362707,0.0663745105266571,all_rows,512,0,0.004903834313154221,0.0970703125,-0.0034662288147956134,0.0022118402703199536,0.16230093501508236,04837b60dae9aa3f92edcf93ea79bada:0:0,12aaa622c7911987755aaf9c81afe373:0:0,bb63314efe65ffafe84801d0f055140a:0:0,5f651aa22e9b662825ac726bdb8b710e:0:539905269,ca113a561de69b67b7977c54852ccb2b:0:2441127474,10,1.0,0,0,0,0,0,0,512,0,0,512,0,0,273,0,0,239,0,0,512,1.8262481689453125,58.798702239990234,0,0
501,A,501,0.0025325403548777103,0.06275693327188492,nan,nan,512,0,0.0025325403548777103,0.06275693327188492,all_rows,512,0,0.013185340911149979,0.0529296875,-0.0034320669481530787,0.0018098727683536707,0.16307000897359103,a7b79c691897499b32cc17c01bd686da:0:0,960ef99b14e585d52ff4fd8967a44a95:0:0,15c9b3e4f0b340851948ce715c94da48:0:0,3d21d9c9bd469c26f11480aef48e550e:0:2454820970,eec3a55f92c4040a8baab41cf4c9123b:1:2904696940,10,1.0,0,0,0,0,0,0,512,0,0,512,0,0,236,0,0,276,0,0,512,1.8646103143692017,58.2630500793457,0,0
502,A,502,0.010152195580303669,0.06678535044193268,nan,nan,512,0,0.010152195580303669,0.06678535044193268,all_rows,512,0,0.003879518248140812,0.0513671875,-0.002307965327054262,0.002092793193878606,0.16141047596465796,8873ff87b2449e92cbd65adab47352da:0:0,ad60bc1608bcf64f0ae1141f4f7ae7e4:0:0,ecceafe5b50629c13f0b6c321ea02a20:0:0,a8a1e6589e7cb9e79c062ee1fb51390e:0:777603936,b3712383ea61e4c9a2590347354c2c28:1:206435036,10,1.0,0,0,0,0,0,0,512,0,0,512,0,0,259,0,0,253,0,0,512,1.9124983549118042,59.484336853027344,0,0
503,A,503,-0.00517445569857955,0.05714992806315422,nan,nan,512,0,-0.00517445569857955,0.05714992806315422,all_rows,512,0,0.012014123611152172,0.0529296875,-0.004204185772687196,0.0016289078223053366,0.16219952306710184,91ba760cded7df7a93d83b2fb4501eda:0:0,498979e0fc416953e608bd7c3b6af981:0:0,db05977de757d7fa7197dca6d17202e4:0:0,03725bb2eece835627a76068efd41d0e:0:617954266,c2477dd8d82dac54a96320b444884c95:0:1567399077,10,1.0,0,0,0,0,0,0,512,0,0,512,0,0,275,0,0,237,0,0,512,1.9226007461547852,59.466346740722656,0,0
504,A,504,-0.0097457654774189,0.069548599421978,nan,nan,512,0,-0.0097457654774189,0.069548599421978,all_rows,512,0,0.009259835816919804,0.0404296875,-0.0007548081688582897,0.0023239578353241087,0.1582105359993875,510a6d598e0cf262e52c9b0b1b6ceada:0:0,27909602fd0408ed2c2ce5ad0d1f507f:0:0,ac20873ce78191fe3a6b7159c6134b46:0:0,65142613bf72b4dc3683b8a7d217010e:0:3000690985,df22483393be1646675a91e8a6084fc4:0:4055086699,10,1.0,0,0,0,0,0,0,512,0,0,512,0,0,266,0,0,246,0,0,512,1.8536056280136108,60.505802154541016,0,0
505,A,505,0.011324786581099033,0.06845992803573608,nan,nan,512,0,0.011324786581099033,0.06845992803573608,all_rows,512,0,0.00795871950685978,0.05234375,-4.58782073110342e-05,0.002333532192278653,0.1582591941114515,c7239bcafc717d300abd9cb8e9c9b6da:0:0,5720fdc1b19929a3fe3431551ef4ed2d:0:0,fcbd2008b46aa66a6d6af3b5e99e50ee:0:0,c05de40a07eb86b4f08c9b02a219e50e:0:2131273202,8a1a99fa0972cb234f1ee0db60453f04:0:1515060489,10,1.0,0,0,0,0,0,0,512,0,0,512,0,0,271,0,0,241,0,0,512,1.834269404411316,61.872886657714844,0,0
506,A,506,-0.0022544728126376867,0.06018821522593498,nan,nan,512,0,-0.0022544728126376867,0.06018821522593498,all_rows,512,0,0.0036722905933856964,0.0533203125,-0.0051761642564088104,0.0017762890318408608,0.1584107270464301,9fc9879213e8acf20c04a2851f6682da:0:0,3448a82feeb9ca64f4787b1841728d90:0:0,3ba4f0d56112ce98ffd7dd85ac321f3b:0:0,7f9c3fb409660e00e7192add5fdcc90e:0:2910162461,701699055dbd57f9ea8f3140f59a7cf0:1:2188554393,10,1.0,0,0,0,0,0,0,512,0,0,512,0,0,261,0,0,251,0,0,512,1.8160613775253296,62.84227752685547,0,0
507,A,507,-0.0103880250826478,0.062190596014261246,nan,nan,512,0,-0.0103880250826478,0.062190596014261246,all_rows,512,0,0.003482329659163952,0.0369140625,-0.003109795285854489,0.0018977544270455838,0.1619526440044865,cdb7056b5602b47c790a4ebbbc434eda:0:0,d07440b5349a1db6fbbd9148896fff8c:0:0,5fc29b29690d294758a5270476d3639b:0:0,5be4f90c78377b99f8e64b9c0b5fad0e:0:2740608652,f2d2e9ae1dec1f402b810bef3a0fa7bb:1:2503877650,10,1.0,0,0,0,0,0,0,512,0,0,512,0,0,260,0,0,252,0,0,512,1.8407081365585327,62.17293167114258,0,0
508,A,508,0.010571247898042202,0.061831455677747726,nan,nan,512,0,0.010571247898042202,0.061831455677747726,all_rows,512,0,0.004527312703430653,0.0830078125,-0.008769503911025822,0.0019001295091584324,0.1627037979196757,cbb7850b4d74023e366683a8c0601ada:0:0,b6f33bf01f6af2f2baf91fc390c33ca4:0:0,983ddfa49ef73efcb855b609fad02563:0:0,db58f3f27fdc38a73616a0a2a4a2910e:0:961364845,a0aa15daf052684f06a57b319ab33a3e:1:3949650258,10,1.0,0,0,0,0,0,0,512,0,0,512,0,0,271,0,0,241,0,0,512,1.799098014831543,62.63640594482422,0,0
509,A,509,-0.0015303483232855797,0.06161237508058548,nan,nan,512,0,-0.0015303483232855797,0.06161237508058548,all_rows,512,0,0.005648183170706034,0.0890625,-0.004479302768595516,0.0018537358031608165,0.163884358946234,373584f2c3f82d59494063982bbce6da:0:0,18539ff7e05594cab5ae2f64b5704f13:0:0,8a9bf06062c992ef91810c1e87c1d450:0:0,813e99eb75dce0f0c4328d552ba5750e:0:1585026558,c54f8af225af9f320c155e1d98b699b2:0:1786240652,10,1.0,0,0,0,0,0,0,512,0,0,512,0,0,262,0,0,250,0,0,512,1.740950584411621,61.92144775390625,0,0
510,A,510,0.00014207290951162577,0.06439120322465897,nan,nan,512,0,0.00014207290951162577,0.06439120322465897,all_rows,512,0,0.0037229107692837715,0.0572265625,-0.0004140174016356468,0.002063992928015068,0.15927102300338447,22b9d73d39ec99faa34e50d5fe59b2da:0:0,2a9fff10664781453d32792a0a5340b6:0:0,18fe90faada857660ed1d81f5237ae38:0:0,1fafc0f2cffd1af3c2283517a068590e:0:4223340523,221f41dfc4a169f7fb5929812e315bfe:0:165234280,10,1.0,0,0,0,0,0,0,512,0,0,512,0,0,261,0,0,251,0,0,512,1.6327126026153564,62.77505111694336,0,0
511,A,511,0.002107110107317567,0.0555737242102623,nan,nan,512,0,0.002107110107317567,0.0555737242102623,all_rows,512,0,0.0016158989164978266,0.0259765625,-0.0005735355196520686,0.0015448578516952694,0.16025766800157726,67167cdb5ceed4f1eed5edae38367eda:0:0,a8912056398a97d72a26520ed0dcc019:0:0,c8eae07617049483306d825f04d1dc86:0:0,b2cd0e02b2184db62c4b7b4e02eb3d0e:0:1422593847,bada8128c6771f8cbb27226d6dca0977:1:2367074036,10,1.0,0,0,0,0,0,0,512,0,0,512,0,0,270,0,0,242,0,0,512,1.5897607803344727,63.00648880004883,0,0
512,A,512,-0.0009252079762518406,0.056469909846782684,nan,nan,512,0,-0.0009252079762518406,0.056469909846782684,all_rows,512,0,0.016461549326777458,0.12109375,-0.0029350478667765855,0.0015927343629300594,0.16104230203200132,6789c48a7acaa6895aac1c6cd9534ada:0:0,99241211da9faa7d96f3bab08bb53e34:0:0,ff0485c70efbcb4f51106101839839f0:0:0,86c473552810345ac056035c532e210e:0:3181316778,0deefa26f4e4e95e41d6d3228664c5e0:1:3381069088,10,1.0,0,0,0,0,0,0,512,0,0,512,0,0,250,0,0,262,0,0,512,1.5519726276397705,63.526302337646484,0,0
513,A,513,0.0028844885528087616,0.060015127062797546,nan,nan,512,0,0.0028844885528087616,0.060015127062797546,all_rows,512,0,0.0032280487939715385,0.0283203125,-2.9879272915422916e-05,0.0018041292612906545,0.16178752400446683,374b0eb92e03dc9d6634ff5de1b016da:0:0,7c57d32c40e40f25949574f2a6c7dee2:0:0,2a2a4b80718d5afa23db311aa4dabce9:0:0,f238f7b3e0314f74e16730a69131050e:0:905736535,c76d25711463a16fa37ffbf28f30fe62:0:1866583465,10,1.0,0,0,0,0,0,0,512,0,0,512,0,0,261,0,0,251,0,0,512,1.6452585458755493,62.008033752441406,0,0
514,A,514,0.002288609277456999,0.06192632392048836,nan,nan,512,0,0.002288609277456999,0.06192632392048836,all_rows,512,0,0.006372770294547081,0.0765625,-0.00483888229355216,0.00187416800763458,0.163088369066827,dcea1768c147cbf4ad63f8cd514ce2da:0:0,2fd04ff2a4c97864de1392a9d2b58867:0:0,ae7f8d15a1bf96c5adb910fc10c13b5e:0:0,737f6581fa71341c7c042690bcf3e90e:0:1747833120,2762de99878e13b61701fcd64b6a5619:1:3617075601,10,1.0,0,0,0,0,0,0,512,0,0,512,0,0,250,0,0,262,0,0,512,1.7220176458358765,61.6224250793457,0,0
515,A,515,-0.0015733481850475073,0.06508918851613998,nan,nan,512,0,-0.0015733481850475073,0.06508918851613998,all_rows,512,0,0.014682687819004059,0.09921875,-0.006190402759239077,0.0020900059724226596,0.1609770649811253,98f3f2fa071288d7b4bbab072829aeda:0:0,ede929c4b68af0d7c46b9f1e6b9e583d:0:0,ede400bcf904af597002186c3a1a0fa3:0:0,4e6dd58140eab8c1ea17c87ed676cd0e:0:2394551439,67f0e616a585d1b4fd54aaf96e4b11b6:0:3881828685,10,1.0,0,0,0,0,0,0,512,0,0,512,0,0,253,0,0,259,0,0,512,1.8044425249099731,60.73342514038086,0,0
516,A,516,0.005768510978668928,0.05572907626628876,nan,nan,512,0,0.005768510978668928,0.05572907626628876,all_rows,512,0,0.008129934780299664,0.0634765625,-0.002085751388221979,0.0015389149135444312,0.16308662306983024,a0ae02b3a2d3d6e8b54df85766467ada:0:0,39ea6d9a7697ac7a447d11f54c4b9feb:0:0,1a8793aebb43eade821ae6b9a69e4576:0:0,afeb42a9ddfbffc1d6f2b9d4ddb9b10e:0:1872758857,b8dc17f32ecb83092460e04f80b1f52d:1:3740449257,10,1.0,0,0,0,0,0,0,512,0,0,512,0,0,267,0,0,245,0,0,512,1.7562083005905151,59.83843231201172,0,0
517,A,517,-0.005766535177826881,0.05597890913486481,nan,nan,512,0,-0.005766535177826881,0.05597890913486481,all_rows,512,0,0.0062386286444962025,0.06015625,-0.0029006066266447305,0.0015290919807739555,0.15968365303706378,b2a709af00dfd03b68bc030a0ba346da:0:0,c58231f20ec9a83337c50db2ef0ea13f:0:0,0901ce002ee83cf993988f9536cae144:0:0,a9c071c1646a5fb9234b5df6d2bc950e:0:233682354,0d788bc395041db5952eac4a6d8bebdd:1:319472881,10,1.0,0,0,0,0,0,0,512,0,0,512,0,0,236,0,0,276,0,0,512,1.631300687789917,60.819461822509766,0,0
518,A,518,0.004812638275325298,0.0627712681889534,nan,nan,512,0,0.004812638275325298,0.0627712681889534,all_rows,512,0,0.02335047349333763,0.11015625,-0.014017261564731598,0.0019752782478462904,0.1586118129780516,50a13ab87a7743acd5362d6b184012da:0:0,8b930392c863c1b7dedad0c89980ded6:0:0,51aaa05d0aff85aa434578c67c4ed924:0:0,da2478b3bdf02998c93dd848b57f790e:0:1719921698,b83651779230b551cb8ffee5a1e47145:0:3192442707,10,1.0,0,0,0,0,0,0,512,0,0,512,0,0,252,0,0,260,0,0,512,1.585107445716858,60.232505798339844,0,0
519,A,519,0.005128474906086922,0.06737065315246582,nan,nan,512,0,0.005128474906086922,0.06737065315246582,all_rows,512,0,0.0027539762668311596,0.03359375,0.0006244172109290957,0.0022807766799815,0.1602982300100848,482d938e6333ca7b197c19c68c1cdeda:0:0,7b78d1d6e9b217d9919d9042cac10b21:0:0,214dae822f6ba4edefd19fc360bf2d30:0:0,14dd170654984c79c04c0c2e86025d0e:0:3198453977,f36f1994a513ee732ac8a3264896296f:1:2591796014,10,1.0,0,0,0,0,0,0,512,0,0,512,0,0,278,0,0,234,0,0,512,1.4923936128616333,62.54429244995117,0,0
520,A,520,0.0029304875060915947,0.07285282760858536,nan,nan,512,0,0.0029304875060915947,0.07285282760858536,all_rows,512,0,0.005009123124182224,0.0763671875,-0.004330367734655738,0.0025780984957236796,0.16311935998965055,907921c9fd23951d38dcaa686739aada:0:0,8bb5d6aa8f0c4ed2cc453733c5fd9f2d:0:0,5d0e253ee2ceb1b94ac967722e65ec08:0:0,b54dda138b4bd730e15d9d0c4445410e:0:956201076,0730489269106d920f7cfa3cd51dc624:1:69622103,10,1.0,0,0,0,0,0,0,512,0,0,512,0,0,266,0,0,246,0,0,512,1.4486479759216309,62.67288589477539,0,0
521,A,521,0.01092615444213152,0.07276792824268341,nan,nan,512,0,0.01092615444213152,0.07276792824268341,all_rows,512,0,0.005293470807373524,0.0357421875,-0.0023420655634254217,0.002408480324083939,0.15780357096809894,6787e19c90e0ef5ae736019ca99676da:0:0,3022a41d00b15b84931c165dd3919a61:0:0,9b928bc24b41f86a72a69dd4135920c4:0:0,2f38b51259f557a2cabfee45f048250e:0:1436332267,0e24875c1694d7673f47e20ece66a018:1:3861671082,10,1.0,0,0,0,0,0,0,512,0,0,512,0,0,262,0,0,250,0,0,512,1.4595659971237183,62.8147087097168,0,0
522,A,522,-0.010346873663365841,0.06827247887849808,nan,nan,512,0,-0.010346873663365841,0.06827247887849808,all_rows,512,0,0.012285306118428707,0.0966796875,-0.00602241565939039,0.002322517422726378,0.1595644699409604,0aa6c66a26f17ba454f581af533342da:0:0,5fd56cf00f84fb97fda99620a19e067c:0:0,381276fcaf1ff4047e974a25caece7c8:0:0,ccff4643a19e17d7c426233f8a0b090e:0:749700466,22701d8398f8c6d8eed82bd1e1a1d414:0:3435964470,10,1.0,0,0,0,0,0,0,512,0,0,512,0,0,253,0,0,259,0,0,512,1.4487478733062744,62.08549118041992,0,0
523,A,523,0.011670096777379513,0.05367177352309227,nan,nan,512,0,0.011670096777379513,0.05367177352309227,all_rows,512,0,0.007930057123303413,0.0640625,-0.004456573911011219,0.0014402913686353714,0.15976004907861352,6c7f292a9fb925a9fb17ccec64100eda:0:0,1bd36bb22980c53bb905b092faf5a53d:0:0,761f3fbdbb0e91c3cb776eb96bcea084:0:0,1ba577f48ce938cfa2a91f5d118ded0e:0:115618210,9018589258f3e5f0040879dc0d7c5933:0:3847814092,10,1.0,0,0,0,0,0,0,512,0,0,512,0,0,239,0,0,273,0,0,512,1.4123847484588623,63.66233444213867,0,0
524,A,524,-0.003119354136288166,0.06304464489221573,nan,nan,512,0,-0.003119354136288166,0.06304464489221573,all_rows,512,0,0.004483715631067753,0.0546875,-0.005223669309634716,0.001975955767557025,0.1626367080025375,ee295059274ccc346728c59fdc2cdada:0:0,77d6bfda0e666e80ddc29a7f63d8bdce:0:0,1467e13a9cf8177e3aa6fc4ca0a8eaa5:0:0,1c6c855b1150ab15acc7860286d0d10e:0:929125894,1b8b3d9c9bbee473ce341dbd3c1658a4:1:1599536256,10,1.0,0,0,0,0,0,0,512,0,0,512,0,0,256,0,0,256,0,0,512,1.4462019205093384,63.71086883544922,0,0
525,A,525,0.005249771289527416,0.062000300735235214,nan,nan,512,0,0.005249771289527416,0.062000300735235214,all_rows,512,0,0.02380787953734398,0.11875,-0.00877643865533173,0.0018715878715738655,0.1634273239178583,672209194270a23c07438e15bb89a6da:0:0,d250dd626dd7340a30e8ce42bc82b711:0:0,80f75d70e9e602091762c04e20f87dcb:0:0,bf58a8a7658805147e65ba93e9d3b50e:0:610867383,dda042beba150da35eb2a2cd94f20a22:0:633398877,10,1.0,0,0,0,0,0,0,512,0,0,512,0,0,258,0,0,254,0,0,512,1.4562169313430786,63.6115837097168,0,0
526,A,526,-0.006102630868554115,0.06546102464199066,nan,nan,512,0,-0.006102630868554115,0.06546102464199066,all_rows,512,0,0.008403174579143524,0.044140625,-0.0056350018363446,0.0021142315526958555,0.15981700492557138,b9605917f20e4740f612889a022672da:0:0,68c2e01595d05e6a65b9c3df149cd7ec:0:0,f9fae263da87be51b6928825828cb3b5:0:0,3713d8fb01693729eccde0753a96990e:0:1899945713,da2e108dcae95698edabfbef448d5134:0:397249081,10,1.0,0,0,0,0,0,0,512,0,0,512,0,0,259,0,0,253,0,0,512,1.5172971487045288,62.67177963256836,0,0
527,A,527,0.003115819301456213,0.06300631910562515,nan,nan,512,0,0.003115819301456213,0.06300631910562515,all_rows,512,0,0.0034309765323996544,0.06875,0.0012761022662743926,0.001981127489125356,0.1592930550687015,d2342c8eaa6e96e2c6cf5778b0033eda:0:0,a559798770099023bae98e5cd8e45651:0:0,002579edc29b4489bee6d9a7bf9acbc3:0:0,3325044b7bcf1d7aeaafdb0a79197d0e:0:122525869,a4793fb98ba2a936855edbef69c2a118:0:728838148,10,1.0,0,0,0,0,0,0,512,0,0,512,0,0,274,0,0,238,0,0,512,1.5893391370773315,62.1901741027832,0,0
528,A,528,0.0009146485244855285,0.06745210289955139,nan,nan,512,0,0.0009146485244855285,0.06745210289955139,all_rows,512,0,0.007077316753566265,0.0802734375,0.0026886964216828345,0.002260152471717447,0.1617076969705522,55558bad1b832fb85142dcfdc5200ada:0:0,fd70e10e5404bef2f07125aae4734d5d:0:0,59bfeeaa1828e6ba69fb561bdef95e8b:0:0,c71d1a8d5ac1ef876c214db7a55c610e:0:731742158,977c2465c12edac5e793438b7d0c4ff3:1:1977685161,10,1.0,0,0,0,0,0,0,512,0,0,512,0,0,265,0,0,247,0,0,512,1.5831342935562134,63.06984329223633,0,0
529,A,529,-0.012050538323819637,0.0631415918469429,nan,nan,512,0,-0.012050538323819637,0.0631415918469429,all_rows,512,0,0.006545843556523323,0.0630859375,-0.005857253517024219,0.0019969554035924376,0.16243801300879568,4cdd568e078bb1677dc53b75417cd6da:0:0,acc3bdbe8bba24e7e8be789f5e00666f:0:0,f9b6fc79c4877d0961aa84f68a88facd:0:0,89ea0cd8aa598d7e4a9d9be0bf5f450e:0:88191516,b216416a47a637dc9be2469108f5a987:1:2142565689,10,1.0,0,0,0,0,0,0,512,0,0,512,0,0,249,0,0,263,0,0,512,1.5576525926589966,63.439353942871094,0,0
530,A,530,0.005584211554378271,0.056091245263814926,nan,nan,512,0,0.005584211554378271,0.056091245263814926,all_rows,512,0,0.0038880016654729843,0.02734375,-0.0018773466814309358,0.0015707210404798388,0.1599500710144639,1e04c6baa562b1fd113dd52b2519a2da:0:0,ad9be2323358d27b7a2d6b684e88406c:0:0,84a9b306a144ff7590dfa3cc4c029dd4:0:0,15b3948eeeb9ab512905e8e9c722290e:0:4192580579,acdd78db4b37d5486d66ec3400c31c91:0:2649325209,10,1.0,0,0,0,0,0,0,512,0,0,512,0,0,244,0,0,268,0,0,512,1.5784355401992798,64.15530395507812,0,0
531,A,531,-0.002158268354833126,0.060273829847574234,nan,nan,512,0,-0.002158268354833126,0.060273829847574234,all_rows,512,0,0.004227215424180031,0.066015625,-0.006650945078581572,0.0018043519754428416,0.16297019401099533,b6c0011f4bbe6a8479234c6b6ff66eda:0:0,bca4df11e97ddf7fd621e92cf5edcf01:0:0,26bca8f14f1f38a3f18a17174759ee8f:0:0,543e2bdfc58bd98857a11836bca50d0e:0:1990471708,5cce16fa87c14325ebe2f28e71dfa799:1:1036613998,10,1.0,0,0,0,0,0,0,512,0,0,512,0,0,265,0,0,247,0,0,512,1.615107774734497,64.22071838378906,0,0
532,A,532,0.0074959550984203815,0.05718003958463669,nan,nan,512,0,0.0074959550984203815,0.05718003958463669,all_rows,512,0,0.0015164479846134782,0.0208984375,-0.0026294995099306107,0.001619118853705004,0.1644140670541674,72d1db3362b11adf977b838222133ada:0:0,593c61dafec200d6aa98be81cb09274b:0:0,256d67d69e097195b214d8b1f63d47a4:0:0,bb8e1a5f4b5b6bd6b81bcd2b9fe7f10e:0:1574130418,d19a11902cbce0970a0c404c5005115c:0:1696450507,10,1.0,0,0,0,0,0,0,512,0,0,512,0,0,243,0,0,269,0,0,512,1.635371446609497,65.05174255371094,0,0
533,A,533,-0.0054484764114022255,0.06459640711545944,nan,nan,512,0,-0.0054484764114022255,0.06459640711545944,all_rows,512,0,0.0037465812638401985,0.03046875,-0.0005288022570312023,0.0020600753254257143,0.16175304201897234,9f1399f5d8b524de8edb9cbb3b7006da:0:0,e1277594a827c393da14f967a0d06e96:0:0,c09649a21f9b43d6e9b6b0f4bb833e4a:0:0,9826d5b719373d6da1886b2c70ead50e:0:1839691681,4653c01f91947651567809b63ef17539:0:2176059413,10,1.0,0,0,0,0,0,0,512,0,0,512,0,0,262,0,0,250,0,0,512,1.7113019227981567,64.77104187011719,0,0
534,A,534,0.005004639737308025,0.0619732066988945,nan,nan,512,0,0.005004639737308025,0.0619732066988945,all_rows,512,0,0.003400897141546011,0.0705078125,-0.001246264297515154,0.0018551535555161535,0.161361659062095,ce9ae13e9890de978e67fa62bc0cd2da:0:0,1dde0b54ad07dab2f281f27d5e0a644d:0:0,27d3c32333bb7d7ff57c791b8bd5e764:0:0,8b8a37d06efd5310c45f159d2fadb90e:0:1347697287,d822f5abc8b33f9e4c94414136bc4209:1:3671305208,10,1.0,0,0,0,0,0,0,512,0,0,512,0,0,247,0,0,265,0,0,512,1.7548081874847412,64.63501739501953,0,0
535,A,535,0.0013112736633047462,0.0606156624853611,nan,nan,512,0,0.0013112736633047462,0.0606156624853611,all_rows,512,0,0.010388148948550224,0.0994140625,-0.005805640434846282,0.0018184102431405337,0.1618555230088532,6e6a45c4bd5e1bfe9dd43ec4a3e99eda:0:0,2b9c639db09d1d73ab22f45e24ceaf1d:0:0,64ec49184a8ccffda37975aa03bf7256:0:0,4c47312bdeb45aea0e7dafe1dc309d0e:0:2566686791,c38a9467231509646777e8551e4f0ac5:0:2083667290,10,1.0,0,0,0,0,0,0,512,0,0,512,0,0,254,0,0,258,0,0,512,1.727412223815918,65.40019226074219,0,0
536,A,536,-0.0011219963198527694,0.05358869209885597,nan,nan,512,0,-0.0011219963198527694,0.05358869209885597,all_rows,512,0,0.006954976823180914,0.0646484375,-0.00716170712839812,0.0014418542559724301,0.16006043902598321,30adfc1882016fbd69634c2cf3066ada:0:0,723f1d6907699fac8e72e6c1152e54a8:0:0,8ce3e9d80f54830dda64c55fe6d32534:0:0,46b8a7708d570a1d8f27dd5e7673810e:0:1166664911,e9c2c6c290964d756df01dd972634cdf:0:213305080,10,1.0,0,0,0,0,0,0,512,0,0,512,0,0,263,0,0,249,0,0,512,1.766471266746521,64.23786926269531,0,0
537,A,537,8.239279850386083e-05,0.05841873213648796,nan,nan,512,0,8.239279850386083e-05,0.05841873213648796,all_rows,512,0,0.006359436549246311,0.0646484375,-0.005435620155185461,0.001687195262638852,0.16144338401500136,0f6df2af295d234b0de744e7a96336da:0:0,017b1c7b1d036051477e72b1bdbc08c8:0:0,dc57e0d5a5d678426e26bcb417ee815a:0:0,c84b1d92dd75581d5b070176fe76650e:0:121178304,ce7c1012becb4b50cdf3b4fbc207a6cc:0:4103942041,10,1.0,0,0,0,0,0,0,512,0,0,512,0,0,251,0,0,261,0,0,512,1.7043886184692383,63.305694580078125,0,0
538,A,538,0.0038559427484869957,0.0591534860432148,nan,nan,512,0,0.0038559427484869957,0.0591534860432148,all_rows,512,0,0.007778136990964413,0.0953125,-0.001388075714930892,0.0017192508035805075,0.16268101194873452,cf5944fe5c8be643e4c18b40c70002da:0:0,12f195ecccfccd4b1e84918843d2e629:0:0,e8bb8cf2272bb005b44def1e7bbc956c:0:0,b07a9448180f97bd702a3f8f7439490e:0:3161899885,f90dfa4ad386bac5884d9192e25b6b3a:0:3305221984,10,1.0,0,0,0,0,0,0,512,0,0,512,0,0,253,0,0,259,0,0,512,1.6568998098373413,64.493408203125,0,0
539,A,539,-0.0005705392104573548,0.061244238168001175,nan,nan,512,0,-0.0005705392104573548,0.061244238168001175,all_rows,512,0,0.0018418598920106888,0.02421875,-0.0014086348237469792,0.0018668664037249983,0.16180110001005232,1d1c6183bc6f35014fe2c1844bdcceda:0:0,5df355e24533c3b6daf0f40f3db8ac64:0:0,4e18a75a8115dbf3e3a669f31098a57d:0:0,0879c6d2680f6e079a067b0bd7bc2d0e:0:1688203126,dd6e09f168aa6681c41a8480c8971275:1:3910853440,10,1.0,0,0,0,0,0,0,512,0,0,512,0,0,276,0,0,236,0,0,512,1.639440655708313,65.23025512695312,0,0
540,A,540,0.0016702054999768734,0.06532841175794601,nan,nan,512,0,0.0016702054999768734,0.06532841175794601,all_rows,512,0,0.0034527364186942577,0.0556640625,-0.002946284762583673,0.002133559779031202,0.16135104792192578,a1d37474a3dd767185cac9fe37f99ada:0:0,bd8f2573a5009139f5ca78d40159ed69:0:0,cd66bdb7efc48d8bca824cc6a78c5ed2:0:0,2a5881863cc2a6cf5576575028ff110e:0:4032809909,56835bbc3852be742822e18e47ce1901:1:3845893109,10,1.0,0,0,0,0,0,0,512,0,0,512,0,0,276,0,0,236,0,0,512,1.6671324968338013,65.62425994873047,0,0
541,A,541,0.018723025918006897,0.07489822804927826,nan,nan,512,0,0.018723025918006897,0.07489822804927826,all_rows,512,0,0.005215041805058718,0.044921875,-0.0043480312684550885,0.0019701078941579907,0.15837465808726847,c4ddacb157bbd12f5d88c6fa8b5666da:0:0,7d40e658d40b455f45f12285cd19f60d:0:0,e3a92ff60149532585b4d9d324228fd7:0:0,18484cbfe7bbe705b4ba37c06801f50e:0:783534573,46447352106cfb864499a9a1b3c68eed:0:984973678,10,1.0,0,0,0,0,0,0,512,0,0,512,0,0,275,0,0,237,0,0,512,1.630744457244873,65.8716812133789,0,0
542,A,542,-0.008974851109087467,0.06056656688451767,nan,nan,512,0,-0.008974851109087467,0.06056656688451767,all_rows,512,0,0.010218034498393536,0.0607421875,-0.003645955095998943,0.0018582689925096929,0.16024570597801358,49dbc076224fb7da1abb1ac545f332da:0:0,62beff995311376d067b1d30fb40bf9f:0:0,94a5d6d05d0ab66c6ac520fc5f991ab0:0:0,1a0d08560a7d3ccd43783fc094c4d90e:0:224777438,741e9146bb84533c576cfdcc24542b24:1:4270047425,10,1.0,0,0,0,0,0,0,512,0,0,512,0,0,238,0,0,274,0,0,512,1.6390259265899658,66.35877227783203,0,0
543,A,543,0.0004177084774710238,0.06481407582759857,nan,nan,512,0,0.0004177084774710238,0.06481407582759857,all_rows,512,0,0.005650357808917761,0.0611328125,-0.0037749658804386854,0.0020952301274519414,0.15969033807050437,983cb32417142cad398f67aa67cffeda:0:0,e0c910a0cdc1269136771779842024e4:0:0,e87325025a64c0ea2a7073eefc205172:0:0,777a58eb28508d4deabc52b4af47bd0e:0:951681564,9183067c22960482347e2b9a745a6959:0:1701627613,10,1.0,0,0,0,0,0,0,512,0,0,512,0,0,266,0,0,246,0,0,512,1.5332757234573364,67.89634704589844,0,0
544,A,544,0.0018367527518421412,0.060030970722436905,nan,nan,512,0,0.0018367527518421412,0.060030970722436905,all_rows,512,0,0.009211316704750061,0.0357421875,-0.0022858813870698215,0.001812652696389705,0.1598977369721979,45a7455a7c5ebc583ac28ff5f0eccada:0:0,f1dcc153f7893b9222be024b63f612ed:0:0,91b2ec3b0776fba53dfcd1cf1ba1aafd:0:0,00d6f1d670b1e048d4f81400b78aa10e:0:3559843286,da44d70eafa5a816f3756b76054fe38e:0:3337740971,10,1.0,0,0,0,0,0,0,512,0,0,512,0,0,251,0,0,261,0,0,512,1.5196919441223145,69.0194320678711,0,0
545,A,545,-0.005610919091850519,0.060082584619522095,nan,nan,512,0,-0.005610919091850519,0.060082584619522095,all_rows,512,0,0.0014673861442133784,0.056640625,-0.003505196049809456,0.00180624911445193,0.16260148002766073,7d0cac79182030166fa0b5f3e14996da:0:0,29b120f0878ffefed472e71676367c8d:0:0,596ea4195c9971f5d7f0324132bb1827:0:0,d6dbd3b196af896c5202e708ad8d850e:0:3383085529,6605ae5707de2d0661f4a562c1d774a9:1:78436227,10,1.0,0,0,0,0,0,0,512,0,0,512,0,0,244,0,0,268,0,0,512,1.4171189069747925,69.42070770263672,0,0
546,A,546,-0.005595656577497721,0.06153102591633797,nan,nan,512,0,-0.005595656577497721,0.06153102591633797,all_rows,512,0,0.004804406780749559,0.012890625,-0.0004945725202560424,0.0018716354679781944,0.15942279202863574,18822e82dd0cf706c6053bf038e662da:0:0,eee6a5b04da3bd9f3244520d04ac2060:0:0,bac65d1cafad311a8d4a3b975d698f65:0:0,598788ef49a42f67bb19ef309150690e:0:3508119434,c65784b819e0adfec95a648a7b398f53:0:4028182892,10,1.0,0,0,0,0,0,0,512,0,0,512,0,0,247,0,0,265,0,0,512,1.419167160987854,69.81111907958984,0,0
547,A,547,0.00962983537465334,0.056886833161115646,nan,nan,512,0,0.00962983537465334,0.056886833161115646,all_rows,512,0,0.005535227246582508,0.097265625,-0.009686251264065504,0.0016118459461722523,0.1625987000297755,c3630b37b57946c3945ac436f7c32eda:0:0,a1342ea564eeee92f9e60b310c082c17:0:0,7eb330245b2c7c70444ae8ad79281979:0:0,1ce43f33a3aeb0bf56e00fdc62d34d0e:0:1653868641,73e4868d9e1aa09a447e48f9b10ce1e4:0:4049868771,10,1.0,0,0,0,0,0,0,512,0,0,512,0,0,258,0,0,254,0,0,512,1.3684216737747192,68.870361328125,0,0
548,A,548,0.0030210581608116627,0.05558977276086807,nan,nan,512,0,0.0030210581608116627,0.05558977276086807,all_rows,512,0,0.002254313323646784,0.0173828125,-0.0006055214907974005,0.0014905463554896413,0.1624020750168711,43f2b31b6934f33a659b31141ddffada:0:0,8911839f68f28d2017f860635f5c1e74:0:0,1101dc8fbdf1357f78b5254314cda62e:0:0,0aeb557da24be6603d5dec702216310e:0:2381164099,95e245e78fbed2ed9098403486001bd3:0:2555246153,10,1.0,0,0,0,0,0,0,512,0,0,512,0,0,252,0,0,260,0,0,512,1.3868727684020996,68.39984130859375,0,0
549,A,549,-0.0060892775654792786,0.05399058386683464,nan,nan,512,0,-0.0060892775654792786,0.05399058386683464,all_rows,512,0,0.001746235997416079,0.01484375,-0.0011759623419493436,0.0014473090006504208,0.16144513490144163,2700b0fedbb2fdc3c54fa4d3ab3cc6da:0:0,c4e5e6d2aef3dc426bf4e4d7b452a1af:0:0,f583e287a6c32ebac3ff41544deed477:0:0,3fa194867d7643f43c01e84fcf19150e:0:2918451008,6f984952c564e001e868f207a011ae50:0:2930362928,10,1.0,0,0,0,0,0,0,512,0,0,512,0,0,259,0,0,253,0,0,512,1.4053527116775513,68.68196105957031,0,0
550,A,550,0.006086207926273346,0.060215480625629425,nan,nan,512,0,0.006086207926273346,0.060215480625629425,all_rows,512,0,0.0009610259439796209,0.0193359375,-0.0019972311798483132,0.0018154105811845512,0.16361585608683527,7c2bda801fc8db7b0b9081c19fd992da:0:0,5f090b157b4b26a9fbd8bf7d5fda82f5:0:0,772be14fb20b995893d92c7ca75d35a4:0:0,7e1cc81171af55f5b9a026df69dbf90e:0:820599287,04aacb38a6a7e7d586f691ad0332336c:1:3241028938,10,1.0,0,0,0,0,0,0,512,0,0,512,0,0,271,0,0,241,0,0,512,1.395202875137329,68.97582244873047,0,0
551,A,551,-0.005838416516780853,0.059849534183740616,nan,nan,512,0,-0.005838416516780853,0.059849534183740616,all_rows,512,0,0.01602812670171261,0.10546875,-0.004506761021912098,0.001733918080572039,0.16177777608390898,259157d51e5172d629056a29fbb65eda:0:0,1c8e12dcf5b0ce5f8b7112fc6c702c9f:0:0,a786239ed56361831ef11911a8ebf202:0:0,281dd53c51571d839a728b82f25edd0e:0:594320343,c16561704d1224360b91842c51940e75:0:3848019078,10,1.0,0,0,0,0,0,0,512,0,0,512,0,0,259,0,0,253,0,0,512,1.4012993574142456,68.87852478027344,0,0
552,A,552,0.011046170257031918,0.06371176242828369,nan,nan,512,0,0.011046170257031918,0.06371176242828369,all_rows,512,0,0.0012062788009643555,0.039453125,-0.0004121294943615794,0.0019540911074727775,0.16087166999932379,7935db13ccffd07d72e54058bed32ada:0:0,fad96b92d013aa1ed682ddc4d36afe35:0:0,2f2049f459f8c79e0ecce18cdba74c03:0:0,3409b336f1b549f52418b99e68a1c10e:0:1205371016,3130bf29eb8870d7af3b9dd969da59fb:0:2462703794,10,1.0,0,0,0,0,0,0,512,0,0,512,0,0,260,0,0,252,0,0,512,1.3753392696380615,71.07174682617188,0,0
553,A,553,-0.007247459143400192,0.052322134375572205,nan,nan,512,0,-0.007247459143400192,0.052322134375572205,all_rows,512,0,0.0033628703095018864,0.0630859375,0.0002813838422298431,0.0013067915104329586,0.15996926103252918,9c8bf30a32ad93636ef62699e92ff6da:0:0,f939dcaad9159833e5362728f90fa514:0:0,cfbb4f1f523404ff41b1ad226cbe8e33:0:0,840fd91d4818502de1981495cca4a50e:0:1113488017,51f36f9e3ecf162ba65ecb3a5c5f5443:0:69635962,10,1.0,0,0,0,0,0,0,512,0,0,512,0,0,269,0,0,243,0,0,512,1.3845340013504028,71.51183319091797,0,0
554,A,554,0.007056604605168104,0.062059566378593445,nan,nan,512,0,0.007056604605168104,0.062059566378593445,all_rows,512,0,0.010526427067816257,0.110546875,-0.0061693241819739345,0.001890292251482606,0.16073059500195086,2261c597b671101c9f8d7f397accc2da:0:0,a930c9002ba25ededd7a9e05c07fd2c8:0:0,c492abd51e438c350241f24d3c9e2358:0:0,0af5c505cb6e5fb1875bbfcd1e67890e:0:3815481010,aba18fd712bac353a78d900bec3444a3:1:4148143009,10,1.0,0,0,0,0,0,0,512,0,0,512,0,0,250,0,0,262,0,0,512,1.4105761051177979,71.73047637939453,0,0
555,A,555,0.0024908939376473427,0.06088483706116676,nan,nan,512,0,0.0024908939376473427,0.06088483706116676,all_rows,512,0,0.003055132692679763,0.024609375,-0.0006082528969272971,0.001846592000219971,0.16468406398780644,107aa95876c72b774f8fec8373a98eda:0:0,5e4aa77213637eae17f61555126b0829:0:0,c4bec46817abb5d018bbc2b172b4d187:0:0,250d35ab6ebc3577d7349ea85dea6d0e:0:1022958805,6817a0a63d9342a067ba408da54dbe4c:0:935279363,10,1.0,0,0,0,0,0,0,512,0,0,512,0,0,269,0,0,243,0,0,512,1.4911086559295654,70.66572570800781,0,0
556,A,556,-0.015224218368530273,0.06250539422035217,nan,nan,512,0,-0.015224218368530273,0.06250539422035217,all_rows,512,0,0.000949973938986659,0.0673828125,-0.0016073592007160187,0.0019142158038448543,0.16108803101815283,93660e52a61cec535e7150c3d3c65ada:0:0,2447acac184ae5cf24cf775315941302:0:0,767d3fb424765c057778589c651842b7:0:0,440d897048d5cc808459548b8b2d510e:0:1321689130,cd002a8f72e485861b0e8facb955521d:0:3567548790,10,1.0,0,0,0,0,0,0,512,0,0,512,0,0,269,0,0,243,0,0,512,1.4876827001571655,70.48592376708984,0,0
557,A,557,0.010321555659174919,0.06126004830002785,nan,nan,512,0,0.010321555659174919,0.06126004830002785,all_rows,512,0,0.012890634126961231,0.0646484375,-0.004110729321837425,0.0018705082417000084,0.16104351705871522,5404e9352a04c4ba0c34ce469b2326da:0:0,876265e3fce3d9bcb6cc9230b1adce6d:0:0,e967fa6100e9dae1c179e1ee98dfb52e:0:0,50a072cbbdbcec27176644daa630350e:0:3448935548,3e345fec39c22c4a07ed32088c211d78:0:1650750386,10,1.0,0,0,0,0,0,0,512,0,0,512,0,0,258,0,0,254,0,0,512,1.4861193895339966,70.33245086669922,0,0
558,A,558,0.0024943980388343334,0.058652304112911224,nan,nan,512,0,0.0024943980388343334,0.058652304112911224,all_rows,512,0,0.006808427628129721,0.0646484375,5.367817357182502e-06,0.0017001049185637386,0.16046002099756151,a1e16495fa639235c56cc757c9bff2da:0:0,9a4243a1774f8fcd3275a70f1cdaa0ff:0:0,058f474fa854873220df70d151e8e3d6:0:0,c22ed38cbe099436d25d92f9aef3190e:0:1098191098,2f75e0a4e0aa7ba876c880aea10a9a19:0:908801964,10,1.0,0,0,0,0,0,0,512,0,0,512,0,0,269,0,0,243,0,0,512,1.4903379678726196,69.20545959472656,0,0
559,A,559,0.0009492404060438275,0.05341607704758644,nan,nan,512,0,0.0009492404060438275,0.05341607704758644,all_rows,512,0,0.008572559803724289,0.0611328125,-0.0019857008010149,0.0014313377672806383,0.16084612999111414,7f41f77dfde15569ef3ade435f9cbeda:0:0,c6c53274eb784bec87610f8f64385b71:0:0,3f48cd3645083acb3cf8275ce38cecab:0:0,329c15ae70c046be94a7224ca575fd0e:0:3138020275,ffba80d7df83a9ca14e95e6f77d9e30b:1:3601317233,10,1.0,0,0,0,0,0,0,512,0,0,512,0,0,242,0,0,270,0,0,512,1.5333685874938965,69.78775024414062,0,0
560,A,560,-0.00032874057069420815,0.051061421632766724,nan,nan,512,0,-0.00032874057069420815,0.051061421632766724,all_rows,512,0,0.0039056173991411924,0.0849609375,-0.002885844325646758,0.001306139479856938,0.1633316909428686,16f9286f60e9a0eab34ff5555cb98ada:0:0,dec34fd1f4f3f66eb2f9d6834e3c7b8b:0:0,f8f0ddd9c6dfb901291c99342ce1bc37:0:0,ede4c1d35bfa2fa4bf10963789b8e10e:0:1586166938,484c7dd04c53abf2154b86d4ed10354e:1:3887011649,10,1.0,0,0,0,0,0,0,512,0,0,512,0,0,238,0,0,274,0,0,512,1.5497303009033203,69.94096374511719,0,0
561,A,561,0.007630098611116409,0.0651722103357315,nan,nan,512,0,0.007630098611116409,0.0651722103357315,all_rows,512,0,0.004838043823838234,0.060546875,-0.0026766058756038545,0.0020323450909927486,0.1610729469684884,479e37f2a487bf54cbec2ed9c11656da:0:0,5813d427b153277c799807e0d7e7be19:0:0,c5adb7452660c1f498199862ae51c9e6:0:0,7ac060d0e0c329fb17cd521e5bbbc50e:0:3991122901,916e673bf7afc35d5cba7571c0399dd1:1:2742642152,10,1.0,0,0,0,0,0,0,512,0,0,512,0,0,231,0,0,281,0,0,512,1.5193983316421509,70.36465454101562,0,0
562,A,562,-0.00011506816372275352,0.05885010212659836,nan,nan,512,0,-0.00011506816372275352,0.05885010212659836,all_rows,512,0,0.0055231451988220215,0.04765625,-0.00554851028136909,0.0016972035286016763,0.16295501997228712,c358ad95e26a90a54fdeed1c8cb322da:0:0,71a62342c5dc891e05a21625046a0240:0:0,4d089eca8fd458331a32b55db90460c6:0:0,2736e70a9e91a312ae7679651b7ea90e:0:239378511,41b0132f2e71d2f0d39630665badab80:0:2037420582,10,1.0,0,0,0,0,0,0,512,0,0,512,0,0,235,0,0,277,0,0,512,1.4846144914627075,71.0226058959961,0,0
563,A,563,0.0009869401110336185,0.06273677200078964,nan,nan,512,0,0.0009869401110336185,0.06273677200078964,all_rows,512,0,0.004459586925804615,0.04375,-0.0008147949585691095,0.001886550575727597,0.16135224606841803,cdf94e29035c1ed17e86d269bf8feeda:0:0,faf861860abc3372ea511d5f429eda43:0:0,67b282f7e24e09236215503204d44940:0:0,104efdb312bc5b4fc00aef6fc9018d0e:0:486818093,16f0031faeb1a6fc5f46a71674595466:0:3528308000,10,1.0,0,0,0,0,0,0,512,0,0,512,0,0,257,0,0,255,0,0,512,1.4844022989273071,70.16178894042969,0,0
564,A,564,-0.006486900150775909,0.06767279654741287,nan,nan,512,0,-0.006486900150775909,0.06767279654741287,all_rows,512,0,0.005130468402057886,0.0228515625,-0.0025599703658372164,0.002233873412478715,0.15999572502914816,ebfe59e0e578e99e8bd1c10d59acbada:0:0,0ae4b525adf3f360094554701fce61cd:0:0,25cfad5c5e604f729a919d44aff19a53:0:0,b454775c885204bd9aef57a26444710e:0:133652659,b5a8f372a02a16e84af4eefef41021b8:1:3965886929,10,1.0,0,0,0,0,0,0,512,0,0,512,0,0,250,0,0,262,0,0,512,1.4355084896087646,70.59858703613281,0,0
565,A,565,0.0051324632950127125,0.06127806752920151,nan,nan,512,0,0.0051324632950127125,0.06127806752920151,all_rows,512,0,0.006767356302589178,0.0634765625,-0.004281851183623076,0.0018665378913283349,0.16274139797315001,e39714eaaf72e9b96c3cdb535b0986da:0:0,fe015d9241f302727dc6423b5884ac99:0:0,78174b302669403584a80d262ad5464c:0:0,b1751a9b2cb6bf6282ee1560ed47550e:0:4290518814,6117230f9d5680c86873011ffa2d0fd2:1:2072975881,10,1.0,0,0,0,0,0,0,512,0,0,512,0,0,278,0,0,234,0,0,512,1.5083459615707397,69.78204345703125,0,0
566,A,566,0.0061260671354830265,0.06286651641130447,nan,nan,512,0,0.0061260671354830265,0.06286651641130447,all_rows,512,0,0.007257391698658466,0.1103515625,-0.0014325108379125596,0.0018985579488798976,0.16084122797474265,4c038cd7ce2c4b0ea0d48387c3a652da:0:0,50ee42d6c31e7fd1ec2780d13fa0ce8c:0:0,eb21ec2887b25120ffeaf3aa63db158d:0:0,ac55aecedd6b735395374c0f640a390e:0:1480010793,b649f33a360a7b3ee8f4f3f1b5865258:0:106699873,10,1.0,0,0,0,0,0,0,512,0,0,512,0,0,273,0,0,239,0,0,512,1.620315432548523,69.8741226196289,0,0
567,A,567,-0.009103984571993351,0.05884528532624245,nan,nan,512,0,-0.009103984571993351,0.05884528532624245,all_rows,512,0,0.0036437781527638435,0.1107421875,-0.0009961165487766266,0.0016949341516010463,0.161071075941436,9709492a59f5de6203345bf693831eda:0:0,c94fcfa32a575e26b0db8ac4a7425cd0:0:0,8f6ab46f8f1f035c34880132178cf373:0:0,4989dc8103630888ac60df11c88d1d0e:0:2237774202,58e789b0127b3172cf30a0ee1a0269e2:0:3848421983,10,1.0,0,0,0,0,0,0,512,0,0,512,0,0,249,0,0,263,0,0,512,1.5362364053726196,70.44903564453125,0,0
568,A,568,-0.004120450001209974,0.06439293920993805,nan,nan,512,0,-0.004120450001209974,0.06439293920993805,all_rows,512,0,0.0058671096339821815,0.046875,0.0004938278347253799,0.0020140675245784224,0.15850665792822838,0ae41d28e0bd4226918746ebca9feada:0:0,73c995ceacc557b00d9832cb52d3ea95:0:0,68f3b3c5923d1e6aea789aeab8667fae:0:0,7746fc1890497c70446671cc1ad0010e:0:1422650353,1283a64a0e19cdb99f0fb1f6abb24fc6:1:4174954875,10,1.0,0,0,0,0,0,0,512,0,0,512,0,0,250,0,0,262,0,0,512,1.5719199180603027,69.6063232421875,0,0
569,A,569,0.012532833032310009,0.063601054251194,nan,nan,512,0,0.012532833032310009,0.063601054251194,all_rows,512,0,0.004815162159502506,0.0578125,0.0010068778414279223,0.0019163867458701135,0.16060846601612866,905ba4ffd276c2963a8766b368fcb6da:0:0,143e7f9ec784eebafde3cf979a4eb31d:0:0,6f3e69b379162645f0018a6cb252e791:0:0,c7fc5afbf220d5435ea967a25ad2e50e:0:2662126713,e4d8b448ce3415e5a1f164947a77714a:1:2498260570,10,1.0,0,0,0,0,0,0,512,0,0,512,0,0,258,0,0,254,0,0,512,1.5819264650344849,70.0008316040039,0,0
570,A,570,-0.008412275463342667,0.05702047422528267,nan,nan,512,0,-0.008412275463342667,0.05702047422528267,all_rows,512,0,0.0028766882605850697,0.0349609375,-0.0010729671455919742,0.0015793307742569596,0.16299582389183342,8fba18160d0ef109a97e1d996e9982da:0:0,8156d13338875dedee6842b1bd704d30:0:0,06439411029857596e1aa0670a16b324:0:0,2072d08e9197f31965f0e3f88895c90e:0:390431283,91ce4b4ae656fe229b835a0ec6f8146d:1:1108012708,10,1.0,0,0,0,0,0,0,512,0,0,512,0,0,265,0,0,247,0,0,512,1.6099562644958496,69.58171081542969,0,0
571,A,571,-0.0003072231775149703,0.05579492077231407,nan,nan,512,0,-0.0003072231775149703,0.05579492077231407,all_rows,512,0,0.00229810643941164,0.0390625,-0.001612472685519606,0.0015560103347525,0.16253111301921308,5f880659452ff29012440de9db764eda:0:0,22682dbf82b171ef47d75449c3c316f1:0:0,6c713b9ee5aaeca19e85f7e4c7ec78cf:0:0,4a71b1cd2f7f3ebc1269ca32a418ad0e:0:3840710150,e23a7053859c1c829e94f04c1f486f54:0:2927632282,10,1.0,0,0,0,0,0,0,512,0,0,512,0,0,266,0,0,246,0,0,512,1.6130176782608032,69.51358795166016,0,0
572,A,572,0.0024319326039403677,0.05065712705254555,nan,nan,512,0,0.0024319326039403677,0.05065712705254555,all_rows,512,0,0.01349545642733574,0.0947265625,-0.0076966718537732955,0.0012882290175184608,0.16022496297955513,086a4e26492685c6fd4119f0af931ada:0:0,e798710d787fa4003f0af6b65dfc186e:0:0,e50aab21cc66adb3a58e08d73f26c8d4:0:0,e5684ba235bf363b4da6bdb4ad5b910e:0:1736117068,6aee5f58b8d5beb0a32df0a1f43ce68e:1:978718642,10,1.0,0,0,0,0,0,0,512,0,0,512,0,0,242,0,0,270,0,0,512,1.6028720140457153,69.38374328613281,0,0
573,A,573,-0.0008482097764499485,0.050492558628320694,nan,nan,512,0,-0.0008482097764499485,0.050492558628320694,all_rows,512,0,0.004527602810412645,0.0560546875,-0.005894339038059115,0.0012603547831531614,0.16258497803937644,618c1c505b32bff2136c63f9eaefe6da:0:0,c27ef2d7bca7fa0f35e06fbf3bbed631:0:0,ead668f508356494653bb63338ba78b4:0:0,7f010960d034d74116a021e2a45e750e:0:3906290846,c24ecf9caf7bae7e7ffb62d775d75334:1:2907429548,10,1.0,0,0,0,0,0,0,512,0,0,512,0,0,261,0,0,251,0,0,512,1.5340689420700073,68.26396179199219,0,0
574,A,574,-0.0014193831011652946,0.05849951133131981,nan,nan,512,0,-0.0014193831011652946,0.05849951133131981,all_rows,512,0,0.004456541500985622,0.05078125,-0.002904921770095825,0.0016986481263302267,0.16047509596683085,cfde17aa20908152ea4c4e518d8cb2da:0:0,a92181554495e1e49f94437936626007:0:0,d80afccede26fd2bcbf79047b6803c5e:0:0,238e4e2b61d7e72565b41a208921590e:0:726022740,5453e437eecc46d7a49ae30e6ff4cbc1:0:3295197062,10,1.0,0,0,0,0,0,0,512,0,0,512,0,0,261,0,0,251,0,0,512,1.5353962182998657,67.55956268310547,0,0
575,A,575,-0.006033475045114756,0.05330776795744896,nan,nan,512,0,-0.006033475045114756,0.05330776795744896,all_rows,512,0,0.007111788261681795,0.03671875,-0.002928079920820892,0.00142022660584189,0.16054187808185816,4765f551e283a0c0cff67b4397697eda:0:0,28ae59c5bd7a9554d3a39ee2484ef7a1:0:0,a6b74cf928998bb02bfd9a8d5b7df8ec:0:0,3fb0cd5faa8f18c210a689d25ba43d0e:0:1268276780,be81dcb7cd2614f0a023c11877ac3fc4:0:996111636,10,1.0,0,0,0,0,0,0,512,0,0,512,0,0,261,0,0,251,0,0,512,1.5680325031280518,67.36277770996094,0,0
576,A,576,-0.0053256722167134285,0.05949414148926735,nan,nan,512,0,-0.0053256722167134285,0.05949414148926735,all_rows,512,0,0.002288365736603737,0.06171875,-0.0010207241168245674,0.0017627194116357713,0.1596590430708602,981e9ae21eb3ce80970fcd1c08864ada:0:0,dc64f931ad2b15ed2cc292b86d929a5e:0:0,35795021f1fb297adffa20a5e43716fd:0:0,072bd778b2161006aea1145c1be7210e:0:1422221714,f653466cdaf1a6095885977b9c7eb033:0:1991674042,10,1.0,0,0,0,0,0,0,512,0,0,512,0,0,247,0,0,265,0,0,512,1.5157638788223267,67.03194427490234,0,0
577,A,577,0.008004256524145603,0.053346894681453705,nan,nan,512,0,0.008004256524145603,0.053346894681453705,all_rows,512,0,0.016493909060955048,0.0498046875,-0.0016818319563753903,0.001426639367127791,0.16176744899712503,96c0a786a4242e5c62cc6626e0e316da:0:0,7531ef0be7e04008b34077293e2a15b3:0:0,aa6323f64ab491bc6f8e4fab97b9e8c2:0:0,8e559e2c4c59434c7c331d21c9ea050e:0:2964744392,d10a5bb3cdf7de0f126eec69df7dee30:0:1266524456,10,1.0,0,0,0,0,0,0,512,0,0,512,0,0,222,0,0,290,0,0,512,1.4737749099731445,66.70034790039062,0,0
578,A,578,-0.0004188935272395611,0.06138742342591286,nan,nan,512,0,-0.0004188935272395611,0.06138742342591286,all_rows,512,0,0.006050406489521265,0.09375,-0.008076362637802958,0.001838679297361523,0.16382179304491729,5c75bcd5ba12a8fb72efa8b0207fe2da:0:0,7882d55febd4a63fd96fcf3e2912a237:0:0,e3f69dd7590142d55c55bcf133805cc9:0:0,29afe3dfcbabba6a3f51c78765ace90e:0:3641032585,fb4ff2c2eb257031625b943c725353c5:0:1683069946,10,1.0,0,0,0,0,0,0,512,0,0,512,0,0,254,0,0,258,0,0,512,1.516845464706421,65.19599914550781,0,0
579,A,579,-0.008794206194579601,0.06448555737733841,nan,nan,512,0,-0.008794206194579601,0.06448555737733841,all_rows,512,0,0.019547242671251297,0.0841796875,-0.0019981265533715485,0.0020362763723824175,0.16006901604123414,ae362c2c0e0af479efcc3703c75caeda:0:0,25d5989b9885411171c2244a43aeb72e:0:0,56c909f19070a36be167f57d031090e7:0:0,47b8dfe5353aab882b57f6f0ef2fcd0e:0:3007526519,67f6f96f877b60a970f882443d655fdb:0:253737227,10,1.0,0,0,0,0,0,0,512,0,0,512,0,0,263,0,0,249,0,0,512,1.5175389051437378,65.67414093017578,0,0
580,A,580,0.0013161601964384317,0.059037480503320694,nan,nan,512,0,0.0013161601964384317,0.059037480503320694,all_rows,512,0,0.0033718012273311615,0.0546875,-0.004267723206430674,0.0017348874884191901,0.16256202198565006,a4a0c52966795440b643f36dd5797ada:0:0,6ba323a599564ca3d2bebb6a1fba4952:0:0,833d35eabe73d5878eaa7fa14a6ac789:0:0,a1ac5a480c22f5b3c5064ec26672b10e:0:2322223172,c5d5079cc6eb246c36bfbd284db7b0b8:1:1566197166,10,1.0,0,0,0,0,0,0,512,0,0,512,0,0,256,0,0,256,0,0,512,1.4655126333236694,65.9403076171875,0,0
581,A,581,-0.02320254221558571,0.06755418330430984,nan,nan,512,0,-0.02320254221558571,0.06755418330430984,all_rows,512,0,0.004471681080758572,0.1103515625,-0.005382614769041538,0.0019251189136411996,0.1602563610067591,eebf65cb5709101d23c8003a4ad646da:0:0,704fa1fc9ebfe7732ea96f4957d06670:0:0,14d065fa2fb7afd27da1bc320e8c403c:0:0,1e7a1f46878c7933c683325fcb75950e:0:2075259482,28f72e6ea362021140c13acba0e9912b:0:3466202501,10,1.0,0,0,0,0,0,0,512,0,0,512,0,0,260,0,0,252,0,0,512,1.500081181526184,65.26881408691406,0,0
582,A,582,0.01050651166588068,0.0512164831161499,nan,nan,512,0,0.01050651166588068,0.0512164831161499,all_rows,512,0,0.006313041318207979,0.0845703125,-0.0015711806714534759,0.0012722745537757873,0.16007195494603366,8ca09c82741aa298e258bfb5277312da:0:0,85afced8df3d0ed3f5ae6ac10060bd0f:0:0,17cb413ef2bb0a0ec06b8044d4f0d35e:0:0,e568ebe9c82f4d9c035ac52d1e38790e:0:420962923,2bddd8c439e56b4fa7c8752c6827e173:0:2401437035,10,1.0,0,0,0,0,0,0,512,0,0,512,0,0,244,0,0,268,0,0,512,1.548194408416748,65.06049346923828,0,0
583,A,583,-0.0025021096225827932,0.05208311602473259,nan,nan,512,0,-0.0025021096225827932,0.05208311602473259,all_rows,512,0,0.005171123892068863,0.0720703125,-0.008588621858507395,0.0013473688217345626,0.16331999003887177,a937287dc29d9e91b485d42a6b4fdeda:0:0,5c42cde654e0dc72deb04cb1836a603d:0:0,c874751756529540e0d87d1fb60a19f5:0:0,b173da8561a6d5a14c7eea8e5ebb5d0e:0:11792856,06c3436c6403fef320c1af3aa652da7d:1:318862891,10,1.0,0,0,0,0,0,0,512,0,0,512,0,0,237,0,0,275,0,0,512,1.534478783607483,65.77643585205078,0,0
584,A,584,0.0005282018682919443,0.06597849726676941,nan,nan,512,0,0.0005282018682919443,0.06597849726676941,all_rows,512,0,0.004273475147783756,0.0630859375,-0.003457734547555447,0.0021593315934296696,0.16249693802092224,54cb6c47619a4c11416e1fe6166caada:0:0,835450646965a0feaa8a605ac559a1dd:0:0,e9ab14fc02c9ea2ef16256b5faae3bcc:0:0,492c1f3c4bf6b0ad544745e78cfe410e:0:1013499738,7c073f2d45aabed8ff682b212c24a696:1:3541840029,10,1.0,0,0,0,0,0,0,512,0,0,512,0,0,253,0,0,259,0,0,512,1.5525503158569336,64.98011779785156,0,0
585,A,585,-0.0045561655424535275,0.06048871949315071,nan,nan,512,0,-0.0045561655424535275,0.06048871949315071,all_rows,512,0,0.014125465415418148,0.06328125,-0.0024403369752690196,0.0018195231270510704,0.16158798895776272,51b8faacaab6fc64e0bfc53428c976da:0:0,7b45e2d925c47edb90f5e296a65e7926:0:0,6f5d320992a3a9bf301da49cdfab2632:0:0,de8991ff11a58a3292713a9ca901250e:0:4048996209,40a9f7226b294b9fef35d559d4321ce1:1:1467920284,10,1.0,0,0,0,0,0,0,512,0,0,512,0,0,246,0,0,266,0,0,512,1.470430850982666,64.93024444580078,0,0
586,A,586,0.005552328657358885,0.054373037070035934,nan,nan,512,0,0.005552328657358885,0.054373037070035934,all_rows,512,0,0.006243389565497637,0.08828125,-0.004237966379150748,0.001476328371791169,0.1623484049923718,f37345cb4705157566b82660a26642da:0:0,644e83f6e88cc3805421cb88cabb9403:0:0,2928ed2237f55e7352cfe3b8d88f4f5b:0:0,d45a14ccced1c6c0281fec11b2c4090e:0:801565664,5b49902e677f07d01dddd921607884ff:1:504151322,10,1.0,0,0,0,0,0,0,512,0,0,512,0,0,264,0,0,248,0,0,512,1.504739761352539,65.92272186279297,0,0
587,A,587,-0.0029757441952824593,0.05890938639640808,nan,nan,512,0,-0.0029757441952824593,0.05890938639640808,all_rows,512,0,0.005689387209713459,0.03203125,0.0015195335261523723,0.0017466333985794336,0.159269709023647,432023fbf561d45ef023e5b783430eda:0:0,5dee268a80c6d1975fc0ee4b225f082f:0:0,2760f962115d4f5321b1068cf9d39ecf:0:0,c9aa5a5655a40ed5c3dc3daaaa46ed0e:0:2583642104,8dbaaba1fd4ab933ad19e0c48709bfd7:0:2940756188,10,1.0,0,0,0,0,0,0,512,0,0,512,0,0,253,0,0,259,0,0,512,1.4864468574523926,66.95381927490234,0,0
588,A,588,0.009500501677393913,0.06091142073273659,nan,nan,512,0,0.009500501677393913,0.06091142073273659,all_rows,512,0,0.0042962562292814255,0.036328125,-0.00116220791824162,0.0018101751920767128,0.16344527597539127,3cbd5632ffb6c748ae5ee584cb5fdada:0:0,4382859135743ef6009930f6389777e2:0:0,909fc3c120178e506aeae8867d324525:0:0,a451ea788c83b7778594d2cb8f89d10e:0:1501660467,a4a82b0b8c2dd59d06ee9ba66b1f4e07:0:1458805069,10,1.0,0,0,0,0,0,0,512,0,0,512,0,0,250,0,0,262,0,0,512,1.4997467994689941,66.41608428955078,0,0
589,A,589,-0.004972355905920267,0.06008956581354141,nan,nan,512,0,-0.004972355905920267,0.06008956581354141,all_rows,512,0,0.014513619244098663,0.1056640625,0.0015842627501115203,0.0017583019973244518,0.15999798907432705,0aff7f4d9c65fe7cb35448147abca6da:0:0,11628b6db708c59081d9c3cbaf3cb718:0:0,f797db1b76e0012e7dde31f1e173eb39:0:0,70807f58da710881e29e0ed8628cb50e:0:2413549817,49bb07cfd1c8822d053d306de05fd5af:0:3588264737,10,1.0,0,0,0,0,0,0,512,0,0,512,0,0,267,0,0,245,0,0,512,1.5247758626937866,66.07926177978516,0,0
590,A,590,7.938453927636147e-05,0.060582030564546585,nan,nan,512,0,7.938453927636147e-05,0.060582030564546585,all_rows,512,0,0.004881381988525391,0.029296875,-0.0006950078997761012,0.0018166842288337647,0.15996742504648864,b6250ba2b92df4bfbd7e6fb2915972da:0:0,84c772d4ff9b0fe9e05e3a52b41d8a4b:0:0,419959bf085a1e101ac60b43f2fd7026:0:0,1983f74435e960bd89b21535234f990e:0:3460351881,cf6babc94c1cd15d351dd29f0ab47f8d:0:3475687637,10,1.0,0,0,0,0,0,0,512,0,0,512,0,0,263,0,0,249,0,0,512,1.5300750732421875,67.73764038085938,0,0
591,A,591,0.00215214304625988,0.06158323213458061,nan,nan,512,0,0.00215214304625988,0.06158323213458061,all_rows,512,0,0.015761375427246094,0.061328125,-0.0025196800474077464,0.0017920205078553408,0.1592382830567658,ca16640cecd12ee903e6feab0f363eda:0:0,12a333217700cf91fe00f7c1f36f9f58:0:0,6ca1007fbaf830785d761905e985e84f:0:0,0dbc1cc72ab937b346f0c945d1d27d0e:0:2842270384,d20af06336f31bcd09dfeb58a224b0ee:0:1370732877,10,1.0,0,0,0,0,0,0,512,0,0,512,0,0,266,0,0,246,0,0,512,1.5302587747573853,67.93799591064453,0,0
592,A,592,0.0011372740846127272,0.05370130017399788,nan,nan,512,0,0.0011372740846127272,0.05370130017399788,all_rows,512,0,0.005826410837471485,0.07578125,-0.0018422480672597886,0.0014059694076422602,0.15995427896268666,119e6f828ccd92ba0226d749f4530ada:0:0,bd5c1fb8a87252fc0a9a87eb829b6ab6:0:0,f3007cced439de03196c1ee3be1e301e:0:0,9a946fcaeb1ffd3fe7dfce6e6e15610e:0:2450795120,4697a2a1e9324d76887b7a5060a721ce:0:3059509110,10,1.0,0,0,0,0,0,0,512,0,0,512,0,0,257,0,0,255,0,0,512,1.5317355394363403,66.7665023803711,0,0
593,A,593,-0.005681522656232119,0.06164328753948212,nan,nan,512,0,-0.005681522656232119,0.06164328753948212,all_rows,512,0,0.002178177936002612,0.0349609375,0.0005750646349042654,0.0019027485453989358,0.16097651002928615,ae8ada30246f74f644661bdb40afd6da:0:0,e8d4c8fc065cf3c63178d45158302512:0:0,f747a09dd2b7d61c1b55d944becb6d32:0:0,0323e7d940a9d6e81f6a8812f818450e:0:474574795,c5e39efc0d85992542e0abbc5d4e8b0e:0:2594187365,10,1.0,0,0,0,0,0,0,512,0,0,512,0,0,225,0,0,287,0,0,512,1.4529169797897339,66.36349487304688,0,0
594,A,594,0.0018303317483514547,0.05388513207435608,nan,nan,512,0,0.0018303317483514547,0.05388513207435608,all_rows,512,0,0.008012242615222931,0.0615234375,-0.003246848750859499,0.0014462126709986478,0.16117128706537187,985ad8e8ca8c5ebb335c2eaaf44ca2da:0:0,f8ac9557ccb3fc1f4a9233cec9a9477a:0:0,85f6babf65a956ac6f3e5acccbb4a68b:0:0,d27f58fef1233aec69e219976fdb290e:0:3558250991,77b94fff70c1f9ea6f42ebe0db4956cc:1:1548056880,10,1.0,0,0,0,0,0,0,512,0,0,512,0,0,239,0,0,273,0,0,512,1.4671103954315186,66.48562622070312,0,0
595,A,595,0.0021142573095858097,0.06839568167924881,nan,nan,512,0,0.0021142573095858097,0.06839568167924881,all_rows,512,0,0.004693677648901939,0.025,-0.0014542692806571722,0.002334958774736151,0.15887242706958205,ec0d2b9f13318a17e04fb2050f296eda:0:0,d012339ac7c0a4ab461dd140c773f352:0:0,2214d2e38046a687e4c65226b8e91ef2:0:0,7f9cba19ec0a691cf0fd665fd55e0d0e:0:1923663909,1f554b1cba68014e6d5c234b27ef8dbb:1:3940815568,10,1.0,0,0,0,0,0,0,512,0,0,512,0,0,284,0,0,228,0,0,512,1.5759907960891724,65.43185424804688,0,0
596,A,596,0.0008146008476614952,0.05768308416008949,nan,nan,512,0,0.0008146008476614952,0.05768308416008949,all_rows,512,0,0.0056145223788917065,0.0396484375,-0.0028111720457673073,0.0016618645226117224,0.16262986708898097,7edaf9789a9215e4d116883591463ada:0:0,1f18e1c943556897cb4394923fb10129:0:0,affc551c082d3a0384c3964c791686b3:0:0,f19c04b654e2c16d6fd911d028a0f10e:0:3830535783,87c61415b9d30887f90dc8467b6bae19:0:3780924239,10,1.0,0,0,0,0,0,0,512,0,0,512,0,0,248,0,0,264,0,0,512,1.6147187948226929,65.44432067871094,0,0
597,A,597,-0.001996386330574751,0.05459488183259964,nan,nan,512,0,-0.001996386330574751,0.05459488183259964,all_rows,512,0,0.012349951080977917,0.0748046875,-0.009227870428003371,0.0014709950075484813,0.160073712002486,da7cc4ed6680f0dbcc15d3887aa306da:0:0,a7b044c08c8c15999b13c72733dc606c:0:0,4e5131b49e35e9edc8d876d00e108ddd:0:0,9e25c3f33ecdf84916f77f4c69a3d50e:0:2125388890,6e6ee5cb39ab578f24a6358ca3918e60:1:1197161961,10,1.0,0,0,0,0,0,0,512,0,0,512,0,0,240,0,0,272,0,0,512,1.6007760763168335,66.59278106689453,0,0
598,A,598,0.004349896684288979,0.05745482072234154,nan,nan,512,0,0.004349896684288979,0.05745482072234154,all_rows,512,0,0.0019168055150657892,0.0318359375,-0.0022326840786263346,0.0016377317893784492,0.160598604939878,333926439bc27befa441f649cb3fd2da:0:0,ec2c0a364ef6696f951795b849d4846a:0:0,089a2366a4e47e52af34f4cc1280d4c0:0:0,a60fa93dadcf28a67040d2389866b90e:0:2191185096,ca3dbaad4f6e2600906df0c8b3c31404:1:312049451,10,1.0,0,0,0,0,0,0,512,0,0,512,0,0,231,0,0,281,0,0,512,1.572129726409912,67.86174774169922,0,0
599,A,599,-0.004822978749871254,0.06408035010099411,nan,nan,512,0,-0.004822978749871254,0.06408035010099411,all_rows,512,0,0.004833554849028587,0.050390625,-0.0029085103422403337,0.0020612062478903683,0.16013988899067044,0db236974481e3e4051e92c5831c9eda:0:0,a39598a753dfc9ba74bd2e9258d4cfd2:0:0,c78596c96e52832cf6fcb4547c71100b:0:0,4c5ca306321bc3db4302edf8b4e99d0e:0:1272619499,eb347bf755cc600141ec831be9e384be:1:3057531695,10,1.0,0,0,0,0,0,0,512,0,0,512,0,0,276,0,0,236,0,0,512,1.561614751815796,67.04894256591797,0,0
600,A,600,0.007924054749310017,0.05722729489207268,nan,nan,512,0,0.007924054749310017,0.05722729489207268,all_rows,512,0,0.0018035343382507563,0.0474609375,0.0025536224711686373,0.001643384905764833,0.1644602429587394,336e9d7d253632253ebe8b47a2396ada:0:0,b434d47b3b80c88654ec95c236bb17ee:0:0,f36e4f1cba098f236a98505647cf4b76:0:0,36b7faeb31de5f3077f175f0bf2c810e:0:4059171380,b01587ee14b97fbe87f353a54d0da79d:1:1152752461,10,1.0,0,0,0,0,0,0,512,0,0,512,0,0,264,0,0,248,0,0,512,1.5655381679534912,66.70140075683594,0,0
601,A,601,0.005827267654240131,0.06344271451234818,nan,nan,512,0,0.005827267654240131,0.06344271451234818,all_rows,512,0,0.008845734409987926,0.0349609375,-0.002931713778525591,0.0019227612530812622,0.1617054110392928,48b6072edd4314e011c4021c289636da:0:0,6a2329850e0ecd770a12273607600f19:0:0,7e3e31daa24f8336956b9b2bb0be000a:0:0,e279ee27b5cf5f35fd25cd84b72f650e:0:1545839362,a7d1a46195d834ebc2234d847a1dcedf:1:4076331773,10,1.0,0,0,0,0,0,0,512,0,0,512,0,0,263,0,0,249,0,0,512,1.5792856216430664,66.87393951416016,0,0
602,A,602,-0.004186419304460287,0.06576257199048996,nan,nan,512,0,-0.004186419304460287,0.06576257199048996,all_rows,512,0,0.004991903901100159,0.0943359375,-0.004263859940692782,0.0020936344400979577,0.16255553695373237,dbc6690dd0a15e597b60598f163302da:0:0,918527fa29f9140355650d27c0165314:0:0,2caf63807eb1c5b12a6ab045d203a119:0:0,6bd8046c4d0780d6aa1f18189cf2490e:0:2104653360,71c312098ddc7549b9ce52025b2aae4b:1:1869459500,10,1.0,0,0,0,0,0,0,512,0,0,512,0,0,270,0,0,242,0,0,512,1.5294597148895264,66.97738647460938,0,0
603,A,603,0.0037443910259753466,0.05903686583042145,nan,nan,512,0,0.0037443910259753466,0.05903686583042145,all_rows,512,0,0.007290534675121307,0.0357421875,-0.001076484564691782,0.0017151313135400415,0.15974690299481153,23e7e62997db3b86815433ec6b0fceda:0:0,a338cc588b20206d2f5f4f388cf90af1:0:0,8121b21b61df6c6291a8f64159bc5a6d:0:0,fbdc1e9d5c70402c23c2391070752d0e:0:1618517556,a5b597c3bd49a92f0e4606ba44db89f6:1:3170683152,10,1.0,0,0,0,0,0,0,512,0,0,512,0,0,244,0,0,268,0,0,512,1.5160431861877441,67.87635803222656,0,0
604,A,604,-0.0027219709008932114,0.061901651322841644,nan,nan,512,0,-0.0027219709008932114,0.061901651322841644,all_rows,512,0,0.004049673676490784,0.0205078125,-0.0008467607200145722,0.00189886842854321,0.16213793796487153,e5b85d55f3a821e3fdef7380272c9ada:0:0,5a455e1d4f300f4a705040f18c293c6e:0:0,99bd1a6a9b700dc2618128a85d20fdeb:0:0,badad047ee361d12c059d3d031b8110e:0:241139256,c1ba852b1051131bf8f9d3ece3096e17:1:1455944536,10,1.0,0,0,0,0,0,0,512,0,0,512,0,0,259,0,0,253,0,0,512,1.4760593175888062,67.48926544189453,0,0
605,A,605,-0.004006471484899521,0.050958313047885895,nan,nan,512,0,-0.004006471484899521,0.050958313047885895,all_rows,512,0,0.002113743219524622,0.0572265625,-0.012306700902990996,0.0011963984434260055,0.1616798510076478,186dae3b8174748e6c113a964a8966da:0:0,506fb1f1685d61908e019731813cdd8e:0:0,9fb949760bc48a157aa1167df270ba0e:0:0,ce2413f3d5a0bd7d6b964bbbe0baf50e:0:1258882723,fa3f5e73343d863ab05966b68ed9cbde:0:697885462,10,1.0,0,0,0,0,0,0,512,0,0,512,0,0,245,0,0,267,0,0,512,1.5019774436950684,67.12251281738281,0,0
606,A,606,0.012625880539417267,0.05384160205721855,nan,nan,512,0,0.012625880539417267,0.05384160205721855,all_rows,512,0,0.0026634340174496174,0.032421875,-0.0010295790154486895,0.0014155614480841905,0.1621665289858356,fd0692adae20e099b327eb7ad52632da:0:0,e64a6ea32b76ca9c427d2ef6e8284948:0:0,84cd17fbd58dac71edaeb757cf00a6ab:0:0,7e50cbcfbbb4ed898a8dc4377d7dd90e:0:2375182607,9d67f9a20e507e450a85f9981cd9c682:1:1948586865,10,1.0,0,0,0,0,0,0,512,0,0,512,0,0,240,0,0,272,0,0,512,1.5101693868637085,67.72157287597656,0,0
607,A,607,-0.009294227696955204,0.05437599867582321,nan,nan,512,0,-0.009294227696955204,0.05437599867582321,all_rows,512,0,0.013784253038465977,0.055078125,-0.0011898807249963283,0.0014732570562046021,0.16008662607055157,63ad856fa44570a8f3312879c702feda:0:0,dd5bf0588123e8ef5ec982eb7563e81a:0:0,a749e88d862d0c3d2781431740142c94:0:0,f59bc58969047d52dfbc20a70800bd0e:0:1363093875,c1766b1100fedbb2ff449ac9dfd96f52:1:4057521959,10,1.0,0,0,0,0,0,0,512,0,0,512,0,0,261,0,0,251,0,0,512,1.5149085521697998,67.06674194335938,0,0
608,A,608,0.005190697964280844,0.05632266402244568,nan,nan,512,0,0.005190697964280844,0.05632266402244568,all_rows,512,0,0.004111914895474911,0.023046875,-0.0024108649464324116,0.0015287640504539012,0.1629596579587087,e42f9771334457c650b9d3df201fcada:0:0,7e626e24ed53aaec8508bc3de0b4533a:0:0,09d515e1cb322f67435a81062da70281:0:0,e0e6217a610ffc876f03046e8043a10e:0:3844412641,868b71fe6b5134e14b3d2d0fd295ce74:1:3705830730,10,1.0,0,0,0,0,0,0,512,0,0,512,0,0,267,0,0,245,0,0,512,1.5333647727966309,66.39202117919922,0,0
609,A,609,-0.008697492070496082,0.05554245039820671,nan,nan,512,0,-0.008697492070496082,0.05554245039820671,all_rows,512,0,0.009483583271503448,0.111328125,-0.013329374510794878,0.0015123605786357074,0.16308686195407063,db9a486bec78737ac0de0ff6e07c96da:0:0,a299618cbade86a515ce4dc1af4f9dbd:0:0,6fcbc6d03e3b389812a8af57d86fc163:0:0,701d0aa6a39e53bb61a9d2f1e646850e:0:1569549137,0d21df5c37b9dd75398c802a9c9e481d:1:110472174,10,1.0,0,0,0,0,0,0,512,0,0,512,0,0,237,0,0,275,0,0,512,1.451979637145996,66.5548095703125,0,0
610,A,610,0.009595377370715141,0.057265058159828186,nan,nan,512,0,0.009595377370715141,0.057265058159828186,all_rows,512,0,0.0016831217799335718,0.0505859375,-0.0008701542392373085,0.0016161486972123384,0.1616793080465868,1a1777a7f3cb8525d5493f0d081962da:0:0,6628c3b6ea7d55fef8b53466e0e48386:0:0,95585723465dc94c1c60fde14eaaa86e:0:0,89719e61286e3b7cea5daf953a09690e:0:77190300,8f6b3d54f3bddbeebd22857cf69a3140:1:10812757,10,1.0,0,0,0,0,0,0,512,0,0,512,0,0,259,0,0,253,0,0,512,1.4133014678955078,67.9035415649414,0,0
611,A,611,-0.003686589887365699,0.05791517719626427,nan,nan,512,0,-0.003686589887365699,0.05791517719626427,all_rows,512,0,0.00931469351053238,0.0740234375,-0.0015043319202959538,0.0015958533738739788,0.15957582707051188,58354d8f410022958836036d96f62eda:0:0,2e8f69b0687993b76c258cedff409cbb:0:0,fb68c0ad1132abc6bcb95bc29599bb4e:0:0,4bf3b7bf69a5912829317dbc7b8c4d0e:0:1997117616,f2cc44ed6ba698f290ab8ec960a271bb:1:645702208,10,1.0,0,0,0,0,0,0,512,0,0,512,0,0,262,0,0,250,0,0,512,1.3637800216674805,68.22207641601562,0,0
612,A,612,0.003116440959274769,0.055918511003255844,nan,nan,512,0,0.003116440959274769,0.055918511003255844,all_rows,512,0,0.0029394091106951237,0.0345703125,-0.0006873169913887978,0.0015296230325475336,0.1623545130714774,d13196954efb5dde086e3f648d12fada:0:0,2d9594035d974855ba60b4b3cc79a674:0:0,5c87382ba4293ca252e5eede31b5b07d:0:0,07650c5b1162897b0f9de0cbaacf310e:0:2222749256,a20ac45f0ee5233a14c3d480e8bf68c1:0:3756415563,10,1.0,0,0,0,0,0,0,512,0,0,512,0,0,262,0,0,250,0,0,512,1.3323019742965698,68.93692016601562,0,0
613,A,613,0.0019006774527952075,0.060351308435201645,nan,nan,512,0,0.0019006774527952075,0.060351308435201645,all_rows,512,0,0.008854172192513943,0.0572265625,-0.00012463866733014584,0.0018151747586671262,0.16213928093202412,c7dc6bd8765a2471854b153dea6fc6da:0:0,a31a109449075414e7bcfdaf805d86d1:0:0,2290cb4665167b392ad7dcb813e26e46:0:0,6643a5369ed2c0e944813c26c7d2150e:0:2154492817,7aca44b69e0b09406b527456c9a72014:0:1588634960,10,1.0,0,0,0,0,0,0,512,0,0,512,0,0,262,0,0,250,0,0,512,1.2924120426177979,69.7796859741211,0,0
614,A,614,-0.008629958145320415,0.055505651980638504,nan,nan,512,0,-0.008629958145320415,0.055505651980638504,all_rows,512,0,0.004858499392867088,0.03046875,-0.0016981175635010005,0.0015476444852538407,0.1569383559981361,4c7535c1709e5577fab4e745af0c92da:0:0,7d0d8d72bd2c9130ed963f02c23ffa58:0:0,b6585ec2a70465e2d82e9e688ddcd6ef:0:0,79d93fef973429b0081fb331d294f90e:0:377701113,38d70515e20904939684f912f5a82077:1:2475866447,10,1.0,0,0,0,0,0,0,512,0,0,512,0,0,269,0,0,243,0,0,512,1.319225788116455,70.7900390625,0,0
615,A,615,0.002262810943648219,0.0581016018986702,nan,nan,512,0,0.002262810943648219,0.0581016018986702,all_rows,512,0,0.0005963266594335437,0.0177734375,0.000744352675974369,0.001685351668857038,0.15852654294576496,5ac710c4c13f8f66fd2357c7dae95eda:0:0,df712ab74da63843f289105f01a00100:0:0,2def3d7f975345e2e7f67d9ac39343fc:0:0,745089be9723d7aa18232950cb17dd0e:0:3785381155,f2bb9197d343ba459f4b93c851ef4c84:1:3741328888,10,1.0,0,0,0,0,0,0,512,0,0,512,0,0,240,0,0,272,0,0,512,1.3798688650131226,70.67041778564453,0,0
616,A,616,-0.002545685740187764,0.061637964099645615,nan,nan,512,0,-0.002545685740187764,0.061637964099645615,all_rows,512,0,0.0033790518064051867,0.0556640625,-0.0054750772658735515,0.0019086544460151344,0.15860969095956534,5ffe644901ebb4d9859d49106e062ada:0:0,cdae7d2ff639e086d96f307a96af8da2:0:0,2630c89fa8dd61f82febb3f76a2ce29b:0:0,f0296f1b589ea9e3939b41e7b15ac10e:0:992145358,a2c543515a77b10957afb224f9497cec:0:1973632717,10,1.0,0,0,0,0,0,0,512,0,0,512,0,0,256,0,0,256,0,0,512,1.4159187078475952,70.68583679199219,0,0
617,A,617,0.004663440398871899,0.05866384878754616,nan,nan,512,0,0.004663440398871899,0.05866384878754616,all_rows,512,0,0.007329518441110849,0.1205078125,-0.008899833727627992,0.00171101734158583,0.15934720600489527,6e790f944f4328a7bdb8dd6b6862f6da:0:0,f239e721d9b497e00b65ce33e2d42f2c:0:0,feba38734bf03011628f5c01d6ecb544:0:0,7ca2e8308217d1eddefd605a855da50e:0:244640199,31e2f29ee39e8b19906c04522b061091:0:3096058095,10,1.0,0,0,0,0,0,0,512,0,0,512,0,0,267,0,0,245,0,0,512,1.4344245195388794,69.94038391113281,0,0
618,A,618,-0.0015153692802414298,0.059562526643276215,nan,nan,512,0,-0.0015153692802414298,0.059562526643276215,all_rows,512,0,0.006198306102305651,0.030078125,-0.0017757607623934747,0.0017504790623206646,0.15909019496757537,e26cf082535cc13ecb9b7724c9ffc2da:0:0,5702b2a4b028af4ce7d3af934a70814c:0:0,74a472544bdbe02fc56bbc78152f7719:0:0,9192bba0d30938f38824a80d4720890e:0:3645020959,45b4207cb91a8e0529aa8a8c12e6e4e6:0:896644623,10,1.0,0,0,0,0,0,0,512,0,0,512,0,0,264,0,0,248,0,0,512,1.4596235752105713,69.1478042602539,0,0
619,A,619,-0.002345774555578828,0.056739117950201035,nan,nan,512,0,-0.002345774555578828,0.056739117950201035,all_rows,512,0,0.0018205342348665,0.0625,-0.003936314582824707,0.0015951405628584325,0.15818895504344255,03edb3a3ab5d73389df9b88892dc8eda:0:0,849e5e677d22ceadabe61c2c276fa85c:0:0,2bbca3006445a1d73aed0f67f9375616:0:0,d86aa6750261c28c2a51fc63f6a36d0e:0:3983039443,03ef21555611e3187df545f62c1427f2:0:2115658915,10,1.0,0,0,0,0,0,0,512,0,0,512,0,0,241,0,0,271,0,0,512,1.4482091665267944,69.86547088623047,0,0
620,A,620,0.00014759975601918995,0.05197952687740326,nan,nan,512,0,0.00014759975601918995,0.05197952687740326,all_rows,512,0,0.002778673078864813,0.0640625,-0.001982011506333947,0.001330972433788702,0.15920349303632975,50dad546a56fb333b81783e2c2f95ada:0:0,529a52a49bc61aacc24542259082f58c:0:0,9303a672b60eb7140b7a1d90aeb89af4:0:0,b196315f63356d50522c00c293e6510e:0:434048307,1fd1e25c3e262df0b7c4621fc19fb5bb:0:2538613504,10,1.0,0,0,0,0,0,0,512,0,0,512,0,0,259,0,0,253,0,0,512,1.4484467506408691,69.86954498291016,0,0
621,A,621,0.008703422732651234,0.07461825758218765,nan,nan,512,0,0.008703422732651234,0.07461825758218765,all_rows,512,0,0.012532410211861134,0.087890625,-0.006793156545609236,0.0025851099053397775,0.15972412994597107,92d17ec894668eeafdc7fb7f5a5626da:0:0,2e0b64415a2575496adb5fd5b5ce780d:0:0,07d3a94c495da58babf003ca7f9cf689:0:0,d2ad38d82413512d61bf188d1ee9350e:0:570774447,135d97c9d3c2c0bc9c4cb4ad23fecdef:0:955322934,10,1.0,0,0,0,0,0,0,512,0,0,512,0,0,276,0,0,236,0,0,512,1.4632304906845093,69.68592071533203,0,0
622,A,622,-0.00801856815814972,0.06393741816282272,nan,nan,512,0,-0.00801856815814972,0.06393741816282272,all_rows,512,0,0.007011597976088524,0.0703125,-0.006033977353945374,0.0020396179985255,0.1588981250533834,c1a37b6e36587d8d7f6d81aa58f2f2da:0:0,7de13eceac50f5b4b40fae5c0b20f996:0:0,5e0222a7ba0216e2fa1dae4f02f023e9:0:0,98ecceeabd657b79747d672797ac190e:0:883631497,e6d19349654dc505577076339214404f:0:3505569147,10,1.0,0,0,0,0,0,0,512,0,0,512,0,0,258,0,0,254,0,0,512,1.4629576206207275,69.52391052246094,0,0
623,A,623,-0.00015999848255887628,0.06302797049283981,nan,nan,512,0,-0.00015999848255887628,0.06302797049283981,all_rows,512,0,0.005890729837119579,0.0677734375,-0.0012720886617898941,0.001969867042498663,0.1591112909372896,f94cdbe0eb7de75645f9b8afbecfbeda:0:0,205207fffd903bf2944524e1c2f5a4e1:0:0,c8f8d4c392b36831dfd519b9e6ff0873:0:0,01c2a2e2e33ea8c7433ecff5fe2efd0e:0:1123839255,1cb86dcbf3bf598fe5ffa467804a21b3:1:2045939603,10,1.0,0,0,0,0,0,0,512,0,0,512,0,0,250,0,0,262,0,0,512,1.448503851890564,68.37419128417969,0,0
624,A,624,-0.0031390769872814417,0.06275516748428345,nan,nan,512,0,-0.0031390769872814417,0.06275516748428345,all_rows,512,0,0.0015555486315861344,0.09375,-0.011002813652157783,0.0019124736019875855,0.15693533793091774,822d074dba9f64641eed82db8bec8ada:0:0,094ca8acc8c884ae9f8dcf8a41a22afc:0:0,485ddbccc3e1dbc4bf50a7688f257a74:0:0,f6b6845d0ef9dc7a0840f65c5271e10e:0:4155740170,99da6d2a4f4cf6d28a4aa31705f68eba:0:4113230305,10,1.0,0,0,0,0,0,0,512,0,0,512,0,0,241,0,0,271,0,0,512,1.4162088632583618,67.9265365600586,0,0
625,A,625,0.0038576640654355288,0.052235353738069534,nan,nan,512,0,0.0038576640654355288,0.052235353738069534,all_rows,512,0,0.00655317259952426,0.0474609375,-0.003982109948992729,0.0013470486941514538,0.16047581005841494,1aa5ed02605fb2d168590279c04956da:0:0,9ca1a94387a21524f1c615f24c02a675:0:0,e420f949c6872147e08dbe708e99ed68:0:0,8861e494750fd61963273dbe9474c50e:0:3093218501,f6e8fdd6b188f6e5f83500609d0a668d:1:1995435441,10,1.0,0,0,0,0,0,0,512,0,0,512,0,0,246,0,0,266,0,0,512,1.421011209487915,68.38043975830078,0,0
626,A,626,-0.005024956539273262,0.06254902482032776,nan,nan,512,0,-0.005024956539273262,0.06254902482032776,all_rows,512,0,0.004969333298504353,0.0509765625,-0.002012164006009698,0.0019231468555517494,0.16161374491639435,6174c943e6ad640bdcdb99d65be622da:0:0,5bbedb3c074ef9f5236ace7244bb1793:0:0,ec4987bf5bd2a217cd079044fe724940:0:0,a32e6a1dfb8664653cfac980c437a90e:0:2638197197,7c34a19942ae9b038722b2cf00deae52:0:2229299875,10,1.0,0,0,0,0,0,0,512,0,0,512,0,0,253,0,0,259,0,0,512,1.3640800714492798,69.53173065185547,0,0
627,A,627,0.006141957826912403,0.05581582710146904,nan,nan,512,0,0.006141957826912403,0.05581582710146904,all_rows,512,0,0.0034919963218271732,0.046484375,-0.000989825464785099,0.001549797150073573,0.15885577991139144,775b7bf981a8416c5fa3eb3d5ec2eeda:0:0,5d988cf8b108ad403d4923b0b90dca85:0:0,fb33a83e9d7eef80e8c4e5c568a44779:0:0,8602c095855d9629ac2a7d06e1ba8d0e:0:2993917331,684b6f6f89e73f3fd0162682d244f6fe:1:3908202606,10,1.0,0,0,0,0,0,0,512,0,0,512,0,0,256,0,0,256,0,0,512,1.3133268356323242,70.17292785644531,0,0
628,A,628,-0.001981545239686966,0.055434972047805786,nan,nan,512,0,-0.001981545239686966,0.055434972047805786,all_rows,512,0,0.0032325810752809048,0.055859375,0.0011096828151494265,0.0015233669721055776,0.15875977196265012,b447c7a5af46680ec86fd8fac8dfbada:0:0,8aa9ce08f286752d4f7a7321e5bf3373:0:0,0d8d0341cd6019f4b50c69e5492359f4:0:0,9c97c718a75ec8d2d88afbb4ecfd710e:0:1486309235,417ef1cfa3f49b8829dfba5fc57d0d0b:1:2525194401,10,1.0,0,0,0,0,0,0,512,0,0,512,0,0,246,0,0,266,0,0,512,1.2630836963653564,71.08367156982422,0,0
629,A,629,0.0038280223961919546,0.06108378618955612,nan,nan,512,0,0.0038280223961919546,0.06108378618955612,all_rows,512,0,0.0036922902800142765,0.08515625,-0.001177240104880184,0.0018110304896254092,0.16055808099918067,a74ef306d7051be9af8c855a9a3c86da:0:0,0590faa743e60104980ada4a87e622e0:0:0,f006f58253073c7955bb6c372f02a083:0:0,22a81dbf9ab194c0df56a8eee600550e:0:3472752309,d1f26f77034f1cb9877387a963af043d:0:512615950,10,1.0,0,0,0,0,0,0,512,0,0,512,0,0,255,0,0,257,0,0,512,1.2464485168457031,70.71099853515625,0,0
630,A,630,-0.006457480601966381,0.06881291419267654,nan,nan,512,0,-0.006457480601966381,0.06881291419267654,all_rows,512,0,0.005396608263254166,0.0609375,-0.001138040889054537,0.0023544844414573165,0.16124970908276737,90d03797e6f1522639d652a8d2d952da:0:0,8358568027fba036a5eda72636499ad4:0:0,ae2cc9961911531a89123184e86d364c:0:0,f048d39b019a975bb72da818ccc3390e:0:1985460284,8e31c1498b156660a71e1cbec04850d7:1:3916146390,10,1.0,0,0,0,0,0,0,512,0,0,512,0,0,249,0,0,263,0,0,512,1.2416248321533203,71.10652923583984,0,0
631,A,631,0.0047855377197265625,0.0621880441904068,nan,nan,512,0,0.0047855377197265625,0.0621880441904068,all_rows,512,0,0.005838536657392979,0.06796875,-0.0041838506236672405,0.0019396723306272178,0.16349893005099148,221f2308ab53f2b7e4b8e33172b61eda:0:0,09c0c996a0cc81c8056c8193c0f93212:0:0,107c10c83a532ea4ec67840b4cd6d9d8:0:0,d03b9c12d2c81ae71415dc96a1461d0e:0:3825747768,5f8aa4d4b5aacb2cd4eefcb07da69f07:0:413685526,10,1.0,0,0,0,0,0,0,512,0,0,512,0,0,284,0,0,228,0,0,512,1.2145861387252808,72.44646453857422,0,0
632,A,632,0.008192680776119232,0.056763384491205215,nan,nan,512,0,0.008192680776119232,0.056763384491205215,all_rows,512,0,0.009253272786736488,0.050390625,-0.0032601765589788554,0.001566942798672244,0.16075684793759137,957899a4de4dd134522f194079d2eada:0:0,3d42339dddc451878f82d82a81b4e132:0:0,26de89945a4c0b40453a00340f8ca9da:0:0,94b17bd87f909c164b7ae9cc6389010e:0:2699087080,565f8af70d01f8911eca1aa8ec285cfb:0:1294160452,10,1.0,0,0,0,0,0,0,512,0,0,512,0,0,259,0,0,253,0,0,512,1.2014930248260498,72.07701110839844,0,0
633,A,633,-0.01035299152135849,0.05819110572338104,nan,nan,512,0,-0.01035299152135849,0.05819110572338104,all_rows,512,0,0.0054916320368647575,0.041796875,-0.00324508345220238,0.0016629612364340574,0.16175583202857524,2af97b802caf5ceb14c31721e82fb6da:0:0,0813678ffc72bb42b56c67d54467880a:0:0,136c35a93c2a0b96cc3e4f508468ad97:0:0,93804af429872d60382e331e138be50e:0:2745224326,c80d9e58d0acb7d2a794245d8c8c3b77:0:1853970184,10,1.0,0,0,0,0,0,0,512,0,0,512,0,0,254,0,0,258,0,0,512,1.2731492519378662,72.8948745727539,0,0
634,A,634,0.0016752121737226844,0.055381253361701965,nan,nan,512,0,0.0016752121737226844,0.055381253361701965,all_rows,512,0,0.001990924822166562,0.0310546875,-0.0007628551684319973,0.0015180902439169586,0.16295488795731217,cb150e1cad58083d7b8e3f21bdcc82da:0:0,907686355ca8bcf6c8b65d6ff146bde2:0:0,a6541286158c8040ccdeaef199fb5468:0:0,15fdbaca7bc9b8131e66dbefb14ec90e:0:3898399497,fcb6a6cadce949605f93498ebb833b85:1:1179377288,10,1.0,0,0,0,0,0,0,512,0,0,512,0,0,267,0,0,245,0,0,512,1.3438913822174072,72.49951934814453,0,0
635,A,635,-0.004583917558193207,0.062495775520801544,nan,nan,512,0,-0.004583917558193207,0.062495775520801544,all_rows,512,0,0.0039827534928917885,0.0259765625,-0.0016402349108830094,0.001954434992512688,0.15947733505163342,03e33820886967365e39338bfaa94eda:0:0,261dd45d86f227d778bf677ba307f333:0:0,e9158b0eb238d8bf577bcc2b7b8c0d36:0:0,6847c44e7c6d1b288fc1c7a53cd1ad0e:0:791513529,2f5d7c3d7906171610e7c991a61dbd96:1:1342699350,10,1.0,0,0,0,0,0,0,512,0,0,512,0,0,254,0,0,258,0,0,512,1.3302044868469238,72.3928451538086,0,0
636,A,636,0.0007124135736376047,0.06969977915287018,nan,nan,512,0,0.0007124135736376047,0.06969977915287018,all_rows,512,0,0.0011303303763270378,0.0533203125,-0.0010024069575592875,0.002367274172138423,0.15998430491890758,d3cb548ecb9a0561e8fbd6ac9ec61ada:0:0,a744083060e279c6a96641d3788e09d3:0:0,8ea9d6102e23bf3db0515250290452a2:0:0,5d7c7be86a6b27d94f4199a2b614910e:0:4285378084,a2364b07a57bd97fdd8cfa0fc248cf64:1:140981014,10,1.0,0,0,0,0,0,0,512,0,0,512,0,0,256,0,0,256,0,0,512,1.3174376487731934,71.77410888671875,0,0
637,A,637,0.0049066003412008286,0.06361491233110428,nan,nan,512,0,0.0049066003412008286,0.06361491233110428,all_rows,512,0,0.008714703842997551,0.0685546875,-0.0033767097629606724,0.0019976877025328576,0.16124577494338155,c0cfe6d6a8f3f2e5689d4acfaa22e6da:0:0,71662f8750365ceb8a1a7d372e1e9509:0:0,920c0f23bc20d3222e3c1ba7726558b7:0:0,200245f07c767bf1354eb54c1d17750e:0:4279586032,f60a5a32dfd4cfbe8ddb35832cd087d5:1:3733683599,10,1.0,0,0,0,0,0,0,512,0,0,512,0,0,258,0,0,254,0,0,512,1.3084943294525146,71.48057556152344,0,0
638,A,638,-0.007306521758437157,0.05734876170754433,nan,nan,512,0,-0.007306521758437157,0.05734876170754433,all_rows,512,0,0.007497036829590797,0.0830078125,-0.004416400217451155,0.0016465123393572868,0.16015505592804402,9f51c8eb9d4b08d71673f2411cbfb2da:0:0,fc0d6c54886f5811120619e5b3987a62:0:0,67b0c0e7dd0bd6139d974c6fecbece08:0:0,cc4547f2151839e313b73e0571da590e:0:1329523864,f03c9713ca886d297f643b742b1a83b2:1:4119512702,10,1.0,0,0,0,0,0,0,512,0,0,512,0,0,265,0,0,247,0,0,512,1.3320361375808716,70.02206420898438,0,0
639,A,639,0.006962236016988754,0.06201736629009247,nan,nan,512,0,0.006962236016988754,0.06201736629009247,all_rows,512,0,0.005470813252031803,0.055859375,-0.0020248011220246553,0.001925035787280649,0.16316143400035799,2cc688783bb6e4d5e4656f4cf69c7eda:0:0,5ba05a2f9d16a6db51dbf3de721a7d88:0:0,ec08264244ea7f682730dc812d96264b:0:0,6ef7b841c07b9e9c99af1732b45d3d0e:0:2228515422,3a3aaa0f4f4bf087a8b3d6ba8a0a6a22:1:1788234277,10,1.0,0,0,0,0,0,0,512,0,0,512,0,0,244,0,0,268,0,0,512,1.333828330039978,68.72245025634766,0,0
640,A,640,0.0007191660115495324,0.05996749922633171,nan,nan,512,0,0.0007191660115495324,0.05996749922633171,all_rows,512,0,0.00647283811122179,0.03984375,-0.0014985971618443727,0.0017962797835934907,0.16097926103975624,49d5901c9b5c9be148e6a43f37b94ada:0:0,1ec1f33315e66f65934793a8cccdfa66:0:0,28bb5deaac7c6b2128fb8ab8073c2613:0:0,5bb056c6104b751a37cfe437e4a0210e:0:2907722161,6d2b54400b485416b1ded46a6688c836:1:3088286747,10,1.0,0,0,0,0,0,0,512,0,0,512,0,0,250,0,0,262,0,0,512,1.2465535402297974,68.86348724365234,0,0
641,A,641,-0.017174972221255302,0.06345301121473312,nan,nan,512,0,-0.017174972221255302,0.06345301121473312,all_rows,512,0,0.006715563125908375,0.0498046875,-0.000660882331430912,0.001969005371211097,0.16394654905889183,32da6d88a4d424710afbb363e01616da:0:0,2fa667818f57e93c91b9b9dedb84a759:0:0,f7207e42f46cf114b502a9e5028cd907:0:0,3b74e7292a0567bb0419087902a3050e:0:2329214391,9875fec42083f0c54e3e81aa8e1ff71b:0:3132780575,10,1.0,0,0,0,0,0,0,512,0,0,512,0,0,265,0,0,247,0,0,512,1.1970583200454712,69.39665985107422,0,0
642,A,642,0.009185354225337505,0.05952391028404236,nan,nan,512,0,0.009185354225337505,0.05952391028404236,all_rows,512,0,0.003883206518366933,0.039453125,-0.0007979172049090266,0.001776290306588635,0.16138495597988367,9d280521bc7577cd0e37ff06efb2e2da:0:0,594118b3740f7417c34522ccfeaa3c80:0:0,544761ff8cc772464c596b3b4c93e97f:0:0,7a15f5fe9c272f549defa75a0e65e90e:0:1225464171,c9db0ea866095cf20a591fea8aeaed4f:0:2219883320,10,1.0,0,0,0,0,0,0,512,0,0,512,0,0,254,0,0,258,0,0,512,1.1594940423965454,68.91217041015625,0,0
643,A,643,-0.004221389070153236,0.05583387240767479,nan,nan,512,0,-0.004221389070153236,0.05583387240767479,all_rows,512,0,0.014571414329111576,0.075390625,-0.005980861489661038,0.001562473684316501,0.15828544704709202,21d8cfc286d96aa51ebe2974668faeda:0:0,6cd509bb5eea41ac125abdc7e63e6256:0:0,d3481d1792cf65d73d599b2428cfe21e:0:0,aafd87bece99a007121ea43f07e8cd0e:0:3765591131,cdd1f8952e3b9d80e1375ee4e38335bf:0:3570284983,10,1.0,0,0,0,0,0,0,512,0,0,512,0,0,249,0,0,263,0,0,512,1.1968340873718262,69.72759246826172,0,0
644,A,644,6.702504470013082e-05,0.060344573110342026,nan,nan,512,0,6.702504470013082e-05,0.060344573110342026,all_rows,512,0,0.009834019467234612,0.041015625,-0.003648923011496663,0.0017997542570810765,0.1577624490018934,e3bb5702c4da3ce8bd4014f844ac7ada:0:0,7dbd2bd8189859dd67ad0313366536b2:0:0,9e6c902894887ccf763b9fef28f9e819:0:0,e7f389cf22bd93d0bed6a28bef2bb10e:0:2459279974,4df534e1cdef77d0843afed2f02dcf2b:0:1461680441,10,1.0,0,0,0,0,0,0,512,0,0,512,0,0,225,0,0,287,0,0,512,1.226662278175354,68.22083282470703,0,0
645,A,645,-0.012349876575171947,0.057928416877985,nan,nan,512,0,-0.012349876575171947,0.057928416877985,all_rows,512,0,0.006248237565159798,0.0865234375,-0.007818361092358828,0.0016048191871959716,0.15781303402036428,ec400854845fe0deeafee3de8a0946da:0:0,6d3b1caff0782f341ad26ddc9a835df7:0:0,6b9122280a398e62cc923254b6ba5728:0:0,dc20fb23977eb2e237ae05a4c42e950e:0:503123622,59a01ee62d8eb01d7217f218d098da3f:0:1504217262,10,1.0,0,0,0,0,0,0,512,0,0,512,0,0,269,0,0,243,0,0,512,1.2475308179855347,69.02873229980469,0,0
646,A,646,0.013318058103322983,0.05838633328676224,nan,nan,512,0,0.013318058103322983,0.05838633328676224,all_rows,512,0,0.0030152476392686367,0.075390625,-0.0012417596764862538,0.0016729443857911974,0.15970299707259983,5a7627232343f97df5caf87336a612da:0:0,bc802ce15f3edef1e3e8caad34797211:0:0,76d8ab10625a28c1ec1312174326b9e4:0:0,f105c35c85d019b229a0f0ed86f1790e:0:2320710416,af7ac58abcf67240c58194a80d445f26:0:609629765,10,1.0,0,0,0,0,0,0,512,0,0,512,0,0,255,0,0,257,0,0,512,1.335398554801941,68.4637222290039,0,0
647,A,647,-0.011871341615915298,0.0627785176038742,nan,nan,512,0,-0.011871341615915298,0.0627785176038742,all_rows,512,0,0.01168613601475954,0.0935546875,-0.007057111337780952,0.001936336699873209,0.1609648329904303,366121ffe19990034403f5024a82deda:0:0,e27e59c36dba093fd6e39a07f48361e4:0:0,ccd05207c82969779ec050ebd43cec4c:0:0,b7e51498c9f6dcd13f1147ca37745d0e:0:2593649684,27f207a1d1ed1acba5e2f65e8fc4b220:0:1975584888,10,1.0,0,0,0,0,0,0,512,0,0,512,0,0,240,0,0,272,0,0,512,1.3523706197738647,67.93560028076172,0,0
648,A,648,0.006220138166099787,0.05801420658826828,nan,nan,512,0,0.006220138166099787,0.05801420658826828,all_rows,512,0,0.01770865172147751,0.077734375,-0.003724915091879666,0.0016798102180473507,0.1572251069592312,917dd6c700a480cb2098bbd7c59faada:0:0,e1762b6f21b1b7144c6f3a04558571a2:0:0,ce8647efb52790ed4344faf11b173b35:0:0,fe20fd8a6e066a7e03c6ad9ed5b7410e:0:4224491561,212a9a90514bb34b6871c48f66c0c208:0:1128880990,10,1.0,0,0,0,0,0,0,512,0,0,512,0,0,252,0,0,260,0,0,512,1.3883373737335205,67.45792388916016,0,0
649,A,649,-0.0009609642438590527,0.05879829823970795,nan,nan,512,0,-0.0009609642438590527,0.05879829823970795,all_rows,512,0,0.02377242222428322,0.108203125,-4.6486477367579936e-05,0.0017092718568164854,0.1626541119767353,9a706587abcc9f6887076f3fa7fc76da:0:0,496866e1bf9c7fe961f230c86ef870cf:0:0,a13ae657a784f82c029ec5cdb8561b3d:0:0,cbd77eb1a9f2c9f8c8ee85cf61ba250e:0:2128589330,2ae8d2ee52abb25a9fe6e21f7ae86a54:0:61686668,10,1.0,0,0,0,0,0,0,512,0,0,512,0,0,249,0,0,263,0,0,512,1.399958610534668,68.47620391845703,0,0
650,A,650,0.0014023000840097666,0.05000884830951691,nan,nan,512,0,0.0014023000840097666,0.05000884830951691,all_rows,512,0,0.0054026697762310505,0.0220703125,-0.0002454653847962618,0.001246534861274995,0.16362486500293016,74c711d828d891fcef5d7185f19942da:0:0,d8a6968154ba10cfdbcf4165a8b9c54c:0:0,fcf93a18f4d67d2e0426faf47968f0a0:0:0,a79206f7cd9cb897891bf3bfdb7d090e:0:2752213208,e4b74db5e53fb389cd78890cd409668b:1:3890371736,10,1.0,0,0,0,0,0,0,512,0,0,512,0,0,253,0,0,259,0,0,512,1.4422905445098877,70.05021667480469,0,0
651,A,651,-0.003846267005428672,0.05858330801129341,nan,nan,512,0,-0.003846267005428672,0.05858330801129341,all_rows,512,0,0.0032558932434767485,0.0763671875,-0.002867860859259963,0.0016598772723227738,0.1568212480051443,05c55e1f0cbc63d01a3764f6a2760eda:0:0,4afe6f044f1456ba8f111ff665a167c9:0:0,54cb9d7aeb34a129402d5c123ac15059:0:0,adbbb139693ba499cc47dad442ffed0e:0:2107996297,5de55ee923d1fbaf20821f331f1cf7a1:1:2585271546,10,1.0,0,0,0,0,0,0,512,0,0,512,0,0,261,0,0,251,0,0,512,1.445671796798706,68.94341278076172,0,0
652,A,652,-0.006121163722127676,0.05997972562909126,nan,nan,512,0,-0.006121163722127676,0.05997972562909126,all_rows,512,0,0.003692441154271364,0.1,0.005327643547207117,0.0017485555552411824,0.15837169100996107,838404397247cf27dcc12bddba92dada:0:0,7070b5e05b235dcf8d75de0839a54da0:0:0,53414d38cdf42dc912608da63191a55d:0:0,249af5a4c88985bc8bd0de709842d10e:0:1498916117,eb86f8de27b2ced0c5ccb01070b6a6b5:1:2459054997,10,1.0,0,0,0,0,0,0,512,0,0,512,0,0,237,0,0,275,0,0,512,1.4050410985946655,69.66292572021484,0,0
653,A,653,0.006413440685719252,0.056417275220155716,nan,nan,512,0,0.006413440685719252,0.056417275220155716,all_rows,512,0,0.005293348804116249,0.043359375,0.0008945323061197996,0.00152881289832294,0.15738036402035505,739eb2c570003e5fecb5e88739efa6da:0:0,c50453ebb1ab54c1f16fa6a1c54ec5c0:0:0,f253fd6d51678af2d44dc69a5afc9124:0:0,0378bf279514938e167b61f8db45b50e:0:352575199,2bf68272f6604489634e175177a82248:0:2958175781,10,1.0,0,0,0,0,0,0,512,0,0,512,0,0,245,0,0,267,0,0,512,1.4418376684188843,69.36566162109375,0,0
654,A,654,-0.0035428516566753387,0.05489235371351242,nan,nan,512,0,-0.0035428516566753387,0.05489235371351242,all_rows,512,0,0.008972295559942722,0.0740234375,-0.005332891503348947,0.001505738019477576,0.15954877494368702,f16786374a728441ac5ffd3f208c72da:0:0,8271ec75afe657d1254b41e66e7c16d2:0:0,9f6105e86da456c6de3f4e05b6710b8c:0:0,3330f67c341ad981f47188d10c08990e:0:150762519,002eb6f5801a22fffacc1ce5ba918461:0:4209158672,10,1.0,0,0,0,0,0,0,512,0,0,512,0,0,250,0,0,262,0,0,512,1.4211668968200684,68.31187438964844,0,0
655,A,655,0.0007875588489696383,0.06384562700986862,nan,nan,512,0,0.0007875588489696383,0.06384562700986862,all_rows,512,0,0.007805885747075081,0.046484375,-0.0026231334544718266,0.0019963817729149015,0.15760943898931146,906a10bf20484b9bf6990c516e693eda:0:0,c7a7e4f84b33a125ecea8a5b98b6ee79:0:0,039a893999003fe5cc915a1b6631392e:0:0,ed5f99bd3453a8c4cb43365d2a8b7d0e:0:3281386499,6cbbed14777681544dc4a63f547e3124:0:1628835332,10,1.0,0,0,0,0,0,0,512,0,0,512,0,0,241,0,0,271,0,0,512,1.3331542015075684,68.74860382080078,0,0
656,A,656,-0.00490103755146265,0.05738019943237305,nan,nan,512,0,-0.00490103755146265,0.05738019943237305,all_rows,512,0,0.005508111324161291,0.0947265625,-0.006312926253303886,0.0015956036164425313,0.15856576000805944,062c6be40d6d3e1aeac9f80a23860ada:0:0,a73bba970540f3bc48da99312297a7d6:0:0,976e89e2b8d3cae4dce2c4f04e32d8c4:0:0,5b7960bae00ae7d041e60e0136ce610e:0:303790186,4870bc1bee62a229b1593b3c1797158c:1:1844018762,10,1.0,0,0,0,0,0,0,512,0,0,512,0,0,254,0,0,258,0,0,512,1.2617888450622559,68.89967346191406,0,0
657,A,657,0.009061046876013279,0.05562315881252289,nan,nan,512,0,0.009061046876013279,0.05562315881252289,all_rows,512,0,0.0021617256570607424,0.0234375,-0.0008074369281530381,0.0015095512208063155,0.15980730392038822,fcd44299028fe25fb8eae2b53fe2d6da:0:0,7b420a62adee14c08bf947908fb96da5:0:0,9c733ab258f8fba8d0f20864a3c9e1b2:0:0,3e1fbba4c7f23fbee4b5732130d1450e:0:4116821333,ed41f4aa5b534c00fb958b34a2a2aa41:0:3666867167,10,1.0,0,0,0,0,0,0,512,0,0,512,0,0,242,0,0,270,0,0,512,1.2120637893676758,67.64437866210938,0,0
658,A,658,-0.004699795972555876,0.056299835443496704,nan,nan,512,0,-0.004699795972555876,0.056299835443496704,all_rows,512,0,0.006902438588440418,0.032421875,-0.0012308948673307896,0.0015820742992218584,0.15719053405337036,0ee0026ece4a31586d832e9ec37fa2da:0:0,768ea5f86927738b9799ba63588acc2d:0:0,7279e90d1f4d77013dc623bb00bab596:0:0,c4a5aaeedb0c2760097289211894290e:0:2447892940,cfa3b596e70aae5cd2c16668d67fbe29:0:1518323246,10,1.0,0,0,0,0,0,0,512,0,0,512,0,0,261,0,0,251,0,0,512,1.2018436193466187,67.20973205566406,0,0
659,A,659,0.0020188370253890753,0.05980313569307327,nan,nan,512,0,0.0020188370253890753,0.05980313569307327,all_rows,512,0,0.005352742969989777,0.0486328125,0.0022913002409040927,0.001767995656700805,0.15792961500119418,f9c16e66153de2d7bda97e12ae5c6eda:0:0,4a3d74920e137b1cfce09f55839d4680:0:0,802655f0890648b6bd04321c2b3644d3:0:0,a2c584af6014cc0bb3443364ee170d0e:0:3415081921,50c752a9889cf8fd5576dfac1c20e311:1:3250503771,10,1.0,0,0,0,0,0,0,512,0,0,512,0,0,230,0,0,282,0,0,512,1.2367957830429077,67.48796081542969,0,0
660,A,660,0.0023510169703513384,0.060015831142663956,nan,nan,512,0,0.0023510169703513384,0.060015831142663956,all_rows,512,0,0.0052733104676008224,0.0404296875,-0.004651526361703873,0.0018025279336143286,0.161561383982189,9916a5c33670716cd303b35d00793ada:0:0,1a760e0dbda1136a3b398e45c81336b7:0:0,bce72c0473e260d6fdc4417883776455:0:0,acb73508e4ccd83676b71550b159f10e:0:185250469,034741b2de81a88e885a461d9a2fd88a:0:2333935535,10,1.0,0,0,0,0,0,0,512,0,0,512,0,0,244,0,0,268,0,0,512,1.2436531782150269,67.927001953125,0,0
661,A,661,0.0031520721968263388,0.06134264916181564,nan,nan,512,0,0.0031520721968263388,0.06134264916181564,all_rows,512,0,0.007782774046063423,0.061328125,-0.0035854606423527,0.0016822162258904427,0.1600683060241863,3dc155255932d57b17c6f0c9b9d606da:0:0,e7f156546b64adb51d5c40dcd1c0e7af:0:0,41ddc9e8d98d757d664c0f67fbab0ec2:0:0,9deae488f78a17c55dbd9248625cd50e:0:2167123333,3493d520d4e827f510820502d8a0284f:1:2110857358,10,1.0,0,0,0,0,0,0,512,0,0,512,0,0,252,0,0,260,0,0,512,1.2855499982833862,68.8759994506836,0,0
662,A,662,-0.004740442149341106,0.06006169691681862,nan,nan,512,0,-0.004740442149341106,0.06006169691681862,all_rows,512,0,0.007301717530936003,0.0283203125,0.0005449450109153986,0.0017829754273407162,0.158572286949493,7a71380121e0f79202b798a4da72d2da:0:0,5ca802716955be07bf46815c7014d3dd:0:0,8625c713970ad17f8627e2fa9dfc9f6f:0:0,fa6530ba3f71fa21cbafcdb0011fb90e:0:3341546536,7930110965597d0e8aa01e671b5458aa:1:4164195987,10,1.0,0,0,0,0,0,0,512,0,0,512,0,0,238,0,0,274,0,0,512,1.2912673950195312,70.38048553466797,0,0
663,A,663,-5.7584373280406e-05,0.05636954307556152,nan,nan,512,0,-5.7584373280406e-05,0.05636954307556152,all_rows,512,0,0.02732626534998417,0.06953125,-0.002723384601995349,0.0015744613483548164,0.1573371710255742,919f4c7ecac4da04e3294d3a624f9eda:0:0,ad996d72fd317f98f587d92268a15411:0:0,8bf5b46bcab16894512e206b58cda54e:0:0,03d8487e47c1f20d614baaeb8da29d0e:0:1653858965,ff919b0bb41b376139cbb51b7a7befcb:1:2360630305,10,1.0,0,0,0,0,0,0,512,0,0,512,0,0,279,0,0,233,0,0,512,1.277706265449524,69.95219421386719,0,0
664,A,664,0.0021579929161816835,0.0609237402677536,nan,nan,512,0,0.0021579929161816835,0.0609237402677536,all_rows,512,0,0.004559265449643135,0.05078125,-0.0019767674151808024,0.0018420979322399944,0.16229051002301276,56b2239a9e6979c2acfef0d6516c6ada:0:0,ace1203f63a71ab802c76e2adebc0f2b:0:0,b10cb25e8f4d5965004735fe63d7482e:0:0,4fd847191289b335e0b4cd5f07e5810e:0:2252830189,2ec07519d1812a55693f60fe958cdbac:1:1059651554,10,1.0,0,0,0,0,0,0,512,0,0,512,0,0,262,0,0,250,0,0,512,1.1871081590652466,70.7076187133789,0,0
665,A,665,-0.001119836699217558,0.04824080690741539,nan,nan,512,0,-0.001119836699217558,0.04824080690741539,all_rows,512,0,0.002931715454906225,0.07109375,-0.004620403703302145,0.0011626966908806935,0.16436081402935088,94518b4610a9666dc4aaa5c4a7c936da:0:0,b0eadf752df8a3c0bccda13779f85314:0:0,4107154bc180feadfd65bd18743feb5f:0:0,79b1162e473b4d891174986e6fe8650e:0:2739708445,6c7a84c88839e72a4e007c57ebc5c24d:0:2139401444,10,1.0,0,0,0,0,0,0,512,0,0,512,0,0,276,0,0,236,0,0,512,1.2201989889144897,70.09163665771484,0,0
666,A,666,-0.0004909479175694287,0.05449504777789116,nan,nan,512,0,-0.0004909479175694287,0.05449504777789116,all_rows,512,0,0.007871055975556374,0.04296875,-0.0002316055353730917,0.0014718254969920963,0.162275074981153,ec107026f3c511b3cb2dce51656602da:0:0,5a6f246d32671a5ecb97b9a10821ee27:0:0,e2a05fde44d954c30a2dfaf2fc8441d0:0:0,7e30f04591752648a47a2f7dc5ab490e:0:2847727245,f6dd2cf412082bf1b6673bbda5d528c9:0:97565261,10,1.0,0,0,0,0,0,0,512,0,0,512,0,0,244,0,0,268,0,0,512,1.2139759063720703,70.58303833007812,0,0
667,A,667,0.0007064920500852168,0.05049021914601326,nan,nan,512,0,0.0007064920500852168,0.05049021914601326,all_rows,512,0,0.004041959531605244,0.0423828125,-0.005013666918966919,0.001260694453958422,0.16127522301394492,aec7407186ccd5e56a190cc88a42ceda:0:0,d5d9164c4d9bf908e449d279875bbcc1:0:0,b78ffdbd01bb8da1216bbaae38831ca8:0:0,57ec52c18469cede181a75f1092e2d0e:0:1058964095,a175ae65f40366e090858a29e9d7dc6a:0:1277023418,10,1.0,0,0,0,0,0,0,512,0,0,512,0,0,265,0,0,247,0,0,512,1.279581069946289,71.88709259033203,0,0
668,A,668,0.006305797956883907,0.05468253046274185,nan,nan,512,0,0.006305797956883907,0.05468253046274185,all_rows,512,0,0.013818943873047829,0.0486328125,0.001310234609991312,0.0014829607214778661,0.16076326789334416,687f51395aaab3ce1f8c4376165f9ada:0:0,ac9e94881f013d5729cf321948ca2ab5:0:0,34f9c5bb07be48c9ce4a6dd691ae204d:0:0,3cd6c78a1749b96e9c100f2c3a71110e:0:1354842509,5bb6f43695dc207e562d159200e3320c:1:4232693814,10,1.0,0,0,0,0,0,0,512,0,0,512,0,0,250,0,0,262,0,0,512,1.3348511457443237,72.00782012939453,0,0
669,A,669,-0.001730009913444519,0.056015532463788986,nan,nan,512,0,-0.001730009913444519,0.056015532463788986,all_rows,512,0,0.02992098033428192,0.089453125,-0.0010226144455373286,0.0015763955423608422,0.16311526799108833,cde8cb744b17c7cc0a3694a609bc66da:0:0,ae6a606f05625a7f089351750681d07c:0:0,489ee7bd0dbe551fad57ed2a7fc610cb:0:0,38476c018f12cb2ef57b5e935973f50e:0:4169348336,439118e96470445f511b265631164aeb:0:246682250,10,1.0,0,0,0,0,0,0,512,0,0,512,0,0,236,0,0,276,0,0,512,1.2726728916168213,74.20075225830078,0,0
670,A,670,-0.0007396908476948738,0.0526503324508667,nan,nan,512,0,-0.0007396908476948738,0.0526503324508667,all_rows,512,0,0.0007421773625537753,0.062109375,-0.0033672271762043237,0.0013565746368840337,0.1607184320455417,6b4075ca08c97627b55662a4645932da:0:0,c5ee15eb764c9d42403bcc1c474db4fa:0:0,74e25e0f942056227b0212e70ac6be48:0:0,94607c306a29cc7762e2878a6636d90e:0:3496016043,1465b50764806684b9baa22e67e6d297:1:2641295545,10,1.0,0,0,0,0,0,0,512,0,0,512,0,0,234,0,0,278,0,0,512,1.2168877124786377,75.58715057373047,0,0
671,A,671,0.008842562325298786,0.0559486486017704,nan,nan,512,0,0.008842562325298786,0.0559486486017704,all_rows,512,0,0.01116122119128704,0.0396484375,-0.0007487535709515214,0.0014608379337005318,0.1600397330475971,ec894c29f2224eabe4b94fbd2635feda:0:0,7605101e56f768e46b944212fb1e14bc:0:0,b73e52074fee6ec0bb9ecd23bde571ca:0:0,69166e6aa221b69780316d7560b9bd0e:0:2785207930,e2b0f1e48c1dab33eaf2b22086fb31a5:1:1111737354,10,1.0,0,0,0,0,0,0,512,0,0,512,0,0,260,0,0,252,0,0,512,1.230210304260254,75.22431945800781,0,0
672,A,672,-0.0066129532642662525,0.05438417196273804,nan,nan,512,0,-0.0066129532642662525,0.05438417196273804,all_rows,512,0,0.008614565245807171,0.08671875,-0.002336185262538493,0.0014269784733187407,0.16405593394301832,1c4f3e0037b2a77d60bc3e3c4f52cada:0:0,97f9cd64f3080ebf1e4efaca04699000:0:0,b4b5526eb164dec5569ec5da1e66b866:0:0,837d55065814df6a2ab9b3b848fca10e:0:283672164,39cb1f9e2a3e64b9bb78d11ef1806ca3:1:543820495,10,1.0,0,0,0,0,0,0,512,0,0,512,0,0,234,0,0,278,0,0,512,1.2942174673080444,74.00886535644531,0,0
673,A,673,0.0007481332286261022,0.049502331763505936,nan,nan,512,0,0.0007481332286261022,0.049502331763505936,all_rows,512,0,0.00866305734962225,0.064453125,-0.00016044024378061294,0.0011986809287918732,0.1620753000024706,d00c9fc289d4ef32c24b506ddfaf96da:0:0,cbf18e44bdbb7e06381a609e85722f7b:0:0,d6f9e936d3612884d87f78b7ec4697e3:0:0,7b524911bff402a96532bdb71eff850e:0:2217615004,83ab93003addef4cd0be52e9cc2f509f:1:4143103955,10,1.0,0,0,0,0,0,0,512,0,0,512,0,0,261,0,0,251,0,0,512,1.2391502857208252,75.64695739746094,0,0
674,A,674,0.0017007149290293455,0.050269726663827896,nan,nan,512,0,0.0017007149290293455,0.050269726663827896,all_rows,512,0,0.007985925301909447,0.056640625,-0.006521273637190461,0.0012489570770412683,0.1602476630359888,ef02dc6bccb1b62c3ee1e89dd74c62da:0:0,48cdcd1e01e12519041384f70843d44e:0:0,1c9fc99bff200b39a7aef9a3995f94ee:0:0,04aa924bdf2f29023bb9aed5e2c2690e:0:529112655,c6bd07f9be29b44177465bcb5db5c22b:0:2920903118,10,1.0,0,0,0,0,0,0,512,0,0,512,0,0,249,0,0,263,0,0,512,1.2583938837051392,73.83751678466797,0,0
675,A,675,-0.0012215054593980312,0.05185120925307274,nan,nan,512,0,-0.0012215054593980312,0.05185120925307274,all_rows,512,0,0.006801959127187729,0.0310546875,-0.0009090404957532883,0.0013420423434581607,0.16364498890470713,9920bf5d8ff76f2b748aa91836292eda:0:0,5099445e18430be538c4729604cc856e:0:0,1d922b5440d7aab642981f0a0eab7cfc:0:0,260b15f9731c6ce8a7d16a7894454d0e:0:4081118527,07aca03a0f587570e8faf4c8cffc006b:0:4155189881,10,1.0,0,0,0,0,0,0,512,0,0,512,0,0,270,0,0,242,0,0,512,1.2217141389846802,74.53239440917969,0,0
676,A,676,-0.001970337238162756,0.05546993017196655,nan,nan,512,0,-0.001970337238162756,0.05546993017196655,all_rows,512,0,0.0023098988458514214,0.0359375,-0.002548154257237911,0.0014765254862140864,0.16118543001357466,36ad46fd4791e72b35df7428fc45fada:0:0,eb174ea1cc1ebc30cf8dbc9d5056d97c:0:0,21fa97a8ff771adc3518a0b00fa4aa2a:0:0,c5a84f8513809d2b746294033388310e:0:1841500164,51f0454d76def7ff98d7a4a7f05a5430:1:1245510802,10,1.0,0,0,0,0,0,0,512,0,0,512,0,0,271,0,0,241,0,0,512,1.1725307703018188,74.07125091552734,0,0
677,A,677,0.001434352365322411,0.056375522166490555,nan,nan,512,0,0.001434352365322411,0.056375522166490555,all_rows,512,0,0.004406990483403206,0.0671875,-0.007612712262198329,0.0015838506282307208,0.16260855505242944,ee1d544282ad747756096c1c29a2c6da:0:0,ac33b47010df1125e669a1d5266f05fa:0:0,20c31b4070962a118e1f638ae5b4ff0a:0:0,c8f1b32f659dbd4821bb8ed9c08b150e:0:2407377221,fcbc768185d1040255064620b9528080:0:1400136002,10,1.0,0,0,0,0,0,0,512,0,0,512,0,0,248,0,0,264,0,0,512,1.2091211080551147,74.89998626708984,0,0
678,A,678,0.0017959713004529476,0.048948317766189575,nan,nan,512,0,0.0017959713004529476,0.048948317766189575,all_rows,512,0,0.007901039905846119,0.0591796875,-2.112467773258686e-05,0.001175091543700546,0.160371856065467,aafcbb4a9e51dd0474c0f33dbe3f92da:0:0,601ced1129064ceb2dab54ccd4c1811a:0:0,68b4d59dc9725d542f5711dcc0761cac:0:0,9592dc69f42b637ec9907e603b4df90e:0:1316697299,a956e12ef849011c7bbea0d83ff442c4:1:2108813136,10,1.0,0,0,0,0,0,0,512,0,0,512,0,0,244,0,0,268,0,0,512,1.2213385105133057,74.2897720336914,0,0
679,A,679,0.0011233525583520532,0.06198069080710411,nan,nan,512,0,0.0011233525583520532,0.06198069080710411,all_rows,512,0,0.0054113734513521194,0.043359375,-0.0012660677544772624,0.0018472922616638242,0.16083136899396777,8e6834e5b0e0f407ca4dabd9ba1c5eda:0:0,51b6acb7101aaf4d744f1e70407d6965:0:0,69608c107ff82924b7977504844c7ec5:0:0,f0814ecd009cf4a602fb45faa3d0dd0e:0:664843130,e44052ce09f98c2d448f65208ad674a4:1:1738274625,10,1.0,0,0,0,0,0,0,512,0,0,512,0,0,257,0,0,255,0,0,512,1.1915453672409058,73.46620178222656,0,0
680,A,680,-0.004345996771007776,0.049670785665512085,nan,nan,512,0,-0.004345996771007776,0.049670785665512085,all_rows,512,0,0.004971001762896776,0.034375,-0.0024088975973427297,0.0012300282367505133,0.1638728609541431,567d78efabc4eecef386783c1d392ada:0:0,d4b6e19039325487f8ccd2ee70ac392b:0:0,28d246fdde27d19d01334c8429cf4eff:0:0,cc3ed9ee6219bdbec67b890cfa13c10e:0:2853982977,a1d1e5ea56360e144c4c3137d7f6e2e0:1:3716268268,10,1.0,0,0,0,0,0,0,512,0,0,512,0,0,265,0,0,247,0,0,512,1.171281099319458,73.01155853271484,0,0
681,A,681,0.0095650190487504,0.058043044060468674,nan,nan,512,0,0.0095650190487504,0.058043044060468674,all_rows,512,0,0.0032255076803267,0.0564453125,-0.0023583593312650917,0.0015490489662624896,0.16131131898146123,0da15d27f09a70d7bdd17ab0e795f6da:0:0,1497623b84f7782d7ba839e858494b34:0:0,f4bd455bac1465da4bd87d6eae2a915f:0:0,60eeddb5468aeb4851f6aafb3e16a50e:0:2622375473,74cf0c48c8bc701abfdc004dd2a7c7d4:1:3504193142,10,1.0,0,0,0,0,0,0,512,0,0,512,0,0,256,0,0,256,0,0,512,1.1447263956069946,72.66695404052734,0,0
682,A,682,0.0005053170607425272,0.06130696460604668,nan,nan,512,0,0.0005053170607425272,0.06130696460604668,all_rows,512,0,0.006036644801497459,0.093359375,-0.005269419599790126,0.0018725904577877373,0.16122181003447622,2bc93418d7224f27f32415841932c2da:0:0,a7974b9cbd85cde40de394bb724993e2:0:0,2f16efe724b71afb46fff1afa7a92ad7:0:0,b4f7be1c6a235e540cb7cf296fd9890e:0:2309500886,862727b95c178b6a225261ee7ccbafea:1:2423132736,10,1.0,0,0,0,0,0,0,512,0,0,512,0,0,260,0,0,252,0,0,512,1.1317293643951416,73.04912567138672,0,0
683,A,683,-0.006755702663213015,0.04981270059943199,nan,nan,512,0,-0.006755702663213015,0.04981270059943199,all_rows,512,0,0.008031335659325123,0.0443359375,-0.0026816223049536347,0.0012323577131610364,0.16064153390470892,4a54d37fe1470ae52602eb01b20f8eda:0:0,f1bad43ac3992c35af0c654eb191dbc9:0:0,d485dc9478112219534f87f61e2fa4a0:0:0,5969caaa19c55f596b6fd8fb8f5c6d0e:0:1690918088,21b9288cf740a210ae51551d2ce3d51b:1:193980541,10,1.0,0,0,0,0,0,0,512,0,0,512,0,0,251,0,0,261,0,0,512,1.1711088418960571,72.92808532714844,0,0
684,A,684,0.0032966393046081066,0.05553542822599411,nan,nan,512,0,0.0032966393046081066,0.05553542822599411,all_rows,512,0,0.011595317162573338,0.0646484375,-0.009990016696974635,0.0015407937171403319,0.1622089290758595,a5b9a1869a82032c7d81dd75b22c5ada:0:0,ff6f30561bab629b5ed81c852ba0e255:0:0,c2eec5c0d349b9a8b5e3db90eee3c831:0:0,5809b73b14aa2ec9d4356bd59c9f510e:0:3590266416,f441e943120142ac7dae9734f38f1516:0:1333523391,10,1.0,0,0,0,0,0,0,512,0,0,512,0,0,272,0,0,240,0,0,512,1.2284190654754639,71.77931213378906,0,0
685,A,685,0.009341946803033352,0.05611751973628998,nan,nan,512,0,0.009341946803033352,0.05611751973628998,all_rows,512,0,0.003239016979932785,0.058984375,0.005614613834768534,0.001567034557228908,0.16355166700668633,ee84cbfb5fec5e2a81440f2c198926da:0:0,733f1f0ef501d290b39e1f3de276949c:0:0,633c0f5dc12a9170693acaf486cdc7fe:0:0,f766811321af73648284eb1b97a2350e:0:2937278533,082850b308c277e7f4e44346caca446a:1:2134050045,10,1.0,0,0,0,0,0,0,512,0,0,512,0,0,253,0,0,259,0,0,512,1.2966315746307373,72.85518646240234,0,0
686,A,686,-0.0017149999039247632,0.056284721940755844,nan,nan,512,0,-0.0017149999039247632,0.056284721940755844,all_rows,512,0,0.008942515589296818,0.069921875,-0.0028919671196490524,0.001579629222396761,0.1600835439749062,64535c988e47a972e57be270e825f2da:0:0,845315e5d12956814d7aab2c6d5e2358:0:0,24895703ef3bb26b572d9b9b95f4ebc9:0:0,d9913c7becae864a6b407a318065190e:0:1159276979,b2d08931142fd66442bd224057919d28:0:3071556580,10,1.0,0,0,0,0,0,0,512,0,0,512,0,0,278,0,0,234,0,0,512,1.2885115146636963,73.72639465332031,0,0
687,A,687,-0.0010680455015972257,0.04885293170809746,nan,nan,512,0,-0.0010680455015972257,0.04885293170809746,all_rows,512,0,0.0022130017168819904,0.07890625,5.819336511194706e-05,0.0011787416879087687,0.16097334097139537,e88a3947d34a319856eaf9901e02beda:0:0,a8255916b81f1b9332c38035e6462bb3:0:0,353d28f20fc727c12a912751e219eb7c:0:0,e1a0cc9080419cd220affc7b56e7fd0e:0:254864342,8690ca02983f7984ead891b7b4575fc0:0:2519995170,10,1.0,0,0,0,0,0,0,512,0,0,512,0,0,255,0,0,257,0,0,512,1.301663875579834,72.50537872314453,0,0
688,A,688,-0.0012023869203403592,0.05623835325241089,nan,nan,512,0,-0.0012023869203403592,0.05623835325241089,all_rows,512,0,0.011105502024292946,0.093359375,-0.002025493327528238,0.001581817661644891,0.161968186032027,ab16472e9f7b110446e236d5bb1f8ada:0:0,8e6b71fb69226cb5e24b3d1bd189605a:0:0,977030d5edde3f404edb6152a2bbe117:0:0,08e3f029705ad01bb681155d1b2ae10e:0:1872279901,67f9bfac820484c6fcd07a25d16eb3f8:1:3038486349,10,1.0,0,0,0,0,0,0,512,0,0,512,0,0,261,0,0,251,0,0,512,1.2993245124816895,72.28450775146484,0,0
689,A,689,0.010849548503756523,0.0535636804997921,nan,nan,512,0,0.010849548503756523,0.0535636804997921,all_rows,512,0,0.003453592536970973,0.033984375,-0.0008421822916716337,0.0014055950741749257,0.16216887591872364,508ddb2ff5e9f60eb741bc8dbf7c56da:0:0,35ff4dd4f5f7388fd43727996fe83527:0:0,ab18a9a5fb586d00ceda4a106b586711:0:0,ac415c338a110264a5c7283acd2dc50e:0:2166941592,2ea99667d4e38d25496f6a1cad14ddb2:0:317520095,10,1.0,0,0,0,0,0,0,512,0,0,512,0,0,263,0,0,249,0,0,512,1.2235462665557861,74.02413940429688,0,0
690,A,690,0.0040769088082015514,0.057645730674266815,nan,nan,512,0,0.0040769088082015514,0.057645730674266815,all_rows,512,0,0.003309824736788869,0.0513671875,-0.002503779879771173,0.001630030560772866,0.1602775870123878,fdf0626f170ea0560678ed042b1922da:0:0,8feb10150f1ed18c28107452848ce8e3:0:0,a34a30501f5ffa5872e926792228a307:0:0,aa87cd109d06a21bb0fb58786cf0a90e:0:1513913730,94d29faea2258acc21a643e1cdc08af2:0:2071930881,10,1.0,0,0,0,0,0,0,512,0,0,512,0,0,279,0,0,233,0,0,512,1.2192198038101196,73.84967803955078,0,0
691,A,691,-0.008042695000767708,0.05314430221915245,nan,nan,512,0,-0.008042695000767708,0.05314430221915245,all_rows,512,0,0.010763412341475487,0.075390625,-0.0008366750087589025,0.0014137631806079298,0.16138740698806942,9a37b93dc41c1556bb866a84fdf5eeda:0:0,0c774adbe60a1bf9fd1d5177ce7b0874:0:0,63959ce6fdee172f0939025cf573f93e:0:0,bb170df7b2ce4ab4c7fc8979fa738d0e:0:305734391,b8341a11a06ed0f996a30a99f31b58c8:0:1109478870,10,1.0,0,0,0,0,0,0,512,0,0,512,0,0,262,0,0,250,0,0,512,1.2726389169692993,73.71569061279297,0,0
692,A,692,0.004819070920348167,0.05643443763256073,nan,nan,512,0,0.004819070920348167,0.05643443763256073,all_rows,512,0,0.002709006192162633,0.051953125,0.001686106133274734,0.0015852703189011663,0.16334244690369815,d837fec018138c4351f8175c3812bada:0:0,b8b309f66f563eb2086fd2155c8f903e:0:0,496810fc2800362df373f2c31e2c349a:0:0,7f16ee9fc8b1433cec0f5ea375b6710e:0:2047763557,042a444662bfc6667feb6653610bd2ff:0:3185611018,10,1.0,0,0,0,0,0,0,512,0,0,512,0,0,263,0,0,249,0,0,512,1.2597869634628296,74.89064025878906,0,0
693,A,693,-0.005078447517007589,0.0579572357237339,nan,nan,512,0,-0.005078447517007589,0.0579572357237339,all_rows,512,0,0.006456123199313879,0.05703125,-0.00176700078882277,0.001657257042825222,0.1607906409772113,4326d76f33e3111c05eb15d5d96f86da:0:0,0257c58fd9d78056fdafab3a25928295:0:0,4b1530339d7a3b96f280c425e13a9348:0:0,c421fcd5e03bdaae13de3b58deb9550e:0:3821444929,4dac832ffdff26b4396e14487c7d2635:0:1074802328,10,1.0,0,0,0,0,0,0,512,0,0,512,0,0,254,0,0,258,0,0,512,1.2802388668060303,74.51966857910156,0,0
694,A,694,-0.0025684393476694822,0.05154266208410263,nan,nan,512,0,-0.0025684393476694822,0.05154266208410263,all_rows,512,0,0.0077490429393947124,0.076171875,-0.0032874159980565308,0.0013105101941619068,0.16178770805709064,9cd200833adbdf06a00bc83de20c52da:0:0,2dab38af5457d71b924fa76dab3efcec:0:0,1d4cb56634864839c35299b191d43212:0:0,0b9f98f4faf3a2030f7942fe357c390e:0:1094301314,4aa4337eb663ea54a282f92bbf157bfc:0:2758425097,10,1.0,0,0,0,0,0,0,512,0,0,512,0,0,272,0,0,240,0,0,512,1.2811771631240845,75.52535247802734,0,0
695,A,695,0.00126529554836452,0.04535066708922386,nan,nan,512,0,0.00126529554836452,0.04535066708922386,all_rows,512,0,0.003909740597009659,0.0740234375,-0.002955225855112076,0.001013248335220851,0.16086344991344959,654ed22c5ccc71e64195d0e051e91eda:0:0,addc81f95c8906c99578daa1c8194921:0:0,f7693489f64bf169466b8944d1ee6d00:0:0,7bc3a18c559b840b6c5658f779ff1d0e:0:2979161108,9baef04c40cd085e4fc339cad194f8ea:0:440756162,10,1.0,0,0,0,0,0,0,512,0,0,512,0,0,239,0,0,273,0,0,512,1.263963222503662,74.71906280517578,0,0
696,A,696,0.00023054436314851046,0.05840989947319031,nan,nan,512,0,0.00023054436314851046,0.05840989947319031,all_rows,512,0,0.007233832031488419,0.0240234375,-0.001001436123624444,0.001704252330819145,0.1623472449136898,6800d661eb0a4f33305412092905eada:0:0,28c1317d6cafd6e9babf73623709786b:0:0,76d6edf9f6fccccfaa7decec4d7ea6e0:0:0,b4097bd5f769baff595120a8ac42010e:0:3689601373,5a955f564230f40de7462a73542cc71e:0:1892437751,10,1.0,0,0,0,0,0,0,512,0,0,512,0,0,258,0,0,254,0,0,512,1.2771143913269043,74.56343841552734,0,0
697,A,697,0.004866031929850578,0.0514787957072258,nan,nan,512,0,0.004866031929850578,0.0514787957072258,all_rows,512,0,0.0034767375327646732,0.0267578125,-0.004348886711522937,0.0013044997351244092,0.1621539699845016,b07cededb5b78612a2a0ae046762b6da:0:0,cc674257d121b29ca2b33def6d748f72:0:0,65b315c402f7edef7c316e53617f0ba4:0:0,64c4abf56993a3d38aaafd75cc44e50e:0:3953356535,bd20bffacf43fce1fdece2811c64af44:0:3136792142,10,1.0,0,0,0,0,0,0,512,0,0,512,0,0,256,0,0,256,0,0,512,1.3169550895690918,73.11453247070312,0,0
698,A,698,-0.003193807555362582,0.06016712635755539,nan,nan,512,0,-0.003193807555362582,0.06016712635755539,all_rows,512,0,0.005070298910140991,0.0521484375,-0.0017058354802429675,0.001801057776901871,0.16409489989746362,5a489d392e8fe6ae8b65071e0cff82da:0:0,7ef2787a175dea2c106d68b8942ee80f:0:0,2ce3ab5ee5ee26ad2d52be38ce59ba45:0:0,cdca814c2b936f4d1e0b12c2da07c90e:0:846323250,c51d694832592faa9efcde6cf3bdf89f:0:3683803378,10,1.0,0,0,0,0,0,0,512,0,0,512,0,0,263,0,0,249,0,0,512,1.3059507608413696,73.83220672607422,0,0
699,A,699,0.006051656790077686,0.05600319802761078,nan,nan,512,0,0.006051656790077686,0.05600319802761078,all_rows,512,0,0.002887628972530365,0.05234375,-0.002456999663263559,0.001571015373338014,0.16234791208989918,500206410e89f0cd6619bfa219dc4eda:0:0,745f64d78f4d730f9c7590870c933807:0:0,685b87c27f07640554546799737217ae:0:0,39069087388bb0d57e7e43f3d58aad0e:0:2003639779,27a045c4a747f536648c593642c52bb3:1:1117885966,10,1.0,0,0,0,0,0,0,512,0,0,512,0,0,282,0,0,230,0,0,512,1.2507805824279785,74.72120666503906,0,0
700,A,700,0.003608555067330599,0.04562017321586609,nan,nan,512,0,0.003608555067330599,0.04562017321586609,all_rows,512,0,0.003573417430743575,0.020703125,-0.0005008874926716089,0.0010026163537986577,0.16484086704440415,485cccf37b9779aa02c6b9dc8df91ada:0:0,26bcbab85ba64d2c9d45224d764f38d9:0:0,64cf29c098ed3e54bd6baf50536dbc68:0:0,f0bece5eb22ccb0e4877346cbecd910e:0:2359272224,f140254823f8c399d98d791f4260b0ba:0:2362819958,10,1.0,0,0,0,0,0,0,512,0,0,512,0,0,236,0,0,276,0,0,512,1.2912237644195557,75.32032012939453,0,0
701,A,701,0.003401140682399273,0.05972350761294365,nan,nan,512,0,0.003401140682399273,0.05972350761294365,all_rows,512,0,0.0068583739921450615,0.0853515625,-0.00398476431146264,0.0015748901932965964,0.16289219504687935,28d2a71bebd2090b520318196955e6da:0:0,657453ae32e1fee706cdbdf8b40ca065:0:0,69ab5ef9f89bc91453886c3b166d3536:0:0,e4241b5685803a252dce479195d0750e:0:4113458056,8e3c3e4878da89a1e337f5c675091ed1:0:3250221806,10,1.0,0,0,0,0,0,0,512,0,0,512,0,0,266,0,0,246,0,0,512,1.2416913509368896,75.12704467773438,0,0
702,A,702,0.0020836414769291878,0.05650590732693672,nan,nan,512,0,0.0020836414769291878,0.05650590732693672,all_rows,512,0,0.003383053932338953,0.046875,-0.003909201920032501,0.0015427102451212704,0.1623718379996717,762ba8df435eed9c30f53ca4abf2b2da:0:0,363d916a15d1e0903348ab86a7c6acb1:0:0,f04582330d85291c6f23a20c76b31586:0:0,f548f2249dfdbbe7d9c1a0c65a93590e:0:1682609942,3905f48c8a7debbc24647eea4b114cb9:0:2618586502,10,1.0,0,0,0,0,0,0,512,0,0,512,0,0,264,0,0,248,0,0,512,1.1973683834075928,75.2906265258789,0,0
703,A,703,-0.0007981676608324051,0.05820895731449127,nan,nan,512,0,-0.0007981676608324051,0.05820895731449127,all_rows,512,0,0.015777844935655594,0.0701171875,-0.005002215318381786,0.0016839435789734124,0.1643916469765827,a95a7aa9ea5708833552c9ca55cf7eda:0:0,df2278f8da885374d16172f3c389b32f:0:0,cee6ad1c6d696a76948c439d2f695aaa:0:0,9779afb6fb4e5597d4f5236f0d163d0e:0:3484599108,4d7867782d7a1ded2ccb0445891dbfc8:0:4098141238,10,1.0,0,0,0,0,0,0,512,0,0,512,0,0,263,0,0,249,0,0,512,1.1849945783615112,75.83134460449219,0,0
704,A,704,-0.0052460916340351105,0.051682379096746445,nan,nan,512,0,-0.0052460916340351105,0.051682379096746445,all_rows,512,0,0.02623394876718521,0.1099609375,0.005667049204930663,0.0013411438267212361,0.1586128940107301,22d38d50d7fe503a7960a1d666ec4ada:0:0,4b387414483ea91c73f09699c05bdfc2:0:0,8a4adabc7c5fb5e4542c5a27a02fcd39:0:0,c1f89529be21377e697272efad59210e:0:3888518008,f2e02612687c4c17092bcb1c60c308a9:1:3166621920,10,1.0,0,0,0,0,0,0,512,0,0,512,0,0,258,0,0,254,0,0,512,1.1365584135055542,75.36507415771484,0,0
705,A,705,0.002911618212237954,0.05576541647315025,nan,nan,512,0,0.002911618212237954,0.05576541647315025,all_rows,512,0,0.0024169976823031902,0.0388671875,-0.0006328513845801353,0.001555703638587147,0.15808508393820375,16c41505d0970aa767f2e714df4916da:0:0,9ec019a8eb878196aad17fe88ae5d42a:0:0,430a667e9e6de72c5dfd912fd07986b8:0:0,170b315300767e4086a8f2ac3b5c050e:0:1955405343,44f1a87f683b481b3ebe030b6c5b2944:1:816823591,10,1.0,0,0,0,0,0,0,512,0,0,512,0,0,266,0,0,246,0,0,512,1.1708019971847534,73.37582397460938,0,0
706,A,706,-0.009710780344903469,0.05569038167595863,nan,nan,512,0,-0.009710780344903469,0.05569038167595863,all_rows,512,0,0.0038068832363933325,0.0384765625,-0.001268365024589002,0.0015546575305052102,0.15878152498044074,309e139e531cbe72886cfbd1bee5e2da:0:0,9dbc41946bc072406dfc7a4e1fe5fe02:0:0,ea315f138c7faf46689b92b873c8e074:0:0,47d750e00dc3d1f2a56dc608b71ee90e:0:2625532253,81a3c575bbc47191d0dbce69a775d27f:0:481403886,10,1.0,0,0,0,0,0,0,512,0,0,512,0,0,271,0,0,241,0,0,512,1.1647975444793701,72.79132843017578,0,0
707,A,707,0.001567660365253687,0.05824579298496246,nan,nan,512,0,0.001567660365253687,0.05824579298496246,all_rows,512,0,0.008789713494479656,0.079296875,-0.004805376415606588,0.0016917177534196525,0.1606019620085135,db92068bf432db9f4ac1825905c2aeda:0:0,62044692c4080b01f35747ffa7bee88c:0:0,325ac269e2576b1f97b863e8c30ea7e1:0:0,0082e9554f56e2ecabfbd06920a1cd0e:0:2876848444,09890d918bb1cea4864624ddd4d8be5c:0:603179603,10,1.0,0,0,0,0,0,0,512,0,0,512,0,0,264,0,0,248,0,0,512,1.1433460712432861,73.67965698242188,0,0
708,A,708,-0.0016510222340002656,0.05701415613293648,nan,nan,512,0,-0.0016510222340002656,0.05701415613293648,all_rows,512,0,0.002972566755488515,0.0427734375,-0.0012366802897304297,0.001614494260866195,0.15756334806792438,1f04e4c423931b63d3725cf6b3df7ada:0:0,49b29a3c9a6fdcf68e0b948a8c9db209:0:0,e2b40a55616dc4770d923cd1a8fbdb65:0:0,d324ac980159c45dd1f3b53177e4b10e:0:1905956715,c050f58a77b19fce4b69db049cd94f57:0:781118312,10,1.0,0,0,0,0,0,0,512,0,0,512,0,0,245,0,0,267,0,0,512,1.1276980638504028,74.57269287109375,0,0
709,A,709,0.0061149587854743,0.0594017393887043,nan,nan,512,0,0.0061149587854743,0.0594017393887043,all_rows,512,0,0.004893354140222073,0.067578125,-0.007342424476519227,0.0017259467858821154,0.16089122206903994,d919fcb499479740c790adf6c93c46da:0:0,6dabd181ebe5cf3405f2a948173e437d:0:0,34d5ac7070182bcbe92d610398418812:0:0,79120ffe84dd24a0845bd7c5bce7950e:0:3773482683,9cb44e7bf828df6c2260ce52b9a69104:0:1384324252,10,1.0,0,0,0,0,0,0,512,0,0,512,0,0,272,0,0,240,0,0,512,1.171613097190857,73.79541015625,0,0
710,A,710,-0.007517641875892878,0.05877776816487312,nan,nan,512,0,-0.007517641875892878,0.05877776816487312,all_rows,512,0,0.008608398027718067,0.064453125,-0.0024733067490160464,0.0017249003110919147,0.16531203698832542,dd43f240e7fc975918bcd7a545d912da:0:0,176f2fb64fcd0b17240718bfa480bb05:0:0,bf514bff1c083928c5faa191be32c62f:0:0,26bb9339e34c634e49a05b89efaa790e:0:540511716,138e50cbc182384cf1c3fd0a4e4be961:1:3726957276,10,1.0,0,0,0,0,0,0,512,0,0,512,0,0,264,0,0,248,0,0,512,1.1666395664215088,73.75494384765625,0,0
711,A,711,0.008216485381126404,0.052330806851387024,nan,nan,512,0,0.008216485381126404,0.052330806851387024,all_rows,512,0,0.004365948960185051,0.05546875,-0.005158126493915916,0.001331264025066048,0.1648183389334008,20be98a4f1b61809d1267c4e29b5deda:0:0,fc69fe52d327b0590633d8f1d5036366:0:0,6fbe7818a5822144f3daba10cf80afd8:0:0,6450f8c0d7af8513a59323e2102d5d0e:0:3245084384,6136c0843494a677435b26ea9ae582fe:1:1898219810,10,1.0,0,0,0,0,0,0,512,0,0,512,0,0,253,0,0,259,0,0,512,1.2282333374023438,74.3009262084961,0,0
712,A,712,-0.001782704726792872,0.050610072910785675,nan,nan,512,0,-0.001782704726792872,0.050610072910785675,all_rows,512,0,0.0054602352902293205,0.0916015625,-0.007466953410767019,0.0012152464711107313,0.15992670902051032,b214abf73c3506c1df8c7e3d74d2aada:0:0,a6b9f1418bc139c9c16ad3795ebd527f:0:0,e03f6cb83e15ef9bf3da3826bc2f5794:0:0,b294eaba721f0543fd6bd4321e70410e:0:3901146868,c03dec027bf416ad785ed1225f960106:1:1025516642,10,1.0,0,0,0,0,0,0,512,0,0,512,0,0,260,0,0,252,0,0,512,1.2622523307800293,75.4443359375,0,0
713,A,713,-0.010511359199881554,0.05552744120359421,nan,nan,512,0,-0.010511359199881554,0.05552744120359421,all_rows,512,0,0.0021400735713541508,0.0376953125,-0.0025423176120966673,0.001462284493027255,0.16038840997498482,c2a881e562583619e33cffbf272f76da:0:0,eb6f1e3f794a975c036b4f7ecea15ac1:0:0,c5243bd1600c795d930525c93d1b55ae:0:0,055a34bc29cd852d7bc7cfde1a73250e:0:3209625009,b97d5e43ad04f78248106fe72b2e29dc:0:3331463339,10,1.0,0,0,0,0,0,0,512,0,0,512,0,0,245,0,0,267,0,0,512,1.213200569152832,76.9813232421875,0,0
714,A,714,0.006343530490994453,0.048798687756061554,nan,nan,512,0,0.006343530490994453,0.048798687756061554,all_rows,512,0,0.0038465182296931744,0.0654296875,-0.007572833611629903,0.0011515746416989713,0.16429556801449507,90dda9241fc5092bf815631f40cc42da:0:0,7aeb8ae1c0fd283df14e2a423eaad636:0:0,c15e946664288fbbb2c7c1a5dfee97c2:0:0,99dc4c04f20b592cf4aa3a4a0436090e:0:1004074304,70ffeaf96f0bb62a421f4562e48dd6f5:1:3093695987,10,1.0,0,0,0,0,0,0,512,0,0,512,0,0,248,0,0,264,0,0,512,1.2146939039230347,77.26874542236328,0,0
715,A,715,0.0036408829037100077,0.048800788819789886,nan,nan,512,0,0.0036408829037100077,0.048800788819789886,all_rows,512,0,0.0010670077754184604,0.056640625,0.002165208221413195,0.0011326820706017316,0.16152232803869992,8e3b1aebb423d62b82824aa9c1a90eda:0:0,3bc335aeb957c0112b70106c5ef451b7:0:0,8657380ef06055fe4a43c192cf6d6ef1:0:0,b4415534a6a7f381c97bf6d9dbb8ed0e:0:527165688,95c3b1b4e2928293a23d40c8bc2aa40d:1:3807756596,10,1.0,0,0,0,0,0,0,512,0,0,512,0,0,250,0,0,262,0,0,512,1.192807912826538,76.72966766357422,0,0
716,A,716,-0.0159336868673563,0.05227351188659668,nan,nan,512,0,-0.0159336868673563,0.05227351188659668,all_rows,512,0,0.004503860604017973,0.040625,-0.00158518860116601,0.0012072782468749211,0.16214626200962812,b5ea19b89b3c003cfb7f98aaa9c5dada:0:0,cbd34117088343d8225885e376e377d1:0:0,6ef24265cf39fab98fed3e319de28be7:0:0,2ad52fd4e4152ce1cd0ba8f1a0fbd10e:0:2079979425,495bb241e1bb5716846233029e6875d6:0:3366990670,10,1.0,0,0,0,0,0,0,512,0,0,512,0,0,256,0,0,256,0,0,512,1.2261906862258911,76.48240661621094,0,0
717,A,717,0.014791660010814667,0.05348105728626251,nan,nan,512,0,0.014791660010814667,0.05348105728626251,all_rows,512,0,0.01975894533097744,0.098828125,-0.003601167444139719,0.0013708872313145549,0.16084393102210015,b4951c67d73bc88dbc986f6df922a6da:0:0,001dd5e37aad39768dfd56ba539a4f71:0:0,2efd9c20e8b44a23783164eba844e8f8:0:0,24b34d5e1fb06acd278db3f553feb50e:0:3783368575,7d28c267e47205a863fedea3c6798db0:0:1142362160,10,1.0,0,0,0,0,0,0,512,0,0,512,0,0,244,0,0,268,0,0,512,1.2334650754928589,76.23633575439453,0,0
718,A,718,-0.013692555017769337,0.053662173449993134,nan,nan,512,0,-0.013692555017769337,0.053662173449993134,all_rows,512,0,0.003666745964437723,0.0521484375,-0.0011083550052717328,0.0013439610076602549,0.15883184398990124,4a1c34a54a77d6abcbe7313fafbf72da:0:0,53678ec4c5fb93be0891a0823b2c21aa:0:0,e78170d7fae3e7eb5dfe522b1844eb8f:0:0,e2603ab99495a3a23a9c3b48f4c1990e:0:4227985760,d4c989f1983fc58767e6a7cb81b62190:0:2037502156,10,1.0,0,0,0,0,0,0,512,0,0,512,0,0,257,0,0,255,0,0,512,1.1875078678131104,74.77864837646484,0,0
719,A,719,0.004861494526267052,0.06401011347770691,nan,nan,512,0,0.004861494526267052,0.06401011347770691,all_rows,512,0,0.016635332256555557,0.1083984375,-0.005809123162180185,0.0019996027927845716,0.16111079300753772,37193b81ddee781da815806bcd9c3eda:0:0,3473135b9ac27b943ea3947b817a5005:0:0,9762c83b79c6872ff5e8c260319fadc0:0:0,9703c896596040718537225083447d0e:0:919675371,0d6bb9bed8868a7664eab30ea6c0955c:0:1294999894,10,1.0,0,0,0,0,0,0,512,0,0,512,0,0,277,0,0,235,0,0,512,1.2045533657073975,74.0356216430664,0,0
720,A,720,-0.003988088574260473,0.054164208471775055,nan,nan,512,0,-0.003988088574260473,0.054164208471775055,all_rows,512,0,0.004828881472349167,0.1130859375,-0.004870437504723668,0.001455411355709657,0.16118985298089683,1b05b6e671da973a145c3f3e52b90ada:0:0,ee670c6cb51f71f027def61b2acaaf24:0:0,d60fa6de4e29fb7e0e7b3de9118987a0:0:0,1649a83db33ddc9187c40c6fff87610e:0:4237061410,c27564df5da922b47966f956439bc69e:1:2643009074,10,1.0,0,0,0,0,0,0,512,0,0,512,0,0,252,0,0,260,0,0,512,1.2591395378112793,72.83294677734375,0,0
721,A,721,-0.01125154085457325,0.06831330806016922,nan,nan,512,0,-0.01125154085457325,0.06831330806016922,all_rows,512,0,0.00916300155222416,0.042578125,-0.00496421274729073,0.001921155140735209,0.15795474394690245,eb3ede77d5a2693fe48390033f15d6da:0:0,500d0e31aa3c79cf5b4957c6bfbf06a6:0:0,2943914911901e5388cdbec883c2b864:0:0,33281fe87ab6e2f2a80e5d0b698a450e:0:2143924836,b88f98f17d7fdbad200d3c4506a08a8c:1:2463231869,10,1.0,0,0,0,0,0,0,512,0,0,512,0,0,244,0,0,268,0,0,512,1.2355477809906006,72.59933471679688,0,0
722,A,722,-0.004107061307877302,0.05789485573768616,nan,nan,512,0,-0.004107061307877302,0.05789485573768616,all_rows,512,0,0.0023328466340899467,0.03359375,-0.0017882652347907424,0.0015753972809761762,0.16156454000156373,2661665f446dd3adc8e2d50692b2a2da:0:0,25885ee5fe27ee4366b1792af2fbcbc6:0:0,56ccc28afa29e51781d17d9489af8363:0:0,ecab2aed2691093315473786c14d290e:0:1032039804,c46eabb811b57c3035c471959e5a791e:0:1830209527,10,1.0,0,0,0,0,0,0,512,0,0,512,0,0,252,0,0,260,0,0,512,1.2710683345794678,73.94346618652344,0,0
723,A,723,0.0036589358933269978,0.06474769860506058,nan,nan,512,0,0.0036589358933269978,0.06474769860506058,all_rows,512,0,0.004205155186355114,0.060546875,-0.004047604743391275,0.0020986060902941973,0.1625897359335795,a1c6c24a23b088da1a60b0944d8f6eda:0:0,3b2b825a1d625c7d44dc2d229a532722:0:0,da14a8f223b8d9d03bd527b45a25929c:0:0,bd25ef73d12fa872ac057f4606d00d0e:0:543928319,00e24bbb4b71c45ee1b1e37ec18ed5cb:0:3780356293,10,1.0,0,0,0,0,0,0,512,0,0,512,0,0,277,0,0,235,0,0,512,1.2839473485946655,74.43396759033203,0,0
724,A,724,-0.0009262250969186425,0.05638103932142258,nan,nan,512,0,-0.0009262250969186425,0.05638103932142258,all_rows,512,0,0.011680968105793,0.04453125,-0.004558358271606266,0.001579119573580101,0.1578477449947968,cf906ad300f3dbcaa67304f86fac3ada:0:0,1439b88522187c044154097b9037b3a7:0:0,0c1d1cfaa016c7ff727b69d4fc2a58c5:0:0,5b94ecb34cd5f3e6da45d7ad3a12f10e:0:470524423,9c173cc09f956834a2c4c1f3ceb8a3a6:0:1721916311,10,1.0,0,0,0,0,0,0,512,0,0,512,0,0,253,0,0,259,0,0,512,1.3302748203277588,75.07762145996094,0,0
725,A,725,0.000453927437774837,0.05512702465057373,nan,nan,512,0,0.000453927437774837,0.05512702465057373,all_rows,512,0,0.008965583518147469,0.0619140625,-0.005392025876790285,0.0015132554923184215,0.160771775059402,a9e353650c2c4b4c7b1ef47ef90906da:0:0,219d8b6a6184a1eb376abcf314c6cfee:0:0,6033db539d294274970a1fabc6abd82e:0:0,cc48a2101b2f0d2e836aa4205b15d50e:0:1086720007,359b28b7cc8827177e8ab90ae918a47e:1:457857164,10,1.0,0,0,0,0,0,0,512,0,0,512,0,0,241,0,0,271,0,0,512,1.3671287298202515,74.37445831298828,0,0
726,A,726,0.004382669925689697,0.047412801533937454,nan,nan,512,0,0.004382669925689697,0.047412801533937454,all_rows,512,0,0.003921361640095711,0.046484375,-0.004725784133188427,0.0011176795320352539,0.16239220590796322,12fe2e8a8be6c44bb2f8e173e9a5d2da:0:0,3c9864b5fe73f0d75e7fd920670b55ca:0:0,bc922ec2cbadf0075f21857d4fb1ce2d:0:0,8ae2b0cbdc7ff665e43c080369d8b90e:0:761910234,0ffefa96b40b1f01daf72f6cc077e693:0:1520515775,10,1.0,0,0,0,0,0,0,512,0,0,512,0,0,258,0,0,254,0,0,512,1.4120631217956543,75.27043151855469,0,0
727,A,727,-0.0030655479058623314,0.05863434448838234,nan,nan,512,0,-0.0030655479058623314,0.05863434448838234,all_rows,512,0,0.004814235959202051,0.0515625,-0.001395920431241393,0.001707951008575037,0.16166892903856933,78f05a7608999b6b41246e2341829eda:0:0,b8ba4b2e46b5e1f912350f742e1e3566:0:0,d586dfe86718061a74dc2e578c6a10fa:0:0,b2069f498ae761fa76e7e6ba665b9d0e:0:2671692751,40eee1a27d6dd2394cb2b917f1930875:1:3662416988,10,1.0,0,0,0,0,0,0,512,0,0,512,0,0,240,0,0,272,0,0,512,1.3938989639282227,75.42101287841797,0,0
728,A,728,-0.002011424396187067,0.06559300422668457,nan,nan,512,0,-0.002011424396187067,0.06559300422668457,all_rows,512,0,0.0060981870628893375,0.042578125,-0.006321476865559816,0.002140695200068876,0.15908243192825466,ee2557752c653ddcbd547cd9009f6ada:0:0,02639f9f06bbdd23e4489a40c04df12d:0:0,f1272afcb039e07b16daa16782122849:0:0,1a9b6e40960f603ed701e3a9509e810e:0:3275123255,ed6f31b7f4bf6e790d7c41d1b207ccdd:1:40766664,10,1.0,0,0,0,0,0,0,512,0,0,512,0,0,259,0,0,253,0,0,512,1.3308782577514648,74.63140869140625,0,0
729,A,729,-0.004232101608067751,0.05390991270542145,nan,nan,512,0,-0.004232101608067751,0.05390991270542145,all_rows,512,0,0.01041432935744524,0.05234375,-0.003382978495210409,0.0014418904145713895,0.1619283970212564,b4f97ddb949099782fcb2fe126fc36da:0:0,cae8b5ba311e3826acbb9cb66fc4f46e:0:0,0f847295542d15cfc4cfc4d22d77bf81:0:0,4adc1d8eb3b4eabea583623428a1650e:0:1676426199,d529ef42ba26f59a3fafe9e6b12dfa21:1:808788056,10,1.0,0,0,0,0,0,0,512,0,0,512,0,0,283,0,0,229,0,0,512,1.3108090162277222,73.8819808959961,0,0
730,A,730,0.003955088090151548,0.05498400330543518,nan,nan,512,0,0.003955088090151548,0.05498400330543518,all_rows,512,0,0.005493614822626114,0.03828125,-0.0019313601776957511,0.0014940407301764936,0.16457236499991268,7b6048d3120d3c13dd59e987b49902da:0:0,17c5fdab03edbb1495f243a3630fe902:0:0,f3d88b75c2d79bdc2d58d24e037eb0e1:0:0,827b0fadf9694d526ccb85beee64490e:0:386729052,11e1b336464d1d1c985f9f00379a2e3a:0:1755046595,10,1.0,0,0,0,0,0,0,512,0,0,512,0,0,264,0,0,248,0,0,512,1.289663314819336,73.7176513671875,0,0
731,A,731,0.00241492479108274,0.06313002109527588,nan,nan,512,0,0.00241492479108274,0.06313002109527588,all_rows,512,0,0.0013579964870586991,0.0345703125,-0.0010005155811086297,0.001983939070487395,0.1624489560490474,3b8af75e164f2a1c13614c18a975ceda:0:0,81b1b735abbd690efd6e3b48e81989d1:0:0,0914628b625d629fd4f6f2ceab784dac:0:0,0a86f02a93f16cf3849f31ada1e72d0e:0:1669754977,ffae2c456aa566c495806506f88579ac:1:3562836615,10,1.0,0,0,0,0,0,0,512,0,0,512,0,0,245,0,0,267,0,0,512,1.2760651111602783,73.58251190185547,0,0
732,A,732,-0.0038577618543058634,0.05119948089122772,nan,nan,512,0,-0.0038577618543058634,0.05119948089122772,all_rows,512,0,0.014626671560108662,0.0423828125,-0.0011210812255740166,0.0013157321198377758,0.16177488898392767,eeb77cb849c46c6af3d139e005929ada:0:0,43ea576958351dc06f6e61fb867338dd:0:0,7bceb2468b05005cf960d3a56054a98b:0:0,fb4f5ac930a6ec4ff6290964432a110e:0:899239605,a6c4207e273ca038b810d24386cc4719:0:517011571,10,1.0,0,0,0,0,0,0,512,0,0,512,0,0,246,0,0,266,0,0,512,1.316694974899292,73.80314636230469,0,0
733,A,733,0.0018437085673213005,0.059304799884557724,nan,nan,512,0,0.0018437085673213005,0.059304799884557724,all_rows,512,0,0.00817946158349514,0.0966796875,-0.0066006147302687165,0.0017420411517377944,0.15984597301576287,ff1bbd20893855604128d529c8ef66da:0:0,2500bd146b705cff712582c7bef2c079:0:0,eb5fa6af79368767edea6f4aea770e3a:0:0,b5fbfe64ed3f2e1e5ff97046d22cf50e:0:1897003166,b0fe7eb7ed6f8159cd8e9572caec3d99:0:3159521339,10,1.0,0,0,0,0,0,0,512,0,0,512,0,0,257,0,0,255,0,0,512,1.326176404953003,74.09162902832031,0,0
734,A,734,-0.005627676844596863,0.05682937800884247,nan,nan,512,0,-0.005627676844596863,0.05682937800884247,all_rows,512,0,0.009203161112964153,0.05625,-0.005638315016403795,0.0016232237219810485,0.16157812904566526,b47fe3f6c76e7d392a768041f38c32da:0:0,73a741b309a9bd98c945c61dffe7665a:0:0,3a8c1a51fe16a4e22873c9b8ab93e862:0:0,28a257e1625c3531da0689b94eefd90e:0:268216631,27dc12456835d54079585c5495f2b9d9:1:1286554151,10,1.0,0,0,0,0,0,0,512,0,0,512,0,0,259,0,0,253,0,0,512,1.2690911293029785,74.25071716308594,0,0
735,A,735,0.008473820984363556,0.06354387104511261,nan,nan,512,0,0.008473820984363556,0.06354387104511261,all_rows,512,0,0.0035918611101806164,0.0314453125,-1.5766569413244723e-05,0.002017345343483612,0.1630711229518056,bbcc3bf7904175a81757dd748568feda:0:0,70676ca6b8f4ced004bdb1081b58c327:0:0,396327f2b92a69846145515257736142:0:0,682466e31d4b624dd9ac391fb972bd0e:0:242733292,eba26cda860a6159ae76246b18a170f9:1:1964125287,10,1.0,0,0,0,0,0,0,512,0,0,512,0,0,268,0,0,244,0,0,512,1.3191074132919312,75.08341217041016,0,0
736,A,736,-0.007474764250218868,0.057588573545217514,nan,nan,512,0,-0.007474764250218868,0.057588573545217514,all_rows,512,0,0.0076319370418787,0.0630859375,-0.005328240757808089,0.0016469963826239108,0.16283270705025643,6bd35a3e2a9134ac73f9cf0d7e85cada:0:0,4a2ecf98aed0c7e6fce3a2e6d08095e8:0:0,33741794ab161102a653da2401bb43c0:0:0,08c5e7569d560fba15ac21de11b5a10e:0:123367842,55c5902037afadfa6a65fc51e0879245:0:1107163645,10,1.0,0,0,0,0,0,0,512,0,0,512,0,0,265,0,0,247,0,0,512,1.3067631721496582,75.50186157226562,0,0
737,A,737,0.00010428787209093571,0.05186093598604202,nan,nan,512,0,0.00010428787209093571,0.05186093598604202,all_rows,512,0,0.005015257280319929,0.0357421875,-0.0015948552871122956,0.0013327466615010053,0.16229763301089406,9038a095964d36aa7d187758dee296da:0:0,18d277d19ad5923eec9b555c2dd8b0b7:0:0,25cb9e79ea144a6517b806e7a12b32d3:0:0,b2eda823a9080a966a2da75857b8850e:0:4156549896,0d53ccee8176e78f9f9c8472a7ea49f8:0:4065978643,10,1.0,0,0,0,0,0,0,512,0,0,512,0,0,268,0,0,244,0,0,512,1.2339801788330078,75.41411590576172,0,0
738,A,738,-0.004250196740031242,0.06112660840153694,nan,nan,512,0,-0.004250196740031242,0.06112660840153694,all_rows,512,0,0.006414983421564102,0.0767578125,-0.009735676692798734,0.0018803531536832451,0.16199167305603623,55bd1b7fe3e657c30bff38a2a67f62da:0:0,58d96c2c3139980aa7bc21c8f6d2a7ae:0:0,99140ef659a612312cbf892935ef36ad:0:0,8ab588c08fcfe9eebcbdecf28b7b690e:0:2167218232,787ca29b1eda2d39c95852536b06dc09:0:3614688450,10,1.0,0,0,0,0,0,0,512,0,0,512,0,0,251,0,0,261,0,0,512,1.2215304374694824,76.45469665527344,0,0
739,A,739,0.01736670359969139,0.060506485402584076,nan,nan,512,0,0.01736670359969139,0.060506485402584076,all_rows,512,0,0.00658794492483139,0.048046875,-0.0036794975399971007,0.0016537378425709904,0.16256190300919116,78b98c3aa274646b6288b536d55c2eda:0:0,8555a5cc6d36daa673ce6bd157ccf258:0:0,027ff0179133afab0b3069dddacbf3fb:0:0,ec7d7caeac5d438ee04fd610acfe4d0e:0:2253739968,a7933dc7badce8ea1623a247be6a5d24:1:3221379930,10,1.0,0,0,0,0,0,0,512,0,0,512,0,0,259,0,0,253,0,0,512,1.2645450830459595,75.42211151123047,0,0
740,A,740,-0.009355766698718071,0.05492207780480385,nan,nan,512,0,-0.009355766698718071,0.05492207780480385,all_rows,512,0,0.004930051974952221,0.050390625,-0.00044375574216246603,0.001438087149290368,0.16322309197857976,165c06e661db6144f71ecf616b78fada:0:0,1eb52617823a3cbb63ac9b2a495215e4:0:0,37b9764e0e63d4b5c6cd2579f00d5a30:0:0,8c6cad3f3c20be96793c0616bc41310e:0:806105587,c5180701198cf4ff1fb418950884c18c:1:264898692,10,1.0,0,0,0,0,0,0,512,0,0,512,0,0,233,0,0,279,0,0,512,1.3208589553833008,76.33844757080078,0,0
741,A,741,0.019217953085899353,0.06494752317667007,nan,nan,512,0,0.019217953085899353,0.06494752317667007,all_rows,512,0,0.003215454053133726,0.0533203125,-0.0009486803319305182,0.001929103845031932,0.1603050840785727,82a1f0d6863c8a3540baa96e68d5c6da:0:0,f853f60cd4f0ea5861f27e13bffb319e:0:0,02d4b012b32ba9f4ad7aeffb89941eff:0:0,00676f55605203cce140e068b944150e:0:3777466173,d4e382a66fe6babc9ff78b1840224c56:0:2689462654,10,1.0,0,0,0,0,0,0,512,0,0,512,0,0,275,0,0,237,0,0,512,1.4144694805145264,76.9830322265625,0,0
742,A,742,-0.006415622308850288,0.06548365205526352,nan,nan,512,0,-0.006415622308850288,0.06548365205526352,all_rows,512,0,0.021078387275338173,0.0876953125,-0.007661191141232848,0.0021025481284596024,0.1614913890371099,4f3c5aede9ff08bd82e4a5a9cd7292da:0:0,f2f181affc0ec6beb32b723a0d2c167f:0:0,f7e5d3443137a6dd08a7f5995f92ffd5:0:0,f141442fdcdf8bb50b82886aa406f90e:0:2889663575,f26501f7e6a0abc081616a41932f60cb:1:809941863,10,1.0,0,0,0,0,0,0,512,0,0,512,0,0,272,0,0,240,0,0,512,1.4015623331069946,76.75253295898438,0,0
743,A,743,-0.0015857124235481024,0.06102304905653,nan,nan,512,0,-0.0015857124235481024,0.06102304905653,all_rows,512,0,0.0012707700952887535,0.047265625,-0.002511878591030836,0.0018183909181971104,0.15991890709847212,49d4afcc0bbc619299b4665f994f5eda:0:0,aa926a3aad63646db5dc53c2458e8e52:0:0,83e3ae121ed2f8580c6500c2ac54a76a:0:0,6e97819ae9ac4a61688ae1807c89dd0e:0:2763189728,37f126ab6f0ef46be7419963cdce52a6:1:913212805,10,1.0,0,0,0,0,0,0,512,0,0,512,0,0,237,0,0,275,0,0,512,1.2958850860595703,77.39110565185547,0,0
744,A,744,-0.0005196896381676197,0.06393687427043915,nan,nan,512,0,-0.0005196896381676197,0.06393687427043915,all_rows,512,0,0.0028519085608422756,0.0388671875,-0.0041182906832546,0.0019979266449809074,0.15929154597688466,a9c2756dc55c9974c5d0cddbcc6c2ada:0:0,96c7d4e345225229e2798951d43c090b:0:0,89df28bc0427ecd13d79bd6b1b58b4a0:0:0,f68b87402a7f3907ca498f0e42ccc10e:0:3859825267,0bb1a711903ab5437f33f4b405e630d7:0:488674537,10,1.0,0,0,0,0,0,0,512,0,0,512,0,0,275,0,0,237,0,0,512,1.2882870435714722,76.94493865966797,0,0
745,A,745,-0.0019883865024894476,0.05974049121141434,nan,nan,512,0,-0.0019883865024894476,0.05974049121141434,all_rows,512,0,0.010889142751693726,0.067578125,-0.0017087741522118448,0.001772263675229624,0.162226852029562,f57075c3c9ae1147786ffe6a66c8f6da:0:0,b064d67880af545f724da0636ddf5a7c:0:0,08cc71b60b50087fc7fb1720fcb1a555:0:0,7d429420a208bd554813f477f6cfa50e:0:2844668086,62b21f59d4ae6071e5715825b8a01092:0:242279303,10,1.0,0,0,0,0,0,0,512,0,0,512,0,0,242,0,0,270,0,0,512,1.291935920715332,77.878173828125,0,0
746,A,746,-0.008705402724444866,0.054048679769039154,nan,nan,512,0,-0.008705402724444866,0.054048679769039154,all_rows,512,0,0.008112425915896893,0.0568359375,-0.0019680755212903023,0.0014433386735618115,0.16038737003691494,5db001a065c519691f575a576865c2da:0:0,508ab9e4b7a8df2a76dd290810bf8efa:0:0,f83c683d32457285861771b9ef339c57:0:0,ed65609a3461ee8222a535219892890e:0:4161451893,aca2906398187d85668d6732786c7658:0:3929804417,10,1.0,0,0,0,0,0,0,512,0,0,512,0,0,241,0,0,271,0,0,512,1.2532793283462524,79.92578125,0,0
747,A,747,-0.0002080017002299428,0.05291847139596939,nan,nan,512,0,-0.0002080017002299428,0.05291847139596939,all_rows,512,0,0.0040536802262067795,0.0220703125,-0.0012894753832370042,0.0013829471718054265,0.15911902906373143,704c2d3d436f3c4af0db83eed1428eda:0:0,e834a878c1fc954c487dee827547ebf0:0:0,97ca88e2774eaaa5b0ade62967bb97ca:0:0,089296b00d69b825a81e346f28156d0e:0:3894618295,d3bfb4e07e49c3746127f844e20f3bb4:0:2227849668,10,1.0,0,0,0,0,0,0,512,0,0,512,0,0,237,0,0,275,0,0,512,1.2327319383621216,80.14639282226562,0,0
748,A,748,0.006147160194814205,0.05843726918101311,nan,nan,512,0,0.006147160194814205,0.05843726918101311,all_rows,512,0,0.00920816883444786,0.06953125,-0.0032053178641945125,0.0016977324325125665,0.16291247808840126,1a94dd792a064048b7e05d7ca15f5ada:0:0,3a8262505ab76bad2dd780d76a519a49:0:0,1fae13d09d09cb25407e9f461a691917:0:0,0a951ba2ff63daca180595c4a558510e:0:77865881,9ffa35a9c69ea63b4f92fa267949e1a7:1:528461455,10,1.0,0,0,0,0,0,0,512,0,0,512,0,0,236,0,0,276,0,0,512,1.2174526453018188,78.94934844970703,0,0
749,A,749,0.0034840598236769438,0.05954226851463318,nan,nan,512,0,0.0034840598236769438,0.05954226851463318,all_rows,512,0,0.005753368139266968,0.0564453125,-0.004566898848861456,0.0017634862568229436,0.16117327299434692,079240ccfaeee0c09fd9094cd8bc26da:0:0,bbb56e39925a7f427a1581b76a8f812f:0:0,496d44ab98d04a79d56a6fd78ec7a7e0:0:0,c9f1db3cae3dca408747bc86105b350e:0:2582556569,2170f4359dd5b7a06a0de94255e20199:1:961248541,10,1.0,0,0,0,0,0,0,512,0,0,512,0,0,257,0,0,255,0,0,512,1.2181708812713623,78.15648651123047,0,0
750,A,750,-0.0026042789686471224,0.06288349628448486,nan,nan,512,0,-0.0026042789686471224,0.06288349628448486,all_rows,512,0,0.002459751907736063,0.0296875,-0.002530710585415363,0.001964932947885245,0.1663909659255296,7b5cded6670f3e6b00c7e9ab7758f2da:0:0,bc90edcaafc7a5dd1f8b00f24f8c2c50:0:0,482df6db9b5babe78fe87134070220b0:0:0,11c866861bdd69b4c436cc17691e190e:0:2908744361,c300c085976072bc34e1ab41ea9c5183:1:1808039420,10,1.0,0,0,0,0,0,0,512,0,0,512,0,0,253,0,0,259,0,0,512,1.1835473775863647,77.10155487060547,0,0
751,A,751,0.0009684909600764513,0.05700988695025444,nan,nan,512,0,0.0009684909600764513,0.05700988695025444,all_rows,512,0,0.009250735864043236,0.066015625,-0.009207937493920326,0.0015956054558046162,0.16139590204693377,ecf4c5361a8906f22b3ea0e47d35beda:0:0,3902ff78ef6bc4ef40fb61b71490cc70:0:0,74bd377f1eaae10baed7033e60e5ab7f:0:0,69ce3cf7e9dda5813a8aa7dcafa0fd0e:0:2673222612,f0ab93cde99265a9cf25cf6c08f3cd36:1:4175809054,10,1.0,0,0,0,0,0,0,512,0,0,512,0,0,268,0,0,244,0,0,512,1.126948595046997,77.13491821289062,0,0
752,A,752,0.0008734908187761903,0.05669597536325455,nan,nan,512,0,0.0008734908187761903,0.05669597536325455,all_rows,512,0,0.01244884729385376,0.085546875,-0.004506297945044935,0.001602119771996513,0.16344182810280472,d123805e5c0353ca345e1143ea528ada:0:0,48d8d8ef52906ac2d5943f288960dfc6:0:0,ae956f73d139fa8654fd65ce8c842c44:0:0,3f1e0088651ceac2d760f339e3e3e10e:0:395956477,694bda2262718fa7dce6f2cfbea4de21:1:894722477,10,1.0,0,0,0,0,0,0,512,0,0,512,0,0,260,0,0,252,0,0,512,1.1516268253326416,75.40791320800781,0,0
753,A,753,-0.0003296382201369852,0.04515853896737099,nan,nan,512,0,-0.0003296382201369852,0.04515853896737099,all_rows,512,0,0.002227234886959195,0.0501953125,-0.0021061423234641553,0.0010022533271694556,0.16304890892934054,52b882ce5cd04048c1d65d15beaf56da:0:0,8a02c37d159928408950c5a00a29b50d:0:0,7cd70df83f8f61ec9a7e4416f7f71e5a:0:0,316a22512f817caced3d119305e6c50e:0:2586690931,fa05f14836d6381bc77505748bc7e7e4:0:4123250930,10,1.0,0,0,0,0,0,0,512,0,0,512,0,0,248,0,0,264,0,0,512,1.2262955904006958,75.95569610595703,0,0
754,A,754,0.005399156827479601,0.05062861368060112,nan,nan,512,0,0.005399156827479601,0.05062861368060112,all_rows,512,0,0.004472461994737387,0.0328125,-0.0017244210466742516,0.0012392432108754292,0.15889927803073078,1e065d15b73a36fcd5e6e6a5fa4c22da:0:0,2d8cea319c559f566d0b076d20c66bf7:0:0,137302ff1571b29615fbea3e7d1f59f4:0:0,f99dc6dc1c57a79d1808264c15a9a90e:0:2253881920,b311d13cbdfb05f773d49a99172869d3:0:3126504758,10,1.0,0,0,0,0,0,0,512,0,0,512,0,0,241,0,0,271,0,0,512,1.2497011423110962,76.17837524414062,0,0
755,A,755,-0.008656764402985573,0.0573764443397522,nan,nan,512,0,-0.008656764402985573,0.0573764443397522,all_rows,512,0,0.003002819372341037,0.0693359375,-0.0014675373211503028,0.0016130988718941809,0.1621145149692893,f630b4dad844f6469b5e50409d28eeda:0:0,36c5b147df42df5ff3e2e3b0a84131dc:0:0,a2d32a243f0eee95aed46ef3a5c7e3f0:0:0,bed6b67c93add1ef211114c9132c8d0e:0:1164640514,9e5168d7e9306f863edd4273d5154664:1:1215842899,10,1.0,0,0,0,0,0,0,512,0,0,512,0,0,248,0,0,264,0,0,512,1.2906466722488403,76.78825378417969,0,0
756,A,756,0.00913972593843937,0.05913693457841873,nan,nan,512,0,0.00913972593843937,0.05913693457841873,all_rows,512,0,0.002867358736693859,0.0365234375,0.0016889090649783612,0.0017565046960953622,0.16141236200928688,89d740fe522e4c2f319a7c31a745bada:0:0,858ce64029c305340a793e4786085446:0:0,6b782ae0eb7143b60fdc0c97d0681943:0:0,8aa8277091126a90e30c806dfe6f710e:0:1541359335,716420b3766d9d284199909099434d09:0:4075618835,10,1.0,0,0,0,0,0,0,512,0,0,512,0,0,256,0,0,256,0,0,512,1.3033183813095093,76.75028991699219,0,0
757,A,757,-0.0035867500118911266,0.060171302407979965,nan,nan,512,0,-0.0035867500118911266,0.060171302407979965,all_rows,512,0,0.004353113006800413,0.0640625,-0.000751875713467598,0.0017714978544972836,0.16212594392709434,f13934d454fa898078888cc518a286da:0:0,cf570e7ad5ed488a60f65abdd53bd8a8:0:0,08fc20ffee5c329197e059ac5f4c81fc:0:0,b3800cda1217b5562e14cc9ed772550e:0:72111710,0918107fb80a4bfef6cbcd7cc479cba3:1:2146760512,10,1.0,0,0,0,0,0,0,512,0,0,512,0,0,269,0,0,243,0,0,512,1.3076908588409424,75.71863555908203,0,0
758,A,758,0.004175262525677681,0.059558529406785965,nan,nan,512,0,0.004175262525677681,0.059558529406785965,all_rows,512,0,0.008250407874584198,0.0517578125,-0.0020016351249068976,0.0017683741927612573,0.16433020192198455,714e744cca58ac1cdca4e446f13f52da:0:0,79c52771db3c3b1215217752f1df6dcb:0:0,2e884d23c78cb9172a57ae6dd8602ac7:0:0,519756f78901750cabaa1cbf9e35390e:0:1153445795,506456b6ba21030fc9a9001c008a5fdf:0:3050113436,10,1.0,0,0,0,0,0,0,512,0,0,512,0,0,236,0,0,276,0,0,512,1.2679955959320068,76.89527893066406,0,0
759,A,759,-0.002747561316937208,0.04807256907224655,nan,nan,512,0,-0.002747561316937208,0.04807256907224655,all_rows,512,0,0.01619088277220726,0.0619140625,-0.0045270652044564486,0.00115286186337471,0.16042287996970117,94c8a6c1d22a409722fb2503311c1eda:0:0,156c77d47532ea4d18d7cb6c8dd606c7:0:0,838dda1c17972a36e7a47da5183ccc0f:0:0,f5c93657a800734fc2b2543452b81d0e:0:3151696671,2bbf6bb27d96169ffbe3609acc777d53:0:4080277250,10,1.0,0,0,0,0,0,0,512,0,0,512,0,0,228,0,0,284,0,0,512,1.3198555707931519,77.76077270507812,0,0
760,A,760,-0.0031790733337402344,0.06265667080879211,nan,nan,512,0,-0.0031790733337402344,0.06265667080879211,all_rows,512,0,0.003706894349306822,0.040625,-0.0002912563271820545,0.001955613528843969,0.16619490506127477,6cb5c6039cfafb0a35263145d838eada:0:0,f89c4b201edc96ea8e8045133a75dd6c:0:0,957a27702c7fb5bcb2b41af2cf6600ea:0:0,afc5fd1a995fe61c7b791660f4fb010e:0:1867363484,a57735f06983d9e69eda590f7c1cebc2:0:2139803545,10,1.0,0,0,0,0,0,0,512,0,0,512,0,0,269,0,0,243,0,0,512,1.3024555444717407,76.46983337402344,0,0
761,A,761,0.006930910982191563,0.051117803901433945,nan,nan,512,0,0.006930910982191563,0.051117803901433945,all_rows,512,0,0.010617747902870178,0.0779296875,0.0002793658059090376,0.0013282060564961285,0.1641484380234033,ddd81b17e1b40730ed502b5ae695b6da:0:0,d6b6d29ffbe39b4caffa4d812fade96a:0:0,31856e8a67ad7d78768f6bde9596c66d:0:0,c813a6a87908b32563afc6a984fde50e:0:402685821,611450b0ee5679a6198e290df63b3114:0:1833480824,10,1.0,0,0,0,0,0,0,512,0,0,512,0,0,250,0,0,262,0,0,512,1.267112374305725,76.07858276367188,0,0
762,A,762,-0.007539623416960239,0.06751801818609238,nan,nan,512,0,-0.007539623416960239,0.06751801818609238,all_rows,512,0,0.0045235659927129745,0.0419921875,-0.003800843982025981,0.0019817640306428073,0.158189237001352,4cf4ba026bd70fbde232758e5c3282da:0:0,1cf7cbb4445be9d88036b4361cbd8dd0:0:0,5d0a00d8e150dba441f7a3ac736067d9:0:0,37f05f9aa3be90e6726d887202c0c90e:0:3477220590,0f72c4a2e5bcd528f5ac7aa90d4555b4:1:2673596353,10,1.0,0,0,0,0,0,0,512,0,0,512,0,0,261,0,0,251,0,0,512,1.192479133605957,76.4127426147461,0,0
763,A,763,0.0027710008434951305,0.05329049751162529,nan,nan,512,0,0.0027710008434951305,0.05329049751162529,all_rows,512,0,0.009716793894767761,0.065234375,-0.004336809040978551,0.0014138275058940054,0.16000607295427471,ca9979cb7f8cfcf33315b22c390f4eda:0:0,c977c4c042ee861582854529b9a18e7d:0:0,5ca854bceebbc1dade39fb8374429d42:0:0,ab329ceb307b0578ec2f3f1e6e43ad0e:0:4250373674,2d7e19f05ad08e2b9cec1a33d924666b:0:135672384,10,1.0,0,0,0,0,0,0,512,0,0,512,0,0,274,0,0,238,0,0,512,1.211905598640442,76.04721069335938,0,0
764,A,764,0.004479644820094109,0.05553540214896202,nan,nan,512,0,0.004479644820094109,0.05553540214896202,all_rows,512,0,0.00482157850638032,0.05078125,-0.005301811988465488,0.0014703171444125473,0.1695847500814125,156e1dd810d46a7a53d1c3807d2c1ada:0:0,9506f352534f64056572a90ef1d3b982:0:0,1b549ec125156dba0d9b52982aeedc43:0:0,846e6ad3a84a432746d78e12c786910e:0:3085330708,55d0c02d880efca4e78f8fdbd78e6d9f:0:76144018,10,1.0,0,0,0,0,0,0,512,0,0,512,0,0,239,0,0,273,0,0,512,1.2208764553070068,76.69334411621094,0,0
765,A,765,-0.004319002386182547,0.051736410707235336,nan,nan,512,0,-0.004319002386182547,0.051736410707235336,all_rows,512,0,0.0029318451415747404,0.022265625,0.00010556676425039768,0.0013334337330888958,0.16374089592136443,7049e9870b1bd47bd8cdcbd72888e6da:0:0,76f6ed07e9acdff90f45dabed110cc9e:0:0,775b2a0a7c490fcdf788eeba5db2694a:0:0,bfb89919d10de2c10daed8b30e89750e:0:2203434761,97f34e12636fddcb662bab258c577c62:0:3212428557,10,1.0,0,0,0,0,0,0,512,0,0,512,0,0,258,0,0,254,0,0,512,1.2204880714416504,76.7130126953125,0,0
766,A,766,-0.00560963898897171,0.050996020436286926,nan,nan,512,0,-0.00560963898897171,0.050996020436286926,all_rows,512,0,0.008373468182981014,0.0353515625,-0.00206194375641644,0.0012808344792574645,0.1633964409120381,663f26e626937bf743002d7c3b25b2da:0:0,f313147875d6c4778a43496e7796edc8:0:0,29d9ef39caf7b6fbc121b73e8d20ad03:0:0,7a164bdf1f897baec5634263434c590e:0:1930726018,58c4f0b473bd17346087631f1aae83ef:0:1314090209,10,1.0,0,0,0,0,0,0,512,0,0,512,0,0,279,0,0,233,0,0,512,1.2429208755493164,77.82768249511719,0,0
767,A,767,-0.000711579923518002,0.05635092407464981,nan,nan,512,0,-0.000711579923518002,0.05635092407464981,all_rows,512,0,0.006645702291280031,0.0873046875,-0.00929534351453185,0.001573791669216007,0.16026899800635874,31d945300883025acbee8abbb5027eda:0:0,a24ad0c816bf8ecad0292112318f11e8:0:0,7f9a6fe73f49ffb7319270c979197c27:0:0,20c23d5d251d19c5d008ae8765cf3d0e:0:3421555347,f81644597830d9f35808df4451b45883:1:2155506804,10,1.0,0,0,0,0,0,0,512,0,0,512,0,0,245,0,0,267,0,0,512,1.187361478805542,79.56826782226562,0,0
768,A,768,-0.0016362073365598917,0.05236305668950081,nan,nan,512,0,-0.0016362073365598917,0.05236305668950081,all_rows,512,0,0.008011572994291782,0.041796875,-0.0028348153457045553,0.0013593637500889598,0.16520913899876177,9d281ba4abeebc5b31adc5e1961f4ada:0:0,5c1e4150fcc29f12365ca6a3d23b7af9:0:0,f6500479bfd7b6f17714e6130b0c83b7:0:0,a9b0a64f0d9190dc5118c0837612210e:0:3005145324,001a584bdb3757ef5fb8b0b8f5070a78:1:1604511987,10,1.0,0,0,0,0,0,0,512,0,0,512,0,0,244,0,0,268,0,0,512,1.2154816389083862,78.33557891845703,0,0
769,A,769,0.012269512750208378,0.058659713715314865,nan,nan,512,0,0.012269512750208378,0.058659713715314865,all_rows,512,0,0.010921727865934372,0.0552734375,-0.003996147867292165,0.0016475119686219842,0.1614291339647025,dd23912c4fd8bc0b82e20139de7c16da:0:0,a3806a30b2568ddaffdcba39c4e944a0:0:0,8f81261456cce5a84fb6327a8270d810:0:0,83df501e015aae1d1172dbbb7415050e:0:1968155411,f9e19fc0d7ad7e0ba0cf1843406ebacf:1:1689918990,10,1.0,0,0,0,0,0,0,512,0,0,512,0,0,243,0,0,269,0,0,512,1.1805094480514526,78.5262222290039,0,0
770,A,770,-0.006824502721428871,0.051076751202344894,nan,nan,512,0,-0.006824502721428871,0.051076751202344894,all_rows,512,0,0.0029149912297725677,0.0978515625,-0.004788261791691184,0.001281634031329304,0.1609792310046032,2bb6691468699234eabe9f108e18e2da:0:0,683646804a29bab70e79129bc9c1e4a1:0:0,2b14036ac7fbe60b3a55414e20df1c7d:0:0,f7c8c53c00b3471b635c23935fd7e90e:0:2762421626,bdb7d16ce3dc92a444ac371ea81df745:1:3437533058,10,1.0,0,0,0,0,0,0,512,0,0,512,0,0,274,0,0,238,0,0,512,1.1270396709442139,80.45545959472656,0,0
771,A,771,-0.0006592943100258708,0.05411743000149727,nan,nan,512,0,-0.0006592943100258708,0.05411743000149727,all_rows,512,0,0.016026226803660393,0.10859375,-0.0035354034043848515,0.0014531526656355708,0.16210424492601305,bf954115504cc6ee7d0641b1a4f5aeda:0:0,f1b8ab871c06137f3711508b5d05ae4f:0:0,c21a79d8d9d3a12c9fcbce0295c4efb6:0:0,447fe96e8bf726a7067f7b6f395acd0e:0:4124352768,a464a5b6eef53ef6239cc50b9b04a912:0:1589311691,10,1.0,0,0,0,0,0,0,512,0,0,512,0,0,258,0,0,254,0,0,512,1.1502025127410889,80.88143157958984,0,0
772,A,772,0.00680494261905551,0.06203095614910126,nan,nan,512,0,0.00680494261905551,0.06203095614910126,all_rows,512,0,0.004205318633466959,0.0634765625,-0.005682171112857759,0.0019328272261191159,0.16168073401786387,3f2fe4aeb78d0975020acb6923127ada:0:0,446aa0f33ba75885598e5d0b7d61f297:0:0,db3e680adfa7f2afee24edf3e957f984:0:0,b24c7d202d9ed7600bed86b3009db10e:0:3107115062,75b6fd992717761acc14ec972cb64665:0:1560904701,10,1.0,0,0,0,0,0,0,512,0,0,512,0,0,231,0,0,281,0,0,512,1.1078588962554932,80.44246673583984,0,0
773,A,773,-0.010021093301475048,0.05602434650063515,nan,nan,512,0,-0.010021093301475048,0.05602434650063515,all_rows,512,0,0.010213286615908146,0.095703125,-0.006394750066101551,0.0014812001958489419,0.16619097394868731,f3c6fdc80d3c1742c2ad5e83086f46da:0:0,4df7c3bb181c9e2e76f17c92ce6d1f0e:0:0,549c080472c4709cda75f202a31f5d2a:0:0,e5d92c25ba414c0aba1ca8c2b5a0950e:0:3804394375,50984147af86720ec160d8e76c50aff6:1:1843366175,10,1.0,0,0,0,0,0,0,512,0,0,512,0,0,269,0,0,243,0,0,512,1.0942665338516235,79.20506286621094,0,0
774,A,774,-0.0015025674365460873,0.05555770546197891,nan,nan,512,0,-0.0015025674365460873,0.05555770546197891,all_rows,512,0,0.002532104030251503,0.0548828125,-0.0038240475580096243,0.0014741079532541335,0.1611183499917388,da3eda6161325a67545e5d4b550c12da:0:0,9f79f4c034aee7a100582cdbc8f4b6ea:0:0,e4c2346ed90f3a9114389ac2c23e320a:0:0,c4e0c9b9daff65a370e905025863790e:0:3864904014,3191b53f7066cc1d0825df36020be8f3:0:1323539270,10,1.0,0,0,0,0,0,0,512,0,0,512,0,0,254,0,0,258,0,0,512,1.077154517173767,80.1707534790039,0,0
775,A,775,-0.0024490172509104013,0.055565837770700455,nan,nan,512,0,-0.0024490172509104013,0.055565837770700455,all_rows,512,0,0.004608264192938805,0.0359375,0.0008626255672425032,0.0014904666400980203,0.1659838780760765,3fe97b007b323f1f651d6a0e08e8deda:0:0,bba19120590811ff50b85daa024c86d8:0:0,8b6e54bf6e78bd192aa040fd0bf63665:0:0,048a40c736bd57328d947ed5e8e65d0e:0:1150230281,02f8b653509b383c8c51f39b72f4abf4:0:2393458120,10,1.0,0,0,0,0,0,0,512,0,0,512,0,0,261,0,0,251,0,0,512,1.0791125297546387,79.17776489257812,0,0
776,A,776,0.00016606948338449,0.05514077842235565,nan,nan,512,0,0.00016606948338449,0.05514077842235565,all_rows,512,0,0.005315912887454033,0.0783203125,-0.0026618926087394355,0.0014730318973306567,0.16362129908520728,e976656524bb40ac877967172405aada:0:0,7baf7cbb2e945b014501565251c32517:0:0,fa0bdba79913e43cc54379cf747876b7:0:0,d00988ef4e8de7604ec6b9a16729410e:0:4078232218,1c7df379b2dd9c49d3ad2ba449811969:0:1100980657,10,1.0,0,0,0,0,0,0,512,0,0,512,0,0,257,0,0,255,0,0,512,1.0977247953414917,77.8316879272461,0,0
777,A,777,-0.00020300777396187186,0.06067439913749695,nan,nan,512,0,-0.00020300777396187186,0.06067439913749695,all_rows,512,0,0.004843851085752249,0.0337890625,-0.0005832426249980927,0.0018409106880426407,0.1615673080086708,d8bdcaeee2d8ad6cfe9076b2a66276da:0:0,542cc8e766f26a2814821037de874bd3:0:0,5f37ebd5ed892226e858e60cc66ac200:0:0,a9679e11e1b38fc8b88d18c8d32c250e:0:3058477034,ddfc2801b940bfb081a228b0ff030b24:1:3154207372,10,1.0,0,0,0,0,0,0,512,0,0,512,0,0,271,0,0,241,0,0,512,1.0707927942276,77.60647583007812,0,0
778,A,778,-0.0023709465749561787,0.05224772170186043,nan,nan,512,0,-0.0023709465749561787,0.05224772170186043,all_rows,512,0,0.021484337747097015,0.1205078125,-0.01211730632930994,0.00132883183832746,0.1612464439822361,aa7671fd9d3822338a0ffb2c8fff42da:0:0,49fdf739a9deb6f4a7ab954304c7f2fa:0:0,f9eac83b0d73a4a629a76b8e216afed8:0:0,8444096e6d9b7a0f785abfb02cef090e:0:549075328,d81c302c968fcdc50f510c305cfedd67:0:888173353,10,1.0,0,0,0,0,0,0,512,0,0,512,0,0,244,0,0,268,0,0,512,1.066957712173462,77.68058013916016,0,0
779,A,779,0.00247012497857213,0.052419066429138184,nan,nan,512,0,0.00247012497857213,0.052419066429138184,all_rows,512,0,0.0034781564027071,0.05,0.0005374358966946602,0.001354126149090007,0.16313315101433545,3e527d75efd3bcdf323496d0e0dc0eda:0:0,139acaef408d821646bd1ffda98a287d:0:0,5b7ff34077c01d4e092307626333df07:0:0,f0b800cf1e365ab3c90891bb7471ed0e:0:2601064262,8a56ae135ca6c1b959b8b422608e5797:0:1326065035,10,1.0,0,0,0,0,0,0,512,0,0,512,0,0,273,0,0,239,0,0,512,1.0752888917922974,76.20208740234375,0,0
780,A,780,5.238782614469528e-05,0.05579176917672157,nan,nan,512,0,5.238782614469528e-05,0.05579176917672157,all_rows,512,0,0.004927151836454868,0.0755859375,-0.0022617726121097804,0.0015673414571210742,0.16578590299468488,f1bea571247c063313ca2beb98f8dada:0:0,3b51f1074ca68b36b202bc0255e0f8ed:0:0,16d42a260857f696b138b8c7e6bbccd3:0:0,c8fd7982431329a456d5324ea9b4d10e:0:317930153,c9d12cfbc7fad3dd12050f143e0420cd:1:150732415,10,1.0,0,0,0,0,0,0,512,0,0,512,0,0,270,0,0,242,0,0,512,1.045045256614685,77.09058380126953,0,0
781,A,781,0.004092711955308914,0.0544741153717041,nan,nan,512,0,0.004092711955308914,0.0544741153717041,all_rows,512,0,0.007635035552084446,0.0841796875,-0.006910910829901695,0.0013662678480613976,0.1634775650454685,2ed1b800118d92ee2c2bdcc8b855a6da:0:0,f022ab26551a215f751e47a4b6a6a5cf:0:0,367d2669c4e50ad8236b57ba459bc8b9:0:0,04dbca3d1d9fb893236504cdccb7b50e:0:2480891768,1f9f1980d475f222b27f69f909fa5cf4:0:2908471520,10,1.0,0,0,0,0,0,0,512,0,0,512,0,0,262,0,0,250,0,0,512,1.084343433380127,77.97278594970703,0,0
782,A,782,-0.0011715034488588572,0.05553463473916054,nan,nan,512,0,-0.0011715034488588572,0.05553463473916054,all_rows,512,0,0.003080070950090885,0.065625,-0.005112309381365776,0.0015371363260783255,0.1607840049546212,751f48c75b1e5c2325440bb43ef272da:0:0,feda517f3fada068e222c83c8b7200e5:0:0,1eaf1dda981386b3edcc327edc84b824:0:0,e7df98589cf3270969c22c9cdd7a990e:0:249192992,a6bfa963a81fb771aa8421dcc9b79b9b:1:1605424150,10,1.0,0,0,0,0,0,0,512,0,0,512,0,0,263,0,0,249,0,0,512,1.1211148500442505,78.96443176269531,0,0
783,A,783,-0.0031297015957534313,0.06040259823203087,nan,nan,512,0,-0.0031297015957534313,0.06040259823203087,all_rows,512,0,0.006753482855856419,0.0654296875,0.0011898387689143418,0.001799589511938393,0.16329189203679562,5858521ad3eeced0218c5afa2ccf3eda:0:0,2ec11c7ea078f9478a4406d2f149a984:0:0,83bc22c0eb424584d04308228db0e082:0:0,80ccd22e5b86343b825c8d1fdbfd7d0e:0:2155563317,4b7354273d06903e834d42be5bd1f536:0:3644994063,10,1.0,0,0,0,0,0,0,512,0,0,512,0,0,259,0,0,253,0,0,512,1.1133527755737305,78.11608123779297,0,0
784,A,784,0.0016379047883674502,0.05197882279753685,nan,nan,512,0,0.0016379047883674502,0.05197882279753685,all_rows,512,0,0.004857604391872883,0.090234375,-0.00012194968294352294,0.0013386558537604287,0.1617208559764549,402f321cfb6a92b6880dace681ec0ada:0:0,f4bcc2eca870d4566655eb0a92b27bfa:0:0,4949e9ce4d6979bb007ebfb64c93da5c:0:0,2f4761b1f33d6e9cc709c9bac840610e:0:4066183637,61eb8f87b69140b4f984ad81856ada57:1:4221232024,10,1.0,0,0,0,0,0,0,512,0,0,512,0,0,257,0,0,255,0,0,512,1.172913908958435,76.66992950439453,0,0
785,A,785,0.0007291430956684053,0.05653122067451477,nan,nan,512,0,0.0007291430956684053,0.05653122067451477,all_rows,512,0,0.01002449356019497,0.102734375,-0.0026158004999160766,0.001592132548103109,0.16237819101661444,0511e246d6050872d06023c53e48d6da:0:0,a64649a0f1a7f4a3e89905bbc4e48d62:0:0,f912cefa0d3d68782cd951c94886d48a:0:0,6e220fb87c294133770545d1a243450e:0:3443558307,3bebaf84770b8f25ee11dee2b8d9e821:1:2618513385,10,1.0,0,0,0,0,0,0,512,0,0,512,0,0,272,0,0,240,0,0,512,1.1587525606155396,75.9652328491211,0,0
786,A,786,-0.0038906936533749104,0.05501730367541313,nan,nan,512,0,-0.0038906936533749104,0.05501730367541313,all_rows,512,0,0.007059770170599222,0.04765625,0.0022281691897660496,0.0014831858163233847,0.16581277607474476,dd3d879b9d3d7ed44eab21e261e5a2da:0:0,f73a1ce7810cba83b2fb3556dee2471d:0:0,f9a76f5a8fd274446561552e01277049:0:0,42dac1b5ca5fdeac9af024c86a06290e:0:4154644522,49868dedab325fcfdf5c8c8c6bb9a863:1:4260046262,10,1.0,0,0,0,0,0,0,512,0,0,512,0,0,264,0,0,248,0,0,512,1.1502326726913452,75.38020324707031,0,0
787,A,787,0.0004201858537271619,0.05040007457137108,nan,nan,512,0,0.0004201858537271619,0.05040007457137108,all_rows,512,0,0.0022810380905866623,0.012890625,-0.00185369192622602,0.0012662342633120716,0.1626946870237589,74b185ab04971f74ffa54989ecc26eda:0:0,0d9c404474fcf3bc46ecd3591b2718bd:0:0,794899b9c8d905006cc06f9f466fbda9:0:0,3b47d10cbf550a2fe8d14a031f890d0e:0:478629466,ef999d5151c3180d5be8f76ed170d482:1:2385332208,10,1.0,0,0,0,0,0,0,512,0,0,512,0,0,235,0,0,277,0,0,512,1.1199065446853638,74.74180603027344,0,0
788,A,788,0.006402765866369009,0.05651376023888588,nan,nan,512,0,0.006402765866369009,0.05651376023888588,all_rows,512,0,0.006326029077172279,0.0423828125,-0.002748832106590271,0.0015659544209484012,0.16243875795044005,87de166410d0929154947d07dedf3ada:0:0,ee5c7a60fb2b29a3f95ebbd354f8eb4e:0:0,d9ba554aecd3ba1c50364c96d2097288:0:0,9f1bb465c313bdf3a81558e5c2cbf10e:0:241817,7ae4f7ed90901cfe514308bef87a1c5c:0:2745696904,10,1.0,0,0,0,0,0,0,512,0,0,512,0,0,277,0,0,235,0,0,512,1.0629321336746216,75.35569763183594,0,0
789,A,789,0.0018922066083177924,0.04767586290836334,nan,nan,512,0,0.0018922066083177924,0.04767586290836334,all_rows,512,0,0.008235828951001167,0.0564453125,-0.0033676425693556665,0.0011151106911711395,0.16100980690680444,f3d30c99bea75a1fff4ddea8383c06da:0:0,3f77567e25d382a0929dbbfdc137872a:0:0,361f484650d434cfd417b1e08519c71e:0:0,396a90d439bdaf90958eb4d453ced50e:0:3933909904,19cee887d7022dfd7ef244094dcdb4df:1:2308764338,10,1.0,0,0,0,0,0,0,512,0,0,512,0,0,258,0,0,254,0,0,512,1.053989291191101,73.8674545288086,0,0
790,A,790,-0.0020557462703436613,0.04850991815328598,nan,nan,512,0,-0.0020557462703436613,0.04850991815328598,all_rows,512,0,0.004370131995528936,0.0880859375,-0.004155014827847481,0.0011308823013678193,0.16214558097999543,ee6ed6f9f672e429be35d0b6f8d8d2da:0:0,633fee2ccf95cb55e47220a13de1bd8e:0:0,1ca12534940712f5f791237d2cf8800f:0:0,ac8889e989b4b215c7758132d291b90e:0:460022945,0d52f95a12305223c42349b160d8d540:1:2033071645,10,1.0,0,0,0,0,0,0,512,0,0,512,0,0,253,0,0,259,0,0,512,1.026126742362976,73.64588165283203,0,0
791,A,791,0.006196278613060713,0.060576122254133224,nan,nan,512,0,0.006196278613060713,0.060576122254133224,all_rows,512,0,0.003902330296114087,0.0728515625,-0.00635949494317174,0.0018196448625531047,0.16343990399036556,04dc151689e35461283ff58020b59eda:0:0,9278e950dc3b1e5e10824c477eaa4b94:0:0,8a5d86f170281c517fb217e8c272ba6f:0:0,6e27cd2a06d1f5dc9167a1653f149d0e:0:950868575,3cdc7d1439b307038d29037b828ba6d0:1:1135043562,10,1.0,0,0,0,0,0,0,512,0,0,512,0,0,284,0,0,228,0,0,512,1.0827223062515259,72.86992645263672,0,0
792,A,792,0.004640463273972273,0.058872271329164505,nan,nan,512,0,0.004640463273972273,0.058872271329164505,all_rows,512,0,0.007807519752532244,0.0689453125,-0.0026083717471919953,0.0017286001704633236,0.16197251295670867,9dcd17ff393004fa78ef2f4fafd26ada:0:0,e2a8b417eddff8fdfd2b3de5a60268d2:0:0,db2dd3d086ffc074bf2e48cfa09e1f82:0:0,20525eadd70f261c6868b8cf9957810e:0:306723558,1d734b9cae8adeadd7f315cf4e76c3a1:1:429195452,10,1.0,0,0,0,0,0,0,512,0,0,512,0,0,265,0,0,247,0,0,512,1.0687772035598755,73.10938262939453,0,0
793,A,793,-0.00023680849699303508,0.051478952169418335,nan,nan,512,0,-0.00023680849699303508,0.051478952169418335,all_rows,512,0,0.0026177652180194855,0.029296875,-0.002681995532475412,0.0013022692990489304,0.1625402809586376,16987bcafd01bec35c55a071a62f36da:0:0,a867894e2f9e7db01af6d1c3576cb7f2:0:0,adb00de8af75bdc7136fd00c451b4889:0:0,cb759a0da505643ec6e22ad5e15a650e:0:3962966295,64f7a8602f1e91646d8c1df58fc100d3:0:1875434372,10,1.0,0,0,0,0,0,0,512,0,0,512,0,0,270,0,0,242,0,0,512,1.082176685333252,71.56696319580078,0,0
794,A,794,-0.0077196029014885426,0.054902803152799606,nan,nan,512,0,-0.0077196029014885426,0.054902803152799606,all_rows,512,0,0.011866156943142414,0.081640625,-0.0037310084560886027,0.0014832742395810782,0.16125586407724768,2de0a74e1264a87abb14ab3203cc02da:0:0,421cd47f803d769883a9d5d98ee8cb04:0:0,5a6fe7418bd440bd34ea1d37bef6227b:0:0,53f42c10b4a620f310a31adc171d490e:0:3063927861,8b35f39e9f428ff900e99147bc95163d:1:1224074865,10,1.0,0,0,0,0,0,0,512,0,0,512,0,0,251,0,0,261,0,0,512,1.1075810194015503,72.27935791015625,0,0
795,A,795,0.0009811855852603912,0.05445094034075737,nan,nan,512,0,0.0009811855852603912,0.05445094034075737,all_rows,512,0,0.01625927910208702,0.0541015625,-0.0010643403511494398,0.0014660793327493592,0.16176699590869248,53096b19860ded68865cf1dcc8a8ceda:0:0,36ea81fbb88187614e0b709ce33159c8:0:0,4a1d53cf5fa71ec737a26aa7214df349:0:0,3056fee7ae91d30276e06c463aa02d0e:0:3770968937,b60f3f879e74270c146c0ff627af5061:0:2207108827,10,1.0,0,0,0,0,0,0,512,0,0,512,0,0,271,0,0,241,0,0,512,1.1491553783416748,72.19265747070312,0,0
796,A,796,-7.19225499778986e-05,0.057713575661182404,nan,nan,512,0,-7.19225499778986e-05,0.057713575661182404,all_rows,512,0,0.0012022607261314988,0.0455078125,-0.003766449773684144,0.0016831830842420458,0.16420510807074606,a6ab30c03c411b3583ee56bdf4c59ada:0:0,b07560c4748077bec63c7f69cf3730fd:0:0,c882410e6d5fca06b2402c6353f97490:0:0,b1fe2c1536708be3dc34c2784be3110e:0:3872905529,2e0018d105b534ce5e00055d3f0287d3:0:1672347651,10,1.0,0,0,0,0,0,0,512,0,0,512,0,0,256,0,0,256,0,0,512,1.127449631690979,73.30967712402344,0,0
797,A,797,0.0032930728048086166,0.055660177022218704,nan,nan,512,0,0.0032930728048086166,0.055660177022218704,all_rows,512,0,0.019040051847696304,0.0529296875,-0.0004541831556707621,0.0015272569784428925,0.16242561605758965,04b22f3cb2a137031a17fc21882266da:0:0,7adcfe3e7618d19b37cf606e6622d161:0:0,ff033dbf714f5142b5960216eed9de09:0:0,eee0847b20b06a0fb8a080d64ae5f50e:0:3355481517,c0519d86309508cf802f2271ca0156d5:0:3220699796,10,1.0,0,0,0,0,0,0,512,0,0,512,0,0,251,0,0,261,0,0,512,1.104377031326294,73.06907653808594,0,0
798,A,798,0.0007274829549714923,0.053469423204660416,nan,nan,512,0,0.0007274829549714923,0.053469423204660416,all_rows,512,0,0.0024440749548375607,0.041015625,-0.001278833206743002,0.0013921910373028367,0.16560772096272558,5c29e931f93989c31bb8445382bf32da:0:0,fd6f9d4d7b2961349d65753de887ba69:0:0,4422f9c748f7419e47886a05cdc404c2:0:0,553aa058dc0de913fd89cac437a8d90e:0:696315205,d989acf1f4c1f07fbdb615f058317642:0:4276356787,10,1.0,0,0,0,0,0,0,512,0,0,512,0,0,277,0,0,235,0,0,512,1.0534229278564453,76.01923370361328,0,0
799,A,799,-0.00020122577552683651,0.05374621972441673,nan,nan,512,0,-0.00020122577552683651,0.05374621972441673,all_rows,512,0,0.00431082583963871,0.0396484375,-0.0008624318987131118,0.0014235009846743196,0.16227132105268538,ea19d5a1a00a23cf943cd19fe49bfeda:0:0,da3cd1a372ef59b44ad2cfa6295b5da7:0:0,d753636858b9ff1aa670f86a888c3328:0:0,f7c5ae5d634a0f67f9bc83a6122bbd0e:0:1942581211,52dba4be1f94328d02185b97fc3b0b43:1:4087145740,10,1.0,0,0,0,0,0,0,512,0,0,512,0,0,254,0,0,258,0,0,512,1.0476956367492676,75.83850860595703,0,0
800,A,800,-0.004760683514177799,0.04829814285039902,nan,nan,512,0,-0.004760683514177799,0.04829814285039902,all_rows,512,0,0.016949433833360672,0.1015625,0.002623001858592033,0.0011217069608392195,0.1682673569303006,ab8f7b8f966417c293a28652adb8cada:0:0,7cce2509be3bc2246c45f5d15bca7095:0:0,5fc666db2b3f0c189c06af7da666f700:0:0,7fea6244cb727a003d6a4edfda6ea10e:0:574207516,87b6960d470b91caae79200e1859cc29:0:2947100401,10,1.0,0,0,0,0,0,0,512,0,0,512,0,0,248,0,0,264,0,0,512,1.045023798942566,75.81758880615234,0,0
801,A,801,-0.004014165140688419,0.05683765932917595,nan,nan,512,0,-0.004014165140688419,0.05683765932917595,all_rows,512,0,0.017647288739681244,0.119921875,-0.009871814167127013,0.0014910823781974613,0.1609240910038352,8e3c7cec39616c8dfa7584b7de1596da:0:0,52bb4fba447bdf145987c997f341b53f:0:0,28636c6eda43f15c9e70b48e4c0e4ae3:0:0,392570cf431f45a27e2a8fd59071850e:0:45161535,2feea308f4e3a31177538fba23e57728:0:2267748261,10,1.0,0,0,0,0,0,0,512,0,0,512,0,0,256,0,0,256,0,0,512,1.0262515544891357,78.0880355834961,0,0
802,A,802,0.004433471243828535,0.05497386306524277,nan,nan,512,0,0.004433471243828535,0.05497386306524277,all_rows,512,0,0.010996736586093903,0.0541015625,-0.0004998337943106889,0.0014671129931230098,0.16177852195687592,962c0cfc0ec4c6d345d12f1b75b262da:0:0,1be5ffad8af6a5f5e8adf263224665df:0:0,5f6b4c4e386b4436cf2c89ec58496695:0:0,a338f835170ad5f97afa69eb3434690e:0:3726851772,3152d4599e34dca636b1bc4cbf803802:0:1245740598,10,1.0,0,0,0,0,0,0,512,0,0,512,0,0,247,0,0,265,0,0,512,1.0854684114456177,76.70453643798828,0,0
803,A,803,0.006625786889344454,0.055108942091464996,nan,nan,512,0,0.006625786889344454,0.055108942091464996,all_rows,512,0,0.006983316969126463,0.0677734375,-0.0017704313155263661,0.0014838623290415853,0.16323053499218076,61431a53e98cc97b5b6027c9748f2eda:0:0,fea0253d71b7b78351958b41dedc4c86:0:0,36d1c472d4054bfd576d87eda68e923e:0:0,3591099110677a68e03cc084c5b74d0e:0:3140922734,6d4707b642febb51312344328ea4dfcc:1:2337051563,10,1.0,0,0,0,0,0,0,512,0,0,512,0,0,270,0,0,242,0,0,512,1.095577597618103,76.19831085205078,0,0
804,A,804,-0.00508516700938344,0.054015353322029114,nan,nan,512,0,-0.00508516700938344,0.054015353322029114,all_rows,512,0,0.009701507166028023,0.090625,-0.0064231565222144125,0.001415967708453536,0.1608676229370758,2dc10c5f75872d8e555c510ddaabfada:0:0,06f33e8a09c9e7efa05a41b5cb5d3954:0:0,a71ab8b96cb2e942b692bc4a256105fd:0:0,4b3141104156f0a12bba370644fa310e:0:812374050,569b4f253a36a2393ad488cc3dbc1138:0:1436027746,10,1.0,0,0,0,0,0,0,512,0,0,512,0,0,234,0,0,278,0,0,512,1.0774413347244263,76.9104232788086,0,0
805,A,805,0.0017890618182718754,0.04869750514626503,nan,nan,512,0,0.0017890618182718754,0.04869750514626503,all_rows,512,0,0.007511232513934374,0.080859375,-0.004739978769794107,0.0011821816035080702,0.1635544850723818,d70c5847672f914b4e8ecd34a808c6da:0:0,270e8020d7bbb717d6071a261a981318:0:0,04c0c25103509b718989b72264c7b860:0:0,5955f80c13e7c4f390a130d3b1fd150e:0:1799878439,4f8014ab54fbe8868726e48426c223e5:1:963410196,10,1.0,0,0,0,0,0,0,512,0,0,512,0,0,230,0,0,282,0,0,512,1.0852268934249878,76.68006896972656,0,0
806,A,806,0.001529234228655696,0.05452696979045868,nan,nan,512,0,0.001529234228655696,0.05452696979045868,all_rows,512,0,0.008538976311683655,0.0822265625,-0.0032410027692094446,0.001452620216878131,0.16412206506356597,22fe60ebcd25fe802e4ffe89dca592da:0:0,929d0606312b68d58daf4194c3e54123:0:0,47929a9096cbf679629b567edf8cdbc9:0:0,696d1d892ffc9065db85d1510cbff90e:0:3503971052,6914e73f6eddf374700a4bfb6e0bfd10:1:897816838,10,1.0,0,0,0,0,0,0,512,0,0,512,0,0,273,0,0,239,0,0,512,1.0691827535629272,76.81413269042969,0,0
807,A,807,0.008686069399118423,0.05668383464217186,nan,nan,512,0,0.008686069399118423,0.05668383464217186,all_rows,512,0,0.003514405805617571,0.0859375,-0.003168863942846656,0.0015919637109618634,0.1618520780466497,40dd1186408928217487875978825eda:0:0,c7c67bb4c9373edc8e03a91d30f012d2:0:0,4a82d2371937a568eb16f857cf129dbe:0:0,1ee926eb8c8114865661fbe25542dd0e:0:277942714,183bbe8debae5a13dfc56dcb086f8a64:1:3743415117,10,1.0,0,0,0,0,0,0,512,0,0,512,0,0,270,0,0,242,0,0,512,1.0779438018798828,75.03223419189453,0,0
808,A,808,-0.010153467766940594,0.05829660966992378,nan,nan,512,0,-0.010153467766940594,0.05829660966992378,all_rows,512,0,0.0034386268816888332,0.072265625,-0.006318809278309345,0.0016177396872080862,0.16136698599439114,897e6a66f1805f2205ac49ef7b9f2ada:0:0,a9d07a42e631660cf8f6bbbf9ac010dc:0:0,e96a6b62e332c908a5da07d5f0d3ecd2:0:0,2873d405c05134ffac9553eb8b85c10e:0:2086746529,0c1c8a76112190a9a2c000bcfdc37198:1:903582041,10,1.0,0,0,0,0,0,0,512,0,0,512,0,0,268,0,0,244,0,0,512,1.0742487907409668,74.06973266601562,0,0
809,A,809,0.0014457321958616376,0.0604020394384861,nan,nan,512,0,0.0014457321958616376,0.0604020394384861,all_rows,512,0,0.011136826127767563,0.050390625,-0.0006651788484305143,0.0017405064892955125,0.16034216701518744,6cf2cb1ecd413e8af6c46897e5fbf6da:0:0,b4bf3f79af3d7a7998327fae2baba087:0:0,1b4f3eee66f058aaa027afed96e6a871:0:0,a7eeaeff6735ceeccee53cd0af88a50e:0:400842421,ce09ff55aa4eb282a92d90ac535238ab:0:2382315299,10,1.0,0,0,0,0,0,0,512,0,0,512,0,0,280,0,0,232,0,0,512,1.0632295608520508,73.88855743408203,0,0
810,A,810,-0.003938209265470505,0.05525634065270424,nan,nan,512,0,-0.003938209265470505,0.05525634065270424,all_rows,512,0,0.02056526206433773,0.0849609375,-0.0025199075229465962,0.0014742297178599983,0.16347182099707425,0cc625483add0ed35965459eb798c2da:0:0,52b1fdecd195659df72497dd45c5637f:0:0,ac99f9c5f69aa1b1e909d36695979274:0:0,ab3c41e42f5b6decd77cd9f5c14b890e:0:75203641,c7e86a19a786ddff44f6c1f6d62b95db:1:1442298070,10,1.0,0,0,0,0,0,0,512,0,0,512,0,0,259,0,0,253,0,0,512,1.077136754989624,75.36714172363281,0,0
811,A,811,-0.005905502010136843,0.06010052189230919,nan,nan,512,0,-0.005905502010136843,0.06010052189230919,all_rows,512,0,0.013766048476099968,0.098828125,-0.009574869414791465,0.0017562206950969995,0.16567010700237006,51ae6eff2c21e07807b3834ff0758eda:0:0,fc64e71d0591c2d6d8003f2b6efd7e9a:0:0,f271eab4304034237851477e45b66855:0:0,0ebef102e3a6def6eded0ebec0ce6d0e:0:476741623,c92b3492fd6aba6e909d3cdb5e90fb91:1:2182244606,10,1.0,0,0,0,0,0,0,512,0,0,512,0,0,267,0,0,245,0,0,512,1.146284818649292,76.17902374267578,0,0
812,A,812,0.005711316596716642,0.04953599348664284,nan,nan,512,0,0.005711316596716642,0.04953599348664284,all_rows,512,0,0.015487429685890675,0.0998046875,0.0018457408994436264,0.0012069071526639163,0.1613925159908831,5f96a3f87fdb5dd3706303f790925ada:0:0,1fd286b721e06779a98b16d06ef01667:0:0,3a79dd267d10dd10f6604fe91a70b62b:0:0,df914299874ba0ee2b2c7e8fae11510e:0:2054696018,ed083e1e5c4051d480a2aaebc74ae03f:0:3042090675,10,1.0,0,0,0,0,0,0,512,0,0,512,0,0,268,0,0,244,0,0,512,1.171375036239624,74.28363037109375,0,0
813,A,813,-0.0027937775012105703,0.049427371472120285,nan,nan,512,0,-0.0027937775012105703,0.049427371472120285,all_rows,512,0,0.003936585038900375,0.048046875,-0.004137499537318945,0.00120224843849428,0.16068103001452982,2aa16807f2bf543562b6e9e197ef26da:0:0,22595da911c9d5d34ddb6aef063cc4b0:0:0,73a8f146d60c90bc78f222683ccdabf6:0:0,5c7719a1570832f57d978ccc8914350e:0:940570179,7a2892fb121ae3b9573e9fcdc99833fe:1:1846231324,10,1.0,0,0,0,0,0,0,512,0,0,512,0,0,226,0,0,286,0,0,512,1.1320492029190063,76.55587005615234,0,0
814,A,814,0.00688081793487072,0.05312078073620796,nan,nan,512,0,0.00688081793487072,0.05312078073620796,all_rows,512,0,0.0025528923142701387,0.1123046875,-0.00848592696711421,0.0013788563082925975,0.1539482979569584,a23cedc31c51f43ada81975a068bf2da:0:0,8eedaf9ee2ba0044a143ca28931402e0:0:0,c0b4ed243e52c26d1ab88a02f752522d:0:0,d7280ae3446c40838cf05cd951d7190e:0:3266433197,0754b206473e0624e56acb7b9663b439:0:4045356222,10,1.0,0,0,0,0,0,0,512,0,0,512,0,0,257,0,0,255,0,0,512,1.121427059173584,77.76658630371094,0,0
815,A,815,-0.006050626281648874,0.05270584672689438,nan,nan,512,0,-0.006050626281648874,0.05270584672689438,all_rows,512,0,0.002542814239859581,0.08203125,-0.006119782803580165,0.001377284195041284,0.16299208102282137,73f31fcf350dc965cc24aeacdc68beda:0:0,78368a8a9e84d289dbe66a89a3ead035:0:0,668c479437e27d572a0111791358e7a7:0:0,c19878d33f8cab369e5ed21a0859fd0e:0:2865313749,eb3c5185abecf87554c169cc8c6bf316:1:4283306569,10,1.0,0,0,0,0,0,0,512,0,0,512,0,0,257,0,0,255,0,0,512,1.1391736268997192,77.55623626708984,0,0
816,A,816,-9.707477875053883e-05,0.05534529313445091,nan,nan,512,0,-9.707477875053883e-05,0.05534529313445091,all_rows,512,0,0.00699298782274127,0.06953125,-0.004978446546010673,0.001531104149762541,0.16093447909224778,d5853346a31b68f4f091122619858ada:0:0,65bb59eece007ce73b245d86248255d5:0:0,cd4c5052d98b984a20d3bbc16807d60c:0:0,f2118c066389726878708ff2ac9ce10e:0:2786082636,b1f520a27e3e8a3feec6048a4d5d7715:0:1115895359,10,1.0,0,0,0,0,0,0,512,0,0,512,0,0,269,0,0,243,0,0,512,1.1018040180206299,78.43061065673828,0,0
817,A,817,-0.00577337434515357,0.050497207790613174,nan,nan,512,0,-0.00577337434515357,0.050497207790613174,all_rows,512,0,0.00816325657069683,0.0625,0.003033946454524994,0.0012166127155069262,0.15770885802339762,1c58bd828ae4d7fb9146e411bde256da:0:0,4fbc3df7e5b854179ac14d487cb38e86:0:0,4a901ee316b5197365c2814298f98eba:0:0,6af76b6dda4978824718f9c73e9fc50e:0:900686603,aaad0252cc65a91c95d46d42700ba7aa:1:3291421571,10,1.0,0,0,0,0,0,0,512,0,0,512,0,0,261,0,0,251,0,0,512,1.0948721170425415,79.55332946777344,0,0
818,A,818,0.008421234786510468,0.057834185659885406,nan,nan,512,0,0.008421234786510468,0.057834185659885406,all_rows,512,0,0.00729305250570178,0.0638671875,0.00011463919654488563,0.0016258945630397647,0.15784307196736336,2e862773e0d0a8b9545586bbc97f22da:0:0,9c5b105ce7c873f23ee12f0b9022932a:0:0,05e0d595bfef7007d526e508e992b954:0:0,85d148d60bd026107fb132fbbe62a90e:0:3671672719,204b1abaa03ee980a01ef5fe44caa6dd:1:1568691695,10,1.0,0,0,0,0,0,0,512,0,0,512,0,0,235,0,0,277,0,0,512,1.1074137687683105,78.54365539550781,0,0
819,A,819,-0.004902313929051161,0.04845571145415306,nan,nan,512,0,-0.004902313929051161,0.04845571145415306,all_rows,512,0,0.0016276712995022535,0.03671875,0.002231229515746236,0.0011320826597511768,0.1598207789938897,1734e496b970cf32085b9c703c5beeda:0:0,f491d16362612c0936c75bee4bd26001:0:0,0fe79941466ff93c4a93cd3dea849b0d:0:0,123feb7f6d90ea96c4f81ef42be58d0e:0:2372697944,ea2de83e9a1c58a831ec50020b2153b6:1:4033744676,10,1.0,0,0,0,0,0,0,512,0,0,512,0,0,255,0,0,257,0,0,512,1.1075108051300049,77.77354431152344,0,0
820,A,820,-0.0009703976102173328,0.04648518189787865,nan,nan,512,0,-0.0009703976102173328,0.04648518189787865,all_rows,512,0,0.005698411259800196,0.0203125,-0.004129623202607036,0.001071069503086619,0.16081780102103949,43a12b69d5712d057087077b1678bada:0:0,583c385118eda1cd0b53017fca46394f:0:0,98b8b7380e259d78c37badbef5b8717c:0:0,96cd5bfc06249b23cb1261148728710e:0:1141401425,90681a8074c6cd0888b49b04caba7e28:0:1273482034,10,1.0,0,0,0,0,0,0,512,0,0,512,0,0,236,0,0,276,0,0,512,1.069308876991272,77.94922637939453,0,0
821,A,821,-0.007514339871704578,0.04929483309388161,nan,nan,512,0,-0.007514339871704578,0.04929483309388161,all_rows,512,0,0.0027771256864070892,0.050390625,-0.002894973708316684,0.0011878392979269847,0.16016300895716995,2f691133a691d4871094ea2857d586da:0:0,bd3f3ed8758882fafe0edbdab2590511:0:0,ceecff8234a031acc75992768292152d:0:0,38a331d279c4aea53b8a5cc0d02b550e:0:4004252837,817660eaf5bbf07d7e6ac5f8ca57f04d:1:1072431152,10,1.0,0,0,0,0,0,0,512,0,0,512,0,0,251,0,0,261,0,0,512,1.0410453081130981,78.10645294189453,0,0
822,A,822,0.0003947882796637714,0.05445052683353424,nan,nan,512,0,0.0003947882796637714,0.05445052683353424,all_rows,512,0,0.0040468089282512665,0.0572265625,-0.0016162340994924306,0.0014264321071095765,0.15777828299906105,94d3dabd4af90315f8d1a6c4007252da:0:0,174ce986e18a4fde4bae78d3f118cd98:0:0,e68d19c625556a85763c721969b0d08d:0:0,adfcc4bd33f057fb9950355d06ee390e:0:1007068109,878c6282b8c511e4545d0114fc6ac85a:1:576187615,10,1.0,0,0,0,0,0,0,512,0,0,512,0,0,249,0,0,263,0,0,512,1.051699161529541,77.16885375976562,0,0
823,A,823,0.004999934229999781,0.053224582225084305,nan,nan,512,0,0.004999934229999781,0.053224582225084305,all_rows,512,0,0.006856708321720362,0.04453125,-0.00019570356234908104,0.0014189067529514431,0.1590575339505449,97ee0f8b3c28d2b49218df9a104f1eda:0:0,eff022bcd8b484f7acf019058cb07f1c:0:0,11be7c21bf4b9f033e00bc39b14c93ce:0:0,d35728b2029f7dce24b9ce4d2b711d0e:0:4000314014,f062c5d95a63e2c5fe6532a1ce40c93f:0:3766450057,10,1.0,0,0,0,0,0,0,512,0,0,512,0,0,246,0,0,266,0,0,512,1.0535781383514404,78.08783721923828,0,0
824,A,824,-0.004655099473893642,0.052528899163007736,nan,nan,512,0,-0.004655099473893642,0.052528899163007736,all_rows,512,0,0.007553793955594301,0.0681640625,-0.0047107729595154526,0.0013606460473965854,0.15990132500883192,e0cf64faaee4a2e069d576f6876beada:0:0,452debf4e4fe921f19b9daf1152ec4fd:0:0,8412a3cb5d851d53311b110bcafcbd88:0:0,d2b265343767901ebf82caf53db4010e:0:184291501,c11e98920070ac2dd1ac60002897799b:0:4170328295,10,1.0,0,0,0,0,0,0,512,0,0,512,0,0,261,0,0,251,0,0,512,1.0539623498916626,77.51342010498047,0,0
825,A,825,-0.005791032686829567,0.052832260727882385,nan,nan,512,0,-0.005791032686829567,0.052832260727882385,all_rows,512,0,0.00685017229989171,0.076953125,-0.005956311989575624,0.001348264719126746,0.15961350791621953,396cea89e15238a9fe018f2565c8b6da:0:0,b2b31fc1fbed61a57cdbe43b29d2557c:0:0,4ca0ad3fcaeac0d0f7294430fd1d9291:0:0,146dc5c922f63b9dd0cc8eb93db6e50e:0:2653227611,426f3a9fd574f1898bf33aebe7600a62:1:4226533788,10,1.0,0,0,0,0,0,0,512,0,0,512,0,0,236,0,0,276,0,0,512,0.9974978566169739,79.58289337158203,3,0
826,A,826,0.009914635680615902,0.051631201058626175,nan,nan,512,0,0.009914635680615902,0.051631201058626175,all_rows,512,0,0.0069411746226251125,0.0501953125,-0.0009210032410919666,0.0012680821353569626,0.1593311990145594,0d3a0070d4a2960c89268a72ab6582da:0:0,da71dcc7ec868adcf6dca7ee4bec29a7:0:0,f18f78c6450a04ef6c74eb427a750f40:0:0,382472bc7f45fabe291e3cfd2b79c90e:0:3468707049,d234b3a2457a6db5fd8ec3c697e9a90b:1:2802208041,10,1.0,0,0,0,0,0,0,512,0,0,512,0,0,252,0,0,260,0,0,512,1.0105026960372925,78.61137390136719,0,0
827,A,827,-0.003235329408198595,0.05808650329709053,nan,nan,512,0,-0.003235329408198595,0.05808650329709053,all_rows,512,0,0.003481968306005001,0.0513671875,0.0013527122791856527,0.001654586341464892,0.15948478900827467,23cd8d8f2f8e8885ce5d0b2a58424eda:0:0,2ab5ef085fa3a7dc84c277f0b72f037d:0:0,579c0dd024e7e40ab36e998a03d95a04:0:0,e72fb6b81cf08488e664b92506fcad0e:0:2777140877,f145899494eb3125a8753e1dacbfa0ed:0:2467002515,10,1.0,0,0,0,0,0,0,512,0,0,512,0,0,281,0,0,231,0,0,512,1.0192430019378662,78.53022766113281,0,0
828,A,828,0.0048440382815897465,0.052139341831207275,nan,nan,512,0,0.0048440382815897465,0.052139341831207275,all_rows,512,0,0.009269488044083118,0.055859375,-0.004500526539050043,0.0013394404581049458,0.15889029204845428,2306a19346f2eeede54cf3986c5f1ada:0:0,493d7755dc6de62c2ba851cd9762de98:0:0,f73c04ceda2bf1ed2c468a9d67053eb1:0:0,3fd96f07e803193157f2a694d03f910e:0:276746327,2020fbf30eac9141b28fd5d1bce8270a:1:1267904302,10,1.0,0,0,0,0,0,0,512,0,0,512,0,0,263,0,0,249,0,0,512,1.0082852840423584,79.55506896972656,0,0
829,A,829,-0.003467382863163948,0.05508201941847801,nan,nan,512,0,-0.003467382863163948,0.05508201941847801,all_rows,512,0,0.004510186146944761,0.0681640625,-0.002348148822784424,0.0015072632755618542,0.15890202298760414,d804341d89d8b68f062d6608e7bbe6da:0:0,e4a65a7fab8867d61e11466523a78321:0:0,1e77c423dd24bbcf04196f3802d199c4:0:0,ad9321b918b8ac68e28068b08742750e:0:557055835,6dd20c95c934712b1dae6ed5697c059c:1:151951086,10,1.0,0,0,0,0,0,0,512,0,0,512,0,0,258,0,0,254,0,0,512,0.9839717149734497,80.41004180908203,4,0
830,A,830,0.002937435172498226,0.05122969672083855,nan,nan,512,0,0.002937435172498226,0.05122969672083855,all_rows,512,0,0.004935923032462597,0.0873046875,-0.0024050944019109012,0.0013070532178971917,0.16244983102660626,ffef0182ce348f7d55c4c4c7ca58b2da:0:0,22d7cdddb7e90a55fb1160cf49dbb2e8:0:0,8197332fef32cd7db4bcedad84e5f295:0:0,0d751619247ded72e42c22dc2c05590e:0:2636850840,4b76748afc68a42f1317516159831d59:1:3999110680,10,1.0,0,0,0,0,0,0,512,0,0,512,0,0,247,0,0,265,0,0,512,1.0285637378692627,80.00314331054688,0,0
831,A,831,0.002958929166197777,0.05198434367775917,nan,nan,512,0,0.002958929166197777,0.05198434367775917,all_rows,512,0,0.004037914332002401,0.0486328125,-0.002074485458433628,0.0013004576438106596,0.16279508196748793,5152a1af3baa582eb168b22114357eda:0:0,8684d8a16fa6a08d12c6aa164a5fe0cd:0:0,0f3854dc7d0e591184d27c6c40dfae6b:0:0,cc9c916ec3a32cf89879b87bbe883d0e:0:2770513829,58c49a4e7df77b49e0dff8fabe1fcc8b:1:2732526304,10,1.0,0,0,0,0,0,0,512,0,0,512,0,0,263,0,0,249,0,0,512,1.0677491426467896,79.59339141845703,0,0
832,A,832,-0.008498186245560646,0.05178574472665787,nan,nan,512,0,-0.008498186245560646,0.05178574472665787,all_rows,512,0,0.0034254840575158596,0.054296875,-5.7937437668442725e-05,0.0012682885339017958,0.1610736430156976,e3d3dd8ad1a040527afe1060c5524ada:0:0,788508d3c69d6f896f862d9855b1cb56:0:0,a9113434c6412c9d8bdec4738b86a5ad:0:0,0d79031d2020209cfc52ccf33ecb210e:0:1579514365,1e1e60fb441d86836f1b8a1951052e17:0:685902805,10,1.0,0,0,0,0,0,0,512,0,0,512,0,0,244,0,0,268,0,0,512,1.0647661685943604,78.99562072753906,0,0
833,A,833,0.00833163782954216,0.048906322568655014,nan,nan,512,0,0.00833163782954216,0.048906322568655014,all_rows,512,0,0.006329662166535854,0.0462890625,-0.0007498033810406923,0.0011840411578305065,0.1596650700084865,cdb5fb1fc5eda2e964f901d2ddaf16da:0:0,6213d7d6daae00688de4de92f6dbcf39:0:0,bc8057836339acfd3e505f5f7038d13f:0:0,9f7578b701cd8450b206c3a6acce050e:0:593102594,4ed29de61c01e7b7e30881f9e8681602:1:1043772859,10,1.0,0,0,0,0,0,0,512,0,0,512,0,0,272,0,0,240,0,0,512,1.0527323484420776,79.52890014648438,0,0
834,A,834,0.00017519944231025875,0.06051643565297127,nan,nan,512,0,0.00017519944231025875,0.06051643565297127,all_rows,512,0,0.006619421765208244,0.0556640625,-0.00041261338628828526,0.0018185309192631394,0.16235581296496093,ec1738a23971979d3e5ce8c35d4be2da:0:0,0055da60518c72d67c7d13990d3c1596:0:0,1de6d4b940830a4cf7f385f9f2faa6cf:0:0,7f6e23dd8c789965e54abffa0890e90e:0:164683991,5cf39bc72961ed145fbe6a13358d438d:1:3646763526,10,1.0,0,0,0,0,0,0,512,0,0,512,0,0,269,0,0,243,0,0,512,1.012617826461792,80.44458770751953,0,0
835,A,835,-0.00309200887568295,0.05153908208012581,nan,nan,512,0,-0.00309200887568295,0.05153908208012581,all_rows,512,0,0.0019332394003868103,0.10078125,-0.0021008355543017387,0.0013242042274214326,0.16207772702910006,5355fa57ffdd3b58bebc677e4428aeda:0:0,be01609d3456fbf2719bd18870616fb3:0:0,cd8a38c0e5ee57a479485256cb4208f0:0:0,7cc9111be43483642f39a5515213cd0e:0:1817091284,5b20db56f0028514cbff74972d2a7e40:1:2750239299,10,1.0,0,0,0,0,0,0,512,0,0,512,0,0,267,0,0,245,0,0,512,1.0153710842132568,80.4301986694336,0,0
836,A,836,0.004064411390572786,0.05490172654390335,nan,nan,512,0,0.004064411390572786,0.05490172654390335,all_rows,512,0,0.004604519344866276,0.040625,-0.0052500623278319836,0.0015023035695776344,0.16334784706123173,dfec473e77fdb01f5239604f92457ada:0:0,dee82686e65cfd88f681179babccbfa3:0:0,0071ba7c2db46deb8d7cfe135b21d6b6:0:0,4c956846cc4d829c7a5417108956b10e:0:1718765272,613302a51133b960a4566e516aa2096b:1:2444233669,10,1.0,0,0,0,0,0,0,512,0,0,512,0,0,277,0,0,235,0,0,512,1.0139079093933105,80.91622924804688,0,0
837,A,837,-0.00048734532902017236,0.05519263446331024,nan,nan,512,0,-0.00048734532902017236,0.05519263446331024,all_rows,512,0,0.018780410289764404,0.06171875,-0.0035211685113608836,0.001522209373069927,0.16221001802477986,d47e142bb1d1d424e584f58347a246da:0:0,447057102635435f0d2f0dd282a4cf6b:0:0,cc47d8ecce7182c1a2cf05f528979cb0:0:0,9785ac3d15420c7ce680789bae59950e:0:903404747,e6ee652973bf3222f2c7cb01e860b2e0:0:349639757,10,1.0,0,0,0,0,0,0,512,0,0,512,0,0,226,0,0,286,0,0,512,0.9797842502593994,80.95572662353516,10,0
838,A,838,-0.000616106204688549,0.054287705570459366,nan,nan,512,0,-0.000616106204688549,0.054287705570459366,all_rows,512,0,0.006864014081656933,0.06484375,-0.001250940328463912,0.0014862526557408273,0.16092536493670195,67188d075fb7b025b1df8965643f12da:0:0,040fa3b4f7ebaee368c3a0b1897c28e5:0:0,181d86ea9775200a1bb3441cd30a377f:0:0,36af713b6e25c1a4ad0aed56c11c790e:0:3310673196,bb8b0767e96707682764739bfee05e20:1:3555745309,10,1.0,0,0,0,0,0,0,512,0,0,512,0,0,255,0,0,257,0,0,512,1.011732578277588,78.90909576416016,0,0
839,A,839,-0.004955613985657692,0.050402458757162094,nan,nan,512,0,-0.004955613985657692,0.050402458757162094,all_rows,512,0,0.0019098608754575253,0.090234375,0.002512025460600853,0.0012481143901823088,0.16071788407862186,9cf507974ffd9cfe0918be41e81bdeda:0:0,ec22051098a0259ce9a81222ac3f1099:0:0,fbbf99f63c8f9ef6906cd43b682434c6:0:0,ab75e64bedd241b804a558a5c19f5d0e:0:3146453831,c3d6ef5176dcdbe9d0988cb66455258a:1:1676087945,10,1.0,0,0,0,0,0,0,512,0,0,512,0,0,243,0,0,269,0,0,512,0.9712880849838257,79.20947265625,8,0
840,A,840,0.004407460801303387,0.06478168815374374,nan,nan,512,0,0.004407460801303387,0.06478168815374374,all_rows,512,0,0.0037739956751465797,0.0958984375,-0.008018075488507748,0.0020338183210697027,0.16389348998200148,e0b9933a6c232082218f7664d338aada:0:0,58302a77b7783b607da618140f83b425:0:0,8ee76356a202d4075cf92dcd26fb2887:0:0,b6a457af6849dcf405675decafe2410e:0:1377713500,98c73ebbc2135aac6ad7a7c6c5845163:0:4095630383,10,1.0,0,0,0,0,0,0,512,0,0,512,0,0,267,0,0,245,0,0,512,0.9377756714820862,79.52828216552734,17,0
841,A,841,-0.010385395959019661,0.05607084557414055,nan,nan,512,0,-0.010385395959019661,0.05607084557414055,all_rows,512,0,0.0029383674263954163,0.06171875,-0.003722464549355209,0.0014832195418421179,0.16137508500833064,626b2ccc7b158195e231d41a259576da:0:0,bea8990cb5022162828dd68632bc778a:0:0,61123fba72d9a314513baa614b5bc882:0:0,97427d7464b023828cce608f8be5250e:0:3749357620,a9ba996e06ae107840eb2a4643f827ed:0:3390133645,10,1.0,0,0,0,0,0,0,512,0,0,512,0,0,277,0,0,235,0,0,512,0.9381424188613892,79.20010375976562,12,0
842,A,842,0.005138676147907972,0.05595000460743904,nan,nan,512,0,0.005138676147907972,0.05595000460743904,all_rows,512,0,0.005929440259933472,0.088671875,0.004013957269489765,0.0015558492392301559,0.16046145907603204,91527dcc23b41384ae7d39addf3242da:0:0,5f2354c0e50c43df06fa0e6e449d6a3a:0:0,0b436ce21d99cb997ae032ad2c89ea7d:0:0,b8d5fac5483c528e21bd83f255a8090e:0:3839653457,1e389244f9616105865f3c85be91e417:0:623955805,10,1.0,0,0,0,0,0,0,512,0,0,512,0,0,262,0,0,250,0,0,512,0.9596257209777832,79.38250732421875,7,0
843,A,843,-0.012262886390089989,0.05119171738624573,nan,nan,512,0,-0.012262886390089989,0.05119171738624573,all_rows,512,0,0.010508676990866661,0.094140625,-0.0046671243151649834,0.001286194898420945,0.16050764604005963,e633b9bbece83899327e496c000f0eda:0:0,cdf63d5ebe4d4c6e80cd8144f900e987:0:0,d6bbcbedad5f7fffbf57135c5b34ddbf:0:0,4052e7cd0a899f15d87dab790d2aed0e:0:1914411055,baf70723ede826801bb85fc7353c8358:0:1670603602,10,1.0,0,0,0,0,0,0,512,0,0,512,0,0,264,0,0,248,0,0,512,0.9815803170204163,78.41357421875,5,0
844,A,844,0.00012415973469614983,0.058985672891139984,nan,nan,512,0,0.00012415973469614983,0.058985672891139984,all_rows,512,0,0.007512706331908703,0.0416015625,-0.001144748367369175,0.0016933810198679566,0.1599900119472295,c6aca496389d1bf52ed0e5a0882bdada:0:0,5d51df292a951030a24454d3b7a22950:0:0,d0caec5d43c2a72be999dd1fe83de6a0:0:0,c4b0996787a95e8136bd7a87b26dd10e:0:4059044578,f462d272d0c9dd7fa5b9af1dbf65d24f:1:2396777339,10,1.0,0,0,0,0,0,0,512,0,0,512,1,0,256,0,0,256,0,0,512,1.0538758039474487,76.94779205322266,0,0
845,A,845,0.0020314871799200773,0.0518764853477478,nan,nan,512,0,0.0020314871799200773,0.0518764853477478,all_rows,512,0,0.008219251409173012,0.05,-0.0033821838442236185,0.0013383412093389778,0.15962999605108052,9091110b76e322a944a030977788a6da:0:0,123e0d0a969eb4ded69ed601879481f9:0:0,96049d9c1a9a07201e5ef3a9cea64f70:0:0,61b01728445b0cf4179154824570b50e:0:733608566,11c51d481b32759473d9f50c966be5da:1:3860975236,10,1.0,0,0,0,0,0,0,512,0,0,512,0,0,262,0,0,250,0,0,512,1.0258315801620483,77.52084350585938,0,0
846,A,846,0.0015922773163765669,0.04689611867070198,nan,nan,512,0,0.0015922773163765669,0.04689611867070198,all_rows,512,0,0.004846773110330105,0.075,-0.0031832476146519185,0.001092346286168322,0.15955097298137844,dcf635210e8b140cc1a68c9cce2572da:0:0,c62dd4f1586ea29d13ef6e9fbf950599:0:0,d48d5650daf229b487411a4e0ec94d34:0:0,069ed19838ce31628f735cccc633990e:0:1157023402,32039d833599cf839378a30ba5ddec13:0:956962739,10,1.0,0,0,0,0,0,0,512,0,0,512,0,0,250,0,0,262,0,0,512,0.9891478419303894,78.91319274902344,3,0
847,A,847,-0.00302493036724627,0.05093208700418472,nan,nan,512,0,-0.00302493036724627,0.05093208700418472,all_rows,512,0,0.012134495191276073,0.118359375,0.0002144417492672801,0.00128430983168073,0.15844570298213512,cd880fa6b884f9556c2d9bfc8c023eda:0:0,f819f39c23ca578bc9ac98d2a5c5f925:0:0,355cee315f19ad7d4bc8f7125308695a:0:0,35822fe0f6521f64d04376cb34b67d0e:0:324480522,128dc1cdd641b349675b5750154a592f:1:1734175081,10,1.0,0,0,0,0,0,0,512,0,0,512,1,0,258,0,0,254,0,0,512,0.9602325558662415,78.42185974121094,8,0
848,A,848,0.007132323924452066,0.049426816403865814,nan,nan,512,0,0.007132323924452066,0.049426816403865814,all_rows,512,0,0.013217151165008545,0.0798828125,0.001867320714518428,0.0011964199569774792,0.157979188952595,c301c0d74b4eb46f4f0e4102b11f0ada:0:0,5d4c5396fd715922af69385e8de19cd9:0:0,b2c4097b3b09034d7a0214d8a78fb5cd:0:0,26df75713c5796cb0d4745e190f9610e:0:3801467928,872081126e12f8c0b33aa746f80e2673:1:1259237209,10,1.0,0,0,0,0,0,0,512,0,0,512,0,0,261,0,0,251,0,0,512,0.9797033667564392,77.92517852783203,3,0
849,A,849,-0.007499347906559706,0.05666583031415939,nan,nan,512,0,-0.007499347906559706,0.05666583031415939,all_rows,512,0,0.02019393816590309,0.079296875,-0.0034439027309417724,0.001568143256008625,0.16089985496364534,38722c5933be4e1485b09dfb3d7bd6da:0:0,df35946549bd942fc4110efc1b105ce4:0:0,c45a1a06057d8b25d31b74d72bd4b6f0:0:0,40ff4d7cd12840f15f2a2d73dafc450e:0:100605909,1e15ffe4a73e30d6c45e73c1767be592:0:2310313752,10,1.0,0,0,0,0,0,0,512,0,0,512,0,0,274,0,0,238,0,0,512,0.9960664510726929,79.42208862304688,1,0
850,A,850,-0.00463689723983407,0.04701798036694527,nan,nan,512,0,-0.00463689723983407,0.04701798036694527,all_rows,512,0,0.003247207961976528,0.0412109375,-0.0011520104948431254,0.00108625061402563,0.16507000499404967,b3997ab21873fb25080c15323118a2da:0:0,f99e545c65fd6ef682ddd71b58ea6aed:0:0,3fd3af55da4e57ee7ad83054c2e9acb4:0:0,d4dcfb8f32b80bd3a7fd50e612bf290e:0:224086272,b9bb34d6567e20ab568c691db87e1fcf:0:1999616000,10,1.0,0,0,0,0,0,0,512,0,0,512,0,0,248,0,0,264,0,0,512,1.024816870689392,78.59030151367188,0,0
851,A,851,0.005140744149684906,0.05418814346194267,nan,nan,512,0,0.005140744149684906,0.05418814346194267,all_rows,512,0,0.002106437459588051,0.0263671875,0.0005569291301071644,0.0014585439552320168,0.16121079900767654,ce621c20653fd93e76a748f38bf56eda:0:0,d572a7e9317bf76111fcb534207cb040:0:0,9ca55af8419ad6d7979bfcc4479e7b1f:0:0,eca6c5be73f462e17737939c38420d0e:0:1915405385,131832e5f5c3cc403482534c4d4773de:1:3799623194,10,1.0,0,0,0,0,0,0,512,0,0,512,0,0,266,0,0,246,0,0,512,1.0307101011276245,78.02983856201172,0,0
852,A,852,-0.00237249000929296,0.049770697951316833,nan,nan,512,0,-0.00237249000929296,0.049770697951316833,all_rows,512,0,0.005030755884945393,0.048828125,0.0013454201631247996,0.0012271858053281904,0.1584660040680319,5780c6acbbc76293e6981b8b4e123ada:0:0,cbe6f9b855489bbee20b29fbe0db4f44:0:0,02a97d57fca0e6840f4c5a642d5f2b3e:0:0,758fa6615af54591edb598fa4b84f10e:0:2341315836,2b12941ccada9ab05085de9fe410ca16:0:698279378,10,1.0,0,0,0,0,0,0,512,0,0,512,0,0,260,0,0,252,0,0,512,1.0769180059432983,77.45568084716797,0,0
853,A,853,-0.0010549138532951474,0.04759491980075836,nan,nan,512,0,-0.0010549138532951474,0.04759491980075836,all_rows,512,0,0.004382026847451925,0.073046875,-0.0008466710336506367,0.001121984698693268,0.15892664098646492,6fe28d2486b69905ad83af45776f06da:0:0,b5de4931e21fcba2c3976cf0d5817961:0:0,e7f709cebb34da3fbb78a239fa841e70:0:0,fe71b08194743bb7a1b9c4644c87d50e:0:3213945291,ec83c06e87555fc545d561ed4c5d3f6b:0:718549113,10,1.0,0,0,0,0,0,0,512,0,0,512,0,0,242,0,0,270,0,0,512,1.0886491537094116,78.516845703125,0,0
854,A,854,0.0019990652799606323,0.05018967390060425,nan,nan,512,0,0.0019990652799606323,0.05018967390060425,all_rows,512,0,0.002557809464633465,0.05390625,-0.004650424607098103,0.0012562623975099995,0.16005965694785118,66fe9c8e2cc8e8792d9e666e080bd2da:0:0,a9c76bdf47211ecaf1cdda7e3e653c94:0:0,d8c469c0209003453fc2091f40d38827:0:0,7424d39890ed279482ec393e3b4ab90e:0:1564275927,cfd6ac03aa4be053acad3816edf1188f:1:1921165559,10,1.0,0,0,0,0,0,0,512,0,0,512,0,0,245,0,0,267,0,0,512,1.0925986766815186,78.78787994384766,0,0
855,A,855,-0.000196890439838171,0.050848640501499176,nan,nan,512,0,-0.000196890439838171,0.050848640501499176,all_rows,512,0,0.0021865612361580133,0.0751953125,-0.0068336606724187735,0.0012963583518285303,0.1600073369918391,f0a26986a0f5c070a1abe350ffe89eda:0:0,7ede84c60e5309332c854a9a83efd041:0:0,15c4e88ae0257bbab856d61c57b2c3f3:0:0,8136d07b5fccf5adbe5adaec17cd9d0e:0:1208051875,7d7491968245762d6f7e0dccfde453ea:0:4282534798,10,1.0,0,0,0,0,0,0,512,0,0,512,0,0,248,0,0,264,0,0,512,1.0749984979629517,78.39894104003906,0,0
856,A,856,0.003144295886158943,0.04735209047794342,nan,nan,512,0,0.003144295886158943,0.04735209047794342,all_rows,512,0,0.005292201414704323,0.0564453125,-0.002287758560851216,0.0011159024521475657,0.15865694195963442,2aa31ed74d0ce4e2e8ff083a5f056ada:0:0,c5e0d899af3da1920bfe114b9aa1a900:0:0,c99f5e126fed43bcfc1c715ceb3a9e2e:0:0,4e9f3aaf9d122a5fa2794cd1e210810e:0:1433025948,965c394b42077967935385410d868686:0:1383862271,10,1.0,0,0,0,0,0,0,512,0,0,512,0,0,278,0,0,234,0,0,512,1.0734161138534546,78.47538757324219,0,0
857,A,857,0.004390206653624773,0.05207604169845581,nan,nan,512,0,0.004390206653624773,0.05207604169845581,all_rows,512,0,0.012450278736650944,0.0353515625,-0.004239773307926953,0.0013233935023890808,0.1587026040069759,cf45f272940e76535379f776256236da:0:0,095906330e78a1834229cb92201a592b:0:0,e55d458ed88ac88ece6d09a01b181c8f:0:0,23dd4eb945c34d318320f2539a13650e:0:1067515324,b17ff585728916b09f6b50671a12eec1:0:1579583935,10,1.0,0,0,0,0,0,0,512,0,0,512,0,0,254,0,0,258,0,0,512,1.1019301414489746,78.6053466796875,0,0
858,A,858,-0.008513002656400204,0.05335063859820366,nan,nan,512,0,-0.008513002656400204,0.05335063859820366,all_rows,512,0,0.0035216803662478924,0.04296875,-0.003820904647000134,0.0014132834039628506,0.16031692107208073,e96aa5e4698ab1296d8e135052ff02da:0:0,0de5efe381e279e1ed13051d66892c1c:0:0,e58041a6acceb6b972d424bb86226aa8:0:0,9c653747079f31e99d90eed53fd6490e:0:611357425,788169cafa0308562f2fe9bf883d455a:0:3371775025,10,1.0,0,0,0,0,0,0,512,0,0,512,0,0,275,0,0,237,0,0,512,1.0486781597137451,78.36785125732422,0,0
859,A,859,-0.0045549008063972,0.05916648730635643,nan,nan,512,0,-0.0045549008063972,0.05916648730635643,all_rows,512,0,0.0059811086393892765,0.0865234375,-0.005272276652976871,0.0017498159722890705,0.1618524040095508,70cfe323bb556448cc3bfe14e7dbceda:0:0,ee4a944e00383db35be9513bb47f863c:0:0,64ff9dc4d914680269f9ad6c976bda6b:0:0,a41f1078606b1f60fc6e25bad3592d0e:0:3780745497,b8d122d3cfe3e72e711b8aae29ed0ce8:1:2717358139,10,1.0,0,0,0,0,0,0,512,0,0,512,0,0,263,0,0,249,0,0,512,1.0108646154403687,78.20390319824219,0,0
860,A,860,0.004140443168580532,0.052281368523836136,nan,nan,512,0,0.004140443168580532,0.052281368523836136,all_rows,512,0,0.0018987454241141677,0.06015625,-0.002293147053569555,0.0013680747419130058,0.1607102289563045,66685e90aad91ee8d9139a0fe3f89ada:0:0,2c07b4bed670c1b67d4a940b41ee4cfe:0:0,68c086dedc007ab0091b9bc5eb8f6adf:0:0,fabb91cea142d4175bc33a68549c110e:0:2246225563,a43b3f6ec12df6870454faa00b1ccf0a:1:3882162332,10,1.0,0,0,0,0,0,0,512,0,0,512,0,0,276,0,0,236,0,0,512,0.9578213691711426,78.54566955566406,8,0
861,A,861,-0.003557958174496889,0.0520080029964447,nan,nan,512,0,-0.003557958174496889,0.0520080029964447,all_rows,512,0,0.008910884149372578,0.110546875,-0.006091374647803604,0.0012818043760489672,0.1581957209855318,61e9aacad35615ac9e34098d475566da:0:0,eb06fe3659c5d927bcbcae573d0e3484:0:0,f0c3ca106fea007bde0c6f62a46df750:0:0,6b88c4afaa4e68870d009041c39ef50e:0:1948738137,3cb49f229f0cccdbfeebc971855c5dab:0:585204926,10,1.0,0,0,0,0,0,0,512,0,0,512,0,0,255,0,0,257,0,0,512,0.9555037021636963,78.14823913574219,15,0
862,A,862,-0.001658192602917552,0.053297851234674454,nan,nan,512,0,-0.001658192602917552,0.053297851234674454,all_rows,512,0,0.0021070244256407022,0.0900390625,-0.0026124036870896817,0.0013289084890857339,0.16155149298720062,09c27aea1a58befa924baed911f232da:0:0,26b1006c532ee64bdab3294e6080000d:0:0,0bc0ab755f18f0969fac94011c24f9a1:0:0,02fc8eb6f3420f38dafc4aab2061d90e:0:3623928861,eb946af603e373b76f448fca70157d47:1:876171036,10,1.0,0,0,0,0,0,0,512,0,0,512,0,0,255,0,0,257,0,0,512,1.0207810401916504,78.28035736083984,0,0
863,A,863,-0.0017444766126573086,0.05353081598877907,nan,nan,512,0,-0.0017444766126573086,0.05353081598877907,all_rows,512,0,0.006036237347871065,0.04765625,-0.0029854761436581613,0.001436715357704088,0.15824250900186598,acbdab83c7b4269464982c3f43cefeda:0:0,edcf7c8743f3f7bcc79c849d57c11d95:0:0,c67fb0fdb7accd6b11eef6c014872b10:0:0,221b1c67350bb297edf24d086ae4bd0e:0:2580539729,3812df16345e13427e526d9783d3e064:1:3432585474,10,1.0,0,0,0,0,0,0,512,0,0,512,0,0,258,0,0,254,0,0,512,1.0516560077667236,77.88513946533203,0,0
864,A,864,0.0006224922835826874,0.048690490424633026,nan,nan,512,0,0.0006224922835826874,0.048690490424633026,all_rows,512,0,0.009899547323584557,0.0603515625,-0.0030271792318671943,0.001133216978632845,0.15815826202742755,3001d2c4e24bf86ec8e6640bdcebcada:0:0,1f8607905130d149e2f3160dfee08a49:0:0,d082ca976c099f4f0421ed572bd57cf8:0:0,2ff46224c9127085af843abda327a10e:0:829427211,7722f6c876f25b3a0802f425b97c0597:1:2087908715,10,1.0,0,0,0,0,0,0,512,0,0,512,0,0,267,0,0,245,0,0,512,1.0769031047821045,78.01065826416016,0,0
865,A,865,-0.0028571351431310177,0.052372511476278305,nan,nan,512,0,-0.0028571351431310177,0.052372511476278305,all_rows,512,0,0.006953171920031309,0.05859375,-0.00038277595303952693,0.001353100163396448,0.1621470469981432,c41a4bca0efa42c94392788add4896da:0:0,11436a81e0564dea12a95916570157bd:0:0,86ac99095b9f0ebd80a0131097d8cf42:0:0,a06df6b6926bf3adaeb9772ec92a850e:0:2556117366,046a1fb6ff028997b28134b795c7aa6b:1:1534432640,10,1.0,0,0,0,0,0,0,512,0,0,512,0,0,259,0,0,253,0,0,512,1.0950011014938354,78.43265533447266,0,0
866,A,866,0.00554801058024168,0.057426370680332184,nan,nan,512,0,0.00554801058024168,0.057426370680332184,all_rows,512,0,0.003730583470314741,0.0728515625,-0.0022674679756164553,0.001570426597027108,0.16372697590850294,5f86b13c6edcef85f587cc0844e562da:0:0,13e96c39464c86961cc1353d1d43282c:0:0,6c7ca5beff3d786a475feff096b929ef:0:0,e32d7be1056baa9983ff25bfdced690e:0:3529400025,04ef8fc597ecd22668d970fc34d94e24:0:907771804,10,1.0,0,0,0,0,0,0,512,0,0,512,0,0,278,0,0,234,0,0,512,1.0493870973587036,78.38787841796875,0,0
867,A,867,-0.0035781071055680513,0.04927608743309975,nan,nan,512,0,-0.0035781071055680513,0.04927608743309975,all_rows,512,0,0.00980203878134489,0.0525390625,-0.0025327282841317357,0.001207823265576735,0.16185553406830877,dc30871a3a56f4c1684100d013c22eda:0:0,04216abdec9302454f8d443033283e17:0:0,6befef326a7e93ab16ed0c28dadcae92:0:0,5b7b9f04a1efdc84b52829d4de704d0e:0:2118527929,8e5bc8669ab39b25c827a416ca585500:1:169703876,10,1.0,0,0,0,0,0,0,512,0,0,512,0,0,251,0,0,261,0,0,512,1.0678983926773071,78.9830093383789,0,0
868,A,868,-0.003854685230180621,0.054100703448057175,nan,nan,512,0,-0.003854685230180621,0.054100703448057175,all_rows,512,0,0.005534131079912186,0.0744140625,-0.0004980516619980335,0.0014358962594997137,0.16104657493997365,ce5c6b7116113caa59c7f92e49defada:0:0,f9f7c76e7a30b8159e68c539c14f908e:0:0,c60fa7676543149214a7ecbfdb7a4ea5:0:0,902074fef4d09bf0996d26d1cdb3310e:0:4086708911,624015a0db347b01c11e4ba9cc2280f5:1:385610915,10,1.0,0,0,0,0,0,0,512,0,0,512,0,0,281,0,0,231,0,0,512,1.0916327238082886,79.6606216430664,0,0
869,A,869,0.005262047052383423,0.053416989743709564,nan,nan,512,0,0.005262047052383423,0.053416989743709564,all_rows,512,0,0.007414327468723059,0.0310546875,-0.0006782948272302747,0.0013805736496578902,0.16235849598888308,c67489af5f47449988b5d76ee73bc6da:0:0,c139bf6b152f284816834d632be46e8c:0:0,7a1bf87f0b9f2a9bc9669cc1c46b49e1:0:0,1e4791e2f4d496f83d6c801aaab6150e:0:3964032547,285afe2d6f142621cee0004d7549eeed:0:859418303,10,1.0,0,0,0,0,0,0,512,0,0,512,0,0,266,0,0,246,0,0,512,1.0764212608337402,79.50216674804688,0,0
870,A,870,0.002388381166383624,0.048043444752693176,nan,nan,512,0,0.002388381166383624,0.048043444752693176,all_rows,512,0,0.0035491562448441982,0.0419921875,-0.003181458404287696,0.0011246455396758392,0.16259815206285566,b2a53c10ecab73698032fdddebd892da:0:0,1f1cf9ec467bbd0eb851b635db620ba4:0:0,7ad9f51a326c1ab3e0c538b8cc62283f:0:0,722cbe734f8fc564472a59137578f90e:0:2943600291,445bb31dd0d3181d9c0b07ca2e9102c8:1:225111080,10,1.0,0,0,0,0,0,0,512,0,0,512,0,0,261,0,0,251,0,0,512,1.0727490186691284,79.23652648925781,0,0
871,A,871,-0.004331532865762711,0.05847573280334473,nan,nan,512,0,-0.004331532865762711,0.05847573280334473,all_rows,512,0,0.004645706154406071,0.1048828125,-0.0011677177622914313,0.0016951454628724605,0.16107749100774527,88f2c28b012f270e63f70ec757b55eda:0:0,29424b3ffecd2b0d3b97f093d98c61c4:0:0,7062c2522b96c8b6d69bd7ef057975b7:0:0,a969929efa8ff47eda1095202dfbdd0e:0:4021673226,e69bc376cb418786b5fe24282afcf1d6:0:3002314608,10,1.0,0,0,0,0,0,0,512,0,0,512,0,0,254,0,0,258,0,0,512,1.0754512548446655,78.92265319824219,0,0
872,A,872,-0.0011419916991144419,0.044335637241601944,nan,nan,512,0,-0.0011419916991144419,0.044335637241601944,all_rows,512,0,0.014817483723163605,0.110546875,-0.0011307519394904374,0.0009661982563557103,0.16684046504087746,4d6fbe7a6dfa796dbc48ec772ad22ada:0:0,b4b209608bd43bfbcfa73e430d5f90e7:0:0,cedc3c621516d31998b460b1a4eb9c17:0:0,1af885961d3b30a77aeed7a4d43ec10e:0:2776652104,3154aeee00a90b1fea2f95517829a613:1:3503142835,10,1.0,0,0,0,0,0,0,512,0,0,512,0,0,256,0,0,256,0,0,512,1.0848205089569092,78.16041564941406,0,0
873,A,873,0.0022602619137614965,0.05139222368597984,nan,nan,512,0,0.0022602619137614965,0.05139222368597984,all_rows,512,0,0.003270732704550028,0.071875,-0.0024794282857328654,0.001297481989604421,0.16130049305502325,f1cfb63620dfbc7641feb939652ef6da:0:0,a03ced4912fdcadeece1bd945c8be5d5:0:0,607ee541b7f8b94b7957323bb20428e3:0:0,9e23316327c40ca6f3fa84056841a50e:0:3432975187,e4bb578abf33f70be1f4c15dbd6c70d1:0:2815126401,10,1.0,0,0,0,0,0,0,512,0,0,512,0,0,252,0,0,260,0,0,512,1.1094990968704224,78.18325805664062,0,0
874,A,874,-0.0012813833309337497,0.05367189645767212,nan,nan,512,0,-0.0012813833309337497,0.05367189645767212,all_rows,512,0,0.01165533997118473,0.04140625,-0.0004050096496939659,0.0014207018772140144,0.1662975320359692,7af743879c96ad77aa7dd75a06cbc2da:0:0,efc7642b0714d648affced2bcca4c8b8:0:0,305b50d2ea9c68d8763ddf8df62e0d6a:0:0,99579949ab97c6c338cebda5ea04890e:0:2969980223,ab4222a5b81d01f725be463c55b7315c:0:645622412,10,1.0,0,0,0,0,0,0,512,0,0,512,0,0,264,0,0,248,0,0,512,1.0754492282867432,78.35921478271484,0,0
875,A,875,0.001705834991298616,0.051106590777635574,nan,nan,512,0,0.001705834991298616,0.051106590777635574,all_rows,512,0,0.014040239155292511,0.09921875,-0.005497547937557102,0.0012846218975028022,0.16597580700181425,55a4bbea180b5fba73bae9250fa88eda:0:0,a5dbfe3c7bf78bbdda1be4050347cf4e:0:0,e4600c752ae55452e2b47c9690e87802:0:0,f20b378249aa4b934a6c67ea59876d0e:0:2255816321,4d0bfd8d6d19ad74b38c906c6794ea47:1:2833678288,10,1.0,0,0,0,0,0,0,512,0,0,512,0,0,250,0,0,262,0,0,512,1.0458661317825317,78.5366439819336,0,0
876,A,876,0.0019254486542195082,0.04782293364405632,nan,nan,512,0,0.0019254486542195082,0.04782293364405632,all_rows,512,0,0.02458036318421364,0.14140625,0.0019401853671297431,0.0011339302320266143,0.1618943209759891,d4181950420cde57b039d0e67fc55ada:0:0,26682fae4f83d774b1e01e86cb0cbf72:0:0,5462241e677cc1be959705137a8dd433:0:0,f5227040cb0416931b3a2636b6ca510e:0:1891808179,c74ecbe3c2b93392bfbc1c0ccafd1be6:1:1811383330,10,1.0,0,0,0,0,0,0,512,0,0,512,0,0,246,0,0,266,0,0,512,1.0594170093536377,80.61766052246094,0,0
877,A,877,0.00021853635553270578,0.05132298916578293,nan,nan,512,0,0.00021853635553270578,0.05132298916578293,all_rows,512,0,0.0036994630936533213,0.0673828125,-0.007253722893074155,0.0013084665057249366,0.16268130100797862,7affae0fe6a78550d30db0ea572226da:0:0,f5224b56cdf729aa55450963779cd801:0:0,22e51204c8969f25e52e1441fa6829ac:0:0,0987c54737f5f07773045bef01cd350e:0:1587603370,b1fca0114052627bcc5c285b17086fcb:1:2225436064,10,1.0,0,0,0,0,0,0,512,0,0,512,0,0,241,0,0,271,0,0,512,1.036599040031433,82.9801025390625,0,0
878,A,878,-0.003394136670976877,0.055654384195804596,nan,nan,512,0,-0.003394136670976877,0.055654384195804596,all_rows,512,0,0.00363252405077219,0.0671875,-0.001973552815616131,0.0015484286355786025,0.16119173006154597,1320be71f37711e77bd8eb7c95bef2da:0:0,b55d7b74b5a78597dfb313f71e6217a1:0:0,e59b5b03db40502989572a46cfb82730:0:0,4277c69e82568b41d2fd2c773a90190e:0:2454687882,f68e1528d4bb1e3bfbe327f0131ca903:0:1802081990,10,1.0,0,0,0,0,0,0,512,0,0,512,0,0,250,0,0,262,0,0,512,1.063105821609497,82.9520034790039,0,0
879,A,879,0.000150604872033,0.055260371416807175,nan,nan,512,0,0.000150604872033,0.055260371416807175,all_rows,512,0,0.015818115323781967,0.0796875,-0.0052756737684831025,0.0014909000252373516,0.1610957069788128,6e777644983c6a3542cd22e93b9bbeda:0:0,0c013192cfbddbb2717abc829c9f0f13:0:0,090f6f582224b326a9d9fd8159ad49cd:0:0,82454263172dfc1459bc7b336112fd0e:0:1983840538,82cbfb3a827d99b89ad0cf246290b963:0:3773636827,10,1.0,0,0,0,0,0,0,512,0,0,512,0,0,256,0,0,256,0,0,512,1.0754194259643555,82.84516143798828,0,0
880,A,880,-0.003337911097332835,0.05255092680454254,nan,nan,512,0,-0.003337911097332835,0.05255092680454254,all_rows,512,0,0.015507177449762821,0.094140625,-0.0020663186907768248,0.0013874596916139126,0.16130242799408734,7a20d8ac81031c0384ab397c48b88ada:0:0,b91cac1f7dcef09dc0106ce1c300c43f:0:0,0c50ef12fadb6a0742d38fcc5b7ec447:0:0,9ebc9ee96c3312c5a73feb877555e10e:0:3694317031,1eb7b12bc3ceeda5197ab4a0067fbefe:0:3054475787,10,1.0,0,0,0,0,0,0,512,0,0,512,0,0,274,0,0,238,0,0,512,1.10483980178833,80.95481872558594,0,0
881,A,881,0.006220356095582247,0.058582331985235214,nan,nan,512,0,0.006220356095582247,0.058582331985235214,all_rows,512,0,0.006577902007848024,0.083984375,-0.006572068901732564,0.0016090014600194992,0.16057253605686128,998b3c51672292e32ec35181bd1556da:0:0,3b8621d00b449795c07f97aadd6ed287:0:0,2ce13f0f9abaed2aa7d3af64dfaaaa99:0:0,ab9597d45d7e8f34c0eae0d77758c50e:0:3234498962,2ed21e36811153349d0d5b76e4bbd0d2:1:2094431208,10,1.0,0,0,0,0,0,0,512,0,0,512,0,0,262,0,0,250,0,0,512,1.1199246644973755,79.202392578125,0,0
882,A,882,0.0014774361625313759,0.07494276016950607,nan,nan,512,0,0.0014774361625313759,0.07494276016950607,all_rows,512,0,0.0013332025846466422,0.075,-0.0028186341049149634,0.0027049225755035877,0.1627372889779508,6a66a5e1766705848af4cd4598b222da:0:0,40ab5ef497cd40bb83d32198bb3992f3:0:0,b9fcbf91e710b57c68d24931c8414fd1:0:0,034fc80cefd8345cf5867e87671ba90e:0:4140414603,34fae50c0af213759681f8d68ad6da59:1:1231360984,10,1.0,0,0,0,0,0,0,512,0,0,512,0,0,276,0,0,236,0,0,512,1.0997765064239502,78.04662322998047,0,0
883,A,883,-0.0015105563215911388,0.05319783836603165,nan,nan,512,0,-0.0015105563215911388,0.05319783836603165,all_rows,512,0,0.015340937301516533,0.0947265625,-0.0034079231321811677,0.0013504815578926355,0.16228508402127773,fadddec643ae1a4f0bae4f13db8eeeda:0:0,3ad17030ba68fd3c789c7b30bdbd393c:0:0,02ca500280a2c1b8beb5290abb40c4dc:0:0,a9287fe0cc01b929c141a7fb449e8d0e:0:115484621,894757b0ff40a2e05a06f0d9aabdeb1e:0:1434407551,10,1.0,0,0,0,0,0,0,512,0,0,512,0,0,238,0,0,274,0,0,512,1.1234995126724243,78.31076049804688,0,0
884,A,884,-0.006380241829901934,0.057647496461868286,nan,nan,512,0,-0.006380241829901934,0.057647496461868286,all_rows,512,0,0.009179094806313515,0.0529296875,-0.0035482112318277357,0.0016451580682769417,0.16196413594298065,34037dc55243433917edb93885abbada:0:0,0f8ef6513ed14b62fcf87d1aebc4035c:0:0,8795426e31d5d117286b45e827989368:0:0,fd4f5fe28763970ab1b100970fe1710e:0:2583477995,62aa73eea6c6a35e032efdfb0d7fa3fe:1:3103826017,10,1.0,0,0,0,0,0,0,512,0,0,512,0,0,244,0,0,268,0,0,512,1.1151771545410156,77.37205505371094,0,0
885,A,885,8.983246516436338e-05,0.05699968710541725,nan,nan,512,0,8.983246516436338e-05,0.05699968710541725,all_rows,512,0,0.011396500281989574,0.046484375,-0.0005194473080337048,0.0015998805116396396,0.16101429099217057,c8533b256547d0dfd7402dff970886da:0:0,fcbfe9dcb0aef76b594b1c5649f4c11e:0:0,573b0d380b787b09b19f8d072f792f40:0:0,44db0e7c8e7fb64749ceebbec8e4550e:0:4054091402,676379b85077b6ede9405e03a368e9b5:0:2410654791,10,1.0,0,0,0,0,0,0,512,0,0,512,0,0,245,0,0,267,0,0,512,1.1205323934555054,77.3125,0,0
886,A,886,-0.002790883183479309,0.053210169076919556,nan,nan,512,0,-0.002790883183479309,0.053210169076919556,all_rows,512,0,0.005042250733822584,0.0306640625,-0.000450596772134304,0.0013870936934836208,0.1605571829713881,60efd9d11a72bcdefdc20fb50fa552da:0:0,e29b549c8eafe19eb465908e7ab6bef5:0:0,5f2a49ce7b2baa68354757465588e812:0:0,07001f7d458df812e5fb8cd66fa7390e:0:1904069077,ea789e8ed3c7de2ba3447f938dcc745d:0:1329088343,10,1.0,0,0,0,0,0,0,512,0,0,512,0,0,246,0,0,266,0,0,512,1.1054459810256958,78.84494018554688,0,0
887,A,887,-0.0030054072849452496,0.060628168284893036,nan,nan,512,0,-0.0030054072849452496,0.060628168284893036,all_rows,512,0,0.012014619074761868,0.0509765625,-0.002096976153552532,0.0018053479958325624,0.1640789870871231,1320aace8b742b68981f00a4ef821eda:0:0,339b37cdac3dcfc28511330efd2fcb7d:0:0,9becf2986a2275c54074cbdc73d77300:0:0,8671ea38b3a69e609ffcc742042a1d0e:0:1539719607,79fdd6acac7bbf9309ba3174e9d562d4:1:381383965,10,1.0,0,0,0,0,0,0,512,0,0,512,0,0,262,0,0,250,0,0,512,1.1274895668029785,79.86576080322266,0,0
888,A,888,-0.002116621006280184,0.05588827282190323,nan,nan,512,0,-0.002116621006280184,0.05588827282190323,all_rows,512,0,0.008444035425782204,0.06484375,-0.0044893448706716296,0.0015399972326122224,0.1613188199698925,61bf3842f348a41cd791e31b369eeada:0:0,1e5cc0fe8eba6867f8ddd0435a0f6d1d:0:0,5ff2b29bf3d64e3d97c4378dfd4c17dd:0:0,765f9431ccde917732fe3e65866d010e:0:1436320714,2d8d570c3cc813a42683f271b6a74991:1:1184981460,10,1.0,0,0,0,0,0,0,512,0,0,512,0,0,271,0,0,241,0,0,512,1.056441307067871,80.43301391601562,0,0
889,A,889,0.003177445847541094,0.0627860277891159,nan,nan,512,0,0.003177445847541094,0.0627860277891159,all_rows,512,0,0.008500172756612301,0.0966796875,-0.00548021059948951,0.0019267400493845344,0.16424970899242908,3b05f91894c80221dde4d963e4fbb6da:0:0,cc39566e514edef7f3a6e1374e913ebd:0:0,8a4c9bc088fc8f379272f16c6b193522:0:0,43ef03932fb98344df9155a4f66fe50e:0:1716165758,f6a5ed57381634b9a604c5921032b05b:0:2231977513,10,1.0,0,0,0,0,0,0,512,0,0,512,0,0,230,0,0,282,0,0,512,1.1199110746383667,79.24264526367188,0,0
890,A,890,-0.005204090848565102,0.056288015097379684,nan,nan,512,0,-0.005204090848565102,0.056288015097379684,all_rows,512,0,0.001996855717152357,0.07109375,-0.0025276489788666366,0.0015485871001146734,0.16073579899966717,89c40e3c5fbc1b7b897145cafa9882da:0:0,cea1f90c2caba28f4f7c1a9b7981c427:0:0,c1282048d5f78e9d1a03af1b13dcf472:0:0,b52bbe14ea55f0734fad30645432c90e:0:1938158393,6e6c2291f4f9306febd69e53102d1124:1:2592352624,10,1.0,0,0,0,0,0,0,512,0,0,512,0,0,268,0,0,244,0,0,512,1.1342291831970215,79.22714233398438,0,0
891,A,891,0.0022107071708887815,0.05325837433338165,nan,nan,512,0,0.0022107071708887815,0.05325837433338165,all_rows,512,0,0.0032202983275055885,0.0546875,-0.002795205544680357,0.001415941014420241,0.16133371193427593,189ff64811cb1fa3411fca9c77754eda:0:0,4ebab25d27bd0207e458cfb3f2abed4c:0:0,58713184f1d62c2f5431bd5d3e15e552:0:0,02d8ee429bb6ff3b7aaeb2079fb5ad0e:0:2021022789,2a16d9c0f65081e0cb6034b7f0c4f787:1:2583190971,10,1.0,0,0,0,0,0,0,512,0,0,512,0,0,238,0,0,274,0,0,512,1.1631771326065063,78.98461151123047,0,0
892,A,892,0.0002201695751864463,0.05427563562989235,nan,nan,512,0,0.0002201695751864463,0.05427563562989235,all_rows,512,0,0.005916358437389135,0.084765625,-0.005387215502560138,0.00146237708395347,0.16123712598346174,b60bdc4cd081ad5fc0684a245b921ada:0:0,0631540575c83a6bf0b5c808af083708:0:0,1c35b4cc1444ac013701dc6c8dced8b5:0:0,c133e26b05903bf989587df2d8f8910e:0:2677661032,d2def19595d43c629e590cf52e70d0f0:0:2144734138,10,1.0,0,0,0,0,0,0,512,0,0,512,0,0,249,0,0,263,0,0,512,1.1187506914138794,78.6738052368164,0,0
893,A,893,0.00020753551507368684,0.05490192398428917,nan,nan,512,0,0.00020753551507368684,0.05490192398428917,all_rows,512,0,0.005656171590089798,0.0423828125,-0.0019250771030783654,0.0014923097565770148,0.16182958602439612,c719aa5179c89fdce351e6aea6eee6da:0:0,34f21c94da5c65d406b2f3cf92541622:0:0,7c91aeee1be6f8aafe0863dc27495714:0:0,b23755d7e2f73380b9d2f789fffb750e:0:635556036,655204cf7cecf000f5b9b9bd89f6ce34:0:2367625800,10,1.0,0,0,0,0,0,0,512,0,0,512,0,0,251,0,0,261,0,0,512,1.0991860628128052,77.84014892578125,0,0
894,A,894,-0.0018263922538608313,0.05792740359902382,nan,nan,512,0,-0.0018263922538608313,0.05792740359902382,all_rows,512,0,0.006267777178436518,0.065625,-0.0002495444845408201,0.0016698929597623647,0.1618031730176881,cdbb57f72812930372730287598bb2da:0:0,ec47b52cd9a17d7167b72527c398340d:0:0,bf0bf6a10c906c2063e989aac023e6f4:0:0,c817b642985eeb2f43ac423114be590e:0:4246528824,3e96e100c9fa82583309cc93f2bae1ba:1:3351518014,10,1.0,0,0,0,0,0,0,512,0,0,512,0,0,258,0,0,254,0,0,512,1.1196624040603638,77.4152603149414,0,0
895,A,895,-0.0005663080373778939,0.05099353566765785,nan,nan,512,0,-0.0005663080373778939,0.05099353566765785,all_rows,512,0,0.01331761572510004,0.072265625,-0.0004125300794839859,0.0013024678453803062,0.16156284604221582,db6d0995a78d1f10eef13ffa73687eda:0:0,fce2ea523049a1ae8d5cf8ec9f6e9347:0:0,491d0d556dcec7d92df685936517132d:0:0,fe3d5cd0114136c23bd8414c17413d0e:0:2345286456,2b39dd80096f8f9c0821b783c19bf5a0:1:2399716890,10,1.0,0,0,0,0,0,0,512,0,0,512,0,0,248,0,0,264,0,0,512,1.1617783308029175,77.01510620117188,0,0
896,A,896,-0.0031459976453334093,0.04945535212755203,nan,nan,512,0,-0.0031459976453334093,0.04945535212755203,all_rows,512,0,0.00407850556075573,0.0857421875,-0.0038084694184362887,0.0012120168074034154,0.16178125294391066,830a7c00d9a1cb6f5e818153f4854ada:0:0,a973081cd32ae70ddd22fe5b34fbe788:0:0,f1e855bdb5c9abdae65cfcb3e6812899:0:0,0fb35b33dfd9ebe978b0983f0784210e:0:4007688289,51328ecc73a7aea7ff27e447298d5e3f:0:2936638177,10,1.0,0,0,0,0,0,0,512,0,0,512,0,0,253,0,0,259,0,0,512,1.1649030447006226,74.84992218017578,0,0
897,A,897,-0.004747201222926378,0.0531587153673172,nan,nan,512,0,-0.004747201222926378,0.0531587153673172,all_rows,512,0,0.0066629499197006226,0.0853515625,0.005385345662944019,0.0014204559091012924,0.16562834405340254,a2e7ed074412b8cd1767e8dfdce216da:0:0,5d545e821716e372448152993ec37081:0:0,29f4b9e9f4f6a51ae3e4a283afa8904f:0:0,41980af07357f39b75f4aa6de587050e:0:4136973420,a4c4591e5492a4c7475d509b860dcb34:0:3270070199,10,1.0,0,0,0,0,0,0,512,0,0,512,0,0,260,0,0,252,0,0,512,1.1526563167572021,74.82105255126953,0,0
898,A,898,-0.00573909655213356,0.05290469154715538,nan,nan,512,0,-0.00573909655213356,0.05290469154715538,all_rows,512,0,0.004377959296107292,0.0404296875,-0.0014177380595356225,0.0013654989714268595,0.16141941701062024,5a70309948ff02748c77d8ea2c7ee2da:0:0,951eb70e1359dbb5a8b62f21505b9ccb:0:0,24db83c21e586ee06a2dccf492265731:0:0,4457fdfff8e8392938c99b3cb149e90e:0:3893608015,77e69ad8ef885f5ecf2457a9d512f6c0:1:3570748661,10,1.0,0,0,0,0,0,0,512,0,0,512,0,0,261,0,0,251,0,0,512,1.0947233438491821,75.48357391357422,0,0
899,A,899,0.001894140848889947,0.05101941525936127,nan,nan,512,0,0.001894140848889947,0.05101941525936127,all_rows,512,0,0.0042304350063204765,0.0576171875,-0.004555931081995368,0.0012969897245056928,0.16325430502183735,b3c5ee67c51ad6e41913f3bee35baeda:0:0,d60a0e71aac6f5e5c278101f8a309fc1:0:0,6b612c5bcea33a83cf4998d5cf23fec2:0:0,651c45873bfe771233ba4e0f6acccd0e:0:2573012523,3e67e0fa715ada57bca4c799ea68e853:0:1678312838,10,1.0,0,0,0,0,0,0,512,0,0,512,0,0,261,0,0,251,0,0,512,1.1208182573318481,76.53752899169922,0,0
900,A,900,0.003561242250725627,0.05368652567267418,nan,nan,512,0,0.003561242250725627,0.05368652567267418,all_rows,512,0,0.0050329966470599174,0.037109375,-0.004604863165877759,0.0014268197410274297,0.16770754102617502,01751ba8116747a5cd2e1baa01787ada:0:0,020a05417fb04e546f690b8017b2d14a:0:0,3f748b8437b3160cb523e8e104dfa430:0:0,b79a3c899a3fe1982ab7664a120fb10e:0:3592176002,7621862662b8577637f9672740196d0d:0:352965594,10,1.0,0,0,0,0,0,0,512,0,0,512,0,0,239,0,0,273,0,0,512,1.0816189050674438,77.27983093261719,0,0
901,A,901,-0.0031821494922041893,0.05446859449148178,nan,nan,512,0,-0.0031821494922041893,0.05446859449148178,all_rows,512,0,0.004458191338926554,0.06953125,0.00165677173063159,0.0013745112286414952,0.1597653590142727,b163a88aa5b5d067394772f786d546da:0:0,6ecc0859b2d403fd190e921f567145ae:0:0,afb787bcf244e2b792d983b6d770802e:0:0,551d21eadf73af1317174750a712950e:0:164686352,f1954ced8a9ca00c241f55d6cdd03b4c:1:1486984116,10,1.0,0,0,0,0,0,0,512,0,0,512,0,0,257,0,0,255,0,0,512,1.041913628578186,78.62466430664062,0,0
902,A,902,0.0018824554281309247,0.050184499472379684,nan,nan,512,0,0.0018824554281309247,0.050184499472379684,all_rows,512,0,0.0035177699755877256,0.0341796875,-0.00030522458255290987,0.0011840120947454124,0.15946362901013345,682508d0d94395513a705bf3737212da:0:0,42646f290975e135c36f8584abc49dc4:0:0,fd1e2a773cb1bbc58d456c26d4b31e11:0:0,15f0ce619ddd7e050b96148729d5790e:0:1492334295,ca52862b568a94e2e780e342f4d1195a:1:2572839062,10,1.0,0,0,0,0,0,0,512,0,0,512,0,0,249,0,0,263,0,0,512,1.0210422277450562,78.08418273925781,0,0
903,A,903,0.001942159840837121,0.050161801278591156,nan,nan,512,0,0.001942159840837121,0.050161801278591156,all_rows,512,0,0.004859506618231535,0.0369140625,-0.0029647535644471644,0.0012462723825592548,0.16100259497761726,a1dbbacd7eb8589fc64878e9c74ededa:0:0,b30d8f87a579864c2ef600e10294e3e4:0:0,0858d1bb6df84718a3cc61c531b3fec8:0:0,1408b852576598ee1855b1519a585d0e:0:6481992,421f195622b919a57315a4ef86dc3dd1:0:611594506,10,1.0,0,0,0,0,0,0,512,0,0,512,0,0,256,0,0,256,0,0,512,1.0524520874023438,78.2934341430664,0,0
904,A,904,-0.010084616020321846,0.05459702014923096,nan,nan,512,0,-0.010084616020321846,0.05459702014923096,all_rows,512,0,0.01076957955956459,0.0662109375,-0.007918137544766068,0.0014635167899541557,0.16335463500581682,df2e37fb58d52779b6feac26826baada:0:0,f51d17af412e4bbc7380746ca18408ea:0:0,85ed76d1869517af0f783c5baff3ae06:0:0,9e9740e18bf317e02eddc113f89b410e:0:3840331949,ba42ed4ea84afb97334cc512c23e2e0d:1:2708580819,10,1.0,0,0,0,0,0,0,512,0,0,512,0,0,251,0,0,261,0,0,512,0.98891681432724,78.57557678222656,4,0
905,A,905,0.0011996825924143195,0.049552902579307556,nan,nan,512,0,0.0011996825924143195,0.049552902579307556,all_rows,512,0,0.012744608335196972,0.130078125,-0.0050251993117854,0.001234745979309082,0.16179834597278386,94c1ce33a51ebe08975117f5a4c876da:0:0,faa60b0155b040734267aed41caf9acf:0:0,a0289eb2f5f899e6153041f92fa7fb2a:0:0,dc06f2e0815bdfd3061ba732449e250e:0:984327563,ea461536a9c0861cd650591e6f8147b8:1:93522481,10,1.0,0,0,0,0,0,0,512,0,0,512,0,0,246,0,0,266,0,0,512,0.9782333374023438,78.0941390991211,6,0
906,A,906,0.00820103008300066,0.061027321964502335,nan,nan,512,0,0.00820103008300066,0.061027321964502335,all_rows,512,0,0.012619396671652794,0.064453125,-0.0016288171987980603,0.0018480199738405644,0.16016777406912297,b16dc06e39cfa2d06e8d1ea32e6542da:0:0,26b55728dbd840fd15a15cd8e41c7f2a:0:0,6f2aedc5a19287f08334e95afca53069:0:0,f829ed8e594e7fb7fe6287107e61090e:0:422423160,ea0fe3aa8ba6a2a3ea8f994c325cda91:0:538884526,10,1.0,0,0,0,0,0,0,512,0,0,512,0,0,276,0,0,236,0,0,512,0.9675575494766235,80.23806762695312,11,0
907,A,907,-0.005339212249964476,0.05307335406541824,nan,nan,512,0,-0.005339212249964476,0.05307335406541824,all_rows,512,0,0.0052988165989518166,0.04140625,-0.002722662314772606,0.001383001054637134,0.16075562394689769,a22bb9d3f45df9478c8f627b1f420eda:0:0,99fc3d57856daeb87616d3aae5039574:0:0,fd6f8cd9771a1de1530d77c83d89d615:0:0,353b2a7cc999eb4e056b4412a5e3ed0e:0:838959747,33c29e463543cf92c0b749d7103dfb45:1:1300182877,10,1.0,0,0,0,0,0,0,512,0,0,512,0,0,270,0,0,242,0,0,512,0.9882476925849915,78.5357666015625,4,0
908,A,908,-0.0024627360980957747,0.05069293826818466,nan,nan,512,0,-0.0024627360980957747,0.05069293826818466,all_rows,512,0,0.008974038064479828,0.0546875,-0.005931548681110144,0.0012758540193317457,0.1602178510511294,49f015cb75e10bae55c3c5c9775edada:0:0,b7259adc1a860715f5aad5dcbd842c4b:0:0,ef37d27f6ba64aac82b8f2a5ffecfbff:0:0,5539a73d8b3713b57a54819cbb26d10e:0:2383796603,a04566b2a5d679ecdb855a6071523456:0:3537142861,10,1.0,0,0,0,0,0,0,512,0,0,512,0,0,238,0,0,274,0,0,512,1.0161542892456055,78.79480743408203,0,0
909,A,909,0.004039398860186338,0.05780860409140587,nan,nan,512,0,0.004039398860186338,0.05780860409140587,all_rows,512,0,0.013424854725599289,0.0318359375,0.001358819822780788,0.0016504943079780788,0.16044674604199827,764cc3876aa28c270f256ada36bba6da:0:0,10e83f784a99f2f0f5747267dff1e27d:0:0,e0eac50cccf499a71480f45c94014ef0:0:0,63f6b8d354785dc411a2a312be29b50e:0:1374210674,ac352950707f0fd9ea39c84caad921e0:0:597382341,10,1.0,0,0,0,0,0,0,512,0,0,512,0,0,271,0,0,241,0,0,512,1.0155143737792969,80.4740982055664,0,0
910,A,910,0.006223478354513645,0.05059022828936577,nan,nan,512,0,0.006223478354513645,0.05059022828936577,all_rows,512,0,0.007324522361159325,0.072265625,-0.0019248995929956436,0.0012362855050014332,0.1620752039598301,f74c9b7cda278d0daa3eb3f95d5872da:0:0,b582458d0551a01ec7c3e7df419dd8b1:0:0,03466fdfeca5254ca8b512c4d1d86ab0:0:0,bea6f036f2c2f618b93fcbd8aeec990e:0:2010953820,a1e104e85476bdc1d0517d33a017e0ce:0:3690226013,10,1.0,0,0,0,0,0,0,512,0,0,512,0,0,237,0,0,275,0,0,512,1.0135973691940308,78.77499389648438,0,0
911,A,911,0.0016878097085282207,0.05137551575899124,nan,nan,512,0,0.0016878097085282207,0.05137551575899124,all_rows,512,0,0.005277733318507671,0.0734375,-0.00905037489719689,0.0013033978117164224,0.16261437605135143,b092d9073cfd308f91294372eb353eda:0:0,f2bd06c0c0d1afa9c80515bbc2ae1414:0:0,db05bcb970ebd3db9222fbd659689c97:0:0,199ffc96d83602ef7c7bdf528d6f7d0e:0:2241302671,384b8bf5001a1e8f4edd923b384d0487:0:1747049048,10,1.0,0,0,0,0,0,0,512,0,0,512,0,0,242,0,0,270,0,0,512,1.0507643222808838,79.50023651123047,0,0
912,A,912,0.005394653417170048,0.05661577358841896,nan,nan,512,0,0.005394653417170048,0.05661577358841896,all_rows,512,0,0.002216286025941372,0.085546875,-0.0058854078524746,0.001596900139702484,0.16781828505918384,c2bb125f55950f83728dfb92e0520ada:0:0,7cf68dd2bf6a894ac6fb442e2a709d0a:0:0,9927612e185b4412b1d2bd821ff93434:0:0,05ede14d31a3b3b5680c80e459b2610e:0:3069227220,2f118165b92da67cfca5a0b84e4e40b1:0:3652875908,10,1.0,0,0,0,0,0,0,512,0,0,512,0,0,265,0,0,247,0,0,512,1.0227679014205933,80.9368896484375,0,0
913,A,913,-0.0011348595144227147,0.04997389763593674,nan,nan,512,0,-0.0011348595144227147,0.04997389763593674,all_rows,512,0,0.019502321258187294,0.0400390625,-0.0024129297817125916,0.0012580986891407519,0.16281283204443753,55797ce9097d57810da4fea53caed6da:0:0,56fa4a0ce2d35fdce7afd84347b0af5c:0:0,002e78583f3b77d77bb3ff8c27fd2c9f:0:0,e44ea2de59402e5c6e0d13f213b5450e:0:567842341,77c07f1e6cbe3eb836c0efde266a54d9:0:1453544202,10,1.0,0,0,0,0,0,0,512,0,0,512,0,0,265,0,0,247,0,0,512,1.0298360586166382,81.26496887207031,0,0
914,A,914,-0.007979861460626125,0.05186760798096657,nan,nan,512,0,-0.007979861460626125,0.05186760798096657,all_rows,512,0,0.003960496746003628,0.0779296875,0.0011733905412256718,0.0013191738922614603,0.16223325300961733,9c518bbbb840a038fe35aef6004ba2da:0:0,6020cb6af691895af484a47e2f1f0ada:0:0,3bda463b50dc1d6b40c7c84f23a47e25:0:0,17ad3fa73a6a5a6f49febbdfbb78290e:0:183671843,2279f2ccb31102e08493cfa37d036b37:1:3618040381,10,1.0,0,0,0,0,0,0,512,0,0,512,0,0,267,0,0,245,0,0,512,1.003117322921753,82.62943267822266,0,0
915,A,915,-0.0024262487422674894,0.049295224249362946,nan,nan,512,0,-0.0024262487422674894,0.049295224249362946,all_rows,512,0,0.0033806096762418747,0.0693359375,-0.0013961084187030792,0.0011931034212466329,0.1601575540844351,70220227cd39780c8896aed12b286eda:0:0,a2c11c4fa7249a83a1b9edc48f8ed042:0:0,fc55bab93a104352e46d2ee35c0d4c7e:0:0,74235e38faf289e564c85c1150fb0d0e:0:1347168088,b52a352b20a743d5705c81c0eb3e80de:0:2807979214,10,1.0,0,0,0,0,0,0,512,0,0,512,0,0,262,0,0,250,0,0,512,1.0355784893035889,82.23113250732422,0,0
916,A,916,0.005836472846567631,0.057180292904376984,nan,nan,512,0,0.005836472846567631,0.057180292904376984,all_rows,512,0,0.0019688173197209835,0.06015625,0.0008390201255679131,0.0016161123872734605,0.16138840198982507,4e816bdb89a5a7e565ade082bd453ada:0:0,779e0768f7f7bb36eb16e948746158f2:0:0,a07b77ef7a1827ef1ddb316ca2053e1f:0:0,269c94b4fe42ffb6b8b697ead43df10e:0:1548686593,e8a59ca962cf627d9b86f05fd2cae35f:1:3369811372,10,1.0,0,0,0,0,0,0,512,0,0,512,0,0,277,0,0,235,0,0,512,1.0187435150146484,81.6231460571289,0,0
917,A,917,-0.004205097444355488,0.04841312766075134,nan,nan,512,0,-0.004205097444355488,0.04841312766075134,all_rows,512,0,0.004538034554570913,0.0259765625,0.00036492192884907126,0.0011646334489341826,0.16068994102533907,c434902844452e4d8ef06656b6a206da:0:0,3424d7174c7c038a1931c79d3d0f6ad6:0:0,c687265f448a28709669eae1235debaf:0:0,722e89d216ce542fb57bd2d04540d50e:0:954733084,eb197f793d5cbdf6120bb8de4059b9fc:0:1152510431,10,1.0,0,0,0,0,0,0,512,0,0,512,0,0,251,0,0,261,0,0,512,1.028468370437622,81.24882507324219,0,0
918,A,918,0.0008148723281919956,0.053526900708675385,nan,nan,512,0,0.0008148723281919956,0.053526900708675385,all_rows,512,0,0.0053716180846095085,0.0830078125,-0.005953331850469113,0.0013993285916512831,0.16113257792312652,4129e5c89bd0f1c70a62a299173ed2da:0:0,6db264458be46aa367ac4e024fde24b9:0:0,5a2aaac27ba5aab12ae6ab815c9db4b5:0:0,70d671897a27b70524303025a403b90e:0:3795902645,eac8fb86564de4c4fb28a02523a53164:1:2014767325,10,1.0,0,0,0,0,0,0,512,0,0,512,0,0,260,0,0,252,0,0,512,1.0304466485977173,81.16464233398438,0,0
919,A,919,0.0048413025215268135,0.053766701370477676,nan,nan,512,0,0.0048413025215268135,0.053766701370477676,all_rows,512,0,0.00460760248824954,0.0474609375,-0.0017012096010148524,0.001409812190104276,0.16334776394069195,1999486759952a63b6983795df1b9eda:0:0,fa5809f90c495d8cd0443c510120159a:0:0,569b300a510d9fcb89dc44dc9cb21ef3:0:0,534e8cbfcc290f280b51934ef0869d0e:0:4179780993,815654b369d95fdf671d41013eab3682:0:1467115869,10,1.0,0,0,0,0,0,0,512,0,0,512,0,0,266,0,0,246,0,0,512,1.023485779762268,82.60175323486328,0,0
920,A,920,-0.008428109809756279,0.051275063306093216,nan,nan,512,0,-0.008428109809756279,0.051275063306093216,all_rows,512,0,0.0020944830030202866,0.0412109375,-0.0003576492890715599,0.0012678279366809876,0.16510707407724112,106e3906017b829d16b407990e386ada:0:0,31a535dbd2d4ecfb3715936ba67ed933:0:0,5f0ae55fb7f4405e055afc8e7dd964aa:0:0,34d55c94558af85992c39fb02ac9810e:0:3401396406,f4cb45c604bfc92ccd8b3e322070bcfc:1:3389251489,10,1.0,0,0,0,0,0,0,512,0,0,512,0,0,251,0,0,261,0,0,512,0.983037531375885,83.53462219238281,9,0
921,A,921,0.021784985437989235,0.057218872010707855,nan,nan,512,0,0.021784985437989235,0.057218872010707855,all_rows,512,0,0.0022547123953700066,0.0173828125,-0.0013856733683496713,0.0013390969252213836,0.16117004095576704,3a3cc6414cd0ef6c1e6834eea49536da:0:0,cab74eb74caf3fed1b9d991d2a7ada22:0:0,7572aee6dea935db965b4f99ef0e9db2:0:0,49cc27563a529e7ee7cfb8ad52cc650e:0:3202100096,ffa2ca7e2cb05daaa6f2ec458f8b8d1b:0:2996849783,10,1.0,0,0,0,0,0,0,512,0,0,512,0,0,235,0,0,277,0,0,512,0.9793603420257568,83.56720733642578,9,0
922,A,922,-0.0002319812774658203,0.046820592135190964,nan,nan,512,0,-0.0002319812774658203,0.046820592135190964,all_rows,512,0,0.006579678039997816,0.103125,-0.011776635493151843,0.0010737901029642671,0.16132252395618707,5cedd9510d133fa0fdf621e2a23202da:0:0,6a8f29cdbca548db2917b219a7e881ce:0:0,576fb4393871eea13a6d2a28ad9662fc:0:0,c8c33e75447976b5212501aa688f490e:0:2415381309,634c1cfde34a82a99f16e6047c307854:1:2063269372,10,1.0,0,0,0,0,0,0,512,0,0,512,0,0,246,0,0,266,0,0,512,0.9713466763496399,84.0307388305664,8,0
923,A,923,-0.0036926837638020515,0.050633110105991364,nan,nan,512,0,-0.0036926837638020515,0.050633110105991364,all_rows,512,0,0.007284283638000488,0.0615234375,-0.002339900564402342,0.0012508345971582457,0.16195821203291416,2e4f10803412627aee2e70c1070eceda:0:0,fa285f0deba7a3711a4d86c42aae72ee:0:0,647f4026e8308b90499c2771aa881b31:0:0,3aa02a199732d62522d85e0b6c122d0e:0:3970720225,b74a0f2b390fb1ce7954074ffd15dec2:1:1126572243,10,1.0,0,0,0,0,0,0,512,0,0,512,0,0,258,0,0,254,0,0,512,0.9488719701766968,83.68266296386719,10,0
924,A,924,0.001681649824604392,0.05215844139456749,nan,nan,512,0,0.001681649824604392,0.05215844139456749,all_rows,512,0,0.0014537288807332516,0.0625,8.259629830718041e-05,0.0013389253814239054,0.1613368719117716,020487b8feb1657ffc7103d5d32b9ada:0:0,510f77caea19b7f5080654f79b03ce2b:0:0,01abefed42197febff36ab88bdb70932:0:0,adc478635f336697826471345d55110e:0:719342798,24ea252237151c15c253eaea51d47539:0:2524142823,10,1.0,0,0,0,0,0,0,512,0,0,512,0,0,251,0,0,261,0,0,512,0.9121772050857544,82.84160614013672,15,0
925,A,925,-0.000558028812520206,0.05463650822639465,nan,nan,512,0,-0.000558028812520206,0.05463650822639465,all_rows,512,0,0.00976711418479681,0.079296875,-0.0012007810873910785,0.0014681189553812147,0.1678104680031538,9d3ff3a07f932994d6acfd6d068866da:0:0,29b41bea9faba18b6323e64a85fd641b:0:0,03dca6b18e05f2f6a52fc2183645d516:0:0,673b6ba9545e78c86aa99e893c57f50e:0:80143110,e9216f7f1e6646fe2f1f1a052ac485f4:1:2409455245,10,1.0,0,0,0,0,0,0,512,0,0,512,0,0,237,0,0,275,0,0,512,0.8812733888626099,82.53949737548828,38,0
926,A,926,-0.000741228403057903,0.051850173622369766,nan,nan,512,0,-0.000741228403057903,0.051850173622369766,all_rows,512,0,0.0034351416397839785,0.0701171875,-0.0024614015128463507,0.0013288804912008345,0.16010832192841917,0b58439c06fecf549760bfd2a12532da:0:0,286336ef6a3ee23ad306be5f30778ce2:0:0,673ff514e29812a93db9c7810bb4ceeb:0:0,e9b92462a13d347b7fee096e091ad90e:0:2513126186,e4905cad49a8f2666ca91b2f1395a1ab:0:480493869,10,1.0,0,0,0,0,0,0,512,0,0,512,0,0,257,0,0,255,0,0,512,0.8788259625434875,81.80021667480469,32,0
927,A,927,0.004049636889249086,0.045926474034786224,nan,nan,512,0,0.004049636889249086,0.045926474034786224,all_rows,512,0,0.006278549320995808,0.0763671875,-0.006105419620871544,0.0010546472505666316,0.16330935200676322,79279afa2547daa89199ed52a301feda:0:0,766359c39e7fe72716664af36a092633:0:0,0ec5a6c35129fddd758d487a314af08a:0:0,525f28be84a3a64fc3dd9546c39dbd0e:0:3786676504,bda1700cae85b8ff014ccd3c9944d375:1:2053140354,10,1.0,0,0,0,0,0,0,512,0,0,512,0,0,258,0,0,254,0,0,512,0.8771564364433289,80.98853302001953,30,0
928,A,928,-0.007930975407361984,0.05326034501194954,nan,nan,512,0,-0.007930975407361984,0.05326034501194954,all_rows,512,0,0.010187571868300438,0.0404296875,-0.0006741379387676716,0.001410696393577382,0.16262184793595225,5532d95845060da01cf568390c1ecada:0:0,43e1c57c6f060a1ed4b024089e96acda:0:0,dc72eb9262b7d685abe35eca80978b26:0:0,ec885541c1e7ab537989e5776be0a10e:0:2687895253,56442b53c4edd3bf8ee54cf41b6391c4:1:1913904837,10,1.0,0,0,0,0,0,0,512,0,0,512,0,0,254,0,0,258,0,0,512,0.8753973841667175,80.51945495605469,25,0
929,A,929,0.003640325739979744,0.05248837545514107,nan,nan,512,0,0.003640325739979744,0.05248837545514107,all_rows,512,0,0.009777827188372612,0.062890625,-0.0045657012378796935,0.0013396603986620902,0.16244536894373596,3f4e1e3d1a68fa88619f52d1dc7b96da:0:0,661baee1bd52eecf3706688b12b46d0d:0:0,d746c61255c0fcf877a207832856c3d3:0:0,46114f17b40dba58096a5d6401e3850e:0:531310525,a9698f8065101c0176461e3f0f8929a7:0:1876600397,10,1.0,0,0,0,0,0,0,512,0,0,512,0,0,246,0,0,266,0,0,512,0.9190208911895752,79.73736572265625,24,0
930,A,930,-0.008778507821261883,0.04745960608124733,nan,nan,512,0,-0.008778507821261883,0.04745960608124733,all_rows,512,0,0.004070659633725882,0.07734375,0.0005298519972711802,0.0010946228576358408,0.16317201894707978,baf4b3bf64f34d4424530f69141862da:0:0,d08b482d569aec62077c9b83c33aaa41:0:0,1fe6dd0c74d75d9a25c01ea330528656:0:0,ca6a821a984f8b05e55c207085a6690e:0:2828699514,e669871974ec05e62dd1e11df1643c6a:0:3694330434,10,1.0,0,0,0,0,0,0,512,0,0,512,0,0,244,0,0,268,0,0,512,0.909264326095581,80.44271087646484,21,0
931,A,931,0.008788730949163437,0.050271175801754,nan,nan,512,0,0.008788730949163437,0.050271175801754,all_rows,512,0,0.011489884927868843,0.0869140625,-0.004173190146684646,0.0012538056500488893,0.161170172970742,232097efc0e9cbe3925b404ab2f52eda:0:0,00b89232b13a2f8a7f49e58d711f0749:0:0,1f87fd66258c50b2dc6322f8fda69934:0:0,c9fd89ec64609ab06ca21200f7294d0e:0:3875218642,3afe326f61a9f66cccca957083ca12d0:1:2465454290,10,1.0,0,0,0,0,0,0,512,0,0,512,0,0,259,0,0,253,0,0,512,0.9055278301239014,80.02731323242188,19,0
932,A,932,-0.0024270310532301664,0.05708988755941391,nan,nan,512,0,-0.0024270310532301664,0.05708988755941391,all_rows,512,0,0.0020618480630218983,0.058984375,0.0005967483855783939,0.001622993068303913,0.16085184994153678,1456749b85c20e7c0d91c7c2b911fada:0:0,b636b838679cf27bb83f31ffca28a61c:0:0,f0968f5d69d5e0e09bd85eb922383d8b:0:0,a2d19ecf3cd48ee9cfe4d579566c310e:0:3060447423,627f2bd1597e024b2abcc4bffc1e0c3e:0:1611560264,10,1.0,0,0,0,0,0,0,512,0,0,512,0,0,270,0,0,242,0,0,512,0.9295684695243835,78.54776000976562,19,0
933,A,933,-0.0008907572482712567,0.048778656870126724,nan,nan,512,0,-0.0008907572482712567,0.048778656870126724,all_rows,512,0,0.005969788413494825,0.069921875,-0.003983840462751687,0.0011805610061855986,0.16103369800839573,691638ddeedcee3ff85fc81d266ec6da:0:0,22cab10db5078ce81d02d3686470f716:0:0,1ee4d051dae044795b84660872e9d2f6:0:0,4ca13c42600b75d6f532ce3da36f150e:0:2350585650,6956a502a4af929d6a13779be27b7379:1:3040377088,10,1.0,0,0,0,0,0,0,512,0,0,512,0,0,256,0,0,256,0,0,512,0.8993244767189026,79.60147857666016,18,0
934,A,934,-0.0015290017472580075,0.04664987698197365,nan,nan,512,0,-0.0015290017472580075,0.04664987698197365,all_rows,512,0,0.0019132416928187013,0.0490234375,0.00012765966821461915,0.0010639946267474443,0.16281125298701227,052eb7d40bd8abd681bda3a5fb0b92da:0:0,5642e7161e9ab91ac7775f1ffee85b67:0:0,a5716435710d04041e217ae481397685:0:0,a37eb8be1a07e4435c001fb1de31f90e:0:264517149,a753acc03a99d5058c60bf53d1dc370a:1:3388318449,10,1.0,0,0,0,0,0,0,512,0,0,512,0,0,251,0,0,261,0,0,512,0.8792758584022522,80.39763641357422,44,0
935,A,935,0.002815108047798276,0.053896404802799225,nan,nan,512,0,0.002815108047798276,0.053896404802799225,all_rows,512,0,0.006323081906884909,0.038671875,-0.0011431050021201371,0.0014390134369023145,0.16296183096710593,0cd3aba735c6ccf37132fca936e85eda:0:0,2f57bf385cad7eb681aada1f2dbb15d1:0:0,ead44116f90227d60055ea3b49612fc0:0:0,3e75eb3f1592f1750126ad3a06b4dd0e:0:1492549286,0d3362539ec880535782e3b5d8d98c06:0:2874552380,10,1.0,0,0,0,0,0,0,512,0,0,512,0,0,272,0,0,240,0,0,512,0.8717114329338074,80.04133605957031,24,0
936,A,936,0.0018272302113473415,0.05145200341939926,nan,nan,512,0,0.0018272302113473415,0.05145200341939926,all_rows,512,0,0.005371983163058758,0.0740234375,-0.0038272578851319848,0.0012841787189245223,0.16071809199638665,cc0944010691b12ef2d6b572da052ada:0:0,15fe58a60b961c6082388a890a5383ce:0:0,e1bf82c15583ac52e171623ab377ffa8:0:0,390e44a71f1210c042e61a3a1cf7c10e:0:1194979233,ca3d2ff6817a77feb21e91200021930f:1:4021657686,10,1.0,0,0,0,0,0,0,512,0,0,512,0,0,260,0,0,252,0,0,512,0.8322785496711731,80.00518798828125,36,0
937,A,937,-0.007116314023733139,0.0507689043879509,nan,nan,512,0,-0.007116314023733139,0.0507689043879509,all_rows,512,0,0.0017364075174555182,0.040625,0.0006588282063603401,0.0012639383028727024,0.16334798897150904,893efadb0fddde1d634ef04ee461f6da:0:0,48e2828deb2da4fa26840f4fd314abf2:0:0,6d9994609c5e6b6f9ea0660eff163e2a:0:0,e4eaf04f2d72c8dbc4e3ca1620faa50e:0:77409414,88797bd708bd11c3e6dbf3105b0be9fa:0:3572350478,10,1.0,0,0,0,0,0,0,512,0,0,512,0,0,272,0,0,240,0,0,512,0.794941782951355,81.1276626586914,53,0
938,A,938,0.007250397466123104,0.047842610627412796,nan,nan,512,0,0.007250397466123104,0.047842610627412796,all_rows,512,0,0.0032179197296500206,0.0419921875,-0.0046220786403864626,0.0011099345050752164,0.16486578900367022,ca0cca7bceb302a71bd10f8955fec2da:0:0,87e8e3ec3794097818e652b96adf8681:0:0,6f1556a667929f126b9a239e9507c769:0:0,a9c5a07c459048f4542ae03212bd890e:0:328584048,d62b0b0083820e5b68422c3cc7cd93ed:1:1228530210,10,1.0,0,0,0,0,0,0,512,0,0,512,0,0,226,0,0,286,0,0,512,0.805283784866333,81.08370208740234,47,0
939,A,939,-0.004369904287159443,0.04986748844385147,nan,nan,512,0,-0.004369904287159443,0.04986748844385147,all_rows,512,0,0.007209615781903267,0.0498046875,0.0006160747725516558,0.0012107226706575603,0.1621053769486025,3a320b519938b1a03e21b56e2edb8eda:0:0,30219b894649fe4046176c7906f47443:0:0,a5ed2f5ed140ad84a6817d06aa2ab5bd:0:0,3b64a0be8c76db80cb2c3ff1f2406d0e:0:3661349154,5a730183a9b5fe2b437e88a395c1442d:1:3538425956,10,1.0,0,0,0,0,0,0,512,0,0,512,0,0,270,0,0,242,0,0,512,0.7684967517852783,82.28630828857422,48,0
940,A,940,0.004495297092944384,0.041488148272037506,nan,nan,512,0,0.004495297092944384,0.041488148272037506,all_rows,512,0,0.004470060113817453,0.021875,-0.001059037074446678,0.0008413952105911449,0.16076598200015724,7274383b83d2d3a08094c4496ef85ada:0:0,4324be979432533ce35df1b0a0c04b5c:0:0,8690d2991bee85c975e58ff9eef9807c:0:0,8cb5a1979ce936d5f5be8cb9bf83510e:0:3295497467,51db3d279ef527972789b6bea9199ba8:0:3418617701,10,1.0,0,0,0,0,0,0,512,0,0,512,0,0,248,0,0,264,0,0,512,0.7460891008377075,83.63872528076172,63,0
941,A,941,-0.011000467464327812,0.05766972154378891,nan,nan,512,0,-0.011000467464327812,0.05766972154378891,all_rows,512,0,0.007341075222939253,0.0755859375,-0.005640361132100225,0.0014155203563859687,0.15955284296069294,560d9baf7ae9d01afa0d5e67165526da:0:0,479cfe5e81d63d9f446635f944a89a56:0:0,da53ac766a739fceff10ed3e2d69159e:0:0,52a46e1af48bab7a751e29ed7a86350e:0:3655811707,82012081dd1fdb5d8c13dc0b9f8a4490:1:1117102029,10,1.0,0,0,0,0,0,0,512,0,0,512,0,0,261,0,0,251,0,0,512,0.7170442938804626,83.95608520507812,66,0
942,A,942,0.005865135695785284,0.04725167527794838,nan,nan,512,0,0.005865135695785284,0.04725167527794838,all_rows,512,0,0.0022381534799933434,0.064453125,-0.0028030828572809694,0.0010835750726982951,0.16350512101780623,a940780c0eaa6db5edfde61324f1f2da:0:0,3fd22d8d80bd94d1966a57c0d6a691fa:0:0,165018a9bba2e91aae8d2f169cbc2afa:0:0,4e575d910d19303aa3ed3af12349190e:0:86416823,e83791cfaf36c1defbabf8f7c2de08e0:1:3877260827,10,1.0,0,0,0,0,0,0,512,0,0,512,0,0,275,0,0,237,0,0,512,0.7335003018379211,82.6411361694336,65,0
943,A,943,-0.001932992017827928,0.053003229200839996,nan,nan,512,0,-0.001932992017827928,0.053003229200839996,all_rows,512,0,0.00195051240734756,0.028125,-0.002154491562396288,0.0014061420544749126,0.164128034026362,e99a9943ae0969e29867fd999acebeda:0:0,9715057b0201f74d7914fae580236c41:0:0,a70345adf9946a936fcd8dab10955ace:0:0,c2f2d87b76064bfc7a33a328b9cbfd0e:0:2069090253,cdc8f62aa4a80ac55ce3e91297cfe2e3:1:1676084844,10,1.0,0,0,0,0,0,0,512,0,0,512,0,0,256,0,0,256,0,0,512,0.7449361681938171,82.64462280273438,45,0
944,A,944,-0.0009354111389257014,0.05109779164195061,nan,nan,512,0,-0.0009354111389257014,0.05109779164195061,all_rows,512,0,0.004553589969873428,0.0484375,-0.003420830378308892,0.0012955140613485129,0.15924316900782287,57bf65ee4e56c7b4f9dc874677eb8ada:0:0,e0685f09a34c27fad360e18d5b68f83a:0:0,0edf4a6d7ac90882c6ed2cbf70d20a80:0:0,3ca1b1ae02f5dd53715f05f83e0ee10e:0:2025495549,426d4d051fa299dda65b4f5b339ecf59:1:1451549750,10,1.0,0,0,0,0,0,0,512,0,0,512,0,0,251,0,0,261,0,0,512,0.7395254969596863,82.79396057128906,50,0
945,A,945,0.0042658960446715355,0.04962713643908501,nan,nan,512,0,0.0042658960446715355,0.04962713643908501,all_rows,512,0,0.008767270483076572,0.110546875,-0.007261164346709847,0.00119573155825492,0.161548265023157,926b79adbcacd5fba37ba565bc4856da:0:0,8d3e4f752adfef7ad5c8e39c1d76152b:0:0,05e944e4459905f0e4c3ee499ba78460:0:0,f3216186e363bfd46842c6c3b011c50e:0:3057284181,4201e287c8ab536551236c2d60310b99:1:1492914978,10,1.0,0,0,0,0,0,0,512,0,0,512,0,0,242,0,0,270,0,0,512,0.7695476412773132,82.42134094238281,59,0
946,A,946,0.0006725736311636865,0.04480239748954773,nan,nan,512,0,0.0006725736311636865,0.04480239748954773,all_rows,512,0,0.011622275225818157,0.0541015625,-0.004048929759301245,0.0009732784412335605,0.16257275408133864,221492b01686ec9782f4ba4367e522da:0:0,2da9bdf62441a649799ccab4bf187089:0:0,331eb08f81a174237bfe4b9e49b4c38c:0:0,673762a537e94f29871808ef0fd4a90e:0:519246832,ab6c6de6ad38557022762ccd85ee2fc3:1:1254765982,10,1.0,0,0,0,0,0,0,512,0,0,512,1,0,241,0,0,271,0,0,512,0.7830105423927307,83.76554107666016,57,0
947,A,947,-0.0021168366074562073,0.04724544659256935,nan,nan,512,0,-0.0021168366074562073,0.04724544659256935,all_rows,512,0,0.004501705523580313,0.0517578125,-0.003150369320064783,0.0010977599624311552,0.16237970010843128,eb4b27fb26cbe113ae86682b7ac1eeda:0:0,f87eaeb2ee90f1a0956d602adfea0fde:0:0,7309e2e3d0b3a0af289297495a59a1b1:0:0,2e0004d3797fc7e6237dafde5d578d0e:0:1560391605,c0d524cba92877cbf033584a2d4ecbef:0:2088862822,10,1.0,0,0,0,0,0,0,512,0,0,512,0,0,257,0,0,255,0,0,512,0.7886221408843994,82.04222869873047,41,0
948,A,948,0.0041487934067845345,0.05053958669304848,nan,nan,512,0,0.0041487934067845345,0.05053958669304848,all_rows,512,0,0.003756908932700753,0.0701171875,-0.010455622104927897,0.001271029911004007,0.1628625530283898,b318560aa498327d30fe9169f4debada:0:0,e69e5eda94316bf52f2aee2c4ee4804a:0:0,38f1b222d59942811b8092ceb2d9c6b6:0:0,fcb70430c724861aa4785ef5989a710e:0:2979968394,66cb0fc9f9176510d1828b7fbc002e40:1:2342889563,10,1.0,0,0,0,0,0,0,512,0,0,512,0,0,258,0,0,254,0,0,512,0.7583348155021667,81.31505584716797,55,0
949,A,949,-0.009650533087551594,0.05033370852470398,nan,nan,512,0,-0.009650533087551594,0.05033370852470398,all_rows,512,0,0.006005559582263231,0.0478515625,-0.0013276454526931047,0.0012473491224227473,0.16263073403388262,bb3af32a9113ec7ad5ba584ad63b86da:0:0,1d03790228f5b6fdd72b59c1dd37124b:0:0,938372d0aa28d546bd76f68f988ec1ce:0:0,c12f0ff9ee4321a866727998c19d550e:0:1986080734,fb407b55d1cf1faaa7bbd5686cc112f7:1:1945024758,10,1.0,0,0,0,0,0,0,512,0,0,512,0,0,251,0,0,261,0,0,512,0.7557734251022339,81.86495971679688,64,0
950,A,950,0.010452794842422009,0.05867834761738777,nan,nan,512,0,0.010452794842422009,0.05867834761738777,all_rows,512,0,0.017450369894504547,0.0978515625,-0.004399933526292444,0.0016927351010963322,0.16658875194843858,03a18cd631a041a4f4a61f1a1ed852da:0:0,33bf0afdbace418b46141370524072f7:0:0,8a0f40ae3d6f1dd7dedd3b072b5542a5:0:0,b4672da8c24968559f3c232bd860390e:0:1947783498,61b9a66c75320244fabb726037e240aa:0:3494047387,10,1.0,0,0,0,0,0,0,512,0,0,512,0,0,277,0,0,235,0,0,512,0.7404819130897522,83.09004974365234,55,0
951,A,951,-0.010548480786383152,0.050643838942050934,nan,nan,512,0,-0.010548480786383152,0.050643838942050934,all_rows,512,0,0.00490961130708456,0.0478515625,-0.0023981052450835704,0.0012498224474256857,0.16136694699525833,fa0ccb4363a8dd1d3e3d8823ceb51eda:0:0,96e577829133b888553bd2d5c95cdfb3:0:0,2a90f9b73bb096e1201bfdc48357cebc:0:0,ab4b8a7617c935a1420b3f12dce31d0e:0:1496500874,48a702dc75c672b41666b5772d6d6e01:0:3341637552,10,1.0,0,0,0,0,0,0,512,0,0,512,0,0,245,0,0,267,0,0,512,0.7803465127944946,82.06199645996094,49,0
952,A,952,0.0060517326928675175,0.051825858652591705,nan,nan,512,0,0.0060517326928675175,0.051825858652591705,all_rows,512,0,0.006428686436265707,0.0564453125,-0.004708817065693438,0.0013208246789872646,0.16008750000037253,57a640214764eb66878b75b3e5d1eada:0:0,355ff6e09ae3747a541a97db5579fa19:0:0,d31dfa53b675311c47eb67a708c0e3bd:0:0,4372d6a0778c2856e37b70b1cf26010e:0:693673993,1551b76b27c9e5a19fe2b74c5938de33:0:2488637441,10,1.0,0,0,0,0,0,0,512,0,0,512,0,0,277,0,0,235,0,0,512,0.8229280114173889,82.58744812011719,24,0
953,A,953,-0.004766184836626053,0.047341909259557724,nan,nan,512,0,-0.004766184836626053,0.047341909259557724,all_rows,512,0,0.004166747443377972,0.07109375,-0.004452259093523025,0.0010813812201377004,0.1609582380624488,a5caf9707ed3da7c962a0a16642eb6da:0:0,ce3df8b69b666c297f604b5161f27c32:0:0,f154f3c09e99013e9b91edd4603dd67c:0:0,b451b32f5dfd35e29d8e1b6caf28e50e:0:1109366446,22ccba1e568cee1f5ebbd6dadfb88743:0:1551660908,10,1.0,0,0,0,0,0,0,512,0,0,512,0,0,255,0,0,257,0,0,512,0.8279733657836914,83.33627319335938,38,0
954,A,954,0.0038488139398396015,0.05559339001774788,nan,nan,512,0,0.0038488139398396015,0.05559339001774788,all_rows,512,0,0.006025917828083038,0.044140625,0.0025486368220299484,0.0015344154729973526,0.16005051601678133,668f513a7e41d12bec42a79749cb82da:0:0,636f13324bcf3513de559ba2293fb01f:0:0,608103e9d5474dd5e49203aa89eaa6d6:0:0,d6ab0c409b4c1b64f3aa62a77cebc90e:0:192364349,f72130895ba2261cf19c868d03e6c9d7:0:904769570,10,1.0,0,0,0,0,0,0,512,0,0,512,0,0,260,0,0,252,0,0,512,0.8194746375083923,83.52468872070312,40,0
955,A,955,-0.0026386622339487076,0.04880795255303383,nan,nan,512,0,-0.0026386622339487076,0.04880795255303383,all_rows,512,0,0.006801336072385311,0.0501953125,-0.0004831249359995127,0.0011774906335631386,0.15958641993347555,31da5eccab9fdda9948df08296a84eda:0:0,9c64211fc11e4898e3ba07752f849db5:0:0,3e08c105f42f79cb0ad00f441c888bab:0:0,29b66f4328aeac86b69d29c6386ead0e:0:1646774993,955a07fd8929e9dcdeedfe119f4dcada:1:1622352152,10,1.0,0,0,0,0,0,0,512,0,0,512,0,0,248,0,0,264,0,0,512,0.8478370904922485,82.21739959716797,48,0
956,A,956,0.0006384839070960879,0.050538092851638794,nan,nan,512,0,0.0006384839070960879,0.050538092851638794,all_rows,512,0,0.017445575445890427,0.0884765625,0.0019140109186992049,0.0012747305270750075,0.16076030407566577,44a325fb49fbdb6aee53c7244ac51ada:0:0,607eb0ce10695c9a908468e0cec62f07:0:0,469f697ad1c687200e6fafc55750180b:0:0,0d4c85d88724000ce899142ce1b1910e:0:1555739198,db2a7fde6795b1d1c36f3d68b3189336:0:353033042,10,1.0,0,0,0,0,0,0,512,0,0,512,0,0,252,0,0,260,0,0,512,0.7918421030044556,83.46809387207031,43,0
957,A,957,-0.0025627524591982365,0.04909027740359306,nan,nan,512,0,-0.0025627524591982365,0.04909027740359306,all_rows,512,0,0.0070252930745482445,0.034765625,-0.003086664853617549,0.0011860664817504585,0.16259851295035332,0c1824cf6e64103d796b4dc86621e6da:0:0,2fdfeea882fded01567ac8623828af1a:0:0,a566c48b92f119644e3d24ed2985c231:0:0,e025db6b7c1d7a2ca136853f78b4750e:0:324948996,93c870758a7a12ff570ad6f236d917ff:0:2076848208,10,1.0,0,0,0,0,0,0,512,0,0,512,0,0,256,0,0,256,0,0,512,0.8353717923164368,81.25418853759766,35,0
958,A,958,-0.0020706525538116693,0.04630452021956444,nan,nan,512,0,-0.0020706525538116693,0.04630452021956444,all_rows,512,0,0.011502825655043125,0.069140625,-0.00674005898181349,0.0010514050809433684,0.16208877402823418,298b2fe27b82809ea23ae6bae8beb2da:0:0,83eb62989acf6a9bab546ca20e1835e1:0:0,dca82a0e8fdb0d0d9d762a44bb9c3770:0:0,fe98f4e0c071b49ef173a061fd77590e:0:534161666,1aa8a1505b14f598e0ff34b7f60ab83d:0:2548653655,10,1.0,0,0,0,0,0,0,512,0,0,512,0,0,243,0,0,269,0,0,512,0.8720085620880127,80.85626220703125,39,0
959,A,959,-0.0001824044738896191,0.04574389383196831,nan,nan,512,0,-0.0001824044738896191,0.04574389383196831,all_rows,512,0,0.0034633781760931015,0.0744140625,-0.0033610645681619645,0.001027978799538687,0.16098961303941905,4d1fa988e13bfb538db83447d29b7eda:0:0,3a350faac379012c2a0fe44dca995bdf:0:0,a16150c1270d7acd0288ccddfa536919:0:0,8f0a871bf5fd4474c7b448f86ffa3d0e:0:1933635375,d747e079ee85104713c59eadd7c68f6b:1:334930378,10,1.0,0,0,0,0,0,0,512,0,0,512,0,0,244,0,0,268,0,0,512,0.89964759349823,79.48102569580078,22,0
960,A,960,0.0020391386933624744,0.0514444001019001,nan,nan,512,0,0.0020391386933624744,0.0514444001019001,all_rows,512,0,0.0035336872097104788,0.046875,-0.0052256540860980746,0.0012987190508283674,0.16409603494685143,1bb007cd1d9edc40e56818bb23b84ada:0:0,f6d0c886eef2234c3592f4aa00d6e740:0:0,1ea18e20a3467899d10c534229cbc1ca:0:0,6b2d4268f8555daad3c22266d03d210e:0:438249774,09b69519b21b81ba06eadc49eb446735:1:3285652052,10,1.0,0,0,0,0,0,0,512,0,0,512,1,0,246,0,0,266,0,0,512,0.8902042508125305,78.57563018798828,31,0
961,A,961,-0.02633218839764595,0.062298595905303955,nan,nan,512,0,-0.02633218839764595,0.062298595905303955,all_rows,512,0,0.005867218133062124,0.0806640625,0.003518620878458023,0.0015802399720996618,0.1608495149994269,2769511b3c6d8682a35eb660dc1516da:0:0,6a234a84c15b28a88767f446f08091de:0:0,325840d40c4c5ecf77a7b8e0659807b1:0:0,15fe362f5cf0547d6acc90111e40050e:0:2616825137,2db57541caf6d4e67f93fefb04191aaf:0:3374990545,10,1.0,0,0,0,0,0,0,512,0,0,512,0,0,270,0,0,242,0,0,512,0.8850005865097046,78.09038543701172,29,0
962,A,962,0.012984540313482285,0.052405595779418945,nan,nan,512,0,0.012984540313482285,0.052405595779418945,all_rows,512,0,0.00791513454169035,0.0708984375,-0.0014703363180160523,0.0013649414875544607,0.162712523015216,d977b75c529095c3de3f6f84fbb1e2da:0:0,512326186176d5bf21f3dfcc870cc231:0:0,74e308f15a357450ec9346f53af96111:0:0,5bdf41abb727fc7c6b68b55b5a02e90e:0:2488649922,07519fe5eedfc34a5f27dc2493bb1800:1:742072800,10,1.0,0,0,0,0,0,0,512,0,0,512,0,0,250,0,0,262,0,0,512,0.9376481175422668,78.55425262451172,15,0
963,A,963,-0.006861392874270678,0.04716518521308899,nan,nan,512,0,-0.006861392874270678,0.04716518521308899,all_rows,512,0,0.01693875342607498,0.087109375,-0.0016214065486565231,0.00111035306181293,0.1659164329757914,0d0ec520b2bcc6d6953ce673828eaeda:0:0,149687226a1dbdd8bae211e132e4c9e6:0:0,83a6b2ecf4ef16dd8f4c954ccc630a71:0:0,c20a5bbff479e55f219175a98385cd0e:0:773224444,a181d062617db8c33a54e04fe2125d5f:0:763588581,10,1.0,0,0,0,0,0,0,512,0,0,512,0,0,256,0,0,256,0,0,512,0.9421636462211609,79.81234741210938,8,0
964,A,964,0.0007428017561323941,0.054254040122032166,nan,nan,512,0,0.0007428017561323941,0.054254040122032166,all_rows,512,0,0.004773973487317562,0.0533203125,-0.002498653484508395,0.0014439153426792472,0.11706228600814939,1059a856d898978b7c18fd7870ab7ada:0:0,206c3db71a32ad16851ba442633fa948:0:0,b761286be532b9f71e9eba8dfe4c4cfc:0:0,1a96b541e56975982aa7745f9ac8b10e:0:1489028868,7c98b9bf467595c00c0bf9dbdd34d817:1:914529198,10,1.0,0,0,0,0,0,0,512,0,0,512,0,0,250,0,0,262,0,0,512,0.9541887044906616,80.56953430175781,14,0
965,A,965,0.00490635447204113,0.05877326801419258,nan,nan,512,0,0.00490635447204113,0.05877326801419258,all_rows,512,0,0.0039917784743011,0.0361328125,-0.0012722537852823735,0.0017227277450729162,0.10244619695004076,cdb509ec47ad9dc9c724d6dfc60846da:0:0,a96597dc13d6e3ac5e4b65ec3b8c78ee:0:0,6590ed2e115d1d10c99ff3049caf4d31:0:0,382bd684c767e2a9597114e19fcb950e:0:3734865259,b2d799e5aaf51ac698e1f65f4a608306:0:4222486873,10,1.0,0,0,0,0,0,0,512,0,0,512,0,0,252,0,0,260,0,0,512,0.9508658051490784,81.5111312866211,10,0
966,A,966,-0.004567622672766447,0.04872892424464226,nan,nan,512,0,-0.004567622672766447,0.04872892424464226,all_rows,512,0,0.002058986807242036,0.0525390625,-0.0009519677609205246,0.0011738379165763036,0.10160189098678529,0e3b9194db7195e6f740d4f582a512da:0:0,5ee1a3f447e1ed5b675de4c19da411d6:0:0,9255fe9ea972185e49453a865ea42005:0:0,a606da30642607379a1a7a93928e790e:0:1375425599,1db0ac88726ab29cbbcaee284dae695a:1:2370630789,10,1.0,0,0,0,0,0,0,512,0,0,512,0,0,245,0,0,267,0,0,512,0.9700630307197571,80.93562316894531,6,0
967,A,967,0.0011060764081776142,0.0525488518178463,nan,nan,512,0,0.0011060764081776142,0.0525488518178463,all_rows,512,0,0.0051512159407138824,0.064453125,0.001225308608263731,0.0013816990191116928,0.10272509302012622,1d68b0d445b3283ea5dc9a05a681deda:0:0,bda55d9cbd0a2b6d55c156d4ab950f89:0:0,44d86042fb5ec38dcbe3fbb93ca55340:0:0,43e2ccce1ab416ded63588d973115d0e:0:1271961047,a74b598efba5069184eee9e3f2c8d556:0:914667241,10,1.0,0,0,0,0,0,0,512,0,0,512,0,0,255,0,0,257,0,0,512,0.9962307214736938,80.49262237548828,3,0
968,A,968,0.0007981101516634226,0.04940017685294151,nan,nan,512,0,0.0007981101516634226,0.04940017685294151,all_rows,512,0,0.0067785559222102165,0.029296875,-0.002318425942212343,0.0012167890468845143,0.10214692098088562,9ba29844b8b6660a50f7085c319eaada:0:0,7cc3148b684c5ded223e958f13a3f5e8:0:0,d0a4d0425675c7ce6a245d7585272c12:0:0,7f6701c9e6d32fc5d8b9e3174154410e:0:1326374295,5bd3595ea2fa7b1095a27c4776ca0689:1:3254150969,10,1.0,0,0,0,0,0,0,512,0,0,512,0,0,250,0,0,262,0,0,512,1.0325332880020142,79.40157318115234,0,0
969,A,969,0.004784758668392897,0.05203387886285782,nan,nan,512,0,0.004784758668392897,0.05203387886285782,all_rows,512,0,0.0042653377167880535,0.1185546875,-0.0005968591198325157,0.001345496962312609,0.10385465901345015,0a1c4df4fa4cfd79271e424523fb76da:0:0,335c6e89c13bc2fdb6243b769da38564:0:0,dc782bf4aa29cec4558c5393f39bbe25:0:0,6bb4dbfb3adcc9f23204ecb0fd57250e:0:3808116502,4c8b69298e3a21915986f41143c8a92a:1:1360487073,10,1.0,0,0,0,0,0,0,512,0,0,512,0,0,253,0,0,259,0,0,512,1.093379020690918,80.0669937133789,0,0
970,A,970,-0.00535943079739809,0.05078962445259094,nan,nan,512,0,-0.00535943079739809,0.05078962445259094,all_rows,512,0,0.007806714624166489,0.0439453125,-0.00035314287524670365,0.0012800258060451596,0.15926543599925935,94f3bb975d362507d36faa0c7d9842da:0:0,3d86dc68fe5eeb776baa773c14fdec94:0:0,18f81b12ddcd57900399fa540eae6ae3:0:0,f94a191f40a4045c1bd9c90aa71a090e:0:2320449623,dab94219bc76605a75c562aed0e5e61c:1:4035108274,10,1.0,0,0,0,0,0,0,512,0,0,512,1,0,267,0,0,245,0,0,512,1.0470067262649536,80.08626556396484,0,0
971,A,971,0.002161170355975628,0.052622608840465546,nan,nan,512,0,0.002161170355975628,0.052622608840465546,all_rows,512,0,0.008577519096434116,0.06796875,-0.0008719351142644882,0.0013383438636083156,0.14512815594207495,dff5371a5e123e184997e1fe3e750eda:0:0,1e9822d0a10fbc8050d4662f92a3de3e:0:0,a679cd72599e0016595fa4ab5e32d1ab:0:0,da6d2503d5b4cfc25d615b883e9ced0e:0:838479788,040b41d7be7c0bdbed452debbad9d59b:1:1957115422,10,1.0,0,0,0,0,0,0,512,0,0,512,0,0,259,0,0,253,0,0,512,1.107694149017334,80.76107788085938,0,0
972,A,972,0.000552642741240561,0.04924967512488365,nan,nan,512,0,0.000552642741240561,0.04924967512488365,all_rows,512,0,0.003939202055335045,0.018359375,-0.0009453688748180866,0.001185827504377812,0.13786001491826028,26468022e1362ec991d2cc666691dada:0:0,0b651af9a97fdf6dd40343bf959188e0:0:0,f1cf35506adcc1947f6dbdc3a9bc5137:0:0,007e52785754f73e2f2a478dc3dfd10e:0:794039797,acaeaf8ea18531ebf83bbc13cc90bd74:0:1940759217,10,1.0,0,0,0,0,0,0,512,0,0,512,0,0,247,0,0,265,0,0,512,1.120322346687317,79.75794219970703,0,0
973,A,973,0.003104446455836296,0.055459003895521164,nan,nan,512,0,0.003104446455836296,0.055459003895521164,all_rows,512,0,0.005928509868681431,0.1072265625,-0.005259111896157265,0.0015242539055179804,0.14040422602556646,dca670bf4eaa730f94eb8b90f5eea6da:0:0,58b634ae2be3a42aa05600d53fc4ba88:0:0,ba670cc55b4b6b8c6ffb207e813f3ae2:0:0,e293156f12ab06971f28f07f36e2b50e:0:3152351268,3e1d911060f8fd710dd87e031dc7488a:1:1811310475,10,1.0,0,0,0,0,0,0,512,0,0,512,0,0,259,0,0,253,0,0,512,1.1353280544281006,78.538818359375,0,0
974,A,974,-0.0007642313139513135,0.05019645765423775,nan,nan,512,0,-0.0007642313139513135,0.05019645765423775,all_rows,512,0,0.01593303121626377,0.073828125,-0.0030606627464294434,0.0012504359794547782,0.1404441100312397,402caf8a09a1e50ae83c81c9ec8b72da:0:0,f29d2f0f17080ec2344209f279e9bddf:0:0,089fda3aa02ec2767cf84c8a61b74b58:0:0,b36f7b0fed6f0e56f4b779c097a5990e:0:754429097,7b1eee61f631979af53be4102338df42:1:1411720034,10,1.0,0,0,0,0,0,0,512,0,0,512,0,0,248,0,0,264,0,0,512,1.1227014064788818,78.4151840209961,0,0
975,A,975,0.003878815332427621,0.04361409321427345,nan,nan,512,0,0.003878815332427621,0.04361409321427345,all_rows,512,0,0.0023275110870599747,0.060546875,-0.0012800820637494325,0.0009345517755718902,0.1468032249249518,d7c58d5100b43ca099af515d4a683eda:0:0,4e798f3bbf09c704ef7d6f816279cbcb:0:0,132f65406cfaa19c70bb3fcf2c4fbb12:0:0,220621d29b89459d9495c6b5e6287d0e:0:2478216167,a2b9619b47678441ec7c1009b91db812:1:2466150972,10,1.0,0,0,0,0,0,0,512,0,0,512,0,0,255,0,0,257,0,0,512,1.1209713220596313,77.66574096679688,0,0
976,A,976,0.0013062976067885756,0.051576461642980576,nan,nan,512,0,0.0013062976067885756,0.051576461642980576,all_rows,512,0,0.0025232736952602863,0.08125,-0.0006756574846804142,0.0013196747342590243,0.14076593692880124,f449e03754284651fbbcdc970f850ada:0:0,16d75366c9627199ee9219a887ba6ad8:0:0,d4fc802adbbd10256af701544a023c61:0:0,01dfdd0c760289b4e4e97ac3226b610e:0:3845564367,24ddfae55aadfe346d019f92119894f5:1:1621421618,10,1.0,0,0,0,0,0,0,512,0,0,512,0,0,273,0,0,239,0,0,512,1.1107314825057983,78.06443786621094,0,0
977,A,977,-0.003121350659057498,0.045078471302986145,nan,nan,512,0,-0.003121350659057498,0.045078471302986145,all_rows,512,0,0.0034182402305305004,0.085546875,-0.005675402004271746,0.0010003025498008355,0.1021822119364515,b14922254f99d154716d45c33be1d6da:0:0,34f731843b4ffb4229888a569b982180:0:0,3b05e0c78f332f960ed08a872964c813:0:0,15e9fcb3c7aabb64b13df94c4c6e450e:0:1428594735,f12beab7c67a82966be7ff756e6c5bd8:0:2898353194,10,1.0,0,0,0,0,0,0,512,0,0,512,0,0,256,0,0,256,0,0,512,1.0957211256027222,78.04203033447266,0,0
978,A,978,0.0032656199764460325,0.057374030351638794,nan,nan,512,0,0.0032656199764460325,0.057374030351638794,all_rows,512,0,0.00355608225800097,0.017578125,-0.0019226092379540205,0.0016393977450206876,0.10099246399477124,e6a5583a344754e93a57ef2dcf7ea2da:0:0,0dfc9aab1672121f9f57d83a2c72ce07:0:0,3299b74bae3ffb1060c121a6f9798f21:0:0,fdece37023d8fa068e8465b56431290e:0:3872460170,5a464e8bb7769ec707a27f1ca5f663f3:0:66376055,10,1.0,0,0,0,0,0,0,512,0,0,512,0,0,278,0,0,234,0,0,512,1.1237703561782837,78.59420013427734,0,0
979,A,979,-0.0003218838246539235,0.05312585085630417,nan,nan,512,0,-0.0003218838246539235,0.05312585085630417,all_rows,512,0,0.009382217191159725,0.066796875,-0.001054135011509061,0.0013210169330704958,0.10227970103733242,e83c54d291534cf53ea37b22ca5b6eda:0:0,4f2539152e8c6592538fdd2ae74e299f:0:0,d43c29ae1403814c141dbb81edd8a6a5:0:0,c3142a651ba9bc59bf13a36269b40d0e:0:2298966557,5464186799b5fbd830b8023482bec0fd:0:1507404582,10,1.0,0,0,0,0,0,0,512,0,0,512,0,0,247,0,0,265,0,0,512,1.1020278930664062,77.83048248291016,0,0
980,A,980,0.0037332067731767893,0.05259092524647713,nan,nan,512,0,0.0037332067731767893,0.05259092524647713,all_rows,512,0,0.007227333262562752,0.052734375,-0.001997581264004111,0.001368447212735191,0.1081963989418,e448bd9527454dd8db05cbee2c783ada:0:0,3fdd9c0345b2bc2e3c58d6f51eba7279:0:0,106b430ea5460169f3de6561e456245d:0:0,803e0b7a661ec71716a855b75cf6f10e:0:988296729,566dd16987cadf122a3eeae9b897735f:0:3982650338,10,1.0,0,0,0,0,0,0,512,0,0,512,0,0,271,0,0,241,0,0,512,1.1116704940795898,77.88607788085938,0,0
981,A,981,-0.005251774564385414,0.05830606818199158,nan,nan,512,0,-0.005251774564385414,0.05830606818199158,all_rows,512,0,0.009322119876742363,0.0638671875,0.001811923086643219,0.0014867004880215972,0.10188143292907625,3226e2d79416cf87acc403dbf5d506da:0:0,eb5434302fbf9b1edf550eb101a6305a:0:0,78eb22674e9febca14893c5a22cceb48:0:0,f4f9283a4f850144de64e0183df9d50e:0:1424900371,997ebfec43297a0f54d83be58caa878f:0:658378742,10,1.0,0,0,0,0,0,0,512,0,0,512,0,0,239,0,0,273,0,0,512,1.1006511449813843,78.07151794433594,0,0
982,A,982,0.0033016244415193796,0.04508843645453453,nan,nan,512,0,0.0033016244415193796,0.04508843645453453,all_rows,512,0,0.009326688945293427,0.08515625,-0.004770440421998501,0.0010085951682412997,0.10063193400856107,f8fde58b4517afe05db285382671d2da:0:0,95e8f364038c355e879904acc7062586:0:0,c756293f84ad969e419fcc7315fe2c82:0:0,43ee04b50484264ab8d165e90cbcb90e:0:2672098111,d3bfa751dad6ac82eb55ead033ae7558:0:2765627031,10,1.0,0,0,0,0,0,0,512,0,0,512,0,0,249,0,0,263,0,0,512,1.0421435832977295,76.68961334228516,0,0
983,A,983,0.0007838534074835479,0.0422816164791584,nan,nan,512,0,0.0007838534074835479,0.0422816164791584,all_rows,512,0,0.001791427144780755,0.08203125,0.0012960995081812143,0.000890237939893268,0.10724085499532521,47b4e4c26bf66c447034f24ebe4e9eda:0:0,5c540da2a646be4f2b98488674c678e3:0:0,0ed008cc49fd60445d5616254225e81a:0:0,7cacb32d0d3c55c585dbca8dc93f9d0e:0:2282197399,d87c13bd695149351cbafe3f57794379:1:464914680,10,1.0,0,0,0,0,0,0,512,0,0,512,0,0,243,0,0,269,0,0,512,1.0639551877975464,77.98190307617188,0,0
984,A,984,-0.00029159255791455507,0.049781158566474915,nan,nan,512,0,-0.00029159255791455507,0.049781158566474915,all_rows,512,0,0.011085930280387402,0.05234375,-0.003697414696216583,0.0012354131642496214,0.101267155027017,0cd5f3bbf43812700b3e2d6bbd6b6ada:0:0,adbf5783b87ab2890b42421714c8c08e:0:0,67a4747d2477ab6c377a606b72be11bf:0:0,ab3736a70cd5811b46d7b16a7382810e:0:4083144128,6f47cc766df97bff405bcd06ef6d9388:1:1386024677,10,1.0,0,0,0,0,0,0,512,0,0,512,0,0,246,0,0,266,0,0,512,1.0372570753097534,78.428955078125,0,0
985,A,985,0.002071100752800703,0.0513373501598835,nan,nan,512,0,0.002071100752800703,0.0513373501598835,all_rows,512,0,0.019177760928869247,0.058984375,-0.004114621924236417,0.0013188386627007275,0.10094040294643492,5ccd6d44b66be891c65058db23c836da:0:0,531cafd2a8e046ba014d10cce81da623:0:0,a185c1505d12e98dfa0f2cc23d6d2896:0:0,cae60fcc99e4b6cf027e7de30b85650e:0:478930072,2307587bbf77920bebc1806396d85f18:1:331925208,10,1.0,0,0,0,0,0,0,512,0,0,512,0,0,261,0,0,251,0,0,512,1.1172593832015991,77.87675476074219,0,0
986,A,986,-0.011780173517763615,0.05536158010363579,nan,nan,512,0,-0.011780173517763615,0.05536158010363579,all_rows,512,0,0.010700945742428303,0.096875,0.0003601006232202053,0.0015240508306305855,0.11027898895554245,2693d91b6666cca2757cd6e8f16502da:0:0,09b05225ac8db3ee9e999570ee3b07bc:0:0,a85c8514e9640650bb1913cc433ae776:0:0,f42e38e7c40b4b94a8ef535b9148490e:0:3859504610,cfc6930bf06f9668c2cb074b1a1d925a:1:2995264846,10,1.0,0,0,0,0,0,0,512,0,0,512,0,0,250,0,0,262,0,0,512,1.1005587577819824,79.09109497070312,0,0
987,A,987,0.005603725556284189,0.049307361245155334,nan,nan,512,0,0.005603725556284189,0.049307361245155334,all_rows,512,0,0.0033260048367083073,0.0537109375,-0.0010604402981698514,0.0012152474373579025,0.10713156301062554,e18303e3f9d24afcf56449e12641ceda:0:0,5d031d9969c534b0db46e766e318af49:0:0,e1a221281c4986a5d553e947ea904905:0:0,3b1e8b129b33e124f7af153804cb2d0e:0:816526022,4d6c8621bf2d070b163e67477570056f:1:2689370986,10,1.0,0,0,0,0,0,0,512,0,0,512,0,0,259,0,0,253,0,0,512,1.0629462003707886,80.2451171875,0,0
988,A,988,0.00010949408169835806,0.0563555583357811,nan,nan,512,0,0.00010949408169835806,0.0563555583357811,all_rows,512,0,0.012312645092606544,0.062109375,0.0003504082327708602,0.001591951574664563,0.14586542698089033,ea1c2216845b6c35f736940fc25e9ada:0:0,3844494050b3912339e67af0080a2cbd:0:0,98738ac5e7a7b4bd1f8bcdcb3cd65865:0:0,c4de200bccd14ad15da866dc660e110e:0:594269551,2d4466c85d622cfe067b4019447ae7af:0:1780836324,10,1.0,0,0,0,0,0,0,512,0,0,512,0,0,278,0,0,234,0,0,512,1.0571398735046387,79.93965911865234,0,0
989,A,989,-0.0015748264268040657,0.06167872995138168,nan,nan,512,0,-0.0015748264268040657,0.06167872995138168,all_rows,512,0,0.008896801620721817,0.119140625,-0.0028411293402314185,0.0019045490131247788,0.14078466792125255,361cda34c6cd3a33ccb2d7c0c5bb66da:0:0,e29c28deb507f525ff5e23220f9a580a:0:0,05308503687a3e6ad78c2a21be77dd53:0:0,6acdc1772b834fd7df2babacb510f50e:0:2767107693,89c0a4db295c409c8bb96401d60c9d2c:0:3218356076,10,1.0,0,0,0,0,0,0,512,0,0,512,0,0,274,0,0,238,0,0,512,1.0327423810958862,79.77698516845703,0,0
990,A,990,-0.007521030027419329,0.053927477449178696,nan,nan,512,0,-0.007521030027419329,0.053927477449178696,all_rows,512,0,0.005175311584025621,0.098046875,-0.0003765428438782692,0.0014374997466802598,0.140336673008278,c9abe270ee62fc8634277740305832da:0:0,e7f206b1f8930fd85a82e039e92b8de2:0:0,371c9f5f87a5f60ef8673f4f9118178a:0:0,9febd7a6b5854b76f9ef070cf1d3d90e:0:1418243364,5eca33ae55d4935861e53f0d25b8b986:0:3629497470,10,1.0,0,0,0,0,0,0,512,0,0,512,1,0,241,0,0,271,0,0,512,0.9776631593704224,81.06915283203125,6,0
991,A,991,-0.003274350194260478,0.0478234589099884,nan,nan,512,0,-0.003274350194260478,0.0478234589099884,all_rows,512,0,0.0057053342461586,0.07421875,0.0005034468602389097,0.0011409112223191187,0.14057838101871312,eee379cf419e2bfe247214da0234feda:0:0,4efc8797aadaea8741c36b769437c19d:0:0,bcdcd4bcb2b415ff502fb1049a43d671:0:0,067c8f5e6e4aaac1890e5c611c56bd0e:0:3350817183,5e74f5f362129ba3907eb094fdd1d020:1:2258044828,10,1.0,0,0,0,0,0,0,512,0,0,512,0,0,256,0,0,256,0,0,512,1.0119974613189697,80.47528839111328,0,0
992,A,992,-0.001318151829764247,0.04509192705154419,nan,nan,512,0,-0.001318151829764247,0.04509192705154419,all_rows,512,0,0.0050339410081505775,0.0720703125,0.000829209852963686,0.0010061832232167943,0.14238123304676265,a5d06cabb7ec1d8598ff92da3b51cada:0:0,40ed8dbd58dc06e92db2a041acffc807:0:0,1871f60ae6834b7421bbdcbea986973e:0:0,067f175b1fad4832a90b4f0d3499a10e:0:1471818795,cc63317cbe087e7647ada765d73803cb:0:3536006438,10,1.0,0,0,0,0,0,0,512,0,0,512,0,0,265,0,0,247,0,0,512,1.048332691192627,80.78534698486328,0,0
993,A,993,0.004257926717400551,0.049286309629678726,nan,nan,512,0,0.004257926717400551,0.049286309629678726,all_rows,512,0,0.008353166282176971,0.069140625,-0.00791050298139453,0.0011800194915849715,0.1462424430064857,1c5f886bb96764375dcc138cdbae96da:0:0,82047100bbcf0f6a702e96d685ffacd2:0:0,ac253165f2d35f4a8c615600c3a53f33:0:0,8ee4e3b9d711a5019bcd42753a9c850e:0:2645664769,6701da4b6c3003a0f94b0a2ecb4dbd03:1:3202306511,10,1.0,0,0,0,0,0,0,512,0,0,512,0,0,245,0,0,267,0,0,512,1.021176815032959,80.88404083251953,0,0
994,A,994,-0.004992417059838772,0.05378631129860878,nan,nan,512,0,-0.004992417059838772,0.05378631129860878,all_rows,512,0,0.006164134480059147,0.0923828125,-0.0037863971665501595,0.0014256974041927605,0.12466495600529015,42e962038400eab6db62f93de34b62da:0:0,f2442314954ac5f8ed87e39585cf2063:0:0,a7ade0ce12073c52f025c32b31db260d:0:0,c990d6b3b2e50035aca159fd2e5f690e:0:1674815278,dc26bbd5920fbd276b74ffc8dc2219fa:0:2760391324,10,1.0,0,0,0,0,0,0,512,0,0,512,0,0,255,0,0,257,0,0,512,0.9696757197380066,81.71979522705078,7,0
995,A,995,0.00010755035327747464,0.04964650794863701,nan,nan,512,0,0.00010755035327747464,0.04964650794863701,all_rows,512,0,0.010462984442710876,0.105859375,-0.007916360441595317,0.0012158285157056526,0.14065644110087305,ca551ed5f35cc3c7e2dee63952282eda:0:0,3a7f08dd872b44da63ab43c761939610:0:0,8ce4197e96ca797d916d8c32d0db33cf:0:0,ba9a037754d94b7a143a79090fe24d0e:0:3925437676,c3830656c843975535a1d92b3fa5ae35:1:3749574630,10,1.0,0,0,0,0,0,0,512,0,0,512,0,0,262,0,0,250,0,0,512,0.9968792200088501,82.38648223876953,2,0
996,A,996,-0.0029512657783925533,0.04692633077502251,nan,nan,512,0,-0.0029512657783925533,0.04692633077502251,all_rows,512,0,0.008510901592671871,0.045703125,-0.0036465674405917526,0.001101981068495661,0.11526789306662977,0b668754a8aeb22679e9bccb2844fada:0:0,aa260f55d3492a7c946b56390f1c2451:0:0,4bb85eade6f3db61f571eb8c3dbca0d6:0:0,53e8793f0d42fdb1dcb142fcdf25310e:0:2093742325,1a9233083f563a1c27fcb21c464ec47a:0:2566240772,10,1.0,0,0,0,0,0,0,512,0,0,512,0,0,239,0,0,273,0,0,512,1.015232801437378,83.88263702392578,0,0
997,A,997,0.0010415699798613787,0.04853354021906853,nan,nan,512,0,0.0010415699798613787,0.04853354021906853,all_rows,512,0,0.0010773377725854516,0.072265625,-0.0037646312965080144,0.0011795868282206356,0.10166493605356663,8afa0ea5cfe2679ea6bc9f3f65a1c6da:0:0,183e2e39b895a7b9bd897a0588e61d6b:0:0,58ecc2aa6fdcf36f8535f82cce44235e:0:0,44c2221893fcc34bc5841b3c9c28150e:0:1797439651,6a22b848d118ce775069d0e6d4fbbea6:0:2027697230,10,1.0,0,0,0,0,0,0,512,0,0,512,0,0,250,0,0,262,0,0,512,1.0557790994644165,83.36186218261719,0,0
998,A,998,0.0007138828514143825,0.05312787741422653,nan,nan,512,0,0.0007138828514143825,0.05312787741422653,all_rows,512,0,0.007594000082463026,0.0447265625,-0.0002700880402699113,0.0014097253617364914,0.10322866099886596,0bf2aa73ff5b7b643c1fefe20a3e92da:0:0,6cf1a8bf982d56d0a043a7b195fa03ba:0:0,55f351152fb61f80a0abd4e1b94c3a67:0:0,87024228e3350c562797252c46eaf90e:0:1391458988,8e24ba28d073a8c66db977220560d4a7:1:1520594828,10,1.0,0,0,0,0,0,0,512,0,0,512,0,0,260,0,0,252,0,0,512,1.0336332321166992,83.0432357788086,0,0
999,A,999,0.00021744464174844325,0.050239477306604385,nan,nan,512,0,0.00021744464174844325,0.050239477306604385,all_rows,512,0,0.00034745712764561176,0.0568359375,-2.6001298101618887e-05,0.001252307285903953,0.10150462004821748,6cb151ebef9917aaa56b50ff161b5eda:0:0,9224198fcf41de6bf608f1a158401d6d:0:0,b519a89f90b96f4b358d3d112176c6e6:0:0,2f3f898c88897852d934442fdf6ddd0e:0:2879308153,4309b26f804f37300676240f475bc934:0:4261692799,10,1.0,0,0,0,0,0,0,512,0,0,512,0,0,266,0,0,246,0,0,512,0.9933422803878784,83.2568359375,2,0
1000,A,1000,-0.0010549414437264204,0.04844751954078674,nan,nan,512,0,-0.0010549414437264204,0.04844751954078674,all_rows,512,0,0.005444538779556751,0.0453125,-0.006619240273721516,0.0011759579589124768,0.10300796700175852,f254c2cb08095e7cb285a4e289382ada:0:0,6ed9f79f26ff3ad26eaa25e3ea18c239:0:0,b81fb8cda371628be1f99e31284b3758:0:0,1fd2f44a80d41fcb120b1bab65b0c10e:0:2317071327,3bfd3a7920a072b82b08555112dec606:1:3539485653,10,1.0,0,0,0,0,0,0,512,0,0,512,0,0,261,0,0,251,0,0,512,0.9822400212287903,83.4178237915039,3,0
1001,A,1001,0.02625461481511593,0.06650792062282562,nan,nan,512,0,0.02625461481511593,0.06650792062282562,all_rows,512,0,0.00800280086696148,0.1251953125,-0.006630881736055016,0.0018824713595677167,0.10601517499890178,26f9bf40fe5885d463e50dd86394f6da:0:0,949f1bc87fc7dee0e72c25324daca0ad:0:0,0415e480afec94c1ef6329074cc49104:0:0,be44e125730ebba34f310f02d9b3a50e:0:3696186746,096af8e1c1ae78613c163e7d64274eba:0:3445567911,10,1.0,0,0,0,0,0,0,512,0,0,512,0,0,259,0,0,253,0,0,512,0.9986564517021179,84.62385559082031,1,0
1002,A,1002,-0.007853414863348007,0.04835071787238121,nan,nan,512,0,-0.007853414863348007,0.04835071787238121,all_rows,512,0,0.0009628895204514265,0.028515625,-0.00035520237870514395,0.0011169855861226097,0.10065321600995958,190057460587aaf2b68eee2ca531c2da:0:0,1c21448008387dcd7b6a40584d174d00:0:0,50b22e40536273db177464a125e1c51a:0:0,7cddd96cdeafaa2f3721419a3b76890e:0:3417458242,090977e083a9d412714f39fef504842b:0:1578210183,10,1.0,0,0,0,0,0,0,512,0,0,512,0,0,255,0,0,257,0,0,512,0.9189355373382568,85.93878173828125,22,0
1003,A,1003,0.0028363231103867292,0.050838273018598557,nan,nan,512,0,0.0028363231103867292,0.050838273018598557,all_rows,512,0,0.0038926019333302975,0.044140625,0.001071735005825758,0.0012709967675618827,0.10584779398050159,9f39fbe64a175cf77017e82b4e0e8eda:0:0,74b734249ec54fb57091bd342b31e3ed:0:0,86aecf887f7532e2e0ffaa88099e8e35:0:0,bcb5794591e4d2057dbc96d58af96d0e:0:3743430203,ef96e7ed29b444e0576f4e5400131a88:1:523581221,10,1.0,0,0,0,0,0,0,512,0,0,512,0,0,235,0,0,277,0,0,512,0.935435950756073,86.41344451904297,14,0
1004,A,1004,-0.005549603141844273,0.05182301625609398,nan,nan,512,0,-0.005549603141844273,0.05182301625609398,all_rows,512,0,0.00860897358506918,0.05234375,-0.0019894116558134556,0.0013315555173903705,0.10681162599939853,501612e2b891deb8eaa3de205e2b5ada:0:0,c83b6f4c6da8590c828923c8cc59420a:0:0,2d0544f3a8d88480ac6e9d0c02f6d707:0:0,0d5bc1367c106293c849b218c83c510e:0:3097644645,777b6ba74277728b23094e835e7a8978:0:3765428122,10,1.0,0,0,0,0,0,0,512,0,0,512,0,0,257,0,0,255,0,0,512,0.9628235697746277,87.10277557373047,9,0
1005,A,1005,0.0059026568196713924,0.0546543262898922,nan,nan,512,0,0.0059026568196713924,0.0546543262898922,all_rows,512,0,0.005239433608949184,0.0345703125,-0.0004851952660828829,0.001456368324579671,0.1472918540239334,1fa784e64bc11fdbe0e5f257d58826da:0:0,cbcd544845eeed72150a37b11211416f:0:0,4a32fae356e0dbb26a5e020b2f193b59:0:0,ebdfd71cb0eb72729174f6c7f33f350e:0:2865264336,5624c9007c50ae416600764c02dc4dcf:1:1729917313,10,1.0,0,0,0,0,0,0,512,0,0,512,0,0,260,0,0,252,0,0,512,0.9690834283828735,87.3170394897461,7,0
1006,A,1006,-0.009333392605185509,0.06284890323877335,nan,nan,512,0,-0.009333392605185509,0.06284890323877335,all_rows,512,0,0.0006879081483930349,0.0669921875,-0.0013117285445332528,0.001969868293963373,0.1413087280234322,20f5506e5fdc6d2b3a20871db424f2da:0:0,93229889fa74ea52d30c84ff80450892:0:0,3d7bd8c0220791ebea7772a75c03d8ad:0:0,a942ddff30b27b790d5088470c02190e:0:1846488088,02816e59103d84d2a560dddff0e39d65:1:2816586630,10,1.0,0,0,0,0,0,0,512,0,0,512,0,0,276,0,0,236,0,0,512,0.9612296223640442,87.9749526977539,8,0
1007,A,1007,0.007374722044914961,0.05285317823290825,nan,nan,512,0,0.007374722044914961,0.05285317823290825,all_rows,512,0,0.0051169926300644875,0.0482421875,0.00025709806941449643,0.001394660648657009,0.1404789190273732,b9b28763c7f9d82fd6253ebdfa01beda:0:0,93c3414f201c9b562f689ea4c2e8ec0d:0:0,59173b9716e31deac4cf29bee53bda6e:0:0,de161190c9bfb4910d5449fa1284fd0e:0:2226181558,a7d7c15a775297ca35a4da03d5adde61:0:2899410852,10,1.0,0,0,0,0,0,0,512,0,0,512,0,0,257,0,0,255,0,0,512,0.9319126009941101,88.11676788330078,13,0
1008,A,1008,-0.008045868948101997,0.0461067333817482,nan,nan,512,0,-0.008045868948101997,0.0461067333817482,all_rows,512,0,0.0020081233233213425,0.0607421875,0.0023380361497402193,0.0010788509796839207,0.14173945505172014,bb774541a30f56085954fb84a71e8ada:0:0,037f762bf44f856782a5bd8878c594eb:0:0,30b12a03ccf354b18b387f9bd53b0720:0:0,93d8bb8427f7494ae45ddf4506c7e10e:0:303237764,44cb8b5cf6a1b1f3a06382710c556c70:1:1858204244,10,1.0,0,0,0,0,0,0,512,0,0,512,0,0,263,0,0,249,0,0,512,0.9359642863273621,87.29085540771484,11,0
1009,A,1009,-0.001137507613748312,0.05712901055812836,nan,nan,512,0,-0.001137507613748312,0.05712901055812836,all_rows,512,0,0.004910350777208805,0.09140625,-0.005793827585875988,0.0016153577773366124,0.14452956803143024,52241f862dcf9580f89fdfbdbb7b56da:0:0,e60159d788f24691985dc3ec7ac3b4dc:0:0,761c301fda80add2701f66bd8ccd341a:0:0,e264e62be6696f314ab0ab8be8cac50e:0:3561857038,0ff4e4fbcb6a45bbf6b6d9e91b21d39c:1:4280829858,10,1.0,0,0,0,0,0,0,512,0,0,512,0,0,266,0,0,246,0,0,512,0.9192324280738831,87.68196105957031,16,0
1010,A,1010,0.0003186212561558932,0.04733049124479294,nan,nan,512,0,0.0003186212561558932,0.04733049124479294,all_rows,512,0,0.007493763696402311,0.0501953125,0.0004272648598998785,0.0011084248952101916,0.144196655950509,937c52090eae8c6b45854db5371822da:0:0,6dd39e965042cd1fa5cc46c9a2fc1d7b:0:0,7d883c3684b517b9ef81a65b2461bf71:0:0,f618e136378e58dd41f5d232b88da90e:0:3211368484,cf044834fcd9d1272a98fce8d7fafc42:1:2526774628,10,1.0,0,0,0,0,0,0,512,0,0,512,0,0,248,0,0,264,0,0,512,0.9462292790412903,86.32989501953125,11,0
1011,A,1011,-0.0018500082660466433,0.05301835387945175,nan,nan,512,0,-0.0018500082660466433,0.05301835387945175,all_rows,512,0,0.006481579504907131,0.0875,-0.00425052628852427,0.001403062092140317,0.10052392003126442,bf7874b1d959bc35fa13e7b719f4eeda:0:0,f16f374ee91c9bcc1ebde93745669a75:0:0,384ff52f960f612acc568da922ef0606:0:0,182fc2a9788006c9f93c369d76108d0e:0:528764880,5189d2ebc3291129c3e6c058504ab13f:0:973170982,10,1.0,0,0,0,0,0,0,512,0,0,512,0,0,235,0,0,277,0,0,512,0.9805258512496948,86.87818908691406,4,0
1012,A,1012,0.0038514877669513226,0.0522933229804039,nan,nan,512,0,0.0038514877669513226,0.0522933229804039,all_rows,512,0,0.00910146813839674,0.075390625,-0.0026145892683416606,0.0013724740885663778,0.10079059691634029,f29bdfe8c6f02dc4c4e9900f6411bada:0:0,92643e4f052745815ecc7fd727eb68e2:0:0,317cfac9368f5801755b389b4eb4cf9a:0:0,33a4079cc395f5e8b0f87c302153710e:0:1315452359,33673600f2d5fb36ac2a5734d280bd11:0:1652159702,10,1.0,0,0,0,0,0,0,512,0,0,512,0,0,251,0,0,261,0,0,512,0.9862560629844666,87.50634765625,2,0
1013,A,1013,0.004283934831619263,0.05659572407603264,nan,nan,512,0,0.004283934831619263,0.05659572407603264,all_rows,512,0,0.003132073674350977,0.022265625,0.0009533192496746778,0.0015782038972247392,0.10307448997627944,32f208fae04624881533690a156e86da:0:0,ea9655dd2d697627b958502cc0781233:0:0,a5c16b32802e5601b90a202daea9d4ea:0:0,3bc5557d56c6abf49f05064eba56550e:0:4226454273,d2cc92d5905c573287e6d9bf416d1a8a:0:2763435283,10,1.0,0,0,0,0,0,0,512,0,0,512,0,0,266,0,0,246,0,0,512,0.9841933250427246,87.17005920410156,6,0
1014,A,1014,-0.004881920292973518,0.046362318098545074,nan,nan,512,0,-0.004881920292973518,0.046362318098545074,all_rows,512,0,0.004338542930781841,0.063671875,-0.00651387576945126,0.001082456755102612,0.10260468989145011,64870f8a178088d4e6add4f32e0b52da:0:0,0af8da555aa50aed97059dcb87a26722:0:0,68bb0e674595c80176e04b756beef4cf:0:0,9c1d1e0762332186d2a1f85d4119390e:0:3024507953,cd82460b1da91d7f73404a073a7ffa85:1:1099007226,10,1.0,0,0,0,0,0,0,512,0,0,512,0,0,254,0,0,258,0,0,512,1.0145210027694702,87.00497436523438,0,0
1015,A,1015,0.0021370567847043276,0.0543966107070446,nan,nan,512,0,0.0021370567847043276,0.0543966107070446,all_rows,512,0,0.006607381626963615,0.046484375,-0.004605488665401935,0.0014793368987739085,0.10994011000730097,da6f71010e54097c8da47616ade81eda:0:0,684b4ab17aacd1169abcec5bf0d498d0:0:0,37d9cd306e21e25aaeda6aa911f3d000:0:0,41158d6e934009ea187535bfb59c1d0e:0:350509408,41066c3b71d32846d621cdce36eeccf6:1:3836778279,10,1.0,0,0,0,0,0,0,512,0,0,512,0,0,283,0,0,229,0,0,512,1.0221374034881592,88.23389434814453,0,0
1016,A,1016,-0.0023297532461583614,0.05025079846382141,nan,nan,512,0,-0.0023297532461583614,0.05025079846382141,all_rows,512,0,0.003229996422305703,0.048046875,-0.006006258889101446,0.0012565655139042064,0.10570834192913026,ed065ee18633f4a482f22ec09504eada:0:0,a2f8377ea989d6c6b1c99d8ecf198bb6:0:0,1a2b3d6097377e2c84fe5e98a8ff46a7:0:0,a3d2b38870a0f8aede8a61da17df010e:0:1382514681,b50771bef0414ebefa8ba47692c6acbf:1:2923631679,10,1.0,0,0,0,0,0,0,512,0,0,512,0,0,247,0,0,265,0,0,512,1.031530499458313,87.40998840332031,0,0
1017,A,1017,0.002414742950350046,0.04562114179134369,nan,nan,512,0,0.002414742950350046,0.04562114179134369,all_rows,512,0,0.003180048195645213,0.04765625,-0.0062003863975405695,0.001027676649391651,0.10180714097805321,443088a3b7bcc7de3001213ce361b6da:0:0,545d208944da2c7719b30d9000e7f10e:0:0,b75d673ab586c887b6c895f259c01a73:0:0,5f8f46205bb964ff1852e01067e1e50e:0:2969821839,be4b66f444dae9649f5869c9b9f129c4:1:511441495,10,1.0,0,0,0,0,0,0,512,0,0,512,0,0,243,0,0,269,0,0,512,1.0657587051391602,87.88525390625,0,0
1018,A,1018,-0.0012218249030411243,0.05017320439219475,nan,nan,512,0,-0.0012218249030411243,0.05017320439219475,all_rows,512,0,0.007353549357503653,0.05625,-0.005894038360565901,0.001245254185050726,0.10101072199176997,646a49bc0ea6777ebacaafd798fe82da:0:0,19aa5301f93724a9b169c8a65ca6bf40:0:0,1b4dbfe9af8b82842c4bbf00fefe70a5:0:0,0154abf2cbb78ab222a5d3c6a5a4c90e:0:603027508,be081c554cbaaf4df02afc95925e864e:0:3246505416,10,1.0,0,0,0,0,0,0,512,0,0,512,0,0,251,0,0,261,0,0,512,1.0423067808151245,86.8084716796875,0,0
1019,A,1019,0.005070241633802652,0.0474666990339756,nan,nan,512,0,0.005070241633802652,0.0474666990339756,all_rows,512,0,0.002616336103528738,0.0130859375,-0.00014676610007882118,0.0011005692009348421,0.10707883001305163,8e74183c078a6d36d1d77cdcb5db4eda:0:0,4ad38ce36866edf70cd6f503d1fcdac7:0:0,909282cd13299b82efabb3ee9a042e44:0:0,c9d1352316cd2920a7c02060d127ad0e:0:1162932730,2d6b5dd6d364a5bd9d2d12cbdf5268a5:0:2736130249,10,1.0,0,0,0,0,0,0,512,0,0,512,0,0,241,0,0,271,0,0,512,1.0415698289871216,85.51042175292969,0,0
1020,A,1020,-0.0010954064782708883,0.06560692191123962,nan,nan,512,0,-0.0010954064782708883,0.06560692191123962,all_rows,512,0,0.008251043036580086,0.051171875,-0.0015823441091924906,0.002143917005741969,0.1030316490214318,2acec8622cc93dea783f6a9839f81ada:0:0,6697cddf26302398bcc8292e81e42918:0:0,2aaf1db81e66c99a7948a301c7b985a2:0:0,ca1f7f54ddea1fb883446942ea6a910e:0:3313864160,1f2ee2c335a1c07f456c163216c83b08:1:4004808169,10,1.0,0,0,0,0,0,0,512,0,0,512,0,0,270,0,0,242,0,0,512,1.006582498550415,86.13253021240234,0,0
1021,A,1021,0.011732708662748337,0.06145699694752693,nan,nan,512,0,0.011732708662748337,0.06145699694752693,all_rows,512,0,0.024632876738905907,0.0814453125,-0.008639101218432189,0.0016711996286176145,0.10239931498654187,d32abd4c6fdc16c8d1a99b562554e6da:0:0,acb7f7d76528a3d4b0ffa3dd58e80f23:0:0,cac66517f7141124533c7b43bc9044bb:0:0,ed4700e7ef5ce850a63b11d0f16d750e:0:1870800611,c1d52f78c3545fab5f6fc5bedc1e5ce9:1:3938852682,10,1.0,0,0,0,0,0,0,512,0,0,512,0,0,263,0,0,249,0,0,512,0.9749814867973328,87.27715301513672,5,0
1022,A,1022,0.00013377645518630743,0.05684574693441391,nan,nan,512,0,0.00013377645518630743,0.05684574693441391,all_rows,512,0,0.004743400029838085,0.0478515625,-0.004583763098344207,0.0015515999228227883,0.1380555690266192,9bb16edf5c5de1a3ee4c716277f1b2da:0:0,aed0a00867bbe71afdaac775e4051158:0:0,6db13cc6c271c05751f9cf05b6892cd6:0:0,eed7982b34bcef3cfb123d6ee630590e:0:3098847418,2fe5fd3f33ac8b6cb672a2bbee7e983a:1:1792226027,10,1.0,0,0,0,0,0,0,512,0,0,512,0,0,267,0,0,245,0,0,512,0.9978306293487549,86.41288757324219,1,0
1023,A,1023,-0.004592624492943287,0.053359583020210266,nan,nan,512,0,-0.004592624492943287,0.053359583020210266,all_rows,512,0,0.004870664793998003,0.111328125,-0.011631912505254149,0.0014137416321318597,0.13991573103703558,8be7c8d3e218208896ed8f0931ce7eda:0:0,a831b11c6150301caa4969614a5eca3b:0:0,a509a018cdc51159371bc1d87727abbf:0:0,c100c0b10082c922499dcf80c8b33d0e:0:254920753,9e80fbee4caa7838119769581093a6bd:0:1824027581,10,1.0,0,0,0,0,0,0,512,0,0,512,0,0,267,0,0,245,0,0,512,1.0308302640914917,87.55165100097656,0,0
1024,A,1024,0.004893160425126553,0.056972261518239975,nan,nan,512,0,0.004893160425126553,0.056972261518239975,all_rows,512,0,0.003994761034846306,0.0572265625,-0.0011868051253259182,0.0016034986183512956,0.14005924004595727,4a11cebcb35f809618e1d69652eb4ada:0:0,d6934a4e1f3ff00b134ecf4285b819e7:0:0,66e0b00d5e89ba39cc2bef22a86ca6ce:0:0,47a8ba44cfb2468a1b176b6a98f6210e:0:868363871,12186fdd7d1bc5150541bb4d5de0fc3c:1:2440404297,10,1.0,0,0,0,0,0,0,512,0,0,512,0,0,266,0,0,246,0,0,512,1.0875564813613892,86.82938385009766,0,0
1025,A,1025,-0.0007547825807705522,0.04888290911912918,nan,nan,512,0,-0.0007547825807705522,0.04888290911912918,all_rows,512,0,0.003065878991037607,0.0451171875,-0.0009001749334856868,0.0011657164344796912,0.14227954694069922,dbbca4b3750c2416120d6a55db4816da:0:0,0ec62f4f90db1ed55a2df2c71d5363e9:0:0,37760a16a1cbadd2f9777973a273e29b:0:0,60107a5853fa65369e1e749056f9050e:0:56637694,747365b18af7f0775c9d3837954337fa:1:4255530089,10,1.0,0,0,0,0,0,0,512,0,0,512,0,0,236,0,0,276,0,0,512,1.0862668752670288,86.98143005371094,0,0
1026,A,1026,0.003618342336267233,0.0484401136636734,nan,nan,512,0,0.003618342336267233,0.0484401136636734,all_rows,512,0,0.014877642504870892,0.04609375,0.0006525194272398949,0.0011594698444241658,0.14294089504983276,11a39c3d3d59a3d43ce3ac93cae4e2da:0:0,71c5dbd311403781d49a96181c7221d8:0:0,9db3347c50c94e4d060300f10563927a:0:0,bb3eb2135aaf1f368ab80e5602bbe90e:0:4044709971,91b5ab4b1b6a3e96b4d525efbb2891be:0:1241787122,10,1.0,0,0,0,0,0,0,512,0,0,512,0,0,255,0,0,257,0,0,512,1.0854110717773438,87.46124267578125,0,0
1027,A,1027,0.00438114395365119,0.05845193937420845,nan,nan,512,0,0.00438114395365119,0.05845193937420845,all_rows,512,0,0.002820835914462805,0.038671875,-0.003889313235413283,0.0016879375849384814,0.1458136240253225,c3c730d51efac7b63c673f9c21c1aeda:0:0,a9b21f106cc068fa4316aa6e4491dd64:0:0,8db1b02ad9fbc1db5078c3885890f7bb:0:0,ea7e8887e50117b9064f1c1f9c3ecd0e:0:207955486,3f789cbb88d56fe54505d0dc2b943a9e:0:2868311290,10,1.0,0,0,0,0,0,0,512,0,0,512,0,0,269,0,0,243,0,0,512,1.0787193775177002,85.4227523803711,0,0
1028,A,1028,-0.00813443772494793,0.05509159341454506,nan,nan,512,0,-0.00813443772494793,0.05509159341454506,all_rows,512,0,0.012305251322686672,0.0939453125,-0.001845861691981554,0.0014943159883841872,0.11896806105505675,7381f76abdacf693682a05badfde7ada:0:0,6116dcb86f0d481e1ba056d3ab856107:0:0,9fc22a6d2030164318f9839c750def4c:0:0,ee75e1e185d725a187b441512381b10e:0:942937620,cbddca19eec27b56fccaa12586a3d8b4:1:3671005720,10,1.0,0,0,0,0,0,0,512,0,0,512,0,0,251,0,0,261,0,0,512,1.0947126150131226,85.11336517333984,0,0
1029,A,1029,-0.002065116772428155,0.05168183892965317,nan,nan,512,0,-0.002065116772428155,0.05168183892965317,all_rows,512,0,0.002820533700287342,0.026953125,-0.0027254884131252765,0.0013140344293788076,0.10276064509525895,43ef680229975d4c984d213c053b46da:0:0,50061e4fceeeaa90929e08f616a1d49b:0:0,c755f276ff6318e7fe3e7fdb1766f66a:0:0,707329bcd9adbbdbbb1de14e9884950e:0:311618908,9aebb230f3e38313391da861d3bc6f4b:0:1149337521,10,1.0,0,0,0,0,0,0,512,0,0,512,0,0,251,0,0,261,0,0,512,1.0674810409545898,86.73882293701172,0,0
1030,A,1030,0.008471191860735416,0.05263350531458855,nan,nan,512,0,0.008471191860735416,0.05263350531458855,all_rows,512,0,0.0040161279030144215,0.0548828125,-0.00656804668251425,0.0013700828654691576,0.10475465201307088,845318817ec1cd23f180f46b91d812da:0:0,c46b92e5777268d698fb1715878c11ee:0:0,6bfdd699f7a1f44f19bee8eb8d2266a9:0:0,58539829ace02f6f66281f7bfb47790e:0:2639889657,6be15568fcb66b17846278bb3ba1423a:1:3318369147,10,1.0,0,0,0,0,0,0,512,0,0,512,0,0,268,0,0,244,0,0,512,1.0616868734359741,86.2772216796875,0,0
1031,A,1031,-0.005714835599064827,0.057759061455726624,nan,nan,512,0,-0.005714835599064827,0.057759061455726624,all_rows,512,0,0.004612138960510492,0.052734375,-0.0033252278808504343,0.001611419563414529,0.1161937559954822,4b9c7b9805ef5154b105219585b4deda:0:0,13f66ab10d3c93114c8c3ee517852ef4:0:0,7eb323666a5e69212bcd445694536855:0:0,7d88ce3024bfdb544bd4df3d4bca5d0e:0:3739946164,75038d81f75292fecfb673b59b86a05c:1:1721865493,10,1.0,0,0,0,0,0,0,512,0,0,512,0,0,272,0,0,240,0,0,512,1.0637918710708618,85.79531860351562,0,0
1032,A,1032,0.0026887792628258467,0.050378862768411636,nan,nan,512,0,0.0026887792628258467,0.050378862768411636,all_rows,512,0,0.0071973977610468864,0.0650390625,-0.006939425831660628,0.001268172456184402,0.1168401000322774,e6e37e89d4287beaf8a88b05e0d1aada:0:0,992a492fe801ad361619324e64e27551:0:0,73d1d701d3cf7d9e05029736d7871932:0:0,8d0f7006ffdd2206108bc3f68a0d410e:0:247073889,b24fe1b577f9dda1670345d829673013:0:1188424174,10,1.0,0,0,0,0,0,0,512,0,0,512,0,0,266,0,0,246,0,0,512,1.0602515935897827,86.72972106933594,0,0
1033,A,1033,-0.002491770777851343,0.05165074020624161,nan,nan,512,0,-0.002491770777851343,0.05165074020624161,all_rows,512,0,0.019226590171456337,0.1251953125,0.0030149332713335754,0.0013276330835651606,0.10103135195095092,260d748a264169db9ac95308a32e76da:0:0,8a6c1244b5797ab122665808256a0652:0:0,b18d9e40b306b688968bcc30f2886db7:0:0,b658107ec1e64cd81e1a310bb610250e:0:195805107,d1a7dc2accf5da041dbb89164e8cb0f8:0:3310602279,10,1.0,0,0,0,0,0,0,512,0,0,512,0,0,236,0,0,276,0,0,512,1.0646867752075195,87.23915100097656,0,0
1034,A,1034,-0.0005736756138503551,0.048681311309337616,nan,nan,512,0,-0.0005736756138503551,0.048681311309337616,all_rows,512,0,0.010209666565060616,0.073828125,-0.003911878867074847,0.0011790125776315109,0.10147995199076831,e8ef9e2df5a77e5be654dbe9cccb42da:0:0,4d04b8648fad603e90b3b8be248df180:0:0,1b9ee1b3776cf01843d81a9e1eade3e4:0:0,13f8527b5f80490987b349e0cfd3090e:0:2034545081,fcd1ca73df64219fed95df939fcdff6f:0:579349440,10,1.0,0,0,0,0,0,0,512,0,0,512,0,0,237,0,0,275,0,0,512,1.0823177099227905,85.10814666748047,0,0
1035,A,1035,-0.0006162323406897485,0.05582881346344948,nan,nan,512,0,-0.0006162323406897485,0.05582881346344948,all_rows,512,0,0.0069201732985675335,0.082421875,-0.0030836339574307203,0.0015493543120101093,0.10117732407525182,bb7d475f83c2d57972c7c7f55da80eda:0:0,8c43a793cabea26f10eeb1b64b11193d:0:0,3e40198b4c5710f77c1f2824a454123c:0:0,e0339aabbe7d4298edeff1d9d755ed0e:0:3698029161,cc50b6097517e68a1db322c1ff841992:0:1922634066,10,1.0,0,0,0,0,0,0,512,0,0,512,0,0,250,0,0,262,0,0,512,1.0729984045028687,85.2863540649414,0,0
1036,A,1036,-0.0007543388055637479,0.053233008831739426,nan,nan,512,0,-0.0007543388055637479,0.053233008831739426,all_rows,512,0,0.007522892206907272,0.0455078125,-0.0024321272736415266,0.001424080680590123,0.10653123899828643,d81aee1ad9376df1ec2df97755c4dada:0:0,c18573af689a976794ab0d8626b921ce:0:0,d1601494ca3b67ace4a227fe72675592:0:0,26c905041ed51cd862cecc5acc98d10e:0:3944874980,6159f3f07abd38a2646cdbc65084a2d6:0:966423557,10,1.0,0,0,0,0,0,0,512,0,0,512,0,0,274,0,0,238,0,0,512,1.049454689025879,85.43775177001953,0,0
1037,A,1037,0.0026782869827002287,0.05367903411388397,nan,nan,512,0,0.0026782869827002287,0.05367903411388397,all_rows,512,0,0.004026326816529036,0.051953125,-0.0014963206369429827,0.0014217197836842387,0.10802540800068527,934e281a76520a4adf2292bbb521a6da:0:0,09cdb0ebc4a9223a85134b697dce2eb6:0:0,843315b31e95622ec45e9d2892aa33fd:0:0,9ab78ed640c3c8c14db43cc7af9bb50e:0:1203593719,db91d1d660f84ac2a7e2aad0c443328c:0:3454802578,10,1.0,0,0,0,0,0,0,512,0,0,512,0,0,267,0,0,245,0,0,512,1.0624009370803833,85.4999008178711,0,0
1038,A,1038,0.0006342416163533926,0.049133215099573135,nan,nan,512,0,0.0006342416163533926,0.049133215099573135,all_rows,512,0,0.006890477146953344,0.0486328125,-0.0008715833304449916,0.0011971653904765845,0.10080924502108246,0af30d7ab1ecc92984cff60e7bbe72da:0:0,64eae93dab0eead73a6ab9b2f739a253:0:0,6ddc2d833299f327791f03c09a85007a:0:0,4d9187b7dc7179084f6a6684805e990e:0:4227907679,ba737ef7e95b1acb115eef254c8eb16b:0:1196070742,10,1.0,0,0,0,0,0,0,512,0,0,512,0,0,240,0,0,272,0,0,512,1.0294870138168335,86.71876525878906,0,0
1039,A,1039,-0.001790697337128222,0.051798224449157715,nan,nan,512,0,-0.001790697337128222,0.051798224449157715,all_rows,512,0,0.011677696369588375,0.0662109375,-0.0014206561259925365,0.0013286696106661112,0.12621213390957564,fc23ca39841774ea8eefc5bba99b3eda:0:0,9a3675e78d3e730e1b7e75e8cb60a82c:0:0,ec3a6575b8c8ef525895ed0c08c02382:0:0,0c4560bdbf88b3f126212cf53ee17d0e:0:3846998409,10cae6712290c881a6aa8d387c361e22:1:996542132,10,1.0,0,0,0,0,0,0,512,0,0,512,0,0,246,0,0,266,0,0,512,1.0110931396484375,87.1285629272461,0,0
1040,A,1040,-0.0013880914775654674,0.060331642627716064,nan,nan,512,0,-0.0013880914775654674,0.060331642627716064,all_rows,512,0,0.005618691444396973,0.12421875,0.010962212085723877,0.0017984413832891732,0.14250943704973906,e555a057b9cf8a79f3cae40f3eb80ada:0:0,869b49d0aa9c7da51ddd6661b79eef6e:0:0,09f44d46cbc65f78410d7ec4915c6466:0:0,e8b3dae7a51e42e2916e337deb24610e:0:2004510355,3202c9159decc377d50780bba99ae181:0:795766868,10,1.0,0,0,0,0,0,0,512,0,0,512,0,0,280,0,0,232,0,0,512,0.9745410084724426,89.94402313232422,3,0
1041,A,1041,5.198654253035784e-05,0.0552627258002758,nan,nan,512,0,5.198654253035784e-05,0.0552627258002758,all_rows,512,0,0.007627144455909729,0.0626953125,-0.0018707712180912495,0.0014901543909218162,0.142156285000965,1d18183fcf13f76aba3973553b14d6da:0:0,2dfafe07fe35cf54ab010dbccda04783:0:0,4342238c7d075ea338d8179ee1ec517e:0:0,c5c262ee9c4effba364cdd828527450e:0:1605766324,cdb7c27be33038611ddd1678b9e298ec:0:1518365530,10,1.0,0,0,0,0,0,0,512,0,0,512,0,0,248,0,0,264,0,0,512,0.949532151222229,90.91937255859375,7,0
1042,A,1042,0.0014781169593334198,0.051668841391801834,nan,nan,512,0,0.0014781169593334198,0.051668841391801834,all_rows,512,0,0.0026511922478675842,0.0546875,-0.000207715155556798,0.0012526038946816698,0.14108020497951657,509f5cf5eca08f4ec5a2d5d99eb1a2da:0:0,959470d05a2535889b3524412bcd406a:0:0,128b54e98a46c5a6f6c281a8834cc8da:0:0,629419fd91f77fe0831e4e670cea290e:0:492236513,affa3825b92b830ebed43f1b2c2049b0:1:3889340793,10,1.0,0,0,0,0,0,0,512,0,0,512,0,0,271,0,0,241,0,0,512,0.9260056614875793,92.13390350341797,11,0
1043,A,1043,-0.002473746659234166,0.05480819195508957,nan,nan,512,0,-0.002473746659234166,0.05480819195508957,all_rows,512,0,0.012218935415148735,0.1205078125,0.003887992585077882,0.0014301814313512295,0.14071337098721415,f711cd73c69d384ea1fdade8698e6eda:0:0,d9b31b3ec37859ce4bdaa9a47ce56868:0:0,43f8edd2f280afc406c4b48ed29548fc:0:0,2ef4a03151e99d1c93a9698f826d0d0e:0:39300025,3ed786ab8ae05c41968c014b606a0a2c:0:2900054199,10,1.0,0,0,0,0,0,0,512,0,0,512,0,0,249,0,0,263,0,0,512,0.9305455088615417,92.09236907958984,17,0
1044,A,1044,0.00030062359292060137,0.04933866485953331,nan,nan,512,0,0.00030062359292060137,0.04933866485953331,all_rows,512,0,0.002757294336333871,0.0482421875,-0.0017510728910565376,0.0011924893013201654,0.14469456195365638,b6b2a472598ccf014fcfddcd9bab3ada:0:0,e2d41d11836e6533d0fb5086327a9fe4:0:0,3a6adac697118da186a73c390e609a78:0:0,f4852f131403dc28151ad25fe5aff10e:0:218098279,bf2fb08188fd1c907f10fe0ede83580c:0:2636033276,10,1.0,0,0,0,0,0,0,512,0,0,512,0,0,253,0,0,259,0,0,512,0.908352792263031,93.50080108642578,20,0
1045,A,1045,0.0016989854630082846,0.05295434221625328,nan,nan,512,0,0.0016989854630082846,0.05295434221625328,all_rows,512,0,0.006941227242350578,0.0599609375,-0.0034953230060636997,0.0013519794680178165,0.1312054789159447,86b83bc2c2c7c184102e87d5350806da:0:0,25c6a91e35d7e1d2d0d704640050b751:0:0,1224ea1da475332f17ee5f66891d0560:0:0,e3a6ef96698eb1032a04ec3c36b2d50e:0:2718149215,f8258cceb7543f56dfac70cab57e6b89:0:2653417488,10,1.0,0,0,0,0,0,0,512,0,0,512,0,0,258,0,0,254,0,0,512,0.8947272896766663,94.52372741699219,26,0
1046,A,1046,-0.0029755723662674427,0.04700035974383354,nan,nan,512,0,-0.0029755723662674427,0.04700035974383354,all_rows,512,0,0.012799539603292942,0.1177734375,-0.002447322756052017,0.0010576401167782024,0.1011610470013693,8b23e036b1ce61d230be0e4b35a4d2da:0:0,f18d5852fec99ed76dd93b5de4e49550:0:0,f7294156543d88c6b80ae8affa37fcc9:0:0,a62cb8791f43a1084e5fda887575b90e:0:2025134860,76650b9027525c1bdbd35d1fc2497b01:1:685324501,10,1.0,0,0,0,0,0,0,512,0,0,512,0,0,263,0,0,249,0,0,512,0.8840075731277466,94.4063720703125,17,0
1047,A,1047,0.0025505642406642437,0.04736395180225372,nan,nan,512,0,0.0025505642406642437,0.04736395180225372,all_rows,512,0,0.01399966236203909,0.08359375,0.004288352001458407,0.0010961108288029208,0.10291203495580703,468b66f82fbeef5cd7b2137b9d819eda:0:0,6668c09d720d1b38e79b3247dabe1691:0:0,468e88fc3f857f3f8c5922b426ce02be:0:0,8a528739686242c03b8980a8a1f89d0e:0:1919334387,de1a6028b94cd97adc48aeec1d2be986:0:2778564936,10,1.0,0,0,0,0,0,0,512,0,0,512,0,0,251,0,0,261,0,0,512,0.9125316143035889,95.24679565429688,30,0
1048,A,1048,0.0013287262991070747,0.05101514980196953,nan,nan,512,0,0.0013287262991070747,0.05101514980196953,all_rows,512,0,0.011355492286384106,0.1236328125,-0.012899362621828914,0.001299319911049679,0.1033874669810757,cfb1bd0fba3b57e2cfcd79b26c9e6ada:0:0,6af3575c2ae5ca1093e0f090d8514199:0:0,b3bac1a36b4ec916bb2f1533c9e82c4c:0:0,74120f2c67371b75cc458200bc3b810e:0:3630486493,a7c9a63af9b8ead978452e2c500300f7:1:190111221,10,1.0,0,0,0,0,0,0,512,0,0,512,0,0,266,0,0,246,0,0,512,0.9706385731697083,93.76417541503906,13,0
1049,A,1049,-0.004135421477258205,0.048903241753578186,nan,nan,512,0,-0.004135421477258205,0.048903241753578186,all_rows,512,0,0.008375648409128189,0.0765625,-0.0016429905081167817,0.0011854929180117324,0.10120479902252555,454b7db6ef0aaf885462633ba2fb36da:0:0,97da068a35658d5f8b3d07b77619c7a1:0:0,6fa2628c62c6c3867c71f9dba44178c8:0:0,d769a794e7785a89e0bd41f4c43e650e:0:2805137690,98e21f0aae04c9fcbe204a1493fbb036:1:2029518311,10,1.0,0,0,0,0,0,0,512,0,0,512,0,0,270,0,0,242,0,0,512,0.9983102083206177,91.37318420410156,1,0
1050,A,1050,0.0012056995183229446,0.0484902560710907,nan,nan,512,0,0.0012056995183229446,0.0484902560710907,all_rows,512,0,0.012066121213138103,0.0609375,-0.002590187476016581,0.0011667053360724822,0.10673001303803176,c89f3bf545c2602edd523263409802da:0:0,641dfddba6edf34e6cffcb178bae2a5e:0:0,e5bbc1a24894998e46e305430af07392:0:0,594db2efdedc7287427fe3e8ba01490e:0:1961763948,444fd25c68fd601c49f1e048a8be52e1:0:2575206111,10,1.0,0,0,0,0,0,0,512,0,0,512,0,0,247,0,0,265,0,0,512,0.9569055438041687,89.77044677734375,9,0
1051,A,1051,0.005039306357502937,0.05526331067085266,nan,nan,512,0,0.005039306357502937,0.05526331067085266,all_rows,512,0,0.003101907204836607,0.053125,-0.0014921906404197216,0.0014959372929297388,0.10179140698164701,df1697e394c3100ceb0d89754574ceda:0:0,15f72fc6c656f458839a38a6739b537e:0:0,2700b1e9a210030c7a0baad43860fc7f:0:0,a4844f02084e8ff688824b409d842d0e:0:558556497,3a038870cede556c762573df241bf04b:1:2493329563,10,1.0,0,0,0,0,0,0,512,0,0,512,0,0,264,0,0,248,0,0,512,0.9330366253852844,90.69892120361328,6,0
1052,A,1052,-0.0005755664315074682,0.055790193378925323,nan,nan,512,0,-0.0005755664315074682,0.055790193378925323,all_rows,512,0,0.007615352049469948,0.0609375,-0.006294906325638294,0.0015527189476415514,0.10238606098573655,428d6fd25ed53f85d2944abdb1919ada:0:0,0871587bcce969cc9a50950ef8accc51:0:0,c25a2282d0fb7ba4faddfd439e810d5d:0:0,5157b687ae24edf1fb1f1b606ec7110e:0:1070594724,8d1f3898cdb85fd3ff43b034f24d1582:1:2281613642,10,1.0,0,0,0,0,0,0,512,0,0,512,0,0,281,0,0,231,0,0,512,0.928321123123169,91.5617446899414,17,0
1053,A,1053,0.0024624543730169535,0.05293910950422287,nan,nan,512,0,0.0024624543730169535,0.05293910950422287,all_rows,512,0,0.0030801831744611263,0.0556640625,-0.003262546984478831,0.0013953000423498451,0.10663212393410504,e777816e26b19e418975988884ee66da:0:0,1ca4bb16d92adf178edd554d636523c7:0:0,14a2496c009f411154b8e0bec35c1815:0:0,409d3abd77bd08797816b7ac2dc9f50e:0:4252448907,12d23426bc18eab446ea62116d18af7f:1:3041101155,10,1.0,0,0,0,0,0,0,512,0,0,512,0,0,237,0,0,275,0,0,512,0.9493895173072815,90.06305694580078,9,0
1054,A,1054,-0.0026393320877104998,0.05461308732628822,nan,nan,512,0,-0.0026393320877104998,0.05461308732628822,all_rows,512,0,0.0072861602529883385,0.059765625,-0.0018731089308857917,0.0014892240025801585,0.10066695208661258,5e129edc45c1178471cfd521bf8b32da:0:0,5d3f6d12914f87288d1d48a1e99c474a:0:0,b82c43223ddd0a9ab08a8dc83dd261be:0:0,49c51c4ecee1ac86568f4387da8cd90e:0:1566705618,6736edbccf9118ac2b0957006ec39766:0:2840061222,10,1.0,0,0,0,0,0,0,512,0,0,512,0,0,264,0,0,248,0,0,512,0.9376644492149353,90.6798095703125,8,0
1055,A,1055,-0.00198110262863338,0.051812030375003815,nan,nan,512,0,-0.00198110262863338,0.051812030375003815,all_rows,512,0,0.0021065445616841316,0.0779296875,-0.00012218444608151912,0.001338102319277823,0.10196888807695359,b80c37aa036095c72650a2d56167feda:0:0,40a7d29a997d46a77265a60522dcd225:0:0,cb473ab809157d1a8114a753f487951a:0:0,6642d08c315ee5df4b14a257750fbd0e:0:682387606,34d623231781225a37f98dfdf352d58d:1:3199736189,10,1.0,0,0,0,0,0,0,512,0,0,512,0,0,258,0,0,254,0,0,512,0.9046849608421326,91.90802001953125,17,0
1056,A,1056,-0.003814287483692169,0.0551934652030468,nan,nan,512,0,-0.003814287483692169,0.0551934652030468,all_rows,512,0,0.0017932946793735027,0.0541015625,-0.004509180737659335,0.0015286602021660656,0.10554192902054638,cd845d46e9f47d8e4634e3ef6a84cada:0:0,d36c870ef2acf8d62517b7538723dfc5:0:0,89e39c5c07d57815ea8c356a871df146:0:0,685d69218327caac4b98777efd52a10e:0:2639980680,6e29aaa924b491a43d3557c18b80a840:1:3867622538,10,1.0,0,0,0,0,0,0,512,0,0,512,0,0,263,0,0,249,0,0,512,0.9173704385757446,91.5934829711914,14,0
1057,A,1057,-0.0021677426993846893,0.04882122948765755,nan,nan,512,0,-0.0021677426993846893,0.04882122948765755,all_rows,512,0,0.014982444234192371,0.070703125,-0.0025434724753722548,0.0011790771939558908,0.14924017805606127,226e9ea29717df824148babbdae196da:0:0,b7c84d91a6b726a9310951a385e0693f:0:0,ed80c79c117191ac103940dd62bcd25e:0:0,961ce1da357224ca737226627355850e:0:3258006798,5d16954772f3f60e3de2e0119c4be56a:0:1881589953,10,1.0,0,0,0,0,0,0,512,0,0,512,1,0,278,0,0,234,0,0,512,0.9351240992546082,90.79241180419922,13,0
1058,A,1058,0.0031397563870996237,0.043160367757081985,nan,nan,512,0,0.0031397563870996237,0.043160367757081985,all_rows,512,0,0.004375212825834751,0.0357421875,-0.0005083470023237169,0.0009081635274924338,0.1419407600769773,cf3a1665843361c723e78986b27e62da:0:0,3584b4cc9be90aec220f7fb554f8a3ed:0:0,12bba27f4d0bff6b973a2e4c8fb44697:0:0,00530956d72bf8dfe75ed265d718690e:0:3876444979,deeb431eae664c81ce10fe5996fc28c6:0:4152004209,10,1.0,0,0,0,0,0,0,512,0,0,512,0,0,250,0,0,262,0,0,512,0.9305008053779602,91.39323425292969,14,0
1059,A,1059,-0.001365508302114904,0.05259866639971733,nan,nan,512,0,-0.001365508302114904,0.05259866639971733,all_rows,512,0,0.0019617818761616945,0.0671875,-0.002675003604963422,0.0013860664854291826,0.13959833199623972,b4a5d31b84c7e09462fbf29bf15b2eda:0:0,4b1ab0c512ebdd98f038c1f081ca6c59:0:0,0f3d067988ba669c432e520d38b6fcf7:0:0,ef6d8eed632eeb2fb9815eed289b4d0e:0:3717857289,625bb5b2f72befff08b111568c4136bd:1:1792623210,10,1.0,0,0,0,0,0,0,512,0,0,512,0,0,270,0,0,242,0,0,512,0.9104683995246887,92.11136627197266,17,0
1060,A,1060,0.003702505026012659,0.051109638065099716,nan,nan,512,0,0.003702505026012659,0.051109638065099716,all_rows,512,0,0.0030125421471893787,0.0482421875,-0.0032185766845941543,0.001311664446257055,0.1413793689571321,f1f55885f7b8c60ca7ffd8479777fada:0:0,718ae2200e7e1f5266752b3a176e3a61:0:0,e25ab4c4b5cc74b86ded70c803ad9bc3:0:0,119279436095822dcd626f5c67de310e:0:1036976481,f4a8d9c8e43c638c30e9fc200a3736fd:0:571027271,10,1.0,0,0,0,0,0,0,512,0,0,512,0,0,250,0,0,262,0,0,512,0.8994826078414917,92.2604751586914,15,0
1061,A,1061,0.008516631089150906,0.04617106914520264,nan,nan,512,0,0.008516631089150906,0.04617106914520264,all_rows,512,0,0.01704934611916542,0.120703125,0.006560225831344723,0.0010673172102542595,0.14284195902291685,159a5d2ae8e219559cfc5cd5a4d4c6da:0:0,9466f73b4427887d1f143f829c465356:0:0,be4c82a1eb954654f8b400817c4c5c23:0:0,0540e686a99646d2bbf0671794e1150e:0:1599619272,ebfd0946fad3dd570ee03a69bff99de9:1:1196215249,10,1.0,0,0,0,0,0,0,512,0,0,512,0,0,274,0,0,238,0,0,512,0.9180671572685242,92.29145050048828,10,0
1062,A,1062,-0.009136738255620003,0.05158332735300064,nan,nan,512,0,-0.009136738255620003,0.05158332735300064,all_rows,512,0,0.003862530691549182,0.1025390625,-0.005453721480444073,0.0013132412801496684,0.14715059392619878,da1d1715a04644efb889e292197192da:0:0,b1edbae332cc5bb6de9fd5cd9086f739:0:0,5a2d366547c0aef9a5d56c77a298c0d9:0:0,370d787f6d48c2afb77f6982afa3f90e:0:3708552080,241ce750a7cca4ba5568cab032c08653:1:1958263318,10,1.0,0,0,0,0,0,0,512,0,0,512,0,0,255,0,0,257,0,0,512,0.8884188532829285,94.3373031616211,16,0
1063,A,1063,0.005190250463783741,0.052736397832632065,nan,nan,512,0,0.005190250463783741,0.052736397832632065,all_rows,512,0,0.008072220720350742,0.053515625,-0.0030584387946873902,0.001374164770822972,0.10932331893127412,7ad3669c5c1f944e09d00bc8f54e5eda:0:0,a796d65c5fd0e4979f734cd1a0efeb68:0:0,2ecc5d92b41d865095b4880007d37e11:0:0,9dd4340bc0b85bc26fc95a01b826dd0e:0:351354125,ea66d91b83a5a64c2f36259eddadc949:0:1413423447,10,1.0,0,0,0,0,0,0,512,0,0,512,0,0,255,0,0,257,0,0,512,0.8834483027458191,93.13574981689453,15,0
1064,A,1064,-0.003001658944413066,0.049820639193058014,nan,nan,512,0,-0.003001658944413066,0.049820639193058014,all_rows,512,0,0.009259006939828396,0.04609375,-0.0018465850967913865,0.0012281331000849605,0.10021351999603212,cd10f5de332168ae0485bac6386b2ada:0:0,86d17836450f58d519a74a6701268d7e:0:0,d7fc9dc08aabe832b8d139b0090c6bb8:0:0,7ca0e4ead3a90e08f5eddbf8ae69c10e:0:4219575821,af66f43c89ae55b6219624c448624f9f:1:521681283,10,1.0,0,0,0,0,0,0,512,0,0,512,0,0,247,0,0,265,0,0,512,0.8855416774749756,92.31196594238281,22,0
1065,A,1065,0.004244222771376371,0.05308979004621506,nan,nan,512,0,0.004244222771376371,0.05308979004621506,all_rows,512,0,0.003815836738795042,0.041796875,-0.002630107291042805,0.001389952516183257,0.10540733195375651,5a26f78b5c35252f4cf111d5e2c7f6da:0:0,b908de628c3f5341858df1db88ad24d5:0:0,2c8951b469009dec52d501a0988af272:0:0,c25b44139d7202d5a07252cb926ca50e:0:383258398,f2dd3e0768b556e5ee181966ada456d2:0:3427956252,10,1.0,0,0,0,0,0,0,512,0,0,512,0,0,262,0,0,250,0,0,512,0.8774716854095459,91.63743591308594,20,0
1066,A,1066,-0.002622178290039301,0.045087166130542755,nan,nan,512,0,-0.002622178290039301,0.045087166130542755,all_rows,512,0,0.013069108128547668,0.08125,-0.004908167524263263,0.0010031932935817168,0.10355849307961762,bc098f6958fed22b83e77343f464c2da:0:0,b455bd72334076a16e3153c1aa65af24:0:0,4fd786023ea19a4d7ddac231e00c57f7:0:0,b2b53028965205e2ef41e1de642f890e:0:527378392,638506020a73bc9c53d95bd2fadedcb4:0:2908760112,10,1.0,0,0,0,0,0,0,512,0,0,512,0,0,263,0,0,249,0,0,512,0.8917213082313538,91.38444519042969,19,0
1067,A,1067,0.0017937686061486602,0.04438928887248039,nan,nan,512,0,0.0017937686061486602,0.04438928887248039,all_rows,512,0,0.007523274980485439,0.050390625,-0.0012433552416041493,0.0009880119527224452,0.10113160801120102,81031ae3c07577ce12cd815c6d418eda:0:0,784c951b832ba2a6522e6565f0372e60:0:0,85d4c1d9dbb1211dceb5bb68babd36bd:0:0,07af3cefd1a1d8276fad6c9523b26d0e:0:3019974717,903d87b5ad833ebcf1e5516d9d8670e2:0:2197837029,10,1.0,0,0,0,0,0,0,512,0,0,512,0,0,260,0,0,252,0,0,512,0.8904778361320496,90.62549591064453,17,0
1068,A,1068,0.004567967727780342,0.0493798553943634,nan,nan,512,0,0.004567967727780342,0.0493798553943634,all_rows,512,0,0.006314558908343315,0.0873046875,-0.008902374608442187,0.0011654176836600528,0.1029725440312177,e1c287d9a6db2febf7971e6b4d5e5ada:0:0,3ba5fe7dbd85dd744deabf2fbc4ed86c:0:0,69f122ac7e0dbfea516e083618153deb:0:0,7d02b80c8d486069a06b9653d0f5510e:0:3145360079,b7db7ebcf37a2af8b156d7e704e69abe:0:1256176869,10,1.0,0,0,0,0,0,0,512,0,0,512,0,0,254,0,0,258,0,0,512,0.9064951539039612,90.40681457519531,18,0
1069,A,1069,-0.000785640615504235,0.05024079978466034,nan,nan,512,0,-0.000785640615504235,0.05024079978466034,all_rows,512,0,0.017162896692752838,0.1138671875,-0.0018144099973142146,0.0012572467472637071,0.10220298799686134,a789abb6e060ef1b90c76cbc94bb26da:0:0,0bbe4d2060e8cf49319ca6e418f000e6:0:0,ec2c686d0bae8f1261afed08a23db6f0:0:0,849ffe8d0ad4b993d598c27e6bf8350e:0:2962638414,afbac4bfb088f0f1c29da781eb1131ac:0:1741386552,10,1.0,0,0,0,0,0,0,512,0,0,512,0,0,283,0,0,229,0,0,512,0.9119693040847778,91.3699722290039,11,0
1070,A,1070,0.002531734760850668,0.05352306365966797,nan,nan,512,0,0.002531734760850668,0.05352306365966797,all_rows,512,0,0.0045560612343251705,0.088671875,0.0010841516312211752,0.0013652855181135238,0.10092204704415053,c58b1cc79bc2050c6970ce9c4357f2da:0:0,65f2a647f2810e1c9c1ce2048def69c5:0:0,aa1ffe71a0e320b0093b1317ced7152c:0:0,8af4a03546a21ec81cb71478f4bb190e:0:1820738033,d7f64ca6c3713bfa7066ebab2d12f5c1:0:2235068275,10,1.0,0,0,0,0,0,0,512,0,0,512,0,0,257,0,0,255,0,0,512,0.898006021976471,93.50150299072266,20,0
1071,A,1071,0.0022787335328757763,0.04744917154312134,nan,nan,512,0,0.0022787335328757763,0.04744917154312134,all_rows,512,0,0.0027600242756307125,0.0390625,-0.005654057487845421,0.0011240886931773275,0.10956816794350743,67e46b941223541f0534e6565934beda:0:0,daecde873aebcabf6652268635ca0110:0:0,89dcea9e5f8a5e1041b1ae4a0e0df3a8:0:0,809652c4e169b53420ae6fa76b3dfd0e:0:2320779322,8326239a6d456d03231c9290434f8b71:0:772466290,10,1.0,0,0,0,0,0,0,512,0,0,512,0,0,248,0,0,264,0,0,512,0.9035410284996033,93.6644515991211,13,0
1072,A,1072,0.001383495982736349,0.04922876134514809,nan,nan,512,0,0.001383495982736349,0.04922876134514809,all_rows,512,0,0.0036108274944126606,0.057421875,-0.00021573523990809919,0.001185842591803521,0.10181634197942913,9b51c1f14982403cac449636d6518ada:0:0,515e4fd539121f9b566d84eef37d6f8d:0:0,800b6a782bc82a8bfc0639762de2c531:0:0,22fe20cc50a633a50dcc776dcf80e10e:0:2871997015,e91b62680202b1823196dfeb60033a2c:0:594501848,10,1.0,0,0,0,0,0,0,512,0,0,512,0,0,257,0,0,255,0,0,512,0.9288888573646545,92.61768341064453,13,0
1073,A,1073,-0.0022937972098588943,0.04815930500626564,nan,nan,512,0,-0.0022937972098588943,0.04815930500626564,all_rows,512,0,0.010445278137922287,0.0650390625,-0.006725554075092077,0.0011456835956778378,0.14183186797890812,39fae15326ff54ef37600089baae56da:0:0,e1d0f1ef2862f09acefd8ebb20f4a1de:0:0,c4273286597b56c63ce578efa8d47644:0:0,84f28cfb2a2d67db75c48f302183c50e:0:2245480810,80a9bed233ec62b0b6917e68345e29be:1:129125134,10,1.0,0,0,0,0,0,0,512,0,0,512,0,0,248,0,0,264,0,0,512,0.9441786408424377,92.74617767333984,10,0
1074,A,1074,0.001020684838294983,0.05217791721224785,nan,nan,512,0,0.001020684838294983,0.05217791721224785,all_rows,512,0,0.002904151566326618,0.0669921875,-0.004573793569579721,0.0013509677664842457,0.1430773549946025,82cf39cb4e50a2b8dbd6879b064b22da:0:0,a2e2bc54869002638d1f3bc5851f4108:0:0,91e95e2e510b77473ed7593396066b40:0:0,6ed794271f63999f33afda526146a90e:0:3299217963,952c53e4ef1a6a25e5f8692efbf09b36:0:1353144200,10,1.0,0,0,0,0,0,0,512,0,0,512,0,0,256,0,0,256,0,0,512,0.9608925580978394,91.19458770751953,7,0
1075,A,1075,-2.6213238015770912e-06,0.04701866954565048,nan,nan,512,0,-2.6213238015770912e-06,0.04701866954565048,all_rows,512,0,0.004810313694179058,0.048828125,0.00017913405317813159,0.0010926205024588854,0.1468585649272427,b10f5eff8ba7d3abf786cdb6b927eeda:0:0,99a1862ae8d380bb70d43de46a713855:0:0,1e7d625869bbce8a451f7ab39cb77ebe:0:0,25188da0fc6ccb93500d3c388ec98d0e:0:1320848088,63fe7d731a490c58aa0720321bec91ae:0:2778592969,10,1.0,0,0,0,0,0,0,512,0,0,512,0,0,257,0,0,255,0,0,512,0.9610468745231628,91.56108093261719,7,0
1076,A,1076,0.0036475423257797956,0.055230762809515,nan,nan,512,0,0.0036475423257797956,0.055230762809515,all_rows,512,0,0.011516529135406017,0.07265625,-0.004883856885135174,0.0014835128327831625,0.12954762496519834,181d7841c557f742dcdeb528d344bada:0:0,a12793d573826b075a551dd9dbb63909:0:0,3957441d1b4c5c525a375af77e51190e:0:0,c501e2c2bfbfd9c9e4c15846aa0c710e:0:1564609241,7463792a30a1486426ab798be4c662a7:0:2738443802,10,1.0,0,0,0,0,0,0,512,0,0,512,0,0,262,0,0,250,0,0,512,0.9531072974205017,91.26750946044922,10,0
1077,A,1077,-0.0004223995201755315,0.05037582293152809,nan,nan,512,0,-0.0004223995201755315,0.05037582293152809,all_rows,512,0,0.001850652159191668,0.0685546875,-0.0013394194887951017,0.0012114996934542432,0.1041456350358203,bbbc6cd2b28705779edb603d54a186da:0:0,80f935af94e53f2f544c7147b503ce62:0:0,86d2f83d29d72b08b4e76282764d5d26:0:0,846773f79e7f7618011691e0b30f550e:0:2528645515,7828561fdf08bfea2ddae7bda679e049:1:3854925453,10,1.0,0,0,0,0,0,0,512,0,0,512,0,0,260,0,0,252,0,0,512,0.974502444267273,92.67164611816406,5,0
1078,A,1078,-0.0036512429360300303,0.05086401849985123,nan,nan,512,0,-0.0036512429360300303,0.05086401849985123,all_rows,512,0,0.0029923375695943832,0.0984375,-0.0018467434681952,0.0012581361341290175,0.10223294596653432,1dc67d37d437191bdd0931403d3e52da:0:0,324ec623f007a2a31f6e7cdcfd0b2c2b:0:0,c96ffd454da35ac64a07a19bef9c5406:0:0,842042d489fd02298dbd0c6aa9d2390e:0:269983123,3296271cd3b4d124826b9566990d8914:0:2198540251,10,1.0,0,0,0,0,0,0,512,0,0,512,0,0,266,0,0,246,0,0,512,1.0033406019210815,92.14440155029297,0,0
1079,A,1079,-0.009952432475984097,0.057666365057229996,nan,nan,512,0,-0.009952432475984097,0.057666365057229996,all_rows,512,0,0.005598756950348616,0.0974609375,-0.004946015775203705,0.0015505110961385072,0.10223325400147587,0f57b66c6df361708f83ca7d8d1b1eda:0:0,82a10bfacc79b20f47795fdfaa3c217a:0:0,91e4974a97590bd8668fd20388ff7e80:0:0,5e709e2d8ac9475530caab488e551d0e:0:951367389,9f826204da81fabd05be13347ec77c53:1:1632144653,10,1.0,0,0,0,0,0,0,512,0,0,512,0,0,253,0,0,259,0,0,512,1.0035629272460938,92.10380554199219,0,0
1080,A,1080,-0.0034444115590304136,0.05138406902551651,nan,nan,512,0,-0.0034444115590304136,0.05138406902551651,all_rows,512,0,0.01450815238058567,0.110546875,-0.004769778321497142,0.0012820997915696352,0.10247777006588876,c3af33947b6ccafdd2f60e414437eada:0:0,b80b09b485689dda2f9ed7ae11f2204c:0:0,54aa4e35f666cc3b2e7d262e5bcd4e0f:0:0,f6b1966a05b70c3031bb11de6098010e:0:945044899,64f80b2611bbf00959c1f8f4eba4d1a3:0:261149982,10,1.0,0,0,0,0,0,0,512,0,0,512,0,0,248,0,0,264,0,0,512,1.0167497396469116,91.2978286743164,0,0
1081,A,1081,0.00824359618127346,0.054905399680137634,nan,nan,512,0,0.00824359618127346,0.054905399680137634,all_rows,512,0,0.002970175351947546,0.0830078125,0.0003308829851448536,0.0015041651902720332,0.10090909292921424,35e376b7e0525faab49a1ed76294b6da:0:0,7efb2bdc3247f4feea2357a9a6d7868e:0:0,9dbafd2207a94fafc02c4b70b8215b14:0:0,1c9eedafbf3387e25d6fa390209ae50e:0:3632521884,aba0e7fc6d3d5ffd3f0cb2e6d35ca475:0:1185912958,10,1.0,0,0,0,0,0,0,512,0,0,512,0,0,254,0,0,258,0,0,512,1.0212796926498413,90.56688690185547,0,0
1082,A,1082,-0.0013265007873997092,0.0539717823266983,nan,nan,512,0,-0.0013265007873997092,0.0539717823266983,all_rows,512,0,0.004204150289297104,0.0658203125,-0.002152870176360011,0.001433853228809312,0.10102469706907868,2f3240eb4fb15e14fe395e8be83182da:0:0,3168ffde92de7acf07ab694c0811166a:0:0,10cfd90e0ee69ba3bd64a6255cc0d583:0:0,217408d23158b339ea2f83c1ce5dc90e:0:936074123,094d31878661cd09d04202790020f7df:1:3057896703,10,1.0,0,0,0,0,0,0,512,0,0,512,0,0,258,0,0,254,0,0,512,1.0118424892425537,91.42931365966797,0,0
1083,A,1083,-0.0063454569317400455,0.05156943202018738,nan,nan,512,0,-0.0063454569317400455,0.05156943202018738,all_rows,512,0,0.007053884211927652,0.07890625,-0.009235996939241885,0.001263896477757953,0.10225406696554273,e9733e2ba8290829022c6faad50e4eda:0:0,2b6a8f6647324a484647e54cbbc621d2:0:0,3ba9d6dc4be0ac9a38ddd0b496fc5be9:0:0,55249b49891d777f5ba795d769e0ad0e:0:4006840436,cd17d0aad35b53123aa276c3afed8e45:0:3033345942,10,1.0,0,0,0,0,0,0,512,0,0,512,0,0,251,0,0,261,0,0,512,1.0301357507705688,90.66612243652344,0,0
1084,A,1084,0.0037582393269985914,0.043177779763936996,nan,nan,512,0,0.0037582393269985914,0.043177779763936996,all_rows,512,0,0.00504355039447546,0.0580078125,-0.004372355621308088,0.0009094728855416178,0.10479966492857784,6f46910fc23e28f9675b3480292b1ada:0:0,59e4ac992690c60a78fb647e818bf0f2:0:0,5202b1bc489ed19f4d8c84719f7298b8:0:0,5446e1ca5f07bb0966ea7d34f323910e:0:558905749,21cdc044f4f808347f1f8cce5a6d64f1:0:3311325772,10,1.0,0,0,0,0,0,0,512,0,0,512,0,0,261,0,0,251,0,0,512,0.9852091073989868,92.24069213867188,4,0
1085,A,1085,-0.00030581140890717506,0.051575805991888046,nan,nan,512,0,-0.00030581140890717506,0.051575805991888046,all_rows,512,0,0.005137505009770393,0.1056640625,0.007931801304221154,0.0013200896035414189,0.10603359702508897,813cce53ee1a51d6f53ccf57e487e6da:0:0,554cce5889a5177111a514ac95872003:0:0,2feef52b04f0f9635edc7bb4f20ab967:0:0,e9733c6cffc44b90d6709d3e6a26750e:0:3236451493,196fabf3335e8a6f5cb95c069e1e9ea1:1:957832159,10,1.0,0,0,0,0,0,0,512,0,0,512,0,0,261,0,0,251,0,0,512,0.9469481706619263,92.62258911132812,11,0
1086,A,1086,0.0046377032995224,0.04825691878795624,nan,nan,512,0,0.0046377032995224,0.04825691878795624,all_rows,512,0,0.0038638801779597998,0.0515625,0.0027341896668076513,0.0011627355590462685,0.100989980972372,f3ad48219e02cea85fd7a27e0724b2da:0:0,cf53fe025f6822a050a9970ab3b0c6b8:0:0,bb870c9527b7d19db070cd07fff379cb:0:0,d4afdaa8d908a6446e181957cee9590e:0:3189766335,1d09523e56ac830bd882b0ea77843fac:1:1334515653,10,1.0,0,0,0,0,0,0,512,0,0,512,0,0,250,0,0,262,0,0,512,0.9060443043708801,93.24055480957031,14,0
1087,A,1087,0.0029939289670437574,0.047155775129795074,nan,nan,512,0,0.0029939289670437574,0.047155775129795074,all_rows,512,0,0.008488482795655727,0.0478515625,-0.001963002560660243,0.0011027016036678106,0.10062126908451319,3379a4d4fad3518213c1503e91017eda:0:0,c19f17989f3c0d3d848a98ce74e17d4e:0:0,337f2933e6d38160cc3401793d119a19:0:0,deb6f0be5f229d9ccf24d4e5216c3d0e:0:608745212,148bd239b5759eb8c1ef19d36caa84ef:1:3198887519,10,1.0,0,0,0,0,0,0,512,0,0,512,0,0,275,0,0,237,0,0,512,0.909824013710022,93.96501922607422,12,0
1088,A,1088,-0.005011531058698893,0.04522574320435524,nan,nan,512,0,-0.005011531058698893,0.04522574320435524,all_rows,512,0,0.010229799896478653,0.073828125,-0.0017947819549590349,0.0010185058315983042,0.14846542291343212,efdaa4e15fc8557e021ebae5821e4ada:0:0,bd44df0026c2a61039a71e3ae4c20ef8:0:0,99a5343854aa6b04707aae9f851e5686:0:0,0242977f7f99dcf05c40734a61af210e:0:1577247797,1d44f316c401c51e96aca117f9a3458a:1:689426596,10,1.0,0,0,0,0,0,0,512,0,0,512,0,0,277,0,0,235,0,0,512,0.8767828345298767,92.82975769042969,15,0
1089,A,1089,0.004124216735363007,0.0493784099817276,nan,nan,512,0,0.004124216735363007,0.0493784099817276,all_rows,512,0,0.003477961290627718,0.0658203125,-0.004991007829084992,0.0012089621450286359,0.141076629050076,d3c1af54fae538d36ca404beda7b16da:0:0,9dca4e9583306b2758f417b7ba317484:0:0,e437d62c25410e9c92f4762130c1a65c:0:0,f8cb04bc754749c71d7a57eb8fb2050e:0:2529512799,073d8345622ec1645b90aaa3b75de15b:1:2924909811,10,1.0,0,0,0,0,0,0,512,0,0,512,0,0,261,0,0,251,0,0,512,0.8567423820495605,93.15567779541016,31,0
1090,A,1090,0.0007957293419167399,0.053191639482975006,nan,nan,512,0,0.0007957293419167399,0.053191639482975006,all_rows,512,0,0.007083949167281389,0.0462890625,-0.003847500728443265,0.0014058003202080727,0.14081491099204868,c99d3c5b0f420e2eb19490169a17e2da:0:0,d4318d417cc5ab4106c06e862096dda1:0:0,acd7d650081ca5e1649ac431e78ac1d8:0:0,e80a3bf0924642eea447a62cab74e90e:0:325547790,b8d3847de0ca4cb739de417a99fac7f6:1:337503426,10,1.0,0,0,0,0,0,0,512,0,0,512,0,0,290,0,0,222,0,0,512,0.8540700078010559,92.60745239257812,19,0
1091,A,1091,0.0007568394648842514,0.051228661090135574,nan,nan,512,0,0.0007568394648842514,0.051228661090135574,all_rows,512,0,0.0058408500626683235,0.0759765625,0.0003163127228617668,0.0013148615980753675,0.13230299297720194,7fa380fb968d254917c2ff38c0f4aeda:0:0,d65d624875725e0c9f98bb49c8a7247d:0:0,8270b6814d410dd7ae4b9052152dac49:0:0,17e3ac205423bd4def834171b4f7cd0e:0:532875114,4cb1d62277b9da400a2822eb80fca72e:0:2947401939,10,1.0,0,0,0,0,0,0,512,0,0,512,0,0,270,0,0,242,0,0,512,0.8561773300170898,91.85238647460938,36,0
1092,A,1092,0.0003335478249937296,0.05264570564031601,nan,nan,512,0,0.0003335478249937296,0.05264570564031601,all_rows,512,0,0.004504433833062649,0.0484375,-0.0056853910442441705,0.0013178885506931691,0.10222719504963607,d06ed7363f0c4ac09a9134714f117ada:0:0,ba59592e01d68880aa844255846c2d03:0:0,02bd6c84467b28510f0da63f3652ed98:0:0,4abe692fd6af3e794f6dcd1eac3ab10e:0:1675477364,0ed9b42f5c077fea34e37eda389b15bf:1:2806471006,10,1.0,0,0,0,0,0,0,512,0,0,512,0,0,253,0,0,259,0,0,512,0.8649473190307617,92.53109741210938,25,0
1093,A,1093,0.0027588612865656614,0.05501575767993927,nan,nan,512,0,0.0027588612865656614,0.05501575767993927,all_rows,512,0,0.007019035518169403,0.055078125,-0.0034493519458919765,0.0014595162007026373,0.1017766990698874,5af241760369bf2fb5f0520c446e46da:0:0,66933ef6412c0f8f90c5634cee675032:0:0,3fad4a395b6239feb57e056d72045e31:0:0,5ab5cc4e79d1b50649adac97913d950e:0:2961186892,38d729ac724706568bc2573b9b0a98d6:0:2047003733,10,1.0,0,0,0,0,0,0,512,0,0,512,0,0,270,0,0,242,0,0,512,0.9244393110275269,92.07758331298828,19,0
1094,A,1094,-0.006838604807853699,0.04758014902472496,nan,nan,512,0,-0.006838604807853699,0.04758014902472496,all_rows,512,0,0.002320879837498069,0.0650390625,-0.0009539746912196279,0.0011118996219011024,0.100947002065368,fcda1839d998e5853260ba55a10b12da:0:0,50d642f84f5f4437761197d1aa8c6144:0:0,874b9717c9831e42abcfb4646a3a37ad:0:0,e9fe486a4ece2e9f7d4f03406400790e:0:743623306,7a7badb86eab902333387d181a759758:0:3547864557,10,1.0,0,0,0,0,0,0,512,0,0,512,0,0,241,0,0,271,0,0,512,0.9705458879470825,90.68372344970703,10,0
1095,A,1095,0.005322590935975313,0.052951380610466,nan,nan,512,0,0.005322590935975313,0.052951380610466,all_rows,512,0,0.0030069653876125813,0.085546875,-0.005507125565782189,0.0014109994692262263,0.1024261430138722,128d6cae361ea89bf0f20f9964e7deda:0:0,2eea5b91f2ca5e831630ea4f29912499:0:0,1dfebeebed8d6768aa408ca87a0fb07a:0:0,123b24f3a1506bd886c3b47d24835d0e:0:1766820104,b2792ad28d760d2f919a832a8e574d8b:1:2675978772,10,1.0,0,0,0,0,0,0,512,0,0,512,0,0,271,0,0,241,0,0,512,0.9629119038581848,91.16754150390625,6,0
1096,A,1096,-0.0063641611486673355,0.05239420384168625,nan,nan,512,0,-0.0063641611486673355,0.05239420384168625,all_rows,512,0,0.003919631242752075,0.0361328125,-0.002086000703275204,0.0013373310386668891,0.10097624897025526,5f77f2d261099812b74334239004aada:0:0,87c47d68eefa58a0130a8c28aee39373:0:0,c156054b2c74480b163119227df7f8de:0:0,db059a8eb0ad51c1e3e363b1d2c6410e:0:2615475593,48009b0c64aed97c208ceee9658997b3:0:3551779363,10,1.0,0,0,0,0,0,0,512,0,0,512,0,0,260,0,0,252,0,0,512,0.9750808477401733,90.2632827758789,10,0
1097,A,1097,0.00604225741699338,0.046675585210323334,nan,nan,512,0,0.00604225741699338,0.046675585210323334,all_rows,512,0,0.00710831955075264,0.065234375,-0.0013862099498510362,0.0010955960024148226,0.10064790805336088,574a59a3d9e5bc63fb824a40226176da:0:0,1a96f201b87778119e6cc3f88391031a:0:0,6a7d53160b9c771011eae872849dc975:0:0,a94e7aa76db9393cd7eb74426ec9250e:0:3108035591,b127a6d3a5545057e4ad87a2c59928df:1:387321047,10,1.0,0,0,0,0,0,0,512,0,0,512,0,0,267,0,0,245,0,0,512,1.0326144695281982,90.17431640625,0,0
1098,A,1098,-0.0027806737925857306,0.046490877866744995,nan,nan,512,0,-0.0027806737925857306,0.046490877866744995,all_rows,512,0,0.006360778585076332,0.05859375,-0.0043288907036185265,0.0010659812425728888,0.10046565602533519,34b7d7a947f8223db06cb43b1bfe42da:0:0,ecfd4db0f50cbbbb7659a3666b7bee3a:0:0,984ed2a08f6cb6778c8bfaa8ef2fa5b3:0:0,9d511c30d1981c0f4f7f0992f88c090e:0:1146234922,dd103dd04e02e8d69c6a21c6de2a76f0:1:4097322272,10,1.0,0,0,0,0,0,0,512,0,0,512,0,0,250,0,0,262,0,0,512,1.0436792373657227,90.5780258178711,0,0
1099,A,1099,0.004682590253651142,0.05221978574991226,nan,nan,512,0,0.004682590253651142,0.05221978574991226,all_rows,512,0,0.0022734454832971096,0.0505859375,0.0007213493809103966,0.0013562709878897294,0.10435127699747682,e3235e15b40e1d19114f14607cdb0eda:0:0,5b39697498f7901c39351195b779a320:0:0,d0c6c768c248d8712a99db893e8977c0:0:0,c140bd2f21eb9fb7c4a70707700eed0e:0:3123204581,c51cd635ba031f3ec0217d4c9f6a7f6f:0:3585905332,10,1.0,0,0,0,0,0,0,512,0,0,512,0,0,280,0,0,232,0,0,512,1.0431468486785889,90.02641296386719,0,0
1100,A,1100,-0.005506974179297686,0.050140466541051865,nan,nan,512,0,-0.005506974179297686,0.050140466541051865,all_rows,512,0,0.005030675791203976,0.0560546875,-0.000841243239119649,0.001245083479443565,0.10309237404726446,45ed5c9c092c41126e054cfc44f7dada:0:0,f7c7b3bc9c08a23d855715713d318df3:0:0,c1dc0e41f8f9ceedbb96afcc633e51a0:0:0,cd70e20236c2fe0122d21003d551d10e:0:1581268082,5f7b914d9469e8219a1786af17c05f9f:1:1399815562,10,1.0,0,0,0,0,0,0,512,0,0,512,0,0,258,0,0,254,0,0,512,1.050569772720337,89.03762817382812,0,0
1101,A,1101,-0.003234078176319599,0.05243905261158943,nan,nan,512,0,-0.003234078176319599,0.05243905261158943,all_rows,512,0,0.01476484164595604,0.0806640625,-0.0024850880261510612,0.0013645985221955926,0.1044403639389202,e0e443ea19691400f6fa805a7454a6da:0:0,8782a116d251dc942f978ac1d7eb2bbb:0:0,9e0ac8667fcc9e6ca5eddd34aa63d4dc:0:0,ed3578ba96b0cb56aad487ec2854b50e:0:4232047319,80f10bcf9dca1f4c0c412347bea87306:1:593652810,10,1.0,0,0,0,0,0,0,512,0,0,512,0,0,238,0,0,274,0,0,512,1.0203949213027954,89.63155364990234,0,0
1102,A,1102,0.0050974092446267605,0.04930135980248451,nan,nan,512,0,0.0050974092446267605,0.04930135980248451,all_rows,512,0,0.00938157644122839,0.0978515625,-0.004131593555212021,0.0011738895962480455,0.10524665401317179,58fe04a1a43f75ce892910c70af172da:0:0,65670877253fa7322561b7063edf06b5:0:0,b0e1d1cf704d2c8f473f31a049d51793:0:0,27d8a819fd6a9ad7d6e892246917990e:0:3975714845,9db09e7968d9868aa729fd0d876e277e:1:3923734339,10,1.0,0,0,0,0,0,0,512,0,0,512,0,0,253,0,0,259,0,0,512,1.0146687030792236,90.73023223876953,0,0
1103,A,1103,-0.003322496311739087,0.04993885010480881,nan,nan,512,0,-0.003322496311739087,0.04993885010480881,all_rows,512,0,0.004598845727741718,0.042578125,-0.0011734379921108484,0.0012437149591278285,0.10303686803672463,ba37a4851ba4c00f7a1aa08e08ce3eda:0:0,9a2fb7049ae6e08f20435c59e33b704b:0:0,30ba32590a556f261103ac5b27368e30:0:0,a88a3735a156802c3eae1210979a7d0e:0:1229828927,0ef65c200a3b235577f7de60ad6229cc:1:790638664,10,1.0,0,0,0,0,0,0,512,0,0,512,0,0,252,0,0,260,0,0,512,1.0267295837402344,91.4720458984375,0,0
1104,A,1104,0.004336007870733738,0.04596027731895447,nan,nan,512,0,0.004336007870733738,0.04596027731895447,all_rows,512,0,0.011361906304955482,0.0693359375,0.0018771654344163836,0.001047213503625244,0.10089120001066476,ee81ab6d252e9cda63e811fb6deb0ada:0:0,6bedabda59d620df14be40a0d1459b96:0:0,66718f5b4d43c49f3a3e60ef6a81dccd:0:0,e4d764064c6a6f177b2aab14b3dd610e:0:4276586879,23c100b7958623781eed83826e4e5a5c:0:607988867,10,1.0,0,0,0,0,0,0,512,0,0,512,0,0,248,0,0,264,0,0,512,1.049727439880371,91.26689910888672,0,0
1105,A,1105,0.002569771371781826,0.052531495690345764,nan,nan,512,0,0.002569771371781826,0.052531495690345764,all_rows,512,0,0.0014405074762180448,0.0802734375,-0.003992618247866631,0.0013785534247290343,0.10136124398559332,613c9d7b149494dff139875b3a47d6da:0:0,c078f9b94a00e97e496ae307df7eb58b:0:0,26ce1631be714d90e682a7077cd611d2:0:0,60c9cc881cc178cd0ac9c094bde0450e:0:557695850,28126d66148baa7a8ffa27a5fad54239:0:283769362,10,1.0,0,0,0,0,0,0,512,0,0,512,0,0,254,0,0,258,0,0,512,1.0102055072784424,93.20736694335938,0,0
1106,A,1106,0.0029278681613504887,0.04758239537477493,nan,nan,512,0,0.0029278681613504887,0.04758239537477493,all_rows,512,0,0.010915488936007023,0.0474609375,-0.001352465758100152,0.0010849448735825717,0.10197808803059161,7237f7dbdcd954c2a94662f96de4a2da:0:0,035b79e40eb2653ee24f574e06e91cfc:0:0,8a4b33719312a67bc9e680b3ee3ea8c8:0:0,5800bf61814ae704355c75f4b5a3290e:0:2805475765,9b48183a9470205106f2fe88512f6be2:1:3407183150,10,1.0,0,0,0,0,0,0,512,0,0,512,0,0,255,0,0,257,0,0,512,1.0026317834854126,93.22732543945312,0,0
1107,A,1107,0.00037678261287510395,0.04723558947443962,nan,nan,512,0,0.00037678261287510395,0.04723558947443962,all_rows,512,0,0.006132697686553001,0.05390625,-0.0036957566160708668,0.0010988859896315262,0.11033914494328201,21a8314e3567a9aebbd5472208c16eda:0:0,d2e30002f4dd0a9431428dbbb181d440:0:0,d1a974e3296c3aae0a068f5c74618eed:0:0,b1b1de5ec6f734cbf019ae989b260d0e:0:208002323,349b03012056849a6e49378821ecc7c5:0:452646545,10,1.0,0,0,0,0,0,0,512,0,0,512,0,0,237,0,0,275,0,0,512,0.974237859249115,93.99946594238281,5,0
1108,A,1108,-0.003881976706907153,0.04682612419128418,nan,nan,512,0,-0.003881976706907153,0.04682612419128418,all_rows,512,0,0.0012165975058451295,0.0533203125,6.15718774497509e-05,0.0010839361319085583,0.10130288195796311,4b5d177df06f3531cd3c16210ade3ada:0:0,946c5cc698fd4d4d4ce4de88eeb6e6de:0:0,cdce06206df25961f122cc6e7a5079f7:0:0,283c76654ac6e51ec19e0de46e68f10e:0:70936734,a04bdfa36e54d60d71c1b6688084ee3e:0:3421425720,10,1.0,0,0,0,0,0,0,512,0,0,512,0,0,234,0,0,278,0,0,512,1.0100152492523193,93.72447967529297,0,0
1109,A,1109,-0.00047068356070667505,0.04775210842490196,nan,nan,512,0,-0.00047068356070667505,0.04775210842490196,all_rows,512,0,0.009213147684931755,0.0603515625,-0.001352295884862542,0.0011373106972314417,0.10105688590556383,e1e98625bfccd852c25ff242743b06da:0:0,20da4e06ff278171fdc44c4cefacdac9:0:0,66a41de7226aef0e7ac12259ee6a746f:0:0,419e4dd7251f3736a5ebf73c2f6bd50e:0:3795379317,e5787092a20948162faab000194fe087:1:1767917917,10,1.0,0,0,0,0,0,0,512,0,0,512,0,0,257,0,0,255,0,0,512,0.9943172335624695,93.94805908203125,4,0
1110,A,1110,0.002215156564489007,0.05080074816942215,nan,nan,512,0,0.002215156564489007,0.05080074816942215,all_rows,512,0,0.03401778265833855,0.13046875,0.0026850291527807713,0.0012717706675175577,0.1021984179969877,e9a7e4c7e5cad5e98cb53dd244d7d2da:0:0,d412e5dfeb24bba15c0eaaacc78ced07:0:0,9269ee44367c848400cc3806ebca8923:0:0,6a60ebb5e2c8b8a0f26b8e03de2eb90e:0:964717478,a90e61940807fb17dc0246bab46e2ca4:1:3417250421,10,1.0,0,0,0,0,0,0,512,0,0,512,0,0,270,0,0,242,0,0,512,0.9373133182525635,95.07034301757812,9,0
1111,A,1111,0.0016534187598153949,0.047052379697561264,nan,nan,512,0,0.0016534187598153949,0.047052379697561264,all_rows,512,0,0.0029804869554936886,0.0638671875,-0.008358547324314713,0.0011021235579391942,0.10213705501519144,7ed413ad8f04ac36f63f9b1c7cb49eda:0:0,7987e2f7b2b90f2d833b627a0a46f23e:0:0,3f425d58d7903253073a8367196a7f7d:0:0,06437f289ffbb51239eab59f7ab19d0e:0:534046043,66a726913408b0bd2892f669a5bb685f:0:3656151335,10,1.0,0,0,0,0,0,0,512,0,0,512,0,0,254,0,0,258,0,0,512,0.867544412612915,98.89017486572266,33,0
1112,A,1112,0.0021795558277517557,0.04838575795292854,nan,nan,512,0,0.0021795558277517557,0.04838575795292854,all_rows,512,0,0.009101785719394684,0.092578125,-0.009300406218972056,0.0011441191512858496,0.10314436198677868,009378bbd2baa5bc6d91ec6d1bd16ada:0:0,d23c1e175c65909d69afec1a16f5dd65:0:0,e71f72a0274b6b8ef9e6df90a896d342:0:0,66b7985f99de83fa309d117304f4810e:0:2499901995,50a7226fdc0ff50b83b1eaeee0b1c2aa:1:3816430897,10,1.0,0,0,0,0,0,0,512,0,0,512,0,0,273,0,0,239,0,0,512,0.8632930517196655,98.60031127929688,16,0
1113,A,1113,-0.002911811461672187,0.050702907145023346,nan,nan,512,0,-0.002911811461672187,0.050702907145023346,all_rows,512,0,0.006079777143895626,0.081640625,-0.005677776038646698,0.0011903652019100263,0.10307246097363532,93f6b08c96e12153d1ce5410222e36da:0:0,67574be06629f0db77973aee2eb84d2b:0:0,7faa7b6e90b3a2fb9f2eac705929bf07:0:0,1cfdd1250ad9b3d7901c04e27cf7650e:0:3004810155,b819756c18b06348fb374a23c88737c4:0:4248781021,10,1.0,0,0,0,0,0,0,512,0,0,512,0,0,255,0,0,257,0,0,512,0.8700647354125977,97.63225555419922,27,0
1114,A,1114,0.0004330584779381752,0.05268451198935509,nan,nan,512,0,0.0004330584779381752,0.05268451198935509,all_rows,512,0,0.007684673182666302,0.052734375,-0.0006292979698628188,0.00127878287457861,0.1033227340085432,9d060818d53791873ea634518fcb02da:0:0,c112cea291022660648ff0ef13b71ec8:0:0,3739f2a5c7ab48a1853f75979ad9a99d:0:0,da0b54c0e626134bfb66b351e2ba490e:0:3080602642,6d79c848396ca2d05aa3bee8918ca613:1:469801062,10,1.0,0,0,0,0,0,0,512,0,0,512,0,0,278,0,0,234,0,0,512,0.9076055288314819,97.58331298828125,19,0
1115,A,1115,0.000586119422223419,0.047757022082805634,nan,nan,512,0,0.000586119422223419,0.047757022082805634,all_rows,512,0,0.008198749274015427,0.0580078125,-0.0026466691633686423,0.0011391727370209993,0.10586200491525233,90024f20feb33328d85a2f7d64a7ceda:0:0,c4660c6c57dd38fc045af512a8a447e3:0:0,543b6f7619c14869f58b11c1424de2af:0:0,cf21ec2ac6f897efe2e20025363d2d0e:0:2105671192,00d969bff43569bbe7cd636fd3002052:1:3876850384,10,1.0,0,0,0,0,0,0,512,0,0,512,0,0,264,0,0,248,0,0,512,0.9053032994270325,96.8277587890625,11,0
1116,A,1116,0.003014529123902321,0.05508500337600708,nan,nan,512,0,0.003014529123902321,0.05508500337600708,all_rows,512,0,0.0016507530817762017,0.04765625,-0.003368180268444121,0.0015174059546552599,0.10187175101600587,a16ecb5f7a897b2a97ba27dfa0c49ada:0:0,ccbd814d35e2d6a7a55cc50fd786184a:0:0,0710a9bcf992420ea23072cd8b9f790a:0:0,14e9ccdb27b022e668588ec07780110e:0:1139116560,75b8b0e8bda8e82b438e6389992c1aab:0:606573569,10,1.0,0,0,0,0,0,0,512,0,0,512,0,0,268,0,0,244,0,0,512,0.9069661498069763,97.34841918945312,18,0
1117,A,1117,0.005537040065973997,0.04805700108408928,nan,nan,512,0,0.005537040065973997,0.04805700108408928,all_rows,512,0,0.004009639378637075,0.08984375,-0.0017802604241296649,0.0011340541328536346,0.10157812898978591,677718707e263bb616253fc4442166da:0:0,196c7c4a7d79c766b5e13eb27b2463f5:0:0,577676c007c30af1701b54936e25c438:0:0,d1a6e5e2b569233142fac287a682f50e:0:3262533950,55b361fe7aff51d33c131441286fef4c:1:2247424845,10,1.0,0,0,0,0,0,0,512,0,0,512,0,0,264,0,0,248,0,0,512,0.9110035300254822,97.22174072265625,17,0
1118,A,1118,-0.005764416418969631,0.047998569905757904,nan,nan,512,0,-0.005764416418969631,0.047998569905757904,all_rows,512,0,0.007678857073187828,0.0556640625,-0.0012635193765163422,0.001149170656572096,0.10135784198064357,7a149039bb5980845989d9774ebe32da:0:0,34be4931eb8a9f3276dedaa37143ba63:0:0,927b31b44c60ac26ee1a622a3aa09a01:0:0,7792c844545b15c4a35ebedec345d90e:0:3103155798,88c1c9297e1a32c8a1db61ac2de90d91:0:1425854422,10,1.0,0,0,0,0,0,0,512,0,0,512,0,0,248,0,0,264,0,0,512,0.9111742973327637,96.44844818115234,11,0
1119,A,1119,0.0009131813421845436,0.04468948394060135,nan,nan,512,0,0.0009131813421845436,0.04468948394060135,all_rows,512,0,0.001328416750766337,0.0732421875,-0.0003972425125539303,0.000938532143482007,0.10305916995275766,903a737ba2092275a0659744c09afeda:0:0,06b135f915d3034fe67da2b0c6d720ed:0:0,8e20d830e1fb2aab07d7026b65f9077b:0:0,50388ce42963e35b17806729cdc8bd0e:0:3051705467,95d83f31c9098e712382e0363e5a36b7:0:1069194694,10,1.0,0,0,0,0,0,0,512,0,0,512,0,0,259,0,0,253,0,0,512,0.9361749291419983,95.91542053222656,15,0
1120,A,1120,-0.006836721207946539,0.048065926879644394,nan,nan,512,0,-0.006836721207946539,0.048065926879644394,all_rows,512,0,0.003821567865088582,0.0390625,-0.0007612141780555248,0.0010687254602089525,0.10247042891569436,8686721532b212692dc55b7899b7cada:0:0,91dac4a72e4399226eb376ae7b3b4021:0:0,ea808562af4d29870801abd6b0202b22:0:0,6ea943b3bd251c096ec15eccc60ba10e:0:1708630240,f1ca066bfa88eb197fffad47232373c2:1:3814372045,10,1.0,0,0,0,0,0,0,512,0,0,512,0,0,255,0,0,257,0,0,512,0.9495572447776794,95.76544189453125,12,0
1121,A,1121,0.019826656207442284,0.06088344380259514,nan,nan,512,0,0.019826656207442284,0.06088344380259514,all_rows,512,0,0.007390839047729969,0.046875,-0.0031876081600785257,0.0013069182692561298,0.10104858700651675,2ebc66629f055b551545485eda1496da:0:0,9f71efa30822480ca7e8ab803efa766f:0:0,d6dedd3c940d8254c6857947916afdec:0:0,de3d85190d1710929de9092bac0e850e:0:2836948290,d13a83be878333cb9d09136ca0a76bb5:1:957162098,10,1.0,0,0,0,0,0,0,512,0,0,512,0,0,265,0,0,247,0,0,512,0.9505367279052734,95.05500793457031,10,0
1122,A,1122,-0.0034899648744612932,0.047984011471271515,nan,nan,512,0,-0.0034899648744612932,0.047984011471271515,all_rows,512,0,0.004423273261636496,0.0603515625,0.00026651741936802866,0.0011448867386206984,0.10546432400587946,c5f016fe35ecdb9e0710c04381b162da:0:0,433b02405bd98abd3f8661a1f1550f0f:0:0,478818b5f4e514f5e408415e4bdd4f9a:0:0,441bafe41ef5c97ba32489aa7fd1690e:0:1346040735,4d036bd30e4289f97c9beed9a8034e4e:1:955704883,10,1.0,0,0,0,0,0,0,512,0,0,512,0,0,260,0,0,252,0,0,512,0.9537818431854248,94.1015625,7,0
1123,A,1123,-0.0018873440567404032,0.047337085008621216,nan,nan,512,0,-0.0018873440567404032,0.047337085008621216,all_rows,512,0,0.011943763121962547,0.0537109375,-0.0038262628018856048,0.0011230800912017003,0.10539083101321012,80ee9e0a5843b5af1be26572908e2eda:0:0,35f61c9d06f7f47d2e18fd1f1178a0b0:0:0,e050fc8f6f9729031150d67059821f3f:0:0,fca2337c6aebdbdf6a06c3ad41544d0e:0:759816610,1fa17744322d0e3bd942bae562901e56:0:3683501979,10,1.0,0,0,0,0,0,0,512,0,0,512,0,0,249,0,0,263,0,0,512,0.9860743284225464,93.93919372558594,3,0
1124,A,1124,0.0051817032508552074,0.04283205047249794,nan,nan,512,0,0.0051817032508552074,0.04283205047249794,all_rows,512,0,0.009194866754114628,0.0748046875,-0.006994142709299922,0.0008798409544397146,0.10205770097672939,ca7aad0a738e77d1a1041a3806aafada:0:0,9a90b433f559b309d5e77dce506ec409:0:0,39ba0a7aa993c1d24941146703302704:0:0,d0e1ff4530df1c02af885a97f097310e:0:2589797380,e8b02f1b60da8a6779ab8981042ed78f:1:1189717657,10,1.0,0,0,0,0,0,0,512,0,0,512,0,0,252,0,0,260,0,0,512,0.9833428263664246,95.34407806396484,5,0
1125,A,1125,-0.0009175571613013744,0.051154669374227524,nan,nan,512,0,-0.0009175571613013744,0.051154669374227524,all_rows,512,0,0.005877163261175156,0.1076171875,-0.0023990812944248317,0.0012842607247876003,0.10354393697343767,9c8348303ffefb44e44f00dfe407c6da:0:0,c4fda8c4db95f9e4e7d90713f60e70f0:0:0,fbe4a51b043f72a6203424b60b5f857d:0:0,8146cd8d8d432da7e607b1ce8d9a150e:0:14235817,3a5fef19ff968d31f8f3fecb21678ace:0:536808112,10,1.0,0,0,0,0,0,0,512,0,0,512,0,0,258,0,0,254,0,0,512,0.9680350422859192,96.83113861083984,11,0
1126,A,1126,-0.0036968388594686985,0.056080255657434464,nan,nan,512,0,-0.0036968388594686985,0.056080255657434464,all_rows,512,0,0.004004320129752159,0.0515625,-0.0029387000016868115,0.0015026630135253072,0.10168242501094937,d3e3c3e1bf0ffa96002b7bb628a492da:0:0,cef8dfedcbc03d9e8863021d1d050e12:0:0,71595513256ce99a8eb573503470ea85:0:0,5f2181b6e1d5f2231948ecb5185cf90e:0:303454860,38e4569340b2441310f389ad777bf113:1:3556810847,10,1.0,0,0,0,0,0,0,512,0,0,512,0,0,253,0,0,259,0,0,512,0.9529425501823425,96.98666381835938,21,0
1127,A,1127,0.008134976029396057,0.04352385550737381,nan,nan,512,0,0.008134976029396057,0.04352385550737381,all_rows,512,0,0.011191215366125107,0.0740234375,-0.0038574048783630134,0.0009007378714159131,0.10092973394785076,84b5cb1bb8045f37a7912d06d4815eda:0:0,ec8d0dc2a7b950e26a3d9d897304f2b9:0:0,92ce71b85b5fdfd3e4eebef2f72d110c:0:0,d4c43691e6a9d42dd275eeaf90dfdd0e:0:2395075507,a3df4bd648143de04e4bd1cc4f150f54:1:436666674,10,1.0,0,0,0,0,0,0,512,0,0,512,0,0,247,0,0,265,0,0,512,0.9634676575660706,96.94676971435547,12,0
1128,A,1128,-0.0053919777274131775,0.04791891202330589,nan,nan,512,0,-0.0053919777274131775,0.04791891202330589,all_rows,512,0,0.002710050670430064,0.09609375,0.002073479711543769,0.0011532696516951546,0.10068893409334123,330afd33af964659f206f71de79e2ada:0:0,a010903a3112682d34fe4c3684e7df60:0:0,9d3412020716811bb7c9d587b6558959:0:0,d8ffe34877e1f17afc1e5b21f722c10e:0:2262935043,9650e91becc15e77735363422ffd3eee:1:3457803012,10,1.0,0,0,0,0,0,0,512,0,0,512,0,0,263,0,0,249,0,0,512,0.9501526951789856,97.9395980834961,25,0
1129,A,1129,0.0010877680033445358,0.048589758574962616,nan,nan,512,0,0.0010877680033445358,0.048589758574962616,all_rows,512,0,0.0028189909644424915,0.0142578125,-0.000644272705540061,0.0011385575140593573,0.10186334594618529,7043455b9821bd0227a2fc4761faf6da:0:0,581a87a20f407f9821eff3c6fed3d5e5:0:0,a512691fe41039319a675648d767d670:0:0,acd8aa7ff484220ac63795704b25a50e:0:3791123504,8999c66328b77dcfcbb8ef54da18c44d:0:4239126112,10,1.0,0,0,0,0,0,0,512,0,0,512,0,0,243,0,0,269,0,0,512,0.9569365978240967,97.75494384765625,22,0
1130,A,1130,0.002475305926054716,0.052115194499492645,nan,nan,512,0,0.002475305926054716,0.052115194499492645,all_rows,512,0,0.0031516579911112785,0.0396484375,-0.0041611357126384975,0.0013027793174842373,0.10687326197512448,bf676e28b79733628d0a9ecf4397c2da:0:0,ad3d6aae537676e7160702d4a4158e5f:0:0,f2edc9466f2a99d381400194a57d020d:0:0,b6eff8b5c2c4dd3e8a1cc0fe8ce8890e:0:3260707170,e892ec2c67286edfaa55a3407cca0091:1:2983451398,10,1.0,0,0,0,0,0,0,512,0,0,512,0,0,266,0,0,246,0,0,512,0.9579889178276062,97.02455139160156,10,0
1131,A,1131,-0.003030139487236738,0.05678228661417961,nan,nan,512,0,-0.003030139487236738,0.05678228661417961,all_rows,512,0,0.012022207491099834,0.0888671875,-0.004215294402092696,0.0015317247190978378,0.10604504507500678,d2349f3e8081a7722f7281018c748eda:0:0,23c80aca3356d9c2ed439303cbf21cfa:0:0,925c38e83a9ba80517fa7c0745aca328:0:0,a5328c2d4e30fcacae8ec130bc6b6d0e:0:2398694856,e2072844d524995ae3357a6bf3171a30:0:844246822,10,1.0,0,0,0,0,0,0,512,0,0,512,0,0,268,0,0,244,0,0,512,0.9875884056091309,96.9906005859375,2,0
1132,A,1132,0.0033075474202632904,0.04511170834302902,nan,nan,512,0,0.0033075474202632904,0.04511170834302902,all_rows,512,0,0.011235078796744347,0.0658203125,-0.0032373978290706875,0.0009663760632975027,0.10595562995877117,341d6b1d5b6c86c4b09e852a3c915ada:0:0,51a8566c350c524b2c5802e2759e7f9f:0:0,3bfd92465869f8e081bb32322b4e453a:0:0,008c5a1c94195cb48bb4396ad9ae510e:0:2335728502,f4013a4b3101e790c44dbc86486003c8:0:2187605611,10,1.0,0,0,0,0,0,0,512,0,0,512,0,0,247,0,0,265,0,0,512,0.9847022891044617,97.8045425415039,5,0
1133,A,1133,-0.0014324784278869629,0.04678749665617943,nan,nan,512,0,-0.0014324784278869629,0.04678749665617943,all_rows,512,0,0.006390899885445833,0.052734375,-0.0043318308889865875,0.001085266435984522,0.10280309501104057,57afd6f49df547a212e1cd9553ee26da:0:0,c19d5269a7a13f67fccdef3a580a46dc:0:0,404bb19801e152649ecbda371febb15f:0:0,dd7d021a12a45ad24f198d10e4b1350e:0:3374192108,89be3335bba1d0f7fc81855e14931add:0:3956060810,10,1.0,0,0,0,0,0,0,512,0,0,512,0,0,259,0,0,253,0,0,512,1.0177090167999268,96.51730346679688,0,0
1134,A,1134,-0.0005305800586938858,0.050055552273988724,nan,nan,512,0,-0.0005305800586938858,0.050055552273988724,all_rows,512,0,0.0039052318315953016,0.0681640625,-0.0037286086706444623,0.0012224443606100976,0.10289880505297333,bccd56362cd4b95e851ebc8ed28af2da:0:0,d1427b77c1151418e84d34fa1d34dc19:0:0,a6e887cf81a0eda139db854e1d5beac0:0:0,1d252224aee931b2dfb0df86dd74190e:0:2038770683,6c2465a5d0b11f129038f3eeae7728e9:1:3636920191,10,1.0,0,0,0,0,0,0,512,0,0,512,0,0,263,0,0,249,0,0,512,0.9960808157920837,98.05581665039062,2,0
1135,A,1135,-0.0030304384417831898,0.04554062709212303,nan,nan,512,0,-0.0030304384417831898,0.04554062709212303,all_rows,512,0,0.003764594439417124,0.08203125,0.0002497079782187939,0.0010434962663566695,0.10497053095605224,92320f89862c0bf22ec6f462b867beda:0:0,2e2cbd4a3bb514e02c93dc18da46a97a:0:0,ad180f52565a669629cad26b530d6d84:0:0,928762f3e6793307c1d21430c3f6fd0e:0:844692704,6a30a11f219364e199328f5df461143a:0:2090612476,10,1.0,0,0,0,0,0,0,512,0,0,512,0,0,259,0,0,253,0,0,512,0.970879077911377,98.98312377929688,4,0
1136,A,1136,-0.00411367928609252,0.05465130880475044,nan,nan,512,0,-0.00411367928609252,0.05465130880475044,all_rows,512,0,0.00916864350438118,0.0875,-0.0003761841915547848,0.0014533139707054942,0.10636522504501045,d22be89b31618ed0fbdb575d05848ada:0:0,53c07e50ba812bb59a2fc9e8d8649552:0:0,0033a67f48e7d6c266745e51485a764d:0:0,24ff7d9460badf1afb3ace729839e10e:0:175104729,b513ff89366d5ade8d4e76d78546f775:0:1257609565,10,1.0,0,0,0,0,0,0,512,0,0,512,0,0,262,0,0,250,0,0,512,0.9767628908157349,99.79714965820312,7,0
1137,A,1137,0.003324836026877165,0.04462171345949173,nan,nan,512,0,0.003324836026877165,0.04462171345949173,all_rows,512,0,0.004186605103313923,0.0619140625,-0.0024670091457664966,0.0009923555975547061,0.10575587803032249,7057ca24d1d9270268ec07c9b9e156da:0:0,e8d3829a1c777e19b634e45e0d8555e8:0:0,2b740bfd3cc030c31bdcec59958a2860:0:0,811dc8aab47ada22f70e71b05a3cc50e:0:3997572908,fdc73f255e9c2f630f0f0417cf098fd6:1:3851449957,10,1.0,0,0,0,0,0,0,512,0,0,512,0,0,254,0,0,258,0,0,512,0.9512712955474854,100.91777038574219,14,0
1138,A,1138,0.0016535477479919791,0.050170592963695526,nan,nan,512,0,0.0016535477479919791,0.050170592963695526,all_rows,512,0,0.002937643090263009,0.08671875,-0.004895916790701449,0.001238996139727533,0.1092940189410001,c4044d6959d47c794f1867f4d57e22da:0:0,7a8fc5428bef3679354ab33f0fe057ba:0:0,7f2354368877d896da9bc53a00cc6af1:0:0,e1e70d0bf616bf5669d6214e09ffa90e:0:824985087,00a35487a8db59fba2bed884791d23be:1:2719845379,10,1.0,0,0,0,0,0,0,512,0,0,512,0,0,261,0,0,251,0,0,512,0.9529644250869751,100.08012390136719,14,0
1139,A,1139,0.0001563215919304639,0.053030308336019516,nan,nan,512,0,0.0001563215919304639,0.053030308336019516,all_rows,512,0,0.004988456144928932,0.101953125,-0.001673669321462512,0.0013885884603951127,0.10677388892509043,f7b490401ac6deabb00f1a2a585aeeda:0:0,ea2cc9d7e76e0d56a0c1e37f55981c3d:0:0,a84af12ba15643f98905b203c6d98dbe:0:0,c3ae76b162a5d1c03580c0afa7828d0e:0:3055469863,0eafa5025444549b87bfe65425ad3634:0:4045539434,10,1.0,0,0,0,0,0,0,512,0,0,512,0,0,264,0,0,248,0,0,512,0.9257823824882507,100.27278900146484,18,0
1140,A,1140,0.00024176336592063308,0.04957226663827896,nan,nan,512,0,0.00024176336592063308,0.04957226663827896,all_rows,512,0,0.0019765272736549377,0.08359375,-0.0016650910954922437,0.0012147054629167541,0.10479296802077442,f16c44a8b068e06a820e00b64277bada:0:0,05590b9fc6e2522fc5e8212f43bd298a:0:0,5d6108c83c562d420ebc21be3e10011a:0:0,b51a70623c838ad34d62f33932c5710e:0:450392631,c5a5e43d17a6ef7b9a135e90b356746d:1:1565971064,10,1.0,0,0,0,0,0,0,512,0,0,512,0,0,233,0,0,279,0,0,512,0.9394081234931946,100.49585723876953,14,0
1141,A,1141,0.006104630418121815,0.05283841863274574,nan,nan,512,0,0.006104630418121815,0.05283841863274574,all_rows,512,0,0.0157779473811388,0.1046875,-0.003802130464464426,0.0012271824874915183,0.10353410302195698,e82f34c103d7aaf97be23de493d486da:0:0,5ae80382bc5426eeb688129d4d5ef579:0:0,1e4c6c715989d7bcd54526e4d61856d0:0:0,c82515c4ada006be9a371c4eabc8550e:0:2187493786,e3d389aef5c169f6ba7cef5fb8f5d03b:1:2942759245,10,1.0,0,0,0,0,0,0,512,0,0,512,0,0,250,0,0,262,0,0,512,0.9474636316299438,100.29206848144531,16,0
1142,A,1142,-0.0025088891852647066,0.040304068475961685,nan,nan,512,0,-0.0025088891852647066,0.040304068475961685,all_rows,512,0,0.00965038314461708,0.1076171875,0.0058193660341203214,0.0007989353005541488,0.10635410191025585,b8b263d5e40c0866e0e834014c7152da:0:0,9bc419570f35de4fc90fa8bc0289b919:0:0,049f67b8a1ef70bf60fdc220cfe83196:0:0,29cda8dc43fa4e80de1d5f54128b390e:0:3820876861,060e852347baf4818e9f16a0d58856d9:0:1145620929,10,1.0,0,0,0,0,0,0,512,0,0,512,0,0,265,0,0,247,0,0,512,0.9742767810821533,99.62651062011719,10,0
1143,A,1143,0.0009776377119123936,0.04922329634428024,nan,nan,512,0,0.0009776377119123936,0.04922329634428024,all_rows,512,0,0.0034114897716790438,0.0654296875,0.0013407416641712188,0.0011858815734740347,0.1227539200335741,0ce3b125f0f525234d0b85586c4e1eda:0:0,b55aefac095c5bf0df7a15128b9b3940:0:0,3bff9adcfb0d2940ee2640d6bbe9556b:0:0,f17a1d525ca87fbc989b9fad670e1d0e:0:2652385267,14e64181a3d97a2be1565dc08e233568:0:531464418,10,1.0,0,0,0,0,0,0,512,0,0,512,0,0,263,0,0,249,0,0,512,0.9586648344993591,101.23026275634766,14,0
1144,A,1144,0.003092512022703886,0.05003126710653305,nan,nan,512,0,0.003092512022703886,0.05003126710653305,all_rows,512,0,0.0015821816632524133,0.051953125,-0.0009985285345464946,0.0012547683843877166,0.10251673799939454,96e668cdd68308d980c71435f36aeada:0:0,48895422d400820e4330792587a07cc7:0:0,3b61b6a4ec8e48ebeeac73eecf384052:0:0,1676553a91d1d24bea9d80bea951010e:0:803692204,56db614b2827d5a6b25ed15d6e7c3000:0:3744282404,10,1.0,0,0,0,0,0,0,512,0,0,512,0,0,259,0,0,253,0,0,512,0.972206175327301,100.24937438964844,8,0
1145,A,1145,-0.002246098592877388,0.04443769529461861,nan,nan,512,0,-0.002246098592877388,0.04443769529461861,all_rows,512,0,0.00599884195253253,0.1328125,-0.003953423677012324,0.0009734680934343487,0.10231765697244555,ffaf833414ecc6862d2502e5e1c7b6da:0:0,aa3390e758aa536d173c30bd5b57760f:0:0,38b73662b747633b008ad602dd4c600d:0:0,7852185afffe7b947a7465ebd953e50e:0:2595650152,360f34339d8de239d80607ee54e8e785:0:770142281,10,1.0,0,0,0,0,0,0,512,0,0,512,0,0,241,0,0,271,0,0,512,0.9362730979919434,100.813232421875,9,0
1146,A,1146,-0.0009868828346952796,0.04693920165300369,nan,nan,512,0,-0.0009868828346952796,0.04693920165300369,all_rows,512,0,0.003655172185972333,0.04921875,-0.001106093218550086,0.001078448153566569,0.10607024503406137,c2cb7329d37e63cfbfbeb3b4376482da:0:0,904ae74c812726e5bfd8170f8a0dbc9c:0:0,d6e673c8c80a2ed6ae8ebf2b44f7b5b7:0:0,d3d72055f7216f9b57d77298f716c90e:0:86822915,ecaae32fbbf577405a0f6045accbd15b:0:3568332098,10,1.0,0,0,0,0,0,0,512,0,0,512,0,0,256,0,0,256,0,0,512,0.9571866989135742,98.9151382446289,6,0
1147,A,1147,0.004589868709445,0.04887881875038147,nan,nan,512,0,0.004589868709445,0.04887881875038147,all_rows,512,0,0.004998990800231695,0.0779296875,0.00039585018530488016,0.001172953489003703,0.10302723792847246,0b494ed57b3a779e2ebcc8ecf4414eda:0:0,faa44c9d174c0f4ca5b7827e49061768:0:0,b395abf34a56c86b197479ec07019a6c:0:0,27adc9686bbfffd8dfe38a2a0299ad0e:0:1803298593,82d8f65dc30b8a2a2c8254a58ea97e7a:1:1302525008,10,1.0,0,0,0,0,0,0,512,0,0,512,0,0,249,0,0,263,0,0,512,0.989392101764679,97.97062683105469,4,0
1148,A,1148,-0.0031857239082455635,0.04955301806330681,nan,nan,512,0,-0.0031857239082455635,0.04955301806330681,all_rows,512,0,0.013153105974197388,0.0990234375,-0.003768204990774393,0.001205220993142575,0.10645755694713444,c88bd75b169b7ff2c4d724dc185e1ada:0:0,cbc83d5a31e98a058056ddd50bbf997e:0:0,4815b2f5255b61e7bd8a75920dff1ad6:0:0,3f4910c63c9b57cca11b5002fbdc910e:0:2374319268,93f4a089d76655e15a14f85e6d72dd00:0:2074167438,10,1.0,0,0,0,0,0,0,512,0,0,512,0,0,249,0,0,263,0,0,512,1.0069141387939453,97.67255401611328,0,0
1149,A,1149,0.000611109659075737,0.05206828936934471,nan,nan,512,0,0.000611109659075737,0.05206828936934471,all_rows,512,0,0.010262458585202694,0.107421875,-0.003526048013009131,0.0013294861011672765,0.1023288449505344,a4186715b3c0eeffed54e9cda3bae6da:0:0,b2c0b596934b1f15f7498408c03a92df:0:0,6084cacbaebd540ff8852af3f47deac8:0:0,a61986f3213fd7513f672787e2df750e:0:3126980689,5ba99590f015499346fd506b38999fb2:0:861439093,10,1.0,0,0,0,0,0,0,512,0,0,512,0,0,259,0,0,253,0,0,512,0.9889894127845764,97.16262817382812,4,0
1150,A,1150,0.0027056632097810507,0.05187977850437164,nan,nan,512,0,0.0027056632097810507,0.05187977850437164,all_rows,512,0,0.0021206666715443134,0.05625,-0.002791748568415642,0.0013190387282520533,0.1032319680089131,4aa61e144653ef81000c7a0d9657b2da:0:0,d9c3074bfccc5e9e9800daac3fa33bbe:0:0,f4af057581aa6b0dac66b8649d4199a3:0:0,f612bdccd5de4ab05815341cb7a2590e:0:1883000451,b1c70b755936b1b2ddc0ee7ad3c9d2be:1:1358475254,10,1.0,0,0,0,0,0,0,512,0,0,512,0,0,258,0,0,254,0,0,512,1.008806586265564,97.78848266601562,0,0
1151,A,1151,-0.0023432266898453236,0.04708162322640419,nan,nan,512,0,-0.0023432266898453236,0.04708162322640419,all_rows,512,0,0.008309132419526577,0.0677734375,0.0020899947732686995,0.0011058164585847408,0.10299922002013773,a1ecc06bc66fe0520d6377e7f0347eda:0:0,110e72f83aa7c28cdfe312300c66b76e:0:0,2fac19cc0669dd2309fb843c4f19a31e:0:0,18ff7f50d8d3007665d959257a253d0e:0:3790903449,2db95e22cde2459d6e97bee818d6f0a3:1:2814928348,10,1.0,0,0,0,0,0,0,512,0,0,512,0,0,249,0,0,263,0,0,512,1.0214070081710815,98.00982666015625,0,0
1152,A,1152,-0.002541834954172373,0.050877511501312256,nan,nan,512,0,-0.002541834954172373,0.050877511501312256,all_rows,512,0,0.007961400784552097,0.089453125,-0.004470281675457955,0.001286095692194067,0.10303516290150583,1142a1cf89da8747aa4ec5a8b1514ada:0:0,c0abf46dd91b360473e61df789bdb499:0:0,e17a6e9b21972ef34c7d99c24b78a30d:0:0,79b6c37dce3ebd06a4cd3a062a68210e:0:2438623267,ef55b57732acc8cdcbfddbb7b3e43001:0:2500712464,10,1.0,0,0,0,0,0,0,512,0,0,512,0,0,269,0,0,243,0,0,512,0.9989940524101257,99.89582061767578,1,0
1153,A,1153,-0.00037326739402487874,0.051940999925136566,nan,nan,512,0,-0.00037326739402487874,0.051940999925136566,all_rows,512,0,0.0051421201787889,0.056640625,-0.0016647050390020013,0.0013305274536833168,0.10942101199179888,fc3badc014d7fb46bc52859bd9ae16da:0:0,981b862cdd79eb8424c6da42ba6022ce:0:0,b01b77a207e8f24e1944223374c08028:0:0,16bde9065e158beef6703a22c86b050e:0:117862041,c6adc4662ccfad86a3202956b50b75b1:0:4137176290,10,1.0,0,0,0,0,0,0,512,0,0,512,0,0,281,0,0,231,0,0,512,0.9982443451881409,100.47925567626953,1,0
1154,A,1154,-0.0009913778631016612,0.04314707592129707,nan,nan,512,0,-0.0009913778631016612,0.04314707592129707,all_rows,512,0,0.005626551806926727,0.038671875,-0.0007701358059421182,0.0009335611975984648,0.1053400409873575,fb711b7fdfe6459c45821a0d694ae2da:0:0,7706dd9f7b4809d4ebceb36464cff835:0:0,0a3b90bac29f5e28b8064abf4d141c89:0:0,b90425e121076efbc5a77cdf542de90e:0:1694094506,cc059dfea0bcf95f09cfadd013fa6080:0:1174787688,10,1.0,0,0,0,0,0,0,512,0,0,512,0,0,250,0,0,262,0,0,512,0.9952192306518555,100.89568328857422,1,0
1155,A,1155,0.0008058384992182255,0.04956662282347679,nan,nan,512,0,0.0008058384992182255,0.04956662282347679,all_rows,512,0,0.0016982663655653596,0.0294921875,-0.0003160789143294096,0.0012165894149802625,0.1061257419642061,47a1a8dccfacba95308025496027aeda:0:0,174026e64601ff0f6fe0355e3e9628a3:0:0,524bef0c81cd3bc740e504ba0d3fbbb2:0:0,0ce77a16f0a6eb0beabde59fcdb0cd0e:0:3167441905,dbd7bf920a33dd2cfec2ce3049bbdd95:1:1439074574,10,1.0,0,0,0,0,0,0,512,0,0,512,0,0,266,0,0,246,0,0,512,0.9853716492652893,101.79886627197266,3,0
1156,A,1156,0.0061953370459377766,0.0491948239505291,nan,nan,512,0,0.0061953370459377766,0.0491948239505291,all_rows,512,0,0.01406225748360157,0.0599609375,-0.00025058165192604065,0.0011300587124424056,0.10185534995980561,35b54ebc5c6b09561c7e899bbe447ada:0:0,728b9e77d5585d3e11c88ef946630a44:0:0,235ea5e1261e13ca63e19e626397a50c:0:0,cf5ca886af3172a48f6417c834f3b10e:0:401199992,5686082ecec545444d6c8d93c0cb19de:1:1927598303,10,1.0,0,0,0,0,0,0,512,0,0,512,0,0,238,0,0,274,0,0,512,0.9871372580528259,101.68051147460938,3,0
1157,A,1157,-0.003729963442310691,0.05030861869454384,nan,nan,512,0,-0.003729963442310691,0.05030861869454384,all_rows,512,0,0.006820052862167358,0.060546875,0.00010382410837337375,0.0012522958655608817,0.1019989779451862,961d4637a63402f3293e695083a146da:0:0,834ac05b8e1a66cc91ba061115f66508:0:0,b6dceba67febd8ff6e5933cb65a73e2a:0:0,7aa1d6ab5b5dae4512b076bc89f6950e:0:1252846893,3f5f8d834df0233e7b4c0ca858e600d7:0:1204979751,10,1.0,0,0,0,0,0,0,512,1,0,512,0,0,260,0,0,252,1,0,512,0.9772303104400635,100.99783325195312,8,0
1158,A,1158,0.004230339080095291,0.04802937060594559,nan,nan,512,0,0.004230339080095291,0.04802937060594559,all_rows,512,0,0.0016289561754092574,0.0265625,0.001012468570843339,0.0011615285824518652,0.10300126695074141,4ec9e4f3f34018c7c31026b3b03e12da:0:0,d9c5f892f5e69e44cb1d444f873ffb3d:0:0,2fd771e5fc0fc9618f5e673e9a6930c2:0:0,ab1675c70493a27aed1f25e0ccb9790e:0:166857398,d168b4c5c4e4780e0ee8784fe21aaac8:1:214475375,10,1.0,0,0,0,0,0,0,512,0,0,512,0,0,257,0,0,255,0,0,512,0.9484353065490723,101.94588470458984,15,0
1159,A,1159,-0.0008377039339393377,0.04354061186313629,nan,nan,512,0,-0.0008377039339393377,0.04354061186313629,all_rows,512,0,0.004257371183484793,0.098828125,-0.008281472651287914,0.0009359037096146495,0.10261546389665455,a3c3534355a3920e6ed36411441adeda:0:0,fd9109cbbbf93b398d65407f0522cb9f:0:0,dd383d79d0780719b51fb1efb4e179a2:0:0,a36afd2af3f2b3b594920898fd3c5d0e:0:2987314926,bf31413ff956fa03f911d582ddddc30e:1:695879958,10,1.0,0,0,0,0,0,0,512,1,0,512,0,0,233,0,0,279,1,0,512,0.9227608442306519,102.54472351074219,15,0
1160,A,1160,0.0011399665381759405,0.04335756227374077,nan,nan,512,0,0.0011399665381759405,0.04335756227374077,all_rows,512,0,0.004894259851425886,0.0609375,-0.0019556092098355292,0.0009243268112186342,0.10585742199327797,5e98667875b478b895f703b53f37aada:0:0,6c897226528e09d2ac6ed26fb14b8d98:0:0,7c8cf199fbb18eb2bf45800813ff274e:0:0,b517c6ab1e8987da6050c2491b7f410e:0:655372214,558b764068f37a04ac4834710e18b53d:1:1585041358,10,1.0,0,0,0,0,0,0,512,0,0,512,0,0,256,0,0,256,0,0,512,0.8998752236366272,102.5448226928711,13,0
1161,A,1161,0.0013597443467006087,0.048521291464567184,nan,nan,512,0,0.0013597443467006087,0.048521291464567184,all_rows,512,0,0.008114976808428764,0.0587890625,-0.0012273544911295176,0.0011300827376544476,0.11028890300076455,678ffdb7be6c3d86527927eba19476da:0:0,6197988e7302786174c5bcfbf564008d:0:0,daa71672d789123157778fecd4befceb:0:0,acac0ba0b523c5986d08b6552782250e:0:3199358012,3a83ab291e15738397e49ed9f56c51c5:0:2300229020,10,1.0,0,0,0,0,0,0,512,0,0,512,0,0,265,0,0,247,0,0,512,0.9567619562149048,102.03333282470703,9,0
1162,A,1162,-0.0016136863268911839,0.04848675802350044,nan,nan,512,0,-0.0016136863268911839,0.04848675802350044,all_rows,512,0,0.00581903662532568,0.02734375,-0.0009923690930008888,0.001162475615274161,0.10669939499348402,74151f6f6911135e3ae733006b3142da:0:0,77d8f17c6968772bec2ccbc3c435a1e8:0:0,d173559bee9555f3579c29b09c6dd2e8:0:0,86cc92356611b17c80cd08212145090e:0:598367289,785753bf687f85278d8494acf7abb66e:0:2136001831,10,1.0,0,0,0,0,0,0,512,0,0,512,0,0,267,0,0,245,0,0,512,0.9236626029014587,102.44325256347656,12,0
1163,A,1163,-0.005101223010569811,0.05271792784333229,nan,nan,512,0,-0.005101223010569811,0.05271792784333229,all_rows,512,0,0.004129920620471239,0.0873046875,-0.006873727776110172,0.0013549605500884354,0.10391577403061092,3374c17f257301e52e5dc73f9c0e0eda:0:0,529dafae61907297cf7097d4e7a01033:0:0,d5c5e5d1f7081dde5e3431ee2237c971:0:0,70651006a54da8c4ef169b1108c7ed0e:0:3634650281,8fa6af40b14449788c9195f509df2fa8:0:3071503578,10,1.0,0,0,0,0,0,0,512,0,0,512,0,0,260,0,0,252,0,0,512,0.8785170912742615,101.76480102539062,10,0
1164,A,1164,0.007825011387467384,0.05316002666950226,nan,nan,512,0,0.007825011387467384,0.05316002666950226,all_rows,512,0,0.012207001447677612,0.0744140625,-0.001406491082161665,0.0013806728704366833,0.10967360506765544,e4f59df75c08af562088c6f5342adada:0:0,feb9fdb0235b20fd639ec6dcb80a526a:0:0,a9f13024825d16468e7e5f390d31b63e:0:0,385fa0860f6379f57cc41288de0ad10e:0:2750222958,d3b05af448fc99b2e2b1abd5dc5d29b2:0:521279818,10,1.0,0,0,0,0,0,0,512,0,0,512,0,0,265,0,0,247,0,0,512,0.8942557573318481,101.51216888427734,22,0
1165,A,1165,-0.00324482680298388,0.05426529422402382,nan,nan,512,0,-0.00324482680298388,0.05426529422402382,all_rows,512,0,0.004190011415630579,0.0771484375,-0.0021725119557231666,0.0014640516426879912,0.10232493001967669,87d6ba374737e199e5a3546d3387a6da:0:0,e9c517e237cdf22407e1c016cf54bfeb:0:0,9c8eee89285b7c4b6eae5a133e6b611e:0:0,b0eaead1bb7d9b2b4419d1eca10db50e:0:3016861442,b9effeb535c1bb58cc4f79ce6060f2c5:0:502093445,10,1.0,0,0,0,0,0,0,512,1,0,512,0,0,263,0,0,249,1,0,512,0.8553066253662109,102.285400390625,18,0
1166,A,1166,-0.004382584244012833,0.04362335801124573,nan,nan,512,0,-0.004382584244012833,0.04362335801124573,all_rows,512,0,0.006502868607640266,0.0921875,-0.003129989979788661,0.0009317331190686673,0.10657892294693738,e61856106115b69efe77d1f39a2472da:0:0,f4bfe7df4b3571bbb6392ce814ce1179:0:0,7fe054d33f8e086c1c51f954c3eb1b36:0:0,d7b1b41510fc3e3098c1fca051d0990e:0:2185603593,d7b2d318b440517ca02895498c9f0a92:0:3526527430,10,1.0,0,0,0,0,0,0,512,0,0,512,0,0,257,0,0,255,0,0,512,0.8700441718101501,101.34064483642578,28,0
1167,A,1167,0.0013064658269286156,0.05236927792429924,nan,nan,512,0,0.0013064658269286156,0.05236927792429924,all_rows,512,0,0.0013654198264703155,0.0607421875,-0.0021161435637623073,0.0013563545828219504,0.10653126204852015,9d5cd474e2ea93f1645fe1d468013eda:0:0,7753f3edb08bb8b2313109244a11887b:0:0,965b4cc3b73b56e09f1692d69d0bb5a1:0:0,c525a0d874fa4250ebcc7607f0537d0e:0:3949970004,e7a455f2cd1cc98a069e148e46fb39d3:0:2636168773,10,1.0,0,0,0,0,0,0,512,0,0,512,0,0,249,0,0,263,0,0,512,0.8598264455795288,102.67987823486328,19,0
1168,A,1168,-0.001141201239079237,0.05509379506111145,nan,nan,512,0,-0.001141201239079237,0.05509379506111145,all_rows,512,0,0.0004682745784521103,0.021484375,-0.00041298889555037023,0.0015150357852689923,0.1047250279225409,04ebd71653c5cd925544665b9d1e0ada:0:0,6416909423b63a934646a83febb4385d:0:0,a234cd3ed26048e0ffcb921874932ef4:0:0,28e2d0fbe42403ecafaee1877c96610e:0:3097613068,5804d45fd6b0f7590597bfdb027a50fb:1:715032950,10,1.0,0,0,0,0,0,0,512,0,0,512,0,0,270,0,0,242,0,0,512,0.8420575261116028,102.0290298461914,23,0
1169,A,1169,-0.003097212640568614,0.05449472740292549,nan,nan,512,0,-0.003097212640568614,0.05449472740292549,all_rows,512,0,0.02481606975197792,0.061328125,0.0017694400157779455,0.0014724464854225516,0.10850063001271337,6c313a38636d04101f9d81d5397ad6da:0:0,42469a8799b9144e0a191e7545c59dbb:0:0,222ca65229194088cec5949e6cd617d6:0:0,49facf6e4d4409cd3c44a282f699450e:0:1395711343,062199eefd71c958b0b962f9f91e9fe9:0:3679223179,10,1.0,0,0,0,0,0,0,512,0,0,512,0,0,252,0,0,260,0,0,512,0.8526322245597839,101.9604721069336,26,0
1170,A,1170,0.004118761513382196,0.050645533949136734,nan,nan,512,0,0.004118761513382196,0.050645533949136734,all_rows,512,0,0.004770801402628422,0.073046875,-0.0030895965406671166,0.0012716614466626198,0.12300294090528041,b133dddb8ef339ddee72968d3d17a2da:0:0,6c30bc29941e26ec4dd50c0b9eccdb99:0:0,4a01ca1ebb5d8502fcbea3ae3b28d5c0:0:0,eb63000940e99038b2cedc5e5e5c290e:0:1802966471,cafb1a505814c9f0f88e7438496c261c:0:1536820318,10,1.0,0,0,0,0,0,0,512,0,0,512,0,0,235,0,0,277,0,0,512,0.8423290252685547,103.11538696289062,23,0
1171,A,1171,-0.0023758718743920326,0.05072450637817383,nan,nan,512,0,-0.0023758718743920326,0.05072450637817383,all_rows,512,0,0.0042645931243896484,0.0216796875,-0.0014283658121712506,0.0012826259073335678,0.14538558095227927,a1b535424c439feb955a46cfa7f46eda:0:0,84bd2d26f6f96da40116ec0db831e33e:0:0,83b0d62bb67f9a4418e1e538af251cd3:0:0,e4954b4e4a8cf1c5e1f4727db3df0d0e:0:2963053052,b30146343238de46b6a399c2fed5ada3:0:4285320919,10,1.0,0,0,0,0,0,0,512,0,0,512,0,0,246,0,0,266,0,0,512,0.8452247977256775,103.20970916748047,40,0
1172,A,1172,-0.004336158279329538,0.04767629876732826,nan,nan,512,0,-0.004336158279329538,0.04767629876732826,all_rows,512,0,0.0012149997055530548,0.0734375,-0.00647564921528101,0.0011220818851143122,0.13908201595768332,03326db2b9ec197d5c7a74e87a113ada:0:0,43ae69249fcea5085647f596a3146e1a:0:0,cfe74c308a3570c70199e5f075083b56:0:0,826941190795edf029c20844f721f10e:0:4038335742,ad1203e0cbd45b8b34c82f401f0a21df:0:2484771791,10,1.0,0,0,0,0,0,0,512,0,0,512,0,0,261,0,0,251,0,0,512,0.8393341898918152,104.08686828613281,36,0
1173,A,1173,0.0022412482649087906,0.045159827917814255,nan,nan,512,0,0.0022412482649087906,0.045159827917814255,all_rows,512,0,0.008289478719234467,0.042578125,-0.005552296247333288,0.001018845767248422,0.14066439401358366,851aa13610737743cc884323b36e06da:0:0,97d317152f33ffda174ae2a1eb1730e1:0:0,5300e0a2b1d11e7922aa12a1d5b49a27:0:0,aa0848aed0a7cd6b5faa01182824d50e:0:1841176774,1e6128c80006c9f540f9f589596a3bba:1:2663199162,10,1.0,0,0,0,0,0,0,512,0,0,512,0,0,256,0,0,256,0,0,512,0.8485135436058044,103.78214263916016,37,0
1174,A,1174,-0.0012797743547707796,0.04723643884062767,nan,nan,512,0,-0.0012797743547707796,0.04723643884062767,all_rows,512,0,0.013773700222373009,0.056640625,-0.0009707894176244735,0.0011149832542287185,0.14157122396863997,4c7af9f6528769b37ac813cd540ad2da:0:0,37b5706e619c49afcac21c020940b45a:0:0,3f2604ad2f67b18f7759fbe321d61379:0:0,0d60b5ea89976437b284805b46e7b90e:0:939296438,66e30e5acfb5086450f9b190cc641282:0:3901584155,10,1.0,0,0,0,0,0,0,512,0,0,512,0,0,259,0,0,253,0,0,512,0.8655214905738831,102.06074523925781,20,0
1175,A,1175,-0.0012532002292573452,0.05252009257674217,nan,nan,512,0,-0.0012532002292573452,0.05252009257674217,all_rows,512,0,0.004861338995397091,0.13203125,-0.0047810245770961044,0.0013709455612115561,0.14476262009702623,4061e6b9f94e2a9cd50d89315be79eda:0:0,08a18641fd8016a650b03e6898a6f927:0:0,870cd7ead20afc12e510338e94e9a7d2:0:0,5361c098ec6ef1758e8f6972536a9d0e:0:1187495390,b9e638dde4748c1657dd33a7ed109f75:0:770188688,10,1.0,0,0,0,0,0,0,512,0,0,512,0,0,268,0,0,244,0,0,512,0.8765869140625,103.44957733154297,21,0
1176,A,1176,-0.0018339777598157525,0.048811644315719604,nan,nan,512,0,-0.0018339777598157525,0.048811644315719604,all_rows,512,0,0.0016454230062663555,0.0224609375,-0.0004321952350437641,0.0011820224986877292,0.13385465403553098,c98d88dc9a27de03edbb859bcb046ada:0:0,6ba9c5a4cf75ef532f0fec758209e36e:0:0,e7ec15fd1491c519a0c19131b76ca15e:0:0,b455646f63e3dcf9816e5fc14dad810e:0:3715199602,48b8e1d3294cb6e56d81560e01daf514:0:2432452942,10,1.0,0,0,0,0,0,0,512,0,0,512,0,0,255,0,0,257,0,0,512,0.8670938014984131,103.52854919433594,22,0
1177,A,1177,-0.002983665792271495,0.04739878326654434,nan,nan,512,0,-0.002983665792271495,0.04739878326654434,all_rows,512,0,0.004678208380937576,0.0673828125,-0.005274169077165425,0.0011267038586083799,0.10260864102747291,5ddf5802c32baa3847c42b58a16136da:0:0,870ac198963859f42e99b75199f6fa8c:0:0,3a6c6707bc162e0ba89ebed634e63376:0:0,019d1d5d49a252a01e2ac6ac35b0650e:0:532143089,08fa67bced28cdf3b449cbb2e83cc971:1:2938956547,10,1.0,0,0,0,0,0,0,512,0,0,512,0,0,256,0,0,256,0,0,512,0.8600656390190125,103.6767578125,23,0
1178,A,1178,0.004026028793305159,0.04592730104923248,nan,nan,512,0,0.004026028793305159,0.04592730104923248,all_rows,512,0,0.008525830693542957,0.091015625,-6.038229912519455e-07,0.0010471727524418383,0.10418102901894599,f7c797a68bac872ca2a8dcb3defe02da:0:0,7a9f00822783ee8448a1f33d5972771a:0:0,3e9df4c98e22425731fd5b39da104868:0:0,2dab454d1cd2bb61e133c1970b73490e:0:1308201744,3e9b2b1f31328080a73ed9b3be4fda6b:1:3050779467,10,1.0,0,0,0,0,0,0,512,0,0,512,0,0,242,0,0,270,0,0,512,0.8642776608467102,102.65599822998047,32,0
1179,A,1179,0.00010329711949452758,0.048432353883981705,nan,nan,512,0,0.00010329711949452758,0.048432353883981705,all_rows,512,0,0.0035011155996471643,0.06328125,0.0027288220822811126,0.0011747311713406817,0.10231164307333529,8aa6a6799611c50ec67a3bf983daceda:0:0,caf82a7235eed3703e4e305f606f28ec:0:0,99149733f693bf04100556143de7b4de:0:0,fb0c8dc1053d1427145e33e5cef62d0e:0:3175807123,f7118ca6d3b93da63387473a80fbeefe:0:615931106,10,1.0,0,0,0,0,0,0,512,0,0,512,0,0,246,0,0,266,0,0,512,0.8875046372413635,102.43060302734375,19,0
1180,A,1180,-0.0054798424243927,0.04543057084083557,nan,nan,512,0,-0.0054798424243927,0.04543057084083557,all_rows,512,0,0.009865475818514824,0.0646484375,-0.006085320329293609,0.0010253454995108769,0.1023219070630148,a6406778804f4a1f4fd82b758ff79ada:0:0,cd066ca94394753d62cd126ff4d6ed32:0:0,358429035bd792e9d051a7540fc5ce79:0:0,4d73a90bb76e225bb2e4c0fc8039110e:0:3865755634,f57d2927c3d35586ab2d18c396a555e3:0:4068577058,10,1.0,0,0,0,0,0,0,512,0,0,512,0,0,257,0,0,255,0,0,512,0.8912919759750366,102.04208374023438,23,0
1181,A,1181,0.01070086658000946,0.05228223279118538,nan,nan,512,0,0.01070086658000946,0.05228223279118538,all_rows,512,0,0.009088573977351189,0.0541015625,-0.004612670186907053,0.0013201006542658434,0.10766107903327793,d40f086b004987c97bf1cd74035466da:0:0,f7ae4c9ebe6f0f90cca5c9cdcaa9243c:0:0,fdb0377b50d6ca0bba561febf8484a08:0:0,7bbcb43c8e4286434d67cc3f1f3bf50e:0:1172688180,0944ece5c8b35d1e2c9daaf448cb9019:1:3379974532,10,1.0,0,0,0,0,0,0,512,1,0,512,0,0,271,0,0,241,1,0,512,0.8556331396102905,103.6413803100586,22,0
1182,A,1182,0.0035819143522530794,0.04796777665615082,nan,nan,512,0,0.0035819143522530794,0.04796777665615082,all_rows,512,0,0.004841064102947712,0.0916015625,-0.0016516372561454773,0.0011175753024872392,0.10371838498394936,d0c6396b297126faf4858440ddf132da:0:0,77827739288c52d3041871091ad34902:0:0,ac68d03871a1701b03b5deb60c3f27e3:0:0,c386542b6e3bab0ceded7911abfed90e:0:758826437,84e14d85f1e5b3b8a9d54d4c8547003f:1:3125893571,10,1.0,0,0,0,0,0,0,512,0,0,512,0,0,267,0,0,245,0,0,512,0.8859054446220398,102.57536315917969,24,0
1183,A,1183,-0.0035841024946421385,0.04773709923028946,nan,nan,512,0,-0.0035841024946421385,0.04773709923028946,all_rows,512,0,0.0009717897046357393,0.065625,-0.001254273485392332,0.0011024158826330676,0.10008010396268219,a1ee84ed98e26bbb9be0f2281fcdfeda:0:0,c6911196e21a01b1593a3c7e2f03c9e6:0:0,0d128da92b8fa7a86fc2d250d9ffcedb:0:0,6c0bbd66c70294a6fbe1aad82681bd0e:0:811939090,c910f6342699754fbd4b2a66b9ec327f:1:4145326045,10,1.0,0,0,0,0,0,0,512,0,0,512,0,0,244,0,0,268,0,0,512,0.8859951496124268,102.08668518066406,18,0
1184,A,1184,0.0017400458455085754,0.048800043761730194,nan,nan,512,0,0.0017400458455085754,0.048800043761730194,all_rows,512,0,0.0022289459593594074,0.0423828125,-0.0020251710899174213,0.0011744620162062347,0.1023695080075413,b269dfa38554500558e0f975c8eacada:0:0,bce31981b9832575261bdef0a735f8a4:0:0,2044b9480ee780942c421dbad0449103:0:0,0c1d081bc77c8b53201604f68ec4a10e:0:2776719773,a65b878e298993998a8c1c1491d8b168:0:3445368977,10,1.0,0,0,0,0,0,0,512,0,0,512,0,0,241,0,0,271,0,0,512,0.895214319229126,102.29120635986328,18,0
1185,A,1185,0.0008402352686971426,0.047184932976961136,nan,nan,512,0,0.0008402352686971426,0.047184932976961136,all_rows,512,0,0.009052499197423458,0.0822265625,-0.00016717163380235432,0.0010958568396745249,0.10184432903770357,a02ebb6ef02355dbe2f1bc75d94796da:0:0,c98e50d1c5e504396e9437bfb2010395:0:0,ed24da8a3b2a65b1ecfcb6672488558e:0:0,942a3e6698d5a4fa28c1ead0e4c7850e:0:3017838863,b6a561cb33d630a4832784fcdebd485a:1:700410715,10,1.0,0,0,0,0,0,0,512,0,0,512,0,0,244,0,0,268,0,0,512,0.9212093949317932,101.76144409179688,14,0
1186,A,1186,-0.002227015793323517,0.045641325414180756,nan,nan,512,0,-0.002227015793323517,0.045641325414180756,all_rows,512,0,0.0015139501774683595,0.0595703125,-0.0019615084864199163,0.0010249797225696966,0.1008960900362581,40d5e88074c410a48e0e9d7450e462da:0:0,977b0f33dab3ad92b3974f928d6d64db:0:0,35a45ad5670069285beb69efe195685b:0:0,ff1184ce34e52c3fed827fcb288a690e:0:623375882,e0eed84dcb1b3f66bcdb1a1b61f6de41:1:901928618,10,1.0,0,0,0,0,0,0,512,0,0,512,0,0,246,0,0,266,0,0,512,0.9692195653915405,99.77027130126953,5,0
1187,A,1187,-0.0009080974850803614,0.04892846196889877,nan,nan,512,0,-0.0009080974850803614,0.04892846196889877,all_rows,512,0,0.008988115936517715,0.117578125,-0.011037973058409988,0.0011870370479300618,0.1009702329756692,a0f95b9573e965be16c23ebd2fc12eda:0:0,d131490918ec9a1a8f785cf22ee93020:0:0,07ab951652b5f4d5575b3841ceecf8eb:0:0,b08192052c4fe557335aa7495a0d4d0e:0:1422353450,18d76db7c12390b9503e60778ba7ced8:0:2233705527,10,1.0,0,0,0,0,0,0,512,0,0,512,0,0,252,0,0,260,0,0,512,0.9866340756416321,100.16411590576172,3,0
1188,A,1188,0.000932207447476685,0.04892478510737419,nan,nan,512,0,0.000932207447476685,0.04892478510737419,all_rows,512,0,0.0020972229540348053,0.0330078125,-0.0009195477701723576,0.001184122741688043,0.1435491859447211,6b16882c97aa84586e26829c75ddfada:0:0,9b26ecb99611af89130b4a501afda7a5:0:0,d81d56b5fe6c4d0e4ed9037907c27df0:0:0,5c07645e70cc309590b304af7950310e:0:939734937,b80a4a95273cb4abe95fbbf0f02607e3:1:3315031146,10,1.0,0,0,0,0,0,0,512,0,0,512,0,0,263,0,0,249,0,0,512,1.0164214372634888,100.48825073242188,0,0
1189,A,1189,0.004554648417979479,0.04492656886577606,nan,nan,512,0,0.004554648417979479,0.04492656886577606,all_rows,512,0,0.013410077430307865,0.09296875,-0.0046044063288718465,0.0009924229700118304,0.13990518602076918,3cee6165edf4948c85e48b5e233ac6da:0:0,23288351cab9920b7ccaa96662c7696b:0:0,3bb00116886f676b35ae2aa61a45f76a:0:0,a208c0baf7ec0ac75159fb618653150e:0:3681664799,cc8d5de14de37a089b9e4272b4089fff:0:1676836669,10,1.0,0,0,0,0,0,0,512,0,0,512,0,0,259,0,0,253,0,0,512,1.0305715799331665,100.58116149902344,0,0
1190,A,1190,-0.0027988331858068705,0.04803336784243584,nan,nan,512,0,-0.0027988331858068705,0.04803336784243584,all_rows,512,0,0.014674341306090355,0.1001953125,-0.010378331644460559,0.0011470858502434567,0.13895353896077722,0577442316941db41c34bb4e37d792da:0:0,ebd7c07890ea811ca85f673c0440a40b:0:0,4fc77301f970e8d8ba4775ad268dc23e:0:0,2dbc880acad0eb435a83aec38115f90e:0:1236199396,9100daab37e8b9b02e50e2cfcf7c42a7:0:1334398897,10,1.0,0,0,0,0,0,0,512,0,0,512,0,0,264,0,0,248,0,0,512,1.0382626056671143,98.98888397216797,0,0
1191,A,1191,-0.0005383452516980469,0.045551951974630356,nan,nan,512,0,-0.0005383452516980469,0.045551951974630356,all_rows,512,0,0.005714445374906063,0.0533203125,-0.0022135986015200614,0.0010169918299652637,0.1418888570042327,98a208db4222240187deb4b8b3b45eda:0:0,24fce8388b1f322dd92432e76fa31628:0:0,9a946c6d80564381f066c087fe6d6633:0:0,d66655d1d72d7fbf0eca02396998dd0e:0:1656702453,1bacde048d7a20813efb9fdc6af5dd44:1:345332999,10,1.0,0,0,0,0,0,0,512,0,0,512,0,0,260,0,0,252,0,0,512,1.0639564990997314,97.67529296875,0,0
1192,A,1192,-0.0015289216535165906,0.05032578483223915,nan,nan,512,0,-0.0015289216535165906,0.05032578483223915,all_rows,512,0,0.011656335555016994,0.0517578125,-0.0031336707761511207,0.0012463229126296938,0.1424773019971326,40b34375ff20fd57843959e996d12ada:0:0,f63860457d5948ee42163c1e16f5be71:0:0,7985d90ebcd7237b7255544d709d495d:0:0,e474237695f945e2322c99273fdbc10e:0:744302805,3809eac0915438fa346279332df4efd0:1:1554526638,10,1.0,0,0,0,0,0,0,512,0,0,512,0,0,248,0,0,264,0,0,512,1.0327705144882202,97.56349182128906,0,0
1193,A,1193,0.007349714171141386,0.04603087902069092,nan,nan,512,0,0.007349714171141386,0.04603087902069092,all_rows,512,0,0.005238672718405724,0.0673828125,-0.0015318948193453253,0.0010425446729641409,0.1459441890474409,3e044b5f1294dd60fd2acd2ce12df6da:0:0,608aa31d4e67ee03740e6a607f9efd79:0:0,3337a294c8b073cb3ac2317f6f704b12:0:0,ee5ad9765c3a029ace10d6f103dea50e:0:155316459,4471dbdfc73c0fa5b239e0e67efc718a:0:1058536228,10,1.0,0,0,0,0,0,0,512,0,0,512,0,0,256,0,0,256,0,0,512,1.05081307888031,97.82225799560547,0,0
1194,A,1194,-0.0013471050187945366,0.051066648215055466,nan,nan,512,0,-0.0013471050187945366,0.051066648215055466,all_rows,512,0,0.005310508422553539,0.0650390625,-0.0007441418245434761,0.0013086537248454988,0.12035034701693803,e4e505e4d96418e8db2870ce92cac2da:0:0,0fa783e969bf91c200486baabe2e36b8:0:0,85c553b8c15efcc4bdb2cd2a9efe14f6:0:0,96f1c8f0ea4717311541defab5a1890e:0:1392456945,2322360115aff9ef4ba5c79e78ac1479:1:2523432945,10,1.0,0,0,0,0,0,0,512,0,0,512,0,0,265,0,0,247,0,0,512,1.0146526098251343,97.99279022216797,0,0
1195,A,1195,-0.0037562204524874687,0.04590790346264839,nan,nan,512,0,-0.0037562204524874687,0.04590790346264839,all_rows,512,0,0.01153198629617691,0.0822265625,-0.004145166836678982,0.001040647813351825,0.1014328229939565,654f98d1efcb2071cf36e71aaba78eda:0:0,ca6a3497df5f275f272594c02a9c3d16:0:0,0180d13c6a91cfa2f42948c9595765e3:0:0,9d54fd528deab41b47f094a855246d0e:0:4122058162,bb7ecb9260cb6fe743f75a2b758e0d7f:1:1189369109,10,1.0,0,0,0,0,0,0,512,0,0,512,0,0,243,0,0,269,0,0,512,1.0382838249206543,97.16630554199219,0,0
1196,A,1196,-0.001148255541920662,0.045029327273368835,nan,nan,512,0,-0.001148255541920662,0.045029327273368835,all_rows,512,0,0.0018289689905941486,0.0798828125,-0.0004463544231839478,0.0009970553684979678,0.10242381400894374,486a23121c30320e1eea125d2bc45ada:0:0,1fc4d35a1ca06ac004c86cd1d8944133:0:0,cff7ceab7cc5f99d09943db646ee266a:0:0,f2c32f39ebc4e99197b39b5de267510e:0:1460356672,04ab104cb615374fd843a36fa418ec47:0:1853118865,10,1.0,0,0,0,0,0,0,512,0,0,512,0,0,256,0,0,256,0,0,512,1.054727554321289,96.7814712524414,0,0
1197,A,1197,0.002173931570723653,0.048277176916599274,nan,nan,512,0,0.002173931570723653,0.048277176916599274,all_rows,512,0,0.0026268749497830868,0.0626953125,0.00011606230400502681,0.0011251800460740924,0.10069140198174864,5bb05d11baa2c277706514e2132126da:0:0,88f5be9f65c3b6afa440485de2b2385f:0:0,183ef47a6eb9e57f4db453e1563a214d:0:0,bb3ddf0c445495e20b87567f5d6a350e:0:634152186,c69debc283d758ffe2b73b4fdf10ef58:1:1749462627,10,1.0,0,0,0,0,0,0,512,0,0,512,0,0,266,0,0,246,0,0,512,1.0479520559310913,96.58084869384766,0,0
1198,A,1198,-0.0014147888869047165,0.04761321842670441,nan,nan,512,0,-0.0014147888869047165,0.04761321842670441,all_rows,512,0,0.02813359722495079,0.121875,0.00811054918449372,0.001101142106927,0.10280475404579192,204f926626529d66965a50f561bdf2da:0:0,ffcc3feb53a4b507126325e3e7dc58ff:0:0,351873e8f31b3d25163a50568f71ccad:0:0,07a8bf00c90a318463cde970c62d190e:0:842181432,dd96f115b520d904bfd731ec3dce7fe6:0:2206331665,10,1.0,0,0,0,0,0,0,512,0,0,512,0,0,236,0,0,276,0,0,512,1.0467417240142822,96.6034927368164,0,0
1199,A,1199,0.008500310592353344,0.04879455640912056,nan,nan,512,0,0.008500310592353344,0.04879455640912056,all_rows,512,0,0.011201567947864532,0.0607421875,-0.0017187787219882012,0.0011838701844681053,0.10260406602174044,ee02c22cde4abd2b5c0b68e3179abeda:0:0,fee8a3a2ab7cd08ad0df9aa8bd66585e:0:0,b79517ea969bec8b35a06d2398a1103f:0:0,898119c155c878edfe4f37961caffd0e:0:3529105784,982a947b367d6c76dabcadd512eb39e4:0:3096598870,10,1.0,0,0,0,0,0,0,512,0,0,512,0,0,273,0,0,239,0,0,512,1.088914394378662,93.49156951904297,0,0
1200,A,1200,-0.0010586625430732965,0.04469601437449455,nan,nan,512,0,-0.0010586625430732965,0.04469601437449455,all_rows,512,0,0.015458676032721996,0.065234375,-0.00310545046813786,0.0009989892307203263,0.10676388291176409,d2d2db6e62bbd98451493ef734b78ada:0:0,e8992c18edd7afdf59b8d1a79230da00:0:0,0615935a33aabe17b7d41efd19567a7c:0:0,46c64c14a336f425ba38e45360f2e10e:0:177602175,312ef63a7dd14099a0dc1630bf7fc71a:1:2017009454,10,1.0,0,0,0,0,0,0,512,0,0,512,0,0,260,0,0,252,0,0,512,1.1120173931121826,93.89952087402344,0,0
1201,A,1201,-0.08849165588617325,0.11429550498723984,nan,nan,512,0,-0.08849165588617325,0.11429550498723984,all_rows,512,0,0.0034432592801749706,0.0869140625,-0.002300164639018476,0.005253521481063217,0.10119290999136865,dbc7feb10822adb69673f57db91456da:0:0,30a105ee3e7e2df9ddf6511938cd1d04:0:0,2362599a06ec8eeaa65d91c47b913189:0:0,f692a40b8482e1e883f3bad7f49c7e0e:0:2869491427,fd1fd04e74f36efa1cc5a96b39512d8c:1:3283415626,10,1.0,0,0,0,0,0,0,512,0,0,512,0,0,369,0,0,143,0,0,512,1.0904749631881714,93.361328125,0,0
1202,A,1202,0.03206079453229904,0.08121728897094727,nan,nan,512,0,0.03206079453229904,0.08121728897094727,all_rows,512,0,0.0012141356710344553,0.093359375,0.0036484689451754095,0.0033970147254876793,0.11482770892325789,e5146dc73d95f5e5a87aeec2a4b122da:0:0,f0d0ab873423f247747a3e38e5cf29b9:0:0,95dfa4f9731459231d0f3db4ffa81e42:0:0,fa911cd8b0382694d3ed54c57bc21b0e:0:2784043127,340259748bebbd1aacc900ce7aa87429:0:1235011162,10,1.0,0,0,0,0,0,0,512,0,0,512,0,0,346,0,0,166,0,0,512,1.1155861616134644,92.62043762207031,0,0
1203,A,1203,-0.0023671514354646206,0.07972792536020279,nan,nan,512,0,-0.0023671514354646206,0.07972792536020279,all_rows,512,0,0.0037635585758835077,0.098828125,0.004792523104697466,0.003124837065115571,0.10152662091422826,59d05ec4038823ab2cdccd11f78deeda:0:0,bbda1525198dd0f0f5c7d831a93d83d8:0:0,3cf561723bf44cb68a17e276b9f658c0:0:0,40150377d3cc8e8cf1294c5b4663b80e:0:914534716,75e5c36b6d94c1bca0fe4929c92b42c2:1:637279222,10,1.0,0,0,0,0,0,0,512,0,0,512,0,0,379,0,0,133,0,0,512,1.1462104320526123,92.63290405273438,0,0
1204,A,1204,-0.004418989177793264,0.07322202622890472,nan,nan,512,0,-0.004418989177793264,0.07322202622890472,all_rows,512,0,0.0009203157387673855,0.09140625,0.004798105335794389,0.0026756116771139205,0.10077507805544883,733f3edf9048c9eebda772b7b1aabada:0:0,939c0a37b5520540658c551b149fa4e2:0:0,12ad4e82bffb6ecdbda4bb0e25c27e0c:0:0,bc14765877184a5477f6a598a481550e:0:2810292018,5404a9a556d0ffeefcfe386d3249eceb:0:3365416263,10,1.0,0,0,0,0,0,0,512,0,0,512,0,0,371,0,0,141,0,0,512,1.1486166715621948,93.4521255493164,0,0
1205,A,1205,0.005994256120175123,0.07670655101537704,nan,nan,512,0,0.005994256120175123,0.07670655101537704,all_rows,512,0,0.005473761819303036,0.0427734375,-0.00031278887763619423,0.002942414616700262,0.12743469199631363,950b15f55f91bffdb57801ffd30786da:0:0,adc6c80c73a0e4372f54cef3cca3430f:0:0,b48423ad847fddb126e59d062030f6ba:0:0,52d812449083e62fbb7cce3ce61af20e:0:2437029530,4f04bef5fb1a267837f8f2b6ad6267cc:1:137793311,10,1.0,0,0,0,0,0,0,512,0,0,512,0,0,379,0,0,133,0,0,512,1.127234935760498,93.59505462646484,0,0
1206,A,1206,-0.00984110962599516,0.07589419186115265,nan,nan,512,0,-0.00984110962599516,0.07589419186115265,all_rows,512,0,0.000845041242428124,0.1044921875,7.719609420746565e-05,0.0028452559490688145,0.14225204393733293,5e29ab242a6bfbe2fb7add365ba452da:0:0,670958840b1e395a05915144f3334e94:0:0,cba2fcaaae643a9eddbb3c23a2ab53fd:0:0,fd2eea34641f00ebe3489dc75b308f0e:0:1020063718,bd545b2da7b6cc37532603d8b653a3a5:0:2984911818,10,1.0,0,0,0,0,0,0,512,0,0,512,0,0,363,0,0,149,0,0,512,1.128006100654602,93.91516876220703,0,0
1207,A,1207,-0.003493828931823373,0.07621545344591141,nan,nan,512,0,-0.003493828931823373,0.07621545344591141,all_rows,512,0,0.005798680707812309,0.0689453125,-0.003824579995125532,0.0028833518968895077,0.1390812679892406,f478c6f784b823fecf6ba6a74b811eda:0:0,2de0460ef92f4c7e2f2b1f9cd3e57b8a:0:0,227ed8b207e099d252fa66038d74275d:0:0,14133e1e8499481fc4d9557753c22c0e:0:2391167835,29ec87b8c7eb8e4f2388505ae9f268bf:1:3154286901,10,1.0,0,0,0,0,0,0,512,0,0,512,0,0,362,0,0,150,0,0,512,1.1351292133331299,94.05013275146484,0,0
1208,A,1208,0.006660918705165386,0.08674696087837219,nan,nan,512,0,0.006660918705165386,0.08674696087837219,all_rows,512,0,0.010341716930270195,0.02578125,0.0011263818480074406,0.0037457275786437092,0.14034793595783412,facb77621da6d7de9595409ea29deada:0:0,62afd9f550f7613733082ebaaabb14f0:0:0,cccf055cb6e87d3053ae8117899f6d6e:0:0,fd15d2a2b6350035792da04c1fcfc90e:0:141616605,06c32275cbc0f60ba382d5eb3b9d5ac9:0:1386281935,10,1.0,0,0,0,0,0,0,512,0,0,512,0,0,379,0,0,133,0,0,512,1.1082462072372437,95.14794158935547,0,0
1209,A,1209,0.005017328541725874,0.08236424624919891,nan,nan,512,0,0.005017328541725874,0.08236424624919891,all_rows,512,0,0.005428843200206757,0.0818359375,-0.0039438566658645865,0.0033926296164281666,0.1424301549559459,8d618daee06cb054a2d1cd6860fab6da:0:0,250ac836e73de3fdc2111ce91cf69319:0:0,9d0b4788177833694023a6dec688ad8b:0:0,5bb1260cd9e81e8cae5093050f59660e:0:3319925719,69d7c8d3c3d5ae3516e1d70803ebf74f:0:261512863,10,1.0,0,0,0,0,0,0,512,0,0,512,0,0,372,0,0,140,0,0,512,1.0629128217697144,96.54170227050781,0,0
1210,A,1210,-0.00788500253111124,0.08414964377880096,nan,nan,512,0,-0.00788500253111124,0.08414964377880096,all_rows,512,0,0.005004906095564365,0.04296875,-0.0006162946578115225,0.0035209380206651987,0.14357352606020868,96d4ae6e727df6d0088aaf50869782da:0:0,4a1d0ea1f9a78511eba494e27e1841d7:0:0,193d9a03baa12b19243d2d8485bb8fff:0:0,651c0095e9febc05b4e6ac21725f030e:0:3504309736,ca74667c18194ed8cae526154c7c5035:0:1343903001,10,1.0,0,0,0,0,0,0,512,0,0,512,0,0,380,0,0,132,0,0,512,1.0849416255950928,95.81016540527344,0,0
1211,A,1211,0.009974758140742779,0.0880759134888649,nan,nan,512,0,0.009974758140742779,0.0880759134888649,all_rows,512,0,0.0025025904178619385,0.029296875,-0.0007287022424861788,0.003855979174841195,0.13122332107741386,d6ab3745cc9e13f460b888a313744eda:0:0,a845012dbbd98a16ec778b999051e677:0:0,b799ff1fd7a55397dba68a2665ee525f:0:0,623a4ff871af664549bad3e098e0a00e:0:1338395435,f0751a2d24298eb5b04271976b5a1b92:0:58112932,10,1.0,0,0,0,0,0,0,512,0,0,512,0,0,356,0,0,156,0,0,512,1.0661156177520752,96.29473114013672,0,0
1212,A,1212,-0.002687720814719796,0.08129052072763443,nan,nan,512,0,-0.002687720814719796,0.08129052072763443,all_rows,512,0,0.0006353185744956136,0.1171875,-0.00045534772798419,0.0033038983005099,0.1038669110275805,1238f661ec0eb57199e33bac07911ada:0:0,280ff6184dce09c34d620d13ce1a9354:0:0,05062c88bdcbbd93c38e2761a505617e:0:0,32277b5fc62f96011b4b5c41d2de3d0e:0:2968688322,b9c1de9d6a773383b2c54a600d451ab0:0:1408605384,10,1.0,0,0,0,0,0,0,512,0,0,512,0,0,362,0,0,150,0,0,512,1.0666176080703735,96.16183471679688,0,0
1213,A,1213,0.0021880348213016987,0.07956309616565704,nan,nan,512,0,0.0021880348213016987,0.07956309616565704,all_rows,512,0,0.007076280191540718,0.034375,0.00013601738028228282,0.0031729022739455104,0.10418013494927436,27803333d92aab1bc321eab762ede6da:0:0,837c3d095bb4189ea8c60fbe0a9d9483:0:0,b63ea6d548b99d269a72e487f64edeb8:0:0,b4e74e69a1f450a50b5701047057da0e:0:2070842652,aab7e4baff4f9895b33a9d56c63792c7:0:2064539138,10,1.0,0,0,0,0,0,0,512,0,0,512,0,0,370,0,0,142,0,0,512,1.066762089729309,95.8977279663086,0,0
1214,A,1214,-0.004014511592686176,0.08273100852966309,nan,nan,512,0,-0.004014511592686176,0.08273100852966309,all_rows,512,0,0.00644808541983366,0.084765625,-0.0036143459845334293,0.0034191929036751388,0.10209721501450986,1fa2d7f780b87b42d81af811258ab2da:0:0,9d5f44e8ab9a124867bf25855ded5db2:0:0,c6ae64512c7e5198d4622f79f1913702:0:0,81507a5c99e8bba12c69e7a7c14d770e:0:1487260847,99c1bf88013554a2d1e0a0359eaedcbb:1:4135480864,10,1.0,0,0,0,0,0,0,512,0,0,512,0,0,372,0,0,140,0,0,512,1.0730093717575073,96.7348403930664,0,0
1215,A,1215,-0.005086089484393597,0.08400847017765045,nan,nan,512,0,-0.005086089484393597,0.08400847017765045,all_rows,512,0,0.0015695245238021016,0.0453125,-0.0019278363790363074,0.0035103070666082205,0.12010738300159574,f263a7671d40ae4a8d0406054f677eda:0:0,8b0f9941e1d9ae9471dcfd3acdd2b558:0:0,41d5cf21a7a608be9dcb04dbbf1ca209:0:0,f81905d7388227b07b6a9f6b15bf140e:0:231631600,083795f0d9052e18d8a4b51249ee1502:1:3022309432,10,1.0,0,0,0,0,0,0,512,0,0,512,0,0,354,0,0,158,0,0,512,1.0545833110809326,96.1483383178711,0,0
1216,A,1216,-0.0015485485782846808,0.0824190005660057,nan,nan,512,0,-0.0015485485782846808,0.0824190005660057,all_rows,512,0,0.014672670513391495,0.084765625,0.002552792965434492,0.003361900965683162,0.1308406350435689,757a51dc2db3d1821aa1f6dfe0844ada:0:0,6930df38847807d01b5d4ade6c946d97:0:0,6da56973a54fe18a498c081cebd6ff7a:0:0,bb4aaf0f5bb6da685527214dbdacb10e:0:957061225,d158f16ad85e40b90e481911c25a20dc:1:243773856,10,1.0,0,0,0,0,0,0,512,0,0,512,0,0,355,0,0,157,0,0,512,1.0609588623046875,95.79503631591797,0,0
1217,A,1217,0.00224818242713809,0.07876309752464294,nan,nan,512,0,0.00224818242713809,0.07876309752464294,all_rows,512,0,0.006729348562657833,0.07421875,-0.006865541636943817,0.003071566193830222,0.13710009504575282,f852f0fe36ac313c0a48ececd8e116da:0:0,23bf04d9e564e2c7e2e2c74b37a36e05:0:0,92f71b4d2f6c87d5ee93b6fd3f0d716f:0:0,b8a16d3bc0fa9c60a7e1d00f09164e0e:0:4107478963,47dabc51a827bc7f777a20eaafdf0bf7:0:1539577936,10,1.0,0,0,0,0,0,0,512,0,0,512,0,0,354,0,0,158,0,0,512,1.0475279092788696,97.49018859863281,0,0
1218,A,1218,-0.002320419065654278,0.08676772564649582,nan,nan,512,0,-0.002320419065654278,0.08676772564649582,all_rows,512,0,0.008981683291494846,0.076171875,0.0028231617994606494,0.003725309099536389,0.10976116603706032,5679f0fecb974a2601dc4a78387de2da:0:0,39c958a684c8befa43d9b935e1df5a66:0:0,8549520e02d5235b5c8bba7c36a8b920:0:0,a3a45cee7581d244e0de782e47fbeb0e:0:3224533561,90f7891d3cfaf1f9ce1ac7557c32bc6e:0:2215412953,10,1.0,0,0,0,0,0,0,512,0,0,512,0,0,394,0,0,118,0,0,512,1.0589470863342285,97.58415985107422,0,0
1219,A,1219,0.004347316455096006,0.08017024397850037,nan,nan,512,0,0.004347316455096006,0.08017024397850037,all_rows,512,0,0.017208369448781013,0.14765625,0.004585962370038032,0.0032023018691688778,0.10364551201928407,dfb0ba419d12f1e08fceb1cdff5aaeda:0:0,7f5818645c59c35b8e018d5e9e4b022c:0:0,1d07c251a83401fd29d59c230df4445c:0:0,427a42fa2929a71d95ef4feaca5d880e:0:789829525,51325a897090ec9a7ff9143d07eaa7cc:1:2763350764,10,1.0,0,0,0,0,0,0,512,0,0,512,0,0,380,0,0,132,0,0,512,1.0394277572631836,98.48867797851562,0,0
1220,A,1220,0.0018178790342062712,0.07877358794212341,nan,nan,512,0,0.0018178790342062712,0.07877358794212341,all_rows,512,0,0.006144966464489698,0.1052734375,-0.002671860484406352,0.0031073866644874214,0.10417591105215251,5bb5862e89ca36d6f722053a2d777ada:0:0,3dfcf3030d5e39cf0b93098ac61f8ae3:0:0,06c71438f7cceb9dd02730851d787985:0:0,2cbc8bf227818e22eb01f743e03b250e:0:1704523695,4e9fba2f199d407d0702fec6f89786fc:1:1490037043,10,1.0,0,0,0,0,0,0,512,0,0,512,0,0,373,0,0,139,0,0,512,1.0887126922607422,96.86493682861328,0,0
1221,A,1221,0.025520049035549164,0.08410175144672394,nan,nan,512,0,0.025520049035549164,0.08410175144672394,all_rows,512,0,0.0019569352734833956,0.0712890625,0.0010351635981351137,0.0034887981484644113,0.10368799604475498,b069adcaef1df756fb676708c2d446da:0:0,32eba0c24bfa71f90b613f7799adb955:0:0,f5671aa579db0cd653bc603186a62dab:0:0,8b29ad68fc902267b3ac77f8d994c20e:0:155269146,9933c744714ec64f21063e543bd1e9d2:0:1093303486,10,1.0,0,0,0,0,0,0,512,0,0,512,0,0,373,0,0,139,0,0,512,1.1004713773727417,97.03607177734375,0,0
1222,A,1222,0.003148481249809265,0.07863976061344147,nan,nan,512,0,0.003148481249809265,0.07863976061344147,all_rows,512,0,0.005499593913555145,0.0765625,-0.003488606121391058,0.0031052597798407076,0.14968691708054394,52757096b6e52fe8acbf3985bf7112da:0:0,8957e2e17ada6fde7164f47476af170d:0:0,f815e255430903248ba91fdbb1a6bb5e:0:0,b83acbc08a0b2aad50ba4589066a5f0e:0:958804357,1fefd99165354d46ad45351c2bc7ca1e:0:2976208345,10,1.0,0,0,0,0,0,0,512,0,0,512,0,0,359,0,0,153,0,0,512,1.1031391620635986,97.65453338623047,0,0
1223,A,1223,-0.005296384450048208,0.08259075880050659,nan,nan,512,0,-0.005296384450048208,0.08259075880050659,all_rows,512,0,0.003199945902451873,0.1380859375,-0.0028693735483102502,0.003410540404729545,0.138874217052944,b20eae08df9100e633d91efd234ddeda:0:0,3e44a9610307d827690586de3d4b0c96:0:0,13f36647197e36f20b62e2ef6cb16ffc:0:0,450e8da38dd847b049b93d33b6bbfc0e:0:3722380891,2e69323932aabe27621185d0841a89fc:1:4217999126,10,1.0,0,0,0,0,0,0,512,0,0,512,0,0,367,0,0,145,0,0,512,1.1134446859359741,96.6312255859375,0,0
1224,A,1224,-0.0017625479958951473,0.08305646479129791,nan,nan,512,0,-0.0017625479958951473,0.08305646479129791,all_rows,512,0,0.0037090489640831947,0.06875,-0.0018199145328253508,0.0034500652691349387,0.1447544889524579,4e6153e67c006b539df3f9baee6aaada:0:0,61092be29a04dc11534254a5e02a39e4:0:0,8252106469f31e75cf224f201180b859:0:0,a0f76f1853c9933da286a5f83a89990e:0:3764994058,3902db1934419f02535ba8bd8c7ab0d6:1:3209800037,10,1.0,0,0,0,0,0,0,512,0,0,512,0,0,371,0,0,141,0,0,512,1.0804647207260132,96.53067016601562,0,0
1225,A,1225,-0.004577414132654667,0.0812176913022995,nan,nan,512,0,-0.004577414132654667,0.0812176913022995,all_rows,512,0,0.0110643794760108,0.052734375,-0.0015664577716961504,0.0032900334103032947,0.14455797208938748,0984578e684fc4f6a8ddec0b20c776da:0:0,4f0a9556887dd347d45449b5bad8fb5a:0:0,b62dfb99ad0194d0ef66059068f5dbcc:0:0,9f875b8282a73660ecdc3095e1d3360e:0:784787456,953e5cec54008f109f3272c44951757e:0:1089114067,10,1.0,0,0,0,0,0,0,512,0,0,512,0,0,365,0,0,147,0,0,512,1.0577524900436401,96.25946044921875,0,0
1226,A,1226,-0.004714479204267263,0.07911618798971176,nan,nan,512,0,-0.004714479204267263,0.07911618798971176,all_rows,512,0,0.0080022681504488,0.171484375,-0.0019224496092647315,0.003126006422098726,0.14105850097257644,c424f03330efe3ae8ef45839ba6442da:0:0,887cdc8d20d53e679ee5d999523b52a3:0:0,d418d467337d563eeae5094573a6513f:0:0,7c4ad1daa7b4bcfb15dcf78bfc98d30e:0:3059277802,9e19cb2dd51b8e25bc66d4766c4704ee:0:3077749013,10,1.0,0,0,0,0,0,0,512,0,0,512,0,0,355,0,0,157,0,0,512,1.041955590248108,94.93425750732422,0,0
1227,A,1227,0.007545525673776865,0.08112755417823792,nan,nan,512,0,0.007545525673776865,0.08112755417823792,all_rows,512,0,0.014877201989293098,0.0955078125,0.0019969203975051643,0.0032941682264208795,0.1509828120470047,3a6373dbe951000bd323e092bb410eda:0:0,2dad7ea77b97656d8428ce5d858a1b1b:0:0,91875c8b208d7566b496049efe172587:0:0,7146a2d953fead11efa27f19dada700e:0:2454573561,fd92c83e11e85b2c76c5c37e89816b6a:1:380507777,10,1.0,0,0,0,0,0,0,512,0,0,512,0,0,361,0,0,151,0,0,512,1.0343897342681885,94.99468994140625,0,0
1228,A,1228,-0.0005282844649627805,0.08105883747339249,nan,nan,512,0,-0.0005282844649627805,0.08105883747339249,all_rows,512,0,0.0029569678008556366,0.116796875,-0.0011036620941013097,0.003281449805945158,0.11314829206094146,9a01b0e3ef6d4f280ce86762235ddada:0:0,e68963bea5c7d05efe7af4559baec9fd:0:0,648715fb9d6cfece4273a7d1859265ff:0:0,45cd0fcd4bdaa82876c9b53ecc980d0e:0:1385372034,f4eaef902d7a1b22275a726cd221190c:0:2642735079,10,1.0,0,0,0,0,0,0,512,0,0,512,0,0,380,0,0,132,0,0,512,1.0247652530670166,93.51781463623047,0,0
1229,A,1229,0.006584023125469685,0.08667980879545212,nan,nan,512,0,0.006584023125469685,0.08667980879545212,all_rows,512,0,0.0036883484572172165,0.0796875,-0.0014984873589128256,0.0037521017831750212,0.10307303199078888,5c39e190d97f53bdb44d0ef3f2baa6da:0:0,a2213c799829faa71dd7da2af96142c6:0:0,3290e1a94a2aebf2941902222969ab8f:0:0,db979c4c73221cefd3fff1ba21d1aa0e:0:2713180491,ec2d5723c7a96d96c3ffdd2a85f94c95:1:4199629096,10,1.0,0,0,0,0,0,0,512,0,0,512,0,0,371,0,0,141,0,0,512,1.0388939380645752,93.41754913330078,0,0
1230,A,1230,-0.003177845384925604,0.0760883316397667,nan,nan,512,0,-0.003177845384925604,0.0760883316397667,all_rows,512,0,0.011249599047005177,0.061328125,-0.0013133298722095787,0.002895338158123195,0.10361163504421711,9a9f67350b2fe67fedec3994295772da:0:0,ece15796673253d9ef7779533e92d3d3:0:0,bd7e32500f4d75f0eae872d18f5b525e:0:0,64557ee1c7cd4fa1198ff60b2a87470e:0:2768525246,62b22ba8719ab3b04697b5dbd98e8e2c:1:339581988,10,1.0,0,0,0,0,0,0,512,0,0,512,0,0,354,0,0,158,0,0,512,1.0201982259750366,92.89552307128906,0,0
1231,A,1231,-0.012584613636136055,0.07944189012050629,nan,nan,512,0,-0.012584613636136055,0.07944189012050629,all_rows,512,0,0.005293130874633789,0.08828125,0.0010454055853188037,0.003176233975682408,0.1126590360654518,65875634af87f5b256ef898ec7343eda:0:0,3fa9abe9c0ef390021674f644f7216a4:0:0,e11b270d1e47f0a1bf313b029a10674a:0:0,16bbcf43e0b23f4fbceeed7136b8e40e:0:223521041,1a614a953506fc73630ca1e8037df75f:0:2984621997,10,1.0,0,0,0,0,0,0,512,0,0,512,0,0,377,0,0,135,0,0,512,1.0447262525558472,92.51454162597656,0,0
1232,A,1232,0.0070285554975271225,0.07972343266010284,nan,nan,512,0,0.0070285554975271225,0.07972343266010284,all_rows,512,0,0.030901454389095306,0.19921875,0.014517746120691299,0.0031872134655714034,0.1253467689966783,9ae6842214f1fc00d10fe12fcc510ada:0:0,fdc0a20fc97588c5dd3a185dbfbcfd96:0:0,39d5218605fc43b23e87d9c9e9933731:0:0,d6aa357b0748ae84cc496ceb9666810e:0:449610889,373e13e86d8d12782c555212c4224766:0:2834357082,10,1.0,0,0,0,0,0,0,512,0,0,512,0,0,380,0,0,132,0,0,512,1.040783405303955,93.45575714111328,0,0
1233,A,1233,0.005773876793682575,0.07681875675916672,nan,nan,512,0,0.005773876793682575,0.07681875675916672,all_rows,512,0,0.006211225874722004,0.1072265625,-0.0009441063273698091,0.002917945582885295,0.10248913802206516,65953d05a8972e974e9562c338add6da:0:0,49dc415db874051a5a1b8019c50bce79:0:0,a8ddf4ecc9d9610d2a6a9cd1c4eefe34:0:0,2b501ea821725572e010733999901e0e:0:3744649243,51190748e29a72b2572a9cfc663f0f01:0:1473982563,10,1.0,0,0,0,0,0,0,512,0,0,512,0,0,376,0,0,136,0,0,512,1.0149074792861938,95.67757415771484,0,0
1234,A,1234,0.003671875689178705,0.07466341555118561,nan,nan,512,0,0.003671875689178705,0.07466341555118561,all_rows,512,0,0.0042836363427340984,0.0591796875,-0.0034512538462877274,0.002778558060526848,0.10515432304237038,edbe04c50e6462799e5770950c4aa2da:0:0,c1eafd7e245dba5ce993dc3ea971900e:0:0,4b9e7cbd01cc455f66680b84186d6116:0:0,7173d3d23b640412c88668da9035bb0e:0:3038507467,29f495861618a4ab2485de7c34320697:0:2399362130,10,1.0,0,0,0,0,0,0,512,0,0,512,0,0,370,0,0,142,0,0,512,1.0277752876281738,94.76333618164062,0,0
1235,A,1235,-0.0043531060218811035,0.08393163233995438,nan,nan,512,0,-0.0043531060218811035,0.08393163233995438,all_rows,512,0,0.009556407108902931,0.0513671875,-0.00292930593714118,0.0035040943999774753,0.11898233403917402,e324d57c1302a91b37bcacf147276eda:0:0,a51f50dbc9ba77bff369cf561ab7c52f:0:0,903dd0d109b3b5653cd816a460a66ebb:0:0,efb4073b99ea3a78f74c200dca57580e:0:520414922,6fc82e1edd65b50226c194f87e47eec6:1:1682667657,10,1.0,0,0,0,0,0,0,512,0,0,512,0,0,357,0,0,155,0,0,512,1.0537254810333252,95.12953186035156,0,0
1236,A,1236,0.006399409845471382,0.07936206459999084,nan,nan,512,0,0.006399409845471382,0.07936206459999084,all_rows,512,0,0.003157662693411112,0.025390625,0.00014710563700646163,0.003138152253814042,0.10811008897144347,702f2379750fa43706bafa23e9443ada:0:0,a782d8e72c3a5d7c0a77d7ec023c881f:0:0,f59a5ae7bc6510a4f6e17a765107bef2:0:0,70d89f3cd2617db3a4edd4d297f4f50e:0:1498975197,df792f309d48b86b80856bb625619408:1:4169731440,10,1.0,0,0,0,0,0,0,512,0,0,512,0,0,356,0,0,156,0,0,512,1.126491665840149,94.48812103271484,0,0
1237,A,1237,0.0009375755907967687,0.07787195593118668,nan,nan,512,0,0.0009375755907967687,0.07787195593118668,all_rows,512,0,0.007401349954307079,0.0953125,-0.0050269074505195025,0.003029604523908347,0.10900369100272655,d8629370c2e190e737d77a78f2a106da:0:0,19313861c2e7249b94f01ad85abb9217:0:0,90d878e3eb794ffead2cfe9e5f01c9d5:0:0,aa291c8077d86f81b2702ce8490e920e:0:437237183,d9aa36259b07a9e2be24a77eb73c670f:1:977628336,10,1.0,0,0,0,0,0,0,512,0,0,512,0,0,365,0,0,147,0,0,512,1.165043830871582,94.15685272216797,0,0
1238,A,1238,0.003934228792786598,0.0798976868391037,nan,nan,512,0,0.003934228792786598,0.0798976868391037,all_rows,512,0,0.006286343559622765,0.066015625,-0.0007454359903931618,0.0031862712930887938,0.10478788404725492,8db0bf51ca2309fd0426903c633dd2da:0:0,9f2dc7e752f1bf457890494f771b748e:0:0,3ec8316e827020f036cc09fa63c6d68f:0:0,2343aeb07bef6f3246dd37ce2da42f0e:0:1013292697,261008b90535e037da5a232b21b2b08b:0:1585325333,10,1.0,0,0,0,0,0,0,512,0,0,512,0,0,358,0,0,154,0,0,512,1.1148911714553833,94.32178497314453,0,0
1239,A,1239,-0.010197604075074196,0.07670047134160995,nan,nan,512,0,-0.010197604075074196,0.07670047134160995,all_rows,512,0,0.0020867721177637577,0.0251953125,0.0005887418985366822,0.002939117106143385,0.1507841870188713,ec99a215569281987d4bddba3b1a9eda:0:0,c9831bf309237a98d7f80bb96bc33439:0:0,1cea90c3a75765fb95861652b723913d:0:0,1ab2e8336e2749fd28d16ec395b5cc0e:0:3435761179,0ec148612fd0825a09e2732deacf96fe:0:2162452329,10,1.0,0,0,0,0,0,0,512,0,0,512,0,0,350,0,0,162,0,0,512,1.1171942949295044,93.54103088378906,0,0
1240,A,1240,0.0075586531311273575,0.08202528953552246,nan,nan,512,0,0.0075586531311273575,0.08202528953552246,all_rows,512,0,0.003618034068495035,0.120703125,-0.005033173970878125,0.0033615877968259157,0.15780825295951217,17344aae3d317200597a453e7a376ada:0:0,aad0c7114d1bd8c604a07d21130f4e06:0:0,818dbdfd3492633a7a74915474e3c49d:0:0,777961774d6e4123d408b4c7d143690e:0:3781771629,febdf4df9bac279530dec3ca6431aea9:1:2630250027,10,1.0,0,0,0,0,0,0,512,0,0,512,0,0,368,0,0,144,0,0,512,1.0809816122055054,93.81175994873047,0,0
1241,A,1241,-0.022213373333215714,0.08415334671735764,nan,nan,512,0,-0.022213373333215714,0.08415334671735764,all_rows,512,0,0.0011594503885135055,0.1392578125,-0.006470948643982411,0.003251867718063295,0.14164789207279682,99c64a2cf12f45b9bf73e915209436da:0:0,a273e852de7b3a3ddbb4b4cf7d2ab763:0:0,3e7b669daedd092beb70c79a8e8f1a31:0:0,37102875a5d86c2b4aeb569a304d060e:0:1361833947,7ae6f1ff6ac35d1d3d0e93d3e145aff8:1:773573525,10,1.0,0,0,0,0,0,0,512,0,0,512,0,0,357,0,0,155,0,0,512,1.0450329780578613,94.22647857666016,0,0
1242,A,1242,0.005192423239350319,0.08758508414030075,nan,nan,512,0,0.005192423239350319,0.08758508414030075,all_rows,512,0,0.006360855884850025,0.04375,-0.00034613106399774554,0.0037761707324534656,0.1428242070833221,a7fdf1031fdbf6e0128a2b8a2e3102da:0:0,e30fc5e8e3d7f9d48c9af821adfeef19:0:0,0f5caa87f326a71ed603b85413e6a1fe:0:0,ffd98b95378e3d7ea41b0aba02d2a30e:0:3078947422,90f871d07ffea6405daf60a3dc2ceb26:1:977085654,10,1.0,0,0,0,0,0,0,512,0,0,512,0,0,378,0,0,134,0,0,512,1.046351432800293,94.06645965576172,0,0
1243,A,1243,0.0010093081509694457,0.07843383401632309,nan,nan,512,0,0.0010093081509694457,0.07843383401632309,all_rows,512,0,0.004760528448969126,0.0408203125,-0.00040053436532616615,0.003063288936391473,0.14385482296347618,df61db3410ee65bcbe9daee9a30dceda:0:0,071d914baf4b8004e3a632d1b8bcca2f:0:0,3b89f72fc0f12355ed62cadcec1a918c:0:0,465df1cc6419afca53fff16698d4400e:0:4158786257,1699fa352625662b8b2a198716393f37:1:3840778013,10,1.0,0,0,0,0,0,0,512,0,0,512,0,0,382,0,0,130,0,0,512,1.022870659828186,92.95394134521484,0,0
1244,A,1244,0.0008349698618985713,0.07701846957206726,nan,nan,512,0,0.0008349698618985713,0.07701846957206726,all_rows,512,0,0.012365620583295822,0.069921875,-0.004811894102022052,0.002954934921581298,0.14248127699829638,9959831dc86a669f041e557f7f2a9ada:0:0,e06a66eaaa844426f32dda2ce269fd2c:0:0,227272e664982f873d092e2d77c93153:0:0,b3b99ee91c5862603255949f4251dd0e:0:2808471707,4d66a00f770135f0ac5d49aec0b58fc4:1:2537987111,10,1.0,0,0,0,0,0,0,512,0,0,512,0,0,361,0,0,151,0,0,512,1.0865161418914795,92.4119873046875,0,0
1245,A,1245,-0.007132858037948608,0.08470374345779419,nan,nan,512,0,-0.007132858037948608,0.08470374345779419,all_rows,512,0,0.01624622568488121,0.1236328125,0.005292336829006672,0.0035740192979574203,0.10257783497218043,fc969666277286f3c40b4197c28766da:0:0,6cd009959cd2488152d9f0742add9e44:0:0,26c87371cf59a872ec48fa47d99ab29e:0:0,ea7b64230376aaf43bb7e8234f4b7a0e:0:1931673619,68e959edc751f7e28322202604632d23:0:3434524794,10,1.0,0,0,0,0,0,0,512,0,0,512,0,0,376,0,0,136,0,0,512,1.1185321807861328,93.9186782836914,0,0
1246,A,1246,0.006898845080286264,0.08272740989923477,nan,nan,512,0,0.006898845080286264,0.08272740989923477,all_rows,512,0,0.010526789352297783,0.1298828125,0.006187357334420085,0.0034112904453650118,0.10547204199247062,31dd98768951899d4bf2d57e6d2432da:0:0,1544a32a381698941b294be91e450ab5:0:0,91a045634576d6993b997a8ecee6b911:0:0,74bd8c96f27563020f3049720fc1170e:0:3986923619,e8c61aee435f915be886bb08c1216b2f:0:271088032,10,1.0,0,0,0,0,0,0,512,0,0,512,0,0,368,0,0,144,0,0,512,1.151350736618042,92.12030029296875,0,0
1247,A,1247,-0.011760039255023003,0.0771985650062561,nan,nan,512,0,-0.011760039255023003,0.0771985650062561,all_rows,512,0,0.004012288060039282,0.1005859375,-0.0020860851043835284,0.0029616622836329044,0.10692826705053449,6a75f9cf9a079a8b21f2b37f7f00feda:0:0,9f3a139b590d066aa71ec7e98c6d23b7:0:0,ae1f886563d2d8e654e949d87ad2e3ef:0:0,8f015cfbfbd9f72b27c27fcad3b2b40e:0:621635684,48969cb16078b194415a0f5ef8e0dbf1:1:446251635,10,1.0,0,0,0,0,0,0,512,0,0,512,0,0,365,0,0,147,0,0,512,1.1403919458389282,90.88360595703125,0,0
1248,A,1248,-0.001525876927189529,0.0787983164191246,nan,nan,512,0,-0.001525876927189529,0.0787983164191246,all_rows,512,0,0.004048856906592846,0.1052734375,0.0012652508448809385,0.003111276379786432,0.10329123097471893,ce26335e63a73991d0b7bde6f81dcada:0:0,a6b5d58ae74b72f26653e93b43a85394:0:0,9aa6c110c76581cb2d5b032443d31684:0:0,222d17c58045feddd1f9bc2ceb20510e:0:3555972267,c08eb4293db2c81365e370e6d9822f8f:1:3301958704,10,1.0,0,0,0,0,0,0,512,0,0,512,0,0,366,0,0,146,0,0,512,1.1581209897994995,90.95901489257812,0,0
1249,A,1249,0.008179660886526108,0.08474492281675339,nan,nan,512,0,0.008179660886526108,0.08474492281675339,all_rows,512,0,0.01435327809303999,0.0560546875,-0.0003438716754317284,0.0036058737081475557,0.10365520801860839,f2cfa8dacfcddc82b37e1700d87a96da:0:0,ca408eefef241babe901eb0a74cf46c5:0:0,2f2e37be0349a38a13404318ee58a531:0:0,1efcccf7d2d16294dd759957a609ee0e:0:898044587,27975b064c95f308ca719e696d638906:0:125236066,10,1.0,0,0,0,0,0,0,512,0,0,512,0,0,365,0,0,147,0,0,512,1.1560938358306885,91.0521469116211,0,0
1250,A,1250,-0.0037398687563836575,0.07943591475486755,nan,nan,512,0,-0.0037398687563836575,0.07943591475486755,all_rows,512,0,0.007611382752656937,0.10234375,-0.0034540848806500434,0.0031109128729440274,0.10185010998975486,37c015171a844883c2112119201762da:0:0,b4e44c0d903c9fcfe07e78584cdf1426:0:0,be48ac441c238499db9afcec6eb45bcb:0:0,bb1cc931571fd7000a771bca546f8b0e:0:1273761217,22a56207e3543530370f3fcd3257b01b:0:722840157,10,1.0,0,0,0,0,0,0,512,0,0,512,0,0,367,0,0,145,0,0,512,1.1354284286499023,92.7362060546875,0,0
1251,A,1251,0.004859716631472111,0.07881723344326019,nan,nan,512,0,0.004859716631472111,0.07881723344326019,all_rows,512,0,0.003708719741553068,0.062109375,-0.003526235348545015,0.003081490681506693,0.09979466500226408,49e30f06f3d2a2a75ccb7e7bcef42eda:0:0,aff226fefc0b9e15c89e1028ce1dc03f:0:0,58d32b9198c010899ad5820e6b92d82b:0:0,2c7c03cceb483365336db1c44651280e:0:1835262518,f874447a175ac1d49a3d29fd35491e09:0:2300950044,10,1.0,0,0,0,0,0,0,512,0,0,512,0,0,372,0,0,140,0,0,512,1.114611029624939,93.97794342041016,0,0
1252,A,1252,0.0005641936440952122,0.07415033131837845,nan,nan,512,0,0.0005641936440952122,0.07415033131837845,all_rows,512,0,0.0024820752441883087,0.033203125,0.0009364203549921512,0.0027420928119681774,0.13604418002068996,3b65ce244d5437c418971174e510fada:0:0,cbcadb1e03b2155e5d8be991d7e88712:0:0,2383b3e50ea8caedc6ea68ca59ce5b4e:0:0,90059287d4c1e98a32843344cbaec50e:0:838267592,7deb19a3adab412bd366e422c4c337b3:1:3536907569,10,1.0,0,0,0,0,0,0,512,0,0,512,0,0,376,0,0,136,0,0,512,1.1647056341171265,93.470703125,0,0
1253,A,1253,-0.006196079310029745,0.07917087525129318,nan,nan,512,0,-0.006196079310029745,0.07917087525129318,all_rows,512,0,0.0037211549933999777,0.1140625,-0.007116226572543382,0.003129107877612114,0.10792609094642103,0059b8b71116fb8c8aecfc50626dc6da:0:0,3310b1bbbfeaf21555a8be9039eaf414:0:0,ab678f4d5f078dda79d251291277fc6c:0:0,2acf53b949aaa577832de20b3488620e:0:3731519660,ef2128d71dec44e12f6e82cfd2f1d236:1:167068441,10,1.0,0,0,0,0,0,0,512,0,0,512,0,0,371,0,0,141,0,0,512,1.1685646772384644,93.24542236328125,0,0
1254,A,1254,-0.0007088007405400276,0.08121012151241302,nan,nan,512,0,-0.0007088007405400276,0.08121012151241302,all_rows,512,0,0.021101485937833786,0.0787109375,-0.00286380504257977,0.0032644944731146097,0.1009287079796195,d1af76643f12bee715d5a15a470a92da:0:0,a139639accc2ce5b6f2e30137411c44e:0:0,86942ef2501f9b0719c4c96a7e692347:0:0,8dbc68e80ed3db639fb36996d0ddff0e:0:3686909069,9e6fb2fa4d1ac298dec1dc2f0b8bbc08:1:2861376253,10,1.0,0,0,0,0,0,0,512,0,0,512,0,0,387,0,0,125,0,0,512,1.157249093055725,93.83995056152344,0,0
1255,A,1255,0.0005329299019649625,0.07661958038806915,nan,nan,512,0,0.0005329299019649625,0.07661958038806915,all_rows,512,0,0.007790003903210163,0.1072265625,0.0035637781955301763,0.0029275177512317896,0.11069471796508878,f7c43d482e841d85b3e8a2de92e75eda:0:0,9448b2af707067582a8e0d7f2d3f2161:0:0,9cf575ba1db865edd59c8d6b993e948f:0:0,3403cc5f7f25ca171abfdf26f0af9c0e:0:2965992928,2c472537abeab4715a803b9aa2fd82a0:0:3660503267,10,1.0,0,0,0,0,0,0,512,0,0,512,0,0,362,0,0,150,0,0,512,1.1023900508880615,93.15733337402344,0,0
1256,A,1256,0.008022326044738293,0.08094527572393417,nan,nan,512,0,0.008022326044738293,0.08094527572393417,all_rows,512,0,0.01674020104110241,0.0369140625,3.226739354431629e-05,0.0032451625331304966,0.14567320607602596,d4edd7bef07722bdc44ce32946042ada:0:0,1cea4fcb5ad656575f96c361ec61a107:0:0,8508b7501bdcbed0c5197012b2b401ab:0:0,e9cb9f4caa03381974edc1bae3fd390e:0:1234681234,ef870d692fd9a1e4b8dda2f0f062a38e:0:3948278587,10,1.0,0,0,0,0,0,0,512,0,0,512,0,0,360,0,0,152,0,0,512,1.0560232400894165,94.26377868652344,0,0
1257,A,1257,-0.004444490186870098,0.08240708708763123,nan,nan,512,0,-0.004444490186870098,0.08240708708763123,all_rows,512,0,0.001412827055901289,0.080859375,-0.006892376625910401,0.0033919036854058505,0.13642291398718953,be3774dd10cda59fd6b884866060f6da:0:0,dbb88d1789149f3a529391e8537a149b:0:0,21a3e90af2a79ece329fe3c4eba9dbfc:0:0,2c036ce20c76f1f6ae53fa11fac6d60e:0:4279257618,978e32bba5a66bcb9e9b760e16eaa49c:0:2912577146,10,1.0,0,0,0,0,0,0,512,0,0,512,0,0,369,0,0,143,0,0,512,1.044585108757019,92.88207244873047,0,0
1258,A,1258,-0.0021824706345796585,0.07991039007902145,nan,nan,512,0,-0.0021824706345796585,0.07991039007902145,all_rows,512,0,0.0030232297722250223,0.03984375,0.0005253004375845194,0.0031696891877800227,0.13856362691149116,4c19b57a330d5c4f7770e941e1fdc2da:0:0,1d0d319a92e5275bb7b530f8b404373b:0:0,39fe7dd531265aaf29341a0807ca4d1e:0:0,80a28400bc11cfed9412daab850c730e:0:958250211,7f9a9b58d89251991654e0984f84795a:0:774656390,10,1.0,0,0,0,0,0,0,512,0,0,512,0,0,353,0,0,159,0,0,512,1.0451407432556152,93.34442901611328,0,0
1259,A,1259,0.00188342051114887,0.08481792360544205,nan,nan,512,0,0.00188342051114887,0.08481792360544205,all_rows,512,0,0.009073546156287193,0.058984375,-0.0020780895836651327,0.0036010094569064676,0.14068442303687334,55a3938e4841a69afb4ab3a7cada8eda:0:0,7e4d595c47887e63a3b057f2d8bbfd49:0:0,6b45d4dc80974a9bc1167faea343c1c6:0:0,fad0fdecaa7dc956c9e11fc6d2ce100e:0:3435628713,ad54db139132abda19319d312aade153:0:3294065641,10,1.0,0,0,0,0,0,0,512,0,0,512,0,0,379,0,0,133,0,0,512,1.045708417892456,92.61485290527344,0,0
1260,A,1260,-0.003334702691063285,0.08013411611318588,nan,nan,512,0,-0.003334702691063285,0.08013411611318588,all_rows,512,0,0.006659816950559616,0.0734375,-0.0012787073384970427,0.0031922618043608965,0.1450925760436803,c587b9815b3d0fd34ba9c6041af75ada:0:0,4dd3a82f68066198d3183393a1cd8c7b:0:0,fe9df4cf627b1c9c3c210fd1a34452de:0:0,890ca79af5e85c148f98ef63340bad0e:0:1886977094,99dac0f53558f0b4c375501fc7522b80:1:2882022252,10,1.0,0,0,0,0,0,0,512,0,0,512,0,0,362,0,0,150,0,0,512,0.9926081895828247,93.53466033935547,1,0
1261,A,1261,-0.005840430036187172,0.08161713182926178,nan,nan,512,0,-0.005840430036187172,0.08161713182926178,all_rows,512,0,0.009696259163320065,0.026953125,-0.0005763481836766005,0.003057348367292434,0.1482229019748047,f112a2ed308687e3b28142a2d25426da:0:0,e2e22a7878872a8e411d493d37789c5d:0:0,a0394314e78b605a5fee52e479651301:0:0,00eeb63104844e5b42c4d93ff8c54a0e:0:1110077198,1c3e89ad05cfd2522b2ff248b6bc103c:1:3698205431,10,1.0,0,0,0,0,0,0,512,0,0,512,0,0,357,0,0,155,0,0,512,0.9639852643013,94.322998046875,5,0
1262,A,1262,-0.00037861306918784976,0.0830923542380333,nan,nan,512,0,-0.00037861306918784976,0.0830923542380333,all_rows,512,0,0.004713559988886118,0.0677734375,0.0018199593294411897,0.003388163156341761,0.10316698101814836,1471702f373e53a9a6538bcff0f0f2da:0:0,e115f02f1637f42251b48aaee23da1bb:0:0,dd08b07d9dba683a3f27217921f057e0:0:0,4891304d708091229c2cd6dc70fae70e:0:2643146031,4fbe08fdf5329aebfa3f76f424ef8fa4:1:2729047728,10,1.0,0,0,0,0,0,0,512,0,0,512,0,0,359,0,0,153,0,0,512,1.0079902410507202,93.23175048828125,0,0
1263,A,1263,0.0022936866153031588,0.07502205669879913,nan,nan,512,0,0.0022936866153031588,0.07502205669879913,all_rows,512,0,0.007107618264853954,0.0744140625,-0.0030337399803102016,0.0028123522642999887,0.10636999702546746,1d27b2088846b48c963243d776cdbeda:0:0,414565734d04f17862bd0dca871d9cfe:0:0,36f6ce2b4b7094b3bd67ce85910abdb2:0:0,b50dceac8defc98fa9634b77ecac840e:0:786106906,a0bef359f5daa87a9eccc93ebb1f0e81:0:1733215654,10,1.0,0,0,0,0,0,0,512,0,0,512,0,0,372,0,0,140,0,0,512,1.0146245956420898,92.67705535888672,0,0
1264,A,1264,0.0056373970583081245,0.08057963848114014,nan,nan,512,0,0.0056373970583081245,0.08057963848114014,all_rows,512,0,0.0075707025825977325,0.0755859375,-0.0038492734543979167,0.0032458924222737552,0.11174466297961771,025b9a68f0fc4755b5be4d0563ea8ada:0:0,e605eaa6f22b89c7f95b05eaf8fbc1a0:0:0,fb03680c37102938a55f7d4cb5742873:0:0,86e3a1a59539c7a782520411bbda210e:0:393343828,04e29b6b0489a7b46f0d16c3c6749ed0:1:905430740,10,1.0,0,0,0,0,0,0,512,0,0,512,0,0,370,0,0,142,0,0,512,0.986487865447998,92.91816711425781,4,0
1265,A,1265,-0.005597731098532677,0.0787588506937027,nan,nan,512,0,-0.005597731098532677,0.0787588506937027,all_rows,512,0,0.006478697527199984,0.0640625,-0.0006144795566797257,0.0031028373050503433,0.10120722802821547,99fbf36146ca1a47c927c9a5b84756da:0:0,38329571887bac402cccf6456e1626af:0:0,e06c5ec5c5f5792effa343f0c8fa393b:0:0,53122fd73acdf09abac737692e83be0e:0:3840495261,67735335c1cc5d4d8a66e0d669c49468:1:73700086,10,1.0,0,0,0,0,0,0,512,0,0,512,0,0,366,0,0,146,0,0,512,0.9969620704650879,92.36129760742188,1,0
1266,A,1266,0.0001158248633146286,0.08578736335039139,nan,nan,512,0,0.0001158248633146286,0.08578736335039139,all_rows,512,0,0.005751884542405605,0.079296875,-0.005024233786389232,0.0036795628489926457,0.1001525140600279,28f1fd1880e57a76f12e1c0473e422da:0:0,5548e21b8b2b29aaa2d64571e8a7fed9:0:0,8a1e9243f2bbc159d5a0233c127e4f88:0:0,db1a7f1eb7eb62f9900285fd94a95b0e:0:1676381325,d4a1322d1bdaed96031363d2aa5b1539:1:2458910092,10,1.0,0,0,0,0,0,0,512,0,0,512,0,0,387,0,0,125,0,0,512,1.0146440267562866,93.02366638183594,0,0
1267,A,1267,0.009277496486902237,0.0811891183257103,nan,nan,512,0,0.009277496486902237,0.0811891183257103,all_rows,512,0,0.016697684302926064,0.0396484375,0.00024105818010866642,0.003293493133969605,0.10495318903122097,e2d2df7e557d7860771fe66d96c0eeda:0:0,8fa4c45269a3edf433706de0d47228dc:0:0,94966ad4a57547247d09ec181e3c2b8e:0:0,5f28559f00715b20d241fa0e3e4af80e:0:2001100058,ca8af00f6df176c829c1bc0af506ee3d:1:3540084285,10,1.0,0,0,0,0,0,0,512,0,0,512,0,0,380,0,0,132,0,0,512,1.0235811471939087,91.95271301269531,0,0
1268,A,1268,0.001432660035789013,0.08074133843183517,nan,nan,512,0,0.001432660035789013,0.08074133843183517,all_rows,512,0,0.0073361461982131,0.0607421875,-0.0005989800207316876,0.003254957764875144,0.1189314010553062,3218b45557aa23c298db0b2d20ddbada:0:0,faa21cc76d4eede707b75100b192505a:0:0,feb8a357f8456537cf7057e87ac4d565:0:0,be15172b16c81e2f8a4f079a7b68950e:0:560126785,565b14a496cba3030b11aba1e77354be:1:3351112426,10,1.0,0,0,0,0,0,0,512,0,0,512,0,0,371,0,0,141,0,0,512,1.0514781475067139,89.86483764648438,0,0
1269,A,1269,0.004609152674674988,0.08036340773105621,nan,nan,512,0,0.004609152674674988,0.08036340773105621,all_rows,512,0,0.011991798877716064,0.0625,-0.00031905686482787133,0.003215212351642549,0.10873046307824552,fc12520dd3677eb454ccac8f123a86da:0:0,455b3bd584fabf3740c4fb26d814abc8:0:0,874f6f429e0d57081468c58323bec1f3:0:0,1b8c5dd2211071d55b0b8c619c02320e:0:1828855622,e504dd5e10d924cb25ae70c07b32947f:0:1431752501,10,1.0,0,0,0,0,0,0,512,0,0,512,0,0,377,0,0,135,0,0,512,1.0491337776184082,90.55644226074219,0,0
1270,A,1270,-0.007373059634119272,0.08444952219724655,nan,nan,512,0,-0.007373059634119272,0.08444952219724655,all_rows,512,0,0.010118024423718452,0.0689453125,-0.0034251357079483568,0.0035731739364564417,0.10183633607812226,2ab2efc9e4e827fd35f12cdf6ad752da:0:0,b3df51ebf0373b6986df439a075f226f:0:0,fdd9936fb9e3324d116475e2bdad4af2:0:0,a700849211e567499efecfe2f017cf0e:0:3094411604,42db62eaaacc4893e0077c4c3c1517dd:0:1598989020,10,1.0,0,0,0,0,0,0,512,0,0,512,0,0,376,0,0,136,0,0,512,1.0437906980514526,89.61173248291016,0,0
1271,A,1271,-0.000467532139737159,0.07760056853294373,nan,nan,512,0,-0.000467532139737159,0.07760056853294373,all_rows,512,0,0.005526204127818346,0.10234375,0.0037425665184855463,0.0030108845210634174,0.10343899193685502,a17776c2888bbcad1fd42e6a2ab41eda:0:0,d00e9c3b8a7ee2fb8bcc015c548154da:0:0,062d51b7708feaa9a2180a8bcf06fbd2:0:0,7697db526319ffbb41e2835dc7a96c0e:0:629448105,e6e2c4eb6f59dad04738c26831df381d:0:3976413615,10,1.0,0,0,0,0,0,0,512,0,0,512,0,0,366,0,0,146,0,0,512,1.0024224519729614,90.42312622070312,0,0
1272,A,1272,-0.008380786515772343,0.07883654534816742,nan,nan,512,0,-0.008380786515772343,0.07883654534816742,all_rows,512,0,0.0037327834870666265,0.0361328125,-0.0021989759989082813,0.0030542397871613503,0.10101508302614093,68f6dd24a0c4f0f41a90937b51d0eada:0:0,7618b43f5a4ae4c6073d47ae74effb4b:0:0,cc930996ef73b82567423b397154e58d:0:0,586c7d3789f9f089562fc1d172b7090e:0:1004936249,6bd1f3024d3ab3c1db6500fbbf0c6479:1:2377510444,10,1.0,0,0,0,0,0,0,512,0,0,512,0,0,360,0,0,152,0,0,512,0.9805677533149719,89.68975830078125,4,0
1273,A,1273,3.240373916924e-05,0.07783737033605576,nan,nan,512,0,3.240373916924e-05,0.07783737033605576,all_rows,512,0,0.006995014846324921,0.0845703125,-0.005822181142866612,0.0029997598845511674,0.13826789206359535,55a53a5c2f3b603a1ed07e5ee02db6da:0:0,1d72b1cb41f7eab19ec906688b0ccdc5:0:0,022fcd530443d83d1fd5b2c77ba08fb0:0:0,dd20701d72b28d9466ac0ffd4140a60e:0:419414119,3be94b0b1aa931a5b04ec9eaec532a44:1:1871064734,10,1.0,0,0,0,0,0,0,512,0,0,512,0,0,381,0,0,131,0,0,512,0.9797621369361877,89.49922943115234,1,0
1274,A,1274,0.009428305551409721,0.07878405600786209,nan,nan,512,0,0.009428305551409721,0.07878405600786209,all_rows,512,0,0.003838249482214451,0.087109375,-0.0045268706977367405,0.0030967513215728105,0.10375606804154813,c11664a33e751476e1cd5160d5ca82da:0:0,5d4269595316ac1feae7f5a14f5f3363:0:0,58a5ddc4338b7bd32ed032cc64bca598:0:0,d782c78f73a69ff883f65c608346430e:0:2766110599,301107e657a513066e9c5b224b9a232e:1:42330325,10,1.0,0,0,0,0,0,0,512,0,0,512,0,0,351,0,0,161,0,0,512,0.9649396538734436,90.1061019897461,3,0
1275,A,1275,-0.0008951255003921688,0.06910277903079987,nan,nan,512,0,-0.0008951255003921688,0.06910277903079987,all_rows,512,0,0.011412243358790874,0.0564453125,-0.0023597352905198933,0.0023830063873901963,0.10935505607631058,20e4d3893953c4c9a14faecd32a74eda:0:0,f3a68505c7720115faf1fc62966cd446:0:0,4d90b50ada3b0dd902fa5b43bccff0e2:0:0,220b48e2c98daf800e13ff3a88c7e00e:0:2385254583,eea9ced28e359b735fd8186b7b433766:1:775608126,10,1.0,0,0,0,0,0,0,512,0,0,512,0,0,355,0,0,157,0,0,512,0.9791427850723267,89.4021987915039,2,0
1276,A,1276,-0.0037918216548860073,0.07454866170883179,nan,nan,512,0,-0.0037918216548860073,0.07454866170883179,all_rows,512,0,0.00618749437853694,0.058984375,-0.0013303217943757772,0.0027764976141043006,0.10713930998463184,628c3b06adb1cb50efaf78eff6c41ada:0:0,17b25c42253654cd27822350230475d5:0:0,6e7d1aea930eddfd30e732d624a907b9:0:0,1fe01b29ca5d051f39fdba8aa1c57d0e:0:575421251,25a3ba270028e9337d23c01537809c68:1:2913747005,10,1.0,0,0,0,0,0,0,512,0,0,512,0,0,381,0,0,131,0,0,512,0.9697071313858032,89.96620178222656,2,0
1277,A,1277,-0.002900833962485194,0.08589304983615875,nan,nan,512,0,-0.002900833962485194,0.08589304983615875,all_rows,512,0,0.004028237424790859,0.03125,-0.00015775947831571103,0.003686672821640968,0.10366491903550923,ff44d690b76ad2427fd3d2152220e6da:0:0,9fdc32c09ef620d80d0a171b6ba1c921:0:0,ca826430c8a1ea4b5097e1e400e9bd6e:0:0,98a14e8597166cc8532cba101e3f1a0e:0:1445242331,2e029a3bcb41a2f4e62323f71c5d4840:0:1452868663,10,1.0,0,0,0,0,0,0,512,0,0,512,0,0,394,0,0,118,0,0,512,0.9659443497657776,89.89691925048828,2,0
1278,A,1278,0.00012631586287170649,0.08284106850624084,nan,nan,512,0,0.00012631586287170649,0.08284106850624084,all_rows,512,0,0.0060815997421741486,0.10234375,-0.0039949540980160235,0.003431189642287791,0.10321624693460763,bd7cab7e911c3842f1331c88b4bdb2da:0:0,3b4103d81ca5e6ef54898401d5f8b0e8:0:0,f8af97878f2e408585c26ef7da3d2912:0:0,43eab4e62bb67ce8b927934a4e34b70e:0:3420912333,c56f52b28ba629111797a46fe266a26f:1:2070852832,10,1.0,0,0,0,0,0,0,512,0,0,512,0,0,370,0,0,142,0,0,512,0.9407705068588257,90.76412200927734,5,0
1279,A,1279,0.007955469191074371,0.08396710455417633,nan,nan,512,0,0.007955469191074371,0.08396710455417633,all_rows,512,0,0.0037290817126631737,0.0880859375,-0.005328833195380867,0.003466501901857555,0.10249410406686366,162f25f307e92bfd9bd2fa96ae9a7eda:0:0,6a8259751359bc39bc11b066e24e5d6c:0:0,3dad66694be165d5e16dea645b8b5ae4:0:0,c78d2c894099e9de990f457881a6540e:0:888725663,488b62c449953eeec5aa18ce6b493084:1:60465992,10,1.0,0,0,0,0,0,0,512,0,0,512,0,0,368,0,0,144,0,0,512,0.940545916557312,89.71144104003906,4,0
1280,A,1280,0.0035620317794382572,0.0786181315779686,nan,nan,512,0,0.0035620317794382572,0.0786181315779686,all_rows,512,0,0.008650043979287148,0.0462890625,0.002747566788457334,0.003095161134842783,0.10279529204126447,3a515b5acf8e7efc5c484e8b0fb74ada:0:0,9de4cf9b23a68a1752f4917dc3fce169:0:0,de3377c3cdd89fbd363ad3c088827685:0:0,f479f47b81cf2bb7632c399a0893f10e:0:3131993868,b98197d77f27c93044b1101cfbdb3e95:0:523113459,10,1.0,0,0,0,0,0,0,512,0,0,512,0,0,367,0,0,145,0,0,512,0.9278783798217773,90.01130676269531,6,0
1281,A,1281,-0.061461109668016434,0.09639611840248108,nan,nan,512,0,-0.061461109668016434,0.09639611840248108,all_rows,512,0,0.006106941029429436,0.1087890625,-0.0007583051919937134,0.004129353223834187,0.10044097492936999,c711f16ff4122fbf5fb73ab1d81416da:0:0,12b72e15bcd94408ba3c1e74f0dd9ca7:0:0,eda95c94b16c10dfd36567cec0414613:0:0,dce717012ee77c86fc7b426e32fd8e0e:0:950722104,1bd85189ac29a45432ff28b0699b3f76:0:2292489700,10,1.0,0,0,0,0,0,0,512,0,0,512,0,0,363,0,0,149,0,0,512,0.9360028505325317,88.88385772705078,6,0
1282,A,1282,-0.004764929413795471,0.08399207890033722,nan,nan,512,0,-0.004764929413795471,0.08399207890033722,all_rows,512,0,0.010478794574737549,0.1251953125,-0.0016690350836142897,0.0034685594378970563,0.11016368691343814,5e072891e65aab14efd3215707b0e2da:0:0,22edde5c4ce0d308515eb9d31411c3cc:0:0,350e5797ad9c80b1ded16101ce13a50c:0:0,f6dadf1740f7f5a7ac3a9c7450e32b0e:0:3607239448,7f10509f9da869c3295006a1b01b0fe8:0:1533463638,10,1.0,0,0,0,0,0,0,512,0,0,512,0,0,371,0,0,141,0,0,512,0.9661434292793274,89.15499877929688,1,0
1283,A,1283,-0.0021067969501018524,0.08511754870414734,nan,nan,512,0,-0.0021067969501018524,0.08511754870414734,all_rows,512,0,0.009999668225646019,0.069921875,-0.0027781948912888764,0.003607057163026184,0.10997100989334285,97d3d420e0f9c4b13edea4c69e8daeda:0:0,1c74945526610984026134b7379e08db:0:0,7aa44c649eb4966d73f24ad0e7bbf380:0:0,51327730bc995232c576edebb244c80e:0:3651389764,e4a7805b432a7ee9222e3032a320ca34:1:1155020016,10,1.0,0,0,0,0,0,0,512,0,0,512,0,0,387,0,0,125,0,0,512,0.9735220074653625,88.9383544921875,1,0
1284,A,1284,-0.008641724474728107,0.08521861582994461,nan,nan,512,0,-0.008641724474728107,0.08521861582994461,all_rows,512,0,0.004391097463667393,0.092578125,-0.005680883198510856,0.0036303339409641923,0.10739596607163548,2b8d236aa277670633aba74c9caa7ada:0:0,2cde86f5340e2f32b3ed0b77a11ce287:0:0,091496124c3b09b8aaf32b8b138530c2:0:0,5bdf51e8dad29d020c9846d3a722650e:0:3286249821,e0abe6b6564d1589c7935e50ddf81ed6:1:951641739,10,1.0,0,0,0,0,0,0,512,0,0,512,0,0,386,0,0,126,0,0,512,0.9776317477226257,88.43020629882812,4,0
1285,A,1285,-0.007416038773953915,0.07735657691955566,nan,nan,512,0,-0.007416038773953915,0.07735657691955566,all_rows,512,0,0.005410678219050169,0.089453125,-0.00503813506802544,0.0029769704560749233,0.10608153801877052,b27f0195ba67fa5b359b4b35020746da:0:0,f4988902b016942f16f2d2be714497c2:0:0,3945f78a3f04b5ed73c33397902acfde:0:0,e31f439635f8d089d8ef20eb7f7c020e:0:4033051978,1b29f39a2bcaf25a6e98c88ce9e04a2a:1:3252077804,10,1.0,0,0,0,0,0,0,512,0,0,512,0,0,365,0,0,147,0,0,512,0.9799284934997559,89.15800476074219,1,0
1286,A,1286,0.00012511468958109617,0.07750394195318222,nan,nan,512,0,0.00012511468958109617,0.07750394195318222,all_rows,512,0,0.01602046936750412,0.1015625,-0.005213288264349103,0.0030028105364181103,0.10273722698912024,2e1382d7e69a8324f89df2cbcea412da:0:0,8d923d321f834fdef5037faa4ef882e3:0:0,0adb2a9266aa431ec40e635acd5e013a:0:0,be58f77926ab2edbf2415fb28b519f0e:0:1368873973,c0b704ca2b0a046ad0646d9c7fc83cbe:1:1767265474,10,1.0,0,0,0,0,0,0,512,0,0,512,0,0,378,0,0,134,0,0,512,0.9977281093597412,88.48291015625,2,0
1287,A,1287,-0.0016268857289105654,0.07921634614467621,nan,nan,512,0,-0.0016268857289105654,0.07921634614467621,all_rows,512,0,0.00765684200450778,0.1169921875,-0.001660132606048137,0.003134964208584279,0.10277203796431422,6bdb51233daa779d4933405d0280deda:0:0,29353dd76206a1f25e5166b97f794183:0:0,a51568622133dec822a1191f07a6159e:0:0,2623b6a3f931d8232a5750681aa33c0e:0:377895539,37ce93bdcebaabb66e976f2ce743f4a1:0:4172991183,10,1.0,0,0,0,0,0,0,512,0,0,512,0,0,359,0,0,153,0,0,512,0.9887253642082214,89.7475814819336,1,0
1288,A,1288,3.4965574741363525e-05,0.07955106347799301,nan,nan,512,0,3.4965574741363525e-05,0.07955106347799301,all_rows,512,0,0.0025394470430910587,0.0642578125,-4.624007269740105e-05,0.003128545673098415,0.1041785110719502,9941525524414c9ad86a16349d9daada:0:0,1f04617942911ff42d4466c2fd2f254b:0:0,73003905a4a52ee5ba0aeab43cbf788f:0:0,be4da3b29ca1e5e7b288aa0b7d70d90e:0:326353826,a387b365b848ce899911f486f19b51a9:1:3813266335,10,1.0,0,0,0,0,0,0,512,0,0,512,0,0,389,0,0,123,0,0,512,0.968475341796875,90.65335083007812,4,0
1289,A,1289,0.001471573836170137,0.07917683571577072,nan,nan,512,0,0.001471573836170137,0.07917683571577072,all_rows,512,0,0.0021147693041712046,0.059765625,-0.004874388873577118,0.00312699475325644,0.10460084793157876,d492d5d14a53b9a907e0969e9ffa76da:0:0,88748108bf1bb5428561b893a6d2ee58:0:0,6584e9aadde7e3993620af42c8df633d:0:0,0b0346ece348116c2d498d5c03ba760e:0:2308092652,012c014c2eb82f222d1119606f678398:0:742201388,10,1.0,0,0,0,0,0,0,512,0,0,512,0,0,363,0,0,149,0,0,512,0.9714139699935913,90.57768249511719,5,0
1290,A,1290,3.694076440297067e-05,0.07613123208284378,nan,nan,512,0,3.694076440297067e-05,0.07613123208284378,all_rows,512,0,0.0016662159468978643,0.076953125,-0.003281605150550604,0.0028923929552547635,0.11664825095795095,52f777522da6b45fb5c423e7099742da:0:0,090f6ce8208444b8e0153a03a59345a9:0:0,72e0159cfe962caed665433f2dd642d1:0:0,9600847e5ef8ab737bb784d8fd80130e:0:891012547,0e0375c5963039d3774b89b353ae97bb:0:254353294,10,1.0,0,0,0,0,0,0,512,0,0,512,0,0,386,0,0,126,0,0,512,0.9558401107788086,90.15005493164062,4,0
1291,A,1291,0.003914054483175278,0.07785066217184067,nan,nan,512,0,0.003914054483175278,0.07785066217184067,all_rows,512,0,0.0028903824277222157,0.0861328125,0.001217632123734802,0.003026548749767244,0.12488232599571347,d1f89097dee822fb08d16059da740eda:0:0,4dc6f0635284f59bb07ff1773532c03a:0:0,d67283d9b479545a52524da2ff14d7af:0:0,c5fd240554016bbf472684c1bac1b00e:0:3496114016,bb198f3a35a92474b278d112dd08880e:0:2023989894,10,1.0,0,0,0,0,0,0,512,0,0,512,0,0,375,0,0,137,0,0,512,0.9380201697349548,90.55184173583984,7,0
1292,A,1292,0.0008644935442134738,0.07613576203584671,nan,nan,512,0,0.0008644935442134738,0.07613576203584671,all_rows,512,0,0.0019036520970985293,0.036328125,-0.002376477513462305,0.0028776913764886557,0.12659497500862926,868f8b7d06a746333c542e431290dada:0:0,d1047c97e6a9ca8f3bcef3ca3da13b05:0:0,8c58e0741ba5ae79ead42fc1d958cf05:0:0,2ec287d32a975e9746adeb158b7f4d0e:0:1932332525,c6e9b9639daeac2d7ff8a8ed4fae7d73:0:2294769920,10,1.0,0,0,0,0,0,0,512,0,0,512,0,0,364,0,0,148,0,0,512,0.9350911974906921,90.82929229736328,8,0
1293,A,1293,0.0008482721168547869,0.07958167791366577,nan,nan,512,0,0.0008482721168547869,0.07958167791366577,all_rows,512,0,0.009094861336052418,0.046875,-0.0032727856189012526,0.0031575762550346553,0.13959876203443855,9a9ca9d96778da546c27afeeb1eda6da:0:0,c271aff5708d3d88e835127db562e914:0:0,d377a5e8004a1ae03189f1ef5cde3924:0:0,e00efcd030b8f6a940b57f93bfb8ea0e:0:3145941903,74ec3d83779dffd11a78632f4def322e:0:3549851643,10,1.0,0,0,0,0,0,0,512,0,0,512,0,0,376,0,0,136,0,0,512,0.9527226686477661,90.99651336669922,3,0
1294,A,1294,0.00019929755944758654,0.08082818239927292,nan,nan,512,0,0.00019929755944758654,0.08082818239927292,all_rows,512,0,0.005739201325923204,0.0603515625,-0.000634171674028039,0.0032671271590515973,0.11736835492774844,9364e8785a92ef9660b647a8b88a72da:0:0,c5cddf9538e2136f91bf3fb6ef354089:0:0,f678d7457c5a033cde7df213b8d08d30:0:0,98046406659a0991c88273bba76e870e:0:4144747066,3ad865bcce053c9b5e0b7674bda018c0:0:2439877452,10,1.0,0,0,0,0,0,0,512,0,0,512,0,0,378,0,0,134,0,0,512,1.033111810684204,91.35492706298828,0,0
1295,A,1295,-0.014765532687306404,0.07895214855670929,nan,nan,512,0,-0.014765532687306404,0.07895214855670929,all_rows,512,0,0.007189867552369833,0.066015625,-0.0011866678949445486,0.003115301427897066,0.10395667504053563,b7857e49042c79b45af997bd26673eda:0:0,70cc42ffe3ab65a8f1d69ecad5e9dac1:0:0,0d25ba3997f25b08b73f5ee483beef01:0:0,9f60665f6bcd3d5db7c462cc92a0240e:0:670226994,5d21f420580ffadb44bcc0f7df7cb18c:0:3868634675,10,1.0,0,0,0,0,0,0,512,0,0,512,0,0,381,0,0,131,0,0,512,1.0441497564315796,91.20603942871094,0,0
1296,A,1296,0.009044509381055832,0.0789547711610794,nan,nan,512,0,0.009044509381055832,0.0789547711610794,all_rows,512,0,0.004588027950376272,0.1287109375,-0.008168111462146044,0.003073857876006514,0.1070413599954918,bfee20cd3cec96c4e07a8277fb840ada:0:0,c92082aff962acdd3263326cba64a3bf:0:0,f393a0219633f8ed8f56e9b97740d247:0:0,3085c41ca07c2d54642251c5d14dc10e:0:3315944057,a7657a95bf704a7d25ebe25f5cfe4cf0:0:1701955331,10,1.0,0,0,0,0,0,0,512,0,0,512,0,0,371,0,0,141,0,0,512,1.0644080638885498,91.82669830322266,0,0
1297,A,1297,-0.003992732614278793,0.07461591064929962,nan,nan,512,0,-0.003992732614278793,0.07461591064929962,all_rows,512,0,0.0030420180410146713,0.061328125,-0.0014163200277835131,0.002752732613589615,0.11045696993824095,d528aaab6db58d5187512a2537e0d6da:0:0,38e0b2a79a8d94b31ffcb5f9ab91efab:0:0,8bcdde2c5f0eb7bbc8ff990e4164a2d0:0:0,b8efcdf9b41d4c5a90c7af66b3775e0e:0:2323389864,09a88456a1b525e6e7787f96eec4cbe7:0:2075410160,10,1.0,0,0,0,0,0,0,512,0,0,512,0,0,372,0,0,140,0,0,512,1.03113853931427,91.4585189819336,0,0
1298,A,1298,-0.0020470337476581335,0.07533515989780426,nan,nan,512,0,-0.0020470337476581335,0.07533515989780426,all_rows,512,0,0.001009534578770399,0.0203125,-0.00038870093412697316,0.002840710035525262,0.10195383708924055,17bd0126db1781aec224f110db7da2da:0:0,3aba57983c8cdf8911d52bf2c9e0b7b2:0:0,4c9ba0421987f41c0ee2aa89c7186473:0:0,175f27bdfc344b3e1bf1542e891cfb0e:0:2154132380,3634cfdac4c16fe4cfd60b1bb1463dba:0:2465713942,10,1.0,0,0,0,0,0,0,512,0,0,512,0,0,361,0,0,151,0,0,512,1.022172451019287,92.23819732666016,0,0
1299,A,1299,-0.0021974784322082996,0.07514894753694534,nan,nan,512,0,-0.0021974784322082996,0.07514894753694534,all_rows,512,0,0.0047611030749976635,0.0681640625,-0.0017906219232827424,0.0028176042949780824,0.101675322977826,bf1b21211db6e293ac2c7986e65a6eda:0:0,96dffa2edde743527ebacea1d812d3c3:0:0,987401ac17266c7f903f469852ac0674:0:0,c7e3653b0dc7893a687a825ca23e980e:0:4088649724,b23b6896615fb103788f4d43c4136c21:0:1566201037,10,1.0,0,0,0,0,0,0,512,0,0,512,0,0,379,0,0,133,0,0,512,1.0576409101486206,92.48334503173828,0,0
1300,A,1300,0.0034229434095323086,0.07785629481077194,nan,nan,512,0,0.0034229434095323086,0.07785629481077194,all_rows,512,0,0.0040242611430585384,0.0556640625,-0.004176563862711191,0.0030278005520813166,0.10456919600255787,3d631426c4f28cf1d52da5d358773ada:0:0,2dc51a011c25740c005f930b46096e79:0:0,214f73972f5871d234735e16f1c11acc:0:0,6b2efd540552d5058369e5f04edc350e:0:3820487418,b755d34584a6523c71fc6153a4fe12d7:1:2427519682,10,1.0,0,0,0,0,0,0,512,0,0,512,0,0,364,0,0,148,0,0,512,1.0740807056427002,92.41117858886719,0,0
1301,A,1301,0.021583370864391327,0.08460056036710739,nan,nan,512,0,0.021583370864391327,0.08460056036710739,all_rows,512,0,0.01469672005623579,0.109375,-0.011555844242684543,0.003245462186168879,0.10524316702503711,d6e331e86115a70d0d7d984231d406da:0:0,dffaba57ca6c730b3c7d9fa06b52a512:0:0,f0b7f90d08096786c80716f5c55ec26e:0:0,9cd6dca4331d84b6057e94a8def5d20e:0:433836205,9ba44d4c51d82831aac7f8aef6089393:1:2325693166,10,1.0,0,0,0,0,0,0,512,0,0,512,0,0,364,0,0,148,0,0,512,1.0867642164230347,91.7325439453125,0,0
1302,A,1302,0.015159335918724537,0.08326783031225204,nan,nan,512,0,0.015159335918724537,0.08326783031225204,all_rows,512,0,0.006885231006890535,0.05,0.0017181359231472015,0.003470289276447147,0.10356092499569058,c1788260726132d33200b31f7270d2da:0:0,04536b19cd319f67a4ae5f82a7be1030:0:0,8e9b64c43701d7ab04bdc3821e9e128c:0:0,358e4cb1b1f7aad1b0bd0e05a28b6f0e:0:788277658,299d12d31f9b5bd6b311fdca9832e674:1:1755751227,10,1.0,0,0,0,0,0,0,512,0,0,512,0,0,369,0,0,143,0,0,512,1.0761585235595703,92.6340560913086,0,0
1303,A,1303,-0.005537106655538082,0.0798262357711792,nan,nan,512,0,-0.005537106655538082,0.0798262357711792,all_rows,512,0,0.00865249801427126,0.04296875,-0.0007291220128536225,0.003171410388313234,0.10513236001133919,316350c5fa395773f82a98b71a4d9eda:0:0,bfe7fb89c494d5d260bdbe9f05dcc24e:0:0,563457f6ce3a0a84fb0883c34a8f02cd:0:0,4b09f744ba7feed4c9fc3b45e99d0c0e:0:3098976445,9d3ed34da3aa0ab87c80ca3d672c6cf0:1:3783855308,10,1.0,0,0,0,0,0,0,512,0,0,512,0,0,377,0,0,135,0,0,512,1.022634506225586,93.68999481201172,0,0
1304,A,1304,0.0012706327252089977,0.07757990807294846,nan,nan,512,0,0.0012706327252089977,0.07757990807294846,all_rows,512,0,0.004765158519148827,0.1447265625,-0.007353444444015622,0.0029968195012770593,0.10684114403557032,bddb074aabc26238b9fe2b55296a6ada:0:0,35fb38abd78b78ebc95cd32d73cc6070:0:0,20d56e8bed72bab10821eb8570f74a4c:0:0,4745e17b4e314f822e726f69042aa90e:0:4081464475,35ce0c097b344701ced7f3c6aee7b199:1:3032996047,10,1.0,0,0,0,0,0,0,512,0,0,512,0,0,364,0,0,148,0,0,512,1.0123419761657715,94.64772033691406,0,0
1305,A,1305,0.0015034915413707495,0.078859843313694,nan,nan,512,0,0.0015034915413707495,0.078859843313694,all_rows,512,0,0.012417282909154892,0.0478515625,-0.0014977610670030117,0.003112248342949897,0.11237043899018317,46f83f82f9397e9c420d8d459fc736da:0:0,e9a1bb9bb51ef89acb6aef712ff1fb83:0:0,3d0c5656c7a70ab1e3b8ef627f6c63a7:0:0,06dbf97e1b95d54c2542672e4234460e:0:298635048,61d565cb25d954b33ec9692171d30434:1:173049695,10,1.0,0,0,0,0,0,0,512,0,0,512,0,0,363,0,0,149,0,0,512,1.013890027999878,94.52268981933594,0,0
1306,A,1306,0.004323750268667936,0.07444152981042862,nan,nan,512,0,0.004323750268667936,0.07444152981042862,all_rows,512,0,0.00807727500796318,0.051953125,-0.0017268436029553413,0.0027746800566092133,0.10390323307365179,07aa93357b5525a2977a20d47d6402da:0:0,d8ff87a2936a7426ba8c13491d8bf4d1:0:0,54bc77039e1b1d11477e31b906978322:0:0,503236534018fb25ed084914f3b9e30e:0:293780435,96c0fb336bfb25ee60bd5215974ebe05:0:937798879,10,1.0,0,0,0,0,0,0,512,0,0,512,0,0,371,0,0,141,0,0,512,1.0497549772262573,95.87195587158203,0,0
1307,A,1307,-0.010939198546111584,0.07402820140123367,nan,nan,512,0,-0.010939198546111584,0.07402820140123367,all_rows,512,0,0.00494950357824564,0.079296875,-0.004436306073330343,0.0027124948450364173,0.10499783500563353,c8a1252e6ff94470c9f4884dc240ceda:0:0,5f70e5911508dc6cedf9aa70709192ad:0:0,a32eeb58f5ef484b0302b98612ecfb4f:0:0,776c9d29cc12540e0566a55c68bb800e:0:625909763,b76e893bf0c6257630fe96cb2f9203a8:1:4287036065,10,1.0,0,0,0,0,0,0,512,0,0,512,0,0,371,0,0,141,0,0,512,1.0450183153152466,94.9457778930664,0,0
1308,A,1308,0.004845190327614546,0.07481831312179565,nan,nan,512,0,0.004845190327614546,0.07481831312179565,all_rows,512,0,0.00280598271638155,0.031640625,-0.0008737341384403407,0.002778985444456339,0.10340586910024285,439111934d8b1a24bdbca5fd6e5d9ada:0:0,4c0d8426b4891793aa24c0ef4da705dc:0:0,ecc2cbfbaaa12cbebb860569337be4e6:0:0,a0825c99aabeb3a134937603f1391d0e:0:2589689774,9803ff090d40c5173db205216d3f2299:1:2709651358,10,1.0,0,0,0,0,0,0,512,0,0,512,0,0,363,0,0,149,0,0,512,1.0611597299575806,94.150390625,0,0
1309,A,1309,-0.009341221302747726,0.07897478342056274,nan,nan,512,0,-0.009341221302747726,0.07897478342056274,all_rows,512,0,0.004555854015052319,0.044140625,-0.0016497702803462745,0.003088296111673117,0.1046441940125078,b85bf911a830ccecf7a19c2f81ba66da:0:0,f0a6cd8d449150f326e17691c74ce898:0:0,0539e21fe553adcbd8f5ff04bc897dc2:0:0,fdf47eb2c9fbe00648e51ecadd32ba0e:0:1780662512,063e22d3f0288c26536371531076beaa:1:716089792,10,1.0,0,0,0,0,0,0,512,0,0,512,0,0,368,0,0,144,0,0,512,1.0459563732147217,94.81915283203125,0,0
1310,A,1310,0.007994702085852623,0.0778370052576065,nan,nan,512,0,0.007994702085852623,0.0778370052576065,all_rows,512,0,0.0011775163002312183,0.053125,-0.0002281621564179659,0.003012150526046753,0.10329222597647458,8682aa23e648b6606901cd2ffc5732da:0:0,b0446ab3e73746200ee74cb7317f6a2f:0:0,152d8fdc8d803b99bba713a64a675dc9:0:0,a6acb05014b89382965f6d307ca8570e:0:2956200034,e6dc275e2711515e0d7f387eb5370beb:0:3515846729,10,1.0,0,0,0,0,0,0,512,0,0,512,0,0,380,0,0,132,0,0,512,1.032304048538208,94.82623291015625,0,0
1311,A,1311,-0.004684083629399538,0.08299976587295532,nan,nan,512,0,-0.004684083629399538,0.08299976587295532,all_rows,512,0,0.01188287790864706,0.0609375,0.00208419943228364,0.0034389587352052333,0.10465512797236443,544c8785816467163bcadb4ade33feda:0:0,990fbb197b6711e7be07191d6dfe8b4e:0:0,0f0486cb109ac25c78838d8aa2bf121d:0:0,8454d0f307285407304098741f99f40e:0:2354630660,bbc50abd9990a9b86bde854874fb4f77:1:1071101359,10,1.0,0,0,0,0,0,0,512,0,0,512,0,0,368,0,0,144,0,0,512,1.042654275894165,94.71920776367188,0,0
1312,A,1312,0.004284682217985392,0.07544749975204468,nan,nan,512,0,0.004284682217985392,0.07544749975204468,all_rows,512,0,0.006258376874029636,0.115234375,-0.0007866200525313616,0.0028198703075759113,0.11009796499274671,f15bb2cfd113617d9e79a8cc2750cada:0:0,5921bb840e4eac6aebee61801731efbb:0:0,38289167611085f4f0a676382c36a94c:0:0,b73b446f54e86706de8e41951607910e:0:802297727,0547625185a996c7be7b912c861764b6:1:3718150590,10,1.0,0,0,0,0,0,0,512,0,0,512,0,0,362,0,0,150,0,0,512,1.025465488433838,96.22440338134766,0,0
1313,A,1313,-0.0005153571255505085,0.07410357892513275,nan,nan,512,0,-0.0005153571255505085,0.07410357892513275,all_rows,512,0,0.007726602256298065,0.0763671875,-0.0010557469446212052,0.0027454276452772318,0.1073998740175739,bb4836179cc98bf5901a57ffd7ad96da:0:0,d94157be996acc69279f7d479a2f8a4a:0:0,961ca775db54f2fcf20f08443c76cc35:0:0,67e880df4760e7e4cfa27352aff12e0e:0:1222964564,dffe674ae3b2c64d0fef40f93a0a318f:1:575629235,10,1.0,0,0,0,0,0,0,512,0,0,512,0,0,372,0,0,140,0,0,512,0.9839642643928528,97.03265380859375,1,0
1314,A,1314,-0.0007886684034019709,0.07644028216600418,nan,nan,512,0,-0.0007886684034019709,0.07644028216600418,all_rows,512,0,0.005275371950119734,0.08984375,-0.0015346293337643146,0.002876206859946251,0.10128874098882079,df916742f22d5a24ac484b31ef4a62da:0:0,2925199d24a6b08023d76f6b75d8f29c:0:0,b500fd899fc9cf2e94437e233d8d0921:0:0,351989b525cac74c05b8a22c3d56cb0e:0:1645315337,dd5e6e506779edd54cb3b391ba2e0005:1:3686499258,10,1.0,0,0,0,0,0,0,512,0,0,512,0,0,359,0,0,153,0,0,512,0.9749742150306702,96.15267181396484,4,0
1315,A,1315,0.011816808953881264,0.07831781357526779,nan,nan,512,0,0.011816808953881264,0.07831781357526779,all_rows,512,0,0.002333827782422304,0.04375,-0.00012236980255693198,0.0030068761669099333,0.1011262919055298,6dfc8badfd19ad90f72e24ae6e272eda:0:0,08b28925d591f0949585c73cafb80cbc:0:0,d378309675a88d90a6ee84332224ab4d:0:0,beafbe40206139bf807aac610e38680e:0:608328882,c4452fc65426fcd93db9a050cdd3832b:0:1204505850,10,1.0,0,0,0,0,0,0,512,0,0,512,0,0,377,0,0,135,0,0,512,0.9522428512573242,96.61991119384766,6,0
1316,A,1316,-0.0020491990726441145,0.0781334638595581,nan,nan,512,0,-0.0020491990726441145,0.0781334638595581,all_rows,512,0,0.011818693950772285,0.084375,-0.001597861759364605,0.00303619634360075,0.10269569489173591,d0925a94de9f6d77a985c6c15443fada:0:0,2d12f9572865f2ff55540aa936ae8c63:0:0,f42821d2cd5166017ac9b7ac8c4ade1e:0:0,f07cb09fdd62dbb3228dd9f07296050e:0:790009594,d2e3e680e6fc013d9ee376bdf6d1ff42:0:151245058,10,1.0,0,0,0,0,0,0,512,0,0,512,0,0,374,0,0,138,0,0,512,0.9926536679267883,96.76470184326172,1,0
1317,A,1317,-0.0034315597731620073,0.07088246941566467,nan,nan,512,0,-0.0034315597731620073,0.07088246941566467,all_rows,512,0,0.002401546575129032,0.041015625,-0.0007955138571560383,0.0025014547863975167,0.10369787109084427,f21a6097c052d5e4fc9853b6a1a0c6da:0:0,848186443b70fcfac0a7ba216ff98e37:0:0,18dc342977082a20d37441d68fde930f:0:0,1eea0be4e8a4917d531fdc99ba6fa20e:0:3868978094,520f8c52185df160be5fb87ace4d4090:0:186584773,10,1.0,0,0,0,0,0,0,512,0,0,512,0,0,363,0,0,149,0,0,512,0.9820204377174377,95.28294372558594,1,0
1318,A,1318,1.4032353647053242e-05,0.07576583325862885,nan,nan,512,0,1.4032353647053242e-05,0.07576583325862885,all_rows,512,0,0.021699950098991394,0.17421875,-0.006155493867117912,0.0028688842663541435,0.10420818603597581,2873768da1307e0bf63e2dda563d92da:0:0,752eb605ed51188c6974ca6e6583f97a:0:0,a88e624e9b1c56d21b3dc9539725382b:0:0,98809ef9e595e9715b73cfdc35c53f0e:0:2537636697,7c6cc5f3e2b209c60a0af450ef488ae7:1:469042754,10,1.0,0,0,0,0,0,0,512,0,0,512,0,0,393,0,0,119,0,0,512,1.0342867374420166,94.96261596679688,0,0
1319,A,1319,0.0064751454629004,0.07256169617176056,nan,nan,512,0,0.0064751454629004,0.07256169617176056,all_rows,512,0,0.003549681045114994,0.0552734375,-0.007910370267927647,0.002599329547956586,0.11516263603698462,e4bb79b9996615de34def778721a5eda:0:0,def582f65e2f7832c959d4a31bd7d53c:0:0,ae649434f45f94f7dfc01af0b0e3c88c:0:0,c20277e57fb48672806f38f73496dc0e:0:1326598946,6eac75f1b45fb7ca3ccd9cf152112e25:1:3386064362,10,1.0,0,0,0,0,0,0,512,0,0,512,0,0,367,0,0,145,0,0,512,0.9962034821510315,96.92108917236328,1,0
1320,A,1320,0.0011277227895334363,0.07306824624538422,nan,nan,512,0,0.0011277227895334363,0.07306824624538422,all_rows,512,0,0.008392281830310822,0.08671875,-0.002439001598395407,0.0026389740291051567,0.10862256598193198,3f1e3b55924adae3bb7192dcf5372ada:0:0,8cc23bff8b1ed096626effe717b09f5c:0:0,3f85a2246026343b930bd0e1acc50d3a:0:0,634bf1fbae89d94fd82706ea06e4790e:0:1839219131,62c828592872ef34e037078dbed07442:0:2728097410,10,1.0,0,0,0,0,0,0,512,0,0,512,0,0,366,0,0,146,0,0,512,1.0528316497802734,97.2408447265625,0,0
1321,A,1321,0.030594034120440483,0.0857592523097992,nan,nan,512,0,0.030594034120440483,0.0857592523097992,all_rows,512,0,0.003062211209908128,0.0927734375,-0.003357304120436311,0.0030010469490662217,0.10361117904540151,b69c3144afd3c452bd7c2253df93f6da:0:0,8ab6c13ae0f326ead998cfafce189922:0:0,4def9afd97968dcc7c0aa20e06cb5a1a:0:0,c3bd5ba9f86c2f38db6c9273fcae160e:0:3386508482,47d4ffbcec9b8078801a45c4072b90cd:1:140174311,10,1.0,0,0,0,0,0,0,512,0,0,512,0,0,355,0,0,157,0,0,512,1.0673959255218506,95.83799743652344,0,0
1322,A,1322,0.01093167532235384,0.07949402183294296,nan,nan,512,0,0.01093167532235384,0.07949402183294296,all_rows,512,0,0.004032841883599758,0.0509765625,-0.0015493850689381361,0.0031551683903671803,0.10242819809354842,f564d19ee8cf66676b1408293130c2da:0:0,834cc76bce1d87b9b7d34e2e8eae463e:0:0,5333dfbd7fca4e63be7b9f83f2c67c11:0:0,7fa65fa9f259db9ab35a9e1465f3b30e:0:794087721,9263adcf7f66f10b1988f06b143366e5:1:1186290046,10,1.0,0,0,0,0,0,0,512,0,0,512,0,0,370,0,0,142,0,0,512,1.0337822437286377,96.20685577392578,0,0
1323,A,1323,0.00019960547797381878,0.07815052568912506,nan,nan,512,0,0.00019960547797381878,0.07815052568912506,all_rows,512,0,0.008132393471896648,0.03046875,-0.0012256981804966926,0.003044688468798995,0.10565441101789474,1fbeaea68b358cfbbcdde6a8ea0d8eda:0:0,0e77332ce7d085059ffaf5fe65ab5762:0:0,4b31bb4111e6f129d0182808527e8bee:0:0,b8c6f38b4b6303b642e2560a92b5500e:0:2517067609,0d0ade94209248b66b6a9820fd356c02:1:2362181846,10,1.0,0,0,0,0,0,0,512,0,0,512,0,0,359,0,0,153,0,0,512,1.0560919046401978,96.02137756347656,0,0
1324,A,1324,-0.005191882140934467,0.07897857576608658,nan,nan,512,0,-0.005191882140934467,0.07897857576608658,all_rows,512,0,0.009023141115903854,0.0955078125,0.00325994398444891,0.0030635604169219734,0.10366082889959216,2d286097a9d68d5f400da01f0a2a5ada:0:0,892ce67f7d9a77293b6d17b10b74438f:0:0,af90b6adbe1ef4e8855377bc4b9b3c45:0:0,498dccaf3f34523eec585055d2f2ed0e:0:2949392757,0d7fbfd0ff0224d54f49b49fed8ed0a7:0:1212596585,10,1.0,0,0,0,0,0,0,512,0,0,512,0,0,392,0,0,120,0,0,512,1.0347819328308105,95.51677703857422,0,0
1325,A,1325,-0.008751886896789074,0.07885916531085968,nan,nan,512,0,-0.008751886896789074,0.07885916531085968,all_rows,512,0,0.007273769471794367,0.1134765625,-0.001934064063243568,0.003115502616856247,0.10610384494066238,10a10ea0b0b64f6ee26656d7918726da:0:0,2688bd4a609652eeb922413409ab6bcb:0:0,860a2e56a4321a446cae2a5ef88b3390:0:0,297e2ef65572995213018cb576ac8a0e:0:3608059880,35afbdd520482939032b2366bd643988:0:2240394276,10,1.0,0,0,0,0,0,0,512,0,0,512,0,0,362,0,0,150,0,0,512,1.01032555103302,94.45375061035156,0,0
1326,A,1326,0.00138986692763865,0.07378248125314713,nan,nan,512,0,0.00138986692763865,0.07378248125314713,all_rows,512,0,0.006130987778306007,0.0595703125,-0.003265962563455105,0.002713580511044711,0.10534854605793953,0d1df8329d5f0decbe3a6d1e8023f2da:0:0,1e1acc7ecb3b3f26fda1a7abf78f859a:0:0,8c7c7b89884429484fe0a4af3e079354:0:0,54278782dab5291758a074a8cde2270e:0:3094399076,d6581a9193583b3502fd803609dc11f3:1:752172244,10,1.0,0,0,0,0,0,0,512,0,0,512,0,0,351,0,0,161,0,0,512,0.9920390248298645,95.07408142089844,2,0
1327,A,1327,0.0004749419167637825,0.07806064933538437,nan,nan,512,0,0.0004749419167637825,0.07806064933538437,all_rows,512,0,0.0043319459073245525,0.0640625,-0.0038112520007416604,0.003047550586052239,0.10952190204989165,855bbbb69877ce17e66b853fd600beda:0:0,9a8313b09c80725993b07623e358cbf9:0:0,b7e6f1d2d4c672439a2eb6e4cfc35841:0:0,d7073c0a840a61599701db6f2893c40e:0:926625124,9d3faabc0349725e6d32509a5306a17c:1:1285595046,10,1.0,0,0,0,0,0,0,512,0,0,512,0,0,376,0,0,136,0,0,512,0.9954005479812622,95.81306457519531,2,0
1328,A,1328,0.0010221076663583517,0.07275565713644028,nan,nan,512,0,0.0010221076663583517,0.07275565713644028,all_rows,512,0,0.0037470576353371143,0.042578125,-0.0037800004007294773,0.002646053466014564,0.10665855195838958,e9b63f95edea8e84326a8187931d8ada:0:0,20edb501f79efebbf44672d19179d774:0:0,df1a716573d45e913eb8a662638f6c15:0:0,cb943e3c2f0fc4689589fe07d6c1610e:0:1880030835,3b602208c8846902a0f6a68efab5de73:1:3720769114,10,1.0,0,0,0,0,0,0,512,0,0,512,0,0,364,0,0,148,0,0,512,0.9967314600944519,95.67383575439453,1,0
1329,A,1329,-0.0014799697091802955,0.0700322762131691,nan,nan,512,0,-0.0014799697091802955,0.0700322762131691,all_rows,512,0,0.005921096075326204,0.093359375,-0.006425296212546528,0.0024561650003306567,0.10444471903610975,22c11660a0e62d320a378441b77a56da:0:0,1d23ba0c6b4abdad9c6ccbddb5f3bbe6:0:0,fb4900f0e32aed5a7e83e1c7f1d26c3a:0:0,2bbd74b7aec491937ac18332286afe0e:0:3881066301,1ff15f945df07fd952847a7932c815af:0:3969575499,10,1.0,0,0,0,0,0,0,512,0,0,512,0,0,369,0,0,143,0,0,512,0.9934850931167603,96.57694244384766,1,0
1330,A,1330,-0.0031444765627384186,0.07394833862781525,nan,nan,512,0,-0.0031444765627384186,0.07394833862781525,all_rows,512,0,0.008043731562793255,0.0919921875,-0.0068410792853683235,0.0027290262398310004,0.10354680102318525,033bf6be190804e63261efba431722da:0:0,093664e3e5c46bfc592da6bcb18bb2d2:0:0,dcc608e7acff9a3cd3747675f8903b7d:0:0,085661f9105bad8bf9e27b6d6d909b0e:0:2087519909,246ef5d25d106b554b13300a7afe57cf:0:1295498978,10,1.0,0,0,0,0,0,0,512,0,0,512,0,0,378,0,0,134,0,0,512,1.0364158153533936,97.09843444824219,0,0
1331,A,1331,-0.005271394737064838,0.08026410639286041,nan,nan,512,0,-0.005271394737064838,0.08026410639286041,all_rows,512,0,0.007313005160540342,0.04453125,-0.0018681766465306281,0.0031682699220255016,0.10130541096441448,eef36bb2a5f941c19808663d35f3eeda:0:0,a4be62ef829369fa8ac8354a78cfe97e:0:0,10a05777d0d2e2e27101f3a3cd381f8f:0:0,d9ec6762bb6f5f023c6560f8f632380e:0:605972789,2bd4620546387735a0a8861436151812:1:3387088697,10,1.0,0,0,0,0,0,0,512,0,0,512,0,0,371,0,0,141,0,0,512,1.0350987911224365,97.17921447753906,0,0
1332,A,1332,0.0035723098553717136,0.07082399725914001,nan,nan,512,0,0.0035723098553717136,0.07082399725914001,all_rows,512,0,0.007574605289846659,0.0708984375,-0.0019322885666042567,0.002494152309373021,0.10114364000037313,056539a3d6cbed191cd8ca169010bada:0:0,14a1493575e8686d6ef04be058a8da53:0:0,631dbe74eb98218d66b0963d8c35071c:0:0,e64bb13e461725c9878e17d4124fd50e:0:3805508906,41010d49e4eeb316788cbb78fa0c7fa5:1:3434297741,10,1.0,0,0,0,0,0,0,512,0,0,512,0,0,361,0,0,151,0,0,512,1.0292235612869263,98.0499496459961,0,0
1333,A,1333,-0.00869449321180582,0.07670405507087708,nan,nan,512,0,-0.00869449321180582,0.07670405507087708,all_rows,512,0,0.010449129156768322,0.059765625,0.001307082874700427,0.0029342610388994215,0.10185993008781224,c5da1864e263b08d63103d92516d86da:0:0,fae94f925f53745557184cce5eb830f6:0:0,4b5d87ebe117137d1fb0ac8d2da68b4a:0:0,63b3aa16c77db2d59df8edbe11e9720e:0:2495667198,996d5261825fbdba0a6eebe2917bd284:1:206344636,10,1.0,0,0,0,0,0,0,512,0,0,512,0,0,370,0,0,142,0,0,512,1.0425745248794556,97.89244079589844,0,0
1334,A,1334,0.009738149121403694,0.07088200747966766,nan,nan,512,0,0.009738149121403694,0.07088200747966766,all_rows,512,0,0.007748364005237818,0.0748046875,-0.004247728106565774,0.0025044277310371397,0.10547982703428715,565352739e365062997b22fc7a0a52da:0:0,5913e3c7ae040baed4d86cc8dfd15a43:0:0,a583d9cdfc2912f197f3e8db4cb4d703:0:0,ef5b8234e2b2c760dd279a3644ff0f0e:0:1333985364,dcda04a0af8dba078d819be3cd9f467e:1:3074328260,10,1.0,0,0,0,0,0,0,512,0,0,512,0,0,370,0,0,142,0,0,512,1.0169715881347656,96.6976547241211,0,0
1335,A,1335,0.0031706239096820354,0.07622581720352173,nan,nan,512,0,0.0031706239096820354,0.07622581720352173,all_rows,512,0,0.005037789698690176,0.01953125,-0.002114617032930255,0.0028726677759550513,0.1064413950080052,5e6a956dc0afdd1847751ca109e71eda:0:0,b891d8f78f57c3c14b992817ecab68e3:0:0,6d5c5b8635513019f4e3300cae94af60:0:0,ef08ed40af92818b170e3e7bfb90ac0e:0:14313322,467d0bc98e481c6f8362c2f4f411279b:1:2650432143,10,1.0,0,0,0,0,0,0,512,0,0,512,0,0,361,0,0,151,0,0,512,1.0137667655944824,97.38621520996094,0,0
1336,A,1336,0.00618700310587883,0.07222998887300491,nan,nan,512,0,0.00618700310587883,0.07222998887300491,all_rows,512,0,0.01389751210808754,0.0744140625,-0.0014828094281256199,0.0025849929661490023,0.10028511809650809,ca54c7a56c869c4118e90ccc0103eada:0:0,16bf06441d757ca2eeebd58fec831d92:0:0,b7f373632b37b1441c0278e1c3134df1:0:0,fd140e1c10b95cc127a0658e859e490e:0:3043546917,efce5ac6c1c78589eaaeaf38fb057989:0:2887696327,10,1.0,0,0,0,0,0,0,512,0,0,512,0,0,371,0,0,141,0,0,512,1.0054863691329956,98.19019317626953,0,0
1337,A,1337,-0.004401111975312233,0.0755075141787529,nan,nan,512,0,-0.004401111975312233,0.0755075141787529,all_rows,512,0,0.010654396377503872,0.030859375,-0.002084407350048423,0.002833701518829912,0.10094971500802785,cfde0a9b424aa89aaa5115c95f60b6da:0:0,75cf373cf4ceed2aff0b116469b563a4:0:0,61376a5163f2b95d5e0c9809b3c4aa10:0:0,255749e4eb99ec3d465e042d3327e60e:0:431064230,1114735f60b982c9d2aabf01653f261f:1:1815866565,10,1.0,0,0,0,0,0,0,512,0,0,512,0,0,381,0,0,131,0,0,512,0.9967771172523499,99.56066131591797,1,0
1338,A,1338,0.0027442516293376684,0.07796676456928253,nan,nan,512,0,0.0027442516293376684,0.07796676456928253,all_rows,512,0,0.0049460106529295444,0.033984375,-0.0029010836035013197,0.0030420843744650484,0.10004284104797989,3ead3203757d496554b699e524fd82da:0:0,b47bf329512a8ac1ef05c526056bc241:0:0,6caaef0180e0197c67db7c9520ec8147:0:0,d62960b61ae715f013e078d7542d830e:0:1220741750,a3fe10e9202b362f7908c9c326cfcc55:1:705094906,10,1.0,0,0,0,0,0,0,512,0,0,512,0,0,380,0,0,132,0,0,512,1.0347609519958496,99.15227508544922,0,0
1339,A,1339,0.0018081057351082563,0.07484481483697891,nan,nan,512,0,0.0018081057351082563,0.07484481483697891,all_rows,512,0,0.019760029390454292,0.098046875,-0.0007170119788497686,0.0027894034399650993,0.10125921003054827,85a7e2daa27c00fbf9b23b6b51da4eda:0:0,476650e96a66e07099c10cbb1634f8b3:0:0,4975e87eca187474ce261eab2026b28f:0:0,9e29ff2bd3a3542263678bcc38af200e:0:3486914792,b11e1dd52309e923add831c69e116123:0:3241922952,10,1.0,0,0,0,0,0,0,512,0,0,512,0,0,368,0,0,144,0,0,512,1.084293007850647,99.9098129272461,0,0
1340,A,1340,0.0009619793854653835,0.07291935384273529,nan,nan,512,0,0.0009619793854653835,0.07291935384273529,all_rows,512,0,0.0075657060369849205,0.091015625,-0.006312489951960742,0.0026584035716950894,0.10542045091278851,f02e45ee628b52abcf6bdca7e5f71ada:0:0,ef13faa6186af49993eb21fbab11b15a:0:0,1a89702ee659ec4c2e42e42545156ae5:0:0,a14898e09243441fc0666f0b30acbd0e:0:3953324025,ae4369706432ae4e1718119f7d0f2b1b:1:501426096,10,1.0,0,0,0,0,0,0,512,0,0,512,0,0,360,0,0,152,0,0,512,1.0504335165023804,101.94879150390625,0,0
1341,A,1341,0.04395100846886635,0.07774517685174942,nan,nan,512,0,0.04395100846886635,0.07774517685174942,all_rows,512,0,0.006869490258395672,0.066796875,-0.0009943369776010513,0.0028455820749513803,0.10353148402646184,7655bd1cdb4d3fcc2c9a9fe6e153e6da:0:0,0d519008b092e119977dc560d95a09d7:0:0,027889b90b878bbd10b6dd4f36712cf9:0:0,110bac067f6f8839b010be538c265a0e:0:2047979813,7db32c2f331dac884121b1ea77524eb6:1:2292171900,10,1.0,0,0,0,0,0,0,512,0,0,512,0,0,375,0,0,137,0,0,512,1.0634769201278687,100.9921646118164,0,0
1342,A,1342,0.016786057502031326,0.07575878500938416,nan,nan,512,0,0.016786057502031326,0.07575878500938416,all_rows,512,0,0.004243466071784496,0.0505859375,-0.0015640322118997574,0.0029092213371768594,0.11308097594883293,1a8d5a6dc6ef7c165484e77443f0b2da:0:0,1479afe3dd932c2ce9e1dfeafd07ab60:0:0,070c1e824fe1c0d8b72abf6d43295631:0:0,dca1caea930fc373aee77f249b1bf70e:0:2372639760,9371717b29d52bf99d1d59ae24fc7838:1:1355978044,10,1.0,0,0,0,0,0,0,512,0,0,512,0,0,357,0,0,155,0,0,512,1.0989291667938232,101.00720977783203,0,0
1343,A,1343,-0.0008536394452676177,0.07799039781093597,nan,nan,512,0,-0.0008536394452676177,0.07799039781093597,all_rows,512,0,0.010496312752366066,0.0638671875,-0.0017790779005736113,0.003044074890203774,0.10748684103600681,3c6cf406b25d593d4300559c0dcd7eda:0:0,b835f8e26ac89a2e2968f2082e0362ba:0:0,4e275a6ba4632980c22da5a98bf8975d:0:0,c8317b8e90663527ea4620bdad8d940e:0:3603746682,f2a75f90324e4ea371b81687bd1c4c8b:0:838111608,10,1.0,0,0,0,0,0,0,512,0,0,512,0,0,377,0,0,135,0,0,512,1.092240571975708,100.63346099853516,0,0
1344,A,1344,-3.5420525819063187e-06,0.07616285979747772,nan,nan,512,0,-3.5420525819063187e-06,0.07616285979747772,all_rows,512,0,0.004544337745755911,0.0484375,-0.0007989431731402874,0.0028468512347899376,0.10345700290054083,8b1897db6ec169c57871ccaa3eea4ada:0:0,6fa8cbe97366a47e466a227b993fc5ab:0:0,c3527c7085b4603d5bec90255d81d2a2:0:0,da12019947213af4b5ef7c1e137b310e:0:4126547281,4e275589551e7a09a1d65a252f97774a:0:564690430,10,1.0,0,0,0,0,0,0,512,0,0,512,0,0,358,0,0,154,0,0,512,1.1500513553619385,101.3445053100586,0,0
1345,A,1345,-0.004702955484390259,0.07927244156599045,nan,nan,512,0,-0.004702955484390259,0.07927244156599045,all_rows,512,0,0.0034676622599363327,0.091796875,-0.0017725445795804262,0.0030993680469691754,0.10265694290865213,60ddd5daf3a2db1cc5cd6eead74716da:0:0,0d5a21fee660d462e5cf721b949cb169:0:0,85d29ca70a4a89ff25e29bf42055a5e7:0:0,fa13a59d5365bf42bd9ad4051ce4ce0e:0:505792097,8a3f3c59d12577b6a25c1fcae8583d5a:0:3462353595,10,1.0,0,0,0,0,0,0,512,0,0,512,0,0,381,0,0,131,0,0,512,1.1987003087997437,100.38862609863281,0,0
1346,A,1346,0.0031157685443758965,0.07574757933616638,nan,nan,512,0,0.0031157685443758965,0.07574757933616638,all_rows,512,0,0.007573967333883047,0.1314453125,-0.00832734585274011,0.0028119971277192233,0.10245033097453415,54bed7382eea86f218969ea9d6e3e2da:0:0,b812cbb3e22e618bdc1ab54a3cf8d2ff:0:0,f1a71fd034f5ecf60d53b170335c8a1b:0:0,6e9d8021e1f35ab3f280d4f219ca6b0e:0:119945139,3fb23ccf2166466df031d1686e5032ad:1:3917586183,10,1.0,0,0,0,0,0,0,512,0,0,512,0,0,370,0,0,142,0,0,512,1.2105988264083862,99.52093505859375,0,0
1347,A,1347,-0.007035324349999428,0.07523209601640701,nan,nan,512,0,-0.007035324349999428,0.07523209601640701,all_rows,512,0,0.005478711798787117,0.075,-0.004589850245974958,0.0028286659275181592,0.10261550196446478,bcc0854d801bbbcd46dffe333dc0aeda:0:0,aef299c7ca231d1f02707820070113ce:0:0,d423558c1fe92f91fb8456a42e8af511:0:0,24a200eac5a0aecb34e895245a2c080e:0:1653089610,3c35b452aaf8ca14d143dbed9fa62494:1:3707886316,10,1.0,0,0,0,0,0,0,512,0,0,512,0,0,365,0,0,147,0,0,512,1.249871015548706,99.95809936523438,0,0
1348,A,1348,-5.9697660617530346e-05,0.07573170959949493,nan,nan,512,0,-5.9697660617530346e-05,0.07573170959949493,all_rows,512,0,0.0007573430193588138,0.0169921875,-0.0021830923622474076,0.0028566365479491653,0.10258640407118946,bc451a78dc0cbce6db4b6fd30bdd7ada:0:0,d70036fd6667e27c1ce4272c39d55bcc:0:0,3fb97ce712c68d7ef0b2930ff625246a:0:0,5f1875b1708c401cb9b4949b2e09a50e:0:197797325,37dbb182fc12513e05d890c080e3f8f6:0:1312919577,10,1.0,0,0,0,0,0,0,512,0,0,512,0,0,354,0,0,158,0,0,512,1.2377244234085083,99.89854431152344,0,0
1349,A,1349,0.004186251200735569,0.0828532725572586,nan,nan,512,0,0.004186251200735569,0.0828532725572586,all_rows,512,0,0.006760138086974621,0.07734375,-0.003269139095209539,0.0034194562816992403,0.1021429009269923,53c35b2dd66af93fe10a15d5413a46da:0:0,794740e633e12e1c1a743cc2e41cfcb1:0:0,1481716af61a67cc4d6fc3cb9a3e5237:0:0,84bc20d3257bd6572befbd15e563420e:0:1611418156,eda2562afc96974c1a2102560b081bc4:0:4033515422,10,1.0,0,0,0,0,0,0,512,0,0,512,0,0,366,0,0,146,0,0,512,1.2251888513565063,99.85504150390625,0,0
1350,A,1350,-0.005610716063529253,0.08186783641576767,nan,nan,512,0,-0.005610716063529253,0.08186783641576767,all_rows,512,0,0.005636920686811209,0.0724609375,-0.00012227008119225502,0.0033056810614652933,0.10828222904819995,c204655a0e56f9f9afdc5285ddd712da:0:0,d0ff817c7f996878c4d043fa01502a32:0:0,23a1e67cbe40cd8ce231f4db2a5958ec:0:0,d419ba65f50228758a5a6213d038df0e:0:516141353,a634bde1410ef92a8969389787e52bdd:1:3143857641,10,1.0,0,0,0,0,0,0,512,0,0,512,0,0,358,0,0,154,0,0,512,1.2095962762832642,99.44062042236328,0,0
1351,A,1351,2.7389847673475742e-05,0.07686018943786621,nan,nan,512,0,2.7389847673475742e-05,0.07686018943786621,all_rows,512,0,0.009979497641324997,0.071484375,-0.0006182306446135044,0.002951171493623406,0.10784905299078673,69fe8017bb6407edb811c830e1b3deda:0:0,359e783009bf90ccc5b92e9804825d6b:0:0,74207a928027bb7df5ad2119798a929a:0:0,7de086a9d6205b69c0f740d43e8a7c0e:0:3511963343,c736fc51bd4b308e2093b78269018748:0:2783570469,10,1.0,0,0,0,0,0,0,512,0,0,512,0,0,375,0,0,137,0,0,512,1.186586618423462,99.80941009521484,0,0
1352,A,1352,0.005359856877475977,0.07277967035770416,nan,nan,512,0,0.005359856877475977,0.07277967035770416,all_rows,512,0,0.0027610869146883488,0.09296875,-0.0021625817054882644,0.0026038035401143135,0.10376428300514817,62a29d89584788854e8959224cd0aada:0:0,4e3e68a3840122475ede29ccb878b608:0:0,676f8783fe1543ae35d79c5229889858:0:0,67c7dde16336998ffe9880568058190e:0:3074441420,a077463185fb7113d904fc397158e4b2:0:150250389,10,1.0,0,0,0,0,0,0,512,0,0,512,0,0,372,0,0,140,0,0,512,1.1829020977020264,98.88518524169922,0,0
1353,A,1353,0.00663775997236371,0.08044882118701935,nan,nan,512,0,0.00663775997236371,0.08044882118701935,all_rows,512,0,0.0050517721101641655,0.040625,-0.0016496829222887755,0.003237090480979532,0.10342239204328507,dec45498a88411d178b127a61f2d76da:0:0,e73d75c400c41e79bb163caf63db14b7:0:0,2fe1a466e60ac2894d00b54821cd85c3:0:0,510dbd427a34c93ac66cb159e5a1b60e:0:1475561846,87f7572b7b09eba196611bcf48fb917f:1:435764591,10,1.0,0,0,0,0,0,0,512,0,0,512,0,0,396,0,0,116,0,0,512,1.2120020389556885,98.1985092163086,0,0
1354,A,1354,0.0011668128427118063,0.08241968601942062,nan,nan,512,0,0.0011668128427118063,0.08241968601942062,all_rows,512,0,0.005672777071595192,0.0443359375,0.00033166916109621524,0.003399761382024735,0.10165010602213442,c1e8f832965c35e2b886960858ca42da:0:0,676ec931775cfa8e0a26001cc386a823:0:0,83966f0dee6f6fc14af4511af4bf3ac5:0:0,be64b8de321a28a7bd8bce5dbe67530e:0:3976665338,1646aafb82aeff762f75e9beb3e32cdd:1:1506384410,10,1.0,0,0,0,0,0,0,512,0,0,512,0,0,363,0,0,149,0,0,512,1.1718825101852417,98.2197036743164,0,0
1355,A,1355,-0.0013688387116417289,0.07531014084815979,nan,nan,512,0,-0.0013688387116417289,0.07531014084815979,all_rows,512,0,0.004130799323320389,0.06015625,-0.0011933406349271536,0.0028344947029836478,0.10115181200671941,02821d78a6590560d8964694f9a70eda:0:0,252fe0604bde6a99450c975fc412b648:0:0,49f0d5ae9c91aa7a2fb00075e758462f:0:0,e17ab51547f055ad34843ba15aa8f00e:0:4270765085,90b88877daf60d36039c941cd8c85245:1:2955142647,10,1.0,0,0,0,0,0,0,512,0,0,512,0,0,374,0,0,138,0,0,512,1.186053991317749,99.2313461303711,0,0
1356,A,1356,0.0021967405918985605,0.08100856840610504,nan,nan,512,0,0.0021967405918985605,0.08100856840610504,all_rows,512,0,0.00324702518992126,0.0236328125,-0.0003383847884833813,0.0032773027662187813,0.10127949703019112,f2225a3ffdb04962b7fc1b9801c3dada:0:0,4e6af647b190eac9fcd00a2ab11148ad:0:0,b03d24abe4ff6c69c07924733c2597b4:0:0,86d6c566528c07706ce7c7240a668d0e:0:745882943,681852c445303363c1a93aed97307d4b:0:2148764202,10,1.0,0,0,0,0,0,0,512,0,0,512,0,0,381,0,0,131,0,0,512,1.1837297677993774,99.5296859741211,0,0
1357,A,1357,0.008913232013583183,0.07902609556913376,nan,nan,512,0,0.008913232013583183,0.07902609556913376,all_rows,512,0,0.00837640929967165,0.0634765625,-0.0017108840867877007,0.003132545773405582,0.10253601800650358,2fd8491538d674861663375d7120a6da:0:0,4e9f0e4f91eb4aee9f6198293e4f1710:0:0,8add3c3951535af63ccafaeea9dcafda:0:0,67815819b67b80749ad8a8a51da02a0e:0:3990175102,1b2b761a488bfab44a7ec74aa73facbe:1:692410053,10,1.0,0,0,0,0,0,0,512,0,0,512,0,0,362,0,0,150,0,0,512,1.2000244855880737,99.99681091308594,0,0
1358,A,1358,-0.002760379808023572,0.08344109356403351,nan,nan,512,0,-0.002760379808023572,0.08344109356403351,all_rows,512,0,0.0031367777846753597,0.032421875,-0.0003545601386576891,0.0034819731023162603,0.10771540401037782,ef4befdb8f884b476005fc3147bd72da:0:0,4476483ffe550088b6cc1b60d9885730:0:0,21c9d144d0b7cc7a0910accd5c7b29d3:0:0,9d79ac807aa87f52a29681a3e455c70e:0:1195244400,5140ad15de4c3720f9c1bc4a6172849f:1:3946576520,10,1.0,0,0,0,0,0,0,512,0,0,512,0,0,368,0,0,144,0,0,512,1.2036856412887573,100.72931671142578,0,0
1359,A,1359,0.006404245737940073,0.07584141194820404,nan,nan,512,0,0.006404245737940073,0.07584141194820404,all_rows,512,0,0.013219671323895454,0.09453125,-0.0017930960282683372,0.0028615112882107497,0.10827414004597813,67bd81fd0398439979ae0c5f859a3eda:0:0,4034b0702fbc9d4a508285d1e7f20b1b:0:0,e8fd04ef5544d209afc7bbed2df35970:0:0,adbefe22c2513469920b5d5fae87640e:0:1873648330,42c0643e7bc7b986993708eb0c32fe39:1:1203756023,10,1.0,0,0,0,0,0,0,512,0,0,512,0,0,374,0,0,138,0,0,512,1.21759033203125,101.11116790771484,0,0
1360,A,1360,-0.004561085253953934,0.07782641053199768,nan,nan,512,0,-0.004561085253953934,0.07782641053199768,all_rows,512,0,0.010062457993626595,0.0744140625,-0.0027028299402445553,0.002984638069756329,0.10495355201419443,afda1f0097cb9bbd8cb44a342ab70ada:0:0,bfaee448ff44850e8cbd7f62e711cc29:0:0,a8c5fb4a9d04a9802c0c21fc03ea6a93:0:0,2660ac54d21982d7d658b0d7cc35010e:0:3975683086,12db6a7114b35267c8d4ac316cead98a:0:3718315108,10,1.0,0,0,0,0,0,0,512,0,0,512,0,0,376,0,0,136,0,0,512,1.1820608377456665,102.47488403320312,0,0
1361,A,1361,0.007480265107005835,0.10423929244279861,nan,nan,512,0,0.007480265107005835,0.10423929244279861,all_rows,512,0,0.014220692217350006,0.1560546875,-0.002091017784550786,0.004407599696423859,0.10205802693963051,0dc3a23acc13285ad300d7fb3713d6da:0:0,f7ecf0969682864ff4b47fe10c315580:0:0,01c598c3ff47f0584af7933b32f91665:0:0,8c721d322413930d2d645acb8d5e9e0e:0:891920800,50f4175069d4f7a969852645e35692cc:0:643191703,10,1.0,0,0,0,0,0,0,512,0,0,512,0,0,374,0,0,138,0,0,512,1.1690504550933838,102.25450897216797,0,0
1362,A,1362,-0.0003822603030130267,0.08261138945817947,nan,nan,512,0,-0.0003822603030130267,0.08261138945817947,all_rows,512,0,0.01659928262233734,0.1380859375,-0.00010959957726299762,0.0033479285542853177,0.10026724892668426,dce3d82bdc6bd9d6630b1800aab0a2da:0:0,0043af67a394b4687d2207c1facdd892:0:0,c598d2da863580d26cd26da44f2e3e28:0:0,0495a6f129bc7d455365a3ba42043b0e:0:2885157541,987c10cf806e77f445e797e869f0b98e:1:2678487865,10,1.0,0,0,0,0,0,0,512,0,0,512,0,0,355,0,0,157,0,0,512,1.209782600402832,100.92998504638672,0,0
1363,A,1363,-0.0019866912625730038,0.08478789776563644,nan,nan,512,0,-0.0019866912625730038,0.08478789776563644,all_rows,512,0,0.006893998943269253,0.13515625,-0.005819666408933699,0.0035177676938474177,0.10159988491795957,a47179fe7fb2f8eafbd9ac90858d6eda:0:0,4e388f2d43565376e348903126768523:0:0,a15c6172fc5bbcf0118aa1a14933bdff:0:0,786334dbf307923b6c723de33a25d80e:0:612968660,2f7da499d7c03919ab5ebda5a0f2c4cb:1:3125838947,10,1.0,0,0,0,0,0,0,512,0,0,512,0,0,375,0,0,137,0,0,512,1.1867187023162842,102.46534729003906,0,0
1364,A,1364,0.0045485589653253555,0.07530301809310913,nan,nan,512,0,0.0045485589653253555,0.07530301809310913,all_rows,512,0,0.013500995934009552,0.0736328125,-0.0030211431439965963,0.002807287499308586,0.10333393106702715,d92e277923ba1a80d10277f6c7aa3ada:0:0,0f55bb0d395ec252c1378939fce423c3:0:0,c35f692fe30e295f4606aa71f947fc9e:0:0,3be6bff606b088662a0b4545c5c3750e:0:4120922039,6207b221ae4eaab094400ce4d072a30b:1:1007270902,10,1.0,0,0,0,0,0,0,512,0,0,512,0,0,360,0,0,152,0,0,512,1.208490014076233,101.21442413330078,0,0
1365,A,1365,-0.006569292396306992,0.07508756965398788,nan,nan,512,0,-0.006569292396306992,0.07508756965398788,all_rows,512,0,0.003860787022858858,0.058203125,-0.0037523388862609865,0.0028096093679778277,0.11000077507924289,12183b92e3e6cac556aa9c7f710706da:0:0,fc375736da57d618c5a8e0276fa175f2:0:0,6d84637fffeb18a7b83a7451505c2339:0:0,bc9878724a2a940cacaa3fa134dd120e:0:2410085871,248088a57379317661d067b330201df8:0:1193453687,10,1.0,0,0,0,0,0,0,512,0,0,512,0,0,375,0,0,137,0,0,512,1.2101857662200928,100.03498077392578,0,0
1366,A,1366,0.005942511837929487,0.07988175004720688,nan,nan,512,0,0.005942511837929487,0.07988175004720688,all_rows,512,0,0.007470065262168646,0.0533203125,-0.001992153935134411,0.003186484088655561,0.10652362299151719,39d1c7bcb7a9ef830d867c7681a3d2da:0:0,d182d3d7533779d5461ec6f25c43a005:0:0,1a701dd3017f53572d56da327148d9fa:0:0,972a5e90e6a03084214e1c74d772af0e:0:562992380,2b00f946456c21f5f03eb373ed0c7498:0:1534513042,10,1.0,0,0,0,0,0,0,512,0,0,512,0,0,388,0,0,124,0,0,512,1.1942838430404663,99.19792175292969,0,0
1367,A,1367,-0.007142034359276295,0.07805588841438293,nan,nan,512,0,-0.007142034359276295,0.07805588841438293,all_rows,512,0,0.012350079603493214,0.140234375,-0.01101864652009681,0.0030215886537916957,0.10319131205324084,84973dce961ae1b94ed9ba27f9809eda:0:0,531cf6e9153b7ee26d606c0e5ed82030:0:0,0f6a137faf91fb4d86637557ec2b2d49:0:0,da981148a49520e61b0834fffd844c0e:0:1083628900,93d7b9186a089192c71b8952059b202e:0:2801351451,10,1.0,0,0,0,0,0,0,512,0,0,512,0,0,359,0,0,153,0,0,512,1.248414397239685,99.22708129882812,0,0
1368,A,1368,0.003232582937926054,0.08202656358480453,nan,nan,512,0,0.003232582937926054,0.08202656358480453,all_rows,512,0,0.021743960678577423,0.059765625,-0.0022121100220829247,0.0033615760738030078,0.10756117303390056,b40c58678c023e74187737dfd89d6ada:0:0,3c11c0163e7dddcc04ef36382247c724:0:0,e40014e1ac8338fddfe05cd7217de502:0:0,54ae213d40d9ee8fa8894c41f711e90e:0:1077678049,da1129238f552878e87f4514501bace3:1:3115376509,10,1.0,0,0,0,0,0,0,512,0,0,512,0,0,360,0,0,152,0,0,512,1.2991135120391846,98.55146789550781,0,0
1369,A,1369,0.005167407914996147,0.08097027987241745,nan,nan,512,0,0.005167407914996147,0.08097027987241745,all_rows,512,0,0.009759915992617607,0.0673828125,-0.0030659285839647055,0.0032740258029662073,0.1392787949880585,7e24a56f01a06ee3d8c117ea1efa36da:0:0,ffab0dfff9da854e3bc3441b0f139a4e:0:0,bc61443b6598d878bb2d3ebc375d1809:0:0,007be8f0c39debb925ae8efa141b860e:0:634742282,ba583dec064655b4f469cd37b0f91a4e:1:3278822141,10,1.0,0,0,0,0,0,0,512,0,0,512,0,0,357,0,0,155,0,0,512,1.3328821659088135,97.33357238769531,0,0
1370,A,1370,-0.009312357753515244,0.0832265093922615,nan,nan,512,0,-0.009312357753515244,0.0832265093922615,all_rows,512,0,0.015554009936749935,0.1294921875,-0.0033918814035132526,0.003459142055362463,0.15056780993472785,ca3eb644ad7be7b53aa8bc92cc9702da:0:0,07850798d90ebd0acf45e8062e0656fd:0:0,94ffa52d96781b92038b6a586caad741:0:0,7f70c1d4e58a8076c90e93a7a4a1230e:0:2186757873,6ac6d90a7a3d7b219494b1c9faefe8f4:1:883225983,10,1.0,0,0,0,0,0,0,512,0,0,512,0,0,369,0,0,143,0,0,512,1.3189923763275146,97.85830688476562,0,0
1371,A,1371,-0.0006921441527083516,0.07345087081193924,nan,nan,512,0,-0.0006921441527083516,0.07345087081193924,all_rows,512,0,0.010880645364522934,0.096484375,-0.004759251605719328,0.0026784908259287477,0.15650351194199175,ee6d650bf1831fa8f1aec825e173ceda:0:0,3820c21b640c00408dbf0ab8970775b5:0:0,afd598b895d9d092b37136a6b61ece12:0:0,dd7bb2df0ef04871ed865a89f8a2c00e:0:4224757228,d00c9397a6b842b44d8b8dbb3e73f8e4:1:1910688140,10,1.0,0,0,0,0,0,0,512,0,0,512,0,0,356,0,0,156,0,0,512,1.3553990125656128,96.45368194580078,0,0
1372,A,1372,0.006361541338264942,0.07745453715324402,nan,nan,512,0,0.006361541338264942,0.07745453715324402,all_rows,512,0,0.005129872355610132,0.0404296875,-0.0011213155463337897,0.002961496275383979,0.12568771000951529,2e21d65e9fce3d6b85e31cef5d909ada:0:0,8fd9ee44e9c117b49f63c8466c524099:0:0,0dcfb23d7f7853eb1c9c7fe04f0ad73a:0:0,c9f902817a2c47ab17c64da060205d0e:0:3553117827,26c5ff89e31f2ffb24028fcfadc18b7f:1:1107387320,10,1.0,0,0,0,0,0,0,512,0,0,512,0,0,360,0,0,152,0,0,512,1.3786712884902954,95.11096954345703,0,0
1373,A,1373,-0.00017588475020602345,0.07827300578355789,nan,nan,512,0,-0.00017588475020602345,0.07827300578355789,all_rows,512,0,0.009842908941209316,0.057421875,-0.0015177278779447078,0.003063391731120646,0.10568190098274499,7a32e292644c7cad1fe4dd3b40ed66da:0:0,ed013cda3a1cb15c8afe7a420af845ae:0:0,ddbb29388502039491cf99b3897efb61:0:0,9e3e556a7c893c94b7df40aa2b19fa0e:0:2158961037,178cf84fe2b46c442d878998df4e4174:1:2177915790,10,1.0,0,0,0,0,0,0,512,0,0,512,0,0,386,0,0,126,0,0,512,1.3093156814575195,94.78897094726562,0,0
1374,A,1374,-0.006662966683506966,0.07579941302537918,nan,nan,512,0,-0.006662966683506966,0.07579941302537918,all_rows,512,0,0.0063871885649859905,0.055859375,0.002291589742526412,0.0028643444064073266,0.10450709098950028,dfdb619b50a94a7954e26b558b8a32da:0:0,3020c334df0806dfe8bd7b11d2b800d0:0:0,72849381591f5f331a7a4d82358a467e:0:0,edbc6f23effed5d6a6cf7126a98f970e:0:1852031144,6dd7e51852a515baf126457e3e2b2421:1:2445685619,10,1.0,0,0,0,0,0,0,512,0,0,512,0,0,367,0,0,145,0,0,512,1.2744888067245483,93.92438507080078,0,0
1375,A,1375,-0.0024030827917158604,0.08510712534189224,nan,nan,512,0,-0.0024030827917158604,0.08510712534189224,all_rows,512,0,0.008769265376031399,0.0908203125,-0.005922495829872787,0.003616812382824719,0.1097364939050749,37f8707547b518cef299698a3d66feda:0:0,7b74926815af43fe2f299e8c8d2e60f0:0:0,3a6f214d47d0f17c81d09a74a2f9d15e:0:0,ae22cb9c2c4e520a600f86552b81340e:0:3105946092,bd988a2d6ade0efc57dac6e5a81af411:0:2576450953,10,1.0,0,0,0,0,0,0,512,0,0,512,0,0,355,0,0,157,0,0,512,1.2994489669799805,92.77812957763672,0,0
1376,A,1376,4.6843779273331165e-05,0.07633242011070251,nan,nan,512,0,4.6843779273331165e-05,0.07633242011070251,all_rows,512,0,0.008218543604016304,0.0439453125,-0.0010930450865998865,0.0029089410556480287,0.10598776605911553,88d32edd459de977cb56ba255683cada:0:0,d2d2dd57450a11140ef1b6689786018f:0:0,c0b5fdae6259ba04b3e2a7a31b2cae06:0:0,613ffac3ef19cfbff71f913500eed10e:0:4145983894,482ff8cd58057a7437a8ab7aa6327bce:0:3228475361,10,1.0,0,0,0,0,0,0,512,0,0,512,0,0,354,0,0,158,0,0,512,1.287595272064209,92.0706787109375,0,0
1377,A,1377,0.0030822576954960823,0.0798836424946785,nan,nan,512,0,0.0030822576954960823,0.0798836424946785,all_rows,512,0,0.004475349560379982,0.0611328125,-0.004212852660566568,0.0031855742796324193,0.10752924205735326,3256a802c243902081f67f72d6e096da:0:0,6e58e165fe6ded54bd769af89e82c187:0:0,5011a61c0acdeb3989d170600ca14309:0:0,182a13bd00b1541bc9140c8579d86e0e:0:1464137852,c34e28cb9556b4554c5b98501e4db776:0:2962983707,10,1.0,0,0,0,0,0,0,512,0,0,512,0,0,370,0,0,142,0,0,512,1.3171552419662476,91.21187591552734,0,0
1378,A,1378,0.004994579125195742,0.07731505483388901,nan,nan,512,0,0.004994579125195742,0.07731505483388901,all_rows,512,0,0.004299761727452278,0.061328125,-0.004284820705652237,0.002999161172192544,0.10947012796532363,6dfa98b8aaf3abb055e41bbebe7d62da:0:0,e19f04a986f633b7252adb6adc45c824:0:0,ef9d124458529e3bef480aaba1d78e63:0:0,331235904e6e4e5cea22dcc5e63e0b0e:0:1429050126,15c5c4a6b6c62f3eb7a8afbb495be3f5:0:1561553752,10,1.0,0,0,0,0,0,0,512,0,0,512,0,0,374,0,0,138,0,0,512,1.2826389074325562,90.6114273071289,0,0
1379,A,1379,-0.004632160067558289,0.08207213133573532,nan,nan,512,0,-0.004632160067558289,0.08207213133573532,all_rows,512,0,0.0023137093521654606,0.00703125,-0.00021323177497833967,0.0033660273649729787,0.10811161098536104,f026918cb0d956e0ef1a31550d5a2eda:0:0,d4088f91a82ca5f6fe175feb30141452:0:0,df2552bfbcbbc1c61abbdd4a0d454936:0:0,0a27aa039b941e9c4f305035961fa80e:0:2437283469,d797b25fa07a7ba8db9d58a6d0588234:0:1465371521,10,1.0,0,0,0,0,0,0,512,0,0,512,0,0,381,0,0,131,0,0,512,1.2261191606521606,91.34764099121094,0,0
1380,A,1380,0.0030367872677743435,0.08112350851297379,nan,nan,512,0,0.0030367872677743435,0.08112350851297379,all_rows,512,0,0.005875874776393175,0.05,0.0005637002177536488,0.0032792787882499398,0.11184411693830043,979e8b0ae96c90162a22a281c376fada:0:0,1f34504989b0c40fa4f01cc4418181f9:0:0,b15dfcd1941459430f9fe7ae5e9a9679:0:0,769af5eacec9e614b35c1ed3d97d450e:0:3181713622,68443ba1b1df96756cdaa1dc891eac80:0:810466625,10,1.0,0,0,0,0,0,0,512,0,0,512,0,0,379,0,0,133,0,0,512,1.215187430381775,90.915771484375,0,0
1381,A,1381,-0.09498241543769836,0.10907889157533646,nan,nan,512,0,-0.09498241543769836,0.10907889157533646,all_rows,512,0,0.00332531426101923,0.0775390625,-0.004651354951784014,0.0045862243277952075,0.10696739295963198,17ea6652fe2d5875e4169190e0d3c6da:0:0,b0e600217ae8f76855427bf52e5e5990:0:0,5436cec01c051911cfe39b1c27c62ef8:0:0,fac45b33445fa743398e6a600056e20e:0:220775757,b17eb416eea2a6bcc0b757d0d6cd73fc:1:1013155581,10,1.0,0,0,0,0,0,0,512,0,0,512,0,0,362,0,0,150,0,0,512,1.2424100637435913,90.04290771484375,0,0
1382,A,1382,0.023951523005962372,0.08456667512655258,nan,nan,512,0,0.023951523005962372,0.08456667512655258,all_rows,512,0,0.008577127940952778,0.0373046875,-0.00017738575115799904,0.0033748836955055594,0.10480031091719866,74dd040368f68a3fc69e60ce657092da:0:0,df0e5592cfc200d750716464d991ad69:0:0,667aad4c83ff2776b8c6615b469fdc35:0:0,5226c5e46cae7c30ca04be595aac7f0e:0:540273026,b4c35786e5bb411ccf14d269b1b01e77:1:796565594,10,1.0,0,0,0,0,0,0,512,0,0,512,0,0,371,0,0,141,0,0,512,1.1989936828613281,89.31336975097656,0,0
1383,A,1383,-0.005793832708150148,0.07876083999872208,nan,nan,512,0,-0.005793832708150148,0.07876083999872208,all_rows,512,0,0.0057509103789925575,0.0478515625,-0.001966277463361621,0.003107992897275835,0.10448141593951732,fea5975e7a34666513f1b286514d5eda:0:0,4106112cf3544c58594412fd0f26f948:0:0,910ab1612c5f4687a6210f97ea7d8349:0:0,1c97d8645a0169342bdf0fff387e1c0e:0:1953403311,c301f2808d66c8030ee96f6fe7544685:0:2649713202,10,1.0,0,0,0,0,0,0,512,0,0,512,0,0,374,0,0,138,0,0,512,1.2389602661132812,89.9002685546875,0,0
1384,A,1384,-0.0030781738460063934,0.07888238877058029,nan,nan,512,0,-0.0030781738460063934,0.07888238877058029,all_rows,512,0,0.009057538583874702,0.0548828125,-0.00346909963991493,0.003107035288121551,0.10688577499240637,4e6ea36c264ad96072d76904a46a2ada:0:0,dc90c69288d82a59d6b5734116bd5d68:0:0,9989c501589041f7fa238760d4e3f302:0:0,aeb52674ba92127cdaacbe50e9cbb90e:0:76180277,1a1a8b86319c2b7c83bf50274d2acec5:0:3865483118,10,1.0,0,0,0,0,0,0,512,0,0,512,0,0,357,0,0,155,0,0,512,1.2542070150375366,90.91252899169922,0,0
1385,A,1385,0.009892037138342857,0.07923486083745956,nan,nan,512,0,0.009892037138342857,0.07923486083745956,all_rows,512,0,0.0034373225644230843,0.0693359375,-0.004551293351687491,0.003134590364061296,0.10553607891779393,92b9a3bad777774dbaa5a6955ec6f6da:0:0,0dc5d84b7c9aa267b681e97f90ac02e1:0:0,eb11e4a165dab9b2413d1a1bedc41531:0:0,de90539111425ab697f9920dbe95560e:0:3548592479,d09eceba6949faac0fded47f899e3962:1:28073485,10,1.0,0,0,0,0,0,0,512,0,0,512,0,0,357,0,0,155,0,0,512,1.2536954879760742,90.9233169555664,0,0
1386,A,1386,-0.008654744364321232,0.07502629607915878,nan,nan,512,0,-0.008654744364321232,0.07502629607915878,all_rows,512,0,0.005214892327785492,0.0328125,-0.0025015782564878465,0.0027875389554537834,0.10719075798988342,4fa4c240c17b2f41bf41cd848063c2da:0:0,eb0132e113a4292a3404db5062653998:0:0,123df446c742de52f751c1d9424ba3fb:0:0,ff8fb295d2d9b115b8dabdb506daf30e:0:2393513537,1b7f882c1a4186637b12323af0f13b97:1:3514939112,10,1.0,0,0,0,0,0,0,512,0,0,512,0,0,371,0,0,141,0,0,512,1.2597581148147583,90.74137878417969,0,0
1387,A,1387,-0.007356930524110794,0.08084467798471451,nan,nan,512,0,-0.007356930524110794,0.08084467798471451,all_rows,512,0,0.0020447452552616596,0.040234375,-0.002476361207664013,0.0032466125674545767,0.11325726506765932,995927be7457b5e21d20801e09408eda:0:0,3a1d874ca0df927b390b57f7ab04117f:0:0,bb6fbc3c99b2d720e77780be44051c19:0:0,e6f47bdd5daa951c2f7bdd86129c900e:0:3352505767,e79b08109b2236942c8b3737dd094e8b:0:2283770787,10,1.0,0,0,0,0,0,0,512,0,0,512,0,0,382,0,0,130,0,0,512,1.274151086807251,90.23028564453125,0,0
1388,A,1388,0.005659397225826979,0.07927174866199493,nan,nan,512,0,0.005659397225826979,0.07927174866199493,all_rows,512,0,0.0036324274260550737,0.0552734375,-0.0006958798505365849,0.0031253750319592656,0.11198319995310158,c5446be2ab6ca73d0545a0adf95d5ada:0:0,a061f90ef3dc1ff54d92cb9510caf359:0:0,5a052e940a340cec328d98dc33fbd6a1:0:0,b1b54e478ea2966750abf78031da2d0e:0:2625369995,adbb6deb64fa22d552592141cc588df6:0:2505380949,10,1.0,0,0,0,0,0,0,512,0,0,512,0,0,369,0,0,143,0,0,512,1.3016202449798584,90.68729400634766,0,0
1389,A,1389,0.005572650581598282,0.07433737069368362,nan,nan,512,0,0.005572650581598282,0.07433737069368362,all_rows,512,0,0.011774965561926365,0.0650390625,0.0006406876258552074,0.002749908692203462,0.10392935492563993,a0b66e4e96405fe10944518050ba26da:0:0,28b252d011a7861a675919b492506054:0:0,ec57c8e027d83f963bd17c4514b66410:0:0,cfeb60e700e4d6d6556a7b62b493ca0e:0:594589326,0d51d716c653646ed2cae24993399766:0:468936363,10,1.0,0,0,0,0,0,0,512,0,0,512,0,0,341,0,0,171,0,0,512,1.3019378185272217,90.60295104980469,0,0
1390,A,1390,-0.006636539939790964,0.07076530903577805,nan,nan,512,0,-0.006636539939790964,0.07076530903577805,all_rows,512,0,0.006763152778148651,0.0568359375,-0.003235510317608714,0.002485431672539562,0.10436102002859116,7046717918408d34e73ef4e10f56f2da:0:0,325d46ea864f7e9b80295adccde12ada:0:0,b467f846b47293f9a2a0943fd583d91b:0:0,9c57c84fcc2cd559987442aceac9670e:0:3326987108,1598188e90ff4831b0493b26153a4525:1:2771290397,10,1.0,0,0,0,0,0,0,512,0,0,512,0,0,360,0,0,152,0,0,512,1.2615050077438354,91.6070556640625,0,0
1391,A,1391,0.003927821759134531,0.07989140599966049,nan,nan,512,0,0.003927821759134531,0.07989140599966049,all_rows,512,0,0.0015762841794639826,0.100390625,0.005852296575903892,0.0031840028590522707,0.10563850402832031,5a3eac4ebcc6750f55e72d1c3533beda:0:0,17dcfc055a37d27648e7d25f80d5f8c0:0:0,119e1e01a42620f915e662567c3c848f:0:0,728705bada5507ba8fd0909e247b040e:0:3806346063,cdba2f67a2fb27bc23360e1882f5397e:1:2217731073,10,1.0,0,0,0,0,0,0,512,0,0,512,0,0,368,0,0,144,0,0,512,1.272318720817566,92.56458282470703,0,0
1392,A,1392,-0.004144386854022741,0.07530348002910614,nan,nan,512,0,-0.004144386854022741,0.07530348002910614,all_rows,512,0,0.008483359590172768,0.0662109375,-0.002342116739600897,0.002724778698757291,0.10228104097768664,6e7caf4b5caaf48ed07ddc7dc2508ada:0:0,2a5c59b6024fd21503670f4d5b55c49f:0:0,b31aec11cf47166ae18d2bc7b556b571:0:0,3933995aad7a89ac825e1235b1a8a10e:0:2727013814,29614ad4c8f87f40b7061c0318e78483:0:4041710037,10,1.0,0,0,0,0,0,0,512,0,0,512,0,0,360,0,0,152,0,0,512,1.2483301162719727,92.9540023803711,0,0
1393,A,1393,-0.001660529407672584,0.08454211056232452,nan,nan,512,0,-0.001660529407672584,0.08454211056232452,all_rows,512,0,0.009876926429569721,0.0603515625,-0.0037705836817622184,0.003476335306186229,0.1015672009671107,46f6eda9b2b6363162d32551b6ad56da:0:0,362dff19003ca8b7d5d17a2b0c3b0e78:0:0,462c541bed110fb428afdfd756a7bba3:0:0,2a39ae56ae54e775f95fde32e2523e0e:0:1593104796,4bac36a95b9a03be8708223ceca09afb:1:2790355753,10,1.0,0,0,0,0,0,0,512,0,0,512,0,0,400,0,0,112,0,0,512,1.2404776811599731,92.40557098388672,0,0
1394,A,1394,0.005484101362526417,0.07705873996019363,nan,nan,512,0,0.005484101362526417,0.07705873996019363,all_rows,512,0,0.005162819754332304,0.07421875,-0.007689048256725073,0.0029503664816729726,0.11027069704141468,44ac7b245c371f2c754669e4124a22da:0:0,6098f9c5b6b90c0ca6cd219945bfc705:0:0,9404c8d2bd9ef190b3bff4228ef08459:0:0,5d10a7e4d576ca82ee0a75150677db0e:0:35854694,e1845388c955e201988ba449124df2f8:0:267895259,10,1.0,0,0,0,0,0,0,512,0,0,512,0,0,355,0,0,157,0,0,512,1.2427465915679932,92.40501403808594,0,0
1395,A,1395,0.006576114799827337,0.07683493196964264,nan,nan,512,0,0.006576114799827337,0.07683493196964264,all_rows,512,0,0.003632501233369112,0.027734375,-0.0007561861537396907,0.0029195773880928756,0.10464915493503213,bc6b9aa3030e740498c64c80d526eeda:0:0,36b9bd19100be8d7ab8922dca19dacb9:0:0,5cd4e0842595b513ccb421755bdc2c63:0:0,834b25e2ba4a0e2fb310c11b6e19780e:0:3562239521,e4f9386a80fe676bb457174e9c8b2b9a:1:1461162510,10,1.0,0,0,0,0,0,0,512,0,0,512,0,0,367,0,0,145,0,0,512,1.2492176294326782,91.82423400878906,0,0
1396,A,1396,-0.005571686662733555,0.07638967037200928,nan,nan,512,0,-0.005571686662733555,0.07638967037200928,all_rows,512,0,0.014443175867199898,0.0783203125,-0.0029951805947348474,0.0029048178461380304,0.10469072591513395,04d6120dae79b46552d0af73ff43bada:0:0,53ffbe9835f3938eb9d14258dc621ccf:0:0,d6cc3c06357e07362365c61a9dfa7af1:0:0,68681e1ac7b7831c9a3116456937150e:0:2686813372,fb85fdfa18c66f75308e4b6fec7d660c:1:741268055,10,1.0,0,0,0,0,0,0,512,0,0,512,0,0,379,0,0,133,0,0,512,1.2669329643249512,91.62065887451172,0,0
1397,A,1397,0.007751566357910633,0.08350244164466858,nan,nan,512,0,0.007751566357910633,0.08350244164466858,all_rows,512,0,0.004623946733772755,0.0685546875,-0.002690433757379651,0.003472247568424791,0.1050609330413863,4a975b5f77e9ae38e972b50990a086da:0:0,b3a20f2788050f50d7ae675e0106d370:0:0,601cb5da352046e556b6d4ec1ca9cf8b:0:0,7aba500c8888675a55c2325247d0b20e:0:1029920080,ed73e3c3bee2e6952e900928955c966d:0:2088590693,10,1.0,0,0,0,0,0,0,512,0,0,512,0,0,397,0,0,115,0,0,512,1.1992566585540771,93.3404769897461,0,0
1398,A,1398,-0.003978016320616007,0.07088425755500793,nan,nan,512,0,-0.003978016320616007,0.07088425755500793,all_rows,512,0,0.002350939903408289,0.062890625,-0.0005900351330637932,0.0024967035162262617,0.10375886003021151,6020baf12130c8002f48bf8d893d52da:0:0,3e9c71dda814a17953193f39beee0a83:0:0,0678c8b9f6d0878642c6404ae65a3d2e:0:0,2aa65d93acad59bf16403cc159e64f0e:0:2890873240,ef079cc79bf780f548d3fe2b73676341:0:4203503005,10,1.0,0,0,0,0,0,0,512,0,0,512,0,0,369,0,0,143,0,0,512,1.2398655414581299,92.92145538330078,0,0
1399,A,1399,-3.794336225837469e-05,0.07980751246213913,nan,nan,512,0,-3.794336225837469e-05,0.07980751246213913,all_rows,512,0,0.0076597509905695915,0.0884765625,-0.0032496189582161606,0.003180844592861831,0.10631235898472369,72b1fed34955026a4f7e714be91a1eda:0:0,fd27e2159223711b996d761e91e7b58c:0:0,b0cca8a6fbbf158dcc5d4412ce5e9885:0:0,fee03d2494b44eb463d9c6d1ef77ec0e:0:980678634,25633df72180cccb2475ffd1eb0bcc78:1:1501596513,10,1.0,0,0,0,0,0,0,512,0,0,512,0,0,372,0,0,140,0,0,512,1.2161513566970825,92.73846435546875,0,0
1400,A,1400,-0.002968908753246069,0.07416129112243652,nan,nan,512,0,-0.002968908753246069,0.07416129112243652,all_rows,512,0,0.014003213495016098,0.109765625,-0.0016694486141204834,0.0027436503558419647,0.1062497179955244,ae3b32ef3d51b12c99ceac90b036eada:0:0,dd3bb578a87e0222db6b39fa4b1bbaa7:0:0,8b3f310dea369e5e95d6aca5fe47b4db:0:0,96f0e482d9d4cccdb3fccb835885890e:0:202017326,25b017f555371b593c74ac87b3cb4362:0:495772253,10,1.0,0,0,0,0,0,0,512,0,0,512,0,0,367,0,0,145,0,0,512,1.1883680820465088,93.96016693115234,0,0
1401,A,1401,0.01680632121860981,0.09127135574817657,nan,nan,512,0,0.01680632121860981,0.09127135574817657,all_rows,512,0,0.0030985234770923853,0.05078125,-0.0030126082710921764,0.0035256735631264747,0.10662816499825567,6bfbe984a214eb1a4e8393a7de93b6da:0:0,5e7fadb3f84a67a26630226d2f91319f:0:0,6e41eede54cc304bc1b84ca034abdc4f:0:0,d28c9ed26f177777bae3af94e50f260e:0:4078200993,cb2c729caad405d04e48c2aedcea9159:1:739024271,10,1.0,0,0,0,0,0,0,512,0,0,512,0,0,378,0,0,134,0,0,512,1.2458794116973877,92.78318786621094,0,0
1402,A,1402,-0.013751799240708351,0.08270296454429626,nan,nan,512,0,-0.013751799240708351,0.08270296454429626,all_rows,512,0,0.013832070864737034,0.046875,-0.002468794444575906,0.003195507125928998,0.10879022697918117,93efd7797504b17c6a7688dd743082da:0:0,10b2a1863383ab1e2345a1510a4bd8ca:0:0,0c83120d6a6570a86be6caa47a08249a:0:0,796678aa9b3bae1079224185e514c30e:0:4173182072,86709f6df27ad9ca7c71978495230286:1:3014454694,10,1.0,0,0,0,0,0,0,512,0,0,512,0,0,370,0,0,142,0,0,512,1.2018318176269531,92.37666320800781,0,0
1403,A,1403,0.01150619238615036,0.0767504945397377,nan,nan,512,0,0.01150619238615036,0.0767504945397377,all_rows,512,0,0.004555145278573036,0.0220703125,-0.002421981398947537,0.002910752804018557,0.10251586092635989,66566fd12057cea973102e7d710d4eda:0:0,eddef9e62ba068d80ba9b915cdde6bea:0:0,4343b5c111483e55996045a0c2aece50:0:0,4f17d25f2b1bc5b80532b995a896600e:0:3031877956,24b1c2941604b9081468683351f4199f:0:1268280533,10,1.0,0,0,0,0,0,0,512,0,0,512,0,0,391,0,0,121,0,0,512,1.2245571613311768,90.80831146240234,0,0
1404,A,1404,-0.00036382232792675495,0.07796790450811386,nan,nan,512,0,-0.00036382232792675495,0.07796790450811386,all_rows,512,0,0.004720988217741251,0.0951171875,0.004197621624916792,0.002990789187606424,0.101837201975286,f833e17ea08e6bdd424866d3d52a1ada:0:0,63a6b50709ab9e3d50f5b65c7a364616:0:0,3ad2fe528443211d6c8c9cf5fe7a19de:0:0,0ba41603d96e242a1102b9c37f93fd0e:0:111782896,848aafd195adcc8740bc168a9e94f223:0:2241634130,10,1.0,0,0,0,0,0,0,512,0,0,512,0,0,368,0,0,144,0,0,512,1.2640267610549927,91.18106842041016,0,0
1405,A,1405,-0.007548217661678791,0.07704798877239227,nan,nan,512,0,-0.007548217661678791,0.07704798877239227,all_rows,512,0,0.016896933317184448,0.084375,0.004158986918628216,0.002968549611978233,0.10226671793498099,52cd5ea4f8565e50d2a6542ca086e6da:0:0,6ff7cc886a7a8accb934aadc9a20b617:0:0,4f6f9ef91619c17941bc46ee67faa9f4:0:0,ae74adbc02df41f02b804dceba0d9a0e:0:240589403,6ca669248aaa743c94c9c3208ca081b6:0:3244208479,10,1.0,0,0,0,0,0,0,512,0,0,512,0,0,379,0,0,133,0,0,512,1.2868725061416626,90.22509765625,0,0
1406,A,1406,0.0007651897612959146,0.07467992603778839,nan,nan,512,0,0.0007651897612959146,0.07467992603778839,all_rows,512,0,0.011661402881145477,0.0509765625,-0.0018640158232301474,0.0027800863375887276,0.10296104999724776,6218e43870272b920b4058d3d323b2da:0:0,bff50e40b2af46a7ad761c0edc379592:0:0,9d6b743952ee9d5372f5111158a5f81a:0:0,f59ae1b1549e5a3cbe26eb36a803370e:0:1574982719,856b3caf0390a85492e534a338be6144:0:496460936,10,1.0,0,0,0,0,0,0,512,0,0,512,0,0,373,0,0,139,0,0,512,1.3257752656936646,88.82025909423828,0,0
1407,A,1407,0.006227761507034302,0.07684119045734406,nan,nan,512,0,0.006227761507034302,0.07684119045734406,all_rows,512,0,0.004039396531879902,0.05,-0.0010177187155932187,0.002933006640523672,0.10330621898174286,b821d4d25ee1c51b8bbc17156d007eda:0:0,ef2cef95a72e6e26286086e5d71ab63d:0:0,fc29d25d15d51679fa151bc3902280c1:0:0,588bc58b37944ebec68c713a9974d40e:0:2188034680,194bcb9033690767fa7e5a4a69655ebb:1:1938609735,10,1.0,0,0,0,0,0,0,512,0,0,512,0,0,379,0,0,133,0,0,512,1.3953111171722412,87.92733001708984,0,0
1408,A,1408,0.002115416806191206,0.07187570631504059,nan,nan,512,0,0.002115416806191206,0.07187570631504059,all_rows,512,0,0.002730313688516617,0.07890625,-0.00867425969336182,0.0025697699282318355,0.10325868206564337,aabfa16878bffb2c784e713d6e1d4ada:0:0,401bc3db047b16f364b2aab94c671cf5:0:0,b290c456c72c3693e2b538702a6ae55e:0:0,3d9aad724b9a05be4bee28d9de62710e:0:3915443433,70bae3742c1e9153efe425d3ecd091b5:1:216010345,10,1.0,0,0,0,0,0,0,512,0,0,512,0,0,348,0,0,164,0,0,512,1.383569598197937,88.78743743896484,0,0
1409,A,1409,-0.009365139529109001,0.07100818306207657,nan,nan,512,0,-0.009365139529109001,0.07100818306207657,all_rows,512,0,0.003059674985706806,0.0390625,-0.004016814986243844,0.0025081911822780966,0.10829647199716419,7cea6e77e1dfa6e045bb8997d67a16da:0:0,ba3de5d51bc5dc62ff8348e909750868:0:0,abdca15cde8974572d080db614020c3b:0:0,e582ec8b542148d190bdc4d3c6cc0e0e:0:2677288009,09f26b6e124e7b38c8db11f72362c9f5:1:1883922086,10,1.0,0,0,0,0,0,0,512,0,0,512,0,0,390,0,0,122,0,0,512,1.3575719594955444,89.48344421386719,0,0
1410,A,1410,-0.003249888075515628,0.07574048638343811,nan,nan,512,0,-0.003249888075515628,0.07574048638343811,all_rows,512,0,0.004357768688350916,0.02421875,-0.0019397896248847246,0.002824552124366164,0.10591165302321315,24bb241381b58b868556c270a616e2da:0:0,2be08fd92041c3e27760b77dccff1b65:0:0,5073801072b780ba32bd6746f68be8e2:0:0,1b895c5f82e0ea7b002e61a7a2b1ab0e:0:3564018935,b8b1505c3ed606f451d448dc78513cc2:1:1644239388,10,1.0,0,0,0,0,0,0,512,0,0,512,0,0,387,0,0,125,0,0,512,1.3322094678878784,89.81236267089844,0,0
1411,A,1411,0.005394700914621353,0.0754723846912384,nan,nan,512,0,0.005394700914621353,0.0754723846912384,all_rows,512,0,0.0025199386291205883,0.04921875,-0.0026235911063849926,0.0028264963533729316,0.10442693007644266,d9f8a32454b3ef3ab102be13dcf3aeda:0:0,24db495fb53795f0fbca2d4ed992950e:0:0,87724af9328233338d1aaf506428740f:0:0,c9ee27d91532b8ffd7c18594c213480e:0:3901978056,bf0bd67084bfd63fee2e10403e203189:1:2355197247,10,1.0,0,0,0,0,0,0,512,0,0,512,0,0,354,0,0,158,0,0,512,1.3592253923416138,89.54232788085938,0,0
1412,A,1412,0.0023743589408695698,0.0743899866938591,nan,nan,512,0,0.0023743589408695698,0.0743899866938591,all_rows,512,0,0.009500278159976006,0.106640625,-0.002924239682033658,0.0027448251843452454,0.1012097189668566,f63af209b970eabbf7315ecd7b107ada:0:0,79dc21cc74e2890ad53276e73ddf07a2:0:0,0a641584a47295f555e9332c129322c3:0:0,adb9a74ebdef84c78cd4209a74f0e50e:0:4204340204,e35718e824f8282f1795614f14468f3c:0:3262752560,10,1.0,0,0,0,0,0,0,512,0,0,512,0,0,374,0,0,138,0,0,512,1.3600324392318726,89.50162506103516,0,0
1413,A,1413,-0.0009671180741861463,0.06755083054304123,nan,nan,512,0,-0.0009671180741861463,0.06755083054304123,all_rows,512,0,0.005727611016482115,0.0892578125,0.0018939387053251266,0.0022827723529189824,0.10221012600231916,d66716a6f698708506e3c6e9806d46da:0:0,c4d84039736037de9480c44cc89fb07f:0:0,742d85203f1d83fdfe575f643978b8cf:0:0,85ab2f8a57b34093ee2b8c780b4a820e:0:779936078,b05c99d4f49a4b7020bb92928bc2ea2a:1:3026711946,10,1.0,0,0,0,0,0,0,512,0,0,512,0,0,357,0,0,155,0,0,512,1.3356916904449463,90.57626342773438,0,0
1414,A,1414,0.002353162504732609,0.07704219967126846,nan,nan,512,0,0.002353162504732609,0.07704219967126846,all_rows,512,0,0.011140088550746441,0.1103515625,0.0029659369494765995,0.0029606780037283896,0.10329010803252459,64d303ca76f60b23dbaa58b3ed0a12da:0:0,3b7f8c55524f33ace45df723817ff360:0:0,3256e0a55d6d33759f4bd4cc047462f8:0:0,3a5b45c3da9101e201828cacd5201f0e:0:2075193191,104d210a5409e983b48b0bc4ca1d4c6c:1:4199309996,10,1.0,0,0,0,0,0,0,512,0,0,512,0,0,366,0,0,146,0,0,512,1.306267261505127,91.68994903564453,0,0
1415,A,1415,-0.007010635454207659,0.07992912828922272,nan,nan,512,0,-0.007010635454207659,0.07992912828922272,all_rows,512,0,0.014236684888601303,0.1205078125,0.0010169428307563067,0.0031888361554592848,0.10428271407727152,c3007bba78e252d189a4b678c0e6deda:0:0,9ca6a1cd0483ae226a1c43d7ca1130f8:0:0,6df7a66e4e49160a97bcd1400af709e9:0:0,303dc02c8c5c67c39d164e782271bc0e:0:3168457400,aacca71f1a72ecbfb0fffb3e85bbc1d4:1:141029963,10,1.0,0,0,0,0,0,0,512,0,0,512,0,0,366,0,0,146,0,0,512,1.2516587972640991,92.69313049316406,0,0
1416,A,1416,0.007093838416039944,0.07583458721637726,nan,nan,512,0,0.007093838416039944,0.07583458721637726,all_rows,512,0,0.01400254387408495,0.1134765625,-0.005136505770497024,0.0028604480903595686,0.1047130620572716,38d011922e601a4a0981c283fc03aada:0:0,f12dd9b8400f86bb10f207ad59a6f25f:0:0,bf2c8cecb99bbf6f3d6ffbaab539c226:0:0,ea3b4fdbdbcbae81bd3368d9433f590e:0:3255419046,6e1b9faff1e32c17709166bc1ca258e1:0:2821627587,10,1.0,0,0,0,0,0,0,512,0,0,512,0,0,365,0,0,147,0,0,512,1.2357079982757568,94.2527847290039,0,0
1417,A,1417,-0.0008895308710634708,0.07583808898925781,nan,nan,512,0,-0.0008895308710634708,0.07583808898925781,all_rows,512,0,0.004156266339123249,0.0302734375,-0.0025670870440080763,0.0028740144101902843,0.11111614992842078,249286f98b3552e4047f9f219e6076da:0:0,b75c4467ec0dc26afdc1add17aa43938:0:0,5dc3025059f7bfb0a2369bf9068a4702:0:0,c6516fb34cd3765795c2dc8f8788f60e:0:3651036589,3f3e27e7e3ca19bf78cf1fea01a568de:0:3804401634,10,1.0,0,0,0,0,0,0,512,0,0,512,0,0,369,0,0,143,0,0,512,1.272369623184204,94.33678436279297,0,0
1418,A,1418,-0.001979825086891651,0.07444896548986435,nan,nan,512,0,-0.001979825086891651,0.07444896548986435,all_rows,512,0,0.003165693022310734,0.0349609375,-0.00021066060289740563,0.002771722467150539,0.10198067198507488,2ab6a3a13e4ba7e8a06bae9da7fd42da:0:0,4977450e470ce08b9d764ba8146089ac:0:0,4ba78f39c0265a83151826f62436d503:0:0,9e25b61d4fbb03965fd7141a3f4e930e:0:249686817,abc8cdba9e2528d34458bc6201c77f3b:0:1982331029,10,1.0,0,0,0,0,0,0,512,0,0,512,0,0,366,0,0,146,0,0,512,1.3244659900665283,94.66620635986328,0,0
1419,A,1419,0.0009017642005346715,0.0787932276725769,nan,nan,512,0,0.0009017642005346715,0.0787932276725769,all_rows,512,0,0.010867229662835598,0.07421875,-0.0041717167245224115,0.003090098372194916,0.10141207301057875,5c3c4fcb93a4d12b4ba2934418da0eda:0:0,51422ebce95e5b5ff467091b8431b0d9:0:0,4af8562d4908f9d05a5bebec3f2e2c05:0:0,fe75575fcc857e81e338e3b8ba90300e:0:983263694,6a3503d6529e5a0f09ff8d940b79dd5f:0:2044843032,10,1.0,0,0,0,0,0,0,512,0,0,512,0,0,365,0,0,147,0,0,512,1.3717138767242432,94.64065551757812,0,0
1420,A,1420,-0.0016752042574808002,0.07053910940885544,nan,nan,512,0,-0.0016752042574808002,0.07053910940885544,all_rows,512,0,0.004132399335503578,0.038671875,-0.0033356954576447607,0.0024712039972655474,0.10163326992187649,7fd3330a3c2e9ce189102f60f0f6dada:0:0,f48991b48739dd0c5f7e21b82b8e0978:0:0,9d82a8bc29de7b24923f3ae27c30363f:0:0,6fd7dd92996a7935bbf4896a494dcd0e:0:83265402,ca8a276bfc02df6f025f39ab339dc2e5:1:1202729959,10,1.0,0,0,0,0,0,0,512,0,0,512,0,0,375,0,0,137,0,0,512,1.3607215881347656,95.11293029785156,0,0
1421,A,1421,0.0289648175239563,0.07451724261045456,nan,nan,512,0,0.0289648175239563,0.07451724261045456,all_rows,512,0,0.007173851598054171,0.0994140625,-0.005252527119591832,0.0027141934842802584,0.10182040499057621,21db5c3838c2b0babc2fa5403053a6da:0:0,f4ba6d4e7bbe5e55f5e5c4d92021ee0e:0:0,c06ca6c036ac6d0523a5703d0a9b5aa1:0:0,e49ea41ffd35c1e35be6acee3b876a0e:0:3154409699,b221f573977da5eafba1daa38ade2395:1:4244757048,10,1.0,0,0,0,0,0,0,512,0,0,512,0,0,378,0,0,134,0,0,512,1.3307435512542725,96.0008773803711,0,0
1422,A,1422,-0.008972986601293087,0.07264738529920578,nan,nan,512,0,-0.008972986601293087,0.07264738529920578,all_rows,512,0,0.009559230878949165,0.08984375,-0.0042261754162609575,0.002630126429721713,0.10405391606036574,92a18796659e0237f50b572dd6f072da:0:0,c8d701d72108870cf9b1208300aede30:0:0,ad9ff870ad36ba9f3e9c4b2f0a621cca:0:0,4cc0b905c58447b8c8495fc3e13d070e:0:672583825,40b49de047c9c27cc88fd7797f40b60f:0:1953728571,10,1.0,0,0,0,0,0,0,512,0,0,512,0,0,374,0,0,138,0,0,512,1.3068546056747437,96.92121887207031,0,0
1423,A,1423,0.004910777788609266,0.0707869678735733,nan,nan,512,0,0.004910777788609266,0.0707869678735733,all_rows,512,0,0.007361183408647776,0.0521484375,-0.0013084051199257374,0.00248496716376394,0.10598300106357783,8f6673d0639c0643bc3ce775e4cd3eda:0:0,33e3fe9dc7fc75a65a078bb81e6223f1:0:0,84125d098917e4f0033828d4ea2efa2e:0:0,3468efd45cf198c013411d2a8a6ea40e:0:3866179919,23581f1d527e32b26e2c5e9d96c10f8b:0:961377345,10,1.0,0,0,0,0,0,0,512,0,0,512,0,0,367,0,0,145,0,0,512,1.2616088390350342,96.1448974609375,0,0
1424,A,1424,-6.958696758374572e-05,0.07998955249786377,nan,nan,512,0,-6.958696758374572e-05,0.07998955249786377,all_rows,512,0,0.014232365414500237,0.1193359375,-0.0057791476137936115,0.0031853623106144367,0.10456115403212607,01495e8edc819809deed386459ea0ada:0:0,522a2e3bb25ec9c11721c6f403994ee2:0:0,083a6bae2496897cd174b0dfa8e78a46:0:0,80ec0ba2ae673f079169ca21871c410e:0:695959049,f7774712a644e9d6ac45a9b66ebf6a5c:1:3650581798,10,1.0,0,0,0,0,0,0,512,0,0,512,0,0,371,0,0,141,0,0,512,1.2164452075958252,95.37836456298828,0,0
1425,A,1425,0.0039005756843835115,0.07147359102964401,nan,nan,512,0,0.0039005756843835115,0.07147359102964401,all_rows,512,0,0.017278600484132767,0.1009765625,-0.0014530410058796405,0.0025466991122812034,0.11118304403498769,0c49351b5fa3970f3ad46c453646d6da:0:0,ddd7c540023d258aa67b25f1e88c135b:0:0,1bdd8ab1646077a0f8de71473de7df43:0:0,73ce17d580dd0362cb63b5682745de0e:0:2039338699,c1937e2ca60f121e4a5a26850e5e8e4d:0:1487513681,10,1.0,0,0,0,0,0,0,512,0,0,512,0,0,361,0,0,151,0,0,512,1.2174016237258911,96.05760955810547,0,0
1426,A,1426,-0.006578744389116764,0.0818677768111229,nan,nan,512,0,-0.006578744389116764,0.0818677768111229,all_rows,512,0,0.0056881229393184185,0.058203125,-0.002440557163208723,0.003326208994258195,0.1059330990538001,9f7e457954353c898a39e56479e3a2da:0:0,161918fcffcdbf1ca2e3ab15be68a4b7:0:0,603acb0a8d5c06a755ee7f9c8e8fd537:0:0,8314cdab51f6dc142b60977dbaeb7b0e:0:3944589082,67dd65b44534fae6ff6ae298c551dcde:1:848501836,10,1.0,0,0,0,0,0,0,512,0,0,512,0,0,365,0,0,147,0,0,512,1.2406009435653687,97.14017486572266,0,0
1427,A,1427,0.007145716343075037,0.07271359115839005,nan,nan,512,0,0.007145716343075037,0.07271359115839005,all_rows,512,0,0.0018876171670854092,0.067578125,-0.005777177331037819,0.0025893781799823045,0.10278110299259424,ddaf4836be8a27f72ff4460e24c06eda:0:0,f699993c1bb524e9d71fc8a482921239:0:0,4ec9731f816ab5f44cff6a3995d63b97:0:0,281307f68e0b0daf66b092a1920d180e:0:1750313189,640e2dd5bb6d63ba176e42f562256fad:0:2751859641,10,1.0,0,0,0,0,0,0,512,0,0,512,0,0,363,0,0,149,0,0,512,1.2753998041152954,97.31402587890625,0,0
1428,A,1428,-0.006934545002877712,0.08189205080270767,nan,nan,512,0,-0.006934545002877712,0.08189205080270767,all_rows,512,0,0.02018311619758606,0.069140625,-1.491527073085308e-05,0.0033351917052641513,0.10286857292521745,11b87316d59822f70369708e36dd3ada:0:0,ee670bcf163492be7d41d9a74969acce:0:0,d788e60e51f270386caa4b2312744edf:0:0,521de14b5938c484a34f32d2fcaab50e:0:655929109,f47b049ef94d7da3bfe3866d340d615f:0:1556354974,10,1.0,0,0,0,0,0,0,512,0,0,512,0,0,372,0,0,140,0,0,512,1.2572174072265625,97.89749908447266,0,0
1429,A,1429,-0.0012716354103758931,0.07265579700469971,nan,nan,512,0,-0.0012716354103758931,0.07265579700469971,all_rows,512,0,0.005275447852909565,0.0443359375,-0.0016764397732913494,0.002635587519034743,0.1034296239959076,7c21e897a6049c601c8e8730b03a06da:0:0,3f3e1201a40400126e9fb933522ead65:0:0,f9fed4c21e84a848b35efc8072a2ab50:0:0,0c53951fef552ce459706dd14ac4520e:0:1252294425,2aafe351134a990563b7578e363abfc8:1:3008513581,10,1.0,0,0,0,0,0,0,512,0,0,512,0,0,379,0,0,133,0,0,512,1.2129578590393066,99.70826721191406,0,0
1430,A,1430,0.007473499048501253,0.08413273841142654,nan,nan,512,0,0.007473499048501253,0.08413273841142654,all_rows,512,0,0.00496735330671072,0.0490234375,-0.0038383428007364275,0.003516058553941548,0.10243661410640925,25fc48334009da999fe7ec4190d6d2da:0:0,0e2640b541bfe9ac8b4f1c8218714e46:0:0,97fe32a227250d3bdfeecc4d13f677c9:0:0,94c053f2ef92d08bf10da31bcc59ef0e:0:1226725884,a30e15d89389e431de96e01707bc4dc0:1:3482596777,10,1.0,0,0,0,0,0,0,512,0,0,512,0,0,369,0,0,143,0,0,512,1.1895689964294434,98.77706909179688,0,0
1431,A,1431,0.00010629661846905947,0.07851837575435638,nan,nan,512,0,0.00010629661846905947,0.07851837575435638,all_rows,512,0,0.0008259944152086973,0.0330078125,-0.0018831496243365109,0.003076707455329597,0.1032175860600546,0fe65f1c2d7fe5328a89420cd8b39eda:0:0,e1efb7974c22832446a7477db8109bed:0:0,30edc64e6a99489b0d959a32c891c182:0:0,c654f775b4e4bf8b1b729bf1d16b8c0e:0:910308039,5fa6719858818717a4ef9c85d3be7602:0:2145528822,10,1.0,0,0,0,0,0,0,512,0,0,512,0,0,375,0,0,137,0,0,512,1.1534374952316284,99.05657958984375,0,0
1432,A,1432,-0.006942100822925568,0.07678960263729095,nan,nan,512,0,-0.006942100822925568,0.07678960263729095,all_rows,512,0,0.005364074371755123,0.0369140625,-0.0015058107674121857,0.002931859856471419,0.1107557819923386,923e01142d5525b97e156ade87d06ada:0:0,540f94f2af1372b5545a0c9a881fb27f:0:0,244bb20ff1cf7152175f54f681a39ed5:0:0,b5433ff6253ccaf1e8ca8b52a9f9290e:0:2770626095,937365bcd383855b56b2df04a061592b:1:2268999111,10,1.0,0,0,0,0,0,0,512,0,0,512,0,0,377,0,0,135,0,0,512,1.1659365892410278,99.09260559082031,0,0
1433,A,1433,-0.00023514439817517996,0.08117358386516571,nan,nan,512,0,-0.00023514439817517996,0.08117358386516571,all_rows,512,0,0.0078896414488554,0.060546875,-0.0018919425550848246,0.003283065475989133,0.10291507001966238,9c2fe4db71c2bfd48cbe89029e2d36da:0:0,67be11a2eda40488aadb093ceafc0d60:0:0,3a6d2d737a177ef23d73bfc34a8b26b4:0:0,ef7ca9cf27e1d79799ad0dfda602c60e:0:3660875344,331290ffa55206c16b9c66bd0b0c98e9:0:3800402159,10,1.0,0,0,0,0,0,0,512,0,0,512,0,0,383,0,0,129,0,0,512,1.2067137956619263,98.53425598144531,0,0
1434,A,1434,0.0065758670680224895,0.0744142010807991,nan,nan,512,0,0.0065758670680224895,0.0744142010807991,all_rows,512,0,0.0023790900595486164,0.0078125,-0.0001764680026099086,0.002769613964483142,0.13789119594730437,b9deff95de88a0990545fec51bca02da:0:0,d542adcbc8e6532d4706d0bea4e0fd54:0:0,7768e4f95327dcba543b107b3ecccd96:0:0,9632f27d36390f4a2cab2a721588630e:0:2031979362,538a373e9a37ad634ede67a99e8fd68e:1:2277429717,10,1.0,0,0,0,0,0,0,512,0,0,512,0,0,371,0,0,141,0,0,512,1.1337382793426514,98.26011657714844,0,0
1435,A,1435,1.2622098438441753e-05,0.07121332734823227,nan,nan,512,0,1.2622098438441753e-05,0.07121332734823227,all_rows,512,0,0.004383818246424198,0.0453125,-0.002829846553504467,0.002524621644988656,0.139296401059255,6d734663047d45233efc6e7200a6ceda:0:0,277038b8040925cf59e60a59561eb0b5:0:0,942a4187b27d4b7a7407d68288604d67:0:0,0be05b113a7a76b6a7dc50ef488a000e:0:722404095,25ed324ff8f78a40a1656c00d1ea40fd:1:1589789743,10,1.0,0,0,0,0,0,0,512,0,0,512,0,0,386,0,0,126,0,0,512,1.1370769739151,98.63334655761719,0,0
1436,A,1436,-0.0076184459030628204,0.07634348422288895,nan,nan,512,0,-0.0076184459030628204,0.07634348422288895,all_rows,512,0,0.004231914412230253,0.01796875,-0.00010147755965590477,0.0028954933397471903,0.1260436619631946,7ac9f544d7bd386e65c1ba554cc39ada:0:0,d1675b613bd8f2b095a9cc48203fca6d:0:0,db2fa7da5a47b1aaa4b0d4851e909de6:0:0,5673331b2ce72e5a1e6b5b748f079d0e:0:94020160,cc5e8fe646479ddbecdc0468e1880041:0:1366414585,10,1.0,0,0,0,0,0,0,512,0,0,512,0,0,369,0,0,143,0,0,512,1.1788212060928345,98.75466918945312,0,0
1437,A,1437,0.012333834543824196,0.07786062359809875,nan,nan,512,0,0.012333834543824196,0.07786062359809875,all_rows,512,0,0.013954113237559795,0.09296875,-0.0057130057597532865,0.0029929720796644686,0.10910162003710866,50fe7e505dc6486c460504bb002066da:0:0,c5494c4482a237fc4a6830c6d13d6876:0:0,48e8ebf4293f65f7a4ed70c82d443360:0:0,c9c325c39a3564cb72238dc139013a0e:0:704686285,1d5aa488767fc5d5eb258efc6748ddf2:0:1340931668,10,1.0,0,0,0,0,0,0,512,0,0,512,0,0,382,0,0,130,0,0,512,1.1279773712158203,97.95980834960938,0,0
1438,A,1438,-0.00866373535245657,0.07471249252557755,nan,nan,512,0,-0.00866373535245657,0.07471249252557755,all_rows,512,0,0.001851580454967916,0.073046875,-0.0017505770083516836,0.002789909252896905,0.10245626303367317,c7531402d0ca725d18c4afef1abd32da:0:0,380b1e49bc148e19c0ea866e123df2f7:0:0,4bd6978a386ff263410a771e4aa2640d:0:0,f15b5ca37503c0add0fd95549676d70e:0:443326334,c1b2e8d1a5f82ddc63a7e386d70238b8:0:190280442,10,1.0,0,0,0,0,0,0,512,0,0,512,0,0,361,0,0,151,0,0,512,1.1309047937393188,98.4892349243164,0,0
1439,A,1439,0.0035453743766993284,0.07141619175672531,nan,nan,512,0,0.0035453743766993284,0.07141619175672531,all_rows,512,0,0.0060633099637925625,0.0818359375,-0.006280729826539755,0.0025532527826726435,0.1007954670349136,f3625d74f58686674f8e5e3d9c99feda:0:0,1174b361991792c5b067f546ce965dcc:0:0,dd3fbf6a9ceefaab37c6493c7c97a0a1:0:0,1c645af84843c89beeac896df768740e:0:736465319,fa42cc3ad67a96f0b5ed8f9d2c526216:0:1052577439,10,1.0,0,0,0,0,0,0,512,0,0,512,0,0,386,0,0,126,0,0,512,1.1265649795532227,99.11343383789062,0,0
1440,A,1440,0.00010891561396420002,0.0711708813905716,nan,nan,512,0,0.00010891561396420002,0.0711708813905716,all_rows,512,0,0.0029605620075017214,0.0212890625,-0.0013278427999466659,0.0025247564888559284,0.10249589500017464,fc394b05a0e8826f607ef1f285b6cada:0:0,e251f4c7c4b673d616f4b42a4c26e382:0:0,e04ed08ab05c38313da087edf1a9fee7:0:0,4bf2521411a88f5bfa2aeb0cabd6110e:0:2811587702,2eb82439b791b4ae824e702498b6711c:1:3059064522,10,1.0,0,0,0,0,0,0,512,0,0,512,0,0,360,0,0,152,0,0,512,1.1244500875473022,99.16387939453125,0,0
1441,A,1441,0.016518255695700645,0.08626585453748703,nan,nan,512,0,0.016518255695700645,0.08626585453748703,all_rows,512,0,0.006704528350383043,0.0607421875,-0.0035836693830788137,0.0035038697300478817,0.1103124669753015,804035f3aad1a42f92428d59d61396da:0:0,0b14b07cc9ae3d3d7dee480e8a533e51:0:0,d02a0c5623ae026d285acd9a0b32fa5c:0:0,dc2cc757b944aaac4f47a4f003bfae0e:0:3603386229,5fccefc2c6ec8526b3e11384457faeee:1:643273176,10,1.0,0,0,0,0,0,0,512,0,0,512,0,0,374,0,0,138,0,0,512,1.1150239706039429,98.53851318359375,0,0
1442,A,1442,-0.002970244036987424,0.07350210845470428,nan,nan,512,0,-0.002970244036987424,0.07350210845470428,all_rows,512,0,0.003585653379559517,0.065234375,-0.0016159377992153168,0.002621916547650471,0.1360028840135783,71f5753ecb40328fc81492bf8db062da:0:0,e1f80397c7db99fc64c03c98ddb2830a:0:0,d7dd015deadb81a45d9b696feed70b61:0:0,4e842ea146a03af8e4330b974f254b0e:0:2923353430,3a5830798900eebfe0a714cb4d7c4692:0:2696375292,10,1.0,0,0,0,0,0,0,512,0,0,512,0,0,377,0,0,135,0,0,512,1.117745041847229,97.23291778564453,0,0
1443,A,1443,0.005926848389208317,0.07660231739282608,nan,nan,512,0,0.005926848389208317,0.07660231739282608,all_rows,512,0,0.0038112173788249493,0.0548828125,0.0007415171712636948,0.002880759770050645,0.16677083901595324,40a95e061f2cfe3d4dbfa46fac8d2eda:0:0,968d17766c75063ef3cbcf472d8a064c:0:0,73c7cbba57b921a92068f6345f20ef13:0:0,dcf063d79bad8a49730bdd41de06e80e:0:4152175755,1653941afaed1b1b594a021754c64f87:0:3799567536,10,1.0,0,0,0,0,0,0,512,0,0,512,0,0,367,0,0,145,0,0,512,1.109246015548706,97.9935073852539,0,0
1444,A,1444,-0.0035885104443877935,0.07963261753320694,nan,nan,512,0,-0.0035885104443877935,0.07963261753320694,all_rows,512,0,0.005910903215408325,0.0671875,-0.003922970499843359,0.0031562326825223864,0.17220587795600295,bdec3d7a52689982a39da4b632a9fada:0:0,4d929fe35f0d113abb544d9a7d58e008:0:0,80b623b4531e6314fde41b309d9d1594:0:0,c7d3cd20a32088b85f6c41ef0064850e:0:3328692642,e7f1ba989eff6d0bb3c92ba29028bf63:1:474520839,10,1.0,0,0,0,0,0,0,512,0,0,512,0,0,377,0,0,135,0,0,512,1.074077844619751,97.37966918945312,0,0
1445,A,1445,0.0038005677051842213,0.0832848772406578,nan,nan,512,0,0.0038005677051842213,0.0832848772406578,all_rows,512,0,0.007426897529512644,0.08125,-0.0025084780529141424,0.0034642812213860454,0.16002904996275902,7d723e58abc4475f4a97b5df2006c6da:0:0,dcc960810ccd5a3a7cdc6c25a1935b1e:0:0,775dc0c03f28500a9928a9d8e0a46574:0:0,1c8bcf5081cb2cc257f6cb5e063e220e:0:2560031240,f657795b8f77f9dfc7c35498d3ec0634:0:2359389722,10,1.0,0,0,0,0,0,0,512,0,0,512,0,0,372,0,0,140,0,0,512,1.0424476861953735,97.06795501708984,0,0
1446,A,1446,0.0037582635413855314,0.07622283697128296,nan,nan,512,0,0.0037582635413855314,0.07622283697128296,all_rows,512,0,0.002854219637811184,0.0212890625,-0.0007522483821958304,0.002895746158901602,0.15376446198206395,73175bc378d2a1df90263a3674a392da:0:0,edfc5173653b7556ba249fcf039ccf4b:0:0,f65f4a7b111225ba9a8a5734f15ec7fd:0:0,b5bed93c79be7dbeb3e3750e3f93bf0e:0:1636970862,adf85c437f0d320cb6b68adc377a6be3:1:3555266283,10,1.0,0,0,0,0,0,0,512,0,0,512,0,0,360,0,0,152,0,0,512,1.0424158573150635,97.92459869384766,0,0
1447,A,1447,-0.005914612207561731,0.07468464970588684,nan,nan,512,0,-0.005914612207561731,0.07468464970588684,all_rows,512,0,0.005050661042332649,0.0453125,-0.0019467747886665165,0.0027723822160623966,0.15251322893891484,58a67f2b968bf7b45a50d40830805eda:0:0,bb493a4ae5eced1843b3cb894b6db058:0:0,525f1a2b87251176b312e4392e453d05:0:0,ee86aaceca0dced08c8ca43efc655c0e:0:1094835718,08a0a6678d751e2de7fdcc5c461da223:1:3151452814,10,1.0,0,0,0,0,0,0,512,0,0,512,0,0,374,0,0,138,0,0,512,1.0125765800476074,98.3839340209961,0,0
1448,A,1448,0.00803165789693594,0.08117136359214783,nan,nan,512,0,0.00803165789693594,0.08117136359214783,all_rows,512,0,0.0012662671506404877,0.05625,0.001774015836417675,0.003282172791659832,0.15193179808557034,f252aede1422610af3ae65a0539d2ada:0:0,4464aa622adced940e3909037e91cc4d:0:0,f1efc085b8da305fde31ebea443c716e:0:0,c973fbfdef2f70a092fc27ef8cb2f90e:0:4144273639,0495dedcc80c320ad75e6b82d6f3f5ca:1:1776671407,10,1.0,0,0,0,0,0,0,512,0,0,512,0,0,371,0,0,141,0,0,512,0.9997881650924683,98.3804702758789,2,0
1449,A,1449,-0.008318444713950157,0.07495679706335068,nan,nan,512,0,-0.008318444713950157,0.07495679706335068,all_rows,512,0,0.0037023285403847694,0.07421875,-0.001557375630363822,0.0028126167599111795,0.1504945900524035,a4afc6a82d518ba4d765114addf9f6da:0:0,ee6cbf9c84dfab92da6578060acd055a:0:0,ccc56dd4885c90a1c96045723f1bcf23:0:0,ecfdf01d3e13e02fa17838df407c960e:0:2964920399,f9f875fbf1532c8c5735481758b2a28f:0:3140810674,10,1.0,0,0,0,0,0,0,512,0,0,512,0,0,360,0,0,152,0,0,512,0.9819278717041016,98.3139419555664,3,0
1450,A,1450,0.00028612889582291245,0.07704406976699829,nan,nan,512,0,0.00028612889582291245,0.07704406976699829,all_rows,512,0,0.0030562751926481724,0.0365234375,-0.002386166574433446,0.0029585177195258438,0.15093340096063912,00a993e319763e2f7d2a3953cf96c2da:0:0,aa453623b032cc82b69af21c336334a3:0:0,aea7e3a26b72c203186b74bba518dfb1:0:0,18ffcd5ae72a39120910798d67c2330e:0:1883750099,bd18d987b379d46ed78b854f97e89fb5:0:3113240866,10,1.0,0,0,0,0,0,0,512,0,0,512,0,0,382,0,0,130,0,0,512,0.9905336499214172,98.32909393310547,2,0
1451,A,1451,0.005643160082399845,0.07917933911085129,nan,nan,512,0,0.005643160082399845,0.07917933911085129,all_rows,512,0,0.006223713047802448,0.0419921875,-0.003027834161184728,0.0031430830364115535,0.15538355300668627,f8bc5a186cb992dc2542800728738eda:0:0,42974a233d17ead9525f3a155c105659:0:0,1450e6bd76fda90c63f0f2abd21ada0e:0:0,f6d388a3fea671639b2af6395283d00e:0:1875637461,eecc623bfba579f71d3c112e7116daa0:1:2114871985,10,1.0,0,0,0,0,0,0,512,0,0,512,0,0,379,0,0,133,0,0,512,0.9737323522567749,97.8484878540039,3,0
1452,A,1452,-0.004403846338391304,0.07570217549800873,nan,nan,512,0,-0.004403846338391304,0.07570217549800873,all_rows,512,0,0.0054659536108374596,0.019140625,-0.001981047831941396,0.0028666069847531617,0.1576253219973296,65c8bd4f089be937a481c7b0e8905ada:0:0,f64bb1de12f8cad7a92609196b03a9f9:0:0,36ef89f378c86809fe90a75335067e26:0:0,5d1e758e347ba5c46f1124e250c16d0e:0:1972474980,903bfb5e258e7508bc2532a4b29df7e7:1:2842769454,10,1.0,0,0,0,0,0,0,512,0,0,512,0,0,369,0,0,143,0,0,512,0.9920313954353333,98.13006591796875,2,0
1453,A,1453,-0.003400359768420458,0.07920130342245102,nan,nan,512,0,-0.003400359768420458,0.07920130342245102,all_rows,512,0,0.007300754077732563,0.0294921875,-0.002752111107110977,0.0031203422811813654,0.15559206996113062,6086d2efd92b8f42304b329d0fed26da:0:0,e633660127a6854216437a2e62d4d1da:0:0,e357d63af3a78bd8fa41fdec6c74efce:0:0,8462ba4c709a7bae637ce547b27b0a0e:0:3782260944,ecb2fc00b327bf77a2c29958956227a3:0:3456936708,10,1.0,0,0,0,0,0,0,512,0,0,512,0,0,374,0,0,138,0,0,512,1.009796380996704,98.06333923339844,0,0
1454,A,1454,0.0026653893291950226,0.0785050317645073,nan,nan,512,0,0.0026653893291950226,0.0785050317645073,all_rows,512,0,0.005535338539630175,0.07734375,-0.0067480602767318485,0.003037551208399236,0.1546117429388687,c618aa10dc3321c72a9123179e89f2da:0:0,e9059e7394b28d9ce8facbc0ab7de139:0:0,9fbb7135429159f8c09b83ba9fabee64:0:0,339543138f2160735c2580e8c7b0a70e:0:2010577676,849746a6559241315960e67b040eb3a1:0:2832103752,10,1.0,0,0,0,0,0,0,512,0,0,512,0,0,382,0,0,130,0,0,512,1.0182746648788452,99.14987182617188,0,0
1455,A,1455,-0.002315247431397438,0.07990113645792007,nan,nan,512,0,-0.002315247431397438,0.07990113645792007,all_rows,512,0,0.003224457148462534,0.0501953125,-0.005412280512973666,0.003152884799055755,0.15096146205905825,09cbf7d42faba3f4edd53b6c9466beda:0:0,3df79ecd09a8864f9f28da375cd4c4d9:0:0,a219d8b626049ae1ca024ac6af752f68:0:0,eeab60aafc4a2b343b4cab04e062440e:0:3170465219,46fc1bedf7fd641889306844399a8dba:1:4107364326,10,1.0,0,0,0,0,0,0,512,0,0,512,0,0,366,0,0,146,0,0,512,1.048153281211853,98.21994018554688,0,0
1456,A,1456,0.007633552420884371,0.07850056141614914,nan,nan,512,0,0.007633552420884371,0.07850056141614914,all_rows,512,0,0.0010568415746092796,0.0142578125,-0.0003218496218323708,0.0030708762817084788,0.1133384519489482,42fcbc6824be4e3499285de7f1838ada:0:0,1c6ded1b93c30c3675c9e508181cd879:0:0,dbb57460b90d0487b22930eb71e9e23f:0:0,e900dd2df0fe6820974b809b4c8fe10e:0:2463591855,2210f193f24f817e7925442dabd91d4b:1:895169973,10,1.0,0,0,0,0,0,0,512,0,0,512,0,0,382,0,0,130,0,0,512,1.0473661422729492,97.6662368774414,0,0
1457,A,1457,-0.0014719791943207383,0.07630349695682526,nan,nan,512,0,-0.0014719791943207383,0.07630349695682526,all_rows,512,0,0.006228568963706493,0.037890625,-0.0034930766792967915,0.0029117419733665885,0.10715120995882899,3b7fa91494a21441dc2aacd5b5e056da:0:0,45485ceeb2b4e73451caedbbb4dfe41d:0:0,ca1b37c7f91964bbd60bd902458b1230:0:0,a3704a398f19534f2c1f886b5c397e0e:0:1389568045,3f3e889a4bd701af381823a29d4cfd34:1:4181069389,10,1.0,0,0,0,0,0,0,512,0,0,512,0,0,361,0,0,151,0,0,512,1.0770074129104614,97.57259368896484,0,0
1458,A,1458,0.0025207020808011293,0.07541234791278839,nan,nan,512,0,0.0025207020808011293,0.07541234791278839,all_rows,512,0,0.008701661601662636,0.0857421875,-0.004173134383745491,0.0028404091019183396,0.10183295700699091,2842cfa0f4a0e282c30b8a81e17d22da:0:0,3343ff7848c04518ab0c563fdde60230:0:0,ecb17d1bbb42e0a65072bfd48dd43df6:0:0,78aa16e6177c497f08f7b2f45f5f1b0e:0:546130373,31fcca385a39cfbafde72a75cb2ce4aa:0:2970403262,10,1.0,0,0,0,0,0,0,512,0,0,512,0,0,372,0,0,140,0,0,512,1.0969340801239014,97.84036254882812,0,0
1459,A,1459,-0.0076691024005413055,0.07344558835029602,nan,nan,512,0,-0.0076691024005413055,0.07344558835029602,all_rows,512,0,0.007032498717308044,0.058203125,-0.002641553618013859,0.00269937040284276,0.10543089697603136,b22daf3de690929f828999387459eeda:0:0,2843da11db1fbdabca27f8646c72fd0a:0:0,77b019ce506d20de9bcfb137ceec4cd6:0:0,500f63f1ec38351179c15a75a600b80e:0:2295460508,36210ad0304fa780efbb27eaeeff1303:0:2753481937,10,1.0,0,0,0,0,0,0,512,0,0,512,0,0,370,0,0,142,0,0,512,1.0664814710617065,96.80961608886719,0,0
1460,A,1460,0.008141247555613518,0.07676664739847183,nan,nan,512,0,0.008141247555613518,0.07676664739847183,all_rows,512,0,0.006415574345737696,0.0611328125,-0.0032244214788079264,0.0029048464144580065,0.10165135702118278,0ff70afc430b975a43f2bb456e76bada:0:0,b6519a6cd7fa117254634ae4c5257f91:0:0,53acabb635887f85a5f41655008ad42c:0:0,d7bcab70062c3d8cacb542ee801e550e:0:1330443313,3ed5103816bfac798b6e6f834a436eb2:0:2241293174,10,1.0,0,0,0,0,0,0,512,0,0,512,0,0,343,0,0,169,0,0,512,1.0730611085891724,95.86104583740234,0,0
1461,A,1461,-0.022477170452475548,0.08635810762643814,nan,nan,512,0,-0.022477170452475548,0.08635810762643814,all_rows,512,0,0.0023775389418005943,0.0103515625,-0.0010349168442189693,0.0033933188300579787,0.10306638991460204,31e719badab55fa6f12412f4cfd386da:0:0,956e8bc7fc78bf47dc712bd986c71a02:0:0,272371410f2b6ab0105818ee9f496922:0:0,5c4c9114f797bff713e49a1e3db7f20e:0:1083962015,a755783e64ac177fe3f1989b7f56b1be:1:1385037139,10,1.0,0,0,0,0,0,0,512,0,0,512,0,0,379,0,0,133,0,0,512,1.1036299467086792,95.62065124511719,0,0
1462,A,1462,0.00675435783341527,0.07804650813341141,nan,nan,512,0,0.00675435783341527,0.07804650813341141,all_rows,512,0,0.008554033935070038,0.0830078125,-0.002979284478351474,0.0030001339269801973,0.10615197697188705,6d8f8f536bd67103008a0292987052da:0:0,2e1278ca99b2f826bb34253d57354907:0:0,f177a7c0cd472afac5923c03fadf7df5:0:0,47d04ae1843b565b82c5f7842ecd8f0e:0:1823138442,fa09864fb80b2436fdf93ed6946ff9aa:0:532865636,10,1.0,0,0,0,0,0,0,512,0,0,512,0,0,365,0,0,147,0,0,512,1.0734058618545532,95.90245819091797,0,0
1463,A,1463,-0.012300495989620686,0.07150276005268097,nan,nan,512,0,-0.012300495989620686,0.07150276005268097,all_rows,512,0,0.012830938212573528,0.0708984375,-0.0028474106453359126,0.002558729494921863,0.10749154107179493,b8a8baae899c390d41202c6ac84d1eda:0:0,50b5e7b3bbb6e001e8af8445d6a7a248:0:0,24b2c8eaee91016471becfafc1840831:0:0,17ca116443c274c607c25c5fa35f2c0e:0:1082147433,37bcd3b5d54b2e0a922cc06652ff7067:1:4084018304,10,1.0,0,0,0,0,0,0,512,0,0,512,0,0,361,0,0,151,0,0,512,1.1004564762115479,96.33625793457031,0,0
1464,A,1464,0.0063485573045909405,0.07842615991830826,nan,nan,512,0,0.0063485573045909405,0.07842615991830826,all_rows,512,0,0.0027970666997134686,0.026171875,-0.00035659526474773884,0.003061776398681104,0.10061364900320768,5ebb7c457248965da67172c95f69eada:0:0,d5745bc4b809a048ba4db0abccc095bc:0:0,4369f9496358b2c2c19be4d22734ee69:0:0,423d4518ac4ce20981c233afeb6cc90e:0:721929215,36e4e03aa94d69f85182feae4e912a97:1:461060912,10,1.0,0,0,0,0,0,0,512,0,0,512,0,0,363,0,0,149,0,0,512,1.0904415845870972,95.55170440673828,0,0
1465,A,1465,0.0036260897759348154,0.07562039792537689,nan,nan,512,0,0.0036260897759348154,0.07562039792537689,all_rows,512,0,0.003815688658505678,0.0255859375,-0.0007442453177645802,0.0028555064578540622,0.10154070798307657,3c4b2c78119d189d1497f7fa5dc6b6da:0:0,fed509c693b8d804516fbd5a2f823af0:0:0,acd4e8c0a03a5fc086545384f3e0e8a6:0:0,24e31d85490d129df1ba523456f6660e:0:1240116391,fac5a4f3a1f6568e61742f0244ae04c5:1:1858482119,10,1.0,0,0,0,0,0,0,512,0,0,512,0,0,372,0,0,140,0,0,512,1.091641902923584,95.68158721923828,0,0
1466,A,1466,-0.004602022934705019,0.07284409552812576,nan,nan,512,0,-0.004602022934705019,0.07284409552812576,all_rows,512,0,0.007618143688887358,0.0365234375,-0.0015932400478050114,0.002649286144878715,0.1020350200124085,f310a8fcaccdf7dd2c3d1e49c36382da:0:0,38dc8935e10d76f625de80f9b1d1a87e:0:0,0c62eeb9b2eadfe98604a5119d0e1f86:0:0,6bdac0a0c40e2be78838f66c35fc030e:0:2089433720,1bb7d00c6d67a56de4c475fb320756df:1:3422408343,10,1.0,0,0,0,0,0,0,512,0,0,512,0,0,387,0,0,125,0,0,512,1.1046391725540161,96.3047866821289,0,0
1467,A,1467,-0.0013728836784139276,0.0799092948436737,nan,nan,512,0,-0.0013728836784139276,0.0799092948436737,all_rows,512,0,0.0085850665345788,0.0611328125,-0.004921735031530261,0.003184672794304788,0.10433690901845694,44c8ac8df548c3301699880390404eda:0:0,844359786d1f9d5bc03d8815dabdd120:0:0,b61153c606252e748fbd6f3f2341cc1b:0:0,40f6d7b1ca5236366ef2c896d87da00e:0:2520264196,adfe278cb4a01e87dc95696177ee5bf5:0:3719850440,10,1.0,0,0,0,0,0,0,512,0,0,512,0,0,382,0,0,130,0,0,512,1.0987550020217896,96.3662109375,0,0
1468,A,1468,0.0025304220616817474,0.08014222979545593,nan,nan,512,0,0.0025304220616817474,0.08014222979545593,all_rows,512,0,0.006799512077122927,0.042578125,-0.002759735193103552,0.0031973265926353634,0.10194321000017226,d45b4bdb7f9ac68051751773c45d1ada:0:0,d1ad9ef4495c38537985d9fd0f2aeea3:0:0,4f2fc31ffdf62f765cdfad55dacbb4a7:0:0,abacb44cae96c3cf4e4fdab38e7b3d0e:0:3217570687,6af91d7eb9bd7b02a701fd7e2aa81a34:0:3310898611,10,1.0,0,0,0,0,0,0,512,0,0,512,0,0,373,0,0,139,0,0,512,1.1767358779907227,95.41779327392578,0,0
1469,A,1469,0.003976278007030487,0.07859227061271667,nan,nan,512,0,0.003976278007030487,0.07859227061271667,all_rows,512,0,0.006137106101959944,0.0318359375,-0.003626882331445813,0.003079961007460952,0.10089796409010887,fef8f69fdbc327a87b26eee65fb9e6da:0:0,a63b9d70354cf2a5eaed928e3c12545d:0:0,cee005b3128c42be753ba7ed2e989e5e:0:0,c652c63f092c134c8ef8a881a7f4da0e:0:928995180,d2f191ac57c1fa1eb53de5d71aaf306e:1:3343365334,10,1.0,0,0,0,0,0,0,512,0,0,512,0,0,370,0,0,142,0,0,512,1.1341522932052612,94.46961975097656,0,0
1470,A,1470,0.0006373656215146184,0.0781964659690857,nan,nan,512,0,0.0006373656215146184,0.0781964659690857,all_rows,512,0,0.006515961140394211,0.0314453125,0.0005877078976482153,0.003044676734134555,0.11164204403758049,5772ab9ecc3cbacb1e9570a76256b2da:0:0,0dd881aa2d9f6d41d9c91d764d8c5be2:0:0,dbb724cb4dc373091184d9a01977e167:0:0,a55bbc216a6873a85763178074ea770e:0:3499049218,af0bec51178c9fd241a5aa126f5c8f1d:1:3362724354,10,1.0,0,0,0,0,0,0,512,0,0,512,0,0,372,0,0,140,0,0,512,1.126707911491394,93.7895736694336,0,0
1471,A,1471,-0.0012329312739893794,0.07836765795946121,nan,nan,512,0,-0.0012329312739893794,0.07836765795946121,all_rows,512,0,0.004498274065554142,0.048828125,-0.0020549820736050608,0.003068251931108534,0.10561768990010023,94cf2a2d590b8dea7f363f02cc337eda:0:0,9362db139ae7c4776180b68533fd1661:0:0,7ad3d542b79a08cf429d83e796b7dd80:0:0,4abcb5e5895f703f455f76ef455c140e:0:3641459704,8a91f2793c34e3c362d1c9a0fe3a7f6a:0:1887676202,10,1.0,0,0,0,0,0,0,512,0,0,512,0,0,374,0,0,138,0,0,512,1.1551742553710938,94.84152221679688,0,0
1472,A,1472,-0.0012689892901107669,0.07477747648954391,nan,nan,512,0,-0.0012689892901107669,0.07477747648954391,all_rows,512,0,0.0042878203094005585,0.037109375,-0.00244638544972986,0.0027952184318564832,0.10175578098278493,812dd3c4bc1a2bc0650e3c449d504ada:0:0,06d7d5f6ba3bd4020ba59207c6ff6bab:0:0,ea2ff8fd63b23040cb5df12cfc0bd760:0:0,13384d0829a20b1be3a57fcd6949b10e:0:1594479404,838e73bb3d619269d6954b0d80f7287d:1:3180771860,10,1.0,0,0,0,0,0,0,512,0,0,512,0,0,377,0,0,135,0,0,512,1.0951967239379883,94.07383728027344,0,0
1473,A,1473,0.0006459414726123214,0.07539644092321396,nan,nan,512,0,0.0006459414726123214,0.07539644092321396,all_rows,512,0,0.005483593791723251,0.045703125,-0.004497660649940371,0.002839594567194581,0.13571162801235914,aea9a400643295d5e8b18ab8d5ad16da:0:0,b979fcfe6a463562b1948d29c11a480d:0:0,9bae8612145cae216efed389fabb4b48:0:0,9d840b0d40eb0bdadb6154da30b34e0e:0:2933960843,fdbbe322c2570d4080dcc2103cd8e8bd:1:4207821413,10,1.0,0,0,0,0,0,0,512,0,0,512,0,0,350,0,0,162,0,0,512,1.0957955121994019,94.58583068847656,0,0
1474,A,1474,-0.0002427272847853601,0.08360236883163452,nan,nan,512,0,-0.0002427272847853601,0.08360236883163452,all_rows,512,0,0.0029243696480989456,0.051953125,-0.000280055170878768,0.003490010998211801,0.10475314897485077,746325468bdef5db3f438cab7549e2da:0:0,c6e9324d30d7dd8f584f9c893b2e2b58:0:0,39a5417d9bcea480b525f160e1f241f3:0:0,4eadae96b0b82977e1c08294eb98eb0e:0:407844333,b2250280839613427b7f8c295442e1a7:0:3936189775,10,1.0,0,0,0,0,0,0,512,0,0,512,0,0,380,0,0,132,0,0,512,1.1044209003448486,94.70421600341797,0,0
1475,A,1475,6.660379585810006e-05,0.07471075654029846,nan,nan,512,0,6.660379585810006e-05,0.07471075654029846,all_rows,512,0,0.007292407564818859,0.071875,-0.00279892235994339,0.002784235368017107,0.10338640504051,fd5f943a217e063f8676e4687c26aeda:0:0,970ee92a030c430327d4ed1c4403e062:0:0,42734f270d4876df846f0aefefe334ff:0:0,19ea23b62fee9553617eff3ce9fa880e:0:1977766770,8587c017308508e166fb81064d77fa0a:1:3204020597,10,1.0,0,0,0,0,0,0,512,0,0,512,0,0,376,0,0,136,0,0,512,1.131342887878418,94.98986053466797,0,0
1476,A,1476,-0.004502056632190943,0.07695090025663376,nan,nan,512,0,-0.004502056632190943,0.07695090025663376,all_rows,512,0,0.005929772276431322,0.0353515625,-0.0029184114187955855,0.002960346743930131,0.10458560602273792,0cc57bf3fdd73208908d743bea437ada:0:0,5ba07bcdfc8451274c81524dffc8934d:0:0,c0b1d670e5f3f26d225a822fd850679e:0:0,2f8f6f0dc5c72dc0e0742ad17bd8250e:0:433717096,a92d14101db6d55d0aeb6f82cdcf18ce:1:3837009523,10,1.0,0,0,0,0,0,0,512,0,0,512,0,0,379,0,0,133,0,0,512,1.1223899126052856,95.17230987548828,0,0
1477,A,1477,0.00590815395116806,0.08242923766374588,nan,nan,512,0,0.00590815395116806,0.08242923766374588,all_rows,512,0,0.004191605374217033,0.047265625,-0.0033568670973181725,0.003389335912652314,0.1080864859977737,8e6bf8e0a67a6beab0585e71bfa046da:0:0,35c9258469ee1b8ab3f56cc53a79c503:0:0,21d38485b36ba3e8a110359809bf49dd:0:0,aa0066e3795c5e6e211fcf11f131c20e:0:2090998631,6f7fe89e16cd41e11b42c1575cb36750:0:1338299950,10,1.0,0,0,0,0,0,0,512,0,0,512,0,0,399,0,0,113,0,0,512,1.1239516735076904,94.86781311035156,0,0
1478,A,1478,0.00041003298247233033,0.07700594514608383,nan,nan,512,0,0.00041003298247233033,0.07700594514608383,all_rows,512,0,0.008871792815625668,0.0921875,-0.004671160434372723,0.0029647939722053708,0.12932344095315784,1ef17fff1937bca085380555fc3d12da:0:0,4dfc0ad470dfd77ba80629cc3b8bf1a5:0:0,64abbe3b1e067071ba9ab9f703df8ae5:0:0,a33dab78985174f300371f7d9a075f0e:0:84039211,f8f4f7731fbed53cb33b99c656971981:1:792574677,10,1.0,0,0,0,0,0,0,512,0,0,512,0,0,382,0,0,130,0,0,512,1.14517343044281,94.99900817871094,0,0
1479,A,1479,-0.012104247696697712,0.07631268352270126,nan,nan,512,0,-0.012104247696697712,0.07631268352270126,all_rows,512,0,0.0006931807147338986,0.00390625,-0.00011652796529233455,0.0028994242777116595,0.10288325999863446,72e1841c5dfa8882c71c0b34a019deda:0:0,eed46d8d4b6b56290e2bad236b19cf0a:0:0,28b391889965afffc7bd5e3e9cbe11a9:0:0,c0b8eab73328efda0e31b953c658fc0e:0:1407513968,e5e51611cd13e77d6f53762d33377f31:1:1529880191,10,1.0,0,0,0,0,0,0,512,0,0,512,0,0,378,0,0,134,0,0,512,1.0966382026672363,96.3351058959961,0,0
1480,A,1480,0.003291214583441615,0.07823609560728073,nan,nan,512,0,0.003291214583441615,0.07823609560728073,all_rows,512,0,0.01696993038058281,0.0857421875,-0.011911475658416748,0.0030488195829093457,0.10207934805657715,f0159a86dc548c6012835259ab36aada:0:0,f3558147182bf908f4545bc972e4a144:0:0,3b3cee56d7c54a782f983086eb6e789b:0:0,3761749d26fd0e71e4d6a393c626990e:0:3154025918,412ba3f912ea8270d0a3b68d3902bebf:1:1020236168,10,1.0,0,0,0,0,0,0,512,0,0,512,0,0,375,0,0,137,0,0,512,1.111290454864502,96.34644317626953,0,0
1481,A,1481,0.010815090499818325,0.08958674967288971,nan,nan,512,0,0.010815090499818325,0.08958674967288971,all_rows,512,0,0.01239241473376751,0.1017578125,-0.00825232737697661,0.0034812666242942216,0.1031007650308311,eeb6d493b2049194b47bfd111d9376da:0:0,90fb59998214d5ece55edb16cd007b36:0:0,ec1dc9fcc2f6ed0fab8237f59361edfe:0:0,b83c27af426ba7b738c94efce970360e:0:2773396590,5476544e5e285e22e788e293f5e34e06:0:1484858783,10,1.0,0,0,0,0,0,0,512,0,0,512,0,0,383,0,0,129,0,0,512,1.0751028060913086,96.1231460571289,0,0
1482,A,1482,-0.0022336612455546856,0.07788366079330444,nan,nan,512,0,-0.0022336612455546856,0.07788366079330444,all_rows,512,0,0.003009829670190811,0.0212890625,-0.0006508242338895797,0.002927364979404956,0.10205988807138056,f74ee32f87c4d96276a36da6f73042da:0:0,66deaa6bcce3d4a1c31e49df0cc66aa0:0:0,176e30a82615c65daea7e52e402c90ea:0:0,7ea2c12cc6a40ea7a716960e8035d30e:0:2367929171,414d579ed6442ff1bd69bbd4b5878458:1:2880044068,10,1.0,0,0,0,0,0,0,512,0,0,512,0,0,380,0,0,132,0,0,512,1.0434534549713135,97.67070007324219,0,0
1483,A,1483,-0.007054283283650875,0.07616541534662247,nan,nan,512,0,-0.007054283283650875,0.07616541534662247,all_rows,512,0,0.010526983067393303,0.0615234375,-0.005287718772888183,0.002887128887232393,0.10189710010308772,f8764593a1ad3f886b264667380d0eda:0:0,1001fdf3a2df96e041da412112c57757:0:0,c743266ee871537f2ba8b183cecd0279:0:0,068aedafb5a38a4d3ec1bd07da77700e:0:2619713620,8800c6ebce52ed0418a04ccecbf36912:1:1097359621,10,1.0,0,0,0,0,0,0,512,0,0,512,0,0,370,0,0,142,0,0,512,1.091233253479004,97.84312438964844,0,0
1484,A,1484,0.003576622810214758,0.07419097423553467,nan,nan,512,0,0.003576622810214758,0.07419097423553467,all_rows,512,0,0.003950905986130238,0.01328125,-0.0003862316720187664,0.0027353484649211167,0.1032605409855023,e01d3c172875141ab8c0699de029dada:0:0,63550f0548134278f7c88dc86bd60bd2:0:0,d871e7027857aa2d62a64653f48a31cd:0:0,c85cae5d0bcaa7d2c65171e848350d0e:0:2012041471,9ef314583e05b89c7891eb26def45ecd:0:4257342412,10,1.0,0,0,0,0,0,0,512,0,0,512,0,0,372,0,0,140,0,0,512,1.1182537078857422,97.35599517822266,0,0
1485,A,1485,-0.0011406824924051762,0.08019641786813736,nan,nan,512,0,-0.0011406824924051762,0.08019641786813736,all_rows,512,0,0.013310999609529972,0.0685546875,-0.005389118287712336,0.003208470216486603,0.11058516590856016,49707bf3e8e0ac9a66bcf996ef86a6da:0:0,e461e1ddba33040330e5cb671aff61dc:0:0,df29820ac3f2b3ebc3a337bdb2cb1577:0:0,2b6faebd2d136cf0bd5ccc6f196eaa0e:0:3215297752,327c2086b5973d7bf142f20e60aff49d:0:2657891309,10,1.0,0,0,0,0,0,0,512,0,0,512,0,0,372,0,0,140,0,0,512,1.1193729639053345,98.26273345947266,0,0
1486,A,1486,0.005142533220350742,0.07489589601755142,nan,nan,512,0,0.005142533220350742,0.07489589601755142,all_rows,512,0,0.004265344236046076,0.0205078125,-0.0002645116066560149,0.0027432606322690843,0.1067612690385431,1030b0b506a6ac4d28f6589e662372da:0:0,6d1cf2e956be5395a5416f25872cdbfc:0:0,25c98ddfde0dbfd6c71356ce476184d0:0:0,21a339c4754e31031a184e1b9e24470e:0:222018423,33ca8abf3bc2245f3412c8d1823f43df:0:2013298052,10,1.0,0,0,0,0,0,0,512,0,0,512,0,0,371,0,0,141,0,0,512,1.113071084022522,98.92169189453125,0,0
1487,A,1487,-0.002841214183717966,0.07955936342477798,nan,nan,512,0,-0.002841214183717966,0.07955936342477798,all_rows,512,0,0.005207905545830727,0.0583984375,-0.008172315405681729,0.0031484999926760793,0.10404952301178128,9c3cb3e5601903d52bd6290044003eda:0:0,359aa81d146a7cb59771bce8d08c9f51:0:0,6b90cae11ec655065204306d439bdd1c:0:0,8fad2379fee8a317c2e2e22d2655e40e:0:2602019043,a1fd5ab3ddd26f9d305ad4039d0d6fa0:0:2957041408,10,1.0,0,0,0,0,0,0,512,0,0,512,0,0,364,0,0,148,0,0,512,1.0877002477645874,99.00475311279297,0,0
1488,A,1488,-0.003996554296463728,0.07620187848806381,nan,nan,512,0,-0.003996554296463728,0.07620187848806381,all_rows,512,0,0.0018951257225126028,0.0296875,-0.000820267153903842,0.0028888390399515627,0.15122306603007019,a34a0b729fdda808e0554d08891d0ada:0:0,16c0ee6fe2d7ba982a04d5569094bcc8:0:0,aa1a66d5cccfac1d0e929c02cb650fd1:0:0,eb0f120354e04345c3d2dda30203810e:0:930342933,96fb756812fa256894b37be7cb9bbbe6:1:2127236340,10,1.0,0,0,0,0,0,0,512,0,0,512,0,0,369,0,0,143,0,0,512,1.0861033201217651,98.35246276855469,0,0
1489,A,1489,0.011323642916977406,0.0795523077249527,nan,nan,512,0,0.011323642916977406,0.0795523077249527,all_rows,512,0,0.009105016477406025,0.0822265625,-0.004894684045575559,0.0031318807508796454,0.1554621011018753,fa95b3193a03000ac7fbe7033579d6da:0:0,39899e52863cb9b3516b87f80e053a59:0:0,0df4e24ce3fae946d06157f4e8815931:0:0,289a3ea2e29f559d4042ff3c812d1e0e:0:3839505968,457b335f3d5a49b8e7d97546f98614e0:1:783044945,10,1.0,0,0,0,0,0,0,512,0,0,512,0,0,378,0,0,134,0,0,512,1.0560376644134521,98.0567626953125,0,0
1490,A,1490,-0.004170239437371492,0.07362642139196396,nan,nan,512,0,-0.004170239437371492,0.07362642139196396,all_rows,512,0,0.00743836909532547,0.048828125,-0.002852705679833889,0.0026997977984137833,0.15325306192971766,e5f8750cd1bc0aa140e1593c4916a2da:0:0,31ed6a98a0de7cdb1533d63b201a4b17:0:0,f2ed5a926543679806f6bcdb85679f69:0:0,536087688fa11500205f6f78f3d2bb0e:0:987817779,9932511000f6a70fb92938bbe96cc4c3:0:2946918799,10,1.0,0,0,0,0,0,0,512,0,0,512,0,0,375,0,0,137,0,0,512,1.0506776571273804,97.44469451904297,0,0
1491,A,1491,0.0032952437177300453,0.07557891309261322,nan,nan,512,0,0.0032952437177300453,0.07557891309261322,all_rows,512,0,0.00106747355312109,0.0095703125,-8.937423117458821e-05,0.0028549759648740292,0.13901771302334964,247e21efc5103ace51ac45ffc3f36eda:0:0,e0a862abdf79dfe9ab5f2b3b22f6219d:0:0,43f615998d5609a804a03d3163e9ec5b:0:0,e1dc46ec0cd7ac337ab2c097a9f4580e:0:1854307237,d7f738150fa5ef616e352c945d19dc89:1:279186069,10,1.0,0,0,0,0,0,0,512,0,0,512,0,0,361,0,0,151,0,0,512,1.0835895538330078,97.48052215576172,0,0
1492,A,1492,-0.005057690665125847,0.06827829778194427,nan,nan,512,0,-0.005057690665125847,0.06827829778194427,all_rows,512,0,0.0017229601508006454,0.0078125,-0.0012379880994558335,0.0023149386513978245,0.10396274703089148,d3a5d00bdbcb0ba775928f99a6103ada:0:0,9283fb7486081bf2d663fb33eb7db969:0:0,4fe092d2027f07a74a378856cac70920:0:0,7d49fa62eeec3b79b9b2ee97f391f50e:0:989568239,21999164d15853b0902e7c8d3ba5a18a:0:984725485,10,1.0,0,0,0,0,0,0,512,0,0,512,0,0,354,0,0,158,0,0,512,1.0503311157226562,97.54678344726562,0,0
1493,A,1493,0.010427779518067837,0.08767788112163544,nan,nan,512,0,0.010427779518067837,0.08767788112163544,all_rows,512,0,0.0016667558811604977,0.0501953125,-0.0026165977120399474,0.003794470243155956,0.10190055391285568,290aed9d56f74b6d68595855ef6d06da:0:0,727bbc423b28e266a8522678cb1834a7:0:0,41dc305f0555bc6ce928bedd7389c789:0:0,c817b1bdc28ef1057d4e5f3920ab920e:0:2074163337,65ea23ba0efdbc3306b685b9e78a8229:0:3147762993,10,1.0,0,0,0,0,0,0,512,0,0,512,0,0,371,0,0,141,0,0,512,1.0389162302017212,97.22246551513672,0,0
1494,A,1494,-0.009567451663315296,0.08069155365228653,nan,nan,512,0,-0.009567451663315296,0.08069155365228653,all_rows,512,0,0.00564378360286355,0.01015625,-0.0004547333810478449,0.0032445662654936314,0.12872640299610794,fda361e0de321de3f2550280a009d2da:0:0,1f60034520c8fe496738ea44955a57aa:0:0,c6fffead39e270ae68bd61e64aab3e8a:0:0,ab3c532ad72afa953878e1fa81412f0e:0:3021314805,dff8e1989416216a3b3e8596a97a9dc3:0:2361924730,10,1.0,0,0,0,0,0,0,512,0,0,512,0,0,366,0,0,146,0,0,512,1.0278979539871216,97.0722427368164,0,0
1495,A,1495,0.005106684286147356,0.07113058120012283,nan,nan,512,0,0.005106684286147356,0.07113058120012283,all_rows,512,0,0.00238604168407619,0.11640625,-0.0024594901129603385,0.0025297471205703915,0.11544838093686849,3d3e34740821b5e9b4693065b7e69eda:0:0,25a1216cbb2679bf1bde859202a85de7:0:0,9cb41258d51c9db52540854a7035382c:0:0,d526ed67886fd6878ab8b01b6552cc0e:0:4075546473,3b05841702009d3ee061b09028163995:0:2460970384,10,1.0,0,0,0,0,0,0,512,0,0,512,0,0,350,0,0,162,0,0,512,1.0436898469924927,97.87464904785156,0,0
1496,A,1496,-9.595486335456371e-05,0.07870354503393173,nan,nan,512,0,-9.595486335456371e-05,0.07870354503393173,all_rows,512,0,0.001496603130362928,0.003515625,0.0003511155489832163,0.003089260286651552,0.1044697311008349,87c03a777b5bc64ff408c45137036ada:0:0,33f798817da9ed2f39c4009379b207e9:0:0,8ff7aab9b4731bbc95fa1e1e23328b5e:0:0,160d04a5583f4ab855b36c9b1ce0690e:0:2988307265,a3e361a1a65180700b6d6949064854fa:0:3902806484,10,1.0,0,0,0,0,0,0,512,0,0,512,0,0,364,0,0,148,0,0,512,1.0262218713760376,98.61393737792969,0,0
1497,A,1497,-0.0038250796496868134,0.07329017668962479,nan,nan,512,0,-0.0038250796496868134,0.07329017668962479,all_rows,512,0,0.008272813633084297,0.05546875,-0.002202608902007341,0.00267954581649974,0.10249539604410529,b7011cc0e507a9f26735e08f1d6036da:0:0,a1e7a4103b534f56926e5977ee858f86:0:0,ac02bd53d5b5c7debbf53e66ee44bf74:0:0,1d139e7330ad07768ebb2438f7ea060e:0:4045885812,c7723d2182f19840206e216d3e90faa3:0:237395504,10,1.0,0,0,0,0,0,0,512,0,0,512,0,0,374,0,0,138,0,0,512,1.0378241539001465,99.16874694824219,0,0
1498,A,1498,0.00192363397218287,0.08006731420755386,nan,nan,512,0,0.00192363397218287,0.08006731420755386,all_rows,512,0,0.004435266833752394,0.0306640625,-0.0029733942123129965,0.003207135107368231,0.10564092604909092,9362aa4a4288430f0081e76b6afd02da:0:0,335cb4b49b980a5522a8e7b97894f193:0:0,c6e3925eb15ac23bdf015e55505712e1:0:0,9464cc10a8dabce2cc5b4d74466fa30e:0:662022399,05deaeae6bd197a020828fcdc95ef1d3:1:2460881073,10,1.0,0,0,0,0,0,0,512,0,0,512,0,0,362,0,0,150,0,0,512,1.0416467189788818,98.57817840576172,0,0
1499,A,1499,0.0008728876709938049,0.0657539814710617,nan,nan,512,0,0.0008728876709938049,0.0657539814710617,all_rows,512,0,0.0036363154649734497,0.0298828125,-0.003756590560078621,0.002153944253223017,0.10844938503578305,d186d5eb3b7991ddbb0d7b321fd9ceda:0:0,fd0c44581236aac83d65a677aa424ee5:0:0,3146d86cc994e8a0a744eb51f6da5e32:0:0,e99ad9cd279929068fe5c88c5871400e:0:2680442975,a9cecf629e85188dfbaa370c4c4a83b0:0:464827366,10,1.0,0,0,0,0,0,0,512,0,0,512,0,0,354,0,0,158,0,0,512,1.0406174659729004,98.60314178466797,0,0
1500,A,1500,-0.0025433129630982876,0.0726010650396347,nan,nan,512,0,-0.0025433129630982876,0.0726010650396347,all_rows,512,0,0.003536539850756526,0.01640625,-0.0019124185666441918,0.002633344253990799,0.10663921595551074,8425f648894e026866887e2f3bf69ada:0:0,2357e200c694c1a90b0bee7c34127ca0:0:0,40b2baceead4bc4878b02b22c98b7a16:0:0,5d40b7933bd464f44affdf807deedd0e:0:1970533423,eeab9a670462cce12bdde141e30dd04b:0:2932827356,10,1.0,0,0,0,0,0,0,512,0,0,512,0,0,382,0,0,130,0,0,512,1.037793517112732,99.47374725341797,0,0
1501,A,1501,0.025524601340293884,0.07517919689416885,nan,nan,512,0,0.025524601340293884,0.07517919689416885,all_rows,512,0,0.005823499523103237,0.032421875,-0.001982169272378087,0.002784885303117335,0.10163554700557142,8536e2c4a9d771a2733212aebf5366da:0:0,bdb135d033fbf5993ebc6b299bece54b:0:0,f83db06d6597ebac470400d068989ef4:0:0,f1d78c7d7cef7740212f461006e87a0e:0:260875991,e9cc83a1e500b0567153a4b23a7ac207:1:667534583,10,1.0,0,0,0,0,0,0,512,0,0,512,0,0,368,0,0,144,0,0,512,1.0493971109390259,99.42375946044922,0,0
1502,A,1502,-0.004429175518453121,0.07199446111917496,nan,nan,512,0,-0.004429175518453121,0.07199446111917496,all_rows,512,0,0.002058415673673153,0.0181640625,-0.0015511726029217242,0.002559816255234182,0.15078606200404465,009d581c5a07e9c0bdd89afca9f032da:0:0,e117235f9628a915724e291e33f88b5e:0:0,82ae33c84d4acd7def2cf318e84bab5c:0:0,4e13ef49bc50f221656719ba435e170e:0:3701859694,eb378228c649ec603798582f897e4c9e:1:737575379,10,1.0,0,0,0,0,0,0,512,0,0,512,0,0,358,0,0,154,0,0,512,1.0385487079620361,98.97425079345703,0,0
1503,A,1503,-0.006571620237082243,0.08000171184539795,nan,nan,512,0,-0.006571620237082243,0.08000171184539795,all_rows,512,0,0.005893586669117212,0.0388671875,-0.001994317164644599,0.003195977909490466,0.15678809897508472,47a8ab38963615d15bd9b964fbccfeda:0:0,7ab06ba73967e93c381aea78753c93dc:0:0,4094e9a83b0cf85f7a093e9253055d8a:0:0,18af79ad4580238cd394e1be834fb40e:0:187493984,68140712decd56948f7fc1fd62b8ab0b:1:494888953,10,1.0,0,0,0,0,0,0,512,0,0,512,0,0,381,0,0,131,0,0,512,1.051771640777588,98.65616607666016,0,0
1504,A,1504,0.003905249759554863,0.08464366942644119,nan,nan,512,0,0.003905249759554863,0.08464366942644119,all_rows,512,0,0.00405769282951951,0.026953125,-0.0010714890435338021,0.003574234968982637,0.15490455098915845,6f15389f1d316c9367225033b4e9cada:0:0,d4244bc7eb6f784212a26928c6444d9e:0:0,1ac88e7b0743b1c4a2bcaa218bbc6be5:0:0,767036ed5b501d97862d8f1c16bd510e:0:1869243599,5cc9bf1849373c794acdaaae25730490:1:2289160748,10,1.0,0,0,0,0,0,0,512,0,0,512,0,0,377,0,0,135,0,0,512,1.0200352668762207,99.57362365722656,0,0
1505,A,1505,-0.003961321897804737,0.06807564198970795,nan,nan,512,0,-0.003961321897804737,0.06807564198970795,all_rows,512,0,0.0011458256049081683,0.032421875,-0.001597149996086955,0.0023153006215579806,0.14931809494737536,f83e32c9b372128eca2e81b4d54696da:0:0,af859c19c9904d6033c2f6cff5de958d:0:0,16cc9c5b2a317cec0ae3ed336a9da321:0:0,ad36f0ae0eb39d72a7ba7c924da6ee0e:0:2273862318,c33a08fa81efc6e8cdb8fb79bcbc208f:0:4085464403,10,1.0,0,0,0,0,0,0,512,0,0,512,0,0,354,0,0,158,0,0,512,1.021985411643982,99.4499282836914,0,0
1506,A,1506,0.004540496971458197,0.07085366547107697,nan,nan,512,0,0.004540496971458197,0.07085366547107697,all_rows,512,0,0.00038917176425457,0.0486328125,-0.0015199576504528523,0.002490397449582815,0.15210056607611477,f0fb718ba3b0736c0c09b0345ce362da:0:0,fa42eb4c9faabe23381253b47e54bed8:0:0,d7089c9048ff9cb10602b650e23a184f:0:0,6b2d11a2f6f2974fe0666ea0780c8b0e:0:3213299810,cad41aaca7879ca3523beae823f2d9d2:1:4228981021,10,1.0,0,0,0,0,0,0,512,0,0,512,0,0,352,0,0,160,0,0,512,1.0217738151550293,99.55224609375,0,0
1507,A,1507,0.002076470758765936,0.07404237985610962,nan,nan,512,0,0.002076470758765936,0.07404237985610962,all_rows,512,0,0.006756280083209276,0.103515625,-0.004408502764999866,0.00273857795400545,0.15203302702866495,9387b08c3a30928c1c4e7dfe4bc02eda:0:0,7d05f7a328553219afd10d7994ec0a64:0:0,d5844e79777cf57b152f7be2efafc064:0:0,ad5586ad3b17ed7e7f8a9385e5ee280e:0:2770067256,4d19284856863b289f8eaefcfbc6fa1d:1:405191250,10,1.0,0,0,0,0,0,0,512,0,0,512,0,0,363,0,0,149,0,0,512,1.0167579650878906,99.3422622680664,0,0
1508,A,1508,-0.0009327209554612637,0.0789240375161171,nan,nan,512,0,-0.0009327209554612637,0.0789240375161171,all_rows,512,0,0.004674114752560854,0.0435546875,-0.0038144342601299287,0.0031070728786289693,0.15453379799146205,87ff42bc380d12e01f26cd5ea1dcfada:0:0,719bd57d2f3805384df0915dc30f845f:0:0,6d8891a6d6c5778f4143951de87628ad:0:0,1ff9cdf4c18b9911613b8341e74bc50e:0:1056801949,176b4e05ea2901a9d83b7e918d30b5e7:0:1987740036,10,1.0,0,0,0,0,0,0,512,0,0,512,0,0,375,0,0,137,0,0,512,1.0302480459213257,98.06147766113281,0,0
1509,A,1509,-0.0028004348278045654,0.0787026435136795,nan,nan,512,0,-0.0028004348278045654,0.0787026435136795,all_rows,512,0,0.005897950381040573,0.0423828125,-0.0019502162816934288,0.0030952420202083886,0.15669614810030907,82cda48b7bcdf601394bc0a15f39c6da:0:0,b592767cc632e294d23217043b9e6afa:0:0,34c9b10ecf1a5533940fee79f8edc57a:0:0,8ff2aaab3ceb4a5d8fd63f93cc25620e:0:505005322,d0d1e6645b026c2d824fab84cb636911:0:3839756550,10,1.0,0,0,0,0,0,0,512,0,0,512,0,0,390,0,0,122,0,0,512,1.0475234985351562,98.05037689208984,0,0
1510,A,1510,0.0015124976634979248,0.07060042768716812,nan,nan,512,0,0.0015124976634979248,0.07060042768716812,all_rows,512,0,0.00535055436193943,0.0400390625,-0.004321336885914207,0.0024819304002448917,0.15616233902983367,1df986835c9712885c05ba1283d692da:0:0,09a85b8477e1d02fd01523a471fa4d96:0:0,50ff7c6cf8c00e3a9b04f911d37dfa5b:0:0,c0c575632c5147a1a18d33fae47aff0e:0:1184483371,96f4f0d60baeb6fb32e5327a3f5b3ac1:0:1638378593,10,1.0,0,0,0,0,0,0,512,0,0,512,0,0,364,0,0,148,0,0,512,1.060007095336914,98.00424194335938,0,0
1511,A,1511,0.0010899316985160112,0.07645444571971893,nan,nan,512,0,0.0010899316985160112,0.07645444571971893,all_rows,512,0,0.007759830914437771,0.0677734375,-0.005286123533733189,0.00290547925978899,0.15953902597539127,7deae5c9753a41a6112c5bfe0fb35eda:0:0,cc4f5fdc9b390bf8cc10e7b7d7ea2ff0:0:0,ece9dd4765f6ad6fc47d4e4f7c688a86:0:0,16bbc636c1571025d1f535b6804c9c0e:0:1580890012,a00c0cca7b8b9be22cc655f7916c1191:0:1038804874,10,1.0,0,0,0,0,0,0,512,0,0,512,0,0,372,0,0,140,0,0,512,1.0292214155197144,98.92403411865234,0,0
1512,A,1512,-0.007162908557802439,0.08483812212944031,nan,nan,512,0,-0.007162908557802439,0.08483812212944031,all_rows,512,0,0.001508207875303924,0.0505859375,-0.002062034443952143,0.003552056662738323,0.1480727210873738,9c458feddc7943fa472688b002d02ada:0:0,14ef17e50bf6551996d25dd191617788:0:0,39b5d451d151c9440d350d291a48ba5c:0:0,2798995ef73f0a24d79283c5ef9a390e:0:2507670797,5ac38d4e82d80d9b0287aec2d0a4b126:1:4076008801,10,1.0,0,0,0,0,0,0,512,0,0,512,0,0,383,0,0,129,0,0,512,1.015821099281311,100.1155776977539,0,0
1513,A,1513,-0.0002481805859133601,0.07539336383342743,nan,nan,512,0,-0.0002481805859133601,0.07539336383342743,all_rows,512,0,0.004087595734745264,0.0435546875,-0.002503427816554904,0.002812011330388486,0.1639043689938262,fc04034707c35dac1cea62745d2cf6da:0:0,01ca5c26741730c0da0a07fb8160fcd5:0:0,fbeaf17fe52893bb84f6c3259b4e5e39:0:0,f896ba4dfcce41cd7565c6e88263d60e:0:936243861,574b19d6d07ee9ccc1decdaacb2172af:1:4242218164,10,1.0,0,0,0,0,0,0,512,0,0,512,0,0,359,0,0,153,0,0,512,1.057454228401184,100.1517333984375,0,0
1514,A,1514,0.00047650322085246444,0.0760442242026329,nan,nan,512,0,0.00047650322085246444,0.0760442242026329,all_rows,512,0,0.003130862955003977,0.0546875,-0.004833954386413097,0.0028806096641346814,0.12497761496342719,1862fcfcd5baa9c1adfd4b971ec9c2da:0:0,8090b6067a0cdc7493602a428b687050:0:0,05c476a50bc961fdc6887a1dc71816c8:0:0,ed082edd657cffacc879119d88a9730e:0:2921850909,1f07d7ee7ebd1b7ab4809e4ff429d7f3:0:324472467,10,1.0,0,0,0,0,0,0,512,0,0,512,0,0,364,0,0,148,0,0,512,1.0115115642547607,100.44235229492188,0,0
1515,A,1515,0.001702688168734312,0.06900566816329956,nan,nan,512,0,0.001702688168734312,0.06900566816329956,all_rows,512,0,0.004506056196987629,0.046875,-0.003947140695527196,0.0023792906082235276,0.1060144160874188,1ba531c37dcd24b7de73e66447a68eda:0:0,f1272c068bea1560ad7b6e38681b7129:0:0,454b7c20ff6c76731bf6ced92a852849:0:0,27f2d5a466c2bcd1516ce024526b100e:0:1874546458,08ef68c116fde6abc177b8f69550a93b:0:845558797,10,1.0,0,0,0,0,0,0,512,0,0,512,0,0,366,0,0,146,0,0,512,1.0214006900787354,100.10311889648438,0,0
1516,A,1516,0.006877683103084564,0.07929056882858276,nan,nan,512,0,0.006877683103084564,0.07929056882858276,all_rows,512,0,0.004403985105454922,0.030078125,-0.0021907095331698658,0.0031326340162195266,0.10133221407886595,5a80a626622d6e5a26f21527d7c35ada:0:0,44ce00661fb597203c0e8b7dbcf6f736:0:0,7bb720b852221009f23bb5cc18a0be06:0:0,71760a10b35fbaf6ba05187c2fa8ad0e:0:3480321932,d5279ad488c0271602b20e6bc779d9c6:1:2896558717,10,1.0,0,0,0,0,0,0,512,0,0,512,0,0,373,0,0,139,0,0,512,1.0510202646255493,99.30013275146484,0,0
1517,A,1517,-0.0003111514961346984,0.07775958627462387,nan,nan,512,0,-0.0003111514961346984,0.07775958627462387,all_rows,512,0,0.0006343384739011526,0.0056640625,-0.0005746506154537201,0.0030247450107708574,0.10357663000468165,bc63df22017742da60aafa2dcf2026da:0:0,ed401a664184a592365a93c0a9f6f456:0:0,a12f6fc32c6447b38be9d64904ed7c9b:0:0,40cfd06150a4470a56b60a6470624a0e:0:218371705,b874e6e6ee879f3977b3cf58991415aa:1:2801393230,10,1.0,0,0,0,0,0,0,512,0,0,512,0,0,376,0,0,136,0,0,512,1.0515056848526,99.97425842285156,0,0
1518,A,1518,-0.0036762021481990814,0.07428894937038422,nan,nan,512,0,-0.0036762021481990814,0.07428894937038422,all_rows,512,0,0.0017360467463731766,0.047265625,-0.003257058560848236,0.002761035389266908,0.10378296102862805,a6f0b3ab854bab289160f7c22dbcf2da:0:0,4308b5cfc5549de41907454602b57ec0:0:0,80eb58e7d6a14daf527403c287ad0069:0:0,468b052208d36c5864316f5c6497e70e:0:1168839005,d09a2f675c195494ba0c8e6e5e5af8d2:0:1779470372,10,1.0,0,0,0,0,0,0,512,0,0,512,0,0,379,0,0,133,0,0,512,1.0458085536956787,100.27508544921875,0,0
1519,A,1519,-0.004722392186522484,0.07902444154024124,nan,nan,512,0,-0.004722392186522484,0.07902444154024124,all_rows,512,0,0.0019843224436044693,0.0126953125,-0.00252089441055432,0.003096750285476446,0.10150092502590269,3b4ce3a3ab30e48ab765b030f399beda:0:0,dda49767d47406f6df2618891a60a9c5:0:0,8a84d2be0ea44a7f349d02b50dbd599f:0:0,6965d93be1dc9eb200f36aa35c49840e:0:1699131162,e788d5ed1e0df5c09aaecae8f7214646:0:2467267316,10,1.0,0,0,0,0,0,0,512,0,0,512,0,0,362,0,0,150,0,0,512,1.0522944927215576,99.69611358642578,0,0
1520,A,1520,0.0029764091596007347,0.0747893825173378,nan,nan,512,0,0.0029764091596007347,0.0747893825173378,all_rows,512,0,0.0020997344981878996,0.03125,-0.001469613378867507,0.002772358292713761,0.10201379703357816,bd7dc0920501ff74959a05c620b68ada:0:0,1e0a9c8e24e6482319c5f6ad8b4fa379:0:0,3801b4934ffa8493c2634debcf3245f2:0:0,a7e05f1740c5a1dbe2cf8938a777210e:0:401856832,71552ee9c193c364310c38da5e45824f:0:4251194036,10,1.0,0,0,0,0,0,0,512,0,0,512,0,0,352,0,0,160,0,0,512,1.0536993741989136,99.4271240234375,0,0
1521,A,1521,-0.0033155179116874933,0.07348073273897171,nan,nan,512,0,-0.0033155179116874933,0.07348073273897171,all_rows,512,0,0.010735972784459591,0.0626953125,-0.00570288123562932,0.0026925363345071673,0.10126842907629907,e02c2864ce3a359f7f6e1acdb51356da:0:0,e241d805a40b3f5dd2d6edc663b1a72b:0:0,22fb890216c4c3288650713a514cdec4:0:0,b04340a3203bb495c87dc1db9620be0e:0:395010480,dc2d862bb1c5f877d76e5f039fde189b:1:2276610140,10,1.0,0,0,0,0,0,0,512,0,0,512,0,0,368,0,0,144,0,0,512,1.064835786819458,99.38764190673828,0,0
1522,A,1522,0.0003619730705395341,0.07901249825954437,nan,nan,512,0,0.0003619730705395341,0.07901249825954437,all_rows,512,0,0.006453393958508968,0.0330078125,-0.0014551110565662385,0.00311375274322927,0.10223205597139895,7128d250d367f76224e15193b0b022da:0:0,ba730aceb103b488c9b5d9cc1f8e4b51:0:0,ecab0a720d7573fedbedd6181e383222:0:0,b7515b55fbe0c58aa727750b78465b0e:0:1928600884,4403bd8ed439d343c3612c4987bb9b05:0:606290865,10,1.0,0,0,0,0,0,0,512,0,0,512,0,0,377,0,0,135,0,0,512,1.0499885082244873,99.81448364257812,0,0
1523,A,1523,-0.004780701827257872,0.07973667234182358,nan,nan,512,0,-0.004780701827257872,0.07973667234182358,all_rows,512,0,0.0011408389545977116,0.0806640625,-0.001768428273499012,0.0031722263083793223,0.10965258092619479,8c1679cc2913b0485e824c64138ceeda:0:0,0507d4d4e347fccba45e11949749925d:0:0,093026ebf2c640b0579935048a2d5b3e:0:0,a85bc064ca07387993f46d079de7f80e:0:1490417712,dacc5348cde9ff94bce4da18c9223f76:0:2720350227,10,1.0,0,0,0,0,0,0,512,0,0,512,0,0,381,0,0,131,0,0,512,1.0857809782028198,98.9178695678711,0,0
1524,A,1524,0.0039426228031516075,0.07470933347940445,nan,nan,512,0,0.0039426228031516075,0.07470933347940445,all_rows,512,0,0.006747422274202108,0.0484375,-0.005083041707985103,0.0027891340083442628,0.10467949497979134,0fffcb7daf6642eaf96eed8adda9bada:0:0,8d11d583288d79376e2763bac35dd970:0:0,57ea45b53519275ed4da9b34373c5aae:0:0,5f138e7692ac81e76997ddcf5705950e:0:1378472557,3e0420f2525f42cc3a90324512ca0b4f:0:2466646312,10,1.0,0,0,0,0,0,0,512,0,0,512,0,0,377,0,0,135,0,0,512,1.0879110097885132,99.30692291259766,0,0
1525,A,1525,-0.002199133625254035,0.07922497391700745,nan,nan,512,0,-0.002199133625254035,0.07922497391700745,all_rows,512,0,0.004228679928928614,0.051171875,-0.0011955416295677424,0.0031232483801431955,0.10261981294024736,a1921bda9fdb3c07835457540f0686da:0:0,9524690e8b2975ac9455bceefeccf4c6:0:0,cee83a9f7903ec365c61e43d77d97956:0:0,8e52b103e4a09fa929dd6521f39f320e:0:1122497972,677b033a9a9e317fbd3d41cfd9e0da75:1:3212150125,10,1.0,0,0,0,0,0,0,512,0,0,512,0,0,367,0,0,145,0,0,512,1.0773411989212036,99.58427429199219,0,0
1526,A,1526,2.9285787604749203e-05,0.07694409787654877,nan,nan,512,0,2.9285787604749203e-05,0.07694409787654877,all_rows,512,0,0.001864094054326415,0.07734375,-0.0016215034993365407,0.0029501727782189845,0.10427694395184517,0d7bdf0aa24abcd8166eec0ba7a352da:0:0,24f5136fc81bc15cdb05d7201a7d5c6d:0:0,b8d92108593001b5cb34549f77ede4c2:0:0,6623825498e634971b360a7ec3b4cf0e:0:2843593918,fa3cfb3bd6ceaa1f331f076e98852414:1:613413205,10,1.0,0,0,0,0,0,0,512,0,0,512,0,0,374,0,0,138,0,0,512,1.0713969469070435,100.21644592285156,0,0
1527,A,1527,-0.00567428907379508,0.08095242083072662,nan,nan,512,0,-0.00567428907379508,0.08095242083072662,all_rows,512,0,0.002934305928647518,0.0466796875,-0.0003743551671504974,0.0032711055595427752,0.10269744496326894,6c46958a26971cab258a4dfda7801eda:0:0,4e47dae50be2b832aa2ba823b130f139:0:0,182c7159a340492fde65dc52066f8e24:0:0,6c24a1a80074cdb8a2453f2517466c0e:0:3864278745,a19f4f6dc2b8964e245d8e3a30a8b63d:1:1475481632,10,1.0,0,0,0,0,0,0,512,0,0,512,0,0,386,0,0,126,0,0,512,1.0815966129302979,99.70695495605469,0,0
1528,A,1528,0.008779367431998253,0.0797397568821907,nan,nan,512,0,0.008779367431998253,0.0797397568821907,all_rows,512,0,0.0015386013546958566,0.013671875,-0.0015197412576526403,0.0031761769438162445,0.10362556192558259,022f68e2004a41bb48015f760e9ceada:0:0,4adeae775e20ba5929e645d2a506afce:0:0,f1b877f6e4a6253c239cd3a46f04556d:0:0,a9f4617fc1a49738d76dde143e54090e:0:3674209319,4b0f489679313c7996753e0bee329649:0:3935057758,10,1.0,0,0,0,0,0,0,512,0,0,512,0,0,375,0,0,137,0,0,512,1.0806559324264526,100.30316162109375,0,0
1529,A,1529,-0.001495670061558485,0.07198227196931839,nan,nan,512,0,-0.001495670061558485,0.07198227196931839,all_rows,512,0,0.0007729511708021164,0.0427734375,-0.00154258469119668,0.0025894120102748276,0.10200921504292637,814007aa816eb14705be42c0dcf9b6da:0:0,50763ebda2f882b9433d0fe08b7bd6dc:0:0,2e0647370e071065e22095db5414bbf4:0:0,2da5ac4050a88773d85f2c0b88dda60e:0:801029968,180f88a0e19034100ecb5873432ee6cf:1:2086343491,10,1.0,0,0,0,0,0,0,512,0,0,512,0,0,368,0,0,144,0,0,512,1.0865181684494019,100.00382232666016,0,0
1530,A,1530,-0.0032713983673602343,0.07144658267498016,nan,nan,512,0,-0.0032713983673602343,0.07144658267498016,all_rows,512,0,0.003408313961699605,0.047265625,-0.003494230192154646,0.0025522578274831177,0.10427867993712425,197a6fef91f056e8a33a5a2a129682da:0:0,c948e15356b97d2623b380f556d92c19:0:0,3e4fd0c2f5eaeed658e52898fd54dc2d:0:0,bc4c195f1199c66cd5a1d78a46e3430e:0:2645208821,c7ed8613d3e341cb45fdf0f9c814862b:0:997527035,10,1.0,0,0,0,0,0,0,512,0,0,512,0,0,353,0,0,159,0,0,512,1.0551437139511108,100.14937591552734,0,0
1531,A,1531,0.004191226791590452,0.07304098457098007,nan,nan,512,0,0.004191226791590452,0.07304098457098007,all_rows,512,0,0.00483743567019701,0.0310546875,-0.002300800522789359,0.0026651113876141608,0.11079598101787269,a98e42ea80d1032ded7e47fdaf734eda:0:0,51c26f99c9c20c2e59a2be31c9503ecb:0:0,b8e7a84a98232bd8dd9f4eb9c8ba0bbf:0:0,07f87521d2b4d7fcdc24f8cfc864e00e:0:1844332279,8c703ff49f3f7285642f9ba3efddae30:1:3994835862,10,1.0,0,0,0,0,0,0,512,0,0,512,0,0,374,0,0,138,0,0,512,1.0716558694839478,99.54165649414062,0,0
1532,A,1532,0.0032102481927722692,0.07955053448677063,nan,nan,512,0,0.0032102481927722692,0.07955053448677063,all_rows,512,0,0.0008696279255673289,0.017578125,-0.0007868649903684854,0.003121200541500002,0.1062940169358626,7184f4e58c7ca1700621ee87b3901ada:0:0,2c25ff27aa6fc454da1cd493d8dcc75d:0:0,d9bc93d3586272f1b7c8aa1a7062d584:0:0,69f1ca816a86cf0a5acb11db5d627d0e:0:4180443404,6a83d4a5cfc779ef4fbbe5b553332daf:1:1024790537,10,1.0,0,0,0,0,0,0,512,0,0,512,0,0,359,0,0,153,0,0,512,1.1099430322647095,99.16177368164062,0,0
1533,A,1533,-0.008269105106592178,0.08211485296487808,nan,nan,512,0,-0.008269105106592178,0.08211485296487808,all_rows,512,0,0.0008333174046128988,0.0279296875,-0.0012228451203554868,0.003337640967220068,0.10102413699496537,e75baffc5f8924eb2f4c70141eece6da:0:0,e0f23a8f80a1b040b401495a1aab84bb:0:0,a686ba7dd9900f49211ef29fa74aad64:0:0,8195fc0ddfe6901963f70e6c55dc1a0e:0:2319092247,7a97659563113377133ee180c6b13358:0:2524971197,10,1.0,0,0,0,0,0,0,512,0,0,512,0,0,375,0,0,137,0,0,512,1.102644443511963,99.1238784790039,0,0
1534,A,1534,0.007455513346940279,0.07324395328760147,nan,nan,512,0,0.007455513346940279,0.07324395328760147,all_rows,512,0,0.0005502181593328714,0.0236328125,-0.0003671185113489628,0.0026569733512587846,0.10120287991594523,c2de104bff2e2d1697b42eeef189b2da:0:0,5b48f5451298af2a15b4792e0556fc67:0:0,5a8954643cec1f3894708365e1a68d70:0:0,ecfa5fb998b3e984ab19440201d1b70e:0:4234377075,176b63c5481114764f2c44d352d24338:0:1925331256,10,1.0,0,0,0,0,0,0,512,0,0,512,0,0,356,0,0,156,0,0,512,1.082063913345337,98.90653991699219,0,0
1535,A,1535,-0.0026728028897196054,0.07460998743772507,nan,nan,512,0,-0.0026728028897196054,0.07460998743772507,all_rows,512,0,0.0025949543341994286,0.064453125,-0.0030096414033323527,0.0027655562153086066,0.10374161007348448,0983fc03e8c0613c269ecd642b667eda:0:0,83b889a0937e0b37daf00df683f6fe28:0:0,ca42e5b127ac866cf79077332a7223c2:0:0,43a02c2ea07407af3e3c71dbb143540e:0:1403092380,daaf0f12ac5a2f20ed09cda7b463dad9:1:2601178208,10,1.0,0,0,0,0,0,0,512,0,0,512,0,0,374,0,0,138,0,0,512,1.0987579822540283,98.78996276855469,0,0
1536,A,1536,0.003472564509138465,0.07710687071084976,nan,nan,512,0,0.003472564509138465,0.07710687071084976,all_rows,512,0,0.006793464068323374,0.0546875,-0.0056126022711396216,0.002946556347887963,0.10491190094035119,dbd6c1a95b7c835047e12dbfcc834ada:0:0,415de880a5738d9dc4bcfc04f07d51a4:0:0,034e8ace93bfcf8deab793dc41d44aea:0:0,ad36aec129008b7efb92c0f8b430f10e:0:3342050831,9367c912c6997486adcc392698b5439c:1:1172489073,10,1.0,0,0,0,0,0,0,512,0,0,512,0,0,370,0,0,142,0,0,512,1.1209977865219116,98.35831451416016,0,0
1537,A,1537,-0.005227171815931797,0.06528224050998688,nan,nan,512,0,-0.005227171815931797,0.06528224050998688,all_rows,512,0,0.003194662509486079,0.060546875,-0.00334419347345829,0.002119780762586743,0.10489531001076102,0b365abd0bee3a09b7df724dd4e016da:0:0,b43b782db51b31f4fb3033895b95891a:0:0,4ec686e61464e1c4d80501f41b06f228:0:0,06706130f59c496fc302c4185a9a8e0e:0:3803796116,417894b5030dd58aeaf63f0c8824ccf8:0:426945422,10,1.0,0,0,0,0,0,0,512,0,0,512,0,0,364,0,0,148,0,0,512,1.1258398294448853,97.29563903808594,0,0
1538,A,1538,0.004234643653035164,0.07135360687971115,nan,nan,512,0,0.004234643653035164,0.07135360687971115,all_rows,512,0,0.0036918101832270622,0.0228515625,-0.002639252692461014,0.0025464044068939985,0.10904596501495689,17ff30d2be3e92394f8cfd5a447ce2da:0:0,f0c968f125fa1dcb9a7f1f85ee531165:0:0,6260b13df09245b47f434be1f83521ff:0:0,463788346bde778f63b477b9f4802b0e:0:775983809,0d1da3a2cfe4b7b2965bf33dc0198026:0:2473118227,10,1.0,0,0,0,0,0,0,512,0,0,512,0,0,362,0,0,150,0,0,512,1.121399998664856,97.83428192138672,0,0
1539,A,1539,0.002811228856444359,0.07396046072244644,nan,nan,512,0,0.002811228856444359,0.07396046072244644,all_rows,512,0,0.002625721972435713,0.0275390625,-0.0019420757424086332,0.0027297676308080552,0.1105916160158813,2c4b0f0984b63761d06c71311b59aeda:0:0,db9ac4307bcf521eb97a9a7ebf0a538f:0:0,7bcc10611a2dc13ecdb600a6e8da6662:0:0,ab87d1378e02d0b2459e421cd1e1c80e:0:3403151558,6e287689d53cce251432f9ccff09c328:1:1184997807,10,1.0,0,0,0,0,0,0,512,0,0,512,0,0,352,0,0,160,0,0,512,1.1163434982299805,98.66804504394531,0,0
1540,A,1540,-0.003150029107928276,0.07465273141860962,nan,nan,512,0,-0.003150029107928276,0.07465273141860962,all_rows,512,0,0.0019154815236106515,0.015234375,-0.0014076752820983529,0.002786998939700425,0.10424533300101757,fe1501b29fbf638fb08fb01e59767ada:0:0,5fd694ee80125ec390c2bf04bce0ac04:0:0,b9fff6a46c2204d830d6bccb441f118a:0:0,d2ae88cb274af330cf11f34042bf650e:0:4156077663,bf8197a8556fef9e8f612d7a52249fe3:0:1973685910,10,1.0,0,0,0,0,0,0,512,0,0,512,0,0,377,0,0,135,0,0,512,1.1226462125778198,98.19593048095703,0,0
1541,A,1541,-0.009301390498876572,0.0788346379995346,nan,nan,512,0,-0.009301390498876572,0.0788346379995346,all_rows,512,0,0.002340565901249647,0.035546875,-0.001352378958836198,0.0031140903709456326,0.10334104101639241,43a7c9d43cb38670e697dc6dfed346da:0:0,7138d455bc6354be5bbf84b3361f254e:0:0,8e15cca48dce0e8f74e4ee88eeb2632c:0:0,21a1e5f0f53b017d8649c4e39719020e:0:1940383777,404de018d7e2a438ca0a5eb6eae48ea4:0:714902087,10,1.0,0,0,0,0,0,0,512,0,0,512,0,0,369,0,0,143,0,0,512,1.1300208568572998,98.39712524414062,0,0
1542,A,1542,0.0008006182033568621,0.08033823221921921,nan,nan,512,0,0.0008006182033568621,0.08033823221921921,all_rows,512,0,0.0005506854504346848,0.0353515625,-0.000662716431543231,0.0032173587125726042,0.10233436489943415,96313a1490c0a3acb5b5586c0b7012da:0:0,9b17e28f3f413048da81cc5a2bab612a:0:0,e4e3232c919acbf69e7a682d11602195:0:0,e14e42bc97994ae3eef55a861eee9f0e:0:3138927241,c04a3cfea217d50762cc64f5b669bcf6:0:1477121150,10,1.0,0,0,0,0,0,0,512,0,0,512,0,0,360,0,0,152,0,0,512,1.1110402345657349,98.823974609375,0,0
1543,A,1543,0.002903590677306056,0.07309488207101822,nan,nan,512,0,0.002903590677306056,0.07309488207101822,all_rows,512,0,0.0013520224019885063,0.03515625,-0.0018483075778931378,0.002666645683348179,0.10286237101536244,475a4e790d32687b79a7c6647f4cdeda:0:0,a96ce7177d1d5b688cf13fe6c7fe960f:0:0,451d13c734ae3d68ff6bac54b23568f5:0:0,228ffaa28d3682c023c6c1672a403c0e:0:3456190779,a7a686e00807dbea1bb5147cd0048f31:1:1315701162,10,1.0,0,0,0,0,0,0,512,0,0,512,0,0,377,0,0,135,0,0,512,1.0992162227630615,98.50550079345703,0,0
1544,A,1544,-0.010024462826550007,0.07823801785707474,nan,nan,512,0,-0.010024462826550007,0.07823801785707474,all_rows,512,0,0.01268028374761343,0.06484375,-0.0045253974851220844,0.003003431670367718,0.10239412391092628,d71c1844aa6af87e72be08a35a69aada:0:0,04e832cd19ccd7c682defabe4a230769:0:0,18fb8e518bb5f49ee3249b8ec4f13933:0:0,8ad964427ca1cc7f2bff7086090dd90e:0:493552988,13471f77ae0d260b249d6c7bb77672c0:1:3011356464,10,1.0,0,0,0,0,0,0,512,0,0,512,0,0,362,0,0,150,0,0,512,1.0997810363769531,98.88886260986328,0,0
1545,A,1545,0.006293589249253273,0.0788973718881607,nan,nan,512,0,0.006293589249253273,0.0788973718881607,all_rows,512,0,0.0023350990377366543,0.0474609375,-0.003769480180926621,0.003091974905692041,0.10584524599835277,65f4ab1f86d771d791d641749cc676da:0:0,b1963fe695a34d853e952d204f791e73:0:0,862fb8dd06a1552063c85677ca55610f:0:0,3e22a17c7e09a2b80cfd48a20b57760e:0:2842453439,c107accb46703479a7dd07b4700483ea:0:2877240948,10,1.0,0,0,0,0,0,0,512,0,0,512,0,0,369,0,0,143,0,0,512,1.0704128742218018,98.91500854492188,0,0
1546,A,1546,-0.001979029970243573,0.07514753937721252,nan,nan,512,0,-0.001979029970243573,0.07514753937721252,all_rows,512,0,0.0015537479193881154,0.0267578125,-0.0029164097970351575,0.0028246428701095283,0.1096576179843396,bc5d1891572c2881445dd324466342da:0:0,9630491223b455d9cd46fff2958ea0c4:0:0,24873c227e3210c86540b96ede6017bd:0:0,6176c72e0ea85fad97c7943a811d130e:0:3041698806,9baf7edc22337f126e5872ec888de304:1:3265985136,10,1.0,0,0,0,0,0,0,512,0,0,512,0,0,358,0,0,154,0,0,512,1.0927257537841797,98.91912841796875,0,0
1547,A,1547,-0.00026686443015933037,0.0771208181977272,nan,nan,512,0,-0.00026686443015933037,0.0771208181977272,all_rows,512,0,0.002371776383370161,0.03515625,-0.0037521190010011197,0.0029596683336421846,0.11100137000903487,523232b7653498e640515ffe57400eda:0:0,aeea4af03a3bff6a4df66801462255aa:0:0,a644ee7ecbb4c339c1125c0f2ba90b1d:0:0,ec9e7006c638ed88f29c078eba5eb00e:0:3226398991,7feb4cb4961cfc21cf6da1dddd92ac93:1:2535235941,10,1.0,0,0,0,0,0,0,512,0,0,512,0,0,372,0,0,140,0,0,512,1.096915602684021,98.57645416259766,0,0
1548,A,1548,0.0018388277385383844,0.07611285150051117,nan,nan,512,0,0.0018388277385383844,0.07611285150051117,all_rows,512,0,0.0032860306091606617,0.0767578125,-0.005382023472338915,0.002897004096303135,0.10494242992717773,2ee546fe1a8311b9503cca4ecf5cdada:0:0,c085065341de41f6529e265f5a7a8bec:0:0,6af7140b69e50a035993b52423081f1b:0:0,c6c7c57ad40de49cde7bc09e071c4d0e:0:49441160,c93d4eeeb44baf2102b66fd3e6ccfe75:0:3360642209,10,1.0,0,0,0,0,0,0,512,0,0,512,0,0,372,0,0,140,0,0,512,1.125922441482544,98.16828155517578,0,0
1549,A,1549,-0.0014533005887642503,0.08348311483860016,nan,nan,512,0,-0.0014533005887642503,0.08348311483860016,all_rows,512,0,0.0011293059214949608,0.0453125,-0.0010551984421908855,0.0034818215062841773,0.10945822694338858,8d004585544c150d1f3b3461aeb9a6da:0:0,d362a459f5206353380b637033027e0c:0:0,e891a18b50930ef52e1f937fe32b0ee0:0:0,6b7950edb3831e01b8b84727b755ea0e:0:901579764,8160610b42f6390bf86bf26fdcc7a6f3:1:2654052344,10,1.0,0,0,0,0,0,0,512,0,0,512,0,0,385,0,0,127,0,0,512,1.1422470808029175,97.54489135742188,0,0
1550,A,1550,0.00017850310541689396,0.0747617557644844,nan,nan,512,0,0.00017850310541689396,0.0747617557644844,all_rows,512,0,0.003530021058395505,0.00859375,-0.001377243734896183,0.002772503579035401,0.10665536799933761,e811d9b5fdb970ac04f70082f55672da:0:0,54eefa326d9f301e83cb5bf0cb9fc1cf:0:0,c3b47424528c58fdeb77891d167c22e5:0:0,f34eb7be6e9f80da38808cab1b0b870e:0:3169038679,1b42c1b87ae18922c277a529e2162004:1:2607076754,10,1.0,0,0,0,0,0,0,512,0,0,512,0,0,373,0,0,139,0,0,512,1.129401683807373,97.12043762207031,0,0
1551,A,1551,0.0010561887174844742,0.06998590379953384,nan,nan,512,0,0.0010561887174844742,0.06998590379953384,all_rows,512,0,0.005526016466319561,0.0388671875,-0.00527386711910367,0.0024396671215072274,0.10156911797821522,8ab1d46eae010dafd1a9d0fea3333eda:0:0,42a7e83e20ab62046a54cde3a079aa6f:0:0,8548269956bbeee862d5d146a67ab373:0:0,b84968e429da9090e86dec67823d240e:0:302952350,7636de2499e4fe0d4a63f08f1fa956a1:1:846021985,10,1.0,0,0,0,0,0,0,512,0,0,512,0,0,355,0,0,157,0,0,512,1.0967521667480469,97.69458770751953,0,0
1552,A,1552,-0.005290655884891748,0.08081457763910294,nan,nan,512,0,-0.005290655884891748,0.08081457763910294,all_rows,512,0,0.0050996714271605015,0.03671875,-0.00240368009544909,0.0032330163288861514,0.10113162500783801,da3cf00c478b77599a1c8820b8500ada:0:0,75ec23cfffd9bee47d0298491ef59667:0:0,b31e2ccf95f3892aac94546ac1aed09d:0:0,db9514419517025e5c112b5c3ceac10e:0:284980903,77862514a9da1b122f861bff8f1c4302:0:909295746,10,1.0,0,0,0,0,0,0,512,0,0,512,0,0,361,0,0,151,0,0,512,1.131502389907837,97.92158508300781,0,0
1553,A,1553,0.004613097757101059,0.07593218237161636,nan,nan,512,0,0.004613097757101059,0.07593218237161636,all_rows,512,0,0.0014979367842897773,0.0103515625,-0.0014750004280358552,0.0028781230561435223,0.10796653700526804,86686a72d576192983a7483534acd6da:0:0,f4996f3dc3bea2f70f7c7263bb38aaa0:0:0,071fcf6e6ae12878ff90cb476a569480:0:0,ca4facbc3c016068217f78489b145e0e:0:893200837,1512dcf02f38953622b263326515c04e:1:3250390526,10,1.0,0,0,0,0,0,0,512,0,0,512,0,0,371,0,0,141,0,0,512,1.0974928140640259,98.91629791259766,0,0
1554,A,1554,0.0006047533825039864,0.07585354894399643,nan,nan,512,0,0.0006047533825039864,0.07585354894399643,all_rows,512,0,0.006570004858076572,0.0498046875,-0.0024044701363891362,0.002860616974066943,0.10408659395761788,7322311a24bd3436903173881849a2da:0:0,3c0fa1faf600dce5621f856bcfedf03e:0:0,efe8d5123980f4df2bc49bcd7a4b1dfe:0:0,4ddb30758b1f80c86edf6babecb9fb0e:0:3480798304,be0ff85e9c4e04a4eae71b5d30b82f22:0:3322370540,10,1.0,0,0,0,0,0,0,512,0,0,512,0,0,361,0,0,151,0,0,512,1.1056935787200928,99.12508392333984,0,0
1555,A,1555,0.0014558244729414582,0.08388718217611313,nan,nan,512,0,0.0014558244729414582,0.08388718217611313,all_rows,512,0,0.0036762994714081287,0.0244140625,-0.0015170211903750897,0.003517104289494455,0.10173142503481358,b2996700d6598bc66a31ac6563266eda:0:0,714678c829d30759aa3cdac397f217bc:0:0,a80edff635ba1eba7c75cc31126a8f38:0:0,cfc6483ab6fb56ce8bf607c581db980e:0:167765732,3761f0f405eedfa267490328de376418:0:3721560391,10,1.0,0,0,0,0,0,0,512,0,0,512,0,0,368,0,0,144,0,0,512,1.0839935541152954,100.31077575683594,0,0
1556,A,1556,0.0009821961866691709,0.07631320506334305,nan,nan,512,0,0.0009821961866691709,0.07631320506334305,all_rows,512,0,0.014273503795266151,0.075,-0.00891444943845272,0.0029047947842627763,0.10372637095861137,3b04e447e79dc92530add51915433ada:0:0,2127d75c32185ba8879ceb79c5573b65:0:0,f8f4b2e304936a82b818d6208e65e8b7:0:0,30171a5a87f164c7f7b3b894aa79350e:0:480016970,b1b361bee5d7eea1529a500506b7f364:1:465450497,10,1.0,0,0,0,0,0,0,512,0,0,512,0,0,371,0,0,141,0,0,512,1.0522358417510986,100.90577697753906,0,0
1557,A,1557,-0.008672470226883888,0.07749142497777939,nan,nan,512,0,-0.008672470226883888,0.07749142497777939,all_rows,512,0,0.00560183497145772,0.044140625,-0.0028725228738039734,0.002988102752715349,0.10266402806155384,3709f317ee1f96bd433b0fef2ea006da:0:0,0ea2ec2ea2974e694729caf722b5c0f4:0:0,5152c580633a1b1444ff88cef138fbbe:0:0,387dd7885f48d4a249c153d8b692d20e:0:447858418,b4a20642fd2dc0a9efb8f2751407d991:1:2713667920,10,1.0,0,0,0,0,0,0,512,0,0,512,0,0,370,0,0,142,0,0,512,1.022897481918335,101.07713317871094,0,0
1558,A,1558,-0.0014957818202674389,0.07605840265750885,nan,nan,512,0,-0.0014957818202674389,0.07605840265750885,all_rows,512,0,0.0015938812866806984,0.02421875,-0.0012148415204137563,0.002888093364890665,0.1025847279233858,e7c4fd508478726f0dfdbf33af3cd2da:0:0,4d70f10770e00718210cece93ae31121:0:0,a6aa513d268627d033ccf868eeb6aad2:0:0,ae4c4c469958fdb5d00d1910f6286f0e:0:2865622546,a0e1c9b0af69a2300be7162998888690:1:2570576164,10,1.0,0,0,0,0,0,0,512,0,0,512,0,0,368,0,0,144,0,0,512,1.004859209060669,101.4979019165039,0,0
1559,A,1559,0.009301879443228245,0.0726812481880188,nan,nan,512,0,0.009301879443228245,0.0726812481880188,all_rows,512,0,0.0008302577771246433,0.0275390625,-0.002991918008774519,0.0026500334846787156,0.10597768693696707,13a81a61a52a3728d5a9853297199eda:0:0,8004aad75daaa2a91a94727b34da979a:0:0,e1b63ef201855496c95447ceb33a9c43:0:0,2d44287bbc9dde08e857b17cb93a0c0e:0:1087939187,c7cf0d35ef22e9bc50bef40d0a9ff793:1:4238111454,10,1.0,0,0,0,0,0,0,512,0,0,512,0,0,364,0,0,148,0,0,512,0.9870695471763611,101.59090423583984,1,0
1560,A,1560,-0.0032358914613723755,0.07804889976978302,nan,nan,512,0,-0.0032358914613723755,0.07804889976978302,all_rows,512,0,0.00199086032807827,0.0076171875,-0.0010470439912751317,0.003047822567168623,0.10170315497089177,f4e8748df0f35dbe83814437e6366ada:0:0,817bd059043ddae8299275197ee6e5f9:0:0,8a21ff04e220adb858d46e8d5473ff02:0:0,53fb1351aebacd5c15c1301b4fc7a90e:0:3594855523,2f0f6e9205bc7129dfac3cb8b7753f47:1:3453883498,10,1.0,0,0,0,0,0,0,512,0,0,512,0,0,344,0,0,168,0,0,512,0.9943634867668152,101.29232788085938,2,0
1561,A,1561,0.017739543691277504,0.07485248893499374,nan,nan,512,0,0.017739543691277504,0.07485248893499374,all_rows,512,0,0.0021838205866515636,0.022265625,-0.0022513593547046186,0.002637526241596788,0.10530335491057485,8c4b50b41ddef50171571e8f9c9336da:0:0,465a3ca5ef4585586ed96a1ad3ab67b7:0:0,e4effcb311d17490e9e7588ac43b4897:0:0,1773ad486e88704ed25611ac09d1460e:0:103362023,4dd6c3045953e44039912fc912754121:1:3568053896,10,1.0,0,0,0,0,0,0,512,0,0,512,0,0,375,0,0,137,0,0,512,0.9957465529441833,101.54133605957031,1,0
1562,A,1562,0.0015965669881552458,0.07168614119291306,nan,nan,512,0,0.0015965669881552458,0.07168614119291306,all_rows,512,0,0.0017763822106644511,0.0107421875,-0.0014372147619724275,0.0025571884238161148,0.10286272002849728,310e239d0c5c5118358c7685ba3002da:0:0,f921a96bfc4d68d163cd23f4b7651d39:0:0,0c0d75e74d4ca616c753df64055c8b68:0:0,4a344f7a9568b1ed1c9c3cae3756e30e:0:2495141290,6f38ec73e32258463fd70797c5e3f5be:1:3627400970,10,1.0,0,0,0,0,0,0,512,0,0,512,0,0,383,0,0,129,0,0,512,1.0074580907821655,101.22573852539062,0,0
1563,A,1563,0.004024829715490341,0.07180672138929367,nan,nan,512,0,0.004024829715490341,0.07180672138929367,all_rows,512,0,0.0031895721331238747,0.0732421875,-0.005609917594119907,0.002564703184179962,0.10357935400679708,33a28bab3faa72166f11ee663f0cceda:0:0,63448343c255e9975aa4781387bbe5b4:0:0,e143da2975436970cba57b2450fd2141:0:0,54cbef6d223949f5c12001612858800e:0:240114863,c27da86c16cd1e7c160598075fae2d4d:1:812337507,10,1.0,0,0,0,0,0,0,512,0,0,512,0,0,375,0,0,137,0,0,512,1.03462553024292,101.33976745605469,0,0
1564,A,1564,0.0047912937588989735,0.06953345239162445,nan,nan,512,0,0.0047912937588989735,0.06953345239162445,all_rows,512,0,0.004395235795527697,0.04296875,-0.004040049063041807,0.002415860677137971,0.10100757610052824,76473da7b6e321d49167687d2b299ada:0:0,f1d726875ca490f1184c331478e178b6:0:0,259801ff30596e945f848f92ec7c4287:0:0,02ecac61cd5b1629600119c42cd61d0e:0:1659745701,af7f3875222b2abcd4d0a97b922c7991:0:567673066,10,1.0,0,0,0,0,0,0,512,0,0,512,0,0,357,0,0,155,0,0,512,1.0018014907836914,101.84566497802734,0,0
1565,A,1565,-0.00945715419948101,0.07674150913953781,nan,nan,512,0,-0.00945715419948101,0.07674150913953781,all_rows,512,0,0.0012804685393348336,0.06640625,-0.0005634855246171355,0.002923689456656575,0.10106375790201128,0369f74763f1c907b09c07167e8666da:0:0,a74dcd32fb41f4eb443cfbc398742ad5:0:0,bc70988cf94f81633e95197d287412be:0:0,52b917ff5f624cf22e7fa99694cfba0e:0:3748644812,7bc9fa9725ee4d89e819f295c217f415:1:2682709618,10,1.0,0,0,0,0,0,0,512,0,0,512,0,0,364,0,0,148,0,0,512,0.9966577887535095,102.81873321533203,1,0
1566,A,1566,-0.0003336140653118491,0.07454880326986313,nan,nan,512,0,-0.0003336140653118491,0.07454880326986313,all_rows,512,0,0.001957142259925604,0.001171875,-0.0005394569365307688,0.002770602807868272,0.10347738198470324,ed7459e3bdc1fb994d4e2c7e392332da:0:0,e239363a25ea1f148f1d58613e2caaf3:0:0,3079b8ac9fd800499b914d3b9401e683:0:0,2021823a3b214fb474893e57b045570e:0:3126110396,4f5beddf7801d61748f276c543b80dcb:1:997949685,10,1.0,0,0,0,0,0,0,512,0,0,512,0,0,359,0,0,153,0,0,512,0.9949156641960144,102.3838882446289,2,0
1567,A,1567,0.0013623596169054508,0.07452627271413803,nan,nan,512,0,0.0013623596169054508,0.07452627271413803,all_rows,512,0,0.0058121574111282825,0.0087890625,0.0003724174574017525,0.002776854916010052,0.10196249990258366,2d6e2bc02af1bc3f20ab7b005afffeda:0:0,42a7c1b9cc5803a1fb99a3f9fc0df6de:0:0,7d0487a1c42f5d8252fc8cdc5a98c246:0:0,2d62f9b47fdda317c645cf46cf36f40e:0:3812451558,42eacc60c73e8a27f597cd880f1f4a2b:0:3222058877,10,1.0,0,0,0,0,0,0,512,0,0,512,0,0,374,0,0,138,0,0,512,1.0070781707763672,102.17242431640625,0,0
1568,A,1568,0.0016532223671674728,0.07381497323513031,nan,nan,512,0,0.0016532223671674728,0.07381497323513031,all_rows,512,0,0.0021009230986237526,0.0244140625,-0.003544714627787471,0.002718669851310551,0.10187795804813504,ccfae61542537752e870d4e8e41ccada:0:0,573bd0f42c1729fd1589ea69debc174a:0:0,84767fddd2037fef3fc9cad3bea0936a:0:0,f369284cd99c5398f9a4bd6341a4910e:0:2899923705,b18ee369130e5d23b22bb623cc0e7de7:1:1420685314,10,1.0,0,0,0,0,0,0,512,0,0,512,0,0,358,0,0,154,0,0,512,0.9899832606315613,103.10030364990234,1,0
1569,A,1569,-0.001662400201894343,0.06992950290441513,nan,nan,512,0,-0.001662400201894343,0.06992950290441513,all_rows,512,0,0.002755426801741123,0.034375,-0.002442434267140925,0.0024423713446594776,0.10557607293594629,73e6a9fa1e8bb4ea32ea5c83d47996da:0:0,5d2e4548cc9e7b6b1ec4ee286be4c669:0:0,cb42106b4c093081a2962af87ffe7ace:0:0,98a2e1414390ccb4d7e9d36c578e2e0e:0:3025173386,2bebc89a712afd247f59e6e04e1c2ee4:0:4027919499,10,1.0,0,0,0,0,0,0,512,0,0,512,0,0,374,0,0,138,0,0,512,0.9987943172454834,102.39289855957031,1,0
1570,A,1570,-0.0030730925500392914,0.07749398052692413,nan,nan,512,0,-0.0030730925500392914,0.07749398052692413,all_rows,512,0,0.0008402235107496381,0.0021484375,-0.00020465529523789884,0.002992409490980208,0.10373525903560221,78f7b6234216822e2af3741d2c1662da:0:0,2aaf3c225bf70418d95435b9d9b29f9c:0:0,b430288e93ea421463b97f825b886059:0:0,04489523abd6e8fb8b3a45e160f3cb0e:0:3350816865,b188eed85b26249c585b4100b75b8b4c:0:4253992922,10,1.0,0,0,0,0,0,0,512,0,0,512,0,0,363,0,0,149,0,0,512,1.0132150650024414,102.23528289794922,0,0
1571,A,1571,0.0032914974726736546,0.07696275413036346,nan,nan,512,0,0.0032914974726736546,0.07696275413036346,all_rows,512,0,0.004541631322354078,0.01640625,-0.0029319703578948976,0.002958692645188421,0.10596517310477793,e04d434dc90091f363f6be00eaf32eda:0:0,480b8e0fc72b38177d941962fd5339bc:0:0,2f32ee40cb8a1fa72d3761f6b6ed0d52:0:0,3c42b9dd8fbec15cc829b301add5680e:0:1386604758,cd8b9a407c268ef85c7ba77511afc158:0:128363953,10,1.0,0,0,0,0,0,0,512,0,0,512,0,0,383,0,0,129,0,0,512,1.0669094324111938,102.33013153076172,0,0
1572,A,1572,0.0016798146534711123,0.07674703001976013,nan,nan,512,0,0.0016798146534711123,0.07674703001976013,all_rows,512,0,0.009371985681355,0.0443359375,-0.0005857096519321203,0.002944188436958939,0.10114762396551669,467b450ce5a01491a5ee1c7b110ffada:0:0,c81b18f044fcd8976b85a93a893f4d63:0:0,4c379a13052740ffa64c2f1ad38eb93f:0:0,0748a4214d0e81fcb34722cc8e33050e:0:1510458230,1f25b916e9b2262388a5246174169415:1:1831797050,10,1.0,0,0,0,0,0,0,512,0,0,512,0,0,367,0,0,145,0,0,512,1.0001716613769531,102.4644775390625,0,0
1573,A,1573,0.00352496188133955,0.07864899188280106,nan,nan,512,0,0.00352496188133955,0.07864899188280106,all_rows,512,0,0.003963149152696133,0.044921875,-0.005161344353109598,0.003091295389458537,0.10129841591697186,9e0bf08ee59946fbb962b1d79e6cc6da:0:0,a89dd16f41c7d6926fa1e512692ba149:0:0,c867a8296bb33731d396f4becd101c6f:0:0,a50fbde806bc4ae182aa0701520ca20e:0:1957320820,274e72418a2981ff7aa73f594af829fe:0:11465894,10,1.0,0,0,0,0,0,0,512,0,0,512,0,0,378,0,0,134,0,0,512,1.0075840950012207,101.2699966430664,0,0
1574,A,1574,-0.004076946526765823,0.07074620574712753,nan,nan,512,0,-0.004076946526765823,0.07074620574712753,all_rows,512,0,0.004261201247572899,0.0630859375,-0.0061006959527730945,0.0025043676141649485,0.103038762928918,e45c1ace3c7ab917336ce062930992da:0:0,56ddb9fdaed7c51658452a4e04d07fd5:0:0,57bb9120b5b40e7ca14cb16694025386:0:0,e5ee2cf59abfe2c9db7f3b1f49623f0e:0:1217131881,cd87071db24b50712c089838e5fbcc08:0:4091849462,10,1.0,0,0,0,0,0,0,512,0,0,512,0,0,375,0,0,137,0,0,512,0.9992186427116394,100.65139770507812,1,0
1575,A,1575,9.065872291103005e-05,0.07336288690567017,nan,nan,512,0,9.065872291103005e-05,0.07336288690567017,all_rows,512,0,0.001522687030956149,0.0451171875,-0.00305371917784214,0.002690607914701104,0.10379487299360335,92267b82513d4b5441b44a67eee65eda:0:0,f8aebff08fefbbb3638337cbc1933575:0:0,754ffad3a8498c06f8f27aadd3375b5c:0:0,3f3ee6cd42b9c27beb960465c433dc0e:0:1022077265,5a87e26271d8c4b7c8f92fb9f58122ae:0:1738040905,10,1.0,0,0,0,0,0,0,512,0,0,512,0,0,340,0,0,172,0,0,512,0.9907668232917786,101.365966796875,2,0
1576,A,1576,0.006289017386734486,0.07559827715158463,nan,nan,512,0,0.006289017386734486,0.07559827715158463,all_rows,512,0,0.0008480582619085908,0.0552734375,-0.0021686006570234896,0.002859130350407213,0.1051350679481402,92c3aa030bf3e385766fd233b2032ada:0:0,7010bbb8b4641a27dac3f730fe9dad4c:0:0,0b495c59b8d4952361c4b3f696eaa3e0:0:0,23913705124abedd3eed11d41281790e:0:3541924902,cc6f9848ef8e7204f4c0d51a356b8312:0:3920255836,10,1.0,0,0,0,0,0,0,512,0,0,512,0,0,366,0,0,146,0,0,512,0.9730905890464783,101.66310119628906,5,0
1577,A,1577,0.0043648951686918736,0.07260701060295105,nan,nan,512,0,0.0043648951686918736,0.07260701060295105,all_rows,512,0,0.005654304288327694,0.0357421875,-0.0027078993152827024,0.002634754468454048,0.10748880298342556,02693d3160f6d8f794659a11dc5ff6da:0:0,897c1e70a3cd625aeb8e73983e5f2d67:0:0,d63476294d5162b5e49e57583a19c2d0:0:0,2cc98b789c155823513f7c29844b160e:0:3316629214,5ea52d018f2b1050784ed24ad0355630:0:1015857229,10,1.0,0,0,0,0,0,0,512,0,0,512,0,0,369,0,0,143,0,0,512,0.9972423315048218,102.03809356689453,1,0
1578,A,1578,-0.012263103388249874,0.0787847712635994,nan,nan,512,0,-0.012263103388249874,0.0787847712635994,all_rows,512,0,0.0009049136424437165,0.0,-0.0004935729200951755,0.003068979782983661,0.10124342795461416,dec9d75656d717c95aeb044e6dfcc2da:0:0,a209bd627237e082d4e224d30775b884:0:0,864c3867117385f3ea02aa8e84e45694:0:0,3240e977997f746cdb91c5e56990b30e:0:1982766354,e82b39d3f5edb7d45f157a1aaf706ec2:1:3482382934,10,1.0,0,0,0,0,0,0,512,0,0,512,0,0,379,0,0,133,0,0,512,0.9652953147888184,102.15046691894531,3,0
1579,A,1579,0.007241322658956051,0.07205735146999359,nan,nan,512,0,0.007241322658956051,0.07205735146999359,all_rows,512,0,0.0033484497107565403,0.0421875,-0.0018719472456723452,0.0025831647391896693,0.10098988399840891,3da212c94464fb8351e4b33566d98eda:0:0,55ba788a011676e3f37c9ff0fb1e2dc0:0:0,1abd23572b5da3f5eade962b43c6ca98:0:0,cead09b081690c13ddbedb471252500e:0:2053042791,b9f2862f338d6818ed21c6ff88116c14:0:54718064,10,1.0,0,0,0,0,0,0,512,0,0,512,0,0,374,0,0,138,0,0,512,0.9769697189331055,102.03922271728516,6,0
1580,A,1580,-0.0008631922537460923,0.07436878234148026,nan,nan,512,0,-0.0008631922537460923,0.07436878234148026,all_rows,512,0,0.006628839764744043,0.0125,-0.0019241203553974628,0.002758475882001221,0.11171150708105415,893b3c0d4416e0ef95c68912c6f65ada:0:0,769409597369e5943cee718ed37d12a9:0:0,b9c908202be4e3d8722c299419ad62dc:0:0,3d93583c872a0e086405124dce8fed0e:0:3322721068,af67ba08211aaf9ee59769baff0fd285:0:1985725103,10,1.0,0,0,0,0,0,0,512,0,0,512,0,0,375,0,0,137,0,0,512,0.9498869776725769,102.67379760742188,7,0
1581,A,1581,0.010280100628733635,0.07684942334890366,nan,nan,512,0,0.010280100628733635,0.07684942334890366,all_rows,512,0,0.00301758898422122,0.025,-0.003075016662478447,0.0029535193578340115,0.1273339019389823,bafc89f51a1b6f31a393a8328e5326da:0:0,3fff45bd5dc1d09e8ee31351428e5cdc:0:0,7841941793c436c6fb91e19fd58424c6:0:0,07c0e4d68547828408932ab8ee498a0e:0:128575287,2343a33b9352728aab06580211e164e0:1:1787315707,10,1.0,0,0,0,0,0,0,512,0,0,512,0,0,387,0,0,125,0,0,512,0.9546329379081726,103.23839569091797,3,0
1582,A,1582,0.005957095883786678,0.07892826944589615,nan,nan,512,0,0.005957095883786678,0.07892826944589615,all_rows,512,0,0.003946244716644287,0.033203125,-0.0012051127385348081,0.003107416571583599,0.12302030005957931,9706143c0a63981e24de72e0bceff2da:0:0,e86aa95ec0fa77b89acd2701fb08af98:0:0,c50a4e7dd7ce0956281bc5e136309dea:0:0,8a19e6e4de6db26631154e07c17f270e:0:3351553370,cc05590b4b296d1d73c69af2f6c9d168:1:2021603260,10,1.0,0,0,0,0,0,0,512,0,0,512,0,0,359,0,0,153,0,0,512,0.9762402772903442,103.22594451904297,5,0
1583,A,1583,-0.0005392318125814199,0.07630208134651184,nan,nan,512,0,-0.0005392318125814199,0.07630208134651184,all_rows,512,0,0.005044934805482626,0.0142578125,-0.0016441005282104015,0.002909396297764033,0.13536634296178818,90c624e15bf04fd2bbc88b6952ccbeda:0:0,de6aa632bdd93c252bb770a1159ced2f:0:0,7830ef8d26173da38260be8ecbb9d0a1:0:0,0b0b6393635ad98908420f799830c40e:0:3235011386,d5add126ed26e200c508fa4dd0012e2b:1:693852649,10,1.0,0,0,0,0,0,0,512,0,0,512,0,0,369,0,0,143,0,0,512,0.982967734336853,103.7107925415039,1,0
1584,A,1584,0.00625685416162014,0.0871429294347763,nan,nan,512,0,0.00625685416162014,0.0871429294347763,all_rows,512,0,0.00018412584904581308,0.0,0.00010043778456747532,0.003784234682098031,0.1261113720247522,46c1a87386affb8dcf02d4184fe98ada:0:0,1497ecd56b203811c2f30a23e2eba186:0:0,d96286b0e0b353f7ac054d8f6af17acd:0:0,ac5c9bc1cd83aa5f33676c0dc25e610e:0:4186045369,e47bc18167a34289c52f3a26c65f7d9a:0:2860372944,10,1.0,0,0,0,0,0,0,512,0,0,512,0,0,381,0,0,131,0,0,512,0.9947017431259155,102.80219268798828,1,0
1585,A,1585,-0.004307552706450224,0.07728710025548935,nan,nan,512,0,-0.004307552706450224,0.07728710025548935,all_rows,512,0,0.0030138196889311075,0.03046875,-0.002828265028074384,0.0029720681719481944,0.10284661094192415,72a37557493797c655cd6f39b44656da:0:0,04f2a7d5f21552e1d27063c5feb1c929:0:0,aeebfe46b1ec3379665361147e1b47f0:0:0,488556015c58a92a43f7ca839007fe0e:0:3586720476,a706aff6cd0ff40ef94a4d95fd4dc7f7:0:832053529,10,1.0,0,0,0,0,0,0,512,0,0,512,0,0,379,0,0,133,0,0,512,1.003013014793396,102.85665130615234,0,0
1586,A,1586,0.002524365670979023,0.07721639424562454,nan,nan,512,0,0.002524365670979023,0.07721639424562454,all_rows,512,0,0.0031703347340226173,0.040234375,-0.0037847293075174092,0.0029816213296726345,0.1037433659657836,c953e1f623a39583a3f7bf197fe322da:0:0,7a3c1fb4046951286e1f25e21b9534c9:0:0,67d6c033a48cbf2ce41b5a7da5149ba7:0:0,5960583c9e312519e516fb5a512d9b0e:0:1928879857,0c00583d67d20a1e415f1383d0e8e8d8:1:3383486839,10,1.0,0,0,0,0,0,0,512,0,0,512,0,0,386,0,0,126,0,0,512,1.0172010660171509,102.3714828491211,0,0
1587,A,1587,-0.007510714698582888,0.07899937778711319,nan,nan,512,0,-0.007510714698582888,0.07899937778711319,all_rows,512,0,0.0024832056369632483,0.03671875,-0.0034610195085406303,0.0031234749010764064,0.10125061694998294,9c9aad9ef4ec6ef535e06603b2bfeeda:0:0,d33c94d9601cb909420ec13a8ee7095f:0:0,fb6e9b8200b3bb9a5ae2c6bef7e94049:0:0,07023eeb65fe55a3c52738d155cf380e:0:3776086813,411df808afad5089dcf6bde900076570:1:905551339,10,1.0,0,0,0,0,0,0,512,0,0,512,0,0,382,0,0,130,0,0,512,1.0254545211791992,101.50492858886719,0,0
1588,A,1588,0.00471838004887104,0.06850752979516983,nan,nan,512,0,0.00471838004887104,0.06850752979516983,all_rows,512,0,0.002167375758290291,0.0056640625,-0.0003892840351909399,0.0023419908655341716,0.10083583393134177,23e097c2b7faf34a7c7546444cdcbada:0:0,7753bb40145a07760440f78f79ebc0f5:0:0,f6a0bc53622dc353efa07f46b25e3606:0:0,26fd6ede6406e2643b5626e7edecd50e:0:3037648292,b14d224e5e13c250a684212f155c6260:0:907326714,10,1.0,0,0,0,0,0,0,512,0,0,512,0,0,387,0,0,125,0,0,512,1.055359125137329,100.94043731689453,0,0
1589,A,1589,-0.0001986360875889659,0.07077614217996597,nan,nan,512,0,-0.0001986360875889659,0.07077614217996597,all_rows,512,0,0.001865746220573783,0.048828125,-0.004045745334587991,0.00250055103097111,0.10141287406440824,2b4c25169dc849caa93382274e3986da:0:0,857a68113e5a800f4b86883620c1c2ad:0:0,60b1e240f4a4248e509a0c2c39f9bce6:0:0,9fda8cb5ca08dbd7a929d35d6986720e:0:3511098707,788fb20449d329095be9f45cdde21045:0:1355081008,10,1.0,0,0,0,0,0,0,512,0,0,512,0,0,365,0,0,147,0,0,512,1.053849220275879,101.57020568847656,0,0
1590,A,1590,-0.00450369156897068,0.07544839382171631,nan,nan,512,0,-0.00450369156897068,0.07544839382171631,all_rows,512,0,0.003175606718286872,0.1015625,-0.009443543991073966,0.0028462789952754973,0.10109439899679273,8eee020401d5ac2c7a277bf8b6d652da:0:0,be7a9d50056de7c09a44b23e97271497:0:0,2367347c8163516e0990c32a0375d0cb:0:0,e0556bf8d23deb3c980db5b1189c0f0e:0:1490962890,df749d4581fcaba92a6c7b8b56248d88:0:835558831,10,1.0,0,0,0,0,0,0,512,0,0,512,0,0,363,0,0,149,0,0,512,1.0688108205795288,101.0702896118164,0,0
1591,A,1591,0.00432619359344244,0.06870690733194351,nan,nan,512,0,0.00432619359344244,0.06870690733194351,all_rows,512,0,0.004202180076390505,0.00625,-0.0009217548184096813,0.002358336606994271,0.10289491806179285,623d2dadf647d82e05ecd60486b31eda:0:0,850504e11366902515b145fe055d855a:0:0,2e2b21de4c98aff0ed84f804772cd136:0:0,3ae9d17cecdb3fee92dfaf224b2dac0e:0:1333960921,ae9427a4162274bb3cbeb202dd7efdf9:0:3034147729,10,1.0,0,0,0,0,0,0,512,0,0,512,0,0,371,0,0,141,0,0,512,1.0818110704421997,101.77481842041016,0,0
1592,A,1592,0.0003178411570843309,0.06989789009094238,nan,nan,512,0,0.0003178411570843309,0.06989789009094238,all_rows,512,0,0.003565659513697028,0.0466796875,-0.003345270548015833,0.002438668895047158,0.10079955600667745,fa01a0b364f2386c87ae7296bdcfeada:0:0,9b11ddcb0b365e7b36be5ec0f0b1b4a3:0:0,493005f556fbb4c9b85990dd562aa338:0:0,a9b00b56c0c48089bb7d0ab0513b490e:0:2040823794,14d7dc748ae2b736355faf6740aa0b9e:0:1091322776,10,1.0,0,0,0,0,0,0,512,0,0,512,0,0,353,0,0,159,0,0,512,1.0816599130630493,102.26077270507812,0,0
1593,A,1593,-0.0002316790632903576,0.07588190585374832,nan,nan,512,0,-0.0002316790632903576,0.07588190585374832,all_rows,512,0,0.004005922935903072,0.0044921875,-0.0004911250434815884,0.0028765695635229347,0.1008189640706405,473d76b4029dc47c2b2673fb5c2cb6da:0:0,e9a894a376bc77a314b434a75718a46b:0:0,db200fcdfaf5309894313985722a0651:0:0,5bdaede91246c6271c4f7d1a7ac4e60e:0:142648606,e850b90a0b76ca12b2270c1e089b833d:1:2649572608,10,1.0,0,0,0,0,0,0,512,0,0,512,0,0,368,0,0,144,0,0,512,1.1003321409225464,101.42374420166016,0,0
1594,A,1594,0.0031327293254435062,0.07754480838775635,nan,nan,512,0,0.0031327293254435062,0.07754480838775635,all_rows,512,0,0.001662205788306892,0.0361328125,-0.0036391444504261018,0.0029980975086800754,0.10219719109591097,13e8c17d91d7983fd89e3c7e61c982da:0:0,ef120594c142141ad3f3a2df6cf2ddbf:0:0,271545388f730978b3fc9cee29008bd9:0:0,889833ca05ce6801b5da24e017ca830e:0:2223061699,a94ef68b16147e2be4ea60b2abda42c2:0:2389668751,10,1.0,0,0,0,0,0,0,512,0,0,512,0,0,375,0,0,137,0,0,512,1.0950067043304443,102.29685974121094,0,0
1595,A,1595,-0.004093152936547995,0.07373612374067307,nan,nan,512,0,-0.004093152936547995,0.07373612374067307,all_rows,512,0,0.004285670816898346,0.0904296875,-0.006432403810322285,0.0027162068407051267,0.1049274189863354,c5ab18a63293428100ee6e6bcea64eda:0:0,e9a6e1278ce31d2db3150c19e15ebfa0:0:0,80ce300c0f63910c6dd1fa2babe7f1b3:0:0,7b7fd72214a81dd448468a40784c200e:0:3012622184,f5648ddaddbc40fc32917c9a7ad459ba:0:1068468741,10,1.0,0,0,0,0,0,0,512,0,0,512,0,0,361,0,0,151,0,0,512,1.0753270387649536,102.72846984863281,0,0
1596,A,1596,0.0035969270393252373,0.07523475587368011,nan,nan,512,0,0.0035969270393252373,0.07523475587368011,all_rows,512,0,0.0010063274530693889,0.003515625,-0.0006232485640794039,0.002823676110710949,0.10123691207263619,5667b037bbeccac7697eec0fa2c31ada:0:0,d75c4fc7ccdcc9c7b59a9151cd806139:0:0,c9b8d32d731aacf6dc4a957f316c3a13:0:0,656258d566fbbf3fd8f19f3aec49bd0e:0:1493244126,6877eb0f48361423a9d68bd4b0ff8ee2:0:845590640,10,1.0,0,0,0,0,0,0,512,0,0,512,0,0,350,0,0,162,0,0,512,1.0810939073562622,101.72029113769531,0,0
1597,A,1597,-0.001155831036157906,0.07331348955631256,nan,nan,512,0,-0.001155831036157906,0.07331348955631256,all_rows,512,0,0.003040170297026634,0.0259765625,-0.0013918353244662285,0.0026857635588385166,0.10278704890515655,3dad44ef5d566e70f846d7b5de1fe6da:0:0,ca2dc7bdc5496f9741f2eb164b87c547:0:0,2c5acca8d57643c273255ded1f0cbc94:0:0,2279f634204ca68af3f8bf8ec3c35a0e:0:2228322633,9c8db0f97e83bf17e4751c4ea0d4843a:0:1874636406,10,1.0,0,0,0,0,0,0,512,0,0,512,0,0,370,0,0,142,0,0,512,1.0942256450653076,101.9022445678711,0,0
1598,A,1598,-0.001030356390401721,0.07613959908485413,nan,nan,512,0,-0.001030356390401721,0.07613959908485413,all_rows,512,0,0.0031867092475295067,0.00234375,-0.0006468762643635273,0.002893024717923254,0.10268103994894773,182a7c74047e15097fcc93aa80bcb2da:0:0,3a00b41f789522285899f11eee6e71b3:0:0,ca7c1c40ffe7ef366774de0754dbfb3e:0:0,90fdc31482e97d09a9c6b0bb4eb8f70e:0:4240775328,3d38f633ed2252193f6382ef99c0df9c:1:453641398,10,1.0,0,0,0,0,0,0,512,0,0,512,0,0,352,0,0,160,0,0,512,1.116248607635498,101.34283447265625,0,0
1599,A,1599,-0.00284805940464139,0.07125740498304367,nan,nan,512,0,-0.00284805940464139,0.07125740498304367,all_rows,512,0,0.0004228523466736078,0.000390625,-3.2984442077577115e-05,0.0025296266889199615,0.10585712792817503,fa6973c545367be28b25c2398a997eda:0:0,5374f0ca6e41ad3ea7c0636b7b5d5b04:0:0,35eefeb4e1690fac59673f79ae470609:0:0,49ab0616a2d2f77e48a0a1ffdd2a940e:0:417071170,5df75321ba12ee8b787d80b6ca23b12a:0:1656701515,10,1.0,0,0,0,0,0,0,512,0,0,512,0,0,366,0,0,146,0,0,512,1.1156229972839355,100.57923126220703,0,0
1600,A,1600,0.003949240781366825,0.07174989581108093,nan,nan,512,0,0.003949240781366825,0.07174989581108093,all_rows,512,0,0.0020860692020505667,0.0228515625,-0.0031970041804015637,0.002553255774546415,0.10403668496292084,918a1e03c0b018eb29f745aefbb64ada:0:0,d57a62e4cd27e9249b2523e7ed09fc8d:0:0,9e1d515521c0f2f8f5039854454de0fe:0:0,7e39e960b1bec8c2d2332c5bbf18310e:0:491647897,ffaba9c3c8bbcdeeb732c55c61d26582:1:2436028735,10,1.0,0,0,0,0,0,0,512,0,0,512,0,0,369,0,0,143,0,0,512,1.118320345878601,100.40894317626953,0,0
