update,phase,local,adv_all_mean,adv_all_std,adv_s1_mean,adv_s1_std,n_rows,n_s1_rows,adv_used_mean,adv_used_std,adv_norm_scope,n_policy_rows,n_actor_steps_skipped,kl_final_epoch,clip_frac,policy_loss,value_loss,update_wall_sec,rngpos_env,rngpos_learn,rngpos_opp,rngpos_start,rngpos_minibatch,n_epochs_run,conc_scale,d1_L_s1_n,d1_L_s1_lo,d1_L_s1_hi,d1_O_s1_n,d1_O_s1_lo,d1_O_s1_hi,d1_L_s2_n,d1_L_s2_lo,d1_L_s2_hi,d1_O_s2_n,d1_O_s2_lo,d1_O_s2_hi,d1_L_s2_in_n,d1_L_s2_in_lo,d1_L_s2_in_hi,d1_L_s2_out_n,d1_L_s2_out_lo,d1_L_s2_out_hi,d1_pol_n_rows,d1_pol_alpha_min,d1_pol_beta_min,d1_pol_n_alpha_lt1,d1_pol_n_beta_lt1
1601,B,1,0.8769205212593079,1.228807806968689,1.7548539638519287,1.215882658958435,1024,512,1.7548539638519287,1.215882658958435,stage1_rows,512,0,0.0013849394163116813,0.06505295793758706,0.0033544766520208213,0.5096273019909858,0.3689040730241686,d726a1d57f0bd203265cb6a506e5e238:0:0,e1778bec6d5572b33fdd84c59f4f0242:0:0,f41a72eab0a08626a3a701d05a73c3e4:0:0,37f594afa75c443140ed1dabab2426e8:0:382449860,01caaad0038ff98c7da47fb218853e8a:0:2087638370,10,1.0,512,0,0,512,0,0,512,0,0,512,0,0,512,0,0,0,0,0,512,153.8966064453125,103.2142562866211,0,0
1602,B,2,-0.0028196789789944887,0.841824471950531,0.055873848497867584,1.1874850988388062,1024,512,0.055873848497867584,1.1874850988388062,stage1_rows,512,0,0.025011055171489716,0.1339276319486089,-0.005458524829009548,0.3533911183476448,0.30409054999472573,aaf0e6938eb0794f81b8b32fc304da38:0:0,13b576407e3dac5381ef5f7b1cc0c066:0:0,c4f20bcf116f4d0c543d730a037f74ae:0:0,eba8d5df0d16cfed07cfe6d27bcc8be8:0:432849757,55222c4cb37c4a6b0f9c0c9a2bbca8df:0:118858453,10,1.0,512,0,0,512,0,0,512,0,0,512,0,0,512,0,0,0,0,0,512,154.77696228027344,103.12081146240234,0,0
1603,B,3,-0.028984617441892624,0.8420203924179077,-0.020940810441970825,1.1906564235687256,1024,512,-0.020940810441970825,1.1906564235687256,stage1_rows,512,0,0.007492118515074253,0.09520269690547138,0.0014955896825995297,0.35490702241659167,0.30480509001063183,9993f74e2ee453cfe2ee7c04b023d238:0:0,a282b6cded7520e2201c13097d3fff84:0:0,1fbc02129ba5c5d54348791a87d8f7e1:0:0,3562afa21cb2a37c6963b3d689a0f0e8:0:2627919880,4a4591a42b1601ad18d05bbf8f4506bb:1:3250951333,10,1.0,512,0,0,512,0,0,512,0,0,512,0,0,511,0,0,1,0,0,512,153.5401153564453,105.18323516845703,0,0
1604,B,4,-0.005478277336806059,0.8270539045333862,-0.007862988859415054,1.1695666313171387,1024,512,-0.007862988859415054,1.1695666313171387,stage1_rows,512,0,0.02614329382777214,0.08888677461072803,-0.000237839890178293,0.3423475526273251,0.3052379240398295,5639e375912d72625a46e903ce42ca38:0:0,81786c63f1fbbdd26a74647a405bfbef:0:0,9e84dfe8fba5dbe44e8dbe920fe8e87d:0:0,0c73b1e6837b335a0cbd5a9824a155e8:0:1075436911,83d407bd69eeaa30dffd946352f9d7d9:0:991395305,10,1.0,512,0,0,512,0,0,512,0,0,512,0,0,511,0,0,1,0,0,512,152.94912719726562,106.38357543945312,0,0
1605,B,5,-0.03163797780871391,0.8249954581260681,-0.06385274231433868,1.165791392326355,1024,512,-0.06385274231433868,1.165791392326355,stage1_rows,512,0,0.02429378591477871,0.19430105332285166,0.01003650729835499,0.3403348721563816,0.30857231304980814,ab7e43a041d180705d4ed20d1d61c238:0:0,f0bd36ec4295b48b75b52626d38e4431:0:0,38592bcfde5c8a33151c9a3a584b9f08:0:0,e47a91e65b94390dfe319bb79ccdbae8:0:629483747,2cf364123e6d19b8eee5962b5d6ffec8:0:3994567390,10,1.0,512,0,0,512,0,0,512,0,0,512,0,0,512,0,0,0,0,0,512,151.67051696777344,108.60616302490234,0,0
1606,B,6,0.06046151742339134,0.843202531337738,0.0876568853855133,1.191800594329834,1024,512,0.0876568853855133,1.191800594329834,stage1_rows,512,0,0.00014774221926927567,0.061918598983902486,-0.0002791790320770815,0.3556610941886902,0.31497324199881405,ec0abcdf9d3466be46d70f009d80ba38:0:0,f1062f4a6aa285c5c372cdf78669018f:0:0,faeeb6d827b86d5a54d934c2fefdd89f:0:0,63372e6045c44b4096fa229542261fe8:0:3797199093,bf2aa3520eb1404e47c6dcb205bc7bc7:0:4290778650,10,1.0,512,0,0,512,0,0,512,0,0,512,0,0,511,0,0,1,0,0,512,153.49229431152344,106.93927764892578,0,0
1607,B,7,-0.012353649362921715,0.8454399704933167,0.019297689199447632,1.1947575807571411,1024,512,0.019297689199447632,1.1947575807571411,stage1_rows,512,0,0.012129888869822025,0.15298129247967154,0.006813400489045307,0.3571582600474358,0.30593807896366343,5e4586fd9bfdfe3ad6f477be4e9fb238:0:0,ac88e6e3d522210b953e58d8e7e72f57:0:0,75730d86c0b2b377b05cb84ee58a8a8b:0:0,edbbde19115ac83d90da855164aa84e8:0:2888526094,279a6def086de09df6a41c837d64f0e8:0:988323640,10,1.0,512,0,0,512,0,0,512,0,0,512,0,0,511,0,0,1,0,0,512,153.4599151611328,107.15189361572266,0,0
1608,B,8,0.009091492742300034,0.8673549890518188,0.016872037202119827,1.226559042930603,1024,512,0.016872037202119827,1.226559042930603,stage1_rows,512,0,0.0006193165900185704,0.10742685270961375,0.005480797996278852,0.3762764498591423,0.30622437299462035,e28dcda4f406d2ceb2ffe42630beaa38:0:0,e6659c0b53291699e9b8bfd1d981b838:0:0,edbca1b76f097cfc02b6b348822d65c2:0:0,f9f6f380242d673745c544cc545ae9e8:0:4040088881,de1eb8590c9a66f1918bfbcf5ad7b5cf:1:713501868,10,1.0,512,0,0,512,0,0,512,0,0,512,0,0,512,0,0,0,0,0,512,152.46090698242188,108.56192779541016,0,0
1609,B,9,-0.03612469136714935,0.8347278833389282,-0.07036978006362915,1.1794774532318115,1024,512,-0.07036978006362915,1.1794774532318115,stage1_rows,512,0,0.001983867259696126,0.08263815219979734,-0.0038560263463296,0.34815021604299545,0.24212485103635117,f5a2a8b48c0bf62be5962c1843dda238:0:0,a8f3565e8421ae1973b0fb256cd8faef:0:0,875efd274ec3d36c148dc10020965132:0:0,c442f143bdc4849a1b80cca661374ee8:0:519237241,fb23217ed2058d6f577a0443cced156e:1:2976158964,10,1.0,512,0,0,512,0,0,512,0,0,512,0,0,512,0,0,0,0,0,512,152.1866912841797,108.84382629394531,0,0
1610,B,10,0.02708420343697071,0.8061996698379517,0.03707393258810043,1.1400306224822998,1024,512,0.03707393258810043,1.1400306224822998,stage1_rows,512,0,0.0005392971215769649,0.054399851523339746,0.0019205641467124224,0.32545930445194243,0.19246484304312617,cdea4c3f4029e29d5e98277487fc9a38:0:0,31ba27f06b5840d24cfd5f9b089ee3c7:0:0,471dcafea216651cd61ad30d75491e8d:0:0,2bcb3f0cfee7fdc01b4c733fdb3fb3e8:0:2316050899,2a90a86217781e53cfc9e903c89b5795:0:1907971664,10,1.0,512,0,0,512,0,0,512,0,0,512,0,0,511,0,0,1,0,0,512,152.0239715576172,109.55882263183594,0,0
1611,B,11,0.014154794625937939,0.8447712063789368,0.02028651349246502,1.1946476697921753,1024,512,0.02028651349246502,1.1946476697921753,stage1_rows,512,0,0.0007033006986603141,0.046159836754668504,5.877052899450064e-05,0.35689702481031416,0.1931271210196428,aa5ff4f8f51e6dd6732aae1afd1b9238:0:0,8692cd0d085fbe7654c676ba3dd7059f:0:0,9f195e78e9b214c74c2ba31782efdff4:0:0,255ba6a951d93054b58579b9127418e8:0:1581805423,fac2bc731a6221bb479d9851178e947c:0:4118581384,10,1.0,512,0,0,512,0,0,512,0,0,512,0,0,512,0,0,0,0,0,512,151.6682891845703,109.79015350341797,0,0
1612,B,12,-0.011964641511440277,0.8456879258155823,-0.02878543734550476,1.1957342624664307,1024,512,-0.02878543734550476,1.1957342624664307,stage1_rows,512,0,0.003775916527956724,0.12159327378030867,0.004141996614634991,0.35763018354773524,0.19588933500926942,7cf7fa11f851cbc25db697eba33a8a38:0:0,2037df06fc02ff5c3b66c9162cd7b3c8:0:0,0c05b40fea06adfc69d73530a194d90e:0:0,1ba933c367a171b8b14c0bf256d47de8:0:1118541024,a7b4fb46ac446ed891c893a7f5a678fe:0:1890382091,10,1.0,512,0,0,512,0,0,512,0,0,512,0,0,512,0,0,0,0,0,512,151.54461669921875,110.2235107421875,0,0
1613,B,13,0.04245011880993843,0.8416531085968018,0.07995358109474182,1.1890803575515747,1024,512,0.07995358109474182,1.1890803575515747,stage1_rows,512,0,0.004132030997425318,0.05952012081397697,0.001465010375250131,0.3540548965334892,0.19405942800221965,e84a51c1aaa6a153bde8bcc67a598238:0:0,1603528e36b41bff300abdabbe240c74:0:0,d13b2d1ae44b5fb194668440d8da34d8:0:0,49da3e257bf712b64828408bf860e2e8:0:4229398652,34c3e8a3c7d0c6e43f292cac25bc89dd:1:2043174742,10,1.0,512,0,0,512,0,0,512,0,0,512,0,0,512,0,0,0,0,0,512,150.9872283935547,110.9674301147461,0,0
1614,B,14,0.005266811698675156,0.8507149815559387,0.002743982244282961,1.2030744552612305,1024,512,0.002743982244282961,1.2030744552612305,stage1_rows,512,0,3.4230644814670086e-05,0.022834193613380193,0.0007550185429863632,0.36211693435907366,0.19342713401420042,114cba017411275418b1f48b82787a38:0:0,c6cc4e153e0bce0295ab66ddd1efaf05:0:0,f8fe095e8d29ecda7ec577d7387f2d14:0:0,61e0c37cf355c3d56daf18e6471947e8:0:1283734796,e8f5d4aff0efd1218b98b6f346ba83db:0:3680016173,10,1.0,512,0,0,512,0,0,512,0,0,512,0,0,512,0,0,0,0,0,512,151.79225158691406,110.34770202636719,0,0
1615,B,15,0.005969244986772537,0.8371761441230774,-0.009536114521324635,1.1837234497070312,1024,512,-0.009536114521324635,1.1837234497070312,stage1_rows,512,0,0.0009506078204140067,0.11267996889073402,0.004898508923361078,0.35048550739884377,0.19312067399732769,09d69b38fdf55d335847171abb977238:0:0,c6155f14f2251a1255232466afe36fe6:0:0,2158d3055304b7e42fbd4788f0e26b46:0:0,dcfd64e8ae01eea04327812192fdace8:0:3050017401,1aa17ac5ab7d42a85186b481962a84bd:1:1428987705,10,1.0,512,0,0,512,0,0,512,0,0,512,0,0,512,0,0,0,0,0,512,151.89137268066406,110.3024673461914,0,0
1616,B,16,0.020707160234451294,0.8297560214996338,0.03513452410697937,1.173264980316162,1024,512,0.03513452410697937,1.173264980316162,stage1_rows,512,0,0.0029534203931689262,0.06845271537313238,-0.0024983226088806988,0.3443360194563866,0.194325149001088,97919edcb24c4bd74c20fc5425b66a38:0:0,000ef487b0888008ca6c67fc7acb4304:0:0,d7aab8a3aac5768149151a968c1092d7:0:0,2522516b96c95827b72f501e2c0e11e8:0:3888711296,d8195e66d0ee168f3414c3dc92927f0f:0:913762569,10,1.0,512,0,0,512,0,0,512,0,0,512,0,0,512,0,0,0,0,0,512,152.3003692626953,110.00785827636719,0,0
1617,B,17,-0.0030844160355627537,0.8402925729751587,-0.0025561924558132887,1.1883480548858643,1024,512,-0.0025561924558132887,1.1883480548858643,stage1_rows,512,0,0.009361868724226952,0.08418982273433358,-0.00018438223924022168,0.3533801682293415,0.19348030997207388,d4dad83f7d90586b28fc7c17c0d56238:0:0,c575aad547de689982148bb19b5a6972:0:0,01a52cc47c000427878867424b99f06e:0:0,631c63d8056e21185160477c624a76e8:0:609742898,ee33fa3b1637dcda7f2a9e3b162aa126:0:590118912,10,1.0,512,0,0,512,0,0,512,0,0,512,0,0,512,0,0,0,0,0,512,151.66624450683594,110.62080383300781,0,0
1618,B,18,-0.06334695219993591,0.8177420496940613,-0.10613484680652618,1.154869794845581,1024,512,-0.10613484680652618,1.154869794845581,stage1_rows,512,0,0.006855300161987543,0.06062503727152944,-0.0032352362759411335,0.33397712409496305,0.1945308280410245,9df14218d170a72f08da6e458cf45a38:0:0,0ea75c8b7b2319edc8a87ff0d73ebc23:0:0,c9407cd56f01239927a2b23351c33517:0:0,88de541a82c3f7af29f5139c85b2dbe8:0:2178698001,2bd35d63c4e1ffb218ab3191e8670559:0:3133988379,10,1.0,512,0,0,512,0,0,512,0,0,512,0,0,511,0,0,1,0,0,512,150.70614624023438,111.8502426147461,0,0
1619,B,19,0.019581006839871407,0.8391013145446777,0.02668130025267601,1.1866199970245361,1024,512,0.02668130025267601,1.1866199970245361,stage1_rows,512,0,0.003243683371692896,0.0312561800586991,-0.0001111671474063769,0.35214911475777627,0.19102085602935404,ec9f377fe64b8e476affaabd8a135238:0:0,c683c7019e22b1b6bf884f06361c9db9:0:0,98ffbf3d7e4b1573e3d8f7a91c2f287e:0:0,2d86f41f57a20fdf0d6e4b9ee64740e8:0:3873709335,3c224d3cb68efa6193449d67014383aa:1:4086783693,10,1.0,512,0,0,512,0,0,512,0,0,512,0,0,512,0,0,0,0,0,512,149.87730407714844,112.78059387207031,0,0
1620,B,20,0.005111288279294968,0.8479645252227783,0.013520068489015102,1.1991322040557861,1024,512,0.013520068489015102,1.1991322040557861,stage1_rows,512,0,0.004573538433760405,0.07686727931722999,-0.004903845506487414,0.3596829749643803,0.19535416300641373,2f55735d3970188cb3f5095fb8324a38:0:0,2a898a5fdaa0c992dfdfe63bd3126ec1:0:0,eca98e2805197a96e79af224bf9c526d:0:0,f4093b120fe735f5cc377163d407a5e8:0:3253883790,6620e560bf17992bbc43f7c6caae9d6f:1:3699516013,10,1.0,512,0,0,512,0,0,512,0,0,512,0,0,511,0,0,1,0,0,512,150.9668731689453,112.44499206542969,0,0
1621,B,21,0.04394930601119995,0.8259196877479553,0.09922938048839569,1.1654001474380493,1024,512,0.09922938048839569,1.1654001474380493,stage1_rows,512,0,0.0060857143253088,0.07764896813314408,0.0002591538359411061,0.3401300206780434,0.1899793610209599,4e6f05934626985aad87620c17514238:0:0,fabce12c6f30079062cb27302bb4a081:0:0,476693632b6826a32d2353d5bc9f1573:0:0,a88ce194bfe81011b64bf18b9ef40ae8:0:130565894,9645f63346b9355c940ba87727ad691d:0:587768546,10,1.0,512,0,0,512,0,0,512,0,0,512,0,0,512,0,0,0,0,0,512,150.4168243408203,113.33427429199219,0,0
1622,B,22,0.06248237192630768,0.838051438331604,0.12384574860334396,1.1819911003112793,1024,512,0.12384574860334396,1.1819911003112793,stage1_rows,512,0,0.004168925806879997,0.0826073655160144,-0.004129849864693824,0.3500976637005806,0.1916491130250506,730e915f77804a6006c78ca2a7703a38:0:0,3fdda917aeee3a7c9296318293555bd1:0:0,6c8116dd5a75d789db83c18c1e8780db:0:0,b1ca59f264ba62b742dc2376970c6fe8:0:2823764832,665340d8e98eeeff8ad16d39d586dbfb:1:68846198,10,1.0,512,0,0,512,0,0,512,0,0,512,0,0,512,0,0,0,0,0,512,151.08944702148438,112.29357147216797,0,0
1623,B,23,-0.05147220194339752,0.8421714305877686,-0.09193193912506104,1.1896235942840576,1024,512,-0.09193193912506104,1.1896235942840576,stage1_rows,512,0,0.007793748751282692,0.1248451148159802,-0.007878918619826435,0.3542408913373947,0.19239938398823142,beb60cb450ee086dd40a6103688f3238:0:0,4526cda5ab7bab4ddd67f4c78fd06196:0:0,3732528349643d9a9d1edd7cc9630b43:0:0,5eef236826eaecd6e3f249450c50d4e8:0:1953529210,8aaf8f9a6bb761161b04f83d0dd2b7a8:1:3650713007,10,1.0,512,0,0,512,0,0,512,0,0,512,0,0,512,0,0,0,0,0,512,150.56661987304688,113.2391128540039,0,0
1624,B,24,-0.02771913632750511,0.8214663863182068,-0.06095444783568382,1.1607723236083984,1024,512,-0.06095444783568382,1.1607723236083984,stage1_rows,512,0,0.002278699539601803,0.062144137523137036,0.0021204626667895355,0.3371518634259701,0.1924172980361618,f9631c8dcb9e0c470ee8b70e5aae2a38:0:0,6ee9023b2fd35552617dbb502d89f926:0:0,f8fae6cf6042190023f3f8b8172fea15:0:0,94ea4a989b462f9306178fd74ec139e8:0:2125215923,e8ab1133ec14499aaf4ac67ebdeb1820:1:4168471380,10,1.0,512,0,0,512,0,0,512,0,0,512,0,0,511,0,0,1,0,0,512,149.6881866455078,114.34207916259766,0,0
1625,B,25,0.03298183158040047,0.8512576222419739,0.07348629087209702,1.2024927139282227,1024,512,0.07348629087209702,1.2024927139282227,stage1_rows,512,0,0.0057412320747971535,0.13021324542351068,0.0006244492658879607,0.36187331900000574,0.19664049200946465,cd9b0e80e6a0c270163f66a37dcd2238:0:0,b32470575777bf06a9026425fb12a720:0:0,2d3d2d106a0564b711aaa252446a9e4e:0:0,5fcf1e3e567736163bf90ecdae5d9ee8:0:1431436488,0c922356b977e071b1c3b9c475eb9530:0:933901138,10,1.0,512,0,0,512,0,0,512,0,0,512,0,0,512,0,0,0,0,0,512,149.33860778808594,115.03544616699219,0,0
1626,B,26,-0.03044528141617775,0.828515350818634,-0.05336994677782059,1.1712414026260376,1024,512,-0.05336994677782059,1.1712414026260376,stage1_rows,512,0,0.0007119935471564531,0.08563015437684954,0.006053084484301507,0.3432620942592621,0.19211119803367183,766a540767d4acfe2e2f47a2d1ec1a38:0:0,18264fb9def91d3223dc01d6809f29a4:0:0,d685ed7fc51cf64f9b7eceb2e6209320:0:0,9d00c96c465a31c9960cc8887b2603e8:0:3363502180,4f459c26bab5999e5dad192158326810:0:4264673885,10,1.0,512,0,0,512,0,0,512,0,0,512,0,0,512,0,0,0,0,0,512,148.69171142578125,116.01849365234375,0,0
1627,B,27,0.04106409475207329,0.8799378871917725,0.08744636178016663,1.2426867485046387,1024,512,0.08744636178016663,1.2426867485046387,stage1_rows,512,0,0.003940067254006863,0.0548129340284504,0.0011162702416186222,0.38641984611749647,0.19390639994526282,caec4848cb995667001d31ec570b1238:0:0,ee439e5232218fca2f93ac310af2eb40:0:0,297ccc733eba00aa4a8b17725fd0eae3:0:0,f0d8074646fb7f3b2636aa28051a68e8:0:1860884196,7a38e2ae10e0588c4e2d4e47bc061714:0:3013164640,10,1.0,512,0,0,512,0,0,512,0,0,512,0,0,512,0,0,0,0,0,512,148.9376678466797,115.66615295410156,0,0
1628,B,28,0.006576337851583958,0.8539113402366638,0.014489094726741314,1.207555890083313,1024,512,0.014489094726741314,1.207555890083313,stage1_rows,512,0,0.000128977932035923,0.14079517985228449,-0.0025371297901074286,0.36466109603643415,0.19377150799846277,5578ed61614954501ab1fd600d2a0a38:0:0,5b163f33351b4cae313da1b037dda989:0:0,e8df7f0ead96d48f8b803690d832d40f:0:0,69f8324751566804af6d8b8c9c3acde8:0:1529445169,1b5f2ece7159583891d28caf446a1e6c:0:1378498185,10,1.0,512,0,0,512,0,0,512,0,0,512,0,0,512,0,0,0,0,0,512,148.0489044189453,116.29569244384766,0,0
1629,B,29,-0.03288136050105095,0.8658369779586792,-0.06013388931751251,1.223864197731018,1024,512,-0.06013388931751251,1.223864197731018,stage1_rows,512,0,0.0002295806771144271,0.07503095977008342,0.005518736212980002,0.3747376501560211,0.20380026096245274,a2173268927b5a5e71da81ddf4490238:0:0,89ab0934b93f9079ed9edfb2a2fcb37c:0:0,acc9a7556759dcf7105ada5c85c3ce8b:0:0,07a68e106f01b60281602f56908732e8:0:1130582179,00e002b70d5af8cef852eef5d9845f2b:0:4172475458,10,1.0,512,0,0,512,0,0,512,0,0,512,0,0,512,0,0,0,0,0,512,147.95797729492188,116.45217895507812,0,0
1630,B,30,0.035662658512592316,0.8571255803108215,0.0684254840016365,1.2112692594528198,1024,512,0.0684254840016365,1.2112692594528198,stage1_rows,512,0,0.001257159630768001,0.05462994924746454,0.0009263519197702408,0.36704632118344305,0.19436039397260174,284b37b7530a5d05dec797460c67fa38:0:0,89eaa3d22f9e64c9d63ebf1d93fb0571:0:0,7de00e87cdb6934470cb6fbd1c1219ac:0:0,1a8a29885012ec2a801a42e631ff97e8:0:174735789,5adc8b703cd309cc773a23c52f60c479:1:3476477111,10,1.0,512,0,0,512,0,0,512,0,0,512,0,0,509,0,0,3,0,0,512,147.9708251953125,116.77739715576172,0,0
1631,B,31,-0.062042322009801865,0.8331965804100037,-0.1187436506152153,1.175581693649292,1024,512,-0.1187436506152153,1.175581693649292,stage1_rows,512,0,0.009643154218792915,0.029419694654643537,0.0015641651407349855,0.3464059382677078,0.1936388670001179,27c8eb2fb7e4c4589fee15785586f238:0:0,075d0281c8102fbb75d594135fdc4cc1:0:0,7d8e7495b4eb9a0d940899f9b92ca01e:0:0,97a8baf2f79bb95357a95e5bd0a3fce8:0:1228522029,11d37e955cc2b1cb744c811df32b9e07:0:3327787000,10,1.0,512,0,0,512,0,0,512,0,0,512,0,0,512,0,0,0,0,0,512,147.64442443847656,117.22718811035156,0,0
1632,B,32,0.019753944128751755,0.8281452059745789,0.045096173882484436,1.1706211566925049,1024,512,0.045096173882484436,1.1706211566925049,stage1_rows,512,0,1.9152299501001835e-05,0.07624591360799968,-0.00022967136465013027,0.3427430287003517,0.19219351699575782,7dfc3a86b2a2aed6d906d454cfa5ea38:0:0,875861600c4f8c81c24ae7e6229fe5a7:0:0,130b0009e2651bc1544054d5bb1b54c0:0:0,d26a53c76f3ff93bdbc20497bc7461e8:0:2239040820,ecc96a9308d880ff46905fd1e1c6cba6:0:1260824669,10,1.0,512,0,0,512,0,0,512,0,0,512,0,0,512,0,0,0,0,0,512,148.55081176757812,115.94619750976562,0,0
1633,B,33,-0.015488825738430023,0.8326190114021301,-0.030280625447630882,1.1773120164871216,1024,512,-0.030280625447630882,1.1773120164871216,stage1_rows,512,0,0.00017828866839408875,0.03471153215505183,-0.0019057035053265281,0.3466114357113838,0.2002354459837079,e3b8fdd0efe3443e130eabbb7ac4e238:0:0,a36011d4e16cf98ae5bb77573bbc2c77:0:0,8c4089097190238a71b37e9a3ae7f97c:0:0,43a00192d37d58229364a33a4570c6e8:0:2664091844,c3f0b4b874e92119845c68caf92f5e4f:1:3698494918,10,1.0,512,0,0,512,0,0,512,0,0,512,0,0,512,0,0,0,0,0,512,148.63487243652344,115.92304992675781,0,0
1634,B,34,0.013212018646299839,0.8379604816436768,0.03273099660873413,1.1847305297851562,1024,512,0.03273099660873413,1.1847305297851562,stage1_rows,512,0,0.002007327741011977,0.05882709118304774,0.0016397850646171718,0.3510872147977352,0.19452177197672427,26bda0d3d6711858bc46738c56e3da38:0:0,94fa6ebce4f950ab4acc5bc740735796:0:0,734f9ef4df95d0be9761e32bf6fc669e:0:0,a4f5f75850586d3d708292a3bb992be8:0:4260749475,c0340b9fdce3ef0a3648c1f36f8462dc:1:3396121447,10,1.0,512,0,0,512,0,0,512,0,0,512,0,0,510,0,0,2,0,0,512,148.65689086914062,116.20095825195312,0,0
1635,B,35,0.0680030882358551,0.8782665729522705,0.1230086088180542,1.2396100759506226,1024,512,0.1230086088180542,1.2396100759506226,stage1_rows,512,0,0.0015610168920829892,0.048183093196712434,-0.0003795790937147103,0.3850181885063648,0.19342655601212755,d20475dba52d9dcda83303a76402d238:0:0,605c5939245721ef0b17cef6858ab00e:0:0,66ce811c0a4e28b74aba5087a7301740:0:0,a4e692c0d13de061b3a315f46eed90e8:0:2589976632,1d33b53aed1c91f771cef45793e62157:0:1088027266,10,1.0,512,0,0,512,0,0,512,0,0,512,0,0,512,0,0,0,0,0,512,149.26840209960938,115.7975845336914,0,0
1636,B,36,-0.09367967396974564,0.8342148661613464,-0.18607045710086823,1.1724858283996582,1024,512,-0.18607045710086823,1.1724858283996582,stage1_rows,512,0,0.01266920194029808,0.036459756456315516,-8.384372340515256e-05,0.3454554870724678,0.20942916197236627,52288117adc3a8ef8f9d33eca221ca38:0:0,e63c237cc653f9bd5ebe01eac0444e94:0:0,61cd214b58f0aa66930fc858ce210659:0:0,53fead3f3700ef2bfb885b0caf6df5e8:0:3517725319,aad241e366c07c286fbbe4b7d6251658:1:1428961626,10,1.0,512,0,0,512,0,0,512,0,0,512,0,0,512,0,0,0,0,0,512,149.58798217773438,115.2511215209961,0,0
1637,B,37,0.03801879659295082,0.8447715640068054,0.09053976088762283,1.1923587322235107,1024,512,0.09053976088762283,1.1923587322235107,stage1_rows,512,0,0.014057192951440811,0.048234592366497964,-0.002307037943683099,0.3558532208204269,0.1961640359950252,f8636fbdaa21028c9091dc3c1140c238:0:0,74acc274f8599e94d8661134f8cdc8a3:0:0,1f765991172d571225f8ce64eb84ee02:0:0,9263ae3adbfb65f880d47a8ccd1a5ae8:0:1634604017,64d8cfe024fe8a1f5bcf1da860579713:0:1418626591,10,1.0,512,0,0,512,0,0,512,0,0,512,0,0,511,0,0,1,0,0,512,150.83538818359375,113.8878173828125,0,0
1638,B,38,-0.03526962548494339,0.8525912761688232,-0.07078006863594055,1.2046958208084106,1024,512,-0.07078006863594055,1.2046958208084106,stage1_rows,512,0,0.003110981546342373,0.08937782444991171,0.0006615201345994137,0.3631249263882637,0.1922302939929068,4ee352752ab70abdae61d475b15fba38:0:0,0713e1f6bfe43cd2a910b3ec578704b4:0:0,c054e9beb0e6466a00782ca04c117495:0:0,ccaf9386086de0fb7dae77d517f2bfe8:0:1015702515,f61ed0c5b908144c2f36c5df28ffb6c5:0:3376457940,10,1.0,512,0,0,512,0,0,512,0,0,512,0,0,512,0,0,0,0,0,512,152.32626342773438,112.6832046508789,0,0
1639,B,39,0.026206158101558685,0.8420203328132629,0.04865608736872673,1.1903696060180664,1024,512,0.04865608736872673,1.1903696060180664,stage1_rows,512,0,0.006658037658780813,0.08368845689110457,0.0009035263617988675,0.3544157385826111,0.19279069901676849,fc6796cc1b826bb651a1f479827eb238:0:0,6c317c10175238b323213279b16c6436:0:0,93a6c746d256707caa53f6da02dfa6d7:0:0,5405c40cb859e9c9c1674105dff724e8:0:1986596011,502a4028cad65461667bfa0b5a932201:1:1466303333,10,1.0,512,0,0,512,0,0,512,0,0,512,0,0,512,0,0,0,0,0,512,151.59060668945312,113.24407958984375,0,0
1640,B,40,-0.057605355978012085,0.847949743270874,-0.10983894765377045,1.1968984603881836,1024,512,-0.10983894765377045,1.1968984603881836,stage1_rows,512,0,0.007000985089689493,0.04125761726172641,0.000392487394856289,0.3587856099009514,0.19539397000335157,fb3d9fb55dd9dc93c82b1427849daa38:0:0,ba453adffb037e994d19de2022e0cbde:0:0,40abd182e6d465e8d1b108b73457cc98:0:0,662c70edb82a45a1701eaeff752789e8:0:2263229579,b94123a9ccb221887f285ba158bec3c2:0:3760345139,10,1.0,512,0,0,512,0,0,512,0,0,512,0,0,512,0,0,0,0,0,512,152.548828125,112.17761993408203,0,0
1641,B,41,0.004936307668685913,0.8186672329902649,0.0006305375136435032,1.1577492952346802,1024,512,0.0006305375136435032,1.1577492952346802,stage1_rows,512,0,0.013401488773524761,0.058327796892262994,0.0004184468387393281,0.3351736761629581,0.1943243010318838,28d641527503f42cc51a0b5fb7bca238:0:0,19322fb2d526928bfcdc177b09d18d6e:0:0,e5e9c3d206158fa5e5e6119781647dff:0:0,76714e40a69888c2ee6885622783eee8:0:148582740,9540adfdc11a058c2da31cc380a61cf5:0:4060995787,10,1.0,512,0,0,512,0,0,512,0,0,512,0,0,512,0,0,0,0,0,512,153.73773193359375,111.31861114501953,0,0
1642,B,42,0.03893541172146797,0.8663679957389832,0.08430790901184082,1.2235440015792847,1024,512,0.08430790901184082,1.2235440015792847,stage1_rows,512,0,0.00837805587798357,0.07971859026001767,0.005491462923237123,0.37470828369259834,0.19364189298357815,2f46488943940be0e0cfb2021bdb9a38:0:0,1f972810def62fd4064539e59c6a16d0:0:0,efdc3465f90cbc01a9bca506b27847af:0:0,b86d99d2d859c329f8f1728e470c53e8:0:2909961558,57f80bac14c3471384f87f251778b0c2:1:3753807512,10,1.0,512,0,0,512,0,0,512,0,0,512,0,0,511,0,0,1,0,0,512,152.468017578125,112.72686004638672,0,0
1643,B,43,-0.008023681119084358,0.8319311141967773,-0.03241848200559616,1.1760141849517822,1024,512,-0.03241848200559616,1.1760141849517822,stage1_rows,512,0,0.003796820994466543,0.04460904411971569,0.003715887968064635,0.34589253515005114,0.19359935802640393,81151b26d78e326818f0dfeeb0fa9238:0:0,bb7304047fcabc03ae9be4da7aec8059:0:0,bc5504ff7c56dc77aa9c9f5b12efdf18:0:0,38a51e4f6d36daf6e8240fa423c0b8e8:0:2289779204,d14abfabfab15eff8918a421a35430aa:0:565749150,10,1.0,512,0,0,512,0,0,512,0,0,512,0,0,512,0,0,0,0,0,512,151.28895568847656,113.69880676269531,0,0
1644,B,44,0.029325593262910843,0.8477790951728821,0.04912354424595833,1.198604941368103,1024,512,0.04912354424595833,1.198604941368103,stage1_rows,512,0,0.0024084504693746567,0.12222714853705838,-0.0002978946809889749,0.3594252340495586,0.19365061103599146,91c5619043522ea250666d0577198a38:0:0,c1c249acfcf4bc007d71bd6333d852f0:0:0,6e939219a5ab0905865a4df5b85ca4a5:0:0,ca8ed7c01e4fe8d81fcde0840da11de8:0:3453027579,2e80b2765edc1ffca8988f49d7672ae8:0:2727396103,10,1.0,512,0,0,512,0,0,512,0,0,512,0,0,512,0,0,0,0,0,512,150.84828186035156,114.58744812011719,0,0
1645,B,45,-0.05247964337468147,0.7976734042167664,-0.10997089743614197,1.1251426935195923,1024,512,-0.10997089743614197,1.1251426935195923,stage1_rows,512,0,0.015384540893137455,0.10629377677105367,-0.0036362464539706706,0.31712120622396467,0.19792380899889395,a2848f42814d9266cf5d31266e388238:0:0,f3c6e4e675db2d36bde822cf6e54b73a:0:0,a9f191aad61c215d46eea09bd154ca1a:0:0,d06d16486a64aac3aac453ce54ad82e8:0:2488820716,85f43af0c714fe51dacaa6a5c8a8a64c:0:2279484430,10,1.0,512,0,0,512,0,0,512,0,0,512,0,0,511,0,0,1,0,0,512,151.3374786376953,113.99473571777344,0,0
1646,B,46,0.0007980866357684135,0.8095404505729675,0.013950621709227562,1.1447069644927979,1024,512,0.013950621709227562,1.1447069644927979,stage1_rows,512,0,0.0007412540726363659,0.12954604312544687,0.0033569594903383403,0.32770344875752927,0.19794309500139207,626703a26074dd53c346043196577a38:0:0,d27e51991c4c19d61b58e31f768d602f:0:0,0341e275d02e1aba7e1ece66d7c78f5c:0:0,f557c897c716e1510289c2e348e5e7e8:0:3203421092,c447d56aaf2d9f8016067c0d493b0512:0:3568562955,10,1.0,512,0,0,512,0,0,512,0,0,512,0,0,512,0,0,0,0,0,512,150.06155395507812,115.52840423583984,0,0
1647,B,47,0.06283079087734222,0.8157970309257507,0.12187571078538895,1.150681734085083,1024,512,0.12187571078538895,1.150681734085083,stage1_rows,512,0,0.004604480229318142,0.09980427243281156,0.0012035087216645478,0.3318930432200432,0.19327221100684255,448760dd7783af9dbed5be06ef767238:0:0,a07cc35e79ec577869663d46d4b6536b:0:0,529b09e69076c00e41fa931817caf124:0:0,c2e79bfd65362c0302f271e33a4a4ce8:0:3927859068,56d0422119667154864818f2c45eddd5:0:3311668868,10,1.0,512,0,0,512,0,0,512,0,0,512,0,0,511,0,0,1,0,0,512,149.7386932373047,115.8163070678711,0,0
1648,B,48,-0.005422200076282024,0.8495087623596191,0.0009078369475901127,1.2013471126556396,1024,512,0.0009078369475901127,1.2013471126556396,stage1_rows,512,0,0.00767672061920166,0.14121081911725925,0.0012904252391308546,0.3609530724585056,0.19309889600845054,cc489add1d040cdf3a05368679956a38:0:0,a99ecbc756d8e6b63f08ad86709ddadf:0:0,661956d7fc364bffd148592d8bae75ec:0:0,0abdcf74e23fb8d209c98fae78dab1e8:0:2161971254,f3c8d8d11ac14e5775008990e79fc6e7:0:1820660767,10,1.0,512,0,0,512,0,0,512,0,0,512,0,0,511,0,0,1,0,0,512,150.54441833496094,115.08467864990234,0,0
1649,B,49,0.014085941016674042,0.8509971499443054,0.034605272114276886,1.2031384706497192,1024,512,0.034605272114276886,1.2031384706497192,stage1_rows,512,0,0.025136210024356842,0.10463618165813386,-0.0004168756160652265,0.3620695471763611,0.19879957201192155,28db248c621caee81211459034b46238:0:0,b7d5ab2655842ceec818c116a44022a7:0:0,73beeafb270b2507f3caa3dce0e6e52b:0:0,4eed349af256db46427635e5549716e8:0:968212883,655a206b5a49bfa58119d8e9ece06a8d:1:1424659570,10,1.0,512,0,0,512,0,0,512,0,0,512,0,0,512,0,0,0,0,0,512,149.7161407470703,116.26786804199219,0,0
1650,B,50,0.03618663176894188,0.8336390256881714,0.06366965174674988,1.1782972812652588,1024,512,0.06366965174674988,1.1782972812652588,stage1_rows,512,0,0.0030900887213647366,0.11076191912870854,0.004109169647563249,0.3474402502179146,0.19740098097827286,4cfe85f20e26688d097ac30420d35a38:0:0,0451ea351a019486d93f653c626ffe0a:0:0,747346f0b6bb857617fdba2b8908f523:0:0,418f7867a4165f721da068e81d7f7be8:0:614095919,55ab4f29d5f2c27fd2d1c7d81152bde5:0:66901051,10,1.0,512,0,0,512,0,0,512,0,0,512,0,0,512,0,0,0,0,0,512,147.9345703125,118.2251968383789,0,0
1651,B,51,-0.07062579691410065,0.8048742413520813,-0.1260749250650406,1.1355515718460083,1024,512,-0.1260749250650406,1.1355515718460083,stage1_rows,512,0,0.0027550337836146355,0.23208279375685378,0.015509138314519078,0.32327442839741705,0.194247972976882,3ec989df99089877480686c23df25238:0:0,3a17a78f929ebc14834bbfe0d378a29b:0:0,70a49eef41e1e4d2f1d92ad59205ce52:0:0,ad2150fd5ab52d1cf4d617d72393e0e8:0:3847169241,672693c3018d8010ae7bf8985442f618:0:3887793252,10,1.0,512,0,0,512,0,0,512,0,0,512,0,0,512,0,0,0,0,0,512,147.22451782226562,118.77548217773438,0,0
1652,B,52,-0.022787535563111305,0.8355128169059753,-0.041489969938993454,1.1812922954559326,1024,512,-0.041489969938993454,1.1812922954559326,stage1_rows,512,0,2.915028017014265e-05,0.029710563935805113,-0.0008278702385723591,0.3490560263395309,0.19602535996818915,a50c1636225cabf3dabd68aa8c114a38:0:0,c3f0575bc1d506eb79955a11172c5598:0:0,dbe480bdb43fef82e6ab8adba1650ef3:0:0,73ebc8fbfb138f6dda301c92b6d445e8:0:3699157082,07c6279a34b136cde7956313b2664f95:0:1881776708,10,1.0,512,0,0,512,0,0,512,0,0,512,0,0,512,0,0,0,0,0,512,147.7860870361328,118.0899429321289,0,0
1653,B,53,-0.015509357675909996,0.8027311563491821,-0.033229779452085495,1.1349444389343262,1024,512,-0.033229779452085495,1.1349444389343262,stage1_rows,512,0,0.006445193663239479,0.07629309813492,0.00125160590687301,0.322178003937006,0.20009537099394947,9c9ea6026358b1c333ec409d0b304238:0:0,99c072eecb466b0144f65f83b5704735:0:0,b773619e22f4e5687a37ef257005c51f:0:0,3ca416c30d61356693f73bbb2740aae8:0:1058889382,ba0aaefc197d993524731d1f2eb9e21c:1:3482115857,10,1.0,512,0,0,512,0,0,512,0,0,512,0,0,512,0,0,0,0,0,512,147.8372344970703,118.02452087402344,0,0
1654,B,54,0.03501936420798302,0.830132782459259,0.06037445366382599,1.173433780670166,1024,512,0.06037445366382599,1.173433780670166,stage1_rows,512,0,0.018416980281472206,0.05484512058319524,0.0016200580983422696,0.34441729113459585,0.20175566204125062,9fac40f09980fce8ab23e679bb4f3a38:0:0,155ef063d3469e60ca35d42540ac8d83:0:0,eb2611c147be49d8526d74d990dee921:0:0,18aa120fbf26bf7ec44924b0c4d90fe8:0:1534299354,b579544edd2f743bd2a2df6214032696:1:1499875682,10,1.0,512,0,0,512,0,0,512,0,0,512,0,0,512,0,0,0,0,0,512,147.24359130859375,119.20288848876953,0,0
1655,B,55,0.017832588404417038,0.8451176285743713,0.03696557879447937,1.1948614120483398,1024,512,0.03696557879447937,1.1948614120483398,stage1_rows,512,0,0.023442905396223068,0.12642153280321508,0.004536347964312881,0.357141924649477,0.19441503199050203,c3b4afd96820d779fd3932209c6e3238:0:0,b0debdb44a4993212e6d2b81b68c1cee:0:0,271f1ca497d19ec836258efe99fc510f:0:0,5e138f98c0986eaf3cbd7193df9d74e8:0:171216581,e63628b5532048b4722c2ef3b93afacb:0:218309493,10,1.0,512,0,0,512,0,0,512,0,0,512,0,0,512,0,0,0,0,0,512,148.9593048095703,117.76554107666016,0,0
1656,B,56,-0.029165737330913544,0.7992981672286987,-0.054816849529743195,1.1297919750213623,1024,512,-0.054816849529743195,1.1297919750213623,stage1_rows,512,0,0.005316036753356457,0.1833861546125263,0.003498358195770379,0.31939774602651594,0.19401591003406793,c8ad9268ae8a456ecc44fb71ae8d2a38:0:0,800a1f34e123d0f11bc2c26f76b80928:0:0,9b1c235269fa1388a92150cc4f6a0abc:0:0,eef523ddec32493d7e0aa744c78dd9e8:0:535860005,9c504b8ea322c559f547a3619cdbb0af:0:3732927211,10,1.0,512,0,0,512,0,0,512,0,0,512,0,0,512,0,0,0,0,0,512,147.2829132080078,119.6016616821289,0,0
1657,B,57,-0.0024415224324911833,0.8263474702835083,-0.00042718416079878807,1.1686168909072876,1024,512,-0.00042718416079878807,1.1686168909072876,stage1_rows,512,0,0.02252095751464367,0.060375029151327905,0.0015962044475600124,0.3415686458349228,0.19746171199949458,6449de1f511cd7701fa41a4cf1ac2238:0:0,dabd8d1e798af30b40f886a311126d84:0:0,0b9ec50a998616f2b0f94e03c65f5239:0:0,cd93cf8080b8c99763ab3563ccaa3ee8:0:526150018,227f09f293481888e35e1b978444d7fd:1:1975591186,10,1.0,512,0,0,512,0,0,512,0,0,512,0,0,510,0,0,2,0,0,512,146.24600219726562,120.31460571289062,0,0
1658,B,58,-0.0004124881234019995,0.8535864949226379,0.005593037698417902,1.2071179151535034,1024,512,0.005593037698417902,1.2071179151535034,stage1_rows,512,0,0.0037767081521451473,0.08935344524215907,0.0048349586228141565,0.3643818698823452,0.199298869993072,e0083330f3138da7e3f7669265cb1a38:0:0,42bd3ae670bbfb841ca432e71b9eeff2:0:0,b2131ffbcf704f323f2cb9b87906b657:0:0,c623f34e73d3eb8efb8276513ef2a3e8:0:3264194192,5190157a999caca54cb00ecaf518882a:1:1112076754,10,1.0,512,0,0,512,0,0,512,0,0,512,0,0,511,0,0,1,0,0,512,148.00177001953125,118.4708251953125,0,0
1659,B,59,0.027720535174012184,0.8350767493247986,0.056414682418107986,1.180270791053772,1024,512,0.056414682418107986,1.180270791053772,stage1_rows,512,0,0.014156831428408623,0.04239582940936089,0.003189353132620454,0.3484932154417038,0.21214989299187437,873957fe9f19ca906b23b8220aea1238:0:0,d3efe5ee53766da6d4bc0a38bcb1c31a:0:0,82107e237b69015e78e733efd1eb280b:0:0,0f3e03e406952c468981af2d6e6708e8:0:3503814041,338dd5ac6414b722355794ebedb55c39:0:2981129636,10,1.0,512,0,0,512,0,0,512,0,0,512,0,0,512,0,0,0,0,0,512,147.42691040039062,119.22891998291016,0,0
1660,B,60,-0.06291321665048599,0.8245362043380737,-0.1217651516199112,1.1630908250808716,1024,512,-0.1217651516199112,1.1630908250808716,stage1_rows,512,0,0.0030037290416657925,0.08692250407766551,-0.0075309871033823585,0.3388918019831181,0.20830436696996912,83b9102f5ca755c3ec51e6dbe1090a38:0:0,ff0983c52c7a2a528a6bed3f22a570eb:0:0,0680862bd057efa3a07451e35b0cfe41:0:0,92d67f8e4d53d11cb74d0fd8ab076de8:0:1852132303,95357569526ffc91af99254c9f229e21:1:778726165,10,1.0,512,0,0,512,0,0,512,0,0,512,0,0,511,0,0,1,0,0,512,146.13235473632812,120.70700073242188,0,0
1661,B,61,0.06947876513004303,0.8376039862632751,0.15543612837791443,1.1782926321029663,1024,512,0.15543612837791443,1.1782926321029663,stage1_rows,512,0,0.0009383510332554579,0.121229194290936,0.006339046338689513,0.34844895601272585,0.20233265199931338,a49468a7b0236ecc03eeca9fe8280238:0:0,c9a69000ff748c29b940326d5de5d9c4:0:0,0a6ce811f87ecb0682f82cd1432464e2:0:0,896aa81bc96589e8efe0b2f344d3d2e8:0:594384576,5784d0813d359d780fa2184e4aee528c:0:3732906689,10,1.0,512,0,0,512,0,0,512,0,0,512,0,0,512,0,0,0,0,0,512,145.6697998046875,121.51397705078125,0,0
1662,B,62,-0.017267905175685883,0.842108428478241,-0.03570887818932533,1.190631628036499,1024,512,-0.03570887818932533,1.190631628036499,stage1_rows,512,0,0.0061355759389698505,0.164589569484815,0.002710594411473721,0.35452048629522326,0.21461885096505284,215175e103ceeff133ab3b4e2046fa38:0:0,b117a9c9e95e3e09542a52eebb947a3f:0:0,c6e0b2d1687a6b056a38c16e1263bae4:0:0,d09cc8b1855442d7e7359ddd8bcc37e8:0:2505490665,d18116416b7b8872b9bc2c1c7aa2cf67:1:3550859549,10,1.0,512,0,0,512,0,0,512,0,0,512,0,0,511,0,0,1,0,0,512,145.99488830566406,121.1460189819336,0,0
1663,B,63,-0.016647305339574814,0.8840758204460144,-0.026613976806402206,1.2501897811889648,1024,512,-0.026613976806402206,1.2501897811889648,stage1_rows,512,0,0.010717034339904785,0.15477203854825347,-0.006974828930106014,0.3909845635294914,0.21139707800466567,befd6661f775810a627c10c68965f238:0:0,9f1f78fa3d127ce104f5ee84c5713c7b:0:0,3c62871d912c5742f02040434dfbdec1:0:0,0a1800b75b4cba384de6c0b7cff09ce8:0:301969408,ed4e00b27e43122ef9ad21f7ff0d35da:1:2623809712,10,1.0,512,0,0,512,0,0,512,0,0,512,0,0,512,0,0,0,0,0,512,145.17897033691406,122.11808776855469,0,0
1664,B,64,0.06416945159435272,0.8684126734733582,0.11963623762130737,1.2256098985671997,1024,512,0.11963623762130737,1.2256098985671997,stage1_rows,512,0,0.0026760860346257687,0.10702622323296965,-0.0007652501808479428,0.3763551995158195,0.20166216598590836,c98eaf5894e5da4c5c9a22e92384ea38:0:0,73b2e52767236e4cc27c09cfb08419b6:0:0,762cf4426ec2d6ba71578eb9e9ac9f57:0:0,fa7b9ba9299c2e87b0d5f662614101e8:0:716814125,849e90c5456b4bb1a7460e9c3f541f53:1:3172969073,10,1.0,512,0,0,512,0,0,512,0,0,512,0,0,512,0,0,0,0,0,512,144.2441864013672,123.46287536621094,0,0
1665,B,65,-0.027646835893392563,0.8493738770484924,-0.05367981269955635,1.200627088546753,1024,512,-0.05367981269955635,1.200627088546753,stage1_rows,512,0,0.008566162548959255,0.08476654645055533,0.0003140443819575012,0.3605610139667988,0.2029808479710482,1c89fd976731171953824995eea3e238:0:0,d6696e42b9c31832110f4c0f2222c3b2:0:0,3cc53ae766be98af7efcefa5970576a6:0:0,c7002d40ba2e390f84d1047d8fbd66e8:0:2493422281,3d89575c00a466c2e08e8b306108553c:1:1744681487,10,1.0,512,0,0,512,0,0,512,0,0,512,0,0,511,0,0,1,0,0,512,143.81654357910156,124.17163848876953,0,0
1666,B,66,-0.007505639456212521,0.835282027721405,-0.020485518500208855,1.181119680404663,1024,512,-0.020485518500208855,1.181119680404663,stage1_rows,512,0,0.0004780763993039727,0.01954759752843529,0.0013248121493234066,0.34888389259576796,0.19844110100530088,f931797672b118d05df55caceac2da38:0:0,92ba557bcb1ed841cdb20fcc25ddd52d:0:0,bbe9ae22f9e57a3d0f8e231a35beb7b0:0:0,e48c8d290816a9625e369b69ab65cbe8:0:1561010257,224aabff61d70c5f827f5a5294a006d9:0:2258646513,10,1.0,512,0,0,512,0,0,512,0,0,512,0,0,511,0,0,1,0,0,512,142.9020233154297,125.3205795288086,0,0
1667,B,67,0.11811776459217072,0.9049379825592041,0.23171958327293396,1.2696481943130493,1024,512,0.23171958327293396,1.2696481943130493,stage1_rows,512,0,0.007240416016429663,0.14005982633680106,-0.0033916902844794094,0.4057200185954571,0.19419953698525205,a6d6d0590bd5f99cf7f8340e17e1d238:0:0,835efcb30198b21508db53cdc7953d33:0:0,066fa150639d037cf52b90b5c8c0d5dd:0:0,c416486b594df609549b5647043a30e8:0:2400595643,acf67b63b0d620b605dd858973732360:1:3713561760,10,1.0,512,0,0,512,0,0,512,0,0,512,0,0,511,0,0,1,0,0,512,143.0421142578125,124.98917388916016,0,0
1668,B,68,-0.09387418627738953,0.8542208075523376,-0.202948197722435,1.1981581449508667,1024,512,-0.202948197722435,1.1981581449508667,stage1_rows,512,0,0.0018223040970042348,0.03342125149210915,0.00043207004782743754,0.3607423059642315,0.19371833797777072,d3315ad98aba8f4682d3a7997600ca38:0:0,a5d3210dd2d7993e3880de6e34dc7449:0:0,277ee5e5dae0fa218bfdab1c214d435c:0:0,7048643552e196b1926ebaf5ea3a95e8:0:2377135518,ab4d0afb1d667beca4035ce339301448:1:2248742299,10,1.0,512,0,0,512,0,0,512,0,0,512,0,0,512,0,0,0,0,0,512,142.09097290039062,125.93965911865234,0,0
1669,B,69,-0.004914076067507267,0.8450580835342407,-0.008549196645617485,1.1950753927230835,1024,512,-0.008549196645617485,1.1950753927230835,stage1_rows,512,0,0.009618032723665237,0.03153848776128143,0.0014250487496610732,0.35721433386206625,0.2053523559588939,5cda9adbd97ffdffc5148f2f051fc238:0:0,1e3c22151d915296caa7106c573f538d:0:0,1a8d3feb7d4f060b99c66ccb7ef0883d:0:0,8de4e0a0c2f45c2a10a03a16ad66fae8:0:3455210712,d9aa567c6413e8f4dcc74e1d347cabb1:1:3026289985,10,1.0,512,0,0,512,0,0,512,0,0,512,0,0,512,0,0,0,0,0,512,141.7310791015625,126.57672119140625,0,0
1670,B,70,0.016471199691295624,0.8235060572624207,0.015612153336405754,1.1646027565002441,1024,512,0.015612153336405754,1.1646027565002441,stage1_rows,512,0,0.010410348884761333,0.04738830276764929,-3.220665912522236e-05,0.3391627386212349,0.20301985903643072,a14c3107db705b366a8bc2aec53eba38:0:0,da146041e7665bb16c39819999caa5ac:0:0,225fa8d062feeb831fe2238517ed8bee:0:0,30d21df656059a817e442f099dbf5fe8:0:1452599651,cd746bfade0701b6f389821f8a6aaf56:1:3174869645,10,1.0,512,0,0,512,0,0,512,0,0,512,0,0,512,0,0,0,0,0,512,140.6062469482422,127.74353790283203,0,0
1671,B,71,-0.013337160460650921,0.8306721448898315,-0.015489445999264717,1.1747386455535889,1024,512,-0.015489445999264717,1.1747386455535889,stage1_rows,512,0,0.008537447080016136,0.05802608954254538,0.004663070407696068,0.34509176164865496,0.20268020400544629,91eb4d6caae86062844e19f8b65db238:0:0,d8e2ee31ffc4b2b5a9a6692796611577:0:0,7d0dc30b2de3da3d9bca6a8ea10072e3:0:0,3af63ea7cc10b9945438dfef0b43c4e8:0:4126260027,26a987b9b16e4db9cf3329e274609118:0:1358220631,10,1.0,512,0,0,512,0,0,512,0,0,512,0,0,512,0,0,0,0,0,512,141.71575927734375,126.4815673828125,0,0
1672,B,72,0.04474101588129997,0.8485567569732666,0.08882050961256027,1.198412537574768,1024,512,0.08882050961256027,1.198412537574768,stage1_rows,512,0,0.0016593525651842356,0.053129108797293156,0.00302642259048298,0.3594794161617756,0.2008584660361521,b8d6834dac082dd608b46cecd87caa38:0:0,3250b0bb23382a5e03491dd990641c96:0:0,c994247b2f7b6b5017b2151fc3fbf84b:0:0,1c614f208631805b14cb7da745f429e8:0:1712411749,d77abb694e1a087c2dd3094809c49e94:0:1301350974,10,1.0,512,0,0,512,0,0,512,0,0,512,0,0,512,0,0,0,0,0,512,142.83770751953125,125.4547119140625,0,0
1673,B,73,-0.04109404981136322,0.8081865310668945,-0.07888762652873993,1.1416929960250854,1024,512,-0.07888762652873993,1.1416929960250854,stage1_rows,512,0,7.826485671103e-06,0.0866861960850656,0.0007638342620339244,0.3262397490441799,0.2060715610277839,f64bcc5a722b1d8c535b936b2b9ba238:0:0,d935e87f5d235e819283a9c890816301:0:0,45c49ec257ade37f6691282703179071:0:0,d1d525b86e942f48b75d23d29dd08ee8:0:2154213172,80abdf70f6f929cbc217e36afc5187df:0:178826772,10,1.0,512,0,0,512,0,0,512,0,0,512,0,0,512,0,0,0,0,0,512,143.6590576171875,125.30523681640625,0,0
1674,B,74,-0.018568130210042,0.8249903917312622,-0.03720097243785858,1.1664111614227295,1024,512,-0.03720097243785858,1.1664111614227295,stage1_rows,512,0,0.003737487830221653,0.05597909624921158,0.000978757702978328,0.340274965763092,0.19727714301552624,1a956bd27626a5f9a5246553afba9a38:0:0,d4c747456f658c49808f46cc4da7ebd3:0:0,a9c5b2e0cdbdedc439af75012a7f0a90:0:0,9dc1a3b94a933e094007d8d162d8f3e8:0:3494942619,a606c3f2fe67fef2e3fb4cef6583fba1:1:2395861506,10,1.0,512,0,0,512,0,0,512,0,0,512,0,0,511,0,0,1,0,0,512,143.98468017578125,125.5252685546875,0,0
1675,B,75,0.07228420674800873,0.8711802959442139,0.1401498019695282,1.2282872200012207,1024,512,0.1401498019695282,1.2282872200012207,stage1_rows,512,0,6.285228300839663e-05,0.04473186545073986,-0.0014098439802182837,0.37806506976485255,0.19593631400493905,967d46559b504cdaa433ba8664d99238:0:0,77005a37301a09e21ee0073fcebf72f4:0:0,b4ea7b9b783c75e5acb5f89df7fc593d:0:0,e39fa7ad79ff50f083438dc3e50d58e8:0:3693768348,db7843d1089a05f7eac986cc308fe7ba:0:3340006624,10,1.0,512,0,0,512,0,0,512,0,0,512,0,0,510,0,0,2,0,0,512,144.52793884277344,124.70589447021484,0,0
1676,B,76,-0.01539280079305172,0.8331024050712585,-0.04351354390382767,1.1775096654891968,1024,512,-0.04351354390382767,1.1775096654891968,stage1_rows,512,0,0.00652471836656332,0.0705119980731979,-0.004627506909309886,0.3468349002301693,0.19672982301563025,4d4f2762814aaa03dbf26ae34af88a38:0:0,d1e7249d08a7383acbfd04092ec72983:0:0,02867321a2369385ec9307d4a87ffc78:0:0,c14f4c44fea8ba69158b1e8a746dbde8:0:1389267653,cd4f28c660f0a37b3065a116ddffd710:0:1362761633,10,1.0,512,0,0,512,0,0,512,0,0,512,0,0,512,0,0,0,0,0,512,144.37342834472656,124.74235534667969,0,0
1677,B,77,-0.029128074645996094,0.8358826637268066,-0.07014767825603485,1.1806880235671997,1024,512,-0.07014767825603485,1.1806880235671997,stage1_rows,512,0,0.022272339090704918,0.06809490285813809,-0.0010043241316452622,0.3489052802324295,0.20149543695151806,1f7351c3a0997a313d0d4e4a62178238:0:0,75685da69715245c88f50fcce32b71cb:0:0,ac81d52fcb9c2b0fc708751ab5534a27:0:0,0b62012e645c9cb3670151c560fa22e8:0:3675837498,c29a4dc52e47e2d169487670836f001a:1:1001762088,10,1.0,512,0,0,512,0,0,512,0,0,512,0,0,512,0,0,0,0,0,512,143.6627655029297,125.85023498535156,0,0
1678,B,78,0.025174777954816818,0.8542491793632507,0.06354457885026932,1.206860899925232,1024,512,0.06354457885026932,1.206860899925232,stage1_rows,512,0,0.0005237556761130691,0.21611950621008874,0.011207452603048295,0.3644042581319809,0.19273401302052662,0ba39c6c2ffcc1d59d753c9baa367a38:0:0,e8c8001b58805ad598dbd6b7324a5391:0:0,fab6c2b2df00731867364ef58530fa93:0:0,9af1f778c3a280450b15d8d4fab287e8:0:2967748638,706ce3baa3e82c7b6a5589483f312ebb:1:3448777729,10,1.0,512,0,0,512,0,0,512,0,0,512,0,0,511,0,0,1,0,0,512,145.33384704589844,124.28361511230469,0,0
1679,B,79,0.035773299634456635,0.848195493221283,0.06935183703899384,1.1985849142074585,1024,512,0.06935183703899384,1.1985849142074585,stage1_rows,512,0,0.008704526349902153,0.09870256745489314,0.0012990602990612388,0.35952539592981336,0.19356172601692379,c6ae4185d092ffea385f0db723557238:0:0,ffbc3f97bcfba1da4bd26ae355df698c:0:0,20e1c32baf7a857b43f2b5b7ddb83d91:0:0,f8c9e49ea0a1f3182c2a4fd99196ece8:0:1401859356,9b502f78c51a60f5d486d99ec3fac595:1:2551939733,10,1.0,512,0,0,512,0,0,512,0,0,512,0,0,512,0,0,0,0,0,512,145.61407470703125,124.0009536743164,0,0
1680,B,80,-0.07089942693710327,0.8358888030052185,-0.14769163727760315,1.177120566368103,1024,512,-0.14769163727760315,1.177120566368103,stage1_rows,512,0,0.010077986866235733,0.13515877638710663,-0.005410648428369314,0.3476994462311268,0.20393870602129027,66a269affec270be2e43997ccd746a38:0:0,a997205f79bea1ae9f2a2cb263a2659e:0:0,e2e5060b463e65376b50b90502687038:0:0,67e63962d3b2853b2b373db375a751e8:0:183134630,b4236bb3c5efca4ac06bd1deea09c4eb:0:3546906416,10,1.0,512,0,0,512,0,0,512,0,0,512,0,0,512,0,0,0,0,0,512,146.68490600585938,122.9294204711914,0,0
1681,B,81,0.03368508815765381,0.8487143516540527,0.06612056493759155,1.1993831396102905,1024,512,0.06612056493759155,1.1993831396102905,stage1_rows,512,0,0.0037080482579767704,0.13789301048964261,0.005279843654716387,0.3599100984632969,0.20005747198592871,362361b245e960c604dfb7cca8936238:0:0,8598dc9c30a61a13a260026fb78ad915:0:0,41761eb82339657fcda5010116729a66:0:0,e407d75cfa3336f06b711402f6e3b6e8:0:3143741190,03fa999a15488179118b276775430ba0:0:309444349,10,1.0,512,0,0,512,0,0,512,0,0,512,0,0,511,0,0,1,0,0,512,145.62918090820312,124.29055786132812,0,0
1682,B,82,0.05201681703329086,0.8686400651931763,0.10400424897670746,1.2262370586395264,1024,512,0.10400424897670746,1.2262370586395264,stage1_rows,512,0,0.011917730793356895,0.26842743484303355,0.01964919101446867,0.37649001702666285,0.19684609904652461,f7784d2234d58f6b27344086b4b25a38:0:0,738da95aeae547b36b0a2a76f1370bee:0:0,9cbd87dec95b68bf99a31a723f0ea765:0:0,a3b4a49e24612cae49ed2f28654c1be8:0:3057724727,1ecf9a85458f6eb6ae9603ea45375fc3:0:3948983090,10,1.0,512,0,0,512,0,0,512,0,0,512,0,0,511,0,0,1,0,0,512,144.96299743652344,125.01976776123047,0,0
1683,B,83,-0.09797246754169464,0.8083706498146057,-0.19309882819652557,1.1352607011795044,1024,512,-0.19309882819652557,1.1352607011795044,stage1_rows,512,0,0.000862067099660635,0.10086046635406092,-0.0014028182047695736,0.32404865846037867,0.19668537203688174,ccbf0cbe1102a1db65860b8af1d15238:0:0,af3436dc9d15816c52e8efbc04b4764e:0:0,06273108ea1398876e7d46f1ae04ec68:0:0,2e30fb6490003d4f4146d64410e080e8:0:3035492037,65e6a4756a7f5b3ef527b2bec176c2a1:0:2228015048,10,1.0,512,0,0,512,0,0,512,0,0,512,0,0,512,0,0,0,0,0,512,143.77650451660156,126.30387878417969,0,0
1684,B,84,0.025400321930646896,0.8509387373924255,0.056953366845846176,1.2025703191757202,1024,512,0.056953366845846176,1.2025703191757202,stage1_rows,512,0,0.0013550117146223783,0.04936425373889506,0.00010768817737698555,0.3617404043674469,0.19665048900060356,a371f37d469fa5d8755df0b95ff04a38:0:0,1bf010c10b3db3fa183fe128f56198ca:0:0,53a549e5c07adc826357f1be03953ed7:0:0,da130f923fc2aec239443b3649a0e5e8:0:1557303769,c8c71dcbbecb267199917baf881edb77:1:2576944565,10,1.0,512,0,0,512,0,0,512,0,0,512,0,0,512,0,0,0,0,0,512,143.33740234375,126.58865356445312,0,0
1685,B,85,0.01987539790570736,0.8388286828994751,0.03977378457784653,1.1859437227249146,1024,512,0.03977378457784653,1.1859437227249146,stage1_rows,512,0,0.011427023448050022,0.09785325466655195,0.0029618036744068375,0.3517702132463455,0.19791029201587662,6530c997935ba4877188c7f1ff0f4238:0:0,1fbf442e077e7611bdb1e7d89e4215ad:0:0,0de7699294d7df18063f74ff61968a81:0:0,34f47fb22478358b027b7a9f5f8d4ae8:0:4212765816,66cfc4f1f85076b31162f94bfbb5b00d:1:4074987323,10,1.0,512,0,0,512,0,0,512,0,0,512,0,0,512,0,0,0,0,0,512,143.6256561279297,125.97431182861328,0,0
1686,B,86,-0.008268729783594608,0.8447796106338501,-0.03156951814889908,1.194238543510437,1024,512,-0.03156951814889908,1.194238543510437,stage1_rows,512,0,0.0063632759265601635,0.08234712583944201,0.0011141278431750835,0.3567173697054386,0.19447487499564886,4e768103e9f945405a176914cf2e3a38:0:0,9c4cea361cd82698d9507013213a95a8:0:0,3a76436ab2ff156d630f3a26e60bd0df:0:0,40a436f657270b62fdf79bdfa2a5afe8:0:2760555859,de5d3127c173679f20cf0ee8bf14bdab:0:612343548,10,1.0,512,0,0,512,0,0,512,0,0,512,0,0,512,0,0,0,0,0,512,142.6409149169922,127.50715637207031,0,0
1687,B,87,-0.02978121116757393,0.8242828845977783,-0.052158914506435394,1.165278673171997,1024,512,-0.052158914506435394,1.165278673171997,stage1_rows,512,0,0.0008741164347156882,0.10456531052477658,-0.001182522895396687,0.3396859809756279,0.1955777700059116,a595e3300ca9805d945eac01d04d3238:0:0,7663a5ee946e28ba515116c95047f054:0:0,f91e57bfc7f9dc2fb2c8ecbc44a810fc:0:0,f449abeb924cb149f0dd911762ea14e8:0:614586343,3878b367ad49e6bec142a182714e36ef:1:1095230696,10,1.0,512,0,0,512,0,0,512,0,0,512,0,0,510,0,0,2,0,0,512,141.85964965820312,128.68093872070312,0,0
1688,B,88,-0.00040190061554312706,0.8196580410003662,0.00261177821084857,1.1591596603393555,1024,512,0.00261177821084857,1.1591596603393555,stage1_rows,512,0,0.004800159018486738,0.10554715506732464,0.0014895140804583207,0.3360252298414707,0.19367655302630737,a10063f1dc2d620b6af76899026c2a38:0:0,b66d05189ab62cfbb29b89debfd4020c:0:0,3a208a8c28b8390b0a2e7b48663012f1:0:0,2728d7ceac9eb15704113726f05a79e8:0:1603378416,e183656b1ed2ebcb6034030e32d5e04f:0:3076941100,10,1.0,512,0,0,512,0,0,512,0,0,512,0,0,512,0,0,0,0,0,512,141.97474670410156,129.4305877685547,0,0
1689,B,89,-0.005529744550585747,0.8288947939872742,-0.00599830225110054,1.1722298860549927,1024,512,-0.00599830225110054,1.1722298860549927,stage1_rows,512,0,0.0003144703805446625,0.015728290565311907,-0.0006749388408934465,0.3436870239675045,0.20295398397138342,9b7b29f359bedd178dbe76ba658b2238:0:0,27c86c6c6aadeaeb786abcc6552ca2a2:0:0,98d35a4c91a18eb1ff917751147d90b4:0:0,29aabfac50be7499efda55ae9af6dee8:0:2624691258,643d5ae1a0865149f1da45f960ce99af:1:610562890,10,1.0,512,0,0,512,0,0,512,0,0,512,0,0,511,0,0,1,0,0,512,141.38143920898438,130.468994140625,0,0
1690,B,90,0.05743075907230377,0.8314709067344666,0.1186952143907547,1.172674298286438,1024,512,0.1186952143907547,1.172674298286438,stage1_rows,512,0,0.0012881449656561017,0.03513402759563178,-0.001985569018870592,0.3446061111986637,0.19450293603586033,bf7f411a59c0adc091d4ae45f9aa1a38:0:0,7b3b8484e78bc53bc2bee9fbc8509b95:0:0,3bda5194b1691ad1e5d7b99299e7f4aa:0:0,68c825e58b6e015c53899f0eb2bf43e8:0:1951444238,6ba15c01d4ffdcf2387d59f23db9867c:0:1368826772,10,1.0,512,0,0,512,0,0,512,0,0,512,0,0,512,0,0,0,0,0,512,141.37867736816406,130.8862762451172,0,0
1691,B,91,-0.0005711503326892853,0.8511188626289368,-0.007801597937941551,1.2036151885986328,1024,512,-0.007801597937941551,1.2036151885986328,stage1_rows,512,0,1.417903695255518e-05,0.12332032427657395,0.004655163330608047,0.36229498535394666,0.1975663150078617,1892cface5354c85719ee71bbec91238:0:0,40939ec4764daf5382e2e376f09289c0:0:0,2a42dd72b02f278d4195f9c3c50d936c:0:0,c1ca5b890cee3613391db06787b3a8e8:0:3958279005,81d59760cfa09d0aa69396645a9fe745:1:2503965263,10,1.0,512,0,0,512,0,0,512,0,0,512,0,0,511,0,0,1,0,0,512,141.09323120117188,131.38565063476562,0,0
1692,B,92,-0.05748399347066879,0.8100529909133911,-0.11333076655864716,1.1428583860397339,1024,512,-0.11333076655864716,1.1428583860397339,stage1_rows,512,0,0.0003838239936158061,0.08195439605042339,-0.001967017947936256,0.3272233296185732,0.1952938530012034,79f20b3347fcf0f50cc5f91bb4e80a38:0:0,ee84e5471737bd07999b76fbda8dbf8d:0:0,ba81c3a0ec5bcf7f3826a230fe1bd305:0:0,d628e0552249d550c4e8119969d40de8:0:126771804,1e8a4fcea0bb35c22883aa5406ca068d:0:2657883083,10,1.0,512,0,0,512,0,0,512,0,0,512,0,0,511,0,0,1,0,0,512,140.9966583251953,131.2123260498047,0,0
1693,B,93,0.019449956715106964,0.8344844579696655,0.05608619004487991,1.1789888143539429,1024,512,0.05608619004487991,1.1789888143539429,stage1_rows,512,0,0.0037909522652626038,0.03575763601111248,0.00014584141899831593,0.3476993888616562,0.1965054859756492,e55f8e58c9daa47da836bc25dc070238:0:0,799505dd4cf7d113f4afe7916df052a1:0:0,7855a929eac224ca499af70ec4b2132d:0:0,25419155786b770611323544a92072e8:0:4145691090,3694a2d90770ef809ac4f29c308abec1:0:2316132994,10,1.0,512,0,0,512,0,0,512,0,0,512,0,0,512,0,0,0,0,0,512,140.84085083007812,131.51797485351562,0,0
1694,B,94,-0.036061257123947144,0.8172995448112488,-0.06102990731596947,1.1552925109863281,1024,512,-0.06102990731596947,1.1552925109863281,stage1_rows,512,0,9.95525624603033e-06,0.0742448462639004,-0.0016424126923084259,0.3339126922190189,0.2063960829982534,136c954c1040653c6e22081a3425fa38:0:0,4f94fdab2cbd6691da57b78ae5bef36f:0:0,5e7f0a2258996ee6f63783d802313e89:0:0,e934e415acf7336535e278c99598d7e8:0:900151054,95ce30d95acc5ad7429f188c45950ad8:0:2835008128,10,1.0,512,0,0,512,0,0,512,0,0,512,0,0,512,0,0,0,0,0,512,140.02374267578125,132.2171630859375,0,0
1695,B,95,0.03129458799958229,0.8401691913604736,0.05970994383096695,1.187489628791809,1024,512,0.05970994383096695,1.187489628791809,stage1_rows,512,0,0.015862490981817245,0.05209187299478799,0.0008532176841981709,0.35280454307794573,0.22000957699492574,6ffa8a6026e258ccedfcb4d8bd44f238:0:0,ec8305f79d5167c16d8a469d9c6d4813:0:0,32e124c53638a04cf0a4e5d319274527:0:0,76c8ba7a87fb9bb37c2124487f3d3ce8:0:3325377240,58f3e144a53f7525e78478ee1000c1cb:1:4275288829,10,1.0,512,0,0,512,0,0,512,0,0,512,0,0,512,0,0,0,0,0,512,140.21910095214844,132.3338165283203,0,0
1696,B,96,0.011081626638770103,0.8230589032173157,0.020993534475564957,1.1638904809951782,1024,512,0.020993534475564957,1.1638904809951782,stage1_rows,512,0,0.010657045058906078,0.03621737721841782,0.00032768648816272616,0.33873666152358056,0.22280887700617313,4a2030ef2d110f189c7f9a417763ea38:0:0,b06d319562437830c1ae2160993a59e4:0:0,caaa4721caffaeaefd54bec3dbf05c4b:0:0,161bacab75a8555bbdfd6aa1b60da1e8:0:2640262704,8b37dabe8682710f34c47a1e88ae789b:0:59441765,10,1.0,512,0,0,512,0,0,512,0,0,512,0,0,512,0,0,0,0,0,512,141.7093963623047,130.6801300048828,0,0
1697,B,97,0.03139711916446686,0.8440474271774292,0.05677839368581772,1.1931196451187134,1024,512,0.05677839368581772,1.1931196451187134,stage1_rows,512,0,0.007898906245827675,0.01987480070674792,0.0020261001220205797,0.356119129806757,0.21033133997116238,1dfda0bfa5dad52653a790346282e238:0:0,3a7edaf24c2994242002965505599858:0:0,dfd092a4803d2f7ce24603515fd08f09:0:0,44f17e3878536b90f21269758a0a06e8:0:3065797489,830cf885a4f188ad23c648cf610679c7:1:3321360746,10,1.0,512,0,0,512,0,0,512,0,0,512,0,0,512,0,0,0,0,0,512,140.4921875,131.9495849609375,0,0
1698,B,98,0.017666541039943695,0.8566650152206421,0.03639668971300125,1.2112147808074951,1024,512,0.03639668971300125,1.2112147808074951,stage1_rows,512,0,0.002939980011433363,0.05883158165961504,-0.0010505561251193285,0.36698273494839667,0.19556300796102732,c163286d68f417e9d2b56e917ea1da38:0:0,ad84862cf3b9bb3030e394e7b2504790:0:0,2101eb730347bafca417b08f05708ae0:0:0,1989650251312bd0e32c29244b326be8:0:3823801648,4f987d709e5fcd059ec56589d1a6532a:1:868612651,10,1.0,512,0,0,512,0,0,512,0,0,512,0,0,512,0,0,0,0,0,512,141.1319122314453,130.45338439941406,0,0
1699,B,99,-0.05463358014822006,0.8129289746284485,-0.1229485273361206,1.1455848217010498,1024,512,-0.1229485273361206,1.1455848217010498,stage1_rows,512,0,0.000261779990978539,0.05129757502581924,-0.0009787214978132397,0.32892333194613455,0.1952577360207215,d98011973266d7133e2e0d38cbc0d238:0:0,ef6a44aac742063dea4bc2b7aa79a514:0:0,723115a5371921c5870f790d7cdf124d:0:0,1359b687093d219713ec9cce4986d0e8:0:4027273892,5ba551695da1e3adbba724a4f3de5952:1:4276879232,10,1.0,512,0,0,512,0,0,512,0,0,512,0,0,512,0,0,0,0,0,512,141.8282928466797,129.84568786621094,0,0
1700,B,100,0.02098279818892479,0.828022837638855,0.03810400143265724,1.1707466840744019,1024,512,0.03810400143265724,1.1707466840744019,stage1_rows,512,0,0.005113739054650068,0.05939860976068303,-0.004279212444089353,0.3427828989923,0.20445001701591536,581725d1cf0927de9fda440a49dfca38:0:0,e151c434eb0ae512e24cb092aa43299b:0:0,50daf231a025a901504f0f9e98792364:0:0,5c9cae4053ed858fce70a253d50735e8:0:3579891493,f2ab6e2182aad940ae5fa62140f650be:0:3477897228,10,1.0,512,0,0,512,0,0,512,0,0,512,0,0,512,0,0,0,0,0,512,141.54611206054688,129.9613037109375,0,0
1701,B,101,0.05888177454471588,0.8899099826812744,0.11466901749372482,1.2560441493988037,1024,512,0.11466901749372482,1.2560441493988037,stage1_rows,512,0,0.0014948062598705292,0.06740568084642291,-0.0007736148778349161,0.3952800765633583,0.20524662401294336,d1f7b7a1e3bac7e366c6eae5f8fec238:0:0,9f0f0ba19d6eea8c1eb5d0b616b74601:0:0,d0dfdf802b1809fdc86ef2351594ed31:0:0,37b9d0e77a65349b5ff502553db39ae8:0:1939554918,c93319add1d79977f47953c730935bb7:0:2459613265,10,1.0,512,0,0,512,0,0,512,0,0,512,0,0,512,0,0,0,0,0,512,140.74545288085938,130.84469604492188,0,0
1702,B,102,-0.041177377104759216,0.8453447222709656,-0.0783192589879036,1.1943392753601074,1024,512,-0.0783192589879036,1.1943392753601074,stage1_rows,512,0,1.2175878509879112e-05,0.0528979551512748,0.004283907019998878,0.35698038190603254,0.19465465197572485,4eb2d6fd4d69bfe3e744d9abd91dba38:0:0,fab269680bb9dd8a2b7b322c3755b120:0:0,7bbfa92ab89016496b1ebd420d2717e6:0:0,d0f9c7df97f302f1807b7032d38bffe8:0:729732167,475a3fa4bee9b68057650657bb81174a:0:1357187103,10,1.0,512,0,0,512,0,0,512,0,0,512,0,0,512,0,0,0,0,0,512,141.33349609375,130.53045654296875,0,0
1703,B,103,0.0023674755357205868,0.8320378065109253,0.006423359736800194,1.1766620874404907,1024,512,0.006423359736800194,1.1766620874404907,stage1_rows,512,0,0.018766598775982857,0.12855874560773373,-0.0013061134028248488,0.3462490253150463,0.1927988639799878,bab53d1517de169cdae8e83bea3cb238:0:0,2c37833ffb18321a4f4bf0c1b6d79ca3:0:0,082a4b4a36473d8958acceeed3bbb9b3:0:0,dc5290e6efc7ffb4e66f8a0ce69064e8:0:2050348050,9645836382a6d8372977effbd21a085e:1:3263555203,10,1.0,512,0,0,512,0,0,512,0,0,512,0,0,512,0,0,0,0,0,512,141.20567321777344,130.4939727783203,0,0
1704,B,104,0.005206870846450329,0.8351067900657654,-0.005267344415187836,1.1809202432632446,1024,512,-0.005267344415187836,1.1809202432632446,stage1_rows,512,0,0.0035288669168949127,0.046232598111964764,0.00044647291069850327,0.3487491823732853,0.19316354702459648,69175f69094c9394e08bee762c5baa38:0:0,016bfdb84e46dedb3a1d4afe23e93a85:0:0,52980272afd5b6ebfe1d0379890ae722:0:0,a9fafbaf07e8fd47064bd8c3c6c0c9e8:0:3677374989,ddd424e3e832dd0441f12943f871675a:0:1243299872,10,1.0,512,0,0,512,0,0,512,0,0,512,0,0,512,0,0,0,0,0,512,142.55740356445312,128.6483154296875,0,0
1705,B,105,0.008370613679289818,0.8201104998588562,0.028146885335445404,1.1594669818878174,1024,512,0.028146885335445404,1.1594669818878174,stage1_rows,512,0,0.001611880725249648,0.13606047751381994,0.0019048236892558635,0.33617492839694024,0.20188320096349344,1195fe65c0b091ebfc4ac43a9f7aa238:0:0,294d608a751230f466e7957561e556bc:0:0,1e194d4c62fd8238d2297728b5f325c1:0:0,d3e26c44fe7a72abfe3ecff7c41d2ee8:0:3392877478,c1f3f776a3d65ecfc1cf2980cbdb0321:1:3740690445,10,1.0,512,0,0,512,0,0,512,0,0,512,0,0,512,0,0,0,0,0,512,143.17889404296875,127.82489776611328,0,0
1706,B,106,-0.008656716905534267,0.8402335047721863,-0.028475306928157806,1.1879355907440186,1024,512,-0.028475306928157806,1.1879355907440186,stage1_rows,512,0,0.005297612398862839,0.07504995103226975,0.003431487182388082,0.3529180236160755,0.19385543098906055,713e680e64ece32b1786416943999a38:0:0,acbfeaf9cfc5b56e9ad95c732fc613f9:0:0,87d535abf921545967bec5e6826b9b5b:0:0,7d78c9743ca08a4eadcfce092ea593e8:0:604648269,636021f250873d45baa922766d7895d9:0:4289240281,10,1.0,512,0,0,512,0,0,512,0,0,512,0,0,512,0,0,0,0,0,512,143.660888671875,127.406494140625,0,0
1707,B,107,0.017294740304350853,0.8599328994750977,0.03985690698027611,1.215706467628479,1024,512,0.03985690698027611,1.215706467628479,stage1_rows,512,0,0.016517773270606995,0.08122361970599741,-0.0015223896938550753,0.36969336643815043,0.1926638470031321,296a8b72e2b3c21380e33de218b89238:0:0,4a0db9c1451d5d8f156e1c83d51bb095:0:0,91cc7d01ced97cbc0d57f555b4ba95c3:0:0,d6bec4b13d47f274f9841c185659f8e8:0:3603254104,f330cf818f9aadffac45705a75dd82a7:1:4150001087,10,1.0,512,0,0,512,0,0,512,0,0,512,0,0,512,0,0,0,0,0,512,144.63290405273438,126.65261840820312,0,0
1708,B,108,0.0043112169951200485,0.8461248278617859,0.009052097797393799,1.1965771913528442,1024,512,0.009052097797393799,1.1965771913528442,stage1_rows,512,0,0.00265262252651155,0.05765039804391563,-0.0005050514126196503,0.3580373480916023,0.19163356901844963,a8b1ddf3b735d56e6c4a91851ed78a38:0:0,42608faba8245ced91714d81c7b0016e:0:0,9b6566bed607908779e402b9f410652c:0:0,4b84f8cc9646c3b43a83ee058b3a5de8:0:664214593,963d082e84c25677d1c7273026f1abce:1:4111572973,10,1.0,512,0,0,512,0,0,512,0,0,512,0,0,512,0,0,0,0,0,512,143.30453491210938,128.3831787109375,0,0
1709,B,109,0.03719590976834297,0.8664202094078064,0.06908232718706131,1.2244699001312256,1024,512,0.06908232718706131,1.2244699001312256,stage1_rows,512,0,0.010245106182992458,0.0713017261470668,-0.00041662782095954756,0.3751690678298473,0.20863221702165902,d474f794459842dc72e9143255f68238:0:0,f5fbf675272f18a1bc7dce0c866cf4d7:0:0,eafb4b96a0dc1604a1e82c2db2e31f9e:0:0,8abdb8dbcf5f91b5da3f62711d46c2e8:0:3028702423,f64e88a5a38d23636030e294472c7251:0:3019067791,10,1.0,512,0,0,512,0,0,512,0,0,512,0,0,512,0,0,0,0,0,512,144.04710388183594,127.89373016357422,0,0
1710,B,110,-0.0644332692027092,0.8322182297706604,-0.13328078389167786,1.1728968620300293,1024,512,-0.13328078389167786,1.1728968620300293,stage1_rows,512,0,0.00020488561131060123,0.10939357071183622,0.0001179076760308817,0.34477388858795166,0.218655901029706,cfa2afdcb531d1a5132f9dc9be157a38:0:0,32cfcbaadc77dbba6b6c8f6d81468f08:0:0,a15b15a22702086b973bc71c887553f0:0:0,9fc72499d4cb7a9c1a1382bb5c7f27e8:0:1158768826,1d25e0e212c2a5850237a5938e00a8b2:0:1849566346,10,1.0,512,0,0,512,0,0,512,0,0,512,0,0,512,0,0,0,0,0,512,143.1701202392578,129.27296447753906,0,0
1711,B,111,0.03570187836885452,0.8830715417861938,0.08709915727376938,1.2467286586761475,1024,512,0.08709915727376938,1.2467286586761475,stage1_rows,512,0,0.012721757404506207,0.08924027300672606,0.006081830221228301,0.3889763876795769,0.20518371497746557,9c46690c568f1d8630d3062b57347238:0:0,3df7ee0cb62c882983a02504bc41ce8f:0:0,7ffd8edd9b3ca77a6efac80871da462d:0:0,7096d627fa0ac95706ef430498e38ce8:0:781474807,e882f0db2d88093602ec78ea5500621d:1:2611088478,10,1.0,512,0,0,512,0,0,512,0,0,512,0,0,512,0,0,0,0,0,512,143.00489807128906,129.44822692871094,0,0
1712,B,112,-0.021181954070925713,0.8616155982017517,-0.04973786696791649,1.2178336381912231,1024,512,-0.04973786696791649,1.2178336381912231,stage1_rows,512,0,0.010142803192138672,0.1114695108612068,-0.002282872563228011,0.37105207294225695,0.2090032499982044,71581b9d8d3dd98394cc253721536a38:0:0,56af9b23fc367af37a2188e37dc92bd1:0:0,9764406b357083edae1740876f4c379a:0:0,a27c31be8dd67f3998f8822d2273f1e8:0:2477761934,433f8ab1bf1201e8277fa0db43421f6f:1:512189504,10,1.0,512,0,0,512,0,0,512,0,0,512,0,0,512,0,0,0,0,0,512,144.1699676513672,128.07005310058594,0,0
1713,B,113,0.014450952410697937,0.8355885148048401,0.028351079672574997,1.1815266609191895,1024,512,0.028351079672574997,1.1815266609191895,stage1_rows,512,0,0.017757540568709373,0.11346571166068316,0.003122035227715969,0.34912334606051443,0.2000676830066368,7527985c3c5f22b66d57d2cd1c726238:0:0,0c6bbfd481bdd33857c3bbc689eeb2ed:0:0,f50f39599dd3f5f72809911153c6a2a2:0:0,cc104dacf127d91eff3109d5493056e8:0:680474370,d3b9d31d481e5733acb2be05086e5c64:0:3067184135,10,1.0,512,0,0,512,0,0,512,0,0,512,0,0,512,0,0,0,0,0,512,143.10841369628906,129.2662811279297,0,0
1714,B,114,0.01764119789004326,0.862865686416626,0.035824451595544815,1.2200021743774414,1024,512,0.035824451595544815,1.2200021743774414,stage1_rows,512,0,0.005304299760609865,0.05659851403906942,-0.0014111481927102433,0.37229021042585375,0.1920077220420353,1e955b8fb400e31ccdf6e6cd48915a38:0:0,291c24f3928558e3009883ed8acaa53e:0:0,bead5253fc6ec7044bcc2c82dd403503:0:0,f6792330f965a470171b8e5d5d18bbe8:0:185953133,2e441eb2841bc0b23755477fc72f185e:1:495133227,10,1.0,512,0,0,512,0,0,512,0,0,512,0,0,511,0,0,1,0,0,512,141.63282775878906,130.84190368652344,0,0
1715,B,115,-0.05136588215827942,0.8531742691993713,-0.11028978228569031,1.2036832571029663,1024,512,-0.11028978228569031,1.2036832571029663,stage1_rows,512,0,0.00550473527982831,0.053032115055248144,0.0030227648152504117,0.36282394006848334,0.1973143139621243,cc1c2ff91d3e44692f6e3917a5b05238:0:0,c1af8b39d9d424fa74f6c85d35d543d7:0:0,26ad4dcae8f79fef1508b4ee4348bbf9:0:0,6e00225820e1f8591060aee5ae2d20e8:0:3650819631,1637d83b7b626ab473b9c57f2d838b0a:0:4079775978,10,1.0,512,0,0,512,0,0,512,0,0,512,0,0,511,0,0,1,0,0,512,142.71469116210938,130.15780639648438,0,0
1716,B,116,0.02207868918776512,0.8461975455284119,0.047677211463451385,1.1961513757705688,1024,512,0.047677211463451385,1.1961513757705688,stage1_rows,512,0,0.002591516589745879,0.04416575906798244,-0.0007164290931541472,0.35798477903008463,0.20612103602616116,2777c4a7632732d1efc6a18c33cf4a38:0:0,0251375590c1f040b57a6748b0706ddd:0:0,0bf1a5184dc2750ed699fae3a783bf34:0:0,63898f76a8eda77f3c73f54e8c6d85e8:0:2149750623,fc83a94ecf166dd1e8f4e8f7f6440d2d:0:686719858,10,1.0,512,0,0,512,0,0,512,0,0,512,0,0,512,0,0,0,0,0,512,143.74395751953125,129.480224609375,0,0
1717,B,117,0.025402452796697617,0.8479205369949341,0.04795580357313156,1.1987028121948242,1024,512,0.04795580357313156,1.1987028121948242,stage1_rows,512,0,0.004271314945071936,0.04885923949768767,0.0030229519004933538,0.35942532792687415,0.2025425520259887,af753ce1966eefe0d24cf80af2ee4238:0:0,ec0b65f2f5f93883e92473c14cde31f5:0:0,88d305e56e8394802b25b6fe0f8a572d:0:0,c7a9c2f555e17e870a38d63847d9eae8:0:2321975580,0323a9851934a236e766fd5671f5cb77:0:3829748947,10,1.0,512,0,0,512,0,0,512,0,0,512,0,0,512,0,0,0,0,0,512,143.1956329345703,130.1394500732422,0,0
1718,B,118,-0.011756768450140953,0.8487348556518555,-0.03109024465084076,1.1999770402908325,1024,512,-0.03109024465084076,1.1999770402908325,stage1_rows,512,0,0.00016109272837638855,0.060572349722497164,0.00159933672985062,0.36015024334192275,0.19940419105114415,3f33a5a8c9e1b5427f921473e30d3a38:0:0,ef7e342b3f6e24d1b6d78f37ff87270d:0:0,fc5e637fc743777c1243f7507126b7c4:0:0,821f4f71d79823ba2da7b10330724fe8:0:3890900050,7fa4d7d6b1d5691e091110cc3a2c3e39:1:401780302,10,1.0,512,0,0,512,0,0,512,0,0,512,0,0,511,0,0,1,0,0,512,144.00146484375,129.4429931640625,0,0
1719,B,119,0.008514491841197014,0.8485909700393677,0.025076452642679214,1.1998521089553833,1024,512,0.025076452642679214,1.1998521089553833,stage1_rows,512,0,6.907759234309196e-05,0.07945622080005706,0.002683043433353305,0.36003142073750494,0.19499921798706055,a2cb209265a16796056acea7042c3238:0:0,b592af37b445d99f85399899dba45202:0:0,8154282b216d084fe4173849b2b81fa2:0:0,f89d599c3fee2c1df372cfcf9636b4e8:0:801003854,db84d3b8e2eaa88a5b4ede9665e0815d:1:674544156,10,1.0,512,0,0,512,0,0,512,0,0,512,0,0,511,0,0,1,0,0,512,144.06341552734375,129.21795654296875,0,0
1720,B,120,-0.036049507558345795,0.8677921891212463,-0.06380795687437057,1.2266072034835815,1024,512,-0.06380795687437057,1.2266072034835815,stage1_rows,512,0,0.015934184193611145,0.05658177960431203,0.0026520534011069685,0.37641891464591026,0.20534551597665995,3cfa77fbef29593c56effe84564b2a38:0:0,531819c75a7e0f94ef8d2eac3a2e9c34:0:0,e60937a10bb5ec5a0225e3dfb83e6e03:0:0,221884091cf8ba49c0ab677dc92719e8:0:2715988963,785cdea26570cf5169fe676a9c508a2c:1:3833665012,10,1.0,512,0,0,512,0,0,512,0,0,512,0,0,512,0,0,0,0,0,512,144.15402221679688,129.11129760742188,0,0
1721,B,121,-0.004942126106470823,0.8330031633377075,-0.009348864667117596,1.178024172782898,1024,512,-0.009348864667117596,1.178024172782898,stage1_rows,512,0,0.0025242394767701626,0.13501625135540962,-0.0007890999644587282,0.347053587436676,0.20965118799358606,701bb4d944191d27cc7e7bebd96a2238:0:0,5c0c1c5f4eea76df35c14b3fb5b447b6:0:0,99c8de60c5c28f06b2cc710d96fc9cf9:0:0,f7c37a87e5bdbb4dbe6697ae19437ee8:0:1294952783,b3595a349ac325f34c9797bd71d6a825:1:3634278744,10,1.0,512,0,0,512,0,0,512,0,0,512,0,0,512,0,0,0,0,0,512,142.63778686523438,130.59854125976562,0,0
1722,B,122,0.04389437660574913,0.861232340335846,0.09746461361646652,1.2156033515930176,1024,512,0.09746461361646652,1.2156033515930176,stage1_rows,512,0,0.001193591277115047,0.042513838910963386,0.002515678503550589,0.3699583612382412,0.19733191200066358,e639329e45c669aba3b71ebd8d891a38:0:0,db3c7b17292fdb1e287d58dba42d44e0:0:0,ccc8864f5af0d4a3ca585992ed037434:0:0,786f779c665395f9b1626ac0d68be3e8:0:3277969479,4b02759d5ce681ab20a7aeea6383f4a5:1:1564711657,10,1.0,512,0,0,512,0,0,512,0,0,512,0,0,512,0,0,0,0,0,512,143.1640167236328,129.97157287597656,0,0
1723,B,123,-0.0776669904589653,0.8380408883094788,-0.1581941694021225,1.1796813011169434,1024,512,-0.1581941694021225,1.1796813011169434,stage1_rows,512,0,0.009067147970199585,0.07737410807749256,-0.004538167314603925,0.34904421418905257,0.20345361798536032,f8ad9204f3960b4b7f7ebed972a81238:0:0,ee69dd3e98f0ceddd3f37334421eb40c:0:0,d9b0f376cda2e462ab33850909808559:0:0,2cfa76abbb68e0d3fdaad5d6510048e8:0:125446676,1135bc0f3c759aebd8f3dd257637460b:1:211576338,10,1.0,512,0,0,512,0,0,512,0,0,512,0,0,512,0,0,0,0,0,512,143.72607421875,129.70416259765625,0,0
1724,B,124,-0.0020384876988828182,0.8165126442909241,0.009672834537923336,1.1545997858047485,1024,512,0.009672834537923336,1.1545997858047485,stage1_rows,512,0,0.002277649939060211,0.06846462541725487,0.00475879682417144,0.333400010317564,0.19854998600203544,5741cfb0f21be78ae7fe341f88c70a38:0:0,1b27ca2a4e168cebc2cc4242dbdfb04f:0:0,37b1de060703fedca6dea1a3d003436a:0:0,ff81d96e354f7310d63eb8ced8a0ade8:0:1400816449,c99afdfd035fd3cb23eae278003dffbf:0:132202712,10,1.0,512,0,0,512,0,0,512,0,0,512,0,0,512,0,0,0,0,0,512,142.92178344726562,131.14620971679688,0,0
1725,B,125,-0.027060290798544884,0.799918532371521,-0.03631157800555229,1.1311711072921753,1024,512,-0.03631157800555229,1.1311711072921753,stage1_rows,512,0,0.0006006077164784074,0.04720294786384329,0.0015945237944833934,0.3200258560478687,0.21909030101960525,a93da7f17d020fbccaa2566fcfe60238:0:0,3409f1fc429a4a527b2da8dccdf7e201:0:0,053c8d32e31a9d3395b412cb8a5addb9:0:0,ac671a7327c0e4d998b4de4abd6d12e8:0:2268288446,8708892d34ce1e9c8897e4098d24e7c2:1:1559592111,10,1.0,512,0,0,512,0,0,512,0,0,512,0,0,511,0,0,1,0,0,512,142.40020751953125,131.71139526367188,0,0
1726,B,126,0.07809209823608398,0.8605208992958069,0.15173187851905823,1.2124922275543213,1024,512,0.15173187851905823,1.2124922275543213,stage1_rows,512,0,0.001135149970650673,0.007873282313812523,0.0019402163045015187,0.3687782481312752,0.21319307200610638,38575522c1b6e3d2fa1bfdaa4804fa38:0:0,7b045a753347c98bc9a63c8f87ab5d20:0:0,37194f3c5f2e760433fec5aa50a0c293:0:0,664f0c263dad533454e0fbaa4f6577e8:0:1678929433,caef662c197f3b54dfb5548827c976d0:0:2359889837,10,1.0,512,0,0,512,0,0,512,0,0,512,0,0,512,0,0,0,0,0,512,142.0991973876953,131.9808807373047,0,0
1727,B,127,0.028721097856760025,0.8891249299049377,0.04023886099457741,1.257296085357666,1024,512,0.04023886099457741,1.257296085357666,stage1_rows,512,0,4.010973498225212e-05,0.045991017343476416,0.0028074759291484954,0.39551055878400804,0.2093401729944162,c5e09a6fa0e2452dae6001aef123f238:0:0,b184cea35863dea0faa0af548119271a:0:0,a68edbad633cb2bbb87f7e2bf8a6cd43:0:0,eba5befb5f7ffbdb8078b10dde89dce8:0:4148428192,cdebbb7e10373c930ffdb84cbbca345d:1:3227932031,10,1.0,512,0,0,512,0,0,512,0,0,512,0,0,512,0,0,0,0,0,512,141.92286682128906,132.5723419189453,0,0
1728,B,128,-0.03751703351736069,0.875284731388092,-0.07939903438091278,1.2364108562469482,1024,512,-0.07939903438091278,1.2364108562469482,stage1_rows,512,0,0.010974408127367496,0.0580032222205773,-0.0011207936331629753,0.3825869791209698,0.2074706630082801,75f7f0f4d4a1d96b04a73a5dcb42ea38:0:0,e5223952f88e3118200dc4e25f32c863:0:0,227f713a1e397644a173a8445b603bd4:0:0,32246d5a96600555d6b88955bada41e8:0:1272859086,c7e4a896d123ba7abf792a15f8dab1cb:0:3242300668,10,1.0,512,0,0,512,0,0,512,0,0,512,0,0,512,0,0,0,0,0,512,142.07257080078125,132.85586547851562,0,0
1729,B,129,-0.0187023114413023,0.8543990254402161,-0.017770610749721527,1.2082931995391846,1024,512,-0.017770610749721527,1.2082931995391846,stage1_rows,512,0,0.00736961979418993,0.03430745688965544,-0.0003475628047453938,0.36508598253130914,0.20072526898002252,42e59186798c5d367f6e7f96d661e238:0:0,6e67be37210d75ea9391a9976c7b2f4f:0:0,68785111f0b18771e10fe52058fdcbc8:0:0,a22efbc4980e879e6408fa223456a6e8:0:3870054433,3ec593e7767b3563cd996849a3a1e852:1:3127109305,10,1.0,512,0,0,512,0,0,512,0,0,512,0,0,512,0,0,0,0,0,512,140.8938446044922,134.1243133544922,0,0
1730,B,130,-0.01806337758898735,0.8352258801460266,-0.0260295607149601,1.1811290979385376,1024,512,-0.0260295607149601,1.1811290979385376,stage1_rows,512,0,0.00015877489931881428,0.035204090853221716,0.0011702358613547403,0.3489006169140339,0.19961686403257772,ac24f998f87c07188676a93a1280da38:0:0,b82735758ee18be5b819a458b2391c84:0:0,ba0acc801ac242cbc964db18a673f616:0:0,5bb74a9ecd1da9acbda363d39aff0be8:0:2324239256,8543b94dd294be65bb17b748249441e6:0:4211113921,10,1.0,512,0,0,512,0,0,512,0,0,512,0,0,512,0,0,0,0,0,512,139.76657104492188,134.96585083007812,0,0
1731,B,131,-0.004498585127294064,0.8285434246063232,-0.001000553835183382,1.1717240810394287,1024,512,-0.001000553835183382,1.1717240810394287,stage1_rows,512,0,2.8412556275725365e-05,0.013768792035989463,0.0022788729867897926,0.343319833278656,0.20162734197219834,50ec6e0e4f1ffa45e6c48f277f9fd238:0:0,57c7e19494a92000e878e40adf48b15a:0:0,bcdc2fbdbdbad8d3f0b1fe9a6fa9bd1a:0:0,3ad1a84eae57682d6537118a3ed370e8:0:1662353306,f8d3d7870fe22948914b73c2d055bc20:0:2791477527,10,1.0,512,0,0,512,0,0,512,0,0,512,0,0,511,0,0,1,0,0,512,139.6627655029297,135.17271423339844,0,0
1732,B,132,0.002077308017760515,0.8538049459457397,0.009261241182684898,1.2074166536331177,1024,512,0.009261241182684898,1.2074166536331177,stage1_rows,512,0,0.01164600346237421,0.09009780120104552,0.004748568561626598,0.3645635612308979,0.19701893400633708,dd4ce2e8b554c96f52a1093f1dbeca38:0:0,3ffc19aa239f3fd5f16ddaaad603d935:0:0,2bf6b70a6d47752252cd2f3c7003c68a:0:0,ff3358f4464559ba588e39266fd3d5e8:0:1333445540,55b3d1fe9f5e4e81f786d71e8cf93737:1:1003336977,10,1.0,512,0,0,512,0,0,512,0,0,512,0,0,512,0,0,0,0,0,512,139.75035095214844,135.3739776611328,0,0
1733,B,133,0.02113724872469902,0.8424423933029175,0.03362593054771423,1.1912585496902466,1024,512,0.03362593054771423,1.1912585496902466,stage1_rows,512,0,2.859160304069519e-05,0.03403177799191326,0.0009766489194589667,0.35490321442484857,0.20879906101617962,234593239d440990e198ef60ecddc238:0:0,29a8dd9ae5e1b484a9fbec3622755ffb:0:0,784e5a98c327e6dafe5f1a2b0ba8633d:0:0,b7e6e85678e584e3cd32fb487e003ae8:0:2565879597,8d40400ad2fa3dedcc55e4bede7a6bd9:0:2173700806,10,1.0,512,0,0,512,0,0,512,0,0,512,0,0,512,0,0,0,0,0,512,138.53697204589844,136.7589569091797,0,0
1734,B,134,-0.029711443930864334,0.8456140756607056,-0.07157711684703827,1.194406509399414,1024,512,-0.07157711684703827,1.194406509399414,stage1_rows,512,0,0.001491150469519198,0.026435649348422886,0.0022011122084222732,0.35697553530335424,0.1929095259984024,665f78340c4af4c1907d196cecfcba38:0:0,d53d286883f62e6b4473773506335a78:0:0,9bdd32ad51814e0772e632496187b0ec:0:0,3b56a59d6db31c5918146350b9589fe8:0:247762187,1b39dc58f5686c0b09e665960c2c5ce5:1:3091955431,10,1.0,512,0,0,512,0,0,512,0,0,512,0,0,511,0,0,1,0,0,512,138.3863983154297,136.73439025878906,0,0
1735,B,135,0.03726901486515999,0.845538854598999,0.07233849167823792,1.1947396993637085,1024,512,0.07233849167823792,1.1947396993637085,stage1_rows,512,0,0.0026329439133405685,0.02763247676193714,0.00117307700420497,0.35731284469366076,0.19087985297665,c895b4f14aa81d02c1625f431e1bb238:0:0,e8322e3dda2ffeeee99d7619dc7db5b0:0:0,bbcb742e1e0c81fb19215ffd70c8248d:0:0,5d2962741744b581c12b675f71dd04e8:0:862114616,1ab287904c931d09301fa202d8dbde2f:1:2561324182,10,1.0,512,0,0,512,0,0,512,0,0,512,0,0,512,0,0,0,0,0,512,139.03392028808594,136.48658752441406,0,0
1736,B,136,-0.042340345680713654,0.8310947418212891,-0.08031304180622101,1.174113392829895,1024,512,-0.08031304180622101,1.174113392829895,stage1_rows,512,0,0.017809169366955757,0.033306738012470305,0.0011935331858694553,0.34501461684703827,0.19664624700089917,6a78ebe6e7f02f0fbba198c3803aaa38:0:0,24eba9f6718bc81830655ba9a7c8f526:0:0,aad4984c83498c46719f314bd4d0921c:0:0,e5ddcb4557dc4dd6c31fe854f78d69e8:0:1628539088,9238117244fd73df5552aa2e0f7158b5:1:3300442806,10,1.0,512,0,0,512,0,0,512,0,0,512,0,0,511,0,0,1,0,0,512,140.137451171875,136.38140869140625,0,0
1737,B,137,-0.0011312873102724552,0.8264865279197693,0.00707924272865057,1.1687581539154053,1024,512,0.00707924272865057,1.1687581539154053,stage1_rows,512,0,0.03675615414977074,0.04282654928974807,0.0010791439475724474,0.3416173055768013,0.20085049496265128,2e9c5d511249c52d2bd79dce1359a238:0:0,e8c912a94dc909bda9001930f75faec3:0:0,74a27bed533fea3abf7c8f58bab03be4:0:0,49ab2fafab60334bf6edb1d19a69cee8:0:2137583569,f6f6854b4ea1cc39538be7818f10d610:1:736826966,10,1.0,512,0,0,512,0,0,512,0,0,512,0,0,511,0,0,1,0,0,512,141.60105895996094,134.7532501220703,0,0
1738,B,138,0.016402557492256165,0.818271279335022,0.019028618931770325,1.157191514968872,1024,512,0.019028618931770325,1.157191514968872,stage1_rows,512,0,0.01006972137838602,0.04395120069384575,0.0025372150645125656,0.3348436050117016,0.22144212503917515,29748d443e7049f8a3e54642d7789a38:0:0,efbd4c092b6aaa3c1fc570d7a3265da5:0:0,b8912fbc9805c8377fe30acd0301c684:0:0,5d516c278d4ea419ab897a35aa7233e8:0:2033181677,f1973d1dfe964db63d600bc7d47513ee:0:3480448418,10,1.0,512,0,0,512,0,0,512,0,0,512,0,0,511,0,0,1,0,0,512,139.5384521484375,137.13290405273438,0,0
1739,B,139,0.012430427595973015,0.8457109928131104,0.017351118847727776,1.1959912776947021,1024,512,0.017351118847727776,1.1959912776947021,stage1_rows,512,0,0.002515725791454315,0.02971493670484051,-6.9896035711281e-05,0.35772012919187546,0.2099341200082563,9ae016c11e7deb381aef6a01cc979238:0:0,3a6b31ee41d9297ab15c04ba6590ddf1:0:0,a30155831e7921854adbc5b10d91bf45:0:0,1d933b410458ba366985e2a177a698e8:0:3169332659,2ef2c9153d4f22f9807ee6aa85e1d556:0:4126527877,10,1.0,512,0,0,512,0,0,512,0,0,512,0,0,512,0,0,0,0,0,512,140.44747924804688,135.73629760742188,0,0
1740,B,140,-0.011717895045876503,0.8178483843803406,-0.025287827476859093,1.1564451456069946,1024,512,-0.025287827476859093,1.1564451456069946,stage1_rows,512,0,0.007025985978543758,0.1112469213316217,0.0022359721988323145,0.33443123400211333,0.20147536898730323,dd9c34b5e57c9ca96d5ee0eaf2b68a38:0:0,04d40821054c5743960b3556ff1ae44e:0:0,94bdfc3dcb4464c5e9bb640e922f7fd2:0:0,4e453967d56bf6d0e2b876f55206fde8:0:2707887519,7c2e4a8c5057196c56610b761b16d1c2:0:2525204828,10,1.0,512,0,0,512,0,0,512,0,0,512,0,0,512,0,0,0,0,0,512,139.85511779785156,136.3477020263672,0,0
1741,B,141,0.07863341271877289,0.8478925824165344,0.15770713984966278,1.1938704252243042,1024,512,0.15770713984966278,1.1938704252243042,stage1_rows,512,0,0.009041874669492245,0.033476614265237,-0.0003785304767006892,0.35764973014593127,0.20178879803279415,02e76e2dd5be2ad1dce082de49d58238:0:0,a752123e23615f75b861580d9e5f9537:0:0,50f84855f8bb475142236ff2df2a9060:0:0,c7df5c17dd0c821a0ddeadd1899362e8:0:4175637071,7acb44f82f3f0531d811430272c5e59b:0:2011923114,10,1.0,512,0,0,512,0,0,512,0,0,512,0,0,512,0,0,0,0,0,512,138.97988891601562,137.40542602539062,0,0
1742,B,142,-0.07361498475074768,0.8226222395896912,-0.161639004945755,1.1566740274429321,1024,512,-0.161639004945755,1.1566740274429321,stage1_rows,512,0,0.006963340099900961,0.11533085196278989,-0.007158946846902836,0.33571803718805315,0.20552376500563696,d58db73017fb5dcd906527bbd1f47a38:0:0,cf11035e0599c9645bf93ce3b6da203d:0:0,154a17dfbf87cc30ef0027b239eea71c:0:0,d355d917effcf3af6e42e8966e4bc7e8:0:1930958875,724eeede002fc14b339741f98994d541:0:2612084900,10,1.0,512,0,0,512,0,0,512,0,0,512,0,0,511,0,0,1,0,0,512,140.18577575683594,136.27479553222656,0,0
1743,B,143,0.02687055431306362,0.8496556282043457,0.06319745630025864,1.2004908323287964,1024,512,0.06319745630025864,1.2004908323287964,stage1_rows,512,0,0.00027974951080977917,0.03015386718325317,0.0027365531772375108,0.3606558956205845,0.20691489899763837,bf8a3c0ed93a2c1f1421a7638b137238:0:0,e05c638bbd6a02b1a6bbf7d2b1254cd0:0:0,06f3fa3a2af60885251eda31f3a44626:0:0,e0b11dfd6b4b37f58761736450302ce8:0:3496909115,272d54d15eda9470a2f62297a13c097b:0:2244144571,10,1.0,512,0,0,512,0,0,512,0,0,512,0,0,512,0,0,0,0,0,512,141.109619140625,135.3955078125,0,0
1744,B,144,-0.02309586852788925,0.8302825689315796,-0.05562639236450195,1.1732734441757202,1024,512,-0.05562639236450195,1.1732734441757202,stage1_rows,512,0,0.0005799102364107966,0.0425702067092061,0.0004412218171637505,0.34441992193460463,0.19594896800117567,8853f127ad7afd7ed98ed9b575326a38:0:0,df930fad6386387264fb818b20e0ee54:0:0,988cb5313ea37b477beb61f9d4469dc2:0:0,453a778147f4e6b27c8d851b7f4091e8:0:1001200859,47b5c34441373eb4ee77c822ceab5431:0:893572321,10,1.0,512,0,0,512,0,0,512,0,0,512,0,0,511,0,0,1,0,0,512,141.01959228515625,135.70611572265625,0,0
1745,B,145,0.009408418089151382,0.8341795206069946,0.02388695441186428,1.1795246601104736,1024,512,0.02388695441186428,1.1795246601104736,stage1_rows,512,0,0.0013880308251827955,0.03640142078511417,0.0013825295704009478,0.34788205102086067,0.19670694798696786,17cae556352cfdaab769969190516238:0:0,a39def155c6f8e75662eb070befe400c:0:0,eb52cff10fef7db7f65ef592bc96319c:0:0,ff74a61d17701f38dc963f5c4b7cf6e8:0:1204105858,2478445da8a237550917b74497680518:1:647411705,10,1.0,512,0,0,512,0,0,512,0,0,512,0,0,512,0,0,0,0,0,512,140.63633728027344,135.9041290283203,0,0
1746,B,146,0.05293316766619682,0.8556773066520691,0.10487310588359833,1.207876443862915,1024,512,0.10487310588359833,1.207876443862915,stage1_rows,512,0,0.003156612627208233,0.035433920891955496,0.002088097519299481,0.3654752880334854,0.19340291601838544,5a95399a03697f3569b2b5d7dc705a38:0:0,c98ff1e85f2c2341248e9864bee91a0d:0:0,f62c8a4f6f7dcc6d18c6a38c597e2b64:0:0,f71d6d2ac480be72996bae8704e55be8:0:1941314926,6d8b192f38b98a7db6318ef856a54a17:0:3281522011,10,1.0,512,0,0,512,0,0,512,0,0,512,0,0,511,0,0,1,0,0,512,141.09609985351562,135.45895385742188,0,0
1747,B,147,-0.020186133682727814,0.8354916572570801,-0.049106501042842865,1.1808478832244873,1024,512,-0.049106501042842865,1.1808478832244873,stage1_rows,512,0,0.00039432477205991745,0.05284220483154058,0.002650713350158185,0.34878297671675684,0.19932385499123484,108b84b0c2f66e5611af0f68598f5238:0:0,de58b9b379028ad83b2b900317710f32:0:0,621d6a334aa8573a185b36825b2981b5:0:0,06c80e894edc831c2bc3c9bbfb79c0e8:0:377873305,cd65cc2275b6f3a3dceac10d0be5c473:0:3785748426,10,1.0,512,0,0,512,0,0,512,0,0,512,0,0,512,0,0,0,0,0,512,141.84039306640625,134.9144287109375,0,0
1748,B,148,-0.028000691905617714,0.8456393480300903,-0.05718224123120308,1.1951985359191895,1024,512,-0.05718224123120308,1.1951985359191895,stage1_rows,512,0,0.007138742133975029,0.09461759021505714,-0.002383458413532935,0.35735845416784284,0.20629986800486222,b49d4da5980fd3b7b5e77b2307ae4a38:0:0,83869f8b6f562b05fa45a05a6a86b16b:0:0,87089e859b2fd4a693cb4c9c12f35250:0:0,d9b1d1bef83b747fe2bf72db7f3a25e8:0:982357532,2281ac1d2b151ae7bb05c3edbf92d008:1:4019815535,10,1.0,512,0,0,512,0,0,512,0,0,512,0,0,512,0,0,0,0,0,512,141.5140838623047,135.0583953857422,0,0
1749,B,149,0.02296251803636551,0.841625988483429,0.042179737240076065,1.189925193786621,1024,512,0.042179737240076065,1.189925193786621,stage1_rows,512,0,0.004966182168573141,0.046527705062180756,0.0033082411100622267,0.35412293300032616,0.19713595800567418,cf572c96bcf86748c228d0e7e6cd4238:0:0,ea0dd16d3ad2103ea0e3d98854feffc1:0:0,3604aece6e980ff150b5f744e8790a19:0:0,6a3aade27e8ca0015f8f7685e0268ae8:0:2861218381,4f12afa26abb89b5eab7d63cf6422b48:1:878687412,10,1.0,512,0,0,512,0,0,512,0,0,512,0,0,511,0,0,1,0,0,512,142.5341033935547,134.06336975097656,0,0
1750,B,150,-0.03854591026902199,0.8251957893371582,-0.07948438823223114,1.165562629699707,1024,512,-0.07948438823223114,1.165562629699707,stage1_rows,512,0,0.0041716983541846275,0.07827304529491812,0.0004826268705073744,0.3399961531162262,0.2139605789561756,e1ed05325751330a8783e896f6ec3a38:0:0,1d4937d5977dcd2e14d2de9d98a395af:0:0,627482ad5e3119be07d7b547e761c292:0:0,b62ec46d092201c93d198c1b6e3eefe8:0:1135818983,c3aeec49532704c14cf4d5127f9fe691:0:962276536,10,1.0,512,0,0,512,0,0,512,0,0,512,0,0,511,0,0,1,0,0,512,141.94859313964844,135.05943298339844,0,0
1751,B,151,0.026130875572562218,0.8370869159698486,0.051632076501846313,1.1832669973373413,1024,512,0.051632076501846313,1.1832669973373413,stage1_rows,512,0,0.01061880774796009,0.13059285581111907,-0.0020586608681696815,0.35023543164134024,0.19404226896585897,af5bb2ab843845e0bc4d9a10380b3238:0:0,35ea2906e5fe5f8820eec8d132059e2d:0:0,99cb17066f99aa41fc49f1717c420601:0:0,3e13b3a15dc12ce0e39d55bc798354e8:0:4027693853,2c535580cc49b2c11ce0831bc5f493ec:1:631641722,10,1.0,512,0,0,512,0,0,512,0,0,512,0,0,512,0,0,0,0,0,512,142.68482971191406,134.33702087402344,0,0
1752,B,152,0.016536729410290718,0.8500210642814636,0.03673572838306427,1.201768159866333,1024,512,0.03673572838306427,1.201768159866333,stage1_rows,512,0,0.012297081761062145,0.03438851502723992,0.0024962921044789253,0.3612053029239178,0.2015666930237785,fbde6128992e7660fc1ebd33aa2a2a38:0:0,d3867ca3b6ceed539040da9502cbcd50:0:0,42790532d64392af334caf0abcd467b4:0:0,c509549ec6a1070e8859604951f3b9e8:0:443272105,aa805b961531a45d20c083ff76662d80:1:442029538,10,1.0,512,0,0,512,0,0,512,0,0,512,0,0,512,0,0,0,0,0,512,141.51502990722656,135.5645294189453,0,0
1753,B,153,-0.027188528329133987,0.8215371370315552,-0.054294802248477936,1.1611922979354858,1024,512,-0.054294802248477936,1.1611922979354858,stage1_rows,512,0,0.0005316856550052762,0.11158588248072192,-0.002092070277831226,0.3374186970293522,0.19705026398878545,e894b4eb97c435a247d429e14d492238:0:0,3531fe9e2bcf984b4aed31a41bf0d884:0:0,e3ee5bf9348f579709aedfb80ce752b0:0:0,f41afeaacb77acc15930236247901ee8:0:1767304772,a9252fead04eb0e4a0d1703801a785c1:1:4105468493,10,1.0,512,0,0,512,0,0,512,0,0,512,0,0,511,0,0,1,0,0,512,140.45404052734375,137.1090087890625,0,0
1754,B,154,-0.02047397568821907,0.7996902465820312,-0.029347792267799377,1.1308577060699463,1024,512,-0.029347792267799377,1.1308577060699463,stage1_rows,512,0,0.0065973070450127125,0.11345192859880626,-0.010090472118463367,0.3198300775140524,0.19414612604305148,d9cfc3b5d20d720c858eb7f921681a38:0:0,972fc901bb2c955f9a04afae432050f8:0:0,fbc39cf9d713cf70b2a1a5b188cae4b2:0:0,78fff9e87dd6515dd44d0167aa5883e8:0:1580944086,8bfca87c65437a13f2fdd21be45ef3e6:1:3762774653,10,1.0,512,0,0,512,0,0,512,0,0,512,0,0,512,0,0,0,0,0,512,140.39163208007812,137.56216430664062,0,0
1755,B,155,0.030263913795351982,0.8224584460258484,0.0580902174115181,1.1624627113342285,1024,512,0.0580902174115181,1.1624627113342285,stage1_rows,512,0,8.432543836534023e-06,0.06838555183494463,0.00353261635027593,0.3380785070359707,0.19322653801646084,5a0cc927bddc8a2800b33f5b26871238:0:0,1507e7f36d1822d973a9785ee5241edd:0:0,6c996879e467167bfca8c36729e52ae8:0:0,c92acac29c2bb03a4bc94779ca4ce8e8:0:3815691673,ac25e7e2ac82621b41120c6a8b7e72af:1:1896152962,10,1.0,512,0,0,512,0,0,512,0,0,512,0,0,512,0,0,0,0,0,512,139.59274291992188,138.70590209960938,0,0
1756,B,156,-0.027364281937479973,0.8416231274604797,-0.05765535682439804,1.1894587278366089,1024,512,-0.05765535682439804,1.1894587278366089,stage1_rows,512,0,0.008341112174093723,0.0489780543372035,-0.0012681918742600828,0.3540093541145325,0.19821135402889922,aa2d631df4c44f6ce9ea97e75ca60a38:0:0,014c48f9dd2a5c77402900e0cbe905a9:0:0,2eb60dafc78c0adb34490ebd0498973d:0:0,565b1feb36e0629b95512d78f76d4de8:0:1769709080,3c63672da4f865c39b976259408cbd2d:0:2984071144,10,1.0,512,0,0,512,0,0,512,0,0,512,0,0,511,0,0,1,0,0,512,139.62890625,138.6749267578125,0,0
1757,B,157,0.008098864927887917,0.8220179677009583,0.03236562758684158,1.1619927883148193,1024,512,0.03236562758684158,1.1619927883148193,stage1_rows,512,0,0.00276209507137537,0.10137779843062163,0.004423763975501061,0.33768385499715803,0.2110289930133149,a8fe074c5ee11912d721997dc3c50238:0:0,bca9ed8069c23e851a783ad87d0300b5:0:0,054fce3c1957af123299b35e53f29eee:0:0,1fe9722bd01b2f01e5c8d60581b9b2e8:0:3556000584,e35d925ce9fcfd94fdfc313da0ab8ffe:1:2711839049,10,1.0,512,0,0,512,0,0,512,0,0,512,0,0,512,0,0,0,0,0,512,138.6031494140625,139.8363800048828,0,0
1758,B,158,0.03475288674235344,0.8389713168144226,0.06841681897640228,1.1855233907699585,1024,512,0.06841681897640228,1.1855233907699585,stage1_rows,512,0,0.016818363219499588,0.05569216260919348,-4.651664930861443e-05,0.35170495212078096,0.19704417401226237,709447988668e6e043891bfe5be3fa38:0:0,8a9ba9a0c82bbf9a4a42f21ac883fb03:0:0,88afbb7975b6d727880c854b5caae046:0:0,c33a228020d62615d8f14e7fb93217e8:0:1828690404,dd10246d737720fe576b97f1480282dc:0:4150737014,10,1.0,512,0,0,512,0,0,512,0,0,512,0,0,512,0,0,0,0,0,512,139.1916046142578,139.25201416015625,0,0
1759,B,159,-0.03301975876092911,0.8314775824546814,-0.06509885936975479,1.1750049591064453,1024,512,-0.06509885936975479,1.1750049591064453,stage1_rows,512,0,0.0064015774987638,0.043898829235695304,0.00024044441524893046,0.3454185456037521,0.211952863028273,777f5ef4120293fa0f95f7492502f238:0:0,ca13bdf681d7fc55242a4edd911a1eec:0:0,08b76b46e252d1d814f9f4344280ffbd:0:0,a1bcbb47c5082185a50d8f07edd67ce8:0:1076420189,20585611c5ed55172fda3fc9deea4fbe:0:2836365929,10,1.0,512,0,0,512,0,0,512,0,0,512,0,0,512,0,0,0,0,0,512,137.66851806640625,140.77627563476562,0,0
1760,B,160,0.013241292908787727,0.8471324443817139,0.039472565054893494,1.1974457502365112,1024,512,0.039472565054893494,1.1974457502365112,stage1_rows,512,0,0.0002853190526366234,0.02232428388670087,0.000554272421868518,0.3585765972733498,0.19983265700284392,2e2e64b863e419b30101033e1f21ea38:0:0,896725a14d51d28fb6efd8cf28d4b12e:0:0,f8fd4409a8a0d4ff2b56c990eaf84a09:0:0,55e7dfec0cc0f9227a877a7e6fa6e1e8:0:818303355,ed01de81c80fcee79f7d9045d15ad262:0:1334433923,10,1.0,512,0,0,512,0,0,512,0,0,512,0,0,512,0,0,0,0,0,512,138.69766235351562,140.01918029785156,0,0
1761,B,161,-0.01335868053138256,0.8350822329521179,-0.032807208597660065,1.1806613206863403,1024,512,-0.032807208597660065,1.1806613206863403,stage1_rows,512,0,0.00701229739934206,0.04965342844370753,-0.001255659747403115,0.34862244203686715,0.19263108499580994,f65068c45bb7e25b42c717bd4a40e238:0:0,0d436a90ba80266979445e9ab2d8f58f:0:0,b4f00e728cd7cf8bd56a58ba72148a49:0:0,8ea0ae531131828e0f94de838ea346e8:0:334649484,e63a51c91500942e02930821cf4c5a92:1:1420620909,10,1.0,512,0,0,512,0,0,512,0,0,512,0,0,512,0,0,0,0,0,512,138.85943603515625,139.76800537109375,0,0
1762,B,162,-0.024913456290960312,0.8315688371658325,-0.05164702981710434,1.175404667854309,1024,512,-0.05164702981710434,1.175404667854309,stage1_rows,512,0,0.01016630046069622,0.04123939207056537,0.00033934414968825875,0.3456053018569946,0.19194847001926973,f24b9edd39492c0fe5290ca6a65fda38:0:0,12a64f106edace6375758de4dbdf381c:0:0,75f2708685c90aff2f65426387e71bee:0:0,f192720bf2b32fc857dc73779acbabe8:0:1692407750,fd1453a98622016a1b63116e32d1c49e:0:3438183823,10,1.0,512,0,0,512,0,0,512,0,0,512,0,0,512,0,0,0,0,0,512,138.00997924804688,140.8865203857422,0,0
1763,B,163,-0.00710698589682579,0.8168187141418457,-0.01677246019244194,1.155071496963501,1024,512,-0.01677246019244194,1.155071496963501,stage1_rows,512,0,0.002658718265593052,0.08885752948699518,0.0016319563714205288,0.33363538458943365,0.19331652100663632,8639a4139df77b8a5dabb9da337ed238:0:0,782cf91a94947b2897de1414e0c32e84:0:0,fce98c224c4818f38f25242b6c3e81b4:0:0,f8576d75cffde0ed681adc7ae42010e8:0:1094108220,cafe62a6c42261e5267febb407c709be:1:1648668921,10,1.0,512,0,0,512,0,0,512,0,0,512,0,0,512,0,0,0,0,0,512,136.9549560546875,142.2196807861328,0,0
1764,B,164,0.07734335213899612,0.8853958249092102,0.1604427993297577,1.2466076612472534,1024,512,0.1604427993297577,1.2466076612472534,stage1_rows,512,0,0.00018148019444197416,0.03249871860025451,0.0020359005167847498,0.3898686908185482,0.19290715601528063,7a1fcd2daaf11ef00717f737f19dca38:0:0,6ea2e81fbf20b0a8414d1661f80d829e:0:0,d9feea3d448ae20a101e017ab75e49a5:0:0,f2eb5c6796d53d7385c7a76dbaa075e8:0:1926213794,e8d212d6b5065d70cee852e852bcc1dc:0:2391805881,10,1.0,512,0,0,512,0,0,512,0,0,512,0,0,511,0,0,1,0,0,512,137.46258544921875,141.4444580078125,0,0
1765,B,165,-0.038119614124298096,0.8487615585327148,-0.0708092674612999,1.1994363069534302,1024,512,-0.0708092674612999,1.1994363069534302,stage1_rows,512,0,0.005845985375344753,0.031799965782556686,0.0005597489740466699,0.35999893620610235,0.19165661401348189,7e5b51573a34c0a1a17a9c9fe0bcc238:0:0,e534e8846152eae44fd42a6d108d5c58:0:0,cf006f08110fab94a704be3a54c7cb1a:0:0,d132b13e4391a93962ba4cf06e4cdae8:0:2413617885,aaabe896360fb505155e394cf96a29c9:1:1991498087,10,1.0,512,0,0,512,0,0,512,0,0,512,0,0,512,0,0,0,0,0,512,137.72398376464844,141.3960723876953,0,0
1766,B,166,0.009470159187912941,0.8460711240768433,0.01908566802740097,1.1964426040649414,1024,512,0.01908566802740097,1.1964426040649414,stage1_rows,512,0,0.012064463458955288,0.08513680362375453,-0.004375992921268335,0.3579955853521824,0.192911866994109,5f720899305a0a0ad22481f200dbba38:0:0,cc4d2241758b5b9028b9845d0ee0f07a:0:0,56547d29fab83b3645790a23d8dca4e8:0:0,fa353bdd7f03a9b484cf30634f253fe8:0:4226297592,2bc3830a811fc450bb0d3c91e4bc88c5:1:627323823,10,1.0,512,0,0,512,0,0,512,0,0,512,0,0,511,0,0,1,0,0,512,138.86875915527344,140.73219299316406,0,0
1767,B,167,-0.04192641004920006,0.838045597076416,-0.08070170879364014,1.1839017868041992,1024,512,-0.08070170879364014,1.1839017868041992,stage1_rows,512,0,0.0076760826632380486,0.16179763193940744,-0.005972377822035924,0.35085208639502524,0.19215494603849947,7da959d8e5215671a3aa7f0e51fab238:0:0,75ed1766d671386fff47a9ba15597e65:0:0,c268e0dfd1ae4fd0b74e5f7e16dd54cb:0:0,10cf0d47c94b4f8fd98c9fe6ad29a4e8:0:2090088746,59dfcc9c17f6b6f7667cbbec3732667e:1:323101950,10,1.0,512,0,0,512,0,0,512,0,0,512,0,0,512,0,0,0,0,0,512,137.79551696777344,142.15602111816406,0,0
1768,B,168,0.05129963904619217,0.8260327577590942,0.10522502660751343,1.1656917333602905,1024,512,0.10522502660751343,1.1656917333602905,stage1_rows,512,0,0.00037489947862923145,0.06504606178496034,2.7430581394582986e-05,0.3403221420943737,0.19274916901485994,1eedd860a0ca75c605e56bd4d419aa38:0:0,55a976ce18c158c8a48b7924a9071074:0:0,b404cfc093e3918c4584529c071573d0:0:0,fea6752b8457f90a75c7d45ad85a09e8:0:381895394,8250d146e81f70579c55b6c02b819ae9:1:3281971902,10,1.0,512,0,0,512,0,0,512,0,0,512,0,0,511,0,0,1,0,0,512,136.80690002441406,143.22239685058594,0,0
1769,B,169,-0.025520671159029007,0.859577476978302,-0.05517350137233734,1.2148925065994263,1024,512,-0.05517350137233734,1.2148925065994263,stage1_rows,512,0,6.495777051895857e-05,0.025242721778340638,6.37552613625303e-05,0.36918037086725236,0.1927971530240029,eeb6f5322c327f714df220258738a238:0:0,9c847410b72a550660e104aeb6c9e249:0:0,3b90d9e04a206a09e10af6dc96e62870:0:0,5249ac4539df81668149f16020b66ee8:0:2667113776,6defecff3add6f87c09e0aea2f36123f:0:3178215189,10,1.0,512,0,0,512,0,0,512,0,0,512,0,0,511,0,0,1,0,0,512,136.4967498779297,143.35475158691406,0,0
1770,B,170,-0.07435689121484756,0.8367181420326233,-0.15096178650856018,1.1783252954483032,1024,512,-0.15096178650856018,1.1783252954483032,stage1_rows,512,0,0.010464580729603767,0.029638779466040432,0.002819593349704519,0.34855328127741814,0.19207541103241965,77ab0ca471b8b525b63173e06b579a38:0:0,c13320bd2dba30436494f7817dda93d0:0:0,68329e75d4564d714b5cb2c4da36c17c:0:0,01da31f166b6b1b84e750556d63ed3e8:0:1336882343,8c7573781dde510de0098db896924cfb:0:292127678,10,1.0,512,0,0,512,0,0,512,0,0,512,0,0,511,0,0,1,0,0,512,136.47042846679688,143.5313720703125,0,0
1771,B,171,0.12945003807544708,0.9037512540817261,0.26313289999961853,1.264021635055542,1024,512,0.26313289999961853,1.264021635055542,stage1_rows,512,0,0.004111618734896183,0.04210777094122022,-0.0004893919336609543,0.4032225631177425,0.19312805897789076,95d8fd0d2cea75adde483ee580769238:0:0,45ededa35c3ba8b8db52d96f078e63dd:0:0,f8b73074362806fde2b1fccb5410722f:0:0,130f77e4e88f87659de9095f48f338e8:0:3639502827,712d147bfbf13d4f5ff14eae3e3a2029:1:1555158626,10,1.0,512,0,0,512,0,0,512,0,0,512,0,0,512,0,0,0,0,0,512,138.05894470214844,142.69552612304688,0,0
1772,B,172,-0.06909315288066864,0.8403393626213074,-0.14483627676963806,1.1835297346115112,1024,512,-0.14483627676963806,1.1835297346115112,stage1_rows,512,0,0.005214914679527283,0.022332657349761576,-6.217872723937034e-05,0.3512612894177437,0.19492218899540603,ce655777a6f63fbc4b1f5914c6958a38:0:0,ea274c57d6da0ea008c77582190615d6:0:0,a7d003283069c7be09b0992c974d6ea7:0:0,edd6dfeee33ca4a50e28e159c8d39de8:0:2143803109,89fd20df190355070b667bd45b3e7925:1:3499051784,10,1.0,512,0,0,512,0,0,512,0,0,512,0,0,512,0,0,0,0,0,512,137.5372772216797,143.65164184570312,0,0
1773,B,173,0.018194980919361115,0.8602355122566223,0.044646430760622025,1.2159641981124878,1024,512,0.044646430760622025,1.2159641981124878,stage1_rows,512,0,0.00014839088544249535,0.024956716247834264,-1.2158433673903345e-05,0.3698067143559456,0.19274801498977467,228a1fa97de5c4bae6e39a4e3db48238:0:0,95b7e32e90af18c6af93ebae2c3f5f41:0:0,f444d240ab280c56a9702d72dfbd5a62:0:0,3d2d500d8fb3ff4db73f5be6a5e002e8:0:4216001572,27d805989daeb01a79c98944d303ea77:1:917440710,10,1.0,512,0,0,512,0,0,512,0,0,512,0,0,512,0,0,0,0,0,512,136.56930541992188,144.41697692871094,0,0
1774,B,174,-0.008836401626467705,0.8310097455978394,-0.0227879099547863,1.1750543117523193,1024,512,-0.0227879099547863,1.1750543117523193,stage1_rows,512,0,0.003346063429489732,0.08375504147261381,-0.0067187578708399085,0.34529713094234465,0.19516436901176348,57c0f4f6749f0b9a8105da71e5d37a38:0:0,56cc26817ab86466cb38ec1f76054d60:0:0,e718938047632ed2260af06ff0c5dd53:0:0,24080c2ce925a246f2643266301867e8:0:3614127647,5bd03d09ee8ba114f4333ef91cd1f35d:0:1766401727,10,1.0,512,0,0,512,0,0,512,0,0,512,0,0,512,0,0,0,0,0,512,136.74452209472656,144.28976440429688,0,0
1775,B,175,-0.06216587871313095,0.806850016117096,-0.1259446144104004,1.1374818086624146,1024,512,-0.1259446144104004,1.1374818086624146,stage1_rows,512,0,0.0005523331928998232,0.11562536533456295,-0.0001599080947926268,0.3244510665535927,0.19466168503277004,cde061a449aca3a24e3af15fbef27238:0:0,89fa40c4c938e9eff3f25f18178c2ec0:0:0,69abcfbc3588c2a4e7c9ab6103ab5873:0:0,4c50bdc6939615e84da108f8b77ccce8:0:1528823870,1b53d65248d68da9d10378de75d4330a:0:2401845946,10,1.0,512,0,0,512,0,0,512,0,0,512,0,0,512,0,0,0,0,0,512,136.15576171875,145.1479034423828,0,0
1776,B,176,0.07936148345470428,0.8316556811332703,0.15618911385536194,1.171094536781311,1024,512,0.15618911385536194,1.171094536781311,stage1_rows,512,0,0.0005231302930042148,0.04100616284413263,0.0010703108680900186,0.34410788044333457,0.19442668196279556,d5ddf2df92cce73f687bb6f7c9116a38:0:0,276147aa2bbd0ed6226017924bcaefe7:0:0,2ed184af9bd35351e5843d0ddcf8851c:0:0,88f58b79a386c399ab766e7e8c0d31e8:0:3420650652,6c8ec3e210f9e4c60af5317bd7a3b9a7:0:3947605036,10,1.0,512,0,0,512,0,0,512,0,0,512,0,0,512,0,0,0,0,0,512,136.06240844726562,145.61317443847656,0,0
1777,B,177,-0.01727919466793537,0.8196789026260376,-0.04207049310207367,1.1586377620697021,1024,512,-0.04207049310207367,1.1586377620697021,stage1_rows,512,0,4.01628203690052e-05,0.07657044302904978,0.0013063754478935153,0.33573986738920214,0.1940127050038427,10c79f829b484ed44f05031a04306238:0:0,da2042fd84ed51d32fbab99b61f686b7:0:0,acd154ef40aca7249728055e66b78e43:0:0,c43c20bb1f5169038e80dc97fdc996e8:0:2115400012,36335ab083650795cdd08e7fcf0be932:1:1967120158,10,1.0,512,0,0,512,0,0,512,0,0,512,0,0,512,0,0,0,0,0,512,136.54164123535156,145.5672149658203,0,0
1778,B,178,0.0007252916693687439,0.8667653799057007,0.009183676913380623,1.2257275581359863,1024,512,0.009183676913380623,1.2257275581359863,stage1_rows,512,0,0.0061851972714066505,0.12738049845211208,-0.0007859805569751188,0.3756606288254261,0.1903467730153352,ae5fe82f430ed3886657ada6704f5a38:0:0,1930063fb75d1dc22e6d3fbe6ffb517f:0:0,f7325e83aac309c074996e3565dca7ae:0:0,2b901b2128f66f1f911db7a55cb1fbe8:0:1039049579,e8bc9a7c6de800a40c031d9dea9ac639:0:803338337,10,1.0,512,0,0,512,0,0,512,0,0,512,0,0,512,0,0,0,0,0,512,136.59564208984375,145.4676513671875,0,0
1779,B,179,-0.024699866771697998,0.786799967288971,-0.045319490134716034,1.1123173236846924,1024,512,-0.045319490134716034,1.1123173236846924,stage1_rows,512,0,0.024494465440511703,0.08153533394215629,0.004790604207664728,0.30948739387094976,0.19109255296643823,6d98ff7cdc9c621778388e7d0d6e5238:0:0,50621671ded2fe8e0a47e66fcdd94b5f:0:0,57df73dcd5d35d1ad4d1c2d8eda40f9c:0:0,bf9d62aeba38b97909104ec6f8c660e8:0:1490060797,8f16fb72be7919dbafee523b6dbef7f6:0:981007813,10,1.0,512,0,0,512,0,0,512,0,0,512,0,0,512,0,0,0,0,0,512,135.82142639160156,146.56129455566406,0,0
1780,B,180,0.09870490431785583,0.8567116260528564,0.1922459602355957,1.204323649406433,1024,512,0.1922459602355957,1.204323649406433,stage1_rows,512,0,0.0005385137628763914,0.10648445058614016,-0.0033472293929662556,0.36471705362200735,0.19344618101604283,06f42d3b07a45da133b07d7ddb8d4a38:0:0,70d4ff3d9ac980f0f63a8f728b69c78b:0:0,bd20c9009e4bfa8284328c8adb114964:0:0,0e28b018bcfc41edd726dbdd2206c5e8:0:3139554680,60550b39c9b2eb865cf85ff9d6f83271:1:1255798588,10,1.0,512,0,0,512,0,0,512,0,0,512,0,0,512,0,0,0,0,0,512,137.72579956054688,144.79190063476562,0,0
1781,B,181,-0.017001813277602196,0.8474226593971252,-0.05294187366962433,1.1973148584365845,1024,512,-0.05294187366962433,1.1973148584365845,stage1_rows,512,0,0.0019329481292515993,0.09114485991885886,-0.000739171210443601,0.3586096428334713,0.19608563900692388,298b840a86843278ad0c5288daac4238:0:0,21910c0e27505a5d14e3e2695521a0e1:0:0,b89191c0ac9ce1bfc36d4e4c594c4aad:0:0,3ec7726b0ef7953f62df838828732ae8:0:2142156849,3aaa4376905a90986d2d1cc3c13d18d5:1:557145629,10,1.0,512,0,0,512,0,0,512,0,0,512,0,0,510,0,0,2,0,0,512,137.70602416992188,145.35452270507812,0,0
1782,B,182,0.004800016991794109,0.8509448170661926,0.008410093374550343,1.2034026384353638,1024,512,0.008410093374550343,1.2034026384353638,stage1_rows,512,0,0.0021547391079366207,0.06113377909641713,0.001988844366860576,0.3621219336986542,0.19963367097079754,6f44e4cd0c7cf8f3dddce57e0acb3a38:0:0,8cb644eb86eb61f80cd29fbe719f80ea:0:0,8fd8c0471c2bbbd77ae69698f72e596e:0:0,5ba037e8a9e304c3c20d55285c0b8fe8:0:2720837222,5a30b00246e6a1a130f4c3f626a50ec3:1:247302571,10,1.0,512,0,0,512,0,0,512,0,0,512,0,0,512,0,0,0,0,0,512,138.17965698242188,144.81527709960938,0,0
1783,B,183,-0.0024954192340373993,0.852976381778717,-0.014558812603354454,1.2061655521392822,1024,512,-0.014558812603354454,1.2061655521392822,stage1_rows,512,0,0.0006868269992992282,0.18170650005340577,-0.0019380433222977445,0.36377045288681986,0.19511299597797915,a35e2fad02b4283b24f70e3d6bea3238:0:0,3d428b3a50ac0d82e2b01fd151a4354d:0:0,377d88687ea46d7b4481ba249aebbff6:0:0,f911d7a9b86b21870c7d4ade0ccff4e8:0:3585242590,1a92d0aa2a4d2dce3e9fc7ae46928776:0:3767546972,10,1.0,512,0,0,512,0,0,512,0,0,512,0,0,512,0,0,0,0,0,512,138.7904510498047,144.40225219726562,0,0
1784,B,184,-0.06619644165039062,0.8433150053024292,-0.13092422485351562,1.1891058683395386,1024,512,-0.13092422485351562,1.1891058683395386,stage1_rows,512,0,0.009305241517722607,0.04958213827339932,-0.0022591265093069523,0.3544662743806839,0.19090884999604896,682b66be41fb5918c673a4a6fe092a38:0:0,220c4b9cc9d3fd8324e4cd1e9c4a279d:0:0,df758cc8cd917873b075b301898c9092:0:0,009e4d80d446d52cdb9b49898ac059e8:0:3674539017,5e425d42ed3cf596598bef854f6ad464:0:2890130447,10,1.0,512,0,0,512,0,0,512,0,0,512,0,0,511,0,0,1,0,0,512,138.49525451660156,144.75315856933594,0,0
1785,B,185,0.05378824472427368,0.8222439289093018,0.11706387251615524,1.1593458652496338,1024,512,0.11706387251615524,1.1593458652496338,stage1_rows,512,0,0.005273898132145405,0.01423614826053381,0.0003363976429682225,0.33680097945034504,0.20409597601974383,b5806a78bf5f18c86baf809ac1282238:0:0,723e23087f95c47062dc448d595b2e23:0:0,6171fa9d2d0e84bddc9fd8e96fa4c433:0:0,76634b4202ec2ce1f61720cb25dcbee8:0:964989004,78a8237ed44f6606d7f23bcc92b985ce:0:467373858,10,1.0,512,0,0,512,0,0,512,0,0,512,0,0,511,0,0,1,0,0,512,137.3756866455078,145.94044494628906,0,0
1786,B,186,-0.020407482981681824,0.8570713996887207,-0.03713597357273102,1.2118412256240845,1024,512,-0.03713597357273102,1.2118412256240845,stage1_rows,512,0,0.013508002273738384,0.03435286210151389,-0.0006917704886291176,0.3673365660011768,0.18983331101480871,d0d8dc8e297ccbc6a34b79f8b5471a38:0:0,bcb9ee58ddabf67ab0047024b7daea84:0:0,28f983205161403537bd098b49118a0a:0:0,04b304ce4479aaae27898b032e2523e8:0:295520230,1e22541013b6647a38e211e561e959fb:1:38633611,10,1.0,512,0,0,512,0,0,512,0,0,512,0,0,512,0,0,0,0,0,512,136.5475616455078,146.95797729492188,0,0
1787,B,187,0.028807900846004486,0.8240867257118225,0.06593509018421173,1.1642369031906128,1024,512,0.06593509018421173,1.1642369031906128,stage1_rows,512,0,0.00031872198451310396,0.07227973350090906,0.0020204640488373114,0.33918143436312675,0.1915080199833028,42e199db749fa0a0612c68a0da661238:0:0,1736100990e401860b555d62314d99e4:0:0,bda9887093fe3d245258d1169a38a593:0:0,0ff91271ab84b17644192d51f39988e8:0:3380348900,b95cf8ea04212ff90a60fbd8e5740088:1:214664532,10,1.0,512,0,0,512,0,0,512,0,0,512,0,0,511,0,0,1,0,0,512,135.4075927734375,148.53765869140625,0,0
1788,B,188,-0.0009910790249705315,0.8384949564933777,-0.001084212213754654,1.1858042478561401,1024,512,-0.001084212213754654,1.1858042478561401,stage1_rows,512,0,9.256182238459587e-07,0.04662307504331693,-0.00023841996953706258,0.3515876457095146,0.19007084099575877,eb90207753a492c27e7b247330850a38:0:0,8f71263ce2fdc5dee9308aa931ba319c:0:0,b7187d0a8cc3e54b1e3fee38c86e7a8b:0:0,2abf225bfc985ffe581f9797c639ede8:0:2241636397,77ecb739a8716ffb4eaf0da3e7159500:1:2066208729,10,1.0,512,0,0,512,0,0,512,0,0,512,0,0,512,0,0,0,0,0,512,135.2411651611328,148.8037567138672,0,0
1789,B,189,-0.005188812967389822,0.8545075058937073,-0.01612016186118126,1.2083534002304077,1024,512,-0.01612016186118126,1.2083534002304077,stage1_rows,512,0,0.0013122051022946835,0.03815373464021832,0.001474466672516428,0.36511546894907954,0.19460052996873856,ae751b1e9ba57d4939a4854fb7a40238:0:0,6a5eeb0efe94c1330c46bc014f186385:0:0,725d291e43e196884cc011cda97576f3:0:0,59a19970c14aef3c03ce4474f60652e8:0:855069033,1b13b79a1ffa4e6feceef3cb15c521d9:0:3688887569,10,1.0,512,0,0,512,0,0,512,0,0,512,0,0,512,0,0,0,0,0,512,135.3774871826172,148.933837890625,0,0
1790,B,190,-0.01613062247633934,0.8257898688316345,-0.03599633648991585,1.1675004959106445,1024,512,-0.03599633648991585,1.1675004959106445,stage1_rows,512,0,0.0015126504004001617,0.07601629198761657,0.0029903086076956244,0.34088747277855874,0.18994761700741947,44702f7f906b3dcfb65963166fc2fa38:0:0,e905276747914ba2e27dd88bd0eb120d:0:0,65f40b6f0af0d632255b5e59afb1c845:0:0,a5e388878cea684902d39949d2feb7e8:0:3878619759,3529ff958f9064806343db5436407bd8:0:4207063889,10,1.0,512,0,0,512,0,0,512,0,0,512,0,0,510,0,0,2,0,0,512,135.8553466796875,148.52947998046875,0,0
1791,B,191,0.015716854482889175,0.8528772592544556,0.038042716681957245,1.2057271003723145,1024,512,0.038042716681957245,1.2057271003723145,stage1_rows,512,0,0.001128287287428975,0.009016135474666953,0.002872461479273625,0.36361392624676225,0.1891524950042367,8e5c112517a6e73f7d8e95a758e1f238:0:0,63b159e39d720d52c34658e78b503902:0:0,b1a528c44df5ebe902f3ca99e1c6d797:0:0,d3aa20a3e7dc4645dfffe636ad231ce8:0:1550406831,a21c27fd3d63a56d8e713d365b031e50:0:3412484283,10,1.0,512,0,0,512,0,0,512,0,0,512,0,0,511,0,0,1,0,0,512,136.27951049804688,148.04469299316406,0,0
1792,B,192,0.007117717992514372,0.8523138761520386,0.020335938781499863,1.205203652381897,1024,512,0.020335938781499863,1.205203652381897,stage1_rows,512,0,0.021318897604942322,0.06795728113502264,-0.0013221118206274696,0.363229101896286,0.19106745399767533,4db2bf02d0f2049ffd7cf4e27300ea38:0:0,e5a2ed2b15e1e2384c14e6f11bb48dfa:0:0,f28aaf666d67cddf61dee7afe64f7951:0:0,a61909d9f2e6587cd4ea661bd47381e8:0:3776137964,3ee4e290f4102176ad6fc1cf52521c87:0:2078484246,10,1.0,512,0,0,512,0,0,512,0,0,512,0,0,512,0,0,0,0,0,512,136.7267303466797,147.7082061767578,0,0
1793,B,193,-0.029686830937862396,0.8417168259620667,-0.0519549697637558,1.1899478435516357,1024,512,-0.0519549697637558,1.1899478435516357,stage1_rows,512,0,1.6749836504459381e-06,0.03066654989961535,0.0015606672241119668,0.3541840113699436,0.19731388502987102,6c8ab5e31095ebe609a158a7be1fe238:0:0,e151b49633725b2be022defa0ab02ce7:0:0,f53df42c10dc89ed80ab95d16860c5fb:0:0,5879f0ad54b1f914d5963e9998efe6e8:0:2021650999,687cf491605c740caabd6b68cbc97180:0:3846267696,10,1.0,512,0,0,512,0,0,512,0,0,512,0,0,512,0,0,0,0,0,512,134.983154296875,149.5469207763672,0,0
1794,B,194,-0.019523322582244873,0.8351105451583862,-0.043870050460100174,1.180518627166748,1024,512,-0.043870050460100174,1.180518627166748,stage1_rows,512,0,0.005053776782006025,0.030745050380937756,0.001555758318863809,0.3486103996634483,0.19316298799822107,fda6c637bb1a20c35abc98d73a3eda38:0:0,e97488c4b8a6288aa8d8e31ec312d06d:0:0,e5954c02f47b05bc0f02e0f0cf1b058a:0:0,fd79d7e769f56ca4c81780104a984be8:0:1792847854,17184669ce91968d4b5105a55050df1d:0:2195868190,10,1.0,512,0,0,512,0,0,512,0,0,512,0,0,512,0,0,0,0,0,512,135.09994506835938,149.7053680419922,0,0
1795,B,195,-0.02389521710574627,0.8057366609573364,-0.03839138522744179,1.139292597770691,1024,512,-0.03839138522744179,1.139292597770691,stage1_rows,512,0,4.957709461450577e-05,0.06940724923042581,0.0024972003709990533,0.32466801777482035,0.1936643640510738,d7a3200eff99c7760ed38d50e75dd238:0:0,4b9975e9de1599a8030c9ceaa2157a85:0:0,7cc10e2374a8f4a159052216e886a830:0:0,788e2453fbc9fef6e83825a0396cb0e8:0:177551482,fad281f9545f18df9627606f1f8caa8d:0:3017246297,10,1.0,512,0,0,512,0,0,512,0,0,512,0,0,512,0,0,0,0,0,512,134.5023956298828,150.79087829589844,0,0
1796,B,196,0.043464601039886475,0.8388034105300903,0.08765767514705658,1.184590220451355,1024,512,0.08765767514705658,1.184590220451355,stage1_rows,512,0,0.02002573572099209,0.1156552386120893,-0.002693526972143445,0.3512576684355736,0.19233574497047812,23930c2ceee02798292f0df4c57cca38:0:0,efeafa5fef728c9e572f071f7d0cab06:0:0,15c54c3a6f8137285638fe9ecc89727b:0:0,3fc21fb4efd0314c571d1529b56d15e8:0:1229509054,f62a1b62e26388fceeb42a91381e92a1:1:3304165278,10,1.0,512,0,0,512,0,0,512,0,0,512,0,0,512,0,0,0,0,0,512,134.5777587890625,151.05274963378906,0,0
1797,B,197,0.03370285406708717,0.8539708852767944,0.05603032559156418,1.2072674036026,1024,512,0.05603032559156418,1.2072674036026,stage1_rows,512,0,0.02681996114552021,0.09794700217898936,-0.0011074934038333595,0.36465905234217644,0.19546017097309232,67a3ad8aed4c3eef125bf2a2d49bc238:0:0,7fb04fd500d2fe0b90b6dfd09f2d5d7e:0:0,d5290463ae6f627846e6bb381e146076:0:0,200c5bb97ade0e70d6eb1f4d0e997ae8:0:2566317892,4125241dffed4cf3f52d13fbc6508d4b:0:3250107400,10,1.0,512,0,0,512,0,0,512,0,0,512,0,0,512,0,0,0,0,0,512,132.87417602539062,152.6185760498047,0,0
1798,B,198,-0.006224576383829117,0.8454406261444092,-0.025519339367747307,1.1953048706054688,1024,512,-0.025519339367747307,1.1953048706054688,stage1_rows,512,0,1.1613592505455017e-06,0.01969023518031463,0.0010319147258996964,0.3573222056031227,0.1910802090424113,81910abdfd7b643b182b133b14baba38:0:0,9fa519dc1531e62d3f0d26edc0d7f095:0:0,3a0c7e1fe2fab5eeea5ce0462305eace:0:0,ddaac008590e78eeb26bff6a94f1dfe8:0:2189346203,bfd65ef85949cff752d3201552f187e0:0:4258928496,10,1.0,512,0,0,512,0,0,512,0,0,512,0,0,511,0,0,1,0,0,512,131.10838317871094,154.74806213378906,0,0
1799,B,199,-0.04568692296743393,0.8411771655082703,-0.0938572958111763,1.187646508216858,1024,512,-0.0938572958111763,1.187646508216858,stage1_rows,512,0,0.008238639682531357,0.10111908549442887,0.004419117292854935,0.35312403440475465,0.1918901419849135,aaeb8304e1bafa06edb1479d85d9b238:0:0,aba3e103514f49335e6b5a9353fd416e:0:0,0b912ef12fad128942b61e64529d9ef5:0:0,f0bd4aa26d2307b2d0b35ba2987644e8:0:14749711,a08e3d99457ef9ad697ac8d9ef1d4766:0:1084908478,10,1.0,512,0,0,512,0,0,512,0,0,512,0,0,512,0,0,0,0,0,512,130.99879455566406,154.64675903320312,0,0
1800,B,200,0.02868354320526123,0.8287102580070496,0.05813018977642059,1.1712236404418945,1024,512,0.05813018977642059,1.1712236404418945,stage1_rows,512,0,0.0010632423218339682,0.07529482868267223,-0.0021664375031832605,0.34329511076211927,0.19522253004834056,0254b6ff124131772b4767aa27f8aa38:0:0,678048c7c3f3c9837b327427a72935b3:0:0,fce958b853a88da6c73a614547481938:0:0,7d0c1337ed44c570f4c3c4d56926a9e8:0:147118385,c541f3aa960e361855ca6a9fb1bd2cdf:1:3432682457,10,1.0,512,0,0,512,0,0,512,0,0,512,0,0,510,0,0,2,0,0,512,130.00392150878906,155.87158203125,0,0
1801,B,201,0.04979308694601059,0.8318136930465698,0.09759676456451416,1.1743911504745483,1024,512,0.09759676456451416,1.1743911504745483,stage1_rows,512,0,0.031276412308216095,0.053888353216461835,0.0037323118769563733,0.3453724876046181,0.19717983598820865,30fbd14d862cdd19ce8a4b40fb17a238:0:0,76de41d349fff964dd760edd0c76dd90:0:0,f1706b5ad52d55a7fdfc1ddd23ce8757:0:0,72bebba9ec4ae7182933b6a357030ee8:0:3030294277,15725ef97433ea8a4bce1857d7d91515:0:4210418229,10,1.0,512,0,0,512,0,0,512,0,0,512,0,0,511,0,0,1,0,0,512,129.8502960205078,156.5248260498047,0,0
1802,B,202,-0.01246882788836956,0.8449638485908508,-0.0314357727766037,1.1946370601654053,1024,512,-0.0314357727766037,1.1946370601654053,stage1_rows,512,0,2.2050575353205204e-05,0.08273111494490877,0.0058856724703218784,0.35694137737154963,0.1932493270142004,9ab9ff9e4d4c53b5ba5aca41ff369a38:0:0,72751dd39609e1e2bdd7856818c11050:0:0,d60683abea73bc20ff770d80a0d0e214:0:0,0f3c35089cc94da757d2976cb20b73e8:0:3944600652,0347d8c60222323b6a7e2cc62e441903:0:1765405696,10,1.0,512,0,0,512,0,0,512,0,0,512,0,0,512,0,0,0,0,0,512,131.9900665283203,154.5010528564453,0,0
1803,B,203,0.012110373936593533,0.844793438911438,0.025134045630693436,1.1945737600326538,1024,512,0.025134045630693436,1.1945737600326538,stage1_rows,512,0,0.002496172208338976,0.09029270748142153,0.00446255513234064,0.35689692571759224,0.19144499400863424,1940d0e3f8ab631a36ddbc8d34559238:0:0,65f4272a565ca7c0883dbd7364d18f62:0:0,543139b914e7f2d1c92d2130393e9573:0:0,a0ec04181e4367b20d4db851ca3fd8e8:0:1238662335,68f757ee2cc10ff048267157c483eef3:0:280510664,10,1.0,512,0,0,512,0,0,512,0,0,512,0,0,512,0,0,0,0,0,512,132.01190185546875,154.3974609375,0,0
1804,B,204,-0.01520625501871109,0.8231751322746277,-0.0239702295511961,1.1640722751617432,1024,512,-0.0239702295511961,1.1640722751617432,stage1_rows,512,0,0.0041320412419736385,0.0349413612857461,0.0007839040015824139,0.33882044181227683,0.19349896896164864,8fd511b9cfe852ee717bfa029a748a38:0:0,cbbb2f87cc9a63e0cb0b838d83aa97ef:0:0,dee397aec0524567c0cd976ee5b161e9:0:0,0d68adedfcfac6e568d55532efa03de8:0:2897723163,38f8606abb94a4049b23b9580d969533:0:3302920047,10,1.0,512,0,0,512,0,0,512,0,0,512,0,0,512,0,0,0,0,0,512,131.4604949951172,155.05613708496094,0,0
1805,B,205,0.030301813036203384,0.8548882603645325,0.060710519552230835,1.2082263231277466,1024,512,0.060710519552230835,1.2082263231277466,stage1_rows,512,0,0.0022183340042829514,0.010908842377830297,0.0009593356269760988,0.36518252044916155,0.19588618603302166,ad11a435d14ff780fce25a8231938238:0:0,71d081dd3df4eb991c8cf4c32d34b1b7:0:0,83c1c26fea2e7129899ea33657910f48:0:0,a9a8afbcc9eb7ddd37c194b0722ca2e8:0:3274633719,ee0c2a4a6e74779b20e1c0b2f3fbb5bd:0:3720175379,10,1.0,512,0,0,512,0,0,512,0,0,512,0,0,512,0,0,0,0,0,512,132.10060119628906,154.19859313964844,0,0
1806,B,206,-0.04875919967889786,0.8092396259307861,-0.09021849930286407,1.1429318189620972,1024,512,-0.09021849930286407,1.1429318189620972,stage1_rows,512,0,7.308204658329487e-05,0.0382384889642708,2.5065732188522816e-05,0.32706296145915986,0.19705845095450059,f326b4a97ac0d4975101b5ebf9b27a38:0:0,4ddfbeb81f484f09253139c8edeb5b40:0:0,d0a4154f62465abe404490b150edbc39:0:0,35cbaf8d52a31a993d37882aa1e507e8:0:3951577057,af9a4c5e8a67510a5d5b9d08d7fa8d13:1:717992891,10,1.0,512,0,0,512,0,0,512,0,0,512,0,0,512,0,0,0,0,0,512,132.68434143066406,153.71092224121094,0,0
1807,B,207,-0.01922444812953472,0.8341704607009888,-0.037490520626306534,1.1794042587280273,1024,512,-0.037490520626306534,1.1794042587280273,stage1_rows,512,0,0.01649491675198078,0.07596022586803883,0.0014454919466516003,0.34795566722750665,0.19297810696298257,9cfa91125955503d4b0ee41ff2d17238:0:0,6c612ea10d2f71591b7c925a8e67584e:0:0,7c9b811bd0543ecc783f5222c49b86e7:0:0,89b011a207b9d1e2a5ce2bc1cec96ce8:0:4066127682,f81464e4bcbbc588e350b232a47cee2a:0:1829985112,10,1.0,512,0,0,512,0,0,512,0,0,512,0,0,512,0,0,0,0,0,512,132.66505432128906,153.91111755371094,0,0
1808,B,208,0.010300032794475555,0.8478173613548279,0.02107151970267296,1.1988855600357056,1024,512,0.02107151970267296,1.1988855600357056,stage1_rows,512,0,0.0003565328661352396,0.08603927615331486,-0.010591002483852207,0.35943337753415106,0.19281881698407233,2f7a4d3b5dd4f594ad82bcfe1cf06a38:0:0,52c48c37ef2d44df272089747d12369b:0:0,d1fc51e38fbf8b2677195d82ab1c6ba6:0:0,ce1dc2bd0cd02ff1a733665648d9d1e8:0:3567085697,a8b3fafa791f30146b98d2791bae453f:0:551070813,10,1.0,512,0,0,512,0,0,512,0,0,512,0,0,512,0,0,0,0,0,512,134.1486358642578,152.39268493652344,0,0
1809,B,209,0.03473220020532608,0.8552668690681458,0.06330998241901398,1.2088512182235718,1024,512,0.06330998241901398,1.2088512182235718,stage1_rows,512,0,0.015402371063828468,0.052232949156314136,0.0007256526063429191,0.36563730686903,0.1951120959711261,7a4941cff3ecc7a4a01a1866780f6238:0:0,0fe0173d3059bb0470d4cd2ee8363571:0:0,58ee5844867a80b4a817f606b601d77f:0:0,379a15a83e0e62a34bd10988601636e8:0:2723930712,88af8fdfa11f22cd380241a9397e0e96:0:2786609942,10,1.0,512,0,0,512,0,0,512,0,0,512,0,0,511,0,0,1,0,0,512,133.94024658203125,152.62899780273438,0,0
1810,B,210,0.03250792995095253,0.8416390419006348,0.062261756509542465,1.1895054578781128,1024,512,0.062261756509542465,1.1895054578781128,stage1_rows,512,0,0.015492958016693592,0.11075993818230927,-0.008493120176717639,0.35401973873376846,0.19722978497156873,79d758e1da2ea4292fd5ce39042e5a38:0:0,d0a64c1325a2a44c7537000e0519f2d7:0:0,2b74e1f81f7513b9ceda8785f2b29f6b:0:0,bb929d5c2d3cf18f6a71d1b8647e9be8:0:865150217,bec55eb6b3f962f3cc45ab41ff617fb4:0:3958282544,10,1.0,512,0,0,512,0,0,512,0,0,512,0,0,512,0,0,0,0,0,512,132.45323181152344,154.24916076660156,0,0
1811,B,211,-0.06842699646949768,0.8645382523536682,-0.12686583399772644,1.2198418378829956,1024,512,-0.12686583399772644,1.2198418378829956,stage1_rows,512,0,0.007460297085344791,0.04745020742993802,0.0005380035727284849,0.372938422113657,0.1931274149683304,f6b6fea2b8d7b662cefab655c14d5238:0:0,05167b1dfa4be5c4792becc366d5e404:0:0,06bb757c9b83372ea1eeb4e02bd126df:0:0,7936d823b3a9784ec9e66606a61300e8:0:1458168474,714b5214e03049827f2785c787541e57:0:1984265552,10,1.0,512,0,0,512,0,0,512,0,0,512,0,0,511,0,0,1,0,0,512,133.95323181152344,152.922607421875,0,0
1812,B,212,-0.00876087136566639,0.8563101887702942,-0.005868659354746342,1.210979700088501,1024,512,-0.005868659354746342,1.210979700088501,stage1_rows,512,0,0.0008634340483695269,0.023199650703463703,0.0016164579254109412,0.36669543832540513,0.1906932580168359,e2d47152755df9e5d511a89caf6c4a38:0:0,b57e7924e5b9810ca0883460d120c136:0:0,8ef2bc1be3547189e90d6261e6862559:0:0,dd977e493624b74170aa585374d365e8:0:2051814533,742034115314d7abe9e182ed1db5c044:1:1963507580,10,1.0,512,0,0,512,0,0,512,0,0,512,0,0,512,0,0,0,0,0,512,135.13302612304688,152.06362915039062,0,0
1813,B,213,0.01284703053534031,0.8686888813972473,0.026319293305277824,1.2283543348312378,1024,512,0.026319293305277824,1.2283543348312378,stage1_rows,512,0,0.00041154888458549976,0.061410694592632355,-0.001799538820341695,0.3773204043507576,0.19252250104909763,54f10fa340c4cd69fee77cedce8b4238:0:0,81d2643ce3c99573e365d1196304859a:0:0,2947dd41384bcbafa357d67a65eac820:0:0,7f83db651d820f252089253f20bfcae8:0:2054917018,d1dafd054e2c3b02b99d52d4087d532e:0:2063406181,10,1.0,512,0,0,512,0,0,512,0,0,512,0,0,512,0,0,0,0,0,512,135.42459106445312,151.6514892578125,0,0
1814,B,214,0.04108573496341705,0.8604407906532288,0.08532625436782837,1.215232491493225,1024,512,0.08532625436782837,1.215232491493225,stage1_rows,512,0,0.014567479491233826,0.070888918323908,0.00021507992059923708,0.36971125975251196,0.19568224000977352,9d7e29145eb89599ee8d0b291eaa3a38:0:0,e368b342a98191a26e6d7dc0bb1985c2:0:0,d31d3f12bf250ae41ad2422538cdd68e:0:0,77779776501b3bcbfe433429f9d82fe8:0:1310236956,86817a4606bbce4c49adf19b8910e133:0:3352663999,10,1.0,512,0,0,512,0,0,512,0,0,512,0,0,512,0,0,0,0,0,512,135.20681762695312,151.95396423339844,0,0
1815,B,215,-0.04706025496125221,0.8456249833106995,-0.09489808976650238,1.193960428237915,1024,512,-0.09489808976650238,1.193960428237915,stage1_rows,512,0,0.002209774684160948,0.046072487684432416,0.0020462244283407927,0.3568668462336063,0.19400344899622723,45a3b804a3716fe2ab572b2e9fc93238:0:0,32955f14b831d9dc5d70d1a6c64140fd:0:0,f4a82416f5915885023fa94e46219154:0:0,9d1bdfb1a7f5e2436532d734501c94e8:0:200266477,d02a00ab92d67e779c4efc4e8b073927:1:1338921373,10,1.0,512,0,0,512,0,0,512,0,0,512,0,0,512,0,0,0,0,0,512,133.95291137695312,153.54531860351562,0,0
1816,B,216,0.01987970992922783,0.8455280661582947,0.04145408794283867,1.195356011390686,1024,512,0.04145408794283867,1.195356011390686,stage1_rows,512,0,0.00969545729458332,0.10721803470514715,-0.002430293505312875,0.35742597877979276,0.195420749951154,d9e8517da65cf54321deb4de51e82a38:0:0,13f246629b502fd67b316db21bcdce90:0:0,d7d63795a053a060b542d4d456167181:0:0,c98c6998754346bae6f14b3e738cf9e8:0:1219068339,90e979c57006c5a6362804ced2e755dc:1:3123583239,10,1.0,512,0,0,512,0,0,512,0,0,512,0,0,512,0,0,0,0,0,512,134.38125610351562,152.85946655273438,0,0
1817,B,217,-0.03248399496078491,0.8516233563423157,-0.06432128697633743,1.2035216093063354,1024,512,-0.06432128697633743,1.2035216093063354,stage1_rows,512,0,0.011758479289710522,0.09047969449311495,0.00031258688832167534,0.3623716406524181,0.19676571595482528,2d907af8a78f0d1ba400801835072238:0:0,946796458ee6dcbac4e0042b1d7ebb77:0:0,50b0a4abcd7644eb6e64da97ef37811b:0:0,aa6a1894160d3e7b76fbb7e8b4295ee8:0:3743975704,5b9fad60179fe283711c87d11f09ad96:1:1497126058,10,1.0,512,0,0,512,0,0,512,0,0,512,0,0,511,0,0,1,0,0,512,133.28627014160156,154.1088104248047,0,0
1818,B,218,0.02851955220103264,0.8780529499053955,0.06050094589591026,1.2409248352050781,1024,512,0.06050094589591026,1.2409248352050781,stage1_rows,512,0,0.005779367871582508,0.1414006235310808,0.0041568595275748525,0.3852321468293667,0.20303857000544667,4a647a9e25f9cffd68dd64bc49261a38:0:0,5bc75f419cfc3bdff85475c746f80400:0:0,b72fda08dcdfe26fc0eda6698143d83b:0:0,3ac1323989fe323ec2582f9361f1c3e8:0:3344687716,d7c396b8883a76d930dd404d0e61ea19:1:4139232306,10,1.0,512,0,0,512,0,0,512,0,0,512,0,0,512,0,0,0,0,0,512,132.07752990722656,155.5078582763672,0,0
1819,B,219,-0.03203439712524414,0.8154050707817078,-0.06347157806158066,1.1522924900054932,1024,512,-0.06347157806158066,1.1522924900054932,stage1_rows,512,0,0.00046055554412305355,0.07939395253779366,0.002654302347218618,0.3322012163698673,0.19832388398936018,821c9ac1246c7a7a0cda3aaa8e451238:0:0,dadb621a0b4fc9f9b4c1242bce3ba30e:0:0,1cce4b8d43536b47663b2a994b151c06:0:0,09e76a9fac4cc536b33aaf5ecce628e8:0:2931257712,e7be5cb6cfb6e98c25cdac1c2a0c222d:0:972576114,10,1.0,512,0,0,512,0,0,512,0,0,512,0,0,512,0,0,0,0,0,512,131.25958251953125,156.60508728027344,0,0
1820,B,220,0.03453204035758972,0.8218344449996948,0.07087118178606033,1.1611032485961914,1024,512,0.07087118178606033,1.1611032485961914,stage1_rows,512,0,0.0002467498416081071,0.035674652724992484,0.0009630387416109442,0.33735550567507744,0.19829344196477905,133cbd971b596ff3119fd9c304640a38:0:0,13caa08e7bfa5a5f422503d3805937ec:0:0,09fc3792bf7de174122a532528132e7d:0:0,d77e5c0965ee751520aa1f2b45068de8:0:2719551751,1e3e166ed5ecad40a6223a44eb0a6003:1:2272278616,10,1.0,512,0,0,512,0,0,512,0,0,512,0,0,512,0,0,0,0,0,512,131.08921813964844,156.97755432128906,0,0
1821,B,221,-0.007554586976766586,0.8527534008026123,-0.01816292107105255,1.2058755159378052,1024,512,-0.01816292107105255,1.2058755159378052,stage1_rows,512,0,0.003211943432688713,0.02813670940231532,0.001872149994596839,0.36359552666544914,0.19603763101622462,8aa9026d95634d695e1b19e5ab830238:0:0,992460bebfbe193ff0acc3b99b6ded46:0:0,5d66221317f7e1ec1c262024469e05fe:0:0,170936b6b74f4763aa2551991a52f2e8:0:1575576377,57192479a08279b4e3bdc7f89fa5fc66:0:1009685925,10,1.0,512,0,0,512,0,0,512,0,0,512,0,0,511,0,0,1,0,0,512,131.3589630126953,156.88954162597656,0,0
1822,B,222,2.4978071451187134e-05,0.8271474838256836,-0.0021912548691034317,1.169756293296814,1024,512,-0.0021912548691034317,1.169756293296814,stage1_rows,512,0,0.003468024544417858,0.022047377517446877,-0.0006038483057636768,0.3421494536101818,0.2012781340163201,7db621de74b10c4cbe7cd2f283a1fa38:0:0,db9e2047995accdd497be165049713eb:0:0,5ce3ea25a27d0d23b49114a412b9cfa0:0:0,ee98f227eae7587bbf4804089ccb57e8:0:975095278,9fb9e91805467559ba550635a056a337:1:1531584940,10,1.0,512,0,0,512,0,0,512,0,0,512,0,0,512,0,0,0,0,0,512,132.01504516601562,156.10836791992188,0,0
1823,B,223,-0.039064571261405945,0.7985734939575195,-0.07436677813529968,1.128246545791626,1024,512,-0.07436677813529968,1.128246545791626,stage1_rows,512,0,0.0017077436204999685,0.03329970658523962,-0.0004107991582714021,0.3185854941606522,0.2009323890088126,65e90ac3df09354b6439dcc98cc0f238:0:0,27f880b68cfbead967746d6c952e773a:0:0,014817923b6108586a8550e397e52cf3:0:0,b899aba99921e06ed36fde9a1c6fbce8:0:3570275641,729b23bf909deb319e1e751ba0b83cbe:1:39680254,10,1.0,512,0,0,512,0,0,512,0,0,512,0,0,509,0,0,3,0,0,512,131.17437744140625,156.64833068847656,0,0
1824,B,224,0.055895041674375534,0.8602372407913208,0.11342395097017288,1.213828444480896,1024,512,0.11342395097017288,1.213828444480896,stage1_rows,512,0,0.004275181330740452,0.08795199965825304,-0.002889014797983691,0.36913188323378565,0.1981722040218301,50022decceb42321660b0f4ac6dfea38:0:0,a50dfb6f6e1739573e4b751e44560538:0:0,4a2422358401807b4cc8c113e3104569:0:0,f52f19ca6224022ebd61742de94021e8:0:1114861372,419efae821663aaa3c39e95ff054f371:1:3386604967,10,1.0,512,0,0,512,0,0,512,0,0,512,0,0,512,0,0,0,0,0,512,130.78817749023438,157.23329162597656,0,0
1825,B,225,0.003307843115180731,0.8645529747009277,0.007185219321399927,1.2226366996765137,1024,512,0.007185219321399927,1.2226366996765137,stage1_rows,512,0,0.0021439464762806892,0.02017483584349975,-0.0008024455397389829,0.37381559014320376,0.1964737639646046,b351cad3462555683fed425631fee238:0:0,2b0bdcc127c02d4df6901c96d7bba0d3:0:0,eb8c5775cb70ef4d4270c026256c08b4:0:0,b1be5490631c794642ed4264533c86e8:0:1866662415,a8aa31a3eb3c57843967ba0fcb7514cf:0:3943174736,10,1.0,512,0,0,512,0,0,512,0,0,512,0,0,511,0,0,1,0,0,512,131.6446990966797,156.54061889648438,0,0
1826,B,226,-0.04353143274784088,0.8654047250747681,-0.09172563254833221,1.2219644784927368,1024,512,-0.09172563254833221,1.2219644784927368,stage1_rows,512,0,0.0005990149220451713,0.04283856269903481,-0.0011700492177624255,0.37386864349246024,0.1955240480019711,24ab73d5246bd36653214dcbce1dda38:0:0,40a78060bcf003c39c1d62f0d4e4fe4c:0:0,215a2f94a7a9ca6dc35ffc9f3c00e547:0:0,977a3a1072dffa71d094b19daa64ebe8:0:1858459788,fc91cf2fbdbaf8e46c13d00c663261d8:1:553926215,10,1.0,512,0,0,512,0,0,512,0,0,512,0,0,512,0,0,0,0,0,512,132.09774780273438,155.85501098632812,0,0
1827,B,227,0.04988062381744385,0.9095650911331177,0.10930489748716354,1.2835445404052734,1024,512,0.10930489748716354,1.2835445404052734,stage1_rows,512,0,0.0038794309366494417,0.03490553699666634,-0.0007705539894232061,0.4125833809375763,0.19067681295564398,b19fe4b098699ede662c098b9b3cd238:0:0,d2d94fa3cbc25fad7a6c302eb01a355c:0:0,64e88f72188623e2df9ddb5e8c779fb3:0:0,454751981cb0db685d2f14fa3eb950e8:0:3317697588,e254729833a50337e5763dd6cf840c28:1:575622908,10,1.0,512,0,0,512,0,0,512,0,0,512,0,0,512,0,0,0,0,0,512,132.5061798095703,155.71360778808594,0,0
1828,B,228,-0.03484455496072769,0.8952732086181641,-0.06389443576335907,1.265433430671692,1024,512,-0.06389443576335907,1.265433430671692,stage1_rows,512,0,0.003512429539114237,0.03401280555408448,0.0005186999740544706,0.40064920857548714,0.19240453705424443,84ed2a4530d236df24d64d75995bca38:0:0,b456371055f64bd4606864e1fc3bdd06:0:0,67a7588f34beef8420ed4e48f9ec0819:0:0,391e7019202b5624798eaa5a6039b5e8:0:2402353731,c2c28655f567eaf015569bcc03253e6a:0:496629314,10,1.0,512,0,0,512,0,0,512,0,0,512,0,0,512,0,0,0,0,0,512,131.80978393554688,156.456787109375,0,0
1829,B,229,-0.028375335037708282,0.8432225584983826,-0.04716746509075165,1.1921943426132202,1024,512,-0.04716746509075165,1.1921943426132202,stage1_rows,512,0,0.0007914481684565544,0.022382139321416618,0.0026194117381237447,0.3554932676255703,0.19178856298094615,0455feda86f02a92a02cf169c87ac238:0:0,416918edcc8f05cc8653c2e1ccb715ed:0:0,e7b9a2c1b4dd195f6557dd52c80ea630:0:0,30cd0a1df26a7bfd8c259a5e5ee61ae8:0:291229321,8ebd798945965a71363505afa173081e:0:3701254733,10,1.0,512,0,0,512,0,0,512,0,0,512,0,0,512,0,0,0,0,0,512,131.17684936523438,157.24481201171875,0,0
1830,B,230,0.012798594310879707,0.8443408012390137,0.02740347385406494,1.1938929557800293,1024,512,0.02740347385406494,1.1938929557800293,stage1_rows,512,0,0.00017846201080828905,0.056308053608518094,0.00043064995697932317,0.35644613578915596,0.1965014329762198,e24a226d8231bc0dce80cd482899ba38:0:0,1de1ead785b5fbcd91c9a68547c36d56:0:0,6dc3080714978d7173281992723c5a5d:0:0,a869e56e5694ace138aaf8668abe7fe8:0:1110903476,49d8b49a6070e425f224090487a41e4f:0:1050324735,10,1.0,512,0,0,512,0,0,512,0,0,512,0,0,511,0,0,1,0,0,512,130.8813934326172,157.63746643066406,0,0
1831,B,231,-0.0020264489576220512,0.8406059741973877,-0.006742315366864204,1.1887749433517456,1024,512,-0.006742315366864204,1.1887749433517456,stage1_rows,512,0,0.005767232738435268,0.06063024284085259,-0.002944737405050546,0.3534001536667347,0.19312147900927812,a2fa5ac5327c93200b66b8f0b9b8b238:0:0,f01e57da1e6512e6c3f1552b0fddbdc3:0:0,6067f72b968976d7397d46ed1976652b:0:0,96efe1dda31926fcf3bfc29333c2e4e8:0:1954995728,87eb6d992bd611cfc7d2690368abd2cc:1:566157697,10,1.0,512,0,0,512,0,0,512,0,0,512,0,0,512,0,0,0,0,0,512,130.7701873779297,157.85009765625,0,0
1832,B,232,-0.01188655849546194,0.8566188216209412,-0.03253932297229767,1.2110862731933594,1024,512,-0.03253932297229767,1.2110862731933594,stage1_rows,512,0,0.005479004234075546,0.08588080632034689,0.001372985023772344,0.36678283736109735,0.19528232101583853,d49bab503f48802297b78c437bd7aa38:0:0,a037c632f4467659a622aa74d34d6db2:0:0,910c1da989a3693e7ccc9f1d5fc611b6:0:0,34da48adad030327c293e1c4a9f349e8:0:1451209293,7d9eee82e448368f3d3cb79637eb0f83:1:2806411800,10,1.0,512,0,0,512,0,0,512,0,0,512,0,0,511,0,0,1,0,0,512,131.77639770507812,157.03184509277344,0,0
1833,B,233,0.018976330757141113,0.8598566055297852,0.03612881153821945,1.2157740592956543,1024,512,0.03612881153821945,1.2157740592956543,stage1_rows,512,0,0.0006863162852823734,0.01456001257756725,6.872292142361403e-05,0.36968412771821024,0.19356764398980886,b5be390be9814ec819901f206ef6a238:0:0,9461e6916ea20abfbdaa6434c56538da:0:0,706b1378cd503cd14106eec25d734e52:0:0,0a8a3fad9be0b25c268b299b3d4faee8:0:184567181,f84c73430a6fab128c293e23f8bdf2d2:1:3516216707,10,1.0,512,0,0,512,0,0,512,0,0,512,0,0,512,0,0,0,0,0,512,132.58395385742188,156.01438903808594,0,0
1834,B,234,-0.045313213020563126,0.844307541847229,-0.10139484703540802,1.1913872957229614,1024,512,-0.10139484703540802,1.1913872957229614,stage1_rows,512,0,0.00208555581048131,0.026977837015874685,0.002902862167684361,0.355427923053503,0.2036665520281531,3ab532f59e2fa8ec1c51496793159a38:0:0,1da217b47e06e12a8512187661cd25bb:0:0,9c9ae4034c0fb6fa3a66f8568907de25:0:0,bc27b3ef16d9d09234e258773dd813e8:0:3610269187,ed8e69ace86407e53645220d599e1605:1:2036954166,10,1.0,512,0,0,512,0,0,512,0,0,512,0,0,512,0,0,0,0,0,512,132.6752166748047,155.46937561035156,0,0
1835,B,235,0.09427319467067719,0.8739932775497437,0.1949586719274521,1.2277741432189941,1024,512,0.1949586719274521,1.2277741432189941,stage1_rows,512,0,0.0008876768406480551,0.09175462785642594,-0.0013034729345235974,0.37912929579615595,0.1938886310090311,541dfbc817e90962909fe2f8e8349238:0:0,ac26d57241ec03ff0ee370fd4a3659f6:0:0,c5f7350368f7f9b885b9edd0d1ceb41e:0:0,bb1db2c24ea7e149da541778fb8c78e8:0:2531972270,22249c5dd693526f9f868c7bace780bc:0:3552420368,10,1.0,512,0,0,512,0,0,512,0,0,512,0,0,512,0,0,0,0,0,512,132.15695190429688,156.1133270263672,0,0
1836,B,236,-0.032015111297369,0.8405469655990601,-0.06861260533332825,1.1875213384628296,1024,512,-0.06861260533332825,1.1875213384628296,stage1_rows,512,0,0.004479548428207636,0.04997936653671786,0.0019550926648662426,0.3528143368661404,0.19291965197771788,049db6050d06bec74c64c3b46e538a38:0:0,92fcb6840cc045ae306dfc1381a26ed3:0:0,6122310de3542bb60d40a56d895f36cf:0:0,e68f69ce60414a154abdfa80c66cdde8:0:424257363,074a1a5ff327b19601dc6c9a6ea60d8d:1:2202745698,10,1.0,512,0,0,512,0,0,512,0,0,512,0,0,512,0,0,0,0,0,512,132.60159301757812,155.84901428222656,0,0
1837,B,237,0.011723174713551998,0.8515193462371826,0.025289837270975113,1.2040690183639526,1024,512,0.025289837270975113,1.2040690183639526,stage1_rows,512,0,0.001951492391526699,0.07010102345375344,0.0009708318859338761,0.36250988617539404,0.20131139300065115,3aed378c68a3fe4d8accc37a25728238:0:0,931d05c1fe8650471119067c8b7608a1:0:0,83b9d67becc64f300af0d198244c6c08:0:0,3304ebbb69209f739cc5802eee7942e8:0:3652910102,c14132b956b8bd641f6d92cdd439c16a:0:2691990145,10,1.0,512,0,0,512,0,0,512,0,0,512,0,0,511,0,0,1,0,0,512,131.81715393066406,156.71617126464844,0,0
1838,B,238,-0.07041206955909729,0.8329760432243347,-0.1440836787223816,1.1733856201171875,1024,512,-0.1440836787223816,1.1733856201171875,stage1_rows,512,0,0.005797233898192644,0.061780871567316355,0.0012243760691490024,0.34548677280545237,0.20289426104864106,87444e420c63068f6c48ba2a0d917a38:0:0,8c8de0a2f57f185ad959b3da4c3e367f:0:0,f5456a62ac212ab75ac00f6eb8c981f9:0:0,4232b12a682d184b917d11e3c3b1a7e8:0:3215184719,66c9e47838872323bba193345d743208:0:4186478062,10,1.0,512,0,0,512,0,0,512,0,0,512,0,0,512,0,0,0,0,0,512,131.1197967529297,157.1012725830078,0,0
1839,B,239,0.0788796916604042,0.8548500537872314,0.15549340844154358,1.2040319442749023,1024,512,0.15549340844154358,1.2040319442749023,stage1_rows,512,0,0.0013202191330492496,0.021964231599122287,-0.0005335022520739585,0.36375162899494173,0.19380427396390587,a026238318f9525d768d7fa426b07238:0:0,02f74d511b344dcd91adbdc9c3c84d50:0:0,41761589ad554a642c674e5c57c66829:0:0,da4a40d0ad63bc56880903bf96160ce8:0:219004141,cada359488c0853f9dd1337d3db98392:0:3250220382,10,1.0,512,0,0,512,0,0,512,0,0,512,0,0,512,0,0,0,0,0,512,130.35787963867188,158.10125732421875,0,0
1840,B,240,0.018345866352319717,0.8725290894508362,0.026439523324370384,1.233850359916687,1024,512,0.026439523324370384,1.233850359916687,stage1_rows,512,0,0.0018985217902809381,0.028813127940520645,0.002066541701788083,0.38071577325463296,0.20404049602802843,4279706bbb82db8e1493ebc870cf6a38:0:0,2c9a1e424d27b28342e6d13f807d3a3f:0:0,1a48bae69bc2609489208fc97c0ab292:0:0,07a368a5267ba1cb9d4494a2b5a671e8:0:3446930947,d05e1e3c412933f8c11db484d5a66dbd:0:984320328,10,1.0,512,0,0,512,0,0,512,0,0,512,0,0,512,0,0,0,0,0,512,129.89852905273438,158.47994995117188,0,0
1841,B,241,-0.05489505082368851,0.8551217913627625,-0.11188080161809921,1.2066327333450317,1024,512,-0.11188080161809921,1.2066327333450317,stage1_rows,512,0,0.00300584826618433,0.048697809607256205,4.3969752732664345e-05,0.3647073954343796,0.2053168669808656,4bb8192e7d9c6dcd1698d676ebee6238:0:0,53fed7cd1de32bf36cc14e88dc80b501:0:0,0f26178f5ceed7a46607ae9a6524196d:0:0,783a405147da4e9af766ee2d7262d6e8:0:3605160394,2d50d6b709c57e760f0c7c35cfb01625:1:174345109,10,1.0,512,0,0,512,0,0,512,0,0,512,0,0,511,0,0,1,0,0,512,129.37106323242188,158.97744750976562,0,0
1842,B,242,0.011816753074526787,0.8309715986251831,0.03050250932574272,1.1748360395431519,1024,512,0.03050250932574272,1.1748360395431519,stage1_rows,512,0,0.0008406891720369458,0.011181108164601028,-0.0003752867312869057,0.3451875776052475,0.19508076302008703,fadaa9fe1645096b321d178f980d5a38:0:0,59ae75965ce3afd755192d690ecac3ec:0:0,83b7acee5f8542627a0b7665bcb78cef:0:0,23355db1a74811893da824c01c4b3be8:0:1629396345,7db8321f0471128a83925eb614084eb4:0:552777853,10,1.0,512,0,0,512,0,0,512,0,0,512,0,0,512,0,0,0,0,0,512,130.1351318359375,158.5340118408203,0,0
1843,B,243,-0.00851811096072197,0.8583363890647888,-0.020780431106686592,1.2137422561645508,1024,512,-0.020780431106686592,1.2137422561645508,stage1_rows,512,0,0.004411756992340088,0.11217925916425883,-0.003272956708678976,0.3683575302362442,0.19221098301932216,0d75144ab986562d81e586f2752c5238:0:0,868051d5fb71c68f68cdf6ea2281cc30:0:0,9eb3a400222a3f5e485c1af8b1e4629f:0:0,6f301a4f98eee77b3be6377b035fa0e8:0:1982394986,66f31a0aa34843d8a23605c5d349592b:0:9271778,10,1.0,512,0,0,512,0,0,512,0,0,512,0,0,512,0,0,0,0,0,512,129.64820861816406,158.70852661132812,0,0
1844,B,244,0.025093568488955498,0.8416515588760376,0.04957941919565201,1.189766526222229,1024,512,0.04957941919565201,1.189766526222229,stage1_rows,512,0,0.014984442852437496,0.07980440673418343,0.0006177006347570568,0.3540980376303196,0.19203324697446078,f242ef53e4e4261d05fafc7f834b4a38:0:0,cd87bd8e1538773f14ba06a0b366fa7a:0:0,af3fc03bdac90cdf1524df6510a6d53e:0:0,fdedb7893f494141b24a103e77a005e8:0:2672775022,673b88963ea9157920b1f8268dd10455:0:3154679331,10,1.0,512,0,0,512,0,0,512,0,0,512,0,0,512,0,0,0,0,0,512,128.92234802246094,159.50160217285156,0,0
1845,B,245,-0.005300262942910194,0.8475029468536377,-0.006151532754302025,1.198545217514038,1024,512,-0.006151532754302025,1.198545217514038,stage1_rows,512,0,0.0020235569681972265,0.0794363415800035,0.00104555725120008,0.3591965690255165,0.19275657099206,8922634fa693085623aa5016c26a4238:0:0,d760c5c412747308dc9879b20447ba41:0:0,0133f7b555e9201f9f9023f55d20a7ac:0:0,e17b19c483c0be3550ec83aac90c6ae8:0:2543480394,e1097e91deb0cf5fdf528738505780cd:1:1543088526,10,1.0,512,0,0,512,0,0,512,0,0,512,0,0,512,0,0,0,0,0,512,127.53337097167969,160.9672393798828,0,0
1846,B,246,-0.032950352877378464,0.8261128067970276,-0.0735720619559288,1.1668833494186401,1024,512,-0.0735720619559288,1.1668833494186401,stage1_rows,512,0,0.009762918576598167,0.07076175443362445,0.004394080629572273,0.34078368842601775,0.19823042897041887,e235caa85d75ebd82584599832893a38:0:0,476cdda38b96818ee8baf0f9726c82c6:0:0,e9305fb399e18bd45c5ab045ee1f59d0:0:0,06fd8cb757d7aff2df7b512047a4cfe8:0:1824747211,dd676d698211daca2d7ded74d2fa0d01:0:889207457,10,1.0,512,0,0,512,0,0,512,0,0,512,0,0,510,0,0,2,0,0,512,127.24227142333984,161.75778198242188,0,0
1847,B,247,0.031531985849142075,0.846725583076477,0.061954010277986526,1.1966644525527954,1024,512,0.061954010277986526,1.1966644525527954,stage1_rows,512,0,0.0009127658559009433,0.010664364404510707,-0.0002066502464003861,0.35830545946955683,0.19368752400623634,2294f911efe2d254bb5df0e3d3a83238:0:0,fe96a98ae1a1a6358a76f8fd846b02e3:0:0,40e72b1bb83bf9ca43c16a937f54b8cf:0:0,0de5aeb06dd2fb8790de22bf436934e8:0:4087837057,919351a0cad130a3b92c68bed6089844:0:3788348046,10,1.0,512,0,0,512,0,0,512,0,0,512,0,0,512,0,0,0,0,0,512,128.45840454101562,160.6743927001953,0,0
1848,B,248,-0.0010455157607793808,0.8565881848335266,0.009540749713778496,1.211299180984497,1024,512,0.009540749713778496,1.211299180984497,stage1_rows,512,0,0.0023884233087301254,0.08688286867691204,0.0026662114192731678,0.36690163537859916,0.19251661404268816,249ffc77772e92ff7a4fedd9a5c72a38:0:0,08e2d56920aa2fdd2aed60284b3576df:0:0,69b1f0d97314521f4e07cf236430df54:0:0,0726b20b4bf4ac5d82db8d680c5999e8:0:3271466929,90aeb4b7e9b595fed901c6b6ebac73d1:1:270638690,10,1.0,512,0,0,512,0,0,512,0,0,512,0,0,512,0,0,0,0,0,512,128.1842041015625,161.146484375,0,0
1849,B,249,-0.025145770981907845,0.8398942351341248,-0.04667690768837929,1.1873950958251953,1024,512,-0.04667690768837929,1.1873950958251953,stage1_rows,512,0,0.007444295566529036,0.11532757584936917,-0.005411313180229626,0.35266516357660294,0.19381625502137467,94a610025dffad5d5cb72859a8e62238:0:0,6cb6c8dfe6e81b8c2e71f1be948ed882:0:0,b2cfe0e251df5788ad95899931e45544:0:0,fb245dc536724d3869be10baf275fee8:0:1248409087,97174bdbe773128eeaab432a10fb0ae0:1:2411479235,10,1.0,512,0,0,512,0,0,512,0,0,512,0,0,510,0,0,2,0,0,512,127.81563568115234,161.94419860839844,0,0
1850,B,250,0.006971947383135557,0.8315357565879822,0.021165095269680023,1.1757876873016357,1024,512,0.021165095269680023,1.1757876873016357,stage1_rows,512,0,0.002597243059426546,0.05222399153281003,-0.0013013716787099838,0.3457096114754677,0.1994543870096095,302c5dbbef682c1442347843dd051a38:0:0,4ac5dac674a5874e624f5937ddb54c18:0:0,ad1513f4fd5cb6ef4606f13a68dbe71b:0:0,f046aba9ea6cdb9267f9171845be63e8:0:2080099098,df6968ea97b983f19c7af3ed23e1a500:1:657854312,10,1.0,512,0,0,512,0,0,512,0,0,512,0,0,510,0,0,2,0,0,512,126.91332244873047,163.09580993652344,0,0
1851,B,251,0.038149069994688034,0.8581429123878479,0.07825252413749695,1.2122684717178345,1024,512,0.07825252413749695,1.2122684717178345,stage1_rows,512,0,0.005151719786226749,0.0426840950967744,-0.002064860484097153,0.36782335340976713,0.19526655797380954,6eb10f8a54c697ba6facb57842241238:0:0,590f3478275beceb3c0fb08de205e766:0:0,31f9eabdaacaac4be74818765ea21fc1:0:0,3a91f6f3874ae9a911cdf5a05632c8e8:0:2231676272,22afeace0e7cabbbc486670ea0a36381:0:988162445,10,1.0,512,0,0,512,0,0,512,0,0,512,0,0,510,0,0,2,0,0,512,126.40985107421875,163.81167602539062,0,0
1852,B,252,-0.009745745919644833,0.8298912644386292,-0.014408683404326439,1.1736173629760742,1024,512,-0.014408683404326439,1.1736173629760742,stage1_rows,512,0,0.0036619596648961306,0.01390299794729799,-0.0018481725128367543,0.3444227956235409,0.19634279102319852,3650148a006df9a60f48b7d6d8430a38:0:0,c7b343d82f584e9122eab4d9d3da1610:0:0,4f8c2909cb777c1c97ce3d815b44909c:0:0,851814ac4bf0438a9cf0ec3373d32de8:0:2618406705,e3b5fd2655adc2c42641d756cc9dcf46:0:4096422041,10,1.0,512,0,0,512,0,0,512,0,0,512,0,0,512,0,0,0,0,0,512,127.29725646972656,163.0902557373047,0,0
1853,B,253,-0.03549877926707268,0.8248803019523621,-0.06821617484092712,1.1656348705291748,1024,512,-0.06821617484092712,1.1656348705291748,stage1_rows,512,0,0.01783844642341137,0.04205238408176228,0.001423703838372603,0.33996373862028123,0.19604128802893683,552fe4048314eebcb075573f9f620238:0:0,2bd7bf6afbbaae8135771d91fb7b89ec:0:0,95214efaf1591c36cef209a43fec1c21:0:0,a5eb6acefa692b733c2e2571ee9f92e8:0:3750394716,a70ec33d56c1afd5bc6c08914851941a:1:3591325725,10,1.0,512,0,0,512,0,0,512,0,0,512,0,0,511,0,0,1,0,0,512,126.60984802246094,163.88697814941406,0,0
1854,B,254,0.03404775261878967,0.8398981690406799,0.06701867282390594,1.1868699789047241,1024,512,0.06701867282390594,1.1868699789047241,stage1_rows,512,0,3.427942283451557e-05,0.06824921320658177,0.0020004981488455087,0.3524537727236748,0.19832634599879384,4a156b85ca0bca42c7e36b929780fa38:0:0,fa72fefe966da889dd7a263933a8ed08:0:0,16b2fd0ada48c08f5439f849f7c3b342:0:0,83137f37c6ba01caa70eb6bc1697f7e8:0:3492673058,8639d5165dd1abda63891c51548520ce:1:2225751434,10,1.0,512,0,0,512,0,0,512,0,0,512,0,0,512,0,0,0,0,0,512,125.10503387451172,165.57046508789062,0,0
1855,B,255,-0.0375397652387619,0.7911139726638794,-0.0742504820227623,1.1175884008407593,1024,512,-0.0742504820227623,1.1175884008407593,stage1_rows,512,0,0.0003439481370151043,0.0489202830940485,0.002129248989513144,0.31256311014294624,0.19450769101968035,72ef39d0c439c8ab2f87ccafc09ff238:0:0,3359d30dc949fb6cd7f242c42fdf0387:0:0,8e0ef379d807a28fe516d2cb5dfabb1a:0:0,4585271fac9eed11cd7da0323bbc5ce8:0:1492960380,b0156feaf6328892f99649984eac0995:0:1730906600,10,1.0,512,0,0,512,0,0,512,0,0,512,0,0,512,0,0,0,0,0,512,124.96647644042969,165.5503387451172,0,0
1856,B,256,0.0003780084662139416,0.8556130528450012,0.008969477377831936,1.2099415063858032,1024,512,0.008969477377831936,1.2099415063858032,stage1_rows,512,0,0.0013508849078789353,0.03482414609752595,-0.0009531446965411305,0.36606231704354286,0.1948012170032598,ff90dcb46be15266a69b52771abeea38:0:0,b43d31941fe2b8b6bbca5e503aa8e889:0:0,21ab3cf28ea200142fee0aa192b9e80e:0:0,cfc26e42e421d610b76cccb4ae0cc1e8:0:3562981701,87ca1c44dffe0dea597b7d2f8e6691ac:0:2831961635,10,1.0,512,0,0,512,0,0,512,0,0,512,0,0,512,0,0,0,0,0,512,125.2325210571289,165.40652465820312,0,0
1857,B,257,0.03232580050826073,0.8657824993133545,0.06202090531587601,1.223675012588501,1024,512,0.06202090531587601,1.223675012588501,stage1_rows,512,0,0.021255256608128548,0.05676029202295467,0.0034108587773516775,0.37462173998355863,0.1934449840337038,09384c02332b4eb3519ad4c8a5dde238:0:0,e809523472114590cf9322f027cf5288:0:0,00784b6c9bc37e2cf4b920baa86dc283:0:0,0b82bd24ee07cc94907a11e3bd8926e8:0:654191409,9f594387936b8e5d401d388ef00f4875:1:315017612,10,1.0,512,0,0,512,0,0,512,0,0,512,0,0,512,0,0,0,0,0,512,125.69536590576172,165.02647399902344,0,0
1858,B,258,-0.031538501381874084,0.8194580674171448,-0.06644074618816376,1.1578114032745361,1024,512,-0.06644074618816376,1.1578114032745361,stage1_rows,512,0,0.009696030989289284,0.1003046405967325,-0.004196228069486096,0.3354845032095909,0.19706173602025956,ecd02026d179866c3a472b8461fcda38:0:0,2b4599facfde65f8128a5ccd07a7b2e1:0:0,eb1e0ddae05f55286fe0e909ed42c7e7:0:0,b3de4b4d5731a90ddf94301fba318be8:0:3039744002,587d6cbd994a7bb71b829b96c3cd7919:1:470464783,10,1.0,512,0,0,512,0,0,512,0,0,512,0,0,512,0,0,0,0,0,512,123.92410278320312,166.74923706054688,0,0
1859,B,259,0.006514647509902716,0.8430079817771912,0.022456439211964607,1.191961407661438,1024,512,0.022456439211964607,1.191961407661438,stage1_rows,512,0,2.555281389504671e-05,0.034054596233181654,-0.0009273325209505856,0.35527355745434763,0.19253361597657204,7e3237266f8016d8cfa52e8a4f1bd238:0:0,b1fb89972377ca726f19e674f3a00808:0:0,eccbe68de1993ff64e9379be90802c9b:0:0,0e3c6803dd267f5eea9fd288f405f0e8:0:3700717393,e58fc0b9c1e09ed3bd26d7fc6c87a642:1:1418437334,10,1.0,512,0,0,512,0,0,512,0,0,512,0,0,512,0,0,0,0,0,512,125.13954162597656,165.5285186767578,0,0
1860,B,260,-0.03995498642325401,0.800682783126831,-0.0772598385810852,1.1311030387878418,1024,512,-0.0772598385810852,1.1311030387878418,stage1_rows,512,0,0.004310743883252144,0.08901933545712382,-0.002060777274891734,0.320204122364521,0.19729407102568075,ddf74efd3025f47c65fdb5ba6d3aca38:0:0,e9c0413f853d7d45280ca96f6bc3127f:0:0,5230e50ed15cc15b6c020d392b8bb87f:0:0,d3c6cd2d0e19372a461c8effbb0655e8:0:2755472209,2b0557ec001efbaaf8ebd651d9ac741b:1:3967089568,10,1.0,512,0,0,512,0,0,512,0,0,512,0,0,512,0,0,0,0,0,512,125.0668716430664,165.57540893554688,0,0
1861,B,261,0.0733502060174942,0.867504358291626,0.15521076321601868,1.2213375568389893,1024,512,0.15521076321601868,1.2213375568389893,stage1_rows,512,0,0.003931818529963493,0.04108135609421879,0.00023703888282398112,0.3743565581738949,0.1955193500034511,a9a100a5142c7de5b6dd98f4bc59c238:0:0,e029286c3131453a7404cd98d75a574f:0:0,9dabf9fa12a39d106980148e3949a22f:0:0,f401879dd3d55df190c9e6245f32bae8:0:641928652,6c8238a56c1320ea4b3d512b99f0d387:1:3162402212,10,1.0,512,0,0,512,0,0,512,0,0,512,0,0,512,0,0,0,0,0,512,124.34832763671875,166.50006103515625,0,0
1862,B,262,-0.052124980837106705,0.8212810754776001,-0.10196146368980408,1.1592812538146973,1024,512,-0.10196146368980408,1.1592812538146973,stage1_rows,512,0,0.0058987801894545555,0.01423439143691212,-0.0002292455406859517,0.3366590358316898,0.19560893601737916,e7246b42369e1e7e6115b0193c78ba38:0:0,72d148bd1400a5f21f166ae8c5aa9238:0:0,227cd520b20b5d9f191c42da1b467da1:0:0,0343d9b8931a07545b4c4357308b1fe8:0:1477417711,a2c2366e48cdc1a82be0a68462db5a71:1:3928626843,10,1.0,512,0,0,512,0,0,512,0,0,512,0,0,512,0,0,0,0,0,512,125.09784698486328,165.77999877929688,0,0
1863,B,263,0.01357518881559372,0.8497874736785889,0.025765489786863327,1.2016265392303467,1024,512,0.025765489786863327,1.2016265392303467,stage1_rows,512,0,0.002297192346304655,0.04087449787184596,0.0015124381723580882,0.36107175797224045,0.19761988800019026,710cc3366004015a68bad307ed97b238:0:0,74640577b10479c0d31ffa1d2c6713e4:0:0,7f590fddb67d953883aa382ef7a35e35:0:0,2317fb95a8044fbf3bd1fcb87f0f84e8:0:1461241351,28cbf50adfea0f063efa675e17529d5f:0:2521140324,10,1.0,512,0,0,512,0,0,512,0,0,512,0,0,512,0,0,0,0,0,512,126.02202606201172,164.88381958007812,0,0
1864,B,264,0.05043758451938629,0.8403670787811279,0.10543650388717651,1.1859074831008911,1024,512,0.10543650388717651,1.1859074831008911,stage1_rows,512,0,7.355224806815386e-05,0.03972514816559851,0.0013446409417156246,0.35228903144598006,0.19444989296607673,c795dd1cee62d407b725d9a0cfb6aa38:0:0,c584bc2f01bb8f607dbc37fd46776dea:0:0,4d980e6ff9aeeaa7ed8d6a42b227a1c3:0:0,39b332870c45d5db0db853289abfe9e8:0:4039954477,26987c9f5feee226389a0312dff24e5d:1:1032782143,10,1.0,512,0,0,512,0,0,512,0,0,512,0,0,512,0,0,0,0,0,512,126.59239959716797,164.3384552001953,0,0
1865,B,265,-0.05010367929935455,0.8579227328300476,-0.10379510372877121,1.2108813524246216,1024,512,-0.10379510372877121,1.2108813524246216,stage1_rows,512,0,0.01603890396654606,0.07516939037013799,0.0020775126875378193,0.36731353774666786,0.1948036549729295,053fb0f00ffe995d9af39bc3e2d5a238:0:0,75d05f0e700bbfa91290b968619ba497:0:0,9708d012c09eb132ba43eb9648ee85da:0:0,13032b9fdcfe3f0c5d307247d39c4ee8:0:1155741085,ace03e5c91328568cce5ddd4d1c80153:1:1896357712,10,1.0,512,0,0,512,0,0,512,0,0,512,0,0,512,0,0,0,0,0,512,126.4490737915039,164.3818817138672,0,0
1866,B,266,0.02022317424416542,0.8451993465423584,0.04081582650542259,1.1949198246002197,1024,512,0.04081582650542259,1.1949198246002197,stage1_rows,512,0,0.00817312952131033,0.07973334287526086,-0.005638717728288611,0.35707823112607,0.19625866401474923,4a74b5d84ee58c4c4804f15126f49a38:0:0,10bf42de1fbf410e83af875c22df5f36:0:0,dfc3ef0b64c483ce125e1df88d4213db:0:0,fdbee53844299b52fee4707679a4b3e8:0:112536220,27b8f9cc7f209b7736eea45e22907ad7:0:3490229038,10,1.0,512,0,0,512,0,0,512,0,0,512,0,0,511,0,0,1,0,0,512,127.8957748413086,162.77853393554688,0,0
1867,B,267,0.006847601383924484,0.8903661966323853,0.009207806549966335,1.2591546773910522,1024,512,0.009207806549966335,1.2591546773910522,stage1_rows,512,0,0.0033103320747613907,0.05051934400107712,0.0024062606622464954,0.39641555324196814,0.19817300199065357,43eddb676b4212ac577eb2289c139238:0:0,9006fdba15f3bc0389f3b3b78654e82f:0:0,fbd74f3aa492f8ee73c7c54a2b3cc0df:0:0,230f2558fcb03cd9d39c4ed4dcd918e8:0:837849963,4ed2f1dc63f8cc9f94cf4015c7f20b0f:0:1492261699,10,1.0,512,0,0,512,0,0,512,0,0,512,0,0,512,0,0,0,0,0,512,127.03844451904297,164.17581176757812,0,0
1868,B,268,-0.05568120628595352,0.8508839011192322,-0.10968766361474991,1.200901746749878,1024,512,-0.10968766361474991,1.200901746749878,stage1_rows,512,0,0.009778007864952087,0.024741668824572117,0.0007024156258921721,0.36129250600934026,0.19288303900975734,7a87c93f8273c00e47c9b62a42328a38:0:0,2af6bbf0539c5f9912eedea311675b86:0:0,046f88d471b688da0bdb464130d600e0:0:0,111331bb403f5786b7e2f9434d397de8:0:3933150351,9b81dcf0b42b5b76d1f948598e038509:1:2766709625,10,1.0,512,0,0,512,0,0,512,0,0,512,0,0,511,0,0,1,0,0,512,127.68584442138672,163.49098205566406,0,0
1869,B,269,0.08088414371013641,0.8585686683654785,0.16320228576660156,1.20855712890625,1024,512,0.16320228576660156,1.20855712890625,stage1_rows,512,0,0.006056129466742277,0.06768362745642661,-0.0027097894679172898,0.36666067615151404,0.19304466003086418,e13df26780ef6889fc92d53619518238:0:0,63ad70feb2de27394fbcff7d7cf0c6fd:0:0,ceea2c139eb134b0de94ab5c12c63106:0:0,33a13cc66b2c7cda9fab46621ac5e2e8:0:3811229863,9f6992d123c3e1539d6c00bf2b55a84a:0:3692113042,10,1.0,512,0,0,512,0,0,512,0,0,512,0,0,512,0,0,0,0,0,512,128.9447021484375,162.42153930664062,0,0
1870,B,270,-0.033406808972358704,0.8438116312026978,-0.07353382557630539,1.1919323205947876,1024,512,-0.07353382557630539,1.1919323205947876,stage1_rows,512,0,0.005478186998516321,0.02398353264434263,-0.0003688413533382118,0.3555368810892105,0.19402930297655985,96f8edcddce6438e3ecae72c21707a38:0:0,da5080877d05c3d70d0ef9a45ad40f59:0:0,391759b23c59650fe826dacd7c20255f:0:0,ac4e14d804c0c871ddf4f791957e47e8:0:1764898769,b0e0d33087e129b96281ba9a918a638c:1:2594268852,10,1.0,512,0,0,512,0,0,512,0,0,512,0,0,512,0,0,0,0,0,512,129.7924346923828,161.44679260253906,0,0
1871,B,271,0.006911000702530146,0.8769503831863403,0.01815112493932247,1.2400773763656616,1024,512,0.01815112493932247,1.2400773763656616,stage1_rows,512,0,0.0035005747340619564,0.1431578297400847,-0.008511015612748451,0.38457161784172056,0.19338721095118672,0dce69ba97b41eb03ca6c3ec5a8f7238:0:0,24921bdf58c184d72b1312bf7e838b12:0:0,45cf0fd21a6b6c51e45040c96f379858:0:0,c434bb59216351749871b8f20d62ace8:0:2178258432,7b3600c4d61404158fd5e8b4467344f8:1:1100809143,10,1.0,512,0,0,512,0,0,512,0,0,512,0,0,512,0,0,0,0,0,512,129.21728515625,162.71197509765625,0,0
1872,B,272,-0.019790973514318466,0.8500140309333801,-0.048436641693115234,1.2014145851135254,1024,512,-0.048436641693115234,1.2014145851135254,stage1_rows,512,0,0.02476758137345314,0.059306970390025526,0.0010952340118819848,0.361016272008419,0.19203060399740934,c039f4318414a07b099f4356c4ae6a38:0:0,6683f7283120789b5456540ddd8bfa5f:0:0,4247d3e4e1e657c4b72406797529bca0:0:0,331c92d940353547672a2163d27311e8:0:1257587563,866a1052510f353d0194abb4405b6aa2:1:145371087,10,1.0,512,0,0,512,0,0,512,0,0,512,0,0,512,0,0,0,0,0,512,128.63803100585938,163.52584838867188,0,0
1873,B,273,-0.014536838978528976,0.83450847864151,-0.02651377022266388,1.1800404787063599,1024,512,-0.02651377022266388,1.1800404787063599,stage1_rows,512,0,0.0004179695388302207,0.05555115852039307,-0.0004416647949256003,0.34824498519301417,0.19095027999719605,4eb6b685cf1f9b3f1e713d4b5fcd6238:0:0,8acf5a2ff93becdfbcc8979e2346e8d4:0:0,c1dce73354f0fef33354ef0e051fb5e0:0:0,a1fc11c6d6cc4fcc2022b28734af76e8:0:1105355577,aaffa59e1d2cb77990dff59ac1f2a545:1:20395908,10,1.0,512,0,0,512,0,0,512,0,0,512,0,0,511,0,0,1,0,0,512,130.46910095214844,161.7565155029297,0,0
1874,B,274,0.01210940070450306,0.8285250067710876,0.022109484300017357,1.171622633934021,1024,512,0.022109484300017357,1.171622633934021,stage1_rows,512,0,0.0010499751660972834,0.10122105135815218,0.0014706772577483206,0.3432687379419804,0.19710890104761347,4cfb269fca0c6fe1d91d89aa2bec5a38:0:0,89eeeb249ff5442088a9c5a2a2110c3e:0:0,c92f1dd2a83e62c575779ed0f7595dec:0:0,2c36ed94b3d47582cf00d8bc8417dbe8:0:3445384902,2370788eef93e03608b5531f598f6aef:1:3643524395,10,1.0,512,0,0,512,0,0,512,0,0,512,0,0,512,0,0,0,0,0,512,130.66217041015625,161.45208740234375,0,0
1875,B,275,0.06037865951657295,0.8694013953208923,0.1283464878797531,1.2257534265518188,1024,512,0.1283464878797531,1.2257534265518188,stage1_rows,512,0,0.00017429969739168882,0.04663803986040875,0.0007920054835267365,0.37665680050849915,0.19210151897277683,2de894b5f2bc80acfce90053290b5238:0:0,1217dd6c78b2c50d0420724bf5d640c1:0:0,05444ed815206fb24f4d8b6d1dc06f53:0:0,a02a63553c79c3dad8afeb2410ac40e8:0:1898763651,0c333d3f7341ca0fd4108c278b610e22:0:3137631779,10,1.0,512,0,0,512,0,0,512,0,0,512,0,0,512,0,0,0,0,0,512,130.34149169921875,161.93475341796875,0,0
1876,B,276,-0.06621263921260834,0.8309996724128723,-0.13395923376083374,1.1712590456008911,1024,512,-0.13395923376083374,1.1712590456008911,stage1_rows,512,0,0.00992962159216404,0.053058867901563646,-0.0013377408344240394,0.343901689350605,0.18959015898872167,a009607a390cb41e325c7926572a4a38:0:0,30de1398c06a13dff7a55283a3bd3b46:0:0,18385b14b6eeee8e79fdb52f025131aa:0:0,f739d23d48995c044b062b9e2a6ca5e8:0:3791637787,fa15b3237595e4029625e412389b95d3:0:2965462213,10,1.0,512,0,0,512,0,0,512,0,0,512,0,0,512,0,0,0,0,0,512,130.22802734375,162.15914916992188,0,0
1877,B,277,0.03108861856162548,0.8482561111450195,0.062299586832523346,1.1987724304199219,1024,512,0.062299586832523346,1.1987724304199219,stage1_rows,512,0,0.0011388452257961035,0.01037573900539428,-1.5134894056245685e-05,0.35958933234214785,0.1891344939940609,4a3984fc7eee07b68744cc03b6494238:0:0,067c12fdabb8b9762bac743bdd3dc5be:0:0,25e7632daf9b29c954c18b110efd486c:0:0,02bacd4406d09c915869c6cb21590ae8:0:1523780495,05c73b3c9e334294ef327858e888ecda:1:1970971058,10,1.0,512,0,0,512,0,0,512,0,0,512,0,0,512,0,0,0,0,0,512,131.44223022460938,160.9419708251953,0,0
1878,B,278,-0.0014960989356040955,0.8702539801597595,-0.0038627861067652702,1.2307132482528687,1024,512,-0.0038627861067652702,1.2307132482528687,stage1_rows,512,0,0.002536842366680503,0.03803723078453913,0.000999799178680405,0.37870666980743406,0.19051848695380613,30ce0ec3514532c9eeb2d0cb46683a38:0:0,7627ecb452748cc61a5039143861f8a2:0:0,8ad821c1d9c9dc9e255596eafd6dc2df:0:0,f443ee5fdb9dae37ff75d40b45716fe8:0:1504826020,a5618cb411a87d8126468873154ae59e:0:1669493068,10,1.0,512,0,0,512,0,0,512,0,0,512,0,0,512,0,0,0,0,0,512,131.84825134277344,160.50572204589844,0,0
1879,B,279,0.011331482790410519,0.8620537519454956,0.021221842616796494,1.2190452814102173,1024,512,0.021221842616796494,1.2190452814102173,stage1_rows,512,0,0.00044991320464760065,0.05185343886259943,-0.004088242375291884,0.3716170474886894,0.1906533219735138,1f40f3dbd791594ec0fb5f5d07873238:0:0,af8dc00f5c76c2c7267be10f2aeb0969:0:0,676a7fb0a9674c92f0955937a81dcdfa:0:0,196f32dd9ddef803de9f557ee6b5d4e8:0:2938093982,9486215210cb0a17f490b8cd6419cee1:0:4221998631,10,1.0,512,0,0,512,0,0,512,0,0,512,0,0,512,0,0,0,0,0,512,132.4531707763672,159.9243927001953,0,0
1880,B,280,-0.03141389787197113,0.8587168455123901,-0.05432044714689255,1.2139742374420166,1024,512,-0.05432044714689255,1.2139742374420166,stage1_rows,512,0,0.001012177555821836,0.06743698331993073,-0.001839858980383724,0.3687203869223595,0.19083362800301984,410fa9e1f859cead3bb74f98f9a62a38:0:0,6d4774db9e382bdde938e2e58db42326:0:0,517c526493ce68e52ece2e5f535a61d6:0:0,9a51f02be719cf4833da3806552639e8:0:3066626010,f537db7163245c383a7fd552da9b2885:0:2051043613,10,1.0,512,0,0,512,0,0,512,0,0,512,0,0,512,0,0,0,0,0,512,132.8097686767578,159.7608642578125,0,0
1881,B,281,-0.0019527021795511246,0.8380051255226135,-0.008139850571751595,1.185079574584961,1024,512,-0.008139850571751595,1.185079574584961,stage1_rows,512,0,0.00695301778614521,0.0585466971504502,0.00047177602755255066,0.3511594653129578,0.18992772401543334,9e1bba41b062e88f01c3795f1cc52238:0:0,a0a3f50059f607217c8558856931bfd0:0:0,7aaa4af9960b13ae8ff21b77fe56382e:0:0,2784465b670b77a2083e5341e0c29ee8:0:2769804554,1a04570c614756a9433237414a634d9a:1:3445938561,10,1.0,512,0,0,512,0,0,512,0,0,512,0,0,511,0,0,1,0,0,512,132.5357208251953,160.3076629638672,0,0
1882,B,282,0.00874700490385294,0.841074526309967,0.01553130429238081,1.1894145011901855,1024,512,0.01553130429238081,1.1894145011901855,stage1_rows,512,0,3.916642162948847e-05,0.07994184250710532,-0.001460205909825163,0.35374031513929366,0.18942084501031786,737579329aa9e1ae9b40b48f70e41a38:0:0,f0e67105b81d44e949777d515c748408:0:0,c97ff01f66633116ca39aa645fd9941c:0:0,979b6cb34822475a87ac6991d98b03e8:0:344803877,4daebe7b25938f7c217dc40493590f27:1:1342926234,10,1.0,512,0,0,512,0,0,512,0,0,512,0,0,512,0,0,0,0,0,512,133.6255645751953,159.37953186035156,0,0
1883,B,283,7.768161594867706e-06,0.8654577136039734,0.0021850839257240295,1.2239348888397217,1024,512,0.0021850839257240295,1.2239348888397217,stage1_rows,512,0,0.0018845252925530076,0.042857484263367954,-0.0001922575756907463,0.3746058508753777,0.19483796699205413,6109e82ea727cca6f593d909f6031238:0:0,6e6c50b2d891584eb3f2a6386dbf9a39:0:0,fcf1c3e23bc1082cda8dde46b55af722:0:0,8488b039b5978479847328168f7f68e8:0:2641655368,c5ed49f2aeda0420580d0ddd8b1ce1aa:1:571970275,10,1.0,512,0,0,512,0,0,512,0,0,512,0,0,512,0,0,0,0,0,512,133.67147827148438,159.59983825683594,0,0
1884,B,284,0.014157336205244064,0.8443130254745483,0.04116426780819893,1.1934185028076172,1024,512,0.04116426780819893,1.1934185028076172,stage1_rows,512,0,0.0034964438527822495,0.04238888588733971,0.001508692056813743,0.3561992235481739,0.19040650996612385,1f35b0e4fe5b96c2e365beaeac220a38:0:0,df7ae3fcd6fa1d20783842e616584378:0:0,c9ce84b16920c1c75a0550637e4743c7:0:0,133e2f207bfd4ed826f426b0529fcde8:0:56402073,14628bab6d3eec2aa280da34a3f92e5c:1:3048673932,10,1.0,512,0,0,512,0,0,512,0,0,512,0,0,512,0,0,0,0,0,512,134.1949462890625,159.0733184814453,0,0
1885,B,285,-0.038785420358181,0.8547941446304321,-0.07994813472032547,1.207450270652771,1024,512,-0.07994813472032547,1.207450270652771,stage1_rows,512,0,0.00011803244706243277,0.054358067968860266,-0.00046200157594284975,0.3648952394723892,0.19104336301097646,e4c009ea0f9b1acc9ca33d5d93410238:0:0,a2944d2cb392798fe756cb4b43a7c48b:0:0,6ae3e1a40512f6fac31909671b3bb7ec:0:0,8dae49d08a2eab83c948e7ff72ec32e8:0:4279784237,d0280db2dd6d46e8dab98ba5bd253743:1:409040388,10,1.0,512,0,0,512,0,0,512,0,0,512,0,0,512,0,0,0,0,0,512,133.39894104003906,159.6631317138672,0,0
1886,B,286,0.001303359866142273,0.8772103190422058,0.0016097873449325562,1.2405492067337036,1024,512,0.0016097873449325562,1.2405492067337036,stage1_rows,512,0,0.007663318421691656,0.1221951027167961,0.0028177286931168055,0.3848155677318573,0.1946899020113051,d6393aa5c82b43dd3e7d2cf6ab5ffa38:0:0,038534a69802100468dd04e41b9118f8:0:0,1d056a0717bbc85ec5d4f7c624ff5d85:0:0,4c5fbe00caaa85c0fee7d964406497e8:0:3259307607,c85426767c7bf1d284be0efea1f97e01:1:2317498208,10,1.0,512,0,0,512,0,0,512,0,0,512,0,0,512,0,0,0,0,0,512,133.5318603515625,159.52444458007812,0,0
1887,B,287,-0.007447853684425354,0.8571747541427612,-0.013091737404465675,1.2121940851211548,1024,512,-0.013091737404465675,1.2121940851211548,stage1_rows,512,0,0.004521630704402924,0.05276603465899825,-0.004223551499308087,0.36744090020656583,0.19598808902082965,c3295840f11f402c4b686559f47ef238:0:0,c43f8425f00145dafe3ec65601107ba3:0:0,78e7e8db24b6ea7f28c0a4bc5dc9d847:0:0,711b0d09647d39fec84952ff0b08fce8:0:4150022507,4df5865d4568e9879a0c5946fe02b963:0:1243388671,10,1.0,512,0,0,512,0,0,512,0,0,512,0,0,512,0,0,0,0,0,512,132.49378967285156,160.51954650878906,0,0
1888,B,288,0.001638609915971756,0.8424317836761475,0.00955960527062416,1.1913213729858398,1024,512,0.00955960527062416,1.1913213729858398,stage1_rows,512,0,0.010988154448568821,0.04013014738447964,0.0003361546783708036,0.3548952654004097,0.19319303100928664,1be4b992b1fec3df2b1dbe676e9dea38:0:0,f1e823bf1e0082a61ff0b71d373913fb:0:0,ca5273c17f25095a2a0a6837a0fcef50:0:0,2e231fa7eef6ff09f28c97b022d961e8:0:3694892529,72f759b923677fe9db384bf63a0bc5ec:1:2529927258,10,1.0,512,0,0,512,0,0,512,0,0,512,0,0,512,0,0,0,0,0,512,133.25144958496094,159.6672821044922,0,0
1889,B,289,0.014126120135188103,0.8612356781959534,0.023730425164103508,1.2178910970687866,1024,512,0.023730425164103508,1.2178910970687866,stage1_rows,512,0,0.008802241645753384,0.04426408222643659,-0.0009750106284627691,0.3708824537694454,0.1910023539676331,6c3c844f36335bd8aa9a0fff19bce238:0:0,20b3ebbfcd03455a53c1bbd896a09e77:0:0,80c4300456130ca6b48233e3ca5892a1:0:0,450051d7848841d0a31cd517d7d5c6e8:0:3281810190,cde039eec2d9682cde66d9acb99c541b:1:3691532136,10,1.0,512,0,0,512,0,0,512,0,0,512,0,0,512,0,0,0,0,0,512,132.1787109375,161.16551208496094,0,0
1890,B,290,0.004765501245856285,0.8671221733093262,0.00972624309360981,1.2262718677520752,1024,512,0.00972624309360981,1.2262718677520752,stage1_rows,512,0,0.006263654213398695,0.044263687031343577,-0.0015747684403322638,0.3760132558643818,0.19001837802352384,c39a99f8733cd0887c1e3200f5dbda38:0:0,91b26a0dcc8476bbd6172761bb27a241:0:0,c07c8ce9f13a3977066611b5fab42bae:0:0,516fc464e737c8060f56239679fe2be8:0:2654922211,065b8a3aae912dc9384f056ea34c3fc1:1:520767402,10,1.0,512,0,0,512,0,0,512,0,0,512,0,0,511,0,0,1,0,0,512,133.28712463378906,160.0062713623047,0,0
1891,B,291,-0.04518525302410126,0.8391571044921875,-0.08373833447694778,1.1854913234710693,1024,512,-0.08373833447694778,1.1854913234710693,stage1_rows,512,0,0.010106591507792473,0.07902389399241656,-0.006645447757910006,0.3518888495862484,0.19329566200030968,4a690f520dac98bab72efc4d02fad238:0:0,e0d7ddf2ff85339d38d44200b109df27:0:0,f58fdfc60a70e7a05b9700f5012b9b32:0:0,abdee2af14412df6602a864c595290e8:0:953369839,a2ea7e3503a19ac151e12707a7bc9f7f:1:849616133,10,1.0,512,0,0,512,0,0,512,0,0,512,0,0,512,0,0,0,0,0,512,132.37408447265625,161.09906005859375,0,0
1892,B,292,0.004492597654461861,0.8180425763130188,0.008352024480700493,1.1568533182144165,1024,512,0.008352024480700493,1.1568533182144165,stage1_rows,512,0,0.0067823524586856365,0.0934139016084373,0.004125273338286206,0.3346200123429298,0.1899143290356733,d6ee3d595ae85c67589546c34119ca38:0:0,d715517aafa6b422a69a1591a3862ae4:0:0,5e7f5b3df3b7e45ba731ca28901c61a9:0:0,e01aacbbb48513dac1c6eb19c5d2f5e8:0:3695682161,6528275257346f0288d2febb423fefae:0:2243974774,10,1.0,512,0,0,512,0,0,512,0,0,512,0,0,511,0,0,1,0,0,512,131.24151611328125,162.53466796875,0,0
1893,B,293,0.005736188031733036,0.8216773867607117,0.01664794236421585,1.1619219779968262,1024,512,0.01664794236421585,1.1619219779968262,stage1_rows,512,0,0.006132149137556553,0.06940425164066255,0.0008543646399630234,0.33757308796048163,0.19083448400488123,a1075f027db38781c25de943b038c238:0:0,e6083e8af8884f0934d00c28986794b3:0:0,a851622d1a9d5baa46e7a6c32c93e2a4:0:0,322a0b98cc8f0efd9f382a9f0f7f5ae8:0:1096470818,5af5e12a389a4c6f045d74dd718ce37e:1:1522287994,10,1.0,512,0,0,512,0,0,512,0,0,512,0,0,512,0,0,0,0,0,512,130.4351806640625,163.7125701904297,0,0
1894,B,294,0.00816907174885273,0.8253917694091797,0.014814203605055809,1.167238712310791,1024,512,0.014814203605055809,1.167238712310791,stage1_rows,512,0,0.0022934041917324066,0.06109072652179748,0.001971332402899861,0.3406702034175396,0.18959892902057618,3c64933b9b7fecc83bd9bbae5057ba38:0:0,68b2a15ecada42ddbc50768716651fc9:0:0,1c984350e7f10e43c0bb23459ab9dd6e:0:0,b599131de91032ff0a10083c8657bfe8:0:3641408060,8fc436220c4bd7842fba91e15c5133b9:1:1778605191,10,1.0,512,0,0,512,0,0,512,0,0,512,0,0,512,0,0,0,0,0,512,131.35475158691406,162.72531127929688,0,0
1895,B,295,0.004334496334195137,0.8386803865432739,0.010073773562908173,1.1860425472259521,1024,512,0.010073773562908173,1.1860425472259521,stage1_rows,512,0,0.001474215998314321,0.027108331001363693,0.0006418156262952834,0.35172006115317345,0.19112394598778337,c419fef728857893719d95e32176b238:0:0,1becc8058ff25572e3206388812b839d:0:0,84c7dc89256df4fae112d190dcf800f2:0:0,8dbfbbaac3c7c7894e0a32127a5c24e8:0:389250156,fc20e63e26a386542fa54b7d4ceab561:1:2802539142,10,1.0,512,0,0,512,0,0,512,0,0,512,0,0,512,0,0,0,0,0,512,130.79750061035156,163.3179931640625,0,0
1896,B,296,0.005148365627974272,0.8261149525642395,0.0067140646278858185,1.1682977676391602,1024,512,0.0067140646278858185,1.1682977676391602,stage1_rows,512,0,0.012000887654721737,0.02187194481957704,0.000652157369768247,0.3413151316344738,0.1904723760089837,a082af3e48a0f3a5f5824fc22395aa38:0:0,4bf4f433d7fc14553b6fa4638b6fee6a:0:0,b70581983e575aa79fbf0ddd21053e4e:0:0,0788c3ac00ee7ec5b0b141013b8c89e8:0:3684483414,d2ff0922fc153b82f0af812ee6d3520a:1:142655916,10,1.0,512,0,0,512,0,0,512,0,0,512,0,0,512,0,0,0,0,0,512,131.24758911132812,162.83241271972656,0,0
1897,B,297,-0.012035074643790722,0.8489060401916504,-0.01688682846724987,1.2005116939544678,1024,512,-0.01688682846724987,1.2005116939544678,stage1_rows,512,0,0.0036297065671533346,0.053226111177355054,0.0016975348902633415,0.36038235351443293,0.19131061900407076,8992bf8c42f9d5fbbea4c12b56b4a238:0:0,4a339dde406d407d53c10076d2e17892:0:0,97cb3d189ff9a2739ae4754d330e673c:0:0,2e34cea42e5340e15d03b8a919e8eee8:0:3241043694,1178110416cab54b30576c0973c5d252:1:2450716624,10,1.0,512,0,0,512,0,0,512,0,0,512,0,0,511,0,0,1,0,0,512,129.96881103515625,164.1238555908203,0,0
1898,B,298,0.01710515469312668,0.851546049118042,0.031151531264185905,1.2041015625,1024,512,0.031151531264185905,1.2041015625,stage1_rows,512,0,0.0017729728715494275,0.05455733803100884,-0.003156438592122868,0.3625614486634731,0.19048934802412987,5bcf2cf4066f2999a965c1febad39a38:0:0,cce87c911a567c9a04fbdf8998e2d9e7:0:0,5460c0554a254687994df437404a9e5e:0:0,2e1a91639b7360f27b19076a657153e8:0:1665835122,a78896141e3495a9d5df945d3b44cbe6:0:613595183,10,1.0,512,0,0,512,0,0,512,0,0,512,0,0,511,0,0,1,0,0,512,129.3966522216797,164.9787139892578,0,0
1899,B,299,0.010069074109196663,0.8582867383956909,0.023338478058576584,1.2136527299880981,1024,512,0.023338478058576584,1.2136527299880981,stage1_rows,512,0,0.000275583122856915,0.05323069435544312,0.002367239103477914,0.3683191895484924,0.19216540100751445,0532a2d0bccb7d5cf76a2a1c4ff29238:0:0,eee582b496908ef890b598d7ac3850fc:0:0,63efb58841b85f7b3010a5045081904b:0:0,990f4c28f4f2cf8d73c686656e25b8e8:0:913006045,a634f8b1c737d70523af5d1ad01a5c3c:1:3582695109,10,1.0,512,0,0,512,0,0,512,0,0,512,0,0,512,0,0,0,0,0,512,129.05313110351562,165.70709228515625,0,0
1900,B,300,-0.021920140832662582,0.8573378324508667,-0.03841252624988556,1.212229609489441,1024,512,-0.03841252624988556,1.212229609489441,stage1_rows,512,0,0.001434645731933415,0.05780090889893472,-0.00031219810480251906,0.36749358996748926,0.1956582479760982,394f72026abfe7cacf9ad16416118a38:0:0,9eb8e4048bee5eaac776b6393da80268:0:0,6842be6f206cf334bd15323d1586cf6b:0:0,6e53aec2c5f39f5a6044797a84061de8:0:1051743809,0000b8b93f6bf158e3cc8c6c2861f04a:0:3821810901,10,1.0,512,0,0,512,0,0,512,0,0,512,0,0,512,0,0,0,0,0,512,129.3228759765625,165.61216735839844,0,0
1901,B,301,0.0054557835683226585,0.8440277576446533,0.00921823550015688,1.193618893623352,1024,512,0.00921823550015688,1.193618893623352,stage1_rows,512,0,7.711700163781643e-06,0.04000059209065512,-0.002626737207538099,0.356233998388052,0.1904316779691726,c0ffc7f79aa619dfbe248fb60d308238:0:0,0d946b0923de0dc71fc71337d590f353:0:0,bcf04b70a9678aae93a77bbe5c28e763:0:0,9c818ba31ee6effaa5d30f49f71282e8:0:3587434714,21ed74c093651531852512832a10d707:1:916768870,10,1.0,512,0,0,512,0,0,512,0,0,512,0,0,512,0,0,0,0,0,512,128.80760192871094,165.9666290283203,0,0
1902,B,302,0.0009257989004254341,0.8439557552337646,0.005629971623420715,1.1935087442398071,1024,512,0.005629971623420715,1.1935087442398071,stage1_rows,512,0,0.005803990643471479,0.03085420945426449,0.00019530237186700107,0.35616799145936967,0.19016426900634542,19ee1f05100981df34783cf2354f7a38:0:0,b5c99b1b1bd6ece84937e64786c7d224:0:0,acee7a0f519794081ccc18f4bf09b369:0:0,cd37c856a38c138ebd5f6134174ae7e8:0:355227288,4b2468c071af3d5172fe9f484f4531ed:0:2200899190,10,1.0,512,0,0,512,0,0,512,0,0,512,0,0,512,0,0,0,0,0,512,128.84661865234375,166.0943145751953,0,0
1903,B,303,0.01979999989271164,0.8567036986351013,0.035889215767383575,1.21134352684021,1024,512,0.035889215767383575,1.21134352684021,stage1_rows,512,0,0.002806084230542183,0.059459886979311705,9.258671198040248e-05,0.3669750802218914,0.18992481601890177,b530c5cc81f77e23094ab0f88e6e7238:0:0,fab7244a39f09083f83c712240df2f38:0:0,d72d3454696185b86ed4cdaa849c8b97:0:0,765d672328ed832c2728735934af4ce8:0:3793124898,9d6da786776645f234fc9b7661c3808b:0:3761064842,10,1.0,512,0,0,512,0,0,512,0,0,512,0,0,512,0,0,0,0,0,512,127.77462768554688,166.86978149414062,0,0
1904,B,304,-0.061144258826971054,0.8491395115852356,-0.12514375150203705,1.1974431276321411,1024,512,-0.12514375150203705,1.1974431276321411,stage1_rows,512,0,0.0016206396976485848,0.05453649711562321,0.002230987645452842,0.35943595618009566,0.1915652130264789,7a1c3fb35a169feaf894c3a9188d6a38:0:0,372c3cf8bf21470162c853e102879e94:0:0,784b52a67f2bd0da1ef8ef1770c3997c:0:0,14cc49e3d845f6938a6434999f3fb1e8:0:3707061227,5ca969684a5f92249682d30c82d4d003:0:377769876,10,1.0,512,0,0,512,0,0,512,0,0,512,0,0,512,0,0,0,0,0,512,128.4260711669922,166.21229553222656,0,0
1905,B,305,0.07042620331048965,0.8412410020828247,0.14722967147827148,1.1846939325332642,1024,512,0.14722967147827148,1.1846939325332642,stage1_rows,512,0,0.008500522002577782,0.018577603227458894,0.0007770713971694931,0.35212999060750005,0.19044058897998184,435124aa7684fe2c23934ce3d3ac6238:0:0,bf5d83ff937b393ed1168b9a92700f58:0:0,a412ebf9842bd4923af723e67261a76e:0:0,e692acb57cd2b37700e47e95a6fc16e8:0:996741229,16cf121b4e25f4aee264c5240322b101:1:2141544121,10,1.0,512,0,0,512,0,0,512,0,0,512,0,0,512,0,0,0,0,0,512,127.96034240722656,166.78021240234375,0,0
1906,B,306,-0.03782408684492111,0.8455154299736023,-0.08084237575531006,1.1941157579421997,1024,512,-0.08084237575531006,1.1941157579421997,stage1_rows,512,0,0.004476189147680998,0.019111465220339595,-0.0008822545642033219,0.3570483110845089,0.1891332379891537,d7e30ac7ec7d986090c72488bfcb5a38:0:0,fa0bfcf3a906934f18348db4387e309f:0:0,50437388417982492938d025173fa6a7:0:0,b691e2d938b2e8a08ebc15ad9be47be8:0:3148159668,753fb2d5a0933044290edf3cbf558046:1:4264919058,10,1.0,512,0,0,512,0,0,512,0,0,512,0,0,512,0,0,0,0,0,512,126.82027435302734,167.86093139648438,0,0
1907,B,307,0.04696008190512657,0.8751060962677002,0.08766383677721024,1.2362288236618042,1024,512,0.08766383677721024,1.2362288236618042,stage1_rows,512,0,0.0059237126260995865,0.028162387886550278,0.0008824010961689055,0.3825882524251938,0.18756443000165746,6946e873c9c4c956abf52277dcea5238:0:0,1ddcb3976742ecc0f7224f3c039edd65:0:0,61b9e882cfe82a83715022af06c25257:0:0,49ec7c8a580ea948c5e3a901cdf8e0e8:0:2456298243,1db32c654b10b8ba2637305f0ccfe66c:0:2893482040,10,1.0,512,0,0,512,0,0,512,0,0,512,0,0,511,0,0,1,0,0,512,127.6274185180664,167.1748809814453,0,0
1908,B,308,-0.01845734566450119,0.8476575016975403,-0.02989887446165085,1.1986452341079712,1024,512,-0.02989887446165085,1.1986452341079712,stage1_rows,512,0,0.0017070238245651126,0.018422706320416184,-3.600287600420415e-05,0.35929677039384844,0.1917311770375818,e0804228d2dbca00c6261e912b094a38:0:0,37b8be827d164fe9919afe1d4efa9e4e:0:0,03128ab5e3e1d1f275c90ac228411699:0:0,c118dc8959dadced95ded2728d3945e8:0:251385059,61ba0be9b0b56966593e304fb6d19ae7:1:1693679928,10,1.0,512,0,0,512,0,0,512,0,0,512,0,0,511,0,0,1,0,0,512,126.76419067382812,168.19525146484375,0,0
1909,B,309,0.007096246816217899,0.8455358743667603,0.01946943625807762,1.1956342458724976,1024,512,0.01946943625807762,1.1956342458724976,stage1_rows,512,0,0.01625617779791355,0.0928174918750301,-0.00020861613738816233,0.35747456178069115,0.18773628503549844,41c55b0a3bfb444495a6f0b4aa284238:0:0,04a1f1dc8319ff3cea879a06f367f97c:0:0,9d6f434e0070933349a5174f5a30de7c:0:0,12b2eafe8aaa37f9476116a029a5aae8:0:358432709,b1825977a1159df2839a3649663eff8f:0:4092359350,10,1.0,512,0,0,512,0,0,512,0,0,512,0,0,512,0,0,0,0,0,512,126.27711486816406,168.6990509033203,0,0
1910,B,310,-0.05871978774666786,0.8404238224029541,-0.12069734930992126,1.1852976083755493,1024,512,-0.12069734930992126,1.1852976083755493,stage1_rows,512,0,0.009582611732184887,0.11620146036148071,-0.005801718909060583,0.3522638827562332,0.18716662999941036,258b83cf5ad4f5cab60870c25a473a38:0:0,8c020885da9c98e5b611ffceec54d048:0:0,56a069dc025ea466c43fabe2e0ffb643:0:0,98c3d43db8161189a3f2e4eaf33e0fe8:0:1563205753,be9fda11d8a9cae76b2dbc7ef0e41304:1:3437121691,10,1.0,512,0,0,512,0,0,512,0,0,512,0,0,512,0,0,0,0,0,512,124.85252380371094,170.38978576660156,0,0
1911,B,311,0.02712254226207733,0.8237149119377136,0.055616896599531174,1.164169430732727,1024,512,0.055616896599531174,1.164169430732727,stage1_rows,512,0,0.0022068279795348644,0.05689559681341052,-0.0007316969291423448,0.33904315531253815,0.18793880997691303,b89d87c64f1c62ce281f769a3b663238:0:0,6251e86b0e2e23c9b1658b54cc4ee0f4:0:0,4d0c5ee3e30c1c044de8b435b5203cf3:0:0,4ba5c00e9264aaa7499697733a0274e8:0:3079913612,828666c9ebdbe1cea42b70935df9f672:0:3055687612,10,1.0,512,0,0,512,0,0,512,0,0,512,0,0,511,0,0,1,0,0,512,123.68868255615234,171.67160034179688,0,0
1912,B,312,-0.01593824476003647,0.8131588101387024,-0.028942864388227463,1.1498212814331055,1024,512,-0.028942864388227463,1.1498212814331055,stage1_rows,512,0,0.011555214412510395,0.15315972289536148,-0.011142721981741488,0.3306126456707716,0.19225771800847724,e2871bee9fd698ebd204da1c4d852a38:0:0,c05113df39ba05a3d936fa6de5a5455e:0:0,f3c7450dd138460f786392695fe0ffa3:0:0,ba2f9c96462d3b3d2a6d73194df2d9e8:0:3191615359,191d504bf6e82017842a24db685775b1:0:2591350226,10,1.0,512,0,0,512,0,0,512,0,0,512,0,0,511,0,0,1,0,0,512,124.21202850341797,171.0657501220703,0,0
1913,B,313,0.013819634914398193,0.8403810262680054,0.027202095836400986,1.1883233785629272,1024,512,0.027202095836400986,1.1883233785629272,stage1_rows,512,0,0.001488011097535491,0.048492883518338206,-0.00041020180215127765,0.35313131362199784,0.19157736003398895,1a41186ccb7101f1ff15732890a42238:0:0,e4807bdb62069c2f85ed5452a00cf9a9:0:0,21e73320fa33df30cab9ff601dfa8b3a:0:0,933f3a02b0d4d920385ca77d7f0f3ee8:0:4244487804,d2355026cd01013614cd6461e4067a89:1:2202301072,10,1.0,512,0,0,512,0,0,512,0,0,512,0,0,512,0,0,0,0,0,512,125.47102355957031,169.67489624023438,0,0
1914,B,314,0.020963270217180252,0.8409432172775269,0.04370113089680672,1.1888309717178345,1024,512,0.04370113089680672,1.1888309717178345,stage1_rows,512,0,0.0007716362597420812,0.044709473848342896,0.00110267786658369,0.35352659448981283,0.1909524109796621,14a328d7c89f46afdff2199f04c31a38:0:0,9ef405d4ba63255a0d033fbf3e5d435f:0:0,35b0d04450f49abff62e04d1f31ef547:0:0,ed1b1cd250da0d773cb24f001d57a3e8:0:891976265,55058a10a89d7d0af319a23f935a1fd6:1:991356208,10,1.0,512,0,0,512,0,0,512,0,0,512,0,0,512,0,0,0,0,0,512,125.97049713134766,169.29351806640625,0,0
1915,B,315,0.01726827397942543,0.8320304751396179,0.033910587430000305,1.1764261722564697,1024,512,0.033910587430000305,1.1764261722564697,stage1_rows,512,0,0.006750362925231457,0.0005725190974771976,0.001276046788552776,0.34612604379653933,0.18928987497929484,d6b08421760041c50a7fa55fa9e21238:0:0,575e84a4b488b354d44f87b55d518721:0:0,f9c9d652f52b9ce1b8b6db297b12a16e:0:0,b89eff31b5ffacd2dbca6ec178cc08e8:0:1203975374,6893f63d805e35e54c538edee88febc0:1:880249161,10,1.0,512,0,0,512,0,0,512,0,0,512,0,0,512,0,0,0,0,0,512,126.3829345703125,169.0667724609375,0,0
1916,B,316,-0.019273415207862854,0.8579187989234924,-0.03990931436419487,1.212918996810913,1024,512,-0.03990931436419487,1.212918996810913,stage1_rows,512,0,0.014783862046897411,0.12224502847529947,0.004407316373544745,0.3679773725569248,0.19113468995783478,cf5e211af68a0270f9e6ee4a80010a38:0:0,857156eacf97ced63250cb5725a41192:0:0,479d590d8660ef2f6672d3f55bd9c629:0:0,a99ba993bd824645c4b3f6a1e16c6de8:0:3432463242,c759d69dbefa0ae4905b5ec57f7245e7:1:1143759044,10,1.0,512,0,0,512,0,0,512,0,0,512,0,0,512,0,0,0,0,0,512,125.51483917236328,170.18197631835938,0,0
1917,B,317,0.028855042532086372,0.8770105242729187,0.060977861285209656,1.2394407987594604,1024,512,0.060977861285209656,1.2394407987594604,stage1_rows,512,0,0.004777355119585991,0.06054973187856376,-0.0018422999419271946,0.3843667671084404,0.18926014902535826,70f1c0d5f8bcdf628e94cc3f87200238:0:0,2853ff0e4b36f09990dc6c13e41cdadf:0:0,a2311d93c155d15348c7b4728fae5892:0:0,aab29a91539e3dcd0cd5c141a738d2e8:0:4097649083,5b8ba2ca86ca63b3db848aadf4aa03fc:0:2172730880,10,1.0,512,0,0,512,0,0,512,0,0,512,0,0,512,0,0,0,0,0,512,127.0440673828125,168.66026306152344,0,0
1918,B,318,-0.027089975774288177,0.8388940691947937,-0.058521974831819534,1.1855334043502808,1024,512,-0.058521974831819534,1.1855334043502808,stage1_rows,512,0,0.008542115800082684,0.12401048499159514,-0.004589460603892803,0.35163023248314856,0.1891202730475925,51920c63e69d99878e3a171ebf3efa38:0:0,786c76c2372bc5afaf6f3c92797c57af:0:0,ceccc62560e2ec76344bc91093ee85c8:0:0,f9f6396bc5c76658b79394011a3137e8:0:966178219,30262379dd5f8869d984ad6a86c98e98:0:1864276520,10,1.0,512,0,0,512,0,0,512,0,0,512,0,0,511,0,0,1,0,0,512,127.9698715209961,167.91357421875,0,0
1919,B,319,0.06168017536401749,0.8862505555152893,0.1256028413772583,1.2500745058059692,1024,512,0.1256028413772583,1.2500745058059692,stage1_rows,512,0,0.00929297599941492,0.01598088211612776,0.0009561379469232633,0.39183834865689277,0.18824225896969438,2510e7b3fc768edc23cba6c8285df238:0:0,10b2108dd782de26a8be6f4633f280a9:0:0,d189ecd30d030db690ae4c9caec2df42:0:0,d176a86de80dafc469f31f008a559ce8:0:1534514725,0e58de97c5a892db23d951edb80ea0b9:1:1169175023,10,1.0,512,0,0,512,0,0,512,0,0,512,0,0,512,0,0,0,0,0,512,129.0686492919922,166.83106994628906,0,0
1920,B,320,-0.08577346801757812,0.8231289386749268,-0.16580334305763245,1.158530354499817,1024,512,-0.16580334305763245,1.158530354499817,stage1_rows,512,0,6.871356163173914e-05,0.04498737050453201,0.0016499228950124234,0.3373968668282032,0.19058524805586785,e761ff91445ffd3a5f82531bc27cea38:0:0,a9f91388b70c6264b60a817c7e993a3a:0:0,c0e802d21879ac10561d8c0af8b01644:0:0,0f28b0086c453d104a40fd2047a601e8:0:145557925,a94f973731c20a8447398c575a446b5a:1:3625640344,10,1.0,512,0,0,512,0,0,512,0,0,512,0,0,512,0,0,0,0,0,512,127.97053527832031,168.01412963867188,0,0
1921,B,321,0.024916812777519226,0.8606266975402832,0.04635816812515259,1.2166473865509033,1024,512,0.04635816812515259,1.2166473865509033,stage1_rows,512,0,0.008042685687541962,0.06120437409263104,0.0028756284271366896,0.37032683491706847,0.1936719290097244,4f907d01748f5529b6daf3f98d9be238:0:0,618218f0b073ab5143f22ad2383abe8b:0:0,4f22dcb46ec4388c7ad4d5f7862c2222:0:0,874eec10caa2f72a0bb5b400a22266e8:0:876628193,a649c14ce0b93c42fabd660b3cf5e755:1:2750293613,10,1.0,512,0,0,512,0,0,512,0,0,512,0,0,512,0,0,0,0,0,512,127.96302795410156,167.7866668701172,0,0
1922,B,322,0.021056652069091797,0.8450848460197449,0.04452646151185036,1.194656491279602,1024,512,0.04452646151185036,1.194656491279602,stage1_rows,512,0,0.0018348750891163945,0.054289200762286785,-0.001701303831214318,0.35697605162858964,0.19169580598827451,1e5fac85ae6d9cae8496614189bada38:0:0,5fc283905fc19a4b481147d2ad5e0598:0:0,acb7cf96207c50247a32e831709e5d57:0:0,8514f52c01997096261ab401e9cacbe8:0:4096384447,df67ec73c466e39e3763af8f622a6e00:0:143128908,10,1.0,512,0,0,512,0,0,512,0,0,512,0,0,512,0,0,0,0,0,512,126.90489196777344,168.92799377441406,0,0
1923,B,323,-0.016466360539197922,0.8496177196502686,-0.03627623990178108,1.2012027502059937,1024,512,-0.03627623990178108,1.2012027502059937,stage1_rows,512,0,0.00044476555194705725,0.04332168514374644,-0.001451900860411115,0.36082660853862764,0.21253698301734403,12134bfe1c74e21988b972d3b6d9d238:0:0,5c67a0093d58f2eed9175adfe38badc5:0:0,58bbb44854033f45a07371ec04a5986d:0:0,d6c094533ddcae49396f58446e9f30e8:0:2120268442,db3df6e85897b9dc738aada1c496f37a:1:3714918000,10,1.0,512,0,0,512,0,0,512,0,0,512,0,0,512,0,0,0,0,0,512,126.46134185791016,169.5493927001953,0,0
1924,B,324,-0.010273962281644344,0.8444274663925171,-0.025715336203575134,1.1939966678619385,1024,512,-0.025715336203575134,1.1939966678619385,stage1_rows,512,0,0.001451154239475727,0.0564615489798598,0.001640857783058891,0.35649922415614127,0.19282946997554973,3a2516316cd4bed7688d009014f8ca38:0:0,2fb0edfa63daa4ffc3f9ab7be795af93:0:0,1bcf6def144a6cff80477a6343d9a9b8:0:0,afe658b42b8e2a019d8de6a8809f95e8:0:3281347127,23d948437c09d210f5fedf7f444796f4:1:3839240087,10,1.0,512,0,0,512,0,0,512,0,0,512,0,0,512,0,0,0,0,0,512,126.68231201171875,169.24090576171875,0,0
1925,B,325,0.02823232114315033,0.840627133846283,0.06291894614696503,1.1878058910369873,1024,512,0.06291894614696503,1.1878058910369873,stage1_rows,512,0,0.0028812752570956945,0.010278915031813085,0.0006032159988535568,0.35303652510046957,0.20442193798953667,11ee073926ddea402e9de256a417c238:0:0,3a9bc79605fc8d91dcf9fb920cbcc612:0:0,e01c27fc854c07c3e5733d21eaffa161:0:0,bb1dac1d46ad22711dd08fce6fcbfae8:0:2404165019,17c7d8e7836af54fa733b4d84d4cd8cc:1:495428449,10,1.0,512,0,0,512,0,0,512,0,0,512,0,0,511,0,0,1,0,0,512,126.20357513427734,169.70724487304688,0,0
1926,B,326,-0.0039569661021232605,0.8695760369300842,-0.0014640223234891891,1.229753017425537,1024,512,-0.0014640223234891891,1.229753017425537,stage1_rows,512,0,0.003460954874753952,0.06965676859254018,-0.0005266325315460563,0.3781291671097279,0.18895986303687096,3082b953d934dc66cabcf0076436ba38:0:0,263543b7182cc31953aecbb0957b3657:0:0,d4c39dbf25f92820f48402b5044915e4:0:0,3bbd92dbfb020d86e0b66f168c245fe8:0:1237019695,0ee24993075986d42066d9d0bdac549e:0:1171296776,10,1.0,512,0,0,512,0,0,512,0,0,512,0,0,512,0,0,0,0,0,512,125.55071258544922,170.4006805419922,0,0
1927,B,327,-0.03348735719919205,0.8247997164726257,-0.06643681973218918,1.1655082702636719,1024,512,-0.06643681973218918,1.1655082702636719,stage1_rows,512,0,0.00787210464477539,0.03751465373206884,0.0012557152193039655,0.3399101510643959,0.19178581499727443,7e331dde1ecb80e891ff01825555b238:0:0,ad3d3389c25e783b204ce5a7f37fa4de:0:0,1325543b2ba4d725686165d4e09f1e88:0:0,0737c49ac2d6c1297b888aa125a8c4e8:0:3193939741,6c4b3e9e6ff3d2d3adbe9b02c847d334:1:4135599352,10,1.0,512,0,0,512,0,0,512,0,0,512,0,0,511,0,0,1,0,0,512,124.95925903320312,171.24819946289062,0,0
1928,B,328,0.02736784517765045,0.8543410897254944,0.052384622395038605,1.207690954208374,1024,512,0.052384622395038605,1.207690954208374,stage1_rows,512,0,0.008125620894134045,0.05356993010500446,-0.005576082367042545,0.36487625539302826,0.19235306099290028,bd46ba7378a1f9bcbebceea77774aa38:0:0,7d51de4b3a03444eafcf5dfe484a4ce4:0:0,73d25e3293bf6331eb04bd8cb805e514:0:0,297d2f94b7e7a6b131fed34e8c5929e8:0:3594920191,1cf62bcdd00d1fd06e154808014cb43b:1:3605382855,10,1.0,512,0,0,512,0,0,512,0,0,512,0,0,512,0,0,0,0,0,512,126.03111267089844,170.18551635742188,0,0
1929,B,329,0.022291775792837143,0.8638493418693542,0.0433049201965332,1.2212947607040405,1024,512,0.0433049201965332,1.2212947607040405,stage1_rows,512,0,0.00400862842798233,0.04091758180875331,-0.0006154356240585912,0.3730281010270119,0.196811968984548,cbaf7677fa4e7203f0938f56ca93a238:0:0,2c3b99421b2b9647103164da05846879:0:0,1c11fc167736ea51c6ce176083990cef:0:0,24c7018633150d7261e524bf10358ee8:0:3441594642,00a7168b45abf37c14caa04355aa5456:1:342734536,10,1.0,512,0,0,512,0,0,512,0,0,512,0,0,512,0,0,0,0,0,512,127.10009002685547,169.035400390625,0,0
1930,B,330,0.008278610184788704,0.8677613735198975,0.01879018172621727,1.2271056175231934,1024,512,0.01879018172621727,1.2271056175231934,stage1_rows,512,0,0.0037572649307549,0.0005684676114469766,0.0007382623778539709,0.37650232315063475,0.19227107701590285,5685e98bc74c00d7ac63bb704eb29a38:0:0,1c09be2cf89020b5d6b08493d602ec9f:0:0,8ac03af09643f563da2b3c936c152700:0:0,49c4154b257670a81ac04553013df3e8:0:3771733185,c8bfb0986a2e0c978f56bf2ac5400b8d:1:1139583963,10,1.0,512,0,0,512,0,0,512,0,0,512,0,0,512,0,0,0,0,0,512,126.18511199951172,169.63702392578125,0,0
1931,B,331,-0.042150113731622696,0.8261359930038452,-0.08544612675905228,1.1667226552963257,1024,512,-0.08544612675905228,1.1667226552963257,stage1_rows,512,0,8.586735930293798e-05,0.013029854581691324,-0.0010487168001418468,0.3407954290509224,0.19187412603059784,c632ffa95f109c19dc524ad403d19238:0:0,0b1bfd3917090187fba569828e57ccd1:0:0,2ae088f602192363fb086c1f06b5ed56:0:0,bd268447c88c450ee172e62aaf7258e8:0:3302674428,110b4a27b98ad808c5fa28d9319d9606:0:3981383215,10,1.0,512,0,0,512,0,0,512,0,0,512,0,0,511,0,0,1,0,0,512,126.7740478515625,168.73545837402344,0,0
1932,B,332,0.018821731209754944,0.8464943170547485,0.03903543949127197,1.1967613697052002,1024,512,0.03903543949127197,1.1967613697052002,stage1_rows,512,0,0.006678428500890732,0.08226977718295529,-0.004675379690161208,0.35822519063949587,0.19034604099579155,f333abefb5ea1b444fc81561e9f08a38:0:0,89caff7760d233d664f638feae19749a:0:0,cff97086bf046605b7536ff2e902c584:0:0,864acab31b67a27f9fe2a3266ad2bde8:0:3101331403,bb77bc83d212aae0d7d0188086f3e0e0:0:2416792453,10,1.0,512,0,0,512,0,0,512,0,0,512,0,0,512,0,0,0,0,0,512,126.90233612060547,168.6454620361328,0,0
1933,B,333,0.003711450146511197,0.8432106375694275,0.015137570910155773,1.192361831665039,1024,512,0.015137570910155773,1.192361831665039,stage1_rows,512,0,0.0057603465393185616,0.05298375342972576,-0.0018983318645041437,0.3554966807365417,0.19777914101723582,b764475918a24a383b71f2fa010f8238:0:0,4cde569c6df6815e8c6f0a3c8029585b:0:0,b71a50f164e2b65d8a0c9f7c0d824c28:0:0,ee2470d05fb9dddac09d02e6835f22e8:0:3610134235,f8c06978bb6342e992c04429151de3a5:0:2818618694,10,1.0,512,0,0,512,0,0,512,0,0,512,0,0,512,0,0,0,0,0,512,125.9654769897461,169.7020721435547,0,0
1934,B,334,-0.02106792852282524,0.8474767804145813,-0.03909088671207428,1.1982382535934448,1024,512,-0.03909088671207428,1.1982382535934448,stage1_rows,512,0,0.00010385795030742884,0.01751326440135017,0.0013485535950167105,0.35909102112054825,0.19295150501420721,aeba1cdfd8ea0c0db940bb7c492e7a38:0:0,1bfa0942f06a24c0b8993d4d45e06bc5:0:0,b14ac63e5b37ce0f4b53ee7fea4fbb99:0:0,98fed4416bd8e793767c76cb491787e8:0:680213889,fac991447269300ab79339e379a9877e:0:896180892,10,1.0,512,0,0,512,0,0,512,0,0,512,0,0,512,0,0,0,0,0,512,125.07270050048828,170.67697143554688,0,0
1935,B,335,-0.010133666917681694,0.8301168084144592,-0.02207876369357109,1.1738357543945312,1024,512,-0.02207876369357109,1.1738357543945312,stage1_rows,512,0,0.001446370268240571,0.07647156685125082,0.002613677914996515,0.34456527084112165,0.19395870802691206,744288d1c08b8de3486946c8c24d7238:0:0,9dbd5d1c0d783dee30e714ff6112d6e0:0:0,41f8eaf67910a3c7e06033c4c9ed7e12:0:0,1c371f0b2de0032b304d5af50bfbece8:0:2253976715,4a728b36c11159cb6b612c528961dc7a:1:560744516,10,1.0,512,0,0,512,0,0,512,0,0,512,0,0,512,0,0,0,0,0,512,124.99708557128906,170.84983825683594,0,0
1936,B,336,0.020260732620954514,0.8886435031890869,0.03944971412420273,1.2564347982406616,1024,512,0.03944971412420273,1.2564347982406616,stage1_rows,512,0,9.1134337708354e-05,0.009945786744356155,0.0019545395916793495,0.39480208307504655,0.19355650001671165,5d27f553496389ad4d646cbf6c6c6a38:0:0,85e657a60df28656b427eb4650d113be:0:0,d67fd88cafddd67a8aea3521bcc1d5dd:0:0,88eaa8d4282f2bed3872f6441c0c51e8:0:218685057,42b85dc11db4641d87e591007169b994:0:3716793693,10,1.0,512,0,0,512,0,0,512,0,0,512,0,0,512,0,0,0,0,0,512,125.51678466796875,170.49740600585938,0,0
1937,B,337,-0.019054796546697617,0.8191972374916077,-0.03581581264734268,1.1582703590393066,1024,512,-0.03581581264734268,1.1582703590393066,stage1_rows,512,0,0.0005058405222371221,0.025471859565004706,-0.00018044293392449617,0.3355315402150154,0.19754802098032087,235de2539821990591ef0540478b6238:0:0,ed02f561314aae5c4d2e5ee0998dfa89:0:0,ad31d7518f3d68349449113cc7d3ea84:0:0,293f2d7e00a63b3a808c7a58c948b6e8:0:1957326037,d8b38d428caf75159795bfe2ed0c5d4f:0:2563408262,10,1.0,512,0,0,512,0,0,512,0,0,512,0,0,512,0,0,0,0,0,512,125.46808624267578,170.6896209716797,0,0
1938,B,338,0.008244246244430542,0.8318192362785339,0.019304394721984863,1.1762590408325195,1024,512,0.019304394721984863,1.1762590408325195,stage1_rows,512,0,0.0011893822811543941,0.019490521820262074,0.0005679024008713896,0.3459595590829849,0.1926549730123952,1c6e0b7237cf97fac509e82b53aa5a38:0:0,362a22613d952c0b69d5f70a985d0323:0:0,fe056af7bd215531398ff6ca2bd09345:0:0,f34505ab7213a4b5991a039363b11be8:0:2783994753,b5efcec51d28e09f6ebd5fde3e2c4281:0:2295928869,10,1.0,512,0,0,512,0,0,512,0,0,512,0,0,512,0,0,0,0,0,512,125.75260162353516,170.4691925048828,0,0
1939,B,339,0.015596742741763592,0.8328104615211487,0.029114194214344025,1.1776126623153687,1024,512,0.029114194214344025,1.1776126623153687,stage1_rows,512,0,0.004733114503324032,0.010357719869352877,0.0014348720782436431,0.3467860221862793,0.1978576320107095,7eb1a297942017dffaf9ed6090c95238:0:0,15655b2800f56fa2ca70ec8c9927edc0:0:0,5ee89cb5fb969291f28b03fcec047c11:0:0,8163c5370a695c9ed52199143b4580e8:0:825023606,b9e3188e29064cdac8e1d00ef3dcdbe7:1:570649450,10,1.0,512,0,0,512,0,0,512,0,0,512,0,0,512,0,0,0,0,0,512,125.27680969238281,170.8015594482422,0,0
1940,B,340,-0.04781664162874222,0.8258072137832642,-0.10005433112382889,1.165520429611206,1024,512,-0.10005433112382889,1.165520429611206,stage1_rows,512,0,0.003929756581783295,0.03133081725100055,0.00011234126868657768,0.3402628779411316,0.1962530070450157,d80a7a413083e21c2d47ecbffee84a38:0:0,7053fc7798fc5c2bc321c439704fede6:0:0,8d12b823f05f166947e1c072bee77ac9:0:0,9974844120653cb099d42cbba005e5e8:0:3925967717,0d88dc5391a8d649658c00e302bbdbc1:1:218143638,10,1.0,512,0,0,512,0,0,512,0,0,512,0,0,511,0,0,1,0,0,512,124.4041976928711,171.6703338623047,0,0
1941,B,341,0.04580792784690857,0.8491840362548828,0.08913561701774597,1.199342131614685,1024,512,0.08913561701774597,1.199342131614685,stage1_rows,512,0,0.001566179096698761,0.03181764837354421,0.0009297679644078016,0.36015466451644895,0.20124088699230924,34f0dec29a068af9bac0be299e074238:0:0,d1eae395ff91c0c80b02816cbb245a9f:0:0,9bf349f860f78c834f0c4c32fdbb7150:0:0,fe5824785074fbcbda329b29e1f24ae8:0:1221951139,b6447f5fda018679479e84a3a2ab1631:1:3756246356,10,1.0,512,0,0,512,0,0,512,0,0,512,0,0,512,0,0,0,0,0,512,123.66505432128906,172.3913116455078,0,0
1942,B,342,0.0063786073587834835,0.85865718126297,0.018801746889948845,1.2141857147216797,1024,512,0.018801746889948845,1.2141857147216797,stage1_rows,512,0,0.0053427014499902725,0.0033815034665167333,6.19969330728054e-05,0.3686357498168945,0.18859158898703754,8d63c1fc11f21475e775397d6e263a38:0:0,17f43c28b800625ad0b9271b92c5f577:0:0,0bcf67b50434a68c99e256693605364f:0:0,f478f0c39ab88cc4beb2abbf510aafe8:0:1448270822,5d0a6c0e6dbc3d3f1fcec9b18fe44985:0:2968089733,10,1.0,512,0,0,512,0,0,512,0,0,512,0,0,512,0,0,0,0,0,512,124.1482162475586,171.90745544433594,0,0
1943,B,343,0.009965978562831879,0.8449001908302307,0.021466631442308426,1.1947555541992188,1024,512,0.021466631442308426,1.1947555541992188,stage1_rows,512,0,0.00022028409875929356,0.021104292548261582,0.00022689034813083708,0.3569258041679859,0.18999796104617417,def9c147ef39a1105cba369b6f453238:0:0,f7b990d41495d482e17651956cbf3223:0:0,e334124a6fb1514fc74d85c8023850c1:0:0,46c424abeb20789f78e4109c3d4f14e8:0:3057360656,1fd5628ea0c836c913dbe2f703b4dd9b:1:2753043712,10,1.0,512,0,0,512,0,0,512,0,0,512,0,0,512,0,0,0,0,0,512,123.25579833984375,172.708740234375,0,0
1944,B,344,-0.03493136167526245,0.8645743727684021,-0.07151287794113159,1.2215931415557861,1024,512,-0.07151287794113159,1.2215931415557861,stage1_rows,512,0,0.005557341501116753,0.048082232743036,-0.004236223496263847,0.3734338849782944,0.19076018495252356,e7fa719fb4ab369aa9288d63a1642a38:0:0,6550eb8ffbf09427124f1546aaa94301:0:0,fed1e8913e0961c36ca99db51ee673eb:0:0,fe8fadf868c0888d431566a0f6bf79e8:0:2067109553,0d50a91d35c7f58b1a1f8493fff54fb9:1:1122624945,10,1.0,512,0,0,512,0,0,512,0,0,512,0,0,511,0,0,1,0,0,512,123.4579086303711,172.56918334960938,0,0
1945,B,345,-0.024585269391536713,0.8033161163330078,-0.04978078603744507,1.1354833841323853,1024,512,-0.04978078603744507,1.1354833841323853,stage1_rows,512,0,0.008727874606847763,0.029174003284424543,0.0012079967564204708,0.3225203540176153,0.19346053700428456,bf084239d9e89107c09d15b604832238:0:0,3022884c3da09fe5ffcf717b323b124b:0:0,883774aee7126c14563ac9041e02cd18:0:0,806999116289d3f98bf9356dcd5bdee8:0:2949778705,7a55c1ce0367fd10742e694faa5bb166:1:2767270360,10,1.0,512,0,0,512,0,0,512,0,0,512,0,0,511,0,0,1,0,0,512,122.66304779052734,173.62313842773438,0,0
1946,B,346,0.019356094300746918,0.8449050784111023,0.03892053663730621,1.1945416927337646,1024,512,0.03892053663730621,1.1945416927337646,stage1_rows,512,0,3.066379576921463e-07,0.009244899463374168,0.0009418764602742158,0.35684722363948823,0.1985143429483287,857c2a214527053b7c38a77298a21a38:0:0,451ca4ddcbec0dc7e7233f51b17278fc:0:0,dec6696b1d97d0a7c223ab098ce39aa5:0:0,931823150dba06f74e4aef63112443e8:0:1640621137,7b7f23b36cb48aac4fc4d0ee095c471e:1:2544056008,10,1.0,512,0,0,512,0,0,512,0,0,512,0,0,512,0,0,0,0,0,512,123.72429656982422,172.45509338378906,0,0
1947,B,347,-0.026310738176107407,0.8129268884658813,-0.04863455891609192,1.149214506149292,1024,512,-0.04863455891609192,1.149214506149292,stage1_rows,512,0,0.0048555126413702965,0.1072706459905021,-0.004441575764212757,0.33034747689962385,0.19126017298549414,3025398773b673da1a601a795dc11238:0:0,532b2b8a42139ea6c79be94b7fe81c42:0:0,68ac9010f8e16b40aad85a1ffcee0c67:0:0,9f42c6438d68755e9473f1a11218a8e8:0:3309232571,fdf2a0ccf53fa04c50a3c8b119d4b59e:0:1520619771,10,1.0,512,0,0,512,0,0,512,0,0,512,0,0,512,0,0,0,0,0,512,123.70365905761719,172.4114990234375,0,0
1948,B,348,0.041832901537418365,0.8341465592384338,0.08512845635414124,1.178056001663208,1024,512,0.08512845635414124,1.178056001663208,stage1_rows,512,0,0.00019048876129090786,0.03170795710757375,0.0017267027404159307,0.34747417494654653,0.20347973599564284,daa70bd24f4f4c17bebc46aa53e00a38:0:0,17a53c291db6ec3de501e872fe50693a:0:0,3ace95d13b2bd7b783855ec7228eff90:0:0,8b4571b0e2b44eea2830840820390de8:0:816009408,3355af68958bf6dcd0587222c5ac8563:1:1006514397,10,1.0,512,0,0,512,0,0,512,0,0,512,0,0,512,0,0,0,0,0,512,122.88724517822266,173.22279357910156,0,0
1949,B,349,0.004141755402088165,0.8331563472747803,0.009912895038723946,1.178212285041809,1024,512,0.009912895038723946,1.178212285041809,stage1_rows,512,0,0.0017077797092497349,0.04225707757286727,0.0016657087835483253,0.347087199985981,0.19729143095901236,4d32fba6ae279e87f23a03e57aff0238:0:0,9f6c72ec2a3c286fc27ea2354c4e9527:0:0,da30a7099d6cf8a7f5c4a4d191ce3a57:0:0,4c077f2f723208a56e34d9388b8572e8:0:4014580806,12a34935efe1fca3478d2f3ecb539ba3:1:89319008,10,1.0,512,0,0,512,0,0,512,0,0,512,0,0,512,0,0,0,0,0,512,122.69439697265625,173.34185791015625,0,0
1950,B,350,-0.016770901158452034,0.852109432220459,-0.030613845214247704,1.2049024105072021,1024,512,-0.030613845214247704,1.2049024105072021,stage1_rows,512,0,0.0001064216485247016,0.04716491857543588,-0.0015529852898907848,0.3630497880280018,0.2064606369822286,4ad0de707bcf3fed230a2a0ad31dfa38:0:0,1186329a0715dc76f9cbaccdc5df565a:0:0,6caf8694f1f86a248becafb0a5afa3c8:0:0,37183550bd50cffa6dd20e92a3fdd7e8:0:3230848593,a54187a9678557d819b6b5285261e0c8:1:1083896411,10,1.0,512,0,0,512,0,0,512,0,0,512,0,0,511,0,0,1,0,0,512,123.18465423583984,172.8310546875,0,0
1951,B,351,0.017471473664045334,0.8566433191299438,0.03144002705812454,1.2113125324249268,1024,512,0.03144002705812454,1.2113125324249268,stage1_rows,512,0,0.009730612859129906,0.07976099848747253,0.004057419009041041,0.36690782085061074,0.1919879779452458,e7dcf12988d2fc0824a190fa5c3cf238:0:0,f3ea767d680376d2788e849b94ffba93:0:0,51b4a5fe7bb7db321b4ce931c2a53f04:0:0,85935a57c58b9bb0049b2c36b9a23ce8:0:3189035948,f4d244b7e49b96e05a1d448f1cd12326:0:1987576263,10,1.0,512,0,0,512,0,0,512,0,0,512,0,0,512,0,0,0,0,0,512,123.10615539550781,173.00802612304688,0,0
1952,B,352,0.0032560196705162525,0.8826427459716797,0.009673219174146652,1.2482078075408936,1024,512,0.009673219174146652,1.2482078075408936,stage1_rows,512,0,0.004065747372806072,0.011732463911175727,-0.00016889173712115736,0.3895334996283054,0.19166136003332213,8cc9845fff26d867afb91094165bea38:0:0,3c8d6c198ebebc6c37edda7496334f42:0:0,ea713ba47aee3b0ff7bf07d6d4d4557a:0:0,5afa83354b542f28460a25051c72a1e8:0:2587558003,e06ba128a64933b7d2145e6b3b3f1706:1:2147435421,10,1.0,512,0,0,512,0,0,512,0,0,512,0,0,512,0,0,0,0,0,512,121.99397277832031,174.2463836669922,0,0
1953,B,353,0.006259768269956112,0.8457316756248474,0.01162613183259964,1.196018099784851,1024,512,0.01162613183259964,1.196018099784851,stage1_rows,512,0,0.009513779543340206,0.03205861992901191,-0.00012170900154160336,0.357682304084301,0.19602421397576109,6893d9bd79576737e24d80b8017ae238:0:0,5ff09d922d124044aa315b357cc495c4:0:0,633e0ba6b94fd92736aba148dd130156:0:0,415ca24dbbc1242f0724d69e1c6f06e8:0:583485048,1f63b0adaf4cab3a7930e766ec275b3b:0:46966447,10,1.0,512,0,0,512,0,0,512,0,0,512,0,0,512,0,0,0,0,0,512,122.80695343017578,173.521728515625,0,0
1954,B,354,-0.031334444880485535,0.8518363237380981,-0.06304001063108444,1.203839659690857,1024,512,-0.06304001063108444,1.203839659690857,stage1_rows,512,0,0.0007005291990935802,0.02409091426525265,0.0015907702618278563,0.3625610277056694,0.19739569199737161,f0b4898fba822a11bf9fb9461d99da38:0:0,89b1e0241498a5f18e51ba94351daa91:0:0,f420df08f6ae942acc8b0b15786ee40d:0:0,133678072622cfa89622096209976be8:0:139544342,724bf05a6d6d638d0bd3a437a0c39f1d:0:3673147655,10,1.0,512,0,0,512,0,0,512,0,0,512,0,0,511,0,0,1,0,0,512,124.05179595947266,172.34779357910156,0,0
1955,B,355,-0.004875856451690197,0.8452915549278259,-0.008810874074697495,1.1953989267349243,1024,512,-0.008810874074697495,1.1953989267349243,stage1_rows,512,0,0.0029321820475161076,0.031203086068853737,-0.00010046217357739806,0.35732636898756026,0.19417420303216204,a1a4ab14051504cab034921e6ab8d238:0:0,bc1445973c1dc5c03a0e932ac83a1af7:0:0,b0ca1f1412d23da6285264881411eb3d:0:0,28d5ce1efdbd95709e0e707133ebd0e8:0:1714271983,c1db45fb64db1fc24c2f5648fa71e62f:1:330538666,10,1.0,512,0,0,512,0,0,512,0,0,512,0,0,512,0,0,0,0,0,512,124.30709075927734,171.96482849121094,0,0
1956,B,356,0.036906804889440536,0.8748010993003845,0.07914818078279495,1.2356935739517212,1024,512,0.07914818078279495,1.2356935739517212,stage1_rows,512,0,0.010935092344880104,0.01723237967817113,0.0009017158608912723,0.3821636587381363,0.1926314759766683,8359de860e54c04401d4e320e8d7ca38:0:0,de3ef9bf094552623e5884a236d47b79:0:0,9db3bc49277b2f241c9d53975cbfa77b:0:0,c9e909b7bc02ffb93671a9abeb6c35e8:0:671552987,17981ed5f90e742700091fa363993178:1:4173105163,10,1.0,512,0,0,512,0,0,512,0,0,512,0,0,511,0,0,1,0,0,512,124.91527557373047,171.24774169921875,0,0
1957,B,357,-0.032802872359752655,0.8446651697158813,-0.06612253189086914,1.1935923099517822,1024,512,-0.06612253189086914,1.1935923099517822,stage1_rows,512,0,0.0034591613803058863,0.06946725422749296,0.001141234626629739,0.3564510025084019,0.2011080359807238,005c3c338caa9d3a678d842d97f6c238:0:0,611b0a3c315a63683bc811a8d1f287b8:0:0,83aaaa299bc37dac086aac1cb0df1f8c:0:0,27ff2219acbdae3a1ef33db280189ae8:0:1763477007,2a818f8e205b2b49ce3a859c2ecab28d:1:1899572930,10,1.0,512,0,0,512,0,0,512,0,0,512,0,0,512,0,0,0,0,0,512,126.13072204589844,170.00250244140625,0,0
1958,B,358,-0.019484523683786392,0.8305134773254395,-0.03410973772406578,1.1743189096450806,1024,512,-0.03410973772406578,1.1743189096450806,stage1_rows,512,0,0.003536098636686802,0.015021276276092977,0.000363370927516371,0.34488950967788695,0.19442956300918013,645210155eb8f71579af4d247815ba38:0:0,1e8012d6ed5830ba8d6584943148b20c:0:0,f1ffd720f102017d4c87e4e1212dfd47:0:0,ef143e7447bef18026ff9fe541f0ffe8:0:1031025184,bab65d3e461e9a7544b80fa4ba823a1a:1:1248588402,10,1.0,512,0,0,512,0,0,512,0,0,512,0,0,512,0,0,0,0,0,512,126.80790710449219,169.20924377441406,0,0
1959,B,359,-0.0022975769825279713,0.87478107213974,-0.00436397735029459,1.2371176481246948,1024,512,-0.00436397735029459,1.2371176481246948,stage1_rows,512,0,2.1669548004865646e-06,0.013637408812064678,0.0006853005237644538,0.38269526809453963,0.1953076859936118,d80e2daf4936f6b735cf15e58934b238:0:0,f2b7c958d0eae2c6d7ba499e2ccbd2a2:0:0,345284a3f4763bc9481241c448980bf5:0:0,1ae846b27ab7a6acc16d2e6480f564e8:0:325981603,1fdee65353ec6b48adebf37acea79d02:1:2506385962,10,1.0,512,0,0,512,0,0,512,0,0,512,0,0,511,0,0,1,0,0,512,127.5762710571289,168.6029052734375,0,0
1960,B,360,0.05620464310050011,0.8735524415969849,0.11141857504844666,1.2329164743423462,1024,512,0.11141857504844666,1.2329164743423462,stage1_rows,512,0,2.307351678609848e-07,0.049347058334387836,0.0014473838440608234,0.38089424595236776,0.1994565000059083,ed568c374993554b7ec5b650cb53aa38:0:0,744d28c93d329bcec1670def0ab47132:0:0,204acfc17ab39975bacbd6eba998b0ac:0:0,c49a05d82a00a7f5c42132108d25c9e8:0:2615432082,cb375ae77540c08824190f1d58659a83:1:2508098377,10,1.0,512,0,0,512,0,0,512,0,0,512,0,0,511,0,0,1,0,0,512,127.64696502685547,168.6573486328125,0,0
1961,B,361,-0.0744534358382225,0.8425377011299133,-0.15235166251659393,1.1863794326782227,1024,512,-0.15235166251659393,1.1863794326782227,stage1_rows,512,0,0.001642487826757133,0.034473855106625706,-0.000377717986702919,0.35362066999077796,0.20053969701984897,c3b9bf457b5e2f179cb006463e72a238:0:0,444805a2d98847df14712f4e7944a907:0:0,4b3b20eb922d3f10042ddf8f62be2528:0:0,0d36da8df831e63553b4de89b6822ee8:0:2882551936,971192530588c69346224b010ecb1a65:1:2421825255,10,1.0,512,0,0,512,0,0,512,0,0,512,0,0,512,0,0,0,0,0,512,127.75105285644531,168.79248046875,0,0
1962,B,362,0.04157988727092743,0.8811970353126526,0.07940584421157837,1.2450019121170044,1024,512,0.07940584421157837,1.2450019121170044,stage1_rows,512,0,0.009314528666436672,0.07925404161214829,-0.004208322428166866,0.3880237445235252,0.19741175300441682,81e2c48d8e79e649bceedda5e2919a38:0:0,165d20e13fcc3b3e874436f1581dc3f4:0:0,ca16c4b87447b2124cb41ba70d25887d:0:0,fb406fa61281ffd9fb1a52304d0a93e8:0:23656025,cd5963f6cf8a74d598795e48551c652b:1:129487698,10,1.0,512,0,0,512,0,0,512,0,0,512,0,0,512,0,0,0,0,0,512,128.4688720703125,168.58682250976562,0,0
1963,B,363,-0.0642085000872612,0.8139954805374146,-0.1231568232178688,1.1481205224990845,1024,512,-0.1231568232178688,1.1481205224990845,stage1_rows,512,0,0.0010237916139885783,0.03769638872472569,0.0021976143994834273,0.33047898560762407,0.1926579600549303,4beb8362cc1315c87227144fb7b09238:0:0,41d4ae29703a635ec6da22922a02697a:0:0,387f054b81ef05fc6b49581f819d2ebb:0:0,fb43f5ad5302e986ef419624a0bef8e8:0:1342803495,d3d197ea9bfd255e2d36394bacde2173:0:2062160754,10,1.0,512,0,0,512,0,0,512,0,0,512,0,0,511,0,0,1,0,0,512,127.38877868652344,169.81248474121094,0,0
1964,B,364,0.05021324381232262,0.8428539037704468,0.09940574318170547,1.1898975372314453,1024,512,0.09940574318170547,1.1898975372314453,stage1_rows,512,0,0.0013050977140665054,0.004768907837569713,-0.0016169092676136642,0.35476378351449966,0.1929784879903309,07373f07a85f940234418223bdcf8a38:0:0,76066599cb5041d0081294f5ba65cebb:0:0,a393554f154255ea0efd556eef8c90ce:0:0,fef58b3381eafcb47ebd9e47019f5de8:0:9448169,9390676abdf39980177efd8d0097d337:1:2077639851,10,1.0,512,0,0,512,0,0,512,0,0,512,0,0,512,0,0,0,0,0,512,127.76216888427734,169.43333435058594,0,0
1965,B,365,0.023565974086523056,0.8448923826217651,0.05132702365517616,1.1941910982131958,1024,512,0.05132702365517616,1.1941910982131958,stage1_rows,512,0,0.0009491525124758482,0.028824881417676806,0.0003966311764088459,0.35672466084361076,0.1938083659624681,1f5f2109df2485bce06aff01f4ee8238:0:0,d61d9b9a2c6d93b27e4995620417e838:0:0,2fe364a33ef8727ed1061417756a29f0:0:0,e5d3ee87dc3480a0ad694937bfabc2e8:0:1565775921,5259d01ea883dc75c72ae6936b7999e4:1:2757302615,10,1.0,512,0,0,512,0,0,512,0,0,512,0,0,512,0,0,0,0,0,512,128.20428466796875,169.04376220703125,0,0
1966,B,366,-0.03788314759731293,0.842063844203949,-0.07379142940044403,1.1897611618041992,1024,512,-0.07379142940044403,1.1897611618041992,stage1_rows,512,0,0.0068749841302633286,0.06055249806959182,-0.0034101117285899817,0.354330275952816,0.1949918660102412,1db3e52c190380e5391462ca5d0d7a38:0:0,8d0d4ce1ec4d432f2f8698385fcf9d98:0:0,f8d0ba05d5b3bf47e9802b1ddfcc5b3b:0:0,d6698c6047f881dffc0c60572ae427e8:0:794934120,ecbf501b119f35c362ceb0635f1d1409:0:3460042505,10,1.0,512,0,0,512,0,0,512,0,0,512,0,0,512,0,0,0,0,0,512,128.59304809570312,168.69223022460938,0,0
1967,B,367,-0.006444066762924194,0.8578194975852966,-0.016283230856060982,1.213043212890625,1024,512,-0.016283230856060982,1.213043212890625,stage1_rows,512,0,0.0007613390916958451,0.04755742787383497,-0.0018642708717379719,0.3679236747324467,0.19530287600355223,3dc8949e178ebf5e65f2855cf62c7238:0:0,5b716e35d96b5ba03ac64af55cee75ce:0:0,dcb7a780b6970ad8b6946ee187285d33:0:0,a01e266dc6048cde5c0097c593488ce8:0:2824162304,02b997f9fe39769164c12487378a7d10:0:1719186302,10,1.0,512,0,0,512,0,0,512,0,0,512,0,0,512,0,0,0,0,0,512,127.53456115722656,169.6133270263672,0,0
1968,B,368,0.0030568663496524096,0.8494082093238831,0.003446337766945362,1.2012416124343872,1024,512,0.003446337766945362,1.2012416124343872,stage1_rows,512,0,0.0008104043081402779,0.054667853913269934,-0.0020097620435990393,0.36077959537506105,0.19128858804469928,3d632284662461d173fe3e99c04b6a38:0:0,2838f717ff138619fb15f2fbe1f8e793:0:0,80b0e1be0ff4328bc0fd079bc6ee070a:0:0,d64d966bbc459fa04ed68e6348d8f1e8:0:3636479908,7f22b1a6a99cbc34a9bc0f7355c7630b:1:4172791423,10,1.0,512,0,0,512,0,0,512,0,0,512,0,0,512,0,0,0,0,0,512,127.85433959960938,169.26473999023438,0,0
1969,B,369,0.03660512715578079,0.8546748161315918,0.07346856594085693,1.207565426826477,1024,512,0.07346856594085693,1.207565426826477,stage1_rows,512,0,0.01402200199663639,0.07479665060527622,0.0015038745914353058,0.3649767830967903,0.19353264395613223,7510a0108d90c27cd5746660bb6a6238:0:0,fbbbb7911cabdef7b26ec488aed54842:0:0,44717f08c64e9ab8d788138ed2a640c5:0:0,9e9ae0eda5bd671431facdd09b9556e8:0:2054967395,f39eb86ba91f1069179c3d8d08fc98e6:0:1076387434,10,1.0,512,0,0,512,0,0,512,0,0,512,0,0,512,0,0,0,0,0,512,128.233642578125,169.0167236328125,0,0
1970,B,370,-0.002461198717355728,0.8817113637924194,-0.0022889394313097,1.2469115257263184,1024,512,-0.0022889394313097,1.2469115257263184,stage1_rows,512,0,0.005772320553660393,0.03999522803351283,0.0027741543191950766,0.3887604452669621,0.20796644099755213,d073a2aac877d803e1d5d491e7895a38:0:0,092341e1b112983054076ac6e80eed00:0:0,2b9581e78e01fab5198b8caf9ef2b38b:0:0,cf21723b8ad19c43b65aca6ddb7dbbe8:0:1997195829,a724cba4fab1e15a3e1647679f3a8d3f:1:1639105974,10,1.0,512,0,0,512,0,0,512,0,0,512,0,0,511,0,0,1,0,0,512,126.85945892333984,170.45547485351562,0,0
1971,B,371,-0.020936688408255577,0.8573493361473083,-0.03883194923400879,1.2122085094451904,1024,512,-0.03883194923400879,1.2122085094451904,stage1_rows,512,0,0.0001915154280140996,0.020119974412955342,0.00019981185323558748,0.367500714212656,0.2060009489650838,82345aee3685a83e55e7610d44a85238:0:0,436ab8383c6ff5902f3daa22b73c5875:0:0,ce10190f8b278f77265c05c03795e4c6:0:0,0927e21d5fe015b58409e35b589220e8:0:1665892433,2e14383c841d75b53b24369e3408651b:1:365078017,10,1.0,512,0,0,512,0,0,512,0,0,512,0,0,512,0,0,0,0,0,512,127.78204345703125,169.50439453125,0,0
1972,B,372,-0.01942196860909462,0.8676637411117554,-0.038335323333740234,1.2267646789550781,1024,512,-0.038335323333740234,1.2267646789550781,stage1_rows,512,0,0.00011050514876842499,0.050130351237021385,-0.00040437686839140953,0.37641487270593643,0.20489882997935638,4f42bf788c65cb07d3b1e3b2d2c74a38:0:0,d55281ccd1d8526571513a29a89a00df:0:0,b4339ae8660b884eaef379692807961f:0:0,c4072cb4081ce14f09e6627962d285e8:0:2808526183,df4b9353534efbdeffbe9db3e964fb39:1:3927818612,10,1.0,512,0,0,512,0,0,512,0,0,512,0,0,512,0,0,0,0,0,512,127.6266098022461,169.6777801513672,0,0
1973,B,373,0.021850068122148514,0.8487551808357239,0.042627736926078796,1.1999561786651611,1024,512,0.042627736926078796,1.1999561786651611,stage1_rows,512,0,0.0032338788732886314,0.008496384450700134,0.0011474650600575842,0.36012484431266784,0.2018064659787342,07dc12ce3e81fd0f6282346291e64238:0:0,edeee6c8ee19d3a7e64a0f1e22794abf:0:0,1954b407e1909aade92765dfac42400b:0:0,845671983fda7b06793e7c684a3eeae8:0:988956919,39988521be093c1e5b7936a5565cca1e:1:3623979910,10,1.0,512,0,0,512,0,0,512,0,0,512,0,0,512,0,0,0,0,0,512,127.77559661865234,169.5734100341797,0,0
1974,B,374,-0.028784500434994698,0.7895064949989319,-0.05564889311790466,1.1158781051635742,1024,512,-0.05564889311790466,1.1158781051635742,stage1_rows,512,0,0.00019555806647986174,0.033470900682732466,-0.001160263383644633,0.3115272890776396,0.2085200509754941,3a7defd42487c2a6eee92afc82053a38:0:0,f80b58ca990345e4cec713a2d162eb76:0:0,0d6239164c664cf0ff8e28a181f97572:0:0,da9dd2981b76f4b4ed7550885ed74fe8:0:2718449942,5661bd174bf61079be89792207ea0f50:1:3774435143,10,1.0,512,0,0,512,0,0,512,0,0,512,0,0,512,0,0,0,0,0,512,127.21940612792969,170.39710998535156,0,0
1975,B,375,-0.023659199476242065,0.8382595181465149,-0.04877256229519844,1.1849339008331299,1024,512,-0.04877256229519844,1.1849339008331299,stage1_rows,512,0,1.0367948561906815e-05,0.050572667398955676,-0.0018385118310106918,0.3512235336005688,0.19249195797601715,5da1ec9f93b51a92cabb9f60a3243238:0:0,7dade2b156eed3bf8c95db98bc44dc0a:0:0,be2c81c72701aabf22d9b1c753a7f2d9:0:0,e66b1bbf1743a358bfa7e8f9f09bb4e8:0:3866731379,ad7c983a0adcd64ac6c23b70505dd583:0:1766543392,10,1.0,512,0,0,512,0,0,512,0,0,512,0,0,512,0,0,0,0,0,512,127.09890747070312,170.63491821289062,0,0
1976,B,376,0.030032506212592125,0.8314090371131897,0.05349775031208992,1.1753133535385132,1024,512,0.05349775031208992,1.1753133535385132,stage1_rows,512,0,1.8040882423520088e-06,0.0064934709924273195,0.002228013298008591,0.34555609300732615,0.21060767699964345,98c5c79dedec40d92d12696ef5432a38:0:0,b00d4e189d800852522703693330cc9a:0:0,c17b13e7b51ce81012e746aeff8caf2f:0:0,8af8ea06e8d7a61806523a9d4f8c19e8:0:3923177468,4ee866884f745de80f4ab00f09b6ab5d:0:1591126068,10,1.0,512,0,0,512,0,0,512,0,0,512,0,0,512,0,0,0,0,0,512,127.20797729492188,170.69161987304688,0,0
1977,B,377,0.016560425981879234,0.8539696931838989,0.03486927971243858,1.2074081897735596,1024,512,0.03486927971243858,1.2074081897735596,stage1_rows,512,0,0.00961440708488226,0.052790281421039253,-0.0045857402263209225,0.36461424753069877,0.19629607495153323,fbe4f754a38e8191b24a610778622238:0:0,a757702cf02f7afed421ad31210f2403:0:0,3d37192feb551f61433e411f0d176517:0:0,f98dd04c5b585b5340f42512cba87ee8:0:3857175930,5174e93ff560d180e66ee04325fd9cb5:0:3570621297,10,1.0,512,0,0,512,0,0,512,0,0,512,0,0,512,0,0,0,0,0,512,127.32496643066406,170.88308715820312,0,0
1978,B,378,-0.023723948746919632,0.8324218988418579,-0.04469123110175133,1.1768414974212646,1024,512,-0.04469123110175133,1.1768414974212646,stage1_rows,512,0,7.957662455737591e-05,0.022822886379435657,0.000980191573034972,0.3464121624827385,0.19483346201013774,5621593aa61e1bb4dc045e0a2c811a38:0:0,2f9b8a8fddc239eaf8fafbc7473c316e:0:0,eae33966a397b5f6dc8f31975daf0d3b:0:0,e17596177e5d98182fb672bab4f0e3e8:0:3286543818,e4a366e5d06da781711e2b341633b6ac:1:3735480547,10,1.0,512,0,0,512,0,0,512,0,0,512,0,0,511,0,0,1,0,0,512,126.23240661621094,172.2764434814453,0,0
1979,B,379,-0.002181712072342634,0.8468661904335022,-6.36884942650795e-05,1.1976369619369507,1024,512,-6.36884942650795e-05,1.1976369619369507,stage1_rows,512,0,0.0017191930674016476,0.003333107626531273,-0.00012667026603594423,0.35863509252667425,0.19489907601382583,f8e9a06c49a733eb9125385711a01238:0:0,7484f57968a065f335745ad22e56e4d7:0:0,52deff43d23c4677f8fb6c2e0838d428:0:0,652c7c9d52323644d70fd8b55b6548e8:0:2881443417,d982f94723e8e5ed21d10e26b06579e9:0:1339917902,10,1.0,512,0,0,512,0,0,512,0,0,512,0,0,511,0,0,1,0,0,512,126.04947662353516,172.28512573242188,0,0
1980,B,380,0.006406048312783241,0.834100067615509,0.010998398065567017,1.1795750856399536,1024,512,0.010998398065567017,1.1795750856399536,stage1_rows,512,0,0.001929762540385127,0.03099642563611269,-0.001060907966166269,0.3478807657957077,0.1957929190248251,8c75093a92efd75e9dd5c7ce27bf0a38:0:0,144053243f7fda1347ed82968f4992ac:0:0,6db2c18c11cc6e4df3ef1b020ec160cf:0:0,e2fd2f46e44c4daaaf69f6e30f05ade8:0:2497291755,dfe766939a6ceac433a95de6c19900ab:0:2625039031,10,1.0,512,0,0,512,0,0,512,0,0,512,0,0,512,0,0,0,0,0,512,125.57785034179688,172.88607788085938,0,0
1981,B,381,0.04367085546255112,0.8596543073654175,0.09212737530469894,1.2137991189956665,1024,512,0.09212737530469894,1.2137991189956665,stage1_rows,512,0,0.01164204441010952,0.06546509223990142,0.004713035361783113,0.3689698435366154,0.19838714500656351,acecbad6f06f0e863382e44f6ede0238:0:0,c30931b5c68b91eef87b82d6e9348aee:0:0,ef4ad75204266ec72cdf952b6ff3b0a5:0:0,fe6fa92a7bf32c8200c657e41fd212e8:0:4250140060,8abb65fbdf2145ca1f23e7cee87bdfa1:1:1305912986,10,1.0,512,0,0,512,0,0,512,0,0,512,0,0,509,0,0,3,0,0,512,126.09677124023438,172.30282592773438,0,0
1982,B,382,-0.06187865510582924,0.8386334776878357,-0.1253543645143509,1.1825789213180542,1024,512,-0.1253543645143509,1.1825789213180542,stage1_rows,512,0,0.0026902775280177593,0.022720587020739914,0.0002767882659099996,0.35069199129939077,0.191886977001559,5514249c5c0afff968dd65bae6fcfa38:0:0,eef43a6591b328671bea98503e35b2ed:0:0,8ac5011ae53baa10d600e83b526f0c9e:0:0,1a443b6b0923e37d6a637118ddca77e8:0:1438686505,7f4dd4a2f24ae68a70db5e80daa1767e:1:1373053416,10,1.0,512,0,0,512,0,0,512,0,0,512,0,0,512,0,0,0,0,0,512,127.36476135253906,170.98831176757812,0,0
1983,B,383,0.06125941500067711,0.860581636428833,0.11726540327072144,1.214417576789856,1024,512,0.11726540327072144,1.214417576789856,stage1_rows,512,0,0.006642043590545654,0.13253558201249688,-0.0035471925657475367,0.3697818137705326,0.193894553987775,23b288b6e39e233db9da23f0901bf238:0:0,9c9841fcd180a4fe0e2e331ee444c592:0:0,68700b20d3f9a75cfeed4cb97231d419:0:0,7724a48c7edff9cd9661a2a198eedce8:0:831072559,b0bfcecc89f99b7654c7aa1a001f26b8:1:1298701931,10,1.0,512,0,0,512,0,0,512,0,0,512,0,0,511,0,0,1,0,0,512,127.99244689941406,170.38157653808594,0,0
1984,B,384,0.017530808225274086,0.8471595644950867,0.03125528618693352,1.1978724002838135,1024,512,0.03125528618693352,1.1978724002838135,stage1_rows,512,0,0.008120507933199406,0.07345227138139307,0.0020728463539853694,0.35883358865976334,0.19263256702106446,4c68ca2a9643839687b1f6d06a3aea38:0:0,83b8c19b13d95adc9d2e5c0d8aa1e2fd:0:0,d8c74f52946ea5cf858bfe8a86c8c737:0:0,8750c1a51e2c9d651968375ea13f41e8:0:3750358598,40f8ba11e626b082d3ddd86d875b8ba2:1:991990565,10,1.0,512,0,0,512,0,0,512,0,0,512,0,0,512,0,0,0,0,0,512,126.95156860351562,171.42869567871094,0,0
1985,B,385,-0.053233057260513306,0.8424995541572571,-0.10445058345794678,1.1892647743225098,1024,512,-0.10445058345794678,1.1892647743225098,stage1_rows,512,0,0.005802491679787636,0.02976694704266265,-0.0006927233538590371,0.35437769666314123,0.19456350296968594,82ff787ad46a12d498e1b63a7559e238:0:0,494dc2939da2f98b77349d1b1a237446:0:0,9cf0382dad786cf06886d4f9ae667680:0:0,52781317f82363cc7e4a64f046bba6e8:0:2354201283,5b4f13e0af86526cf4cc7077ed7baf51:1:4160026302,10,1.0,512,0,0,512,0,0,512,0,0,512,0,0,511,0,0,1,0,0,512,125.89311981201172,172.53985595703125,0,0
1986,B,386,-0.009244534187018871,0.8510183095932007,-0.02005022019147873,1.2033923864364624,1024,512,-0.02005022019147873,1.2033923864364624,stage1_rows,512,0,0.0093317199498415,0.03875188312958926,0.0004985540523193777,0.36211110576987265,0.19811357301659882,6991f77300af0c25992a3a0eb178da38:0:0,3135fa7bd8cd2a1747129cc0f3f06f97:0:0,f6a11fd7d8b9a7e2410d53b12ef95714:0:0,6218aa6013906fd67dac4bb6d9640be8:0:4100210207,78a4524949443d302abcc66c7a0dcefa:1:3441938217,10,1.0,512,0,0,512,0,0,512,0,0,512,0,0,512,0,0,0,0,0,512,126.81256866455078,171.6464080810547,0,0
1987,B,387,0.07696770876646042,0.8379892110824585,0.15336427092552185,1.180155873298645,1024,512,0.15336427092552185,1.180155873298645,stage1_rows,512,0,0.007795519195497036,0.039421221055090425,-0.0011323793107294478,0.35005380064249036,0.1936715460033156,fe4c85d18f7f66e399905a2d1e97d238:0:0,33f00dce4f87c2cb032728920e25246c:0:0,858cdbd407cecbc68ea88547a5abbfad:0:0,18930091adb4908461a7f6d2a93870e8:0:2984563673,56162a4ec6a711386d72b680f0194d18:0:4074832347,10,1.0,512,0,0,512,0,0,512,0,0,512,0,0,509,0,0,3,0,0,512,125.71333312988281,172.972412109375,0,0
1988,B,388,-0.044914521276950836,0.8463306427001953,-0.08381842821836472,1.1955699920654297,1024,512,-0.08381842821836472,1.1955699920654297,stage1_rows,512,0,0.005599646829068661,0.012712772004306316,0.0011657504815957508,0.35793561562895776,0.20231059700017795,34bbc9d673805964905cee75bcb6ca38:0:0,8447788892a2f9f8675eadad200ec847:0:0,a419c54a68ec58be0f37a04f55a5f081:0:0,67e4e0c3fddcad6a95725c240638d5e8:0:4064035193,32b6084a875c0d42136f413066a897f0:1:2871139732,10,1.0,512,0,0,512,0,0,512,0,0,512,0,0,511,0,0,1,0,0,512,126.57111358642578,171.74913024902344,0,0
1989,B,389,0.006585176568478346,0.829795241355896,0.003600476309657097,1.173488736152649,1024,512,0.003600476309657097,1.173488736152649,stage1_rows,512,0,0.011949002742767334,0.047001018619630484,-0.0006532967323437333,0.34432853758335114,0.2138119550072588,50ed6ef5e4beebc9d91ccec88bd5c238:0:0,f281580373093a98f20f209b4ea69262:0:0,4db5e345b73df0cdca6a382ecb52a037:0:0,217081bdb89a94e561005c4b40653ae8:0:222327005,125ef542fca1516e6b1626029e7f691c:1:664046900,10,1.0,512,0,0,512,0,0,512,0,0,512,0,0,512,0,0,0,0,0,512,127.58760833740234,170.99302673339844,0,0
1990,B,390,-0.008030032739043236,0.8135986328125,-0.01496936846524477,1.1505573987960815,1024,512,-0.01496936846524477,1.1505573987960815,stage1_rows,512,0,0.0004794930573552847,0.06949558361666278,-0.005008672294206917,0.3310078106820583,0.20644209202146158,bfda443080a69acfb4a0d3058bf4ba38:0:0,e54ad859e3fac6a1839a990df610c544:0:0,70725519d397b2092935277cf803c5d6:0:0,0e64f22d4986006dd0abc2a8a7bd9fe8:0:3151619600,b2a6bc754e14511e21799c7cb43b0db1:0:10461941,10,1.0,512,0,0,512,0,0,512,0,0,512,0,0,512,0,0,0,0,0,512,126.30029296875,172.49974060058594,0,0
1991,B,391,0.0048762718215584755,0.8567864298820496,0.008230771869421005,1.2116669416427612,1024,512,0.008230771869421005,1.2116669416427612,stage1_rows,512,0,0.006755197886377573,0.05600029156776145,-0.004851580016838853,0.3670737713575363,0.196751089009922,08c32ed1c0bf0a9cc8fdd30cbd13b238:0:0,1a3007981fc4bcdcc45ff180afed25a1:0:0,610ff5fbf34efe5c79772684657bab5e:0:0,6a5f3d975987635ec8d8455c8c4204e8:0:1901718952,a20a140c1e20ceb4499165602c0d83bc:0:1815227725,10,1.0,512,0,0,512,0,0,512,0,0,512,0,0,512,0,0,0,0,0,512,126.08733367919922,172.83338928222656,0,0
1992,B,392,-0.026533612981438637,0.8336807489395142,-0.05366735905408859,1.178375005722046,1024,512,-0.05366735905408859,1.178375005722046,stage1_rows,512,0,0.0008183859754353762,0.04100509211421013,-0.0012429710128344595,0.347392438352108,0.19523642398416996,0e532995c630c991a18ca6be1f32aa38:0:0,5116db47075c2e73506fa9a3c3c1f268:0:0,b5498ae161c855822c9a4d550f488a23:0:0,868da126bbc8d87a459885473df269e8:0:3273480393,96495a57222b5ff2bdcf54237d3f61c6:1:2734203377,10,1.0,512,0,0,512,0,0,512,0,0,512,0,0,512,0,0,0,0,0,512,125.10420227050781,173.87686157226562,0,0
1993,B,393,-0.002498974557965994,0.8330249786376953,-0.00579226016998291,1.178051233291626,1024,512,-0.00579226016998291,1.178051233291626,stage1_rows,512,0,0.005188734270632267,0.027555225323885678,-8.933731587603688e-05,0.346995148062706,0.2019016050035134,2c796c77781123182eea25f9b251a238:0:0,7525bc1e36d15b38a1d52433ac939167:0:0,1847e0ac0bcd53e22fcc0e713259a43e:0:0,716589d44484427ec6530e090ccecee8:0:2225654123,1cc646e8252d94a01ef2bdcdc5af0f2d:1:436496886,10,1.0,512,0,0,512,0,0,512,0,0,512,0,0,511,0,0,1,0,0,512,124.88504028320312,174.3509979248047,0,0
1994,B,394,0.02105901762843132,0.8401455283164978,0.04044793173670769,1.1878255605697632,1024,512,0.04044793173670769,1.1878255605697632,stage1_rows,512,0,0.001056235865689814,0.0,0.0006135947478469461,0.3529095955193043,0.2012883240240626,d107bda7f275027346f7289f76709a38:0:0,5a990a6bf56619fdc7cc6ec55ac00837:0:0,f0f140bceb7b074a1a4f726766c1c2ae:0:0,c687fc1f5b00741ce567560248d733e8:0:1427016171,7b44d12b7c304585c31a9c4321e4c503:1:2001863194,10,1.0,512,0,0,512,0,0,512,0,0,512,0,0,512,0,0,0,0,0,512,124.13057708740234,175.37852478027344,0,0
1995,B,395,-0.00667982641607523,0.8628647327423096,-0.0133521081879735,1.2202270030975342,1024,512,-0.0133521081879735,1.2202270030975342,stage1_rows,512,0,0.0044534229673445225,0.0050817742245271805,0.0015710888605099172,0.3722900733351707,0.19370072899619117,f931d070444ae58e24d8868f6b8f9238:0:0,7039c005bf74b9ddc997c05b523a5bc0:0:0,89900118b28898c5eff8ad798c4608ca:0:0,f974d3f54b29f39d1bd2be53420b98e8:0:2325329560,6cf55395f2d7dd2c333218c481388bed:0:2112542763,10,1.0,512,0,0,512,0,0,512,0,0,512,0,0,512,0,0,0,0,0,512,123.84170532226562,175.89859008789062,0,0
1996,B,396,-0.038935162127017975,0.8207399845123291,-0.07720457762479782,1.1594338417053223,1024,512,-0.07720457762479782,1.1594338417053223,stage1_rows,512,0,0.0027195769362151623,0.03446952011436224,-0.0012922398222144694,0.33656858950853347,0.19685959100024775,85137afe79fbdfcbe8f717a991ae8a38:0:0,524da718e17346f37082038c426832ba:0:0,86bab15e1205b57c2ad5aa8a14f82a18:0:0,f1aab499734eae85b0d592dc486bfde8:0:401761363,000119e045a47c31c8dd3b578fea4a08:0:3369870007,10,1.0,512,0,0,512,0,0,512,0,0,512,0,0,512,0,0,0,0,0,512,124.7005386352539,175.1826934814453,0,0
1997,B,397,0.08329170942306519,0.8499740958213806,0.16218344867229462,1.1968357563018799,1024,512,0.16218344867229462,1.1968357563018799,stage1_rows,512,0,0.006068055052310228,0.040388403402175754,-0.0005848345230333507,0.3601522222161293,0.2017267179908231,9464705ef2d3acd718ffb3cde8cd8238:0:0,2984a3ede941404df34c95db343893ac:0:0,3eef033a8bb6d94f67f44c5c620a23a5:0:0,17ce878f679eb190d5980a3dabf862e8:0:3323114605,c719c0e5727dcadb6c111604cf53a548:0:1802559127,10,1.0,512,0,0,512,0,0,512,0,0,512,0,0,512,0,0,0,0,0,512,124.13239288330078,175.8551025390625,0,0
1998,B,398,-0.09897460043430328,0.8093169331550598,-0.19858774542808533,1.1357818841934204,1024,512,-0.19858774542808533,1.1357818841934204,stage1_rows,512,0,0.0021298190113157034,0.042015396617352964,-0.0017465706769144163,0.32589606046676634,0.1991785090067424,1c791022ff2fd3711fe332dc70ec7a38:0:0,b4e8fed260b685e308c1dafaff892ac8:0:0,4134ff1bcc76deba355f42e52a4f18d5:0:0,bec161de072eb942eccf45d7bcb0c7e8:0:1209235260,3819cd5bc152c2d018d0eaa5b9d79cf5:1:2022998820,10,1.0,512,0,0,512,0,0,512,0,0,512,0,0,512,0,0,0,0,0,512,124.87142181396484,174.66580200195312,0,0
1999,B,399,0.0766257643699646,0.837200403213501,0.15363195538520813,1.1788599491119385,1024,512,0.15363195538520813,1.1788599491119385,stage1_rows,512,0,0.0019172693137079477,0.014785719430074095,0.0008414338633883744,0.3497434347867966,0.19396720099030063,9fa0c175c575d841cdd66cb52a0b7238:0:0,bbdebd492e60853cffe5753228b9d400:0:0,dec63c2dd156da1236b8357c28bb9cba:0:0,767e33ab45542f70fe6251caca952ce8:0:2114460868,ce85015130c1624560c43615cafab5b0:1:652779335,10,1.0,512,0,0,512,0,0,512,0,0,512,0,0,511,0,0,1,0,0,512,124.40959167480469,175.38356018066406,0,0
2000,B,400,-0.016816791146993637,0.8515095710754395,-0.037730664014816284,1.2038187980651855,1024,512,-0.037730664014816284,1.2038187980651855,stage1_rows,512,0,0.0038649062626063824,0.02430268486496061,-0.00037245815037749707,0.3624931529164314,0.20362072897842154,60db33a06bd080a6d8523938142a6a38:0:0,c9e0ac5f5d772ebfc4033f607ee532e8:0:0,517cd39c6c6ba4c806acd1a5b0cce3ac:0:0,8951ba58164cea07570f24f725a591e8:0:3438960379,f859699cfa2f2763dbd9bd42d8895faf:0:2382582648,10,1.0,512,0,0,512,0,0,512,0,0,512,0,0,512,0,0,0,0,0,512,124.96888732910156,174.9136199951172,0,0
2001,B,401,-0.044150907546281815,0.8033812046051025,-0.08635290712118149,1.134579062461853,1024,512,-0.08635290712118149,1.134579062461853,stage1_rows,512,0,0.014667990617454052,0.09850067833904178,-0.005186551483348012,0.3223408550024033,0.20840695197694004,9cbec23e84b425835a1370452f496238:0:0,f924011cecbcf8ba40b3af1a3c8b909e:0:0,e8d9955a2b26ec942d54b5513e12a1e7:0:0,0c270c167f3fbf60540fa0fd1de1f6e8:0:184882589,ebb49c42aaf80ff1ca399bdea49c7c82:0:1665263363,10,1.0,512,0,0,512,0,0,512,0,0,512,0,0,512,0,0,0,0,0,512,124.2643814086914,175.74569702148438,0,0
2002,B,402,0.026812758296728134,0.838614821434021,0.051674749702215195,1.1854300498962402,1024,512,0.051674749702215195,1.1854300498962402,stage1_rows,512,0,0.0046132574789226055,0.01759462491609156,0.0008158801996614784,0.35155285373330114,0.19891098100924864,39431fa3bc2a160f531ae9bc7b685a38:0:0,712c889c0cef8e0e778f673ba28e8416:0:0,2029324aead24ea0dd7f91bf596b4285:0:0,662a509d3fbdc47b5abe923d034a5be8:0:2077215134,7729a1beecb254e7f4088b4e64a701f8:0:1084926204,10,1.0,512,0,0,512,0,0,512,0,0,512,0,0,512,0,0,0,0,0,512,125.6822738647461,174.25152587890625,0,0
2003,B,403,0.03832940012216568,0.8591885566711426,0.07980073243379593,1.2136551141738892,1024,512,0.07980073243379593,1.2136551141738892,stage1_rows,512,0,1.1192169040441513e-06,0.016604304779320955,0.0010094561162986792,0.3688211880624294,0.1936084940098226,01f44c33c3e30aa728ad7d7df8875238:0:0,18eb17941832569e70f6d4af8ae59e7a:0:0,2b6336cee00b2c709a50fe0ba115b2fe:0:0,a3e2b848e606c963fc3cafd725dec0e8:0:2680412169,d5900749e7004d9192bd70e486de6121:1:1807575822,10,1.0,512,0,0,512,0,0,512,0,0,512,0,0,512,0,0,0,0,0,512,124.80706024169922,175.11622619628906,0,0
2004,B,404,0.023519864305853844,0.8704655766487122,0.04600740596652031,1.230596661567688,1024,512,0.04600740596652031,1.230596661567688,stage1_rows,512,0,0.00664107920601964,0.011686755204573273,0.001671404369699303,0.3787598744034767,0.19535154104232788,e4dac5ad7c10a79b25540369a6a64a38:0:0,28afe17df438178bc08e9b94aff8fda0:0:0,062d12973c7694a9f4029f87170138e5:0:0,fcddb4d55f6e681945159babd59f25e8:0:1938841341,7ad97154eac2d78c3d281fa48a09d3b0:0:2200703217,10,1.0,512,0,0,512,0,0,512,0,0,512,0,0,512,0,0,0,0,0,512,124.73548126220703,175.0469207763672,0,0
2005,B,405,0.02385801449418068,0.869856059551239,0.04871749132871628,1.2296512126922607,1024,512,0.04871749132871628,1.2296512126922607,stage1_rows,512,0,0.002231856808066368,0.050028899661265315,0.0011175986769671909,0.37823180854320526,0.20324412803165615,be26bdaa57060ffef8db535f85c54238:0:0,d5037995c5034ac6ffe601caf9c3a39b:0:0,600707900f7bf7df3bf0a96f2f42b3b1:0:0,b06160113b59ba4538e4e25b628b8ae8:0:614833443,fe51fb183ca9fd86e9b86fe0ad6574bd:1:802367985,10,1.0,512,0,0,512,0,0,512,0,0,512,0,0,511,0,0,1,0,0,512,123.80436706542969,176.09454345703125,0,0
2006,B,406,-0.04236692935228348,0.8283368349075317,-0.08022214472293854,1.1702139377593994,1024,512,-0.08022214472293854,1.1702139377593994,stage1_rows,512,0,2.343358937650919e-05,0.029143619711976498,-0.0010117574245668947,0.3428227826952934,0.2059856760315597,15650ad2f59f88793854453f95e43a38:0:0,5bd76b35b1f6119b6e40790a3b377de8:0:0,722b13b5eb0e49226e880cb118d7f2ca:0:0,6fecb0a8e1688a1479fafb461ca3efe8:0:3110911874,a08d4724d3d467ce829aead1dc5aa1ce:0:4111437510,10,1.0,512,0,0,512,0,0,512,0,0,512,0,0,512,0,0,0,0,0,512,123.31256866455078,176.7563934326172,0,0
2007,B,407,-0.028715696185827255,0.8132469058036804,-0.06010494381189346,1.149230718612671,1024,512,-0.06010494381189346,1.149230718612671,stage1_rows,512,0,0.0007182969711720943,0.029533368535339832,0.002205742575461045,0.3304512448608875,0.1952588420244865,beb56c89fa712a12de13b0e9d7033238:0:0,aededd0065ef8caf2b965a5072d546e7:0:0,9a5f6856e8216509658555c9188e0d8e:0:0,8e2bbe97ea77927e1d02488c53e854e8:0:1999894738,3a3e55abd1ccc3587e6c2c3c16ff8e8d:0:928321865,10,1.0,512,0,0,512,0,0,512,0,0,512,0,0,512,0,0,0,0,0,512,123.41960144042969,176.77133178710938,0,0
2008,B,408,0.04743940755724907,0.8684837222099304,0.09480860829353333,1.2263696193695068,1024,512,0.09480860829353333,1.2263696193695068,stage1_rows,512,0,0.0011428839061409235,0.07094626381294802,0.002118554583285004,0.3767115116119385,0.1958247870206833,9d229d0e11bca506c9b26e3e49222a38:0:0,f7c9310077ec3b75ddfe0e862073aaa1:0:0,c1869c6863a1621cf75e300f7f2fd32c:0:0,e7d75b1da044234ba8a4170e5858b9e8:0:3114666492,8ddc5c18b88eedfe284935cb787edcf1:0:2015233569,10,1.0,512,0,0,512,0,0,512,0,0,512,0,0,512,0,0,0,0,0,512,123.14139556884766,177.17807006835938,0,0
2009,B,409,-0.07640590518712997,0.798721432685852,-0.15276502072811127,1.1243752241134644,1024,512,-0.15276502072811127,1.1243752241134644,stage1_rows,512,0,9.569339454174042e-08,0.0990222388645634,-0.0019348424742929638,0.31803408563137053,0.20007245300803334,c8dd92542c2e1391400d551cec412238:0:0,5edf7c394f7aa724e0010c2a7106f073:0:0,3927da81820b9ac40d93550544db6d93:0:0,4ea4666b60943d31412d9e6c79f51ee8:0:612049393,71d0dcff6d410b8a68c8a1d1cbca4a18:0:1756633377,10,1.0,512,0,0,512,0,0,512,0,0,512,0,0,512,0,0,0,0,0,512,122.73690032958984,177.58731079101562,0,0
2010,B,410,0.05623297393321991,0.8672534823417664,0.10980942845344543,1.224050760269165,1024,512,0.10980942845344543,1.224050760269165,stage1_rows,512,0,0.008137506432831287,0.07882203874178231,0.002184458851115778,0.3756623506546021,0.19219325500307605,1cb6321aea5fdcbf6b453d65c0601a38:0:0,cffd5d7a1af53e74f0144b4c2cb013c4:0:0,5152ac5a1a32b76491d32f7faf628919:0:0,4823aad43ee0fa460035010708bd83e8:0:1584108037,e713bea672f8d47e74245ebcab6ca00a:1:2616200556,10,1.0,512,0,0,512,0,0,512,0,0,512,0,0,511,0,0,1,0,0,512,122.73444366455078,177.5745391845703,0,0
2011,B,411,0.01619115099310875,0.8920468091964722,0.03510953485965729,1.2612537145614624,1024,512,0.03510953485965729,1.2612537145614624,stage1_rows,512,0,6.0014426708221436e-06,0.0652323092566803,-0.0018655819294508547,0.3977911166846752,0.19305153703317046,a9bca1f83725a73edabefef8c57f1238:0:0,076e4827bf341c62947575a908009c32:0:0,2d93a74f9b139941b55b44d4bad39ad4:0:0,6f79fd38c29bd72c783e4bfe54b1e8e8:0:3309828226,3a4b72310c6e455a8a6484c994653fa8:0:3955933375,10,1.0,512,0,0,512,0,0,512,0,0,512,0,0,511,0,0,1,0,0,512,121.57630157470703,178.78076171875,0,0
2012,B,412,-0.015701495110988617,0.8432130217552185,-0.0346960723400116,1.1921743154525757,1024,512,-0.0346960723400116,1.1921743154525757,stage1_rows,512,0,0.002449985360726714,0.004334866115823388,0.00023526563600171358,0.3554544776678085,0.19245539902476594,c67f40620e9e5c2d032371b5fb9e0a38:0:0,533fd2899c01e7c3a65d1774b0b926e5:0:0,793da52915fb7bc0e3a18b3f87e381a3:0:0,592da7ec0842313b64607732add24de8:0:1106463989,25979d5d3f9c51033f7ca4322c4e9973:0:940406172,10,1.0,512,0,0,512,0,0,512,0,0,512,0,0,512,0,0,0,0,0,512,121.64308166503906,178.8061981201172,0,0
2013,B,413,0.00733837578445673,0.8389279246330261,0.013801435008645058,1.18638277053833,1024,512,0.013801435008645058,1.18638277053833,stage1_rows,512,0,0.0005548517219722271,0.011899854918010534,0.00057302437198814,0.35192622542381286,0.19490612798836082,60da37f3700d39e6be5f6d7d62bd0238:0:0,7d46cc6c25aa3e2c872a5406deddadce:0:0,bd16db4abc0bf9d0c928f82914c47507:0:0,ca75bb8cd88d0df683ea6544641eb2e8:0:4155649828,e8e1b28be55efbb195d6bf4a321761c8:1:1304653941,10,1.0,512,0,0,512,0,0,512,0,0,512,0,0,512,0,0,0,0,0,512,121.08180236816406,179.35458374023438,0,0
2014,B,414,0.024359172210097313,0.8741119503974915,0.050653282552957535,1.235619068145752,1024,512,0.050653282552957535,1.235619068145752,stage1_rows,512,0,0.004965585190802813,0.049087729677557944,-0.0013452842189508375,0.3818815439939499,0.19679124595131725,e5c6826e7879f6d7cba3ca2efadbfa38:0:0,a702d01aa33254cc4623261f0bd5cd83:0:0,18aa3659c62bfbbf51fddb757e2e9fbb:0:0,b1561b717b260027a207e393c79717e8:0:2385234705,eeb2b9b771279e4b58aabbe05187f84f:1:3271576292,10,1.0,512,0,0,512,0,0,512,0,0,512,0,0,512,0,0,0,0,0,512,120.79898834228516,179.61691284179688,0,0
2015,B,415,-0.02674117684364319,0.8604232668876648,-0.05150393024086952,1.2163103818893433,1024,512,-0.05150393024086952,1.2163103818893433,stage1_rows,512,0,0.004816263914108276,0.05316614786861464,0.0018423776549752803,0.37009266689419745,0.19408921099966392,7a07153ca417f44a4f655faac3faf238:0:0,450de7580044e8dbd0cb6bf6c6b01a0d:0:0,408fd48e3cf017e0881f15f7c3de4d71:0:0,1c3c9c7c2164bee7c966aa41283b7ce8:0:531281004,0579f251feca6c895ad1ccc3acab125f:1:802430793,10,1.0,512,0,0,512,0,0,512,0,0,512,0,0,512,0,0,0,0,0,512,121.60400390625,178.71844482421875,0,0
2016,B,416,-0.06001953408122063,0.8273267149925232,-0.11915364116430283,1.167016625404358,1024,512,-0.11915364116430283,1.167016625404358,stage1_rows,512,0,6.130966357886791e-05,0.019590035523287953,0.0008397804631385952,0.34166325107216833,0.194028664031066,60fbd56e34748136535d05d0be19ea38:0:0,4452c3b1e4377a9ee760029a56e79d8b:0:0,ec9d0ec3be62d4224f8db331ec4cfb40:0:0,916d48a3c1b3c2e8a3db5c2cd60be1e8:0:4051403312,261aeda39d1cc440a18e59c911f02ce3:1:1371785818,10,1.0,512,0,0,512,0,0,512,0,0,512,0,0,512,0,0,0,0,0,512,122.33024597167969,177.74916076660156,0,0
2017,B,417,-0.0029548797756433487,0.8061052560806274,-0.0048721423372626305,1.1399459838867188,1024,512,-0.0048721423372626305,1.1399459838867188,stage1_rows,512,0,0.005777973681688309,0.013525000785011797,-0.0002617889920657035,0.3249190114438534,0.19687076401896775,4c42d579b96c2d1146879480e938e238:0:0,bd1ebc39a599f1f632be421f5566d056:0:0,756f00e85b33584a9313892699638e88:0:0,8c83125e1d54fe4e060686f7210846e8:0:663459604,ce997001ef24da53591966426860a75a:1:46690536,10,1.0,512,0,0,512,0,0,512,0,0,512,0,0,512,0,0,0,0,0,512,122.21709442138672,177.8164825439453,0,0
2018,B,418,0.049385856837034225,0.8474132418632507,0.09385985136032104,1.1967642307281494,1024,512,0.09385985136032104,1.1967642307281494,stage1_rows,512,0,0.004718068055808544,0.01855069324374199,0.002205021702684462,0.35879104658961297,0.19752896402496845,e729433cbae72a9d7d25e39b4557da38:0:0,9b22f42eccad213289b302d594a43dd7:0:0,a45ebb355bd5c6c5ecdf2dfc53b2b1ee:0:0,ab148c8f705a8367a6f9a3005930abe8:0:3821689482,a35ed45daa9a66af87bdf1885579732f:0:3590316821,10,1.0,512,0,0,512,0,0,512,0,0,512,0,0,512,0,0,0,0,0,512,121.25453186035156,178.774169921875,0,0
2019,B,419,0.031908586621284485,0.8483768105506897,0.06949549168348312,1.1985896825790405,1024,512,0.06949549168348312,1.1985896825790405,stage1_rows,512,0,0.00010167539585381746,0.029500852082856,-0.000937296956544742,0.359558317810297,0.19400191598106176,443e50fe815cc2b9b0bccaffd276d238:0:0,ab70300f8c667525f3e0fbaee7ce4bb7:0:0,f1e7a7ca6e01f2606ac52f817cbfc0e3:0:0,b8a778def6c1ae9b03dc1368ce8510e8:0:2933448978,8ec146559adf81744d2681624e51d39c:0:4203858525,10,1.0,512,0,0,512,0,0,512,0,0,512,0,0,511,0,0,1,0,0,512,122.0545883178711,177.99705505371094,0,0
2020,B,420,-0.007495821453630924,0.8629873394966125,-0.011379462666809559,1.2204132080078125,1024,512,-0.011379462666809559,1.2204132080078125,stage1_rows,512,0,0.0003764742286875844,0.02106902136001736,-0.000728542183060199,0.37239268198609354,0.1955186749692075,e1a34875fb1dd7308015228e9095ca38:0:0,b6e9967add509e803c0803af8b8c9d40:0:0,5b9f57c82adf7088bd429021a4ec52b5:0:0,96d0627901ba27cd6f902610d10575e8:0:1317403281,2d5f77f9fb0ef3a9f9643d237fd8b5a0:1:3241838441,10,1.0,512,0,0,512,0,0,512,0,0,512,0,0,512,0,0,0,0,0,512,121.92585754394531,178.11190795898438,0,0
2021,B,421,0.02104962430894375,0.8529677987098694,0.03742858022451401,1.2060524225234985,1024,512,0.03742858022451401,1.2060524225234985,stage1_rows,512,0,0.008320029824972153,0.01640855718869716,0.00030421707560890354,0.3638069905340672,0.2013496799627319,c1f4db13bc667587ef3bc2277fb4c238:0:0,5e24e8d94caff2e97092edbcd411c389:0:0,37a44286ade91114e801ffd48f2ad248:0:0,3673898bcd3ccf9e4e581398b0b1dae8:0:2880684380,067821191ed07578be739f79a3de12ad:0:3691372336,10,1.0,512,0,0,512,0,0,512,0,0,512,0,0,512,0,0,0,0,0,512,121.67716979980469,178.30697631835938,0,0
2022,B,422,-0.029034323990345,0.864275336265564,-0.05691315233707428,1.221625804901123,1024,512,-0.05691315233707428,1.221625804901123,stage1_rows,512,0,0.004069109912961721,0.11018378739245235,-0.004903504165122285,0.3733642578125,0.19285635399864987,9be2a711183679d0e78181aa9fd3ba38:0:0,74852a5abe84bfebd2e700a54b775462:0:0,e4865204086d5fd6a4873ee8a31084c7:0:0,0fb0ef57a0316cc17d7aff60bd8a3fe8:0:777601542,ecfef25c4dab58b5ae5b174e0da80115:0:1421648456,10,1.0,512,0,0,512,0,0,512,0,0,512,0,0,512,0,0,0,0,0,512,122.6404800415039,177.14605712890625,0,0
2023,B,423,0.027213966473937035,0.8700218796730042,0.05610906705260277,1.229709267616272,1024,512,0.05610906705260277,1.229709267616272,stage1_rows,512,0,2.9515824280679226e-05,0.00018656715983524918,0.0018673209007829428,0.3784081630408764,0.19298692903248593,61bacd054ff14176b77b38f7f0f2b238:0:0,d172f1cf2ea00fe0d42116928372a655:0:0,a4ed1a2bfcc7000624449c04caf2c4ec:0:0,ee357ea9007cadc9e6e9f789478ea4e8:0:462496776,25a9afa7a6a70fddba4c5ee0a8df63b7:1:894431992,10,1.0,512,0,0,512,0,0,512,0,0,512,0,0,510,0,0,2,0,0,512,121.90814208984375,177.9149627685547,0,0
2024,B,424,-0.025232698768377304,0.8403474688529968,-0.04727678745985031,1.1880136728286743,1024,512,-0.04727678745985031,1.1880136728286743,stage1_rows,512,0,0.002522527240216732,0.012012478371616453,0.0002075214884825982,0.35314436703920365,0.19419998198281974,5c585601d7c46e0e9301bfef7311aa38:0:0,45a8c3c5bfcc2cef73948bb70ec62e2e:0:0,4420f24e0c31c92efdd54ddeab90e9e3:0:0,935e8c30e86ad3b440e4f4f29ebf09e8:0:661478821,dbbcf5f530ed0e8db4f8d0d21eb334db:1:278174905,10,1.0,512,0,0,512,0,0,512,0,0,512,0,0,511,0,0,1,0,0,512,122.04820251464844,177.96107482910156,0,0
2025,B,425,0.017123334109783173,0.8415199518203735,0.0354812815785408,1.1897988319396973,1024,512,0.0354812815785408,1.1897988319396973,stage1_rows,512,0,0.0007879897020757198,0.032504938845522705,-0.0016643320675939321,0.3540441744029522,0.1971874869777821,ca040e76add5b8271331ee712630a238:0:0,8c7a0759ec88a02e4aab5b291a879118:0:0,881b46581363d0cc1b2fdc1ed8b6be7a:0:0,e2430096f4061981f99fdb3d131b6ee8:0:3705383911,ed7b1957fe4804b27e6c8791cbed129c:0:1660147910,10,1.0,512,0,0,512,0,0,512,0,0,512,0,0,512,0,0,0,0,0,512,122.66665649414062,177.38064575195312,0,0
2026,B,426,0.016526279971003532,0.8569229245185852,0.033875562250614166,1.2116172313690186,1024,512,0.033875562250614166,1.2116172313690186,stage1_rows,512,0,0.0017984991427510977,0.001005369529593736,0.000814074111985974,0.3671147808432579,0.20300799200776964,61f05e5fc237d217b66c9c5d0a4f9a38:0:0,d804b73d836a0898f3907ccb6fc16d1c:0:0,570f9a630d84709ae509a6ce2ac2ba56:0:0,c1067e806b02ad344ee778c8f4a3d3e8:0:105422753,7caed088aaa4cf9615bb064a3d56faac:0:803498612,10,1.0,512,0,0,512,0,0,512,0,0,512,0,0,512,0,0,0,0,0,512,123.00320434570312,177.02401733398438,0,0
2027,B,427,-0.03393114358186722,0.8594732284545898,-0.06978288292884827,1.214412808418274,1024,512,-0.06978288292884827,1.214412808418274,stage1_rows,512,0,0.002572725061327219,0.009620550903491676,0.00023202840238809586,0.36921893134713174,0.19466806598939002,48098b7c6da65ad06056a1931f6e9238:0:0,6d3e9288b590abad90fcdc75c0a0bf9b:0:0,7bdbbdf6149d1e5122a3abc36e87f8f2:0:0,19972448df04ce7791c686b6935838e8:0:2116109963,0f7c151650e7db1c808e84b0fcd27648:1:2449363508,10,1.0,512,0,0,512,0,0,512,0,0,512,0,0,511,0,0,1,0,0,512,122.54460906982422,177.5537872314453,0,0
2028,B,428,0.007197661325335503,0.8420928716659546,0.01579253003001213,1.1908162832260132,1024,512,0.01579253003001213,1.1908162832260132,stage1_rows,512,0,0.0007805937202647328,0.019939201953820884,-0.00016316124092554673,0.3545632936060429,0.1953606739989482,e2dcb691f508e0a8d9d8d5f3658d8a38:0:0,cc230f83d3a607db9bf4d662ea1c03dc:0:0,4e6fc480f5068cde6ae7425f202ac1fc:0:0,fca6d6f9ce20674e962aa8e63f389de8:0:3575184447,6d7ed9960584dae6177b98e55b244cf2:1:3557999247,10,1.0,512,0,0,512,0,0,512,0,0,512,0,0,512,0,0,0,0,0,512,122.02650451660156,178.24647521972656,0,0
2029,B,429,-0.05524078756570816,0.8323226571083069,-0.11178076267242432,1.1743605136871338,1024,512,-0.11178076267242432,1.1743605136871338,stage1_rows,512,0,0.002433737739920616,0.029763372056186198,0.0017691857879981398,0.3459261439740658,0.19796243699965999,a658c8fa17bcf4305120115ddcac8238:0:0,78006146d13c2529fde152ec747ddfef:0:0,ad2ab042b4585f35355b85855b656a89:0:0,c966555a568c330e4e896df8484502e8:0:3458762674,67931cd2e1c977dbbcb53f33c37f57fb:0:1527779437,10,1.0,512,0,0,512,0,0,512,0,0,512,0,0,512,0,0,0,0,0,512,121.72785186767578,178.6648406982422,0,0
2030,B,430,0.026760203763842583,0.8347237706184387,0.04822530597448349,1.1800456047058105,1024,512,0.04822530597448349,1.1800456047058105,stage1_rows,512,0,0.0007853001588955522,0.038939098617993294,-0.000464901200029999,0.34840835854411123,0.20580698404228315,42256bfea6a74afcd99d2bb284cb7a38:0:0,594499342244991486719f3e837181a4:0:0,6501f93a9228fe2d962640de54449772:0:0,f59bf9e28a9d47f993854f4cfe7d67e8:0:821409139,3850d2a63699ea958a7e4b75af56a06a:0:738117818,10,1.0,512,0,0,512,0,0,512,0,0,512,0,0,511,0,0,1,0,0,512,122.32852172851562,178.06802368164062,0,0
2031,B,431,0.038195688277482986,0.8777500987052917,0.07872660458087921,1.239998698234558,1024,512,0.07872660458087921,1.239998698234558,stage1_rows,512,0,0.004647806752473116,0.01864426691317931,-0.00040437799179926515,0.3848941192030907,0.19349711202085018,b93d07c3220bf27aec04fcd15dea7238:0:0,eda9bd7e3e1cc771d13dc473f4574fd6:0:0,400753bb3d52284db4a71e8178a81cce:0:0,2683b4235b3a97cd1792b104b1e1cce8:0:2459469954,9e011a2c325bb625b88e1f288c019104:0:159167566,10,1.0,512,0,0,512,0,0,512,0,0,512,0,0,511,0,0,1,0,0,512,122.7041244506836,177.7732391357422,0,0
2032,B,432,-0.04924062639474869,0.8165671825408936,-0.09481515735387802,1.1529828310012817,1024,512,-0.09481515735387802,1.1529828310012817,stage1_rows,512,0,0.002974261064082384,0.0143124915426597,-0.000674079405143857,0.3331995368003845,0.19140198302920908,ba5fabbd5c2d92bce6505c9a68096a38:0:0,28a5280593b409dc156497ac983cca28:0:0,eb99aa4570970f7f30c3e22e2fe6664f:0:0,78a350f85b12bb8b869ce1ffb27231e8:0:2776770959,c0e3b8973768a91472c34196164ff89e:1:4177600807,10,1.0,512,0,0,512,0,0,512,0,0,512,0,0,511,0,0,1,0,0,512,123.48085021972656,176.8463592529297,0,0
2033,B,433,-0.0056499335914850235,0.8298913836479187,-0.01153126172721386,1.1735832691192627,1024,512,-0.01153126172721386,1.1735832691192627,stage1_rows,512,0,0.0021127117797732353,0.03638491663150489,0.0004340526647865772,0.34437538906931875,0.19424781197449192,1dd5a6fe1eb3c14a8bbc22eda3286238:0:0,17764b0b6f1f75707e9bb05cfca71c3d:0:0,547bfe935a901973228fb72b53f37f30:0:0,5e17e7c7cdf91ed9d1ab1bde502e96e8:0:2937086751,3f1e7c1fe53b5d2161a710e013e4c006:1:978238834,10,1.0,512,0,0,512,0,0,512,0,0,512,0,0,512,0,0,0,0,0,512,124.13400268554688,176.15286254882812,0,0
2034,B,434,0.05075188726186752,0.8611248731613159,0.10281381011009216,1.2155776023864746,1024,512,0.10281381011009216,1.2155776023864746,stage1_rows,512,0,0.0025599668733775616,0.03557771666673944,-0.0012242619064636528,0.3703441806137562,0.19695107301231474,b4d17acad0d863f084c927ab0f475a38:0:0,0dc0767af03f4c83a8de5ab57a9f7509:0:0,d13aa5ed947e48b624a8f80745aee7e7:0:0,72d1c55b8dea5f3ba6858300db16fbe8:0:1875529021,8f24ff6b1a676e44d82cb74cddc06677:1:4176797958,10,1.0,512,0,0,512,0,0,512,0,0,512,0,0,512,0,0,0,0,0,512,124.6122055053711,175.5221405029297,0,0
2035,B,435,0.022069565951824188,0.8352351784706116,0.03985273092985153,1.1809043884277344,1024,512,0.03985273092985153,1.1809043884277344,stage1_rows,512,0,0.0008571651997044683,0.0019580599036999047,-9.693579340819269e-06,0.34875518232584,0.1947957780212164,9991b6491c5c238fdf3c42b2ac665238:0:0,2cd7f3f54240af6397a7f99041c2d8b7:0:0,e3fd417831f64d36185b6406ed146e8e:0:0,3abe55a64a527380135a2687a32b60e8:0:1302374289,af993c4235698a9d0fffb5e977e84f73:0:896028728,10,1.0,512,0,0,512,0,0,512,0,0,512,0,0,511,0,0,1,0,0,512,124.02041625976562,176.1245574951172,0,0
2036,B,436,-0.04376286268234253,0.8587023615837097,-0.08735683560371399,1.2128095626831055,1024,512,-0.08735683560371399,1.2128095626831055,stage1_rows,512,0,0.005379591602832079,0.005319339479319752,-1.5149077808018773e-05,0.3684544526040554,0.19385745405452326,ed2c2e3d8f41eeed8e1e4be47a854a38:0:0,55d2bdcb79e6b8ab34db53117e35cdeb:0:0,31a8600354095ed3acc8f996bd68b14b:0:0,82ce90408649efae56620052f86bc5e8:0:2116168262,794e0df8ebb1edfdec0c907f5adbfba6:0:3316144494,10,1.0,512,0,0,512,0,0,512,0,0,512,0,0,512,0,0,0,0,0,512,123.73705291748047,176.56570434570312,0,0
2037,B,437,-0.017019975930452347,0.8331760168075562,-0.035755012184381485,1.1779661178588867,1024,512,-0.035755012184381485,1.1779661178588867,stage1_rows,512,0,0.007802782114595175,0.01829648333368823,-1.651220372878015e-07,0.34701309651136397,0.19913114997325465,68ace81e38518d81e9bc1b2079a44238:0:0,8da69b071564fb3f9680caf0a3496e50:0:0,c255a7fdd69fdd149507b0bb661f096c:0:0,576fcabb7f9a79c2d985f5032ad82ae8:0:312038519,48bdc5a873698c09e3459a7c4528b320:0:1338665726,10,1.0,512,0,0,512,0,0,512,0,0,512,0,0,512,0,0,0,0,0,512,122.97317504882812,177.59317016601562,0,0
2038,B,438,0.023993590846657753,0.8489454388618469,0.04538640379905701,1.200194239616394,1024,512,0.04538640379905701,1.200194239616394,stage1_rows,512,0,0.002407561056315899,0.0,0.00045629092492163183,0.36031603813171387,0.20042420702520758,5aebf3fa3c6142482fa68846a9c33a38:0:0,f30e39d62799f3a6bc915f01bbde2d95:0:0,3ef4d5fa55a1a866f93dd66b795e19de:0:0,71086341d275438c5a03d3f88a708fe8:0:2153563714,c0d7973e0974124b790368e5633662db:0:4292569666,10,1.0,512,0,0,512,0,0,512,0,0,512,0,0,511,0,0,1,0,0,512,121.96891021728516,178.72396850585938,0,0
2039,B,439,-0.009315823204815388,0.8722742199897766,-0.013645247556269169,1.2335599660873413,1024,512,-0.013645247556269169,1.2335599660873413,stage1_rows,512,0,0.00020689761731773615,0.006413072277791798,-0.00018027910264208912,0.380471071600914,0.1963322899537161,9b2e54f762667e8e02b26b370ae23238:0:0,6077132e5d69df3d7cdd198994f90c09:0:0,0b239e4d9d91a653b82acec9a8d67692:0:0,1efd988a3ce11df93c1357536734f4e8:0:575004063,00082d24cf1832f11bd2234aaeaadc74:1:467275374,10,1.0,512,0,0,512,0,0,512,0,0,512,0,0,512,0,0,0,0,0,512,122.6169204711914,178.14817810058594,0,0
2040,B,440,-0.009476523846387863,0.8278772830963135,-0.020779946818947792,1.1706823110580444,1024,512,-0.020779946818947792,1.1706823110580444,stage1_rows,512,0,0.017637141048908234,0.03586840811185539,-0.0026034767972305415,0.34270020499825476,0.1956041989615187,a24efc66944da4c2eaf89bd19d012a38:0:0,0b89e4cd63152148e7206784c01563dd:0:0,1a9fb76caa1f3ab37e47edef22b7c377:0:0,32208d0c59007a250a8b23f4112559e8:0:1020496570,474e2f6519e22f0a4544e4121e490a4e:1:2460090629,10,1.0,512,0,0,512,0,0,512,0,0,512,0,0,512,0,0,0,0,0,512,122.8134765625,178.0338134765625,0,0
2041,B,441,0.017956383526325226,0.8298972845077515,0.03203246369957924,1.1734789609909058,1024,512,0.03203246369957924,1.1734789609909058,stage1_rows,512,0,0.015626367181539536,0.12354578756494447,-0.0066210757751832714,0.34439218118786813,0.20169455703580752,60cdbfb05298db47d5d5f1f660202238:0:0,91fbc9335f4cee44501bd205963db18e:0:0,e2169b2a9285aab728bfc561627d97dc:0:0,2212a5dd7e6a6c762285c97ad841bee8:0:2650838892,fc77573bc3b2b8c1cbac0d75a7dc04d3:0:1874244764,10,1.0,512,0,0,512,0,0,512,0,0,512,0,0,511,0,0,1,0,0,512,121.23169708251953,179.68563842773438,0,0
2042,B,442,0.03984852135181427,0.8714339733123779,0.08407431840896606,1.2307984828948975,1024,512,0.08407431840896606,1.2307984828948975,stage1_rows,512,0,0.004880694672465324,0.019015614036470653,0.002464806125499308,0.37954514622688296,0.2085226129856892,87bb159a18c5ef3e95eb4585543f1a38:0:0,fd0b9fc4967083770065841ecfc74bee:0:0,c5583ba03f6baa9d59e2f75b83dce6ce:0:0,be7a44c938ec861b8b06c2480c8a23e8:0:218261709,c89c1dabc37ed31f3ff5cea333a49048:0:1958886454,10,1.0,512,0,0,512,0,0,512,0,0,512,0,0,512,0,0,0,0,0,512,119.80754089355469,181.1804656982422,0,0
2043,B,443,-0.015987936407327652,0.8552854657173157,-0.02769162319600582,1.209413766860962,1024,512,-0.02769162319600582,1.209413766860962,stage1_rows,512,0,0.0005913596833124757,0.03652223317185417,-0.0023441150318831206,0.3658269293606281,0.1979834419908002,d5084ba5b07b4759631d6e5e795e1238:0:0,9f7bee854aa329b2be17369d230090bb:0:0,0c1c6aaf056fe8e0b1517b1013a95ee4:0:0,b605ac48e626193af89f737bfdfe88e8:0:4187545284,8213ccef15fb38dbcc3ef0ff4335089e:1:1456353349,10,1.0,512,0,0,512,0,0,512,0,0,512,0,0,512,0,0,0,0,0,512,120.55995178222656,180.19923400878906,0,0
2044,B,444,0.005508448928594589,0.872931182384491,0.014813316985964775,1.2344367504119873,1024,512,0.014813316985964775,1.2344367504119873,stage1_rows,512,0,0.0033130650408566,0.025037188641726972,-0.0009596460731700063,0.38103687986731527,0.19469302200013772,894cc88b717be6aa5a954461cf7d0a38:0:0,81c96cd6952e6557e227e3e267017a91:0:0,e64ac4e3579a4dfb70a35cadb37ac483:0:0,5f485e1d13883c1efd142cf6fc9eede8:0:765717828,6a291a3b2113f33449051cb892bbd006:1:3926445192,10,1.0,512,0,0,512,0,0,512,0,0,512,0,0,512,0,0,0,0,0,512,120.85893249511719,179.9275665283203,0,0
2045,B,445,-0.047306761145591736,0.827680230140686,-0.09637728333473206,1.168453574180603,1024,512,-0.09637728333473206,1.168453574180603,stage1_rows,512,0,0.0010795718990266323,0.02224428777117282,0.0016009074286557734,0.34216849878430367,0.1954960430157371,7d91d5106c627f72febf9f6f569c0238:0:0,29820c7c22b774abee035203412ff9d3:0:0,2872f4df55d9884677cd98e07419b302:0:0,c60d7da523609fb563012959586b52e8:0:712916357,413d704a485886145b45e7af2c305b0f:0:3709540984,10,1.0,512,0,0,512,0,0,512,0,0,512,0,0,512,0,0,0,0,0,512,120.16529846191406,180.61630249023438,0,0
2046,B,446,-0.027255414053797722,0.8327205181121826,-0.05918231979012489,1.1767343282699585,1024,512,-0.05918231979012489,1.1767343282699585,stage1_rows,512,0,0.009425468742847443,0.03552425359375775,0.0006835162610514089,0.3465254507958889,0.20186863496201113,5b2f48b97e2395f3b74d57670ebafa38:0:0,a7520b2c0c1c59c3fe809a93de1132a4:0:0,cb7286e428ba41617b09a94395d8ade3:0:0,a7a600d291b00dadb57f8e036163b7e8:0:1761110493,7faac482de3466eb53c9ac7e1398a67b:1:2606334240,10,1.0,512,0,0,512,0,0,512,0,0,512,0,0,512,0,0,0,0,0,512,119.77938079833984,181.07615661621094,0,0
2047,B,447,0.028469882905483246,0.841637134552002,0.05056990683078766,1.189812183380127,1024,512,0.05056990683078766,1.189812183380127,stage1_rows,512,0,3.0853901989758015e-05,0.023957558907568455,0.0025922656583134084,0.35419357419013975,0.20056964800460264,3e345c1c4a56b33b51334428f7d9f238:0:0,013e23654b141a30f81bf8f6367e13a6:0:0,be6ed8925d20ac3438c9e4d814275751:0:0,faea68e8e8a82287f3ca6b1567881ce8:0:612372470,52be0ecd49d5eefb427ff795b9d67341:0:970694924,10,1.0,512,0,0,512,0,0,512,0,0,512,0,0,512,0,0,0,0,0,512,120.92317962646484,179.93984985351562,0,0
2048,B,448,0.03548455238342285,0.8671802878379822,0.07376553863286972,1.22517728805542,1024,512,0.07376553863286972,1.22517728805542,stage1_rows,512,0,0.0035948380827903748,0.031643768085632476,-0.001985818045795895,0.37577966004610064,0.1938151289941743,8c40c6cf1a46a7f67eaa3d9511f8ea38:0:0,2343d9782016f406bd7639d8b459940d:0:0,5cc597a763d89e4bdf2b7b00aecdf3fb:0:0,fccc4a4e10c697e370e3bb6fbad881e8:0:408937027,491e5add7a1ae0fbaa1cbed699a7b3b2:1:1423079616,10,1.0,512,0,0,512,0,0,512,0,0,512,0,0,511,0,0,1,0,0,512,121.0251235961914,179.92160034179688,0,0
2049,B,449,-0.03358185291290283,0.8411064743995667,-0.06506019830703735,1.1886465549468994,1024,512,-0.06506019830703735,1.1886465549468994,stage1_rows,512,0,0.0027281504590064287,0.013825142348650843,0.00022200205130502583,0.35364084467291834,0.19572293700184673,061333389ec8df3f572f1b8b5d17e238:0:0,4c4bf98550f4b0eb7616c3fe04a6039a:0:0,84a77e95825483e1833540e7e74da990:0:0,d1a35bac299f335ddf3964b2ab54e6e8:0:2750539820,5c2c3ddddfddcd0f1722f3ddae17d874:1:2485843606,10,1.0,512,0,0,512,0,0,512,0,0,512,0,0,512,0,0,0,0,0,512,121.76805114746094,179.2415313720703,0,0
2050,B,450,0.0327952578663826,0.8660638332366943,0.06641293317079544,1.2238636016845703,1024,512,0.06641293317079544,1.2238636016845703,stage1_rows,512,0,0.005535818170756102,0.04862724421545863,-0.0007256671087816358,0.37500164434313776,0.21361300902208313,116af6c092dbc16cd782b5ebd936da38:0:0,71b1fae3c6daf3e252c7aaa5be50fd26:0:0,ce3f19afbd991106115f9288cac0bf1e:0:0,6b5babba7e802e52884a373e88fd4be8:0:2673438392,878879c7079c5fff94bc5c4354391fb4:1:701669413,10,1.0,512,0,0,512,0,0,512,0,0,512,0,0,512,0,0,0,0,0,512,121.31293487548828,180.0712127685547,0,0
2051,B,451,-0.03300638124346733,0.8382403254508972,-0.06378939747810364,1.1846387386322021,1024,512,-0.06378939747810364,1.1846387386322021,stage1_rows,512,0,0.0019364149775356054,0.02192512225592509,-0.0008321943663759157,0.3512741558253765,0.19813787494786084,eb2be1223d0c26e261a9e4968655d238:0:0,dacf2faaf55bb2a7f68212e46193bbef:0:0,d1acd88603f3dcb543c3b19933e05407:0:0,21d6dd5a7537aac9b04aee33a3d1b0e8:0:563190835,3d75b67afc61edb52c890dbc33d450d3:1:2060198905,10,1.0,512,0,0,512,0,0,512,0,0,512,0,0,512,0,0,0,0,0,512,122.23261260986328,179.17250061035156,0,0
2052,B,452,0.044130511581897736,0.8832153081893921,0.08619280904531479,1.2476110458374023,1024,512,0.08619280904531479,1.2476110458374023,stage1_rows,512,0,0.002614205703139305,0.03287844099104405,-0.0018546481209341437,0.38995575681328776,0.193835420999676,defbd9e1cda1dadf3ced7f6b6474ca38:0:0,a061b2fb66650e8998afc4bc17ee55b7:0:0,7ea5f2f901a92ac4586db5d8b09a0816:0:0,eb81167b855b89e825cb2f724bd215e8:0:2458796659,13023b0e74ae88d15dd57ff8f8d80c3d:0:3303896143,10,1.0,512,0,0,512,0,0,512,0,0,512,0,0,512,0,0,0,0,0,512,122.79412841796875,178.57891845703125,0,0
2053,B,453,-0.035429492592811584,0.8792532086372375,-0.06570799648761749,1.2426819801330566,1024,512,-0.06570799648761749,1.2426819801330566,stage1_rows,512,0,0.0003542209742590785,0.02979886415414512,-0.0010684539971407502,0.38659490197896956,0.19462960603414103,c9d2e72597932e4e15da5e4a7393c238:0:0,9cc94392ad7445a64284bc66afa93e63:0:0,27a0d7c41222fc8fbedba8ab23a032d5:0:0,6b242a9a5b8fb82efd5a8b9ad0fe7ae8:0:3698373029,1a9e8a641b48bcaf889fc7ea872c7bfc:0:1313342774,10,1.0,512,0,0,512,0,0,512,0,0,512,0,0,510,0,0,2,0,0,512,122.21504974365234,179.2393035888672,0,0
2054,B,454,0.009243607521057129,0.8759332895278931,0.016564786434173584,1.2386962175369263,1024,512,0.016564786434173584,1.2386962175369263,stage1_rows,512,0,0.0006743265548720956,0.018485762481577694,-0.0008210395462810993,0.38367040678858755,0.19937374402070418,102f1d74223f9a947e415913b3b2ba38:0:0,828a63eb5b788208808c788c61b6ea45:0:0,281ed675a8b20f2c32b9a12e177b2c5c:0:0,bf8948d74661c3db792d7e0d8356dfe8:0:1840613998,0ae3158f1e68fe9ad888e0c63585b8fd:0:4103798098,10,1.0,512,0,0,512,0,0,512,0,0,512,0,0,512,0,0,0,0,0,512,122.45649719238281,179.03741455078125,0,0
2055,B,455,-0.03540569543838501,0.8272953033447266,-0.0704725831747055,1.1689172983169556,1024,512,-0.0704725831747055,1.1689172983169556,stage1_rows,512,0,0.007806500419974327,0.03684560030233115,-0.002870976738631725,0.34209616035223006,0.19611129397526383,cecedc1811f174626d3747a724d1b238:0:0,40f92c074e80a9a4fae47fc862571ef6:0:0,63e3a1313095ce246c01a80b03b1bafc:0:0,c5a43abae96b51b71cc26ceab2db44e8:0:724053464,e32f8a87f87161ea43a53d18878eefc7:0:2327289727,10,1.0,512,0,0,512,0,0,512,0,0,512,0,0,511,0,0,1,0,0,512,122.2182846069336,179.45291137695312,0,0
2056,B,456,-0.0020598256960511208,0.8213630318641663,-0.004498429596424103,1.1615432500839233,1024,512,-0.004498429596424103,1.1615432500839233,stage1_rows,512,0,0.009436512365937233,0.07446949928998947,-0.0020123623893596233,0.3373418003320694,0.19466223299968988,65fc9e2ae526ae81bf1501e4c6f0aa38:0:0,6981b744ffb444a8f79db550fe40db6e:0:0,658bb4dc27e97d2bdfcf06d4a4f4fd33:0:0,27c47ef9f787c4a7ec86a912af8ba9e8:0:2816844139,8edfde0c02252c65be3bb6d1f91e057a:1:3211224355,10,1.0,512,0,0,512,0,0,512,0,0,512,0,0,511,0,0,1,0,0,512,121.25761413574219,180.63546752929688,0,0
2057,B,457,0.0646786168217659,0.8758604526519775,0.12999039888381958,1.235198974609375,1024,512,0.12999039888381958,1.235198974609375,stage1_rows,512,0,0.008584844879806042,0.06570255687693134,-0.0014578205651559983,0.38307653814554216,0.19587955297902226,93988c8784a0aca5b5775fac9a0fa238:0:0,dd68515f03b8ff4eb27003dbef0943ea:0:0,d65480ffe54f8c7a45603ca15355675e:0:0,841a060d5e042c50d97b6e25c9680ee8:0:1270223196,9d6999a68d745d645a6f91c622ed35a2:1:3244241617,10,1.0,512,0,0,512,0,0,512,0,0,512,0,0,511,0,0,1,0,0,512,122.4402847290039,179.34957885742188,0,0
2058,B,458,-0.054155971854925156,0.8319073915481567,-0.10635501891374588,1.1741260290145874,1024,512,-0.10635501891374588,1.1741260290145874,stage1_rows,512,0,0.004477533046156168,0.02718809386715293,-0.0006469589978223666,0.34586020186543465,0.1982631369610317,1f24e125a43b263a773f38de9e2e9a38:0:0,9c8474016530aa2d25774ddf7fe5e9eb:0:0,5b7404a9ae6921d92ab521a406cc0571:0:0,5d7f206fd8cb4f1258dae284507073e8:0:1987703819,679bceaaead6ab84e626241a29b56dd2:0:2984454976,10,1.0,512,0,0,512,0,0,512,0,0,512,0,0,512,0,0,0,0,0,512,121.37893676757812,180.48306274414062,0,0
2059,B,459,0.011342223733663559,0.8458350300788879,0.01938311569392681,1.1960806846618652,1024,512,0.01938311569392681,1.1960806846618652,stage1_rows,512,0,0.003869971027597785,0.033560087310615924,-0.0029988978407345713,0.35777077078819275,0.20752861601067707,a52b109ef28a19349091655ad34d9238:0:0,54a0b4bf50e5b1ed00117389d0f848a2:0:0,a44941d3065ef51bae8fbb492a43538b:0:0,bab9aaf05aaa63bb27bd174e94a4d8e8:0:4143659066,a8cc30a6a79fede666a1c3b22d1ed5b5:1:3307380814,10,1.0,512,0,0,512,0,0,512,0,0,512,0,0,512,0,0,0,0,0,512,122.18550109863281,179.7386932373047,0,0
2060,B,460,0.061905235052108765,0.8598095774650574,0.12302833795547485,1.2128729820251465,1024,512,0.12302833795547485,1.2128729820251465,stage1_rows,512,0,0.0003662186209112406,0.059688945638481525,-0.00396698914701119,0.36923028603196145,0.2136632549809292,545892df153ecce072d6bd01396c8a38:0:0,a608345f7cdd2a2717a5b751203d5cde:0:0,381f54ba1746f3f754bc6e7a7dea42a7:0:0,09d567f60ce5cf393abd0864e6053de8:0:1289362404,97cbd9927bfc5219b9a2733c28980fd3:0:1922769646,10,1.0,512,0,0,512,0,0,512,0,0,512,0,0,511,0,0,1,0,0,512,123.03074645996094,178.9763946533203,0,0
2061,B,461,-0.06975898146629333,0.8780456781387329,-0.14082609117031097,1.2375919818878174,1024,512,-0.14082609117031097,1.2375919818878174,stage1_rows,512,0,0.010369088500738144,0.054402489797212183,0.0013687887098058128,0.38515584692358973,0.19379593298071995,6eb3083f7053e4b1f4bc17b1d08b8238:0:0,1c06b1a0bbc6c07bc59c69180e513fc0:0:0,17c232f964eafe0082b2cb837136361f:0:0,78f3bffae66ffa9ad99d9c679491a2e8:0:3422118346,5076437f4467f42bcfc417b5503407ff:0:1060981243,10,1.0,512,0,0,512,0,0,512,0,0,512,0,0,512,0,0,0,0,0,512,122.81522369384766,179.27784729003906,0,0
2062,B,462,0.02819821611046791,0.8573535084724426,0.04799998179078102,1.2120387554168701,1024,512,0.04799998179078102,1.2120387554168701,stage1_rows,512,0,0.0013021748745813966,0.04066954135196284,-0.003218741051387042,0.3676226496696472,0.204544348991476,1c3c5c8fb6008313d2324d4c98aa7a38:0:0,09c2c8a09b608ef021e75cbf7f499eb6:0:0,d3d27b4da2e99cb85cf3ab7cf06507c8:0:0,e3552b10fd2f15afe6eea4b6f04a07e8:0:3146753549,2ca6c68ba6778c36a1b805c233fc3c42:0:244425688,10,1.0,512,0,0,512,0,0,512,0,0,512,0,0,512,0,0,0,0,0,512,121.6108169555664,180.62611389160156,0,0
2063,B,463,-0.04282195866107941,0.8122853636741638,-0.08574117720127106,1.1471186876296997,1024,512,-0.08574117720127106,1.1471186876296997,stage1_rows,512,0,0.0043394542299211025,0.015833486744668335,-0.002779145902604796,0.3297317273914814,0.19843282498186454,92506dcc3d727c372c6e35b191c97238:0:0,4a8b36330034741b32aed66131e0de46:0:0,bd8d7b4f3a704f2c5262f3121d87b9b7:0:0,5fe1ec28bad95a9b53b1dd73492e6ce8:0:4000114200,30a21dee053638446abe32d01459bf8a:0:2095423938,10,1.0,512,0,0,512,0,0,512,0,0,512,0,0,512,0,0,0,0,0,512,122.10295867919922,180.2414093017578,0,0
2064,B,464,0.031171360984444618,0.851119875907898,0.05918598175048828,1.2029497623443604,1024,512,0.05918598175048828,1.2029497623443604,stage1_rows,512,0,3.484426997601986e-05,0.01717815618030727,-0.00019444013014435768,0.36222317442297935,0.1931491869618185,c3eea0831e4f98e309e8a8c0bbe86a38:0:0,033cf4bc8cd811b784596c5bb0807264:0:0,c662fe939f4857a298bd45b0567210e9:0:0,b046802f0b0a26a4beffed7cef3ed1e8:0:3577627471,b67b6ebcf897c3c05c0c7802063ff49e:1:3052926273,10,1.0,512,0,0,512,0,0,512,0,0,512,0,0,512,0,0,0,0,0,512,121.34114837646484,181.1102752685547,0,0
2065,B,465,-0.03483953699469566,0.8461084365844727,-0.06328661739826202,1.1958644390106201,1024,512,-0.06328661739826202,1.1958644390106201,stage1_rows,512,0,0.0032121443655341864,0.0009980620350688695,8.742331556277349e-06,0.3579811580479145,0.19297223299508914,bb02b0290efde943d65e7e5a17076238:0:0,e09f7815d287a248758b7c7301b431c4:0:0,8f70010746c5caa5860dccae8aa6461b:0:0,64907226694cfc9a41ad6674327b36e8:0:2615490834,2e00788c04a93142899d78519a95dc7e:1:2811556768,10,1.0,512,0,0,512,0,0,512,0,0,512,0,0,512,0,0,0,0,0,512,121.5213394165039,181.20919799804688,0,0
2066,B,466,0.07754497975111008,0.8317523002624512,0.15183976292610168,1.1715446710586548,1024,512,0.15183976292610168,1.1715446710586548,stage1_rows,512,0,6.361352279782295e-05,0.02729649713728577,-0.0032225979783106597,0.34560697972774507,0.20419983798637986,6198eddf03b327bae2d08e5da3265a38:0:0,e26bdf817143c10d8bd65448b7835613:0:0,1ce180b07e67106cab56405409a6687e:0:0,c71ebd406bf6451265efc4b962e39be8:0:3170665610,03b8be7aa28a486441ab88d930da370f:1:1108555427,10,1.0,512,0,0,512,0,0,512,0,0,512,0,0,511,0,0,1,0,0,512,120.87665557861328,182.00820922851562,0,0
2067,B,467,-0.03367585688829422,0.8534031510353088,-0.06261152029037476,1.20604407787323,1024,512,-0.06261152029037476,1.20604407787323,stage1_rows,512,0,0.001714699319563806,0.013015109649859368,-0.000787241553189233,0.3641972802579403,0.19165197695838287,e3bb04698c4b2bade583b0ab60455238:0:0,c9155f597792fcb3c4d89f45874bdce5:0:0,f181e7edfbc9e06ce9eb45d48fca23be:0:0,4aba69e303bc60de4b026f6cd07800e8:0:403538030,9efcf3e2c5caf9d7d26fe5428027dccb:0:1082907210,10,1.0,512,0,0,512,0,0,512,0,0,512,0,0,512,0,0,0,0,0,512,120.78550720214844,182.11524963378906,0,0
2068,B,468,-0.0009563900530338287,0.8370545506477356,-0.007339987903833389,1.1836827993392944,1024,512,-0.007339987903833389,1.1836827993392944,stage1_rows,512,0,0.002857309766113758,0.013034013984724879,0.00014662567991763353,0.35029970929026605,0.19377500499831513,ef7b3c5aeee56c567a00bd234e644a38:0:0,cbd2dc2d0cf54b01eb96e9b397584816:0:0,618a30f798a6c982d4da545912d4a22e:0:0,b99dd599281e61fbf4cbb86ecb3865e8:0:3084881048,b49459e2d417b31563dd99c29e227f7c:1:16929198,10,1.0,512,0,0,512,0,0,512,0,0,512,0,0,512,0,0,0,0,0,512,120.2951889038086,182.6364288330078,0,0
2069,B,469,0.012085279449820518,0.8346866369247437,0.02549043856561184,1.1802691221237183,1024,512,0.02549043856561184,1.1802691221237183,stage1_rows,512,0,0.0014360783388838172,0.004183588409796357,0.0004808395344298333,0.34835021644830705,0.19262824102770537,f0751fb0fd499391a1148ba56d834238:0:0,d94ee0826bcbb635776e3419edfea27a:0:0,9824920cde723e4f7ac182379ab60bb3:0:0,49709b5e0dc07f58c781dc5fa324cae8:0:762061756,19f0a07095afc06e9416f6d4483436b4:1:1782028634,10,1.0,512,0,0,512,0,0,512,0,0,512,0,0,512,0,0,0,0,0,512,120.92051696777344,181.97250366210938,0,0
2070,B,470,-0.01586160808801651,0.8265949487686157,-0.031450577080249786,1.1687676906585693,1024,512,-0.031450577080249786,1.1687676906585693,stage1_rows,512,0,0.005525315646082163,0.06574885934824123,-0.001581245893612504,0.3416429579257965,0.1969896150403656,f6c34067a31320af40cff411bda23a38:0:0,caddb5e508a77cc236d32647c8bd6e78:0:0,100f2d95609c60de33d0ee76cf7d65ba:0:0,d2712ca84e0117b42f50029fa83d2fe8:0:316898915,6ed4f799167bdec5a02b3d5ee7644c30:0:603086521,10,1.0,512,0,0,512,0,0,512,0,0,512,0,0,512,0,0,0,0,0,512,120.42916870117188,182.5048370361328,0,0
2071,B,471,0.0028036346193403006,0.8422046899795532,0.00883304700255394,1.1910178661346436,1024,512,0.00883304700255394,1.1910178661346436,stage1_rows,512,0,0.0004939845530316234,0.04792594127357006,-0.002072530600707978,0.35467288717627526,0.19308052799897268,471ac9c12aa41b41a487ce483ec13238:0:0,747e74ca38e9ca0c121f98b598f9aac6:0:0,076f499940caa17a56023734590707c1:0:0,29d9ff439623d7f273fb3d4f2a8194e8:0:3331754160,5dc0868339cccafedddd87a7b2e6fd0f:1:1416618752,10,1.0,512,0,0,512,0,0,512,0,0,512,0,0,512,0,0,0,0,0,512,119.62450408935547,183.56072998046875,0,0
2072,B,472,0.020688489079475403,0.861285388469696,0.0383199006319046,1.2177835702896118,1024,512,0.0383199006319046,1.2177835702896118,stage1_rows,512,0,0.0025776501279324293,0.009236971172504127,-0.0012723075225949288,0.3709023714065552,0.19364893803140149,9a66684536ded5ecfcd4f228f0e02a38:0:0,47d9fe046ea20d2eec54c42b214265c0:0:0,cd9587001b340a2fa6c30c33e536b269:0:0,647d338f888b592fb887894e79f1f9e8:0:3176162286,2a6a72c0517657c6f1bd7e170cf51d9d:1:2532767171,10,1.0,512,0,0,512,0,0,512,0,0,512,0,0,512,0,0,0,0,0,512,119.40773010253906,183.8839569091797,0,0
2073,B,473,0.0009661687072366476,0.8776721358299255,0.002743578515946865,1.2412046194076538,1024,512,0.002743578515946865,1.2412046194076538,stage1_rows,512,0,0.0025150359142571688,0.012020399526227266,-0.00013512731529772282,0.3851690530776978,0.19257587200263515,d6daf8b76fa6c136df943793d3ff2238:0:0,6778d83c4192c5698bb38f97cb4c8b8d:0:0,126de945587ddd7b9f6442bc86e64c7d:0:0,1d95854d73944ae326dcce3de68e5ee8:0:376869526,a90a4e5b66f72e516848d70419dbf894:1:1474284341,10,1.0,512,0,0,512,0,0,512,0,0,512,0,0,512,0,0,0,0,0,512,118.86479187011719,184.5751495361328,0,0
2074,B,474,-0.025438902899622917,0.8300604224205017,-0.054640449583530426,1.1731523275375366,1024,512,-0.054640449583530426,1.1731523275375366,stage1_rows,512,0,0.0010548653081059456,0.015490761119872331,-0.0004019717744085938,0.3443934828042984,0.1945139419985935,8b195286df284e55c7e67668e81e1a38:0:0,75780d839196f7170c5d7acf9eb1b92e:0:0,ff96e9df86aa573251a1f66478f5ce03:0:0,d42d49f05fbffd62476bde7dc056c3e8:0:884763903,135e91cc008485d258c59512fcc13f31:0:884584525,10,1.0,512,0,0,512,0,0,512,0,0,512,0,0,512,0,0,0,0,0,512,118.30110168457031,185.2493896484375,0,0
2075,B,475,-0.009565204381942749,0.8404695391654968,-0.020177235826849937,1.188483715057373,1024,512,-0.020177235826849937,1.188483715057373,stage1_rows,512,0,0.00497668981552124,0.0617960095172748,-0.00386329444590956,0.3531828984618187,0.2368438800331205,ad816676fde7e200963086882d3d1238:0:0,a3403ae85f2cfe4df74a99f1223ad890:0:0,452d2c172b1df5e10eaff0dc69290edd:0:0,dd8b958fb9f6e11484d3772e574b28e8:0:2982495197,c4638e1578eaf250edee50535776919c:0:4012054478,10,1.0,512,0,0,512,0,0,512,0,0,512,0,0,512,0,0,0,0,0,512,117.95817565917969,185.7077178955078,0,0
2076,B,476,0.05239368602633476,0.829897403717041,0.10231205821037292,1.1715176105499268,1024,512,0.10231205821037292,1.1715176105499268,stage1_rows,512,0,0.002094450406730175,0.00019685039296746254,-0.0008371638832613826,0.3441667780280113,0.19275043299421668,1663ce836b97d73e101b3fd1a35c0a38:0:0,bcb6758f8422e8f2e8b3b70f382672d1:0:0,a8f2a805561cbdebf76792e03c71c0f6:0:0,36ec0e5886c64ea6db85402ffb6b8de8:0:444033866,ff01ae00013733602a92dd56514ff362:1:2871453356,10,1.0,512,0,0,512,0,0,512,0,0,512,0,0,511,0,0,1,0,0,512,118.81578063964844,184.85116577148438,0,0
2077,B,477,-0.030273105949163437,0.8399919867515564,-0.05943455547094345,1.187160849571228,1024,512,-0.05943455547094345,1.187160849571228,stage1_rows,512,0,0.0036948551423847675,0.027336017577908933,-0.001475801458582282,0.3528053663671017,0.19191890698857605,db3fd03f52b5923460937a254a7b0238:0:0,81555e81063deefa0f0d4ff573a1369b:0:0,8578732b219045a895903dcda00b6192:0:0,f4ff80cf9897ac8fb56acc22fcb7f2e8:0:212494187,059992028c85c2a8babdf81e42bafe08:1:1603417358,10,1.0,512,0,0,512,0,0,512,0,0,512,0,0,512,0,0,0,0,0,512,118.25274658203125,185.3680419921875,0,0
2078,B,478,0.019712118431925774,0.8451216220855713,0.038536109030246735,1.1948587894439697,1024,512,0.038536109030246735,1.1948587894439697,stage1_rows,512,0,0.00035004480741918087,0.005005534470546991,0.001560494932346046,0.35714432671666146,0.19407812197459862,1bb4b73174eda2f897ca0d632299fa38:0:0,dbe0e653c19e9d06b5fe2597610033ff:0:0,69928f4f1eff2a87fc3b535340a796c8:0:0,1e3a4094b4f9c632f18a9867ab3057e8:0:3051315633,cebce85df17a88acbd692e3b90fbc4f9:1:3100429360,10,1.0,512,0,0,512,0,0,512,0,0,512,0,0,511,0,0,1,0,0,512,117.52300262451172,186.17958068847656,0,0
2079,B,479,-0.048060767352581024,0.8314645290374756,-0.09575605392456055,1.173915982246399,1024,512,-0.09575605392456055,1.173915982246399,stage1_rows,512,0,0.0029548993334174156,0.02524865714367479,0.0017105849692597985,0.3454488076269627,0.19331136695109308,f63e50edde46f85e2b33d16b2bb8f238:0:0,83a9add8be33c0bebfaa51a1e71c13b3:0:0,56bfd982698951cd1487edf4b0b4a246:0:0,4bba6cc6ec2fe8f617ad0d1e56d4bce8:0:3574044421,bc972cd16a1d64eaf6d1fa8e5f3ed6d5:1:2898160199,10,1.0,512,0,0,512,0,0,512,0,0,512,0,0,512,0,0,0,0,0,512,117.3446273803711,186.46875,0,0
2080,B,480,0.024127433076500893,0.8430785536766052,0.04367624223232269,1.1919047832489014,1024,512,0.04367624223232269,1.1919047832489014,stage1_rows,512,0,0.0005379432113841176,0.05086904359050095,-0.001020676878397353,0.3554147630929947,0.19527102902065963,3b3d38ee3d1522c675899e1d65d7ea38:0:0,7818c4ebae12df0f5993cc90b96d7f5e:0:0,10b3266df2cdc0dec44acb0a6c579a23:0:0,a04c3fd9a2551b94b8017d274fa521e8:0:4277006394,750ad2532e0ab363d1f9cf5098f52a83:0:3086798597,10,1.0,512,0,0,512,0,0,512,0,0,512,0,0,511,0,0,1,0,0,512,116.70670318603516,187.0753936767578,0,0
2081,B,481,0.04597429931163788,0.8263910412788391,0.09672115743160248,1.1664682626724243,1024,512,0.09672115743160248,1.1664682626724243,stage1_rows,512,0,0.0026141118723899126,0.017746715899556877,0.0007036377501208335,0.3411146096885204,0.19248459994560108,102c8669dcb1a6f036c84b59d0f6e238:0:0,77189a0b487e95b43a130437c77007a0:0:0,e6ded748544e2a0eec5ef6cf3b9ad1e4:0:0,2c06ebc3ea7c8404f6c32622e5a186e8:0:1570461881,90451144b7c4ce0a5961eb9d9ef1c1a9:1:2459128058,10,1.0,512,0,0,512,0,0,512,0,0,512,0,0,510,0,0,2,0,0,512,116.40364837646484,187.3189239501953,0,0
2082,B,482,-0.02107902802526951,0.8469574451446533,-0.036554355174303055,1.1975257396697998,1024,512,-0.036554355174303055,1.1975257396697998,stage1_rows,512,0,0.005590038374066353,0.03377633098280057,-0.003142264694906771,0.3587428145110607,0.19810853799572214,0b3f52ae40fc60c71430b1006d15da38:0:0,3de5312d535d38dcaf052a7f89046502:0:0,9fd98a389cb739e6a09723b74f1f1b25:0:0,2fb2b824da52d03c43de307168c9ebe8:0:2056097169,a8c22feb4a493c58b50cf4d0dda38e0c:1:3471178412,10,1.0,512,0,0,512,0,0,512,0,0,512,0,0,512,0,0,0,0,0,512,115.80982971191406,187.99972534179688,0,0
2083,B,483,-0.003372758626937866,0.8360062837600708,-0.007658679038286209,1.1822587251663208,1024,512,-0.007658679038286209,1.1822587251663208,stage1_rows,512,0,0.005654242821037769,0.029450849001295864,-0.0017123869154602289,0.3494618758559227,0.19303626904729754,60f172b960a2f6331847a6f13a34d238:0:0,e184bbc77b85410380baab146409ca6e:0:0,47145751db57d7ace0492a617e4e0c06:0:0,87330b6b67df36243e94af33291e50e8:0:660648806,c60381c1a3afba6cf2beb873dbe6290e:0:2631482404,10,1.0,512,0,0,512,0,0,512,0,0,512,0,0,511,0,0,1,0,0,512,116.67491149902344,187.0374298095703,0,0
2084,B,484,0.00022558588534593582,0.8533709645271301,0.0004694182425737381,1.2068455219268799,1024,512,0.0004694182425737381,1.2068455219268799,stage1_rows,512,0,0.001583443838171661,0.009497842285782099,0.0005322764976881444,0.36413637921214104,0.1941817100159824,895fa3167c2f59e832d6050c3853ca38:0:0,7d78eea2518eb0229d4d97283d63f4ce:0:0,10b321faedd37329bd0c24a37116c4a9:0:0,d8e6ed73331d5f0fc523a048769eb5e8:0:355790102,fd2ee2a92e94a9ef4ad5c7d151f2118f:1:1878412016,10,1.0,512,0,0,512,0,0,512,0,0,512,0,0,512,0,0,0,0,0,512,117.54999542236328,186.1734161376953,0,0
2085,B,485,0.05847073718905449,0.864702045917511,0.11732091009616852,1.220035433769226,1024,512,0.11732091009616852,1.220035433769226,stage1_rows,512,0,0.009340338408946991,0.039223273284733295,0.00019217298831790685,0.3735748864710331,0.19411226199008524,4a7c493e8fdd5e35b8e8a3316772c238:0:0,c3883fc9bd67b690d8dbfed52de14293:0:0,b9537a7f7c60ccf790fdf8335a74ad12:0:0,c13aec85524453003067ec51a14b1ae8:0:13955855,69b7e11bd64c57f2819b77a7a56b823e:0:3388306234,10,1.0,512,0,0,512,0,0,512,0,0,512,0,0,512,0,0,0,0,0,512,118.0837631225586,185.75718688964844,0,0
2086,B,486,-0.07543865591287613,0.844032883644104,-0.1506536900997162,1.1888155937194824,1024,512,-0.1506536900997162,1.1888155937194824,stage1_rows,512,0,0.007555623538792133,0.06983550074510277,-0.005659585993271321,0.3558754287660122,0.19603217497933656,566ed1fd5e3757d5e4d05940c791ba38:0:0,a720961cdb8b5a5951353e2f6bdc1dd6:0:0,29ff76df8573af57c74c410a928dd643:0:0,ccaaf070d1a9380abb8366aef9237fe8:0:853263633,70f5f622ab8b6324c4f4626cd44111e7:1:4238814267,10,1.0,512,0,0,512,0,0,512,0,0,512,0,0,511,0,0,1,0,0,512,116.9076156616211,186.8912811279297,0,0
2087,B,487,0.0555737130343914,0.8365727066993713,0.09958644211292267,1.1812679767608643,1024,512,0.09958644211292267,1.1812679767608643,stage1_rows,512,0,0.007159917615354061,0.07320690515916795,-0.005766313125786837,0.35007393434643747,0.19423501298297197,aa9c989c1179d0bd5621ff1a58b0b238:0:0,33ca415e56f12d0fdca2e9cc2ab6c8bb:0:0,a4c9b3f6c6f61fbc4444e5ba904aff39:0:0,b86495a617477a2e1781cd80ce27e4e8:0:1620796802,bfc3d23d480703b29ec5b1d205eda76d:0:3353254869,10,1.0,512,0,0,512,0,0,512,0,0,512,0,0,512,0,0,0,0,0,512,117.87290954589844,185.82106018066406,0,0
2088,B,488,0.03057994693517685,0.8654121160507202,0.06454892456531525,1.2228385210037231,1024,512,0.06454892456531525,1.2228385210037231,stage1_rows,512,0,0.00315721333026886,0.06468727726023644,-0.004102301551029086,0.3742700770497322,0.19324493501335382,940326d271be4aea91b66c9e1acfaa38:0:0,f11326e4094f02f68b8bc13cdb54708b:0:0,6cc48ee43bc62b3da6ae6ecfed837f66:0:0,c0969716be12afe82afdc9a7705849e8:0:1588710986,57c015e1cd9001492e76ff1272c9db28:1:3469937613,10,1.0,512,0,0,512,0,0,512,0,0,512,0,0,512,0,0,0,0,0,512,118.83720397949219,184.7794952392578,0,0
2089,B,489,-0.008174902759492397,0.8507891297340393,-0.011767938733100891,1.2031666040420532,1024,512,-0.011767938733100891,1.2031666040420532,stage1_rows,512,0,0.004469285719096661,0.02605514416936785,-0.001301462686387822,0.3619557999074459,0.19401570898480713,b0ac81bfaded133581aa79ac0deea238:0:0,3bed226fc8f267c23462e72a2250a756:0:0,ac99bbb92cf5d6b8d1f77f000d0e263c:0:0,38c35c3cc6514fdbfdc5eec32fb4aee8:0:2228163610,46d72d398ae6902a1d10c8c4336e8c69:1:237088227,10,1.0,512,0,0,512,0,0,512,0,0,512,0,0,512,0,0,0,0,0,512,119.4969711303711,184.11312866210938,0,0
2090,B,490,0.00476573221385479,0.8332965970039368,0.0097693782299757,1.1784307956695557,1024,512,0.0097693782299757,1.1784307956695557,stage1_rows,512,0,0.0027865059673786163,0.0190478483797051,0.0007402251940220594,0.34722420796751974,0.19364576099906117,741f1c6bb576241ef55efe24320d9a38:0:0,98e21af9ae8c68f1009012e604c45ac1:0:0,3a3a2311c5d570b551fdfbfbc358fdbb:0:0,edf00444265a0bd7d081bb345c3d13e8:0:2922901007,22a37aac25d82e347f4ff19579eeec4e:0:2052975755,10,1.0,512,0,0,512,0,0,512,0,0,512,0,0,512,0,0,0,0,0,512,120.30580139160156,183.33262634277344,0,0
2091,B,491,-0.10069351643323898,0.8360829949378967,-0.19971774518489838,1.174069881439209,1024,512,-0.19971774518489838,1.174069881439209,stage1_rows,512,0,0.0022238269448280334,0.022223499440588056,-0.0010836230881977825,0.3493844471871853,0.1925698549603112,9dbbec9220d118a02178d1e6872c9238:0:0,9b62139417047ab9d3d22326a7ae4ae0:0:0,a7190ff2c385027e7c37165dcdbe544a:0:0,011aa30cda28658b6056981b45f178e8:0:1632385815,2061cce3a33f6f155a8cfbac34965bdd:0:3363499319,10,1.0,512,0,0,512,0,0,512,0,0,512,0,0,512,0,0,0,0,0,512,120.92457580566406,182.70184326171875,0,0
2092,B,492,0.07789666950702667,0.8880959749221802,0.1337149441242218,1.2530066967010498,1024,512,0.1337149441242218,1.2530066967010498,stage1_rows,512,0,0.00144954863935709,0.008820394240319728,0.0007578576442028861,0.39484611973166467,0.19875251699704677,b40602b7a6c42efa1fe0ccd30d4b8a38:0:0,abc6da63bb93392bf6fa8980a608ab0a:0:0,0cf708ad8e3d3a25672a8a5bf44b9b05:0:0,de9e8bc58857d13e568cd9583cd1dde8:0:614808425,046faabfabf763f6e12d51b406651022:1:1923186053,10,1.0,512,0,0,512,0,0,512,0,0,512,0,0,511,0,0,1,0,0,512,120.35419464111328,183.26284790039062,0,0
2093,B,493,0.032621465623378754,0.8741801381111145,0.07707317173480988,1.2345073223114014,1024,512,0.07707317173480988,1.2345073223114014,stage1_rows,512,0,0.01998431235551834,0.06706948081264272,0.0035962142399512233,0.3817084401845932,0.19583307800348848,f6cfeacb1c725b856fc3c6c9c46a8238:0:0,7d03a568bb045b055fc95666c674f369:0:0,05dc30ab73591a7f4ad8f97709d8cf4c:0:0,9c397a63b02f7ad6e434bd8b90de42e8:0:3493978736,953bc78f72cdc7135b5473ab425fffd3:1:562336198,10,1.0,512,0,0,512,0,0,512,0,0,512,0,0,510,0,0,2,0,0,512,119.94180297851562,183.74798583984375,0,0
2094,B,494,-0.06673048436641693,0.8429742455482483,-0.1290864646434784,1.1888537406921387,1024,512,-0.1290864646434784,1.1888537406921387,stage1_rows,512,0,0.002209274098277092,0.012987778894603253,-0.001522139502048958,0.35544559732079506,0.19711879402166232,5443fed2fe306b81759297aaac897a38:0:0,1f4483e476aedc7abdfc6513c871a905:0:0,ba980945107ade24dadaa723a8188802:0:0,97ad846a1683818089cb6e159216a7e8:0:4230261043,66bb0694ded9288979dd4134e45048e0:0:1152398479,10,1.0,512,0,0,512,0,0,512,0,0,512,0,0,512,0,0,0,0,0,512,121.5726318359375,182.09814453125,0,0
2095,B,495,0.06370028108358383,0.889779269695282,0.11011919379234314,1.2564496994018555,1024,512,0.11011919379234314,1.2564496994018555,stage1_rows,512,0,0.005294314585626125,0.004488234384916722,-0.0012503524791100062,0.3963648289442062,0.19122282601892948,c1adb9687f2137e3fb021755c5a87238:0:0,31abe46eb441b42b1047b8dcd41ff1f7:0:0,8bbe99d75fb767dbfc75fd15f33d6410:0:0,87f7956cce4b3e430adfff16907b0ce8:0:790108501,da3fdd132f0199d226695f318afbe4c1:1:1510509207,10,1.0,512,0,0,512,0,0,512,0,0,512,0,0,511,0,0,1,0,0,512,122.17582702636719,181.5801544189453,0,0
2096,B,496,-0.04382625222206116,0.8280963897705078,-0.07553072273731232,1.17013418674469,1024,512,-0.07553072273731232,1.17013418674469,stage1_rows,512,0,0.0015826949384063482,0.0,0.0005764611192603297,0.3430465437471867,0.19214993598870933,e8d2fa011d98e828af0b1dab0fc76a38:0:0,c199f15614f58c55d58e303f36c29035:0:0,33ec619473cfb5fe23872fd7df225d00:0:0,19fecfbfc5e6e9d98db86f6edc0b71e8:0:3327203971,9f3210a31990820cad4dc6503770a71c:0:3864903754,10,1.0,512,0,0,512,0,0,512,0,0,512,0,0,512,0,0,0,0,0,512,121.34784698486328,182.5312042236328,0,0
2097,B,497,-0.007069653831422329,0.8419684171676636,-0.018244102597236633,1.1905550956726074,1024,512,-0.018244102597236633,1.1905550956726074,stage1_rows,512,0,0.006029627285897732,0.03379370983457193,-0.0020775607612449677,0.35441227480769155,0.191115268971771,658d1147ba474520a5ea828a8ae66238:0:0,3cd7dcd01833f4ce1e93a4539b1a9d4d:0:0,31c7df2c43afbbffe763414474d07b3e:0:0,a444b8e53329b619e6f6a8bec4c7d6e8:0:771487536,7fd6f45b0a705ed1937ed0257e61760a:1:3894563255,10,1.0,512,0,0,512,0,0,512,0,0,512,0,0,510,0,0,2,0,0,512,121.826904296875,182.1109161376953,0,0
2098,B,498,0.032294441014528275,0.8557340502738953,0.06507395952939987,1.2092939615249634,1024,512,0.06507395952939987,1.2092939615249634,stage1_rows,512,0,0.00280980602838099,0.000206611561588943,0.000624466233421117,0.3661432944238186,0.19264476199168712,d52a500630291bc1d9211dd437055a38:0:0,ea129fc519a8e12c8d5f6d8639425cd5:0:0,da05e6bcdb43a72f62710ab160387f6f:0:0,f88736d08e582f3c113d7f669ab03be8:0:2800297688,9a52f321c5f36f7aac17fc71cf11fc8a:0:1076595279,10,1.0,512,0,0,512,0,0,512,0,0,512,0,0,511,0,0,1,0,0,512,122.76010131835938,181.23326110839844,0,0
2099,B,499,0.002534981817007065,0.8477084040641785,0.009435057640075684,1.1987708806991577,1024,512,0.009435057640075684,1.1987708806991577,stage1_rows,512,0,0.007397918961942196,0.0399849628098309,-0.0019353629686520435,0.35929673388600347,0.19130671699531376,b9f1b7606b40aff6a773c76814245238:0:0,e2f6ae733e410b2c5d128fd1ddce529b:0:0,a7cb5ae620df9b249c1414962178119c:0:0,268af21507657951d0d5b286adc4a0e8:0:3707449248,d7acd7571b3b9be68b650a963c421a03:1:1324222779,10,1.0,512,0,0,512,0,0,512,0,0,512,0,0,512,0,0,0,0,0,512,123.46859741210938,180.51707458496094,0,0
2100,B,500,0.00199977308511734,0.8744030594825745,0.0061601027846336365,1.236574411392212,1024,512,0.0061601027846336365,1.236574411392212,stage1_rows,512,0,0.0015331627801060677,0.01100704395212233,-0.0013049636505456873,0.3823003627359867,0.19396692403825,b0eb4d61fc153f6d54eb572622434a38:0:0,577a97b4d7d6be81c6904435bb5a643e:0:0,6b727368c68e560b4f6740c7892b889b:0:0,7e45e4c780d4be3e8352ebff4e0505e8:0:2644735917,51a0b087e113581c3e4b6fec54c6b3f2:0:1589569278,10,1.0,512,0,0,512,0,0,512,0,0,512,0,0,511,0,0,1,0,0,512,124.50714111328125,179.40374755859375,0,0
2101,B,501,-0.060341060161590576,0.8254547119140625,-0.1183433085680008,1.1644800901412964,1024,512,-0.1183433085680008,1.1644800901412964,stage1_rows,512,0,0.0004775482229888439,0.023500416695605965,0.000329174060607329,0.34070181250572207,0.19267704902449623,aed07d1f25f994678ad4a4ee61624238:0:0,e36aafd40fe52a0460895bcb878db64b:0:0,9edbbed5b0bf74dfe8592bb506363554:0:0,07c6396820bee07f1b38c070cb716ae8:0:2390719628,d5325764d8ff469efa296bbecbbe8d96:1:3655782554,10,1.0,512,0,0,512,0,0,512,0,0,512,0,0,512,0,0,0,0,0,512,124.06411743164062,179.94496154785156,0,0
2102,B,502,-0.006363776512444019,0.8709975481033325,-0.02426685392856598,1.231379747390747,1024,512,-0.02426685392856598,1.231379747390747,stage1_rows,512,0,0.00302126444876194,0.006309345061890781,0.0002446489495923743,0.3791788540780544,0.19335120200412348,eac0cdea6619a889d7c088a0d1813a38:0:0,7d1656ccfe60ccfc9f2d95cbafa2f21b:0:0,78343967327141f4a873884b12073250:0:0,6628f3ba72974712479faf3b7609cfe8:0:1329888528,96725f2e78faeb6f2a7531a3790e4db7:0:1745855798,10,1.0,512,0,0,512,0,0,512,0,0,512,0,0,512,0,0,0,0,0,512,124.3378677368164,179.69839477539062,0,0
2103,B,503,0.02730696275830269,0.820446252822876,0.04847709834575653,1.1598806381225586,1024,512,0.04847709834575653,1.1598806381225586,stage1_rows,512,0,0.0056256079114973545,0.014632358739618212,-0.0009098082839045674,0.33661757186055186,0.19196578400442377,ca08215f714f57ab2f83da1d72a03238:0:0,07db132fd660105d19aa3101a5dd4b39:0:0,78f7d8799d02ef63a447bf1b8faa3d48:0:0,10765238e36556d0c7da227f9dce34e8:0:2373633796,603aba9514d9a8f39a194bcd0c0032b6:1:3650766330,10,1.0,512,0,0,512,0,0,512,0,0,512,0,0,512,0,0,0,0,0,512,123.67806243896484,180.37161254882812,0,0
2104,B,504,0.0006620497442781925,0.8398079872131348,0.006144135259091854,1.1876205205917358,1024,512,0.006144135259091854,1.1876205205917358,stage1_rows,512,0,0.004057496786117554,0.00606275477912277,0.00018624801887199283,0.3526329413056374,0.19396062201121822,87ec8c44a6be22a46b37714444bf2a38:0:0,d419a417d26db9c3fb43af47372a615f:0:0,a21e7da35ad0473017c2bd9225d0086f:0:0,97c7dcf51642ed85eb196f1d92be99e8:0:1143464867,5851c1907ac16e1e0ae1bac239f8b51e:0:3882615114,10,1.0,512,0,0,512,0,0,512,0,0,512,0,0,512,0,0,0,0,0,512,124.62553405761719,179.3650665283203,0,0
2105,B,505,-0.013801506720483303,0.8663316965103149,-0.028315868228673935,1.225002646446228,1024,512,-0.028315868228673935,1.225002646446228,stage1_rows,512,0,0.004490728490054607,0.022977783635724336,-0.001386983273550868,0.3752911947667599,0.19206142099574208,771ac283f536021fc93825f547de2238:0:0,9cc48f638b43f8c7efd07284b87a3791:0:0,9c30b3f191d4d31c9663dc57167a4df1:0:0,81be7166280af3183c12d4b5a4dafee8:0:2362445296,b3718e3a6ce6693ee0980a9fcb4d9853:1:1247443647,10,1.0,512,0,0,512,0,0,512,0,0,512,0,0,510,0,0,2,0,0,512,125.38787841796875,178.581787109375,0,0
2106,B,506,0.015684422105550766,0.8635908961296082,0.02536196820437908,1.2212164402008057,1024,512,0.02536196820437908,1.2212164402008057,stage1_rows,512,0,0.0023811147548258305,0.07613246829714626,-0.002822376927360892,0.3729396142065525,0.19339984195539728,97e0f2bc315d49686d26d0107bfd1a38:0:0,463b601553aee282de18b4676a989ff7:0:0,09924fbd097f5711d47eb05b39c9068c:0:0,13565d0c773dd51258a47da8242363e8:0:2763989514,0d318b7c0db4529d6f1f6ebbbecba9f8:1:2890259640,10,1.0,512,0,0,512,0,0,512,0,0,512,0,0,512,0,0,0,0,0,512,126.18509674072266,177.76063537597656,0,0
2107,B,507,-0.051174961030483246,0.8285871148109436,-0.10244590044021606,1.1695456504821777,1024,512,-0.10244590044021606,1.1695456504821777,stage1_rows,512,0,0.007986880838871002,0.07315026256255805,-0.004996390253654681,0.3433934606611729,0.19213506300002337,d6f8d22bdaa19939dfe84775e11c1238:0:0,ad9fc7a88c11db54e2609ce5454ebeba:0:0,8c6b6487f1d8501be7aff83ffd414108:0:0,65ee261be83c80dbf57a7f156097c8e8:0:1436817864,7cfcd87915c61caa83f6634d57b8624c:1:2231172557,10,1.0,512,0,0,512,0,0,512,0,0,512,0,0,512,0,0,0,0,0,512,126.77745056152344,177.1685333251953,0,0
2108,B,508,-0.03733477741479874,0.8209645748138428,-0.08700986206531525,1.1587964296340942,1024,512,-0.08700986206531525,1.1587964296340942,stage1_rows,512,0,0.004098241683095694,0.014219540543854237,-0.0018662532325834035,0.3366094693541527,0.19218173198169097,9c2a7df64cefe28f8fa56405773b0a38:0:0,5b74480368a5809dfaca2955f46e40b2:0:0,e8b42c4fabb1eecaeb3014b5ce89aab3:0:0,d5fbacb5e61530f30db3d8ddaa382de8:0:1134772833,5b7c7a997bd54eb5054971d2f4474072:0:1211833720,10,1.0,512,0,0,512,0,0,512,0,0,512,0,0,512,0,0,0,0,0,512,127.84479522705078,176.0673828125,0,0
2109,B,509,0.056537237018346786,0.8121584057807922,0.10253436863422394,1.14663827419281,1024,512,0.10253436863422394,1.14663827419281,stage1_rows,512,0,0.0011251175310462713,0.10183085743337869,-0.004829319109558128,0.3300922691822052,0.19145329302409664,5e92bb045d3379744fcafd9f3e5a0238:0:0,8ffa09550f2cd3e5df4d978297bf167f:0:0,079f3743ac396737d622406f07aef00d:0:0,8e1cdbcf8d3821753e8775a1510492e8:0:3683096179,b00310c3ad0daa6203177d4be8626dd8:0:3632551676,10,1.0,512,0,0,512,0,0,512,0,0,512,0,0,512,0,0,0,0,0,512,127.06233978271484,176.9143524169922,0,0
2110,B,510,0.048439331352710724,0.8731028437614441,0.10387388616800308,1.2321938276290894,1024,512,0.10387388616800308,1.2321938276290894,stage1_rows,512,0,0.0003895045956596732,0.01888766756746918,-0.0010601035261061042,0.3808736726641655,0.19253222504630685,bdd002015e9c37d1d909ec233678fa38:0:0,1bf9a434497ae329ad8d0518576e4557:0:0,0080a6cc8020b2458a0dc45dc3480e8f:0:0,e8df81da7f8500494ee92ac0a4fcf7e8:0:2376779446,2499773b1766f386576881408b640526:1:1345976571,10,1.0,512,0,0,512,0,0,512,0,0,512,0,0,511,0,0,1,0,0,512,126.6683578491211,177.35206604003906,0,0
2111,B,511,-0.013919830322265625,0.8773692846298218,-0.015280356630682945,1.2407184839248657,1024,512,-0.015280356630682945,1.2407184839248657,stage1_rows,512,0,0.004091292154043913,0.00584817046765238,0.0007815811084583401,0.3849250070750713,0.19158321199938655,23caa9358eabb040495707715f97f238:0:0,f6e63e7eb897dd6cf02604a78a587c8b:0:0,8239d1787292bdfb44913df8e357e733:0:0,32c1c1d3d83cad38e32eb85bf6215ce8:0:487399159,e4493b3ac1c1a487c1f260ff8105db98:0:3719160480,10,1.0,512,0,0,512,0,0,512,0,0,512,0,0,512,0,0,0,0,0,512,126.88518524169922,177.0872039794922,0,0
2112,B,512,0.05226870998740196,0.8768649697303772,0.1011766865849495,1.2381291389465332,1024,512,0.1011766865849495,1.2381291389465332,stage1_rows,512,0,0.004471673630177975,0.07116942554712295,-0.005783840130607132,0.3844983473420143,0.1913572459598072,3235623ee60970d5a3eb2769b9b6ea38:0:0,708ff57a8f2336ca9297de8679566d5a:0:0,53e42e94733a4881e692d184cabb7576:0:0,264cd0a8927d9e4a5cb4c9539471c1e8:0:3510467596,dba607e4eada4d2f00487c39e0176440:1:3119477803,10,1.0,512,0,0,512,0,0,512,0,0,512,0,0,512,0,0,0,0,0,512,127.61170196533203,176.30929565429688,0,0
2113,B,513,-0.09622665494680405,0.8496244549751282,-0.1823030561208725,1.1952954530715942,1024,512,-0.1823030561208725,1.1952954530715942,stage1_rows,512,0,0.00592441949993372,0.04664023531368002,-0.005163286346942186,0.36189575120806694,0.19140066200634465,394425e94c1e55f5514323ec44d5e238:0:0,bd4c7262b31d891d206be0a780954131:0:0,bdc223fa6a732e09b56ee8bf2723be12:0:0,5911a415760bfcaae583f347cfee26e8:0:2540243698,fdbd18d072ddff75e40195b665266e60:1:863574732,10,1.0,512,0,0,512,0,0,512,0,0,512,0,0,512,0,0,0,0,0,512,128.41993713378906,175.48252868652344,0,0
2114,B,514,0.023201346397399902,0.8515996932983398,0.016396215185523033,1.203982949256897,1024,512,0.016396215185523033,1.203982949256897,stage1_rows,512,0,0.008056137710809708,0.08852207112358883,-0.004385521484073252,0.36257255598902705,0.1905373620102182,aa708ca72b76ed1f9f1fd4d900f4da38:0:0,fc8f8d6534091f61ef478b9e5bc007a6:0:0,ad2914d72f0146eb231fc0b654bb24bc:0:0,f14e6a7644414e78a7f5b698f8968be8:0:1807601387,ba02948b05c0649ec8f6685e1f9912ec:1:4082395493,10,1.0,512,0,0,512,0,0,512,0,0,512,0,0,511,0,0,1,0,0,512,127.52041625976562,176.4510498046875,0,0
2115,B,515,-0.009631320834159851,0.837691605091095,-0.01605314016342163,1.184624433517456,1024,512,-0.01605314016342163,1.184624433517456,stage1_rows,512,0,6.650213617831469e-05,0.012984671059530228,-0.0008970753406174481,0.3508827112615108,0.19399207300739363,ea73766b64ece7c14086120fee13d238:0:0,aabb2dcb5743330586bc83b5ef6b3314:0:0,92e77a2defc97a3b1e50df74ff406638:0:0,0fb7f9886a1a41bd32597e675e6af0e8:0:2814234877,22f704edd6787976dea9a2b1e8d5798f:0:4194066086,10,1.0,512,0,0,512,0,0,512,0,0,512,0,0,511,0,0,1,0,0,512,128.55795288085938,175.2398681640625,0,0
2116,B,516,-0.00533207505941391,0.827984094619751,-0.012208245694637299,1.170898199081421,1024,512,-0.012208245694637299,1.170898199081421,stage1_rows,512,0,0.0014185350155457854,0.04115398809080943,-0.00139442621730268,0.34278287291526793,0.19232539599761367,10e4c8e59f979e02cdbeb3710c32ca38:0:0,c07fa6e30c304d372a475f601bf1c323:0:0,46521560a975b0214ea32880a57dc513:0:0,cfb01024ec73ece80699a093516b55e8:0:907474851,8f39779c464561daaefda977db76a0c1:1:1940289571,10,1.0,512,0,0,512,0,0,512,0,0,512,0,0,512,0,0,0,0,0,512,128.66563415527344,175.14723205566406,0,0
2117,B,517,0.01763065718114376,0.8288576006889343,0.032052963972091675,1.1719976663589478,1024,512,0.032052963972091675,1.1719976663589478,stage1_rows,512,0,0.005319241434335709,0.03193717810790986,-0.0033890406950376926,0.3435459636151791,0.1925988220027648,0a32ef61f383a198445690dc5b51c238:0:0,bedde524f75b5f29412dd57ca3229384:0:0,86ad2a4af6f3fc96aa24f1db84c44370:0:0,1704cf8f98a4991955e05dbd2197bae8:0:2316772497,3a4d909bbccad452c78a08ceb9da1b8a:1:1063515934,10,1.0,512,0,0,512,0,0,512,0,0,512,0,0,512,0,0,0,0,0,512,128.200439453125,175.60491943359375,0,0
2118,B,518,0.026471611112356186,0.8403692841529846,0.05965665355324745,1.1875232458114624,1024,512,0.05965665355324745,1.1875232458114624,stage1_rows,512,0,0.00433844281360507,0.043086837301962076,-0.0026929620245937256,0.3530521973967552,0.19251392397563905,31dcabcced316090871e8231db70ba38:0:0,1de892eb344feba2fffae7d8742c273c:0:0,0091ab9e9e58338a75cea3ae3942bac9:0:0,7964075abdb6ea8ce83ce1451ef01fe8:0:2367411602,567f57f16ab8c6f26349bc5c830c0f28:1:2790183337,10,1.0,512,0,0,512,0,0,512,0,0,512,0,0,512,0,0,0,0,0,512,129.0511474609375,174.65870666503906,0,0
2119,B,519,-0.056548114866018295,0.8322452306747437,-0.10670601576566696,1.1748104095458984,1024,512,-0.10670601576566696,1.1748104095458984,stage1_rows,512,0,0.003248127643018961,0.000792478199582547,-0.0011489616910694167,0.34663074985146525,0.19656401500105858,d708ac9ce7dad824de2b5f518c8fb238:0:0,2a65261bcf5ec8799d10fecf46787c35:0:0,39e507c3d3e613a0cc79be9c40e3e76b:0:0,a932f632d1a8fb753048414b997484e8:0:3729930015,7bf91212869e5634d476d951da4bac4b:1:1935141374,10,1.0,512,0,0,512,0,0,512,0,0,512,0,0,511,0,0,1,0,0,512,129.82041931152344,173.9044952392578,0,0
2120,B,520,0.06056096777319908,0.8606482744216919,0.10239728540182114,1.215601921081543,1024,512,0.10239728540182114,1.215601921081543,stage1_rows,512,0,0.005890048108994961,0.023646713746711612,-0.001999572084605461,0.3709621265530586,0.19346575101371855,34bf3fa1bc80578876d6001b6eaeaa38:0:0,d9359b533edccddde05cda68636ab6b4:0:0,6ad731a02531c92e04b2453a65dd7d19:0:0,b27e6d586a2bbd968aca7eb0e124e9e8:0:1049145589,3b3f85a2722cefe5ccc82804ae26b888:1:1572331486,10,1.0,512,0,0,512,0,0,512,0,0,512,0,0,511,0,0,1,0,0,512,130.50213623046875,173.14073181152344,0,0
2121,B,521,-0.08872602880001068,0.8390628695487976,-0.16166657209396362,1.18205988407135,1024,512,-0.16166657209396362,1.18205988407135,stage1_rows,512,0,0.006462899036705494,0.06406555557623506,-0.004624074001912959,0.3530392751097679,0.1917490730411373,392b5dfbc3bc52b7e3bb3c6f81cda238:0:0,b0199ddbef8aa392ad0ffa67aecd6636:0:0,4d8449b2d4c477d10f6da4446eccc1ac:0:0,27c5974cd979b6f2aa5f851546014ee8:0:222743817,56f39cbecb4720acc5c4344876406964:0:978207897,10,1.0,512,0,0,512,0,0,512,0,0,512,0,0,511,0,0,1,0,0,512,131.4037628173828,172.21160888671875,0,0
2122,B,522,0.002639526268467307,0.8302928805351257,-0.0229061059653759,1.1734273433685303,1024,512,-0.0229061059653759,1.1734273433685303,stage1_rows,512,0,0.003010275773704052,0.06511478259926662,-0.005532427621074021,0.3444186978042126,0.19395621196599677,046131bb285e45489cbbec2dc5ec9a38:0:0,4fa50db5cf690c9b4e1f55bb7072915d:0:0,fc165c03f62f48379922f1b2c6a7b3eb:0:0,98510f6a8df6edd42f1c2ad91809b3e8:0:3461873016,37af9b8f413402e1b4f4370dffe6b16e:0:2625379037,10,1.0,512,0,0,512,0,0,512,0,0,512,0,0,512,0,0,0,0,0,512,132.33836364746094,171.18226623535156,0,0
2123,B,523,0.027989137917757034,0.854103684425354,0.05370533466339111,1.2073122262954712,1024,512,0.05370533466339111,1.2073122262954712,stage1_rows,512,0,0.006634826306253672,0.027313502097968012,-0.0035994412028230727,0.3648595973849297,0.1949817530112341,4f3919e888cca5387efce7363b0b9238:0:0,2340dc73754ea10390d8ba803b17003e:0:0,82bf174ff89a732f41a5a3a0e0cdf768:0:0,0676e2fa0666988a6a33311ca73e18e8:0:908257779,2ba601906606b4fd8d348230e28f2535:1:1915331744,10,1.0,512,0,0,512,0,0,512,0,0,512,0,0,512,0,0,0,0,0,512,131.71774291992188,171.87786865234375,0,0
2124,B,524,-0.022489115595817566,0.8527011871337891,-0.03558793291449547,1.205728530883789,1024,512,-0.03558793291449547,1.205728530883789,stage1_rows,512,0,0.0037316386587917805,0.00914974018232897,-0.0001284589474380482,0.36363179236650467,0.1933026629849337,edd715f7e52de5bd4ce70568e12a8a38:0:0,54430dca5144dc0dfd17ef2c5df46b8a:0:0,e7d1d4793774b4f4f5722dc3756fd3e6:0:0,a3412ffac49de5254d9a43c0439e7de8:0:981926808,31c86929ab9bc01bacdb7d661ed7216f:0:390713649,10,1.0,512,0,0,512,0,0,512,0,0,512,0,0,512,0,0,0,0,0,512,130.76988220214844,172.97305297851562,0,0
2125,B,525,0.033570438623428345,0.8658960461616516,0.06112527847290039,1.2239283323287964,1024,512,0.06112527847290039,1.2239283323287964,stage1_rows,512,0,0.001361530157737434,0.021600418188609184,-1.2280246664886363e-05,0.37504553198814394,0.19475236401194707,5f7765e6d8588a142e271ea5b8498238:0:0,26a5304613331b32c29412e0db3fe8fc:0:0,a21ecd8a83f55325a1689852e6bf5782:0:0,3897657925b5ed8187aef9643d2ae2e8:0:1034353894,cd260bbaaffca8d5f85065ca68453320:1:3452836087,10,1.0,512,0,0,512,0,0,512,0,0,512,0,0,512,0,0,0,0,0,512,131.50086975097656,172.20285034179688,0,0
2126,B,526,0.025096863508224487,0.8683345317840576,0.06241089105606079,1.2268496751785278,1024,512,0.06241089105606079,1.2268496751785278,stage1_rows,512,0,0.00550423888489604,0.01795551849063486,0.00046054791746428234,0.37684505358338355,0.1964955740259029,d6121087198a48512fae0accc0687a38:0:0,759686c12c65ba2253a3fe03e5e21deb:0:0,47cf7e73fcf6e677b615d7d1ad9db863:0:0,74c1001268d9abf4cadbd368e3e347e8:0:1507287269,355616b5ecdb883fa4a6b6dff7010237:1:1346670469,10,1.0,512,0,0,512,0,0,512,0,0,512,0,0,512,0,0,0,0,0,512,131.08558654785156,172.67958068847656,0,0
2127,B,527,-0.0632307380437851,0.8140580058097839,-0.11662749946117401,1.1487395763397217,1024,512,-0.11662749946117401,1.1487395763397217,stage1_rows,512,0,0.004958550911396742,0.049810092081315815,-0.0036896667603286914,0.33188013881444933,0.19493395602330565,5457e5b644e63c2ec3b0a1bdf9877238:0:0,73dcc706e34e999789dfb0f4dbf2431c:0:0,07deaadfa6bf6686f63f7b2d02e58f4d:0:0,c35b9e6374e784ea413d3dee87c7ace8:0:2743989024,0b8abe8f1f501603104ddd49ca839041:0:2263996657,10,1.0,512,0,0,512,0,0,512,0,0,512,0,0,511,0,0,1,0,0,512,130.2760009765625,173.6332550048828,0,0
2128,B,528,0.059861961752176285,0.8495808839797974,0.09695291519165039,1.2002331018447876,1024,512,0.09695291519165039,1.2002331018447876,stage1_rows,512,0,0.005545448046177626,0.0027244145749136806,6.303990958258509e-05,0.3616181291639805,0.19187094498192891,6f747683e8ba29dd41a7bb5963a66a38:0:0,ef999490800fa5b1a66264f4a67e485d:0:0,59015bbfbbfb98d1ba1b550688efe218:0:0,d4f567b91938b9bf2c468fd578d811e8:0:2671993615,ae952efaf21d1f8f64ac4eea1118d3c0:0:35414201,10,1.0,512,0,0,512,0,0,512,0,0,512,0,0,512,0,0,0,0,0,512,129.4383087158203,174.55723571777344,0,0
2129,B,529,-0.07646293193101883,0.8330667614936829,-0.13520368933677673,1.1751577854156494,1024,512,-0.13520368933677673,1.1751577854156494,stage1_rows,512,0,0.003231420647352934,0.020292497612535952,-0.0006646590016316622,0.34796144515275956,0.19155236595543101,ebe16186d58ad0d266502f7efec56238:0:0,1b7086829b082fcf6c29f98af81599e5:0:0,94c01ccdc8bb2bc2e654e132b46145b7:0:0,41383e9d96fbd92fb0670abe071476e8:0:2949116255,8cfcf66d28afd87737aefc2e4ead2364:0:1824546658,10,1.0,512,0,0,512,0,0,512,0,0,512,0,0,512,0,0,0,0,0,512,128.59771728515625,175.45843505859375,0,0
2130,B,530,0.04836086183786392,0.8264439105987549,0.06878212094306946,1.1682835817337036,1024,512,0.06878212094306946,1.1682835817337036,stage1_rows,512,0,0.0033392691984772682,0.0039013070752844216,-0.0003326881502289325,0.34207521080970765,0.19174508901778609,d17035e2aee74e98d3aad60ecae45a38:0:0,dfe49478516702e90a0543156ccb1ab3:0:0,a02b6edb58c0c8187c34603669906567:0:0,820aabfb36aa01a3ccaedb08827cdbe8:0:3033979467,012e742a5c0cb3fbe021953d24ba51e7:0:3775914263,10,1.0,512,0,0,512,0,0,512,0,0,512,0,0,512,0,0,0,0,0,512,127.94351196289062,176.20266723632812,0,0
2131,B,531,-0.028334613889455795,0.8566724061965942,-0.042313359677791595,1.2113404273986816,1024,512,-0.042313359677791595,1.2113404273986816,stage1_rows,512,0,0.004485977813601494,0.03862531585618854,-0.0012386990652885287,0.36711299046874046,0.19480771699454635,b28113bebb03919f90fc86e8c8035238:0:0,a2f22bb35306e3c601cdfd2e3c1950a6:0:0,4391538bc953e166a5eb99b72993293e:0:0,b561b9aa883989ac7e7417d53b1140e8:0:1945999686,1b703ba8891ad10dfa4dd677b899eea4:0:2810509239,10,1.0,512,0,0,512,0,0,512,0,0,512,0,0,511,0,0,1,0,0,512,128.61813354492188,175.50515747070312,0,0
2132,B,532,0.04968508332967758,0.823613166809082,0.08998502045869827,1.1633570194244385,1024,512,0.08998502045869827,1.1633570194244385,stage1_rows,512,0,0.003192804753780365,0.026113911741413177,-0.0006704168743453919,0.33949358612298963,0.19238947902340442,bd25152eef19dc098ace19ecf6224a38:0:0,130f3c92fbf30cc4d958aefb6445f950:0:0,da2aa2860c10547667f76e51a0ee3984:0:0,629c4790accb630110f7c30480d1a5e8:0:449243506,310abc1948466ad26c6aa383b8307343:0:2568345089,10,1.0,512,0,0,512,0,0,512,0,0,512,0,0,511,0,0,1,0,0,512,127.84114074707031,176.29261779785156,0,0
2133,B,533,-0.019218239933252335,0.8528231978416443,-0.022080862894654274,1.2060246467590332,1024,512,-0.022080862894654274,1.2060246467590332,stage1_rows,512,0,0.00938557367771864,0.05362927219830453,-0.00599024251132505,0.3637374520301819,0.19122906000120565,c2ac6ed03693567d12ec66fb55414238:0:0,a4f67a6dbfc05cf094d1e138543b6062:0:0,b1f34b96e2d4e7a46238990e99e1cd69:0:0,ea96481aadab4c4c990ac936a3be0ae8:0:3877653251,d5d4a7771d899459874d575ab470fb34:1:3481365839,10,1.0,512,0,0,512,0,0,512,0,0,512,0,0,511,0,0,1,0,0,512,127.16705322265625,176.98284912109375,0,0
2134,B,534,-0.003229505382478237,0.8452157974243164,-0.010746169835329056,1.1952615976333618,1024,512,-0.010746169835329056,1.1952615976333618,stage1_rows,512,0,0.004780625458806753,0.0012253971537575126,0.0006029582698829472,0.3571885399520397,0.1921288769808598,b2d91b98f2f7b2f3606845f3e5603a38:0:0,10bef086498d278fcc93e7ae37b7fcf8:0:0,2d307c16fbc95fd2dd98449facc47f21:0:0,4dea93126e95a61b9cb301cbf3d66fe8:0:2034137643,de541783b4e1ceeebe0e7252d562476c:0:3033244355,10,1.0,512,0,0,512,0,0,512,0,0,512,0,0,511,0,0,1,0,0,512,126.06774139404297,178.2045440673828,0,0
2135,B,535,-0.006272762082517147,0.8396689891815186,-0.01329763699322939,1.1874258518218994,1024,512,-0.01329763699322939,1.1874258518218994,stage1_rows,512,0,0.0023558286484330893,0.016620421898551285,-0.0013132944935932756,0.3525312811136246,0.19344022602308542,139fcb9eb2a3df880f968eb6a67f3238:0:0,32cf0a1bca478f2a7cc4dce6479d12a4:0:0,1ea3dee1a7038de04f620aa5606394aa:0:0,dfd6c3ac38507f39e6d02ee4c11ad4e8:0:232428018,a147cfea994fabf90cd776ee2b86e111:0:78825802,10,1.0,512,0,0,512,0,0,512,0,0,512,0,0,510,0,0,2,0,0,512,126.86869812011719,177.38656616210938,0,0
2136,B,536,0.024600965902209282,0.8476443886756897,0.044852711260318756,1.1984025239944458,1024,512,0.044852711260318756,1.1984025239944458,stage1_rows,512,0,0.005373530555516481,0.04631388458656147,-0.0015345728868851438,0.35939142778515815,0.20950791501672938,c509b1d21c47c948a2101923989e2a38:0:0,8b3c570784c46e3021976b0cc9687242:0:0,b1e118c77725184f79413a31807703fb:0:0,3370536d2cc02cd086c0fd615b8b39e8:0:1401641738,b426b182d967da6001e6871d19126303:0:3036545965,10,1.0,512,0,0,512,0,0,512,0,0,512,0,0,512,0,0,0,0,0,512,127.47526550292969,176.75296020507812,0,0
2137,B,537,-0.023052476346492767,0.8424863219261169,-0.03688311576843262,1.1912819147109985,1024,512,-0.03688311576843262,1.1912819147109985,stage1_rows,512,0,0.006365120876580477,0.03394235902233049,-0.002306423861591611,0.3550093434751034,0.19399941997835413,e26ab0f20d2b2f03feb1bd1abbbd2238:0:0,b74bd93db9b9b726611ef8fadb1ad8d2:0:0,b098942e4aab7004c11b5dc392018e6f:0:0,dd679a572eba8293fc0804e213279ee8:0:3745344123,a199892aff4f4aec68a10d869a4550c4:1:2892302874,10,1.0,512,0,0,512,0,0,512,0,0,512,0,0,511,0,0,1,0,0,512,126.59550476074219,177.73385620117188,0,0
2138,B,538,-0.019853299483656883,0.8326681852340698,-0.04797133803367615,1.1768888235092163,1024,512,-0.04797133803367615,1.1768888235092163,stage1_rows,512,0,0.004876973107457161,0.0005639097653329372,-0.001872396139515331,0.34663662388920785,0.19352933700429276,ceb84c36e8398419f19c527c0fdc1a38:0:0,62456047d3c684f78e0c67c60252ef84:0:0,7fb749e211bd4c94e51c16f03d8d6462:0:0,7dcfa0c9e5f67f528df0c7c737f003e8:0:2752313717,e84f23c50bd2164338a183d99ddcf3fb:0:1000867621,10,1.0,512,0,0,512,0,0,512,0,0,512,0,0,511,0,0,1,0,0,512,125.6953125,178.76962280273438,0,0
2139,B,539,0.06530755758285522,0.8551082015037537,0.11999751627445221,1.206801414489746,1024,512,0.11999751627445221,1.206801414489746,stage1_rows,512,0,7.725786417722702e-05,0.0,-2.0834716269746423e-05,0.36634389832615855,0.19616979197598994,715ea47713d4e34aac34b12794fb1238:0:0,a0d8695f0501d23deaebc08d8f310b9e:0:0,daf5c745b8e826d7ab71af5d29730002:0:0,5bac23ee8a910232cf34b33119e468e8:0:3584780882,33664470d9c888ce9fc47b429867fbff:1:857393699,10,1.0,512,0,0,512,0,0,512,0,0,512,0,0,512,0,0,0,0,0,512,126.53137969970703,177.87513732910156,0,0
2140,B,540,-0.06588509678840637,0.8250135183334351,-0.10730691254138947,1.1652028560638428,1024,512,-0.10730691254138947,1.1652028560638428,stage1_rows,512,0,0.006142508238554001,0.033188631024677305,-0.00484687207499519,0.34127561189234257,0.1974554589833133,5b79aec5a47011864523b0fd4b1a0a38:0:0,e8a55317de052ef2c3d7357b0b72fd2e:0:0,8b9ee57a54b5755b0df21ded81dd1904:0:0,e38d85790bb9dcf24da01f000904cde8:0:765098242,69515b1a1559dbe4a41a18c006ae5f4b:1:4259392499,10,1.0,512,0,0,512,0,0,512,0,0,512,0,0,512,0,0,0,0,0,512,126.43363189697266,177.9981231689453,0,0
2141,B,541,0.07169676572084427,0.8508368730545044,0.11875996738672256,1.2013708353042603,1024,512,0.11875996738672256,1.2013708353042603,stage1_rows,512,0,0.010379521176218987,0.05673704275395721,-0.0026282718346919863,0.36306167766451836,0.19448638299945742,fad9b5cc31ef90bc385629dd32390238:0:0,c8d8cfe340a4ab57bd9ce27b9ad982be:0:0,e99fb04b06825137c42aa6d18c2b65db:0:0,d5f89e38f23757746db74dd4555132e8:0:2124375355,eea112d44c5ac1df2d248c3c4fcb4507:0:1890835712,10,1.0,512,0,0,512,0,0,512,0,0,512,0,0,512,0,0,0,0,0,512,125.43679809570312,179.06854248046875,0,0
2142,B,542,-0.031171655282378197,0.8129528164863586,-0.03588361665606499,1.1496236324310303,1024,512,-0.03588361665606499,1.1496236324310303,stage1_rows,512,0,0.002504081465303898,0.036477997398469596,-0.0015683633653679862,0.33065410554409025,0.19277571298880503,28b31b60d5d1c2aae6fcf3a74a57fa38:0:0,727a317240a6a588310655d74459d366:0:0,d2c8abc6af448b722dafa8226456e091:0:0,7dbae38b1188f8f1725b6d0e4ec997e8:0:3196247602,b086b1744e55c539b4fdf9e494831c0c:0:2299374957,10,1.0,512,0,0,512,0,0,512,0,0,512,0,0,512,0,0,0,0,0,512,124.20663452148438,180.37071228027344,0,0
2143,B,543,0.03786556050181389,0.8491429686546326,0.06682058423757553,1.20016348361969,1024,512,0.06682058423757553,1.20016348361969,stage1_rows,512,0,0.005159646738320589,0.0284498197841458,-0.0008578212553402409,0.3608395613729954,0.19384598603937775,454a3419501e1baf178ce63b9376f238:0:0,6e5fb623159a862fb569f20ae45e8adc:0:0,e6259d8e9d3319f4a1ce48b21e9618d1:0:0,219ea566b18d2b15b06f94ce456dfce8:0:4254200113,9dfe44cc2a5c168299fc192747c2c546:1:3604692391,10,1.0,512,0,0,512,0,0,512,0,0,512,0,0,512,0,0,0,0,0,512,123.60249328613281,181.05056762695312,0,0
2144,B,544,-0.009155905805528164,0.8444693684577942,-0.0017027994617819786,1.1941908597946167,1024,512,-0.0017027994617819786,1.1941908597946167,stage1_rows,512,0,0.0007839396130293608,0.010053808195516467,-0.0005297413736116141,0.35656154081225394,0.20793331699678674,b054fadc511b659375bed97a0d95ea38:0:0,1c0fa7f6fb52433a880c07efb0d2bbb6:0:0,d7bc893b9fbdcca25f7f92d992b4e420:0:0,3f0450a956a80b60ee7dc7f4893e61e8:0:3574702835,d7b5b158dc9084612c8d8190a9c3dcb9:1:3246801834,10,1.0,512,0,0,512,0,0,512,0,0,512,0,0,512,0,0,0,0,0,512,122.78755187988281,181.88792419433594,0,0
2145,B,545,-0.029004883021116257,0.8272700309753418,-0.060089871287345886,1.1691018342971802,1024,512,-0.060089871287345886,1.1691018342971802,stage1_rows,512,0,0.00693794758990407,0.056895999901462345,-0.005611619737464935,0.34226423799991607,0.19955288898199797,c72d3eb1e5cd1260128fa542b8b4e238:0:0,340da157ea786098cebf68bcfe05ae15:0:0,0ea996708b7ff80b7bba04e3a8c39fe3:0:0,5c09da97af847f15f05bf4216a3ac6e8:0:2104752984,5ebba19af6138a68bbdb8b2a426145b4:0:3852450250,10,1.0,512,0,0,512,0,0,512,0,0,512,0,0,512,0,0,0,0,0,512,123.1199722290039,181.5118408203125,0,0
2146,B,546,0.04271428659558296,0.864530622959137,0.07189790159463882,1.2219059467315674,1024,512,0.07189790159463882,1.2219059467315674,stage1_rows,512,0,0.003878373419865966,0.004712766164448112,-0.001196483481908217,0.3740758433938026,0.19342123001115397,a646d15405379f29e440217594d3da38:0:0,6e56d305fcd9198fb3bcb5a497927753:0:0,2dac0fd7b84f0a64a81dee9eafccbc12:0:0,54be5a7475a35e0a2ed0f1b538632be8:0:61805523,01c33e8cda594516ac8e3425be05a6af:0:2907507369,10,1.0,512,0,0,512,0,0,512,0,0,512,0,0,512,0,0,0,0,0,512,123.99449920654297,180.51409912109375,0,0
2147,B,547,-0.03777559474110603,0.8236240148544312,-0.057915423065423965,1.16441011428833,1024,512,-0.057915423065423965,1.16441011428833,stage1_rows,512,0,0.005882052704691887,0.043339989916421476,-0.005434352764859795,0.3395191729068756,0.19288029801100492,baae21403c6c06e2465525f2a1f2d238:0:0,d8a7f772f5e4c733bb6d30e553721dd8:0:0,b550d724cc005640576e3e59067c2548:0:0,ab0b3fbb390748a5bb3983d043b790e8:0:450800694,acdde9f8976a8d2eedb1ba660914cd4b:0:1943261128,10,1.0,512,0,0,512,0,0,512,0,0,512,0,0,511,0,0,1,0,0,512,123.26318359375,181.2942352294922,0,0
2148,B,548,-0.0006217844784259796,0.8448116183280945,-0.015027463436126709,1.194556474685669,1024,512,-0.015027463436126709,1.194556474685669,stage1_rows,512,0,1.394655555486679e-06,0.0,0.0006465158570790663,0.35680016204714776,0.19925544003490359,ba9c8e4b775a452679978a99e011ca38:0:0,c5fcef39302880b82ee8f75a996d4584:0:0,b492d0188379f1baf1edd418f75946f2:0:0,69ecba291f667d634f2d5852dc37f5e8:0:3563201225,d9476aa6a02a93fd233a329d3e17200e:1:4116770424,10,1.0,512,0,0,512,0,0,512,0,0,512,0,0,512,0,0,0,0,0,512,124.16954040527344,180.2938995361328,0,0
2149,B,549,0.01873120293021202,0.8570371270179749,0.03444492071866989,1.2118200063705444,1024,512,0.03444492071866989,1.2118200063705444,stage1_rows,512,0,0.0049724942073225975,0.032182123756501826,-0.003022336307913065,0.3673206802457571,0.19179574004374444,e170abf8e46ae90f2414274b4f30c238:0:0,581f7b51d8412bb8ce142f699825a0ec:0:0,8d2c52cb292b248155c74a79b8ff644e:0:0,d43e4f749466c220882407dd51e45ae8:0:3527757356,e08abc37e905a3f7d8f878b4a4db87e4:0:1925481293,10,1.0,512,0,0,512,0,0,512,0,0,512,0,0,512,0,0,0,0,0,512,124.20178985595703,180.30572509765625,0,0
2150,B,550,0.0017187581397593021,0.8577105402946472,0.010134981013834476,1.2129193544387817,1024,512,0.010134981013834476,1.2129193544387817,stage1_rows,512,0,0.0003436565166339278,0.0,0.0016249951149802655,0.367831065505743,0.19409797998378053,4b918914f0dfb7ffd11bd3e6ef4fba38:0:0,c7b33dec0252baa0d43dc2c141d880a1:0:0,76166948456d7ffcad08c1e61346fd3c:0:0,47061492c282358e4f1a15cff4bcbfe8:0:1160971278,5550f8280b57b954a5c9ff68169abafd:0:1746751364,10,1.0,512,0,0,512,0,0,512,0,0,512,0,0,512,0,0,0,0,0,512,123.40552520751953,181.1722412109375,0,0
2151,B,551,-0.03255300968885422,0.8202924132347107,-0.06428593397140503,1.1591956615447998,1024,512,-0.06428593397140503,1.1591956615447998,stage1_rows,512,0,0.008313652127981186,0.0706044102087617,-0.005168392202904215,0.3365907736122608,0.19224577496061102,09f4f8555bfb60767143684cc06eb238:0:0,f1155a024165f92ef10abac2cde8fe87:0:0,9f449eff34bf811cd389a158bbcb49da:0:0,520fb0da6b4e9d116c35f04b14c124e8:0:4221539299,0510916accb06d51d82d2c871352edf1:0:1855905526,10,1.0,512,0,0,512,0,0,512,0,0,512,0,0,512,0,0,0,0,0,512,123.63162994384766,180.95870971679688,0,0
2152,B,552,-0.014796467497944832,0.8116415739059448,-0.041873909533023834,1.1471706628799438,1024,512,-0.041873909533023834,1.1471706628799438,stage1_rows,512,0,0.00025938788894563913,0.011603986169211567,0.0001108043099520728,0.32930338233709333,0.20093242399161682,fb29b9ff5ef03cdada63bc5cc28daa38:0:0,7f02d6790330242499ea87f74002e07d:0:0,348511bc4307e632a7c5feae8164191c:0:0,37dfab6359fb8363466cf02f01f189e8:0:1415286170,8bb54246cd368aab4ee83cf5db07a3bc:0:3314305605,10,1.0,512,0,0,512,0,0,512,0,0,512,0,0,512,0,0,0,0,0,512,124.6852798461914,179.82772827148438,0,0
2153,B,553,0.05041271448135376,0.8398190140724182,0.09179571270942688,1.1862120628356934,1024,512,0.09179571270942688,1.1862120628356934,stage1_rows,512,0,0.0042731016874313354,0.048357931221835314,-0.006333669909508899,0.35320216566324236,0.1932284309878014,a8e74ad4e796264e4799a7f6f5aca238:0:0,232a81d8702848f330415fd32b02e027:0:0,03cf7f2b9f211de12642d30c6d830129:0:0,7f2749dc33f63c42cf28591c0c4deee8:0:2138547541,a2bb1c223ff234f5c6343f508c8df671:1:1924366274,10,1.0,512,0,0,512,0,0,512,0,0,512,0,0,512,0,0,0,0,0,512,124.897705078125,179.64720153808594,0,0
2154,B,554,0.03092733398079872,0.8418722152709961,0.08180446922779083,1.188382625579834,1024,512,0.08180446922779083,1.188382625579834,stage1_rows,512,0,0.004230279475450516,0.06818890410941095,-0.003965886285004672,0.3541635796427727,0.19295936403796077,553e00c9e3e7577ad94602fb59cb9a38:0:0,e3cbba60efb2b73668c7a768dbf9f448:0:0,b2776bd2fcd980cfcb0eec101ebfbb66:0:0,95c98ee1d9bda18599ea597283d653e8:0:2597543827,a008c5fb08ade3413a86c1700f3943c0:0:2332529824,10,1.0,512,0,0,512,0,0,512,0,0,512,0,0,512,0,0,0,0,0,512,124.15559387207031,180.4581756591797,0,0
2155,B,555,-0.050333280116319656,0.822384774684906,-0.0873069316148758,1.1617982387542725,1024,512,-0.0873069316148758,1.1617982387542725,stage1_rows,512,0,0.003983694594353437,0.025937476963736116,-0.002547371294349432,0.3387536592781544,0.19115438603330404,099302429c445f63150da549eeea9238:0:0,37edc93a976de0b14cf579cada2fbea4:0:0,4fc419bd136971f7a08f714ff487355d:0:0,6f1b0fd7dd0a1dd91ff30a52b88ab8e8:0:2954143278,7431a7bd99b8546078acdeec9ee9d018:0:982262720,10,1.0,512,0,0,512,0,0,512,0,0,512,0,0,512,0,0,0,0,0,512,123.4108657836914,181.28115844726562,0,0
2156,B,556,0.0037836749106645584,0.8507533669471741,-0.011113632470369339,1.2029354572296143,1024,512,-0.011113632470369339,1.2029354572296143,stage1_rows,512,0,0.001089924480766058,0.0115206855465658,-0.00112557879765518,0.3618240788578987,0.19797635002760217,db9c88dc1a7f243165d966c2b5098a38:0:0,9a4f764b912d915c2ec2bec85a076573:0:0,29a7593758cdeb34ffcc4b0c18657997:0:0,ab011a84c98959842fe56f9cfa6b1de8:0:1175255185,ac69a44c9e3296e659b7205ab7b7b34c:1:2193961124,10,1.0,512,0,0,512,0,0,512,0,0,512,0,0,512,0,0,0,0,0,512,124.13933563232422,180.486572265625,0,0
2157,B,557,0.02945813722908497,0.8541836738586426,0.05754169449210167,1.207334041595459,1024,512,0.05754169449210167,1.207334041595459,stage1_rows,512,0,0.00416703661903739,0.008205380814615637,-0.0004377961216960102,0.36495785787701607,0.19347049499629065,b993c4ff9bacf6079bd61f45ac288238:0:0,111466edc3776af1b57d15e9006fe050:0:0,eaecc53cde6213644ba56153bcfc3503:0:0,1329fc731a879d78896c77f1997782e8:0:161765560,9ee07d68bb7b44d7467781248cfb0c93:0:2557411472,10,1.0,512,0,0,512,0,0,512,0,0,512,0,0,512,0,0,0,0,0,512,124.5233154296875,180.08526611328125,0,0
2158,B,558,0.020756471902132034,0.8495584726333618,0.05432247743010521,1.2005043029785156,1024,512,0.05432247743010521,1.2005043029785156,stage1_rows,512,0,2.63960100710392e-06,0.0,0.00011944580874114762,0.36081702932715415,0.1929918949608691,e6ca9bc20abfb1ce6c74a6b2d4477a38:0:0,a9a83170d211c0e8d702063545d14a37:0:0,90d8f9fa4cabe2b745f8f588594147fb:0:0,fd49847cb9fbc104a4dffcb0e5afe7e8:0:3006067096,9e776dfe4fef97a556f2219785a33ed0:0:3549731154,10,1.0,512,0,0,512,0,0,512,0,0,512,0,0,512,0,0,0,0,0,512,125.31595611572266,179.2626953125,0,0
2159,B,559,-0.04300546273589134,0.8129906058311462,-0.0752507895231247,1.1488088369369507,1024,512,-0.0752507895231247,1.1488088369369507,stage1_rows,512,0,0.003453791607171297,0.062134087947197256,-0.006904027893324382,0.33091168105602264,0.19235836999723688,e4c45cd081e5f404f269d4ea2d667238:0:0,642e90f3896c4fa6f5d27c2c9f7104ff:0:0,17cfb6a0bc620bffa50e28ba683fed90:0:0,9b9bad1ecc853675a6e9c1fb2f144ce8:0:2542683626,a3f986bfdb23097fcf0479c4545c0b21:1:2073001730,10,1.0,512,0,0,512,0,0,512,0,0,512,0,0,512,0,0,0,0,0,512,125.3014907836914,179.2904510498047,0,0
2160,B,560,-0.02256227657198906,0.8303858637809753,-0.06028848513960838,1.173110842704773,1024,512,-0.06028848513960838,1.173110842704773,stage1_rows,512,0,0.00017240340821444988,0.0,0.00172969123814255,0.34466478526592254,0.19951762998243794,d2d9726ad0b25b902dae81cbb7856a38:0:0,1a727821476fb28e54988e7934e4de79:0:0,f990b4d5cd24fab33c50d94ce6fee474:0:0,493db76a5a068af9802a76b0c5a4b1e8:0:2395238981,5ed63124a55acc4a39dc38b971123baf:0:2448411342,10,1.0,512,0,0,512,0,0,512,0,0,512,0,0,512,0,0,0,0,0,512,124.6552505493164,180.0132598876953,0,0
2161,B,561,0.05736958980560303,0.8655176758766174,0.1012868732213974,1.222405195236206,1024,512,0.1012868732213974,1.222405195236206,stage1_rows,512,0,0.0001539259683340788,0.0,0.0010126237948497874,0.37537489235401156,0.19009873998584226,574ef1ad0509dc8a837f853772a46238:0:0,c1e9989046f4186174caf2a9ee980c5e:0:0,47531f718a0c66cd5a526bcff6aad73c:0:0,250e1dc813a16e1138deb471f96116e8:0:2089740372,a542378826cb1487b804454278081211:0:1697603971,10,1.0,512,0,0,512,0,0,512,0,0,512,0,0,512,0,0,0,0,0,512,124.81346893310547,179.8509063720703,0,0
2162,B,562,-0.02883109636604786,0.8477286696434021,-0.03698282688856125,1.1987944841384888,1024,512,-0.03698282688856125,1.1987944841384888,stage1_rows,512,0,0.004868384450674057,0.04903552463511005,-0.00624275331501849,0.3595974490046501,0.19148676499025896,e8a3d5a8f4d923133e5db70d5ec35a38:0:0,8e1cad6caf450f62540d4969ae692c87:0:0,c851672a1f81022185b0719562c23ae3:0:0,bad83e7e0df414e36883ff9f1a497be8:0:126115573,7b2d17d78310a8ef3262f3737d893020:1:4201014077,10,1.0,512,0,0,512,0,0,512,0,0,512,0,0,511,0,0,1,0,0,512,124.96443176269531,179.68267822265625,0,0
2163,B,563,0.029092391952872276,0.8599939942359924,0.04855964705348015,1.2159000635147095,1024,512,0.04855964705348015,1.2159000635147095,stage1_rows,512,0,0.0024711661972105503,0.0013417903101071715,-0.00020125628798268736,0.37008334174752233,0.19333742302842438,cca69410c691061e0e0def2d7be25238:0:0,2e25f7e7bc99fa4248a5815587ba41a2:0:0,28e0c09637986f959270e3c71ccebef4:0:0,71c45321c1928dbed97dc758785de0e8:0:2633422186,3f2fa8a509981bf56b70e462e7bebcce:1:1316399294,10,1.0,512,0,0,512,0,0,512,0,0,512,0,0,511,0,0,1,0,0,512,124.17447662353516,180.5042266845703,0,0
2164,B,564,-0.006416662596166134,0.8361052870750427,-0.0006857886910438538,1.1823962926864624,1024,512,-0.0006857886910438538,1.1823962926864624,stage1_rows,512,0,0.003221469698473811,0.01672279597260058,0.0006642149877734482,0.34953768700361254,0.1972029700409621,5cae9e73766a0a4287990577ca014a38:0:0,0b6942dcd1a4479e89ace9aa07caa413:0:0,18465e8b2b50c98f9871b2a239e84519:0:0,204a6f0b03d1581d58ba657e639e45e8:0:4118343690,cbecbb2842b8959534ba38c21f818f76:0:2700777294,10,1.0,512,0,0,512,0,0,512,0,0,512,0,0,512,0,0,0,0,0,512,123.58412170410156,181.128662109375,0,0
2165,B,565,-0.023499123752117157,0.8415543437004089,-0.04795015603303909,1.1896297931671143,1024,512,-0.04795015603303909,1.1896297931671143,stage1_rows,512,0,0.0030426625162363052,0.0012073599500581622,-0.0005155859100341332,0.35420852825045585,0.19317538902396336,1316474c566ef48ba54bd1cc49204238:0:0,e3569a1c3ab57133427a925a0652b3ff:0:0,5d1a784f53a9442cd3fbbce40d93fcd1:0:0,b9bb56a1ef115576b1581eb12c0aaae8:0:541265007,44bda0f971b809a0b557931e7f2e0aa6:1:25393397,10,1.0,512,0,0,512,0,0,512,0,0,512,0,0,512,0,0,0,0,0,512,122.91690826416016,181.8555450439453,0,0
2166,B,566,6.940285675227642e-05,0.8472532033920288,-0.009741004556417465,1.1981053352355957,1024,512,-0.009741004556417465,1.1981053352355957,stage1_rows,512,0,0.0002019624225795269,0.0,-0.00015989242820069194,0.35889744609594343,0.19266171101480722,95ca6666874e6d4746b72c0af93f3a38:0:0,4fc12b7493057ec91e56179eaf7971ce:0:0,2433ab88957016e0d2ad403269388107:0:0,1b97df2ddbd7e733d44a225121a30fe8:0:1866430453,1f7e047a71bff482786836eef27f20b8:0:1959668837,10,1.0,512,0,0,512,0,0,512,0,0,512,0,0,512,0,0,0,0,0,512,122.26197052001953,182.577880859375,0,0
2167,B,567,0.050183624029159546,0.886814534664154,0.09833711385726929,1.25228750705719,1024,512,0.09833711385726929,1.25228750705719,stage1_rows,512,0,3.575766459107399e-05,0.0,-0.001355717721162364,0.3938720688223839,0.19089327397523448,5c75fc5567f3b2d5b0afec13da5e3238:0:0,babfa44f49260660572921603a44a45c:0:0,786cd68df958aac4b83b8d7fe377c773:0:0,cb334dca9b18ce122bfd8a7e946774e8:0:2985100255,fbd4c126bf2aa46074e47c9f80c29ad3:0:1019410148,10,1.0,512,0,0,512,0,0,512,0,0,512,0,0,511,0,0,1,0,0,512,122.43352508544922,182.4195556640625,0,0
2168,B,568,-0.019849736243486404,0.8493162393569946,-0.019923795014619827,1.201090931892395,1024,512,-0.019923795014619827,1.201090931892395,stage1_rows,512,0,0.004213722422719002,0.056561424676328895,0.0003135157399810851,0.3607779689133167,0.19480241800192744,b678f902f9e65c790d4ee9c6ec7d2a38:0:0,8d56a0d22e11b751eeeead5362dff4a2:0:0,c6e698109dfe391c06a25e8654148e50:0:0,21134f8716321f471bfe5c19d457d9e8:0:2939874579,769a7f95c4458636f641a58f8e300514:0:1403787540,10,1.0,512,0,0,512,0,0,512,0,0,512,0,0,512,0,0,0,0,0,512,122.36122131347656,182.485595703125,0,0
2169,B,569,0.008516480214893818,0.831552267074585,0.012601166032254696,1.1759724617004395,1024,512,0.012601166032254696,1.1759724617004395,stage1_rows,512,0,0.0002727577229961753,0.0,0.001503971341298893,0.34576625749468803,0.1902510429499671,d57a2d9538712d24ebf0fd042f9c2238:0:0,f7f3595f7a8fd2ea65ddc87ef2e4718b:0:0,027e86d4c0e606f026db0c3df907fd0e:0:0,55456799523563b3ac9c86c331743ee8:0:183164878,ea50925b21801c2038f1e8201cc20808:0:2824773327,10,1.0,512,0,0,512,0,0,512,0,0,512,0,0,512,0,0,0,0,0,512,121.59243774414062,183.3253173828125,0,0
2170,B,570,-0.01408313401043415,0.8571107983589172,-0.024854203686118126,1.212038516998291,1024,512,-0.024854203686118126,1.212038516998291,stage1_rows,512,0,0.005392014980316162,0.026175410754512997,-0.0005194928278797306,0.36737737655639646,0.19066495803417638,1cfd562b608ff64dc136fdaba3bb1a38:0:0,fbdd5aeb0df0287785dcfe96ba5fc61d:0:0,d511bdfa6da5f8716b7ab2ac3f5584ff:0:0,0adb26339233b5786290e4dafbbca3e8:0:437448890,af25e989e3b4e23f52cfdf06f49d4b33:1:3521307957,10,1.0,512,0,0,512,0,0,512,0,0,512,0,0,511,0,0,1,0,0,512,121.39502716064453,183.54554748535156,0,0
2171,B,571,-0.01833973079919815,0.8259503245353699,-0.04121070355176926,1.1676177978515625,1024,512,-0.04121070355176926,1.1676177978515625,stage1_rows,512,0,0.004462815821170807,0.009998393198475241,0.00010909061529673636,0.3411567769944668,0.19054784497711807,4df70c3427a48ab86705c39d48da1238:0:0,7a3d50f6c19897908a88a746045ad530:0:0,45dedfe2af36c650ecc88e9313cdf9f1:0:0,16598608f75d703942a23b81833108e8:0:2326257132,a52eca36405967013ef35991ffc04080:0:3554659475,10,1.0,512,0,0,512,0,0,512,0,0,512,0,0,512,0,0,0,0,0,512,120.52899169921875,184.4678955078125,0,0
2172,B,572,0.01096230000257492,0.8188053369522095,0.012265940196812153,1.157950520515442,1024,512,0.012265940196812153,1.157950520515442,stage1_rows,512,0,0.005513946525752544,0.030351269280072302,-0.003330179167460301,0.3352589786052704,0.19310202001361176,36e1565ddef2c1499c8626b91ef90a38:0:0,29de8a5338497bae70d5e631b1f10685:0:0,27bf4b1d434946fd59dca1e1a5567bcf:0:0,245a232185e0c862014a3a9717d16de8:0:3306326028,f31967bc6828b5fc32826748f81d455a:0:430968649,10,1.0,512,0,0,512,0,0,512,0,0,512,0,0,512,0,0,0,0,0,512,121.34758758544922,183.622802734375,0,0
2173,B,573,0.02004474215209484,0.8033605813980103,0.04216765984892845,1.1356884241104126,1024,512,0.04216765984892845,1.1356884241104126,stage1_rows,512,0,0.003983264788985252,0.022314631030894816,-0.002186590929341037,0.3227749355137348,0.19184598902938887,5d546f6181e387d58624fedf26180238:0:0,98588f2918543157b542d3de5e1c8e61:0:0,d67b600b39cb97edda4cfbd5b7e84073:0:0,daa49e69e28d5dba5e5a7cbc099dd2e8:0:4220213164,a86835b4791d31385ba124a15e461cbc:0:1162467019,10,1.0,512,0,0,512,0,0,512,0,0,512,0,0,511,0,0,1,0,0,512,122.24381256103516,182.6930694580078,0,0
2174,B,574,0.008679809048771858,0.8532893061637878,0.026092028245329857,1.206474781036377,1024,512,0.026092028245329857,1.206474781036377,stage1_rows,512,0,0.003869374981150031,0.03463911119615659,-0.0021425913440907608,0.3640426278114319,0.19256419298471883,9da04129ad0f05ef2d9323ef5e36fa38:0:0,b07b9fe479d39c1692c6fa54940b0db5:0:0,ba0f12601eb2c79bbda730d299c52e9f:0:0,ffa9c19e6f5d9d9aaca18750a89637e8:0:2786102685,5f6c11cd3194d9c2f483367105784dfe:1:3643308375,10,1.0,512,0,0,512,0,0,512,0,0,512,0,0,512,0,0,0,0,0,512,122.99320983886719,181.90008544921875,0,0
2175,B,575,0.018751785159111023,0.8412703275680542,0.04314548522233963,1.189226508140564,1024,512,0.04314548522233963,1.189226508140564,stage1_rows,512,0,0.0017338148318231106,0.0013625562074594199,-0.0002129321848769905,0.35392269417643546,0.19406669901218265,ff53f6167c0dcfb801c56dc9c755f238:0:0,47338cbd1c5fcf40b34ba6418c20acdc:0:0,fa9214a41b1738d2d1982b853435fbbc:0:0,0f9779f7a4218910858fca7544ba9ce8:0:289609328,8afa0e803bedaca4fc8823a1cb029011:0:2084294445,10,1.0,512,0,0,512,0,0,512,0,0,512,0,0,510,0,0,2,0,0,512,123.69364166259766,181.17788696289062,0,0
2176,B,576,-0.07241261005401611,0.8387851715087891,-0.1354731023311615,1.1828482151031494,1024,512,-0.1354731023311615,1.1828482151031494,stage1_rows,512,0,0.003791915252804756,0.05707547002239153,-0.004155072215507971,0.3532304152846336,0.19424472196260467,fb09e65f4c1128af56f4b44e6174ea38:0:0,8f26965f4530c63c1cd2528ffc3d7b44:0:0,213aa4e6cba369fce1d6c0220eb1ed38:0:0,9f0b78829ca13343a8dca10a2e0b01e8:0:291853413,fdcb4a8966956183aec96005786298b7:0:2785301784,10,1.0,512,0,0,512,0,0,512,0,0,512,0,0,512,0,0,0,0,0,512,123.22360229492188,181.7204132080078,0,0
2177,B,577,0.04763254150748253,0.857265293598175,0.0689593255519867,1.2119450569152832,1024,512,0.0689593255519867,1.2119450569152832,stage1_rows,512,0,0.006353843025863171,0.04686638024868443,-0.006188926511094905,0.36824310570955276,0.19394234201172367,262f0bd361425681e69dcf5d2c93e238:0:0,f0779a91cea3891bc61efb7768ebb5bf:0:0,03312aab300118518be923a4f50ec54e:0:0,c7197880d6a80c6b082b50afb48766e8:0:337096983,89db22f69ed054f4efdf9518f01a103c:1:2612171058,10,1.0,512,0,0,512,0,0,512,0,0,512,0,0,511,0,0,1,0,0,512,122.50455474853516,182.51597595214844,0,0
2178,B,578,-0.05304332450032234,0.8155707120895386,-0.09485624730587006,1.1518704891204834,1024,512,-0.09485624730587006,1.1518704891204834,stage1_rows,512,0,0.004775405395776033,0.042187065514735875,-0.005488398217130453,0.3335748888552189,0.1930470920051448,acd60a7a6ce903d94f8196d628b2da38:0:0,a9553929bcdf3fbda0b8710e4a445fb4:0:0,0f301c5d2c8c6a27a4901a8a3796566d:0:0,369169b10084cda1feb009c6282fcbe8:0:843989259,74b72b0d8be67d4506c99de9024245fd:1:1294058947,10,1.0,512,0,0,512,0,0,512,0,0,512,0,0,512,0,0,0,0,0,512,123.42092895507812,181.5580291748047,0,0
2179,B,579,0.003062477568164468,0.8499922752380371,-0.010759145021438599,1.2018955945968628,1024,512,-0.010759145021438599,1.2018955945968628,stage1_rows,512,0,0.004828362725675106,0.009131559077650309,-0.001255564298480749,0.3612050488591194,0.19231041596503928,2ff6c0d5f258b32b95a4e29955d1d238:0:0,5ec80d9b8ae605934b2d428b19218e89:0:0,88aed8e046c1500ca3b215850b3cbfb8:0:0,31e0e92c83a499edb4d4e76dd90430e8:0:2421707584,6288425dfb1ee14be0ecbfa561d4cfe0:1:3392056194,10,1.0,512,0,0,512,0,0,512,0,0,512,0,0,512,0,0,0,0,0,512,124.24104309082031,180.7034149169922,0,0
2180,B,580,0.03178071230649948,0.856929361820221,0.05863678827881813,1.2112705707550049,1024,512,0.05863678827881813,1.2112705707550049,stage1_rows,512,0,0.0006514795823022723,0.0,0.00014011645689606666,0.36746739149093627,0.19698387396056205,87c436c488a5418aa2508a86b3f0ca38:0:0,ad5cc0eeefda6d837f2faa8d2c86c721:0:0,47afd4d0baf89bd9367f71e1c1ad744a:0:0,000ac2be270aa8c2afdeef87170495e8:0:2949918009,b1c7970956c7bbdbf05c1292a6cd8a0c:1:1505689763,10,1.0,512,0,0,512,0,0,512,0,0,512,0,0,512,0,0,0,0,0,512,123.42950439453125,181.58367919921875,0,0
2181,B,581,-0.0018398687243461609,0.8715717792510986,0.006215926259756088,1.232529878616333,1024,512,0.006215926259756088,1.232529878616333,stage1_rows,512,0,0.001972025725990534,0.0,-0.0014090278826188296,0.3798063434660435,0.20701056200778112,8e03a647f71e7973c411667e430fc238:0:0,92183ac585446f41e2302d7a6bffd6e4:0:0,117e0c1147852a1b8902deefca125819:0:0,f6ff2969ba808e5a8d9312b23230fae8:0:3680624348,170d4b19abefd8855ede93a4c171dc0a:1:2051972805,10,1.0,512,0,0,512,0,0,512,0,0,512,0,0,512,0,0,0,0,0,512,123.13787078857422,181.91343688964844,0,0
2182,B,582,0.059957556426525116,0.8457334637641907,0.12340392172336578,1.1926718950271606,1024,512,0.12340392172336578,1.1926718950271606,stage1_rows,512,0,0.0002457033842802048,0.0,0.0007104992429958657,0.35867141336202624,0.18972789699910209,73883daf2a92b59f2eb84e60032eba38:0:0,964cb1027ab6e02de526a6a02b2136e7:0:0,40cabeb3fd528d34c5925574f2087b2d:0:0,8a68c3773575f629ebdb2c4f7a895fe8:0:335489648,abfdba8f4dba654bb2b36c683dac32b0:0:3118204309,10,1.0,512,0,0,512,0,0,512,0,0,512,0,0,512,0,0,0,0,0,512,122.61729431152344,182.47470092773438,0,0
2183,B,583,-0.032611653208732605,0.807862401008606,-0.042673297226428986,1.1423656940460205,1024,512,-0.042673297226428986,1.1423656940460205,stage1_rows,512,0,0.0022542341612279415,0.0,0.0009333487716503442,0.32673903852701186,0.1929470369941555,3e281ee5015893cf7b5a1a0bf44db238:0:0,3db877c608453956b24c2437d5adc046:0:0,0935ac38a27d469dab03dc956c34bad0:0:0,be16afe113a163c67c6b027f400dc4e8:0:1530701657,c41cb49bb4bc79f60567cd5a3ffea7b3:0:3168847265,10,1.0,512,0,0,512,0,0,512,0,0,512,0,0,512,0,0,0,0,0,512,122.43511199951172,182.6873779296875,0,0
2184,B,584,-0.016217196360230446,0.8306874632835388,-0.03611690551042557,1.1744203567504883,1024,512,-0.03611690551042557,1.1744203567504883,stage1_rows,512,0,0.0031468248926103115,0.0009981932817026973,-0.00040082524064928294,0.34506848379969596,0.19281564495759085,e1a803e4ec1fb7a1284fa162166caa38:0:0,843294f4512b05c7d8e0558795ec0018:0:0,dc6f54dc5fb775fabba0e5fa9aab3e68:0:0,15a3c3b1fd8e4e8d44654621d2be29e8:0:713962540,39292c2a300f2ac87752749cfde81c7f:0:3671931373,10,1.0,512,0,0,512,0,0,512,0,0,512,0,0,512,0,0,0,0,0,512,121.86483764648438,183.25465393066406,0,0
2185,B,585,-0.03047063574194908,0.827372670173645,-0.06786438822746277,1.168880820274353,1024,512,-0.06786438822746277,1.168880820274353,stage1_rows,512,0,0.007330880966037512,0.026923044817522168,-0.0024395677814027295,0.34251232668757436,0.1941051940084435,f63bd49661889d5a1935bc42698ba238:0:0,29452e829f9f23ae8d86e80dd5302757:0:0,8c1bcc10525c868e3aed7f1f6eaa3061:0:0,627928d4f45fac59080092d7829a8ee8:0:3307385194,fa7a60bbda726fad843bf895cfece048:1:4177944760,10,1.0,512,0,0,512,0,0,512,0,0,512,0,0,512,0,0,0,0,0,512,122.5369644165039,182.50265502929688,0,0
2186,B,586,-0.05046672001481056,0.8287762999534607,-0.11320464313030243,1.1686874628067017,1024,512,-0.11320464313030243,1.1686874628067017,stage1_rows,512,0,0.0013990994775667787,0.000401924061588943,-1.4866003766655921e-06,0.3440898671746254,0.19198127702111378,5a535e9022837cb916ed428cedaa9a38:0:0,de761be059c3442106006b585ee28284:0:0,be5ba275459c3f628790d74be5c5f356:0:0,aeb858494628bf98e22c6f009fa2f3e8:0:3912970569,c7fe3e07074249d690c255619df110eb:0:900943193,10,1.0,512,0,0,512,0,0,512,0,0,512,0,0,512,0,0,0,0,0,512,123.53223419189453,181.4464111328125,0,0
2187,B,587,0.057393163442611694,0.837018609046936,0.09103062003850937,1.1827117204666138,1024,512,0.09103062003850937,1.1827117204666138,stage1_rows,512,0,0.0030213422141969204,0.007286505680531264,-0.003059921599924564,0.35151340812444687,0.19236402702517807,137b43844d763bc54f9b0c21a2c99238:0:0,18eefd9d197a43c0f4bd041029ebdf8a:0:0,4d0ea74bcc47c7f8f5f0c85bd51d68de:0:0,7ae882bc8358bd1708364bbd79d758e8:0:3930036221,9fcce4e7a7f2b4eacbadf659db5f0546:0:2096716643,10,1.0,512,0,0,512,0,0,512,0,0,512,0,0,512,0,0,0,0,0,512,123.08782196044922,181.9158935546875,0,0
2188,B,588,-0.021990392357110977,0.8317559957504272,-0.036464937031269073,1.1760921478271484,1024,512,-0.036464937031269073,1.1760921478271484,stage1_rows,512,0,1.1810800060629845e-05,0.0,0.0003127715492155403,0.3461260564625263,0.19145612698048353,832317563e29719dd6a7f0e088e88a38:0:0,b82bc88c26fa4703b9269c4186535f82:0:0,317dd2bcc2b4fbb803942c523fc1cd74:0:0,e1308f6c85d09dbfb96e84ee6137bde8:0:1577812708,d2b8060097a70ff0df50a2e0f86c9e03:0:2320369404,10,1.0,512,0,0,512,0,0,512,0,0,512,0,0,511,0,0,1,0,0,512,122.46674346923828,182.57925415039062,0,0
2189,B,589,-0.009816072881221771,0.8492288589477539,-0.02211686037480831,1.2008581161499023,1024,512,-0.02211686037480831,1.2008581161499023,stage1_rows,512,0,0.00011951255146414042,0.0,7.332302920985967e-05,0.36061744689941405,0.19822149898391217,801a8b1b387c794924c0c8a9a0078238:0:0,01efb8a80592d13b74d9407759e4cf73:0:0,ba4c3b3c68965346e5923b886376b921:0:0,51b3ed0e575530b85acd6133a5c422e8:0:287637687,9df5cafdbd78cb175c6b20f970ea78f4:1:161162599,10,1.0,512,0,0,512,0,0,512,0,0,512,0,0,512,0,0,0,0,0,512,122.50618743896484,182.5371856689453,0,0
2190,B,590,0.03175590932369232,0.8671005368232727,0.05803624168038368,1.225693941116333,1024,512,0.05803624168038368,1.225693941116333,stage1_rows,512,0,0.00027286983095109463,0.0,-0.000850379085750319,0.3763106122612953,0.19247354799881577,1c906686dbe0948497d66b5ce8267a38:0:0,c2e6f8e9e55132d2bcf810a0a886a5bb:0:0,88cca34fbf6131c336d1dd80817189d9:0:0,3be0d678672a4216be9811ed977c87e8:0:402265571,ca65f234b279f917927ee2534ccbaebe:0:3290038188,10,1.0,512,0,0,512,0,0,512,0,0,512,0,0,512,0,0,0,0,0,512,122.63319396972656,182.40643310546875,0,0
2191,B,591,0.0031687915325164795,0.8312994241714478,0.013076825067400932,1.175546646118164,1024,512,0.013076825067400932,1.175546646118164,stage1_rows,512,0,0.0015147668309509754,0.0,-0.0012324665556661784,0.34552196860313417,0.1920328980195336,d24ef5845d9b1e93f31db0da61457238:0:0,227a28ce775bcdba646c74bfdbca8d8b:0:0,336124fba10db592313b3da3ff244c6b:0:0,7bb6082305be6a889805b33c8660ece8:0:259660163,b0797aa64ac5ebf57bbefa92fa36c073:1:55250738,10,1.0,512,0,0,512,0,0,512,0,0,512,0,0,512,0,0,0,0,0,512,122.82870483398438,182.20889282226562,0,0
2192,B,592,-0.0009527564398013055,0.8292524814605713,0.0030579487793147564,1.1727209091186523,1024,512,0.0030579487793147564,1.1727209091186523,stage1_rows,512,0,0.004659846890717745,0.0037361793918535115,-0.00155400658131839,0.343828272074461,0.19159004400717095,7bda73fd87cecf10df0f71020b646a38:0:0,7fb3aeae9db20b0c325e18de3efe9a94:0:0,cc46baf77ac2a911439b81e1654f7c0c:0:0,1e9827658969dc3b1ae44c00c27151e8:0:2785605846,605dd0b28e56d7905ed5ddb7bf3b15f9:0:1841457470,10,1.0,512,0,0,512,0,0,512,0,0,512,0,0,511,0,0,1,0,0,512,123.29483032226562,181.70864868164062,0,0
2193,B,593,0.031935516744852066,0.8475459218025208,0.06602954119443893,1.1976369619369507,1024,512,0.06602954119443893,1.1976369619369507,stage1_rows,512,0,0.008223224431276321,0.01639157843310386,-0.00321543023455888,0.3595426470041275,0.2010774600203149,e8f6e6107b4c0cba696883b3e6836238:0:0,c244036eee22e4655aac9f2fa8354bfe:0:0,cb3d376e814b41e0096c42603ef861d1:0:0,9d208bd4d05d4152c73dcdda9badb6e8:0:479715823,40817ec3991bd35995484f49f5076e49:1:3171997129,10,1.0,512,0,0,512,0,0,512,0,0,512,0,0,512,0,0,0,0,0,512,122.50780487060547,182.5515594482422,0,0
2194,B,594,0.019354967400431633,0.8590278029441833,0.04783395677804947,1.2141724824905396,1024,512,0.04783395677804947,1.2141724824905396,stage1_rows,512,0,0.007212276570498943,0.02669120377395302,-0.00521409580251202,0.3690744049847126,0.19693808897864074,fff3af35322850448529c0cff2a25a38:0:0,d083701cc145b472ec4af9871e722376:0:0,1816de86ebee6cba21d1408da86f51ee:0:0,1a8c497d09f8804360fd152a62161be8:0:2917778801,4c467fc9dbec42ef7f4337e273ddc086:0:810362464,10,1.0,512,0,0,512,0,0,512,0,0,512,0,0,512,0,0,0,0,0,512,123.58441925048828,181.41661071777344,0,0
2195,B,595,0.004080123268067837,0.8542964458465576,0.018219172954559326,1.2079793214797974,1024,512,0.018219172954559326,1.2079793214797974,stage1_rows,512,0,0.000532523263245821,0.0,-0.0010278328554704785,0.36490505933761597,0.19375816400861368,3aec1f13c11c97278a9800362fc15238:0:0,52a21e8d11246d9f3df9933b7aa3940a:0:0,daeefcd3063fb05815fcce995361be10:0:0,86502b08ccdbfa581392e91065aa80e8:0:1421393240,34ec1bd11c4c75b3367f0be8b1f98c17:1:3441431704,10,1.0,512,0,0,512,0,0,512,0,0,512,0,0,512,0,0,0,0,0,512,124.60356903076172,180.3358917236328,0,0
2196,B,596,-0.026087984442710876,0.8197695016860962,-0.04539281502366066,1.1589977741241455,1024,512,-0.04539281502366066,1.1589977741241455,stage1_rows,512,0,0.001374262967146933,0.0,-0.002443657664116472,0.3362896166741848,0.19007057195995003,e8f50f0c55aae66fb73c19c69de04a38:0:0,37f32bbdff478f09e5ef295d77a51e13:0:0,3dc0375cad36b278c8d7fad925cb0f58:0:0,add1f06e7f2198bbc19afb6cf66ae5e8:0:1615931759,48e1b4863961f4cfa917e3a5dee43d61:0:1919662205,10,1.0,512,0,0,512,0,0,512,0,0,512,0,0,512,0,0,0,0,0,512,124.33865356445312,180.63064575195312,0,0
2197,B,597,0.02109910361468792,0.8554542660713196,0.04061126336455345,1.209474802017212,1024,512,0.04061126336455345,1.209474802017212,stage1_rows,512,0,0.002875765785574913,0.000999119644984603,-0.0027631677367025986,0.36610503047704696,0.19730427401373163,eef08fb1ef0add8cade2e5613cff4238:0:0,842f72d5bc10389f74bc6b234b61ade1:0:0,7288eec00447077a4844445e34f50aa1:0:0,d8e6249efb45bc518080e8e064574ae8:0:2603743868,8e581e053eae703cd9563aa4e0b429ee:0:1002654522,10,1.0,512,0,0,512,0,0,512,0,0,512,0,0,512,0,0,0,0,0,512,123.9024658203125,181.10604858398438,0,0
2198,B,598,-0.007824135944247246,0.8300760984420776,-0.013284169137477875,1.173874855041504,1024,512,-0.013284169137477875,1.173874855041504,stage1_rows,512,0,0.0009450305951759219,0.0,-0.0008984482381492853,0.3445450469851494,0.20852661901153624,d27989b8cfdd5920f69d3ae60d1e3a38:0:0,bc1705b5072d818cad62e1e319c0d3a3:0:0,ac142a3e38bef611bfc464dfa2ae4024:0:0,9c4206192662e4ad402538caff6fafe8:0:2813467286,4c87b5fda0bc2dd2017fa995157f571e:0:1868138943,10,1.0,512,0,0,512,0,0,512,0,0,512,0,0,512,0,0,0,0,0,512,123.2697525024414,181.78500366210938,0,0
2199,B,599,-0.023146802559494972,0.8325912356376648,-0.04555213078856468,1.177031397819519,1024,512,-0.04555213078856468,1.177031397819519,stage1_rows,512,0,0.000291705597192049,0.0,3.389565972611308e-05,0.3468252308666706,0.19012005301192403,a30a1a19a6a725d17ebff2350e3d3238:0:0,e181a5eefe40d6a07b2c261f606227a6:0:0,57ec9475f2d7ff6eeb2e1ac1fc1864ec:0:0,48687661db7da27c9e825d4d17b414e8:0:1839543738,3ff63b3ae1e907264d1bf5a4f35cfefe:1:4088456667,10,1.0,512,0,0,512,0,0,512,0,0,512,0,0,512,0,0,0,0,0,512,122.90612030029297,182.1648406982422,0,0
2200,B,600,-0.052466168999671936,0.8117785453796387,-0.10841041803359985,1.1452953815460205,1024,512,-0.10841041803359985,1.1452953815460205,stage1_rows,512,0,0.00010779465083032846,0.0,-0.0005141295550856739,0.33065050169825555,0.19443932099966332,da28556a6b12c31518e3e32e405c2a38:0:0,4eccd25204b240adefaf71f3a44713d1:0:0,2c05f57e5c18935fab826916073a448e:0:0,31561e5a23b929afe751b346fd2479e8:0:75325562,8797ff33c40ff35a47b748bb59b64790:0:1323096677,10,1.0,512,0,0,512,0,0,512,0,0,512,0,0,509,0,0,3,0,0,512,122.70941162109375,182.3730926513672,0,0
