update,phase,local,adv_all_mean,adv_all_std,adv_s1_mean,adv_s1_std,n_rows,n_s1_rows,adv_used_mean,adv_used_std,adv_norm_scope,n_policy_rows,n_actor_steps_skipped,kl_final_epoch,clip_frac,policy_loss,value_loss,update_wall_sec,rngpos_env,rngpos_learn,rngpos_opp,rngpos_start,rngpos_minibatch,n_epochs_run,conc_scale,d1_L_s1_n,d1_L_s1_lo,d1_L_s1_hi,d1_O_s1_n,d1_O_s1_lo,d1_O_s1_hi,d1_L_s2_n,d1_L_s2_lo,d1_L_s2_hi,d1_O_s2_n,d1_O_s2_lo,d1_O_s2_hi,d1_L_s2_in_n,d1_L_s2_in_lo,d1_L_s2_in_hi,d1_L_s2_out_n,d1_L_s2_out_lo,d1_L_s2_out_hi,d1_pol_n_rows,d1_pol_alpha_min,d1_pol_beta_min,d1_pol_n_alpha_lt1,d1_pol_n_beta_lt1
1201,A,1,0.005236863158643246,0.05058242008090019,nan,nan,512,0,0.005236863158643246,0.05058242008090019,all_rows,512,0,0.0033839435782283545,0.01796875,0.0001233481802046299,0.001241420759470202,0.24286607204703614,52513c7c8220a26ea6c3b3e3be59af1b:0:0,34a0e0e9f853fb85fd52b3e8dbfb8c04:0:0,c412d38ed4cde7e1d42e655a174aecf2:0:0,6d5645052c9efa38560e20a0d37394a0:0:4256027399,cede29a323c4cdb4387bade89bb90b74:0:2961798927,10,1.0,0,0,0,0,0,0,512,0,0,512,0,0,254,0,0,258,0,0,512,1.026721477508545,89.9129409790039,0,0
1202,A,2,-0.0022911077830940485,0.053252723067998886,nan,nan,512,0,-0.0022911077830940485,0.053252723067998886,all_rows,512,0,0.0007089156424626708,0.0373046875,-0.004929702210938558,0.0014090743265114726,0.16386458795750514,e72478a0b34ff36b74f0e08af13d3b1b:0:0,52fbae22b52dd7cfadcdbff2d021f625:0:0,52a185a0d085740b8b316b8337f184cb:0:0,251dd2660339bdbbe5076980d9f518a0:0:2380270941,d113abfc8eb5c8aadaf46bfcd0363d16:1:2080376296,10,1.0,0,0,0,0,0,0,512,0,0,512,0,0,249,0,0,263,0,0,512,1.031164526939392,90.25239562988281,0,0
1203,A,3,-0.002002709312364459,0.05278751999139786,nan,nan,512,0,-0.002002709312364459,0.05278751999139786,all_rows,512,0,0.0036134656984359026,0.0681640625,-0.003168577887117863,0.0013697038462851196,0.1062301910133101,6e2db5df74063c9435c6f4115f60c71b:0:0,d0a796045d52365d6e6dd99882c34d53:0:0,4370af038dfcf79ff8b3389d48a9b33e:0:0,815a2ad151b8f87136a384b244369ca0:0:361653457,90ebdfedf62d73e41e709a61eebfebed:0:3246991744,10,1.0,0,0,0,0,0,0,512,0,0,512,0,0,255,0,0,257,0,0,512,1.0233272314071655,90.02203369140625,0,0
1204,A,4,-0.0005374160245992243,0.05232695862650871,nan,nan,512,0,-0.0005374160245992243,0.05232695862650871,all_rows,512,0,0.0038062604144215584,0.073046875,-0.0014758645091205835,0.0013814236444886774,0.12106913496972993,e3908b98f18a836858f8af8308c4531b:0:0,535ca46b92ac09063b617aabeeba4fde:0:0,bd7409747a5bb4e339937a96fabd45ef:0:0,a4bb0316afd8ecc0f2dd4839123820a0:0:2547970150,b76e2da5b5f3e436fc1d98fc2e354400:0:2865552949,10,1.0,0,0,0,0,0,0,512,0,0,512,0,0,268,0,0,244,0,0,512,1.022356629371643,90.61320495605469,0,0
1205,A,5,-0.004419698845595121,0.048957325518131256,nan,nan,512,0,-0.004419698845595121,0.048957325518131256,all_rows,512,0,0.002486147452145815,0.0458984375,-0.0032142676413059235,0.0012009593279799446,0.10878884099656716,9c5fa88ff7b0d6fd721c13ebed67df1b:0:0,47938b38e88b84656a7073e8307b1ebd:0:0,d3c81407d724f828a98203684a8e63ee:0:0,4e93fc0085f1d18cd94b4a1943f9a4a0:0:245732091,c2cfe0324652fd3af36f56542b73d78b:0:3060165921,10,1.0,0,0,0,0,0,0,512,0,0,512,0,0,246,0,0,266,0,0,512,1.028995156288147,91.043212890625,0,0
1206,A,6,0.009489906951785088,0.049924448132514954,nan,nan,512,0,0.009489906951785088,0.049924448132514954,all_rows,512,0,0.010619360953569412,0.05625,-0.0005625274498015642,0.0012231242551933974,0.10655294999014586,10f4514d3a9537cdc4aa62580d4b6b1b:0:0,60ee702ddeec22b5d72b70c7d0e3424d:0:0,949300a09091e3b05766f1eac435eb37:0:0,b853ed01e16a946a451fe056d97b28a0:0:895279174,366a9ea627efc72645e0e3dda48558ef:1:4266368083,10,1.0,0,0,0,0,0,0,512,0,0,512,0,0,255,0,0,257,0,0,512,1.0292212963104248,90.58739471435547,0,0
1207,A,7,-0.0022252537310123444,0.04873279482126236,nan,nan,512,0,-0.0022252537310123444,0.04873279482126236,all_rows,512,0,0.008129564113914967,0.062109375,-0.001903383107855916,0.0011677783564664423,0.10702514497097582,c56b77ad093c0ac6d0001bd3686ef71b:0:0,f4721e98f67a802209700341ec3f9738:0:0,a769b179e8326661c23db7f9fe5ebf47:0:0,dca46af414c86f9cb12920f5d2bcaca0:0:445907852,e693f99f1d6f08fd9f55715337fbd4c6:0:3812910613,10,1.0,0,0,0,0,0,0,512,0,0,512,0,0,252,0,0,260,0,0,512,1.0412399768829346,88.88044738769531,0,0
1208,A,8,0.0008421973325312138,0.05040881410241127,nan,nan,512,0,0.0008421973325312138,0.05040881410241127,all_rows,512,0,0.017406342551112175,0.124609375,-0.0070624866522848604,0.001267834415193647,0.10829310899134725,711497bf75241797db5d0169fed2831b:0:0,c6fd0a260c4ecfc7224cf957d08a9182:0:0,c97aa83accf36adf255d05e373e4895a:0:0,1dbf0b32d25f53d03bd0e1fa2fbe30a0:0:3763134421,32d2aed6575aef24986dbd76025cd6b0:1:2571807729,10,1.0,0,0,0,0,0,0,512,0,0,512,0,0,255,0,0,257,0,0,512,1.0357595682144165,89.87757873535156,0,0
1209,A,9,0.006972068455070257,0.045869164168834686,nan,nan,512,0,0.006972068455070257,0.045869164168834686,all_rows,512,0,0.01378033310174942,0.06484375,-0.00306050106883049,0.001050779820070602,0.10789638699498028,e7f24a563ad6124081e41427d0760f1b:0:0,b588cfab24c850deb5aa46120dc61ba4:0:0,27d4d0f2379f263d6c01e3a56469a13a:0:0,02dea47130a725942b1cb967f07fb4a0:0:700587286,1668ab1199c9282a6309cdf76a33d771:0:3685419831,10,1.0,0,0,0,0,0,0,512,0,0,512,0,0,253,0,0,259,0,0,512,1.0338342189788818,88.1987075805664,0,0
1210,A,10,-0.0027813923079520464,0.04644889011979103,nan,nan,512,0,-0.0027813923079520464,0.04644889011979103,all_rows,512,0,0.01791881024837494,0.073828125,-0.001595721347257495,0.0010639118583640084,0.10669489699648693,3539cdcef77dafdf3e9b9518dd599b1b:0:0,d32bf4c6b5e4dea31fc04ad90179d5f4:0:0,ee695c6320af522cb198e01ea8c4ef2e:0:0,593f13adc739ce9570adfd43150138a0:0:3822638246,ef8dba477c2cbaa3d8d7e4cb282f2ffe:1:3947614602,10,1.0,0,0,0,0,0,0,512,0,0,512,0,0,252,0,0,260,0,0,512,1.0409891605377197,88.3374252319336,0,0
1211,A,11,0.004584594164043665,0.05373859778046608,nan,nan,512,0,0.004584594164043665,0.05373859778046608,all_rows,512,0,0.004672002978622913,0.0302734375,-0.0006305140443146229,0.0014472734212176875,0.10972533200401813,a645a1db779846bff86d0549257d271b:0:0,356d170f7bfecae45059d99484e18a0c:0:0,0b236e671efe40b756c01a70d751fc78:0:0,af9dd4b7d37e22992dc1c38f9d42bca0:0:3876177811,65efc6ac65534294ca701675b30196b6:1:694817111,10,1.0,0,0,0,0,0,0,512,0,0,512,0,0,270,0,0,242,0,0,512,1.0616497993469238,87.4693374633789,0,0
1212,A,12,0.004444262012839317,0.04646565392613411,nan,nan,512,0,0.004444262012839317,0.04646565392613411,all_rows,512,0,0.0033426836598664522,0.0564453125,-0.007042355416342616,0.001055226952303201,0.11468106496613473,15efbb3d2ac4f9aa8e2525c4a8e0b31b:0:0,6c6fe35d80a288b6c4e44953494b6867:0:0,e627bf21c1f3b5240edf26cc6cd67529:0:0,27610ac3140398373730e251894440a0:0:1267214580,ab85a3140dc5c8cfd17af506a784cbc8:1:2225770560,10,1.0,0,0,0,0,0,0,512,0,0,512,0,0,259,0,0,253,0,0,512,1.0534371137619019,88.43679809570312,0,0
1213,A,13,-0.005247169639915228,0.05093887820839882,nan,nan,512,0,-0.005247169639915228,0.05093887820839882,all_rows,512,0,0.005996745079755783,0.1001953125,-0.0011777631472796202,0.0012914329796331002,0.10683519602753222,7401c89c08c26e716273f79767843f1b:0:0,f89ee60d56527188601c2f1f64185146:0:0,91ed9c6d6fd9f77fbc63f59974a8ba35:0:0,38316693c992d554996fef8cd905c4a0:0:1204979066,753b5fc514a255d882894850880a1cd9:0:3846326287,10,1.0,0,0,0,0,0,0,512,0,0,512,0,0,256,0,0,256,0,0,512,1.0676581859588623,88.15664672851562,0,0
1214,A,14,0.002568563213571906,0.05038527771830559,nan,nan,512,0,0.002568563213571906,0.05038527771830559,all_rows,512,0,0.010205765254795551,0.0646484375,0.0013595423894003033,0.001263867859961465,0.10778812796343118,269d81d473a60fbfe7ecbbcd6167cb1b:0:0,cb8c13e6ab2b603e894c4785758cc082:0:0,d415681e43bdfefc8c710b2a69b0b5e9:0:0,85adacd80cf70f5e1c8f41458c8748a0:0:3224904703,4be39b6c1c8e4b01d55cb7166988721c:0:2387044271,10,1.0,0,0,0,0,0,0,512,0,0,512,0,0,261,0,0,251,0,0,512,1.0635977983474731,89.64324188232422,0,0
1215,A,15,0.002880876651033759,0.050692155957221985,nan,nan,512,0,0.002880876651033759,0.050692155957221985,all_rows,512,0,0.0076837618835270405,0.0654296875,-0.006922372151166201,0.0012863572454079985,0.107240648008883,576c074ae358da292d05f372968b571b:0:0,f0eb7e1c7cf58592a2ab5da851e4fdea:0:0,3dbe9711245916097f5a95ec79b59fc3:0:0,8eac784f68843f42c83aed7fa3c8cca0:0:426352252,b14ec5188672132d869ae1b6a68c6b56:1:1256329191,10,1.0,0,0,0,0,0,0,512,0,0,512,0,0,251,0,0,261,0,0,512,1.0650168657302856,87.97959899902344,0,0
1216,A,16,-0.0018049723003059626,0.05423344671726227,nan,nan,512,0,-0.0018049723003059626,0.05423344671726227,all_rows,512,0,0.006315789185464382,0.07109375,-0.0020046452526003124,0.00146381922531873,0.10624804900726303,5f49ef076665b47668195f9306eee31b:0:0,af1604ba8cff173336dd54d6a3456842:0:0,991ccf857a3e0840c2af3f6b24c00956:0:0,0e02306d645e292e67baca3f1eca50a0:0:3442941770,1b7cc8ff274be938df09f98971e79b4b:0:3474052293,10,1.0,0,0,0,0,0,0,512,0,0,512,0,0,258,0,0,254,0,0,512,1.0623769760131836,88.69731140136719,0,0
1217,A,17,-0.0028294906951487064,0.04946146905422211,nan,nan,512,0,-0.0028294906951487064,0.04946146905422211,all_rows,512,0,0.005059607792645693,0.0599609375,-0.0033340064343065023,0.001227069058222696,0.10693792102392763,2c45c18e442553358364013ab2926f1b:0:0,209a3c6c78394dd3aa09ba85f263338d:0:0,608e3859a3f9f21450553c268ce5ed17:0:0,a1b60e2f748438040df26d87fd8bd4a0:0:2827554796,42fd867b4c21c9932eb986e826ed06e2:0:3480316996,10,1.0,0,0,0,0,0,0,512,0,0,512,0,0,253,0,0,259,0,0,512,1.0721017122268677,87.80101776123047,0,0
1218,A,18,0.007037192117422819,0.051231808960437775,nan,nan,512,0,0.007037192117422819,0.051231808960437775,all_rows,512,0,0.015074443072080612,0.084765625,-0.004445636738091707,0.0013147763733286411,0.11447148502338678,8a60589e4c53a787a90619759975fb1b:0:0,3b26ee658eb4d1b42199ba5988177196:0:0,412c4380dd6d3ed8af37f6f39d7f3e77:0:0,fab96dea77a62c9899612d5e400d58a0:0:2405499600,1b92f470dddb2a938c4f5717e5b240c1:0:1247770253,10,1.0,0,0,0,0,0,0,512,0,0,512,0,0,269,0,0,243,0,0,512,1.0730268955230713,87.81005096435547,0,0
1219,A,19,-0.0014430523151531816,0.050513263791799545,nan,nan,512,0,-0.0014430523151531816,0.050513263791799545,all_rows,512,0,0.0014882328687235713,0.0453125,-0.004231088189408183,0.0012747916247462855,0.11083482101093978,82d1ce30a01ad92fcf03294fbb99871b:0:0,d73c56397060977671f762658977e3db:0:0,71f4cb442c216440fd26c16cfe1dd659:0:0,b85095dfb5c5a0ad38221fc5e64edca0:0:677989933,1c8e4ebd4538c57dab36378eb7b37b5b:0:1299149042,10,1.0,0,0,0,0,0,0,512,0,0,512,0,0,243,0,0,269,0,0,512,1.0471785068511963,87.31279754638672,0,0
1220,A,20,-0.004744306672364473,0.04657107591629028,nan,nan,512,0,-0.004744306672364473,0.04657107591629028,all_rows,512,0,0.006132070906460285,0.0548828125,-0.003451483370736241,0.001079864488565363,0.10871122102253139,6ae27249009fcbe14341f1d518fd131b:0:0,c6d8a91002cb02771bafe0ee946e7d38:0:0,6835248bafc2da51c9de1db903e1758a:0:0,6b2b86750da85da9ebec1ac2f05060a0:0:2114929248,e5ac29f648c734644742b133b39c0268:1:2001494781,10,1.0,0,0,0,0,0,0,512,0,0,512,0,0,241,0,0,271,0,0,512,1.042459487915039,87.19329833984375,0,0
1221,A,21,-0.015775363892316818,0.05644010007381439,nan,nan,512,0,-0.015775363892316818,0.05644010007381439,all_rows,512,0,0.0049970936961472034,0.0609375,-0.004841311369091272,0.001462356763659045,0.105762601015158,95ed9258ef1c2fce378c7411b1a09f1b:0:0,bf4a7abbd256a715914095c4d8f88736:0:0,7c8763ca0be59a80c13c6027b4098ac3:0:0,507059f7c01f87180e11b4595e11e4a0:0:3862660582,009b00815a86c3b929a02f8b300b55ac:0:691744522,10,1.0,0,0,0,0,0,0,512,0,0,512,0,0,244,0,0,268,0,0,512,1.0464916229248047,85.89260864257812,0,0
1222,A,22,0.01237544510513544,0.0515996515750885,nan,nan,512,0,0.01237544510513544,0.0515996515750885,all_rows,512,0,0.0037812150549143553,0.0556640625,0.0018289608880877495,0.0012964194815140218,0.10517542599700391,c923bd2b2a921d764d8ff11185842b1b:0:0,1984e3bc9d25b74d89e335a3736a436c:0:0,30aebf35409fe79e92044cfb7be1836d:0:0,686f2edd082798dcd381428d2f9368a0:0:3980140334,73cad60e44e2e03906ae056784f9fa57:1:28419815,10,1.0,0,0,0,0,0,0,512,0,0,512,0,0,261,0,0,251,0,0,512,1.0282707214355469,87.06817626953125,0,0
1223,A,23,-0.007068215869367123,0.04954414442181587,nan,nan,512,0,-0.007068215869367123,0.04954414442181587,all_rows,512,0,0.006641463376581669,0.0880859375,-0.003891735803335905,0.0011583325744140894,0.10513291403185576,665b9a8057253cb522dce9e094a7b71b:0:0,6dd943ad28b1934dd08bc078994ae0bb:0:0,74d113988e7dc44259bba3c6f6aa89e5:0:0,e321907f6ee53933d0c4db6264d4eca0:0:3846905098,e11530579a18e26c53df8b2a6353b336:1:3401285113,10,1.0,0,0,0,0,0,0,512,0,0,512,0,0,256,0,0,256,0,0,512,1.0491849184036255,86.03265380859375,0,0
1224,A,24,0.0033780517987906933,0.046260908246040344,nan,nan,512,0,0.0033780517987906933,0.046260908246040344,all_rows,512,0,0.003989777527749538,0.0521484375,0.0012699160724878311,0.0010344747715862468,0.10462205699877813,a0f365b8db257710dce71f8adf0b431b:0:0,729a7cc9a2788289d8068bd8fc32b328:0:0,05f516c4bb072de9b2b6993cf5b77c93:0:0,b9b4cf638a82de697e0254dcfdd670a0:0:1862131026,026f617558310c9664e9042f76f3fcaa:0:1720083802,10,1.0,0,0,0,0,0,0,512,0,0,512,0,0,282,0,0,230,0,0,512,1.06117582321167,85.72840881347656,0,0
1225,A,25,-0.0025275524239987135,0.04663434624671936,nan,nan,512,0,-0.0025275524239987135,0.04663434624671936,all_rows,512,0,0.002738824114203453,0.0294921875,-0.0018894687760621308,0.0010401566192740574,0.11209744599182159,cfb19f1b3dd73548b505931c64aecf1b:0:0,9fb879994d3cb3a79409ae69755afc08:0:0,13092c0a48f6b4db189636aaa373fb58:0:0,f3efbb1a96f34855bafb4500fa97f4a0:0:2437931430,2e199fe3ab610a5dc2fb7b22a6afca9d:0:404593756,10,1.0,0,0,0,0,0,0,512,0,0,512,0,0,238,0,0,274,0,0,512,1.0738667249679565,85.67820739746094,0,0
1226,A,26,0.003047855105251074,0.04942338168621063,nan,nan,512,0,0.003047855105251074,0.04942338168621063,all_rows,512,0,0.019211508333683014,0.07578125,-0.0011304177809506656,0.001218891266034916,0.11013377801282331,ebf9977994052823847285a125925b1b:0:0,c60cf6e2bf32479f802578322101948f:0:0,a8b9d1c9d8525eceaf430db4d2a711ac:0:0,ce08b4e5179ccd96530d01d25b1978a0:0:3064392080,cf09f69c6fc0647cb4c8031f3534ef61:0:1051749214,10,1.0,0,0,0,0,0,0,512,1,0,512,0,0,256,0,0,256,1,0,512,1.0648859739303589,85.7432632446289,0,0
1227,A,27,0.005321325268596411,0.0501558892428875,nan,nan,512,0,0.005321325268596411,0.0501558892428875,all_rows,512,0,0.005991468206048012,0.0564453125,-0.0017150962259620429,0.0012339695414993912,0.1054625769611448,64c8162bc6679c7e504b782521b5e71b:0:0,08192623bf4458428d71088e9fdcdd4e:0:0,1a9f7dd2a556ae37447cf0a36d377b96:0:0,fb391b4370f17c898130a1551f5afca0:0:3894863961,c9d8a16e113b5f0e084b9ed21d3c7f30:0:3488547585,10,1.0,0,0,0,0,0,0,512,0,0,512,0,0,231,0,0,281,0,0,512,1.0870782136917114,84.99694061279297,0,0
1228,A,28,-0.0003598979383241385,0.04597434401512146,nan,nan,512,0,-0.0003598979383241385,0.04597434401512146,all_rows,512,0,0.00612228736281395,0.0576171875,-0.002387215755879879,0.001022830029251054,0.10679858300136402,76058187bded5a9ad5912bb45919731b:0:0,0e71ca58da6f19454c85aae2e90c65c4:0:0,2666dbc1137d19ba1f83ba350f8ce755:0:0,dec69bae28f8100873faf98d475c80a0:0:2026129119,5e7a4c92ab1e3e10f80fd581e985d860:0:936173900,10,1.0,0,0,0,0,0,0,512,0,0,512,0,0,242,0,0,270,0,0,512,1.060987949371338,85.65067291259766,0,0
1229,A,29,-0.005754590965807438,0.047761473804712296,nan,nan,512,0,-0.005754590965807438,0.047761473804712296,all_rows,512,0,0.0063474480994045734,0.073828125,-0.007041782746091485,0.0011039204546250403,0.10633569600759074,0e0da633c1f210ae1527a15acbbcff1b:0:0,265ee989f18461cbd08c842bda48b7dc:0:0,9d404cf87f4ac28464281e12d8cebccd:0:0,0c1a08bb3dc9b7e1d19ca07ed31e04a0:0:1001444632,88f1a47ba9753c908695672fc01ada57:0:442235313,10,1.0,0,0,0,0,0,0,512,0,0,512,0,0,261,0,0,251,0,0,512,1.0314925909042358,87.0151596069336,0,0
1230,A,30,0.004511618055403233,0.04805764555931091,nan,nan,512,0,0.004511618055403233,0.04805764555931091,all_rows,512,0,0.0027295704931020737,0.0400390625,-0.0062951532774604855,0.001159656950039789,0.1034920800011605,cf1979e2946e48aedfd61a2479a08b1b:0:0,25652ab3f660e35193b112034c2c4e32:0:0,7745458a7fef736e24abf7fd170c7e9f:0:0,f28de801c108b5143be1ec2dc29f88a0:0:2529182400,7c4ddc40447b7b51644c83d87e0ef28b:1:1961563060,10,1.0,0,0,0,0,0,0,512,0,0,512,0,0,256,0,0,256,0,0,512,1.0286623239517212,87.44607543945312,0,0
1231,A,31,0.0029324376955628395,0.049093544483184814,nan,nan,512,0,0.0029324376955628395,0.049093544483184814,all_rows,512,0,0.0028853639960289,0.0736328125,-0.0036540237721055745,0.0012005713622784242,0.10269125702325255,c3bd023c182ce9646247171d62c4171b:0:0,014c172acbd62b053e7379ab1d12022f:0:0,5a10da8ecc0c8b5b06d296f908e1b1a5:0:0,8ea50418a753c9c8d432f29e15e10ca0:0:3595983021,ab3639286c8dc17b6feaa33c1511d722:0:2233362181,10,1.0,0,0,0,0,0,0,512,0,0,512,0,0,245,0,0,267,0,0,512,1.0189642906188965,88.34681701660156,0,0
1232,A,32,-0.0034765470772981644,0.05647393688559532,nan,nan,512,0,-0.0034765470772981644,0.05647393688559532,all_rows,512,0,0.006109703332185745,0.04765625,-0.0050366227747872475,0.0015968692488968373,0.10285554098663852,c82ae0e88d1242b4b10859518727a31b:0:0,d126e0aafccfdf5b4413c215f9dfda51:0:0,d51adf7990f4ed7ad3a6b2b233e7951d:0:0,9412ec197aba7d0dbf9389d3cce290a0:0:1437779821,b89ceb5541b86d7a82df5e73c469d0d5:1:3566868294,10,1.0,0,0,0,0,0,0,512,0,0,512,0,0,270,0,0,242,0,0,512,1.0211108922958374,87.7425308227539,0,0
1233,A,33,-0.002906059380620718,0.05066845938563347,nan,nan,512,0,-0.002906059380620718,0.05066845938563347,all_rows,512,0,0.013453011400997639,0.04921875,-0.0008707811590284109,0.0012522403616458178,0.1132104989956133,50a7e9e7ae80a533548ae1cce6cb2f1b:0:0,ea8fc61d59b31b26118da1842a7845f5:0:0,04b6e757e3fab7f128a2a066b6cd6d63:0:0,062d6b1b5f363250aaa347d2e7a414a0:0:1447499364,cbf51c05f58d415cf5209f59601ce6fb:1:1624712548,10,1.0,0,0,0,0,0,0,512,0,0,512,0,0,250,0,0,262,0,0,512,1.0290645360946655,86.11608123779297,0,0
1234,A,34,0.0012496423441916704,0.05294274911284447,nan,nan,512,0,0.0012496423441916704,0.05294274911284447,all_rows,512,0,0.009763767942786217,0.08125,-0.006263217283412814,0.0014064240269362927,0.1090397399966605,f3cb99903fe684efd522f19b81aebb1b:0:0,6ce061734910519f1dc8bd169e938cc4:0:0,46fe8358357f11b5f4bfc3164f0cd513:0:0,e2bea726982c14994d9d829f662598a0:0:589675006,9db355929a7ff71a011e3d5696730255:1:2283280874,10,1.0,0,0,0,0,0,0,512,0,0,512,0,0,248,0,0,264,0,0,512,1.053742527961731,85.27203369140625,0,0
1235,A,35,0.0008178493590094149,0.0438682846724987,nan,nan,512,0,0.0008178493590094149,0.0438682846724987,all_rows,512,0,0.0060503315180540085,0.0447265625,-0.0005740971304476261,0.0009368053317302838,0.1039351979852654,d0163bc7d3822784470809c957d2471b:0:0,d0b83f0ea6a5104ce075a5232ebb97a1:0:0,df8d9e1483ffd654a15a7228adcd4366:0:0,a183c02c7dfbd583f059503d48671ca0:0:288726217,e955286d957139135f04f62df722f09e:0:2490863640,10,1.0,0,0,0,0,0,0,512,0,0,512,0,0,259,0,0,253,0,0,512,1.0378669500350952,86.81216430664062,0,0
1236,A,36,-0.003032856388017535,0.04964067041873932,nan,nan,512,0,-0.003032856388017535,0.04964067041873932,all_rows,512,0,0.0036246441304683685,0.0529296875,-0.000359988072887063,0.0012278105656150728,0.10391069098841399,634b1e35d766dd63d654eb626935d31b:0:0,ec9481d06cef41d5769bdf061e875445:0:0,e6e2bfc05600ae5319f0eadccdddecb7:0:0,1cab749b929f3ffbee4986b08e68a0a0:0:3085288932,158a0e90857b66e0b94ad565c3cdcd19:1:3446015711,10,1.0,0,0,0,0,0,0,512,0,0,512,0,0,240,0,0,272,0,0,512,1.0430290699005127,86.17987060546875,0,0
1237,A,37,0.003898331895470619,0.050615616142749786,nan,nan,512,0,0.003898331895470619,0.050615616142749786,all_rows,512,0,0.0029376402962952852,0.044140625,-0.0028500128071755173,0.001275531289866194,0.10328819399001077,921c3b6834cfc66953079772b5d95f1b:0:0,4cbe79c09fb7541088902ee5f20f807f:0:0,25cdb675b7a92564d691c2a10fa71f33:0:0,40238233245e9eb63a7cbbfd382a24a0:0:3122035295,3f8433f7175052522d57c9497b880631:0:2831558055,10,1.0,0,0,0,0,0,0,512,0,0,512,0,0,259,0,0,253,0,0,512,1.0312756299972534,86.1417236328125,0,0
1238,A,38,-0.000662275415379554,0.052731528878211975,nan,nan,512,0,-0.000662275415379554,0.052731528878211975,all_rows,512,0,0.008385551162064075,0.0685546875,-0.002148557547479868,0.0013916957890614868,0.10377590998541564,4b4d6d130dcc21a5bd014f063dbceb1b:0:0,8d64d1a06c2e88269b6783c2a5e81b2b:0:0,166a2aabbb23a20bd688f99ba77fa99f:0:0,e2322ec5ad9df66be39d462745aba8a0:0:2942886632,bc1ffd92e8919c3a1fc361b90c700213:1:945277379,10,1.0,0,0,0,0,0,0,512,0,0,512,0,0,245,0,0,267,0,0,512,1.0219248533248901,86.4001235961914,0,0
1239,A,39,-0.0005777928745374084,0.051542412489652634,nan,nan,512,0,-0.0005777928745374084,0.051542412489652634,all_rows,512,0,0.007138043642044067,0.0501953125,-0.005197190772742033,0.001324297278188169,0.10401232703588903,3dc75fc86551286ed006932900e0771b:0:0,40142ae7c6b314557f48ff2f12d8da5e:0:0,98a2eb6769c3a54bafd9786c52b89b52:0:0,ab7b9da4e0c713d497f13b32b6ed2ca0:0:2778040975,b2d2dccc2f13416fb57946b95f3ff57e:0:2807497419,10,1.0,0,0,0,0,0,0,512,0,0,512,0,0,269,0,0,243,0,0,512,1.0141395330429077,87.27079010009766,0,0
1240,A,40,0.0008549324702471495,0.043851662427186966,nan,nan,512,0,0.0008549324702471495,0.043851662427186966,all_rows,512,0,0.005753965117037296,0.058984375,-0.0037475361954420806,0.000933818588964641,0.1052485840045847,605e3ab7bdbd74ad8fbf24e6ff44031b:0:0,6e83ad86221f7f2ba862ea5ca6df9dff:0:0,a87e26caf5e32854f30521d52d1944f0:0:0,3ae8537e0f546d61295a71238beeb0a0:0:1996771016,c85e598bf06b4518489e52ecbf56a61d:0:47829967,10,1.0,0,0,0,0,0,0,512,0,0,512,0,0,256,0,0,256,0,0,512,0.9986466765403748,88.50413513183594,1,0
1241,A,41,0.010365449823439121,0.06409170478582382,nan,nan,512,0,0.010365449823439121,0.06409170478582382,all_rows,512,0,0.010474291630089283,0.058203125,-0.0026241788640618325,0.0016415690421126782,0.10669920302461833,67953238f9d9f26cd3b6054c38e78f1b:0:0,6eaf52b2a570cd958181bc43eddce0ab:0:0,ebbbc0f0f46a49643539757521ecca51:0:0,feab8b795b00d8b611567dfdc4b034a0:0:3757829385,6f286de84854815706eadc50dac8c212:1:1401448621,10,1.0,0,0,0,0,0,0,512,0,0,512,0,0,272,0,0,240,0,0,512,0.9753098487854004,90.57469940185547,12,0
1242,A,42,-0.006379684433341026,0.053557176142930984,nan,nan,512,0,-0.006379684433341026,0.053557176142930984,all_rows,512,0,0.0024227644316852093,0.082421875,-0.004395315633155405,0.001330098632024601,0.10400386695982888,94a70c190c645ca7d3597564adcb1b1b:0:0,ed61989ea409204ede8a52c43108d069:0:0,61b9b80ae001454cc027b6059179a4f7:0:0,d2a4c579e02013e5f4feb7c56131b8a0:0:2804664337,64a1c8313d9a51cac404516c437f2fb6:1:1925135952,10,1.0,0,0,0,0,0,0,512,0,0,512,0,0,263,0,0,249,0,0,512,0.9809675216674805,90.12887573242188,6,0
1243,A,43,-0.0007267568726092577,0.05062514543533325,nan,nan,512,0,-0.0007267568726092577,0.05062514543533325,all_rows,512,0,0.001991300843656063,0.0544921875,-0.003248615888878703,0.001266276798560284,0.10307889699470252,64d3f8d2422f4558b1faf63c5deea71b:0:0,dbb63e6cac89d1bdd50feb6995a8f7be:0:0,b03b7f4e6d5f9f3e81e60fd4cbd220d9:0:0,99483e68c824226c2908347e61733ca0:0:1520786555,1d469caa969d9be27ed9efe851bfbfe7:1:180829926,10,1.0,0,0,0,0,0,0,512,0,0,512,0,0,251,0,0,261,0,0,512,0.977665901184082,90.70081329345703,7,0
1244,A,44,0.006933423690497875,0.04786600172519684,nan,nan,512,0,0.006933423690497875,0.04786600172519684,all_rows,512,0,0.0029219714924693108,0.0453125,-0.006088166497647762,0.0011327136191539467,0.10352760599926114,6ba70d0d32e3a8c70acf48df4952331b:0:0,a2401042ba29bdf3d2d0f609baa2e27c:0:0,eb1f0c197e20cda01e1e1ad3e15ed001:0:0,faddd080f3537de735c3ca2cc574c0a0:0:1014524592,3ed7ff720b8532e7db4e644a12c5e332:0:2745944883,10,1.0,0,0,0,0,0,0,512,0,0,512,0,0,269,0,0,243,0,0,512,0.9892653226852417,91.3330078125,4,0
1245,A,45,-0.0051286187954247,0.046053431928157806,nan,nan,512,0,-0.0051286187954247,0.046053431928157806,all_rows,512,0,0.006302102468907833,0.054296875,-0.004404410999268293,0.0010574004438240082,0.10348647204227746,e9d11afaa4700c167cee6e596ff5bf1b:0:0,f5b2abdf50e83c74e203f2518471d63f:0:0,5a2c3387bac9cdef0948cfb7d7e15094:0:0,82fd0a9ca8b41a935b1e0ed48d3644a0:0:629300787,41ec85b8b35974db67b8271666bbf8ee:0:2352293460,10,1.0,0,0,0,0,0,0,512,0,0,512,0,0,263,0,0,249,0,0,512,0.9928368330001831,91.76275634765625,2,0
1246,A,46,-0.005325153470039368,0.052509699016809464,nan,nan,512,0,-0.005325153470039368,0.052509699016809464,all_rows,512,0,0.0062219370156526566,0.111328125,-0.007218487467616797,0.0013738956826273353,0.10495017404900864,579bab49ed3127153753a7b6d1d94b1b:0:0,ae516169c435be5f867a609838a35446:0:0,67a754eaa8c0f662c7c00eec9e3056ac:0:0,b97822927b2f3f85149f5879b8b7c8a0:0:3954118243,8fe667af74130965002e81cf67056aa1:1:40029304,10,1.0,0,0,0,0,0,0,512,0,0,512,0,0,279,0,0,233,0,0,512,0.9695145487785339,92.73784637451172,7,0
1247,A,47,0.010305887088179588,0.04801356792449951,nan,nan,512,0,0.010305887088179588,0.04801356792449951,all_rows,512,0,0.011779646389186382,0.078125,6.721708923578263e-05,0.0011198869295185431,0.10292462300276384,f91561b2a0e0194a84dd76036efcd71b:0:0,c71c2807ca2317abe87d9a23732212d0:0:0,ca4a9c7fb18fb0de20c051c7b84f4147:0:0,d625bfba52f232a39d6bbd2047f94ca0:0:1880412328,0b3a19e56db7522620f554976fc58e3b:1:1257493340,10,1.0,0,0,0,0,0,0,512,0,0,512,0,0,263,0,0,249,0,0,512,0.9699563384056091,92.94269561767578,13,0
1248,A,48,-0.005708588752895594,0.04866354167461395,nan,nan,512,0,-0.005708588752895594,0.04866354167461395,all_rows,512,0,0.004568095784634352,0.0619140625,-0.005282854731194675,0.0011828549875644967,0.1071963440044783,8631313b94522a45584d9a4b4760631b:0:0,41ecef785bc53b60d78e41f56019b0ea:0:0,c2eb7f60aeb21f6555e578c3b168fe11:0:0,91eb77bf4a0fb863744312cc3afad0a0:0:923752076,672e674995c004d7ade3a53896d2060d:0:2298572133,10,1.0,0,0,0,0,0,0,512,0,0,512,0,0,277,0,0,235,0,0,512,1.0082213878631592,90.78973388671875,0,0
1249,A,49,-0.0023632680531591177,0.043087299913167953,nan,nan,512,0,-0.0023632680531591177,0.043087299913167953,all_rows,512,0,0.0036490848287940025,0.0556640625,-0.0037661221344023944,0.0009205719106830657,0.10583343601319939,d563689c8416152ad849159a5b03ef1b:0:0,045dc65776f2781f5af0f094ce955a01:0:0,80f17f8880f90286a07617577d134cdf:0:0,9ed038eecb666740df80ef8191bc54a0:0:3736450151,76bbf7db4e5c46da35ac9e3b5bd0137a:0:2892147970,10,1.0,0,0,0,0,0,0,512,0,0,512,0,0,239,0,0,273,0,0,512,0.9911349415779114,91.8251724243164,5,0
1250,A,50,0.000410593202104792,0.046948689967393875,nan,nan,512,0,0.000410593202104792,0.046948689967393875,all_rows,512,0,0.006080519407987595,0.0734375,-0.005169142968952656,0.0010925140348263084,0.10421675100224093,2712cf4ae9fadf84eb5828fca9e77b1b:0:0,1f9132739ad779a91a0c7a39e835ead4:0:0,c0d52478e80320e3c4c889d76a4ffc17:0:0,c076c24122cfcefa711ca9444c3dd8a0:0:1795518194,57ecaad91a67e47669496e0cb3e87351:1:2092513781,10,1.0,0,0,0,0,0,0,512,0,0,512,0,0,247,0,0,265,0,0,512,0.9820336103439331,91.38472747802734,8,0
1251,A,51,0.0006141769699752331,0.049974244087934494,nan,nan,512,0,0.0006141769699752331,0.049974244087934494,all_rows,512,0,0.007960738614201546,0.0439453125,-0.002393893385306001,0.0011964428675128147,0.10354470100719482,06b8c7f5cd8c3b50c3e6557e340b071b:0:0,e920509422efa598e497a9930ef10678:0:0,e7f54e0940db44c9dfe097833fb971f6:0:0,99ecb2636d9c738b8aa956186a7f5ca0:0:3961490620,75c716143d0ace13b033c8267aaeb36e:0:1025764334,10,1.0,0,0,0,0,0,0,512,0,0,512,0,0,257,0,0,255,0,0,512,0.9921380877494812,90.43181610107422,7,0
1252,A,52,-0.0013972418382763863,0.04794296622276306,nan,nan,512,0,-0.0013972418382763863,0.04794296622276306,all_rows,512,0,0.0022055767476558685,0.0890625,-0.007057853194419294,0.0011217588180443272,0.10282669001026079,8f09b5679b90744d6c425c2af96e931b:0:0,fa27b39f11641ca5ab44a97e6f1c5333:0:0,2518ddeeb2379d952ce9f6b9ebad6eab:0:0,50faa4169a609be6e155cc01ec80e0a0:0:129264410,0c04d0102e614b1ee33e9a051df01153:1:3186051394,10,1.0,0,0,0,0,0,0,512,0,0,512,0,0,255,0,0,257,0,0,512,0.9902517199516296,89.33819580078125,4,0
1253,A,53,0.004428983200341463,0.046888142824172974,nan,nan,512,0,0.004428983200341463,0.046888142824172974,all_rows,512,0,0.003893420100212097,0.0423828125,-0.002046085358597338,0.001096828913432546,0.10322818101849407,1436b2f85093e88a529e3e0efa121f1b:0:0,1313727a0290e8c123dc92d055811cf0:0:0,4da53fd05f248446ca83acb630bcc997:0:0,65d53f42e715f47101eca104d24264a0:0:2882037938,d34fe6324e80c68c97c78fa1364c15b8:1:2258188172,10,1.0,0,0,0,0,0,0,512,0,0,512,0,0,250,0,0,262,0,0,512,0.9867568016052246,90.02104187011719,5,0
1254,A,54,-0.0013726013712584972,0.05169786140322685,nan,nan,512,0,-0.0013726013712584972,0.05169786140322685,all_rows,512,0,0.0032990986946970224,0.0671875,-0.0051143673248589035,0.0013357639661990106,0.10231448599370196,a58b11ed828e0c35d50f3c3635f5ab1b:0:0,2e7e251cb07bf627dbfa374f51d08fd7:0:0,26befbe03a9dd40282321486cc52b068:0:0,d3f61b2b0c96053ad4d42b251bc3e8a0:0:587260277,4d36e5087851d5ef9aee2b20fb720e73:1:2071173883,10,1.0,0,0,0,0,0,0,512,0,0,512,0,0,270,0,0,242,0,0,512,0.9959778189659119,90.33831787109375,4,0
1255,A,55,-0.005240027792751789,0.05027812719345093,nan,nan,512,0,-0.005240027792751789,0.05027812719345093,all_rows,512,0,0.007137943059206009,0.084765625,-0.004851386602967978,0.0012413912132615223,0.10310595901682973,5992f95915abf8abcd8dd7acad19371b:0:0,248abdbaecf27fd36543031b460a2b20:0:0,29be9525e870f2af1c01155945334523:0:0,01bdc73606717bfc220e8066c9056ca0:0:598951760,2b92b82d44663ce59527317bb270043b:0:934260066,10,1.0,0,0,0,0,0,0,512,0,0,512,0,0,267,0,0,245,0,0,512,0.9871020317077637,91.4310073852539,5,0
1256,A,56,0.007990115322172642,0.05816054344177246,nan,nan,512,0,0.007990115322172642,0.05816054344177246,all_rows,512,0,0.007148358970880508,0.079296875,-0.002606818126514554,0.001652505382662639,0.10568572796182707,c8dcfe3aa84c86c41df5d17e5f7cc31b:0:0,06967ba74ec8e81a18236da7ff54ed45:0:0,d423f3c9dfd0d93eca8f3e1c2869f498:0:0,740e4cd2262849ce153976cdda06f0a0:0:3782593395,c46d578a797d017216a4b0999e75de00:0:4085904260,10,1.0,0,0,0,0,0,0,512,0,0,512,0,0,270,0,0,242,0,0,512,0.993765652179718,93.10486602783203,3,0
1257,A,57,-0.001317641930654645,0.04484979435801506,nan,nan,512,0,-0.001317641930654645,0.04484979435801506,all_rows,512,0,0.0033321117516607046,0.0380859375,-0.003392805578187108,0.0009605567989638075,0.1278669770108536,56868ddb0239f4613c062ab74d204f1b:0:0,0d231b5d840002a399821db781b8f78a:0:0,dde8a85ee4296c283897102d85589e06:0:0,ed0efdffe0c694a5c18ea45e4ec874a0:0:2416653365,e9428d9d950e5c6d9e9a14049d5c64a4:0:4129711682,10,1.0,0,0,0,0,0,0,512,0,0,512,0,0,242,0,0,270,0,0,512,1.0147967338562012,93.58578491210938,0,0
1258,A,58,-0.0004530971928033978,0.049423906952142715,nan,nan,512,0,-0.0004530971928033978,0.049423906952142715,all_rows,512,0,0.0021986765787005424,0.04921875,-0.0031844467855989935,0.0012111579708289355,0.16553173895226792,c65a948c132d153ebd6124637603db1b:0:0,460d1c07efea9ffb638b5a691871fe58:0:0,3628c63b809c79c0f0dc949eb7f51a29:0:0,d57f691e85ea7c8ea5e35f1c2749f8a0:0:3786413333,5d069f4ffa29b43a94e7166ea695edd0:0:2025051539,10,1.0,0,0,0,0,0,0,512,0,0,512,0,0,282,0,0,230,0,0,512,1.0182838439941406,94.43839263916016,0,0
1259,A,59,0.005956112407147884,0.04486799240112305,nan,nan,512,0,0.005956112407147884,0.04486799240112305,all_rows,512,0,0.005797091871500015,0.073046875,-0.002269567409530282,0.0009971612336812541,0.1709335589548573,019ae72b4ca60effe38c3f8eda27671b:0:0,45dd4108bc77c8399f038402065b472a:0:0,80b9850cf2673f26474f59d9aa39ada8:0:0,d227d3a0cf36b4a530a8bd0b638b7ca0:0:4142578379,8c2687e98f0d1fb24b052119bf013e94:0:100762660,10,1.0,0,0,0,0,0,0,512,0,0,512,0,0,269,0,0,243,0,0,512,1.0297789573669434,94.27574920654297,0,0
1260,A,60,-0.007069574669003487,0.05210590362548828,nan,nan,512,0,-0.007069574669003487,0.05210590362548828,all_rows,512,0,0.0021849065087735653,0.05078125,-0.0019154287409037351,0.0013157652399968355,0.16762318299151957,a8d79df76326a07e27f03d45798af31b:0:0,12b71643de34aab74b664c6f0fab1f41:0:0,51d88b1bef338f66735f14fda3d50802:0:0,76d1aa5af735efd143eb9430038d00a0:0:2781313929,f53aac2e22e3f868302c3184c1d00c47:0:682945879,10,1.0,0,0,0,0,0,0,512,0,0,512,0,0,239,0,0,273,0,0,512,1.040797472000122,93.60601043701172,0,0
1261,A,61,0.006989909801632166,0.050962891429662704,nan,nan,512,0,0.006989909801632166,0.050962891429662704,all_rows,512,0,0.002826404757797718,0.0380859375,-0.005030555743724107,0.0012315146101173013,0.16525661101331934,05bbc37dc2d9f457c7d91e93542e7f1b:0:0,c656fc3386836735f92b959fcbfa3562:0:0,c984340f295cc3ea86cc3d16c75561d8:0:0,6981e727c6b32140b9547a8e074e84a0:0:2137618484,374598177ebadd6ed9c9adf41d9fd155:0:1642034273,10,1.0,0,0,0,0,0,0,512,0,0,512,0,0,247,0,0,265,0,0,512,1.0402460098266602,93.4605941772461,0,0
1262,A,62,-0.0035949680022895336,0.04628767818212509,nan,nan,512,0,-0.0035949680022895336,0.04628767818212509,all_rows,512,0,0.0026129132602363825,0.0623046875,-0.00387984118424356,0.0010514098830753937,0.16595065098954365,f6b47a9743b5febe507624846a120b1b:0:0,53919bf210d3007ed4c1872064b48eaa:0:0,22af7ef717ebe15ea69ccd7eca5fa0b5:0:0,3f3280adc78a90a1e627c6296ed008a0:0:805548586,c1bffa024cab87f9e0e0ca90eb682fab:1:814917571,10,1.0,0,0,0,0,0,0,512,0,0,512,0,0,253,0,0,259,0,0,512,1.0264780521392822,94.43206787109375,0,0
1263,A,63,0.007602856494486332,0.046366170048713684,nan,nan,512,0,0.007602856494486332,0.046366170048713684,all_rows,512,0,0.0038259169086813927,0.0505859375,-0.0030662274453788995,0.0010741325473645701,0.1646508540143259,630f0a9ee92266852ad9d024bb35971b:0:0,455b06e7cf55e879d171efcfdac517cb:0:0,953c2bde3cd89bd4356a447f088984c9:0:0,2abe92198bf7c21e1f458d063a118ca0:0:2945285831,9cee6eed982768f0a66a302bc0e2ce6b:0:2360445773,10,1.0,0,0,0,0,0,0,512,0,0,512,0,0,256,0,0,256,0,0,512,1.0145440101623535,94.89527893066406,0,0
1264,A,64,-0.003474926808848977,0.04379004240036011,nan,nan,512,0,-0.003474926808848977,0.04379004240036011,all_rows,512,0,0.017636878415942192,0.05390625,-0.004532021144405008,0.0009165012132143601,0.16536975099006668,83db1940b930f97027f9e2804799231b:0:0,e7264c7c7a6ab70eb2c7baae87a811b7:0:0,08c9d7f91f54c8d053ca28e47e9091c1:0:0,82df05adb96432143d29a528691310a0:0:3497468596,6a1bb97bf2eab66e14ecdd1ff8f7b204:1:2269190815,10,1.0,0,0,0,0,0,0,512,0,0,512,0,0,263,0,0,249,0,0,512,1.039739727973938,94.04317474365234,0,0
1265,A,65,0.002269037999212742,0.05117196589708328,nan,nan,512,0,0.002269037999212742,0.05117196589708328,all_rows,512,0,0.010440751910209656,0.1205078125,-0.008418007940053939,0.0012540179246570914,0.14252386998850852,afc8bd71f773abc20caf5ca30f3caf1b:0:0,1a16be2c228bf0f9e85e4f3e55204656:0:0,625a6992ecd687f7ec8637918a4b93b6:0:0,70b32e1545bae4931feba493fbd494a0:0:3873899318,31143545a76954d3cfbf859c485e5490:0:71297723,10,1.0,0,0,0,0,0,0,512,0,0,512,0,0,273,0,0,239,0,0,512,1.0378687381744385,94.9110107421875,0,0
1266,A,66,0.003796572331339121,0.04637414589524269,nan,nan,512,0,0.003796572331339121,0.04637414589524269,all_rows,512,0,0.003829666879028082,0.1111328125,-0.007848146511241794,0.0010669035516912117,0.10337899904698133,399e07574f7c230b1db67f9912203b1b:0:0,c26e31277f9768f4a2f0d218e93d8836:0:0,ec76832e613792205b7bfbde53197fc3:0:0,0921df701644c894333ee14cf25618a0:0:243781519,e6ead98940f3a786bec1e281a33de023:1:362644593,10,1.0,0,0,0,0,0,0,512,0,0,512,0,0,247,0,0,265,0,0,512,1.062670350074768,93.47779846191406,0,0
1267,A,67,-0.002099265344440937,0.04931919649243355,nan,nan,512,0,-0.002099265344440937,0.04931919649243355,all_rows,512,0,0.00384927517734468,0.0447265625,-0.0029298527049832048,0.0012052158621372656,0.1072989390231669,2cfd1510bb10cc37abaecc6e5043c71b:0:0,56dee06c36a5768cf7e272290ec15f5f:0:0,62dd3e3c996bcd7cbb853220d1d70b5e:0:0,ec24421def11eef5f27271574c979ca0:0:3402000724,073fa9f2ab7639d119b27241ba9d0055:0:256306649,10,1.0,0,0,0,0,0,0,512,1,0,512,0,0,262,0,0,250,1,0,512,1.0622833967208862,92.76445007324219,0,0
1268,A,68,0.008296309970319271,0.049247078597545624,nan,nan,512,0,0.008296309970319271,0.049247078597545624,all_rows,512,0,0.018079271540045738,0.0248046875,-0.0009692461113445461,0.0011922999867238105,0.10615752695593983,274ad49630237cde9f1b042ec9a7531b:0:0,0e89aa4872c2bcafcd02a48fd3603bf6:0:0,4605cc4003f2f6377e2e366593683aa2:0:0,8983c65761f395366c712ab70a9920a0:0:450538853,abda1e7df026280b6fe74b8a461f7c91:0:2112720469,10,1.0,0,0,0,0,0,0,512,0,0,512,0,0,271,0,0,241,0,0,512,1.0481361150741577,93.22078704833984,0,0
1269,A,69,-0.005577837582677603,0.04369547218084335,nan,nan,512,0,-0.005577837582677603,0.04369547218084335,all_rows,512,0,0.0028224121779203415,0.055859375,0.0006312416866421699,0.000908759215963073,0.1039629410370253,0dd7270362959fd0046127e67e4adf1b:0:0,7fd98fc3dd2646ec31a10d729fa2eb6b:0:0,dbd6d3227f47da9548a8efb4d5a3a98b:0:0,9e8050b02c0b03edc7c1a3702c5aa4a0:0:2147525454,b0d5c62d78f2b758a9382b503acea3eb:1:3621004225,10,1.0,0,0,0,0,0,0,512,0,0,512,0,0,259,0,0,253,0,0,512,1.0194412469863892,94.28392791748047,0,0
1270,A,70,0.0004894030862487853,0.05072551593184471,nan,nan,512,0,0.0004894030862487853,0.05072551593184471,all_rows,512,0,0.010513526387512684,0.1078125,-0.006969383335672319,0.001263450301485136,0.1038734340108931,d23139e425d5ece397ca78a16e2e6b1b:0:0,17730faf24eebdb6b05284166b9a8b44:0:0,dd6ef4988029208e6858f71953dd1cfe:0:0,a6f2ecaa30f14108c6863186b1dc28a0:0:2520815284,ee848dde52cf8aa4ce2732711f86bb08:0:343406057,10,1.0,0,0,0,0,0,0,512,0,0,512,0,0,256,0,0,256,0,0,512,1.021527647972107,93.83308410644531,0,0
1271,A,71,0.0001239810953848064,0.04584680497646332,nan,nan,512,0,0.0001239810953848064,0.04584680497646332,all_rows,512,0,0.002663668245077133,0.0251953125,0.00017098425887525083,0.0010392331023467705,0.10358021699357778,ad1697463a63ac075183776b9951f71b:0:0,34547788641f17c9baf217c129c5e624:0:0,1967e68049e9a33601ab80683b1c5535:0:0,1a940b8c027b95c34a7ceafe9b1daca0:0:2370020229,79933cf9aa1da83c31cba5d1af9ad44c:0:371061185,10,1.0,0,0,0,0,0,0,512,0,0,512,0,0,243,0,0,269,0,0,512,1.0352683067321777,92.99495697021484,0,0
1272,A,72,-0.0047079711221158504,0.05363268405199051,nan,nan,512,0,-0.0047079711221158504,0.05363268405199051,all_rows,512,0,0.0029318896122276783,0.0732421875,-0.004830841347575188,0.0014437450910918415,0.1041861129924655,12e8a5889343838df19be550ffb5831b:0:0,78049df0ada0bbfacde637d490def980:0:0,7ca7ccdcde05da7b57f1957f891f098c:0:0,a7d292b9a420e862d8ffa5dbe81f30a0:0:2972065772,635701ff91efea815b507839a043d553:1:2889863736,10,1.0,0,0,0,0,0,0,512,0,0,512,1,0,276,0,0,236,0,0,512,1.0394107103347778,92.34031677246094,0,0
1273,A,73,-0.0003404031740501523,0.04475492984056473,nan,nan,512,0,-0.0003404031740501523,0.04475492984056473,all_rows,512,0,0.003362419083714485,0.04609375,-0.0017197928158566357,0.0009907170286169275,0.10377008095383644,fd4b14135f71d1bd8c06c35da1590f1b:0:0,b9d5ce7d7aa3df63862a703dcb70844f:0:0,51d7238749705072f581232e833fed68:0:0,74e2bdd9f903e9b11f03f82298e0b4a0:0:253421707,9a9f48b315c1003c0baf4fa5bc4c6b4b:1:1520842157,10,1.0,0,0,0,0,0,0,512,0,0,512,0,0,254,0,0,258,0,0,512,1.0345017910003662,92.4222640991211,0,0
1274,A,74,0.007249701768159866,0.043697405606508255,nan,nan,512,0,0.007249701768159866,0.043697405606508255,all_rows,512,0,0.007207449059933424,0.049609375,-0.0024146617390215395,0.000949648377718404,0.10584603197639808,d7be0257635e919e149a529d7e3c9b1b:0:0,d13a589846ba1808c36ffdff7ad592fa:0:0,f890dce03881acf970bdcb4d36aafdc2:0:0,09191e1f0ba61636751b37d6ad6238a0:0:2667612786,d5d280949ad0689c8755669b4764683f:0:1060142829,10,1.0,0,0,0,0,0,0,512,0,0,512,0,0,232,0,0,280,0,0,512,1.0320805311203003,92.97793579101562,0,0
1275,A,75,-0.002749835141003132,0.047851528972387314,nan,nan,512,0,-0.002749835141003132,0.047851528972387314,all_rows,512,0,0.00770197156816721,0.053515625,-0.0007606573402881622,0.0011395359033485875,0.10457364999456331,43f08aa66e7ecb07eb10141c9660271b:0:0,b4b8fc1f630ce42479474743413052fd:0:0,b6fd6a8d35670d9c150644d3e373783e:0:0,2006c9131e478b3463727afc25a3bca0:0:2487448755,ff3f288314e7b4b981736c28ef4e302f:0:4237855063,10,1.0,0,0,0,0,0,0,512,0,0,512,0,0,255,0,0,257,0,0,512,1.053670048713684,92.21089935302734,0,0
1276,A,76,-0.006265094503760338,0.04810324311256409,nan,nan,512,0,-0.006265094503760338,0.04810324311256409,all_rows,512,0,0.0026444573886692524,0.0275390625,-0.00043949889950454233,0.0011444985197158531,0.10357202298473567,e16bc2a9f8ff8df26704c8e6e9c3b31b:0:0,4b133a27b02826240c3f07f896c44e6b:0:0,bbc361b45a7dabbc3ca0c1f6d4204d44:0:0,90e0165832f7af6025d2979701a540a0:0:4080348924,a020e38100e1f59a52e5f13171d475e9:1:2960209280,10,1.0,0,0,0,0,0,0,512,0,0,512,0,0,260,0,0,252,0,0,512,1.0581165552139282,91.00608825683594,0,0
1277,A,77,0.00934053584933281,0.044547077268362045,nan,nan,512,0,0.00934053584933281,0.044547077268362045,all_rows,512,0,0.004558922257274389,0.06484375,-0.0028505802853032946,0.0009504723479039967,0.10356948804110289,2653377035a6790263f8720878673f1b:0:0,ec301186d3ec3d0218cd092e57d17023:0:0,7d025662cfd59c78aafffa1b02b5ce8d:0:0,eb3f1cd37a5aaf5d2fa023ab4166c4a0:0:667934222,8ab4c429b0c0da7fbc217ac103019773:0:753947459,10,1.0,0,0,0,0,0,0,512,0,0,512,0,0,244,0,0,268,0,0,512,1.0626776218414307,90.22322845458984,0,0
1278,A,78,0.004162779077887535,0.04362335428595543,nan,nan,512,0,0.004162779077887535,0.04362335428595543,all_rows,512,0,0.006266733631491661,0.0671875,-0.0009991081431508064,0.0009124295640503988,0.10284672799753025,ff8e6b3b23ebcb58cd4e508d424acb1b:0:0,f564b9cc1aa8842694a011b723b21ba0:0:0,127703dde4af8c54195c8dd1c51b4280:0:0,b20e74c9d827cdf7afdb753ce4e848a0:0:525585656,6afeb2d58095656d1a45bafc241db063:0:573916060,10,1.0,0,0,0,0,0,0,512,0,0,512,0,0,233,0,0,279,0,0,512,1.0552194118499756,89.91678619384766,0,0
1279,A,79,-0.012017274275422096,0.04840904846787453,nan,nan,512,0,-0.012017274275422096,0.04840904846787453,all_rows,512,0,0.004338250495493412,0.026171875,-0.0015819387044757605,0.0010293909901520238,0.10319121502107009,38fee7706e5a01a12a4ce581476e571b:0:0,a778d5d2eb6abeff444d3308081f8a9f:0:0,78d6f20f0533cac885422dced368e954:0:0,7a179d7e6c64881f1520a24fec29cca0:0:20255485,61d0d00383c8a334bf28c7bcc5070fa8:0:3484196062,10,1.0,0,0,0,0,0,0,512,0,0,512,0,0,259,0,0,253,0,0,512,1.0456156730651855,90.27588653564453,0,0
1280,A,80,0.005292198620736599,0.04722870886325836,nan,nan,512,0,0.005292198620736599,0.04722870886325836,all_rows,512,0,0.018715273588895798,0.13671875,-0.01070243672002107,0.0010682520951377228,0.10444349399767816,75b00d3c213efe602a1df1f087d1e31b:0:0,3ffb957701666e6b1d3be25904cc5fff:0:0,49e6e93125f2583dd004b2ff4313c449:0:0,e712c1efd0608ca091a780e8572b50a0:0:1520468931,e3d0163877f5a4171b81dc3ee5a90b53:1:1372194450,10,1.0,0,0,0,0,0,0,512,0,0,512,0,0,271,0,0,241,0,0,512,1.0539627075195312,89.27728271484375,0,0
1281,A,81,-0.010517746210098267,0.056900400668382645,nan,nan,512,0,-0.010517746210098267,0.056900400668382645,all_rows,512,0,0.006948351394385099,0.0734375,-0.0043081034440547224,0.0012959970947122202,0.10268038098001853,9f70f3ab85babd822fce76e703756f1b:0:0,aa5189aaad31c9bd3d5a25ea49f8fb06:0:0,ffe773cb0f8c59579a01992b04daa123:0:0,d3eb795c767687a19f43a70a25ecd4a0:0:2380621113,c22ee8c963eafe92e9904be8fd9cf49d:1:2736889462,10,1.0,0,0,0,0,0,0,512,0,0,512,0,0,268,0,0,244,0,0,512,1.035581111907959,89.3620376586914,0,0
1282,A,82,0.0006922743050381541,0.048247840255498886,nan,nan,512,0,0.0006922743050381541,0.048247840255498886,all_rows,512,0,0.01245327852666378,0.0728515625,-0.004387536528520286,0.001147081918315962,0.10579458600841463,08455238ad379329de4eb570ba58fb1b:0:0,23b343ac7de9a88aaba5a885183813de:0:0,92e172226d5fcdec0c229155129b4e28:0:0,24f785425b95c1da83646ab9586e58a0:0:3176385015,816f132fa1cad29d00d4d1cfcb2b457e:1:1793169379,10,1.0,0,0,0,0,0,0,512,0,0,512,0,0,271,0,0,241,0,0,512,1.021881341934204,89.07556915283203,0,0
1283,A,83,0.003313317196443677,0.03940665349364281,nan,nan,512,0,0.003313317196443677,0.03940665349364281,all_rows,512,0,0.00786365382373333,0.0642578125,-0.004095037374645472,0.0007674651395063847,0.10352468397468328,d9d0b2f27957f5bea4722e99ac7c871b:0:0,124c42cdd5e5ad87ea23c1079da251be:0:0,4d3b97d217015d3cc5bcbbbab421ca01:0:0,18d97799f9989390d314e1f9eeafdca0:0:3274651225,fbe0299a2cfc4eb1a4579314de1ee452:0:2128538171,10,1.0,0,0,0,0,0,0,512,0,0,512,0,0,254,0,0,258,0,0,512,1.0017460584640503,89.63980865478516,0,0
1284,A,84,-0.0017386919353157282,0.04938707500696182,nan,nan,512,0,-0.0017386919353157282,0.04938707500696182,all_rows,512,0,0.0009515711572021246,0.0376953125,-0.0007666516117751599,0.0012192661903100087,0.10291122604394332,ba8eefa02c65d33b48efa36dd9e0131b:0:0,392dadcce1e57d410493a55cba0fd6d3:0:0,57369a9352d207b66cafc00c14872ca0:0:0,aa799918296bab51f6fbe2cfe8b160a0:0:4126176946,69fbeadb4ac339d10197f256d0b50505:0:2643408154,10,1.0,0,0,0,0,0,0,512,0,0,512,0,0,256,0,0,256,0,0,512,0.9819996953010559,89.48463439941406,23,0
1285,A,85,-0.005401080008596182,0.04756078124046326,nan,nan,512,0,-0.005401080008596182,0.04756078124046326,all_rows,512,0,0.0037474832497537136,0.0740234375,-0.005104599380865693,0.0011360561125911771,0.10316820297157392,a1965172ce4f71bc766114f942839f1b:0:0,25036df4001fb64923731c20e6b37967:0:0,c7e674381cad101d3afcdd0c843f4087:0:0,ffa3584e640a286daf5c033f4672e4a0:0:2717824738,dc4fec083c2116bd6ec3591e44847fb6:0:426388721,10,1.0,0,0,0,0,0,0,512,0,0,512,0,0,239,0,0,273,0,0,512,0.9792869091033936,89.62362670898438,24,0
1286,A,86,0.002275947481393814,0.04705514758825302,nan,nan,512,0,0.002275947481393814,0.04705514758825302,all_rows,512,0,0.008829636499285698,0.066796875,-0.0036687927320599558,0.001105454214848578,0.1030916019808501,83028b09f23ddb4f4743c447e6672b1b:0:0,b8de8266f541b1fdffc80a0ddaec393b:0:0,df7e83ca76e9246fefd3d2ad3e6841b3:0:0,382cff8c915289309813994c07f468a0:0:2252505341,fef6148ea4bf77f7d31d01118b395079:0:1540762430,10,1.0,0,0,0,0,0,0,512,0,0,512,0,0,258,0,0,254,0,0,512,0.9689236283302307,90.43265533447266,36,0
1287,A,87,-0.004948738031089306,0.04636730998754501,nan,nan,512,0,-0.004948738031089306,0.04636730998754501,all_rows,512,0,0.004008771385997534,0.0326171875,0.0009856389835476876,0.001040737412404269,0.10297253500903025,ac4430c4a8d0d4ffd1f83265c58ab71b:0:0,3d7b23a7ec4fc4298074a5fef75a8992:0:0,574efddabb9951488e4c81b75daa3519:0:0,7cda687353b86cdeac9cbafa2d35eca0:0:4246405373,e14635f9dbd51de1c9cfc252ce87c6d1:0:2314709781,10,1.0,0,0,0,0,0,0,512,1,0,512,0,0,257,0,0,255,1,0,512,0.9774587154388428,91.4081039428711,22,0
1288,A,88,0.007041935808956623,0.04972391575574875,nan,nan,512,0,0.007041935808956623,0.04972391575574875,all_rows,512,0,0.001476397505030036,0.0107421875,-3.753616474568844e-05,0.0011778279149439186,0.10455134202493355,2ba64b8aab0c6127b4c2205edfee431b:0:0,cb36d14207c0eae28ffeae64b555fd09:0:0,8e344f00ec0131e200023029986f0b25:0:0,2f29e1317fd7296dcc0d3e4db63770a0:0:968647835,5bf4f5154bcdf578d5958a347df25ffe:1:4272560697,10,1.0,0,0,0,0,0,0,512,0,0,512,0,0,255,0,0,257,0,0,512,0.9862985610961914,90.80207824707031,21,0
1289,A,89,-0.007948359474539757,0.0484926737844944,nan,nan,512,0,-0.007948359474539757,0.0484926737844944,all_rows,512,0,0.0033146836794912815,0.0220703125,-0.000606721919029951,0.001145036524394527,0.10316078597679734,54ab266d0a03ccfca1c88f3f3591cf1b:0:0,82f36435166cec95fe2ed40c3e50e04c:0:0,bae3394db757f7e389bf8dfd5d70663e:0:0,d7ac78732ee935003d16b94aa2f8f4a0:0:3590966368,587bbedf11c019b915a92388d6b66b78:1:3653961015,10,1.0,0,0,0,0,0,0,512,1,0,512,0,0,269,0,0,243,1,0,512,0.9690477848052979,91.50650787353516,30,0
1290,A,90,0.003931215964257717,0.04818853735923767,nan,nan,512,0,0.003931215964257717,0.04818853735923767,all_rows,512,0,0.010060732252895832,0.0345703125,-0.005103496205992997,0.001161029835930094,0.10996360203716904,36aa87b0ef4e495eeb15c012c6755b1b:0:0,830d6c2d184300a2e0b2889499e3a7cf:0:0,54d90ef402dfcaca76065071cb932382:0:0,2b306a149b28631f320681f4f37a78a0:0:4022750650,c9230cc0d16bebb0ec38f2a98895b6fb:0:4288304767,10,1.0,0,0,0,0,0,0,512,0,0,512,0,0,264,0,0,248,0,0,512,0.9632588028907776,92.05441284179688,42,0
1291,A,91,0.001237337477505207,0.047047052532434464,nan,nan,512,0,0.001237337477505207,0.047047052532434464,all_rows,512,0,0.002799554727971554,0.0685546875,-0.0037992251105606555,0.0010818686336278916,0.10385506704915315,879e220a3a510ee80e9733e59298e71b:0:0,4d8e27b8910cf09895f5976294fbc78e:0:0,a67019e398414777ff06c7cc52fd81fe:0:0,7b9d6fb6b51af5b54cc5ae50a7bbfca0:0:1250174036,4f087cca1eee48312f8954160aedd823:0:1912753168,10,1.0,0,0,0,0,0,0,512,0,0,512,0,0,254,0,0,258,0,0,512,0.9446297287940979,93.2987060546875,49,0
1292,A,92,-0.0034685188438743353,0.04474400728940964,nan,nan,512,0,-0.0034685188438743353,0.04474400728940964,all_rows,512,0,0.006054935976862907,0.047265625,-0.0021481781266629698,0.0009844501415500416,0.1042873680125922,f58532ff066b0d39421dabc399fc731b:0:0,85120d66fa7526d00bb6f9fa3fc22a7d:0:0,42dc309bbe390abe12affd88ec959faf:0:0,6baf455f20d181c922d91461bfbd80a0:0:3674233426,c9cdbf4884f5dca1fa88cf1ac113b42e:1:1544851833,10,1.0,0,0,0,0,0,0,512,0,0,512,0,0,254,0,0,258,0,0,512,0.9252980351448059,94.23760223388672,69,0
1293,A,93,0.0007137801731005311,0.04855316877365112,nan,nan,512,0,0.0007137801731005311,0.04855316877365112,all_rows,512,0,0.005428337957710028,0.07421875,-0.0009174501523375511,0.001168195062200539,0.10349781002150849,e07df7a0660e2589ff5d28b8dc9fff1b:0:0,83687ab1c865d35854e63d1654c9baac:0:0,f294dccf426cad0f6e918389da28c165:0:0,087ac3590a19a7f7c1614a2c3b7f04a0:0:4064731741,fdf4f509e346b3719aabdafbb631b105:1:3468582884,10,1.0,0,0,0,0,0,0,512,0,0,512,0,0,283,0,0,229,0,0,512,0.9231302738189697,93.62155151367188,45,0
1294,A,94,-0.0055315326899290085,0.04215002804994583,nan,nan,512,0,-0.0055315326899290085,0.04215002804994583,all_rows,512,0,0.0029130796901881695,0.0220703125,-0.002178780594840646,0.0008876990963472053,0.10579414002131671,09e2e0f7ded1f0768fecebd15a838b1b:0:0,70054e7149a8cd6cbd1b3f486d77e59d:0:0,f71a3c6bcc4e98f9864dcd7c81045bf8:0:0,c49d8397fea9a0af311aa5b41b0088a0:0:2467427028,1bc9d64dad2c66beb39bdfcfccc49508:0:3668002854,10,1.0,0,0,0,0,0,0,512,0,0,512,0,0,236,0,0,276,0,0,512,0.9057573676109314,94.96944427490234,85,0
1295,A,95,0.007746546529233456,0.0497676320374012,nan,nan,512,0,0.007746546529233456,0.0497676320374012,all_rows,512,0,0.0037103956565260887,0.0453125,-0.0047037880402058365,0.0011908759974176065,0.10313699196558446,a4a23dbc728c0f0e9947761913a7171b:0:0,31cb33646d1b4a19046613ad50f5e00b:0:0,5d67eb4d9842803f59d06f81ef996d55:0:0,7adf21e9bd489c28fa5d3cfd5e420ca0:0:2351579682,11ebfb4c8fd59462e82d60bbd13c32bc:1:4020005311,10,1.0,0,0,0,0,0,0,512,0,0,512,0,0,269,0,0,243,0,0,512,0.924409806728363,94.50701141357422,67,0
1296,A,96,-0.001104647177271545,0.047392383217811584,nan,nan,512,0,-0.001104647177271545,0.047392383217811584,all_rows,512,0,0.006525827571749687,0.018359375,-0.0006722606718540192,0.0011168244120199234,0.10297367698512971,43e96715417a0723a8ca889c080aa31b:0:0,fabadc2f0aa2065aeaf863d7af74fdc3:0:0,04313b920b865d1fb9c39efc53b3ff36:0:0,dca5c34fa8f7f624a91ce60c054390a0:0:1917486939,951395aea47e497d1e0d18ba212fdc30:1:2754251946,10,1.0,0,0,0,0,0,0,512,0,0,512,0,0,265,0,0,247,0,0,512,0.9377531409263611,93.9267578125,50,0
1297,A,97,-0.004298096522688866,0.05093277618288994,nan,nan,512,0,-0.004298096522688866,0.05093277618288994,all_rows,512,0,0.0038704313337802887,0.03203125,0.00020846473053097724,0.0012428655521944166,0.10590435197809711,425862631188aad7bfb7246637ae2f1b:0:0,1fcb6affb70085ce83d4f0f8907b4908:0:0,835a2755e5276716050a7890d55063c7:0:0,c7adb1e44f213d6250e936e4100514a0:0:1132474258,0cc74d44835d051143d446cffbdf1e73:1:1239572849,10,1.0,0,0,0,0,0,0,512,0,0,512,0,0,284,0,0,228,0,0,512,0.9378499984741211,94.44004821777344,57,0
1298,A,98,0.004935626871883869,0.049869511276483536,nan,nan,512,0,0.004935626871883869,0.049869511276483536,all_rows,512,0,0.012932239100337029,0.084765625,-0.005945731850806624,0.001245536160422489,0.10400447697611526,40885a3d46c50b6bdf318a83a291bb1b:0:0,4eb2e4403a5dfb6ecc0f1f0d4350f37e:0:0,bfb257733f934ab83eac730482ce8bd7:0:0,31b57fbd2fcd0edd10ed85897e8698a0:0:1741821327,ab9b5a7b169da3bb6fbffe745fa978ad:0:64113974,10,1.0,0,0,0,0,0,0,512,0,0,512,0,0,252,0,0,260,0,0,512,0.9335917830467224,94.92803192138672,73,0
1299,A,99,0.0012384543661028147,0.042813949286937714,nan,nan,512,0,0.0012384543661028147,0.042813949286937714,all_rows,512,0,0.001680652261711657,0.026953125,-0.0045510171446949245,0.000898524554213509,0.10306313500041142,20fe4d021902f74e94413c0048b5471b:0:0,1a5873cfdec4d1a93534df6fed744aef:0:0,c3ca3111aa8b267eccb2ff28e7b126ac:0:0,ec054c44b6e6c4c597f0e80050c81ca0:0:2125760668,3d53e9d953e07701ffd3a8d3a2e6c96d:0:2094630144,10,1.0,0,0,0,0,0,0,512,0,0,512,0,0,239,0,0,273,0,0,512,0.956444263458252,92.50625610351562,57,0
1300,A,100,-0.001724841771647334,0.054240256547927856,nan,nan,512,0,-0.001724841771647334,0.054240256547927856,all_rows,512,0,0.010706118308007717,0.068359375,-0.006661650910973549,0.0014674017002107576,0.10519457695772871,4cebd78d12c5036a83d0f9e82a18d31b:0:0,c5c8b12c3ec01d3877707b495488c754:0:0,250cfc4d22bab79cc9b23f837acc721f:0:0,b7a074941590f93ca856344c86c9a0a0:0:113547978,128bbcf2f8faaedc964ae303c79169f6:1:2823558655,10,1.0,0,0,0,0,0,0,512,0,0,512,0,0,269,0,0,243,0,0,512,0.9694100022315979,92.06523895263672,39,0
1301,A,101,0.015565715730190277,0.056887317448854446,nan,nan,512,0,0.015565715730190277,0.056887317448854446,all_rows,512,0,0.004169360734522343,0.046484375,-0.0015279493876732887,0.0015425993013195693,0.10371791099896654,eba216da25721fb4f6aec54746bc5f1b:0:0,868bb985c35a5c5424ab008986d24806:0:0,c9d3a7405658e8039c2494b2e55fcf6d:0:0,414d28606a8edccd9c1c0072208b24a0:0:4167949649,0bb97fce8840d9f57b5a891e1679aaed:1:473497012,10,1.0,0,0,0,0,0,0,512,0,0,512,0,0,244,0,0,268,0,0,512,0.9702338576316833,93.17059326171875,72,0
1302,A,102,-0.008517144247889519,0.048356007784605026,nan,nan,512,0,-0.008517144247889519,0.048356007784605026,all_rows,512,0,0.003920039627701044,0.0912109375,-0.006212320411577821,0.0011511127406265587,0.10337866900954396,e9963b8edee4b6fc658bdf299e9feb1b:0:0,5a3ce809f35a9d20b78a938cb1a131e6:0:0,0f4daa415458cb62bebccf12a86d45cd:0:0,e62d121a68c660a8e8dca2751e0ca8a0:0:2027435963,6010cabee0c13a6ce0c3c87382155aa9:1:3563111808,10,1.0,0,0,0,0,0,0,512,0,0,512,0,0,266,0,0,246,0,0,512,0.9784373641014099,92.2254867553711,32,0
1303,A,103,0.0013886080123484135,0.046934887766838074,nan,nan,512,0,0.0013886080123484135,0.046934887766838074,all_rows,512,0,0.009420198388397694,0.073046875,-0.0049811640288680795,0.0010803782264702023,0.10314186598407105,0e8c96968c5f59f704fcc89b31c3771b:0:0,1af7747a84820950e68eec644536341b:0:0,dae25281a7ef473f6bdc460ac190621e:0:0,da2579eb6adf349ea3ce30597f4e2ca0:0:2905000022,5d2a22dff5cf0d3602607478118095c1:0:2670849726,10,1.0,0,0,0,0,0,0,512,0,0,512,0,0,255,0,0,257,0,0,512,0.9652303457260132,92.6306381225586,43,0
1304,A,104,0.004209546372294426,0.050353679805994034,nan,nan,512,0,0.004209546372294426,0.050353679805994034,all_rows,512,0,0.0050423224456608295,0.04609375,-0.003873624629341066,0.0012685669702477754,0.10325184202520177,d02d9e3156f2f591517942a80027031b:0:0,13fe67000e697205ba0cc47caee29907:0:0,be3a1cf01e32e9b30d990a3ce087bd62:0:0,b48c0846a30298d905c28023444fb0a0:0:1127168617,b8d762d04100db5ff1d27df739aff9e0:1:2090721980,10,1.0,0,0,0,0,0,0,512,0,0,512,1,0,277,0,0,235,0,0,512,0.9733148217201233,92.47478485107422,33,0
1305,A,105,0.001987232593819499,0.05186891555786133,nan,nan,512,0,0.001987232593819499,0.05186891555786133,all_rows,512,0,0.0019171806052327156,0.03828125,-0.0016368151642382144,0.0013183826173190027,0.10423375997925177,e230af09a562947c9b5c4e5c09ca8f1b:0:0,c98458eafa3efc815f5738ec71e45810:0:0,7bf5aa4ce58c5889d068018733729142:0:0,c9378dd0d5c00356ef2727d66d1134a0:0:713141812,4e6cbb67e52fc8a4462b2d0071f04e31:1:4040335624,10,1.0,0,0,0,0,0,0,512,0,0,512,0,0,278,0,0,234,0,0,512,0.9776721000671387,91.64834594726562,36,0
1306,A,106,-0.002161470241844654,0.04813498258590698,nan,nan,512,0,-0.002161470241844654,0.04813498258590698,all_rows,512,0,0.004619548562914133,0.0697265625,-0.0045270551927387714,0.0011591356829740106,0.10399725200841203,9aaa1d164f90abfd92e42cc34eae1b1b:0:0,b0dcef8e7f0e7620e2afc70ee55fc61a:0:0,863dd66d26338008a489ebbbdc4a72b3:0:0,4ff1fb6ccf1a99266c057d76f992b8a0:0:70304894,64d709f49bde25a1ec7f0d7f835d8da9:0:1104413764,10,1.0,0,0,0,0,0,0,512,0,0,512,0,0,258,0,0,254,0,0,512,0.9794091582298279,92.3652572631836,25,0
1307,A,107,-0.001208085217513144,0.045177098363637924,nan,nan,512,0,-0.001208085217513144,0.045177098363637924,all_rows,512,0,0.004249218851327896,0.0509765625,-0.0020275263581424952,0.0010148120753001421,0.1026717439526692,f32584436f81f3fad4325ee9ced1a71b:0:0,e753e8453632a08e96e61b08ce3881f8:0:0,f2644d2034f189703a4a1a7765e16add:0:0,7619fe4680c37b5f38029708e9d43ca0:0:1220165626,a67bf672b3359f6eed7e527189d8a2dc:0:27096734,10,1.0,0,0,0,0,0,0,512,0,0,512,0,0,247,0,0,265,0,0,512,0.9873659610748291,93.06110382080078,24,0
1308,A,108,0.0011245803907513618,0.04812689870595932,nan,nan,512,0,0.0011245803907513618,0.04812689870595932,all_rows,512,0,0.009664208628237247,0.052734375,-0.00301545700058341,0.00115181848523207,0.10274515597848222,194a310edc01ca4b734ba5db8a35331b:0:0,6a69fd8eab8880027aaf06afc0edba42:0:0,13fccb1fdf1b2d79a854a6d5955e56d9:0:0,51c780c27884e7dd425f4a903dd5c0a0:0:309842233,5e76d08a57a1a8b30a47ed3b3d41f56d:1:3233529000,10,1.0,0,0,0,0,0,0,512,0,0,512,0,0,260,0,0,252,0,0,512,0.9900413751602173,92.51355743408203,10,0
1309,A,109,-0.000878706166986376,0.046430133283138275,nan,nan,512,0,-0.000878706166986376,0.046430133283138275,all_rows,512,0,0.0018413226353004575,0.0828125,-0.005598255805671215,0.0010279042966431008,0.10264656797517091,ff15ed7898f42145881802a480d8bf1b:0:0,769db4438003c1c228344a6374567d91:0:0,3a9111ee64a97439606c37bb42bde882:0:0,8ebea2431de22dbb31f82e10f59744a0:0:2098113827,a0a9e20b6ecf53d0962af001124c6a12:0:175932217,10,1.0,0,0,0,0,0,0,512,0,0,512,0,0,245,0,0,267,0,0,512,0.9990294575691223,91.8397216796875,1,0
1310,A,110,-0.0004274725215509534,0.04847215488553047,nan,nan,512,0,-0.0004274725215509534,0.04847215488553047,all_rows,512,0,0.004990686196833849,0.0748046875,-0.007669736631214619,0.0011636572424322366,0.10257444897433743,06827edac960f98cba62b650b2bc4b1b:0:0,dd9c409ca2ef35b062198b92d3a0576a:0:0,5fba44a18ab11c87355b421be74ae0f6:0:0,d7a88cc0e5f0758ce945978f1118c8a0:0:1759149991,ad9ea989bb815a6be0e4e5c42c2b7478:0:2310206789,10,1.0,0,0,0,0,0,0,512,0,0,512,0,0,259,0,0,253,0,0,512,0.9964264035224915,91.70732879638672,7,0
1311,A,111,-0.003917014691978693,0.04517260938882828,nan,nan,512,0,-0.003917014691978693,0.04517260938882828,all_rows,512,0,0.005341791082173586,0.028515625,-0.003218793752603233,0.00100766989053227,0.1068000040249899,99ebad6fef456720cdda41ec1fdfd71b:0:0,8747c6ff4f419c94bfdbedee41c0ade3:0:0,6473c7daf90ad4c5b440a0ce56bc955f:0:0,b528e83e6c6c5d5a0a5b9d0e905a4ca0:0:2844254640,a9c3b0118773df1c08b96290fe572c54:1:2690533692,10,1.0,0,0,0,0,0,0,512,0,0,512,0,0,260,0,0,252,0,0,512,1.012711763381958,91.13986206054688,0,0
1312,A,112,0.0032467502169311047,0.05158989131450653,nan,nan,512,0,0.0032467502169311047,0.05158989131450653,all_rows,512,0,0.004987156018614769,0.0451171875,-0.0016855102963745593,0.0013225474860519171,0.10339063097489998,1d06c681853621ac2e106682c843631b:0:0,c1d3942cac7edd2c23592488e1348818:0:0,326d5caa08259772535143e5b48f297a:0:0,2439892d211068587aea1493735bd0a0:0:2083482062,155e02439b921a27ad6bc77bf0579830:0:3183586857,10,1.0,0,0,0,0,0,0,512,0,0,512,0,0,268,0,0,244,0,0,512,1.0257412195205688,90.33147430419922,0,0
1313,A,113,-0.00708847027271986,0.04809875786304474,nan,nan,512,0,-0.00708847027271986,0.04809875786304474,all_rows,512,0,0.003434873651713133,0.0572265625,-0.007381331617943942,0.0011344078578986228,0.10514460998820141,fcf12e6c3ddfa0127a7a2520abe6ef1b:0:0,2d31a45f5b37ec1915d52e90c7d7bc0e:0:0,076a645f5a6093e25bad2767d69fd979:0:0,c17c57e2f8304266e83c9421ba1d54a0:0:3284353581,b65ae9a9443f5e248e4045604e9af3f0:0:1716016429,10,1.0,0,0,0,0,0,0,512,0,0,512,0,0,260,0,0,252,0,0,512,1.012534260749817,90.61974334716797,0,0
1314,A,114,0.0005490549374371767,0.04985581338405609,nan,nan,512,0,0.0005490549374371767,0.04985581338405609,all_rows,512,0,0.01060345210134983,0.07109375,-0.004450813820585609,0.0012258327566087245,0.10212575295008719,9c09c7da756fbf3f126fbed1caca7b1b:0:0,803239d9ec4442d6e0c23eff5f62d90b:0:0,4db36dc140cb10971028510b3503dc5e:0:0,5bad544d4d9cd7474b3a71bd649ed8a0:0:138386498,728b2a412690c60e7ea3410d6d7889cf:1:3196386320,10,1.0,0,0,0,0,0,0,512,0,0,512,0,0,268,0,0,244,0,0,512,0.9925996661186218,92.0701675415039,4,0
1315,A,115,-0.0008349801646545529,0.04773375391960144,nan,nan,512,0,-0.0008349801646545529,0.04773375391960144,all_rows,512,0,0.0052457391284406185,0.0462890625,-0.0016798506956547498,0.0011356054135831072,0.10226364800473675,4330b1c8a0f4f433a12cb4a224ee071b:0:0,f21808bb543ac153d919191b39055aa5:0:0,c7b6fd158b2aeadff81127514f6ea367:0:0,4fcc0218e8d53d996c66c36a72e05ca0:0:2888246389,afc7895bc809c95e31e2ae028fdc3e16:0:3945331390,10,1.0,0,0,0,0,0,0,512,0,0,512,0,0,257,0,0,255,0,0,512,0.9939437508583069,91.70983123779297,4,0
1316,A,116,0.006431490182876587,0.047033123672008514,nan,nan,512,0,0.006431490182876587,0.047033123672008514,all_rows,512,0,0.008214727975428104,0.0390625,-0.0037133941892534494,0.0010970241273753345,0.10270982299698517,00ea261ac7bf0956a9cfc79dba51931b:0:0,99d6d011f20bb918331b351ac1dc1586:0:0,52266e1606f463bde1cd5375bcbdcd06:0:0,81b47692d188759567e05f2ce4e1e0a0:0:896111925,f8b16bd30a95035a275668083186187f:1:2140933996,10,1.0,0,0,0,0,0,0,512,0,0,512,0,0,248,0,0,264,0,0,512,0.9869935512542725,92.85311126708984,9,0
1317,A,117,-0.0048369150608778,0.05266409367322922,nan,nan,512,0,-0.0048369150608778,0.05266409367322922,all_rows,512,0,0.002656045835465193,0.033984375,0.00017719161696732043,0.0013857611163984984,0.10236229799920693,4afc16bd52cd6702135af8d08af51f1b:0:0,6300f94abfda6d9013e63f1acb320519:0:0,109a65bd375105ecbad9c155dbddcd94:0:0,5774b291636bfb863161db08baa364a0:0:1157182256,c0c5398c3a969b459c255d8ae794dd0b:0:1678171394,10,1.0,0,0,0,0,0,0,512,0,0,512,0,0,268,0,0,244,0,0,512,0.9791165590286255,92.73468780517578,33,0
1318,A,118,-0.0009525854839012027,0.04523220285773277,nan,nan,512,0,-0.0009525854839012027,0.04523220285773277,all_rows,512,0,0.01004489790648222,0.0384765625,-0.002787331468425691,0.001005336080561392,0.10326186200836673,2bb2877ebe56e751b4b3894696d8ab1b:0:0,73c4b4694f7ac5f3812da985e6677082:0:0,63fb95197b9d8af5730f45d69c78d4a8:0:0,1872e7c0d06b2e0418418d01f424e8a0:0:2415971755,875adedaef291fcc0ab5138799273da3:0:3137802551,10,1.0,0,0,0,0,0,0,512,0,0,512,0,0,245,0,0,267,0,0,512,0.9905005693435669,92.24374389648438,11,0
1319,A,119,0.0010979757644236088,0.04148704931139946,nan,nan,512,0,0.0010979757644236088,0.04148704931139946,all_rows,512,0,0.00643573421984911,0.0197265625,-0.0004383571445941925,0.0008640460117021575,0.10256972402567044,9c448f02f9773531e0a1fa0bddfc371b:0:0,1129c39332d76d40a6e94438daf128e5:0:0,9db1deb5a8cb2a1cc4b085c6429b307a:0:0,b734c1ba003387ef4b718b1c91666ca0:0:1429506735,af603224c189f5da04b8fab866b69e0f:0:328525805,10,1.0,0,0,0,0,0,0,512,0,0,512,0,0,235,0,0,277,0,0,512,0.9932827949523926,92.00216674804688,12,0
1320,A,120,0.0010262539144605398,0.049076639115810394,nan,nan,512,0,0.0010262539144605398,0.049076639115810394,all_rows,512,0,0.006046162452548742,0.0646484375,-0.004324879171326757,0.0011858281504828483,0.10472368699265644,451b6164800db6adf1d20c2c605fc31b:0:0,56ac7f965bc66d288a1be8743e9fdc28:0:0,ea092706e466eced9f42493dc45f5f73:0:0,a106c8567c21ae2a5d7fab5c9267f0a0:0:183387742,6260013ea743ce3459e6b0753dcf3061:1:2365478203,10,1.0,0,0,0,0,0,0,512,0,0,512,0,0,250,0,0,262,0,0,512,1.007328987121582,90.8740005493164,0,0
1321,A,121,-0.01645045541226864,0.04812685027718544,nan,nan,512,0,-0.01645045541226864,0.04812685027718544,all_rows,512,0,0.01753883808851242,0.1111328125,-0.008631130657158792,0.0010089260380482302,0.10647559002973139,0e3dcb4a7ada027ed6d2c0b41e034f1b:0:0,4da8534cba9997166854851ec4b7eb44:0:0,41ab08073e5250b2559858267bf19046:0:0,f5a571bfd6935114c89583c5f72974a0:0:3917976529,d5f8aff3485d253b5199f068a523a1a8:1:184344427,10,1.0,0,0,0,0,0,0,512,0,0,512,0,0,239,0,0,273,0,0,512,1.020100712776184,89.833984375,0,0
1322,A,122,0.006262385752052069,0.04249121993780136,nan,nan,512,0,0.006262385752052069,0.04249121993780136,all_rows,512,0,0.014038478024303913,0.085546875,-0.006020613084547222,0.0008961763058323413,0.10572982102166861,911d146e71e1e0d99e1658af16e6db1b:0:0,00e904ed513871a28be515d941557a65:0:0,3d63b301e4db845c3bfcfaaa1292b60a:0:0,c61f7fc4bca1e1c572786a5cbfaaf8a0:0:2328625541,735e40002d0c1838342ac7ef0c03161e:1:284222052,10,1.0,0,0,0,0,0,0,512,0,0,512,0,0,237,0,0,275,0,0,512,1.0032176971435547,91.16947174072266,0,0
1323,A,123,-0.0015837507089599967,0.04549076035618782,nan,nan,512,0,-0.0015837507089599967,0.04549076035618782,all_rows,512,0,0.016880469396710396,0.0943359375,-0.007361825369298458,0.001034259275184013,0.10301702801370993,74b45cbf5d2cd77e01f255294b0a671b:0:0,67a9d3017da89da326b16bc5378119f0:0:0,4ec2bdec322068fae18d3a663bb87a72:0:0,f132cd09a14a1b0530897524ebec7ca0:0:465273556,3a35c5c561c81bce18ec837f69af8591:1:2038205285,10,1.0,0,0,0,0,0,0,512,0,0,512,0,0,241,0,0,271,0,0,512,0.9856525659561157,92.44778442382812,4,0
1324,A,124,0.0003892388194799423,0.05432536080479622,nan,nan,512,0,0.0003892388194799423,0.05432536080479622,all_rows,512,0,0.005081213545054197,0.0521484375,-0.005480755772441626,0.0014477209479082376,0.10251296497881413,e0992f831fe14104f49f772eba6df31b:0:0,4e298dec56c840e868612472d90e99fb:0:0,b52729af956850e0faa68dd31ed0c8bd:0:0,2821bbb6b1045e094bc57a227bee00a0:0:2857957680,3370a140b6bfcdd4852ea096b5ef88b6:1:1445684704,10,1.0,0,0,0,0,0,0,512,0,0,512,0,0,264,0,0,248,0,0,512,0.9681140184402466,95.15794372558594,27,0
1325,A,125,0.0004010479897260666,0.04300864413380623,nan,nan,512,0,0.0004010479897260666,0.04300864413380623,all_rows,512,0,0.004657369572669268,0.068359375,-0.00023203385062515737,0.0009188584983348847,0.10368724900763482,5e833c0ab9ceef6f2c39bfcb65117f1b:0:0,8c0ecf934c18294d07965c02983901b3:0:0,a9797c1e584cc880a56b4fa9dafc97f0:0:0,dd3008507cd1e2ee04c50f596faf84a0:0:3926790694,a98a9e15a23429684871634ba9fb04a2:1:1468199883,10,1.0,0,0,0,0,0,0,512,0,0,512,0,0,257,0,0,255,0,0,512,0.9837833046913147,94.09175109863281,28,0
1326,A,126,0.003623131662607193,0.048178862780332565,nan,nan,512,0,0.003623131662607193,0.048178862780332565,all_rows,512,0,0.012612481601536274,0.0658203125,-0.002781940717250109,0.0011513635166920722,0.10246349999215454,8f31e3c0bb7359f3aec0700b4af50b1b:0:0,9d062a384d51f0442ef7ba6c629ec199:0:0,89f712e499fd4a0c232500271a7db4d0:0:0,9859d8748bc2bcf117bc8acdc73108a0:0:3845377745,cca2dc8f6da138ebe1b7ee4abe7deaa4:0:2790832763,10,1.0,0,0,0,0,0,0,512,0,0,512,0,0,241,0,0,271,0,0,512,0.9868451952934265,93.26597595214844,25,0
1327,A,127,-0.0026123267598450184,0.05020800232887268,nan,nan,512,0,-0.0026123267598450184,0.05020800232887268,all_rows,512,0,0.004750261548906565,0.0509765625,-0.008095514494925737,0.0012553233420476318,0.1023927410133183,e2b0998cc883560e5e1608fa6c18971b:0:0,eb0869e2e7445d227cbf87847cd856d4:0:0,5ebb90fd1224b7c3b78a8f967129a6a7:0:0,b32f763ec1f8b26c407c028382728ca0:0:1272199331,303e6f0fb449e332c4ecc763d01988ed:0:3187625258,10,1.0,0,0,0,0,0,0,512,0,0,512,0,0,251,0,0,261,0,0,512,0.95576012134552,95.39203643798828,46,0
1328,A,128,-0.003131287870928645,0.05329534783959389,nan,nan,512,0,-0.003131287870928645,0.05329534783959389,all_rows,512,0,0.003090426791459322,0.0580078125,-0.0037280348595231773,0.0013751398859312759,0.10839782102266327,e80ee6ba35065bce84004ba4c87c231b:0:0,32c1d1fc3d7627d1103d35d4b2c70507:0:0,24dc77a63e21d09318c0fd5b9ab4e746:0:0,0dcb46284c2ae88fbe6f4c7ea17410a0:0:4134830410,b7889a19fa6aeb66be17adeccc36fcfd:0:3215569632,10,1.0,0,0,0,0,0,0,512,0,0,512,0,0,270,0,0,242,0,0,512,0.9698989987373352,94.48312377929688,33,0
1329,A,129,0.002185686957091093,0.052159033715724945,nan,nan,512,0,0.002185686957091093,0.052159033715724945,all_rows,512,0,0.012842051684856415,0.1400390625,-0.013613871671259404,0.0013499322638381272,0.10636663099285215,a0ee4dc3090f55655e283916601faf1b:0:0,c03dd0469c79afd09143e8bac65faa5a:0:0,529545c69b0f792d49c6201539ba3e7c:0:0,3056263c7eae62dcd89dfec3243594a0:0:1741589693,e86be2ada3f31b9ddc395490a8d11cb7:0:346918722,10,1.0,0,0,0,0,0,0,512,0,0,512,0,0,263,0,0,249,0,0,512,0.9769042134284973,93.81048583984375,42,0
1330,A,130,0.007630520965903997,0.0480995737016201,nan,nan,512,0,0.007630520965903997,0.0480995737016201,all_rows,512,0,0.00135612313169986,0.03203125,-0.0025921336375176905,0.00115592954098247,0.10242960503092036,6d0f3393f71ef9f4aa1a125b33033b1b:0:0,b27d185296c822a06c8bc36f7659c319:0:0,5f10416de2db4d235bff2167fd299b04:0:0,c2408a8bd707566061ab6f550ab718a0:0:3856588208,8d5883bc26eb55524f390c28d949f65b:1:2683589729,10,1.0,0,0,0,0,0,0,512,0,0,512,0,0,254,0,0,258,0,0,512,0.9474687576293945,95.98967742919922,47,0
1331,A,131,-0.0008710303227417171,0.04534154012799263,nan,nan,512,0,-0.0008710303227417171,0.04534154012799263,all_rows,512,0,0.0024088583886623383,0.0587890625,-7.487765979021787e-05,0.0010209020430920646,0.10326987801818177,74867411113bb39d3145587f4126c71b:0:0,fa63737c7edc969194120c13f3a11927:0:0,02c189740a817942e0e0db052f0de34d:0:0,8dfc53d10f0750ad3bd6b43854f89ca0:0:729807233,7784484e05cc87c58ecbce487f13bebf:1:3606694871,10,1.0,0,0,0,0,0,0,512,0,0,512,0,0,257,0,0,255,0,0,512,0.934887707233429,96.22013854980469,56,0
1332,A,132,0.0002711743873078376,0.044735852628946304,nan,nan,512,0,0.0002711743873078376,0.044735852628946304,all_rows,512,0,0.012594514526426792,0.0904296875,-0.008462797827087342,0.0009990109829232097,0.10338236502138898,cfbf4ed648cb10cd54fccc8e8a8a531b:0:0,b5cd8a2230d44b24d7e937a90129a2b0:0:0,c6ece2faf9f4a6d873fe8356af73c7bb:0:0,b15c8a47f07c3296dcfaa37102fa20a0:0:2473535585,8e46556c3a14449ef82d4bfa54966bde:0:3452978664,10,1.0,0,0,0,0,0,0,512,0,0,512,0,0,247,0,0,265,0,0,512,0.937234103679657,95.35597229003906,69,0
1333,A,133,-0.0025007976219058037,0.04357007145881653,nan,nan,512,0,-0.0025007976219058037,0.04357007145881653,all_rows,512,0,0.005179968662559986,0.046484375,-0.00058466293849051,0.0009300016405177303,0.10264731897041202,e620ed620538c0cf9a766f950f2ddf1b:0:0,8a5d18d718b56365276920b6d86b4148:0:0,6937570f4fb215bc45c764c824ec20e2:0:0,638cd7c15873feabd28dd30314bba4a0:0:3361344433,dabd14c778aab459640ada652455f978:0:3745155443,10,1.0,0,0,0,0,0,0,512,0,0,512,0,0,251,0,0,261,0,0,512,0.9180294275283813,96.89493560791016,85,0
1334,A,134,-0.0018962249159812927,0.04466947540640831,nan,nan,512,0,-0.0018962249159812927,0.04466947540640831,all_rows,512,0,0.011256970465183258,0.0802734375,-0.00900808209553361,0.0009715597465401515,0.10327703796792775,725be40b5d771b9936cb829ecf116b1b:0:0,87a3f0156c4a2f3854db712608a680e0:0:0,d3003ff857364c9c9d0e8371c22cd2d9:0:0,2592d10b99197b7045a298f28a3d28a0:0:3895466020,d90eca8db6177fd0ad12b12fefdbf850:0:1911458151,10,1.0,0,0,0,0,0,0,512,0,0,512,0,0,265,0,0,247,0,0,512,0.9045509696006775,97.83452606201172,82,0
1335,A,135,0.0028030690737068653,0.05120028927922249,nan,nan,512,0,0.0028030690737068653,0.05120028927922249,all_rows,512,0,0.0036174608394503593,0.022265625,-0.0015844821464270353,0.0013043850747635588,0.10302600800059736,294abb58c06534d89af886b7ca34f71b:0:0,1dc616a9e073df76094e95b81642bdec:0:0,e18de6b768b61e624ca9b5c232bda569:0:0,853ed7d2292da9587ee70b43637eaca0:0:2770961148,73c7e2edef53a422805c2e0e67bbe114:0:2391036783,10,1.0,0,0,0,0,0,0,512,0,0,512,0,0,261,0,0,251,0,0,512,0.9127844572067261,97.47731018066406,76,0
1336,A,136,0.0021797465160489082,0.05607783421874046,nan,nan,512,0,0.0021797465160489082,0.05607783421874046,all_rows,512,0,0.0031796484254300594,0.05546875,-0.0025164528284221887,0.001528191362740472,0.11056091805221513,0130c77f18267a43ffdd3cec0098831b:0:0,9ce21a1e6e429689de36083ba6c68b95:0:0,e6c79b1767127079b681e88db65317b4:0:0,18199b2350220c836aa4fff9a08030a0:0:2378888595,e4231b98adb5e592a15c22f1c12d0b0b:1:3214718134,10,1.0,0,0,0,0,0,0,512,0,0,512,0,0,271,0,0,241,0,0,512,0.897548258304596,98.68032836914062,84,0
1337,A,137,-0.006939131300896406,0.04690044745802879,nan,nan,512,0,-0.006939131300896406,0.04690044745802879,all_rows,512,0,0.009721832349896431,0.0814453125,-0.006164668221026659,0.0010711623297538608,0.1034864000394009,663c5804b477dd27f23ca647723c0f1b:0:0,6385a7572daa464ed12866413e1c1577:0:0,648e1379082fbf60f5dc413b8dc1bbe6:0:0,3ff5fdd63dd7ca351cc20d194141b4a0:0:4247406191,5e73f8eaa33e6c5324b4752e5ebee094:1:18452213,10,1.0,0,0,0,0,0,0,512,0,0,512,0,0,259,0,0,253,0,0,512,0.8898798823356628,98.74686431884766,85,0
1338,A,138,0.005225939676165581,0.04670465737581253,nan,nan,512,0,0.005225939676165581,0.04670465737581253,all_rows,512,0,0.001459232298657298,0.0392578125,-0.0003381183836609125,0.0010591554397251456,0.10344769404036924,21c499b6880e8735debd03d61f1f9b1b:0:0,63fcf7831b57a7b15a9a99e66a492faf:0:0,0d0cb006134b89b25ecb878e3bd9db35:0:0,e91d6f17bd079a1154bf88a645c338a0:0:1757015166,78809d5af609c06785e4561d8d66b21e:0:3988638183,10,1.0,0,0,0,0,0,0,512,0,0,512,0,0,250,0,0,262,0,0,512,0.8646390438079834,101.1927490234375,93,0
1339,A,139,0.002352955052629113,0.05320969596505165,nan,nan,512,0,0.002352955052629113,0.05320969596505165,all_rows,512,0,0.008945784531533718,0.0615234375,-0.0011015195865184068,0.0014030737947905436,0.10271530802128837,37086151850c1a929de7d6a40743271b:0:0,e9d3aeb2228c746aef005b74b57343d1:0:0,193dedc3ffe5a650a3c33cfa6df54d7a:0:0,064e8a6f6f568b1601ba88a4ae04bca0:0:66716005,c3e3a78ae2158e76d62f5648e7a06e8a:0:4056024501,10,1.0,0,0,0,0,0,0,512,0,0,512,0,0,265,0,0,247,0,0,512,0.8521031737327576,100.88348388671875,71,0
1340,A,140,-0.0034698662348091602,0.04244523495435715,nan,nan,512,0,-0.0034698662348091602,0.04244523495435715,all_rows,512,0,0.006279740482568741,0.050390625,-0.0006896903272718191,0.0008821771654766053,0.10390316497068852,55797d7524947d250029dfbd2aa6b31b:0:0,6a6ddda94f463a877d9c9922887312aa:0:0,5bff0fe823adad0d7b68d71289a3b7dc:0:0,5cbb219b421b9c55c66be3187a0640a0:0:1002040117,09d2942235e35fa8a15db1c4e8e8078c:0:706988409,10,1.0,0,0,0,0,0,0,512,0,0,512,0,0,245,0,0,267,0,0,512,0.8570787906646729,99.91314697265625,88,0
1341,A,141,0.03065899759531021,0.07907205820083618,nan,nan,512,0,0.03065899759531021,0.07907205820083618,all_rows,512,0,0.017982685938477516,0.10703125,-0.0056212907657027245,0.0016401043423684314,0.10243187798187137,992022a765912f2459d3202d894a3f1b:0:0,013520979a2255f5dbb247d5aa8cabcb:0:0,ec93ca985c4bd05286de5338968b8c71:0:0,7d9ba3aa8ada29727d282e05a9c7c4a0:0:1178327972,ddcbe36e578cb5b8b4f5874b1e1aee3a:1:2093501075,10,1.0,0,0,0,0,0,0,512,0,0,512,0,0,258,0,0,254,0,0,512,0.8692378997802734,99.4128189086914,84,0
1342,A,142,-0.003551958594471216,0.044441115111112595,nan,nan,512,0,-0.003551958594471216,0.044441115111112595,all_rows,512,0,0.007043325807899237,0.1162109375,-0.012942142272368073,0.0010056198487291112,0.10252384899649769,009b8465ceae2ce70f16d901232dcb1b:0:0,382d74055f4d615f0a32dae280f88cdb:0:0,0852a81f1b5b1e553ea960791d7abb92:0:0,d78a29cdfa752ad7bbdfbf703d4948a0:0:2897604153,9385f4f3f14084a6da1e371bc540ff54:0:2202011583,10,1.0,0,0,0,0,0,0,512,0,0,512,0,0,262,0,0,250,0,0,512,0.901542603969574,97.29086303710938,70,0
1343,A,143,0.0002476381487213075,0.04232458397746086,nan,nan,512,0,0.0002476381487213075,0.04232458397746086,all_rows,512,0,0.010505186393857002,0.080078125,-0.00371969323605299,0.0008850666112266481,0.10547856899211183,20f7ba723f9c5bf1200b8b43f851571b:0:0,135c29e7871846ee56d5de31ed01a9b1:0:0,47d196a3d67bf5c938e532f6582e94ef:0:0,db674b5d561f49b5581ead5c348acca0:0:3885499786,d4e70bd3c0db59439e42ba0032036a2d:1:764321686,10,1.0,0,0,0,0,0,0,512,0,0,512,0,0,241,0,0,271,0,0,512,0.8848080635070801,98.9803237915039,64,0
1344,A,144,0.0019856076687574387,0.04797188565135002,nan,nan,512,0,0.0019856076687574387,0.04797188565135002,all_rows,512,0,0.011474085971713066,0.098046875,-0.014477862976491451,0.001148186036152765,0.10314811102580279,0d3da9bd9da58342b4aaf80208b4e31b:0:0,3c0a9ba0fb1aa3c00a5fd5eccba2e588:0:0,907eabb438b8185165df72f92a063762:0:0,8ace379fa50bc7b9eb0ccdcd8f8c50a0:0:2325865926,f35e931ff11bfd4fce11b91cb98ba261:1:3572670516,10,1.0,0,0,0,0,0,0,512,1,0,512,0,0,272,0,0,240,1,0,512,0.8652804493904114,100.34566497802734,71,0
1345,A,145,0.002283725654706359,0.04685908555984497,nan,nan,512,0,0.002283725654706359,0.04685908555984497,all_rows,512,0,0.006675112061202526,0.0439453125,-0.002061423705890775,0.0011003988416632637,0.10303378000389785,fd87cc85a79dcee6a8d2204754586f1b:0:0,dcf8c90dbf8d42f3b69fdb3cdf0bf009:0:0,f18b9bd614456212f69e04c630b6df59:0:0,acd474ee41e43a8d556db6c84e4dd4a0:0:1153561917,a4988798d7a6f0d3f6758fc17b0a658f:1:752244298,10,1.0,0,0,0,0,0,0,512,0,0,512,0,0,257,0,0,255,0,0,512,0.8453748822212219,101.59695434570312,91,0
1346,A,146,-0.006453828886151314,0.051667530089616776,nan,nan,512,0,-0.006453828886151314,0.051667530089616776,all_rows,512,0,0.0028627701103687286,0.102734375,-0.0009369319770485163,0.0012889869569335133,0.10324056597892195,dac6656e7d3edec11841451fdb3bfb1b:0:0,0f1345522f2b072351844cfe446cf815:0:0,35cd2cd2762ace5c2c730886c4739ce7:0:0,9cbc09d6ff071b0b43a0be5070cf58a0:0:220172423,1a9627f97308091e5e812387afdc3684:1:1762679825,10,1.0,0,0,0,0,0,0,512,0,0,512,0,0,272,0,0,240,0,0,512,0.8452932238578796,101.36687469482422,88,0
1347,A,147,-0.0007411810220219195,0.0464567169547081,nan,nan,512,0,-0.0007411810220219195,0.0464567169547081,all_rows,512,0,0.0033842052798718214,0.034765625,-0.0014635259518399834,0.0010360080224927515,0.10240859497571364,4c76e593a5f8609dea9be7979d5f871b:0:0,474fa3b3421c29fea07b8d1ea6989698:0:0,febfc511918e81e87a654dd12eb42bf8:0:0,711cbded4c93283db1a0fa69f710dca0:0:3091155420,ab00af4a6050e23afce580cd4c6a696f:1:3788181154,10,1.0,0,0,0,0,0,0,512,0,0,512,0,0,245,0,0,267,0,0,512,0.8531662821769714,101.80159759521484,116,0
1348,A,148,0.0012364068534225225,0.046937502920627594,nan,nan,512,0,0.0012364068534225225,0.046937502920627594,all_rows,512,0,0.005294148810207844,0.051953125,-0.003885920299217105,0.0011026013613445683,0.10256939299870282,17a515bfa342357f5f68c8ba9ac3131b:0:0,4f8557961aa801d132e8fa6cbb398d96:0:0,6cbf111f772798d3327fa0a99f42ba66:0:0,5c9a8d060f439e176f054118e11260a0:0:2751295079,de4c6f4d566494490246f082977e8c1d:0:356491138,10,1.0,0,0,0,0,0,0,512,0,0,512,0,0,250,0,0,262,0,0,512,0.8592355251312256,101.84125518798828,101,0
1349,A,149,-0.005856933072209358,0.04580133780837059,nan,nan,512,0,-0.005856933072209358,0.04580133780837059,all_rows,512,0,0.003838155884295702,0.0365234375,-0.005964043200947344,0.001033027601079084,0.10378844098886475,65d8e72c5a7c222c9a11e994d3669f1b:0:0,fb1d0f61d5f42523f1e26768ff5eb94a:0:0,5f72eca7943251a0133367b25b20528f:0:0,e74458a597213feea30028612ed3e4a0:0:574120540,128176248ed01e19a459b95b6060ebf6:0:4218260727,10,1.0,0,0,0,0,0,0,512,0,0,512,0,0,272,0,0,240,0,0,512,0.8708274364471436,101.41763305664062,91,0
1350,A,150,0.0002242731861770153,0.04086550325155258,nan,nan,512,0,0.0002242731861770153,0.04086550325155258,all_rows,512,0,0.004296646919101477,0.0466796875,0.0012133149430155754,0.0008115581906167791,0.10427775100106373,c259b061e2670b002de48b32474a2b1b:0:0,b0fd8bb8fe5fddb9d218b96e71d40218:0:0,17cbb0ede83f5b43f99301a2c91bb999:0:0,3cee5872e50c36b750600646e05568a0:0:3157186844,31cde6bc5751a33665535ac2894c74ed:0:2109032939,10,1.0,0,0,0,0,0,0,512,0,0,512,0,0,241,0,0,271,0,0,512,0.8695083260536194,101.5644760131836,105,0
1351,A,151,-0.003307811450213194,0.050363533198833466,nan,nan,512,0,-0.003307811450213194,0.050363533198833466,all_rows,512,0,0.005926642566919327,0.053515625,-0.0019184204749763012,0.0012625264178495854,0.10536697501083836,1faf06fc8043baf6aa112e9ef66db71b:0:0,2ad2b68f0942ae6c0dd71fbeb405889d:0:0,6f58c770ed2da4ff3eecf0a55fa9d058:0:0,8d07c38f2e22c2fdd98ef0cdf596eca0:0:1534494155,57e9eeaf1377547c1f41d46783db66c9:1:1637198405,10,1.0,0,0,0,0,0,0,512,0,0,512,0,0,264,0,0,248,0,0,512,0.8705655336380005,101.24400329589844,103,0
1352,A,152,0.0031494165305048227,0.0464404858648777,nan,nan,512,0,0.0031494165305048227,0.0464404858648777,all_rows,512,0,0.0005258435849100351,0.074609375,-0.003162645362317562,0.0010762245656223968,0.10377580800559372,e1c05f55e0a335fd25ab94e6e0d1431b:0:0,c490c89d3f8ef01d2cf1549f5cae41d1:0:0,3f08f59f537a0b127abd01d3a5d89803:0:0,9f4aa9bc4c08c2a18492bdfa6e9870a0:0:2353340772,6bae2a3e5a8e5647a1c3c43e819e1647:0:3289382962,10,1.0,0,0,0,0,0,0,512,0,0,512,0,0,249,0,0,263,0,0,512,0.8627724647521973,101.6041488647461,107,0
1353,A,153,-0.0004061424406245351,0.04833005368709564,nan,nan,512,0,-0.0004061424406245351,0.04833005368709564,all_rows,512,0,0.005330114625394344,0.041796875,-0.003782991087064147,0.0011338086158502847,0.10327318700728938,95a71f40d7f4967fcbaabf160674cf1b:0:0,723d95977cb2d7eee36acc1d8b19e52c:0:0,5a1b044c7a013fca4bb35eaa9344456f:0:0,91f7f44889140a4eff0d03d04b59f4a0:0:2351226862,edca8dee82ab76724168bb481ef0c341:0:2487669971,10,1.0,0,0,0,0,0,0,512,0,0,512,0,0,242,0,0,270,0,0,512,0.8761193752288818,100.77518463134766,110,0
1354,A,154,0.0003258471842855215,0.050620030611753464,nan,nan,512,0,0.0003258471842855215,0.050620030611753464,all_rows,512,0,0.0030816965736448765,0.0583984375,-0.005388581450097263,0.0012671730568399654,0.10257793398341164,8a72e13a36dc763866e8ee3867585b1b:0:0,f5faeb5936fec8071aada153a6470ac0:0:0,35e6eec2f9b96064d8c95971301bd10d:0:0,75d80bc1f76192bae23b18538bdb78a0:0:3856093396,115e7c14aa4fe8d5f16e97f88b0a4a8d:0:2382565054,10,1.0,0,0,0,0,0,0,512,0,0,512,0,0,267,0,0,245,0,0,512,0.8706530332565308,101.77389526367188,116,0
1355,A,155,-0.005490717012435198,0.044318657368421555,nan,nan,512,0,-0.005490717012435198,0.044318657368421555,all_rows,512,0,0.008010351099073887,0.0869140625,-0.004747044015675783,0.0009693138563307002,0.10206410696264356,c10541a47e61e23cee23a35a037be71b:0:0,221ca68ac4c3d312ca34d8f73302a517:0:0,457855f032a788a967c5e489b7ea9a48:0:0,6db2a87f41d7799c36f61188301cfca0:0:963684235,9a3df7f67b5881d93b62c44b85dad39e:0:4160358729,10,1.0,0,0,0,0,0,0,512,0,0,512,0,0,250,0,0,262,0,0,512,0.8665684461593628,102.15055084228516,108,0
1356,A,156,0.0010936984326690435,0.048061925917863846,nan,nan,512,0,0.0010936984326690435,0.048061925917863846,all_rows,512,0,0.006369491573423147,0.034375,-0.0006715123075991869,0.0011427591525716707,0.10230396699625999,8009b7d77ffcda4e0ffb9f86dadf731b:0:0,25364fa5cd3248dba32b9fa59db7dd27:0:0,fe026e1d06b26263a7fe3dfeb7627edb:0:0,5e1de117a617d666f9b2c572381e80a0:0:313363791,47fb8d0105f326ccba7c15355436e75b:0:3771465411,10,1.0,0,0,0,0,0,0,512,1,0,512,0,0,256,0,0,256,1,0,512,0.8470582365989685,103.9941177368164,117,0
1357,A,157,-0.004104674328118563,0.042958300560712814,nan,nan,512,0,-0.004104674328118563,0.042958300560712814,all_rows,512,0,0.003850313602015376,0.051171875,-0.0031298504676669837,0.0008829113328829407,0.10385076503735036,1f26b10035925b65bef4e3caed82ff1b:0:0,497d0a59714fe8ce176dc19cc058f7ea:0:0,93740fc0d150b4681d34265582ca9b31:0:0,5b259aef866862c69e81ca15a3e004a0:0:563714838,1f6f5cb5988ad1bbd886aec7a94ae7f4:0:2677003236,10,1.0,0,0,0,0,0,0,512,0,0,512,0,0,247,0,0,265,0,0,512,0.8344699740409851,105.80413055419922,136,0
1358,A,158,-0.002819221466779709,0.044959232211112976,nan,nan,512,0,-0.002819221466779709,0.044959232211112976,all_rows,512,0,0.0077163660898804665,0.0548828125,-0.0019461854826658964,0.001008000914589502,0.1023477169801481,2d1763005d69f585bd76b1323b668b1b:0:0,288c44ceb1920e2e3981f582470d2242:0:0,15bfe294ea06ffb793b5d1812eb42027:0:0,1f21160ac292f6d8950f7576736188a0:0:4044643526,3f1aef7fec68184bcb1f440c812e184d:0:911371,10,1.0,0,0,0,0,0,0,512,0,0,512,0,0,265,0,0,247,0,0,512,0.8310657739639282,106.167236328125,112,0
1359,A,159,0.0053935786709189415,0.04399950057268143,nan,nan,512,0,0.0053935786709189415,0.04399950057268143,all_rows,512,0,0.005421933718025684,0.04140625,-0.0027331375516951085,0.000945624228916131,0.1053225839859806,caa999b0a628ecc629cb88c8c48a171b:0:0,a05a43aafb3d54319b5ea2857bbdb7aa:0:0,a4ee52a60d7f950bb7edaf317d468753:0:0,34d46661c6c2d926cca3dd98a6a30ca0:0:2889335741,3105537ae100eeccfc4fc7f986f45135:1:4288468137,10,1.0,0,0,0,0,0,0,512,0,0,512,0,0,269,0,0,243,0,0,512,0.8297379612922668,107.37004852294922,117,0
1360,A,160,-0.0020225413609296083,0.051884643733501434,nan,nan,512,0,-0.0020225413609296083,0.051884643733501434,all_rows,512,0,0.0053140874952077866,0.0193359375,-0.002865222655236721,0.0013397092348895966,0.10362811601953581,cbe0191b76dee5a40a212b9a88eda31b:0:0,c551d5e3032ee37f88c099f0fb2c5723:0:0,a7085c3d82555d116a9659bdd1dc27d0:0:0,62774a01ff62e2623822d8803da490a0:0:3329409626,a4a1b9891021ff6219a2227f804ecc30:1:4215814041,10,1.0,0,0,0,0,0,0,512,1,0,512,0,0,286,0,0,226,1,0,512,0.8378636240959167,107.95329284667969,106,0
1361,A,161,0.029696760699152946,0.06450143456459045,nan,nan,512,0,0.029696760699152946,0.06450143456459045,all_rows,512,0,0.002123155165463686,0.052734375,-0.0007235614117234946,0.0016247945080976934,0.10247769998386502,c3f913799f301c8fd8889ab388912f1b:0:0,b448820f1670f52381b866b86fda7ea0:0:0,4f57082fb2eb4170839b8c20ca4d9fa4:0:0,8f29ec4e210074dd520bfc31386614a0:0:3811363855,dc247d485a4f6dce93268ab362b9a5f9:1:99612273,10,1.0,0,0,0,0,0,0,512,0,0,512,0,0,268,0,0,244,0,0,512,0.8350614309310913,108.0898666381836,112,0
1362,A,162,0.005547611974179745,0.05129842460155487,nan,nan,512,0,0.005547611974179745,0.05129842460155487,all_rows,512,0,0.008659232407808304,0.0466796875,-0.003959895391017198,0.0012398060818668455,0.10233073198469356,6c10a1ed7ba928bc0ef6171fc374bb1b:0:0,84aedf6efe683cd1149437e96e77c19f:0:0,20340ed66c4fbe30f0aba0fef8755707:0:0,1482cbbe733747c6a07a9eaf96e798a0:0:900186792,a306725a95b0dacf158c85d9f70128f7:1:2204283378,10,1.0,0,0,0,0,0,0,512,0,0,512,1,0,253,0,0,259,0,0,512,0.8226505517959595,108.65644073486328,115,0
1363,A,163,0.0022289715707302094,0.04644438251852989,nan,nan,512,0,0.0022289715707302094,0.04644438251852989,all_rows,512,0,0.007602885365486145,0.0689453125,-0.003944919747300446,0.0010632291960064322,0.10255396098364145,b1c92b2c5a484a2bb34121eb3998471b:0:0,e3bc8cfadd314ae6eb3899f966c62a4b:0:0,482f0d416842da2d5f9e4a9eca76c1d1:0:0,75f7208d0daa06233925d5ff59291ca0:0:2753090586,bc9642b46b751d265e54d7a1c68a0aa8:1:707484670,10,1.0,0,0,0,0,0,0,512,0,0,512,0,0,244,0,0,268,0,0,512,0.8244184851646423,109.51580047607422,114,0
1364,A,164,0.004668636247515678,0.04723214730620384,nan,nan,512,0,0.004668636247515678,0.04723214730620384,all_rows,512,0,0.0069371978752315044,0.0599609375,-0.004767879168502987,0.0010909209522651508,0.10264401702443138,070f2b792b484300e3247c21eafbd31b:0:0,2d978cb5b78e209622272ce9289e65e5:0:0,351edf7e6717826449a00bd4d9a97030:0:0,13a8cfc5b60bc189456078247f2aa0a0:0:2506918782,33ec08ebbd4c67a57a357d1834da161f:1:463773079,10,1.0,0,0,0,0,0,0,512,0,0,512,0,0,251,0,0,261,0,0,512,0.8265272378921509,109.61419677734375,119,0
1365,A,165,0.002899246523156762,0.05267314240336418,nan,nan,512,0,0.002899246523156762,0.05267314240336418,all_rows,512,0,0.005821986123919487,0.060546875,-0.0024503688211552797,0.001366519130533561,0.10373043600702658,20f2e586ca38bc0b603e26cfd79f5f1b:0:0,f8c35ab93f244dd4878674cfbe41d21b:0:0,2bc197b7f099e2670c30d32b463ab604:0:0,e162273cce3e389a86191b2308ec24a0:0:2067537862,43961e0f2f00d42fcb3e9cd699e45949:0:2372307112,10,1.0,0,0,0,0,0,0,512,0,0,512,0,0,255,0,0,257,0,0,512,0.8422025442123413,108.1360855102539,113,0
1366,A,166,-0.0032740221358835697,0.04516343027353287,nan,nan,512,0,-0.0032740221358835697,0.04516343027353287,all_rows,512,0,0.008330879732966423,0.04609375,-0.0018611487001180648,0.0010151001915801316,0.10488851298578084,0cf1240b6b7034971c0f6300ff82eb1b:0:0,02624600e85b4e46a3f3bd6e33d44505:0:0,30170b4115222a06e974bfda28eb1818:0:0,b8f853fc8188f13ed7da14fef66da8a0:0:470409109,45094ef889ae38eb60873db08fda5925:0:820449991,10,1.0,0,0,0,0,0,0,512,0,0,512,0,0,255,0,0,257,0,0,512,0.8658150434494019,106.8581314086914,109,0
1367,A,167,0.0023436415940523148,0.048957325518131256,nan,nan,512,0,0.0023436415940523148,0.048957325518131256,all_rows,512,0,0.00352283101528883,0.071484375,-0.0030256796162575483,0.0011670240404782818,0.10629456298192963,3d1c6001f9e37d7ac3fcb1c162a6771b:0:0,6558c89419cd42d9ac80ed977d43865e:0:0,53441a6250d0a4ac46727bbbec080d8e:0:0,ccb1bdc31fed269eb6c97bbc47af2ca0:0:416279304,ab841759ebd93a0f12127e93c7bc8f0d:1:1921718637,10,1.0,0,0,0,0,0,0,512,0,0,512,1,0,264,0,0,248,0,0,512,0.8853463530540466,106.5181884765625,92,0
1368,A,168,0.0008290684781968594,0.04982453212141991,nan,nan,512,0,0.0008290684781968594,0.04982453212141991,all_rows,512,0,0.026367779821157455,0.0939453125,-0.003323488915339112,0.0012245133839314803,0.10270023095654324,bfa957c9716ebf664d4dd41d010a031b:0:0,7b197e3418c4b8165280b13f3912f443:0:0,238b1e812693bacbdace52403abeb411:0:0,4e652f39569a8addc2a9255efcb0b0a0:0:1196405145,9090a553da6df7725f928910b71a1b1d:0:920092358,10,1.0,0,0,0,0,0,0,512,0,0,512,2,0,267,0,0,245,0,0,512,0.8850498795509338,105.651611328125,105,0
1369,A,169,0.0005584143218584359,0.04567959904670715,nan,nan,512,0,0.0005584143218584359,0.04567959904670715,all_rows,512,0,0.002718302421271801,0.0587890625,-5.170297808945179e-05,0.0010197069525020197,0.102465501986444,20ad6785819c0c71812dcb1fdaad8f1b:0:0,b1fc4b0beb1888a6a78b3214cac2d872:0:0,4a0cbd33c1e5b1486c38753d304cd94e:0:0,d691f392b488dc9542d6a7eb157234a0:0:983813391,b0a68dd69ceca387118fef0752e69d07:0:756867235,10,1.0,0,0,0,0,0,0,512,0,0,512,0,0,256,0,0,256,0,0,512,0.9058496952056885,103.34252166748047,88,0
1370,A,170,-0.0005167874041944742,0.04637684300541878,nan,nan,512,0,-0.0005167874041944742,0.04637684300541878,all_rows,512,0,0.003935935441404581,0.0244140625,-0.00022848513908684253,0.001070212820195593,0.10232768399873748,50a1c35704f37cea88aad7d5ef911b1b:0:0,9bf5fa977997d2a0daf23eefa8745a14:0:0,e68d22e194188a4a45bc69c73d28f250:0:0,b76fd756aa3a500eaa4b596491f3b8a0:0:1905385039,6f4649b9e2b576ac58b7a54741bdf70f:1:1628451942,10,1.0,0,0,0,0,0,0,512,0,0,512,0,0,254,0,0,258,0,0,512,0.9222002625465393,102.24076080322266,89,0
1371,A,171,-0.0028469967655837536,0.04539039731025696,nan,nan,512,0,-0.0028469967655837536,0.04539039731025696,all_rows,512,0,0.01785803772509098,0.1189453125,-0.003907083347439766,0.0010182659607380629,0.10297833499498665,32bd103618e0d76478b67b4b3fb4a71b:0:0,9157f337b0cedb5d4f909c304a79339a:0:0,d742eb39668307bba12e5eae14a872b4:0:0,76a8431bf3aacc3e1b9c4fcf72353ca0:0:218072307,6c8bd83214f422db7d751da51459522a:1:363732514,10,1.0,0,0,0,0,0,0,512,0,0,512,0,0,253,0,0,259,0,0,512,0.9214329719543457,101.93096923828125,67,0
1372,A,172,-4.9472320824861526e-05,0.04594660550355911,nan,nan,512,0,-4.9472320824861526e-05,0.04594660550355911,all_rows,512,0,0.00244562653824687,0.047265625,-0.005621175793930888,0.0010309233155567199,0.1020894930115901,06acc06ae23ac405de25768bcb18331b:0:0,fa17d86a8dab47761748f5ab2836e030:0:0,5c60310db77215bcded465d7085d5504:0:0,68cf740c1b6ffb7cecfa612fb636c0a0:0:1448015649,e35029bbe87cc40507eeba4aa2f7c621:0:3197366602,10,1.0,0,0,0,0,0,0,512,0,0,512,0,0,240,0,0,272,0,0,512,0.9005221128463745,101.77552795410156,69,0
1373,A,173,0.002062831772491336,0.0451199933886528,nan,nan,512,0,0.002062831772491336,0.0451199933886528,all_rows,512,0,0.007026947569102049,0.0568359375,-0.00433466574177146,0.0009849366615526378,0.10316080501070246,94e90cd54a778b1749afcaa391bbbf1b:0:0,e7ebd920f5790308f0e5cd3db21da019:0:0,529dcfce778284e5a9f73683dfe810e7:0:0,1f8e2710860e30042c3223895df844a0:0:1214740489,a2476f6514c61670152e2b423b2efda7:0:657451243,10,1.0,0,0,0,0,0,0,512,0,0,512,0,0,256,0,0,256,0,0,512,0.8857257962226868,101.8131332397461,89,0
1374,A,174,0.003028786275535822,0.051554787904024124,nan,nan,512,0,0.003028786275535822,0.051554787904024124,all_rows,512,0,0.006628802046179771,0.048828125,-0.005086397659033537,0.0012864534219261259,0.10377291002077982,b7096467419b5ed1dbf0b89e939f4b1b:0:0,10cfe2844ecaa01031b0a6784ae5ec8c:0:0,bbaa46bcb7198588ed85149c77e7fab0:0:0,4a78e09634861c2722abece06979c8a0:0:4112636468,2634bf28eb82644afa313bb77f4dc3ba:1:4167959234,10,1.0,0,0,0,0,0,0,512,0,0,512,0,0,259,0,0,253,0,0,512,0.8712091445922852,102.23435974121094,86,0
1375,A,175,-0.0017893895274028182,0.04732184484601021,nan,nan,512,0,-0.0017893895274028182,0.04732184484601021,all_rows,512,0,0.00270034559071064,0.0625,-0.004263715399429202,0.0010970331786666065,0.10669752198737115,6163b76850ec306dd166c188d0c2d71b:0:0,7f0118275943eb3a9edb655917c432da:0:0,34cef669fa49c738e365b4ea837c706d:0:0,169253e12d1f5e4dd96bd338d8bb4ca0:0:1853869062,ab7d47bb796e362d310fbee9c4b1a8be:1:1420785639,10,1.0,0,0,0,0,0,0,512,0,0,512,0,0,270,0,0,242,0,0,512,0.8599132895469666,103.5251693725586,74,0
1376,A,176,-0.0011183740571141243,0.04621551185846329,nan,nan,512,0,-0.0011183740571141243,0.04621551185846329,all_rows,512,0,0.009085841476917267,0.0375,-0.004073785943910479,0.0010673500190023332,0.10367109900107607,941f1c4c8a7710710e73a66e4926631b:0:0,237601730fd7dcec818d9097fb0a80bb:0:0,6502cdd702a54e88912a2bfbac24cfdb:0:0,452a49f43973e0af9d11ac96abbcd0a0:0:2550656029,8030d803e7b3c72844fa86a73782aab7:0:3492900255,10,1.0,0,0,0,0,0,0,512,0,0,512,0,0,257,0,0,255,0,0,512,0.8623887300491333,103.50426483154297,92,0
1377,A,177,0.0016476751770824194,0.0479687862098217,nan,nan,512,0,0.0016476751770824194,0.0479687862098217,all_rows,512,0,0.009651139378547668,0.1228515625,-0.007358441432006657,0.0011508520867209882,0.10330996295670047,6af9f01c21731a3dab5c685afcc9ef1b:0:0,17b225d377fd0091f0a793b503ace8a5:0:0,810bff8e9ddeab269176996704af1630:0:0,63f1c91d68c00ccd81d90efde27e54a0:0:3193466338,da0648de56bd56c2e219480d8bb2cd45:0:2080591732,10,1.0,0,0,0,0,0,0,512,0,0,512,0,0,260,0,0,252,0,0,512,0.8639588952064514,103.78182220458984,93,0
1378,A,178,-9.500718442723155e-05,0.04919836297631264,nan,nan,512,0,-9.500718442723155e-05,0.04919836297631264,all_rows,512,0,0.011505408212542534,0.0748046875,-0.006775140250101686,0.0011818044149549678,0.10311588598415256,bf94c49c378deae08049485aebad7b1b:0:0,4f1622fd1414a31f415ca199bf408d07:0:0,1e67bb702a1821be969f42d8681c9fba:0:0,09782343857bd2ace79950727cffd8a0:0:1001938124,eba37168feb1e08df7527addf3c29a48:1:1011019075,10,1.0,0,0,0,0,0,0,512,0,0,512,0,0,247,0,0,265,0,0,512,0.8766801357269287,103.45941162109375,98,0
1379,A,179,0.006995343137532473,0.05035189166665077,nan,nan,512,0,0.006995343137532473,0.05035189166665077,all_rows,512,0,0.001728326897136867,0.019140625,-0.0003800826147198677,0.00125501086586155,0.10237226501340047,555e2a9cab2da31fb145c77a15d1071b:0:0,663a22e41659d4b3eeb4bb8da1d3fd65:0:0,b5a7968b7446989dee5b1e6f96ee9c1c:0:0,fe92fa1c6d4083d1fdc586f87b415ca0:0:112130504,251cec0989c9531522e82cead6fac897:0:3238263392,10,1.0,0,0,0,0,0,0,512,0,0,512,0,0,257,0,0,255,0,0,512,0.8955811262130737,101.85617065429688,93,0
1380,A,180,-0.004855979233980179,0.052087828516960144,nan,nan,512,0,-0.004855979233980179,0.052087828516960144,all_rows,512,0,0.002005076501518488,0.0181640625,-0.0009975721361115575,0.0013221632922068237,0.10445237997919321,2b7faf01f2b474c93a40a6c47b34931b:0:0,4ba8d261f71911704df78fe9f0262c38:0:0,247268254b28711ecd0a3c20e5fcf61f:0:0,1235357ff9ff81fa476c8893dd42e0a0:0:2773851102,23ca42a939416873cb7114f8408adc3b:0:1223211862,10,1.0,0,0,0,0,0,0,512,0,0,512,0,0,259,0,0,253,0,0,512,0.8904223442077637,102.1575698852539,102,0
1381,A,181,-0.026423722505569458,0.06677347421646118,nan,nan,512,0,-0.026423722505569458,0.06677347421646118,all_rows,512,0,0.005171308293938637,0.0349609375,-0.004527018312364817,0.0015291485411580651,0.10275858698878437,33aa355550d1bb417b0be7461bd81f1b:0:0,bced248943ea2f22bf698d1e9387ab8c:0:0,892baf067e565691ffe9a8eb8b857455:0:0,3dae5916eb8dc1971f38eb48a30464a0:0:1248740653,add07e2860d8a4c74ef1fa19874e669b:0:2252141272,10,1.0,0,0,0,0,0,0,512,0,0,512,0,0,255,0,0,257,0,0,512,0.9106301665306091,101.33966827392578,98,0
1382,A,182,-0.009038909338414669,0.05201992765069008,nan,nan,512,0,-0.009038909338414669,0.05201992765069008,all_rows,512,0,0.002590879565104842,0.036328125,-0.002162220189347863,0.001304182654712349,0.10609506099717692,27973ad8edec9f51c35cca0af7bbab1b:0:0,1b379eb6727c2566d2bfd92dfe9e6103:0:0,7a089f054d2150a4de7b1c19213eaf46:0:0,fef49bb1008820083b71051acc85e8a0:0:2332769623,fe7b9ca405b93e84e77883d5d71d2c23:0:839270115,10,1.0,0,0,0,0,0,0,512,0,0,512,0,0,260,0,0,252,0,0,512,0.9124587178230286,100.03965759277344,95,0
1383,A,183,-0.00278449896723032,0.0538383387029171,nan,nan,512,0,-0.00278449896723032,0.0538383387029171,all_rows,512,0,0.003590988228097558,0.0943359375,-0.0050658658146858215,0.0014530990913044662,0.10621072497451678,65c57950a2b44636decbd01f0edf371b:0:0,885a7ce20a67d871d327452ed6f4eb2d:0:0,99b7d8ee6a4ddb96db89786cd8599850:0:0,a9389b992d948d9631f6ec0e59c76ca0:0:3856471288,bce2f6f6201f6271c070f48a687935e9:0:83398860,10,1.0,0,0,0,0,0,0,512,0,0,512,0,0,267,0,0,245,0,0,512,0.9198070168495178,99.84112548828125,89,0
1384,A,184,0.0028645675629377365,0.04537012428045273,nan,nan,512,0,0.0028645675629377365,0.04537012428045273,all_rows,512,0,0.006061474792659283,0.041796875,-0.006064577773213386,0.0010078616556711494,0.10470357199665159,7ba1d8e37fe18befa0d4ba8e6142c31b:0:0,05c206d8bfdce404b8fe29fef2eef373:0:0,f49d680ee1cf47a87a0051236b490d5d:0:0,2551884aa2040b2cfc4876274ac8f0a0:0:3329002751,527a6cc4c43efae66223d6010a9be828:0:1361896197,10,1.0,0,0,0,0,0,0,512,0,0,512,0,0,263,0,0,249,0,0,512,0.9246543645858765,99.09049987792969,58,0
1385,A,185,0.0019312622025609016,0.047229863703250885,nan,nan,512,0,0.0019312622025609016,0.047229863703250885,all_rows,512,0,0.0020454779732972383,0.0087890625,-0.0011021893937140704,0.0011066887935157865,0.10343141702469438,2b31a4ad5f3648cb70d68a64eee64f1b:0:0,10f9c379093fe5f0cc53e920d669f935:0:0,26898e69730ad7c170bd75dcd3b41394:0:0,77541af508d97bd67b7f39699f8a74a0:0:3130555312,d5656eeccbb3b03167aa2993b8a6e70d:1:2050751384,10,1.0,0,0,0,0,0,0,512,0,0,512,0,0,254,0,0,258,0,0,512,0.9201527833938599,98.78104400634766,82,0
1386,A,186,-0.004834908060729504,0.04678948223590851,nan,nan,512,0,-0.004834908060729504,0.04678948223590851,all_rows,512,0,0.003602603916078806,0.0326171875,-0.005259470688179136,0.0010603431437630206,0.10368628002470359,27b085cb09c62238d61380aeb7c9db1b:0:0,085bc75c96df37b1c3ca454755ffdf04:0:0,379a15765691c9313dbc0ec7adee6035:0:0,a09dbc4a353949f4fc508bd9580bf8a0:0:2473407153,709d8f3f76704f0bf0c67699f62548ba:0:89160472,10,1.0,0,0,0,0,0,0,512,0,0,512,0,0,252,0,0,260,0,0,512,0.9049463272094727,98.3956298828125,85,0
1387,A,187,-0.0054605514742434025,0.043308526277542114,nan,nan,512,0,-0.0054605514742434025,0.043308526277542114,all_rows,512,0,0.008979509584605694,0.0763671875,-0.005846234783530235,0.0009333949885331095,0.10354522202396765,52abe4debf94e6d403b11e77bbed671b:0:0,88ae9e617d7290bcc3f8362a66f9eed7:0:0,b339c4efcc9d3eec01f47b2324f5e396:0:0,6187bf1b2945e03dbb0d837a744d7ca0:0:144481754,67419627897e06705856cda523d34ea1:1:1453615263,10,1.0,0,0,0,0,0,0,512,0,0,512,0,0,261,0,0,251,0,0,512,0.9131450057029724,97.90026092529297,62,0
1388,A,188,0.0015272327000275254,0.05286682769656181,nan,nan,512,0,0.0015272327000275254,0.05286682769656181,all_rows,512,0,0.0036690859124064445,0.03828125,-0.001056518405675888,0.0013155242369975895,0.10314890398876742,cd35fa3e2c9675b564b824cbfb50f31b:0:0,b600a80be294823bb1bb9c247498575b:0:0,3687291d4f8abeb90a831e33f9b141a7:0:0,3794a456266cf67367a2f650f44f00a0:0:3063579058,517bd0882cf547bf864e345f7fae2682:0:3054755187,10,1.0,0,0,0,0,0,0,512,0,0,512,0,0,244,0,0,268,0,0,512,0.92875075340271,97.1231460571289,60,0
1389,A,189,-0.0013868333771824837,0.04662606865167618,nan,nan,512,0,-0.0013868333771824837,0.04662606865167618,all_rows,512,0,0.008099844679236412,0.0681640625,-0.00469086782541126,0.0010655050515197217,0.10241026000585407,9215092e171c3100281494b775f47f1b:0:0,56aa3b983180796f659bda37f23d4799:0:0,62244f5c60ba6e7ad45ea442037bf1b5:0:0,fffaee033629b1e0a9997a60d81084a0:0:2898733255,772e8dbfe6b2c8dacf0740c83912e0a0:0:4244718549,10,1.0,0,0,0,0,0,0,512,0,0,512,0,0,256,0,0,256,0,0,512,0.9108390808105469,97.76766204833984,58,0
1390,A,190,-0.0007714172825217247,0.04705936834216118,nan,nan,512,0,-0.0007714172825217247,0.04705936834216118,all_rows,512,0,0.0032851442229002714,0.0296875,-0.0037334938533604145,0.0011009988695150242,0.1074571389472112,619702c353bbfbb0cc95af462bd80b1b:0:0,646b0fa11106e8afb4668c7d67ebcff9:0:0,25798290f4270bfd14a5d6f5e30d7c77:0:0,26b61be85a3f9992a41565ae1f9208a0:0:2571194815,7c2ceea9a13a12555cffcfeaefb75faf:1:2635766772,10,1.0,0,0,0,0,0,0,512,0,0,512,0,0,260,0,0,252,0,0,512,0.873572587966919,99.30386352539062,68,0
1391,A,191,-0.002060624770820141,0.04949715733528137,nan,nan,512,0,-0.002060624770820141,0.04949715733528137,all_rows,512,0,0.0034213904291391373,0.043359375,-0.0029145756270736456,0.0012196760944789276,0.10335765301715583,692f1933cabcc2abacedf5841cfb971b:0:0,4a8b8801df7f638e6179aa12ffd92a8f:0:0,914cf195c5d634e3e3ac398f7d11b910:0:0,837f058a53725e5379d6ce3ccad38ca0:0:2577519347,028175db88c3db9f53eeb02fb93d6203:0:1366279668,10,1.0,0,0,0,0,0,0,512,0,0,512,0,0,262,0,0,250,0,0,512,0.8662425875663757,99.62657928466797,65,0
1392,A,192,0.0017787961987778544,0.04668465629220009,nan,nan,512,0,0.0017787961987778544,0.04668465629220009,all_rows,512,0,0.0065229833126068115,0.088671875,-0.005251284292899072,0.0010771606408525257,0.10280763800255954,1b79a4959b14910b8bb3287d495f231b:0:0,8e0650237a0adf790e54fa850743689f:0:0,ffcdac1b6543ce2a8a5ba1f0f61d5d1d:0:0,3bf8e24aadbe7664d1398a10d9d510a0:0:2601757445,edba9b013d7ab2ec6d246af89d10ea2b:1:333332276,10,1.0,0,0,0,0,0,0,512,0,0,512,0,0,254,0,0,258,0,0,512,0.8734837770462036,100.12110900878906,70,0
1393,A,193,-0.005129836965352297,0.04820350930094719,nan,nan,512,0,-0.005129836965352297,0.04820350930094719,all_rows,512,0,0.0006840029964223504,0.01171875,-0.001381880883127451,0.001114154836977832,0.10260227200342342,fbf31e3da7042fb01f5e493db102af1b:0:0,df278e8a3ccca6c5abd59618356f012e:0:0,cb8d2a86def10e48287c85e3a73362d0:0:0,78bff16f81168cfa58352f2e4c9694a0:0:905994600,9b0921bf7dae9bb8d73424c39b32c0d1:0:4086985069,10,1.0,0,0,0,0,0,0,512,0,0,512,0,0,257,0,0,255,0,0,512,0.883598804473877,98.766357421875,62,0
1394,A,194,0.001706827199086547,0.04715554788708687,nan,nan,512,0,0.001706827199086547,0.04715554788708687,all_rows,512,0,0.0013044625520706177,0.047265625,-0.002987767709419131,0.0010892149381106719,0.10262936702929437,8fd8e822165c500c9e4b98d153e63b1b:0:0,2a54bd08de07602bc38125986e1a2887:0:0,a1b4397414affb358c4fedb82b4d69dd:0:0,b599d8ed15a9c574485d1399231818a0:0:1537324430,fb294c0673f9cea390cbda5aab971aee:0:2945079667,10,1.0,0,0,0,0,0,0,512,0,0,512,1,0,260,0,0,252,0,0,512,0.8868897557258606,98.60868835449219,65,0
1395,A,195,0.000409636995755136,0.046675339341163635,nan,nan,512,0,0.000409636995755136,0.046675339341163635,all_rows,512,0,0.0030232553835958242,0.0279296875,-0.003430449147708714,0.0010697084828279913,0.10595493303844705,0e8e11d89a7842364aba98443209c71b:0:0,8685de2c9abeb99a5f6ea6bb87473cee:0:0,59963b3418d7cc4b2071d3d00dde297f:0:0,378e7ad55ab6d259eae04d555d599ca0:0:2010049393,c6d6a5c83f8fce1aec6c4a03c1b58a08:0:2011561757,10,1.0,0,0,0,0,0,0,512,0,0,512,0,0,271,0,0,241,0,0,512,0.8759567737579346,98.64015197753906,62,0
1396,A,196,-0.0018318688962608576,0.04496696963906288,nan,nan,512,0,-0.0018318688962608576,0.04496696963906288,all_rows,512,0,0.004129725508391857,0.0177734375,-0.002600638894364238,0.0010042421898106113,0.10352930502267554,aabb54fb7ffa3632fece08a24b6d531b:0:0,a402f1667b718c66ef9120ad6ae420f4:0:0,45fa89dcac4f3575eef1c16b8bbe3d4e:0:0,01ea2e5cdeefe0141c89b266fb5b20a0:0:493067322,a392933fe5035a6ca49829db1e0fbc74:0:3841658086,10,1.0,0,0,0,0,0,0,512,0,0,512,0,0,240,0,0,272,0,0,512,0.8759670257568359,97.89390563964844,83,0
1397,A,197,-0.001410251366905868,0.05300794541835785,nan,nan,512,0,-0.001410251366905868,0.05300794541835785,all_rows,512,0,0.019029293209314346,0.1162109375,-0.007988012535497547,0.0013871299277525395,0.10434936499223113,3d7816f3da550887b88beaf7a010df1b:0:0,fe92cac5c80a43fe657b6669ed4e01a5:0:0,00da28412e32ed7d22a9dcd340ee7617:0:0,c0d7fa70b9735367d1bfd8d1fd1ca4a0:0:580994159,eb8dfa88370e5caff4a5d5f92f85caf5:1:3389774918,10,1.0,0,0,0,0,0,0,512,0,0,512,0,0,267,0,0,245,0,0,512,0.8853791952133179,96.83724212646484,53,0
1398,A,198,-0.0001578241353854537,0.05005453899502754,nan,nan,512,0,-0.0001578241353854537,0.05005453899502754,all_rows,512,0,0.0042123328894376755,0.0431640625,-0.002685510041192174,0.0012520868593128398,0.10655802499968559,995a5e5a552f9a0725dd80502ff46b1b:0:0,700af4f77b7ecb1360e2d7e4f93f2405:0:0,5d863dd38e47f0fc68508dc88746b6f9:0:0,d123a4e4925d5bb09a85169a629e28a0:0:1797779212,d6823dc6f25cf4c0ed05b4876bc506b3:0:1011485900,10,1.0,0,0,0,0,0,0,512,0,0,512,0,0,262,0,0,250,0,0,512,0.8888429999351501,97.02594757080078,66,0
1399,A,199,-0.00479117501527071,0.048476576805114746,nan,nan,512,0,-0.00479117501527071,0.048476576805114746,all_rows,512,0,0.0052376557141542435,0.0482421875,-0.004327186662703752,0.0011662592267384752,0.10420985298696905,af95565377adb2e0308f49b7fb17f71b:0:0,cd681b7ae172433ef61e490a55cf5217:0:0,bac6345bf9413d8509bdf94a0329b4ba:0:0,1488224bb9f658db267781c42bdfaca0:0:3650616604,7d5894c0c0a14111c44af794ba112fa3:0:4116766053,10,1.0,0,0,0,0,0,0,512,0,0,512,0,0,248,0,0,264,0,0,512,0.8858742117881775,96.91040802001953,53,0
1400,A,200,-0.0003477799764368683,0.05245225504040718,nan,nan,512,0,-0.0003477799764368683,0.05245225504040718,all_rows,512,0,0.003770547453314066,0.0119140625,-0.0006813706597313285,0.0013720437447773293,0.10880082898074761,d891327f65aa70ec8a51083b017b831b:0:0,64367bba1cb78f26a8be4d18a1d75fe4:0:0,aff851e60ffae5260f1b125810d5167d:0:0,e4772f9bfd82151fc8d0f05358e130a0:0:1408230482,fb44e6a4de2019dc4bba97f33c093f17:0:3287926111,10,1.0,0,0,0,0,0,0,512,0,0,512,0,0,249,0,0,263,0,0,512,0.9052982330322266,95.52352905273438,63,0
1401,A,201,-0.0069832224398851395,0.057145699858665466,nan,nan,512,0,-0.0069832224398851395,0.057145699858665466,all_rows,512,0,0.003987586125731468,0.0271484375,-0.0024122690781950952,0.0015409085026476532,0.10365870699752122,d6e40a486af0413f38b5bce5431f0f1b:0:0,4f7da6c8d31cff80feb54e8f985755fb:0:0,4cfaa3df122fe646767bae313848e9a4:0:0,76429fc4a8b3d27cfc66f84be9a2b4a0:0:143341284,b3bb82493e28aa592bbbe621097ce881:1:1183020356,10,1.0,0,0,0,0,0,0,512,0,0,512,0,0,248,0,0,264,0,0,512,0.9039528369903564,96.04466247558594,54,0
1402,A,202,-0.002434150781482458,0.05304153636097908,nan,nan,512,0,-0.002434150781482458,0.05304153636097908,all_rows,512,0,0.0027131589595228434,0.0486328125,-0.0033197313081473113,0.0013769380340818316,0.10324150900123641,6a89928edc7a64f32133a8c2c0029b1b:0:0,91e9fadee02a3131e2a89d6ae237d5cd:0:0,a4ca44156457555907ea5e73adcbd907:0:0,a6bf2c6fe2cb2bf1e7aaefb1de2438a0:0:4011751305,7598579fba12f95d0f7604b80e0bac7a:0:2697636155,10,1.0,0,0,0,0,0,0,512,0,0,512,0,0,260,0,0,252,0,0,512,0.8947280645370483,96.44882202148438,62,0
1403,A,203,0.0010529379360377789,0.052949681878089905,nan,nan,512,0,0.0010529379360377789,0.052949681878089905,all_rows,512,0,0.005371433217078447,0.04609375,-0.004751930152997375,0.0013766143936663866,0.10243665403686464,5de778e41bcc013995244cdf7826271b:0:0,c00816dd82ea6b4c9bc7304d6ebda42d:0:0,bb8924ffba6bd441dcb734b426540001:0:0,ac9b6230565dca78e0a9ec893665bca0:0:3609986830,f0f40284a19767a1a97e632d17a6b359:1:2561022619,10,1.0,0,0,0,0,0,0,512,0,0,512,0,0,260,0,0,252,0,0,512,0.891014575958252,95.9203109741211,71,0
1404,A,204,0.0017219522269442677,0.052229102700948715,nan,nan,512,0,0.0017219522269442677,0.052229102700948715,all_rows,512,0,0.005837787874042988,0.0607421875,-0.004603671003133058,0.0013445131480693817,0.10251746396534145,b9d58bb9c868baa8ddc46a476b89b31b:0:0,cf5b072b0202e778a269b7f71650e473:0:0,4b2d5494479a246913bed909df8fc9f9:0:0,e37b8d68d2d1edc1f10cc4d5f26740a0:0:2001321248,83193618afddf036ea138687433d0492:1:3974165668,10,1.0,0,0,0,0,0,0,512,0,0,512,0,0,253,0,0,259,0,0,512,0.8840134739875793,97.18217468261719,64,0
1405,A,205,-0.0031011137180030346,0.04864100366830826,nan,nan,512,0,-0.0031011137180030346,0.04864100366830826,all_rows,512,0,0.01371758058667183,0.06171875,-0.006497525563463569,0.0011444454838056117,0.1408066700096242,1cc3cf1d6b7adbcac83402069a2d3f1b:0:0,3835ea2f21975f7a67489caf9ba8906a:0:0,0ff41f70e32b1b1843bb582e9ceec489:0:0,02355e47568dc8ad5a180e9c1228c4a0:0:1479364827,b0984901d801778d87ec7e20daed742c:1:1913663168,10,1.0,0,0,0,0,0,0,512,0,0,512,0,0,265,0,0,247,0,0,512,0.8884497284889221,96.94351959228516,52,0
1406,A,206,-0.0015965597704052925,0.046829137951135635,nan,nan,512,0,-0.0015965597704052925,0.046829137951135635,all_rows,512,0,0.007722853217273951,0.0408203125,-0.0005644361604936421,0.001092831967980601,0.1638673010165803,e6751dcc29b306eb317655290410cb1b:0:0,0da33a5df114dd338d0b34c36ff4ac95:0:0,a4b7824c6a3b65187951a9410566c29e:0:0,e0034f38b0dfb18618ac1fdf95aa48a0:0:2941314853,ffd3a358a9bd8699a090416973c1f35f:0:3196568675,10,1.0,0,0,0,0,0,0,512,0,0,512,0,0,261,0,0,251,0,0,512,0.8788662552833557,97.1511001586914,65,0
1407,A,207,-0.0027062257286161184,0.04821613058447838,nan,nan,512,0,-0.0027062257286161184,0.04821613058447838,all_rows,512,0,0.015401358716189861,0.0591796875,-0.005429222621023655,0.0011482874630019068,0.16544254397740588,e0db029d476d73269271e4baa934571b:0:0,6275dea87698838c35f57fa7477788ac:0:0,1400f0896e5e9382265999939c7eb35a:0:0,b2f8b245aaa325fc69450ea47cebcca0:0:3458032782,036e71846dad709c1a4a6174681a833c:1:421794032,10,1.0,0,0,0,0,0,0,512,0,0,512,0,0,242,0,0,270,0,0,512,0.8933643698692322,95.60488891601562,57,0
1408,A,208,0.0032004115637391806,0.05093976482748985,nan,nan,512,0,0.0032004115637391806,0.05093976482748985,all_rows,512,0,0.005421935580670834,0.0490234375,-0.003615956986322999,0.0012906081567052752,0.16533150401664898,22af0e758b28b4b88bf071c78997e31b:0:0,3b92c0f839a6a4ed6e0741a4fa3267d9:0:0,3f132755374284d216a73a74748d0f7b:0:0,b123a6d664a6a2e04bfab0eec7ed50a0:0:1670001855,45d88ad4b07f22068e9081b47ebb87dc:1:1391289764,10,1.0,0,0,0,0,0,0,512,0,0,512,0,0,252,0,0,260,0,0,512,0.8698901534080505,96.49442291259766,63,0
1409,A,209,0.0009451419464312494,0.0468149371445179,nan,nan,512,0,0.0009451419464312494,0.0468149371445179,all_rows,512,0,0.0022246381267905235,0.0271484375,-0.0006182110868394375,0.001079552134615369,0.15709399397019297,f4af1328ca5a108a729efd5ba53b6f1b:0:0,eada6e0d6d2d4b96f1bc59904d9514d1:0:0,78adbbebf3b5f6ed78d05df453800de5:0:0,79621a645ad64f9c08809cc276aed4a0:0:2984406257,e32ad3d94b9dccf7c192043972f6588b:1:3101155385,10,1.0,0,0,0,0,0,0,512,0,0,512,0,0,258,0,0,254,0,0,512,0.8537240028381348,96.61748504638672,62,0
1410,A,210,-0.0050451261922717094,0.04532279074192047,nan,nan,512,0,-0.0050451261922717094,0.04532279074192047,all_rows,512,0,0.004408528096973896,0.0263671875,-0.0056366344913840296,0.0009790759155293926,0.10595204401761293,62245be22cab5b01db0dc882fc1efb1b:0:0,adfa09cde7e426258b37a0804dbb756b:0:0,63694b116f4a1bde1f10134638da8845:0:0,e4ba5baf3b2f7d6eb2262823893058a0:0:1312409177,4e86f90d18246241cafb8766852ca9e3:0:427053199,10,1.0,0,0,0,0,0,0,512,0,0,512,0,0,247,0,0,265,0,0,512,0.86712247133255,96.36929321289062,78,0
1411,A,211,0.0013407893711701035,0.049377359449863434,nan,nan,512,0,0.0013407893711701035,0.049377359449863434,all_rows,512,0,0.005849463865160942,0.0357421875,-0.002462768112309277,0.0011817398946732283,0.10773150104796514,abda37def1ae620f25b054498e42871b:0:0,6eb9121d401466810cece814d29a9550:0:0,b53abceb2f9a3b04a3a662a7ff47f729:0:0,20c6b1147f80fa66abd66915ff71dca0:0:3331002584,49f11380802c476bd91d5453bcbb5328:0:3306218555,10,1.0,0,0,0,0,0,0,512,0,0,512,0,0,268,0,0,244,0,0,512,0.8729133009910583,96.65066528320312,61,0
1412,A,212,0.0010177630465477705,0.05175717920064926,nan,nan,512,0,0.0010177630465477705,0.05175717920064926,all_rows,512,0,0.005026784725487232,0.0462890625,-0.005110329575836658,0.0013398469658568502,0.10390347999054939,ed1df47ac511e27c0add61bb5ba6131b:0:0,93e275b0dfa2f3395185e49115b98fe8:0:0,a9024bc6b4fa2b941031c03ce00d1522:0:0,7b35cfb578fc381c2c18359dd97360a0:0:2252169969,f9de14f50980d167c6abf6de16946a90:1:4258760876,10,1.0,0,0,0,0,0,0,512,0,0,512,0,0,259,0,0,253,0,0,512,0.8774884343147278,96.60688781738281,55,0
1413,A,213,0.0029565696604549885,0.04734303057193756,nan,nan,512,0,0.0029565696604549885,0.04734303057193756,all_rows,512,0,0.0037797759287059307,0.0521484375,-0.0022477404214441775,0.0011176184023497626,0.10294936096761376,c011b7bfed64087a26cef1e464499f1b:0:0,9dc802a8865b1090b42ab2797691b6c5:0:0,deba9770a79998ca9e72b7f492c23e19:0:0,594802233c9b462bc10e23bf1734e4a0:0:3196726881,fd0222bbc12cd47538cf2ce40e23d147:1:2342132927,10,1.0,0,0,0,0,0,0,512,1,0,512,0,0,265,0,0,247,1,0,512,0.8618793487548828,97.9410629272461,66,0
1414,A,214,-0.0008008530712686479,0.04309258237481117,nan,nan,512,0,-0.0008008530712686479,0.04309258237481117,all_rows,512,0,0.0032638784032315016,0.0486328125,-0.0061487498925998805,0.0009263091546017676,0.10331189795397222,6cc48ce0e16e7b7185a245d0a82d2b1b:0:0,ac20e7a5708632eda0789142dc236c26:0:0,d37c89f5259f8fe464d8fa93007b7314:0:0,b84a42539f5fa070d476897db8b668a0:0:750296999,0f874495a3a867a055f1b9f392fb9e55:1:2874073004,10,1.0,0,0,0,0,0,0,512,0,0,512,0,0,244,0,0,268,0,0,512,0.8704270720481873,97.9871597290039,77,0
1415,A,215,-0.0042213937267661095,0.05666099116206169,nan,nan,512,0,-0.0042213937267661095,0.05666099116206169,all_rows,512,0,0.004512379411607981,0.04921875,-0.003930846601724625,0.0015907879453152419,0.10277487698476762,086460341037f50f2f57de8c2750b71b:0:0,ca18cbc985e6178a02c391a424b252d9:0:0,a700b5c4264b877145691e2c63a3b08f:0:0,891d83ae316dd1002fab7cddbdf7eca0:0:3810955112,141182cdee8f0e95b22b36f57a37c1d6:1:489805217,10,1.0,0,0,0,0,0,0,512,0,0,512,0,0,274,0,0,238,0,0,512,0.8898282051086426,97.32604217529297,59,0
1416,A,216,0.0007624533027410507,0.04094546660780907,nan,nan,512,0,0.0007624533027410507,0.04094546660780907,all_rows,512,0,0.011977449990808964,0.0658203125,-0.002691061608493328,0.0008271328988485038,0.10359327198239043,babaa07de7b76393b3d37d22e1b4431b:0:0,3dab6e53de8f3acce7226c7594e67169:0:0,614fcf99d5c360343801cf048ff39f16:0:0,8498e70be709e5e27fa2d3e326f970a0:0:1626884769,1a5515efa910d84d3dfcda0c9955e45d:0:1084139327,10,1.0,0,0,0,0,0,0,512,0,0,512,0,0,261,0,0,251,0,0,512,0.8898657560348511,96.40359497070312,54,0
1417,A,217,-0.0031570829451084137,0.04707862436771393,nan,nan,512,0,-0.0031570829451084137,0.04707862436771393,all_rows,512,0,0.0023964690044522285,0.0294921875,-0.003221544809639454,0.0010626047587720677,0.10740189801435918,0339bf8866449761b6dc22a0d757cf1b:0:0,6f017b4c92e0960523e6975f8335e3e0:0:0,613f717ff4dc8127d576632e1668889b:0:0,fcc9938fde78ba8ed8ee2491f3baf4a0:0:1213165116,10fb2695d9e40eba98f654bf860d1be0:1:2827015970,10,1.0,0,0,0,0,0,0,512,0,0,512,0,0,273,0,0,239,0,0,512,0.9026448726654053,95.0550308227539,51,0
1418,A,218,0.0033780536614358425,0.05464429035782814,nan,nan,512,0,0.0033780536614358425,0.05464429035782814,all_rows,512,0,0.002719487529247999,0.0748046875,-0.005343722016550601,0.0014500883815344423,0.10866890696343035,2770dc3ac2d27bcc7c1c1012083b5b1b:0:0,1d2e3ea06298c2090606ad103c98bc59:0:0,e2338501b1bb36d9fb792cf223c783ed:0:0,f37a744b71ca15253bbac4ee243c78a0:0:2349533781,71d3e1dd92e583a1cf9260f2b165d45f:1:939884523,10,1.0,0,0,0,0,0,0,512,0,0,512,0,0,242,0,0,270,0,0,512,0.9017031192779541,95.65169525146484,63,0
1419,A,219,-0.000411507033277303,0.04826879873871803,nan,nan,512,0,-0.000411507033277303,0.04826879873871803,all_rows,512,0,0.005585361272096634,0.05546875,-0.005227010627277195,0.0011414996261009946,0.10598148801364005,ce037c96f7fedb267320c682745ee71b:0:0,a10f28c3476a84289c3bf54e301e3d21:0:0,ea2de791927c70a5f6596aba9d2078b9:0:0,a4c923ab838f976917d1cafbb87dfca0:0:2820536629,a839ec72d952a7aa0f9f543da87f6516:0:333204336,10,1.0,0,0,0,0,0,0,512,0,0,512,0,0,268,0,0,244,0,0,512,0.916581928730011,95.2995834350586,56,0
1420,A,220,-0.00014131719944998622,0.04392535239458084,nan,nan,512,0,-0.00014131719944998622,0.04392535239458084,all_rows,512,0,0.0028781360015273094,0.0181640625,-0.0010223187040537597,0.0009639875584980473,0.10426950902910903,068566363e03ae0fc35b06fe1bc2731b:0:0,812f8a0a6f041bdd1aaacfe4afe6d65e:0:0,0012744c34c8d9a298a587e3ba951cc3:0:0,009bdab8b584837bd0980cbeb07f80a0:0:3489912326,7b6198c6b04767906710580abf1630b6:0:1027955864,10,1.0,0,0,0,0,0,0,512,0,0,512,0,0,251,0,0,261,0,0,512,0.9286836981773376,95.2818603515625,52,0
1421,A,221,-0.010926282964646816,0.048841021955013275,nan,nan,512,0,-0.010926282964646816,0.048841021955013275,all_rows,512,0,0.0013446981320157647,0.019140625,-0.0005193703807890415,0.0011744612449547276,0.10379996499978006,7b165810bf95f604d81ed290fe65ff1b:0:0,c13faca5a58be418c658221ee8badd2e:0:0,c5c6d29fed1bec8a80a7c67dfba96041:0:0,834e4b3ff82a5457410e203b0c4104a0:0:4100673783,52e9513b17170fc2da01d23794e415c8:1:832612494,10,1.0,0,0,0,0,0,0,512,0,0,512,0,0,265,0,0,247,0,0,512,0.9262466430664062,94.85478973388672,51,0
1422,A,222,-0.005147140473127365,0.05295705422759056,nan,nan,512,0,-0.005147140473127365,0.05295705422759056,all_rows,512,0,0.010538669303059578,0.0478515625,-0.0019477897323668004,0.001398445654194802,0.10352805099682882,1f8ea89015be232ceca36a471c498b1b:0:0,de5ef373c74a484eb314f34af3eeac6c:0:0,efbeedb0dc8a1ec16e2c74c90db22f2e:0:0,c0a0e104a25e2a083fd05b74cbc288a0:0:3127929244,e6015657e578d287cd2c27d8cb7ac1c3:0:2528692119,10,1.0,0,0,0,0,0,0,512,0,0,512,0,0,272,0,0,240,0,0,512,0.9291812181472778,94.260986328125,50,0
1423,A,223,-0.004532006569206715,0.04638521745800972,nan,nan,512,0,-0.004532006569206715,0.04638521745800972,all_rows,512,0,0.003197749610990286,0.0244140625,-0.0002913722302764654,0.001067902409704402,0.10387434001313522,3ebc971f56b6056898034f2c756d171b:0:0,2b0fd9bb3d1ff46be9429cfd3b5f45d6:0:0,eb4777fbf0bf1248a639587b66ddf59f:0:0,079eff28ffeb09a92316d46fef040ca0:0:2453935523,e83387ef5043b4210feb0e1e3f8e10e3:0:4129455195,10,1.0,0,0,0,0,0,0,512,0,0,512,0,0,259,0,0,253,0,0,512,0.9289306402206421,94.88959503173828,43,0
1424,A,224,-0.0008709945832379162,0.04425472766160965,nan,nan,512,0,-0.0008709945832379162,0.04425472766160965,all_rows,512,0,0.00255298288539052,0.0333984375,-0.0018129733856767417,0.0009742516471305862,0.10481666697887704,23da789ec3d848a0593c424d09d0a31b:0:0,c67b8c55a92cab19370d0ae1bdd61529:0:0,286505177c9e960f4397b0c83827eda3:0:0,0e8d6c06061cf11c44b56130760590a0:0:2303132070,cd5d1a6a509778c3c6be3214856beea6:1:1695537855,10,1.0,0,0,0,0,0,0,512,0,0,512,0,0,264,0,0,248,0,0,512,0.9232322573661804,95.716552734375,37,0
1425,A,225,-0.0012596319429576397,0.05279771238565445,nan,nan,512,0,-0.0012596319429576397,0.05279771238565445,all_rows,512,0,0.002189192222431302,0.031640625,-0.0023800083436071873,0.0013865276647266,0.10732243297388777,a847ca5462ad7c53232f44b4d9742f1b:0:0,97364a25fdb0513e8bec685bd8646fec:0:0,9c9caf8f83051f499fbe7ae95f8a509a:0:0,d6c23eb69d58be86861b97ba60c714a0:0:3444074476,8598f55a83c1d49f643fd2823c9924b7:1:1605138452,10,1.0,0,0,0,0,0,0,512,0,0,512,0,0,270,0,0,242,0,0,512,0.9303040504455566,94.86898803710938,44,0
1426,A,226,0.003023842815309763,0.04344560205936432,nan,nan,512,0,0.003023842815309763,0.04344560205936432,all_rows,512,0,0.0033451979979872704,0.064453125,-0.00443126754835248,0.0009376138594234362,0.10705715895164758,7eeaa7260d22a664e8a0976fe457bb1b:0:0,c61e32f27e372e8e0bc7e69f1749955e:0:0,a2e95fcd4620a89b0fb5f5ab0e46d1bb:0:0,354b46a6aebceb89d454ce11af4898a0:0:2572093692,c3ae4dcc1ee1890f6008b0e0b30eee2b:0:4247563759,10,1.0,0,0,0,0,0,0,512,0,0,512,0,0,250,0,0,262,0,0,512,0.9381324052810669,94.19970703125,38,0
1427,A,227,-0.0007090714643709362,0.04832102730870247,nan,nan,512,0,-0.0007090714643709362,0.04832102730870247,all_rows,512,0,0.003848711494356394,0.0263671875,-0.0015398884657770394,0.0011669762257952242,0.10512246401049197,0ab4171cc4f5612d2837bb8a2a7b471b:0:0,6c0e8b8aa47a25f58c3a14eb83e63511:0:0,113c08d5d95e48b27e0d5f204a2b5773:0:0,ea3f0e81e4cf1c3fac081a3a618a1ca0:0:2378510049,a9de296ed6ca33bd6bb4483b2f1618bb:0:1434351370,10,1.0,0,0,0,0,0,0,512,0,0,512,0,0,270,0,0,242,0,0,512,0.9385735392570496,94.80374908447266,40,0
1428,A,228,0.0009270580485463142,0.044173870235681534,nan,nan,512,0,0.0009270580485463142,0.044173870235681534,all_rows,512,0,0.007204343099147081,0.0337890625,-0.0023212046828120945,0.0009728662640554831,0.10432954499265179,bfd03964566184c5787f720fabded31b:0:0,448ea4dc2f7f53e44515279e3d3209fb:0:0,e144636ecb5fc6917b71cf52506f09b8:0:0,313f48e9ce3a81f39d785238778ba0a0:0:356172913,1fa6b4fce503915ae876859de780eb41:0:938451042,10,1.0,0,0,0,0,0,0,512,0,0,512,0,0,266,0,0,246,0,0,512,0.941444993019104,94.69157409667969,41,0
1429,A,229,-0.007549517787992954,0.04669976606965065,nan,nan,512,0,-0.007549517787992954,0.04669976606965065,all_rows,512,0,0.002333997981622815,0.0439453125,-0.0029653782024979592,0.0010625409573549404,0.10332034598104656,5a535d2d961c5b9813e5bc0c68825f1b:0:0,a33cac08c3fc7359caccbea38e28f4b5:0:0,cf784291c45b615c9fa28d7d033f7950:0:0,7dd1a666d1a3119dd0840c0ff14d24a0:0:1104964219,e60f075dfcdbb41de3bd6fe36b71a3a6:0:3644088139,10,1.0,0,0,0,0,0,0,512,0,0,512,0,0,243,0,0,269,0,0,512,0.9507321715354919,94.86282348632812,45,0
1430,A,230,0.003285422921180725,0.04907473176717758,nan,nan,512,0,0.003285422921180725,0.04907473176717758,all_rows,512,0,0.009993000887334347,0.0349609375,-0.007570342207327485,0.001178287182119675,0.10369952395558357,74f6be0cc6a9622e64bbda8c6065eb1b:0:0,2dc7f094401ccb5e68e8687c9249c769:0:0,03b860007157ed5928a1a5fab1fb5543:0:0,e985c91321918e1d88a59dc4cecea8a0:0:1209349627,346eed3a1823a777a30cf583912db386:0:2811018000,10,1.0,0,0,0,0,0,0,512,0,0,512,0,0,257,0,0,255,0,0,512,0.9564685225486755,94.14530944824219,34,0
1431,A,231,0.0038469010032713413,0.048496928066015244,nan,nan,512,0,0.0038469010032713413,0.048496928066015244,all_rows,512,0,0.0011748194228857756,0.0494140625,-0.002469746791757643,0.0011660841642878949,0.1037927670404315,19f2c4a0f114923f91364e9b9389771b:0:0,ae82cf95d19a64d9190588f07a594a9a:0:0,253a13ae7243c5931724e2295c41ee42:0:0,fc24438a9f7c6633a8f31d5b10102ca0:0:2846801315,fc3f93487629f879b68096fb366c8bfa:1:2508065638,10,1.0,0,0,0,0,0,0,512,0,0,512,0,0,237,0,0,275,0,0,512,0.9436947107315063,94.26227569580078,56,0
1432,A,232,0.005259040743112564,0.04782276228070259,nan,nan,512,0,0.005259040743112564,0.04782276228070259,all_rows,512,0,0.007650875952094793,0.046484375,-0.004904233943670988,0.0011138289177324624,0.14242694899439812,a27964843d1e38ff076cd94601ed031b:0:0,d55e0377839a683ecd19e699e52e63d3:0:0,2e0655ae759d8fbde86cda22da7f0aac:0:0,2b1b4db65cf1663d381e60d6b511b0a0:0:2806301003,f996df388a057315f6450e5cd21e4138:1:1062159761,10,1.0,0,0,0,0,0,0,512,0,0,512,0,0,252,0,0,260,0,0,512,0.9395647644996643,94.8120346069336,55,0
1433,A,233,-0.005154035985469818,0.04479584842920303,nan,nan,512,0,-0.005154035985469818,0.04479584842920303,all_rows,512,0,0.009196285158395767,0.0619140625,-0.008650938794016839,0.0009393306536367163,0.2019424860482104,7a0174b894e458ab095a7b97ab908f1b:0:0,8b60a13cf5e4ef33ca7daed3cb42cf6e:0:0,bfcaf59ef0b252e5412adf3982a5269e:0:0,f8ca1b1629e43dade474fe3bbdd334a0:0:1929090230,172196092e2c16440df699e409c243ee:0:1356249215,10,1.0,0,0,0,0,0,0,512,0,0,512,0,0,259,0,0,253,0,0,512,0.9530861377716064,93.37646484375,34,0
1434,A,234,0.000869413954205811,0.05196332931518555,nan,nan,512,0,0.000869413954205811,0.05196332931518555,all_rows,512,0,0.005902660079300404,0.0712890625,-0.0031949757831171155,0.0013221687288023532,0.19796095899073407,fcbbaff72015955b38dd769c90741b1b:0:0,1b69ecff482cebd00306d8cca9fe7149:0:0,94723704868b0208dae8fc75119ab5d2:0:0,41eb83365f25d84a87e04b8e2a54b8a0:0:1625998859,c8e3f861c979cba1cf21f5425db80b08:0:2202592560,10,1.0,0,0,0,0,0,0,512,0,0,512,0,0,251,0,0,261,0,0,512,0.9280872344970703,95.04297637939453,53,0
1435,A,235,-0.004247024655342102,0.04926855117082596,nan,nan,512,0,-0.004247024655342102,0.04926855117082596,all_rows,512,0,0.0043631913140416145,0.0177734375,-0.00021145646460354328,0.0012062254740158097,0.17768311203690246,876b667c62b9ad0f23b74b60b097a71b:0:0,d76d6ca86ee842517e5c29878bf8cb2e:0:0,f9d82ab30d46d3afea77e179a33d2807:0:0,4af3f60bd4088b23abe55ed1fa963ca0:0:2917201989,6e010cba660402ba5e7ffd5b236a8085:0:2916108262,10,1.0,0,0,0,0,0,0,512,0,0,512,0,0,266,0,0,246,0,0,512,0.9183502793312073,95.3525161743164,50,0
1436,A,236,0.000742873759008944,0.04599449038505554,nan,nan,512,0,0.000742873759008944,0.04599449038505554,all_rows,512,0,0.005757058504968882,0.060546875,-0.0027381487656384707,0.0010542468022322281,0.1785112019861117,c5b7d31e0b9b7afccf8cbaf00bfb331b:0:0,b1904b0631aaa4149a9cac73aa30979d:0:0,f56a4c70a07acca5bca2c9accf218167:0:0,c47d82fbae3515500da50e0b2e97c0a0:0:1182285905,ecf97c4fe9652253e7b3e8a45adb8d19:0:1767021942,10,1.0,0,0,0,0,0,0,512,0,0,512,0,0,267,0,0,245,0,0,512,0.9308812022209167,95.10330200195312,34,0
1437,A,237,0.002087203785777092,0.04802456498146057,nan,nan,512,0,0.002087203785777092,0.04802456498146057,all_rows,512,0,0.006185249891132116,0.0677734375,-0.003093085438013077,0.0011551157338544726,0.16527093399781734,361f79aabe60861f45e5c656a29ebf1b:0:0,f4cd55811f4235d1047ca545cc6474e6:0:0,dd8233fc71f72660571a5681f311da78:0:0,88970a607ab4746721dbef3dc65944a0:0:1866157105,0bae0d714d927c474b2c100a2b0dc631:1:2418050910,10,1.0,0,0,0,0,0,0,512,0,0,512,0,0,248,0,0,264,0,0,512,0.9184572100639343,95.57250213623047,51,0
1438,A,238,0.0023700559977442026,0.05435522645711899,nan,nan,512,0,0.0023700559977442026,0.05435522645711899,all_rows,512,0,0.0017803647788241506,0.0158203125,-0.0016301461262628436,0.0014712176111061127,0.16447651898488402,9344f4c7655a1b05202daea074824b1b:0:0,7cc9d72ad2d6b23a58e88d9e34e6aa28:0:0,1679aed8d6f3ef846c5e54a6811b2e8d:0:0,86b98669bf328cbb98e2586dc1dac8a0:0:1064575501,0232a6709795961f0660c9b0fa559ece:0:72511424,10,1.0,0,0,0,0,0,0,512,0,0,512,0,0,266,0,0,246,0,0,512,0.9200152158737183,96.5813217163086,47,0
1439,A,239,-0.0011899324599653482,0.04654248058795929,nan,nan,512,0,-0.0011899324599653482,0.04654248058795929,all_rows,512,0,0.004243467003107071,0.0794921875,-0.007083793007768691,0.0010674513905541971,0.16372998600127175,349425b0d71bf0df13b2f4d981a5d71b:0:0,cd7f4606a6d0df22a8d2bbd781d6e22f:0:0,67ef44243d31ddbb1cf2b8af4e0014ed:0:0,7507b13ef27da555e2ac5f9f211c4ca0:0:2601471916,2a1b8ced2158b87fe3f403c1ce511a87:1:3190979555,10,1.0,0,0,0,0,0,0,512,0,0,512,0,0,254,0,0,258,0,0,512,0.937798023223877,95.9525146484375,52,0
1440,A,240,0.001545693026855588,0.04713374376296997,nan,nan,512,0,0.001545693026855588,0.04713374376296997,all_rows,512,0,0.0033522476442158222,0.0390625,-0.0021593562327325345,0.0010849001526366919,0.16401983401738107,5f7fd07bdbe459ce7da75a0dca09631b:0:0,a4be57e4b350bca8fe0f6cd9f9790d7e:0:0,1dc80f3f465e0161c42e3a772d93a1b6:0:0,af112b5a8b46b7aeb2c9dad5e41dd0a0:0:837675884,62f4ed8638ce85bba2dfbbaeb8b9cfba:0:2001338816,10,1.0,0,0,0,0,0,0,512,0,0,512,0,0,245,0,0,267,0,0,512,0.9338895678520203,96.49456024169922,52,0
1441,A,241,0.00014569074846804142,0.04460180550813675,nan,nan,512,0,0.00014569074846804142,0.04460180550813675,all_rows,512,0,0.009326979517936707,0.05390625,-0.004673929861746728,0.0009366575075546279,0.16407275502569973,ca1253a0dee1fe73ef1fdf494dacef1b:0:0,40e218c22f49542cb31d6d2ec8f22dc2:0:0,71f4b0e210072f9f6eed49f12c9156f7:0:0,705aa61d94269329846660160adf54a0:0:4020009119,791bbd1b51a5f11021fde7b40a8dc4e6:0:1822480345,10,1.0,0,0,0,0,0,0,512,0,0,512,0,0,263,0,0,249,0,0,512,0.9245200753211975,97.27147674560547,53,0
1442,A,242,0.0009367810562252998,0.043980542570352554,nan,nan,512,0,0.0009367810562252998,0.043980542570352554,all_rows,512,0,0.004043880384415388,0.07265625,-0.0026643996126949785,0.000954863490187563,0.16355992603348568,128059d3d76324bdb914c5980c907b1b:0:0,027fbbf7cc6cd2dfc6d1e4e74c3d4b0d:0:0,33cae620a3ff0fb7d282b60be78a8141:0:0,97287ba7f3ebd44f1e4945639560d8a0:0:590633063,c69be3c607d7fdd37b69cac037041dc5:0:344135785,10,1.0,0,0,0,0,0,0,512,0,0,512,0,0,255,0,0,257,0,0,512,0.8988621830940247,98.78892517089844,55,0
1443,A,243,0.001228684326633811,0.04398316144943237,nan,nan,512,0,0.001228684326633811,0.04398316144943237,all_rows,512,0,0.0035554934293031693,0.0431640625,-0.0024938463233411313,0.0009654770721681416,0.1640325469779782,891a215c35fa81f678618e0606b4071b:0:0,c252bc263faf259e5a663094f1dcf29d:0:0,e176b3b36f9d838c60bfcc6c9b21b136:0:0,9638860d5935afc816d5a0c283a25ca0:0:2127871899,62a59fea86d21c0819dc54ac6934d3d5:1:3872382331,10,1.0,0,0,0,0,0,0,512,0,0,512,0,0,246,0,0,266,0,0,512,0.8903252482414246,99.65167999267578,68,0
1444,A,244,0.0038682715967297554,0.046700604259967804,nan,nan,512,0,0.0038682715967297554,0.046700604259967804,all_rows,512,0,0.005202298052608967,0.0306640625,-0.003069128002971411,0.001079218037193641,0.16255051299231127,359f3c53e1a59813a1c4f99f3c17931b:0:0,523a3ce6c348bc8a3fe24d68059fe8ba:0:0,d9fb008b0004599eb516621768a05dc7:0:0,75faf50a785f9117580a4836d5a3e0a0:0:1877183929,88a8113e5fe0bf36ce6dc09609d28679:1:361533011,10,1.0,0,0,0,0,0,0,512,0,0,512,0,0,237,0,0,275,0,0,512,0.8937575221061707,99.1075439453125,71,0
1445,A,245,-0.0027006412856280804,0.0439392514526844,nan,nan,512,0,-0.0027006412856280804,0.0439392514526844,all_rows,512,0,0.008245235309004784,0.0560546875,-0.005626876186579466,0.0009379089286085218,0.1645783350104466,59d9816791009e440de1096facbb1f1b:0:0,47e9cef5f7b6a4d454215527053a161b:0:0,c94bd47ec95fd4db237f308370581f24:0:0,0330526a0ac18d14a381d1c48b6564a0:0:2695988142,e874d5ac302d04d16af81ed56835d702:1:2738019926,10,1.0,0,0,0,0,0,0,512,0,0,512,0,0,254,0,0,258,0,0,512,0.8790245056152344,100.60753631591797,51,0
1446,A,246,0.0042061833664774895,0.0543537475168705,nan,nan,512,0,0.0042061833664774895,0.0543537475168705,all_rows,512,0,0.0029283054172992706,0.017578125,-0.0015545410569757223,0.0014638153195846825,0.16537868598243222,b4be44e60b93f4be853afe83589eab1b:0:0,bb1f66ff6996869e4571f53e12828078:0:0,bc12e146f8f4fa25acc2563be65863ca:0:0,cd5cda54be49a8271672936fa4e6e8a0:0:3374801749,bd01a57726595ed16088663a6d31dae8:1:2258278097,10,1.0,0,0,0,0,0,0,512,0,0,512,0,0,262,0,0,250,0,0,512,0.8561528921127319,101.56644439697266,55,0
1447,A,247,-0.0015104124322533607,0.049129996448755264,nan,nan,512,0,-0.0015104124322533607,0.049129996448755264,all_rows,512,0,0.004165589809417725,0.029296875,-0.004812197689898312,0.0012067531468346715,0.15672258898848668,4e68de1f1f4723d04c3b59e63fc2371b:0:0,ef8d6ac164829f488fd023185c5673cc:0:0,2bfb1eca58981530a5168df94ac69d1d:0:0,a6fec5d30471f03fadaea33c22286ca0:0:2006133966,e64ed5590186841face703bfd767e7fa:1:1424716651,10,1.0,0,0,0,0,0,0,512,0,0,512,0,0,241,0,0,271,0,0,512,0.8471430540084839,101.39080810546875,74,0
1448,A,248,-0.0010813168482854962,0.04589685797691345,nan,nan,512,0,-0.0010813168482854962,0.04589685797691345,all_rows,512,0,0.005807109177112579,0.052734375,-0.005525175202637911,0.001045330599299632,0.13319585303543136,794ef5465605662baf2ddca46225c31b:0:0,2c4c781e62092405f197815c88d24e0d:0:0,4217d1fa7650c9c87b81022091ae8c02:0:0,37a622d36f976a93c9a3d72e0329f0a0:0:3516919855,f193abd654e18bd4e9483bc51e0ab7ce:0:2377711924,10,1.0,0,0,0,0,0,0,512,0,0,512,0,0,260,0,0,252,0,0,512,0.852422833442688,100.03887176513672,65,0
1449,A,249,-0.003938212525099516,0.04727284610271454,nan,nan,512,0,-0.003938212525099516,0.04727284610271454,all_rows,512,0,0.000979661475867033,0.0416015625,-0.0007493481738492846,0.001118515242706053,0.13275330199394375,d3561a40b79fbe768e4187c9bfc94f1b:0:0,c2e467e69c064cb6bd336d1e4f5c4d88:0:0,bcefba0eeeb0d4f0e92f36935014030d:0:0,20b156140db5d517b25bc54947eb74a0:0:3079858835,43ddf8e43b88b7838a282c0434792095:0:2534853109,10,1.0,0,0,0,0,0,0,512,0,0,512,0,0,248,0,0,264,0,0,512,0.8478574752807617,100.07015991210938,63,0
1450,A,250,0.005128188990056515,0.046390414237976074,nan,nan,512,0,0.005128188990056515,0.046390414237976074,all_rows,512,0,0.003056003712117672,0.045703125,-0.0026824225671589373,0.0010664018598617985,0.1342471200041473,4532b4f823f89818e9889c6258acdb1b:0:0,73c810c3469b0d485ef92aef2adfa86c:0:0,28cdf984e7d4e6c47a405b9b2e26617b:0:0,7c496858ef8c3bb91b7bc391f06cf8a0:0:1069647410,6ce268f558280b664aec7061729e8910:0:1456492228,10,1.0,0,0,0,0,0,0,512,0,0,512,1,0,238,0,0,274,0,0,512,0.8485040068626404,100.52465057373047,72,0
1451,A,251,-0.000497669680044055,0.04712776839733124,nan,nan,512,0,-0.000497669680044055,0.04712776839733124,all_rows,512,0,0.0029216082766652107,0.0484375,-0.0037994883488863705,0.001096447728923522,0.13315177196636796,22f27c021184f34b6cf89b7a2cd0671b:0:0,81b94f71f26b4f4f17f64e8f25692fba:0:0,ddd4777613a563ec45e26d28aa473f67:0:0,5f04c965cb2e6159a844e80bfcae7ca0:0:3929070,2893d7798abcca1c1baf96119775d215:1:38588176,10,1.0,0,0,0,0,0,0,512,0,0,512,0,0,246,0,0,266,0,0,512,0.8473720550537109,99.9500732421875,65,0
1452,A,252,0.0015633779112249613,0.0442483052611351,nan,nan,512,0,0.0015633779112249613,0.0442483052611351,all_rows,512,0,0.0027558051515370607,0.0787109375,-0.008657031552866101,0.0009782136126887052,0.13987484201788902,8108469abc2f1c65fc6a461d3c33f31b:0:0,0d80835c5d2672044c0dd36da28ab91b:0:0,b570da18ff689104d7536a12a522110e:0:0,c316403c6906fc896f9408bb6cb000a0:0:1216808374,fced9e2afe2728088ca3c39b39b6ba8e:0:3768367971,10,1.0,0,0,0,0,0,0,512,0,0,512,0,0,250,0,0,262,0,0,512,0.8273905515670776,100.3541488647461,61,0
1453,A,253,-0.0006241395603865385,0.04750905930995941,nan,nan,512,0,-0.0006241395603865385,0.04750905930995941,all_rows,512,0,0.0035614322405308485,0.0796875,-0.005457472498528659,0.001122637782827951,0.1373036580043845,68dc432910a6ee6e3f999d5786d77f1b:0:0,b67f05398fff2ee638dc1961e17aacd3:0:0,82a85c9fbf545e01db48295eb89e9b42:0:0,23e0512d4a4ec8017fe1bba4407184a0:0:2707161578,b32dc927dfef235db511810287446138:1:2186644148,10,1.0,0,0,0,0,0,0,512,0,0,512,0,0,242,0,0,270,0,0,512,0.8272141814231873,100.36824035644531,69,0
1454,A,254,-0.001028286525979638,0.04790801182389259,nan,nan,512,0,-0.001028286525979638,0.04790801182389259,all_rows,512,0,0.004559250548481941,0.0400390625,-0.001974507421255112,0.0011441922310041265,0.13346274301875383,b20a5bb2e02ba0e62e25e2350cbb0b1b:0:0,003a35b6d9acaddb4339052c85a9614a:0:0,7acc0aef46427b16fe68a56b0c8bbfac:0:0,55eb7753b7fc66de634256ca77f308a0:0:2071196085,8fcf3d74c7c72102c1a1e80034a61331:0:2657887814,10,1.0,0,0,0,0,0,0,512,0,0,512,0,0,254,0,0,258,0,0,512,0.8203352689743042,100.54703521728516,70,0
1455,A,255,0.0010223293211311102,0.04461038112640381,nan,nan,512,0,0.0010223293211311102,0.04461038112640381,all_rows,512,0,0.002629083814099431,0.0134765625,-0.0008303073234856128,0.0009830535913351924,0.1347137700067833,bd58dddc28db20da9b9195c1cdde971b:0:0,b88474fbcbfde2ea4475061e38012c46:0:0,5f9d0230d63370c9e61488644985708e:0:0,1557282229311c9aa365f03213348ca0:0:3585185472,da7e89450d8aed457240e59db036f997:0:4189283062,10,1.0,0,0,0,0,0,0,512,0,0,512,0,0,239,0,0,273,0,0,512,0.8262073993682861,99.77944946289062,80,0
1456,A,256,-0.0007971459999680519,0.045087624341249466,nan,nan,512,0,-0.0007971459999680519,0.045087624341249466,all_rows,512,0,0.004721523262560368,0.0544921875,-0.003601328283548355,0.0010126238834345714,0.13314919103868306,ff4b543f7e92f531c3427909ca42231b:0:0,519ab62587152c45da658a40895d5740:0:0,367517e6b16a72d10c97a68256bacd55:0:0,9faab4afb02658c94d985ddf123610a0:0:3779338384,31eb6b0ddff4f14f2d55ed7423ae22be:0:1058130920,10,1.0,0,0,0,0,0,0,512,0,0,512,0,0,253,0,0,259,0,0,512,0.8248594403266907,100.05044555664062,65,0
1457,A,257,-0.0018582248594611883,0.045144785195589066,nan,nan,512,0,-0.0018582248594611883,0.045144785195589066,all_rows,512,0,0.003953294362872839,0.0419921875,-0.004170227190479636,0.0010206814331468195,0.17220037401420996,0d48e320e06eae39d4818d1901e5af1b:0:0,30accb640332f5e88e0e21b977f37f97:0:0,1b138fc6408e318af233db8594bbd939:0:0,b92bbd82dca0169076c135d574f794a0:0:559849822,44ac1071236f8dfb626a817785bbca78:1:599888739,10,1.0,0,0,0,0,0,0,512,0,0,512,0,0,262,0,0,250,0,0,512,0.8259544968605042,99.66166687011719,64,0
1458,A,258,0.005126309581100941,0.04301813617348671,nan,nan,512,0,0.005126309581100941,0.04301813617348671,all_rows,512,0,0.006507572717964649,0.042578125,-0.0023184427758678795,0.0008998386649182067,0.16712908301269636,94da6aaf86efe0777e7b12fb74c93b1b:0:0,b0f1cc5826bf1bac5b4533cc6b71e4a5:0:0,eb5dc29bcddb76f02dd654c433014001:0:0,fd5412a242e80fe3bf63ce193b7918a0:0:2221914486,04e50f6fa9798fa5077f5c53a3f0a3bd:0:30222750,10,1.0,0,0,0,0,0,0,512,0,0,512,0,0,286,0,0,226,0,0,512,0.8206920027732849,99.48448944091797,52,0
1459,A,259,0.0031435806304216385,0.04758262261748314,nan,nan,512,0,0.0031435806304216385,0.04758262261748314,all_rows,512,0,0.0017628115601837635,0.040625,-0.004399821360129863,0.0011208980722585693,0.1638406459824182,23cb2d3e76dbaab47c3e8bbd22ecc71b:0:0,96afad0ff9d33c9ea440568d57b0d86a:0:0,9b984bc7521a6870d88166fcbc8afc4b:0:0,916882be9655c47ed79f3cae65ba9ca0:0:255784333,95e0faf517244e1eacf6f45ac66aac7c:0:2123003667,10,1.0,0,0,0,0,0,0,512,0,0,512,0,0,246,0,0,266,0,0,512,0.8223833441734314,98.88011932373047,81,0
1460,A,260,-0.005851006135344505,0.048372671008110046,nan,nan,512,0,-0.005851006135344505,0.048372671008110046,all_rows,512,0,0.0018488558707758784,0.0359375,-0.0015534516656771301,0.0011497427069116384,0.1634373429697007,cd36c00ee4d9c74e20beb86a0c50531b:0:0,24eaf847873f6762e6f729a6316d188b:0:0,d12267715783405b67531d73851add37:0:0,834d4956066754a0032e5798f3bc20a0:0:4124800000,7559786fcc436d4c4426747b7a4c35b8:0:2960836513,10,1.0,0,0,0,0,0,0,512,0,0,512,0,0,270,0,0,242,0,0,512,0.833186149597168,98.15768432617188,69,0
1461,A,261,0.0010313348611816764,0.050890885293483734,nan,nan,512,0,0.0010313348611816764,0.050890885293483734,all_rows,512,0,0.002014290541410446,0.0158203125,-0.0013169359415769577,0.001269222784321755,0.16362166200997308,5e08a17ab5e128c3e2d19a0e30f3df1b:0:0,d8c04e7a1d0d8be578b4342384ace643:0:0,db20a28c1f4cc78e0601b73eb3abeda6:0:0,91437cbc4d6f2f829d67b4dce57da4a0:0:176236722,3dabf7ba4e93b5ee1a8091d2287fcc6c:0:4077145686,10,1.0,0,0,0,0,0,0,512,1,0,512,0,0,256,0,0,256,1,0,512,0.836431622505188,97.62333679199219,71,0
1462,A,262,0.00526035949587822,0.045450977981090546,nan,nan,512,0,0.00526035949587822,0.045450977981090546,all_rows,512,0,0.001603360753506422,0.0109375,6.390130147337914e-05,0.0009917317162035032,0.1626163210021332,d664ef80a87e2185e93071b590d76b1b:0:0,67229b4330672fcf75daf45c3b8a0416:0:0,2793a5fbdc61124c92f67571f38890a4:0:0,0cfd11fe9fda95999d3daa7e3aff28a0:0:842536816,65810cee1f53096713c0d348e7943d66:0:1671037115,10,1.0,0,0,0,0,0,0,512,0,0,512,0,0,251,0,0,261,0,0,512,0.844433069229126,97.00595092773438,63,0
1463,A,263,-0.001748658949509263,0.048612385988235474,nan,nan,512,0,-0.001748658949509263,0.048612385988235474,all_rows,512,0,0.0036817770451307297,0.02890625,-0.00155220041051507,0.0011563057167222723,0.16866107704117894,181e65e6f2fe17039677c06c2bfaf71b:0:0,56757bf3117eac9cef1912b5a560a85b:0:0,1f9161a986e52b416543c7d6f771c770:0:0,492ac5a66b14ee8a193e4e80f440aca0:0:277517317,33da5aa42c75f4d4ce7751466490f216:1:1815075536,10,1.0,0,0,0,0,0,0,512,0,0,512,0,0,256,0,0,256,0,0,512,0.8484451174736023,97.23296356201172,69,0
1464,A,264,-0.002391112968325615,0.042806655168533325,nan,nan,512,0,-0.002391112968325615,0.042806655168533325,all_rows,512,0,0.004989702254533768,0.0892578125,-0.004970922460779547,0.0009140659269178287,0.16409570700488985,0804035c628cbffa1527473e025e831b:0:0,b6b70941c50d82ef3188c03cfa6ad7d6:0:0,cf470a24f28268b9b412ded00eda490c:0:0,c8107569930bf2e5cb9376e9114230a0:0:3235913874,5e3faca4cf03a62deea941756b306d9d:1:1737974113,10,1.0,0,0,0,0,0,0,512,0,0,512,0,0,239,0,0,273,0,0,512,0.8500443696975708,97.74412536621094,83,0
1465,A,265,-0.0015119320014491677,0.05038385093212128,nan,nan,512,0,-0.0015119320014491677,0.05038385093212128,all_rows,512,0,0.004675545264035463,0.0662109375,-0.0020079236710444093,0.001271941585582681,0.16140020202146843,9bb07933474eee02e3a2073714020f1b:0:0,e5476f966e2a7a8e6f27bc5e8d5dce12:0:0,af695aba401dac7f95ca541476bb028d:0:0,778937e29d58a9a59602b9ba9203b4a0:0:2061035567,68c7cc1cb89f8233f73d94f0bef375e5:1:2604529063,10,1.0,0,0,0,0,0,0,512,0,0,512,0,0,258,0,0,254,0,0,512,0.8453590869903564,97.8935546875,72,0
1466,A,266,0.004778696224093437,0.04715839773416519,nan,nan,512,0,0.004778696224093437,0.04715839773416519,all_rows,512,0,0.0063224658370018005,0.044140625,-0.005304274149239063,0.0010677733254851774,0.1639364049769938,52ded984b986e262602e416360e59b1b:0:0,7ba81579095126be5ae0b1a5478526df:0:0,5004e12e238c263a39a5bb6743caa680:0:0,eef4c476f911396405ed6cf9768538a0:0:1664422385,a7e9804658159fc97a3e28ea16f9fcec:0:1445426737,10,1.0,0,0,0,0,0,0,512,0,0,512,0,0,262,0,0,250,0,0,512,0.8365290760993958,99.05897521972656,79,0
1467,A,267,-0.001987808384001255,0.04909369349479675,nan,nan,512,0,-0.001987808384001255,0.04909369349479675,all_rows,512,0,0.004347953014075756,0.03828125,-0.002105279266834259,0.0011675105371978134,0.1642743319971487,455ad3be03ce2e1654f576cee909271b:0:0,c5db4e358fee8f100df086fd4055fb8b:0:0,d791930ec1455f405b1d3401c693988a:0:0,218b869d52478d57d850a6a9bec6bca0:0:4160346912,6cec669acf5c892dd032e6151bed8c99:0:2518726295,10,1.0,0,0,0,0,0,0,512,1,0,512,0,0,262,0,0,250,1,0,512,0.828248143196106,100.16030883789062,73,0
1468,A,268,0.001419161562807858,0.04709380120038986,nan,nan,512,0,0.001419161562807858,0.04709380120038986,all_rows,512,0,0.006507387384772301,0.0380859375,-0.002744185645133257,0.0010979937360389158,0.1630397400003858,18af37cd3e711d2484046885ac6cb31b:0:0,fc99abf0358f924372ef50e27c7f0c9b:0:0,249c2e05f4c2ffa3563571bd076754e2:0:0,8f4e04c1a038ce0e7dc53ccf6ac840a0:0:3646820821,8a7e3ff1a1ef490b8fc6ba52cac74644:0:3670672339,10,1.0,0,0,0,0,0,0,512,0,0,512,0,0,250,0,0,262,0,0,512,0.8376972675323486,99.37273406982422,83,0
1469,A,269,-0.00037422915920615196,0.04155195131897926,nan,nan,512,0,-0.00037422915920615196,0.04155195131897926,all_rows,512,0,0.002788195386528969,0.0421875,-0.0031809414038434626,0.0008637964725494385,0.1643581649987027,b5fb6c5567f7ad29334b1793ab103f1b:0:0,163c20d0710235a6778d339fb6fe6b71:0:0,b24147540eb743ea5c2f4d4476f8cf07:0:0,f3ef14105d31ade69e7fc56e7a89c4a0:0:3641513954,78fcbf4425fa136be061045f20ee8687:1:340940722,10,1.0,0,0,0,0,0,0,512,0,0,512,0,0,246,0,0,266,0,0,512,0.8344604969024658,98.64804077148438,88,0
1470,A,270,-0.00313013163395226,0.04571419581770897,nan,nan,512,0,-0.00313013163395226,0.04571419581770897,all_rows,512,0,0.005902361124753952,0.08359375,-0.004869280569255352,0.0010412750940304249,0.16084810195025057,5418048586e80f25b89cc504e4f3cb1b:0:0,4f5d1bb6775444c4dad26603350ffc4c:0:0,c3198f085fb3d75c1ae9f57ad65960d4:0:0,0976a77e172b894a9e50968aee0b48a0:0:2781449341,2521218a418be92e7a01f1084696570c:1:288329832,10,1.0,0,0,0,0,0,0,512,0,0,512,0,0,270,0,0,242,0,0,512,0.8387635946273804,98.72199249267578,77,0
1471,A,271,-0.0012168751563876867,0.04477587342262268,nan,nan,512,0,-0.0012168751563876867,0.04477587342262268,all_rows,512,0,0.0024872240610420704,0.0150390625,-0.001400582049973309,0.000991844106465578,0.16320963099133223,37abae61a0ceb48f05aff1e55a17571b:0:0,15cfe793762faaf0b9bd9aa1cfe6fa73:0:0,06573ebba0229a347a9a296646bfd6fe:0:0,6face16c48265aab20a3c628c54ccca0:0:2907881833,b825c89052e6223c266d55278ff59349:1:1994355790,10,1.0,0,0,0,0,0,0,512,0,0,512,0,0,251,0,0,261,0,0,512,0.8384698629379272,98.68936920166016,79,0
1472,A,272,0.0014165680622681975,0.03927237167954445,nan,nan,512,0,0.0014165680622681975,0.03927237167954445,all_rows,512,0,0.00711603369563818,0.0689453125,-0.009155534207820892,0.0007682550291065127,0.1636710609891452,45444a7f9297e79c341e5f410a7ae31b:0:0,f9112912bd9b03e00ca1a1936798f1b7:0:0,c2ba04fe3318fa5b07d198192455b738:0:0,6d626c58254382398c812a4c004e50a0:0:2713342780,549931bc19ad8c10e18d0eec3cc53d6b:1:1166794152,10,1.0,0,0,0,0,0,0,512,0,0,512,0,0,252,0,0,260,0,0,512,0.8432150483131409,98.18763732910156,74,0
1473,A,273,0.0007592211477458477,0.046659886837005615,nan,nan,512,0,0.0007592211477458477,0.046659886837005615,all_rows,512,0,0.0065919263288378716,0.031640625,-0.005515685165300965,0.0010825381701579317,0.16302833205554634,0434226d1646eed511650e23f61e6f1b:0:0,ffa2af33ffd5bb0d2897180b0a968946:0:0,65c8d120dd62fee90289e71c65a5d0ad:0:0,5124000bd3a56162908c58f89f0fd4a0:0:2874944538,96bddbda12ac05cb6c32758b63983cc0:1:2341052872,10,1.0,0,0,0,0,0,0,512,1,0,512,0,0,254,0,0,258,1,0,512,0.8337094783782959,99.42717742919922,83,0
1474,A,274,-0.0011261571198701859,0.04234592616558075,nan,nan,512,0,-0.0011261571198701859,0.04234592616558075,all_rows,512,0,0.003692460246384144,0.041015625,-0.00293093859218061,0.0008949037757702172,0.1651208410039544,d718e3278216bbe0aae43f9a1d01fb1b:0:0,ea5bf4672fecadf542381715b82d35d9:0:0,d2c568491eee2db85652663216500b6e:0:0,f7935dd63217ca08a704a832a19158a0:0:2227154724,bf7d35eacf16491a95590a4a9d4ff9e6:0:2134942899,10,1.0,0,0,0,0,0,0,512,0,0,512,0,0,242,0,0,270,0,0,512,0.8211074471473694,101.25609588623047,75,0
1475,A,275,-0.005455797538161278,0.04314813390374184,nan,nan,512,0,-0.005455797538161278,0.04314813390374184,all_rows,512,0,0.001586736529134214,0.066015625,-0.0030214488971978424,0.0009134121093666181,0.24039551301393658,d3d13d410d102593d9df74af7f25871b:0:0,d7e234d8908c1ec6c64b02b4a24ecde7:0:0,5fe8f9426e46c8a4d7e87f362664bc5e:0:0,b23ff7592685417e99c52dfe07d2dca0:0:2859603321,8ee7cdeb46927a6a640bcea786ea5ed0:0:2551121047,10,1.0,0,0,0,0,0,0,512,0,0,512,0,0,270,0,0,242,0,0,512,0.8308220505714417,100.95973205566406,88,0
1476,A,276,0.0019073887960985303,0.03938508406281471,nan,nan,512,0,0.0019073887960985303,0.03938508406281471,all_rows,512,0,0.0038552097976207733,0.0248046875,-0.003797440230846405,0.0007392212050035596,0.16874684300273657,a37ed482a521ad3fcf7d6e701c89131b:0:0,1339d5cd2c206e6beace2d7a13f311b8:0:0,999aff69d2d047497bea22aa47a3719c:0:0,b62ce08a1e3d17420644c05ed1d460a0:0:111574859,e9b49c9c570e788c1d01b84d7cad8c2f:0:759772234,10,1.0,0,0,0,0,0,0,512,0,0,512,0,0,239,0,0,273,0,0,512,0.8296899199485779,101.56199645996094,92,0
1477,A,277,-0.0028613507747650146,0.04757397621870041,nan,nan,512,0,-0.0028613507747650146,0.04757397621870041,all_rows,512,0,0.005696008913218975,0.075,-0.006436457065865398,0.0011082858080044388,0.16280858195386827,07447d0ca2c4cf40a0c82de7f52c9f1b:0:0,58cec4d706005be0829bc7754ef15f9c:0:0,9750c557a69c713c7710e86f3dda587c:0:0,a0f89e8c300e4f75e195f558ff95e4a0:0:3570375595,75fd333b4ef39dad0d72053943e3c1a5:1:1753407555,10,1.0,0,0,0,0,0,0,512,0,0,512,0,0,255,0,0,257,0,0,512,0.8318569660186768,100.88191986083984,80,0
1478,A,278,0.0008051406475715339,0.04093238711357117,nan,nan,512,0,0.0008051406475715339,0.04093238711357117,all_rows,512,0,0.0057219346053898335,0.05546875,-0.0017792531056329609,0.0008356821199413389,0.16380256495904177,e2fca42be63cdecbd2acf42309102b1b:0:0,385e27d8916760d0bdf6a2f4529247b9:0:0,e42e37cbdccfc314695585afdcca6afb:0:0,ca95da170f3b611cfc6722f0911768a0:0:3191465867,6255c11b9c97a8b7f6151c9534df34e3:1:1218204820,10,1.0,0,0,0,0,0,0,512,0,0,512,0,0,264,0,0,248,0,0,512,0.8249403238296509,101.11558532714844,68,0
1479,A,279,0.002247818745672703,0.04637322574853897,nan,nan,512,0,0.002247818745672703,0.04637322574853897,all_rows,512,0,0.0038148132152855396,0.0232421875,-0.0025701977079734205,0.0010686429392080753,0.16327484999783337,df692f4c2a7b6cfee5fc422d5833b71b:0:0,89699198073190c8f57a6bbd41283d38:0:0,9a5a5b28c3176bb2caacad4f1785aa5b:0:0,4371f529be4ac81487025f298658eca0:0:615826547,7179f1856f555a3cc8207beb7b6d8f3f:0:1133334587,10,1.0,0,0,0,0,0,0,512,0,0,512,0,0,270,0,0,242,0,0,512,0.8346036076545715,101.35739135742188,62,0
1480,A,280,-0.0025532692670822144,0.04364348202943802,nan,nan,512,0,-0.0025532692670822144,0.04364348202943802,all_rows,512,0,0.00199800543487072,0.0728515625,-0.0035894704051315784,0.0009475263010244817,0.16518122400157154,ac9d13a399b63b2de369d912e297431b:0:0,a1f3e3221ab8fc0a5b1b8ab48a427226:0:0,6494dc06266afbd56a354186241ceab1:0:0,cf8800d3b0b86ace954d8007df5a70a0:0:2954530300,61bb00392270cfe5f2b3f53b8c6aff9c:0:439384467,10,1.0,0,0,0,0,0,0,512,0,0,512,0,0,258,0,0,254,0,0,512,0.8320266008377075,101.786865234375,58,0
1481,A,281,0.023451881483197212,0.06505730003118515,nan,nan,512,0,0.023451881483197212,0.06505730003118515,all_rows,512,0,0.005034061148762703,0.0828125,-0.005681812111288309,0.0014079262764425948,0.16414847603300586,86d86d66efbab871e78cb9dfa83acf1b:0:0,1420f5a2369eade593a2a1cf1b9ef139:0:0,029acecc044bfdff4b4359417631f155:0:0,29f390eaca8bd3cca2ca1b8f9c1bf4a0:0:3676491362,b91ddb7e9bf68033a71fe17e4b95c806:1:3892527501,10,1.0,0,0,0,0,0,0,512,0,0,512,0,0,240,0,0,272,0,0,512,0.8214147686958313,102.8572998046875,87,0
1482,A,282,0.0019201345276087523,0.05047695338726044,nan,nan,512,0,0.0019201345276087523,0.05047695338726044,all_rows,512,0,0.004659030586481094,0.0576171875,-0.005159784853458404,0.0011853675881866367,0.16361652198247612,b701ed88b60b0a77aedf259fa91e5b1b:0:0,225f5e046c2e9b6dc9e6c7eab896c231:0:0,162563a9048958a7ab55f874fa98e01a:0:0,a5df70906cd73eda169587c4bc9d78a0:0:2858951971,c904d818a96173a2f31cc80efb9e44b6:0:67474623,10,1.0,0,0,0,0,0,0,512,0,0,512,1,0,259,0,0,253,0,0,512,0.8361741304397583,102.13230895996094,81,0
1483,A,283,-0.003296540817245841,0.04802710935473442,nan,nan,512,0,-0.003296540817245841,0.04802710935473442,all_rows,512,0,0.0017565683228895068,0.0150390625,-0.0016592036932706832,0.0011479222041089088,0.16396261099725962,3794113965d0a18e21be9d5ee541e71b:0:0,b9f1ccfd597b067febe20f78e7276998:0:0,4ea04eebdcc7a88d7187785f0986a193:0:0,1ce843737e237a06c768daab40defca0:0:1303839027,ce521d74119bcee01741c6d42ab7b39e:1:2071201637,10,1.0,0,0,0,0,0,0,512,0,0,512,0,0,247,0,0,265,0,0,512,0.8496243357658386,101.13023376464844,64,0
1484,A,284,-0.0007382399053312838,0.04169316217303276,nan,nan,512,0,-0.0007382399053312838,0.04169316217303276,all_rows,512,0,0.0027194018475711346,0.069140625,-0.006524153240025044,0.0008621234010206535,0.16616672300733626,4a79be917bb057f4e06be2295ca5731b:0:0,6fb5a46572ab1306af68a7ab29ebb1b4:0:0,9ec1f8405e2e511b834b17acf0357287:0:0,4bfaacc91dcc9a617f98ea4728e080a0:0:112217368,a6cab9ee5cf150fbd64c899b2a5b4d5e:1:985355534,10,1.0,0,0,0,0,0,0,512,0,0,512,0,0,257,0,0,255,0,0,512,0.8573994040489197,100.41268920898438,65,0
1485,A,285,0.0006435507093556225,0.04389626905322075,nan,nan,512,0,0.0006435507093556225,0.04389626905322075,all_rows,512,0,0.003863691817969084,0.021484375,-0.0018254725262522697,0.0009441142115974799,0.16313922399422154,7f349601c98c1c6acf0af50b0f48ff1b:0:0,ca665c961ff69527842a9a07bc849319:0:0,c2c0f5c7f91ccc7f464096d94f1724d0:0:0,8a17a6017153847281164c9c74a204a0:0:1098670132,4099be9bcd1f52c2cb24d97c82c34cf5:0:506956733,10,1.0,0,0,0,0,0,0,512,0,0,512,0,0,273,0,0,239,0,0,512,0.8551926016807556,100.87397766113281,67,0
1486,A,286,0.000387362961191684,0.0433339960873127,nan,nan,512,0,0.000387362961191684,0.0433339960873127,all_rows,512,0,0.003098443616181612,0.0296875,-0.004779763566330075,0.0009158828266663477,0.16414825798710808,45ff8859923e27fca1a3170ffd2c8b1b:0:0,5da42a50cd691cf80498e1e7e573938c:0:0,7bf8746db0357be99b6a826242ce2ca4:0:0,6c004449baa84876096d57af242388a0:0:3514309324,8b8b1eae2b2f1daa44054e372e4c3d81:0:1096337418,10,1.0,0,0,0,0,0,0,512,0,0,512,0,0,239,0,0,273,0,0,512,0.8537315726280212,100.97172546386719,76,0
1487,A,287,-0.002573142061010003,0.04359644278883934,nan,nan,512,0,-0.002573142061010003,0.04359644278883934,all_rows,512,0,0.002100846730172634,0.016796875,-0.0019662592094391584,0.0009319507429609075,0.16511485096998513,8fb20d653b59bf13681ec9442650171b:0:0,adc323fbbdc3b58596cf4d69bc78a903:0:0,a92f5dd7bdf33bab64e2f22b563d6007:0:0,b05444f8a6715256d5c6218337650ca0:0:1471746373,75aa8ffd4f3eb8b83f78e5e4453bc0e3:0:1345045210,10,1.0,0,0,0,0,0,0,512,0,0,512,0,0,234,0,0,278,0,0,512,0.8533037900924683,101.88777923583984,82,0
1488,A,288,0.0002537844702601433,0.04778340086340904,nan,nan,512,0,0.0002537844702601433,0.04778340086340904,all_rows,512,0,0.0028510375414043665,0.03203125,-0.0028294033836573362,0.0011323321115924046,0.164742752967868,fe33af5ba0fd7dc31a4bccb38ab3a31b:0:0,fd218472dd7c4426e4cf25a16fdb3531:0:0,2d311241bee1cb02e3a35c4525f73e1e:0:0,fcec560d81536d68a6e4801cae6690a0:0:3021057058,61e59379822769341f8be72ced520144:1:1969778814,10,1.0,0,0,0,0,0,0,512,1,0,512,0,0,265,0,0,247,1,0,512,0.8600654602050781,102.46656036376953,76,0
1489,A,289,-0.0009590588742867112,0.04217873141169548,nan,nan,512,0,-0.0009590588742867112,0.04217873141169548,all_rows,512,0,0.002863542176783085,0.034375,-0.0023693719180300833,0.0008878887863829732,0.16710473300190642,a994838357c32f5923db226a2a572f1b:0:0,d5494c2b0d9f3c45051a5775e97985d4:0:0,e8758210f32ef2361efb9ad7692f61af:0:0,cbea30f6c33e9be2c528097f892814a0:0:2388808325,78f51d52076ccaaf9499060abe35ee86:1:3848573095,10,1.0,0,0,0,0,0,0,512,0,0,512,1,0,249,0,0,263,0,0,512,0.8734343647956848,102.21784210205078,80,0
1490,A,290,0.001340079470537603,0.04794588312506676,nan,nan,512,0,0.001340079470537603,0.04794588312506676,all_rows,512,0,0.005141663830727339,0.03203125,-0.0025516683235764503,0.0011417345376685262,0.16347313299775124,559d98ac68d9312af0610b74053abb1b:0:0,b279d4db4b8eb90548a0dd73b9ea79e2:0:0,837fe785fc71a95eef801d3448e27365:0:0,a8dd42e01fc3c21a848c13afc7a998a0:0:1408637590,f06b0c91501db8f9709c4cfe82c8d081:0:259262205,10,1.0,0,0,0,0,0,0,512,0,0,512,0,0,254,0,0,258,0,0,512,0.866073489189148,103.20784759521484,80,0
1491,A,291,0.0014730875845998526,0.04531746357679367,nan,nan,512,0,0.0014730875845998526,0.04531746357679367,all_rows,512,0,0.00849046278744936,0.05625,-0.005163281224668026,0.0010149247071240097,0.16578276496147737,fe24604e545160a4775508dd1b5e471b:0:0,d72a35d5e4638d5b9870c5b212fe635e:0:0,d0f5aa13c111976b3407dc92243fc9cf:0:0,d032c6d40a77257dc8a7b4b169eb1ca0:0:1462130233,31cf059ae5c409f76a918570ae1d3e99:1:1994765800,10,1.0,0,0,0,0,0,0,512,0,0,512,0,0,257,0,0,255,0,0,512,0.8808501958847046,103.51187896728516,72,0
1492,A,292,-0.0036413688212633133,0.04712480679154396,nan,nan,512,0,-0.0036413688212633133,0.04712480679154396,all_rows,512,0,0.002266442868858576,0.045703125,-0.000404769869055599,0.0010661332140443846,0.16415181005140767,b8dd9f4d65b19496c811dbb16cc1d31b:0:0,8f6510b7dc24869402d62bdb8dddb026:0:0,d77baea904860d9829d2128427d55f56:0:0,a8b3e3085e63bf4d88adc2886feca0a0:0:1611424711,b5e9b8c383640acd76233e459041c044:0:875600174,10,1.0,0,0,0,0,0,0,512,0,0,512,0,0,252,0,0,260,0,0,512,0.8953996300697327,103.35865020751953,79,0
1493,A,293,0.006214425899088383,0.04856611788272858,nan,nan,512,0,0.006214425899088383,0.04856611788272858,all_rows,512,0,0.00399392656981945,0.0380859375,-0.0035168860340490937,0.001061890323762782,0.16635897103697062,ed17879da6d1a1c695d584fcf9655f1b:0:0,c445101a446589a5204c9326def63a9d:0:0,f07b61e4ceeba035173115e9e08857e3:0:0,abd38bb997936318536cd338d9ae24a0:0:542347089,168b67e7306e7acf9817ccb190e6f738:1:3161777498,10,1.0,0,0,0,0,0,0,512,0,0,512,1,0,245,0,0,267,0,0,512,0.9037278890609741,102.4997787475586,79,0
1494,A,294,-0.004077513236552477,0.0429806225001812,nan,nan,512,0,-0.004077513236552477,0.0429806225001812,all_rows,512,0,0.0021558734588325024,0.02421875,-0.0003030550840776414,0.0008536639885278419,0.16834496601950377,a7e73c2cfd12eabac3c145cbc148eb1b:0:0,22dd45cbbeacf2fe5adf3d74567c184c:0:0,7d000c5115c67de52239137543db63f9:0:0,69c0a303cdafb8f4d34f3cc6a72fa8a0:0:2684622126,9e1a7df98512283ac7fd922d3de3189c:1:2842813025,10,1.0,0,0,0,0,0,0,512,0,0,512,0,0,265,0,0,247,0,0,512,0.9073988199234009,101.87110900878906,68,0
1495,A,295,-0.0017597684636712074,0.04443909600377083,nan,nan,512,0,-0.0017597684636712074,0.04443909600377083,all_rows,512,0,0.00361227011308074,0.0115234375,-0.0006160884164273739,0.0009870888956356795,0.166951802035328,39342cb13cfd7acaf0d99f29c46c771b:0:0,3375ff5cdfc23d750d0e13c1f521c7e0:0:0,b30877317f701af6d55c19725963895f:0:0,ad5706345ec00b7c525b1535d8712ca0:0:1613813284,4bbfb29fb48b1cebfd6f6387cd882efe:0:3431296436,10,1.0,0,0,0,0,0,0,512,0,0,512,0,0,250,0,0,262,0,0,512,0.9115715026855469,102.02721405029297,79,0
1496,A,296,0.0033604633063077927,0.04585448279976845,nan,nan,512,0,0.0033604633063077927,0.04585448279976845,all_rows,512,0,0.0025715650990605354,0.0375,-0.005335269530769437,0.0010474100476130844,0.16343756701098755,26e36f2a404eac6e0406522302d0031b:0:0,9503e532f109179e3e53896b1779f4c0:0:0,3d59585f43d15615605f8999bdeeaabb:0:0,9de3f61af907e9853e32328a6d72b0a0:0:556329650,92e02a6c782f1036d5009c3241c70948:1:3818815895,10,1.0,0,0,0,0,0,0,512,0,0,512,0,0,253,0,0,259,0,0,512,0.9012860655784607,102.8741683959961,83,0
1497,A,297,-0.0003191530704498291,0.04314208775758743,nan,nan,512,0,-0.0003191530704498291,0.04314208775758743,all_rows,512,0,0.003976798616349697,0.03515625,-0.0013531147036701442,0.0009275357966544107,0.16434209799626842,ba76811b4a855ac8b8125fc37c738f1b:0:0,1c50b17edd38e06b978e79f6de648d33:0:0,bc54b94f224480e82e0014d086fa4bcb:0:0,5cff88ec730a9b9dac122ac8663434a0:0:2103344097,bd979bd04fa9160f10e340aef7006078:0:3070062930,10,1.0,0,0,0,0,0,0,512,0,0,512,1,0,246,0,0,266,0,0,512,0.8995999693870544,103.15513610839844,71,0
1498,A,298,0.0013319029239937663,0.048915572464466095,nan,nan,512,0,0.0013319029239937663,0.048915572464466095,all_rows,512,0,0.0053124139085412025,0.0244140625,-0.0012389250565320253,0.001194896546076052,0.16318536998005584,d5fbaab247f79e7c27ac091731571b1b:0:0,9b9ab0dd879a84f343d0c2b588d15574:0:0,39d6521c2e8cef540bb6bbd63037bf67:0:0,493d9955a0b76d45dcd453f3c2b5b8a0:0:3044631930,4ea4206b90e5fb88eb45f1bdaf9139ff:1:2555311292,10,1.0,0,0,0,0,0,0,512,0,0,512,0,0,243,0,0,269,0,0,512,0.9188253879547119,102.07089233398438,69,0
1499,A,299,-0.00022762909065932035,0.03897582367062569,nan,nan,512,0,-0.00022762909065932035,0.03897582367062569,all_rows,512,0,0.004520861431956291,0.0369140625,-0.0024036886636167763,0.0007544703781604767,0.16478296899003908,32729a46b37e15b45964cf2a217aa71b:0:0,27473adab4d888fb5b8bef54b9b97588:0:0,2277dd87ad9da8b2015a75f3c4b969eb:0:0,06ecef6814c2c9eac0edc41082f73ca0:0:1660982716,7eacc42ee36cab25d87d168b2a2ebd22:1:2458135567,10,1.0,0,0,0,0,0,0,512,0,0,512,0,0,258,0,0,254,0,0,512,0.9135047197341919,103.00385284423828,82,0
1500,A,300,0.0010702911531552672,0.042291656136512756,nan,nan,512,0,0.0010702911531552672,0.042291656136512756,all_rows,512,0,0.003941628150641918,0.05,-0.0027116550132632255,0.0008936021098634228,0.16710323299048468,8705b6cd2ec0b776cbb173084cde331b:0:0,471635916a44d8583b62af5b9b4d425b:0:0,6bf4e0e25d4289103d5325f2ed4d1b42:0:0,fa432d167d302da07c6f5122a6f8c0a0:0:414314707,870eb89755e93cda1ee25a4bb3ebcdb1:0:1929476277,10,1.0,0,0,0,0,0,0,512,0,0,512,0,0,246,0,0,266,0,0,512,0.9047093987464905,103.94998931884766,75,0
1501,A,301,0.008082997053861618,0.04671536758542061,nan,nan,512,0,0.008082997053861618,0.04671536758542061,all_rows,512,0,0.006557855289429426,0.0646484375,-0.004272026056423783,0.001018537362688221,0.1646692049689591,38f01c101931323100e9f5bdb381bf1b:0:0,b1dd096bec037b1d85dcfec89e9c3745:0:0,d7c8e1eb45709dc189463eaf319974f0:0:0,3def59020a10e99ceb05912e2eba44a0:0:1517923797,14a24bc726c6d150be1b48f0973a792b:1:3713386521,10,1.0,0,0,0,0,0,0,512,0,0,512,0,0,271,0,0,241,0,0,512,0.8959609270095825,104.63516235351562,83,0
1502,A,302,-0.004150032065808773,0.04554246366024017,nan,nan,512,0,-0.004150032065808773,0.04554246366024017,all_rows,512,0,0.003965974785387516,0.0546875,-0.0069751778151839975,0.0010006617376348004,0.16522323800018057,f2d933b0b1bed5870b49985655654b1b:0:0,ad5684ebdaf64a4951737444f1d77b7f:0:0,33094c068b34ac5c7e48f27bb5ecacdd:0:0,99dbb7660d7bbc7223f8da371a3bc8a0:0:1146946003,3f3572e6e73d15f8a57334730f3f6e39:1:4152571020,10,1.0,0,0,0,0,0,0,512,0,0,512,0,0,253,0,0,259,0,0,512,0.9052902460098267,104.0966796875,83,0
1503,A,303,-0.0015557175502181053,0.04281632974743843,nan,nan,512,0,-0.0015557175502181053,0.04281632974743843,all_rows,512,0,0.0038046231493353844,0.050390625,-0.008398411748930811,0.0009074695699382573,0.16315873397979885,bb196a278f50076218eedbde3288d71b:0:0,66b147e7b349960d7a687d8dbfed10b7:0:0,f2782e8df5fa966e6a52cea8eac42d14:0:0,d3a9f9fac3c13e08fe2d4241697d4ca0:0:1270594219,fba92ebfa54f489ab1766e41f927d5b6:1:729613305,10,1.0,0,0,0,0,0,0,512,0,0,512,0,0,267,0,0,245,0,0,512,0.899779200553894,105.25498962402344,87,0
1504,A,304,-0.0007182994158938527,0.04284762591123581,nan,nan,512,0,-0.0007182994158938527,0.04284762591123581,all_rows,512,0,0.0013425977667793632,0.0240234375,-0.0034370980458334087,0.0009155550855211913,0.16388852702220902,adff972e7c0d443effdb81614aec631b:0:0,bedbc696ab5799b966c8c0907c9dcd04:0:0,0d08b2f6b95e56c85bc66240632197f4:0:0,28eaacb3f2e11f5b94229f511c7ed0a0:0:4277088780,b0b3918657627cf5bcb26ce847de2e66:1:3605072837,10,1.0,0,0,0,0,0,0,512,0,0,512,0,0,251,0,0,261,0,0,512,0.8987971544265747,106.24465942382812,102,0
1505,A,305,0.004944882821291685,0.05319163575768471,nan,nan,512,0,0.004944882821291685,0.05319163575768471,all_rows,512,0,0.003174350131303072,0.0298828125,-0.002412211918272078,0.0014064686663914471,0.1642969860113226,3f0c5530ff89aabcc9f489eb9e8fef1b:0:0,3b58e54b075811f6aa78c34cafcc2911:0:0,848874b40a0075ec6fa27ae8f8506ae5:0:0,1dfa264bd0443defc7f4876a334054a0:0:2679381314,6093e409e95d6a43a53836600fece630:0:2978771909,10,1.0,0,0,0,0,0,0,512,0,0,512,0,0,269,0,0,243,0,0,512,0.9140820503234863,105.79225158691406,86,0
1506,A,306,-0.000899305974598974,0.042255956679582596,nan,nan,512,0,-0.000899305974598974,0.042255956679582596,all_rows,512,0,0.006961109582334757,0.041015625,-0.00325243198312819,0.0008870760881109163,0.1644166560145095,ad6fb39423d5126b410236892d737b1b:0:0,cabb201fad4fa400eb743cd63f0dbda1:0:0,74f6ce07a4a8e1fb17172c4590447593:0:0,4f8a28965bbf8b11c75a5090adc1d8a0:0:3396743450,21e0da82683cab1730b3f5b61d407d28:0:1058100015,10,1.0,0,0,0,0,0,0,512,0,0,512,0,0,258,0,0,254,0,0,512,0.9123201370239258,105.62831115722656,85,0
1507,A,307,0.0008511554915457964,0.041872572153806686,nan,nan,512,0,0.0008511554915457964,0.041872572153806686,all_rows,512,0,0.002473591361194849,0.0375,-0.005539999390020966,0.0008697481564013288,0.16524314502021298,08266bd94183add97ab00845f797071b:0:0,e3969493966755e0b99e77448ee299ce:0:0,d5cfd3e2187aa0af9c1ade872db62c91:0:0,e3efc5a51ee3c6ce8fa710c88c035ca0:0:1221946770,9482e964ba8b2825a411ef242f3cb103:0:78494921,10,1.0,0,0,0,0,0,0,512,0,0,512,0,0,252,0,0,260,0,0,512,0.9023519158363342,106.49041748046875,92,0
1508,A,308,-0.005409149453043938,0.046078309416770935,nan,nan,512,0,-0.005409149453043938,0.046078309416770935,all_rows,512,0,0.0018727716524153948,0.051953125,-0.005696330778300762,0.0010322463553166018,0.164470559975598,901e09d2deb737e4648cc02dfcfa931b:0:0,9658519fb500505825f9022d4c5e5473:0:0,b25bc8d20807577c534bdcdcff6f531d:0:0,d8110bceff9e0eae71c99e15ce04e0a0:0:1649896646,d50e4b445baa32abcfa5bd4c9db05856:0:1605387824,10,1.0,0,0,0,0,0,0,512,0,0,512,0,0,264,0,0,248,0,0,512,0.9090564250946045,105.88096618652344,84,0
1509,A,309,0.0059285578317940235,0.04515650495886803,nan,nan,512,0,0.0059285578317940235,0.04515650495886803,all_rows,512,0,0.0011133244261145592,0.012109375,-0.0015900786966085434,0.0009731825819471851,0.16467390896286815,560b4b55ed35ac45500a5f4d3d9e1f1b:0:0,b6e2d86895a3f922eb61e14229d4e97c:0:0,7980a9edff90baba1f7cb723671a1e54:0:0,f6056bbb952d402f964c8e7c73c664a0:0:38743615,2f19756ec97c6e339105c936ce0f2812:1:3291988887,10,1.0,0,0,0,0,0,0,512,0,0,512,0,0,245,0,0,267,0,0,512,0.9170861840248108,105.32856750488281,77,0
1510,A,310,0.0014459985541179776,0.04179399088025093,nan,nan,512,0,0.0014459985541179776,0.04179399088025093,all_rows,512,0,0.0035763985943049192,0.0232421875,-0.004878242895938456,0.0008582734008086845,0.1644602749729529,795b5c04f3998b607e7e26afb981ab1b:0:0,c31383730287a5eb38986a6d99d38b51:0:0,470a7e7d3def773d6b42fbc16c51390d:0:0,0ce6c09d2e702f00815638007d47e8a0:0:297148179,6f9f2ab386921dfc827eed0da0fb313f:1:3441793149,10,1.0,0,0,0,0,0,0,512,0,0,512,0,0,245,0,0,267,0,0,512,0.9318062663078308,104.88241577148438,89,0
1511,A,311,-0.0008138695848174393,0.0408431775867939,nan,nan,512,0,-0.0008138695848174393,0.0408431775867939,all_rows,512,0,0.0021304981783032417,0.0123046875,-0.001335478131659329,0.0008235056593548506,0.16352939896751195,491f7e05eda7a953ad20976170a5371b:0:0,85da363c124c351bced1370b84079feb:0:0,d974efcd343f4bd314a7f2a466ee76f4:0:0,45af5bd07890aefa96a8b0a5ea896ca0:0:3777849731,7549a5293166b4f67264a352b45cdacf:1:701723080,10,1.0,0,0,0,0,0,0,512,0,0,512,1,0,253,0,0,259,0,0,512,0.9300649762153625,105.36575317382812,86,0
1512,A,312,0.0026607047766447067,0.04540618136525154,nan,nan,512,0,0.0026607047766447067,0.04540618136525154,all_rows,512,0,0.0023087956942617893,0.0458984375,-0.003080891375429928,0.001012241339776665,0.16514650994213298,924328a6efd68844a10d726e6308c31b:0:0,a9a8af542820d1bbd4b13f907a17e26d:0:0,9aeb6303f6d25cbefc472d8aa9093499:0:0,74137224750f71dc9da1ce70bb8af0a0:0:1949043687,15711e86852df2caf5833c866f66a8a7:1:1862766864,10,1.0,0,0,0,0,0,0,512,0,0,512,0,0,241,0,0,271,0,0,512,0.9189178943634033,105.22095489501953,79,0
1513,A,313,-0.002999888500198722,0.04557918757200241,nan,nan,512,0,-0.002999888500198722,0.04557918757200241,all_rows,512,0,0.0038441186770796776,0.0111328125,-0.0011748021468520164,0.0010027235693996772,0.1643896900350228,7b06aa28da133defb343b8e290ac4f1b:0:0,b04908ec75842273c67ce200c647e297:0:0,7db482254527723379ce2d37c1b0df91:0:0,47c9ca192e34b8c5453b2764f04c74a0:0:1714585977,32e6424f1db911479fbf3cf609bf56f2:0:2069550487,10,1.0,0,0,0,0,0,0,512,0,0,512,1,0,243,0,0,269,0,0,512,0.9223698973655701,104.6711196899414,74,0
1514,A,314,0.0011787795228883624,0.04175945743918419,nan,nan,512,0,0.0011787795228883624,0.04175945743918419,all_rows,512,0,0.002589421346783638,0.0060546875,-0.002210780582390726,0.000858408777276054,0.16411536297528073,45dbea1aa5cfe4765ca5abc9f98fdb1b:0:0,3de8f4b8697ea25a88a38d0d6ae2b85d:0:0,3cb8158bd53362664b95dcbfcdbf525f:0:0,8e708f6f58e9d96da80a118688cdf8a0:0:973374521,d23d270f09178a6a79648538358d13fc:0:2586014665,10,1.0,0,0,0,0,0,0,512,0,0,512,0,0,250,0,0,262,0,0,512,0.9312254190444946,105.11734008789062,85,0
1515,A,315,-0.0016323181334882975,0.0452457033097744,nan,nan,512,0,-0.0016323181334882975,0.0452457033097744,all_rows,512,0,0.0018179640173912048,0.0408203125,-0.003911505965515971,0.0010167854168685153,0.16446353297214955,10a005e31b67966dc1f8cc309db3671b:0:0,8e9cd1ca2c1ff4975c46d7e9d0802d91:0:0,3d32c3f44fc67bcae9484edac4db90ae:0:0,8be7b96ed2ff9723d03fa2d9850f7ca0:0:3590077152,64bdcce922d7a235e2bf1e1b3b9efa92:0:2762757059,10,1.0,0,0,0,0,0,0,512,0,0,512,0,0,254,0,0,258,0,0,512,0.930984377861023,104.90369415283203,64,0
1516,A,316,-0.001055860542692244,0.04706764593720436,nan,nan,512,0,-0.001055860542692244,0.04706764593720436,all_rows,512,0,0.0034496039152145386,0.0107421875,-0.00034998091869056227,0.0011054850299842655,0.16939876199467108,fc032949fae3f62d3fe5db227d16f31b:0:0,afe87536ca0502d42363e8ce81a6b9f2:0:0,9ecb10ab9127739f88c88adfb4c15686:0:0,125a7e55ace54f853ba8b161e51100a0:0:1386163443,c2dd8537099536749c5d6c7860758ee7:1:3914295776,10,1.0,0,0,0,0,0,0,512,0,0,512,0,0,264,0,0,248,0,0,512,0.932231068611145,104.17170715332031,57,0
1517,A,317,0.005248631350696087,0.044438306242227554,nan,nan,512,0,0.005248631350696087,0.044438306242227554,all_rows,512,0,0.003912431187927723,0.0474609375,-0.005695663066580892,0.0009848055662587285,0.16609977203188464,f5003904e430405cf6f8d9ab97ba7f1b:0:0,9af21db6aaed78d47a73bedffd56a0cc:0:0,4f8f2da9d2ef6d46a7f6aff7b680226d:0:0,b804df6d2dd4faf95fadd323a8d284a0:0:825889817,d65840619a9014ff9d2508fd9ef9df1e:1:3930382371,10,1.0,0,0,0,0,0,0,512,0,0,512,0,0,241,0,0,271,0,0,512,0.937745988368988,103.72771453857422,84,0
1518,A,318,-0.002917317673563957,0.04489012062549591,nan,nan,512,0,-0.002917317673563957,0.04489012062549591,all_rows,512,0,0.002347037196159363,0.019140625,-0.0006656403420493007,0.0010053263395093381,0.1641405529808253,7acfa57f8ac5e9c457a108d7ed9e0b1b:0:0,f71b2402c042bb56c9045eb4976ff849:0:0,aafa9bffddebceb79c7e7c3217fa5c98:0:0,92c96e4e017800ec2d535e22d05408a0:0:3440558212,dc2ff9b7752a0449fabf9e20484fb1f1:0:550448762,10,1.0,0,0,0,0,0,0,512,0,0,512,0,0,268,0,0,244,0,0,512,0.9309161901473999,104.17781829833984,69,0
1519,A,319,-0.001095823710784316,0.050376031547784805,nan,nan,512,0,-0.001095823710784316,0.050376031547784805,all_rows,512,0,0.0037740631960332394,0.065625,-0.0064813528209924694,0.0012582910276250914,0.1650063470005989,0a04084a00dec858ae30e9b37ec1971b:0:0,92b304e4fed81104baa455232867a982:0:0,04b6b0408705f474c892f8402c60b7ea:0:0,84a604e87e08dfc8953968635b958ca0:0:2463017396,16088f057823660c8715a6b237952c3d:1:2357782861,10,1.0,0,0,0,0,0,0,512,0,0,512,0,0,254,0,0,258,0,0,512,0.9267609119415283,104.6607894897461,73,0
1520,A,320,0.0004835213767364621,0.050967056304216385,nan,nan,512,0,0.0004835213767364621,0.050967056304216385,all_rows,512,0,0.008838281035423279,0.0501953125,-0.003809147165156901,0.0012940722750499844,0.1659882550011389,2cbc06cb2638c78baede3d4a4b25231b:0:0,01f495064e7693b4ba8bc37a910fcadc:0:0,2b6448e4af6997137da7460f8970aa91:0:0,a3c446f1b1f5a8b30b9bc7e94a9710a0:0:419127992,2a4bc1d7d20d708e663e9b47c29e6b3a:1:3977452886,10,1.0,0,0,0,0,0,0,512,0,0,512,0,0,259,0,0,253,0,0,512,0.9297593235969543,103.85872650146484,78,0
1521,A,321,-0.0015246460679918528,0.04857433959841728,nan,nan,512,0,-0.0015246460679918528,0.04857433959841728,all_rows,512,0,0.001257537747733295,0.0328125,-0.0017970701213926078,0.0011138433095766232,0.16339337802492082,6b4b5908867727da01c204a852c8af1b:0:0,9cad374d90fecb6faf87c4711305d045:0:0,49f6f7ddfcb2e632033baef7585ca738:0:0,e9046461a8074f040c5212b89d5894a0:0:1436399181,1c570dec97b16130baa614fa7851f866:1:2907562546,10,1.0,0,0,0,0,0,0,512,0,0,512,0,0,251,0,0,261,0,0,512,0.9236462712287903,104.11467742919922,75,0
1522,A,322,-0.0006351920310407877,0.041888438165187836,nan,nan,512,0,-0.0006351920310407877,0.041888438165187836,all_rows,512,0,0.004548192024230957,0.0443359375,-0.007020170474424959,0.0008539345115423202,0.16508337703999132,53acc388332d4999ced880d995ac3b1b:0:0,00bab602a26bf626ac981799d9e4ff07:0:0,c066a16fadd61810f72096f4757f1012:0:0,5435b9bb1111cb829ecf9ed553da18a0:0:1587091031,d8a314927ad3102abf15f205109518bf:1:3684326825,10,1.0,0,0,0,0,0,0,512,0,0,512,0,0,248,0,0,264,0,0,512,0.9310694336891174,104.01538848876953,71,0
1523,A,323,-0.005079721566289663,0.04947874695062637,nan,nan,512,0,-0.005079721566289663,0.04947874695062637,all_rows,512,0,0.00870376918464899,0.0365234375,-0.002123370673507452,0.0012114572571590542,0.16357684100512415,63b84f84659f03094a0132ea13cfc71b:0:0,0da619eed73a217a4f246990cf277c5a:0:0,c4c95f51e0db5632682936a6a5f9f86b:0:0,617993e04231135eda2382436e1b9ca0:0:714079931,9151ea0ce5ab831f9f7b00279f3cdbed:0:3081336207,10,1.0,0,0,0,0,0,0,512,0,0,512,0,0,273,0,0,239,0,0,512,0.9323661923408508,104.28060150146484,70,0
1524,A,324,-0.0008064054418355227,0.05145135149359703,nan,nan,512,0,-0.0008064054418355227,0.05145135149359703,all_rows,512,0,0.0011245374334976077,0.0193359375,-0.0037147234659641983,0.0013181715679820628,0.1635505470330827,adbc14dbf442819d3efedbe5cd33531b:0:0,4cc69dc2120ae70387b42004b0b1bd3c:0:0,2a15219e569b10e9f0271d1de9c9993a:0:0,43488a453696e2ec68f89306ec1d20a0:0:3259771824,cb498bbb7fc50c94ddc25d4357dc2a76:0:4122872326,10,1.0,0,0,0,0,0,0,512,0,0,512,0,0,257,0,0,255,0,0,512,0.9337741732597351,104.86490631103516,70,0
1525,A,325,0.001934790052473545,0.04904736205935478,nan,nan,512,0,0.001934790052473545,0.04904736205935478,all_rows,512,0,0.005888077896088362,0.0181640625,-0.0007538262754678727,0.0011896940763108433,0.16597864701179788,6bf27d5de80fb68f9d777cd8c1d6df1b:0:0,6bf6c5b0928613e3083db0d851dccc1a:0:0,d1cb8af16d5f75a5e4bbacc5b3c25cd1:0:0,1c02935a03ed5c1d0d956723cddea4a0:0:2049126376,fe76d19b704552eb43b9e6df98c0de21:1:2073980553,10,1.0,0,0,0,0,0,0,512,0,0,512,0,0,253,0,0,259,0,0,512,0.9256379008293152,105.75756072998047,73,0
1526,A,326,-0.0002086738240905106,0.04000914841890335,nan,nan,512,0,-0.0002086738240905106,0.04000914841890335,all_rows,512,0,0.002713191555812955,0.021484375,-0.002670918102376163,0.0007840843521989882,0.1637282760348171,40a70941bda94eae04f456cef1ba6b1b:0:0,39593b2fb0808e7daf305bed11cb8d06:0:0,26d64f5abc3cfc084d6044dd68cd0d9f:0:0,ac952c14f05278bb25dc549e136028a0:0:291268170,b663b66270e8b9eff903404b706679eb:1:2974286966,10,1.0,0,0,0,0,0,0,512,0,0,512,0,0,251,0,0,261,0,0,512,0.936885416507721,104.94863891601562,68,0
1527,A,327,-0.0015527164796367288,0.04537135735154152,nan,nan,512,0,-0.0015527164796367288,0.04537135735154152,all_rows,512,0,0.0019432046683505177,0.0396484375,-0.005576056428253651,0.0010084549139719456,0.1655718590482138,71ea48d11e6b356850e1ead45cddf71b:0:0,9a86d7014c23f676870a4c2736ff65de:0:0,0d8db3bb817837bbd512f8ad4d2aebde:0:0,df59a48f18f050642f4b7179bca1aca0:0:632024392,899d2a9525ce8ca681fe14332992feef:0:2199329938,10,1.0,0,0,0,0,0,0,512,0,0,512,0,0,255,0,0,257,0,0,512,0.9357314109802246,105.03866577148438,68,0
1528,A,328,6.927736103534698e-05,0.053557388484478,nan,nan,512,0,6.927736103534698e-05,0.053557388484478,all_rows,512,0,0.001603625132702291,0.021875,-0.0031745687127113344,0.0014279155118856579,0.16479590896051377,e3bef77b1d6aa31f248ff9f50341831b:0:0,e6a234ce3746445480c628778e92f298:0:0,61c8809232cfac30a93a7cc72878b651:0:0,8297e0b2583632434afc93bac9a330a0:0:2442461923,beca42017eb4a0bdd5d9bfabbbfae349:1:4216687260,10,1.0,0,0,0,0,0,0,512,1,0,512,0,0,272,0,0,240,1,0,512,0.9263474345207214,106.02220153808594,60,0
1529,A,329,0.0008330068667419255,0.043310023844242096,nan,nan,512,0,0.0008330068667419255,0.043310023844242096,all_rows,512,0,0.004576660227030516,0.016015625,-0.001745670405216515,0.0009136619191849604,0.1616599690169096,c5ece8bc4473b6b27731853ce4e50f1b:0:0,0fc2417392c29d72b5d35a469597422b:0:0,86fbeef016e647498bac191a9ee9fc13:0:0,b0d79d02dab6928bc1a551653a64b4a0:0:3330149666,47bfdcfe4b00cba4386071c549219f76:1:2859024367,10,1.0,0,0,0,0,0,0,512,0,0,512,0,0,250,0,0,262,0,0,512,0.9277127385139465,106.66421508789062,79,0
1530,A,330,0.0019259804394096136,0.042319923639297485,nan,nan,512,0,0.0019259804394096136,0.042319923639297485,all_rows,512,0,0.003085937350988388,0.0408203125,-0.005217117816209793,0.0008958277059718967,0.1648764829733409,b662c779fd109a501fdccdb801c89b1b:0:0,9358abc2d13d9bb854bdd37c6c13beef:0:0,a4fd07f1a33645e8e8fa8e09047a3320:0:0,121b8c9a91adcbb38797007d0ee638a0:0:962119886,10850dfc8eeebf49e0926bcbb036680c:1:1593931363,10,1.0,0,0,0,0,0,0,512,0,0,512,1,0,250,0,0,262,0,0,512,0.9310293197631836,106.0569839477539,63,0
1531,A,331,-0.004703149665147066,0.047427698969841,nan,nan,512,0,-0.004703149665147066,0.047427698969841,all_rows,512,0,0.0024365661665797234,0.01640625,-0.001450752792879939,0.001075848680920899,0.1633003960014321,598584a321a63382618b547259ec271b:0:0,c5c41cb3e76bb0701bb60c1506aae879:0:0,08d81d5ba88ed249c42527674ddea03a:0:0,94066e787235b36dc0beb7064727bca0:0:4054356094,59f7c6d083d3ff5092bae10fd2c79528:0:1370088237,10,1.0,0,0,0,0,0,0,512,0,0,512,0,0,254,0,0,258,0,0,512,0.9378198385238647,105.63439178466797,68,0
1532,A,332,0.005678353365510702,0.048045992851257324,nan,nan,512,0,0.005678353365510702,0.048045992851257324,all_rows,512,0,0.005231717601418495,0.0298828125,-0.0029177897609770297,0.0010899628541665152,0.16459502698853612,fa3bba1ac2b25e7e7719da77ed4fb31b:0:0,de9906a7d997f0da8c661c9043097f87:0:0,7dd8e26fb8728b10be1935d66cc6193e:0:0,b3828551302a036544a54b04e32940a0:0:3848089652,29e9b07bbaa5f25ab14ea039e4df1c6c:1:2376477124,10,1.0,0,0,0,0,0,0,512,0,0,512,0,0,269,0,0,243,0,0,512,0.9410096406936646,105.0633773803711,55,0
1533,A,333,-0.001030045561492443,0.04297541081905365,nan,nan,512,0,-0.001030045561492443,0.04297541081905365,all_rows,512,0,0.0004304185276851058,0.0166015625,-0.0012402386171743273,0.0009228868264472112,0.16564045596169308,7f2c3b256c37b4b31f4860d4bbf33f1b:0:0,0af92ca190defdb9bfc38a69908afcca:0:0,9ec58e3f1c398db59b344fdeaeb9c3ef:0:0,3c8fae1ae3c195b7226f527ce2eac4a0:0:2720939457,1df6a36b3c18ae7eb82a640575236533:0:2605431182,10,1.0,0,0,0,0,0,0,512,0,0,512,1,0,240,0,0,272,0,0,512,0.9422425031661987,105.82695770263672,65,0
1534,A,334,-0.0021035552490502596,0.04557434096932411,nan,nan,512,0,-0.0021035552490502596,0.04557434096932411,all_rows,512,0,0.002652416005730629,0.0283203125,-0.002095089852809906,0.0010287262819474563,0.16420720296446234,c4c98bc47762de9728ba2894c5d6cb1b:0:0,6e210741b3077ade75888eae5a36151f:0:0,f01c08ff31dded76df140f3a9065c7da:0:0,c01ba698c8e0752d24dd2372466c48a0:0:2246741644,f3eb835f6dae6cb9bf78ef4b79ab535f:1:3375808833,10,1.0,0,0,0,0,0,0,512,0,0,512,0,0,258,0,0,254,0,0,512,0.9471633434295654,105.83482360839844,65,0
1535,A,335,5.107757169753313e-05,0.05711041018366814,nan,nan,512,0,5.107757169753313e-05,0.05711041018366814,all_rows,512,0,0.0016872906126081944,0.04296875,-0.004767568060196936,0.0016189117159228772,0.1660584910423495,0fa0049e347570b7fdf5b2c40afa571b:0:0,851035acedea9f84a9b5677edea73691:0:0,a54aa68afd8f66e8dc1c0e6246d25ade:0:0,2ffaee380726c138564ad3e90dadcca0:0:3004118535,87194738f0217deba53317ab9b02ec22:1:3046230244,10,1.0,0,0,0,0,0,0,512,0,0,512,0,0,275,0,0,237,0,0,512,0.9533011317253113,104.92078399658203,34,0
1536,A,336,-0.003103452967479825,0.045656029134988785,nan,nan,512,0,-0.003103452967479825,0.045656029134988785,all_rows,512,0,0.0033047457691282034,0.0349609375,-0.0035195428179576995,0.001044797623762861,0.1638088829931803,ab320144f90254083164c06e8b5de31b:0:0,425e21faa75c8d04ba2f2c5b7810a3a0:0:0,a76e8afb69ef9b423414b3e0beb290be:0:0,59ff089a31c065ab84b039e538af50a0:0:3168022389,f9ce676a04fb15a76587dfb8fd6c4ed4:1:1898373963,10,1.0,0,0,0,0,0,0,512,0,0,512,0,0,244,0,0,268,0,0,512,0.9602432250976562,104.35514831542969,48,0
1537,A,337,0.006033768877387047,0.04563494026660919,nan,nan,512,0,0.006033768877387047,0.04563494026660919,all_rows,512,0,0.005288818851113319,0.0333984375,-0.004167984426021576,0.001008722500409931,0.16434962197672576,c2bc9ae25e87b96e095452a047016f1b:0:0,dfba8161bb2e96c9494f98e70978323a:0:0,26d03a383e055594b78cdd3648b633dd:0:0,a080ca35edf9a635c5a0eb6ac770d4a0:0:1596623218,9a3710959225d40639947c2f4134f16e:1:3947644053,10,1.0,0,0,0,0,0,0,512,0,0,512,0,0,255,0,0,257,0,0,512,0.9470453262329102,104.82233428955078,44,0
1538,A,338,-0.0024644588120281696,0.04725569859147072,nan,nan,512,0,-0.0024644588120281696,0.04725569859147072,all_rows,512,0,0.001614584238268435,0.0080078125,-0.0011439560446888208,0.0010966813890263439,0.16479235503356904,edc8217f3d7298920bf4aa653de4fb1b:0:0,6149f029bb7317dd6bb8cfa99f8fa21c:0:0,fcce1c7727795b280c79e98618e85b7b:0:0,9442bc81ef9c7d9cfa4c3e7db9f258a0:0:3803410729,e57d08359941f3ffb6f6cf5e83143c47:1:3320034701,10,1.0,0,0,0,0,0,0,512,0,0,512,0,0,253,0,0,259,0,0,512,0.9516823291778564,104.07888793945312,42,0
1539,A,339,-0.0015150402905419469,0.044973134994506836,nan,nan,512,0,-0.0015150402905419469,0.044973134994506836,all_rows,512,0,0.0018075394909828901,0.0599609375,-0.005812432966195047,0.001010030327597633,0.16214005602523685,a5a9c2543097b9ed8b5948c97008871b:0:0,33100a75e8b63ee62c1fe76bbbc4fa62:0:0,1ca8dcace50dfc9fca07d005bb64c933:0:0,3d10902a3a1ad0b8537d49221033dca0:0:405855451,122aa8a97d5b7383971adf5fc366fa8d:1:3897755519,10,1.0,0,0,0,0,0,0,512,0,0,512,0,0,246,0,0,266,0,0,512,0.952596127986908,103.70176696777344,36,0
1540,A,340,-0.0013313132803887129,0.04350209981203079,nan,nan,512,0,-0.0013313132803887129,0.04350209981203079,all_rows,512,0,0.0033137956634163857,0.041796875,-0.004978828970342875,0.000931748517905362,0.1661774609819986,be5791c1ad2e4c193178eed8dd6c131b:0:0,4df6c09d4969268a3ad2d91c27436948:0:0,3337e799504829eb6ec20a0e9105c0b4:0:0,2fb500db5589752ad59ae15bca3560a0:0:2975811068,f2376df496a4ae4af1b854845d76c0ac:0:955488012,10,1.0,0,0,0,0,0,0,512,0,0,512,0,0,230,0,0,282,0,0,512,0.9416165947914124,104.76011657714844,36,0
1541,A,341,-0.0009634527959860861,0.053292714059352875,nan,nan,512,0,-0.0009634527959860861,0.053292714059352875,all_rows,512,0,0.002590904477983713,0.017578125,-0.0007100636139512062,0.0013934516988229006,0.1668659399729222,e76583c1fb58045b8c2d9d9f860f9f1b:0:0,111bb948fa942d7987802ba0dde6402c:0:0,a546ad5a7235c5234eb825188b2dace6:0:0,4c877f3ae6700bdddca79d2ee7f6e4a0:0:3723473412,877c48c9c17bd5f8c31f764110132208:1:1756658680,10,1.0,0,0,0,0,0,0,512,0,0,512,0,0,258,0,0,254,0,0,512,0.9539963006973267,103.8371810913086,39,0
1542,A,342,-0.0016167870489880443,0.048077911138534546,nan,nan,512,0,-0.0016167870489880443,0.048077911138534546,all_rows,512,0,0.0019483716459944844,0.0201171875,-0.002407245058566332,0.001147079697693698,0.16321952495491132,04f0bdda9b42ca779934962969f32b1b:0:0,24f0818c88916cedd3664e35ff0555c0:0:0,e8d8ed56c148a150567d129c30fac2a8:0:0,6dae6ab0d771af3ba041d29f697868a0:0:3241735033,97cfdb8f87d8b2ea65da0b990737d161:0:3020389148,10,1.0,0,0,0,0,0,0,512,0,0,512,0,0,257,0,0,255,0,0,512,0.9670557379722595,102.77127838134766,15,0
1543,A,343,0.0015361426630988717,0.047325339168310165,nan,nan,512,0,0.0015361426630988717,0.047325339168310165,all_rows,512,0,0.001683394773863256,0.0244140625,-0.000500956317409873,0.00111863523197826,0.16494781000074,b6e719c5e2efefbb522e59828916b71b:0:0,b6d9b222cd45917820372c0da6ba003f:0:0,cc581af6b8631aa591c4264e3c1a6b96:0:0,ab019db003d27529b7a397b14eb9eca0:0:2152946406,9ec70d11de0d415bd64c9f22f6e4aa62:1:1716638678,10,1.0,0,0,0,0,0,0,512,0,0,512,1,0,258,0,0,254,0,0,512,0.9678586721420288,103.4469223022461,35,0
1544,A,344,-0.0020414479076862335,0.04267823323607445,nan,nan,512,0,-0.0020414479076862335,0.04267823323607445,all_rows,512,0,0.007218257524073124,0.012109375,-0.0013546907342970372,0.0009088822320336476,0.1684222299954854,82baa840e0acf14e389ea8b6e37a431b:0:0,3cb128f9dfa62d5deee8f014af719704:0:0,a4a892e1354f25c19e136f7d1c60e511:0:0,6efb8c3911ddc4c39da2c26897bb70a0:0:3436612734,e4d0f0ab7ac1d3fb72b17910a7c4c40e:1:818208238,10,1.0,0,0,0,0,0,0,512,0,0,512,0,0,251,0,0,261,0,0,512,0.9611859321594238,104.31877899169922,49,0
1545,A,345,-0.0016471543349325657,0.048746030777692795,nan,nan,512,0,-0.0016471543349325657,0.048746030777692795,all_rows,512,0,0.0021007866598665714,0.070703125,-0.004921258566901088,0.001183875324204564,0.16634697397239506,a36c879cce49c5bfe1ec84d2791dcf1b:0:0,a1c70ef52afc9b93bb5b83145cb85536:0:0,4fcf08f9c01f52e06be950104a1a9fb8:0:0,a81d355dec317fd534b0e8c9447cf4a0:0:1697256290,6cf569357debb73da3add1142a9022f0:1:4017273273,10,1.0,0,0,0,0,0,0,512,0,0,512,0,0,275,0,0,237,0,0,512,0.9478853940963745,105.81002044677734,52,0
1546,A,346,0.001008237013593316,0.048914991319179535,nan,nan,512,0,0.001008237013593316,0.048914991319179535,all_rows,512,0,0.003089260309934616,0.008203125,-0.00029856436885893344,0.0011837047291919588,0.16623142699245363,612f71e6a118b5d683622ee14a015b1b:0:0,22e71b2337cb58389be1d5dba8134771:0:0,80b0fd2d59e93f32be68a88cb5bb0f8b:0:0,3052ad9808f200154adb60d754fe78a0:0:2337777820,2f178645c084215852bbf3e00305e4fc:1:3029317006,10,1.0,0,0,0,0,0,0,512,0,0,512,0,0,246,0,0,266,0,0,512,0.9390642642974854,106.32894134521484,61,0
1547,A,347,-0.002616431098431349,0.04774056002497673,nan,nan,512,0,-0.002616431098431349,0.04774056002497673,all_rows,512,0,0.007951897569000721,0.0484375,-0.0029519135365262627,0.0011195841332664713,0.16620998596772552,d7f102aa82c3c09d7e2d27ef5624e71b:0:0,6725c6620ab113a2e1e950ad3c81fd42:0:0,d17bd1b492de4081b060265ab334af45:0:0,540310cf6deae8201dcb4096c93ffca0:0:2829320782,896c9c86565fafc9706a5042dda22cbc:0:587161821,10,1.0,0,0,0,0,0,0,512,0,0,512,0,0,265,0,0,247,0,0,512,0.9430258870124817,105.53107452392578,59,0
1548,A,348,0.0018215540330857038,0.04622209072113037,nan,nan,512,0,0.0018215540330857038,0.04622209072113037,all_rows,512,0,0.0031901514157652855,0.01015625,-0.002390832593664527,0.0010474647046066821,0.16617659700568765,1e20dc8c3f038ab3eb5e31089d88731b:0:0,05c43d2b7cb91835c94580d58bfb4775:0:0,3c27883691959b9bb1d78fe2678a83e6:0:0,784737fc20a0c831dec55e0ba14180a0:0:126165574,1ae8070b03aa2c6857849edabde1510d:0:2503324263,10,1.0,0,0,0,0,0,0,512,0,0,512,0,0,268,0,0,244,0,0,512,0.930806577205658,105.94957733154297,63,0
1549,A,349,-0.0009243132080882788,0.043507374823093414,nan,nan,512,0,-0.0009243132080882788,0.043507374823093414,all_rows,512,0,0.002072907518595457,0.0478515625,-0.005781448446214199,0.0009383660915773361,0.16601417097263038,a64e8b20f243d8db27e94b39202bff1b:0:0,76cca1e1a5e5d2d419b2bb4aa5c312ed:0:0,722ed06f808fa95dbce11f1c7203033c:0:0,7f069f57715796a136aa4f39dd0304a0:0:1487479810,736d5a5544ceb2c0a52d114a5e01a2eb:0:2901476029,10,1.0,0,0,0,0,0,0,512,0,0,512,0,0,263,0,0,249,0,0,512,0.9420629143714905,105.85206604003906,53,0
1550,A,350,-0.0016033764695748687,0.04478555917739868,nan,nan,512,0,-0.0016033764695748687,0.04478555917739868,all_rows,512,0,0.005010141059756279,0.0734375,-0.008055805368348956,0.0009994164196541534,0.16831714200088754,59f23da9854195c560a5b78cde0f8b1b:0:0,f6587810c3c4c8b8593302c3f0660b24:0:0,48c30a62430b88c8c1bde223bacb7ebe:0:0,f4317f1e5011fc19c9f66a257c8488a0:0:3996690905,736c9943b8cf0e272c394e309c8d2fe6:0:1143086101,10,1.0,0,0,0,0,0,0,512,1,0,512,0,0,262,0,0,250,1,0,512,0.945629894733429,105.83941650390625,72,0
1551,A,351,0.0003016943810507655,0.04851628467440605,nan,nan,512,0,0.0003016943810507655,0.04851628467440605,all_rows,512,0,0.0047205230221152306,0.0447265625,-0.004895503306761384,0.001176221776404418,0.1654709330177866,25294380c1ae63241e4df70fd733171b:0:0,f74fe419eacae797b7ded2e3b5cd6119:0:0,f747121acdce8e21e3cdc32c6cc8718e:0:0,8cba31f19a8d7396bcc1c4d27fc60ca0:0:2091479014,12f0f791cc189c67c34117a3a415e23f:1:2367364611,10,1.0,0,0,0,0,0,0,512,0,0,512,0,0,268,0,0,244,0,0,512,0.9365440011024475,106.44991302490234,66,0
1552,A,352,0.003720097942277789,0.049554530531167984,nan,nan,512,0,0.003720097942277789,0.049554530531167984,all_rows,512,0,0.002524313982576132,0.024609375,-0.0055895908270031215,0.0012103774584829806,0.16459806700004265,559d8b430be5b5f6d17fcace0b96a31b:0:0,5d683a64ced92587f7d92e5dd1ac3892:0:0,f5f34f1e475bde62e0a2f149d516217b:0:0,520ea0ed123f3e1d36c03544e6c790a0:0:2330711628,c01a9bb1478172b2c811cdd788fcbc01:1:1449578365,10,1.0,0,0,0,0,0,0,512,0,0,512,0,0,263,0,0,249,0,0,512,0.929276704788208,107.26940155029297,61,0
1553,A,353,-0.002963331528007984,0.045962683856487274,nan,nan,512,0,-0.002963331528007984,0.045962683856487274,all_rows,512,0,0.002494209446012974,0.0037109375,-0.0007813528180122375,0.0010308840282959864,0.16443351801717654,257749e90dbf7e195ebc33d37b3a2f1b:0:0,5d09ba066c347cd454501434bbba1840:0:0,c3a63594e76a71c29f015ca4a9fba064:0:0,3f648e9969562a36e7415180b18914a0:0:2100146251,3781aa10732da967f316687ba8f4ac74:0:681452734,10,1.0,0,0,0,0,0,0,512,0,0,512,0,0,245,0,0,267,0,0,512,0.9391390085220337,106.35279846191406,61,0
1554,A,354,0.0024142947513610125,0.046571049839258194,nan,nan,512,0,0.0024142947513610125,0.046571049839258194,all_rows,512,0,0.0020808749832212925,0.0158203125,-0.00248887084890157,0.0010765203594928607,0.16295880899997428,e9595f41de8c5912aa67732c261dbb1b:0:0,ab1b2df346f175b14fa2e2d1147f5ce5:0:0,33ac7f2e98d4284369bf23c84fb87ec0:0:0,5cf13ee995c52f2c89306f89e00a98a0:0:2674858411,8c245a8d014eb6d50b694d6b866dab2b:0:3504628671,10,1.0,0,0,0,0,0,0,512,0,0,512,0,0,246,0,0,266,0,0,512,0.95030677318573,105.5242919921875,65,0
1555,A,355,0.0006274734623730183,0.04546545818448067,nan,nan,512,0,0.0006274734623730183,0.04546545818448067,all_rows,512,0,0.002829392906278372,0.0462890625,-0.0049008771544322375,0.001031677782884799,0.16623577295104042,7944096c7447502324c909e40c41471b:0:0,7036c2c236d66148254dcc6920cd5b31:0:0,36664c38da0eef96164d2c07d6bdeaca:0:0,cbde237f595adc006714a564724c1ca0:0:2709965509,ec0762c39b81e404e6d082df16d552e1:1:1526465425,10,1.0,0,0,0,0,0,0,512,0,0,512,0,0,257,0,0,255,0,0,512,0.9592689871788025,105.06299591064453,53,0
1556,A,356,-0.0038371258415281773,0.045154597610235214,nan,nan,512,0,-0.0038371258415281773,0.045154597610235214,all_rows,512,0,0.0052426583133637905,0.04453125,-0.0038593321107327936,0.001018921608920209,0.16547258401988074,6b0e01236a092193560bb9072da4d31b:0:0,1cf3786257aea621a5a3730f23a3650c:0:0,965ff2a08dc1203c502100fe44541cce:0:0,0038e07eade99a28df10c914684da0a0:0:3743951210,70a4f82c0a8f55cf3b46ade55e368c4d:1:1268619300,10,1.0,0,0,0,0,0,0,512,0,0,512,0,0,262,0,0,250,0,0,512,0.968214213848114,104.3012924194336,33,0
1557,A,357,0.002731043379753828,0.04481858015060425,nan,nan,512,0,0.002731043379753828,0.04481858015060425,all_rows,512,0,0.0018195665907114744,0.0126953125,-0.000726370420306921,0.0010033910250058398,0.16395649395417422,6d322ce167c915426a3d81a18a485f1b:0:0,2fa498ecedbebd80dad2de6dcc09675a:0:0,c7fa593c876e8884d2ec693bf614e188:0:0,d7fd2f438484c40ae6e3709dc20f24a0:0:4076794420,dc02cf6f3631c1c8482f5b2fe428279b:0:1529381284,10,1.0,0,0,0,0,0,0,512,0,0,512,0,0,271,0,0,241,0,0,512,0.962562084197998,104.49422454833984,41,0
1558,A,358,-0.0003377667744643986,0.046320486813783646,nan,nan,512,0,-0.0003377667744643986,0.046320486813783646,all_rows,512,0,0.015594842843711376,0.0859375,-0.010949473921209573,0.0010682261985493825,0.16435134899802506,5d37b917b7775c74bd4fa4bf222beb1b:0:0,48260cd9ebc5b9c23bd0b2d6fb477aad:0:0,f3d1220b457b32a558401d1e92ad83c3:0:0,9b6ad95906d68f348fe6f2047f90a8a0:0:1977948318,8be22a478e30e2d3e2e80415bc5183bd:0:2358794331,10,1.0,0,0,0,0,0,0,512,0,0,512,0,0,252,0,0,260,0,0,512,0.947308361530304,104.95133209228516,47,0
1559,A,359,0.00125493120867759,0.04859670624136925,nan,nan,512,0,0.00125493120867759,0.04859670624136925,all_rows,512,0,0.001005380880087614,0.00703125,-0.0008112948853522539,0.001177154149627313,0.1655039240140468,713b8fe3d37cfce26716a36bf54f771b:0:0,010defceae5c750d4c6acc8b78d31f92:0:0,185c89b61d9d6d3846b3e3d879532ecb:0:0,7ee13f1d4992ca578b11634ca0d22ca0:0:3531722223,f7979626f05c7de39a7814e54486dee9:1:1870403101,10,1.0,0,0,0,0,0,0,512,0,0,512,0,0,255,0,0,257,0,0,512,0.9549017548561096,105.09622955322266,66,0
1560,A,360,0.000342567334882915,0.046455565840005875,nan,nan,512,0,0.000342567334882915,0.046455565840005875,all_rows,512,0,0.0021927333436906338,0.0546875,-0.00504044140689075,0.001079158441280015,0.16669071099022403,d35ce2e3faad4705c74a3eb403b3031b:0:0,c6e2330c995781cd62c120dc159276fa:0:0,404ccf72b010af5aa8d225c88965aa92:0:0,3d349a881f0a6f03acf49a7a25d3b0a0:0:3209110400,60cde7baee4a41f44bb2bb3deceb350f:0:2708798251,10,1.0,0,0,0,0,0,0,512,0,0,512,0,0,259,0,0,253,0,0,512,0.958795428276062,104.83528900146484,53,0
1561,A,361,-0.0010061385110020638,0.06103852391242981,nan,nan,512,0,-0.0010061385110020638,0.06103852391242981,all_rows,512,0,0.003566448111087084,0.0166015625,-0.003918201103806496,0.0016898410220164805,0.16554545500548556,3b42bdfe15b4d7aa118577a34d568f1b:0:0,fa50b1dae54e99c367f0e317ee6f0cdc:0:0,a1c05b7171307893b4e8175eb9e82c9f:0:0,169f6f9778e4072171be2d910e9534a0:0:188287504,7bef57cd20b72a7d077035c6755c06fb:0:1470935577,10,1.0,0,0,0,0,0,0,512,0,0,512,0,0,264,0,0,248,0,0,512,0.9605217576026917,104.14299774169922,41,0
1562,A,362,-0.0012452470837160945,0.0539114736020565,nan,nan,512,0,-0.0012452470837160945,0.0539114736020565,all_rows,512,0,0.004998435266315937,0.0271484375,-0.0026352197397500276,0.0014139191422145813,0.1642287860158831,40de6a1f7a1224b9d9468f45d23a1b1b:0:0,008c391f32eff6a52399e224e1c3aff4:0:0,c76f25ce7fa22285bc6f52bf356ab1ca:0:0,2fd460ef87fce62c813772955b16b8a0:0:3516259426,00fbcc1f91b58e670ed427571d0d8314:1:238021448,10,1.0,0,0,0,0,0,0,512,0,0,512,0,0,262,0,0,250,0,0,512,0.9613113403320312,103.51679992675781,36,0
1563,A,363,0.0014324703952297568,0.05322445556521416,nan,nan,512,0,0.0014324703952297568,0.05322445556521416,all_rows,512,0,0.002701972145587206,0.0248046875,-0.006024022726342082,0.0013929034408647566,0.16712986800121143,2f35c32f56a3954d9def06a7925da71b:0:0,15e73797089b5cf39ad519ebe091d5f9:0:0,b51a78c2cb4c34f11e9ee5f67a58a622:0:0,3a09e8488977362e32c57f8b0b583ca0:0:708322098,5123877cff44d03a8a59ab4859952f01:0:536067511,10,1.0,0,0,0,0,0,0,512,0,0,512,0,0,252,0,0,260,0,0,512,0.9628907442092896,104.46965026855469,52,0
1564,A,364,-0.0012828664621338248,0.05196583643555641,nan,nan,512,0,-0.0012828664621338248,0.05196583643555641,all_rows,512,0,0.011396564543247223,0.06640625,-0.006652479153126478,0.001332244765944779,0.16537463699933141,e1a18ca0d5d724fa56c39ed48dc1331b:0:0,5c9153cd5967dbc3f62ccde668ef806a:0:0,7837c41ae5f64b8b9a2e8ce4bf60a2ad:0:0,bbe23f4feff8d87811692a761f59c0a0:0:1424474756,97f99ef806050246fbb737f178253e6f:1:1274085857,10,1.0,0,0,0,0,0,0,512,0,0,512,0,0,259,0,0,253,0,0,512,0.9515489935874939,105.30042266845703,50,0
1565,A,365,0.00279570952989161,0.051824845373630524,nan,nan,512,0,0.00279570952989161,0.051824845373630524,all_rows,512,0,0.0017971843481063843,0.00625,-0.0018615565728396176,0.0013229873671662062,0.16477162099909037,8cc644454187925ffeec58d8c464bf1b:0:0,da0ba1b62e3b98f4d0b6e29ff90b99c8:0:0,8d065284b491d1b62a002c7b13039e20:0:0,878e16ae581f1a1e5fbf095a971b44a0:0:1736585055,45bc61c793c29b0a155ad6d9fc8ff319:1:3020531827,10,1.0,0,0,0,0,0,0,512,0,0,512,0,0,252,0,0,260,0,0,512,0.9350942373275757,105.77009582519531,61,0
1566,A,366,0.0022180730011314154,0.048368535935878754,nan,nan,512,0,0.0022180730011314154,0.048368535935878754,all_rows,512,0,0.003253879491239786,0.008984375,-0.003064365778118372,0.0011615601019002498,0.16588851396227255,19e1f331b49318f8217475c036484b1b:0:0,be1879efc160d8b951a6b3ccd147afe1:0:0,1cce6208463aa313c6531552644884bc:0:0,28388def772b3c329bff723c729cc8a0:0:615313919,0db10e0f311a72eefc95b39c38ca11f8:1:3726940082,10,1.0,0,0,0,0,0,0,512,0,0,512,0,0,262,0,0,250,0,0,512,0.9411396384239197,105.4981918334961,69,0
1567,A,367,6.638665217906237e-05,0.046652864664793015,nan,nan,512,0,6.638665217906237e-05,0.046652864664793015,all_rows,512,0,0.007792763411998749,0.031640625,-0.003713917196728289,0.0010806265519931913,0.16513034200761467,ca1708bf2637b624654a7696e36bd71b:0:0,4068adcc6974ad60d0ba745478d728fb:0:0,9204b7ed774be155bcdc6c60fdcdb2fd:0:0,9b6e3814f2ebcfbe03fe7b1fb1de4ca0:0:755815948,a4cf4bdaabd2bed47f8c36a8b251e5d7:1:3104620973,10,1.0,0,0,0,0,0,0,512,0,0,512,0,0,247,0,0,265,0,0,512,0.9446308612823486,105.00463104248047,48,0
1568,A,368,-0.0019041752675548196,0.044192444533109665,nan,nan,512,0,-0.0019041752675548196,0.044192444533109665,all_rows,512,0,0.0030311394948512316,0.0111328125,-0.0029639247339218857,0.0009709940582979471,0.16542123700492084,0b6363dedb40f97d19401c68cbcf631b:0:0,eb7f0fe2b11f3e01d60a1a22ecc1f669:0:0,c7e25c35124e8c269eaa3beb6562a8ea:0:0,c687d5a8d1e6e57c192bfa0854dfd0a0:0:399524508,9c41f57245ebe93536e2681092067e37:0:3316636462,10,1.0,0,0,0,0,0,0,512,0,0,512,0,0,249,0,0,263,0,0,512,0.9533055424690247,104.42977905273438,49,0
1569,A,369,0.0012541769538074732,0.046630337834358215,nan,nan,512,0,0.0012541769538074732,0.046630337834358215,all_rows,512,0,0.003495131153613329,0.087890625,-0.009303892450407147,0.001077900835662149,0.16604628699133173,9d3353308913605fc00a6841ef72ef1b:0:0,2a6cbead82d8d3f3a61859e8c371c3c3:0:0,bd0d46d86d0089d811b80b5f72755af0:0:0,07ebce2ff2c91155249384fa5ba154a0:0:2445026666,a96e072c17e353da0ed97eb38cad9fdb:0:1743180723,10,1.0,0,0,0,0,0,0,512,0,0,512,0,0,246,0,0,266,0,0,512,0.959132730960846,103.64830017089844,45,0
1570,A,370,0.0025260658003389835,0.04491851106286049,nan,nan,512,0,0.0025260658003389835,0.04491851106286049,all_rows,512,0,0.005663618445396423,0.03046875,-0.0026022268226370215,0.0010008296027081086,0.1647268480155617,323a847ab6a13cbd9c419b2e4e567b1b:0:0,73b167d58200c4299db2bdb06f6f2578:0:0,3895dd9fe7f2b3d0c585ab678eb48add:0:0,4bf757e8ba1d4198badc71f9c622d8a0:0:3863886922,75d60b6c3d02027cc399f28f74fb1c9d:1:1338570509,10,1.0,0,0,0,0,0,0,512,0,0,512,0,0,239,0,0,273,0,0,512,0.9470353722572327,104.64171600341797,72,0
1571,A,371,-0.0009184175287373364,0.048518721014261246,nan,nan,512,0,-0.0009184175287373364,0.048518721014261246,all_rows,512,0,0.0049133384600281715,0.0173828125,-0.001844774279743433,0.0011596684402320535,0.16571083897724748,83b098592755272a3c613639e87a071b:0:0,82df3b6409a8ab21f78cddeb0bca95d2:0:0,1f9d2d193a09ea03355e0bb0ad2e7314:0:0,7151a5cde55169f84049d70a94645ca0:0:324228483,c2ea08ae2980e25cd734343341118d20:1:1016948881,10,1.0,0,0,0,0,0,0,512,0,0,512,0,0,240,0,0,272,0,0,512,0.9334670305252075,105.2685775756836,64,0
1572,A,372,-0.0040320344269275665,0.04834284633398056,nan,nan,512,0,-0.0040320344269275665,0.04834284633398056,all_rows,512,0,0.002422202378511429,0.0326171875,-0.004670105408877134,0.001125549676362425,0.16383482702076435,227c57285bfdfc2a06c7fa70bddd931b:0:0,d69ee00004dd5f27ed047dafce0f519f:0:0,b3d3cd6a0f701c22d89680962e179909:0:0,cc1060e1320c02416cba8a30c665e0a0:0:1566195341,f9ae7e7a93cce0258a3fc90d802d8621:0:3460750812,10,1.0,0,0,0,0,0,0,512,0,0,512,0,0,255,0,0,257,0,0,512,0.9209194183349609,106.24417877197266,85,0
1573,A,373,0.005336472298949957,0.052391909062862396,nan,nan,512,0,0.005336472298949957,0.052391909062862396,all_rows,512,0,0.004548725672066212,0.04296875,-0.003924075746908784,0.0013543982699047775,0.16536466899560764,187f586875c864c0c5b7e8dece811f1b:0:0,f670f4af885e9dcd9691fa5f715012d7:0:0,178e04d9a90da5fdf06e7a66717685ef:0:0,7e2d22cd48d658d8cfa921705c2764a0:0:702707953,c1d307111396dd76a14639ea49ddd4d9:0:1056660043,10,1.0,0,0,0,0,0,0,512,0,0,512,0,0,259,0,0,253,0,0,512,0.9340408444404602,105.16393280029297,67,0
1574,A,374,-0.001659167348407209,0.04612820968031883,nan,nan,512,0,-0.001659167348407209,0.04612820968031883,all_rows,512,0,0.0027309467550367117,0.0052734375,-0.0005677003879100085,0.001059579526190646,0.1674647229956463,7a544e050751ea40335642901a64ab1b:0:0,0da943bca34d6c31fcd6d5f8b2ae35b0:0:0,959866c69079e4d3cce410c04e987a9f:0:0,6a179cfa1a1fb8f4542bf2cd55a8e8a0:0:3990099215,b3ca7f671923c06d8527a4be170d8dac:0:3180389092,10,1.0,0,0,0,0,0,0,512,0,0,512,0,0,257,0,0,255,0,0,512,0.9473035335540771,103.78331756591797,41,0
1575,A,375,0.0024233334697782993,0.04752650856971741,nan,nan,512,0,0.0024233334697782993,0.04752650856971741,all_rows,512,0,0.0044760019518435,0.023046875,-0.002204162534326315,0.0011258494138019159,0.16731441201409325,3bac11229fe1955685ab8890a188371b:0:0,8455a562beb16f7f72be212987a8722d:0:0,2fc0e7bee06ab841eff53079e9ed7e94:0:0,fd6f903a9c9d6495c4f5144bb2ea6ca0:0:1932855522,ce85664bdf14f2add477a401f1126bcb:1:1481196992,10,1.0,0,0,0,0,0,0,512,0,0,512,2,0,255,0,0,257,0,0,512,0.9435882568359375,103.4393539428711,46,0
1576,A,376,-0.0029525570571422577,0.05113239958882332,nan,nan,512,0,-0.0029525570571422577,0.05113239958882332,all_rows,512,0,0.0032381287310272455,0.015625,-0.002594211790710688,0.0013003283820580691,0.16695180803071707,c94906461cd2185cfaa37bec63ebc31b:0:0,c6373ba965bef75b9e2c88661c7caba6:0:0,1804462288e819ed0777195a0cbb9a89:0:0,39e4b6469c0b624550525bef73ebf0a0:0:1268098779,97c109887cdd99871e1a7cb1a1af2e3e:1:3471545789,10,1.0,0,0,0,0,0,0,512,0,0,512,0,0,261,0,0,251,0,0,512,0.9304566383361816,104.43517303466797,54,0
1577,A,377,0.0017360604833811522,0.04702340438961983,nan,nan,512,0,0.0017360604833811522,0.04702340438961983,all_rows,512,0,0.0012367044109851122,0.00234375,-0.0022486370988190176,0.0010985134518705308,0.16617283097002655,f6a572dd0d3984e6640d1daf618f4f1b:0:0,d38430f2b96f18ca66e317f8a276a0ec:0:0,79b0bf0cdd34229c7c1ad834c8164351:0:0,7ca13f3f07521e8c0c2d5fbc98ad74a0:0:1073665112,2ac5458ab3a814acd91dfd1cd72c3b39:1:3850171950,10,1.0,0,0,0,0,0,0,512,0,0,512,0,0,265,0,0,247,0,0,512,0.9429500699043274,103.16344451904297,33,0
1578,A,378,-0.0011868500150740147,0.048399027436971664,nan,nan,512,0,-0.0011868500150740147,0.048399027436971664,all_rows,512,0,0.0006183170480653644,0.015234375,-0.002906734705902636,0.0011677184200379997,0.16504220402566716,8dd7ee61b3da8c8db39aaee59a72db1b:0:0,7afe3e75cab94b96fed584179d5f3a04:0:0,bbeee41102f4bace566a578ca1a7901f:0:0,d53d8a86ed14e12e7a0b75b7212ef8a0:0:3086585441,8a81b5707880c1535e3e31e66db51297:0:2236445937,10,1.0,0,0,0,0,0,0,512,0,0,512,0,0,273,0,0,239,0,0,512,0.9470138549804688,102.86369323730469,39,0
1579,A,379,0.001552880508825183,0.04869777709245682,nan,nan,512,0,0.001552880508825183,0.04869777709245682,all_rows,512,0,0.001997188664972782,0.0123046875,-0.0023001082008704543,0.0011784602858824656,0.16611998196458444,21893588736b4d0486e1b09b0e96671b:0:0,54da8175a9c4313c6aee492d23a264f5:0:0,708a365459acf020f2d50d779b9fb184:0:0,87c94b4715ad16270b0db3e30d707ca0:0:208581955,5f8a4600ed4fb420035d69c4e4575994:0:836462777,10,1.0,0,0,0,0,0,0,512,0,0,512,0,0,253,0,0,259,0,0,512,0.9559044241905212,102.74471282958984,50,0
1580,A,380,-0.0021742910612374544,0.04763257876038551,nan,nan,512,0,-0.0021742910612374544,0.04763257876038551,all_rows,512,0,0.0032843337394297123,0.0505859375,-0.004363166075199843,0.0011081741977250203,0.16766283399192616,7e084e17b13da761b35ae3dbbdf9f31b:0:0,e39d0e62a3fd3f3065014664fa63c06d:0:0,93a9d848a09fe149cd203429f8d76464:0:0,ddb755fde9966a60a3f0f0445d7200a0:0:2404086633,7f10872e5f778aba35c4953c9b16855f:1:2294423498,10,1.0,0,0,0,0,0,0,512,0,0,512,0,0,263,0,0,249,0,0,512,0.9578427672386169,103.4585952758789,40,0
1581,A,381,-0.00016857424634508789,0.05143766850233078,nan,nan,512,0,-0.00016857424634508789,0.05143766850233078,all_rows,512,0,0.005013902671635151,0.017578125,-0.0016198710538446904,0.001242391881532967,0.16530911199515685,1afd1e3e7a5522afd26249b3a89d7f1b:0:0,1bb972c659016e83cc7249f8c401dffd:0:0,c8cf15cdfd57d750189f1489c0fb0326:0:0,f32de589134fbc31210dc0df113384a0:0:570578272,6f8c0b970630f3649d958d5b0a2ba4dd:0:2204825406,10,1.0,0,0,0,0,0,0,512,0,0,512,0,0,260,0,0,252,0,0,512,0.9640764594078064,102.64776611328125,30,0
1582,A,382,-0.0013721790164709091,0.04741648957133293,nan,nan,512,0,-0.0013721790164709091,0.04741648957133293,all_rows,512,0,0.003907165490090847,0.054296875,-0.0037218356505036355,0.0011068183404859156,0.17331927199847996,16265a7176f659bbcd37232ece810b1b:0:0,d03f6737f2e09da11c2331ebcc0ab1b8:0:0,3b79482a4ec0b768a4ce207cfd41e730:0:0,fd253b220bb4df93da587bb728b508a0:0:1325039914,4fcf03838433af2b471096cb31743d97:1:4065820955,10,1.0,0,0,0,0,0,0,512,0,0,512,0,0,250,0,0,262,0,0,512,0.9563263058662415,103.57258605957031,52,0
1583,A,383,-0.002383044920861721,0.0445701964199543,nan,nan,512,0,-0.002383044920861721,0.0445701964199543,all_rows,512,0,0.003509760135784745,0.0333984375,-0.0031802084762603045,0.0009610073931980879,0.16705030400771648,6435f908f8bbf42368fbf1592fa4971b:0:0,1b0a7b2013e716503f507c80edf32b50:0:0,d2edf4d891d0e44cee894ba9abbbdd04:0:0,dc9a15d27fd53624276136d0a3f68ca0:0:4131784120,9c01166c3cebb4a83fa81bc057f35b40:1:1490432479,10,1.0,0,0,0,0,0,0,512,0,0,512,0,0,239,0,0,273,0,0,512,0.9686950445175171,102.40068054199219,36,0
1584,A,384,-0.0004093184252269566,0.05032907798886299,nan,nan,512,0,-0.0004093184252269566,0.05032907798886299,all_rows,512,0,0.006745214574038982,0.0365234375,-0.005094930902123452,0.0012480064411647617,0.1668158039683476,e27f330e2f3d2aa3d2b6753ecc08231b:0:0,b4bdd9ccd368de16301e4009e8382021:0:0,e06530bb2d3eaba819d1b31c3e2a9d89:0:0,f7a89af13f4b1ad7e353c82f82f810a0:0:2816120565,043d8d09bc7d1ef7676484fcaed3d0c8:1:2980873466,10,1.0,0,0,0,0,0,0,512,0,0,512,0,0,254,0,0,258,0,0,512,0.9574203491210938,103.17215728759766,42,0
1585,A,385,0.0024776433128863573,0.04533999413251877,nan,nan,512,0,0.0024776433128863573,0.04533999413251877,all_rows,512,0,0.00829596072435379,0.061328125,-0.0068585638422518965,0.0010149314446607604,0.16521538398228586,a6027dd8cf51d6a82b4fafeba3abaf1b:0:0,4af6ce6b94384295c1003b82e1b94be3:0:0,1199ba8e8c8b55fc15857145b47ce247:0:0,8666ea4422182179f0f7c5d7c5b994a0:0:4090551020,41602a4b4ab179723feb146efba2cd42:1:3023077003,10,1.0,0,0,0,0,0,0,512,0,0,512,0,0,252,0,0,260,0,0,512,0.9479961395263672,103.21424865722656,44,0
1586,A,386,0.0014353101141750813,0.04840759187936783,nan,nan,512,0,0.0014353101141750813,0.04840759187936783,all_rows,512,0,0.0034974063746631145,0.0037109375,-0.0017654005670920015,0.0011547904112376272,0.16728296800283715,25b6d951b9000d181393e26bb68f3b1b:0:0,6f6557cb220abbb164674f489ba530eb:0:0,c95d9378cc43a196841f11ca6c07904c:0:0,0a8cbd6f150a29e4beb085cd6c3b18a0:0:755961384,8a7aba22aaba8f70c3588e39248aed64:1:3817609349,10,1.0,0,0,0,0,0,0,512,0,0,512,0,0,258,0,0,254,0,0,512,0.9363850355148315,104.7511215209961,47,0
1587,A,387,-0.005003930535167456,0.04793931171298027,nan,nan,512,0,-0.005003930535167456,0.04793931171298027,all_rows,512,0,0.002311386400833726,0.025,-0.004018704406917095,0.0011048146552639082,0.1663214309955947,89fc4ae2681f446638328dcb04b2c71b:0:0,5708f5088981efc5b6542ebce6538a26:0:0,c89f12e6bf644c47f400a1b72a7b4828:0:0,ca1f1b643bad46fcca7d1e14767c9ca0:0:2170295156,ffb359be9d5ab122ca5658f5c92fdab9:0:1808401046,10,1.0,0,0,0,0,0,0,512,0,0,512,0,0,238,0,0,274,0,0,512,0.9274250268936157,105.03575134277344,65,0
1588,A,388,0.001461719861254096,0.045835237950086594,nan,nan,512,0,0.001461719861254096,0.045835237950086594,all_rows,512,0,0.0050823502242565155,0.015234375,-0.002816864848136902,0.0010336425038985908,0.16483790398342535,5d29654c3bbd05deddbe73158e16531b:0:0,6f2196a6dbf7bfebe1c1f39d589524b5:0:0,7d3157a7f0ebcc101f1a42d21ba080eb:0:0,22345594d6ce796b25f864b0e47e20a0:0:3406285873,81d157ed1dda8184d3aa824193b17e17:0:2389442451,10,1.0,0,0,0,0,0,0,512,0,0,512,0,0,264,0,0,248,0,0,512,0.9193640947341919,106.10342407226562,56,0
1589,A,389,0.0034308310132473707,0.04908483847975731,nan,nan,512,0,0.0034308310132473707,0.04908483847975731,all_rows,512,0,0.0025026523508131504,0.0333984375,-0.0029922535642981528,0.0012046396877849475,0.1660421279957518,ec6551d5e04f2a366cad935752b9df1b:0:0,44bef9d1ea2622d0c7f28eb24dcfe199:0:0,7a7cffb7c28c9664471056c792463829:0:0,a33535ae5e933e17fa58efa6b63fa4a0:0:149466266,ebcdf7bc20960fc4afc4a475432121c0:0:39121496,10,1.0,0,0,0,0,0,0,512,0,0,512,0,0,253,0,0,259,0,0,512,0.9283192157745361,106.44744110107422,64,0
1590,A,390,-0.0012551418039947748,0.05045440420508385,nan,nan,512,0,-0.0012551418039947748,0.05045440420508385,all_rows,512,0,0.0006795543013140559,0.0,-0.0007476457161828875,0.0012670954572968185,0.16544143302598968,b7b8ef7068bfa157fd592f9c529d6b1b:0:0,d507649d7b0dfd7b6042a27d3f57801b:0:0,303aad0c29e54ceeb6ddf1d61353c860:0:0,678477baff29f0650c7114f9ebc128a0:0:1953260213,dec90fdb673afe1a1590e75855ff8d80:0:3016820325,10,1.0,0,0,0,0,0,0,512,0,0,512,0,0,270,0,0,242,0,0,512,0.9166651964187622,107.40391540527344,63,0
1591,A,391,0.0012787582818418741,0.04679588973522186,nan,nan,512,0,0.0012787582818418741,0.04679588973522186,all_rows,512,0,0.004166189581155777,0.0111328125,-0.0014911506325006485,0.0010935994709143416,0.1660362789989449,37b448a8e25dc573e3fdc8f08dc0f71b:0:0,3e949abbede27a6b9ebdd82c7ba562e2:0:0,f5aa15e0232308c1821940b787518cbb:0:0,3bed65886717002840aeeaae8502aca0:0:2988567822,c142f837087adceef37304ea18b32b9b:0:4242346185,10,1.0,0,0,0,0,0,0,512,0,0,512,0,0,272,0,0,240,0,0,512,0.9176044464111328,107.2107162475586,61,0
1592,A,392,3.7049961974844337e-05,0.04473069682717323,nan,nan,512,0,3.7049961974844337e-05,0.04473069682717323,all_rows,512,0,0.0021627889946103096,0.0205078125,-0.0019222659990191459,0.000997010208084248,0.1664605819969438,d971d96e6fc1394e3cbb20600424831b:0:0,3723f3ce8221df3b5f2da4038308c293:0:0,38e24ff9c5aeb1c21508fe2f2b1cadd2:0:0,4265a5439622fb661f1c46c8820430a0:0:3418774905,6b29aa3516d41b28cdf4113cc763b92c:0:1843953961,10,1.0,0,0,0,0,0,0,512,0,0,512,0,0,249,0,0,263,0,0,512,0.9326576590538025,106.63461303710938,76,0
1593,A,393,0.0007440254557877779,0.044980037957429886,nan,nan,512,0,0.0007440254557877779,0.044980037957429886,all_rows,512,0,0.0017594884848222136,0.0064453125,-0.002515040850266814,0.0010109325434314088,0.16518327803350985,3a66e1e836aa51cd779436f6b5c80f1b:0:0,c1e1e7c79464e295abddbf3fd0100d60:0:0,986460fc67893cb9ce407c0e694dc8bc:0:0,f74d0e441bed6bcc575ebf4be2c5b4a0:0:10324095,fcc6997fe361bf11a9f82f827c744cda:0:2860346875,10,1.0,0,0,0,0,0,0,512,0,0,512,0,0,255,0,0,257,0,0,512,0.9462028741836548,106.0906753540039,59,0
1594,A,394,-0.002725637052208185,0.05111776664853096,nan,nan,512,0,-0.002725637052208185,0.05111776664853096,all_rows,512,0,0.002653560834005475,0.0087890625,-0.002016388392075896,0.0012987569614779204,0.16607053996995091,3f8f53c9acec0ac8e46f4dc0a2ab9b1b:0:0,6ccfd8361b8567dfda938bf846b32bd9:0:0,b8b5b340f334a2b4fd9778cddaaf69cd:0:0,33289c0cf52887ec44b7aa3ca74738a0:0:4106713587,cf2a2075042a3457df85ec4f25a4a88d:0:4186391601,10,1.0,0,0,0,0,0,0,512,0,0,512,0,0,252,0,0,260,0,0,512,0.9365009069442749,106.82255554199219,62,0
1595,A,395,7.834579446353018e-05,0.04811375215649605,nan,nan,512,0,7.834579446353018e-05,0.04811375215649605,all_rows,512,0,0.002128507476300001,0.0041015625,-0.000499575410503894,0.001154554937966168,0.16666935000102967,7a5cc3c7106b87173f15e5c9cacf271b:0:0,f344b00f20c44e2eae3881dd6560ded8:0:0,133572db45e1fdf6e2f7fc4693a7ccea:0:0,2a9b6094f681b83572041d9ecf88bca0:0:626403295,c90af831210da57dcf2bd5dc0f6eb6f7:0:1266371480,10,1.0,0,0,0,0,0,0,512,0,0,512,0,0,268,0,0,244,0,0,512,0.945802628993988,105.69641876220703,52,0
1596,A,396,0.0037800564896315336,0.049889225512742996,nan,nan,512,0,0.0037800564896315336,0.049889225512742996,all_rows,512,0,0.002085859887301922,0.0068359375,-0.001415471511427313,0.001224579827976413,0.16417902195826173,44a230ff16411bdd3b34c01e2e32b31b:0:0,6771d72677456724321c62035350aff7:0:0,831445a8f9e90d3b4765322af771d9af:0:0,cfd9a3f4743aefb01dbcef765b8a40a0:0:2844804598,7cc2f21e905cd1d717e82ea1a4739138:1:1751024094,10,1.0,0,0,0,0,0,0,512,0,0,512,0,0,265,0,0,247,0,0,512,0.9560773372650146,104.83810424804688,49,0
1597,A,397,-6.286671850830317e-05,0.04733690246939659,nan,nan,512,0,-6.286671850830317e-05,0.04733690246939659,all_rows,512,0,0.007969552651047707,0.04921875,-0.002661685645580292,0.0011175300576724112,0.1657012879732065,eec268621d06e71c105bddc9ccd63f1b:0:0,905e561f5ef585873ed9586107eb897a:0:0,bbd3b677d3eb25b8ba3154ca57b55518:0:0,97bf30a19578d877bdf6b5c74b4bc4a0:0:921802982,218207a12390ee725886730cd9a08331:0:1132004468,10,1.0,0,0,0,0,0,0,512,0,0,512,0,0,262,0,0,250,0,0,512,0.9675136804580688,104.03824615478516,31,0
1598,A,398,0.0018337133806198835,0.042758483439683914,nan,nan,512,0,0.0018337133806198835,0.042758483439683914,all_rows,512,0,0.005694776773452759,0.023046875,-0.0025492705870419742,0.0009097342437598855,0.16526691999752074,23ec4a526e60f18005fe7fd8a6b9cb1b:0:0,0cdf185ab4e29f7f4f9bead5b635ec24:0:0,c24b443fb4f2c47e17810caa0c8e41cf:0:0,c4d220708249d3f58461c6959ecd48a0:0:4084371010,56a303d0a85434c0da1d8187dca9015a:1:3920417893,10,1.0,0,0,0,0,0,0,512,0,0,512,0,0,252,0,0,260,0,0,512,0.9859179854393005,102.31910705566406,18,0
1599,A,399,-0.002765270648524165,0.04121178761124611,nan,nan,512,0,-0.002765270648524165,0.04121178761124611,all_rows,512,0,0.005790780298411846,0.0318359375,-0.003766803862527013,0.0008473447582218796,0.16537198005244136,226f44ec5bcadb6eff732756bbdd571b:0:0,b58df171e3cc1b712d86daa2c4508593:0:0,3769ad47df60a3fb0a4e82230927366d:0:0,3f8f57985b69cedae24a37e5560ecca0:0:83213194,46e4d1741eba299d223d54743ccec521:1:1985884780,10,1.0,0,0,0,0,0,0,512,0,0,512,1,0,229,0,0,283,0,0,512,1.0014686584472656,100.97794342041016,0,0
1600,A,400,9.823613800108433e-05,0.049566395580768585,nan,nan,512,0,9.823613800108433e-05,0.049566395580768585,all_rows,512,0,0.004014323931187391,0.0109375,-0.0016431754222139717,0.001226502752979286,0.1719187190174125,6d6aed9842b7155707f395500c40e31b:0:0,cb5af0c1d8bad1549a8ef9b233c77b11:0:0,052224cbfc7b3234649ad83162acb136:0:0,f1253809aac6e8dc0c97dfba711050a0:0:3677256509,f839619fb93befa7f749e6522c9a69e1:0:1036132150,10,1.0,0,0,0,0,0,0,512,0,0,512,0,0,268,0,0,244,0,0,512,0.9917775392532349,102.53074645996094,15,0
