update,phase,local,adv_all_mean,adv_all_std,adv_s1_mean,adv_s1_std,n_rows,n_s1_rows,adv_used_mean,adv_used_std,adv_norm_scope,n_policy_rows,n_actor_steps_skipped,kl_final_epoch,clip_frac,policy_loss,value_loss,update_wall_sec,rngpos_env,rngpos_learn,rngpos_opp,rngpos_start,rngpos_minibatch
401,B,1,1.0438281297683716,1.3288371562957764,2.0662386417388916,1.196455955505371,1024,512,1.0438281297683716,1.3288371562957764,all_rows,512,0,0.0008172984234988689,0.13659120418597012,-0.7706337243318557,0.6262619383633137,2.115602774953004,3b0525f705c9d2292679c872c2cc01cc:0:0,947b8c0e9e0a93c3eb89d1eae6575f12:0:0,99542f17084c721c3169f4fc03ffb9ad:0:0,d78f47d6610f86fff3c9d61beb46fb88:0:881749074,451ec4ac0cb12c4ff91c46cad0bd6922:0:582409729
402,B,2,-0.05435311421751976,0.8644598722457886,-0.1294458508491516,1.2145241498947144,1024,512,-0.05435311421751976,0.8644598722457886,all_rows,512,0,0.01103118620812893,0.04375859990250319,0.0887289100966882,0.3726608447730541,0.30723002599552274,8b3e305bf06b5f547cbc071caf87f9cc:0:0,1f57ad2b8aa8b6da0de238d1da1f668e:0:0,0bb249353bad4a19e85d37fc6b657a4e:0:0,679c033249174352ab6f4cf28d0b8088:0:241298790,93d8ac7b56c2240b989404f43a2759b9:1:4140718043
403,B,3,0.02204420417547226,0.8509711027145386,0.03405191749334335,1.1992614269256592,1024,512,0.02204420417547226,0.8509711027145386,all_rows,512,0,0.006510498933494091,0.02125013965414837,-0.014258794975285127,0.3625154472887516,0.31293534697033465,1dc134fd05586f2a5908cf432d43f1cc:0:0,7b55322f9d94c9cb213bbc022fbc2e1a:0:0,1791cbe62d4e652fb484604cc0133ebd:0:0,204e5e51f87177e961ef6b8df37c0588:0:1631691061,2d78162d0c21db00b2a26e3bb1514be3:1:477363023
404,B,4,-0.012742128223180771,0.8635303974151611,-0.03805520012974739,1.2172714471817017,1024,512,-0.012742128223180771,0.8635303974151611,all_rows,512,0,0.0005117981927469373,0.07320120518561453,0.023564774460101034,0.3727218359708786,0.3206625550519675,bc47d7129c0b9db6100decc63bffe9cc:0:0,9942b602e591dd295f0d0f11c5140888:0:0,cdc52e62b70f772567067ba6a2fa8081:0:0,6675fe360379b63395e2fbd06e988a88:0:4036910585,ea88bb1c39879306ada57b20fedc021b:0:3413118769
405,B,5,0.018935155123472214,0.8770151138305664,0.052304238080978394,1.235600233078003,1024,512,0.018935155123472214,0.8770151138305664,all_rows,512,0,0.0010369219817221165,0.07783355417195707,-0.03650157204829156,0.3842815987765789,0.3175423969514668,92b229bea38e0089d53d2b85dbbbe1cc:0:0,94ab699dbe2f3a3631bafabd871e9033:0:0,d742c7595b2217852d4609dc5fa59c2e:0:0,af3deec8a6a200846b822a5c4e610f88:0:2459768929,de0202da93c2840b2e13e8ecac2c6eb6:0:601123967
406,B,6,0.00446213036775589,0.8334981799125671,0.000310676172375679,1.1749387979507446,1024,512,0.00446213036775589,0.8334981799125671,all_rows,512,0,0.011294455267488956,0.1330606529256329,-0.0028575967531651258,0.347588624805212,0.3146018940024078,464fb4b96051275e3acc57620c77d9cc:0:0,0f45a3870da38966c0ce6b180f611c5f:0:0,c8d55cf35378d5f4c7aec2934b0e706a:0:0,def4e81eadccc50b78698693e2d59488:0:987568798,a3ed10e3ecb52157ad67b111cdfe8d43:1:4062268332
407,B,7,-0.009675419889390469,0.8337451219558716,-0.026327678933739662,1.1748557090759277,1024,512,-0.009675419889390469,0.8337451219558716,all_rows,512,0,0.012794721871614456,0.12848696762230247,0.004456167767057195,0.34756480902433395,0.31947790703270584,7ffdda53a1762cb1b1b53c3ace33d1cc:0:0,46278defa3c30dbc031c5e1a560c4981:0:0,0c4c47db089e0933f535954dc647ccf7:0:0,e5d11471665b4da53b5f02997bf61988:0:1191932942,39d6ce3fd5ab7eb24cb5f7cf20dfe01d:0:2059261324
408,B,8,-0.05473599210381508,0.821839451789856,-0.09781559556722641,1.1562812328338623,1024,512,-0.05473599210381508,0.821839451789856,all_rows,512,0,0.03418279439210892,0.0625040675397031,0.05546901369234547,0.33738947510719297,0.3166775820427574,9612d86eab81d66809b5a5f020efc9cc:0:0,46f6b15b3ed185cf4da9608cacb052ba:0:0,7787f106db86fb873c8cb3f19d131478:0:0,4483723f633d7ad34016f34f69c29e88:0:4063068746,c8246c4bfce3018f28ea2b6af7ee86f7:1:2445820611
409,B,9,0.09019429236650467,0.8217406868934631,0.1612616330385208,1.1540263891220093,1024,512,0.09019429236650467,0.8217406868934631,all_rows,512,0,0.003534760558977723,0.05160855402937159,-0.08766013291169657,0.3362706795334816,0.3318637160118669,c2db1a4a167dc669f14f606204abc1cc:0:0,19ee754d7560d707a7efbc9bf5bcc09d:0:0,c0bf60dc4f1e51d48011c5f9a4ae3e0e:0:0,65e5ee8590e2602beef91057fc3b2388:0:1822544325,179c13da34c8e131c988acfca31fc177:0:921740793
410,B,10,-0.005115768872201443,0.8550959229469299,-0.0080952113494277,1.2056678533554077,1024,512,-0.005115768872201443,0.8550959229469299,all_rows,512,0,0.03641003370285034,0.06430539124412463,0.003864954406162724,0.36572361886501314,0.3125134389847517,ec350d47dd86bb4475c837707967b9cc:0:0,0aac4871b338c94bb8e47e1c932b87e1:0:0,7fb1bed44d0e826632507f5e920e749e:0:0,61f832a8d27c189208e57415835fa888:0:598743657,782ccd8a5a9a5494c50e57525ff2f19f:1:362976302
411,B,11,-0.016207069158554077,0.8153293132781982,-0.02727239392697811,1.148595929145813,1024,512,-0.016207069158554077,0.8153293132781982,all_rows,512,0,0.0003000138094648719,0.03757922084769234,0.01568261095089838,0.33253575712442396,0.3149143440532498,70962706ddc7e0c88329f6fb7f23b1cc:0:0,27d8b691e3b5b237d1910666c5529f69:0:0,a15050fa0499278e488218560e872bd1:0:0,934d8b1e229be883cef99baa4f302d88:0:1188740176,837dbeb52174126300734557566bfc8c:1:1998581487
412,B,12,-0.00034699891693890095,0.8273500204086304,0.009038995951414108,1.1666898727416992,1024,512,-0.00034699891693890095,0.8273500204086304,all_rows,512,0,0.010614873841404915,0.1379442665260285,-0.011803727136430098,0.34229674786329267,0.30737161298748106,b57a477402e330aa64426ae315dfa9cc:0:0,0762eb2938bd87495759392edd180f10:0:0,c9850cbebaa5b04d60223b2348521b52:0:0,9a6039cff6be84d1d65566f8afacb288:0:3714336985,2f5ae276aac83f53844a1c72bd78d8b8:0:4252328479
413,B,13,0.012315772473812103,0.8466610312461853,0.02599325217306614,1.1934837102890015,1024,512,0.012315772473812103,0.8466610312461853,all_rows,512,0,3.2063107937574387e-05,0.07763310893205926,-0.017006807844154537,0.35849149003624914,0.31167347700102255,52ed1db25ec6e32142a35f073d9ba1cc:0:0,7e89ee57cfc1aad1d91da7868d984fc8:0:0,82774ff4e6ed584eed261361c70b9145:0:0,50dc44576ff3140d87e018a2f4d53788:0:1647861107,094a15d405d10962a3b8388c1e6b7ef9:0:3938224982
414,B,14,-0.014755848795175552,0.8323445916175842,-0.04065704718232155,1.1727359294891357,1024,512,-0.014755848795175552,0.8323445916175842,all_rows,512,0,0.015866594389081,0.0831917111063376,0.02454210144642275,0.3462498255074024,0.31320954603143036,af83b2fa6aefef86a6a29f47f65799cc:0:0,31479f06c793f2896b3af4f01a4b0a57:0:0,4f36e4e1e67c5c612fd10102d22eefc7:0:0,0b0ff50ab25a40ff4c0d560b6ea9bc88:0:3519064256,138051861889ac4c2d21fb2332592ad9:0:1407851178
415,B,15,0.05130261182785034,0.8595030307769775,0.11770976334810257,1.2082723379135132,1024,512,0.05130261182785034,0.8595030307769775,all_rows,512,0,0.009133050218224525,0.03503217862453312,-0.07516130302101373,0.36789916157722474,0.3050529779866338,afbabad0b1199cf5f759f785401391cc:0:0,304ccf79ac4bfe99458f7647d89a28a9:0:0,8be3f36664dacf590b1b2230d26d0b33:0:0,4587c14b91cd747462a227546d2a4188:0:2600342418,bfa49f56e85abddb7a2008fd19c2009b:0:794288945
416,B,16,-0.055433258414268494,0.8323180079460144,-0.12077680230140686,1.1701531410217285,1024,512,-0.055433258414268494,0.8323180079460144,all_rows,512,0,0.002015300327911973,0.055788229289464655,0.08063594569102861,0.34494423121213913,0.3051803230191581,c344c434195a22ebfaa7339f1acf89cc:0:0,d51af0147ab2b6818e46be5eb4b699f5:0:0,f22e739e1aff650dc49a962bcdeaaa7c:0:0,de7552169b910cb46679f7604056c688:0:424340919,9bd5e762cf204ae45dd8f6ee1ca156e6:0:860750960
417,B,17,-0.0012163715437054634,0.7982112169265747,-0.007677231915295124,1.1248341798782349,1024,512,-0.0012163715437054634,0.7982112169265747,all_rows,512,0,0.007788527756929398,0.0776317466283217,0.008182076961384155,0.3186699725687504,0.31406904000323266,1a61e3a41bac59e6552c1f75868b81cc:0:0,25dad451a5dff5c1c171a3e9f1940ce3:0:0,872180e8ba2fe06fd12253a554754ef6:0:0,ce6f903e638728ee7d4b93d1382f4b88:0:2155735925,793dea94bea7e0f53b839426b5faf3d2:0:762596509
418,B,18,0.06615769863128662,0.8598923683166504,0.14490744471549988,1.207330584526062,1024,512,0.06615769863128662,0.8598923683166504,all_rows,512,0,0.006196091882884502,0.06864068878348917,-0.09228898009750992,0.3677450530230999,0.3148906989954412,24e0ea1f12e67c030a4e86e8834779cc:0:0,fb23e34b7df69e82369f139bdf54c78a:0:0,2e7d0bf954ac3e94be4816fa6374ef18:0:0,8037aeaddeeb5eee336e2d09a4b3d088:0:2052623974,ab87af3b36edc8dbe9584b27ea552977:0:121056824
419,B,19,-0.09922298043966293,0.807944655418396,-0.18897373974323273,1.1314482688903809,1024,512,-0.09922298043966293,0.807944655418396,all_rows,512,0,0.027749711647629738,0.1130296740680933,0.10301564370747655,0.3241950526833534,0.31150070403236896,abe8b978ef1df59ffc3835d8110371cc:0:0,5f0255e09fe2f50edf343d0951836283:0:0,add186933065c55c4f6398082cea2842:0:0,a963652a7f327168039e562bd5e45588:0:3228218761,dacd01505591e627296626d0588ad2e0:0:2896035892
420,B,20,0.019671104848384857,0.8076490759849548,0.06035205349326134,1.1365277767181396,1024,512,0.019671104848384857,0.8076490759849548,all_rows,512,0,0.0009214871097356081,0.020444497372955082,-0.05022876897128299,0.32554054707288743,0.3153237429796718,df1ec2aa857845fa6bd6f8242fbf69cc:0:0,6064d7f0d0c713fc06c4b5db71a0acc4:0:0,04088ad53d024c83f67e628232a9e7d2:0:0,96c76007ad3bdd2d8ac3051a1bc0da88:0:3988248637,566126069eb352511c3447597290fcd7:0:494154322
421,B,21,0.12222117930650711,0.8681363463401794,0.22173495590686798,1.2161844968795776,1024,512,0.12222117930650711,0.8681363463401794,all_rows,512,0,0.01132044568657875,0.04635603991337121,-0.11245899286295753,0.37432923838496207,0.3142651540110819,8d2e36f9bb68efce78dc99acdf7b61cc:0:0,220ca9bdea53fbfc4685cf7568197cfc:0:0,92f3f770cb967592216bb51d7368da77:0:0,35791fbd3795d39967b29276c6495f88:0:1619695196,1348d3c263ce69c8169ec0f7f65e050f:1:1885167923
422,B,22,-0.025462403893470764,0.8600791692733765,-0.03127976506948471,1.21260404586792,1024,512,-0.025462403893470764,0.8600791692733765,all_rows,512,0,0.008906319737434387,0.12320642037084326,-0.00640375921066152,0.36997327134013175,0.3198865340091288,7719f11acb5c79f6a1bee652203759cc:0:0,98b0a50313cb32a591322983b46e1ae7:0:0,7e4f49f70573e4048d4306b288ff85f3:0:0,b2c239053e26f882c6f7b9a4257de488:0:168932785,4f4b354d500d898345c0766d7d7dd495:0:195215697
423,B,23,0.007384582422673702,0.8342501521110535,0.0033185272477567196,1.1760239601135254,1024,512,0.007384582422673702,0.8342501521110535,all_rows,512,0,0.0029384312219917774,0.026532049593515693,0.005841660941950977,0.3481742344796658,0.31259630201384425,3d2197aae0d0800b43b7a9f3f1f351cc:0:0,0e680bf9c8d5dcfadbbcc54f0153bdf1:0:0,4b84a24ea952fffca624962848af8eb8:0:0,13f785b82223fa089a9698c4895e6988:0:144052695,422401b1c4ff97df370f908c50ebd36d:1:1152546091
424,B,24,0.011278132908046246,0.8255777955055237,0.026150431483983994,1.1632994413375854,1024,512,0.011278132908046246,0.8255777955055237,all_rows,512,0,0.017159288749098778,0.06570598345715553,-0.022784975066315383,0.3409047268331051,0.3133998339762911,cb58f6a449d8d3021ac4b07254af49cc:0:0,a5d4f00cd32f262745bd5a9bb1d41820:0:0,47604c766ad6b54d7dc07d9a15df0c25:0:0,e22f1aba02c9d8847dd1b0ba41eaee88:0:4272554051,b6d45a664c61545fcc8646fccb2c5d43:1:3839113832
425,B,25,-0.030823959037661552,0.8322281837463379,-0.05926917865872383,1.1726539134979248,1024,512,-0.030823959037661552,0.8322281837463379,all_rows,512,0,0.0002738863695412874,0.15116680872160942,0.04386287086817901,0.3461465485394001,0.3175598160014488,6b5f09ac7c11a9cdc1a7c5ad486b41cc:0:0,52abad2471bf22bd4e01c9af6195a721:0:0,175fab4cbd6b7eb9243760747e65070e:0:0,7d2bcaa155e874f544eee5279f237388:0:2509639418,f773f116b377fcf29a3677dbeb48e665:1:1781282410
426,B,26,0.02780337631702423,0.8217459321022034,0.05550628527998924,1.1580862998962402,1024,512,0.02780337631702423,0.8217459321022034,all_rows,512,0,0.00205549830570817,0.07033280457835644,-0.028169075382174925,0.3374645531177521,0.3159358710399829,b7e8ad5c2afee1fd31e6b584cd2739cc:0:0,c5f2462f512c113cbf5c494d5f74c546:0:0,4a28d30f066dd00f4ba3cd29aa27c9cc:0:0,6fb2f9f536dbbc3138fc7c6ef107f888:0:4220032810,e12f1db0bb86efd1a88b9a72e454f10b:0:2760360543
427,B,27,-0.03225833177566528,0.7978551387786865,-0.04562554508447647,1.1242079734802246,1024,512,-0.03225833177566528,0.7978551387786865,all_rows,512,0,0.006262932904064655,0.10369112826883793,0.024633403139887378,0.3183835007250309,0.30772027000784874,9e1169e1add8505b43cb4bd8e2e331cc:0:0,926deb81ede78a6046dbff77933fb723:0:0,d8717a27c4008c3bb27474c1ed4439dc:0:0,971a3ba81724852fff961fb287987d88:0:3565545413,45ef55b468bff2510456b2e1eb147d1d:0:3349553372
428,B,28,0.042527809739112854,0.8875550627708435,0.09037382155656815,1.250290870666504,1024,512,0.042527809739112854,0.8875550627708435,all_rows,512,0,0.002654464216902852,0.05182657092809677,-0.05282805871684104,0.3932537205517292,0.30794831505045295,5f9b459df2c3218e2e635489899f29cc:0:0,0d008337cfdde8984d5fa4a75c91f208:0:0,cb0f4adaa48aa78b11732ede5bf473e9:0:0,0a308d749164f8bc2ea9dad4b2d50288:0:153507304,1767fcdd1d703e6b51b69dde0eccb3be:0:2855701256
429,B,29,-0.05085059255361557,0.8484509587287903,-0.12388057261705399,1.19202721118927,1024,512,-0.05085059255361557,0.8484509587287903,all_rows,512,0,0.005437792278826237,0.06819635989377275,0.08683634992921725,0.35815153941512107,0.31071423296816647,28750a9c3d784ab707809b76c15b21cc:0:0,d6cd33ad763c282ba11620a27cf78861:0:0,c506b0e5e4448146ba38c115870d27e2:0:0,ae4866aa3a1718dc8c3d1c77c2bd8788:0:1539249491,23f3b9e1289a01530bc71a30127713c9:1:2586326179
430,B,30,0.05524154379963875,0.8704349994659424,0.11282455921173096,1.2247202396392822,1024,512,0.05524154379963875,0.8704349994659424,all_rows,512,0,0.009210770018398762,0.041606745321769265,-0.064123397966614,0.3777687571942806,0.30927342403447255,4104e604ef580a1143b8ec808a1719cc:0:0,44258841e9bc7ab319a334a7482f3828:0:0,067017c252f867daa83ef198019c4253:0:0,afebbb7368e6be44fa31b5fe07520c88:0:3517838998,e101d665dd16c5063d4828854be36cf8:1:1241440406
431,B,31,-0.059332773089408875,0.8296082615852356,-0.11981034278869629,1.1665078401565552,1024,512,-0.059332773089408875,0.8296082615852356,all_rows,512,0,0.0009141848422586918,0.039823142369277774,0.075243423396023,0.342944810539484,0.3155696199974045,35d3c4eb96ea779236661386e3d311cc:0:0,2028f6cf0635b96c8d5fbfa855b86c39:0:0,736516aec3f9cf24f7de3749d4f85844:0:0,d48b85571a2b221f0e0adb89d0929188:0:183957077,778912fc2087fd13ee6fed1156cc08ca:1:2992615116
432,B,32,0.002836482599377632,0.8188843727111816,0.027308126911520958,1.1538243293762207,1024,512,0.002836482599377632,0.8188843727111816,all_rows,512,0,0.0025543824303895235,0.020670696743763983,-0.028716712824825665,0.3351819507777691,0.31001065397867933,744c4e1884cd258891a5dc69ce8f09cc:0:0,cedf9e255487db9119ef2858928a80a0:0:0,6d1a40bd803b0ea6338e93ce1eac6e0b:0:0,a3f58a5f318eca7a54b223fd6e7f1688:0:2724196828,fdfe0adb6d1972c2c4c2e51625cdf640:1:1920589722
433,B,33,-0.02680503949522972,0.827918529510498,-0.0502348393201828,1.166270136833191,1024,512,-0.02680503949522972,0.827918529510498,all_rows,512,0,0.0025533849839121103,0.06726929530268536,0.028097641561180352,0.34270709827542306,0.3105521349934861,db4ed4ae240dd13be65a13094a4b01cc:0:0,d3bfb8ba543be133646cdb7e20d533ca:0:0,a368ff0559d1f4f7641a675d13058acd:0:0,eabb898795876fb4423c88fb31179b88:0:566255401,a35f44830e713bd189587df46605df23:0:2003334372
434,B,34,-0.02432131953537464,0.8329033255577087,-0.044145017862319946,1.1737918853759766,1024,512,-0.02432131953537464,0.8329033255577087,all_rows,512,0,0.0077223642729222775,0.10715954131446778,0.026586606440832838,0.34686990082263947,0.30907740199472755,95621bca53f2238c242883455706f9cc:0:0,59cd87cd39c89fd816a4deb6275e09c6:0:0,dd83108b8cbe00c341bb3f3da54a24d5:0:0,627f7f99ced23127cdaf66e5685c2088:0:2383523759,3be8968f3e842134e802511ee91535ed:1:1399279531
435,B,35,0.027562163770198822,0.8430458903312683,0.06767116487026215,1.1872807741165161,1024,512,0.027562163770198822,0.8430458903312683,all_rows,512,0,0.003989090211689472,0.08920550970360637,-0.05045312507718336,0.3548475861549377,0.30958851595642045,41473f84012c8191197af8fdf4c2f1cc:0:0,3da2f5c46ac5447d0e577daed2bbd5dc:0:0,b9cd8292dc66ab7c880b153f0cf164e6:0:0,96d48e070fbb2f74b8c57cde644ca588:0:3412048983,762d1681f1ebd1a2ffbf604a2267f5da:0:2623611844
436,B,36,0.01656469888985157,0.8592664003372192,0.03813100606203079,1.211493968963623,1024,512,0.01656469888985157,0.8592664003372192,all_rows,512,0,0.021506942808628082,0.06497896867804229,-0.02914034194400301,0.36912434846162795,0.30759789794683456,f4ad93e53c7ded39f37f4013237ee9cc:0:0,187d0aa5f2a6e981602d65849bb5ea88:0:0,5d169f2634c3d8a9ac0ce44912cfe6d8:0:0,4068a85bc48a62ae83b3ecc874e92a88:0:1210500059,82f9edc43d738f1f42d7a68695e12354:1:2828184651
437,B,37,-0.017437411472201347,0.833674967288971,-0.03428451344370842,1.1745039224624634,1024,512,-0.017437411472201347,0.833674967288971,all_rows,512,0,0.0013167457655072212,0.13549663396552206,0.01853854166693054,0.34755857810378077,0.3040091030416079,03b1c6c20cc4f5ecbe272464e33ae1cc:0:0,0902248aa3d74feab51925791323954c:0:0,8eb22649d8519188f744801101e72111:0:0,91585738110242c30cef3b45ea31af88:0:3753066196,b4f145674c12d492bd611f996cf24e26:0:3622897412
438,B,38,0.03185323253273964,0.8306277990341187,0.06367206573486328,1.1703921556472778,1024,512,0.03185323253273964,0.8306277990341187,all_rows,512,0,0.0021760640665888786,0.0284125043428503,-0.03763263564615045,0.34467123746871947,0.30429523397469893,aeba0d8c3a79b925e42871d333f6d9cc:0:0,70bf1c7cb8e89667057edb6c698792ad:0:0,e34bb47fe1979b6344fee6be8e978f99:0:0,be0db3fbe66f9868dcf04fb914263488:0:4169524371,e825a17bfb11ce853ee2ecff842e2c5c:1:2983420191
439,B,39,-0.020649079233407974,0.8258509039878845,-0.0416545607149601,1.1640698909759521,1024,512,-0.020649079233407974,0.8258509039878845,all_rows,512,0,0.009093493223190308,0.05875120705459267,0.02822797013213858,0.34100336730480196,0.30409471603343263,e71fa4845296f317aefcf43e15b2d1cc:0:0,93608c7fbf12d6ac94a97130d234deb9:0:0,e8b6984443e140ca58b986d48b8671e9:0:0,ce12a937aa5c8ce51df9744442c6b988:0:2075032851,f3ce23fc8a695f33bbf4af1deaf58540:0:2208878102
440,B,40,0.07736216485500336,0.8835052847862244,0.13319887220859528,1.2435851097106934,1024,512,0.07736216485500336,0.8835052847862244,all_rows,512,0,0.004542972426861525,0.027489642647560687,-0.061346741393208504,0.389650309830904,0.30757167004048824,41ec60e81ef01f49c6e27785886ec9cc:0:0,ee0c7f63e6dc65d07fa9e83d68613599:0:0,1608d07c50edf91ff2d1d02e8642251e:0:0,81cb3c1fb78bcef93fdb55c9c6133e88:0:1905848433,89c282aa353b5494243aefeecb4171fe:0:1067354458
441,B,41,-0.1267973780632019,0.84178626537323,-0.25638294219970703,1.172841191291809,1024,512,-0.1267973780632019,0.84178626537323,all_rows,512,0,0.0019656959921121597,0.04488252657465637,0.15268027517595328,0.3491953417658806,0.30634166998788714,eec193fed1f4a938b2dac7898c2ac1cc:0:0,2524980fc5781befa3e1d91c8ce11fb6:0:0,f364f9ab0f37b44fa368ae399d375595:0:0,63a835655973634847ba03ebee0bc388:0:2023800868,7da4dc4ab5620dc3a7f324ef931025c0:0:1290031111
442,B,42,0.07075631618499756,0.8403329849243164,0.14988647401332855,1.1793954372406006,1024,512,0.07075631618499756,0.8403329849243164,all_rows,512,0,0.01220712624490261,0.02946601473959163,-0.09673242670287437,0.3510370500385761,0.3090810989961028,1fc3f92323e02cf558abb02a20e6b9cc:0:0,3722d8d38c684f98d2abe78158aaece8:0:0,270a9b8aa2151b15f2e6e883bfee28e8:0:0,aae0469f3e017683cbd1f10d0ab04888:0:3834457167,66d08f7387db691cae0eb0312fa565de:1:1057382756
443,B,43,0.02028718590736389,0.8381010293960571,0.03666906803846359,1.1815252304077148,1024,512,0.02028718590736389,0.8381010293960571,all_rows,512,0,0.007524872198700905,0.05906966135371476,-0.024134533037431537,0.35127846896648407,0.3059894449543208,be26e52b9f57c7c47cdefd4746a2b1cc:0:0,37d873f0282bdbfb3c462281816f2423:0:0,52144056288c5b312b67afdb8c26dc0b:0:0,22fb6f81ba0847b09b3cf24f6c00cd88:0:951699357,cde6b4dba120ffdc37a2d926f0b41ce0:1:2378148402
444,B,44,-0.025647811591625214,0.8322044014930725,-0.05428364872932434,1.17228364944458,1024,512,-0.025647811591625214,0.8322044014930725,all_rows,512,0,0.010436387732625008,0.0093543054535985,0.03526164114009589,0.34623646140098574,0.30868578603258356,8da769d15b7478be42c27ac0fd5ea9cc:0:0,d700d6724956bbaca78800548b6b35fe:0:0,8998fe1abab06b1d328a2e8bab76a0db:0:0,4b21e638a24100d311b73f9561fd5288:0:345429669,3e8307ce601e9e98efb57ec586689349:0:463708780
445,B,45,0.0003961334004998207,0.830541729927063,-0.007785480469465256,1.170466661453247,1024,512,0.0003961334004998207,0.830541729927063,all_rows,512,0,0.015818223357200623,0.15219563797581942,0.00865583227132447,0.34498863369226457,0.3104113899753429,fff69bf5613a916dac67f477451aa1cc:0:0,ddd40ec9c4c55ba0b08739b6774a5795:0:0,5ecc98f2b1db36983ff41cb71f9aeeec:0:0,465f6aece5681453176473813ca5d788:0:3790448797,063e744e33abdd42b5f030ada2833729:1:3655803505
446,B,46,-0.002945083426311612,0.8489603996276855,-0.007949044927954674,1.1967006921768188,1024,512,-0.002945083426311612,0.8489603996276855,all_rows,512,0,0.007673813961446285,0.0999119685147889,0.0020390942750964313,0.3604343138635159,0.30580138898221776,efb8a7e4fa7e36701aa5364a1dd699cc:0:0,75fdd7b2f068e2406d079b3f50d13bb4:0:0,00feadadae713e4e49a9ec3b158747b5:0:0,3962528b83887567cc948b754bfa5c88:0:2814367707,fdaa7936c4e32012a2f293ce1a1e0c1a:0:3199325681
447,B,47,0.05870490148663521,0.8733790516853333,0.10735206305980682,1.2299047708511353,1024,512,0.05870490148663521,0.8733790516853333,all_rows,512,0,0.000840567285194993,0.02432748058345169,-0.05333608119835844,0.3808602213859558,0.31050591001985595,495cdafd2834f014cd140c19879291cc:0:0,3127fb30dac37f5ee1ff530622ecfa38:0:0,cb1dfe73dad9018925f29726d490ed6b:0:0,8e31a2edf31dc1dae188e793dffae188:0:3315393546,4ddf94d2d14c48acb06fee4653180b4a:0:2289885110
448,B,48,-0.06979251652956009,0.8339148163795471,-0.13123178482055664,1.1724271774291992,1024,512,-0.06979251652956009,0.8339148163795471,all_rows,512,0,0.0025585349649190903,0.03986838172422722,0.07505632968386636,0.34690715819597245,0.31344118900597095,4ea9464d7e344afc621241c5824e89cc:0:0,69eaa4b9d7e1274d727336c54ac3913a:0:0,1dc8689885b19e10f5d8423c786fd5a7:0:0,4e388d397e4833739a394abf48a76688:0:3938417280,e895ea1aa49187464cd8a17422f7f04e:1:324197281
449,B,49,0.036837127059698105,0.8535234928131104,0.09187230467796326,1.201400637626648,1024,512,0.036837127059698105,0.8535234928131104,all_rows,512,0,0.01720241643488407,0.07928010612959042,-0.06749319657392334,0.3632085397839546,0.31265268701827154,a0631a1aa25d88b856c1a32e0e0a81cc:0:0,1019fa5901b0acb77c8690ec71101611:0:0,e4e8b1f4dac1fe8b426a1533ed911f49:0:0,e4b2f557a0dfef597e18da99d5ffeb88:0:1427629882,e0f97afdaf81b27a4d16cf027a1a52ea:0:4021682133
450,B,50,-0.027407033368945122,0.8365700244903564,-0.06197516247630119,1.1786177158355713,1024,512,-0.027407033368945122,0.8365700244903564,all_rows,512,0,0.019734101369976997,0.061424459319096056,0.04341394422808662,0.3495787434279919,0.311480742006097,90035660ad36606a8707fc332ac679cc:0:0,0255d0d9490e5b8612f8eb1b40a33d2e:0:0,de8448992df71a0a33782e01b29d70c2:0:0,02246178f3c809beb3db1f85d8047088:0:2986311421,47d2a665a39952ccdcf85ed41cf8c4ec:1:3406843285
451,B,51,-0.0002014264464378357,0.8094922304153442,-0.009811882860958576,1.1409790515899658,1024,512,-0.0002014264464378357,0.8094922304153442,all_rows,512,0,0.02175651118159294,0.06831325830426067,0.01651210415875539,0.3277120441198349,0.30796707404078916,69e5e8b5a9eecf64ad8f18b4d88271cc:0:0,c7bd445a20e02980332bee7d74f45aa3:0:0,3b1f63491d255b20c184c5a449f467c3:0:0,f040cd52ba745422093904a59eb4f588:0:2543624050,b7723cfc3c1f0cc69bfa17570e21493c:1:1566151154
452,B,52,0.05844418331980705,0.8605082631111145,0.10375261306762695,1.2116646766662598,1024,512,0.05844418331980705,0.8605082631111145,all_rows,512,0,0.006760588847100735,0.027686509152408688,-0.05079185462091118,0.3698040895164013,0.3077881680219434,6ed7cc2c73d3f9c7e3c4c493173e69cc:0:0,473bfe582effb4e5d28a85e87126977b:0:0,c2f7ab67950bb4ee54cff444b5cb4639:0:0,2a87ece0b527cc78a6b5d7db7a117a88:0:3156413582,4ff52aa9def3db317d1d6c2e29b04647:1:1940833885
453,B,53,0.005102059803903103,0.8748400807380676,0.01031130738556385,1.234125018119812,1024,512,0.005102059803903103,0.8748400807380676,all_rows,512,0,0.009447529911994934,0.12985403352649882,-0.00769242695896537,0.38287251591682436,0.3080629750038497,12573c182f301b2421dacbade6fa61cc:0:0,b6579d9fdc32c84c7762fdfd8655a990:0:0,310cb0edd481332fbf84391dae1ba45a:0:0,d64c34956d04438f6f6449c9ba19ff88:0:1139467960,4307d2886e8558637e8bafb009b82291:0:2062695820
454,B,54,-0.0511009655892849,0.8446080684661865,-0.09046849608421326,1.1897863149642944,1024,512,-0.0511009655892849,0.8446080684661865,all_rows,512,0,0.005191090516746044,0.15112389153800904,0.03792030261829495,0.3563218370079994,0.3075365510303527,c93f86d09b978717bec6f9e547b659cc:0:0,1d80dc69ef41a9a3a5d67b0130389c2b:0:0,ab88d7627dc04651f388afaf19a179d2:0:0,68c69bb6c69690f40cab6dd2aece8488:0:369434393,9553471cc49d2059cc3e099f0eb1e450:0:508651040
455,B,55,0.014161564409732819,0.8533608913421631,0.03711172938346863,1.202705979347229,1024,512,0.014161564409732819,0.8533608913421631,all_rows,512,0,0.008536006323993206,0.091798926203046,-0.03062139869434759,0.36399751603603364,0.3123948680004105,42f889d77da2b9eef0431b19397251cc:0:0,8c2de110a05a3f5bf5cdc42a668d21e2:0:0,c22abb922a94f9d16505644cdebb5649:0:0,3207ebd7441d6ab5a60bba18a82f0988:0:869875909,fe6351bc244a43ff1b0983d0143ef3b6:1:3402999000
456,B,56,0.012131765484809875,0.8198532462120056,0.019363585859537125,1.1554065942764282,1024,512,0.012131765484809875,0.8198532462120056,all_rows,512,0,0.002263413742184639,0.09722698458936066,-0.003956971353181871,0.33620963543653487,0.3061436669668183,4d985cff5e1579434accfb29bc2e49cc:0:0,603df680ec6fa6b3be85cfb6d1d887c3:0:0,a24c5624f8c18941572b670eb1744692:0:0,44b4489a025bb74d44e4077df63b8e88:0:484605992,efeb2729ad69b7d74be5d6fb69e3c7a2:0:2178824792
457,B,57,-0.02517864480614662,0.8488369584083557,-0.03928618133068085,1.1970033645629883,1024,512,-0.02517864480614662,0.8488369584083557,all_rows,512,0,0.00727427564561367,0.12363037976901978,0.0010205710481386633,0.36037733405828476,0.3048539310111664,e3b42e73dc73049b41a665f6cfea41cc:0:0,5733096f47fd75c3182bb3bca77c2b83:0:0,a5c26be6c373ae1f9f733e6c689e3c09:0:0,91ab77e42159effde43691a4e8f41388:0:211476423,20336613285f1c5e775319018c297902:1:1549230207
458,B,58,0.037269216030836105,0.8631221055984497,0.06756508350372314,1.2168161869049072,1024,512,0.037269216030836105,0.8631221055984497,all_rows,512,0,0.009954102337360382,0.082116315420717,-0.04357754767406732,0.3722810707986355,0.30623907898552716,f8e3cdc3d2ff5609a6d5276074a639cc:0:0,4f4830dfaee77c4872447bb3ce920f39:0:0,1217c8b2396501f75362cf758dda5017:0:0,b488aef5f60ce9fc2c6df6efd0589888:0:3234935459,440581e162d983c19d917f0a4ee8ec8c:0:3081170122
459,B,59,0.011030138470232487,0.8335593342781067,0.01194411888718605,1.175194263458252,1024,512,0.011030138470232487,0.8335593342781067,all_rows,512,0,0.024950824677944183,0.08239548373967409,0.004399266163818538,0.3474914364516735,0.3069333109888248,8839e04d8a2d72cd2b230b46aa6231cc:0:0,58a89199b23715d0e6f50733a642681b:0:0,b9464f5f7cc62a811e78cbe4f3945c18:0:0,a8c1ef4d126b1caddb223880fc691d88:0:4084957312,81ed92681b28eda1b03a102e0aaafa77:1:293738454
460,B,60,0.019234750419855118,0.8209365010261536,0.05194918066263199,1.1559109687805176,1024,512,0.019234750419855118,0.8209365010261536,all_rows,512,0,0.00539874704554677,0.07290808479301632,-0.043570361525053156,0.3366623520851135,0.3096026820130646,2e2935ad397acbefde1ddd89711e29cc:0:0,44872b4ddd77999559d03e542a13b6eb:0:0,5a50ef905c11f9b78b8f99831ac73f4f:0:0,266e4951e70c3b50d6ddba3abd25a288:0:3967310329,08a8e48ad3bc6d5bc25942de1caed7fb:0:851208597
461,B,61,0.0015134993009269238,0.8570634722709656,-0.020897166803479195,1.2081527709960938,1024,512,0.0015134993009269238,0.8570634722709656,all_rows,512,0,0.001734255813062191,0.03448666965123266,0.02638256446844025,0.36718606427311895,0.30958271300187334,357e2f0e13b7aee6ae176a08c8da21cc:0:0,068e20ab9a33c79ef6201062656bff42:0:0,760bfec72313d01bd491f5fa6cf643a7:0:0,1c32f55c7c01b859eee242bf628e2788:0:2749735279,7eb56ac11501ba18c581b89bbda1233b:1:1363227207
462,B,62,-0.05606986954808235,0.8494491577148438,-0.1009809672832489,1.1962966918945312,1024,512,-0.05606986954808235,0.8494491577148438,all_rows,512,0,0.00028469087556004524,0.08565093682846055,0.052441820938838646,0.3603751614689827,0.3056133289937861,7539a87e1cbcc630e8257ca4b19619cc:0:0,12923f56b489773c7b0583c5c8113b09:0:0,5f1a1b188328a3b43738d1a232364913:0:0,72aab8377e2988db46edfb713ca2ac88:0:682771763,e48bba2a515ba54e27bd0c9af8e1f8e9:1:2606454868
463,B,63,0.02705639973282814,0.8403497338294983,0.04675524681806564,1.1845005750656128,1024,512,0.02705639973282814,0.8403497338294983,all_rows,512,0,0.0023966447915881872,0.10171356711070985,-0.025428532029036433,0.3530897065997124,0.30609656299930066,ab394fa5068da9f7b821e13d2b5211cc:0:0,d5fb4bd52cfba0ea3229981addea8347:0:0,a97bb99aea772d582cc2be01758f605e:0:0,fef561a3a2cf3e426f0070729b633188:0:602547106,167dd881353180d558c15b945355b263:0:2994070552
464,B,64,0.05435929447412491,0.8615387082099915,0.1127316802740097,1.2114160060882568,1024,512,0.05435929447412491,0.8615387082099915,all_rows,512,0,0.013598067685961723,0.04492241305997595,-0.06907836267491803,0.3701825551688671,0.3087374489987269,25afcf7e53e880ada8aa63b2360e09cc:0:0,d114a4a14ddd8bda848cd10a50032cde:0:0,12aebcb308b9d90104f0496aff698d74:0:0,3bf49c232d024cbe271f90a5cecfb688:0:3906499500,e6a573b833da6d3e62c7ed1f2d5ddea5:1:827282319
465,B,65,0.07395036518573761,0.8440024256706238,0.13582585752010345,1.186790943145752,1024,512,0.07395036518573761,0.8440024256706238,all_rows,512,0,0.0059986114501953125,0.08125246395356953,-0.0857767555018654,0.3552390858530998,0.31306393002159894,8b7db4f6fe42afae2320cfe3d1ca01cc:0:0,857d430a3a685e301e3eed38edcb225c:0:0,748a09f2371b50ed849ce1b648a7b5d0:0:0,b89048322e9b149bcf1cadad26e83b88:0:2524717516,bd90bd26182fda4de5f4f1ed2aa44c0a:0:2576770327
466,B,66,-0.09907292574644089,0.8361937403678894,-0.21083886921405792,1.1681100130081177,1024,512,-0.09907292574644089,0.8361937403678894,all_rows,512,0,0.0002838707296177745,0.02377696327166632,0.13971896469593048,0.34548737704753874,0.3140485350158997,69826c8edd329bdcefaaf1b1fe85f9cc:0:0,1122e58780e75d3372e5d8cb78087312:0:0,881caf12542a6ea7874db11ed1a3da3e:0:0,4afa14aff27b04ec82597beaf3acc088:0:4044960296,d42154e37013b01e03e3f63a5d3decb5:1:353814889
467,B,67,0.01910484954714775,0.8577054142951965,0.05548641085624695,1.2085696458816528,1024,512,0.01910484954714775,0.8577054142951965,all_rows,512,0,0.0005656894063577056,0.05135880843736231,-0.03941282732412219,0.3673905201256275,0.314007944019977,d8fb355e0d467a45b53294fcbc41f1cc:0:0,dcae1519bac0fe6a24e6fae3ff5b1097:0:0,2917114d7ece7053aa74fd392bd25fa4:0:0,67231d4cd626edc1df8d1281851d4588:0:2647925980,9e11c3bf1570184bff69b419a9ce48db:1:1299807393
468,B,68,-0.005255411844700575,0.8568153977394104,-0.008194245398044586,1.2084128856658936,1024,512,-0.005255411844700575,0.8568153977394104,all_rows,512,0,0.0025286590680480003,0.10213035796768963,0.004276213981211185,0.3671994902193546,0.3120521940290928,18fc621e944830bb796585a40afde9cc:0:0,4f9d6bb3b89b9a251f9726ebc1857a32:0:0,24a6870e846018d47b87365e3187d9c6:0:0,d20e88f9b66d58527c88eb532b39ca88:0:1715120597,88476430b6f9ea3933fbad941f1ab79c:0:712562537
469,B,69,0.03496789187192917,0.8209917545318604,0.07380837202072144,1.1562550067901611,1024,512,0.03496789187192917,0.8209917545318604,all_rows,512,0,0.009554366581141949,0.13588898566085844,-0.038421010819729415,0.33665055185556414,0.31053523905575275,52ffbd1a80ee467820b58f87eab9e1cc:0:0,6d54fbd3f48c1d8b0eff5556b7df6caf:0:0,c9fa73aaed5af2ca5acb5a362a2dca65:0:0,768b3846f55d7b5605fde30236024f88:0:452568819,af0131344e807ba951f23b453d3eb50a:0:1311668185
470,B,70,-0.03169606626033783,0.8103070855140686,-0.06171423941850662,1.1412092447280884,1024,512,-0.03169606626033783,0.8103070855140686,all_rows,512,0,0.04157429188489914,0.10611571609042585,0.03885163568047574,0.32809466645121577,0.3060715540195815,f869601ec3f9e4bbee587e885b75d9cc:0:0,6615558a39b0e4a3fc61b66623f9b06e:0:0,48b1a351fd9d9e143da5efb6d120d41e:0:0,0098a905076621e90b4138f0f576d488:0:198808053,157824286cffe1a8ded2a378737733eb:0:509432890
471,B,71,-0.01821688935160637,0.8500005006790161,-0.03514706715941429,1.1983075141906738,1024,512,-0.01821688935160637,0.8500005006790161,all_rows,512,0,0.004727639257907867,0.13971315484959632,0.015337817603722215,0.36123244762420653,0.30634610896231607,34c2cdd300c1e76d04481e855d31d1cc:0:0,16f8e494217f756b21d114a7bbf5b612:0:0,fe8b91036b700ca56432339e8eed8d78:0:0,08ceb3fb62069b4876118f41b9975988:0:532139822,396914f00cb4cd2deba1c56973340a18:1:483871523
472,B,72,-0.002290726639330387,0.8441498279571533,-0.0006887651979923248,1.1904196739196777,1024,512,-0.002290726639330387,0.8441498279571533,all_rows,512,0,6.650818977504969e-05,0.03659592645708472,-0.0038205280143301934,0.35634114444255827,0.3109685819945298,d6429616932afdb6e3423b5eefedc9cc:0:0,4efd31d0ce7e4900969e8b53d78960ab:0:0,610d2362ecc3da1c00d5ec0e0aa7bc43:0:0,f7d56dd8980e89b4ae5bead6d263de88:0:3430168690,f3cd81338a2f370afa6640e11281590c:1:2596019497
473,B,73,-0.021765805780887604,0.8356940746307373,-0.04262825474143028,1.1781489849090576,1024,512,-0.021765805780887604,0.8356940746307373,all_rows,512,0,0.002299200277775526,0.028315238386858253,0.024911595263984055,0.34914381057024,0.3043303089798428,cc054b43090cdaa9eac8a0f513a9c1cc:0:0,ea3222e2ef0a4afcf8d398b3200cfa1e:0:0,e98029b999807781dc43559199effd4a:0:0,2725484365fc26cc6a00b3528fdc6388:0:2720436989,2d66f9ec33174dd473fcb45933e0e566:0:374068041
474,B,74,0.02591436728835106,0.8680221438407898,0.06605328619480133,1.222989559173584,1024,512,0.02591436728835106,0.8680221438407898,all_rows,512,0,4.5187072828412056e-05,0.1071214639232494,-0.04706493751727976,0.37626183927059176,0.3036805189913139,ef230a744d0475dad9211b27c865b9cc:0:0,5b829c221db370f99ab073c398ae2535:0:0,7e3fc6e093744b14537614b259b7f55d:0:0,7304eddc6c9b53af2898b3174200e888:0:3921392245,391eca31496483fea4fd6c3b0c6679d5:1:3903747982
475,B,75,-0.00857673678547144,0.8524200916290283,-0.009975304827094078,1.2019749879837036,1024,512,-0.00857673678547144,0.8524200916290283,all_rows,512,0,0.0016251436900347471,0.0709244210505858,0.003810430963494582,0.36341190040111543,0.30713175900746137,398b5536c0b35c024b5575d70e21b1cc:0:0,8c4eee973e84044153121841059eb648:0:0,a22b08f9f61f84c65a99d731d587cb3c:0:0,1731e6b7589a8b375b3a174738d16d88:0:4200619919,bfd13a159d0045ccdafe491fec9c6e5c:1:3860128568
476,B,76,-0.025178518146276474,0.827538788318634,-0.05218673497438431,1.1659997701644897,1024,512,-0.025178518146276474,0.827538788318634,all_rows,512,0,0.00044366938527673483,0.09391213175840676,0.028278667642734946,0.3422419801354408,0.30483025003923103,d347773b846c0f9c3d337ce2e4dda9cc:0:0,8fdc1b2cb19cc67fb55bcbbd134bed0c:0:0,4fd5b7f6c14a201235a8012789ab6d10:0:0,05c4d5043b5d8c9c383d6fc4c44df288:0:519888224,09ce534ffe2f358ae4badf65479b7380:0:3143443210
477,B,77,0.03594355657696724,0.8593306541442871,0.055073026567697525,1.2110658884048462,1024,512,0.03594355657696724,0.8593306541442871,all_rows,512,0,0.00017663859762251377,0.11105557335540653,-0.019477648445172236,0.36934596225619315,0.304721997003071,7c722ef32a4b7987894cfc2b4c99a1cc:0:0,32311acf49ad1786c4cd9a9708a3c129:0:0,69c96bbdb7457efe7ce9dffcdcd22c4f:0:0,802e55fae3e854cb3b02af3234767788:0:3617465155,bb2eb0c1b55939ee68752ade79ce4dc9:1:1753166429
478,B,78,-0.08187214285135269,0.8067668080329895,-0.1496119350194931,1.1325331926345825,1024,512,-0.08187214285135269,0.8067668080329895,all_rows,512,0,0.002671984024345875,0.0997502860147506,0.09263601463171653,0.3241945579648018,0.30486255703726783,cfd9cc2f12bf69a568f7bf90455599cc:0:0,81eaf7084698f77f1f3703725c265c54:0:0,05f642ed7e0333f29d30547dd886520e:0:0,c064e446164fbcc94fb62af1d94afc88:0:3468152581,3a7ae9670ff2793e7169f9282dd32d8f:0:1388653644
479,B,79,0.05377993732690811,0.8362501263618469,0.12372123450040817,1.1748237609863281,1024,512,0.05377993732690811,0.8362501263618469,all_rows,512,0,0.012274499982595444,0.09659005088033154,-0.08711492053698748,0.3477806530892849,0.30459330102894455,a7e07429b07a2778f44d92f1cf1191cc:0:0,1c29bf64df6a7b6e472a0fd588083032:0:0,d33bc09cf67c46e13e6caa6fff42e10d:0:0,7d5769d794afd36bab159b2602cb8188:0:751347143,027ede7e34d2a8d29c1c0a0eb6078742:0:2657277040
480,B,80,-0.00796731747686863,0.8200323581695557,-0.0371539443731308,1.1552566289901733,1024,512,-0.00796731747686863,0.8200323581695557,all_rows,512,0,0.014799129217863083,0.153342983732,0.04203069304348901,0.3359128892421722,0.3107622410170734,94c4b695f1d312c6a22c422fe9cd89cc:0:0,16ba69c1e0d14d83433bde4fb03892e1:0:0,26acc82d6189d7890730529ca2805457:0:0,b20eb9e4063ac8b84e351ab100f80688:0:894463020,91ed88495ce2360c052e2dd9d2dd1197:0:149156473
481,B,81,0.028307117521762848,0.83846116065979,0.04610462859272957,1.1817861795425415,1024,512,0.028307117521762848,0.83846116065979,all_rows,512,0,0.003161740954965353,0.07301492020487785,-0.015780835505574943,0.35154096186161043,0.3077589650056325,d10b1b960d945433c835992a958981cc:0:0,693a3b38dc42fd6eeea05eb3cbbc45d6:0:0,7b462c947a9342b56779d3c60dddccbb:0:0,d5bf7b72e786013e3644273523d08b88:0:3672260130,e0b6e8489d98d43dae4fcc970e3a6289:0:4179943315
482,B,82,-0.037649672478437424,0.8377593159675598,-0.08354844152927399,1.1792607307434082,1024,512,-0.037649672478437424,0.8377593159675598,all_rows,512,0,0.00025349471252411604,0.10856846759561449,0.06067182938568294,0.35029311180114747,0.3061071620322764,7647ceb9f1359de61acf63c1d24579cc:0:0,679410c7f95fe3e1fe4f5f744aa25c66:0:0,51c566a7d0c07ae68ecbd8a909aa2471:0:0,d4d5fc1ed2cda7b53852a114bb551088:0:988304204,227d84466e6f34d38dc6716c893fa2d6:1:95402997
483,B,83,0.07958696782588959,0.8468261957168579,0.16338306665420532,1.1881096363067627,1024,512,0.07958696782588959,0.8468261957168579,all_rows,512,0,0.0013303891755640507,0.1301616481039673,-0.09008745215833187,0.3565447248518467,0.30826799798524007,e20607658e83fc232d236dd5a00171cc:0:0,8a4164ad2594b569fb108101eea9a4a4:0:0,db78caf1ede057c803c9924f56054d3f:0:0,30381c019779d3358915cb7217859588:0:1809552093,9494eff61670492ef68b2a1fa3c4433b:1:1303224400
484,B,84,-0.014539898373186588,0.8876357674598694,-0.04348932206630707,1.2516061067581177,1024,512,-0.014539898373186588,0.8876357674598694,all_rows,512,0,0.014374048449099064,0.10720157655887305,0.02259849461261183,0.3937090918421745,0.3063149700174108,40014b3f46b6b5eff11f8345febd69cc:0:0,a3f6d19473c7d730446205c717794f67:0:0,5ea4f4619abb106dbc22ea8211f6f055:0:0,73db8201c5c31856f0ad4c2f88621a88:0:3658493416,47fb60b3047e36f65b756720e68da8c6:0:3474460231
485,B,85,-0.02786000445485115,0.8415847420692444,-0.06181100755929947,1.1853007078170776,1024,512,-0.02786000445485115,0.8415847420692444,all_rows,512,0,0.021554162725806236,0.04232441664207727,0.04022710275603458,0.3538059279322624,0.30472316598752514,0c532386b0f13db037756ff2ee7961cc:0:0,f9f8e39a7063e8b8599419c96b872c7e:0:0,1ea9c0a98679533c05f862c7e8b0b5aa:0:0,692e557885e71b87aa682bef5dea9f88:0:56689648,39240f1fbca9f6cbfd4217c402144789:1:3305836952
486,B,86,0.016812317073345184,0.8249434232711792,0.032881755381822586,1.1625529527664185,1024,512,0.016812317073345184,0.8249434232711792,all_rows,512,0,0.0007819561287760735,0.057471581420395525,-0.018616700236452743,0.34022350013256075,0.31127123098121956,159e5a73fa3231c62f9affbc6f3559cc:0:0,9615d9ee1fe7e480ec85a2ea4db51ef0:0:0,89b4a058de57d2d9ae732e8a54526c58:0:0,65c7f21ac9f07aeaf089d613e81f2488:0:4155453770,730b61b87f9f59baa0c3fc3da4d1cae8:1:3035182381
487,B,87,-0.032623983919620514,0.8434414267539978,-0.06435481458902359,1.1889641284942627,1024,512,-0.032623983919620514,0.8434414267539978,all_rows,512,0,1.6670790500938892e-05,0.05259266037028283,0.03824051085684914,0.3554367132484913,0.31406355602666736,149f52001caf6d31e7c9fe8280f151cc:0:0,8deb78555c0277f606d802b5c4cbcd4f:0:0,7eaa0887bdab619400056011c5b80974:0:0,af88d7e425a8260f340f18bf76ffa988:0:3949619953,a947f4eaf9ea7953957a5581bcb08432:0:1523668671
488,B,88,0.0873730331659317,0.8361416459083557,0.16680635511875153,1.1731988191604614,1024,512,0.0873730331659317,0.8361416459083557,all_rows,512,0,0.003964331466704607,0.04949961588717997,-0.09404189491178841,0.3479039207100868,0.3046014150022529,53df81b62c9f2830cd00382523ad49cc:0:0,b790fd94ebfc8951ae250474c0475fdd:0:0,629b6fd2a011b32ab6ffa5621bf371d0:0:0,2eab351fd9d8f9cc007324d45a8c2e88:0:3901086466,eb16aa7ab20d5f77d2469c3cb4cdc251:0:1410175361
489,B,89,-0.05463852360844612,0.8456228375434875,-0.10590270906686783,1.1898980140686035,1024,512,-0.05463852360844612,0.8456228375434875,all_rows,512,0,0.013447276316583157,0.02643719846382737,0.06180022016633302,0.3567711882293224,0.31048338604159653,1f98a56df86e28dd2aff7884576941cc:0:0,c796fbd49b8c5f12477d4a9dd5b9a3dc:0:0,81f6e6618729c79b8804284047d3904b:0:0,8ebfdf41e6a136978b748df4e2c4b388:0:2693574819,a15c8e6a86ff44182f10e2e4829934c1:0:2382653040
490,B,90,0.020490920171141624,0.8538417816162109,0.0404316671192646,1.2045316696166992,1024,512,0.020490920171141624,0.8538417816162109,all_rows,512,0,0.013479013927280903,0.10618086056783796,-0.02597158671123907,0.36455408334732053,0.30427702597808093,cb1aa3103a6303cdac4d8b801c2539cc:0:0,0673c7b5bb60560a73f9c058a1a5c514:0:0,7c936098bba2dd940110809f80a8264a:0:0,3ef0baba442027a3f0da4a835fa93888:0:1045929045,9781dc4e95af7a9f0e6b35283446ba5d:1:890195462
491,B,91,-0.011575841344892979,0.8768147826194763,-0.021978329867124557,1.2366418838500977,1024,512,-0.011575841344892979,0.8768147826194763,all_rows,512,0,0.015767253935337067,0.061924920231103894,0.013027951115145698,0.38453096970915795,0.3116787389735691,0645a9c499ae6cb4da343cf871e131cc:0:0,39d6551510b321ff7197817a34522198:0:0,081021676d9146fad0bd20d528c2add1:0:0,b3ee1cf3b16111141a38b3a22139bd88:0:4112057738,c88a9466e7d69de10ae9224d3bf427f2:0:3985307400
492,B,92,-0.005729431286454201,0.8400447964668274,-0.0037258993834257126,1.1844017505645752,1024,512,-0.005729431286454201,0.8400447964668274,all_rows,512,0,0.007485147565603256,0.05500403892947361,-0.005205686012050137,0.35291963070631027,0.3107136180042289,02e08929b8e897009cc158cd589d29cc:0:0,6e3f6980a8543d2094d49e2df256095c:0:0,d4fcbaf51332f795d34cb472e1c487be:0:0,5f3f98f1def73b9852b6853377764288:0:49422363,16d3cce1c8250dc4ec582723ec49409c:1:3352584030
493,B,93,-0.018562499433755875,0.8114861845970154,-0.02718227729201317,1.1433558464050293,1024,512,-0.018562499433755875,0.8114861845970154,all_rows,512,0,0.00015294738113880157,0.03975281792227179,0.010961806366685778,0.32935691103339193,0.3051684019737877,86c1bb778ffba679bac6aaded05921cc:0:0,f15b534df0dcf52da9fcc2a6c6fb51fd:0:0,a657c0b3a5b0b3f636bdddfcf5c0cb6d:0:0,806b312c1551b3c286d1ddd9b25ec788:0:2802807882,a5f58ce65b6ad363b55e777a11c7421d:1:3458553544
494,B,94,0.021217484027147293,0.803900420665741,0.03284211456775665,1.1326508522033691,1024,512,0.021217484027147293,0.803900420665741,all_rows,512,0,0.006898938212543726,0.07748311591567472,-0.012150108546484262,0.32318652868270875,0.3053108919993974,7ce819ac4f7b2fe359d9ff0cd91519cc:0:0,f9a5bf01952af2c10d87dbff5b15398e:0:0,14855e099497fc81087fb1efb3e0612f:0:0,8af3b2fdd660136230253ef721f34c88:0:3185891322,3a47964283cfaa04114d8b6231c38e1a:1:2423827496
495,B,95,0.021436836570501328,0.8580507636070251,0.04446663334965706,1.2096829414367676,1024,512,0.021436836570501328,0.8580507636070251,all_rows,512,0,0.0032885423861443996,0.05329584825085476,-0.026901910733431577,0.36803825497627257,0.30417716002557427,e4bead240b68c99a7e55213772d111cc:0:0,d3f804fcd708a8c6e887edfa03027e4a:0:0,8984d005992ffe7fd649360551d5fb1c:0:0,2805f4025eb46b37ed2c8cae1633d188:0:2951826014,7180b5462fbf3df6e7efa2b08964d903:0:1841188697
496,B,96,-0.015684494748711586,0.8665472865104675,-0.017884494736790657,1.2221709489822388,1024,512,-0.015684494748711586,0.8665472865104675,all_rows,512,0,0.012830518186092377,0.11353502463316545,-0.009107605111785233,0.37551714703440664,0.30688961304258555,23dd8e3b6b65ac358b55dd3e9d8d09cc:0:0,1d09b7a44e82d2b5fc89c00fc908d1a9:0:0,1f0b15ed71619e55cb91741e734a88f3:0:0,f70d029653e12350c50a0de0df205688:0:2419620788,67fa8edac9794a1ee304f902418f32bf:0:2067550402
497,B,97,-0.024252669885754585,0.8203738927841187,-0.03328738361597061,1.156501054763794,1024,512,-0.024252669885754585,0.8203738927841187,all_rows,512,0,0.007255879230797291,0.079004775674548,0.005589318904094398,0.33663612641394136,0.30524004396284,bba83bdd9e516323c2bdff02594901cc:0:0,eb5da718fa2e559fbd0895c56ad7cf6f:0:0,a31732e47bae16b353be503ef9d0cd65:0:0,4719a3385c646859174b6c31ccb8db88:0:1508419625,ebc6c283e31deb380d1371407e1722b6:0:3043815655
498,B,98,0.014953501522541046,0.8587498068809509,0.04179476574063301,1.210597276687622,1024,512,0.014953501522541046,0.8587498068809509,all_rows,512,0,0.004707145504653454,0.048168800480198115,-0.02706629065796733,0.36860392093658445,0.30389257898787037,3930541dcf558d4cc5335262a604f9cc:0:0,74ba518407f4e118677f96244add1de3:0:0,d3c5161ae23bf3b76c94b9b8b66122ca:0:0,0f268741d1057c3737aeb4032efd6088:0:3876652648,ed22d2edabb8f3e3401e40f0aee0dffe:0:2811380640
499,B,99,-0.0009568044915795326,0.8628127574920654,-0.021009821444749832,1.2163137197494507,1024,512,-0.0009568044915795326,0.8628127574920654,all_rows,512,0,0.0018891508225351572,0.07494341738056391,0.02826650301576592,0.3721642427146435,0.29637574299704283,e2c2123c5a5eadb0121fa33f83c0f1cc:0:0,1f9c0311886636db4f453ceacaad0a97:0:0,e18dfade6d38fa401d0d9faf47150a3f:0:0,fbe7b120301b003db5e7547755ede588:0:939758941,ddec668950ea0c8f405ad898191de3d9:1:1836851859
500,B,100,0.013907473534345627,0.8548324108123779,0.023412328213453293,1.2054702043533325,1024,512,0.013907473534345627,0.8548324108123779,all_rows,512,0,0.0159338116645813,0.07137939759995789,-0.014885139500256628,0.365481773763895,0.2792276190011762,2b7672b7fe020c0487b0bd78f27ce9cc:0:0,067382bd4e85916196bac0c5965255b1:0:0,540f8930acd00752d72b9b440801580f:0:0,64e9f18278c40f4551631f70918a6a88:0:2805130906,d00114caa29b56a0df44114100e62a42:0:1347992103
501,B,101,0.03433404117822647,0.8792764544487,0.05053398758172989,1.2399169206619263,1024,512,0.03433404117822647,0.8792764544487,all_rows,512,0,0.01079829316586256,0.1738504140637815,-0.02441630804914894,0.3866296820342541,0.3124416570062749,52155a4b48d0a557e2d86ceef238e1cc:0:0,a048dc5fbe2d37622d1d865df2484dc2:0:0,020462af9d0b96aede69e08a19681a48:0:0,5fc31a7f16b0bdfe990f499131d2ef88:0:3299143053,7286b89f82f99cbbe0e1f955788aa3d7:1:2805200585
502,B,102,0.07015503197908401,0.857679545879364,0.1283663809299469,1.207025170326233,1024,512,0.07015503197908401,0.857679545879364,all_rows,512,0,0.009273205883800983,0.04516873959219083,-0.06908816430805018,0.36704292371869085,0.30891849496401846,c57898f680172cae3f4c7d8182f4d9cc:0:0,59de8de2596a536689f5e27df654aeac:0:0,b22df42497056f8b0b0c151416e3810a:0:0,d2b28c3b8ea957cb371d6a3b86c77488:0:4267704454,a594b03f3e67b79f6169256e958c9b87:0:2832594326
503,B,103,-0.07837040722370148,0.8636422753334045,-0.1492229402065277,1.214174509048462,1024,512,-0.07837040722370148,0.8636422753334045,all_rows,512,0,1.734192483127117e-05,0.09262164764804766,0.08672813705088629,0.37147400379180906,0.30450184998335317,f57f1e763e0b1ba19786bb10a4b0d1cc:0:0,d7e91b220bd6dfa027a2e09df4402a4f:0:0,26975b50e65501bd453eaf3ba26d8a9a:0:0,d31c84c2a8966e6ee8c87b91e067f988:0:1341469839,c1a6ff8c6c89338fcf8f1c46ab9782f5:0:3821717278
504,B,104,0.032418154180049896,0.8283307552337646,0.06572051346302032,1.1666842699050903,1024,512,0.032418154180049896,0.8283307552337646,all_rows,512,0,0.00011780532076954842,0.03182605264009908,-0.03831602767459117,0.3428394705057144,0.3060142410104163,1c7631c70564d30144c4f17c576cc9cc:0:0,e07e52d7d15ab8ae5e48a2a382ea61f4:0:0,1fc53f0b7f6827681ea078cfd8117116:0:0,a453dd24655e92e82219da768eb47e88:0:2843080054,ece0525a2b568565fc8a5f6beb395536:0:222406200
505,B,105,-0.04043333977460861,0.820308268070221,-0.08367179334163666,1.1550719738006592,1024,512,-0.04043333977460861,0.820308268070221,all_rows,512,0,0.004843888804316521,0.1166007732739672,0.044420664321660294,0.335975269600749,0.30904731701593846,49acf9960866cb717f08eca49b28c1cc:0:0,ffc92b6c7f10a1bc24b0bddd8074a0d0:0:0,812ed47687c6568e8db0cdb114607ba7:0:0,514aa360a5814dc05dae468be1ad0388:0:3303309518,d41ea945bf9d873088dbb1dd6f616792:1:683984519
506,B,106,0.01148991659283638,0.8458499908447266,0.029837124049663544,1.192397952079773,1024,512,0.01148991659283638,0.8458499908447266,all_rows,512,0,0.01149100810289383,0.09430594771401957,-0.019214730503153987,0.3577174127101898,0.30109745799563825,8aad1fbf6151d60add1878696fe4b9cc:0:0,472f89769a88b185ab4e286b0837435b:0:0,f4c8ebd915f02da0c44aa2f4cbdef549:0:0,0869a5a600e9ad24187ae23429518888:0:67424740,d68606f9ae737c6b6a316adfe8a375ee:1:3143709238
507,B,107,-0.036710869520902634,0.8480541110038757,-0.06300034373998642,1.1950089931488037,1024,512,-0.036710869520902634,0.8480541110038757,all_rows,512,0,0.0001085581025108695,0.026536390965338795,0.03257638696741196,0.3595036014914513,0.3007985549629666,7d51d639fa466cf9d47d60aad5a0b1cc:0:0,80a9eaa9849956db9de32a27972b523a:0:0,bf5467209f1db993fcbffac7a7decd61:0:0,a66b32c5f1057f1279923291b5a20d88:0:706892729,ffcc569885168416e0e42cfff0b6057c:0:1045492942
508,B,108,-0.016464535146951675,0.841349720954895,-0.02137114480137825,1.18616783618927,1024,512,-0.016464535146951675,0.841349720954895,all_rows,512,0,0.003643450327217579,0.027475434448570014,0.004721623822115361,0.3540586091578007,0.303731260006316,d9ad00116293141e39857148cc5ca9cc:0:0,0b12855c834e1d5eaf036441fc85ed9e:0:0,33884eab17a312618e3072ebabc68d60:0:0,3ae2081213c10df4a5e91f86d69e9288:0:2113043500,58d41f94fac18b542391765200de6f64:0:2140193261
509,B,109,0.034685127437114716,0.8180378675460815,0.06209782138466835,1.1521759033203125,1024,512,0.034685127437114716,0.8180378675460815,all_rows,512,0,0.01029039267450571,0.11514638615772128,-0.02829442383372225,0.334497395157814,0.30805609398521483,9f58bd4dcf6fc9aabf4276235418a1cc:0:0,d46a129d43bfa1d4897d2cd050772d72:0:0,1703900ed1cb381d5e450c0c5bf9fe70:0:0,f5d8e8cff899f5ecc01bf3b5dc471788:0:2920864721,79de415e4c2e9dc5b78f5725db44aa66:1:1571348111
510,B,110,0.026026781648397446,0.848789393901825,0.0487045980989933,1.1968140602111816,1024,512,0.026026781648397446,0.848789393901825,all_rows,512,0,0.0002690540859475732,0.07447809415170922,-0.025435081392060965,0.3601046077907085,0.30205295199994,867a14ea862686c4778a3b1a6cd499cc:0:0,8415e7d124dcd0102fb4d67eb0f11605:0:0,79302a895008dd1609a388c5a17382b7:0:0,fac249bd988e692c94335c81169b9c88:0:3150206194,cf55c709c5310a44302268d685b8c15f:0:4126926865
511,B,111,0.020041784271597862,0.8491630554199219,0.038756221532821655,1.197033166885376,1024,512,0.020041784271597862,0.8491630554199219,all_rows,512,0,8.009723387658596e-06,0.00812193052843213,-0.019067630713107065,0.36050239875912665,0.30048331402940676,2157f43aeda8d02252f68c0e169091cc:0:0,cd2c7984322d0a544e3f4a360597059d:0:0,a320fb30bec7e165680b0790efd59502:0:0,dfdcbe6c4e40f9a3ef696a0ad59c2188:0:1806224695,1cf54825b55775f9c05db7d4c2ce3f63:0:901337599
512,B,112,0.018131177872419357,0.8499504327774048,0.009918127208948135,1.198551893234253,1024,512,0.018131177872419357,0.8499504327774048,all_rows,512,0,0.00014346116222441196,0.07524637605529279,0.015063027007272467,0.3613169454038143,0.2978233969770372,c000375e859256aca0e534de514c89cc:0:0,45f2cfba9bec3b1ac48acc33ae1dc543:0:0,e1184a257dc814cf4d8d7ae604b9cd66:0:0,7825a92edd3bbe56a3ee8f356948a688:0:3519832955,f70ac065ffff18e93a959029d5545cdb:1:1828356705
513,B,113,-0.05364079028367996,0.842431366443634,-0.09924240410327911,1.1862680912017822,1024,512,-0.05364079028367996,0.842431366443634,all_rows,512,0,0.005546571686863899,0.07416879712836817,0.05954314998816699,0.35445056930184365,0.29717258701566607,a402eaa40098a81c8f78016b1d0881cc:0:0,b8c9d894f3378c67c5273d80abe5d85f:0:0,1d9f4f2dc22f1aeff48bd4396994a209:0:0,715f9ba4d5d06aaa38aea1a321a12b88:0:1192497700,15ed5525653c1771b670b5175d9c4db5:0:622653185
514,B,114,0.02879079431295395,0.8660864233970642,0.044684506952762604,1.2212413549423218,1024,512,0.02879079431295395,0.8660864233970642,all_rows,512,0,0.0005968506447970867,0.0437182302121073,-0.019419981667306276,0.3750891752541065,0.31475522596156225,66d270fbc067ef9bab94bd9479c479cc:0:0,4a01df603a425a69dfc7579e455db6c6:0:0,66a3e01656664994ec8691eec00bf059:0:0,d54eb83e66a5adfb4515d9b64ea5b088:0:3675013440,1d7b250898a7b835375fb6ac675f0e0b:0:2085898535
515,B,115,-0.05214404687285423,0.8463977575302124,-0.0911697968840599,1.1921327114105225,1024,512,-0.05214404687285423,0.8463977575302124,all_rows,512,0,0.001903827185742557,0.06803956318181008,0.04047346783045214,0.3578985929489136,0.31097078300081193,a1d5b7d9f0ecc66360e5353a678071cc:0:0,69aeaf9cd5590ad047e21e9addf2359b:0:0,8327ab78918d5cca381638a610c49afa:0:0,e2df67137594f1ca78d5d29140563588:0:179667509,e6f3b0d306375a1f87beb8bade7d8776:0:2793682156
516,B,116,0.041833046823740005,0.839249312877655,0.07853490114212036,1.181714415550232,1024,512,0.041833046823740005,0.839249312877655,all_rows,512,0,0.00030563666950911283,0.04139203418744728,-0.0413985980238067,0.3519026890397072,0.30480941000860184,ebb01d28810b145c79d7343ce63c69cc:0:0,d24c9274f3659271647848f37d23e532:0:0,8cef0449c463f7fc95c9165d9dd27443:0:0,c2014cc3a70e4cd14faa8a1646b2ba88:0:3335905724,2fe71ec9330b108a3cac99e3ae22dad8:1:1245866352
517,B,117,0.03352684900164604,0.8470549583435059,0.06830304116010666,1.192926049232483,1024,512,0.03352684900164604,0.8470549583435059,all_rows,512,0,0.024291828274726868,0.049031581834424284,-0.042109209281625225,0.3584796734154224,0.30373031401541084,1ab1282936c200be9f9c867bf5f861cc:0:0,a8ea4ee61ab6b344693f6b2c519d124b:0:0,a895e71ecb6da812537d092292c6acef:0:0,59b27376cdcb414e711f60e7b1bb3f88:0:3254458530,e830396952b1209a9838431b7dba9495:1:35560587
518,B,118,-0.037964172661304474,0.8271340131759644,-0.0718499943614006,1.1649303436279297,1024,512,-0.037964172661304474,0.8271340131759644,all_rows,512,0,2.4672946892678738e-05,0.08902373141609132,0.036355661181733015,0.3418374039232731,0.31195741798728704,70c4b2681cbcf2afda2af7d796b459cc:0:0,f07404483c2090fb35a2f130ae264085:0:0,0ccfbf6fd22af327753caa5af90e85f2:0:0,2168172a142b9cd9bc541a67d16fc488:0:1369259021,40d8343a1326ac9ec6433b5068a70db0:1:2704180891
519,B,119,-0.007357805501669645,0.852030873298645,-0.0023536160588264465,1.201567530632019,1024,512,-0.007357805501669645,0.852030873298645,all_rows,512,0,0.006888918578624725,0.020253719994798303,-0.006686895497841761,0.3630776345729828,0.3109849149477668,e19a9a1e8751a1e4103c542fc87051cc:0:0,6521f8c7313c86a1dcec04c2716198c7:0:0,8cbd0257216a2af99d2d95c4e61e26be:0:0,0720f1ea0d2a900fffc1dcb8f5d04988:0:4235237033,81ff8c2ea28412f5b150b8b75d3dd462:1:4290365079
520,B,120,0.05139318108558655,0.8734288811683655,0.09044294059276581,1.2305684089660645,1024,512,0.05139318108558655,0.8734288811683655,all_rows,512,0,3.068288788199425e-05,0.1062992231687531,-0.03826430004555732,0.38133722469210624,0.31410094001330435,081393a6eeeb373c874e67648b2c49cc:0:0,24cb9d35f4e4c1237acb2fa7487f708a:0:0,eb1e8e376d7059837f215f5f0123affd:0:0,e12ff518bc6cd4665d0030bd6edcce88:0:801482194,031531fbb00df74ae1d514e35d1e3a34:1:3804243224
521,B,121,-0.02499425783753395,0.8554801344871521,-0.06351395696401596,1.2053836584091187,1024,512,-0.02499425783753395,0.8554801344871521,all_rows,512,0,0.004980091936886311,0.03592214901000261,0.041945588228554695,0.36550096794962883,0.308193059056066,9c4f2be1dde27d6763a2fd55dee841cc:0:0,547836cb9348425c42244e25f3956e77:0:0,2a4bea55d10bc9ca4715ab96766ae980:0:0,1df81d148b7b7675588a02178c955388:0:4203406398,37003c9fe531e30780e5633cd809d1c5:0:2518007594
522,B,122,0.012780255638062954,0.8599300384521484,0.025526471436023712,1.2128156423568726,1024,512,0.012780255638062954,0.8599300384521484,all_rows,512,0,0.0042418669909238815,0.07242077053524554,-0.009794700134079903,0.3698032028973103,0.31006966601125896,4ffd89ac2fc3217f283fe1e3c3a439cc:0:0,afa98732997e65c1605f7cb742c04163:0:0,002a6e8171ca55d5f63661f3e33af2d9:0:0,4f6ed72e0dd19b0b95829f299ef9d888:0:141589341,6631c8b30227794855f10490099ffb5c:0:3695249945
523,B,123,-0.03205729275941849,0.8407231569290161,-0.07600905001163483,1.1836650371551514,1024,512,-0.03205729275941849,0.8407231569290161,all_rows,512,0,9.021884761750698e-05,0.14997749748872594,0.06679768695030361,0.35287920013070107,0.30049538804451004,e2d5f8c6dffe03aa36eee0ee396031cc:0:0,79c801539d8fd57c30aa8a901212de9f:0:0,0175fed1699a58fda6b70e3e085f91ed:0:0,7560f18265f655583d7ab915f60a5d88:0:2682275458,56636bad65b2756b362d31039f17e04b:1:749273858
524,B,124,-0.012404966168105602,0.8192287087440491,-0.026585562154650688,1.1545779705047607,1024,512,-0.012404966168105602,0.8192287087440491,all_rows,512,0,0.0018626964883878827,0.03368311147205531,0.016582858888432382,0.3355977736413479,0.2915261960006319,0549c4d0a60897ba503dc655401c29cc:0:0,af62726d171b4e529bad7dbb68322084:0:0,53666b08cfa29092aac5aa739c4da009:0:0,ca073bb3136e647d143563bee1c6e288:0:2516810922,f1d64cfd82381423c73c1498e757a354:1:1856341590
525,B,125,-0.005886424332857132,0.8285083770751953,-0.0052342843264341354,1.1677577495574951,1024,512,-0.005886424332857132,0.8285083770751953,all_rows,512,0,0.0011922422563657165,0.18164005847647785,0.00770551161840558,0.34336229488253595,0.295487476978451,3bb967319ce955cc137e5df8d7d821cc:0:0,2c5ba25e50d4427b1cd6914659f28466:0:0,dd6d803d08b4405034f94987b8d65591:0:0,eddf293debe46ed8376d15c6b22f6788:0:1447534443,35189a586ce1b6d01dce05368b9172c9:1:550061748
526,B,126,0.029513981193304062,0.8695339560508728,0.0572187639772892,1.2258412837982178,1024,512,0.029513981193304062,0.8695339560508728,all_rows,512,0,0.016702042892575264,0.05791220922255889,-0.03193204780109227,0.37794153243303297,0.30680050200317055,6898871934313ae67ec673b9009419cc:0:0,21e774c56c46e4bec345268e67c91e1f:0:0,af82eb0a483703154ff84c7a0c8b134f:0:0,5dae8515017911558a98a88fb743ec88:0:1979431854,45e86d317cb7f365460be21bd975e66b:1:176620017
527,B,127,-0.006576308980584145,0.8299055695533752,-0.02119189128279686,1.1696619987487793,1024,512,-0.006576308980584145,0.8299055695533752,all_rows,512,0,0.0004167903680354357,0.05358830625191331,0.02159510008059442,0.34439028054475784,0.30856286198832095,f00bc6eea862599a6eefd375ba5011cc:0:0,243f262805fa0c84422f3466fbfd50b4:0:0,446c526723ea8aa1562c677512084be0:0:0,bcd784b23cbed917ceb0583c41047188:0:3105684341,8c911ff097fe59727fd140e52d48983e:0:3075921961
528,B,128,0.01918254792690277,0.8491811752319336,0.04378446191549301,1.1965179443359375,1024,512,0.01918254792690277,0.8491811752319336,all_rows,512,0,0.002047800924628973,0.030239036679267882,-0.031500639520527327,0.3604667454957962,0.3062653139932081,8ba1d6d440c37aa21f98490f050c09cc:0:0,fb98231b218d370511d36203fc612aec:0:0,8883e63437a17cc3b0129a0e209d6d0b:0:0,ef3681e97a78fdc965f2c3ae9f70f688:0:1485326588,d8a95d1791d19cb5c2d31c9db9d18e69:0:3909494944
529,B,129,-0.004198258742690086,0.8565792441368103,-0.019861992448568344,1.207802414894104,1024,512,-0.004198258742690086,0.8565792441368103,all_rows,512,0,0.0010028636315837502,0.06660439033294097,0.01624276039374308,0.36690288558602335,0.30250043101841584,e0d7c01d90a0cd80ab21a064e0c801cc:0:0,4661d801e462f04289c76a65aad4b423:0:0,b49ebf7aee8a55d9227513cfed28eaaf:0:0,e7c0e0da0bc672e4c3a9ec8922897b88:0:881207700,259160f1f612d5f599f8c43aee0b8ba6:1:702428370
530,B,130,0.005241239443421364,0.8510881662368774,-0.011799594387412071,1.2001062631607056,1024,512,0.005241239443421364,0.8510881662368774,all_rows,512,0,0.008416516706347466,0.053795456886291504,0.021711495734052733,0.362187160551548,0.30503101099748164,c11ed9d8f9f9a9218ab1a5574d83f9cc:0:0,641df6f4a8c28ce552eaf6a97deb00fb:0:0,e0f84cd5f78d74baed646a4806ccf174:0:0,446405418af5a64487f0372e1a4e0088:0:3546702282,3b104e780cc2441716f915480aa272db:0:3677403045
531,B,131,0.047498829662799835,0.8460863828659058,0.09807954728603363,1.1907601356506348,1024,512,0.047498829662799835,0.8460863828659058,all_rows,512,0,0.0015424233861267567,0.010942235484253614,-0.05739677719247993,0.3572407141327858,0.3100165600189939,a61952ccaf9b5c78163223c64b3ff1cc:0:0,b0e38678a8fd2636e133bde1e2d506d3:0:0,ea446af068d053f376e84c7b7a5f53fa:0:0,089ce2c20fd0024b47756abfd6be8588:0:3556401695,a183e7770dd44edfeff86f356f680ad9:1:1113766980
532,B,132,-0.016095086932182312,0.8114892840385437,-0.02593778818845749,1.1429343223571777,1024,512,-0.016095086932182312,0.8114892840385437,all_rows,512,0,0.0034900337923318148,0.049864683556370436,0.014614369440823793,0.3293039299547672,0.3100421480485238,80b8b98774a90f1f0450e791d9fbe9cc:0:0,3de66ac794aa1ecc885e4d58fd2c1b2c:0:0,2ed43159e085aae8b1a5a69679af9eb7:0:0,72202118ebbf09f2ff43b120a7db0a88:0:3326097320,92696c889b5386f3f1a5047a3b50c5d4:1:704656434
533,B,133,-0.039838917553424835,0.8389672040939331,-0.07059799134731293,1.1815340518951416,1024,512,-0.039838917553424835,0.8389672040939331,all_rows,512,0,0.004666250664740801,0.047943558485712856,0.03114905972033739,0.35177706107497214,0.30682365101529285,4dd867655790b1f7ea7fbc99f9b7e1cc:0:0,b5e5eb006da60eb1a2062c8fe96652b6:0:0,3c3b634d1c31f5bf11691ea626f878d6:0:0,da6dca7538bfa514348496f2dda38f88:0:2775719828,c422a075d1c79b94c9874f117e2d1c58:0:4155660277
534,B,134,0.0037753302603960037,0.8428647518157959,-0.0008796453475952148,1.1886149644851685,1024,512,0.0037753302603960037,0.8428647518157959,all_rows,512,0,0.0013567152200266719,0.0744838941609487,0.00990473125129938,0.3552958779036999,0.3045192290446721,16d42fa8a66cffcabcf46ebeaa73d9cc:0:0,e2cac8778d4aa3e3f66f43d4d81cf2da:0:0,d7e8faf0ef0b8341d7efaaae6d6d15a0:0:0,ee5a21c2adaaf334c0460b98c8181488:0:3280292684,d2e6e1e8c4536699fb2fcd4017f08c1a:1:2462747962
535,B,135,0.04097157344222069,0.8330067992210388,0.0788603127002716,1.1732776165008545,1024,512,0.04097157344222069,0.8330067992210388,all_rows,512,0,0.0001456794561818242,0.11790017553139479,-0.042521663580555466,0.3465844355523586,0.30256455298513174,107a30075ad48de54ea8c9dfec2fd1cc:0:0,10d0c41e0510e856792771e8c9a11ef9:0:0,545374cf672ded21216f89d1c86b8627:0:0,4181fb8156eebb2e473f6134b7389988:0:581306046,9b554aaf25383b5fa67822b3c3e19b16:0:1939564161
536,B,136,-0.03956666216254234,0.8230524063110352,-0.0789739191532135,1.1590673923492432,1024,512,-0.03956666216254234,0.8230524063110352,all_rows,512,0,0.0014800304779782891,0.10078846199903638,0.054977904225233944,0.3382399283349514,0.30277038796339184,6e8d1c4d3b15ecbad15a99ddbeebc9cc:0:0,980be4572b7d40b245cf2361d1ae88eb:0:0,911c320d2a33cbc4116321b2d3dc53c9:0:0,2928805204624dfc5d964ca8fb051e88:0:3709677491,8e757da753603978fc8e99b940bc5590:1:3262877085
537,B,137,0.005014118738472462,0.8443281650543213,0.00436036940664053,1.1902738809585571,1024,512,0.005014118738472462,0.8443281650543213,all_rows,512,0,6.253831088542938e-06,0.14856208853889258,0.0006277129548834636,0.3565548285841942,0.30211684200912714,3ddadaf2eee0d883558baa9822a7c1cc:0:0,29e70ce54e20f2346f277e669973f98a:0:0,b613916f402b9ee02f39f10f2472c151:0:0,1685a7657377730256a3e597e37da388:0:1375810071,c3995c2ac82dd4b7d4e7c18c829d0c05:0:2644921008
538,B,138,0.0017896837089210749,0.8516305088996887,0.022243425250053406,1.2010900974273682,1024,512,0.0017896837089210749,0.8516305088996887,all_rows,512,0,0.0005692188860848546,0.04717302222270518,-0.02197721506236121,0.36253553479909895,0.3071936889900826,2ab1c4ca455c79db4a81c7ef1763b9cc:0:0,39c3c03a0d5df6df027018d2f0d3ea79:0:0,4d2b76a877bc315ed2df9a5ac10a61e5:0:0,d9c953257899b418c0b9a663c0a22888:0:3285523168,3f1f674c254018200af228db481d16ea:0:496266202
539,B,139,-0.03421393036842346,0.8209954500198364,-0.05571511760354042,1.156690001487732,1024,512,-0.03421393036842346,0.8209954500198364,all_rows,512,0,0.0004999833181500435,0.10026049388106913,0.029832200857345014,0.3370526619255543,0.3083620489924215,853d561feaaab662fe46bdc29d1fb1cc:0:0,7d75d5c534e248724c908353757b3547:0:0,9b29e2daf20ad65a3b3f4707705f8b13:0:0,ccc27667ab211fb28ce66c2ee272ad88:0:2202609962,89fc1b35ff77014124378c90beb904d4:0:1349747045
540,B,140,0.03514258190989494,0.8457282781600952,0.07535862922668457,1.191180944442749,1024,512,0.03514258190989494,0.8457282781600952,all_rows,512,0,0.004840788431465626,0.051076899748295546,-0.044048976265185044,0.35726384073495865,0.31485229899408296,19099bf2cad8915e1da857f2b3dba9cc:0:0,cc2bf996fcc22ca333a33dcd2b180824:0:0,d38b8b839c54e67f8b1ff9ad2c104cd1:0:0,22b9feec5cd05769e2bb76db98ef3288:0:3787457160,ceb362e22456bdff3f9d98308606fdbc:0:3747238986
541,B,141,0.04467520862817764,0.8630985617637634,0.07968716323375702,1.2160122394561768,1024,512,0.04467520862817764,0.8630985617637634,all_rows,512,0,0.013929278589785099,0.19755240911617875,-0.026942869741469623,0.3723102703690529,0.30978589004371315,889b2421603b9c533438625f5b97a1cc:0:0,95ab4625f2948ec5420bdd24d9de2efb:0:0,0e9711cd48e7ae68d9133cde69fdecb3:0:0,4eb6bd86f0688144a011690c3417b788:0:3873021396,5c26e84669e790b74cae915e4d88d3b2:0:3733326369
542,B,142,0.010571079328656197,0.8517919778823853,0.028926413506269455,1.201047658920288,1024,512,0.010571079328656197,0.8517919778823853,all_rows,512,0,0.004339216277003288,0.16126548574538901,-0.012581687601050362,0.36288200318813324,0.3111404379596934,d1afb3ad2b3c77ab2c4ca8e8945399cc:0:0,16ca51a091ed91779e9831da26eae0fd:0:0,d3c22faa61bc7bc82631727ec7b7fd12:0:0,b064bfb9f270720084cd482303ec3c88:0:2041518532,087789632ae46c8a1cbfbb9e72381456:1:87166143
543,B,143,-0.04220207408070564,0.8314324021339417,-0.07799012213945389,1.1707743406295776,1024,512,-0.04220207408070564,0.8314324021339417,all_rows,512,0,0.0045528109185397625,0.04245047973236069,0.048058617091737685,0.34545252472162247,0.2992978019756265,6a5a8274918e6350cefef76e5e0f91cc:0:0,d6c48c3c42712cf0fea162cf84e51179:0:0,1a64a92ca0ea527c87ec770081c7f580:0:0,a5a4747dabdf26b70aa57c42586cc188:0:536467955,3f612808c66e0547b4b4f57ba06b828b:1:261691307
544,B,144,0.020561449229717255,0.8516280651092529,0.045875124633312225,1.200727939605713,1024,512,0.020561449229717255,0.8516280651092529,all_rows,512,0,0.00121795863378793,0.11986132983583957,-0.03917887907009572,0.36254152879118917,0.3002733180182986,0ac5380362d3df50442d19d0b8cb89cc:0:0,f30af32b972dbccdb9432e114d4c0f6b:0:0,468c49c7196c47b9fca67839318af433:0:0,ae83c0ff3fec6428e8e6d04c81994688:0:376950436,0f835473d8d1c3a22a0c045a69f1a50b:1:615639557
545,B,145,-0.026192011311650276,0.8457430005073547,-0.052679240703582764,1.1920126676559448,1024,512,-0.026192011311650276,0.8457430005073547,all_rows,512,0,0.020915156230330467,0.03503017146140337,0.03393586059100926,0.35747993513941767,0.2997336690314114,b2ed615a40b05c769278dbefa48781cc:0:0,698c56f3d2f0f5fa29c89c3a96283d4b:0:0,f1cd99e1be001efa8ae6c44a6d3ad1b9:0:0,08ce6514c4dd1201443971e3cf71cb88:0:1396557117,9f635f39c1d214ac6d9ca3fa8fb45f2f:0:2258422935
546,B,146,0.020194891840219498,0.8679874539375305,0.0473361536860466,1.2235612869262695,1024,512,0.020194891840219498,0.8679874539375305,all_rows,512,0,0.0038929490838199854,0.03413037294521928,-0.030001101997913792,0.3765023224055767,0.30314280599122867,cf3c93cd2846fcf11f4809ab214379cc:0:0,626fc69774de44b2af6fea583e17ee3d:0:0,9b1f9075e14bdac18181743212e705a8:0:0,e27f94942b33a8608a65f16a91f65088:0:442891962,f81dfd62c702a6261cb3bd194ab40b46:1:2461598190
547,B,147,-0.042375482618808746,0.8659594655036926,-0.09505223482847214,1.2190929651260376,1024,512,-0.042375482618808746,0.8659594655036926,all_rows,512,0,0.0006706429412588477,0.10901914599817246,0.06676704786950723,0.3741207428276539,0.30802440899424255,8a57ed595b2664ed2ec46ee32eff71cc:0:0,082b5ff8ce69853b88fce33e6c499411:0:0,c52b5fe88f04ea497501e822a978fbb3:0:0,f23aa55b2f3fc5fefa1a42031926d588:0:2181985667,c62baf7e4c611e85c413767d636e035a:1:1820432263
548,B,148,0.04218905419111252,0.874678373336792,0.08990335464477539,1.231898546218872,1024,512,0.04218905419111252,0.874678373336792,all_rows,512,0,0.0031643216498196125,0.061235009646043184,-0.05190492402762174,0.38179871886968614,0.30175499798497185,5dfa1f12e5a19b3763dbd777cdbb69cc:0:0,8a8455f7610b486260a233ad6a89bf7c:0:0,0328e442503382eb6086aff40cef93dd:0:0,b8649c51fe9ac536d6aeb98fb5035a88:0:2541301350,ccbf3649d1e129a22d3f8c10ce8d13f3:0:390800365
549,B,149,-0.042158693075180054,0.8572120666503906,-0.08824191987514496,1.2071788311004639,1024,512,-0.042158693075180054,0.8572120666503906,all_rows,512,0,0.000912777497433126,0.058234026376158,0.05093301207816694,0.3668480835855007,0.23642546503106132,d019aa8a0095f9db40400f48fd7761cc:0:0,a33f548a78919a712a7f75f46279cb64:0:0,ac8264f130d092177960e1c8a6485269:0:0,4de708b4adb1e64647eb10b2b58bdf88:0:1194967361,33f1b60c03e120ba6178e3be4cd888ed:1:2239047829
550,B,150,0.019141145050525665,0.8217669725418091,0.03699197620153427,1.158530354499817,1024,512,0.019141145050525665,0.8217669725418091,all_rows,512,0,0.0014854930341243744,0.1028391377767548,-0.015446256240829825,0.3376023307442665,0.2437651910004206,fd0377488c9e2ec2a466e236be3359cc:0:0,d38c9c4f6c2f842066b13d1f995f64ae:0:0,3df597d6e5c736ad599eace5bdc0167d:0:0,42bb172511116518e5cb62ce6ac06488:0:26257264,961471c6256d07a61c149dd78c2cd22c:1:2370440876
551,B,151,0.05469710752367973,0.8586198687553406,0.1111035943031311,1.2085187435150146,1024,512,0.05469710752367973,0.8586198687553406,all_rows,512,0,0.010353956371545792,0.06635456047952175,-0.06197731732390821,0.3677952863276005,0.3097031759680249,1a7061c7e4b24c554f8a1c210fef51cc:0:0,7734c987e3d9c15b72d54316018a03f9:0:0,0a61ebfaaaa9d1b3b5e8f610a0f73b37:0:0,94d1801b0ab690e8f0452e0524a0e988:0:4050695115,d1a22995d1f6e0a9e98af9e2ca01ea1f:1:2366075327
552,B,152,-0.03633088618516922,0.8359432220458984,-0.07737644016742706,1.1774845123291016,1024,512,-0.03633088618516922,0.8359432220458984,all_rows,512,0,0.018322082236409187,0.14190467207226903,0.04252878662919102,0.3489214822649956,0.30838248500367627,82f2e17f4634ea185fa788e7f2ab49cc:0:0,62652d0b2461e02608e97316fe73ffbc:0:0,cf8706986507731d4e877a4c978cde9c:0:0,0c42a9e8dd41bc08330c5339332d6e88:0:132767578,ad7893b4433bcf254c90e694ad05ef22:0:2753415108
553,B,153,0.005027491599321365,0.84600830078125,0.015070324763655663,1.1930506229400635,1024,512,0.005027491599321365,0.84600830078125,all_rows,512,0,0.0060962289571762085,0.07234503049403429,-0.006188021635171026,0.3579659938812256,0.2967122709960677,14685feb0c6d554dd180f46b666741cc:0:0,adf40037057e836ea987c8acaaf72818:0:0,1cf63c3c765c7c0f6737088258ce83a9:0:0,c8f6105f9d739a209558160ce665f388:0:2174017221,ddbd70d2db3c170684e09f72312d5507:1:3151970772
554,B,154,-0.03705515339970589,0.8146050572395325,-0.06765715777873993,1.147212266921997,1024,512,-0.03705515339970589,0.8146050572395325,all_rows,512,0,0.016054827719926834,0.12028588536195457,0.04553486101794988,0.3315782204270363,0.29867483896669,bf6056acfd6ed194009c2a8b6b2339cc:0:0,68978cf676dd196367889f2847c0ca32:0:0,b4ab9ea3db98d3b253654c3a9d56b530:0:0,70771dd965f4633c55a81ce28e4a7888:0:3152132930,1173696d0149a77feea71e941758ebba:0:1610434431
555,B,155,0.010799081064760685,0.8254071474075317,0.01559293083846569,1.1639772653579712,1024,512,0.010799081064760685,0.8254071474075317,all_rows,512,0,0.004474693909287453,0.11719367114128545,-0.009609003001241945,0.3407407559454441,0.3092111999867484,10a9c725e66ce9852742f72800df31cc:0:0,7c367acb26320a3066e6af90ed0ffcaf:0:0,57084df4cdd07103c3b3d189fead0a40:0:0,46d8c5b781f5d1e5f18970dc7adafd88:0:2520177576,2c61f79a2dfb116e88abcafc4b6bc4a5:1:3111426375
556,B,156,0.025814486667513847,0.8289687037467957,0.05103857442736626,1.167912483215332,1024,512,0.025814486667513847,0.8289687037467957,all_rows,512,0,0.008357629179954529,0.07910345213022082,-0.035013681242708115,0.3434889055788517,0.3146570560056716,416e1a28c57ccf56de832621279b29cc:0:0,62e23bf52d01574b3c456e52fbaa45a6:0:0,e10ef86cef2c6b89f30e765e8f4f5350:0:0,9a8359e658d3d2afb95b7ddcfc178288:0:3935506752,c0617777e3c8ffd4c51d5413532d5834:0:593801445
557,B,157,-0.0063488902524113655,0.8527782559394836,-0.012976422905921936,1.2026392221450806,1024,512,-0.0063488902524113655,0.8527782559394836,all_rows,512,0,0.008834405802190304,0.03999654649524018,0.006456133525352925,0.3637827932834625,0.31041487597394735,f56ef2a7bec3cd799e2e8356df5721cc:0:0,fac1d224bd1dc17d860c426788d79abc:0:0,4e41340d2f6c37d26275d45d44478682:0:0,03468e637f6a7b731015128662000788:0:324246757,8ab9d9a28fc51dc6bf3ec8c9811467c5:0:3283377792
558,B,158,-0.009325900115072727,0.8421440124511719,0.0012622792273759842,1.1875840425491333,1024,512,-0.009325900115072727,0.8421440124511719,all_rows,512,0,0.007520008832216263,0.0688957643113099,-0.017140360294433776,0.35466459542512896,0.31009824096690863,4222fa7b1b12c7383cdadaa9281319cc:0:0,02439664f7ca40bab8c3bffbbb9f5318:0:0,d32c19c464461eec8ec3a214833442fa:0:0,3a0c01bff36aa0975709603afc948c88:0:2961028117,01476415b8d34a94767fc5adb8e1bd05:0:2000200120
559,B,159,-0.021695787087082863,0.8306038975715637,-0.03780408203601837,1.1710246801376343,1024,512,-0.021695787087082863,0.8306038975715637,all_rows,512,0,0.008871694095432758,0.051294140960089864,0.022237200994277374,0.3450817659497261,0.3100247940164991,e48c2ca28deec9576fe1f7f801cf11cc:0:0,2a7d7b2cbd503e83c1eb0b6ac93a7e8b:0:0,b50660ab45e9ed4f5055a801a65b7fe4:0:0,2a16dad529891eb085acfb1d1bd51188:0:3458985608,9e8d8d6976eddb43b5760971a1bb4ddc:0:833531181
560,B,160,0.016638092696666718,0.8582346439361572,0.04594307392835617,1.209859848022461,1024,512,0.016638092696666718,0.8582346439361572,all_rows,512,0,0.0016161977546289563,0.023484923841897397,-0.03380821829196066,0.3680187948048115,0.31119251798372716,aeb89ca10106aab54b61a7236c8b09cc:0:0,c4d3864e19415ade5642d78329008a63:0:0,8ecc7873e0421692abe3d89cbdf09d87:0:0,b4af550b40f7aec56d5ada0f0fc19688:0:2015525297,55957f8aaa595479854456a899c35a09:0:3497232006
561,B,161,0.015220771543681622,0.8248910307884216,0.03327853977680206,1.1627594232559204,1024,512,0.015220771543681622,0.8248910307884216,all_rows,512,0,0.0021362830884754658,0.07305102720856667,-0.018894337431993334,0.34023286700248717,0.30026992299826816,30ed36d32315bce8c23bb40b684701cc:0:0,42a204a326517dc37ad0eb8a051f8e23:0:0,8482307c7f9649f3ffb1af066b017e50:0:0,98cbf84d5d28db8da91956b3285a1b88:0:4191537920,410ca09cfc884b8839e15cf0dcaa8e74:0:3321657581
562,B,162,0.07542549073696136,0.8610069155693054,0.15755535662174225,1.2089568376541138,1024,512,0.07542549073696136,0.8610069155693054,all_rows,512,0,0.023573141545057297,0.1318577821017243,-0.10267759335692972,0.36872541829943656,0.30141742300475016,758071e0f8338ce12615ea8ff502f9cc:0:0,22d57e7c4f4d11022e245a29bf70aed7:0:0,c3ec79bdde3d95265a5c3b9b555a23c3:0:0,af6692cada736df7395f2d6bb59ea088:0:4096654777,6afb168b50726198000926c6c973d231:0:1080879706
563,B,163,-0.08233083039522171,0.8536809086799622,-0.16853198409080505,1.1976748704910278,1024,512,-0.08233083039522171,0.8536809086799622,all_rows,512,0,0.0019423523917794228,0.04970646403962746,0.10423118076869287,0.36208425983786585,0.30379044002620503,516965aaa990b385a75a169112bef1cc:0:0,8dbc5ed0b9180e7ca258d792f0c3e71f:0:0,d79202e8b5aaf38cb478b24b3ba4b024:0:0,1c640394cabc6743cbd87d5b078f2588:0:2544859389,112c65b6c536d6da2d7aa130722a5ac2:1:2210753608
564,B,164,0.04394971579313278,0.8350604176521301,0.10405927896499634,1.1743208169937134,1024,512,0.04394971579313278,0.8350604176521301,all_rows,512,0,0.002164800651371479,0.11885844222269952,-0.0628260011319071,0.3474482424557209,0.3032811970333569,4e7e3850d2a0b654d53603eec17ae9cc:0:0,2fc75a697e38202a254836777e18fd02:0:0,bd3643ab9b8dc1964fb679319fd6be76:0:0,23c8f8b2e4e15f0daf2bc8636e2baa88:0:2240602928,81cd3363d862b80a25347ca69960cdb5:1:1090680255
565,B,165,-0.06580877304077148,0.8597447872161865,-0.12154792249202728,1.2102165222167969,1024,512,-0.06580877304077148,0.8597447872161865,all_rows,512,0,4.4808839447796345e-05,0.09666467788629234,0.06946646901778877,0.3686553716659546,0.3049890379770659,8f4b4e3889b0f8041d9b7e890136e1cc:0:0,d0901064dc2ba53dfc5bcb88bf23d047:0:0,40e8e14788b74ca4564bf437f7262a1c:0:0,bd6abc1dd42fdb8472bef32739742f88:0:2658523831,c73859dcf9e11429e3ba869956f76d40:0:1872942987
566,B,166,0.07158628106117249,0.852216899394989,0.14665864408016205,1.197099208831787,1024,512,0.07158628106117249,0.852216899394989,all_rows,512,0,0.0012805755250155926,0.08060199164319784,-0.08923624160233885,0.36153026297688484,0.3053216300322674,3f53262b61ecb91f4d40523fd1f2d9cc:0:0,58904c12259e585fcbfec159b7172ea5:0:0,6fb89dfd60101e16050671ce39e910fe:0:0,0cb423d29cc8fa31327c4508b968b488:0:668536027,c736d485f4ab71e0ac044ab51aa0dea4:1:1327003397
567,B,167,-0.006411834619939327,0.8485350012779236,-0.006575077772140503,1.1960798501968384,1024,512,-0.006411834619939327,0.8485350012779236,all_rows,512,0,0.009797134436666965,0.11002260404638946,0.005912869336316362,0.36018293872475626,0.30458121601259336,2d6546f3a4ce28a80f9e4af333aed1cc:0:0,7970517fa7ac2d781409c7ad19c2c9b2:0:0,651e321d7ee9f84ca9d316b48de403af:0:0,23d01c9796637f928e97682a3e093988:0:447563636,0e689ae367f11fd641e83e9583ab8ee5:0:1777341582
568,B,168,-0.016040001064538956,0.8454025983810425,-0.028769133612513542,1.1917705535888672,1024,512,-0.016040001064538956,0.8454025983810425,all_rows,512,0,0.003013264387845993,0.06644875023048372,0.01942402598215267,0.35740893334150314,0.30409475800115615,1091201500fc84b56ef33483266ac9cc:0:0,763f7a5c7cc24aacc48a1e4fce771e10:0:0,a40e1a620daba61ddbee8f2011a8dc17:0:0,98bbcfbb507123e04f52696e1755be88:0:1427935861,065ab06f2ddbaeb458c197ac5ae428c9:1:2941096929
569,B,169,-0.020537294447422028,0.8511708974838257,-0.028850264847278595,1.2000765800476074,1024,512,-0.020537294447422028,0.8511708974838257,all_rows,512,0,0.007452111225575209,0.032009122893214226,0.012875394197180867,0.3623599871993065,0.3046944900415838,b3083b81ec974b135440dacfaa26c1cc:0:0,bb651c772255a879f0a86866a4b2b38e:0:0,1bc9d75af4dba7cac6f720edfc2ca44e:0:0,eb1b1cbc893eb346b4c2b876954e4388:0:4134089351,57d3121b1172ba255f953cccdf450be1:0:3180208194
570,B,170,-0.04740148037672043,0.8509511947631836,-0.10013768821954727,1.1978262662887573,1024,512,-0.04740148037672043,0.8509511947631836,all_rows,512,0,0.0013154263142496347,0.08059301149332895,0.05415926576824859,0.3612547181546688,0.3096456280327402,d1099a6df8ee79e2074d09b8bee2b9cc:0:0,d9e44592f06751c3566eab552b865586:0:0,af141e9308a988d6fa96f55a2f954c63:0:0,9e2663143d3957e9729627a607f2c888:0:1685428030,3a8337e7517c1c72251250f356376745:1:3973873221
571,B,171,0.07876189053058624,0.8676177263259888,0.1532142609357834,1.219447374343872,1024,512,0.07876189053058624,0.8676177263259888,all_rows,512,0,0.00023475661873817444,0.024327804963104428,-0.08417516950867139,0.37477526292204855,0.3120351289981045,e4ae939d55a7e035aea18d1e649eb1cc:0:0,fec9d57631863c082d0335de84e8c1bf:0:0,a3bfca7884601c32c2c152b9849aa66c:0:0,a7ae10f3b41623fe57d7ec1ebf434d88:0:1988471479,d6d9c2cd7310a92062d74d9a9e104253:0:1954201448
572,B,172,-0.0045758578926324844,0.8708902597427368,-0.018306396901607513,1.2280280590057373,1024,512,-0.0045758578926324844,0.8708902597427368,all_rows,512,0,0.008506864309310913,0.030277905659750103,0.018200518062803893,0.37931042090058326,0.3037064759992063,5a2805d1c1517eb5cf8c30e09b5aa9cc:0:0,edb8b440ad5235885f5b65615483eef0:0:0,570c2fd2c11d48b8e23de2f59fdf1e7c:0:0,f5cf145c572bb24fa2b59dc30b3fd288:0:3151252730,1886c692a6375600ad152cd82c642e59:0:1725321129
573,B,173,-0.01457702461630106,0.857250988483429,-0.035700615495443344,1.208954095840454,1024,512,-0.01457702461630106,0.857250988483429,all_rows,512,0,0.00793311558663845,0.09663954824209213,0.02620062725036405,0.36736991703510286,0.30269790603779256,c2a92d352560f83cce1ec0df6316a1cc:0:0,85883ed7fa4849831896be0e510e1b08:0:0,686be1bdd9dc02e5177db164557f6eb4:0:0,b9e56f3206e07376004437353be85788:0:1612510240,cded1fa190f246597b6fd3ff183d5e60:0:1502335257
574,B,174,-0.01771349087357521,0.8666403889656067,-0.032293278723955154,1.2220226526260376,1024,512,-0.01771349087357521,0.8666403889656067,all_rows,512,0,0.00018998852465301752,0.0329708305420354,0.017513357719872148,0.37556704580783845,0.300802951969672,8ee3e6e21ba012776d2f08fabbd299cc:0:0,7e393f7947f367278f877b8a38af2dcc:0:0,730318c436914152855d9b86bc169f65:0:0,ec34677694a2fe1a384515d7a13cdc88:0:2385400870,fb4cdcef70108f45bbfad751e5b2d875:1:47722234
575,B,175,0.0024279970675706863,0.837627112865448,-0.006532544735819101,1.1809806823730469,1024,512,0.0024279970675706863,0.837627112865448,all_rows,512,0,4.42389864474535e-05,0.12769768566358836,0.01870824795914814,0.35085977986454964,0.31323329103179276,a498a9ea9b0646844e56d512a58e91cc:0:0,16b91703d38a2daa8e77a5de4bf5e841:0:0,1ac61f8ba0bebb606c0c50fce056857e:0:0,894d0569fb74788e84eaf9cc8b3d6188:0:1544701505,857e77d4a6d95640ab400c8906248ef3:0:3497978969
576,B,176,0.008552049286663532,0.879220724105835,0.035231590270996094,1.2394644021987915,1024,512,0.008552049286663532,0.879220724105835,all_rows,512,0,0.007202686741948128,0.046410174458287656,-0.029685580020304768,0.3862811721861362,0.26042129599954933,c552f97d09ff619371f3f107204a89cc:0:0,00f24ebe1a8ab551649b01813ef01264:0:0,cae868a401981190c55928e2d6b40931:0:0,f8ed0482ea9ff20f969f05f649e9e688:0:3116893650,78f5cc42dc0ef69c9873f4ae57d05e62:0:796566523
577,B,177,-0.0219239704310894,0.8647070527076721,-0.03068079985678196,1.2195581197738647,1024,512,-0.0219239704310894,0.8647070527076721,all_rows,512,0,0.0007067290134727955,0.12312592878006398,0.01779916545783635,0.3739601567387581,0.2868982229847461,36f99007f41f3585b72828b82c0681cc:0:0,9f7abbc03a2cc6bcdf6fd3485f4ffe27:0:0,299dd65674e77178162e77748d5f02cc:0:0,60e594c234cc41fd43c5bff72d426b88:0:2385147171,f99f8a53ddf5e3aee98dc4ead2d89388:1:1078541028
578,B,178,0.054923102259635925,0.8585176467895508,0.10963985323905945,1.2080774307250977,1024,512,0.054923102259635925,0.8585176467895508,all_rows,512,0,0.0032446770928800106,0.03866377053782344,-0.060314565963926724,0.36774382516741755,0.2761995139881037,715fff7ca142598c5bd94805c8c279cc:0:0,70d4994957ec20a4ecd39c2cf451de6a:0:0,60670e05badae41b728b417d02132996:0:0,8de02275b928c35ae48410318546f088:0:2274215546,1a0648f901b71fb9577fbdda892f82f1:0:557180884
579,B,179,-0.00957353226840496,0.8314551115036011,-0.03209691494703293,1.171498417854309,1024,512,-0.00957353226840496,0.8314551115036011,all_rows,512,0,0.006146642379462719,0.03383922919165343,0.023574124790320637,0.3456729717552662,0.2694492519949563,be85ff10cc1bfac87cb11acff67e71cc:0:0,b49daed8752d7c2f8d3f58f22c1ac266:0:0,1f4ffb335a3362d775485ce04ac49a26:0:0,37e7fdc0650802e75a8441c7a1f77588:0:3145427741,6e342ac317f73a3384f2f082716168c6:0:3536477885
580,B,180,-0.05815799906849861,0.8526549935340881,-0.11122322827577591,1.2004166841506958,1024,512,-0.05815799906849861,0.8526549935340881,all_rows,512,0,0.0005339209455996752,0.04087565898662433,0.06257957242196426,0.36280015483498573,0.19803015398792922,bda71b1fb630bcea951d6cf6b53a69cc:0:0,11c12b105826f3746146953c25c138cc:0:0,ee3b4832cb6b85a1723598b1239b8fb5:0:0,8c9ca3d8f9ce361cc4bb029bd353fa88:0:1699985810,5ef2b0246bd2df0fa187b845de9ff2a8:1:2589675518
581,B,181,0.029963001608848572,0.8941957950592041,0.04266616702079773,1.261199712753296,1024,512,0.029963001608848572,0.8941957950592041,all_rows,512,0,0.00014664465561509132,0.06208207190502435,-0.011031797050236491,0.3999084785580635,0.19810244697146118,93abf80ad73eaad1ff500a5a04f661cc:0:0,2fa9fd42d930a87fc9a543b2700f2377:0:0,2420baf360eeb01c226ed5b9b181c2c1:0:0,dd86649455ac1167df2c6350695c7f88:0:1410304121,d45dc629e2f34b5cea5c0cfc829d45a3:1:240560899
582,B,182,-0.011532562784850597,0.8648657202720642,-0.011731992475688457,1.2197153568267822,1024,512,-0.011532562784850597,0.8648657202720642,all_rows,512,0,0.006669849157333374,0.06485514345113189,0.004282423117547296,0.37414796128869054,0.19519226998090744,45f4d53a6612372c743ebed9e5b259cc:0:0,c3223b9af8199f574b636f382114eb73:0:0,b84e8337486a06963386173ed1fc1b6e:0:0,972d4226153153e70eb0d747b4110488:0:218694331,6bc5026a5bb203c0bbb6b7240c97e988:0:3380253236
583,B,183,-0.014279740862548351,0.850529134273529,-0.014666033908724785,1.1992918252944946,1024,512,-0.014279740862548351,0.850529134273529,all_rows,512,0,0.006223876494914293,0.09174422229407356,0.0015664377977373078,0.3618765711784363,0.1893187320092693,46d3799df8c84d158ba35656576e51cc:0:0,891b51e91c7b859dcfc1e8f48a86fa5d:0:0,6d40662772f2b9eadfe22ce315bba229:0:0,3949a1b780551f0118ba34a403718988:0:1512343502,43b76710369fbe46302e419f85cb0e2b:1:2959963033
584,B,184,-0.003293409012258053,0.8835740685462952,0.00926065444946289,1.2461167573928833,1024,512,-0.003293409012258053,0.8835740685462952,all_rows,512,0,0.0026965788565576077,0.009474107332061976,-0.012491417248384096,0.39048212468624116,0.18932172999484465,9d612f4d7a7d70b63bfb9caf5a2a49cc:0:0,62f86b8c1a79e8b809faf2db03b0bb5f:0:0,59fa8764715acc2e276a6a900be50abf:0:0,237b6c34d724f0238718b447a77e0e88:0:2879677400,d0ff6c7247f3590dcb606a60bd604d04:0:4032901033
585,B,185,-0.0744045302271843,0.8484114408493042,-0.147324338555336,1.1917669773101807,1024,512,-0.0744045302271843,0.8484114408493042,all_rows,512,0,0.0016843833727762103,0.024717177147977054,0.08699922083178535,0.3583912156522274,0.1919420079793781,4cabf02ab469efe45a895dc4ede641cc:0:0,623e61d29eb4d6bbfe6d50b8cfe35f10:0:0,5c6d450e347dc951d368824ecbcef88f:0:0,e6bca22838ddd2f8b7bff1d4f0369388:0:2175401572,ae7cc81a4740132ad95844dd3bf1eb5b:0:2565838399
586,B,186,0.04850870370864868,0.8563925623893738,0.12038274854421616,1.2035235166549683,1024,512,0.04850870370864868,0.8563925623893738,all_rows,512,0,0.0051814476028084755,0.08909718990325928,-0.08394401085097343,0.3648944541811943,0.193101397017017,b07c61a3a86b22c21b52657712a239cc:0:0,6aacd1c721b60bbb59f02ee038a8c5ba:0:0,d7b429556c6d57c3d90a3d7f15db9b7e:0:0,67e07e538bc62265988bebae2d9b1888:0:782071551,4214cc765fb821d691b1264e530fbef5:1:2669925285
587,B,187,-0.012010915204882622,0.8295717835426331,-0.017492787912487984,1.1694517135620117,1024,512,-0.012010915204882622,0.8295717835426331,all_rows,512,0,0.004877828527241945,0.012831582897342741,0.008346247917506844,0.3441435106098652,0.1920717839966528,7034b9f5faf9bc5d91207fa5c85e31cc:0:0,63fcaf0dab5aeab5d4146cd162c5391e:0:0,2f69570095b4ca85b614b639a2f46075:0:0,fe8abba3fcb0ee9f0f0602f5afab9d88:0:3810095788,8e641f26f066da9d3a2685ded4094e98:1:76411520
588,B,188,-0.023230835795402527,0.8305898308753967,-0.04724615439772606,1.170121669769287,1024,512,-0.023230835795402527,0.8305898308753967,all_rows,512,0,0.0009604747174307704,0.03161701761418954,0.035656171676237136,0.34493959359824655,0.19249623699579388,6a7f2593aa8d2b502d8178310f1a29cc:0:0,7cf1eb2645219e0f08342dd6affb245b:0:0,50ab8746864297698448461e24889781:0:0,aa9866bde2a6dea70c29fb8dc6682288:0:1275671487,271b405cf433a2fd1427280117675f04:1:4237925940
589,B,189,-0.016165390610694885,0.835191547870636,-0.022333843633532524,1.1776270866394043,1024,512,-0.016165390610694885,0.835191547870636,all_rows,512,0,0.0006104694912210107,0.10266349513549358,0.00920768715441227,0.3488789014518261,0.19420341099612415,96b0bf89526c0a5e40c71af8e6d621cc:0:0,ec803276fcaadacb7b2ac00834f1c94c:0:0,ca814e9d126a67cb25c94072d8dd3f2e:0:0,4ff41c6b0dc323814c2afc18c1d0a788:0:1887510651,778237c711beb54086fb0b14d0b7e99c:0:139126503
590,B,190,0.042292702943086624,0.811339259147644,0.08397947251796722,1.1416651010513306,1024,512,0.042292702943086624,0.811339259147644,all_rows,512,0,0.00015443610027432442,0.10400395306060091,-0.041430838226369816,0.32867210246622564,0.23296273802407086,4aecac0636e9a1167a0733dd4f9219cc:0:0,550a2fee0dc433380e684fb11a86d350:0:0,73ca6ddb972509b2882ba346b29355cb:0:0,4c8c4f53c7e5d36fc2388df8f1e52c88:0:536670678,e4da3982f512a8e6b0158ea6bab914a0:1:1742443047
591,B,191,0.05035629868507385,0.8562703728675842,0.10342458635568619,1.2054206132888794,1024,512,0.05035629868507385,0.8562703728675842,all_rows,512,0,0.003227007109671831,0.1271495656692423,-0.07262665680609644,0.36587161272764207,0.19318863900844008,a031606659107471671b8ebe494e11cc:0:0,f3cc3b4538f7ec66d0f5908334c46094:0:0,06f820d9ff5de736f40ac6ac8380ba74:0:0,e4ef1348126fc386b0439d50a6a5b188:0:1447496794,e08784c99d4e3b9f1d00b11e4071dbd3:0:2268452829
592,B,192,-0.025456704199314117,0.844071626663208,-0.050718795508146286,1.1894785165786743,1024,512,-0.025456704199314117,0.844071626663208,all_rows,512,0,0.002327564638108015,0.15664436855586245,0.04432014004269149,0.356122887134552,0.19426326896063983,cf90a05ecfb9e770f4a1f77bd40a09cc:0:0,f39a123e59d397ad0104609d6e87f20f:0:0,4c1a9862cabe44f96b300ac802414d46:0:0,7d0a35a6f5ceb5e86ac3790230123688:0:2344158912,6573640831a3bfad917d50fee111934b:0:1494643578
593,B,193,-0.099934421479702,0.8290393948554993,-0.18328145146369934,1.1630996465682983,1024,512,-0.099934421479702,0.8290393948554993,all_rows,512,0,0.003669744823127985,0.06866443613544107,0.0982379826484248,0.3420308642089367,0.19347412703791633,5de1342ca412ebbfedfc39f5efc601cc:0:0,a4c0b435f24b1ec694d89eb2dd46f1e9:0:0,e07f692c34311e6e5dea19ebe6adab2d:0:0,fd60a3d1063372f8c87ad2afde2abb88:0:1781850877,faacb084bc9a0aaa708ab3dcaa2651f6:0:681053536
594,B,194,0.05931573361158371,0.8535926938056946,0.11502760648727417,1.20106840133667,1024,512,0.05931573361158371,0.8535926938056946,all_rows,512,0,0.0034539082553237677,0.06776892020134255,-0.0653939259937033,0.3634803056716919,0.1992773389793001,bd3fd7e66f8dc2517d50220c9c81f9cc:0:0,ef6ff82bcfd61b738ba7a3f4bf038eec:0:0,7edf997aad64fa5bf23e90772a9aceef:0:0,9ca224b5945e23d83e3cbebc00ef4088:0:321479366,e3f7ea5ef0c352d1272fe15159e228b1:1:3624603561
595,B,195,0.02346910908818245,0.8510767817497253,0.0451204851269722,1.1997382640838623,1024,512,0.02346910908818245,0.8510767817497253,all_rows,512,0,0.0001355471322312951,0.023511389351915567,-0.024466204195050523,0.3621208980679512,0.19741908798459917,b5b36050f940cc00ab877b9fda3df1cc:0:0,2089b14ad945ec41a9be3b7c302f023a:0:0,769b805339b8a0badb43b55bb540d8bf:0:0,a0f5641b5a000476a6b1b448e85fc588:0:1404198849,50cd44997dd11de282a53d1ec0576169:0:1741208870
596,B,196,-0.058568648993968964,0.834039568901062,-0.1221136599779129,1.1724865436553955,1024,512,-0.058568648993968964,0.834039568901062,all_rows,512,0,0.004765958059579134,0.071658980473876,0.07230147047084756,0.34660312384366987,0.1952427980140783,683e8dd710b26a2fe050128fa8f9e9cc:0:0,b70708e820fa67097ac13896c1089d9e:0:0,7ccfc1ec4a5cc57211119dd4eee1ff10:0:0,0135b7f1cec4438db61c8d38e47c4a88:0:3072932553,56a819314ccfdc8fa730487120efdfe9:0:1783692
597,B,197,0.06285708397626877,0.8739441633224487,0.1171630397439003,1.2309237718582153,1024,512,0.06285708397626877,0.8739441633224487,all_rows,512,0,0.0021123322658240795,0.05804720958694816,-0.06574468726757914,0.3811801292002201,0.19527831999585032,19988284e411ef68621bb2bc08b5e1cc:0:0,0d0b942aee8598063818104be6ab9ad3:0:0,916a0d73e0fda6a25212f9639a34c2e7:0:0,b437ac6bb5a4a6d31a1f862e4544cf88:0:1378846467,6ed7524e24e725d24947b50bb52719c3:1:940016164
598,B,198,-0.06286623328924179,0.8304595351219177,-0.13447140157222748,1.166825771331787,1024,512,-0.06286623328924179,0.8304595351219177,all_rows,512,0,0.0064050136134028435,0.09265153848100453,0.0826830853242427,0.34319950044155123,0.2100284380139783,23ab4c270fdd9ff9d6202804f971d9cc:0:0,1e3243f9307bcf970f9d87cc32440605:0:0,50dbc512717669c3760aab0eefb73ce4:0:0,6e755d89d9c149b245813e8b5ab95488:0:1862510405,b96ea1b00637f7b5a9b55f6e3c07d09d:1:4219005120
599,B,199,0.11646664142608643,0.8626425862312317,0.23905837535858154,1.204561471939087,1024,512,0.11646664142608643,0.8626425862312317,all_rows,512,0,0.010433807969093323,0.04252603576751426,-0.14034369854489342,0.3676030643284321,0.19338551099644974,76d66feda5f5c299c0573e4a7b2dd1cc:0:0,60ead7cdbceef810be9da15c7fdd8ce6:0:0,95e93c48f899be43995fb477d5e6946e:0:0,aff45ec25e858cdde7f1b87274d9d988:0:3590671242,b1d6f865aa92b9fe95e15c7e52e44996:1:1103071087
600,B,200,-0.10353272408246994,0.8191909193992615,-0.23979002237319946,1.1378477811813354,1024,512,-0.10353272408246994,0.8191909193992615,all_rows,512,0,8.253497071564198e-06,0.03602136814733967,0.16808417862048372,0.3289720706641674,0.19680000597145408,f5c9e1336a1cc103037ec16c8de9c9cc:0:0,84307865bb9513db2b6a57cbce48f5f0:0:0,e4394accee55a44566205e531ff76103:0:0,e13b264178770d0911cf58c5e3a65e88:0:4101932187,d7be67558eceae3a1aad9a7163dad8cb:0:2682857320
601,B,201,0.10323179513216019,0.8756136298179626,0.21123743057250977,1.225240707397461,1024,512,0.10323179513216019,0.8756136298179626,all_rows,512,0,7.830094546079636e-07,0.09497950760414824,-0.1192908086522948,0.3797444969415665,0.19658678997075185,b09c494981e4589561187d4b31a5c1cc:0:0,e5b7e4c68723de3062d9baab05147606:0:0,4ed656bfea35a14b762ec9362bd98b5e:0:0,8fbeab87da9e371803ebe727f71ee388:0:95427218,436b648d175dfcdd876ffb0420d0b780:1:1264436228
602,B,202,-0.01587514765560627,0.8508253693580627,-0.03643542155623436,1.199156403541565,1024,512,-0.01587514765560627,0.8508253693580627,all_rows,512,0,0.006729796063154936,0.07264709586743265,0.01941096852096962,0.3617896676063538,0.19620439800200984,95860267d607daf4f96a3dc66661b9cc:0:0,8ea059b2182a33910052e8f64d1b0dfd:0:0,e4cf949ee34284fe1ba70d14763a9e56:0:0,48978395a00ad018ab518dfaff436888:0:1847867633,3c81a8f8b5e8c3cbe994bf16effd6af0:1:1383574058
603,B,203,-0.03585727885365486,0.8863421082496643,-0.07299473881721497,1.2491066455841064,1024,512,-0.03585727885365486,0.8863421082496643,all_rows,512,0,0.004130229353904724,0.12863378307083623,0.03862220068112947,0.39255124107003214,0.19514413399156183,9768a42263337ea9cb7dcebe2c1db1cc:0:0,3ea3d0ca8eb26d587501de9b8606af26:0:0,e63587f651e10abb877dc62acd15078b:0:0,75d7ea09f9898752c907da614c13ed88:0:2899531477,4f046061ebe0c9dd421dd24f088c2052:1:2637291939
604,B,204,0.026485927402973175,0.8387703895568848,0.057812731713056564,1.1818796396255493,1024,512,0.026485927402973175,0.8387703895568848,all_rows,512,0,0.004975048825144768,0.037737292260862886,-0.03585553166340105,0.351493751257658,0.1960169310332276,8c017c03b838bfbf3520fc1282d9a9cc:0:0,971f9f9f19507f96ceed43dd32783828:0:0,1e8053d2fbf5afc82c24edc23928f04d:0:0,cea3d1546d3268bfc5d8bc3d2d907288:0:1840064532,1addfddf4dd856514f38a3579d581c1c:0:894932346
605,B,205,-0.0017725513316690922,0.8626813888549805,0.0030527664348483086,1.2166481018066406,1024,512,-0.0017725513316690922,0.8626813888549805,all_rows,512,0,0.005475405603647232,0.132728678942658,-0.004535093693993986,0.37218082919716833,0.19244222599081695,1d53c92cdfafd06372e591a36a95a1cc:0:0,85267020ce11d4e036701b230d60e15b:0:0,131c4cc0d144d15ac3fb89bc738e5da1:0:0,62d58ef0000ac63a32158630f3b8f788:0:2989601360,4f053417753ba5fd671863902edaf26b:1:720553219
606,B,206,-0.04974641278386116,0.8349108099937439,-0.08896899223327637,1.176148533821106,1024,512,-0.04974641278386116,0.8349108099937439,all_rows,512,0,0.005825076252222061,0.05390619429526851,0.052470916765742004,0.34831352829933165,0.21791091695195064,1b7e0e1af306198720215b50e35199cc:0:0,85700592c6c2402461bfd767e075ab33:0:0,b521cfbe9758d07990b9ef93bd3f5f0b:0:0,11739e4f3187edb4f15bed9eee8d7c88:0:3456272189,b717844472a6cb568fde8ace745e627a:0:1951414213
607,B,207,-0.005234910175204277,0.8363127708435059,0.008004757575690746,1.179295539855957,1024,512,-0.005234910175204277,0.8363127708435059,all_rows,512,0,0.00021761422976851463,0.05506359651917592,-0.014276339526986703,0.3497574009001255,0.2922749369754456,45cc47f294f9cb7cb6ee24faed0d91cc:0:0,dadbdf3c0e7484bec42acaddd4dae631:0:0,55bdd9086746716a7825801d84213c85:0:0,0b7f304d4552c2ca125b0aa96e0e0188:0:2252934841,a1c97dad4859b177aa8528f68ac4b793:0:1539480838
608,B,208,0.045053184032440186,0.8533507585525513,0.07082709670066833,1.2028263807296753,1024,512,0.045053184032440186,0.8533507585525513,all_rows,512,0,0.005614127963781357,0.024346712813712656,-0.028782582620624452,0.3640944235026836,0.30093926895642653,436f56f191827e981029ba8187c989cc:0:0,dff7c5cd4f35ab06f0f19f8550c16760:0:0,29146d368afff3525605c0b80353b510:0:0,20730851f13f11f152985832c23a8688:0:2037574480,8d2810e28018f64a0542d507eb4e66c1:1:2909458961
609,B,209,-0.047888003289699554,0.8177549242973328,-0.08457178622484207,1.1520546674728394,1024,512,-0.047888003289699554,0.8177549242973328,all_rows,512,0,0.01595699042081833,0.07842315539019182,0.04006652188836597,0.33424043878912923,0.30376068799523637,fdd05fe6e126e3cde375e7c4b38581cc:0:0,9d8ea0ed3f921723fec8b5b8f332f618:0:0,c58ae9f030425f6446d38ab97488d65f:0:0,77740e8423fc33ae4e34b3dd3b130b88:0:3346645297,ca7814db327870594cf280811c4d7ecf:0:2769718157
610,B,210,0.03637022525072098,0.8445286154747009,0.05658894032239914,1.1905250549316406,1024,512,0.03637022525072098,0.8445286154747009,all_rows,512,0,0.008142017759382725,0.06800880660302937,-0.02862997622542025,0.35663791224360464,0.30351544701261446,dffd6ad14dbf8553473878a4704179cc:0:0,c3ad4433b2c961c653a2e901242186df:0:0,fec190dea77929cfe2ffe62230d491bd:0:0,8d50da1b3c9756065bb15e0b28979088:0:41949393,d20f3390cf490ef732c8625f27440eaa:1:1964834432
611,B,211,-0.048974305391311646,0.8370276689529419,-0.09468092024326324,1.1786164045333862,1024,512,-0.048974305391311646,0.8370276689529419,all_rows,512,0,0.0001887467224150896,0.033577942801639435,0.05742007395019755,0.3498311176896095,0.3206732689868659,a82aff04f6a6973d309b3900bdfd71cc:0:0,1ca4afbab09ff227aebaa522118b717e:0:0,dd0de55f8d239aee42fd1025c7c6540f:0:0,219d72bfb37a828e13b4f9dedac81588:0:103950731,95f0578b07ef3099f31ef1c665a45a8d:1:1796365136
612,B,212,0.02806277386844158,0.8583468794822693,0.08580699563026428,1.207807183265686,1024,512,0.02806277386844158,0.8583468794822693,all_rows,512,0,0.008827040903270245,0.037245653348509225,-0.07327228456269949,0.3672111384570599,0.30172504601068795,79bcf977f254d81ff38bf4b99cb969cc:0:0,3e5521896a65503923f70b6c81dafd15:0:0,3444066e2300de16c1974d9ec2ca8366:0:0,04e91ea8e326375e84d08d3aa1a49a88:0:1075628489,62641d92a9b9bd0f3ff413c1e4a2eb63:0:458648669
613,B,213,0.04184978827834129,0.8694379925727844,0.07535737007856369,1.2254267930984497,1024,512,0.04184978827834129,0.8694379925727844,all_rows,512,0,0.02672596089541912,0.06711911112070083,-0.04014810832450166,0.37785512059926984,0.321922175004147,b7b756164b6b81aec2bc77af0c7561cc:0:0,52e49da40b7e8f0c58d27144327702ad:0:0,a665dae614ea5a04aebfe26857ad8385:0:0,9d340f6951762942134480c0cd2d1f88:0:1396225645,3b2b7ccd62d9054e97eff7cf5edc9778:1:1222292242
614,B,214,-0.05654552951455116,0.8300241827964783,-0.10785207897424698,1.1682684421539307,1024,512,-0.05654552951455116,0.8300241827964783,all_rows,512,0,0.0030442443676292896,0.07109561449615284,0.06669987113964453,0.3436613105237484,0.3027005689800717,e0de213d972b495b2fa28dc10d3159cc:0:0,0b29eb3b7597cb1985c685073af46e96:0:0,365b84d93a8131701763e70800b4bbab:0:0,aaab3bd191d4856904c59fd3ad61a488:0:9383240,5e3f0465f39936a33b3011872397e5b2:0:497427146
615,B,215,-0.009281802922487259,0.834297239780426,-0.009614425711333752,1.1761376857757568,1024,512,-0.009281802922487259,0.834297239780426,all_rows,512,0,0.0031497967429459095,0.04653389687882736,-0.002691517733182991,0.34815736263990404,0.30860681500053033,302a42c0635870f4aa7802cf9eed51cc:0:0,0129a3c59e052c774d62146cfad736ab:0:0,67534e2492b4ae3880ed4fc29adb4412:0:0,66951ca79551c8f5b842189592422988:0:2314256111,d6df1b1bfa30cc8b45e9da74698597ca:1:3054206109
616,B,216,0.029705161228775978,0.8434775471687317,0.05463678389787674,1.1888623237609863,1024,512,0.029705161228775978,0.8434775471687317,all_rows,512,0,0.010904477909207344,0.04947607582435012,-0.030025422212202103,0.35569607466459274,0.31121915200492367,258f5011b98be748023aa2bac1a949cc:0:0,bc06bfd0cca24e721f97abdd5de330b4:0:0,dbccdf712f5bf3e513b638f4275db669:0:0,20580ed0ff2a04b089a67be8cbceae88:0:950664821,bd9274d17971ae09d617135c67ba22e7:1:3474603415
617,B,217,0.008949637413024902,0.8901046514511108,0.03434968739748001,1.2548357248306274,1024,512,0.008949637413024902,0.8901046514511108,all_rows,512,0,0.0026865361724048853,0.08937202622182668,-0.02557670818641782,0.3959769748151302,0.2992746800300665,545d0f78f5f178bee4ac3962756541cc:0:0,eed45bdf2d94a1dd2e321ac6bd0a7fda:0:0,e649cb8b1bc1ec0680fd22b7152fb462:0:0,f83adaa6dad3233361a2bd6faa073388:0:1717673765,1b66faf250e9d1d3553c6dc89b49b697:0:288975452
618,B,218,-0.06526031345129013,0.8478711247444153,-0.12971974909305573,1.1923996210098267,1024,512,-0.06526031345129013,0.8478711247444153,all_rows,512,0,0.00806263368576765,0.12266467204317451,0.07137153684161604,0.35834210738539696,0.3072034959914163,e5cdd26e2f730fff5e5292a6ba2139cc:0:0,f0b7e3ce17dbcb04fcf182e7a445d4d4:0:0,d98bf43c6a33b842df8646db8f55dbf2:0:0,57dba823dc4287dcf16f338c7cebb888:0:1241163061,8e9dcaaf668b432cd86aef0317e7a1cc:1:2385353820
619,B,219,0.053326480090618134,0.8625648617744446,0.10880567878484726,1.2140333652496338,1024,512,0.053326480090618134,0.8625648617744446,all_rows,512,0,0.0008251856779679656,0.05613074288703501,-0.06918715740466723,0.3710279479622841,0.30456459400011227,2791497f6f51068b5a777a678fdd31cc:0:0,3ff1aa3c876197e4486318f5f9313cf3:0:0,4a6404203b0379680f1f33a2fc6c11e9:0:0,3e4e252823ab1cdb9a919761947c3d88:0:1118259647,1188e825bd06c5073739dac20bc0a931:1:1651184430
620,B,220,-0.0007796981371939182,0.8652472496032715,-0.0022803843021392822,1.2201693058013916,1024,512,-0.0007796981371939182,0.8652472496032715,all_rows,512,0,0.004206141456961632,0.03943396215327084,0.003494228612544248,0.3744559556245804,0.31082861800678074,3f59f05ef62785602328bc84f69929cc:0:0,1f9e896cd95211feb0489bbd638c4fc6:0:0,b86e7a58dea9c1e87310e5ff4ee360b5:0:0,f31dd0d25387a6a002a204d140b8c288:0:469581873,91810148abdabdbc952afa69c7c58edd:1:381809462
621,B,221,-0.007540778256952763,0.853363573551178,0.003460463136434555,1.20371413230896,1024,512,-0.007540778256952763,0.853363573551178,all_rows,512,0,0.012615969404578209,0.04347710930742323,-0.012460166824166664,0.36413166373968125,0.30670602701138705,b5a1acfacc60f595e13824deee5521cc:0:0,6cf7310d16c9a04d87868afca4a6c041:0:0,64484a59cc67513d61d89cf4d5d8ac46:0:0,2d5e8799a257f307530ffa7dd1a14788:0:2448411183,6ebbfb9c9d428f4110b7d2d72f8d6e53:1:1509696079
622,B,222,-0.03899897634983063,0.8512250185012817,-0.08221674710512161,1.198460340499878,1024,512,-0.03899897634983063,0.8512250185012817,all_rows,512,0,0.0006254736799746752,0.046796389203518626,0.054360917641315606,0.36172946989536287,0.3006783570162952,fb00b8bddc1580ff1c3b7f55771119cc:0:0,104aff5048c64a9511077cffefe5e8e6:0:0,a791f6d51349b5c74a1ec3106a0dc09d:0:0,4e172a13710a3a8d24e759c99735cc88:0:4274040158,5138e4d971bca51bb8968e390ab9a95d:0:1355050650
623,B,223,0.012458672747015953,0.84201979637146,0.02815927192568779,1.1871013641357422,1024,512,0.012458672747015953,0.84201979637146,all_rows,512,0,0.0031220889650285244,0.04998468337580562,-0.01588756573619321,0.35453139469027517,0.30554423696594313,5490675ad257a2c83a8c97c890cd11cc:0:0,5f9cdb9144c00f634d07dcfad44ab417:0:0,deda12cae46dcc18a354199b0663eef1:0:0,fc4676ccd39cc9d5189566d6e1765188:0:3383107636,1c1f3ad1219a62b7e50814d9ace63da9:0:1039281756
624,B,224,0.011638371273875237,0.8593935966491699,0.006240417715162039,1.212215542793274,1024,512,0.011638371273875237,0.8593935966491699,all_rows,512,0,0.0003057544818148017,0.023973969323560596,0.006415505020413548,0.3693672150373459,0.31020639796042815,bce9dac105edc81701493a183b8909cc:0:0,93cd1e443416b684f03645aa670aa6a8:0:0,b582e83df0d5b5064d0931fad46536b0:0:0,ecf129096316c9dc19adc8880062d688:0:2879139884,a4df2775095fccc704ac8df4b2fdbe76:0:1088278841
625,B,225,-0.021308058872818947,0.8471463918685913,-0.027516629546880722,1.1947054862976074,1024,512,-0.021308058872818947,0.8471463918685913,all_rows,512,0,0.00016554351896047592,0.10282060913741589,0.011193952924804762,0.3589348793029785,0.3065499989897944,405f301ba17900aa14533224774501cc:0:0,1e9373b735122ffd813d7c44c75f0496:0:0,8b2ed80a1ac2d0d6feb3ece641d46bc0:0:0,0a04ad389e89bd214eaf887f43fb5b88:0:1361758545,7baac8432c00ab1483d6d73ee305643c:1:1008155811
626,B,226,0.023493116721510887,0.8608146905899048,0.0426609143614769,1.2141131162643433,1024,512,0.023493116721510887,0.8608146905899048,all_rows,512,0,0.010953813791275024,0.1085160898976028,-0.02914927647798322,0.37051778882741926,0.3108306910144165,2c142dfb4f08bf7876504bcd4400f9cc:0:0,d372633a91c0958408ba6103f3c9ced2:0:0,5ff86288def0fdc0e424037a47d4ad28:0:0,cfa01b3614600816b4ca131efc3fe088:0:1090854155,5a9fdd013e20d9bf72981152e13ef6e2:1:2025682080
627,B,227,-0.020033907145261765,0.8472297787666321,-0.04546959325671196,1.1939843893051147,1024,512,-0.020033907145261765,0.8472297787666321,all_rows,512,0,0.0010363033507019281,0.06023944867774844,0.03484825442719739,0.3587637409567833,0.3054727610433474,1099f80aa31bab5108aa52f2a1bcf1cc:0:0,c86a0ded37bd71731c0e395009c2877b:0:0,5b012d203c6d551931577f55d891f655:0:0,dcccd09a85cf9b2967a2378979306588:0:3721275385,634afdd4cc0c7b10ab87376453fb7269:1:4144593352
628,B,228,0.052847325801849365,0.8697681427001953,0.10388855636119843,1.2246040105819702,1024,512,0.052847325801849365,0.8697681427001953,all_rows,512,0,0.003749971743673086,0.10236051486572251,-0.0642051084432751,0.3775493450462818,0.3075520400307141,19a7c8ed850d7f7a0b8f13749078e9cc:0:0,d9309a1fa9ad0892e2e963649a233616:0:0,c2aadc78b92435dfa82a375d2caebdfb:0:0,55ea753133da94b1951727a10accea88:0:3018968583,28cb52906fde17f027fb99b208f5a84d:1:4014197810
629,B,229,-0.021773161366581917,0.848318338394165,-0.040774229913949966,1.1960697174072266,1024,512,-0.021773161366581917,0.848318338394165,all_rows,512,0,0.00012552423868328333,0.029717417224310337,0.022841667046304793,0.3598069354891777,0.299253884004429,95792f2bd2f1fc509df059331034e1cc:0:0,e3790efed0a5fdc3355aa6fcd825e824:0:0,7b54148e7ce8e66171acabe1394398af:0:0,48ab33b887da711a1d07780801156f88:0:3349452139,cc2666226b1e53cdd882a35a7b040e47:0:2561606147
630,B,230,0.029624808579683304,0.8377382159233093,0.049624599516391754,1.1805261373519897,1024,512,0.029624808579683304,0.8377382159233093,all_rows,512,0,0.001620984636247158,0.08119454761035741,-0.02260922563727945,0.35089411661028863,0.2927925930125639,b740c6477edce7e83d83f00e20f0d9cc:0:0,8794e57fac32ee5dd601aadab958d35f:0:0,398540e3cf8575124a92681d15375168:0:0,745a9c1c51251f8fdd162020ac09f488:0:3915864125,ffa4f80dac2b8ad5d8e1e913eab4e893:0:1317675580
631,B,231,-0.06764742732048035,0.84657222032547,-0.1402483582496643,1.1891487836837769,1024,512,-0.06764742732048035,0.84657222032547,all_rows,512,0,0.0005017380462959409,0.06387801961973309,0.07763384998543188,0.35709639489650724,0.29389432701282203,a8fce15e63971eaa46c3a3e5c2acd1cc:0:0,b8692035a4e2fc9397d2c5c884257abb:0:0,d5459cd26fae3750ec1c335392b4e2e1:0:0,5d3c64fdddee1188a86f7a0d5baa7988:0:2295333354,de196ca7ce81d2e1903897ba6f44928d:1:1140210499
632,B,232,0.06268580257892609,0.875761866569519,0.13223285973072052,1.2310692071914673,1024,512,0.06268580257892609,0.875761866569519,all_rows,512,0,0.0022844048216938972,0.08703638182487339,-0.07573515243129805,0.38190130293369295,0.30117719899863005,e1d218f80ec0b3f574ed4099f568c9cc:0:0,57b997dbf864d9b470b55407682ca102:0:0,cac4b639bc4e7ec159fa84751126860e:0:0,d8d2d34f47181b71eb8e42b05ff6fe88:0:1917320291,25b786b3aeb5194d030a34d94ac1ec83:1:3876806361
633,B,233,-0.05274496600031853,0.8351009488105774,-0.12353275716304779,1.1738814115524292,1024,512,-0.05274496600031853,0.8351009488105774,all_rows,512,0,0.007952336221933365,0.1131598184001632,0.07978584836237132,0.3469454415142536,0.3017229419783689,6ede29dfbe6022bd6202920ab924c1cc:0:0,6c5b0b12bf0999ec69370c1eb35a4bec:0:0,61e418c1979e5a5aca170d1a5ffc644a:0:0,4113faaf5d3fbcd6fc0099ac08ef8388:0:1063173395,f31482db28c2d6921b4bb174d8954f05:0:2247310079
634,B,234,0.02943890541791916,0.8358060121536255,0.055737972259521484,1.1781408786773682,1024,512,0.02943890541791916,0.8358060121536255,all_rows,512,0,0.001004639663733542,0.04338822822319344,-0.030940387889859266,0.3491299979388714,0.29964728199411184,6d3c0f2acfde8e2a06c964180de0b9cc:0:0,242bbd27325635a243030a6df7d4b633:0:0,43f530c059c865f3631c76b0870a3300:0:0,7390aabec0d8264f142d0162a6940888:0:1690496118,89eba667027d1e12fb0bfb29d0db5886:1:3031011749
635,B,235,0.033408988267183304,0.8795536160469055,0.056865181773900986,1.2405946254730225,1024,512,0.033408988267183304,0.8795536160469055,all_rows,512,0,0.03223566710948944,0.14192204984137788,-0.04271049327217043,0.38682798892259596,0.3077358700102195,5cb0bdcbde7112373acb82a1f39cb1cc:0:0,eeb6aca57ba119bcc39ff559a1c31303:0:0,d835f44d1dc137fb617ea464545b47ee:0:0,f6e95f80cfc81382fb175ef688e48d88:0:1878002610,97f361f331ee68b66ae2a4ad2743d66a:0:4038422006
636,B,236,-0.0264727845788002,0.8774486184120178,-0.042616501450538635,1.237200379371643,1024,512,-0.0264727845788002,0.8774486184120178,all_rows,512,0,0.0020439298823475838,0.08105715923011303,0.023035010154126213,0.3850115939974785,0.3013414239976555,332e6452ceef24543456b9886a58a9cc:0:0,a8989854055adb923d674f7532bf57fd:0:0,6ad09485c6d2cb9e6e2dc2dc2f832ca9:0:0,2908e7b038864f9a5825fa49ffe11288:0:1151093575,760bb03a02fa3168ea4bc409af3cb913:0:1848919004
637,B,237,0.02929791621863842,0.8377014994621277,0.04683826118707657,1.1811391115188599,1024,512,0.02929791621863842,0.8377014994621277,all_rows,512,0,6.566406227648258e-06,0.03798115476965904,-0.017643121961737052,0.35093793347477914,0.3105135260266252,320a8dba07160403087cd4ab7214a1cc:0:0,7691ea5fcea2722270c76738e48c82c8:0:0,28480d0566396fd7b007c88d9ee6f9e4:0:0,d767f66b2d487a60b2e67dff5b899788:0:207397814,6edb210f0bc112f3638a1153ad435494:1:3494431969
638,B,238,-0.03670106083154678,0.8583532571792603,-0.05586191639304161,1.210006833076477,1024,512,-0.03670106083154678,0.8583532571792603,all_rows,512,0,0.013266375288367271,0.05026032079476863,0.025762183195911347,0.3684647671878338,0.30178546300157905,6e6a02610e393b782b139feb0ad099cc:0:0,1abe38beb09ddc4e326dfd3eb661b57b:0:0,b5bba59820484a9a359932b71e22ecc5:0:0,0e51186a616964721ed2f778ebde1c88:0:1108377058,fb348146dd7ca8579911b96d3aad1bfd:1:2291458223
639,B,239,0.04402787983417511,0.8459564447402954,0.07315728068351746,1.1925729513168335,1024,512,0.04402787983417511,0.8459564447402954,all_rows,512,0,0.0029111995827406645,0.08934026339557022,-0.03354874267242849,0.35772902742028234,0.30688788200495765,c703be94d5603039eeb4e727348c91cc:0:0,604affb2efc3de3b9b8abb805f1ae99f:0:0,eeb589398df4115ecc9572ec684926c2:0:0,4ffc72c42fbf18bf9316d6d900dea188:0:925301661,d31988107e723b1e5234954601f1a273:0:3520423928
640,B,240,-0.045739591121673584,0.8389769792556763,-0.07683280855417252,1.182345986366272,1024,512,-0.045739591121673584,0.8389769792556763,all_rows,512,0,0.006388907786458731,0.057352680270560084,0.035319105931557716,0.3517842352390289,0.3100181869813241,a1f2d245e4d0c3c004be763fef4889cc:0:0,33d0c5494c445d7812e344cff65d056f:0:0,fe0f7be093faaf5bff531203d9d00652:0:0,a37384b6822b69baee53ef01ea8b2688:0:3077087311,37451bf47006cadc6ee31b09e7c77165:1:3721055536
641,B,241,-0.06781626492738724,0.8563566207885742,-0.11731861531734467,1.2057406902313232,1024,512,-0.06781626492738724,0.8563566207885742,all_rows,512,0,0.0004385397769510746,0.04496263227192685,0.055308041506214066,0.3662620835006237,0.3003883269848302,45dd79ccad070412fd5219153b0481cc:0:0,96ed9309c55143515dcdd732a97b053f:0:0,08081261aa9c9807f78a4303f999207f:0:0,831669c25144987aa6677595f8e3ab88:0:2846307314,97b7284d259bebaf5d909b80df833a6c:0:1875953294
642,B,242,-0.014859611168503761,0.8369408249855042,-0.008491408079862595,1.1794991493225098,1024,512,-0.014859611168503761,0.8369408249855042,all_rows,512,0,0.0001389922108501196,0.06399787825066597,-0.002723168910597451,0.3502755157649517,0.308158203959465,f23e3bdc3919ec6bc7559b8717c079cc:0:0,b42a56ae7c79580f624742858ba78cb3:0:0,19e561967a04940d506334b3447a6673:0:0,7e37a836d6866c25242f02f77be83088:0:1524414810,2e613fc0554f558af8d849d8d435ea54:1:4225423150
643,B,243,0.061564698815345764,0.8463358283042908,0.12369398772716522,1.1905181407928467,1024,512,0.061564698815345764,0.8463358283042908,all_rows,512,0,0.010544376447796822,0.10675112748285756,-0.07949826101539656,0.3570329762995243,0.3035507129970938,031a5503808d35d33072c975857c71cc:0:0,9c3d05fa6c629d663a19139ccfcbd47b:0:0,09691c38201a30713d6f9c2fbb6b9233:0:0,5b7d9cccd40ecff3cb4d9248c398b588:0:1508503104,59b9a8797f371250df9e81e47232d7aa:0:387443224
644,B,244,-0.002274777740240097,0.857908308506012,-0.013542279601097107,1.2096863985061646,1024,512,-0.002274777740240097,0.857908308506012,all_rows,512,0,0.00015546218492090702,0.08999314932152629,0.013661502956529148,0.3680291250348091,0.3024063679622486,6ce7355d969037c165176ec0843869cc:0:0,11033175b112bd0880b9606338505ea9:0:0,12072681249d563c697af789fcca1903:0:0,904788cfa27bce1dadf0816c1ff53a88:0:1004072777,96a3990eec673b8fc0da31cf1d181b70:0:260831495
645,B,245,0.013050608336925507,0.8525305390357971,0.0265413299202919,1.2022969722747803,1024,512,0.013050608336925507,0.8525305390357971,all_rows,512,0,0.0005384761607274413,0.07616326730931178,-0.01654200295743067,0.36345884278416635,0.30279077298473567,b5cf5150f4a9d8bd7075574813f461cc:0:0,fbc5e80621f1c2d9d84e0d366bd9be13:0:0,b62c7ec587056733fed3a9eb343392b0:0:0,7778f83608137df9ec949103e0fdbf88:0:1198920588,8e1761ed2a3a8ab8067f233abdda9863:0:4076601947
646,B,246,-0.027368951588869095,0.8436050415039062,-0.058528833091259,1.189051628112793,1024,512,-0.027368951588869095,0.8436050415039062,all_rows,512,0,0.007841687649488449,0.12167032908182591,0.03431552600814029,0.35560560673475267,0.30386836000252515,41ed027e1ed18efcbc824eec34b059cc:0:0,39402b092bc09a436e26a928141a14ce:0:0,1418fef9901bba294624231818ca6268:0:0,c353baa433f13ba9c1cae47256b24488:0:1591108931,a6538d48632f903eed1f3ee53fdb296e:0:3601758812
647,B,247,0.024437999352812767,0.8509355187416077,0.04258718341588974,1.199867606163025,1024,512,0.024437999352812767,0.8509355187416077,all_rows,512,0,0.011408220045268536,0.2644097619690001,0.0029308016601135023,0.3620611824095249,0.3047370590502396,5070b23ddef5710291f8218ce66c51cc:0:0,89ec2abb6187b87e30632189b972eec6:0:0,3b00be5137db9b311137ccb9a4988083:0:0,4904704694863f9a39fe01d9d112c988:0:1032100926,f09fb4632708764d38d13061499617f3:0:2229813286
648,B,248,0.015069425106048584,0.8292189836502075,0.009793256409466267,1.1691104173660278,1024,512,0.015069425106048584,0.8292189836502075,all_rows,512,0,0.0014953722711652517,0.08612109925597906,0.01072868425399065,0.3439389578998089,0.30844313598936424,67fe034f55ed563f98549b0a292849cc:0:0,0d69ff1cee35927aa80b51b77be9eb20:0:0,f0015f705e3e7a27cd0a65960d6b0b53:0:0,7d976c76a24e6c2d9736d21ca01f4e88:0:77743435,327fecc5fd47044dc19c9b8a2ea711d7:1:1504656951
649,B,249,-0.026721011847257614,0.8647031188011169,-0.045426368713378906,1.2191904783248901,1024,512,-0.026721011847257614,0.8647031188011169,all_rows,512,0,0.0041171046905219555,0.07042479652445763,0.020424850929998684,0.3739097356796265,0.30817375698825344,28da2c961fdb07b155d98743fce441cc:0:0,35f18fab1607e255fc357bf7332d4147:0:0,232285d43bca0ecafa9e40907b9fdf90:0:0,801d76d31e2ce7dc60e1a0dd13d7d388:0:234566740,3357417b80d773a4345e6da01f53c323:1:141586578
650,B,250,0.0010113444877788424,0.8178514242172241,0.008781916461884975,1.1525996923446655,1024,512,0.0010113444877788424,0.8178514242172241,all_rows,512,0,8.414103649556637e-05,0.02186639403225854,-0.008075060056580697,0.33447264730930326,0.3045245870016515,8bcc3308c9f78081af8cb21a61a039cc:0:0,00f7a7f4b1bae147f22e487b9cc888f0:0:0,1f78c0bc513e50e935d67301bbef7dfe:0:0,840e1a90ae76da1e1f931c7d7c3c5888:0:3911532875,6d32f8805d6e0df71186577f33b0dbfe:0:3688546607
651,B,251,0.0032574497163295746,0.8300702571868896,0.016543973237276077,1.170091152191162,1024,512,0.0032574497163295746,0.8300702571868896,all_rows,512,0,2.8938287869095802e-05,0.05872832675231621,-0.016300879771006294,0.3445048175752163,0.30499415600206703,7cce2d2fd7cd3ea66937e76d575c31cc:0:0,69a13dda8c1c3dea1af01978e3ef9da8:0:0,b826f46f532abb4aaaef0e1ade047614:0:0,37ae65f236456169c4cd5620294cdd88:0:3876559641,6d00024e24ad5d5d8b578bfac768064d:0:2024497692
652,B,252,-0.01846172660589218,0.8420817255973816,-0.021214783191680908,1.1869733333587646,1024,512,-0.01846172660589218,0.8420817255973816,all_rows,512,0,4.013418219983578e-05,0.08725890915375203,0.00532676296425052,0.354704375565052,0.3035296759917401,80e536d595dfa380a568f31cde1829cc:0:0,cb89bd39c891f0dcbd6eac1040852508:0:0,d7d9aacfbfee60e29e6fd8c28c1e9024:0:0,b37833bdb83a989dbec4c1a76b096288:0:564998975,f67ae86958d63e5693a06aba031ee3ac:1:785651354
653,B,253,0.03202734515070915,0.822279155254364,0.050014644861221313,1.1582461595535278,1024,512,0.03202734515070915,0.822279155254364,all_rows,512,0,0.00718202069401741,0.06114113305229694,-0.02367202544119209,0.33805848434567454,0.30162204400403425,aea437c6f7bf647c6571a108f5d421cc:0:0,4bfcc16929c695c6c318b800b5fd545e:0:0,d440a1448e86f5706717a12ce778e642:0:0,abc2a0cf1078421fb82535b59171e788:0:1587561065,4ce00d3419599e719ec442f459fd9a92:0:2157738564
654,B,254,-0.007342631928622723,0.8450695872306824,-0.016631893813610077,1.1917011737823486,1024,512,-0.007342631928622723,0.8450695872306824,all_rows,512,0,0.010145451873540878,0.11340697455452756,0.0035553828114643694,0.3571642905473709,0.29524478199891746,b1041cc5bf8c0bb00967bd119e9019cc:0:0,f604f1861669ad6f8cc4a6e77aab1d21:0:0,a8c64605b7ff7123d725a2845ffbe788:0:0,961dc34951196f0403d6ebacec866c88:0:770504732,e4079ebd589969b4a7b518dc9f458aa6:0:3645059299
655,B,255,-0.012811193242669106,0.8139157891273499,-0.03944266587495804,1.1465486288070679,1024,512,-0.012811193242669106,0.8139157891273499,all_rows,512,0,0.0032778733875602484,0.06172192983794957,0.029137265263125302,0.3310833085328341,0.29287997900974005,d45a9e0c2ce2887bd0251316d84c11cc:0:0,b87a38d561f8e74570d9fc6d7cf7094b:0:0,a1f2666dde2d1e1fe04e440bae1d28f4:0:0,09da02061113388cb4c37fafcc46f188:0:793141098,d976a21924638c157b09cc159634770d:1:4256707273
656,B,256,-0.004006260074675083,0.8328865766525269,0.016098972409963608,1.1740365028381348,1024,512,-0.004006260074675083,0.8328865766525269,all_rows,512,0,0.0008697322336956859,0.032482616556808355,-0.026226717376266605,0.34673636332154273,0.2963655219646171,3d4f2b027138d02957476ef8a30809cc:0:0,d8d79ca5d257d15ba1e2fe9466f93ba6:0:0,87aae78556c687e6c45b5058b4bcbc5d:0:0,acc0c46b86f36250619af0a080b37688:0:2573256706,42970cb020e0628a6e4c3733b85d26d1:1:1146825947
657,B,257,-0.002873825840651989,0.8620083928108215,-0.022199897095561028,1.215190052986145,1024,512,-0.002873825840651989,0.8620083928108215,all_rows,512,0,0.005840430501848459,0.04575223482679576,0.022833381360396744,0.37160816341638564,0.300664666981902,61bc0f0627a68e8b1b309c96fec401cc:0:0,cee774152da7f94c02b7a2fd5499ee4f:0:0,4f3c048ae6e62fe300ec066469eee508:0:0,16552772d7867b589498a02159cbfb88:0:2216062010,19d3b6f0b421d894ebb12f283df79c92:0:466192999
658,B,258,0.01086471788585186,0.8134481906890869,0.025862645357847214,1.1467862129211426,1024,512,0.01086471788585186,0.8134481906890869,all_rows,512,0,0.0011899976525455713,0.049878404731862246,-0.018684356240555644,0.3308801516890526,0.30133447400294244,ab705f640e1ae69bf70667d1eb7ff9cc:0:0,6033177ebe6fedf2ef6da3181844ae10:0:0,5edde7d2036f4489ba4dda58896558fa:0:0,628ecf0b9401d487e7485294a7908088:0:2438205317,d95e20f555eef420c8ece6f93495c2aa:1:3407360389
659,B,259,0.009930949658155441,0.8099150657653809,0.002950643189251423,1.1418789625167847,1024,512,0.009930949658155441,0.8099150657653809,all_rows,512,0,0.002986698877066374,0.029366129415575416,0.01128785964101553,0.32803186029195786,0.3008716549957171,d4c5bee43dff431ea4b29c89693bf1cc:0:0,f8945cbf5a47c3821db649d504b5714d:0:0,0718c9176209e7c7dd217a3917da4c80:0:0,2277f5dbfbe06297ca4b2f1cba010588:0:535313626,2468d1b75ddb241bf1b48f7ec8a4d085:0:1332407855
660,B,260,0.022980250418186188,0.8381361961364746,0.04344872385263443,1.1815571784973145,1024,512,0.022980250418186188,0.8381361961364746,all_rows,512,0,0.0002571200020611286,0.05583728068741038,-0.02015741562936455,0.35125455558300017,0.3050292049883865,0ef37f892247373d3ce3069d77f7e9cc:0:0,14e475ad9f409edb469362d9d9ab1421:0:0,7e3bcfb5d5237d60f4db41c2ab926a06:0:0,75c6034b343461fdf91cbf9be11d8a88:0:2840550316,2ed7fc144a92e1702cd22f1113568a41:1:1713389754
661,B,261,-0.027659401297569275,0.816587507724762,-0.054793018847703934,1.1506741046905518,1024,512,-0.027659401297569275,0.816587507724762,all_rows,512,0,0.0035855728201568127,0.02684086887165904,0.03486690844001714,0.3331966005265713,0.3061922389897518,59f7276168ed6f28b70971ee17b3e1cc:0:0,f9d9290e54218dfe8ec1e091e2a0239c:0:0,c8abe052e275fc9e8e44a9f3bf80692c:0:0,ae4efb7748c2530999d7f0b46ce60f88:0:2019853451,d40ab0d651f8ed0e21f44e81803d736c:1:4159880846
662,B,262,0.005845485255122185,0.7993375658988953,0.008219851180911064,1.1258833408355713,1024,512,0.005845485255122185,0.7993375658988953,all_rows,512,0,0.005724897142499685,0.04253836540738121,-0.005433148214069661,0.31953540071845055,0.302747376030311,a5d0d98d2dddb0b8695baa5b486fd9cc:0:0,328b943f3b70ed04654d5d8aafe97ef0:0:0,e18e8b75d02cf8ee724778af2e4bac9f:0:0,d35628e072cca48808fc11c8ad5a9488:0:2744290809,2410425e800926ed823098488d53129d:0:944967789
663,B,263,0.06974785774946213,0.8843280076980591,0.144674614071846,1.2428069114685059,1024,512,0.06974785774946213,0.8843280076980591,all_rows,512,0,0.001968234311789274,0.022125845984555782,-0.08386699692346156,0.3892554886639118,0.3014641879708506,5cb0a0d69d4bec0988d37bc50a2bd1cc:0:0,b711d42fdae93b5e4f98c319c16608d6:0:0,317177ddd8cd4f60d5e78b8236a3e3fc:0:0,ec49d6d9ce0a23415131d4faf27b1988:0:2936030311,5475bafca336abb5ecdad0eccd700950:0:890711493
664,B,264,-0.03858271986246109,0.8411273956298828,-0.07902828603982925,1.1842725276947021,1024,512,-0.03858271986246109,0.8411273956298828,all_rows,512,0,0.0014727540547028184,0.057037059694994244,0.04557028069975786,0.3532688766717911,0.3015568279661238,d588157e4b785c1ea92eb20b5ce7c9cc:0:0,f6c452ec89ced2ad92e924cb30a03281:0:0,913e710f714c9ea384590772e9ada0e4:0:0,7fb790e155d4049c4f104f2d8c479e88:0:3005690920,b0f8e7ef66e97d2e9a7ea04792643aa0:1:2056210644
665,B,265,0.025261875241994858,0.855212390422821,0.04899100586771965,1.2055389881134033,1024,512,0.025261875241994858,0.855212390422821,all_rows,512,0,0.0005181347951292992,0.10118695249548182,-0.029036943695973604,0.3657214932143688,0.3012944069923833,e642541b7fe0b77f3cef190e40a3c1cc:0:0,8f7efa8a87570ae7fbccfbcb1e1f58b3:0:0,28c4936889a922c43c3336971470faa1:0:0,5f832889bb2b22ba80e1f802cac02388:0:3590481342,48d356caf4be886b9c1009e10062ad97:1:159331632
666,B,266,-0.021711032837629318,0.8373525738716125,-0.037417665123939514,1.1802939176559448,1024,512,-0.021711032837629318,0.8373525738716125,all_rows,512,0,0.015605296939611435,0.10219849110580981,0.011241293525381479,0.3506669975817204,0.30594881903380156,5caab7b0b1de70d7155a7cadb55fb9cc:0:0,6b9515f5fa4795e39f57b99c5dc2b3dc:0:0,22f407d5299f25c693dec29133abde77:0:0,81a81c4c5fc6c05b8269a9dcfde4a888:0:2720164051,1026b69ee3d8dd3506074793442363e9:0:3244433168
667,B,267,0.035841334611177444,0.865798830986023,0.07677695155143738,1.219353199005127,1024,512,0.035841334611177444,0.865798830986023,all_rows,512,0,0.001055802102200687,0.09733185492223129,-0.044534685206599534,0.3743799515068531,0.30506938096368685,8cc9455474b20795e27aa8c9bb1bb1cc:0:0,23c4fb0e16a470d434fa25acec32e1aa:0:0,d9077305abfd4b8f70658f016d85a985:0:0,79e0881482f1ead834a7a1de75b52d88:0:3709017409,32b14c4b2f75db5c0a7dd879aa61cc96:0:2091093193
668,B,268,-0.022027645260095596,0.8612042665481567,-0.04489407688379288,1.2140552997589111,1024,512,-0.022027645260095596,0.8612042665481567,all_rows,512,0,0.01609007641673088,0.08961298180511221,0.027613337500952184,0.3707944989204407,0.30550097103696316,6332340f10fb688eb31d694251d7a9cc:0:0,23f7cd4751fe9ead71e0d8eacaacf34c:0:0,1150d29f33c83b9a8e5ecf5d8aa2b98f:0:0,8626874a728f5085919e7fe98231b288:0:4167004422,1d26e7c07a9b79882677afbc00d6e59c:0:678863504
669,B,269,-0.015522109344601631,0.8604614734649658,-0.03658156096935272,1.2127861976623535,1024,512,-0.015522109344601631,0.8604614734649658,all_rows,512,0,0.007566777989268303,0.04772472647018731,0.024348254944197834,0.3701223835349083,0.3054825110011734,817477cd099f5e9774d489f77993a1cc:0:0,2525078a91d7ad724bac904f2ce75a06:0:0,dad9afad50e55a376c9530e73c712b20:0:0,475d2a425d2e21cf2c1846a0735a3788:0:186889634,57e0b3dbecf483fedc67643793d11ecd:1:753507420
670,B,270,-0.013296741992235184,0.8479092121124268,-0.02724440023303032,1.1959145069122314,1024,512,-0.013296741992235184,0.8479092121124268,all_rows,512,0,4.1727558709681034e-05,0.015822945313993843,0.016951028708717786,0.3596010357141495,0.30772684497060254,da79b286ca1a132873f5d6c9324f99cc:0:0,314a991c0a5774e913579d277d73a1fd:0:0,9c66c1c187c4ff0bf6b75180b5dd83ba:0:0,1c0770e231ad53595b6b5b65992ebc88:0:2727270487,6e7de5fef3da71d0726cc1eb3d99006a:0:3362666307
671,B,271,0.012967887334525585,0.8485453724861145,0.03454182296991348,1.1960526704788208,1024,512,0.012967887334525585,0.8485453724861145,all_rows,512,0,0.0017847925191745162,0.02997120877262205,-0.02332025928189978,0.35995489954948423,0.302850992011372,0c486afdbc3e9efbdb9b1b977c0b91cc:0:0,7d07a0c95fe9d62e41750846cefad695:0:0,8a5dd7c28754e231a03e71bcd7ff1dcc:0:0,fd5b0cc0cd7d577b133f865b43af4188:0:3704165687,e3ad53eb5bdb0b0e72f5f23332c7ba1f:0:1487001705
672,B,272,0.006792017258703709,0.8200444579124451,0.006047334522008896,1.1558411121368408,1024,512,0.006792017258703709,0.8200444579124451,all_rows,512,0,0.016077518463134766,0.09138832424068824,-0.0025640004430897536,0.3364177867770195,0.3067645809496753,542fe4af0363aaad35a2244256c789cc:0:0,170200845e7ad4683a390193ab7b61e5:0:0,00abd7bca86587205fff0bcc2c0a3599:0:0,3f89389a9423255f6752f263c2dbc688:0:3350114743,ba42af8c49eeb292452394e6180a107e:1:3987294098
673,B,273,-0.022467780858278275,0.8109991550445557,-0.04440756142139435,1.1423108577728271,1024,512,-0.022467780858278275,0.8109991550445557,all_rows,512,0,2.268841490149498e-05,0.04384380966657773,0.027095186605583875,0.32881616801023483,0.30636088602477685,71f370dc1afd1f58eaacbca9c28381cc:0:0,e77b1130d414609db8f52fcd80463135:0:0,e1dc8b6ac9105caa1acc367711c12c8e:0:0,27ab44686932241ebb3f2d2166b44b88:0:3410905652,deac76bd2e80a673dbe3c9f6c24ff0db:1:2675873753
674,B,274,0.02141375094652176,0.8579354286193848,0.03059663623571396,1.2098275423049927,1024,512,0.02141375094652176,0.8579354286193848,all_rows,512,0,0.0022679397370666265,0.08190812391694635,-0.005432190699502825,0.36812435910105706,0.30590433097677305,1e118cc996a2e73bc220b0adbf3f79cc:0:0,415f6885b46953d12f9fdc177d5a0b0e:0:0,ffb1b8721f8301d9368d40887d1c82ca:0:0,1c866759e985501f9e3e26f67f38d088:0:788885635,0a43701f36fb818c9b1a922a677863ff:0:3830872205
675,B,275,0.024270394816994667,0.8332822322845459,0.04700656980276108,1.1739871501922607,1024,512,0.024270394816994667,0.8332822322845459,all_rows,512,0,0.002566959708929062,0.09136357002425939,-0.025316478026797994,0.3471205770969391,0.3095035500009544,dec19d944184be526227cc2e4cfb71cc:0:0,aa54f6de4097d249e546f2721366e45c:0:0,a6030f6ae71ad627bf557dcadcc1635c:0:0,f3892616a912b10f52ef33055c695588:0:375476543,f25003f5324c8b71aad6390c654ad586:0:2288234389
676,B,276,-0.03901247680187225,0.8280839323997498,-0.07077198475599289,1.166667103767395,1024,512,-0.03901247680187225,0.8280839323997498,all_rows,512,0,0.013559741899371147,0.09284469014964998,0.04443708199542016,0.34273762330412866,0.3227656930102967,06b9963cdb4b12f8cfafdb0b6bb769cc:0:0,fa3e6486e715249ef61d7cc581092081:0:0,ba5e7c7cd5fda8a3d761ae11e8d1913b:0:0,63fc9ea82846f6c2031c07304e45da88:0:53234272,142a83ebfc55476997493d0a8c3043c5:1:1679498743
677,B,277,0.06284526735544205,0.8328882455825806,0.12183194607496262,1.1711043119430542,1024,512,0.06284526735544205,0.8328882455825806,all_rows,512,0,0.0047727725468575954,0.16416250970214605,-0.0829631531611085,0.3460847184062004,0.30490570300025865,803b50cab064f689ee6aa9251b7361cc:0:0,5ab275e1a18a49aa33f7c6e73e4949d2:0:0,6182e4b6446186547cce4419c3902303:0:0,dff01ef32669d34a9f7dbc19a4ce5f88:0:457561349,7592a3332936c8e72a209ffa8d1a16af:1:560394818
678,B,278,-0.016990741714835167,0.8439700603485107,-0.04321172833442688,1.1899114847183228,1024,512,-0.016990741714835167,0.8439700603485107,all_rows,512,0,0.005229402333498001,0.10527804256416858,0.037290314910933375,0.35597594156861306,0.3060651770210825,b64fdfa54bc31dff00ce025b5c2f59cc:0:0,5a8bdb8474d1d26f7ae82b18398e176b:0:0,be679d8f547467a8a54f38e85efbcfb4:0:0,95baa95eee1e689a6b81cd23b002e488:0:3941655648,16da617f74b3e85a3a88e908d91c4b50:1:1365414979
679,B,279,-0.03263736888766289,0.8550165891647339,-0.0680808499455452,1.2047162055969238,1024,512,-0.03263736888766289,0.8550165891647339,all_rows,512,0,0.009441902860999107,0.027339022466912867,0.04167584476381307,0.3651993051171303,0.30502454895759,757598857ffff28f2813b28e2deb51cc:0:0,6d8612d0e5a46f6d34675b471116dee1:0:0,b648b5f165d3d9fed335fd2b76a4078f:0:0,51ebdfe035a5dff8350f1870bfe36988:0:1801913934,19070cd20c6efb8133176d82934682b6:1:3702014341
680,B,280,-0.005425292067229748,0.8361672759056091,-0.004378261044621468,1.178910732269287,1024,512,-0.005425292067229748,0.8361672759056091,all_rows,512,0,0.000638874713331461,0.041655227320734414,0.00015953362453728913,0.349665367603302,0.3104618000215851,fc5c169e05f4b24ee439859d90a749cc:0:0,2140e41f1ef205b84bf5fbada09b69f5:0:0,5f84c242f7adef49af977fc4b50858e6:0:0,c9d5f2bf2e1d019f384adee3246fee88:0:3407282844,ea61d086751400ab7e74d9a9b49526a2:0:88230896
681,B,281,0.06293408572673798,0.8584195375442505,0.12736600637435913,1.2068203687667847,1024,512,0.06293408572673798,0.8584195375442505,all_rows,512,0,0.0028038634918630123,0.05081921496894211,-0.07589257237268612,0.36714320853352544,0.2922818390070461,ac97eddbeebba0cf94014769846341cc:0:0,07e0909a089c318fc968e8a1320651b7:0:0,548e2c26130ca0a2e1f5820cc9ad9553:0:0,f4b0b0c9638062d5af5dc41d2da87388:0:3748374178,fa47deda1b339fd7f71fbcad62e5f36e:0:895584733
682,B,282,-0.0007762898458167911,0.854272723197937,-0.018883556127548218,1.204360842704773,1024,512,-0.0007762898458167911,0.854272723197937,all_rows,512,0,0.005315391346812248,0.05861513855634257,0.01839991587912664,0.3648748643696308,0.2860764120123349,da7e455f271f47bef4f0c3d2091f39cc:0:0,8ac7be2b00d67786991bf8b0aff4a8ba:0:0,9e3fd33e4cc3345dbec2e3cc5b41a787:0:0,c2310cdc1ad580cb0e38ce812b8cf888:0:3260887385,f55f501cf43b857590f4d0c0bde9c86d:1:761005794
683,B,283,-0.032195862382650375,0.8364850878715515,-0.05324102193117142,1.1784846782684326,1024,512,-0.032195862382650375,0.8364850878715515,all_rows,512,0,0.010179832577705383,0.06889899217057974,0.024621394168934784,0.34988966807723043,0.29326634702738374,22970b8b4a76c786a351c6b71edb31cc:0:0,08dd836bae9ebf83132a1e4d8b8403b6:0:0,863685b2f58c77d9e7d6fd4227c2ad54:0:0,7cd9037eec69de8dea5a67316e1d7d88:0:82396683,846cbc380928d4017ee7729721d14049:1:2491206180
684,B,284,0.012259325943887234,0.8709054589271545,0.04647316038608551,1.227468490600586,1024,512,0.012259325943887234,0.8709054589271545,all_rows,512,0,0.005456601735204458,0.028564637550152837,-0.04136887288332218,0.37896031960844995,0.3050685269990936,6a4af25102ef37eb9a321bf8c59729cc:0:0,3b77b11e205406bae271ff50b5089f9c:0:0,fdd81970c2090689d2e2e61f1b165aeb:0:0,988cbd4c6dabfc698e935a10455a0288:0:1889781755,29781ca1606d2b61ab18eab5371234d9:1:3995113533
685,B,285,-0.047034453600645065,0.84568190574646,-0.09474650025367737,1.1909528970718384,1024,512,-0.047034453600645065,0.84568190574646,all_rows,512,0,0.005421528592705727,0.06689279151614755,0.05778032103553414,0.3568966694176197,0.3067504719947465,48a0de90354218adb3638f76fd5321cc:0:0,144b53db2dca0a805f34b6df49ddcbf9:0:0,8608c60f060c0f2af24f55f3c67ca0be:0:0,c30062d3d8b4befb3acbd5c001428788:0:3071531510,a5d536adb1fe1e0f8caa346f0cb81233:0:1633592070
686,B,286,0.03610735759139061,0.8405313491821289,0.08755715191364288,1.1829063892364502,1024,512,0.03610735759139061,0.8405313491821289,all_rows,512,0,0.04005683586001396,0.14901039300020785,-0.055386572898714806,0.3522998571395874,0.3055709039908834,0304f1b335d8d227277bed11c60f19cc:0:0,fcdf36030c98d266b087f6d8d232ab12:0:0,7eff8175bd0772c8ff54546137ffdba9:0:0,c97def1ebf2a9c4f0fc86ba2f1d70c88:0:1630475199,c914d0ae5c56de45e9e66073efacecde:0:2889313534
687,B,287,-0.02257123962044716,0.8565033078193665,-0.05213645100593567,1.2067300081253052,1024,512,-0.02257123962044716,0.8565033078193665,all_rows,512,0,2.368004061281681e-05,0.01933448651107028,0.03272430834331317,0.3666682980954647,0.30443459597881883,9131d0e3455d45ec0dd500a91fcb11cc:0:0,332ea93780d9a3dda4a82f996232827c:0:0,9e2e2c4766d6eec455138b41dcb6b7c1:0:0,ed8551c4fabaa554a6ef0fdb67179188:0:1833681907,660a17f27628748f308a24f2e5f6afc9:0:4016939819
688,B,288,-0.01517947856336832,0.8498526811599731,-0.029689906165003777,1.1982375383377075,1024,512,-0.01517947856336832,0.8498526811599731,all_rows,512,0,0.0020730828400701284,0.09260018701897935,0.02339137460803613,0.3611050143837929,0.30056510103167966,3a6b497692b76f69dc8c961d0a8709cc:0:0,3494da614822e6576c43a016337c848c:0:0,e12a8ec39149750a094e74ca00780632:0:0,8adf9b2336f641fb560c194bb1041688:0:570201564,7a62ae5f92a638510b39a0d58994e628:0:1825274341
689,B,289,0.01829420030117035,0.8660292029380798,0.04125891998410225,1.2212119102478027,1024,512,0.01829420030117035,0.8660292029380798,all_rows,512,0,9.008811321109533e-05,0.080611928680446,-0.019910745369270445,0.3749291241168976,0.3036230569705367,5547ee7800781486e884794d864301cc:0:0,2180d6675c78e0b7b90c6f94fddaa25b:0:0,7f23eca403c0255b456d762166ea202c:0:0,976e47899ef736461f1741961f9c9b88:0:4228603246,cd22bc2b4887f88ae275116782190b0a:1:4121532755
690,B,290,0.02184397168457508,0.8664290904998779,0.04800156131386757,1.22115957736969,1024,512,0.02184397168457508,0.8664290904998779,all_rows,512,0,0.006205178797245026,0.13488923080731183,-0.0327908555365866,0.37520968094468116,0.31334909301949665,824dc768ebb08641e562761a92fef9cc:0:0,6ae1857e44b9fc853fe6d1439b072776:0:0,79c0ad8a13e8bab43ddcd3decd1b5ab0:0:0,821ae3bc6cbe46a74bf8a51d02e12088:0:1851745839,f6115cda409bf802311ac80744b2a79f:0:945596136
691,B,291,-0.021792087703943253,0.8706780076026917,-0.046695414930582047,1.227831244468689,1024,512,-0.021792087703943253,0.8706780076026917,all_rows,512,0,0.002066274406388402,0.11743339053355158,0.03619665695587173,0.3788974739611149,0.32311365799978375,60a4a49d323771516590586430baf1cc:0:0,7eef08a5df7e24a66b260d4e4a4183fb:0:0,e41df360ab9f8cca55b003107e53509a:0:0,e9ac609350d391f3b64dc302aad1a588:0:4167623806,25cfab1cf2d5395082ea2c03806bf165:0:450073283
692,B,292,-0.05338939651846886,0.8318424224853516,-0.10462803393602371,1.1709314584732056,1024,512,-0.05338939651846886,0.8318424224853516,all_rows,512,0,0.0023334803991019726,0.07577041385229677,0.06682900593150407,0.34539624080061915,0.3159206110285595,3b1729d1b65abec35a3bec0a5f76e9cc:0:0,69180378dcbb3708a4c3559629d797f4:0:0,0e94f65220acbee2da0ef45d855f316b:0:0,9393f792e642773dbb2e7d29676e2a88:0:3088238043,ce79589adc5b3ed8c99a1b06ce7e315a:1:1752400452
693,B,293,0.07060607522726059,0.846832275390625,0.1393537074327469,1.1900484561920166,1024,512,0.07060607522726059,0.846832275390625,all_rows,512,0,0.002712627872824669,0.055829389160498975,-0.08075691426638514,0.3573125287890434,0.3112537609995343,828a1bdd9dfe849c9356fced1f32e1cc:0:0,ff04a51432c2b937871951f473c44a78:0:0,c024327a6c364d2151a783dddba0f86c:0:0,252b49b0a99d9de7daf2183388b6af88:0:939519144,81d6441068860619b5bf85cc3681f651:0:1577578568
694,B,294,-0.08256576955318451,0.8492938280105591,-0.16256780922412872,1.1924480199813843,1024,512,-0.08256576955318451,0.8492938280105591,all_rows,512,0,0.0002411488676443696,0.05981365329353139,0.09963171771378257,0.3587362729012966,0.29980594996595755,19f7fa9e8b2906783f9756ec6feed9cc:0:0,b653afc2c10f7b85ad143ea58dfb67cf:0:0,d37eb05b823d80c0084fc00ff892cf0b:0:0,82da7eba314a763f04f43b835eab3488:0:1877033655,88bbf0e54dd7a041e36c7c82ad659b7c:0:4163669711
695,B,295,0.028722666203975677,0.8424419164657593,0.07134011387825012,1.1866518259048462,1024,512,0.028722666203975677,0.8424419164657593,all_rows,512,0,0.0005632640095427632,0.02121738976566121,-0.050426865865301804,0.3542706660926342,0.19092819502111524,7edd6c800bfbc6276c76c5e851aad1cc:0:0,5ec703e6e71fb97a3024e9edd7c4a9f2:0:0,de27ec45b3e559be60b84ed2c28f06bf:0:0,2ab409bfb1e648ec8f59f13b394bb988:0:1495890814,aae2c5c1252fe5e12faaf4e69d167429:0:1240338020
696,B,296,0.016534004360437393,0.8661102652549744,0.022685471922159195,1.2215805053710938,1024,512,0.016534004360437393,0.8661102652549744,all_rows,512,0,0.010574997402727604,0.07768909957958385,-0.005005766986869276,0.3752033367753029,0.1957221810007468,b7d97d3e8019a450863315c0c466c9cc:0:0,031e99069df82c2e2aa34861bdb11513:0:0,c09e716220a3fbe2b38e1aeee18618ee:0:0,9f9310142b29ab8fdad6a63d68983e88:0:1384604458,f5ad4619fc1eb0f553181be2aaaa3c1b:1:900394970
697,B,297,-0.039571236819028854,0.8319422602653503,-0.07217507064342499,1.172014594078064,1024,512,-0.039571236819028854,0.8319422602653503,all_rows,512,0,0.00039381906390190125,0.08677679396932944,0.045591180888732194,0.3457735501229763,0.23360223998315632,aa132dc5b17a110ed7ce1255c822c1cc:0:0,3eb6e30620c60767d7ab3dba2b453b3f:0:0,d9aa20fe70b9eb300c124fc4d28b312a:0:0,778a4f9ef041f0cfa2712a2c3c90c388:0:1720293950,f6b9b4540da974541679d28d6e076c63:1:100873931
698,B,298,0.005455016624182463,0.8698457479476929,0.01407505851238966,1.2267383337020874,1024,512,0.005455016624182463,0.8698457479476929,all_rows,512,0,0.004273755010217428,0.035113506182096896,-0.008591683569829912,0.3784278824925423,0.30653867695946246,04bc4f4b5ea94c920b0d87875cdeb9cc:0:0,9bbde8568b762c99ed01f5e270e55454:0:0,d028e95cc4277cff41af160268032676:0:0,449721069a2aea32f748af6a05354888:0:3512556015,e62cbc13ae03832b3e393dd46bc0d721:0:180413410
699,B,299,-0.0170211810618639,0.8613003492355347,-0.027430376037955284,1.2148388624191284,1024,512,-0.0170211810618639,0.8613003492355347,all_rows,512,0,5.7871220633387566e-06,0.021512928465381265,0.013160536042414605,0.3710016004741192,0.28074284899048507,58c82005f475b7bda87b4135829ab1cc:0:0,db023eef6bfb934656aa8bbf0aaa836b:0:0,91576d44647020cc2645543942110a6e:0:0,7b447d58d3261211e859cb191285cd88:0:110067302,73f6e38855f3a1f70484fa7cbca3ebf3:0:2500108359
700,B,300,0.019408036023378372,0.8617274165153503,0.05946020036935806,1.214384913444519,1024,512,0.019408036023378372,0.8617274165153503,all_rows,512,0,0.0008776633767411113,0.09278194430517032,-0.050904153159353885,0.370793217420578,0.3078391799936071,31a29c1fb50a34c897650b403956a9cc:0:0,be7f52497f0adde023d9dd76ae3f8874:0:0,36d5ca90d688cfbfa297d4052926ca92:0:0,4f2cbfe8cffef3edd643751bb4825288:0:2485957421,4be2770f552248a86fd9d1fbb11593cb:1:4141402382
701,B,301,-0.06984846293926239,0.8424099087715149,-0.14581477642059326,1.1828171014785767,1024,512,-0.06984846293926239,0.8424099087715149,all_rows,512,0,0.0009138683089986444,0.06986629791790619,0.08889096159837209,0.35295729264616965,0.3081071689957753,1a63f1c68a7597dc9ddcb1878112a1cc:0:0,494b86bfcf82ebbd19ff31a41f2ba2f8:0:0,683ba555dcdc2347a8eec3008bc4bff5:0:0,17987edbb65f6981730c08143b2ad788:0:1260692406,50b579945ea5284963c528a602c28d54:0:2052182839
702,B,302,0.06800178438425064,0.849962055683136,0.13979464769363403,1.1941967010498047,1024,512,0.06800178438425064,0.849962055683136,all_rows,512,0,0.0011983392760157585,0.06693533326033503,-0.08742135552456602,0.35964450165629386,0.2344055159483105,69a20378c29f27b5e0b7ffeb59ce99cc:0:0,bd99fdc0b51cf1a209e4132052d3e7d9:0:0,f247e8a120ff3aa846fe0f2740c96417:0:0,0fa1e1ea9f0902d86de64164f67f5c88:0:206107665,aeebd8eecb0505db8b4a19a0711bc3d3:1:701973464
703,B,303,-0.033421196043491364,0.8219555020332336,-0.06922755390405655,1.1575921773910522,1024,512,-0.033421196043491364,0.8219555020332336,all_rows,512,0,0.008535035885870457,0.07319109824020416,0.03793490929529071,0.3373951859772205,0.19127248402219266,74a05feef2a82e426390c24bc38a91cc:0:0,313474a2dfadd8c0dfe03677a786fc6d:0:0,9556be08acf29205f8612664d1f433c8:0:0,d31d41f1575bafbecaf64130367fe188:0:2953582098,da656a5799de3b8a2f5fc182788d1085:0:3937359749
704,B,304,-0.010400828905403614,0.8659594655036926,-0.028996465727686882,1.2209912538528442,1024,512,-0.010400828905403614,0.8659594655036926,all_rows,512,0,0.012732869014143944,0.11672298139892519,0.014115707646124066,0.3750496432185173,0.19130184996174648,693593433fba994188c4c488be4689cc:0:0,e0ed89813d10c1a513b292dff7a65d77:0:0,f482b3446ff4008d3e21c6912a6092de:0:0,01b2cf9b7f2480d7e7168a584b2c6688:0:3869525443,5ce1be936f8b2f7804aa2fde2dfb95c8:0:3782566064
705,B,305,-0.0009943214245140553,0.8225843906402588,-0.0034611914306879044,1.159470558166504,1024,512,-0.0009943214245140553,0.8225843906402588,all_rows,512,0,0.002233903855085373,0.13535807469161226,0.012017142272088676,0.338409598916769,0.19331535999663174,844b31364b44aae39175d2824a0281cc:0:0,48736448065188ead873add1b036f030:0:0,ea6a2339a1d7a107d48b2182832d630f:0:0,6c3d0e931e4216ad279d027f8484eb88:0:1491051689,f033e941077e6330680d20ccbf98ab99:0:2213320923
706,B,306,0.021540731191635132,0.8480038046836853,0.043598778545856476,1.195520043373108,1024,512,0.021540731191635132,0.8480038046836853,all_rows,512,0,0.0040113902650773525,0.10895790427457541,-0.027745883166790008,0.3595103666186333,0.20151046296814457,a96474b200a1ba691d89b81866be79cc:0:0,ed88bd97ae74abf6894bf132609b61e1:0:0,8a4d1d2cd2e5424c39897145867db12c:0:0,a31af7a8513f1504561ff20832897088:0:2690889317,1f7353d777b5a6850cf465cdcf33b2da:1:3190230636
707,B,307,-0.007552538998425007,0.8462539911270142,-0.019865145906805992,1.193216323852539,1024,512,-0.007552538998425007,0.8462539911270142,all_rows,512,0,0.00857461430132389,0.08456378818955272,0.013575355819193646,0.35817036479711534,0.19391118502244353,8615ccea823004c2abaa412b147a71cc:0:0,7fcf2febc08ccb4f762b2f50f4425b84:0:0,61d88c25f005bb8cd9dd4f31922cbbb0:0:0,fc32ba2d3495b0cda83b0414a539f588:0:2819849331,119b46121e83383a963d5131cc53c7f0:1:2826592626
708,B,308,-0.020349618047475815,0.8397165536880493,-0.039950430393218994,1.1837310791015625,1024,512,-0.020349618047475815,0.8397165536880493,all_rows,512,0,0.00493386248126626,0.030582779704127462,0.02125568028714042,0.35249574333429334,0.194953071011696,6ace2cbd73d38d301945399a533669cc:0:0,9af610e2ad4183025eeb6f44f4f59cf3:0:0,07bf6aac3b2216e7f4bc9485fab89307:0:0,1d2dd5dfc3e22ef9735446872c967a88:0:3806130982,f1673e250681f48d9aa7fe6e137f943d:0:3154904241
709,B,309,0.03460497036576271,0.8633529543876648,0.07254058867692947,1.2165898084640503,1024,512,0.03460497036576271,0.8633529543876648,all_rows,512,0,0.003275550901889801,0.06028024163097143,-0.03872800949029624,0.3722325265407562,0.19348400097806007,d8c16d2fe0e60de0228c6d4622f261cc:0:0,cc5ce92ba821ea232712afb6e203c497:0:0,b3dd4447ee7da5280e1002bef1ac0edd:0:0,ffd56de0f4dcea858c612a02189eff88:0:3882389445,03d623319de1ee2895e34d5f886a8258:0:2520084078
710,B,310,-0.03640556335449219,0.8851525783538818,-0.08409130573272705,1.2468478679656982,1024,512,-0.03640556335449219,0.8851525783538818,all_rows,512,0,0.005847042892128229,0.11357489263173193,0.04270434122881852,0.3910788156092167,0.2117100390023552,7329902afb93f88fe275a80e83ae59cc:0:0,bca6a8c87e4af955310cf341b00e7c77:0:0,de576fc0708bed5a55408fbb6e04e95b:0:0,99855d10ed87381253ab81e7b9538488:0:3713225458,28f8c5e53fb838ec0f3c03b1e4449bae:0:3498701105
711,B,311,0.0582912303507328,0.8725188374519348,0.12584421038627625,1.2266504764556885,1024,512,0.0582912303507328,0.8725188374519348,all_rows,512,0,0.0019120614742860198,0.047350549732800576,-0.07530985649791547,0.37917374074459076,0.29996901797130704,88732cd7f3a6872a52bab5d3756a51cc:0:0,62db8fe624586867b05a4d41bc8ac955:0:0,2d670266d4042c34e3cf50512446bf55:0:0,fc97275fd1893d4f6c96845a5eb40988:0:537085451,cdbc66c296a0de349895407dd8b52269:0:618129858
712,B,312,-0.052315011620521545,0.8431476950645447,-0.09549230337142944,1.187379240989685,1024,512,-0.052315011620521545,0.8431476950645447,all_rows,512,0,0.005411998368799686,0.06861024397658184,0.05490989211248234,0.35507094115018845,0.30149325099773705,c63fcb3b22badc67cbd96274f82649cc:0:0,0e44218eeb35510cd8e28f392f428b4c:0:0,b538614a5dc4ea7f7ff0902d03e133df:0:0,c25f1ce5445192902163ca3c58c08e88:0:3604552849,27589ae3a2621b89d2fdc975c4b1cbea:1:838521513
713,B,313,0.0447600856423378,0.872504711151123,0.07908504456281662,1.2298989295959473,1024,512,0.0447600856423378,0.872504711151123,all_rows,512,0,0.001084469142369926,0.07471375206951052,-0.03385980234015733,0.3803458847105503,0.30413455195957795,e17770eecbe6346d851379d30be241cc:0:0,479a2c60eff44d986c8d5e3458a53550:0:0,5aa166152ff6b9fa30ad36bb14b116b0:0:0,fd5bed8a641a44d772f84f2ff7791388:0:524764491,85af9d96e118ab6eac619d15b97f3a9a:0:2889074938
714,B,314,-0.020964110270142555,0.8630630373954773,-0.04804012551903725,1.216658115386963,1024,512,-0.020964110270142555,0.8630630373954773,all_rows,512,0,0.0007049320265650749,0.0200454861856997,0.03405995593930129,0.3722182162106037,0.3049594620242715,09e91d1dacc7256d146ec7cdb09e39cc:0:0,3e44cd67d0e1416281bd69e93f0545db:0:0,89c6595311d7d1cc37337c90eeed7570:0:0,3053e16ead898eabd4a171978add9888:0:1648250665,58ef9ef714fbb30e69810e74e4f63267:0:906339525
715,B,315,0.050497785210609436,0.8509556651115417,0.09069832414388657,1.1987537145614624,1024,512,0.050497785210609436,0.8509556651115417,all_rows,512,0,0.013129903003573418,0.15064358310773968,-0.04198017845337745,0.3617294982075691,0.3056502850377001,e7386e1d9e03f043eeb51844e65a31cc:0:0,b740beb342fa8998cf22f7d7210d997c:0:0,2da7439343eab89ed4e9f44024303505:0:0,091d959be8375e0293d9f29562ee1d88:0:2796624323,6fb2eeea1f6601c63b5170a1950e3352:0:1292259978
716,B,316,-0.03611946851015091,0.8850749135017395,-0.08029785752296448,1.2469083070755005,1024,512,-0.03611946851015091,0.8850749135017395,all_rows,512,0,0.015270214527845383,0.045742056285962465,0.05387490252032876,0.3911670707166195,0.20782575698103756,9b0d274a8135e11ae7743718ad1629cc:0:0,1c1022fdc0809a235130b5fc98404a80:0:0,f54df9ba68b90a2c6b48e39f7b7039a1:0:0,c65978c3f1f37d92ec0ef60bcfaaa288:0:3345227564,94254fa5eb9c2b6f832ab54191798631:1:601304426
717,B,317,0.06500090658664703,0.8842119574546814,0.1239185705780983,1.2443424463272095,1024,512,0.06500090658664703,0.8842119574546814,all_rows,512,0,0.014243246987462044,0.12949975457740948,-0.05713731812429614,0.39001783952116964,0.22942443803185597,daa7ca01ba41c005b0fdf02904d221cc:0:0,57a85107c783264a92e0f1addc11b839:0:0,4a3ed9542a6e4a503bb4cc09015b66ed:0:0,8b949b50f93af7e0c665029d21132788:0:1980396570,8135f686ac45b681c050298efed45660:1:1385292001
718,B,318,-0.06919863820075989,0.8562873601913452,-0.1425343155860901,1.203233003616333,1024,512,-0.06919863820075989,0.8562873601913452,all_rows,512,0,0.0002946666209027171,0.04937586185988039,0.08658889194775839,0.36495367884635926,0.2951675929944031,a024f0de721d51a25c680f55ed8e19cc:0:0,c46aacd00056f65eeef7ec34f1d80184:0:0,3f10dd7384e6d8b36cfde285c5c37a3d:0:0,f29e53b176de0a4f257d01aba727ac88:0:2117411245,1975e8a805d8bb9015203c2f5ec57e26:0:3627112274
719,B,319,0.015179065056145191,0.8450601100921631,0.04037458822131157,1.1911863088607788,1024,512,0.015179065056145191,0.8450601100921631,all_rows,512,0,0.0062256380915641785,0.019254365167580546,-0.028598239301936702,0.35697087123990057,0.2972621599910781,39d79896e101e7b8d98c607f674a11cc:0:0,8af12a87f9703afa89e3bb09a024fe45:0:0,d26023a9fc4a0391337e933c630aaeb2:0:0,4fc4a628fb6abe8a3d393f59b1e83188:0:1373654623,f92b1a53a6931c8eb036c5ae304bf655:0:611811318
720,B,320,-0.009143488481640816,0.8246173858642578,-0.009491320699453354,1.162299633026123,1024,512,-0.009143488481640816,0.8246173858642578,all_rows,512,0,0.00010949873831123114,0.0616695242933929,-0.003632957476656884,0.34006492421031,0.2919341480010189,9c38fe1ade0c01da7708af85720609cc:0:0,c8306cfa11787838383981881d756bcc:0:0,56446bcfa9d4dc14f6f8485b4fbcab5c:0:0,81758939ae83009936826a899154b688:0:1071101457,050d82f5522974e96d42c093327189e5:1:875012403
721,B,321,0.02044789120554924,0.8154691457748413,0.03708313778042793,1.1493124961853027,1024,512,0.02044789120554924,0.8154691457748413,all_rows,512,0,0.0003846109611913562,0.021518245257902892,-0.021055611153133213,0.3325176350772381,0.2827111469814554,d0fb35d3f247fe01623ec8480dc201cc:0:0,2a294b65d30ab23c645649aae258a856:0:0,24c7d632a367c6b16cedd11b43dc0e9d:0:0,593d8f9c2cd7c7e79f0c94dd956d3b88:0:3958488856,2c8fd130f2d13e465a0fcda4259d8c34:1:1313787907
722,B,322,-0.018896296620368958,0.8715607523918152,-0.032039135694503784,1.229480266571045,1024,512,-0.018896296620368958,0.8715607523918152,all_rows,512,0,0.003424454480409622,0.017641556821763514,0.015886362253513652,0.3798954807221889,0.22087159694638103,2bd21c272d2bd930275476a73a7df9cc:0:0,47211d169465f986c175f633505c8692:0:0,646892c541c6b2663469d7bca56f5a0b:0:0,846211604515a996851c32b80e31c088:0:630338703,f3ea8d088d13b2727659865d4daec606:1:1529918812
723,B,323,-0.01518249325454235,0.8468879461288452,-0.015767574310302734,1.1942112445831299,1024,512,-0.01518249325454235,0.8468879461288452,all_rows,512,0,0.0035785469226539135,0.029994627542328088,0.003370557530433871,0.35875913724303243,0.20016392599791288,9384bb98f87e001131338682f839f1cc:0:0,f8f632a0409d896447e96779e459e976:0:0,d36e7d39c6e8fc023bc59af780f2d38c:0:0,218ac9e4eca1ea653f4b1b3b4ba24588:0:3978215890,c80186b1c90a9717dc500b3df6e4e8be:1:1667436539
724,B,324,0.058336470276117325,0.874666154384613,0.10649468004703522,1.2318987846374512,1024,512,0.058336470276117325,0.874666154384613,all_rows,512,0,0.0006498978473246098,0.020032547879964113,-0.055537112208548935,0.3821245841681957,0.1949434530106373,abcfc13329a92f964989c3bb46f5e9cc:0:0,ff909a96c503f83642fcf16445f2c465:0:0,ea14db1c86365fa6221f31b70d0cfc68:0:0,72048284a299e681e04d88499dbeca88:0:4067606681,8e9ffdf22f55e1b6e227397108dfed79:0:1693532569
725,B,325,0.009863696061074734,0.8512396812438965,0.014148487709462643,1.2006659507751465,1024,512,0.009863696061074734,0.8512396812438965,all_rows,512,0,0.02161203697323799,0.050927019049413505,-0.005082736920485331,0.3623846359550953,0.22144161403412,0290140d8e7d659818c8fa3026b1e1cc:0:0,7f2bc8b445202e04e061483fb8d6cef1:0:0,415cf3d788ce45bbaf03c61f9a7b947b:0:0,5c9594c95a19659156b7168554874f88:0:1012150804,439598f64869d8bc54e7167a7ac03230:1:3935049586
726,B,326,-0.04090571776032448,0.8311238288879395,-0.07982540875673294,1.1709007024765015,1024,512,-0.04090571776032448,0.8311238288879395,all_rows,512,0,0.010310371406376362,0.07652317222673446,0.04024424731032923,0.3450166516005993,0.2263911009649746,90932119335de175a626f5c1976dd9cc:0:0,d82d1f5e541834753745917695f9c5ef:0:0,2ad9792ab521fa2d091f635169c41a30:0:0,1669ed63ec5f313f38bfc550bffbd488:0:3111563585,e657055c9a6e05599ce00a30e07a43ab:0:1535620669
727,B,327,0.03666238859295845,0.876756489276886,0.06434650719165802,1.2366456985473633,1024,512,0.03666238859295845,0.876756489276886,all_rows,512,0,0.005393820349127054,0.07624659832799807,-0.035003643974778245,0.3842971481382847,0.20198418101062998,e448e88ea0dc34b3d79d824f9929d1cc:0:0,92992d0037cc598164befebd6de0ce14:0:0,ad510cef7fc36920efd81eb4b0834935:0:0,94152daafffa04a53c08f6ce301c5988:0:645870313,eface8ace9f2309f2840fc06a9be9e1f:0:4253193544
728,B,328,-0.005238590762019157,0.8678640127182007,-0.00957547128200531,1.2242971658706665,1024,512,-0.005238590762019157,0.8678640127182007,all_rows,512,0,0.013147729448974133,0.058402482501696794,0.0015141661162488163,0.37669880464673045,0.255004306032788,2a6a569f4ec0639cf1ea6bba2be5c9cc:0:0,c6bc8759068d2241b0bfa9455d5d22f0:0:0,fed13fd44e3874d9ed5c58aa2c98b2b4:0:0,82a74eb843baaada59626fdff4e8de88:0:3075634258,2b511e51c2480607a405ccff656efcf1:1:3181630772
729,B,329,0.01869010366499424,0.8498490452766418,0.026306364685297012,1.198753833770752,1024,512,0.01869010366499424,0.8498490452766418,all_rows,512,0,0.01708618551492691,0.09005387428915128,-0.016798397165257484,0.36123019084334373,0.30350968200946227,fe74ed4a8a7e15e0188f7de14fa1c1cc:0:0,b85f0885dac8966cc6b5ca1005cccf08:0:0,4aaf8f0726370f762eb9ec08f79dbbb8:0:0,2575ca04d2bae2f99c8f58285e616388:0:3101490505,b4e1c15215263c242667ebd41c298f9c:1:1412450429
730,B,330,0.024370672181248665,0.8607697486877441,0.054246775805950165,1.2130038738250732,1024,512,0.024370672181248665,0.8607697486877441,all_rows,512,0,0.0005256010917946696,0.05033351005986333,-0.033635969238821416,0.370226538926363,0.3015787019976415,7aa341760f16d730cdd284a5045db9cc:0:0,d9ae9fc978f161a681d675d93a429572:0:0,740d987550509572fede5693504c0f71:0:0,8df62252925b5ff0a00b3a09bc85e888:0:1708906223,eea7be35f78da3a0427438a860b7841c:0:2591085490
731,B,331,-0.025881845504045486,0.8742367625236511,-0.054730553179979324,1.2328059673309326,1024,512,-0.025881845504045486,0.8742367625236511,all_rows,512,0,0.0016254936344921589,0.034180188330356034,0.03480640646303072,0.3820009872317314,0.2932336140074767,64c849aa8c6967e672bd4be54a19b1cc:0:0,37abe24729707655fa278a282800b0e9:0:0,92d3f97de9e9a1cd9368c8bc219be172:0:0,474e5f6c5badfa65b4cf02a65f566d88:0:3421960640,f6097924f6a87d06cd5139d815adc32e:0:3670149095
732,B,332,-0.00734336394816637,0.8442039489746094,-0.006381884217262268,1.1903965473175049,1024,512,-0.00734336394816637,0.8442039489746094,all_rows,512,0,0.0024056262336671352,0.15406078939558937,-0.005277765574282967,0.3564090870320797,0.30357509496388957,9329f9145bee1d9bc71d9f8220d5a9cc:0:0,9ca732583811618bd3f02d7902131a90:0:0,82f3c6b170731a41c9f8c98d55df6c9d:0:0,a356a27dc753eb05b61601e096d2f288:0:2639364377,bc167d33f1b9b7e430ac1adf17bf61bf:0:3487157261
733,B,333,-0.049760155379772186,0.8277567625045776,-0.12257429957389832,1.161874532699585,1024,512,-0.049760155379772186,0.8277567625045776,all_rows,512,0,2.605002373456955e-05,0.0634899596683681,0.0882349724375672,0.3406366690993309,0.31321104196831584,ba261da8a0e053ce69854b5b8891a1cc:0:0,b545754b364f99b3f048c587f3292d89:0:0,6ee8f96fa9421707adc94ed525894fa4:0:0,d678b2217d6aa3898922ea5ab2fb7788:0:3536051836,12c07c196c59406d7e9046ecd350857b:1:1724187567
734,B,334,0.029663000255823135,0.8664044141769409,0.0713237076997757,1.2211148738861084,1024,512,0.029663000255823135,0.8664044141769409,all_rows,512,0,0.00043429015204310417,0.027724917326122523,-0.047885414236225186,0.3746844470500946,0.30348456697538495,c112f48f11d4ec7e574a1b51814d99cc:0:0,20fe87fdd45fea55f02adc8b5c400aa1:0:0,ad5ec187000ee1ee5d3c0d9ea8a899c2:0:0,d13dd775fab49cc34904d17703cffc88:0:2422222743,15ca6630128d8927806ca8d1313b692a:0:1823290999
735,B,335,-0.02612917870283127,0.8124035000801086,-0.07363776862621307,1.1432549953460693,1024,512,-0.02612917870283127,0.8124035000801086,all_rows,512,0,5.053833592683077e-05,0.07463466136250645,0.05458114924840629,0.3292660258710384,0.35086563701042905,826b6430a9bde0cd6c85db440b0991cc:0:0,183c3742defa3560ee5ba4df9e9e1542:0:0,835cdd6cb0e2e2b48e69047b3a2df9b3:0:0,3c918b38d0be30031e5c2f57d9508188:0:1662403995,da76f48febd74ba16d6a9d35682ac874:1:1906764303
736,B,336,0.03419460356235504,0.8211193084716797,0.06785622984170914,1.1563493013381958,1024,512,0.03419460356235504,0.8211193084716797,all_rows,512,0,0.0020495252683758736,0.09319325131364167,-0.043053146841702986,0.3368309043347836,0.304623544041533,78ed478b7e5ae19ee416571325c589cc:0:0,6ff8d2d6a668263670254a863afd96a3:0:0,13a98102ac5a194654193a8cdd738170:0:0,fbb37dc380515223c31fdedf837d0688:0:3803352176,892a26673dcc06495431640fc51ef362:0:1043643722
737,B,337,-0.011388801038265228,0.8555646538734436,-0.01127895712852478,1.2066054344177246,1024,512,-0.011388801038265228,0.8555646538734436,all_rows,512,0,6.689631845802069e-05,0.07583011640235782,-0.00477026158478111,0.36620887741446495,0.2511367509723641,50deb2abfa170836d79d5a9ed18181cc:0:0,59b01043bdd1a7302ccce0549fca537b:0:0,556fca489eb23879cd6bf103a58206c1:0:0,91fb01772c1dc68eb2621db052558b88:0:2011464912,20bb61840904b99886be2463757893e2:1:2057700677
738,B,338,0.05389022082090378,0.848248302936554,0.09916432946920395,1.1945717334747314,1024,512,0.05389022082090378,0.848248302936554,all_rows,512,0,1.4721648767590523e-05,0.08988753317389638,-0.049682821688475085,0.3594298683106899,0.28429957502521574,a235946bb75396d9bf80b1c70e3d79cc:0:0,3589b33850a214db4da672fdc6a2f535:0:0,1a71bd37d1a6394df7b73cfc85aaaf6e:0:0,9da8a759850e208804158c2c95da1088:0:3928074336,7aee4ed44b57b63924768825141d93b2:1:2099811885
739,B,339,-0.04292260855436325,0.8405638933181763,-0.08787351101636887,1.1838592290878296,1024,512,-0.04292260855436325,0.8405638933181763,all_rows,512,0,5.704851355403662e-05,0.013278207858093083,0.05302311848063255,0.3526637859642506,0.30796868196921423,3ddb95d63b1fc96bf2ea286bdbf971cc:0:0,190571fca3cfd2c5500d5c02aa520885:0:0,c71fdc6849b674f5058b62276dcf387c:0:0,46db1c097a54a911f4d22d769e0a9588:0:508352772,cedb20616f5b89a913ac96fad5854a8d:0:4141053787
740,B,340,0.011901987716555595,0.8462371826171875,0.01756204105913639,1.1928887367248535,1024,512,0.011901987716555595,0.8462371826171875,all_rows,512,0,0.0010032897116616368,0.10109680453315377,-0.003332192898596986,0.358150664716959,0.31160140701103956,75be93d3cd5db61127c78a6d3ab569cc:0:0,d969c93812e69670bc522a80c0a56ed7:0:0,3d8ae727773be917b408d4c1669d2547:0:0,f7e6827164cdffb8199a6770bae71a88:0:1944528910,1f3ef8d75bdec9ce562bbeb70abe1cb5:0:4136774284
741,B,341,0.012920891866087914,0.8302580118179321,0.03275677561759949,1.1701406240463257,1024,512,0.012920891866087914,0.8302580118179321,all_rows,512,0,0.007494350895285606,0.03794947998831048,-0.021561932552140207,0.3446264937520027,0.3167689149850048,9ccc8bfaac543dcbf2caa3ab2a7161cc:0:0,23afc488f6c0d7bd3ecc0c8ddd81531c:0:0,540c5a2ab3dcf408b62b77c8d957f5ec:0:0,8de8746297ea0c923fa002bd3c6f9f88:0:4117803619,34b7db1e5c17128705115ebb43211bcc:0:1247382836
742,B,342,-0.02134759910404682,0.8143565654754639,-0.0406394898891449,1.1475809812545776,1024,512,-0.02134759910404682,0.8143565654754639,all_rows,512,0,6.538582965731621e-06,0.046505754441022874,0.02408194491144968,0.3315496318042278,0.2897300179465674,a96051a6d9ae0d1d47694005ab2d59cc:0:0,80103aa5db2c93fd6011563848cda456:0:0,0b0c61dea7f79f798386772097f49ab5:0:0,78e7923f79de99cef8092abe72a42488:0:770372890,d66b4f9f43d67a193dc15adc7156580c:0:1353324948
743,B,343,0.015502532944083214,0.8267892599105835,0.03200047090649605,1.1656675338745117,1024,512,0.015502532944083214,0.8267892599105835,all_rows,512,0,5.641556344926357e-05,0.05886402575997636,-0.017010523444332647,0.34188711568713187,0.22760651801945642,6a02dcb8bee5aca3f7dd2b5cbce951cc:0:0,84637038e017633d8e6ae4f8c4a64491:0:0,07153907a67a4da94fcfc369cb4b5a0c:0:0,388f8cb18179ab15cfb56d96ad84a988:0:175627499,55caa33b1951f5ae68c7159a4ee7c4aa:0:2978488808
744,B,344,0.007933562621474266,0.8552439212799072,0.013968816958367825,1.2060569524765015,1024,512,0.007933562621474266,0.8552439212799072,all_rows,512,0,0.007676791865378618,0.03930112406378612,-0.006662894069449976,0.3658266469836235,0.2632006889907643,19bb7f9ae71ea1bc352431905fa549cc:0:0,a786b404786bc6a2c4a5673e66a70233:0:0,653591d54250d2dc666d52b6a06d7249:0:0,79e790cbb97c69113302bc283d112e88:0:297082469,b8c2dccbba0113b3a72495ab6630c5fe:1:629371079
745,B,345,-0.004716961644589901,0.8399549126625061,-0.030635332688689232,1.1838570833206177,1024,512,-0.004716961644589901,0.8399549126625061,all_rows,512,0,0.002202992793172598,0.09671631037490443,0.025565673760138453,0.35266381204128266,0.26145026402082294,5677ce6f0c6b9f1f0f001e80936141cc:0:0,c1fc8d8f63845282fc574a2dd9328531:0:0,f21201260a79710509d85c62d827afeb:0:0,c0010294affa376ffd926a157149b388:0:1753341619,f3db456b7e412a241fec857a2da393ae:0:3279683861
746,B,346,0.018090762197971344,0.8603518009185791,0.04135288670659065,1.2133464813232422,1024,512,0.018090762197971344,0.8603518009185791,all_rows,512,0,0.00012071093078702688,0.11628525389824063,-0.019829183457477483,0.3699603989720345,0.29849011602345854,895a7d82b681c581f3f6be0d581d39cc:0:0,2733fce0124149fc9848beb3132d83fd:0:0,c9431023113f5f4a421ae529cc812c56:0:0,5da1d67003ca4baeb60e2dc09a2e3888:0:3370536407,30e67a122f7d50353b8a79d7b3bcf53c:1:1351661248
747,B,347,-0.04715050384402275,0.8105922341346741,-0.0867704451084137,1.1409802436828613,1024,512,-0.04715050384402275,0.8105922341346741,all_rows,512,0,0.003962978720664978,0.17581338703166693,0.048682290408760306,0.32824643328785896,0.3197394420276396,b5fef96ba8d8f4363151dc16add931cc:0:0,912ffbe2bac8ead26e71f2e6e666f5a2:0:0,0f75a0b4a51e67bc8fbd3ef4139e644e:0:0,3e7549ec12acdaf875ed204c07bebd88:0:3470825264,c0e0fccdf2cb72730ce5cca947eb021b:0:811906336
748,B,348,0.043623559176921844,0.8459451198577881,0.0951014906167984,1.1908572912216187,1024,512,0.043623559176921844,0.8459451198577881,all_rows,512,0,0.0015565960202366114,0.06007077054819092,-0.06442717590834945,0.35695482715964316,0.31675066897878423,62f5f76c5e3929c8731f447c949529cc:0:0,4e7db9380812595e58ba0b98abb7e0b1:0:0,4c713b6dfc4854cb3419b07178fa2a72:0:0,3a3e32bfa057b56f7d38bd9a09fb4288:0:3751615514,b9ccbacb50d22c961199cac85de2b137:0:3222025410
749,B,349,-0.000509874545969069,0.8180850744247437,-0.021421493962407112,1.1529310941696167,1024,512,-0.000509874545969069,0.8180850744247437,all_rows,512,0,0.0010043535148724914,0.04828838041285053,0.026185636836453342,0.3345229387283325,0.31989484798396006,e2edb900cfb4f4a04430c31f0c5121cc:0:0,ae275966d14a341c070477b774a2fde6:0:0,75506b01af9208c16b1d9ff6441cb19d:0:0,d650e1f1a930e52d7251e44cf0e3c788:0:137226958,31619790376e21b1293c7b5d9d3df37b:0:748783070
750,B,350,-0.055078402161598206,0.8335559368133545,-0.10247945040464401,1.173595905303955,1024,512,-0.055078402161598206,0.8335559368133545,all_rows,512,0,0.001495523378252983,0.13455133899115027,0.06464978181757033,0.34688877910375593,0.3257066810037941,b31f39b3c510f39f8e1c23de150d19cc:0:0,62b075ecd5460cd983b36fa87fdd59e1:0:0,9078b28d1830b83d1d79187f7ade95ce:0:0,61fb4be6f310a74b4db5d5c70c784c88:0:1760281388,2950e330251929cbac842cfcc7a253cf:0:2166453555
751,B,351,0.014581508934497833,0.8341374397277832,0.042961232364177704,1.1754651069641113,1024,512,0.014581508934497833,0.8341374397277832,all_rows,512,0,0.001601140247657895,0.0313428639434278,-0.03421091322088614,0.34773989468812944,0.30950893502449617,e8b7fa9cec9866c2193b3299aec911cc:0:0,f57b9f5ab9f97b2046fbabd803a303a8:0:0,aae4aed9ecbef121207346c050cea2c6:0:0,7b3eaf1152f6d540f1c3362aacb8d188:0:4181201698,33b1cb5cc55e49d276c6ce2e2ed4e5f6:0:3259258736
752,B,352,0.04571646451950073,0.8303278088569641,0.07902735471725464,1.1700867414474487,1024,512,0.04571646451950073,0.8303278088569641,all_rows,512,0,2.0335428416728973e-06,0.01465816181153059,-0.038414367043878885,0.3445958077907562,0.3013425850076601,c40e9b27f85ecfbd0cabbb31d98509cc:0:0,37c619206d8ec2c9f7edfd5a1f568ed3:0:0,86c162a01f9586edb710776f2e56cb07:0:0,87e68ce8083294ec6e7f0c5a21a55688:0:348905778,851164f1ba054bad4728456accb0f7eb:0:3143294499
753,B,353,-0.019472915679216385,0.8689040541648865,-0.043803393840789795,1.2252869606018066,1024,512,-0.019472915679216385,0.8689040541648865,all_rows,512,0,0.006552855018526316,0.06976938140578567,0.02813519744831865,0.3774351514875889,0.292870168981608,757eeb04feeea29e6e4f8986954101cc:0:0,95a819973090b5f44cef6f841788a84d:0:0,c7c773a869d5dae1adbd19949cbcba4f:0:0,9fb7fe52fc0de590f159c1f7bb3ddb88:0:1250844796,2b5452c1ac953fa60518a9949b32beda:0:1594594110
754,B,354,0.019368544220924377,0.8503445982933044,0.04241298884153366,1.1985223293304443,1024,512,0.019368544220924377,0.8503445982933044,all_rows,512,0,0.003957396373152733,0.05373909728368744,-0.02390138474293053,0.3614629484713078,0.29758754203794524,ecd09d625d65066ca2cc6977e1fcf9cc:0:0,3bec726d9bb31db94c67c7662335099d:0:0,d8a65a9301e181c626ea5de786d60ee0:0:0,6c8f187828a1601d60f42365c9826088:0:610276001,594d233f3153cdcc664f44da4784a44c:1:1571160316
755,B,355,0.020927295088768005,0.8600202798843384,0.034493338316679,1.212964415550232,1024,512,0.020927295088768005,0.8600202798843384,all_rows,512,0,0.003963757306337357,0.056965064082760364,-0.012152143969433381,0.3698660880327225,0.3087209860095754,310a41d058faa5c5ed8c26e5bfb8f1cc:0:0,e657fd82e28117f622ad2594a32c174b:0:0,44137252fd7d82a8fc165e38d34e597c:0:0,9e35638ee207410aa4e45fc69c72e588:0:2432494409,659f264855364014bee9b32e5c505fae:0:3004161389
756,B,356,0.01700921729207039,0.8759422898292542,0.03468199074268341,1.2354573011398315,1024,512,0.01700921729207039,0.8759422898292542,all_rows,512,0,0.0012159086763858795,0.07656181673519313,-0.0175538974115625,0.3836429215967655,0.3074448570259847,3b88a36ebdf98f7ff0bc8db02e74e9cc:0:0,76d4b0b181a6363e1517ad12d7c7cc82:0:0,766178836fce15c9ed3d658970e9f5c6:0:0,c9c5cdac3ab79221997b08fc840f6a88:0:2975084462,ece61a03ac2125c3b97304862abe5109:0:2997080240
757,B,357,-0.0426638089120388,0.8386473655700684,-0.07328600436449051,1.1817564964294434,1024,512,-0.0426638089120388,0.8386473655700684,all_rows,512,0,0.0054639289155602455,0.03995993196731433,0.035316606878768655,0.3516111560165882,0.3064263580017723,a6212b44ba2027472d4f69b72e30e1cc:0:0,800e2add034f3a9970945d0303d030fe:0:0,17ced09ab7df6a7bec550c23a4c4e9ee:0:0,d153d2123e6a0a78af8813a9d057ef88:0:3155934947,34cfb01257aa549ca1416fba34206358:1:3190074486
758,B,358,-0.009159673005342484,0.862000584602356,0.001836877316236496,1.2156705856323242,1024,512,-0.009159673005342484,0.862000584602356,all_rows,512,0,0.00037411414086818695,0.02705187414539978,-0.011033118484192528,0.37157141640782354,0.2644080790341832,a8fc5ee33071263e82fa86dabeecd9cc:0:0,852c10b679c4c12559580b5907a4ab97:0:0,9a45bab05ecda0fd0ad00dbbac40ab5f:0:0,c652dd15466cfaf9381fd730d14c7488:0:2232601488,010d9dd71e9a4d4cc0f93cf220815f7e:0:3254034725
759,B,359,-0.009358926676213741,0.8356741070747375,-0.025309085845947266,1.1784003973007202,1024,512,-0.009358926676213741,0.8356741070747375,all_rows,512,0,4.443409852683544e-05,0.05017190418438986,0.02081802538014017,0.34923522248864175,0.2986490460461937,e9b410b1c470ab9eb037b0fae0a8d1cc:0:0,01d20217dd733ebdfe7aae7e63d5deb1:0:0,0f36af05f7f5d8dc3550afdbc74c82c1:0:0,8500afd336f35dbc5c600db3d6ecf988:0:1880085018,1fe62414c37ad5b9546a624dd35df299:1:1083644044
760,B,360,-0.03294353932142258,0.8465137481689453,-0.07455595582723618,1.1924264430999756,1024,512,-0.03294353932142258,0.8465137481689453,all_rows,512,0,0.006155357696115971,0.06542530481237918,0.05269848310854286,0.3578998036682606,0.327176014019642,7a175386dace5d55d244b3f79364c9cc:0:0,865b06a707fbff1017a6b674225d9337:0:0,905484711b70aa119fb286f0d9360be8:0:0,0fbc686c066ede8fc134d41531397e88:0:4191229839,7f3bc9ebcd2a2a897481b9345f480a3f:1:616841580
761,B,361,0.016995595768094063,0.8551735877990723,0.06090978905558586,1.2047545909881592,1024,512,0.016995595768094063,0.8551735877990723,all_rows,512,0,0.005239683203399181,0.08704365007579326,-0.05698142818291672,0.3649725832045078,0.3082818430266343,19c4bf6acd7c98a6e5235bb0d720c1cc:0:0,0973e7118579d6063d4f496732025e76:0:0,18175b4f0607a58950cdfdaf80e627cd:0:0,e228e5d5869d72f1d71da9f730320388:0:894182070,cda9c88155bce5edd04d807ee28a276c:1:2300573414
762,B,362,-0.010304241441190243,0.8405348658561707,-0.02224922925233841,1.1847779750823975,1024,512,-0.010304241441190243,0.8405348658561707,all_rows,512,0,0.007879476062953472,0.04113751895492897,0.01477295506047085,0.35330906584858895,0.3124041549745016,5a9211a69134b2c943997406abdcb9cc:0:0,23f32a2acbce6a2f94be9004bc5289a8:0:0,0fa86e826f7acdc96b5ccc97eaea0db8:0:0,9ff3dc720284d7d5d5f271bc23d68888:0:2621613246,8528ffb613cee0aada322bad4456573e:0:2882296778
763,B,363,-0.01568717136979103,0.8369474411010742,-0.027132993564009666,1.180206298828125,1024,512,-0.01568717136979103,0.8369474411010742,all_rows,512,0,0.0018819521646946669,0.07202437950763851,0.008089183818083257,0.3503250375390053,0.3030253060278483,ac76ae7e0a6849882730c8d91198b1cc:0:0,42700aab10aeb5abce1a518213e4ac44:0:0,47f2de3b804a1a0513480f0df1acb1b6:0:0,a6dcc4ede5290b7f64a870865c270d88:0:903644931,8535b7ceec70b5b2ce8ad0ee02ae54c3:1:2003792056
764,B,364,0.04751415550708771,0.8611183762550354,0.10038846731185913,1.2122385501861572,1024,512,0.04751415550708771,0.8611183762550354,all_rows,512,0,7.906695827841759e-06,0.12323996024206281,-0.05536835587117821,0.3698977202177048,0.3009825029876083,926507364f9fa3e2283726080854a9cc:0:0,3088de468281aa950d34b3621d1cf30f:0:0,7f815b009b768acf6e1e6ed293ce8a34:0:0,50abd440425d99c5ed174e3829239288:0:3769949147,c544bd5cd5f1eb41c8e81224c0d59866:0:1471941266
765,B,365,-0.022492893040180206,0.8737514019012451,-0.052413664758205414,1.2316889762878418,1024,512,-0.022492893040180206,0.8737514019012451,all_rows,512,0,0.003353433683514595,0.09025193651905283,0.04097040498854767,0.38151852041482925,0.305391583009623,562d6348174522a8bdbe57739010a1cc:0:0,d36a9f028c93dd6d2214280e838d89b4:0:0,9038e24cd832e37d0cb5c49958ddb6d6:0:0,3147aca8c5a4510f9bbe1573dacc1788:0:1752870811,11b2a0f4761599e331d3055ca2da64cc:1:4060486234
766,B,366,0.0011295899748802185,0.8640881776809692,0.005508532747626305,1.2183306217193604,1024,512,0.0011295899748802185,0.8640881776809692,all_rows,512,0,6.926781497895718e-05,0.043932647514157,-0.002795618504751474,0.3733725666999817,0.3113242670078762,7e2b07de8eddc11fbd9c28fba8cc99cc:0:0,365b62348c734d4f075031c4bfdeb237:0:0,4f102966525802726b947ff5b9c71336:0:0,22610ed73a9eb6540b88339bc1209c88:0:3693734205,41045880539f6c97b30c36180b62c563:0:2851402248
767,B,367,-0.0340975746512413,0.8507347702980042,-0.0613633394241333,1.1991567611694336,1024,512,-0.0340975746512413,0.8507347702980042,all_rows,512,0,0.0009234917815774679,0.03010147848399356,0.033693914685864,0.36187096536159513,0.31380264804465696,0c1b3502d9aea59cdc6a6680528891cc:0:0,d12c94c97d2bdf2a0d1bb266c7e40e0e:0:0,feaaf009c148ebee81417972936d055e:0:0,b9a96ab9972a4e769d9278d22c212188:0:1236200493,ab41562f93236c03446feeca5a4b1ec1:1:963795484
768,B,368,0.0076147206127643585,0.8361737132072449,-0.0008757151663303375,1.179060935974121,1024,512,0.0076147206127643585,0.8361737132072449,all_rows,512,0,0.0010783129837363958,0.08269140685442836,0.012316852767253295,0.34970486238598825,0.3093632679665461,2913ec1474cfc2272d86dbe18d4489cc:0:0,8ca6582c586be14da0c4e155f81325b2:0:0,f383e6f809feb91cff8deffb6a81008d:0:0,5071036928d293487cf017f96bcda688:0:4082893512,9987fa392ab738afc8e6e1e7653c5cc8:1:2034118033
769,B,369,-0.033241622149944305,0.8303684592247009,-0.07377582788467407,1.169295072555542,1024,512,-0.033241622149944305,0.8303684592247009,all_rows,512,0,0.00017212005332112312,0.1026967472396791,0.05322315553203225,0.3442851208150387,0.31504321203101426,571eef6ebeab8516a31354ff590081cc:0:0,260a696b223e90eaf43f05be53321781:0:0,2c6e2a4074cac8b0c060b2e17f4f5fac:0:0,7e9af40245d62a824e6fa6b3d0262b88:0:736100884,81c0165188d03bca58eb834482c0736e:0:168839332
770,B,370,0.11053206026554108,0.8593886494636536,0.215248703956604,1.2030367851257324,1024,512,0.11053206026554108,0.8593886494636536,all_rows,512,0,0.0004028165712952614,0.057024537620600314,-0.12044377618003636,0.36609232500195504,0.3109226969536394,8d83e75bdfeb99b38df59db9b5bc79cc:0:0,5fb8bdc7e26c011716a1ba86c02650a3:0:0,3635ef2c40be9f971675a5b0a9f3f10e:0:0,071a9e87a58fb5058c601d63a92ab088:0:3317514738,d173956f725d37a60e59c236998514d8:0:2775948989
771,B,371,-0.002049420028924942,0.8703107237815857,-0.017295025289058685,1.226935863494873,1024,512,-0.002049420028924942,0.8703107237815857,all_rows,512,0,0.009823228232562542,0.0784332966664806,0.020366297088912688,0.3788090482354164,0.30977407103637233,c94b14b553d2b8d61dd781f0a37871cc:0:0,1b7bd0a8f0b50e68f3efe48a7f354cb1:0:0,bbceb3a10541dc94a9f0b0b579d3940d:0:0,61bb14f74ca54cb58e55d72b46db3588:0:2121874927,ae3eb82008bdb99c8c258c527405ef4e:1:2387580682
772,B,372,-0.012233211658895016,0.8682253360748291,-0.04162321612238884,1.223988652229309,1024,512,-0.012233211658895016,0.8682253360748291,all_rows,512,0,0.011962812393903732,0.06337794095743447,0.037844965071417394,0.37677106708288194,0.3126699250424281,97f875d24e038985e126cd84223469cc:0:0,02df52dea521b3fa37c2509ae2a3d137:0:0,60f612eac226f3edbfc7d2d03257b8da:0:0,3fa45a16c6f487383cef91ecf937ba88:0:2069890711,3076cbbd3dff4f74fa833438c542c61e:0:2527899487
773,B,373,0.02588859386742115,0.866061806678772,0.04367706924676895,1.221171259880066,1024,512,0.02588859386742115,0.866061806678772,all_rows,512,0,0.0006528403609991074,0.02912196470424533,-0.019539190648356453,0.37506331875920296,0.32388886698754504,f6edbea43bb4919945154c5431f061cc:0:0,456c5e20cfa25bc88f8c4370f5822476:0:0,64892257fbfb08f7542f789a5a6eeb21:0:0,9654b5e33bc393ee719b6e4b10403f88:0:1096555875,21cdb163ba0e2830045387128f30aa04:1:874880566
774,B,374,-0.024942800402641296,0.8571234345436096,-0.04251311719417572,1.2079463005065918,1024,512,-0.024942800402641296,0.8571234345436096,all_rows,512,0,0.011352229863405228,0.05965292970649898,0.01704524293600116,0.36730772331357003,0.3049308389890939,8e4801219e5136551598ca40d2ac59cc:0:0,b05b20e016ace1ef67fb0535af24ef84:0:0,707a74ee030cdbe03e23e55a67146f18:0:0,a848e3abc052cb74025befa7dbf4c488:0:50784643,b1917006e9e8c29ce3ee125e2d0d2d47:0:629952094
775,B,375,-0.007341681979596615,0.8470672369003296,-0.01735282689332962,1.1946909427642822,1024,512,-0.007341681979596615,0.8470672369003296,all_rows,512,0,0.013125907629728317,0.05887981236446649,0.010851069894852117,0.35878644064068793,0.32211470598122105,d26c5f5f7d87cd0bfd6b132a046851cc:0:0,804647e2632658ac61cf7c729f2e1c49:0:0,be92e50f4e28578ca2c831532e623d8a:0:0,77120055297cc6f7798cfc25ac554988:0:692878328,5311edd9a8bf1d0807e588ba95bd491c:1:625034575
776,B,376,-0.058787476271390915,0.8673803806304932,-0.10563024878501892,1.22165846824646,1024,512,-0.058787476271390915,0.8673803806304932,all_rows,512,0,0.013551607728004456,0.11645013025263325,0.046081706933910026,0.3757142014801502,0.3184692590148188,f3cd9cf9aec4bbbe0609f2efc72449cc:0:0,35b6bc6616c4ad66c0261c71566295f6:0:0,da67d1880cc508217c3e6bf3a555162b:0:0,a1a390ca7ea5d5b979a8dca6d161ce88:0:1823458331,b221519101c6f32de6e42181c588c1ac:1:17581283
777,B,377,0.02543111890554428,0.8703983426094055,0.053773507475852966,1.227226972579956,1024,512,0.02543111890554428,0.8703983426094055,all_rows,512,0,0.0042593274265527725,0.06896026857430115,-0.027732715752790682,0.3786194957792759,0.3178926580003463,b8c2e1aa301aa9b817b735721ae041cc:0:0,206c199d4ae22307807f5f81f7e65475:0:0,6fabe9ef0f2f1d036fca69b2a13224aa:0:0,9548c5d816ce6703cd0d3ccd9b1a5388:0:2892931492,c00d29f49b53db9cae139378b957fb15:1:3129745924
778,B,378,0.026277577504515648,0.8603904247283936,0.058542460203170776,1.2121102809906006,1024,512,0.026277577504515648,0.8603904247283936,all_rows,512,0,0.006798312999308109,0.0180569565622136,-0.033518969791475686,0.3699083156883717,0.32347690500319004,698e7b2fd497c0337978a690ff9c39cc:0:0,aea0f87afbdb3b33d3dc4d1a974b3ee0:0:0,15b88450ea88066be39b71e80502d58e:0:0,a54aa64d542ebee821c02afc597ed888:0:1485219891,492cd65f60ab143f5457d2c643fb537b:1:298911582
779,B,379,-0.0033725006505846977,0.8583143353462219,0.0031776707619428635,1.2104473114013672,1024,512,-0.0033725006505846977,0.8583143353462219,all_rows,512,0,0.004651800263673067,0.03509385688230395,-0.0067672446137294175,0.36848285496234895,0.3231416119961068,daf1e8e48007faf55118122c755831cc:0:0,a5c04bab448a8afa1c6d7c427792747f:0:0,ed8087ae4b130c7a568003f31a3797c9:0:0,2847acede3550c16713518555c8f5d88:0:1737907373,e21e143d6742caf4676839e37769e162:1:1982717456
780,B,380,0.01843845099210739,0.8596985340118408,0.03503251075744629,1.212876319885254,1024,512,0.01843845099210739,0.8596985340118408,all_rows,512,0,0.0013203269336372614,0.0679290794651024,-0.015307809994556009,0.36959507018327714,0.3186561929760501,5fe2f7a3302488ee232344247c1429cc:0:0,db05cec43ea86dac3e4fe7ff2632ce12:0:0,7e3a4f8d3fc528c11a2a870d5998b9dd:0:0,8ec1a8235851b51b1411d8baf44be288:0:897796850,c542d0e2ff95a337c4ca20e060d88b71:0:2013351846
781,B,381,-0.06417796015739441,0.8513917922973633,-0.13766056299209595,1.1959869861602783,1024,512,-0.06417796015739441,0.8513917922973633,all_rows,512,0,0.006034062243998051,0.06445288634859025,0.08910246414598078,0.3606311209499836,0.307757685019169,ff2430de11303cd952ec085913d021cc:0:0,2311ae08b5587deaa67b3c1a0b9be2dd:0:0,a446476f0d28fbfd63dd359a4ba58dbc:0:0,0c33902eff10735481f3a2cf70b46788:0:2444756572,8529eaa50f45e7e82109ffaa49a6140f:1:2742155763
782,B,382,0.04270825907588005,0.8391706943511963,0.08903305977582932,1.1815510988235474,1024,512,0.04270825907588005,0.8391706943511963,all_rows,512,0,0.009548768401145935,0.03546801770571619,-0.05284815466729924,0.3514926806092262,0.3213530189823359,b5a95c04dc010ddca2882aaa3c8c19cc:0:0,8d724be834ba49faa912cb01b1411e79:0:0,d0e3df53d4351855fd6ba4e29323cc06:0:0,491c307db38f91f0bd340ff521c8ec88:0:3747495178,1756d3ff0317177a841a77ad9c631145:1:4237976866
783,B,383,0.005730150267481804,0.851962149143219,0.024003449827432632,1.2014386653900146,1024,512,0.005730150267481804,0.851962149143219,all_rows,512,0,0.016194144263863564,0.10598119972273708,-0.02641724279819755,0.3629004552960396,0.31524279701989144,d2cf4d9bbb76a827b2d176f7f64811cc:0:0,abc6f3d899f1936433a7ddf93e8df263:0:0,7a29ea397088ef90b07fd80dba86eeda:0:0,afe3d4609b3967426aae1c4e57897188:0:98145794,6b2389ab80070c8198ef80173f090a7a:1:3280060156
784,B,384,-0.0376666784286499,0.8562798500061035,-0.07791714370250702,1.206037998199463,1024,512,-0.0376666784286499,0.8562798500061035,all_rows,512,0,0.0017234061378985643,0.04984296194743365,0.04633771490771323,0.3661242887377739,0.3111716060084291,9784bba2f75e0d938365b922410409cc:0:0,d402c7974e8566a85274934fc155383a:0:0,87389a1a18f9bf477cb690d4fd43d5bb:0:0,ab34e179a236debd958326bd61f5f688:0:4046516426,ff6ac9e34ba93458f450265eef566872:1:376823675
785,B,385,-0.005212999880313873,0.8498568534851074,-0.0032829251140356064,1.1985821723937988,1024,512,-0.005212999880313873,0.8498568534851074,all_rows,512,0,0.007939852774143219,0.11007346094120293,-0.0017681701807305216,0.3612244285643101,0.3040085450047627,35904b2fa2c24641f2a6bd091cc001cc:0:0,64cfe020c1eb1a1c9ce6bd42bae1ceb2:0:0,533430ab0d78b6597f289379b9175db6:0:0,2badf54dae24a9ec1edff0e4910e7b88:0:2567789697,0f0961ea89c870d39dcdd2c1af5cdd91:0:1381537381
786,B,386,0.016590353101491928,0.8458644151687622,0.04140838608145714,1.1922662258148193,1024,512,0.016590353101491928,0.8458644151687622,all_rows,512,0,0.005091667175292969,0.07410789555869997,-0.027994375757407396,0.357665678858757,0.2666548270499334,182687558baa213d3dba4e8c897bf9cc:0:0,81d390a43a29e08c816facdb83f79b1c:0:0,9ea0a0c5df892e662f8cdc8938d72980:0:0,7f6e92548b276ea9d9c19f2634d30088:0:2145967171,b8cebd94469ec717784746162a2eb8ed:1:3993612993
787,B,387,-0.024941345676779747,0.8577969074249268,-0.028647838160395622,1.209739327430725,1024,512,-0.024941345676779747,0.8577969074249268,all_rows,512,0,0.0009597854223102331,0.06536651137284935,0.006276679319853429,0.3680446490645409,0.1933470240328461,0300edc2aa430517808a398c8737f1cc:0:0,1e5c49b76e31dda80801f2568f6cf49b:0:0,5164ba5a71a7a15f71fb2e3db5c7cb02:0:0,169ed633b0ee08f852bab8a49d438588:0:2183209844,c5c657f8ffccd82a694b6df6ed4f7876:1:2634484033
788,B,388,0.0031332504004240036,0.8661198019981384,-0.010702620260417461,1.221372127532959,1024,512,0.0031332504004240036,0.8661198019981384,all_rows,512,0,0.0009580310434103012,0.06377727285725995,0.017165166736231186,0.3751183897256851,0.2658455229829997,111db9ac4d78d08a35c449e915f3e9cc:0:0,209b6f17f012d265706153bfebf32cb6:0:0,8f96828bef2648f358a8fe62ba78e648:0:0,d23a91411ac3b6ba43b827421a600a88:0:727724042,9347e4060db0f6a167846faba54296d2:1:3666814471
789,B,389,-0.018819352611899376,0.8652861714363098,-0.013515377417206764,1.2205489873886108,1024,512,-0.018819352611899376,0.8652861714363098,all_rows,512,0,0.00804404728114605,0.06206986823817715,-0.009142211395374033,0.37445432543754575,0.30521682801190764,f03e91ee42facb15b6da4b8235afe1cc:0:0,b1f7498f8247a800cf0d3a8fed8429c2:0:0,acb26e2a3871b5db8f4541cf35eb55bf:0:0,b52631a29066c3a6b3c637a0fc288f88:0:806576754,fa595a8554f4e6f46da2f26f2ea095a3:0:1609474985
790,B,390,-0.01180452760308981,0.8607926964759827,-0.03190033510327339,1.2138067483901978,1024,512,-0.01180452760308981,0.8607926964759827,all_rows,512,0,0.0034533131401985884,0.09126763015519827,0.02678400876466185,0.37041897922754285,0.2616312860045582,e222bb7c38ada5a0bc020a37e66bd9cc:0:0,90b1198d166ea06d92d20871a8454f2b:0:0,874ac17d6350e8ba0d5103460f42d59f:0:0,fe406507e4eb0bc3c2d59923929d1488:0:2032924744,bd7922113b10d4bbe83e70f9a5bff2cc:0:2781953374
791,B,391,-0.004972354508936405,0.868897020816803,-0.007346842437982559,1.225581169128418,1024,512,-0.004972354508936405,0.868897020816803,all_rows,512,0,1.1689262464642525e-06,0.08048832910135388,-1.9181294192094356e-05,0.37759281471371653,0.24353568896185607,1057ed85958a8b17dc3551ea2827d1cc:0:0,ca30d6d7744c9d1a5ae4686acb3cc9e4:0:0,0d5ceec9484830881014f086ba024593:0:0,472085c7dd826ab921805dec2dbd9988:0:4187534160,943726f4baa30e8ff023d2201656d869:0:2775035575
792,B,392,-0.0004847603850066662,0.8596590757369995,0.007372490130364895,1.2120707035064697,1024,512,-0.0004847603850066662,0.8596590757369995,all_rows,512,0,0.004380325321108103,0.05462254175217822,-0.005365981755312532,0.36963906288146975,0.19569000805495307,9b5360ec07eb410d0d31ee78fae3c9cc:0:0,233e6898c80d3bb7d833530bd324572e:0:0,c904b420a9e345d0fd44d5dce5d7668a:0:0,2aac95bba397ee4a34cefadd1d8a1e88:0:814192795,19f2a57498ad66ef1be0b6d17bc3dfef:0:542798
793,B,393,0.04528059810400009,0.858996570110321,0.06139374524354935,1.211562991142273,1024,512,0.04528059810400009,0.858996570110321,all_rows,512,0,5.058280657976866e-05,0.11142652814742178,-0.015953270359023008,0.3693098515272141,0.19368168496293947,815330ed074358572379abc45e9fc1cc:0:0,5fe2d0a63df41d7c6a6a8921309c74ba:0:0,57290ba34768aa03b26b587a4e45dd90:0:0,5960bd3fdc3d6247e5fd4798b202a388:0:4278664946,d1bd8f9157473355da0506eeceb22c5e:1:2291661215
794,B,394,0.028949236497282982,0.865678071975708,0.06193152442574501,1.2196887731552124,1024,512,0.028949236497282982,0.865678071975708,all_rows,512,0,0.0025235102511942387,0.03590738358907401,-0.036719121289206666,0.3744329050183296,0.19325621600728482,054e9f1e87466db1525255ac535bb9cc:0:0,eae98d100d30770f8dfaad3bc460cfd8:0:0,d8ab4cbd4f790ec8725aa918477c5215:0:0,070759f0ba7d8c4a1e3f7e813b272888:0:211555256,1b89cd3c43104424d8f02c18baccac8c:0:2735597444
795,B,395,-0.044978052377700806,0.8249195218086243,-0.0948944240808487,1.1604301929473877,1024,512,-0.044978052377700806,0.8249195218086243,all_rows,512,0,0.0021477490663528442,0.07694710075156763,0.05251625166274607,0.3394594848155975,0.24664659303380176,a1fa491f1a7b7a5aabc5b810d917b1cc:0:0,d4b54924dd943008f4d8f4857627bb40:0:0,7e6884c5f0c372334fd226f5193c493c:0:0,30c749b3a2b82d80ee873cb908f7ad88:0:9298951,7d58888496454ca24d9778712e5d01cf:1:1882233562
796,B,396,-0.021751347929239273,0.8733524680137634,-0.026972733438014984,1.231519341468811,1024,512,-0.021751347929239273,0.8733524680137634,all_rows,512,0,0.050703682005405426,0.13713031576480716,0.003704015861148946,0.38147621750831606,0.23901282699080184,d09bda99c23d34b5a0a19ed1efd3a9cc:0:0,91698d1fa45ebf33ded74c1b408140d6:0:0,738f9281571ff468926ccba59b7bfb18:0:0,c9ac46193abfa0ed634882226b743288:0:823055474,b0394a27cb6106a34b0165e457ac49a5:1:4231646420
797,B,397,0.05894852429628372,0.8477071523666382,0.11419467628002167,1.192927598953247,1024,512,0.05894852429628372,0.8477071523666382,all_rows,512,0,0.0006069232476875186,0.05384668776532635,-0.0677214640454622,0.3584952086210251,0.19400964700616896,ff17427daa2780e78077d5cf978fa1cc:0:0,8c807992f92352839391c86a80b9fcf3:0:0,d1ad8d23320b240d3da0587fb577695b:0:0,1d831cc20d02ac52043eb15fb29cb788:0:3023272795,3c9cd2b3214042fefdc8395a47b645eb:0:237732521
798,B,398,-0.050089702010154724,0.8393459320068359,-0.10358497500419617,1.1812386512756348,1024,512,-0.050089702010154724,0.8393459320068359,all_rows,512,0,0.012118319980800152,0.08743256248999387,0.059931871056323874,0.35135026201605796,0.19493295799475163,fc45ee8a0cf1f177f99e28e9d04b99cc:0:0,9efdca898038d416eced3df0fe0ce9f1:0:0,ecefc1284116a2e5a65f5045adc8a232:0:0,6ebbf5e2349fda2b00318fd32e713c88:0:1574753389,b6f9c1e71430daa6008776a627571e66:1:3121191742
799,B,399,-0.0005821045488119125,0.8680168986320496,-0.003987699747085571,1.2246160507202148,1024,512,-0.0005821045488119125,0.8680168986320496,all_rows,512,0,0.0019512396538630128,0.08062768898671493,0.009347720726509579,0.3768083482980728,0.19406049902318045,e5470c8e80b757f0992e64009a0791cc:0:0,eabc2e90a0f761ad1cc5433b969c1075:0:0,042671557388a54d2047728233652dc2:0:0,89b494f1dcd272fe04ba459f2ef1c188:0:3163090141,7e35052ba71034b8660c7cc5e5702c50:0:2227188176
800,B,400,0.04758220911026001,0.8693740963935852,0.07960913330316544,1.2257194519042969,1024,512,0.04758220911026001,0.8693740963935852,all_rows,512,0,0.00044350128155201674,0.05883694919757545,-0.03933623973280191,0.37775591388344765,0.199464070959948,3a0e4cffe8aa657c4b0652f3f4c389cc:0:0,27b2bcde1fd682e73560088f0be22955:0:0,def195eb6f73038a025cb645348841ad:0:0,dbd2cbb4b7bbec51c2085da6041e4688:0:1784171214,91382528a24e54bb0012c73000c0d976:1:2317936860
801,B,401,-0.016813207417726517,0.8514508605003357,-0.023759763687849045,1.200508713722229,1024,512,-0.016813207417726517,0.8514508605003357,all_rows,512,0,0.0019079133635386825,0.13376176697202027,0.017474862176459282,0.3626766577363014,0.2989668710506521,33051ec24a375b86d9c7c1a3e07f81cc:0:0,b70c51cffd8223f6f6bec11a22f0c143:0:0,cb7b3fed4c8d509cc7e06fa61dda80e2:0:0,ff3dbfb5ef1f639d1aa6c589fdf6cb88:0:3409376376,f0af109ec5e1300d45715ed6df2c6133:1:1575281793
802,B,402,-0.002097268821671605,0.815192699432373,-0.007616146933287382,1.149422287940979,1024,512,-0.002097268821671605,0.815192699432373,all_rows,512,0,0.00017590774223208427,0.13278714611660689,0.01278072562727175,0.3324575170874596,0.3041335259913467,bd18d847c392cc5c6ed87bf05d3b79cc:0:0,e7c62e11293f6acadd33ed7ffdce2585:0:0,df245686f9161b2ae5ff1ecad7db5f46:0:0,221f00cc75377b7dff40cdad6c7b5088:0:4124925901,557e10bd0cd1872477c7bb91c0781fde:0:1288163605
803,B,403,0.01957293599843979,0.8608976006507874,0.04181753098964691,1.2138880491256714,1024,512,0.01957293599843979,0.8608976006507874,all_rows,512,0,0.0010364317568019032,0.06952782219741493,-0.019961483476799914,0.37058003693819047,0.3051354720373638,a50ebe64e1b56bc912624db96af771cc:0:0,90b4e94571611e76c51fbfcff4df3665:0:0,e7fd3fa7980533cde082786e0802413e:0:0,9780eee10461b187f66729329fabd588:0:2631815968,e9c7772e253e5483efdafbcd86518b54:1:2271426792
804,B,404,-0.05861645191907883,0.8544819355010986,-0.10825953632593155,1.2030385732650757,1024,512,-0.05861645191907883,0.8544819355010986,all_rows,512,0,0.010238947346806526,0.0575432425364852,0.060422055172966796,0.3644883334636688,0.3088981579639949,766d557a93c4efb82b5302df09b369cc:0:0,26b6f468cb45731920de624cc4eb16cb:0:0,aca5001d4fc07611fdf1be116ce46c7c:0:0,304708af89ed02fa5054edfbe7885a88:0:2267414846,5787da8016b80c1791a25076e1bbdea0:0:513130033
805,B,405,0.030887767672538757,0.876853883266449,0.05608498305082321,1.2366111278533936,1024,512,0.030887767672538757,0.876853883266449,all_rows,512,0,0.0037161395885050297,0.06505504238884896,-0.02386118893045932,0.3843671329319477,0.30619416397530586,65b8e5d5f9ea00d3ff5c6741396f61cc:0:0,b5998e7febb3c3b680344335e014f554:0:0,a10f365be38a1960f3aae2dff84eb641:0:0,0a113f452aec76ae06b494ab9410df88:0:2200529659,e6fcd84c017c357c97b442a1a94def31:0:2756540116
806,B,406,-0.01804114505648613,0.8357051014900208,-0.03600922226905823,1.1779823303222656,1024,512,-0.01804114505648613,0.8357051014900208,all_rows,512,0,0.005458171479403973,0.06144702876918018,0.01725689338054508,0.34916275292634963,0.30288964102510363,492798664d933b2532f446bffa2b59cc:0:0,e9f36bd1ffc5484d447b89e8375ed06b:0:0,4e26c5f14147e8dc3a4848a2371b1774:0:0,c61a6d368980e28b4864f8a3f5456488:0:1254800994,35a96a773ec6ef46b43e7a29678b097d:1:836504760
807,B,407,-0.02009720541536808,0.8351788520812988,-0.0351477786898613,1.1771661043167114,1024,512,-0.02009720541536808,0.8351788520812988,all_rows,512,0,0.01494836900383234,0.14336609579622744,0.021291707828640937,0.348794612288475,0.30630040098913014,26500d2921253eb249546d3b4be751cc:0:0,f98081fe48cff597ad87ceaf21b51317:0:0,89714be0e412ef4a8152a71de383fc78:0:0,ec52ffa36da002d6b13e58075b25e988:0:2912220294,6a8e16e06cce4b9a180625105ad330b0:1:2271136412
808,B,408,0.04566152021288872,0.8541820645332336,0.08470339328050613,1.2035796642303467,1024,512,0.04566152021288872,0.8541820645332336,all_rows,512,0,0.004751257132738829,0.07826342823682353,-0.044244775106199084,0.3645623758435249,0.3044399689533748,36abc8ed3517d01f247aa6932ea349cc:0:0,ffe23c5f17c9527338964b0cfa191a0b:0:0,49e7356b9d923fc23667de1403577ee4:0:0,9ded74c175f1b9a62dd753b815b26e88:0:4072703918,57934775e2777b432fdf97d55ce4c14e:0:2647681986
809,B,409,-0.0015569482930004597,0.8575782775878906,-0.004701642319560051,1.210060715675354,1024,512,-0.0015569482930004597,0.8575782775878906,all_rows,512,0,0.0416484996676445,0.10444606868550181,0.007005034052417614,0.36786541491746905,0.30731745302909985,7815544c2080094c8528bea7a25f41cc:0:0,46cc5eaeb81b1904e47a948aa42b766c:0:0,472af8baec8a462395bb3140d379602b:0:0,0da69a82fbef0ccd8b49ef5874eaf388:0:2967334587,f1a3e7b16b3cddc6f36807c6ac194a3c:0:750651260
810,B,410,0.02440616674721241,0.8744749426841736,0.03599017485976219,1.2333590984344482,1024,512,0.02440616674721241,0.8744749426841736,all_rows,512,0,0.001520311227068305,0.03955467138439417,-0.009890338854165747,0.3824386276304722,0.30313549301354215,e9b061fb0b0799f78ae48158a71b39cc:0:0,70f5d94598a764c8a3cbbdec0b7dfbcc:0:0,804f3212f116c9758b36f3ef71a846aa:0:0,0dedcaade2013892b2f8914ac8cf7888:0:1474472828,1dd8ee56564742006a639481930e9890:0:552564469
811,B,411,-0.000846219016239047,0.8501564264297485,0.0009642881341278553,1.198801875114441,1024,512,-0.000846219016239047,0.8501564264297485,all_rows,512,0,0.01227936614304781,0.01641739138867706,-0.0017632216098718346,0.36148691177368164,0.30686741904355586,78e8ced2b651185933f7ba863cd731cc:0:0,fc2543b9a2a4f0dbd135fa9902b7309b:0:0,995149ad2a5d3b8a3b26bcac3d1a97af:0:0,e6626b0392f1ed79925302b1615ffd88:0:414505337,0b2a6e81ea48fa1d9fdad6885e21ce41:1:624700930
812,B,412,-0.06211112439632416,0.8299201130867004,-0.11264486610889435,1.1679091453552246,1024,512,-0.06211112439632416,0.8299201130867004,all_rows,512,0,4.514178726822138e-05,0.052915315644349904,0.06327105844393373,0.3436777636408806,0.22101045498857275,5d6bca2f14c961c5dd703610639329cc:0:0,515182068444113f6f6a83bfb31f3447:0:0,6d139ba8bcf8d4bf67352df848a4c64c:0:0,bc5eb2a40f908f77ae9b6f6e8e9c8288:0:3147104792,11138afc42b45c74b5cd18e0045fd7ec:0:2320361761
813,B,413,0.016543980687856674,0.8273049592971802,0.028758978471159935,1.1663438081741333,1024,512,0.016543980687856674,0.8273049592971802,all_rows,512,0,0.003268031170591712,0.015668925852514802,-0.013711442971543874,0.3422679990530014,0.19514664495363832,362cf186abe60b4cc31fbfd71b4f21cc:0:0,ec5a4d012406be592a768248181de9fc:0:0,96f5d8f0e00ee09f6e56be662090b484:0:0,d2816c4582030cdf64ab6624a0850788:0:2695238184,a53a395ff504ca560de700dd76b6a0a5:0:3242318133
814,B,414,0.03139214962720871,0.8342286944389343,0.0699993297457695,1.1747632026672363,1024,512,0.03139214962720871,0.8342286944389343,all_rows,512,0,0.016950098797678947,0.06976827546022832,-0.04999844880076125,0.34751707315444946,0.2678963920334354,a4afa659ffd0e2577f9c23ba640b19cc:0:0,00dd53fc0d9328ee7bb891f7f608a2ca:0:0,973de7a6d3f6e536251b17896f8a7fbc:0:0,94a8b9dc6dcba352d4b8d835e7198c88:0:1280741758,1952ce049bc3940b4adf07a91087b470:1:3981326118
815,B,415,-0.045691315084695816,0.844101071357727,-0.07806377857923508,1.189356803894043,1024,512,-0.045691315084695816,0.844101071357727,all_rows,512,0,0.0017407246632501483,0.06448962572030723,0.03797062513185665,0.35615517646074296,0.3084038619999774,66eb61db46807d498c3f2d9a3dc711cc:0:0,83cea00f238514c5df99e5626cc249bb:0:0,f40c9b8759bf3835cc3e1df3c6045c23:0:0,a4f0ac92381fa90e7a1b19c4b25a1188:0:2873434844,0ea8e0373e5860dab11f775783c5ee9f:1:3086414572
816,B,416,0.01727198250591755,0.8549606800079346,0.03168126568198204,1.2055540084838867,1024,512,0.01727198250591755,0.8549606800079346,all_rows,512,0,0.002010602504014969,0.0598029640619643,-0.017803517848369664,0.36557446271181104,0.3059338659513742,0b3845eea03ddc1fc126a956a88309cc:0:0,ef2144b6cf9a56e1fa4b285bc7bca732:0:0,c6edeea1f955f315145ed11af6117bfb:0:0,7b2e0e146dbe30db6f0fe1b352469688:0:4293040460,f357380bc09652726de4624f1d39313d:0:3946161229
817,B,417,-0.015916606411337852,0.842134952545166,-0.025735709816217422,1.187365174293518,1024,512,-0.015916606411337852,0.842134952545166,all_rows,512,0,0.0037821000441908836,0.033238407922908664,0.013212036015465856,0.3546437732875347,0.30481986299855635,4cbfa7631397190fd53462cfa43f01cc:0:0,7439a7baa1e0247ff5f1578acd57ab53:0:0,88a811c6c2622710ba11d959c0a43d22:0:0,b1b6890ada081ef95c8049a416df1b88:0:183291248,566208dcc37df74f008dc64241571917:0:1467138743
818,B,418,0.04435582458972931,0.8539406657218933,0.09149852395057678,1.2022361755371094,1024,512,0.04435582458972931,0.8539406657218933,all_rows,512,0,0.000979940639808774,0.11469435187755153,-0.049377427389845255,0.36395280435681343,0.3065020350040868,f1f2c9848abf2927de0e25e530faf9cc:0:0,7d4dfdb487c34f1a307923ebadf9b023:0:0,12698b534571ffcad8d6ee9b32340f86:0:0,200c508936ae055015c5cdf95023a088:0:3627403677,8f63a6d265f1c5465d370a147f582b8a:1:3277143513
819,B,419,-0.012816913425922394,0.8425607085227966,-0.026633955538272858,1.1882456541061401,1024,512,-0.012816913425922394,0.8425607085227966,all_rows,512,0,0.0010801528114825487,0.03883328118827194,0.015225849497073795,0.3549471266567707,0.29983009095303714,a9887f67105aacedd01dbe774eb6f1cc:0:0,66459e3227a30331d3daf31a5fa9c0e4:0:0,915130e1441c9d6abadebd20b21fd5d0:0:0,ba37a446f3dadd38e06f4dd54e142588:0:2790192955,4eb60da5ec337935fd581acbf57b1b47:0:206460541
820,B,420,-0.0038419635966420174,0.8524874448776245,0.00033647194504737854,1.20201575756073,1024,512,-0.0038419635966420174,0.8524874448776245,all_rows,512,0,0.0023637828417122364,0.04041959722526371,-0.005211984028574079,0.3635459281504154,0.3035652929684147,dd78e38b89b9d0fefe90f865fd72e9cc:0:0,58fdde9f81b7bdabd3e6eadb007b54f4:0:0,78a0df66c3a1cd63f65517cdbbba0a44:0:0,ed0993f85655752f68060b1a60b0aa88:0:2717064262,c4967a10598afd261fe8df0a890f93e8:1:1384998978
821,B,421,-0.0701129361987114,0.8477803468704224,-0.12392579019069672,1.1930029392242432,1024,512,-0.0701129361987114,0.8477803468704224,all_rows,512,0,0.006580040790140629,0.02603776027681306,0.06816211967961863,0.3586615025997162,0.30778716201893985,c65cd2be2c7f3eaf9b599f913d2ee1cc:0:0,35c7fd36dbe1ec0f16a68531112d9d04:0:0,4e339c079a2d25cd10e160d619f10657:0:0,8088f9fbeba528ba5dd2aa6ad7f92f88:0:1012664114,8674cbe926f33fa03095d5902607997a:1:2155500397
822,B,422,0.03036668337881565,0.8088670372962952,0.058470580726861954,1.1390999555587769,1024,512,0.03036668337881565,0.8088670372962952,all_rows,512,0,0.0066984593868255615,0.12030516965314746,-0.04002597839571535,0.32700928300619125,0.3075686849770136,347d534eedb41caa372d7fd90dead9cc:0:0,9bff67f397212398dcd41fa01ac4c4bf:0:0,7328a31a7c1935bfb79a3db432c2e5af:0:0,db06e75a1bd938dbc4a2332903edb488:0:2471611488,876fbff02304e04937dacf841a3083d7:0:479867343
823,B,423,0.003903508884832263,0.8641162514686584,0.006271221674978733,1.2185885906219482,1024,512,0.003903508884832263,0.8641162514686584,all_rows,512,0,0.0002551744692027569,0.045777381584048274,-0.0027470075525343417,0.3734667539596558,0.3061368450289592,86bd8e0428491f8f4186651d6fa6d1cc:0:0,1b8d577f9ef47b9068aa87b05f166c0e:0:0,30b4f1949e83f6d9928478337f038fc9:0:0,d077137e6d24db58e88b0f77348e3988:0:3250623898,3aa641c3c60b37a683445f9f40be8351:1:3554600840
824,B,424,0.011361771263182163,0.864384651184082,0.03632532060146332,1.2183386087417603,1024,512,0.011361771263182163,0.864384651184082,all_rows,512,0,0.00027589499950408936,0.04505288305226714,-0.029495528433471918,0.37348664179444313,0.21666539699072018,22607a67b904aa9488a21b3e6262c9cc:0:0,dd9b75aed9054b78ca1668af50566c69:0:0,241caeb2accb062d01b297022345a895:0:0,cc220bc6df14d72a02b20c37b9dabe88:0:16657625,ce9fe8559eeb491623bb93c3522b47d4:1:2406668696
825,B,425,-0.03371711075305939,0.8462278246879578,-0.050136808305978775,1.1933224201202393,1024,512,-0.03371711075305939,0.8462278246879578,all_rows,512,0,0.003420280758291483,0.0934738315991126,0.011696172575466336,0.35815014839172366,0.2961585479788482,7179dc4ecdde0024b9826e1be61ec1cc:0:0,cb691f834203afc16cde36459ef86b49:0:0,3d4e8e2f56e6c8fd4414abadbed06c43:0:0,7c9ae4b199b64461890f590ce3d34388:0:4106883027,d79942044a8abc91b79c40694e3aeccc:1:672360485
826,B,426,-0.014067868702113628,0.8178204894065857,-0.02947663515806198,1.1526745557785034,1024,512,-0.014067868702113628,0.8178204894065857,all_rows,512,0,0.01651596650481224,0.08017569887451828,0.019359721336513758,0.3344228319823742,0.30836333299521357,f8a0acbca6c5827edfed2995fadab9cc:0:0,e0fc3d657e957b200170c6b7ff28cadd:0:0,3c3cf6475708dc853daef4c0e25296b9:0:0,f85c6ac00898c5db2a3388590277c888:0:1237289572,6af34300c90b050a97b1132c4edbd9df:1:4097258879
827,B,427,0.017615240067243576,0.8522946238517761,0.04633409157395363,1.201917052268982,1024,512,0.017615240067243576,0.8522946238517761,all_rows,512,0,0.006885839160531759,0.1004043170483783,-0.02855904616881162,0.3629118524491787,0.3088170260307379,7737848085da0455e66c198ca096b1cc:0:0,268297e647277796ede68db840ea2167:0:0,c8de72306c2815884374d5e3579fa109:0:0,6be7eec45a295302750c8f3e65c84d88:0:4165444231,1c8988a65315c2ce48955237d017b999:0:2930260405
828,B,428,-0.014249996282160282,0.8438334465026855,-0.03136574104428291,1.1897363662719727,1024,512,-0.014249996282160282,0.8438334465026855,all_rows,512,0,0.0022278474643826485,0.07771815303713084,0.02061295054591028,0.35604039430618284,0.23703243798809126,40561b2f0d0b2970164d09dfd752a9cc:0:0,24f58a7c57df40f0e53489e7b0134737:0:0,ddfc29c9bb7858de3a6efc5a67375982:0:0,7cd1c2e7417568012caac59f5dc4d288:0:962819346,c342e2fc78f1abcf58a26f6d8fc1939f:0:2375153456
829,B,429,0.025829840451478958,0.846624493598938,0.045826490968465805,1.1936061382293701,1024,512,0.025829840451478958,0.846624493598938,all_rows,512,0,0.0070145269855856895,0.06477974525187165,-0.022137751569971442,0.3584404937922955,0.3062586790183559,0d0d69574728d74697a1c66f9f0ea1cc:0:0,48d482a9c6d0060ea0a38059b733af17:0:0,29a06e3906408c9c6e2ed1da0345bd71:0:0,fb7f9df3c2f932a54805e61e3a6d5788:0:3454660535,51be5403630f52566c3e9fc8a2f69057:1:2619347928
830,B,430,-0.05287844315171242,0.8426483869552612,-0.100406713783741,1.1863912343978882,1024,512,-0.05287844315171242,0.8426483869552612,all_rows,512,0,0.0016884939977899194,0.023155263625085354,0.05845252542058006,0.3543541613966227,0.3067350549972616,736679139a5fb5a4f1401b1bf7ca99cc:0:0,c6b6b5752f849d142095accb3d3cd36e:0:0,76f6f40560f183a5d0bd9082d728c3d8:0:0,f56ffc09c4ae124e9dc20e1d4bc1dc88:0:1164939428,ffd18515da72665d1d31723b17080d9d:0:3317821021
831,B,431,0.04355863481760025,0.8536267280578613,0.08225297182798386,1.2025798559188843,1024,512,0.04355863481760025,0.8536267280578613,all_rows,512,0,0.017726950347423553,0.0928311477880925,-0.03815195701026823,0.36403089240193365,0.30299942201236263,f01a6c56e222bf4888c1d3c4e18691cc:0:0,0114e247800141de82a9f7f05c54426c:0:0,a6d557b8b8636b46c944ca6dd36c9033:0:0,96ae216a0e2181343bf4bdbee1c26188:0:2810126085,ae976dbc3d739c5e8749cc20bc55611e:1:865084639
832,B,432,0.0018416396342217922,0.8272465467453003,0.02504444122314453,1.166009545326233,1024,512,0.0018416396342217922,0.8272465467453003,all_rows,512,0,0.0002625709166750312,0.09014763294253499,-0.027235179650597276,0.3420384854078293,0.3066652049892582,0b98bc95ee81e2802284bc4a5c4289cc:0:0,debe8fb98eff006d42ea515f65cc02a2:0:0,8b4376171fd47979f2f7410034c849ed:0:0,4d65d84b5eef3d516be9d7e54c6ee688:0:997926097,ebb5480b4abe15408abf1bb281a2db66:1:1117056626
833,B,433,0.0010156556963920593,0.8671708106994629,0.00043252110481262207,1.2231279611587524,1024,512,0.0010156556963920593,0.8671708106994629,all_rows,512,0,0.006437438074499369,0.0773839340545237,0.0010424551524920388,0.3760597974061966,0.30791814299300313,957f33ada6edb1cb61aaa08c67fe81cc:0:0,364cd0fb3e5e57efc2821483a2475d8b:0:0,963c2bfd7c0cced6de6e64ba74b40ff6:0:0,bbafe83c408c474a61e8a232dbc76b88:0:674917676,94d760b3654526f651fccd97e826f734:1:610999950
834,B,434,-0.04061616584658623,0.8119829297065735,-0.08150560408830643,1.1436083316802979,1024,512,-0.04061616584658623,0.8119829297065735,all_rows,512,0,0.006151147652417421,0.05324618364684284,0.0512732322444208,0.3292010843753815,0.30553271900862455,3c2d9a260e68247a48194c6b04ba79cc:0:0,50b5eb83fcf989bd1a19a84e24a2c2bf:0:0,37e59039a494c7a7cdc54b61c2bcedb2:0:0,0c4a772c3be30d9898f8c509dfcbf088:0:311842372,5c5bddc92feb68a3d7d7076f4cb5cb65:1:3175582999
835,B,435,-0.0029462045058608055,0.8646194338798523,-0.0038713952526450157,1.2195827960968018,1024,512,-0.0029462045058608055,0.8646194338798523,all_rows,512,0,0.0004959710640832782,0.0072943911422044035,0.0013411435997113586,0.3739186108112335,0.3010041050147265,e89d93326722674cb67a8bc6327671cc:0:0,956bd1a03ec1a48e2a7c7669055473f0:0:0,303e5019e48aaf73bf4f2df8e84443ac:0:0,41a72c7d23d3da4edaa74b8ca87c7588:0:2949028608,63cb0168d21e4273377348d62487b1e1:0:2582876756
836,B,436,-0.0005388455465435982,0.8540575504302979,0.0010837744921445847,1.2044910192489624,1024,512,-0.0005388455465435982,0.8540575504302979,all_rows,512,0,0.0044730170629918575,0.08791715749539435,-0.010263012012001128,0.3648077167570591,0.30241844500415027,411d9b0eb387bd11ec3c2a7df13269cc:0:0,e4f1d9afcb973f29985b1b02d8f0b9fb:0:0,a0dafbec59fa2727a57e5dab6e831a43:0:0,10fe881e333f59c4f2cba39d85d8fa88:0:3458421432,cda0f29aff370dedc72dc29d2f83a061:0:2785081878
837,B,437,0.012567903846502304,0.8216963410377502,0.03797484189271927,1.1580296754837036,1024,512,0.012567903846502304,0.8216963410377502,all_rows,512,0,0.005576655268669128,0.07167089628055692,-0.02720441573910648,0.33747268095612526,0.2915203539887443,87fc989ad2b56f48078ff47240ee61cc:0:0,c1d9bd2fe9246278b32436b0466c352a:0:0,0afe0fed6b0cba3085faa76cdd02ec62:0:0,7fe9355acfd3d07b0f4c9ddec7e17f88:0:275079142,7c544c85bd93959f377fe2797f8980b8:1:2218011214
838,B,438,0.026076018810272217,0.8650809526443481,0.04939211905002594,1.219739556312561,1024,512,0.026076018810272217,0.8650809526443481,all_rows,512,0,0.0005643905606120825,0.017234535375609993,-0.026927794166840612,0.374174777418375,0.2923795300303027,b599ef53765fcebb856bb58321aa59cc:0:0,4df46419548eb2596900e9c359d0fec8:0:0,f2c09293b9e1a70a34c1122893a29737:0:0,f5a44d61da685684cbe56db2be960488:0:4060677787,2c4f39102c986a1820c2525a5f5b5e69:0:2384564653
839,B,439,-0.001931826351210475,0.8436374664306641,-0.0015759855741634965,1.1896432638168335,1024,512,-0.001931826351210475,0.8436374664306641,all_rows,512,0,0.009890171699225903,0.07138698017224669,-0.0022853417103760876,0.35592673569917677,0.3167598120053299,2fac7b0930244426c1893990936651cc:0:0,f604e3b6b8b11a7ed2298b31c64f4332:0:0,59fe4ec6412f0e54664cfacb1c1cd0c4:0:0,27edeb4492442ecbe9eaa93bb9f68988:0:2716271521,bc87da50539df7f914a2fe761ff5fcc6:1:1212979408
840,B,440,-0.0640878975391388,0.8574126362800598,-0.13722898066043854,1.2045332193374634,1024,512,-0.0640878975391388,0.8574126362800598,all_rows,512,0,0.017799897119402885,0.11814626115374267,0.09045125786215066,0.36588450968265535,0.32248447003075853,d9e95af5d44870d176664c7a962249cc:0:0,ee2b2301e9585a5d66a3574b0123a7ed:0:0,a1d696b79f5eef214b569994811ae6e7:0:0,a26fdcf13243107ab40f495c0a030e88:0:2906144798,bbe2918a09b84b44a80502084003e9fc:1:1309222638
841,B,441,0.03452100232243538,0.8496641516685486,0.08085741847753525,1.1964387893676758,1024,512,0.03452100232243538,0.8496641516685486,all_rows,512,0,0.003336130641400814,0.1222794899600558,-0.057229462300892917,0.36029788926243783,0.3027362239663489,6e81ee106fe65f303d44ba2129de41cc:0:0,5777f6773eaecffb1c0509802e2d240b:0:0,877a01a933f8d09bcaf534ac14196446:0:0,c39cad299559f8de0e29a9b5febb9388:0:77360098,0dd437b38afe256ad4d5df6400c38740:0:1528839450
842,B,442,0.0028830720111727715,0.8629022836685181,-0.00786404125392437,1.2173359394073486,1024,512,0.0028830720111727715,0.8629022836685181,all_rows,512,0,0.00616002082824707,0.04991102064959705,0.012934022783883847,0.37229244187474253,0.279421791958157,1736dec01085c3840e2a4e644e9a39cc:0:0,7adf1b80bd0a1f7b3525c68bde9162fa:0:0,b5c122d0acaaa5ce62b8e21304939902:0:0,92a814555b92dc0f30f888abe8201888:0:3946523720,8fd25edf48d69ddfe4018053afae8889:0:2632909482
843,B,443,0.02028663642704487,0.8657407760620117,0.04507429897785187,1.2204508781433105,1024,512,0.02028663642704487,0.8657407760620117,all_rows,512,0,0.00028459331952035427,0.032658834289759395,-0.029454409860773013,0.3746673181653023,0.19411031599156559,21fc984d9b224c79bfe0d524045631cc:0:0,e05f58a1b3700fd38760cb06f11c50f4:0:0,ba1512b4eb7381cb82d50db5fe814503:0:0,b5d9bbfd39284ab511e8076016309d88:0:3840506054,2b8087b0dcb1b8c5870594999cf50a5b:0:2813010244
844,B,444,-0.0343174934387207,0.853351891040802,-0.07845894247293472,1.2013534307479858,1024,512,-0.0343174934387207,0.853351891040802,all_rows,512,0,0.004565919749438763,0.06079001914476976,0.04989331613178365,0.36343526691198347,0.20012756797950715,6663fcb4f09f03c987f61a404b1229cc:0:0,6ab08e90ea728919c4054edc6125db79:0:0,01491365f90aca38c635b709c05ec5f5:0:0,05a525664efce32d76d6a9b4d8ed2288:0:3115959913,da8ed484708d4a3ea6927c2710be41a6:1:1923255680
845,B,445,-0.0010571223683655262,0.8045754432678223,-0.010168338194489479,1.1341118812561035,1024,512,-0.0010571223683655262,0.8045754432678223,all_rows,512,0,0.0001537717180326581,0.04165413164300844,0.01263731982326135,0.32380490377545357,0.29098414594773203,8328adb59da6bed67abbe99922ce21cc:0:0,dff7e1a6547f9a0afae7e3fd38049e47:0:0,796d9f29b9b27494830e3892adfefe68:0:0,8202b9d4a63d246db5da564c8055a788:0:644383717,3bc3b30f29b761864bd53598df6ec0cf:1:2233843802
846,B,446,0.01418463047593832,0.848422110080719,0.030626807361841202,1.195823073387146,1024,512,0.01418463047593832,0.848422110080719,all_rows,512,0,0.00334551022388041,0.0751218827906996,-0.0180453548906371,0.35998304188251495,0.23289631999796256,856cb84353f99f4e0b480f0e8b8a19cc:0:0,219339490515b6c0e28c709b55f24524:0:0,8b87788c399a49c6c6cfa4ad9efbb173:0:0,1d162d1f288cf8eb210556895c6a2c88:0:3329763063,fa55178e69a3e156588e2f26465c801f:0:2339168928
847,B,447,0.018783854320645332,0.8755073547363281,0.043519631028175354,1.2339684963226318,1024,512,0.018783854320645332,0.8755073547363281,all_rows,512,0,9.312282782047987e-05,0.06905445500742644,-0.02400706471671583,0.3831591844558716,0.19312892999732867,cd47edb66b27a3c78b745680854611cc:0:0,8345ade6b9ef84aae31f28885e1cae65:0:0,5693b3595dc34f2ec1d28dd9cc338c69:0:0,81e15421b2b50fdb1e2b568dbd2ab188:0:262127187,c7f09ef8da4b990d778d37370fdd2d22:1:3571968715
848,B,448,-0.015461241826415062,0.875586748123169,-0.029996510595083237,1.2345093488693237,1024,512,-0.015461241826415062,0.875586748123169,all_rows,512,0,0.012284977361559868,0.10040337853133678,0.010002081171842292,0.3834818251430988,0.24308265699073672,1d67b25ca6b84863abde8bcf100209cc:0:0,7ded39edc62f05574bcb1d8c5c6e34b9:0:0,1f013e6be5156e7ad3e6556d6c5a1335:0:0,6d069ae72956db1aeaa6653bf2973688:0:2017309264,38b0f7e1fdde6c0f7b310a769476633b:0:1020333575
849,B,449,-0.019332312047481537,0.8553256392478943,-0.03215394914150238,1.2063348293304443,1024,512,-0.019332312047481537,0.8553256392478943,all_rows,512,0,0.006290160119533539,0.034530294220894577,0.008491876046173274,0.36595855951309203,0.2986286620143801,b58a854a7fbf376bfbe87ada2bbe01cc:0:0,559b299798b35e97e4f2b1c198818d54:0:0,956cc5dc67fd0c965a2d20839341fe0a:0:0,e46becc9c5c0c80f0b1bf4364cafbb88:0:3087826884,8faa3df69caae3b98bea8638ea769f1d:0:3470495636
850,B,450,0.024647658690810204,0.858103334903717,0.05563945695757866,1.2097783088684082,1024,512,0.024647658690810204,0.858103334903717,all_rows,512,0,0.015300112776458263,0.09266488030552864,-0.030560533655807375,0.3680274747312069,0.1940850099781528,21a9018d2fde09f269b7ef81d879f9cc:0:0,ce81c9d784ff2db1e3d98ef5d6b6f61e:0:0,f223b7a436d715b4fbda80bedbe300ab:0:0,be28fdef248f09ca6741d7df1b744088:0:1415610358,b5bc1a4e9e95dabff4c4c0e3e1415e3c:0:3580624548
851,B,451,-0.017719727009534836,0.8730965852737427,-0.03159240260720253,1.2318153381347656,1024,512,-0.017719727009534836,0.8730965852737427,all_rows,512,0,0.0012246676487848163,0.025230874691624196,0.01704002477345057,0.3811585299670696,0.19299561198567972,099c951dbbb31870c236b5a61635f1cc:0:0,136fceef8ef95fb6a87b24f72c2fe553:0:0,4719ff59b4952cdd278a7e9e90de0cc8:0:0,f8dfa41bf8580acd11a34758aee4c588:0:2784201997,c750387d52af134105e8397bfe28eedc:0:8607299
852,B,452,0.04296642169356346,0.8577545881271362,0.0758039727807045,1.2087386846542358,1024,512,0.04296642169356346,0.8577545881271362,all_rows,512,0,0.004986691288650036,0.024436666758265346,-0.03491677632555366,0.36778477281332017,0.1938069419702515,c70aa6353ab55b6831129926e4f1e9cc:0:0,c62136dc709f29f1694dacf052030522:0:0,ecb98132ad804ca987899720ab4559c1:0:0,0781c78ca0365caabb65dc8557014a88:0:1584532868,890980d04cbc89bb9607e11220b917a5:0:2600560519
853,B,453,-0.047141898423433304,0.8628082275390625,-0.10385972261428833,1.2145096063613892,1024,512,-0.047141898423433304,0.8628082275390625,all_rows,512,0,0.00024919118732213974,0.07920618243515491,0.07155360438628122,0.37127319574356077,0.24752603098750114,d9495be29a7d5c00c0bd65e444ade1cc:0:0,bfc3291f59affa3cc8a1a3a0ae04f2f5:0:0,47d0f1b0fcebc7b29e58383a659cdb38:0:0,e24035f84494bbe8d40e940763c9cf88:0:1319239463,a0395dd1a71266d9d68327602a43a84b:0:2978828750
854,B,454,0.004102631472051144,0.8480961322784424,0.01735604926943779,1.195677638053894,1024,512,0.004102631472051144,0.8480961322784424,all_rows,512,0,0.006400909274816513,0.05417320653796196,-0.008945162524469197,0.3596416011452675,0.30785291601205245,78d9bb021b7b34a8da6ce7be3569d9cc:0:0,c02335c5095e89666f47ac5597c69ca7:0:0,353dfe8e7998f8d01f59f2941ccee766:0:0,93d464cf84337e645546cd41253e5488:0:3926971054,b664c9f7c06870bb9a17611c1b693ac5:1:1197398026
855,B,455,0.005426298826932907,0.8476960062980652,0.011634036898612976,1.1952643394470215,1024,512,0.005426298826932907,0.8476960062980652,all_rows,512,0,0.0023057153448462486,0.08942786800907924,-0.008317931415513157,0.3594283752143383,0.3037641730043106,8df144f6c519a1b4c61aea94b725d1cc:0:0,7dc54226bea79ca00234d990f5446728:0:0,8d46cd5e5d83344185d7ad786d26a437:0:0,a2835ed227f1828f3aa14a54eb5ed988:0:2261561179,33045be98bc45d127a33059bb82fde18:0:816092021
856,B,456,-0.029324613511562347,0.8658719062805176,-0.047945886850357056,1.220931053161621,1024,512,-0.029324613511562347,0.8658719062805176,all_rows,512,0,0.00743438396602869,0.05589380640303716,0.025957080730586314,0.3749513357877731,0.3054192650015466,2763c1c60f4e21fe2a853a47c9e1c9cc:0:0,ff694f6a5d7fdfea8fe25fe6762961de:0:0,2b17099d8e694e2cdfc871bcb505e418:0:0,d5da6eecc57575d5a55f3025062b5e88:0:720784922,3e63c39c7ca2b9f9647dfa3c989b8175:1:1897444412
857,B,457,-0.0002632966497913003,0.8290930986404419,0.0088767409324646,1.1689869165420532,1024,512,-0.0002632966497913003,0.8290930986404419,all_rows,512,0,0.009687671437859535,0.08847760513890535,-0.006607413425808772,0.34375561848282815,0.3072675070143305,410c5b75ff9627838d2da2b76d9dc1cc:0:0,4eb6d258ca30a7bfe81a71430bfe5a5f:0:0,473f341b5a5e665f8213d01543e9cf5a:0:0,1889a19baf67087aac350653c5a3e388:0:3402822303,35c20b72086f03f92799d3fdd457275d:0:622891742
858,B,458,0.024962352588772774,0.8507620692253113,0.053951144218444824,1.1989357471466064,1024,512,0.024962352588772774,0.8507620692253113,all_rows,512,0,0.008732667192816734,0.03764015132328495,-0.03457727440545568,0.36168771535158156,0.31160167598864064,329baccdf7615807d259efc3a259b9cc:0:0,95c5c83a3dbc086781c10ee85368e62f:0:0,324fd4b6bb8e15d2348429bd4c25efa1:0:0,e37a49800d7a653cd70fb74379c86888:0:1979630452,f387d64013ad61a18b3fc5fb64dad9a2:1:2340502455
859,B,459,-0.03874346986413002,0.8219798803329468,-0.07716832309961319,1.157668113708496,1024,512,-0.03874346986413002,0.8219798803329468,all_rows,512,0,0.00749572366476059,0.08594300334807485,0.046447755780536684,0.3374701105058193,0.3178094410104677,816ee1da71e8ddb1bd13ed4c6815b1cc:0:0,2d3cd23544b7850827aef9a416b40fbe:0:0,f82292f4c718dcb19eb81c181c757e7a:0:0,80effe127723031246d990167298ed88:0:96202394,3f0a9cdf7ca9a7556967bbf38dcb8b02:0:1487842522
860,B,460,0.021580783650279045,0.8417524099349976,0.03405124321579933,1.186884880065918,1024,512,0.021580783650279045,0.8417524099349976,all_rows,512,0,0.0031197210773825645,0.06383331445977092,-0.018647587462328374,0.35441358387470245,0.30951075098710135,09ca84d3ef73c7ab6f296731bed1a9cc:0:0,e5f933f07bf25179009b21a0a4b5923c:0:0,6d5fd3ac78d1d879e3491f653470e522:0:0,85930717f155a74c893f40af00157288:0:2023779042,266fcfb1de68013b9e09e60921ac46a5:1:3478926100
861,B,461,-0.002185889519751072,0.8819893002510071,-0.019385628402233124,1.2438578605651855,1024,512,-0.002185889519751072,0.8819893002510071,all_rows,512,0,0.0016262871213257313,0.03632964852731675,0.013566898740828037,0.38891811594367026,0.32174899702658877,85820e494c087ac1e92c2953a68da1cc:0:0,1abbec5f5d52793ce6d14d3726a87298:0:0,8b83af1d35b502e73e37811d914d387f:0:0,0aa81f5eba542e741874dbaf723df788:0:79114556,005eba34baaeb3141b2bbb000c38f007:1:460652852
862,B,462,-0.007859449833631516,0.8345280885696411,-0.01748933643102646,1.1766387224197388,1024,512,-0.007859449833631516,0.8345280885696411,all_rows,512,0,0.0037640868686139584,0.05979307754896581,0.01168868622771697,0.3482754059135914,0.32653990102699026,5fbbcbadbf8b32048a71ff921f4999cc:0:0,84338d81ead68beea45faa1c9b921f84:0:0,21b4239909e5b0dd3499ddf7fc987416:0:0,2bb187fbde10722b86fad67a19127c88:0:2833994452,32c11af12f1fff60aa2b745386870e79:1:295276198
863,B,463,0.023754965513944626,0.8593273758888245,0.03667847067117691,1.2116671800613403,1024,512,0.023754965513944626,0.8593273758888245,all_rows,512,0,0.009976599365472794,0.08427123117726296,-0.011522718303967849,0.3693426989018917,0.31506552698556334,871f2baac5498f649114b5cd290591cc:0:0,4d8d99e470d8dc4b4c9fc81fc01c676d:0:0,69bf89d55df539c35744b607e06eed6c:0:0,328975752246626a5763093144930188:0:1042701991,d7cdd31161a138f062e72eee14d468e1:0:1475345323
864,B,464,0.056765682995319366,0.8746945261955261,0.11048851907253265,1.2309799194335938,1024,512,0.056765682995319366,0.8746945261955261,all_rows,512,0,0.005637881811708212,0.09690843413118273,-0.07053094899165444,0.38178525045514106,0.31242323899641633,8951fbd628f33c5499f217e4c3c189cc:0:0,4de6713f4d9a2dae9eddbf34930260ea:0:0,293fe78d5f8a868aaaf69cd2e6ded2f1:0:0,1fc92ca07300285f8015aeb744bf8688:0:2940188932,bc808bf267821c23d67815c74e47bd89:1:1013601163
865,B,465,-0.05871006101369858,0.8440001606941223,-0.11619769781827927,1.1871992349624634,1024,512,-0.05871006101369858,0.8440001606941223,all_rows,512,0,0.004697589669376612,0.06958683663979173,0.06822410924069118,0.35523518845438956,0.3019982620025985,b4379fac76ff9a6820abf1b8ef7d81cc:0:0,f3c02268dbf8f57006c600ec6d7e46b6:0:0,3322a5f90c82638fafc6c93dee2be1f6:0:0,44a0383696c9e94b9b1664ae69980b88:0:4049727451,2e36d80e13d806d3563eef19be6f46f5:1:80675078
866,B,466,0.004851776175200939,0.8515661954879761,0.033089473843574524,1.1997140645980835,1024,512,0.004851776175200939,0.8515661954879761,all_rows,512,0,0.0038670734502375126,0.048731805151328446,-0.03474321708199568,0.3622238390147686,0.3059567930176854,42ebc4f00e8083f2ffa80f29ac3979cc:0:0,77750381e72cb3cacc4b832602847274:0:0,9dd6137761a13d8a54675d41e9cf5e8d:0:0,9f03d4ce956d7fa2c1c92b79031c9088:0:1865212894,c72c012760e8df72faf3e356c0b5a788:1:4047032366
867,B,467,-0.00439831055700779,0.8519534468650818,-0.017938781529664993,1.2014350891113281,1024,512,-0.00439831055700779,0.8519534468650818,all_rows,512,0,0.011712686158716679,0.07075006822124123,0.019639507168903947,0.36296155452728274,0.3102430659928359,bdf095cd12621ca8f0103c16f9f571cc:0:0,ca599d10c52d309cf5587c8eb39c6a6a:0:0,c276bf3689e95909e9ddc4da5e2f647e:0:0,514a31dde4a140c614b76639614d1588:0:3310675039,2c1af767cdee6d1d65a32b6c6bc2791f:0:2152281915
868,B,468,-0.04301184043288231,0.847058892250061,-0.08827220648527145,1.1929454803466797,1024,512,-0.04301184043288231,0.847058892250061,all_rows,512,0,0.011461768299341202,0.09483559088548646,0.05797812600212637,0.35825107917189597,0.30492662504548207,af7ee5627817b23d09d24460d8b169cc:0:0,29af9c8c1ad5ac7529047b98c299f349:0:0,d107bdf1d352dde202e8f0a70ac1b830:0:0,e593ee1b1ba7a5a4ef54dad1d4299a88:0:1671062887,8ca98a7d64eff5e7356dd407f35536e5:1:1391941728
869,B,469,0.025401515886187553,0.8335437178611755,0.05894465371966362,1.1744167804718018,1024,512,0.025401515886187553,0.8335437178611755,all_rows,512,0,0.006492473650723696,0.10682344113010914,-0.0371402352975565,0.34708084613084794,0.31011162197683007,9e554f9071b5ad01439ff3e7486d61cc:0:0,5da7222e11a9cf5f33c313ef01eea987:0:0,8f4e02102ed30f0248522772ba329a1a:0:0,241f0ee9a1706c95c7c4b1e4abb21f88:0:2398219743,00bc52c6fe6c73fa68a0301c3e777fc4:0:1746690778
870,B,470,0.016517996788024902,0.8305423259735107,0.030856041237711906,1.1711674928665161,1024,512,0.016517996788024902,0.8305423259735107,all_rows,512,0,0.00762153510004282,0.03160533157642931,-0.01525767573621124,0.3449412100017071,0.30057222704635933,eac9c12c71789085f2ef168a492959cc:0:0,03598a8d51327cd578050607cdcead1a:0:0,067e35b6aa3c0ea4f513613ff2b13b2c:0:0,fa52b7f0805e8ab6ba9e76d437e6a488:0:53675154,5e285fb79c4fe437aa629354c57812b8:1:1877811176
871,B,471,-0.040024399757385254,0.8527894020080566,-0.08377660065889359,1.2009360790252686,1024,512,-0.040024399757385254,0.8527894020080566,all_rows,512,0,0.00013071729335933924,0.05095731713809073,0.05440873925108462,0.3630682215094566,0.3050661829765886,ab3f59fb04b90c394bf97829dae551cc:0:0,5cd49f287c875e139c5f71e76b3c0bbf:0:0,dcadbbf2964acc27b8454beb4d3065b0:0:0,ba9d845947690325c2b317c2c8c72988:0:1315847864,4de9f8e3b8a5caefa1179f087aad8243:0:152411551
872,B,472,0.0848279520869255,0.8684182167053223,0.17971856892108917,1.2175827026367188,1024,512,0.0848279520869255,0.8684182167053223,all_rows,512,0,0.0028659356757998466,0.03887790367007256,-0.11242890642024576,0.37414020001888276,0.31032776803476736,fe79160fc44d1c06e1bce4a5fda149cc:0:0,4e4a6ac40e3bc73e48145b973690c73b:0:0,5d62cf29651242346059d295a173f9a3:0:0,a4875119a1df7a609cd1e592ae53ae88:0:1166526058,da61cf1198b57a9dcaf5b39dc8b0c334:0:1374826816
873,B,473,-0.041362322866916656,0.8466576337814331,-0.08300735056400299,1.1924914121627808,1024,512,-0.041362322866916656,0.8466576337814331,all_rows,512,0,0.0038875702302902937,0.08153832339448855,0.04820794523693621,0.35792284086346626,0.3063912170473486,7b902873985638f725fb27deb15d41cc:0:0,8758022d3d2b824b5dd294be2fe707f8:0:0,b22a66d3475d68b7346cacf085c539ae:0:0,0a8a91c715ae1c1c578d93e6388c3388:0:390185096,f2b2064f24bc078ad6ef07023a1a81a4:1:1171264721
874,B,474,0.09248568117618561,0.8510423898696899,0.15368877351284027,1.1972928047180176,1024,512,0.09248568117618561,0.8510423898696899,all_rows,512,0,0.006448937114328146,0.03268453857162967,-0.07529127255547792,0.3614568017423153,0.3034914270392619,709b6d318d7c99cee93a0db3f61939cc:0:0,e74b204cb8464d03e757aab80b511b36:0:0,21a688f2e22c943377929d9723d25833:0:0,4da34a74238f29e48f01391fb770b888:0:4063074388,19c8c9febc42db90bf63e63bb77a1499:0:647670975
875,B,475,-0.10688954591751099,0.8223394155502319,-0.21588540077209473,1.14927339553833,1024,512,-0.10688954591751099,0.8223394155502319,all_rows,512,0,0.0006986426888033748,0.0645926941651851,0.13152744095423258,0.33459936156868936,0.32136096397880465,8253d52a799783aedac36205cbd531cc:0:0,f6b41ef44223dd72634b54c4db50b4fd:0:0,a39b1efc8f120881ba2853cc37ad6648:0:0,a0472ba4d52b48d254954e617b013d88:0:3316525685,a294f912eb41e5a5df9ccc7d4bb86070:1:1872820613
876,B,476,0.015845146030187607,0.8452204465866089,0.053690217435359955,1.1903306245803833,1024,512,0.015845146030187607,0.8452204465866089,all_rows,512,0,0.00528509309515357,0.11483742069685832,-0.04880073168314993,0.35653366297483446,0.30698925600154325,f8382a4fadc2aab308a4f0b4329129cc:0:0,faeff0d4235b2eb60a4d4962f4c962ff:0:0,6403a188fbaa6fa7caa4f55059e0be60:0:0,cfba0c329abc64aac2c4af8dd33dc288:0:3564628272,c8039606473f17e21fbc06486b5c6b5d:1:3826486040
877,B,477,0.00908021442592144,0.8446832895278931,0.014868469908833504,1.1909514665603638,1024,512,0.00908021442592144,0.8446832895278931,all_rows,512,0,0.009441920556128025,0.052007420046720654,-0.005663109767192509,0.35677811652421954,0.30599031096789986,91e10724f3e0a2925fb0859f2a4d21cc:0:0,18067ef587e9b469b5c5d72b41a442e6:0:0,8a4d97cc8674f8a83656859ebff50c4e:0:0,130562a83459beb53ce19b4710264788:0:3539881886,aa165640b15a42bb010770b16c9f7def:1:3161944399
878,B,478,-0.026652952656149864,0.8470433354377747,-0.05628824234008789,1.193981647491455,1024,512,-0.026652952656149864,0.8470433354377747,all_rows,512,0,0.0010799524607136846,0.02642196387751028,0.03564117801142856,0.3585789516568184,0.31095128000015393,2b5c58aa158a5f3e2b7beca6b30919cc:0:0,82021894fe59258089f380382a8c2cf2:0:0,df36e3fdfd80f0a1fb1f56c1b7cf1705:0:0,d82406e242a67e995adab2ef81bacc88:0:4207949580,beac0ce096fb22289ada0df938bd18f3:1:36920460
879,B,479,-0.008290668949484825,0.8064174652099609,-0.010245949029922485,1.1364247798919678,1024,512,-0.008290668949484825,0.8064174652099609,all_rows,512,0,0.012562107294797897,0.028179972770158202,0.005890930406167172,0.325248521566391,0.3072202029870823,b7863e0c2a6bc5819660f1aaccc511cc:0:0,389f9698078ad29c9a6b44ba41819413:0:0,3c2903b597bb8fd82425297cf7bd2397:0:0,29235843ff2edb9480fffaa977fb5188:0:2267707176,c326cffd93411817622a47509616dd2e:0:2293040471
880,B,480,0.007269599009305239,0.8258702754974365,0.024097703397274017,1.1640220880508423,1024,512,0.007269599009305239,0.8258702754974365,all_rows,512,0,0.00041860633064061403,0.0011750497156754135,-0.01778824900393374,0.34116076603531836,0.3089013309800066,306b95beec0d4ba1297d608b778109cc:0:0,a0c5ed5dc6e414cb264b346826f832ce:0:0,267346e474d9e99bfb65131d3a05467c:0:0,66c81f3d8652b45723c7d95742e7d688:0:1521577890,f68a6e2cb38399a850b178e1199ef95f:1:836286061
881,B,481,0.08698300272226334,0.8524432182312012,0.16147758066654205,1.1973403692245483,1024,512,0.08698300272226334,0.8524432182312012,all_rows,512,0,0.0005600129952654243,0.04802435595775023,-0.08716222889488563,0.3619295805692673,0.3056523239938542,0ed103de4d0aa9fa4cb30528b33d01cc:0:0,2a8fb963a04690996e49df3cb4ae4cc6:0:0,9bceb5b47d2f9305fea4c3efff32d215:0:0,c5f2ace60b2f2bd9b794189b32805b88:0:1514052823,b074f9681265607e178e590e28aef006:1:107195577
882,B,482,-0.027069492265582085,0.846453845500946,-0.08086208254098892,1.190970778465271,1024,512,-0.027069492265582085,0.846453845500946,all_rows,512,0,0.007301661651581526,0.028010003350209443,0.061212676139257384,0.35714125707745553,0.3063302179798484,a2ffb9f891b69ba2c6a7ab627ff8f9cc:0:0,23a775e4723ea28df0cc76161b711078:0:0,1de69911f3f374919df3871c5417f782:0:0,3317b3b4418ba1794c76e4d796c4e088:0:521664021,99ce6c5d3f1ed8f3a3bcd8bb23b273a2:1:2557653677
883,B,483,0.008117252960801125,0.8462506532669067,0.014745846390724182,1.193367600440979,1024,512,0.008117252960801125,0.8462506532669067,all_rows,512,0,0.0008725784718990326,0.05205305183771998,-0.005202241364168003,0.358128060400486,0.30344806995708495,49f7c4a1282baf083cc51f18ddb4f1cc:0:0,3ad00ceb93a0113d0a19edf822721d92:0:0,a7b94340626fee66eae2f47903310371:0:0,aa41439642611aabd5f7cd2ebfb56588:0:2923394335,8c1a789b2bed3091461b20dd4e140cb1:1:3435079556
884,B,484,-0.06394808739423752,0.8054298162460327,-0.11080189049243927,1.1336569786071777,1024,512,-0.06394808739423752,0.8054298162460327,all_rows,512,0,0.006579655688256025,0.049709118576720356,0.05574703611782752,0.3239006869494915,0.30216527002630755,f31e1f6c7dca268fb3392c2bcc70e9cc:0:0,59ab69575aa5ae670b07de367a6e3224:0:0,4703f9fcead7805a5531bbfcfce9e95b:0:0,d78eb47c2d25f49c1ed8c382fd51ea88:0:3015702147,92880e3e120eab7f77d7623b490e0cd2:0:1437600378
885,B,485,0.06316757202148438,0.8568630814552307,0.13230560719966888,1.2042255401611328,1024,512,0.06316757202148438,0.8568630814552307,all_rows,512,0,9.575567673891783e-05,0.03234331188723445,-0.07998302231280832,0.36567544043064115,0.3005843499558978,bb6b4c351022e9350cf59e7b4c2ce1cc:0:0,57bc6130fe74645bcee72219efda3f65:0:0,55fe40d0fedd612e32822502caa9117d:0:0,52fee781ca9a73fd68db1c769f9a6f88:0:29840290,b8c99ee6a3e08cdc13567d16daf19949:1:2411848772
886,B,486,-0.030324086546897888,0.8484637141227722,-0.061544641852378845,1.1955639123916626,1024,512,-0.030324086546897888,0.8484637141227722,all_rows,512,0,0.0016871454427018762,0.07121394132263958,0.04121419302537106,0.35977304726839066,0.3041539439582266,8c05a6c9f74f832a8bb041e75ce8d9cc:0:0,c20d489ff85cd7544eb8c1b24e2e195a:0:0,12ca3e329e2cccb462fa76491f85b3bf:0:0,5dac3aef7d658966b8848f6bf68ef488:0:3606830538,683c728444a1380241c4c31bc79ba627:0:3467086154
887,B,487,0.04935868829488754,0.8880062103271484,0.09080004692077637,1.251327395439148,1024,512,0.04935868829488754,0.8880062103271484,all_rows,512,0,0.003387097269296646,0.006037254200782627,-0.04738347494712798,0.39394553676247596,0.301455220032949,ab112a6727b736784fe2e24ffea4d1cc:0:0,448ae406db133e99ecd9b0e83bcbdb02:0:0,b76a827a1257f4534a1327b00a6c9db3:0:0,c8c542f5d963e085cce43685522f7988:0:1562125011,28038ecc524c7241ae9dc389f43dc4ed:0:2871109523
888,B,488,-0.04756602644920349,0.8437398076057434,-0.09528983384370804,1.1882013082504272,1024,512,-0.04756602644920349,0.8437398076057434,all_rows,512,0,0.009271733462810516,0.07988811952527612,0.058023032810160656,0.35541196539998055,0.29962307296227664,0654da97a9411b9bd8cb4b953160c9cc:0:0,0d104d5e222d89a4a858fa6a3f2518bf:0:0,b7cbbd46f53d944618f6ed2b0dbf936d:0:0,3b838afd4c1e1079c3578ea5027bfe88:0:3150439248,7d9677b2b211e1f6635d8390465d7476:0:3902352128
889,B,489,-0.030003327876329422,0.8152138590812683,-0.051435310393571854,1.1484286785125732,1024,512,-0.030003327876329422,0.8152138590812683,all_rows,512,0,0.010174713097512722,0.058505135029554366,0.025446821679361166,0.33226932510733603,0.2911066400120035,b0247d6201f35227846b4996f51cc1cc:0:0,765c7944120913892870635a46c75c8f:0:0,ac16ffb9d7364a2243ef2569987b9a80:0:0,45bf5c50576d83a5674f776d57748388:0:2148962680,f75060ee35de668eb8c8c80cebd2eadf:0:2093303574
890,B,490,0.05732462555170059,0.853749692440033,0.09507634490728378,1.2027593851089478,1024,512,0.05732462555170059,0.853749692440033,all_rows,512,0,0.00040934502612799406,0.05463162284577265,-0.04005948596168309,0.36418424621224404,0.29057995101902634,8fc3d0df11ff41620f88a83549d8b9cc:0:0,92aa21ec6ab05893f3ff2de74d03e069:0:0,7b7a974feeb5e989a594684d9dcd39a1:0:0,78642176faea6d492e153340a1190888:0:1875744517,3a6db15456095907f1ee49d5830c340a:0:3023515151
891,B,491,0.0020080055110156536,0.8369890451431274,-0.0031167464330792427,1.1802221536636353,1024,512,0.0020080055110156536,0.8369890451431274,all_rows,512,0,0.006713578477501869,0.060095480701420456,0.010260335961356759,0.3503199055790901,0.30195123504381627,a736e29b9f3ae8e615ad33502f94b1cc:0:0,592aca533433bd3f1bc604ff394b183f:0:0,3d8307ea7cd21fa837dccda909a866ed:0:0,cdde2479094fe334de8f67412f698d88:0:677840068,6e01cb69477d514b6dd6f9421709df22:1:244436256
892,B,492,0.011326903477311134,0.8358436822891235,0.01842491328716278,1.1786351203918457,1024,512,0.011326903477311134,0.8358436822891235,all_rows,512,0,0.00012186181265860796,0.13979496165411548,-0.002251679473556578,0.349480814486742,0.30063303001224995,8929ab64ce0741419126b6c7a650a9cc:0:0,8ed803379734ed003905f567d98e9bd1:0:0,057a2df4db96c0b64b1abfbc60507a3d:0:0,415414174c95f1e0e5071b5152661288:0:3815285843,7f1fee260464ba8903cae8e70624e88a:1:75539462
893,B,493,0.02293913997709751,0.875874400138855,0.052744124084711075,1.2348216772079468,1024,512,0.02293913997709751,0.875874400138855,all_rows,512,0,0.0029788140673190355,0.0914466807153076,-0.032814635889371856,0.38337622955441475,0.3060480569838546,aa478e5fc5a3ac955b06fe7bae0ca1cc:0:0,50ecfcdd11b7d1f26fcdbb10019329e5:0:0,b7116b5fc50d2bb8e26f9ffca7bbaeb2:0:0,1a5b3b8c8614413f52ecba135a0e9788:0:3710049798,78d494595b17888551f0d1b8dfb7ecab:0:310481080
894,B,494,-0.002258515916764736,0.8342553377151489,-0.002893466968089342,1.1762144565582275,1024,512,-0.002258515916764736,0.8342553377151489,all_rows,512,0,0.0026847166009247303,0.08036070205271244,-0.0009434567095013335,0.3481981359422207,0.3019920060178265,2201d68cbdee7734ab23d64c46c899cc:0:0,35b87d761ce6d41b5a9bee611567f935:0:0,cf1a4a007a67a1703e8b564e216fd04f:0:0,cc5d443b8792a0948a9d10e996631c88:0:177881662,71c96463ba7f4b312a52b6251fa4aada:1:1572740789
895,B,495,-0.01691887155175209,0.84160977602005,-0.029641669243574142,1.1864222288131714,1024,512,-0.01691887155175209,0.84160977602005,all_rows,512,0,0.001438076957128942,0.0586009330698289,0.014622190571390092,0.3542127266526222,0.30510130897164345,2f62ca15b492684498170a19708491cc:0:0,4cc674f4ba038b1f8ae87375efffa507:0:0,0fc9e5d821e7e339f11b8c63635a78e5:0:0,caac9b82d6bf8fa797264ff65763a188:0:3038584951,1d5ef289d383105271e5e08abd57167a:1:1356428836
896,B,496,-0.020034514367580414,0.862825870513916,-0.03954074904322624,1.2161892652511597,1024,512,-0.020034514367580414,0.862825870513916,all_rows,512,0,0.01212061382830143,0.04500351210590452,0.02321076989173889,0.3721992030739784,0.30726395500823855,6f21670907a1625b973e65c32b4089cc:0:0,7668db4433160efca3fc0a3207499d65:0:0,16b20bf84091d27e32182e9de72c4248:0:0,69a66b6c86179b9a300d0a1bed102688:0:3253683350,bd2729b92c8f24e223832016e6cbaf76:1:325031049
897,B,497,-0.029003748670220375,0.8109971880912781,-0.04770839959383011,1.1434966325759888,1024,512,-0.029003748670220375,0.8109971880912781,all_rows,512,0,0.01237229909747839,0.024399104120675474,0.022396032756660134,0.32890590876340864,0.3057074280222878,20b85960339c1420fcbbb52976fc81cc:0:0,e4e40c06cf8e2a4058fef2ddc91d65cb:0:0,cb7d867b6d331d75986f111fe0f6e83a:0:0,3a2605c62cdb25b8691134fca768ab88:0:952192220,504f566391779272118b3e1c5c19994c:0:3769885724
898,B,498,0.055760663002729416,0.85633385181427,0.08809933066368103,1.2073169946670532,1024,512,0.055760663002729416,0.85633385181427,all_rows,512,0,0.01798209920525551,0.0623901066952385,-0.034547101729549466,0.36672852709889414,0.3075441319961101,20c93672f2e6b8ec7b74c42c53b879cc:0:0,73f63469098fb5bfda60f8f533a4e9a3:0:0,da7ec7410c5d650da18072e385fb05b5:0:0,c42789052b42ea900df328fad66d3088:0:1358954135,17474e78fabf53fa0385be2462564d35:1:2024150914
899,B,499,0.019292008131742477,0.8379526734352112,0.04127724468708038,1.1811152696609497,1024,512,0.019292008131742477,0.8379526734352112,all_rows,512,0,0.020844990387558937,0.11983434902504086,-0.01919219297124073,0.3510460674762726,0.3050279990420677,5f938636fcaae965a5135eabc17471cc:0:0,19be191e1b935d77814e131dbccf38b6:0:0,262c0829c6a1704bb2d27c8e7cd4475a:0:0,85028fe2b0b65f9faa38a138ca1db588:0:1029043467,c7103990d6f3d84873cb32c20394620f:0:2242472627
900,B,500,-0.02926449477672577,0.8376731276512146,-0.06285311281681061,1.1805578470230103,1024,512,-0.02926449477672577,0.8376731276512146,all_rows,512,0,0.0020751161500811577,0.0535088223987259,0.04116274468251504,0.35055332258343697,0.313536802015733,92bd9eeca1267c236a055087c03069cc:0:0,8c95c4ea67a93064b612042c51bd323b:0:0,16dae5b2e6b6959519155a940a56a269:0:0,a528627d4759bded3cf1bb98d27a3a88:0:4073361859,203262658ddd71344855f166c3e7df52:1:1718118291
901,B,501,0.0016634287312626839,0.8511315584182739,0.01582944393157959,1.1999033689498901,1024,512,0.0016634287312626839,0.8511315584182739,all_rows,512,0,0.003164395224303007,0.016280037327669562,-0.018486671335995197,0.36227310821413994,0.30676008004229516,b21bd4188167764b997c65a04fec61cc:0:0,d628dc668116bc301de5d79b9eea7013:0:0,91b14cdbab291c46035a7eae6b8c28b9:0:0,665c2cb6fadc4fd4987df8bd3f82bf88:0:2943889023,1ca8c58dcc642efef36d707c6c5b3ab8:0:2380237675
902,B,502,0.004209369421005249,0.8570362329483032,0.004766806960105896,1.2086423635482788,1024,512,0.004209369421005249,0.8570362329483032,all_rows,512,0,0.002884154673665762,0.11958711273036897,0.003314495985978283,0.3673524774610996,0.30759230098919943,7788f5eaa0750c32616e69d570a859cc:0:0,48c227ffa81ec3e0413d837fda37263f:0:0,26f3f3a70e1ed7e466c1d25e5d8be0da:0:0,6bca4c238802585d6e513c0861374488:0:1296512321,942541de6689a6475942190bec0454fe:1:2891214741
903,B,503,0.022263802587985992,0.8565139770507812,0.041402317583560944,1.207772135734558,1024,512,0.022263802587985992,0.8565139770507812,all_rows,512,0,6.032059900462627e-06,0.018302919843699784,-0.021727706282399596,0.3668158985674381,0.307697765994817,9a419a730be5b1f9ce952907226451cc:0:0,d086db17c66e5ba1becf190265194a0f:0:0,a3cdb94c5f33c5c406bd753762de8408:0:0,321b42d55ef8aa6906b8cb9c8797c988:0:1041451576,7b032e830acb179030e2cfa1937687ce:0:1727414649
904,B,504,-0.05833936482667923,0.8519320487976074,-0.1267867088317871,1.1973482370376587,1024,512,-0.05833936482667923,0.8519320487976074,all_rows,512,0,0.008323976770043373,0.17371373721398414,0.07261684390250593,0.3614121049642563,0.30585669103311375,d68a264459e23c314c6e6f15652049cc:0:0,2b1afa701c29a55bab9e5f9276dad22d:0:0,096178dee1a9fdba44b7ca6fb1b6708b:0:0,854efe5ea412c607a4a0505c02a44e88:0:1398490183,90628d572de077b386c8987148be235b:1:1716905294
905,B,505,0.04917804151773453,0.8713513016700745,0.0990680381655693,1.2268359661102295,1024,512,0.04917804151773453,0.8713513016700745,all_rows,512,0,0.0032893498428165913,0.11955142559017987,-0.05941883258055895,0.37903710305690763,0.3070202649687417,02b606643a961075253c07e038dc41cc:0:0,18999741f4e285a4531dbf951c9c91e6:0:0,ec99f8b8af5d71abbb9028823bc9e03f:0:0,1c0ff618c12712459556d5e9225cd388:0:2601693767,ccb344ec4a8cf523ec87e1ed74245149:0:2493523925
906,B,506,0.031136898323893547,0.8469584584236145,0.04507920891046524,1.1940290927886963,1024,512,0.031136898323893547,0.8469584584236145,all_rows,512,0,0.008885894902050495,0.05892264969879761,-0.011749729650910012,0.3586610905826092,0.30378249002387747,7aed09aa5b0c660e0203bf479d9839cc:0:0,aab3f06c5a62c3ce3482385863751533:0:0,5ddef627d44cc19568f04340e44ed411:0:0,8ec783e5854f89bfec53caa636c15888:0:1987172902,f7c66ca6e1afb3032fea95bcc3ca2277:1:3244804305
907,B,507,-0.07156600803136826,0.8461017608642578,-0.1504179686307907,1.1881023645401,1024,512,-0.07156600803136826,0.8461017608642578,all_rows,512,0,3.0039693228900433e-05,0.055318509810604155,0.09194001674113679,0.35601822286844254,0.3065152880153619,0d4a43edd77a96906a8f612b935431cc:0:0,7db5ddc3a6b8e8ccd410daa3d254be00:0:0,f913634239fc68b16957c029a05c6504:0:0,6c9c71cc4167f050eafbffb58fd1dd88:0:3603282704,de298b8167aa62aa0b1edd8f039046e4:0:1856773320
908,B,508,0.02153579704463482,0.8810498714447021,0.06130190193653107,1.2415547370910645,1024,512,0.02153579704463482,0.8810498714447021,all_rows,512,0,0.00145374471321702,0.0828077670186758,-0.045169762434670704,0.38756646662950517,0.3020183609914966,482661a17af77e7c456cb96c1a1029cc:0:0,3079401f559a0c84834844c42f7aaab5:0:0,b3e579f0fd8800f2e22ec78e868adbcb:0:0,bb02ffbfc53568241466a8f97d8e6288:0:1562043116,670f78c943f97e46a049b1f25ffd2e6e:0:36181091
909,B,509,-0.017011165618896484,0.8302740454673767,-0.017819955945014954,1.1707323789596558,1024,512,-0.017011165618896484,0.8302740454673767,all_rows,512,0,0.00020137429237365723,0.050334178551565856,0.0039225737797096375,0.3447653576731682,0.3010193830123171,9c8dcebf0a9feddc57ed93e931cc21cc:0:0,6cb543dfa9ca5e2c9ab264cfb10d8dc8:0:0,80f15478daccacf7dadceab30bb4141e:0:0,b285ea2b9bb5fc81ed225d144ff6e788:0:1945977905,b1110474ae55df5b88876df42ef594c5:0:2550663684
910,B,510,0.006741329096257687,0.8794414401054382,0.006779220886528492,1.240953803062439,1024,512,0.006741329096257687,0.8794414401054382,all_rows,512,0,0.0009753174381330609,0.045452814805321394,0.0024805274792015553,0.38682439774274824,0.30047191301127896,2f099021da2828e5c627bc82da8819cc:0:0,2529f759f489d2b6aadad612582ee0e9:0:0,a8e7bd48ce9219cea9cb0642b1ea9e19:0:0,481fd64b64a978a366fa1568570b6c88:0:2232077241,31f98f176ff324e9335cf88e51f43946:0:3673172567
911,B,511,0.01585468277335167,0.8387101888656616,0.03794066607952118,1.1824110746383667,1024,512,0.01585468277335167,0.8387101888656616,all_rows,512,0,0.00010360206943005323,0.08916845093481243,-0.020977317134384065,0.3516246922314167,0.30563377100043,71002ab0e7da789792f4ff19144411cc:0:0,be6c55f22de2e26ff7cac2de3141cfc5:0:0,bbd4098b4fd9bee9fc072140b335b2d2:0:0,4213e772adf7a0dcf8ba2e17e2cbf188:0:1364507305,e4842d88de4c24ecd6fd14c25c38a832:0:1016898881
912,B,512,-0.026929102838039398,0.8318825960159302,-0.0724618211388588,1.171404480934143,1024,512,-0.026929102838039398,0.8318825960159302,all_rows,512,0,0.0013770132791250944,0.023887576046399774,0.057229969192121644,0.3452782414853573,0.3028083879617043,b50a6ff8be02cb5a1ff3278bdf0009cc:0:0,1a9d2a96576badd5065077664063c0a5:0:0,7f1fce8507249d918528204fbc1bc47d:0:0,39b55afa392aa47161f5660543387688:0:1273323776,c6290d7b60e4df3365903a7ff211451e:0:2609006970
913,B,513,0.037699855864048004,0.8366429209709167,0.07336588948965073,1.178324580192566,1024,512,0.037699855864048004,0.8366429209709167,all_rows,512,0,0.004387184977531433,0.03656463001389056,-0.042674640640325376,0.34975928664207456,0.30451574298786,e0a6841557c7659ead8401bb3abc01cc:0:0,441f21eee564d4b1b9aae1d0cccdb06e:0:0,9b2746a2d861304b3e8219ec7461e20a:0:0,87856a2d27c75e5c1ac9ded2c850fb88:0:4157330154,676f2145f1d952cdc779139a01d32d6f:1:88068432
914,B,514,-0.04335259273648262,0.8015216588973999,-0.0917891412973404,1.1274704933166504,1024,512,-0.04335259273648262,0.8015216588973999,all_rows,512,0,0.008841714821755886,0.0969503216794692,0.058346905640792104,0.3205582104623318,0.30054448399459943,25b9ed0c476ea27edacd59872777f9cc:0:0,dcce82e8b675ec9a16cb2a10205615fd:0:0,6211fd154b508afe89d829e189db25d5:0:0,7c5334f91cdfbb636fa61ce2c2158088:0:3180623830,7fee74c421609f3743d6ceafd30437d2:1:3838398922
915,B,515,0.028464019298553467,0.8220891952514648,0.05166064575314522,1.1588971614837646,1024,512,0.028464019298553467,0.8220891952514648,all_rows,512,0,0.0004277293337509036,0.07182071090210229,-0.030585939600132405,0.3378404200077057,0.28996501496294513,4e51f7f75c11c45c25b8facfa533f1cc:0:0,bc9cf14c5c7ed03d1c03ed4be638b6ba:0:0,7812ba6756276c5c3de97a934e5c817b:0:0,547c47fbface5bc2490e075780860588:0:1123176683,1d4c96a0c9480116ad11b3efcc372330:0:1298184778
916,B,516,-0.0061150211840868,0.8405110239982605,-0.009835073724389076,1.1851422786712646,1024,512,-0.0061150211840868,0.8405110239982605,all_rows,512,0,1.0568182915449142e-06,0.030161847302224487,0.005658438090176787,0.3534333862364292,0.2889146250090562,9d083ca004bcd57f6af4b174b3efe9cc:0:0,580b7cf7de6656ef2c2b32acb768a7e6:0:0,a0879857a6c3377359b4e51c99071788:0:0,acb8e77c819d46b99f5fe81353a28a88:0:3992602617,7727f08ca7cfc0d80da14f17efa986a7:0:1127363579
917,B,517,0.034522492438554764,0.8660446405410767,0.07670995593070984,1.2195141315460205,1024,512,0.034522492438554764,0.8660446405410767,all_rows,512,0,0.012084228917956352,0.08815746891777962,-0.056813168060034516,0.37457726076245307,0.3053700239979662,945f846baefb98b865f2495653abe1cc:0:0,37fae3d3768e025bf9685826c1708333:0:0,c98bea3a65a2ec3f0d73032513eea040:0:0,263b7194b52c46599a996bb88b6b0f88:0:3906883853,6023eade48a6af82f441b982a239d875:0:2675439508
918,B,518,0.0026932936161756516,0.8366732001304626,-0.011172104626893997,1.1794108152389526,1024,512,0.0026932936161756516,0.8366732001304626,all_rows,512,0,4.275329411029816e-05,0.03009735046653077,0.018245568382553756,0.34997788071632385,0.3071949490113184,1f53d5b95ed389fd30e78e548467d9cc:0:0,67ca9da32f2694527786fa366465585c:0:0,27b852a2cf59fbe16d08f131f3f85fc2:0:0,ead5ff0199be41d25e1ca1a977df9488:0:844606011,3ad40e1669c5934bdabfdc19abb35e5d:1:878412207
919,B,519,0.009761052206158638,0.8502446413040161,0.011293120682239532,1.1991705894470215,1024,512,0.009761052206158638,0.8502446413040161,all_rows,512,0,0.01249120756983757,0.05832891875179484,-0.0011243954810197464,0.36158680394291876,0.3059499560040422,9536e110be2aef09c4ce4c4f4623d1cc:0:0,9b82fb30bcbf298398703626b177726c:0:0,78c21811c2cc06fb391a15c84899863c:0:0,88df56578227ac9c8074fc0869001988:0:4207537477,19fe899a7dc5347a65b4780f6f92201f:0:2515610566
920,B,520,-0.01743325963616371,0.8281373977661133,-0.024086054414510727,1.167402982711792,1024,512,-0.01743325963616371,0.8281373977661133,all_rows,512,0,0.009974869899451733,0.05793092150706798,0.0032464373696711847,0.3430505856871605,0.3012853330001235,eac889c2e19cf7ff79644f2698dfc9cc:0:0,243cf74df0e22066b8792bc75ad5c1dd:0:0,ca26b0e3eff8e7aa9e09b531e5986939:0:0,ab050370dc6ae0c92f1c4fb7aecc9e88:0:836544927,c3567cbda555b68d8d0a80ec83ff5061:1:4233176746
921,B,521,0.011123374104499817,0.8414561748504639,0.023872826248407364,1.1865882873535156,1024,512,0.011123374104499817,0.8414561748504639,all_rows,512,0,0.004312853328883648,0.03263881874736398,-0.01751232742681168,0.3540434591472149,0.30172569601563737,1249bfdd00baf004852b62ba7c9bc1cc:0:0,6e8d76eccea830e082d9352d63c73d21:0:0,43821991ba727a5a7a18bdd4385b14ae:0:0,9ffaff7b2021fac9fe3fd45999452388:0:1165150642,5fb9dc9757feb49beba2622de83085d2:1:2623705960
922,B,522,-0.013415435329079628,0.8237027525901794,-0.05175779014825821,1.1601788997650146,1024,512,-0.013415435329079628,0.8237027525901794,all_rows,512,0,0.0004143329570069909,0.05141039376612753,0.05054072025232017,0.3388037487864494,0.30670585203915834,140e5d8d5fba7de37d6952eaf157b9cc:0:0,790b6930732d001ca57efec7856e5c35:0:0,d0ed8c22d313da2805d0e66db7cf73e0:0:0,f63327b63da88d00648524507869a888:0:2511347506,f87b315104d6cbef439acbb9cdacdf07:0:4018662307
923,B,523,-0.012591972947120667,0.8604810833930969,-0.012174912728369236,1.2138136625289917,1024,512,-0.012591972947120667,0.8604810833930969,all_rows,512,0,0.014173569157719612,0.1570901176892221,-0.0024603515048511326,0.37030366212129595,0.3069450880284421,c8d1365aa890f4aad627eb97f713b1cc:0:0,49e66a405b207e8305e894a45cf42f85:0:0,9dda4eb3d35724de8c1fc260e64d90a4:0:0,3fab747aad8a4164e2cf3cbe9c3a2d88:0:3654925000,a4bb7a6c87dd1c0167a2359abb5859bb:1:4213064354
924,B,524,0.0011823084205389023,0.8642716407775879,-0.006884880363941193,1.2189100980758667,1024,512,0.0011823084205389023,0.8642716407775879,all_rows,512,0,0.0004973816685378551,0.048355740786064416,0.012115212739445269,0.3735433094203472,0.30538163101300597,56c402cdf17bb44c6234f8a18dcfa9cc:0:0,df631b24b48ae786783d68f5322c60e2:0:0,40a1b1113d434c67b9f1816151decc5e:0:0,e56f7215054e3f95d8037d8654b6b288:0:3053963688,bad04dc4d7f9de77ede3e79c32d9b6d7:0:2841875585
925,B,525,-0.006502713542431593,0.8454710841178894,-0.023140206933021545,1.1916143894195557,1024,512,-0.006502713542431593,0.8454710841178894,all_rows,512,0,3.294763155281544e-05,0.0707562293158844,0.0205945810303092,0.3573217488825321,0.30428614700213075,a2034f6faef59a3cd32245e7b58ba1cc:0:0,c0e2e2a793b586e01d2b16db5cd61d97:0:0,3515de58b16bd577d69e5e68e6af7a8f:0:0,f5283427c149ed9e00cea949f1df3788:0:2939480945,dcd769a9e4f68d07e29e887479a476d5:0:2479078202
926,B,526,0.028628675267100334,0.8563895225524902,0.05659419298171997,1.2070778608322144,1024,512,0.028628675267100334,0.8563895225524902,all_rows,512,0,0.0034632235765457153,0.07729447160381824,-0.025266569934319704,0.36659327149391174,0.30643323401454836,c8bd1237cf19821339459f4a6e4799cc:0:0,36d6c4088d10d9bd322fbba57bf34175:0:0,4dbbc0bf3bd250a16ac1d98bda44cfa9:0:0,9ad87538c2b861c2a369e56bc3b3bc88:0:1275342709,e3d201d4ba5411351efcfedd607bbf1c:0:788466138
927,B,527,-0.01503773219883442,0.8566379547119141,-0.02689284458756447,1.2081104516983032,1024,512,-0.01503773219883442,0.8566379547119141,all_rows,512,0,7.5117452070117e-05,0.03297173422761261,0.01483246082207188,0.36695204079151156,0.30723444698378444,82f705d13c71d62883b8d0a9b80391cc:0:0,1f4b278c3661248807d149e28f9b07e0:0:0,0679d2f49f6b475f55689e63fba365f9:0:0,4885b983d5e69ba9675fba0e1a344188:0:3062385654,9c2f97e007947df08cc3f0fe52489730:0:1017887189
928,B,528,0.022796181961894035,0.8412228226661682,0.0451267771422863,1.185530662536621,1024,512,0.022796181961894035,0.8412228226661682,all_rows,512,0,0.00017893360927700996,0.16049937885254623,-0.015994830534327775,0.3537240535020828,0.30699593597091734,d5786651063530370059a5e592bf89cc:0:0,cbf8f926afc2780943be084a32dd8289:0:0,234ccccfb83b48feff93d7e610be751b:0:0,17ba58ca6dd75b25d95112134560c688:0:1853315670,cadd6c6dd52545ad45a5e6f7b79080b1:0:581343405
929,B,529,0.009946039877831936,0.8587539196014404,0.013026846572756767,1.2112594842910767,1024,512,0.009946039877831936,0.8587539196014404,all_rows,512,0,0.0029622982256114483,0.024560890963766725,-0.0025251954910345377,0.36885222643613813,0.3021154200541787,f6e927416bf009f9dbc9eaddfe7b81cc:0:0,664cdb04f6c388a6bb90fee02de50936:0:0,60ec6233a5f39bb9ecc038145d3e37a8:0:0,1ab0d14ea1542afe9aba3b1d95394b88:0:3657444265,9aeca545149b0ab7c8f57696c5425b74:1:1330079047
930,B,530,-0.006994093768298626,0.8503962755203247,-0.024389898404479027,1.1988128423690796,1024,512,-0.006994093768298626,0.8503962755203247,all_rows,512,0,0.0002730180276557803,0.08752741203643381,0.025790221395436675,0.3615960329771042,0.30014452803879976,8dbf37210a9b7dcca16f6b72fb3779cc:0:0,0fac1df6e7b034ecc033321efc17be42:0:0,35ba858389795a63dd74781e2eef97be:0:0,f712912058f3f5fa3db7e58f59bdd088:0:1428923768,3d4a8fdc9943b3d3b9b1915a81bd335a:0:18024950
931,B,531,0.022884761914610863,0.8588464260101318,0.03436532989144325,1.2111303806304932,1024,512,0.022884761914610863,0.8588464260101318,all_rows,512,0,0.007833732292056084,0.05354875021148473,-0.010978300994611345,0.3689396843314171,0.300560393021442,8d10e0b66921174abb73f38488f371cc:0:0,4502f0c3ff051ef487846f3827943a9b:0:0,fb7f47df534ac514afe896103e021212:0:0,5509a50b86323c83cccc248ae2ee5588:0:3813170382,fe2c60a6fb654dbc2d18863e03e360ec:0:2791951665
932,B,532,0.007280973717570305,0.8527697324752808,0.010796203278005123,1.2029328346252441,1024,512,0.007280973717570305,0.8527697324752808,all_rows,512,0,3.812275826931e-05,0.07765867924317718,0.0029984288616105915,0.3636798731982708,0.2979179660324007,edd9d6d8224bb3eef2c54ef2a7af69cc:0:0,cbe5af3701b047e00dda951a0b189f4e:0:0,0e85dca538a0d7ea5f75057a3d62305b:0:0,7845f0792944c136fea36df280cada88:0:2788716282,e67aafbf6eca3f82e0d91a49979a815c:1:1373305724
933,B,533,-0.0434735044836998,0.8488052487373352,-0.08268113434314728,1.1957623958587646,1024,512,-0.0434735044836998,0.8488052487373352,all_rows,512,0,0.0030635353177785873,0.06187877921620384,0.04976672770571895,0.35990525782108307,0.29668875999050215,51aef389ea2573b2ef15499d576b61cc:0:0,ceb0f260f2cd9a4e39a32ffcbce3e943:0:0,584363269433f96bf03ce3c14cdf7e1a:0:0,885e821eddf042a415d99a6883535f88:0:2544420683,4b04d17b7ab5edc9e58df97210a414a0:1:2119855010
934,B,534,-0.013865278102457523,0.8491672277450562,-0.020126983523368835,1.1978952884674072,1024,512,-0.013865278102457523,0.8491672277450562,all_rows,512,0,0.0012311618775129318,0.032666160876397045,0.008116716926451772,0.36063521951436994,0.2950043869786896,43432f8eacc2b9aeb6d9af64982759cc:0:0,86d73d7cbcab27d3f1ab391586cca3c1:0:0,e27ce4b6713712aed110b21fff5bf754:0:0,edcb61159f2f989b6cbee54f3a87e488:0:783321940,f4617ccd6dbd2aa6eaa63924ab643cad:1:4131008334
935,B,535,0.028325000777840614,0.8895285129547119,0.07044398039579391,1.2527104616165161,1024,512,0.028325000777840614,0.8895285129547119,all_rows,512,0,0.01729254424571991,0.111928401584737,-0.05331010781810619,0.3951881922781467,0.2977552499505691,487ed3d0047a3cb82f4c4c2869e351cc:0:0,b9427e9a593ad3d1aebdbba0e1de4266:0:0,a6236706c62b8bdb74871df871502164:0:0,46c3378c6e134b50ad1cecc8f6686988:0:2439804399,b89d72f5730face9ac2ddb5031889296:1:2794785308
936,B,536,-0.04671705514192581,0.8494401574134827,-0.08281056582927704,1.1970218420028687,1024,512,-0.04671705514192581,0.8494401574134827,all_rows,512,0,0.008947182446718216,0.03377287096809596,0.04156397115439177,0.3606023132801056,0.2994531140429899,5140623b458a28029c6aebc8cc9f49cc:0:0,515792623e8ffafae2c66468090c5d5e:0:0,3e0a6a2246f5a30451858fd6d6438c24:0:0,678c467289d27aa5b3fbb1b806f4ee88:0:2471106282,9f01918f6385650a47a9e17c10d5a208:0:3873874318
937,B,537,0.06666063517332077,0.8564562797546387,0.1391592025756836,1.2035621404647827,1024,512,0.06666063517332077,0.8564562797546387,all_rows,512,0,0.011004003696143627,0.0813033094163984,-0.08914340198971331,0.36524157896637915,0.2991317189880647,3d2d2ff45d2a4bbe20f75a25c05b41cc:0:0,143ddac9c781653c31f5be3d85d27932:0:0,da9bc13c1e4a2de4f46e406e5ecf2963:0:0,f8cd1ad2ed98abed216697bebc2d7388:0:1722693041,810799316303c47d2fc37f8581878f4a:0:3800320823
938,B,538,-0.01693718135356903,0.8600008487701416,-0.04548034816980362,1.2125455141067505,1024,512,-0.01693718135356903,0.8600008487701416,all_rows,512,0,0.00481782853603363,0.04489366080379113,0.03677729990158696,0.3695396453142166,0.29765413101995364,3a3e26fec20b5db73e77631f451739cc:0:0,f6c0f09b8876da79d225e2e04ed2cde0:0:0,254b06f4f6f24927bf9d4327e182e6ba:0:0,7bedecdbd42ed4749431653f6611f888:0:3372004339,a83a91e3f5ee61e4f9722bc4c831a3f4:1:2312075248
939,B,539,0.0054753730073571205,0.8640156984329224,0.008082464337348938,1.2188352346420288,1024,512,0.0054753730073571205,0.8640156984329224,all_rows,512,0,1.3366574421525002e-05,0.07731156239751727,-0.004452910320833325,0.373347157984972,0.2977915719966404,9cf3a1bcb44349f65534d2955ad331cc:0:0,622c4deef78bfcf4b0726bd3e06897e1:0:0,b5243f79bca02b38e710e9461b64e781:0:0,ff800c5d1230b72691bd435c54a27d88:0:3699023362,7cfde594aa56467220f1ae2979e7d2f1:1:2808293638
940,B,540,-0.07058222591876984,0.828220009803772,-0.14345063269138336,1.1633775234222412,1024,512,-0.07058222591876984,0.828220009803772,all_rows,512,0,0.0002667267108336091,0.009283484145998954,0.08781152223673416,0.34144571274518964,0.2913780439994298,8a51cee50aa6935f243d7468018f29cc:0:0,ae537c142ad800e07c43ac9dcb57245c:0:0,187e48632a38b8931fc3089cf2207550:0:0,e28841932d126b9419bdbdf7d7df0288:0:905733370,afb548a1810aa46a65e9dd053978191f:0:3029798487
941,B,541,0.11717075109481812,0.8541927337646484,0.23480743169784546,1.192856788635254,1024,512,0.11717075109481812,0.8541927337646484,all_rows,512,0,0.04274560511112213,0.14583937281277032,-0.1303533990867436,0.3608618289232254,0.2867124500335194,5af588cfcb8ec45049631477394b21cc:0:0,038c1e89817c8985077f67fee1a34bb0:0:0,9eea4b2c08a7207d96434ccbdc9f4fee:0:0,c7a0de072fcca4b5e5fdc3b43fc78788:0:2396620805,edfedfe06f6f94e2ae4972b803c11965:0:1995811597
942,B,542,-0.09851602464914322,0.8361027240753174,-0.20414039492607117,1.1694010496139526,1024,512,-0.09851602464914322,0.8361027240753174,all_rows,512,0,0.004834386520087719,0.02412049104459584,0.12501641358248888,0.34639311730861666,0.2957141170045361,05b80739cf0def42c13b7ea3020719cc:0:0,ab756a167661843c67361c0f6d4ba6f4:0:0,d086a5b98e79a1ed9b69daf3db28895f:0:0,f8a7fad05d990db55624a5f3dc5c0c88:0:3121446030,6bacc279269e064ed038429e8d3e0e5c:1:3892446382
943,B,543,0.04196678847074509,0.8437119126319885,0.09864175319671631,1.186995506286621,1024,512,0.04196678847074509,0.8437119126319885,all_rows,512,0,0.0002448977902531624,0.06506485750433058,-0.07112312880344689,0.3549041412770748,0.3074879299965687,1f764edfa88f3f6967207ecb5bc311cc:0:0,aef1fc5ae466083d6ad7307779b45cbe:0:0,5236030740b6007d3e87fefc8460c10e:0:0,0297fa4907bad30d077b18d8fd9c9188:0:99410577,a5e3f741e0ff1c3434fadcc5c23f72cc:0:3255918647
944,B,544,0.009192194789648056,0.8456108570098877,0.02015428990125656,1.1922892332077026,1024,512,0.009192194789648056,0.8456108570098877,all_rows,512,0,0.0009405144955962896,0.020271561446134,-0.01147445823153248,0.357586807385087,0.30428389803273603,14a7be9015e49950752fe0d0467f09cc:0:0,ae49f78ced3d428229a2873960a31c01:0:0,8bd403c0b9dbcd644543d385b003c549:0:0,64880df6f4e22e5118b03345f3891688:0:3046927550,017a0a97a2b84d5cc92d27b3d506cd0e:0:3361156388
945,B,545,0.003038352355360985,0.8553802371025085,0.01770852878689766,1.206396222114563,1024,512,0.003038352355360985,0.8553802371025085,all_rows,512,0,0.01612849533557892,0.050050718476995826,-0.019504258973756804,0.3658472612500191,0.3035571840009652,307d959631c14b7d044b7091c23b01cc:0:0,51baa46cde760657b381f180002fc32b:0:0,c38ca0b220ac63d53799b85117bd06f3:0:0,d07ec8adf74c8aef199e6edd0e219b88:0:174526358,6f23baebcdac3da13414a3386121f813:1:2444801611
946,B,546,-0.05155334621667862,0.8264448046684265,-0.10378088057041168,1.163182258605957,1024,512,-0.05155334621667862,0.8264448046684265,all_rows,512,0,0.035189561545848846,0.07051221057772636,0.06447938805795275,0.3408291541039944,0.3019026539986953,cc4bcb9ba7a1cf0c8c18f9efcef6f9cc:0:0,3f897df6c647db17325d37e66f509d9a:0:0,de89abb1210956db4a96726b89d9dead:0:0,55da837c82559a35a710a8009d662088:0:2648043414,a1cc0a30fe9b423cb5cdd876d3ad7cc0:0:1177368126
947,B,547,0.03727542981505394,0.8457517027854919,0.08886943757534027,1.1896089315414429,1024,512,0.03727542981505394,0.8457517027854919,all_rows,512,0,0.00796517450362444,0.07579531839583069,-0.057165928976610304,0.3567624591290951,0.305705806997139,a0fa0e6327209854630248ca6cb2f1cc:0:0,bfb662dbe4b58d9f29d7552eff97c96c:0:0,6c1ac4800521f130c16674733a50d7b6:0:0,e4c5bc6a48c06cf3b2871dd2f156a588:0:558947420,e0816ddaa5bec84c92ff058961576c1f:1:2120766404
948,B,548,-0.018797658383846283,0.826979398727417,-0.045326657593250275,1.1649909019470215,1024,512,-0.018797658383846283,0.826979398727417,all_rows,512,0,0.0182843878865242,0.03753825156018138,0.028586791991256178,0.34182652086019516,0.3031551520107314,ab3235fb54b7f7813e3529019b6ee9cc:0:0,45dc0024ea4002652bdd1648cc3618ba:0:0,d37814d66c3928c0dc8e6d2c9ad9d2b7:0:0,206e13242a9268ff75fc723659f32a88:0:2002096737,a96e445bb0f84b957fa8fd97b1efd690:0:1929397735
949,B,549,0.007737728767096996,0.8630757927894592,0.019894717261195183,1.2168304920196533,1024,512,0.007737728767096996,0.8630757927894592,all_rows,512,0,0.00873707327991724,0.11304428465664387,-0.010530270970775746,0.3724566578865051,0.3064340039854869,61effc4a75f10936b1a366755b2ae1cc:0:0,b2d764dc7e311496848025dd90edfc1e:0:0,dd7dc2dac090cd3f4cdff93bf5c49355:0:0,8402ec0afbecb0f513aaa9cd273baf88:0:4000026558,503cda6b555cdaf01d4eff2a7fd8913c:0:1153221847
950,B,550,-0.028392937034368515,0.8504219651222229,-0.05659439414739609,1.1986669301986694,1024,512,-0.028392937034368515,0.8504219651222229,all_rows,512,0,0.003457599086686969,0.10933728489326314,0.023913342726882548,0.36150251030921937,0.30966773501131684,25fc411316ffb72eb002cd05abe6d9cc:0:0,9de5c3957055a47edb192fd35ccf544b:0:0,cbd7f17f0820c15b0432b723453fa02c:0:0,3aa72867f5e3547ce1d02bf9a9303488:0:2211671516,4e12200924c14d8f97e6f71635978aa8:1:3638885182
951,B,551,0.01352757029235363,0.8378795981407166,0.026106972247362137,1.1817619800567627,1024,512,0.01352757029235363,0.8378795981407166,all_rows,512,0,0.008091282099485397,0.07668647835962475,-0.01621422856114805,0.3510218247771263,0.30730037298053503,cfbc9fd1e7cbc8d90acd28928da2d1cc:0:0,51930e67e7b13103a4c223c416197815:0:0,5b14b2f6ddd78860092d92a03b4f5237:0:0,e9543575eee45f696274c2de2fd0b988:0:3359501040,9d250962eff8ecb7808bb9ed8eb668f5:1:516070664
952,B,552,-0.011184182949364185,0.8440508842468262,-0.008321812376379967,1.1902772188186646,1024,512,-0.011184182949364185,0.8440508842468262,all_rows,512,0,0.0006434916285797954,0.027206519222818314,-0.003360943921870785,0.356357304006815,0.3061773700173944,179699150e6703faf24044fc005ec9cc:0:0,09a73ba91d8d1ffa9f9f68b34462ba5c:0:0,e8c712eac61bfe4d635d24585fa23dab:0:0,71caae25c9d39dfce72e9b5d0b1d3e88:0:753547081,0bfb234921e21c57c53989a5f367c6ba:1:1940957883
953,B,553,0.009732339531183243,0.8429548740386963,0.015760570764541626,1.1888694763183594,1024,512,0.009732339531183243,0.8429548740386963,all_rows,512,0,0.005072504747658968,0.06499512619338929,-0.008342427934985608,0.35539851412177087,0.30566618201555684,43f40d2d2cf05d4e755dee22041ac1cc:0:0,f9fc23b261a401429625ec9b8ad7fbe3:0:0,1b42e6291b15d1943d5fc713656c2e71:0:0,c23ef7b2e192aca6e0e745188b15c388:0:2997512839,72c9372eb9908dc106e3c617c0374ef0:1:2591830807
954,B,554,0.012485583312809467,0.833681583404541,0.006645785644650459,1.1752139329910278,1024,512,0.012485583312809467,0.833681583404541,all_rows,512,0,0.008872563019394875,0.041521502879913894,0.009531474544201047,0.3475598141551018,0.3077833979623392,0ebd425858e4392201ebefe498d6b9cc:0:0,fec8bc742b24efe40f980670205b54b3:0:0,2909d8ca4fb57911c5687ebc241e570c:0:0,28e9f9ed923fa988dba0b272ffba4888:0:1077727826,5e8daa8a3d21eb4d6bca24c08f07732f:0:1295041642
955,B,555,-0.03938326984643936,0.8433661460876465,-0.07273209095001221,1.188652753829956,1024,512,-0.03938326984643936,0.8433661460876465,all_rows,512,0,0.007099478971213102,0.07461191639304161,0.03383881930494681,0.35547570064663886,0.3050890840240754,12db2cc741d9bbf7e4741623be92b1cc:0:0,239a8701ece1bad5b8077d12cf6b48e9:0:0,b16d5ab8a8a7fe7f42e147aa006b99cc:0:0,e985044262079e13263a388eb90acd88:0:4023333686,60d5fc5a4b7a446dd6ddef41a6978115:1:3989141686
956,B,556,0.04732595384120941,0.8471772074699402,0.08595365285873413,1.193284511566162,1024,512,0.04732595384120941,0.8471772074699402,all_rows,512,0,0.010532721877098083,0.11574183164630085,-0.046412701811641456,0.35861744210124014,0.30581518303370103,490b2b1cc5ad2b25c8442cbf754ea9cc:0:0,80571c7f8bf7537bfecbf9fb7ee2fc33:0:0,6be69fdd1a7895c968bf1d9d1436a650:0:0,c644129fb0fc770926358f4e07075288:0:3471367165,ccba2b427ad1333702c844a6e5d4f321:0:1308398560
957,B,557,-0.0009511448442935944,0.8487451076507568,-0.006855065003037453,1.1970627307891846,1024,512,-0.0009511448442935944,0.8487451076507568,all_rows,512,0,0.0019203996052965522,0.166530531225726,0.01922308807261288,0.3602824740111828,0.30526793998433277,29fbe64830175d74376dff97bd0aa1cc:0:0,23f5f87d9084fa17f8717446efbd309e:0:0,8709b126e4c483e20821f0a112d61156:0:0,96ed441e41f1213d577bd15339afd788:0:1807939509,79a187434fcf59497a6fb53188beace6:1:499635900
958,B,558,0.004014286678284407,0.8542655110359192,-0.003618694841861725,1.2051326036453247,1024,512,0.004014286678284407,0.8542655110359192,all_rows,512,0,0.001980601577088237,0.026999555598013102,0.011034551984630525,0.3649559587240219,0.30346295598428696,f2517fda63b23bbe1ac75a8c95c699cc:0:0,26b1a689cfb00ae141b48113398be7c0:0:0,69068c2f5f11aafe7f831fa0dae72dfa:0:0,72540b665df12154f8227c00a1045c88:0:3478642120,936e5a5fc22b5ed888b3b05a6e4b2a6d:0:1522927435
959,B,559,-0.024448681622743607,0.8359975814819336,-0.061373017728328705,1.1775108575820923,1024,512,-0.024448681622743607,0.8359975814819336,all_rows,512,0,0.0009352054912596941,0.031472960906103256,0.04334822215605527,0.34902776032686234,0.301281135994941,43cdb6362a6a519039ea097dff8291cc:0:0,5fb0f495e9bf58a45c6b9b7be48ce6d0:0:0,61ddcd811405d82ac4b6d21210ea4c28:0:0,68e958dfc87bbce360306f788d04e188:0:1607948994,f032197be16e2ee6ddf940bf67f89e45:0:3702889544
960,B,560,0.041666753590106964,0.8496093153953552,0.09612088650465012,1.1953823566436768,1024,512,0.041666753590106964,0.8496093153953552,all_rows,512,0,2.2044521756470203e-05,0.08696733282413334,-0.061871621845057234,0.3599681295454502,0.31107435695594177,f56f223beb5d6dc8bb33d84bfa3e89cc:0:0,dfcf8692f8991c4b84d7cb84ffe9c263:0:0,925449130a1661a3ca8e1b7c58bee36c:0:0,b230f37a343d8b2d0562ee9d4db16688:0:3732379854,6b83d4aa78490f02275730f5ad9ab76d:0:1961761747
961,B,561,-0.009978337213397026,0.8503542542457581,-0.02171194553375244,1.19916832447052,1024,512,-0.009978337213397026,0.8503542542457581,all_rows,512,0,0.00023687095381319523,0.07942382076289504,0.013054512717644684,0.36156252175569537,0.30732660298235714,52e92e5104265336a3c692d685fa81cc:0:0,489db7a500381e52e86e0dd3281b4f9f:0:0,f5918a7a8cdd47fdf0bdf173a7a43648:0:0,dd3af0f2669603e22af29f113309eb88:0:2430584491,77aa3edddfd0295cb44d0f85e7f585be:0:3240978198
962,B,562,-0.011401448398828506,0.845612108707428,-0.014527162536978722,1.1925572156906128,1024,512,-0.011401448398828506,0.845612108707428,all_rows,512,0,0.007075218018144369,0.0676293435972184,0.009748179238522425,0.3577140517532825,0.30748286901507527,525ce2e303957939578804fda2b679cc:0:0,c7a79d78e626a3be4842275d4788f05c:0:0,e9a79c9575f4ba5ae006ee7051d042db:0:0,3d849c91bbc962213d5889368d0e7088:0:626131384,924b6dfd09a660b9bcb35b76c8e58ad5:0:3155443366
963,B,563,0.05260241776704788,0.8515042662620544,0.10112831741571426,1.1990978717803955,1024,512,0.05260241776704788,0.8515042662620544,all_rows,512,0,0.00558974826708436,0.1711722641484812,-0.04469820075610187,0.3619427978992462,0.3038606680347584,65b920c703d6dc601921faa1507271cc:0:0,9f09b8a8c72355fa07ad80f596173760:0:0,b1f7cf7df983d177ef7f91fed9215456:0:0,31ae462e4651f210da13182fabbef588:0:2039397333,3fee6335091a946bbf4fc23ffbe3c4f1:0:2704605507
964,B,564,-0.004293795675039291,0.830064058303833,-0.019263651221990585,1.1700646877288818,1024,512,-0.004293795675039291,0.830064058303833,all_rows,512,0,0.0005175500409677625,0.05920341572491452,0.020893341570626944,0.3445548929274082,0.3038995389943011,839f5e156204df098a023fa18f2e69cc:0:0,de3bf0e4ff2748a78d1c29218011b468:0:0,eb5c62a590d14b5af16efda6ad643a25:0:0,12dde55551569f61836b19dedf1b7a88:0:2568712136,40687cf3ec04059ea188a1265675b510:0:2962153952
965,B,565,-0.032785236835479736,0.8359689712524414,-0.05571141839027405,1.1777029037475586,1024,512,-0.032785236835479736,0.8359689712524414,all_rows,512,0,3.745430149137974e-05,0.019644359801895918,0.02931430522876326,0.3493473418056965,0.29995107295690104,d218766211283a032a5a9fde5eea61cc:0:0,3bfe67e1fa84c77ad05497fc86e6f454:0:0,d1f292a4d89792b5b9c9dba27b6ffda6:0:0,c29600b4a0df5b070038bee67723ff88:0:3193100284,cca7d391b94945a618c3d6a43e8da8fe:0:2158407928
966,B,566,0.05701492354273796,0.859571099281311,0.11124749481678009,1.2097951173782349,1024,512,0.05701492354273796,0.859571099281311,all_rows,512,0,0.0003738036612048745,0.06048679294763133,-0.06394372615322937,0.3687452770769596,0.2888012130279094,03cb9b71c6a4fd28d920e737bfa659cc:0:0,208f1d9cfdf82f0b7a535a3486636abf:0:0,b1b39a8e31a7628d0bc56ce302e1167c:0:0,e9abfab461f2ae7967a89aa8c3d88488:0:2161641256,b3ff9c03e0b776fc82140b186de27863:0:1907938640
967,B,567,-0.058394454419612885,0.8080464601516724,-0.11013869941234589,1.1361865997314453,1024,512,-0.058394454419612885,0.8080464601516724,all_rows,512,0,0.0017777943285182118,0.053590655501466244,0.06261014238698408,0.3257152572274208,0.29028899100376293,f6c7efcc3e14a004540ee18db16251cc:0:0,a5ca20d0a9829a4e9acf461eca4b1f2b:0:0,b88543690af3847d482842ca23c938d3:0:0,a95a2c70595a92cdd900a34815390988:0:3457358054,f45b84486daeca41f1106f81cb98d0bc:1:710893133
968,B,568,0.018913982436060905,0.8620259761810303,0.04279680177569389,1.2148940563201904,1024,512,0.018913982436060905,0.8620259761810303,all_rows,512,0,0.0011571933282539248,0.030838616646360607,-0.026264648290816695,0.3714320294559002,0.3051297599449754,7a47d0cbd28d226cb7a25ac0341e49cc:0:0,8927151a44a3e5e36e8964646cb4b0a1:0:0,99b7e1f19779f636ca0f718a06d200c0:0:0,b86cd286816161f6df6531a6bb458e88:0:2357258387,fdd84638eae5e8686a12538347ce23fd:1:798239607
969,B,569,-0.007328934036195278,0.8462725281715393,-0.029064547270536423,1.192971110343933,1024,512,-0.007328934036195278,0.8462725281715393,all_rows,512,0,0.009415806271135807,0.08510802164673806,0.030881005083210768,0.3580110132694244,0.3059487610007636,4f23520aab553d25ff1d1eaf47da41cc:0:0,08b8ee02cc4d39b4596cdfb231e548cb:0:0,6ac44c51d96d3223ce02829c18c4f595:0:0,c40ac62fed6a787c819e016705fe1388:0:1671722058,fef98faaf0e4444424ed394a1e664b06:0:3022613953
970,B,570,0.02349201776087284,0.8387463688850403,0.03356838971376419,1.1829479932785034,1024,512,0.02349201776087284,0.8387463688850403,all_rows,512,0,0.009979596361517906,0.10281801690580324,-0.008229385426966473,0.3518265776336193,0.3051241409848444,7cede84dba05a2808484f93aec9639cc:0:0,a45f29333a2ab8d4d5a837aea49f46c8:0:0,b85e2de74942b154d885a2f89e83e131:0:0,6ab4ab7a75dcddfbfddb30eb45629888:0:798055653,299ad870e19e55a1a773d4262cb8820c:0:3949181507
971,B,571,-0.04623713716864586,0.8153966665267944,-0.09109868109226227,1.1474268436431885,1024,512,-0.04623713716864586,0.8153966665267944,all_rows,512,0,0.0004792129620909691,0.07691743057221175,0.05830291581805795,0.3318896695971489,0.30605636700056493,f3f9be4dc8174ef880a3b643225231cc:0:0,09ada4294bde570ece652d23925025cf:0:0,91e06819d216ed7e27b13f7e3f33781c:0:0,ebe94dea5f690abf317a4155c9731d88:0:2764255205,b93bbd5b9c10c7ebbe0804d52b379520:0:3862617245
972,B,572,0.09468153864145279,0.8513681292533875,0.18740399181842804,1.1935724020004272,1024,512,0.09468153864145279,0.8513681292533875,all_rows,512,0,0.00031731685157865286,0.1028667219216004,-0.10383753909845836,0.3601476326584816,0.3058804270112887,2ab1a9fed1dee9d58b0721a7e90e29cc:0:0,27c319259772398c28d2ee08c004cff2:0:0,8b9e3ac88cb008121281610b5315417c:0:0,bb5951f6e645a0bbaccb1688e22fa288:0:502796712,74f8dfb7808678c0bb24e081e0de06bc:1:46396390
973,B,573,-0.07591846585273743,0.826809823513031,-0.1523454189300537,1.1607145071029663,1024,512,-0.07591846585273743,0.826809823513031,all_rows,512,0,0.0036280550993978977,0.06629973552189768,0.09705800743540749,0.34001434333622454,0.3074395720032044,f2e93535ecf535ca1a01074940ca21cc:0:0,c662751c94ccc8e6c34795ea269469ad:0:0,f9a864f910d22f83d046dbfc4558ddf6:0:0,c32e76675091ae4972d4f726df982788:0:2168557321,4814da17aad6d5bbf2f166daf7073e2b:1:2061774521
974,B,574,0.005164961330592632,0.8324155211448669,0.0007879361510276794,1.1735798120498657,1024,512,0.005164961330592632,0.8324155211448669,all_rows,512,0,0.011782530695199966,0.1186268747318536,-0.0014500853139907122,0.34645000472664833,0.3024392499937676,29e8a8cdf80c919302a73307298619cc:0:0,cf94f2246bb66447a2a69a35f555706c:0:0,ef61e4396794f6eaed06a7b395135bb2:0:0,6b64f73bea9dd0e1651b8c9211acac88:0:3428784707,819d2baf8dbd55dea07fe632b242a0ab:1:1073739125
975,B,575,0.010964029468595982,0.8529223799705505,0.016375932842493057,1.2028032541275024,1024,512,0.010964029468595982,0.8529223799705505,all_rows,512,0,0.003619747469201684,0.07284106229199097,-0.008013293442490976,0.36388305500149726,0.3094290429726243,241985ab52338896f8d370c1a34211cc:0:0,3bc94972c2a9ca0efa4c0b06864cb687:0:0,4051f55c6514078907a3e512d7315825:0:0,4b5c273314704e335b63e2ecc86d3188:0:1609483279,40e1fff9e01ed1cc84117c6cd4a2f506:1:617268464
976,B,576,0.001703009009361267,0.8261784911155701,0.02063853293657303,1.164300799369812,1024,512,0.001703009009361267,0.8261784911155701,all_rows,512,0,0.0018523085163906217,0.05218095702584833,-0.022559554295730776,0.3412031032145023,0.30593649396905676,cb4e533ed78473860f238c58adfe09cc:0:0,b5444e3f7d5aacea6ec1eb2d2eff4a59:0:0,e5f3d29888590b94b462b2d2ce5c7cd8:0:0,092c3fca516af9e3e779691953d9b688:0:4220868020,27e6f18ff515e2e969b6d00e900d00c0:1:346499088
977,B,577,-0.006952707655727863,0.8454408645629883,-0.010040096938610077,1.1917349100112915,1024,512,-0.006952707655727863,0.8454408645629883,all_rows,512,0,2.2170599550008774e-05,0.03274390406440943,0.005185531559345691,0.35751643404364586,0.3076489180093631,54af2768614228f936f951ac49ba01cc:0:0,4fd77a2d3a66b6c6f630c6934fc62e90:0:0,9523f3f3ae33bf7880de7a9db705c187:0:0,d91b4482198c7e41c4f2f0ba03f23b88:0:2798706793,2c21858878a28b2ee95144c3641e44dd:1:4269321752
978,B,578,0.010826101526618004,0.8318710327148438,0.015761038288474083,1.1723917722702026,1024,512,0.010826101526618004,0.8318710327148438,all_rows,512,0,0.007670141290873289,0.052025767730083314,-0.0008322951005538925,0.34609118178486825,0.30605968995951116,395ac7d90761be11c07a8c9c7675f9cc:0:0,0f2c6dd3b19d1583908a6a64cd86ba1b:0:0,90c616d01b1a083e4d8f223398d600cf:0:0,c9247fd4ff595e42f4f7ae3128b6c088:0:4101600763,877c41c1c0fb3eeb41396a9319c45a15:0:1822405247
979,B,579,-0.03399474173784256,0.8527753949165344,-0.04964875057339668,1.2024883031845093,1024,512,-0.03399474173784256,0.8527753949165344,all_rows,512,0,0.003993400372564793,0.08989545148797333,0.01824077891651541,0.36376998797059057,0.3033759639947675,bacac15561815718da9109093431f1cc:0:0,861b8b76cd9806a8d1e128e63d6a7fe4:0:0,bd0d1d2ef7a1f30eabfac102becaf052:0:0,bf62c16b960bc719860438a112274588:0:4086630489,89b326ea4320ecf81a02f20104866ed1:0:3521749130
980,B,580,0.05078717693686485,0.8368301391601562,0.09505356103181839,1.1778994798660278,1024,512,0.05078717693686485,0.8368301391601562,all_rows,512,0,0.009035305120050907,0.05947051813127473,-0.04929152026306838,0.34961762502789495,0.30796498601557687,b1ff4d78054c081f12ea92d282ede9cc:0:0,08620a2d6fcf14302247f508af0d8c72:0:0,738c152a5c223dff666a2d5d6818d9b6:0:0,838c984a613c07b007af89ec1043ca88:0:1904201016,0cd63e7467b67e2721c4ea89c976d953:1:2242009759
981,B,581,-0.024040771648287773,0.8453225493431091,-0.054030172526836395,1.1911497116088867,1024,512,-0.024040771648287773,0.8453225493431091,all_rows,512,0,0.006860645953565836,0.054212909378111365,0.03802334682550281,0.3571086384356022,0.3066225509974174,b6665bd4804ac59bd5f8f5d862a9e1cc:0:0,a51feb9d71e66ff089d70068b6da05ee:0:0,e66227589dd46fad8d7d7884888fbdbd:0:0,4a5d13b1f9c6445daa6ffeb4730c4f88:0:2197125132,112748f04edd482c01b0b72b1f8d3cf5:0:2433318909
982,B,582,-0.01166530977934599,0.8295121788978577,-0.017439700663089752,1.1695460081100464,1024,512,-0.01166530977934599,0.8295121788978577,all_rows,512,0,8.886971045285463e-05,0.13048215332673863,-0.002224452514201403,0.3441651094704866,0.3069329179706983,cf578f9b0b22650ceef1fdfad365d9cc:0:0,e9bed5d896d036279b5344427f3572c2:0:0,3fca12e9673c686b056d784b3b3e9611:0:0,00cf3cd77b44bd220b60565c8a80d488:0:196045451,acfb8a11277b381cdaecbeeaa2f095e9:0:2674962805
983,B,583,0.03345467895269394,0.8523303270339966,0.06391283869743347,1.201313853263855,1024,512,0.03345467895269394,0.8523303270339966,all_rows,512,0,0.00352866412140429,0.025281552749220282,-0.03433994357474148,0.3630725175142288,0.30083349102642387,e0dd7f1d343ead9607cf7719d521d1cc:0:0,cb100078065081b77c1a56eaa8b45acd:0:0,84c0240b978bc3f37778909c781c16aa:0:0,c69ce5283a08bcb8ac04b306a6a15988:0:722947668,d3994cf3eec6c4eab3bf343f546ca75e:1:1737280426
984,B,584,-0.014956727623939514,0.8720025420188904,-0.04295199364423752,1.2292594909667969,1024,512,-0.014956727623939514,0.8720025420188904,all_rows,512,0,0.0045026750303804874,0.07337665485683828,0.021973737952066585,0.3801007717847824,0.30573110200930387,da5afed3bfea78a0294f2d1567ddc9cc:0:0,859d6183b5b331d886b693feaa9e4af3:0:0,2c410052f97a30f513f0c07f15582826:0:0,ef634b23b30f06d4160f9995176dde88:0:765089492,4ae885ddb2189ecef788cb253b9bd8c4:1:3515002712
985,B,585,0.04168984293937683,0.869611382484436,0.07828754186630249,1.2251769304275513,1024,512,0.04168984293937683,0.869611382484436,all_rows,512,0,0.002246799413114786,0.05060471107717603,-0.04650774545734748,0.3778824880719185,0.3055202559917234,5b69bdc5fbd4e2793af2ebcd8b99c1cc:0:0,6e13c6e8bf05b7c7635faef2ec5b1b61:0:0,064a0ce604aec38003e8602a9e31164c:0:0,189c85a59dff5bd0ab26f1aa2ce66388:0:1657727440,82d9160385532d3153d45c92abc2739c:0:781278893
986,B,586,-0.006859714165329933,0.8609250783920288,-0.018681861460208893,1.214284062385559,1024,512,-0.006859714165329933,0.8609250783920288,all_rows,512,0,0.0031709186732769012,0.0922664625919424,-0.002798632252961397,0.37060013562440874,0.3031648609903641,0915f572c4038af383007f224055b9cc:0:0,8b02a14a821a0935ae5f1e7a069dbb83:0:0,f441324727584ff92e113c12d9bcc75a:0:0,1000f56c04d9682f20a905a8370ae888:0:1930075916,f53fe66b6ddd8582fdc59930636d4932:0:1205074648
987,B,587,0.01533370092511177,0.8493044972419739,0.027060167863965034,1.1978815793991089,1024,512,0.01533370092511177,0.8493044972419739,all_rows,512,0,0.0010350183583796024,0.04821285556536168,-0.008911036022618645,0.36075382083654406,0.30049567500827834,2b596b9b7731e6052681b2f38611b1cc:0:0,1b4c4980daff357a6c34945f3963a401:0:0,9039bfb8576abf1f7ed2b8a6ac44bcd2:0:0,e3a7d96645843626a77182b185db6d88:0:3596343232,ae6dded91dcc51cb549d0a04327d5676:0:2611344928
988,B,588,-0.018221216276288033,0.8388395309448242,-0.031619228422641754,1.1828926801681519,1024,512,-0.018221216276288033,0.8388395309448242,all_rows,512,0,0.00273656053468585,0.028916450077667834,0.015476796979783103,0.35196307227015494,0.30434346600668505,606e8091189d9c67a94453215ccda9cc:0:0,8aace66632debd378407af4670395a8f:0:0,31cfaa0f8f320b7cfc912d7f353944a4:0:0,91f38695e707f79ebf9e78a86957f288:0:3638886481,2b2e01a9eef5071a4c18a1978b1ce26a:1:1545194920
989,B,589,0.0028549344278872013,0.8278424143791199,0.016629377380013466,1.166712999343872,1024,512,0.0028549344278872013,0.8278424143791199,all_rows,512,0,0.004931716248393059,0.05203769445652142,-0.018934012693352997,0.3427006468176842,0.30200241797138005,414280e3dd3ffc376dda2b8bc489a1cc:0:0,46061f1af77da7fc4969da874a5cb1d7:0:0,8d2f01aa31706dc8105058fc5a9986c2:0:0,d118faad36ccbee0b8555a2f31807788:0:3657965684,8425b2a2e9361191bc5338355a579dab:1:3652240925
990,B,590,-0.061964526772499084,0.8071341514587402,-0.13806623220443726,1.132449746131897,1024,512,-0.061964526772499084,0.8071341514587402,all_rows,512,0,0.012152297422289848,0.01536788665689528,0.09394177703652531,0.32393519282341005,0.3032918739481829,b7f4ed956274799335990812bd4599cc:0:0,53b7f18b8ca5f407c178f316486f6ab9:0:0,4678c7baad4975ba8331abc9d2bc84d3:0:0,cd4a23cdb1cb7c50db87fca82e54fc88:0:3152851955,1aede2f2061544d2fe515ac4c20dbc78:1:2878534368
991,B,591,0.07149415463209152,0.8436939120292664,0.12410104274749756,1.1872718334197998,1024,512,0.07149415463209152,0.8436939120292664,all_rows,512,0,0.002326174406334758,0.046634429576806725,-0.06017560643376783,0.35538611486554145,0.2952793659642339,86efea2dcc0c3f3ba09ab496470191cc:0:0,796144594a93c1b7bbd73dcf974c17be:0:0,d6044cac9b8577ab8dd304833a46a11e:0:0,e6a7327d5231577f45b99835afd58188:0:2404721790,7857d84e5e538d40dbea36287dc0de69:1:2387430566
992,B,592,-0.05249178037047386,0.8132255673408508,-0.09740038216114044,1.1446880102157593,1024,512,-0.05249178037047386,0.8132255673408508,all_rows,512,0,0.0011826937552541494,0.06439639790914953,0.05856818206739263,0.33021260872483255,0.2880186609691009,14bc7c5407cecf32adbcfcf661bd89cc:0:0,7685a563da90868b501181f6212b8157:0:0,37bfa1accbcef15b0738cf1e4c140b80:0:0,6258d7c9f38839e069c3c7ba06020688:0:2319411211,107a627b60acef0b7d869c46f9db0647:0:3336556515
993,B,593,0.06941878795623779,0.8649898171424866,0.14837832748889923,1.2142975330352783,1024,512,0.06941878795623779,0.8649898171424866,all_rows,512,0,1.5848781913518906e-06,0.037998157809488474,-0.09159612319199369,0.37225389778614043,0.2881962049868889,fe43c4c97467b35b3aa1ad130d7981cc:0:0,bb979d41b58c76c410bcf467f67f14c4:0:0,6e4d6bbe8a0e8a0fdd2f5be1261816e5:0:0,0c58fb491e0a217d409b88d780da8b88:0:2845339251,1f656b3d0afa144066347f4ce531e0c7:0:250782248
994,B,594,-0.05652964115142822,0.8356449604034424,-0.11981809884309769,1.1746073961257935,1024,512,-0.05652964115142822,0.8356449604034424,all_rows,512,0,7.435423322021961e-05,0.08602771912701428,0.06772964121773839,0.3479645140469074,0.30310442502377555,36b4d5e929c13e1883ae90cc4a3579cc:0:0,84a118352be762126b836c966a9d52a6:0:0,43301930138af45bfb64a5a42f4c297a:0:0,768915dcad5791eb25163bf0705f1088:0:3896773402,15608938ac2b531c24200c3d8acd5a8c:0:2173305896
995,B,595,0.017807256430387497,0.8529065251350403,0.049048297107219696,1.2019387483596802,1024,512,0.017807256430387497,0.8529065251350403,all_rows,512,0,0.001282704179175198,0.09192280613351614,-0.031913775205612185,0.3634414657950401,0.30602992500644177,99c5480b20cc5aeda40d740217f171cc:0:0,1491fbde186a5c87f731e5d813ad070c:0:0,9433cb1ace773c6be272540bb297cfbf:0:0,42df218def5c39db5baea427248f9588:0:2891127153,5acd2cea863715e622a0209829d3d654:1:2467219937
996,B,596,0.00656462088227272,0.8584242463111877,-0.0011392459273338318,1.2106744050979614,1024,512,0.00656462088227272,0.8584242463111877,all_rows,512,0,0.013194366358220577,0.10141745863948018,0.010702699871035292,0.36853572726249695,0.30563220498152077,ca79286b78b56f1d15ac229476ad69cc:0:0,54ba14fa193c33d5e2404637dff2662e:0:0,af5a37ced4ac1c7fbad31a514b2b416a:0:0,d1906f1505bfa3924649e75ded6c1a88:0:2558824077,58e9d79b66017787ecb1dd6744722015:0:3445508817
997,B,597,-0.013413541950285435,0.8585712909698486,-0.03390403836965561,1.2109694480895996,1024,512,-0.013413541950285435,0.8585712909698486,all_rows,512,0,0.00030948384664952755,0.013145084329880773,0.02618554579676129,0.3685293510556221,0.302253277041018,060d5b7617864a48313c6863666961cc:0:0,a9a5fb924bdfe913af94756807150a7c:0:0,10e0839bf67430e6f6aade5f9056ec4c:0:0,46a3796d86d2869643fc8e371af49f88:0:210698927,dd97db28440b0d65badf041c1fdcd8d8:1:2445174967
998,B,598,0.04042060673236847,0.8294044733047485,0.0874699130654335,1.167183756828308,1024,512,0.04042060673236847,0.8294044733047485,all_rows,512,0,0.005370797123759985,0.1579574682051316,-0.059489799593575296,0.3433695249259472,0.3076343800057657,38060796e435270eae34114ee72559cc:0:0,f3345aefd38dcec1a0b30ce0af66671e:0:0,123752a75ea15f635752b79fd35b1a84:0:0,d9f019d7927c10e63ccf8414fd292488:0:4269215165,1967331411264116d99283da2d1701ea:1:4077115075
999,B,599,-0.04797409474849701,0.8273076415061951,-0.08032701909542084,1.1649770736694336,1024,512,-0.04797409474849701,0.8273076415061951,all_rows,512,0,0.0009761261753737926,0.0989731605281122,0.04605924121569842,0.3420569710433483,0.30519495700718835,19c119eed820bbae22cce936f8e151cc:0:0,d0ff1c2692fd0fa1f0cdf80ebbc33fc4:0:0,b571b044eb6ef12697a21c8cd773afa6:0:0,7213b581cc3d3e07d9851719e409a988:0:2202630394,689f493b83daca619313b4ee84a0db41:0:3733211198
1000,B,600,0.03019212745130062,0.8755621910095215,0.05588437616825104,1.2343872785568237,1024,512,0.03019212745130062,0.8755621910095215,all_rows,512,0,2.428586594760418e-05,0.07026204186258837,-0.03324325135909021,0.3832228310406208,0.3071817940217443,7d43728e25f95aa18404bbfb9b9d49cc:0:0,9d8a8233dc4b92b0772c41e4ed4be7f7:0:0,90e6a024deb8a3f9431521852b6ea177:0:0,04cadc80ecf3123d675df8281f962e88:0:2982908500,917d6f3f145a58eea8978cd41809429e:1:2965713319
