update,phase,local,adv_all_mean,adv_all_std,adv_s1_mean,adv_s1_std,n_rows,n_s1_rows,adv_used_mean,adv_used_std,adv_norm_scope,n_policy_rows,n_actor_steps_skipped,kl_final_epoch,clip_frac,policy_loss,value_loss,update_wall_sec,rngpos_env,rngpos_learn,rngpos_opp,rngpos_start,rngpos_minibatch,n_epochs_run,conc_scale,d1_L_s1_n,d1_L_s1_lo,d1_L_s1_hi,d1_O_s1_n,d1_O_s1_lo,d1_O_s1_hi,d1_L_s2_n,d1_L_s2_lo,d1_L_s2_hi,d1_O_s2_n,d1_O_s2_lo,d1_O_s2_hi,d1_L_s2_in_n,d1_L_s2_in_lo,d1_L_s2_in_hi,d1_L_s2_out_n,d1_L_s2_out_lo,d1_L_s2_out_hi,d1_pol_n_rows,d1_pol_alpha_min,d1_pol_beta_min,d1_pol_n_alpha_lt1,d1_pol_n_beta_lt1
1201,A,1,0.00454695662483573,0.050592515617609024,nan,nan,512,0,0.00454695662483573,0.050592515617609024,all_rows,512,0,0.006245656870305538,0.1162109375,0.006338033499196172,0.0012357835250440985,0.23780898400582373,ad3a3101a0f131ef115a940c64b47d67:0:0,8fe54741682da9222c34e1420220bef4:0:0,066ea14d64f4997c6956c1b9bf84054c:0:0,58885d92eca41a0e4c3b45bf50ed4446:0:628695122,8e22b6e8aabd4bbeb297e059f22ac922:0:722661459,10,1.0,0,0,0,0,0,0,512,17,0,512,23,0,280,0,0,232,17,0,512,0.1203325092792511,101.49362182617188,152,0
1202,A,2,0.006679382175207138,0.05536601319909096,nan,nan,512,0,0.006679382175207138,0.05536601319909096,all_rows,512,0,0.0035743359476327896,0.07578125,-0.0015480003785341978,0.001510337827494368,0.16672871401533484,602933c2d646b2da3f99131de4d14967:0:0,39ff8d73e52147a34664a80250921cf9:0:0,4330ee7cc9ba690d38363a48be96e8e9:0:0,e72509c72362b7755fe63ca0be3c4846:0:1637528526,75ebe663b52424ce1d89129f2a92a4e4:1:4256432467,10,1.0025062656641603,0,0,0,0,0,0,512,17,0,512,13,0,302,0,0,210,17,0,512,0.12681198120117188,100.86576080322266,137,0
1203,A,3,0.0010271440260112286,0.04388650879263878,nan,nan,512,0,0.0010271440260112286,0.04388650879263878,all_rows,512,0,0.005708828568458557,0.0703125,-0.002169359475374222,0.0009554917283821851,0.1668503629625775,0b265041e67a440c5bd37971cc2e1567:0:0,23c759dfafae6d41b38243216bc7747f:0:0,18280fe6e0755ccae50a8303b015a82b:0:0,a00b04e13961ca6694c313b9374b4c46:0:1477323398,44837fe570e2784a48fa5b83f5c2c027:0:1547077180,10,1.0050125313283207,0,0,0,0,0,0,512,16,0,512,19,0,273,0,0,239,16,0,512,0.13558299839496613,100.75000762939453,146,0
1204,A,4,8.157084812410176e-05,0.04974120482802391,nan,nan,512,0,8.157084812410176e-05,0.04974120482802391,all_rows,512,0,0.007701609283685684,0.04921875,0.0001583081902936101,0.0012331674690358341,0.1680441219941713,bcc90c6fd044c1b2e7bc29541acae167:0:0,4f7278ef4dc8ff3d630311aed75b2975:0:0,9ad25522bed650570001d0465ffe2749:0:0,e619d44ceb37a24e18369e8cbc1a5046:0:396714027,75ac1496d8422561d1ffd32f7bd028df:0:479227381,10,1.0075187969924813,0,0,0,0,0,0,512,13,0,512,26,0,266,0,0,246,13,0,512,0.14564141631126404,100.91213989257812,158,0
1205,A,5,0.0034274086356163025,0.04953422024846077,nan,nan,512,0,0.0034274086356163025,0.04953422024846077,all_rows,512,0,0.0004015774466097355,0.0740234375,0.007129302807152271,0.0012317999731749295,0.1670269559836015,bec96035e89b7ca25d94c510d0a7ad67:0:0,f3726f899e4dea92b1b4df940ebb0d2d:0:0,0eff78a559691e21dcdedcc0513439ac:0:0,68292a5f0c783f5fb1e9709f4ca95446:0:878364278,2cb9b6b677e27a3647fba7f3b5282ec9:0:2683136066,10,1.0100250626566416,0,0,0,0,0,0,512,10,0,512,14,0,276,0,0,236,10,0,512,0.1443200409412384,100.72477722167969,144,0
1206,A,6,-0.007717879489064217,0.046483803540468216,nan,nan,512,0,-0.007717879489064217,0.046483803540468216,all_rows,512,0,0.016853034496307373,0.0517578125,0.0032133675878867505,0.00108332954114303,0.1677656719693914,954b90a64989c92dfc2e2ef3edc47967:0:0,4da7a605f3f47842865d733623764bf4:0:0,6224a876cd2040bf59c762063842c288:0:0,065216dd507c97fec7c7dd74e8f85846:0:1623909844,62a8b2aba60106880c67ff7289f9e04c:1:4175873134,10,1.012531328320802,0,0,0,0,0,0,512,19,0,512,17,0,276,0,0,236,19,0,512,0.1437302827835083,100.60710906982422,159,0
1207,A,7,-0.002490543294698,0.04566144570708275,nan,nan,512,0,-0.002490543294698,0.04566144570708275,all_rows,512,0,0.016926083713769913,0.0892578125,0.004450468113645911,0.0010361856780946254,0.16735742200398818,7f016af446e6453f92e8894972214567:0:0,bfe8e2a5abb5ec1feb4e5036c0f6aa5f:0:0,69625126819aba977837569fd1f9002f:0:0,e0a5d0d4268659e66201f89191075c46:0:2754102711,8fc0815aa3c6c5308adf7991c042d3b9:1:1819312849,10,1.0150375939849625,0,0,0,0,0,0,512,15,0,512,19,0,297,0,0,215,15,0,512,0.14091934263706207,102.69723510742188,138,0
1208,A,8,0.005835406016558409,0.044108424335718155,nan,nan,512,0,0.005835406016558409,0.044108424335718155,all_rows,512,0,0.0028457497246563435,0.0998046875,0.00638343645259738,0.0009776060935109854,0.1691163509967737,b2d3f740662fd5af4db3365d5dbe1167:0:0,bb2400fd6e699c849a86808c4c474e7a:0:0,018dcbd2b18af0b49b301ce286d771e2:0:0,b620f17bb5c427112f0b957944d66046:0:538413202,61114df62982d1acb999099b2036c43e:0:3021312728,10,1.0175438596491229,0,0,0,0,0,0,512,15,0,512,12,0,268,0,0,244,15,0,512,0.1462382674217224,102.90575408935547,142,0
1209,A,9,0.0003165187081322074,0.04213277995586395,nan,nan,512,0,0.0003165187081322074,0.04213277995586395,all_rows,512,0,0.005916047841310501,0.2025390625,0.023279855074360967,0.0008707093860721215,0.14344000001437962,0b67472296de5adb810cd87bb09add67:0:0,ee4b8954b8da0324cfe6be18583a5885:0:0,3cef20429c733f9daba51b970e11e7f7:0:0,aab055a0c5ba4e61879c47b004656446:0:2217768906,35289e371d66e25b3b359d973e1e4cfe:1:1965584616,10,1.0200501253132832,0,0,0,0,0,0,512,12,0,512,14,0,279,0,0,233,12,0,512,0.14864027500152588,103.23838806152344,154,0
1210,A,10,0.0026067609433084726,0.04514516890048981,nan,nan,512,0,0.0026067609433084726,0.04514516890048981,all_rows,512,0,0.009443679824471474,0.08203125,0.00398849779739976,0.000987645224086009,0.16781128599541262,22bb5bbca8731c80760351f06ab7a967:0:0,3b53a3cef136ec1601e95063604a31ff:0:0,2e79bfbf186b2434c9195b2bfcf01fd9:0:0,44e43cba1f94000972af62b9cfb46846:0:875010853,5bf01f96f5962ef12693c0eb14809d9a:0:1523428853,10,1.0225563909774436,0,0,0,0,0,0,512,4,0,512,15,0,279,0,0,233,4,0,512,0.1456952691078186,104.48981475830078,151,0
1211,A,11,0.003241268452256918,0.04379146546125412,nan,nan,512,0,0.003241268452256918,0.04379146546125412,all_rows,512,0,0.011620961129665375,0.0470703125,0.0026642585638910533,0.0009568772278726101,0.16693045297870412,17b142fe3b94ecd03633c5078c147567:0:0,6bb138e9ba83a131585714325e9a7483:0:0,89f73ac3f7c98e49ce9a14dcc6d6192f:0:0,e336a286b4e0fdb2a983fa1aa6c36c46:0:3042483218,ea7a01c38638589aca09c5ab9e70c6ff:0:485562886,10,1.025062656641604,0,0,0,0,0,0,512,22,0,512,20,0,282,0,0,230,22,0,512,0.1437593698501587,102.63726043701172,148,0
1212,A,12,-0.0008683264022693038,0.046747203916311264,nan,nan,512,0,-0.0008683264022693038,0.046747203916311264,all_rows,512,0,0.007117730565369129,0.10546875,-0.008317380025982857,0.001060061072348617,0.16622658201958984,5b927ba2ab8402ca57ca940d14b14167:0:0,b8b0049597a1068867133f7a18379ebe:0:0,a665be2182b01507e5d3cb35baaee7a3:0:0,f95339c49843c6669b9ce15689927046:0:2336186952,2cb50518692159506d1860d4544a1201:1:1781020076,10,1.0275689223057645,0,0,0,0,0,0,512,11,0,512,18,0,283,0,0,229,11,0,512,0.14189641177654266,104.37291717529297,140,0
1213,A,13,-0.004847666714340448,0.0515531487762928,nan,nan,512,0,-0.004847666714340448,0.0515531487762928,all_rows,512,0,0.007767770439386368,0.08046875,-0.0017110010143369437,0.0013224631315097214,0.16514845000347123,fe226b50ad318bd3c983614d048e0d67:0:0,e9221c1d798f4afc2d2f7a1cb536d5ab:0:0,bfa56abc1a1ae7652d229e3f5864e0fe:0:0,0359dc4494943e3672c0abf178217446:0:1905883061,16f825342474938885d2f7b25211b347:1:2090423956,10,1.0300751879699248,0,0,0,0,0,0,512,10,0,512,12,0,292,0,0,220,10,0,512,0.14387646317481995,102.78338623046875,131,0
1214,A,14,0.0029461816884577274,0.04351430386304855,nan,nan,512,0,0.0029461816884577274,0.04351430386304855,all_rows,512,0,0.003150239121168852,0.0751953125,5.883164703845978e-06,0.0009424035553820432,0.16608228895347565,027e3a22a146f48e9ea90f135baad967:0:0,824ea4ea2319f478b00a99b9f1a20223:0:0,a0fc98cb4d117f46befaa8ac6aec8755:0:0,335fb651eefad1a316f9ad6f72707846:0:2656197217,021d532d2fffdaf2464b7c685494ddaa:0:1146498885,10,1.0325814536340852,0,0,0,0,0,0,512,16,0,512,23,0,275,0,0,237,16,0,512,0.1444249153137207,104.88683319091797,156,0
1215,A,15,-0.006472778040915728,0.04758813977241516,nan,nan,512,0,-0.006472778040915728,0.04758813977241516,all_rows,512,0,0.00875371228903532,0.041015625,0.0030804718378931286,0.0011219758744118735,0.1654511850210838,5d5ebabdd668e8f1db15bfac1a07a567:0:0,e148b9398d459b84e1415ae2ebcc15d3:0:0,f7d70d7be5eb7446014994d91a488600:0:0,583fe919a08814c53295f954787f7c46:0:3718385066,31a377ae469d4400753be7a01205a85d:1:3319024009,10,1.0350877192982457,0,0,0,0,0,0,512,15,0,512,17,0,278,0,0,234,15,0,512,0.140426367521286,104.81088256835938,143,0
1216,A,16,-0.00024257396580651402,0.04760885611176491,nan,nan,512,0,-0.00024257396580651402,0.04760885611176491,all_rows,512,0,0.005338882561773062,0.0263671875,-5.202391184866428e-06,0.0011254708631895482,0.16543015599017963,5d7225fe39020ba13f32d5633fa47167:0:0,680a1aa89bbb20a8988caa1d46a86ef2:0:0,862b088388bcd4a22c681fb617a79890:0:0,47d9d97013ccde35362763248a4e8046:0:792312063,380bf39a921ff6596f99c2e340dec24e:0:3495779912,10,1.037593984962406,0,0,0,0,0,0,512,15,0,512,23,0,270,0,0,242,15,0,512,0.13519735634326935,105.84161376953125,154,0
1217,A,17,0.005286329425871372,0.04813109338283539,nan,nan,512,0,0.005286329425871372,0.04813109338283539,all_rows,512,0,0.0019625939894467592,0.06328125,-0.0026049877516925333,0.0011559754144400357,0.16552556498209015,6fb85d1b2de1648513f8f284cc813d67:0:0,6908dbd1cf4d0cc0752311c71f7afbdd:0:0,1001c59ed367c87da17b554889c98e8b:0:0,1de9de0832f6ddb35c837e63a7dd8446:0:3934442816,509c43c957e1ad5f5351fe73d7fcae3c:1:3493212220,10,1.0401002506265664,0,0,0,0,0,0,512,25,0,512,23,0,280,0,0,232,25,0,512,0.14116476476192474,105.79267120361328,158,0
1218,A,18,-0.007911283522844315,0.05458417162299156,nan,nan,512,0,-0.007911283522844315,0.05458417162299156,all_rows,512,0,0.004259287379682064,0.105078125,-0.004105239163618535,0.0014995372097473592,0.16575753898359835,7b541d0994f886a1f6eff95cc09e0967:0:0,fad0bc7f6d7a996a6e73b377aba9a0df:0:0,6af369431de8a4679017f01e007298cb:0:0,cf7881e252f5ae8faec39e95d12c8846:0:1676603515,ee7ad45c62e74abf9e386ee318c60407:0:139941871,10,1.0426065162907268,0,0,0,0,0,0,512,14,0,512,24,0,264,0,0,248,14,0,512,0.1440211981534958,106.42755889892578,158,0
1219,A,19,0.006495242472738028,0.04427170008420944,nan,nan,512,0,0.006495242472738028,0.04427170008420944,all_rows,512,0,0.006260800175368786,0.073046875,-0.0016950932797044516,0.0009837489225901664,0.1659550120239146,795e11be31856d30a62f0c371bfad567:0:0,62c2944d0e29d48759b641689d42df1f:0:0,1dc8808ab7ebac82322666f0dc419b00:0:0,d52d156d482c65d20844d73f063b8c46:0:1309839984,bf8faa71afb1445eccd18240d95cc1b2:1:1348660699,10,1.045112781954887,0,0,0,0,0,0,512,15,0,512,13,0,270,0,0,242,15,0,512,0.13934575021266937,106.65653228759766,160,0
1220,A,20,0.0051953913643956184,0.04083879292011261,nan,nan,512,0,0.0051953913643956184,0.04083879292011261,all_rows,512,0,0.0124213807284832,0.0767578125,0.004614864941686392,0.0008284050549264066,0.16777649597497657,7d3407d2f4f40ff5cc5c8d5fde97a167:0:0,5a5f5b182ea71aedc5ace06528331c9d:0:0,868d98a4a886133d670fa7d375901986:0:0,f061d287b1339c221aa7fbe3470a9046:0:2892142159,5fd5b040cf37fbca3599d00d313e9f40:0:315167956,10,1.0476190476190477,0,0,0,0,0,0,512,15,0,512,9,0,274,0,0,238,15,0,512,0.1349949836730957,105.8020248413086,149,0
1221,A,21,-0.0007310209330171347,0.04292244464159012,nan,nan,512,0,-0.0007310209330171347,0.04292244464159012,all_rows,512,0,0.007832684554159641,0.06796875,-0.0016376598738133906,0.000918992844526656,0.1652695930097252,1fbe96f0e9c3aed9ccae1f2308746d67:0:0,e3036e6e199bb5cfb4606d71a1a35841:0:0,8408fe3fd69372840764e4a20dc298c6:0:0,3b6a6543442ff36f71d1a00693999446:0:2628070127,567a42fcb50f083cb04eddb7107da825:1:2499858225,10,1.050125313283208,0,0,0,0,0,0,512,18,0,512,16,0,282,0,0,230,18,0,512,0.12960773706436157,108.23450469970703,145,0
1222,A,22,0.00028641012613661587,0.05266723781824112,nan,nan,512,0,0.00028641012613661587,0.05266723781824112,all_rows,512,0,0.004276753403246403,0.0607421875,-1.3498251792043448e-05,0.001380124152638018,0.16820675099734217,337a873fbbbbd4c08ee8a3cc99913967:0:0,523de409beac2b2be036d42b1cee116c:0:0,d2e4471c7a489073486b3dbca8d0486e:0:0,b8d13cffab41185977ea172cebe89846:0:2941059750,abc7d69270dbfaadf1167da786d6955a:1:3447554907,10,1.0526315789473684,0,0,0,0,0,0,512,15,0,512,14,0,302,0,0,210,15,0,512,0.1469271034002304,108.81404876708984,146,0
1223,A,23,0.00030516317929141223,0.043450646102428436,nan,nan,512,0,0.00030516317929141223,0.043450646102428436,all_rows,512,0,0.0014273615088313818,0.0583984375,-0.0015532939229160546,0.0009429060621187091,0.16790717100957409,d6f8e7fb1abd11a14b603da891ee0567:0:0,9d8f8af69f4fbab1281deb3bd54e3c12:0:0,496f7d0c56709e43923c470ff7cb90e1:0:0,5b249f263c8d3f57795d74da4ff79c46:0:3935061129,67c06590abc77bb6636660ea9fb77bf8:0:939534082,10,1.055137844611529,0,0,0,0,0,0,512,18,0,512,14,0,279,0,0,233,18,0,512,0.14136934280395508,109.2206802368164,159,0
1224,A,24,-0.005719024688005447,0.04444080591201782,nan,nan,512,0,-0.005719024688005447,0.04444080591201782,all_rows,512,0,0.0035843849182128906,0.0412109375,0.0003429221920669079,0.0009764051792444661,0.1662469279835932,6f414d2d75796bde56f84f02f18ad167:0:0,7aba7062cc2d1816a84a4956dde8e8e6:0:0,7e4ce59e90396f9414322e8f485bdc78:0:0,f3020e839a6d1da0a8db8c92bfc6a046:0:3180863762,2a41270ca43df2cd303f7345fac53b76:0:1858510741,10,1.0576441102756893,0,0,0,0,0,0,512,12,0,512,17,0,293,0,0,219,12,0,512,0.13623763620853424,109.23296356201172,143,0
1225,A,25,0.0026486816350370646,0.047344356775283813,nan,nan,512,0,0.0026486816350370646,0.047344356775283813,all_rows,512,0,0.003991308622062206,0.073046875,-0.0067733308300375935,0.0011100591684225947,0.17163234000327066,d24cf66ec96088dcef237a27b8679d67:0:0,c332cd47a98a333c720171bc352f5daa:0:0,3f4b433d0dc46feeaa5edb1fb2b64668:0:0,7f2537f0083c5dd42357f1da3b55a446:0:1725166372,782f38f05811943d7e4f4b0906f20f57:1:2072931752,10,1.0601503759398496,0,0,0,0,0,0,512,14,0,512,25,0,286,0,0,226,14,0,512,0.13719475269317627,110.4234848022461,149,0
1226,A,26,-0.0055445292964577675,0.05127618834376335,nan,nan,512,0,-0.0055445292964577675,0.05127618834376335,all_rows,512,0,0.013333670794963837,0.09375,0.007225720351561904,0.0013095868634991348,0.16640610998729244,faefb865850b8cdd05e3a162e6846967:0:0,18a00ab32581e876770284b949e46dd2:0:0,cddf96d0d32bbd586b1df802d35afdc6:0:0,ee1736ab00529060f409f834c2a4a846:0:1138349048,8ac920afff139e908ba0cdc05db28355:1:3903342449,10,1.06265664160401,0,0,0,0,0,0,512,15,0,512,16,0,284,0,0,228,15,0,512,0.13499432802200317,110.614501953125,144,0
1227,A,27,0.007754233665764332,0.042989809066057205,nan,nan,512,0,0.007754233665764332,0.042989809066057205,all_rows,512,0,0.014381586574018002,0.0517578125,0.0015540556982159615,0.0009290949295973405,0.16491790604777634,0a3466a6ba74b2110dc9e7007be13567:0:0,5fea9c7e2cb83bf61dc1599aa4b357de:0:0,1c140920303cc5538c66add15f13bf9e:0:0,6673a88257a897ae186cb32655b3ac46:0:228455487,95f14b27fd22c8a64dc234c28f0accc9:1:730939427,10,1.0651629072681703,0,0,0,0,0,0,512,6,0,512,16,0,270,0,0,242,6,0,512,0.14495128393173218,108.87036895751953,148,0
1228,A,28,0.0010501466458663344,0.03752381354570389,nan,nan,512,0,0.0010501466458663344,0.03752381354570389,all_rows,512,0,0.006663923151791096,0.026171875,-0.00017878222279250623,0.0006981322323554196,0.16557836899301037,25b62b721e4696f5c5f6ad4c787e0167:0:0,8bcdf78a598a6534327a564f2d9d934e:0:0,a761ba32046e1632e7beb90ab6511cd1:0:0,8d52b390fbae9002843ef632f482b046:0:1105560584,a55c9dd916fc9f1d13c956b181ca2f5e:1:3024853848,10,1.0676691729323309,0,0,0,0,0,0,512,12,0,512,12,0,282,0,0,230,12,0,512,0.1369447261095047,106.29472351074219,134,0
1229,A,29,-0.003511187620460987,0.04533974453806877,nan,nan,512,0,-0.003511187620460987,0.04533974453806877,all_rows,512,0,0.017917290329933167,0.1474609375,0.015023514209315181,0.0010209658328676596,0.16622198099503294,f616b6a5918f43ea06199692dc5acd67:0:0,53d187aad178f73bf82fe4873b376e29:0:0,b8a9ae7f450b37b220e57dcc7994a5ba:0:0,ee01cd1516d6332d258354de9f11b446:0:1884502385,00c62920e828edac524a72f7d6e7fba2:0:1384930263,10,1.0701754385964912,0,0,0,0,0,0,512,17,0,512,8,0,281,0,0,231,17,0,512,0.1434633582830429,105.18687438964844,149,0
1230,A,30,0.00466324994340539,0.04551262408494949,nan,nan,512,0,0.00466324994340539,0.04551262408494949,all_rows,512,0,0.002643041778355837,0.0595703125,0.00366956265643239,0.0010089650342706591,0.16596181801287457,2b9a75233322e8068a71851fa7779967:0:0,6af1d1f34271a4d42f9aaa47518a8b38:0:0,f9a03deed3d4764892be34e28848ec59:0:0,8690c2912855b7ece88022ad5560b846:0:1050314709,412d1e2e19fc81696b02b0162356ff1c:1:2121607727,10,1.0726817042606516,0,0,0,0,0,0,512,15,0,512,18,0,261,0,0,251,15,0,512,0.13781969249248505,107.40280151367188,164,0
1231,A,31,0.0010150830494239926,0.04600271210074425,nan,nan,512,0,0.0010150830494239926,0.04600271210074425,all_rows,512,0,0.0076057277619838715,0.1046875,-0.0007531761890277267,0.0010455684037879109,0.16623495699604973,887015c435fa4d35bfcc9b3ed9d46567:0:0,0977d90dc0c8dc642712d0b7f80af100:0:0,dc2ac5618179b50bface4c5ed5846622:0:0,7d953c1f5ba72d18bbbf7323176fbc46:0:2576425661,8197250a6885f6ac2d07801167d5c7dd:1:256913777,10,1.0751879699248121,0,0,0,0,0,0,512,17,0,512,13,0,269,0,0,243,17,0,512,0.14154858887195587,108.41014862060547,164,0
1232,A,32,-0.007077298127114773,0.04485653340816498,nan,nan,512,0,-0.007077298127114773,0.04485653340816498,all_rows,512,0,0.0022562313824892044,0.111328125,0.007745987549424171,0.0009646874968893826,0.17538546002469957,877780d1f9d9038b8f883b3c73713167:0:0,e5d549bad7eacacc5f08dfbdf2420af0:0:0,7b0202cb5bb431d6144eb6ba009a877a:0:0,12a4a8922c485087940f19c3e53ec046:0:409647893,bebaa2343761f7b470696b437ed41d37:1:2465108843,10,1.0776942355889725,0,0,0,0,0,0,512,11,0,512,15,0,307,0,0,205,11,0,512,0.1411072313785553,108.06661987304688,127,0
1233,A,33,0.0067003630101680756,0.04462749883532524,nan,nan,512,0,0.0067003630101680756,0.04462749883532524,all_rows,512,0,0.012059397995471954,0.116796875,0.01423340612091124,0.0009901045297738165,0.16986066102981567,d2be12de238743dd2b910764744dfd67:0:0,c9a380448361877d4f08b504313f53db:0:0,95df233280196afcfc14d869ab8b262f:0:0,e02341b1223ee1b87080aa13becdc446:0:2750128796,d8858dba454cb97034adefc2bfbe9109:1:2710168555,10,1.0802005012531328,0,0,0,0,0,0,512,16,0,512,12,0,272,0,0,240,16,0,512,0.13796763122081757,109.4593734741211,147,0
1234,A,34,0.0024301689118146896,0.04335668310523033,nan,nan,512,0,0.0024301689118146896,0.04335668310523033,all_rows,512,0,0.016246767714619637,0.0439453125,0.0005943953059613704,0.0009283281571697444,0.16684478899696842,659a63b1b1eb8998da62e202dc6ac967:0:0,05cd6d66b93799b733315674021a5665:0:0,4d2d52588220631688eb81a8e3408ff5:0:0,6de6989433e5703a5e697796a41cc846:0:4281798534,e3cf275c06e0b9e6356da6ce43ad10b7:1:2726400581,10,1.0827067669172932,0,0,0,0,0,0,512,17,0,512,20,0,269,0,0,243,17,0,512,0.13358716666698456,111.77659606933594,155,0
1235,A,35,0.0001981070381589234,0.044479016214609146,nan,nan,512,0,0.0001981070381589234,0.044479016214609146,all_rows,512,0,0.001353078754618764,0.1255859375,0.010666244570165873,0.0009757714782608673,0.16631975903874263,729925ea4d4fe3ddc308ed63abc79567:0:0,b82f2ab0c3bc23ef5231bc4900740989:0:0,6aafe4145b60f21259a74999bf54d1d0:0:0,cc8adfd41984a5d47d6295d0952bcc46:0:155226517,fdcb834e2d7b371a3ae414b87f76f5fe:1:2388602860,10,1.0852130325814535,0,0,0,0,0,0,512,17,0,512,17,0,276,0,0,236,17,0,512,0.1455162912607193,111.03487396240234,157,0
1236,A,36,0.002677467418834567,0.0463050901889801,nan,nan,512,0,0.002677467418834567,0.0463050901889801,all_rows,512,0,0.011093813925981522,0.07890625,0.0026033408124931158,0.0010675379628082738,0.1670918480376713,fc86bbbc4e1efdd3b91d8bd2e2646167:0:0,5b00ff7c515cea4143f5370ac7dd085d:0:0,7a06477db412901a7e53f6f1abe539aa:0:0,64fbf2f99f3d0c6e0348d84591fad046:0:1676547123,00c4fec8b1bbac155e1ef78f89c15104:0:1591347527,10,1.087719298245614,0,0,0,0,0,0,512,11,0,512,14,0,307,0,0,205,11,0,512,0.15147988498210907,111.2967758178711,125,0
1237,A,37,-0.003593711880967021,0.047455765306949615,nan,nan,512,0,-0.003593711880967021,0.047455765306949615,all_rows,512,0,0.03171822428703308,0.0982421875,0.009116683946922421,0.0011275070777628572,0.1659090690081939,8b0df92f3864de4308ca5f9c80412d67:0:0,f917d634e35a7dce11de60fb3342289d:0:0,f5c4d28f350ffff8b55d01170439ffc7:0:0,4255e849c1c54fb6403cd2799a89d446:0:2616197737,8775a6f632c76618f1b43cc7b1994c50:1:3249476900,10,1.0902255639097744,0,0,0,0,0,0,512,6,0,512,11,0,283,0,0,229,6,0,512,0.15669216215610504,110.17901611328125,133,0
1238,A,38,-0.0005275580915622413,0.04413822665810585,nan,nan,512,0,-0.0005275580915622413,0.04413822665810585,all_rows,512,0,0.015334708616137505,0.0560546875,0.0009287337772548199,0.000962762359995395,0.1671838199836202,85e43409a95f5e6c42c84b0c855df967:0:0,b42e4fb5cd9d06a3669233c7ad71df1b:0:0,1b4242c1c30b63775f58583fc5115b09:0:0,c9a4cbc02280fa8ca2a2d7f0aed8d846:0:2265719574,d4976bbeac6df7056857a164af0b1b79:0:106352667,10,1.0927318295739348,0,0,0,0,0,0,512,19,0,512,19,0,286,0,0,226,19,0,512,0.14145003259181976,113.11676025390625,154,0
1239,A,39,0.0008338780025951564,0.045151375234127045,nan,nan,512,0,0.0008338780025951564,0.045151375234127045,all_rows,512,0,0.002174805384129286,0.1142578125,0.0031276415567845104,0.0010144114872673526,0.16787076299078763,948d3580f46a5820085f706ef1bac567:0:0,ed1aa7e913bbca8ee30b51e0bee158cb:0:0,782619313d9ff27f07c3c30c78ed3774:0:0,feeff7bd1f73b028bb22fc2ecee7dc46:0:2342131495,4085a6658288b002e9e926eaee0a2176:0:2440341868,10,1.0952380952380953,0,0,0,0,0,0,512,15,0,512,18,0,285,0,0,227,15,0,512,0.14542748034000397,115.87300109863281,146,0
1240,A,40,-0.005118571221828461,0.04132774472236633,nan,nan,512,0,-0.005118571221828461,0.04132774472236633,all_rows,512,0,0.004800941329449415,0.0560546875,-0.004894971195608377,0.0008604365575592965,0.16803749301470816,eba6e19fec938b16d767320fc5579167:0:0,4fe904f45e3ad8479b1770c01f28bb3e:0:0,9b04744a87257aae4d308cada35dd90c:0:0,0d2359a09b94e10240a912b7fab6e046:0:2310097250,f5aa59e43ed046e2afa70f8aa7f8488a:0:3496653684,10,1.0977443609022557,0,0,0,0,0,0,512,14,0,512,15,0,268,0,0,244,14,0,512,0.14177389442920685,116.70376586914062,147,0
1241,A,41,0.007722643669694662,0.04975726455450058,nan,nan,512,0,0.007722643669694662,0.04975726455450058,all_rows,512,0,0.0025402565952390432,0.05390625,0.0021546428091824056,0.0012031985505018383,0.16661259101238102,baa4743798223988d646323b00345d67:0:0,c3add8f283aad5c1cef3bad5e15f8faf:0:0,811592a0dbf8997bbb200c351085f5a9:0:0,b28fce3e4407fb791464af103245e446:0:317154337,f9b17bf4751c11c87b5c5b7fa4ad844d:1:196379183,10,1.100250626566416,0,0,0,0,0,0,512,16,0,512,10,0,300,0,0,212,16,0,512,0.13229723274707794,116.22827911376953,138,0
1242,A,42,0.00234263576567173,0.03659745305776596,nan,nan,512,0,0.00234263576567173,0.03659745305776596,all_rows,512,0,0.0059525989927351475,0.1076171875,0.0030995786655694246,0.0006447270163334907,0.16600681794807315,fd2c0b0bcb5e7c059ff2533ca2512967:0:0,0747ae0b674a9afaca8c8b3b4e122235:0:0,5d9416f84c72ab740a4f97cc35250a88:0:0,61a3a3cbdebd183d45c924bb7594e846:0:703626020,594c38183843b1aee4c8a878b27ed834:1:4121324278,10,1.1027568922305764,0,0,0,0,0,0,512,18,0,512,18,0,282,0,0,230,18,0,512,0.12720271944999695,116.22346496582031,152,0
1243,A,43,0.00111557194031775,0.04738885164260864,nan,nan,512,0,0.00111557194031775,0.04738885164260864,all_rows,512,0,0.0030761403031647205,0.053125,-0.0008924301248043776,0.0011190070159500464,0.1661722399876453,d126d8cce7e44c8c0ff0b760abadf567:0:0,e04ef526261a619e94049a16d9fc1e74:0:0,59b979850292f6d91686752df1310411:0:0,40e5349deefe2277168d873dc4a3ec46:0:3459339880,e58c5ecc2ad8bedec13c92531018d21b:0:1483100061,10,1.1052631578947367,0,0,0,0,0,0,512,19,0,512,13,0,298,0,0,214,19,0,512,0.125111922621727,118.32650756835938,145,0
1244,A,44,0.0021014984231442213,0.052900590002536774,nan,nan,512,0,0.0021014984231442213,0.052900590002536774,all_rows,512,0,0.00024129718076437712,0.1080078125,-0.00045777177438139917,0.0013842171698343008,0.16571783600375056,2544cc4f3dce48e20e55c0f31c4ac167:0:0,9c10edeabaf994533bb0dd44793e7123:0:0,0c25e86ed93f31841caab5d1a94d07fa:0:0,a9e377babc6c7baefeacaa1b1f72f046:0:1751697314,145c5f652d5218276e686af040347e0a:0:1808900524,10,1.1077694235588973,0,0,0,0,0,0,512,14,0,512,15,0,289,0,0,223,14,0,512,0.12634369730949402,120.0545883178711,151,0
1245,A,45,-0.0009568700916133821,0.04643495753407478,nan,nan,512,0,-0.0009568700916133821,0.04643495753407478,all_rows,512,0,0.004373852163553238,0.07578125,-0.0038997602881863714,0.0010315464838640763,0.16626615199493244,2277b34fcc042c2c5bc5123ff4278d67:0:0,69181d92cdae658b7c3a138739961bde:0:0,b3478c1d6ebb3466e658bb71600881ce:0:0,407b51ff88f31b75b06520d78601f446:0:4013158430,1697078eff995bf851477be412cbd343:0:3661530083,10,1.1102756892230576,0,0,0,0,0,0,512,18,0,512,19,0,260,0,0,252,18,0,512,0.12341951578855515,120.2574462890625,171,0
1246,A,46,0.001929336809553206,0.04247448220849037,nan,nan,512,0,0.001929336809553206,0.04247448220849037,all_rows,512,0,0.008943963795900345,0.035546875,0.002429216727614403,0.0008915903599699959,0.1670531410491094,24ffe7f55cf8ffc65d718d9333445967:0:0,312b175d8e1037e043558a73ff5c3cec:0:0,0e439b3f1b19db7602fd4add821c1744:0:0,263c644782312acc1c393ef6f850f846:0:1159529133,389576c83115f196f962d2bb295948dc:1:3844802526,10,1.112781954887218,0,0,0,0,0,0,512,20,0,512,13,0,270,0,0,242,20,0,512,0.12807779014110565,121.43994903564453,155,0
1247,A,47,0.004421551711857319,0.043360207229852676,nan,nan,512,0,0.004421551711857319,0.043360207229852676,all_rows,512,0,0.002246375195682049,0.0873046875,0.0027789360145106913,0.000929686677409336,0.16751593397930264,764d6c1c3d250359e91d5538d9a12567:0:0,84f700828cb92c009427d4707f6a6eaa:0:0,7c36b1e46601173346333f8dee2901c7:0:0,14a508b7bae11b4b74ef17fd765ffc46:0:1795313914,bf206ee2eb4e1fba26ed720d1c598e50:1:970976815,10,1.1152882205513786,0,0,0,0,0,0,512,14,0,512,12,0,296,0,0,216,14,0,512,0.1360730528831482,121.39107513427734,144,0
1248,A,48,-0.0019040772458538413,0.04583488404750824,nan,nan,512,0,-0.0019040772458538413,0.04583488404750824,all_rows,512,0,0.0170702263712883,0.0669921875,-0.003524107113480568,0.0010365685069700704,0.16691707295831293,4773f55a08874c371119cb7ce73df167:0:0,2a21df3d7fc2e84cad88c7b0b264f5ab:0:0,d50fad5d13dfe9e0b0eb9dc8df999007:0:0,381b2b0738c03a0d33907f6f002f0046:0:3911986733,d4a4658957e8af429bb45f53a079cb70:0:2178340796,10,1.117794486215539,0,0,0,0,0,0,512,17,0,512,11,0,282,0,0,230,17,0,512,0.14231979846954346,122.53690338134766,146,0
1249,A,49,0.0006773401983082294,0.04128072410821915,nan,nan,512,0,0.0006773401983082294,0.04128072410821915,all_rows,512,0,0.002646162174642086,0.09921875,0.004588200245052576,0.0008396653603995219,0.16752669698325917,b37ed8864c7b1bebf04792ab5c1abd67:0:0,5aec27e1bb266965d03f1b71af1d74b3:0:0,0a78fad1e55642e2b97a5117f87bff05:0:0,68b6a54de37abe531b6b08cf95be0446:0:2972616028,4ffa975e46dd07c3e25578db2a5a08d6:0:3789731253,10,1.1203007518796992,0,0,0,0,0,0,512,11,0,512,14,0,278,0,0,234,11,0,512,0.13725918531417847,120.9789047241211,131,0
1250,A,50,-0.006784320808947086,0.04167107120156288,nan,nan,512,0,-0.006784320808947086,0.04167107120156288,all_rows,512,0,0.0014202278107404709,0.073828125,-0.0035005373181775214,0.0008363414905034006,0.16980998899089172,d8d2fb73fb2cee1c76168d1038378967:0:0,4bde9668e6753c64d1cbce2b91144190:0:0,1322461283e2e5e80152f391c3d0c703:0:0,c0e1cc98e12053ef3e1007a3370d0846:0:3409696301,1003f78600a353ca3877086c60f8449c:0:1653035006,10,1.1228070175438596,0,0,0,0,0,0,512,17,0,512,15,0,268,0,0,244,17,0,512,0.14173300564289093,120.51224517822266,152,0
1251,A,51,0.0037179600913077593,0.044153738766908646,nan,nan,512,0,0.0037179600913077593,0.044153738766908646,all_rows,512,0,0.016246506944298744,0.1095703125,-0.011728854395914822,0.0009670066530816257,0.16739473899360746,6840f766edfb3d9a3285dcf77b945567:0:0,5bb42647c5eba6ec15f4d7a346f5e984:0:0,8984430331030fbfab74f824331eefde:0:0,8045de36aca5216bff548f6de41c0c46:0:1220095277,942e3d81b85157ff6b00e32c239e6d9d:1:1826519507,10,1.12531328320802,0,0,0,0,0,0,512,8,0,512,15,0,280,0,0,232,8,0,512,0.14670202136039734,120.76518249511719,148,0
1252,A,52,-0.0047745113261044025,0.044794339686632156,nan,nan,512,0,-0.0047745113261044025,0.044794339686632156,all_rows,512,0,0.026907727122306824,0.1685546875,-0.0032521750777959823,0.0010058169806143268,0.16567916702479124,66b066aff40f00bc2223e4ad26312167:0:0,128408491d378d773cf2c0370a9a8a59:0:0,02d497b6416e0436ef1f4ea629a6971e:0:0,8f2b0860f2f349f4195173b39ceb1046:0:1841498934,457305e6456ea48a44e1eccec65d240a:0:3225419977,10,1.1278195488721805,0,0,0,0,0,0,512,13,0,512,24,0,283,0,0,229,13,0,512,0.14726793766021729,118.33269500732422,136,0
1253,A,53,0.008985141292214394,0.04740924760699272,nan,nan,512,0,0.008985141292214394,0.04740924760699272,all_rows,512,0,0.004996337927877903,0.109375,-0.002156693360302597,0.0011402689851820469,0.16684948100009933,52a6f3b92a77dcf67a0e467d380ded67:0:0,3ab19dfe0ed2218813a7432c8e1be5a1:0:0,6c678fe169e125b966437666c1359e7d:0:0,bf26d69e0310eafaa06347f8617a1446:0:583845077,591370671519cedd401a1207f5143b9b:0:936712292,10,1.1303258145363408,0,0,0,0,0,0,512,13,0,512,18,0,273,0,0,239,13,0,512,0.15268661081790924,119.93518829345703,145,0
1254,A,54,-0.0042745331302285194,0.04701748490333557,nan,nan,512,0,-0.0042745331302285194,0.04701748490333557,all_rows,512,0,0.002927723340690136,0.1154296875,0.0025476083625108003,0.0010776447830721735,0.1685643720556982,709a27ab9b1811b273f1e4b3b12ab967:0:0,04810ca88569abd16a0885734f606567:0:0,c4059dcf5d195f8aabf3db8ce13e58ac:0:0,fd67dbe75dde95a3072a5fc031c91846:0:4103800910,4acee3c18935d27fd1c77b129d10ee9a:1:1329161922,10,1.1328320802005012,0,0,0,0,0,0,512,12,0,512,8,0,286,0,0,226,12,0,512,0.16280291974544525,119.05571746826172,142,0
1255,A,55,0.002325576264411211,0.04338403046131134,nan,nan,512,0,0.002325576264411211,0.04338403046131134,all_rows,512,0,0.015276492573320866,0.04140625,0.0005796365439891815,0.000927243457408622,0.16789990704273805,b73a2ab65fac1a661a0ae19c91878567:0:0,8450e8e3f6bb09d729ce51dea12f9ba7:0:0,e9ea8308c30c0015f74811480e74ec75:0:0,fce28a56b1f243e9228ace8f0dd81c46:0:3167783347,fbfd2d4b19585afed78028e7dce75bbd:1:2985563827,10,1.1353383458646618,0,0,0,0,0,0,512,7,0,512,8,0,302,0,0,210,7,0,512,0.1585535705089569,118.47708892822266,121,0
1256,A,56,-0.001461673411540687,0.0364992581307888,nan,nan,512,0,-0.001461673411540687,0.0364992581307888,all_rows,512,0,0.0009550177492201328,0.039453125,0.0009940770920366048,0.0006617522129090502,0.16735205397708341,b6f5a7dec63a07ec13249f83d9245167:0:0,bc547b4920bfaf015113952dbb151cdd:0:0,6d41efff142877b5fadb78e0e089ebba:0:0,56d941ce5012c9892dac67e8f5a72046:0:2941156315,2e6a082d84c970d655cbc0ee5fd1adf4:1:2756670521,10,1.137844611528822,0,0,0,0,0,0,512,16,0,512,11,0,289,0,0,223,16,0,512,0.15177947282791138,118.93287658691406,129,0
1257,A,57,-0.0018998049199581146,0.04062394052743912,nan,nan,512,0,-0.0018998049199581146,0.04062394052743912,all_rows,512,0,0.011706573888659477,0.03671875,-0.0005238573998212814,0.00082790489832405,0.1711697549908422,ed1bd2203434911b6e99c0b588011d67:0:0,f51b18929efb160bdea37246ee5e55bc:0:0,cfcd6a55c203ae53501411c5be9ae96d:0:0,aa70bcc5e4d7c0a7cdfabf51e9362446:0:3842209913,7503e2dc643adfdb1c167d82b933bb97:0:3897238115,10,1.1403508771929824,0,0,0,0,0,0,512,12,0,512,24,0,279,0,0,233,12,0,512,0.15204903483390808,120.16144561767578,139,0
1258,A,58,0.0020082099363207817,0.04316597804427147,nan,nan,512,0,0.0020082099363207817,0.04316597804427147,all_rows,512,0,0.006411310285329819,0.0705078125,0.0016221572645008565,0.0009328244108473882,0.16864480799995363,42792081c59dda9f7054277d9e1de967:0:0,9c884ed16523b1411e8c2beb4e4218f0:0:0,8b4427c462b058f79dcd84556ac4e525:0:0,cbfa241803f1f23a1725284de8852846:0:3272964829,e23353d87f6e94ec9bd55ebc69749f0e:0:3859637270,10,1.1428571428571428,0,0,0,0,0,0,512,10,0,512,10,0,272,0,0,240,10,0,512,0.15761089324951172,122.17832946777344,147,0
1259,A,59,-0.0007784785702824593,0.047550782561302185,nan,nan,512,0,-0.0007784785702824593,0.047550782561302185,all_rows,512,0,0.0029755181167274714,0.1041015625,0.0029402093030512335,0.0011180026514921338,0.16723558795638382,0655baa6e575f60f5cccf6281b7ab567:0:0,65d11e4b5cc619f17454a358824b765f:0:0,f516c12f6c6307d07f107ad88368ce23:0:0,86153860d1a03a2d8f1eb660f3942c46:0:286919477,376b62c573ba2cb2d2f7e3ab0fb7eb9d:0:964635876,10,1.1453634085213031,0,0,0,0,0,0,512,9,0,512,12,0,287,0,0,225,9,0,512,0.1481429785490036,122.77919006347656,142,0
1260,A,60,0.0035300934687256813,0.04214509576559067,nan,nan,512,0,0.0035300934687256813,0.04214509576559067,all_rows,512,0,0.0035797287710011005,0.096484375,0.0031986501300707458,0.0008777706127148122,0.16892759600887075,9099bf3f5cc11846450c8f0100178167:0:0,8d7663cf2486424682a190b8f3e2595e:0:0,8106cba1773cf3c68baf1b959e1c4b16:0:0,b5872931d6d4e750321e3d0f0a633046:0:2717312446,d670ea879fd8cfa5edab528ce9c47fbc:1:3720371120,10,1.1478696741854637,0,0,0,0,0,0,512,12,0,512,9,0,290,0,0,222,12,0,512,0.15584076941013336,122.87318420410156,126,0
1261,A,61,0.007803324609994888,0.04420875012874603,nan,nan,512,0,0.007803324609994888,0.04420875012874603,all_rows,512,0,0.0020281337201595306,0.1017578125,0.0035050156526267528,0.0009714976855320856,0.16618888400262222,dfcb899a957186fad2aa94544bf44d67:0:0,f6d1d0ddc24d83028478273d17f484c4:0:0,5856aeb1bed010f2407f75f3ec369c24:0:0,905de012cc8f96f8769e4fdc2cf23446:0:3993492011,e1727edfc8313b557bab20a7cdc928d5:0:3646846981,10,1.150375939849624,0,0,0,0,0,0,512,9,0,512,13,0,269,0,0,243,9,0,512,0.16072580218315125,123.67838287353516,139,0
1262,A,62,-0.0015399204567074776,0.0396486334502697,nan,nan,512,0,-0.0015399204567074776,0.0396486334502697,all_rows,512,0,0.005321498494595289,0.0646484375,0.000849473150447011,0.0007815329125151038,0.16600962699158117,08dee3810e813d9713cde86dff111967:0:0,4e310fee022bb83d5f9b1366ed7a06b5:0:0,a37a989f3373d51f1eb0c193222e32ca:0:0,9d73b6faeaef8c6d515d424c5b413846:0:1835228520,cbef7b793749883473f0f053de984aa1:1:3804936820,10,1.1528822055137844,0,0,0,0,0,0,512,15,0,512,12,0,273,0,0,239,15,0,512,0.15565122663974762,123.77578735351562,146,0
1263,A,63,-0.0034897616133093834,0.046537984162569046,nan,nan,512,0,-0.0034897616133093834,0.046537984162569046,all_rows,512,0,0.0017945814179256558,0.06953125,0.0008342714747413993,0.0010815815214300529,0.16664163302630186,2ea1a4563e874950472cad9a196de567:0:0,cd152b00f8200a1c314b455fba7029c1:0:0,c4b8e5084ddedc8a7d0867ce1e627920:0:0,2e64c7a20882840e395d27e395503c46:0:151185212,dbfe466d3f0809f16aa36415eb189499:0:1955193680,10,1.155388471177945,0,0,0,0,0,0,512,15,0,512,13,0,282,0,0,230,15,0,512,0.1584043800830841,122.88243865966797,136,0
1264,A,64,0.0012547418009489775,0.04404767230153084,nan,nan,512,0,0.0012547418009489775,0.04404767230153084,all_rows,512,0,0.012886971235275269,0.0935546875,0.0020134924445301293,0.0009616201976314187,0.16642697603674605,fc3a9e646214dc7ea80c46249b0ab167:0:0,3eed54f230ca23554b8d29e6a0f9653c:0:0,4ba41162b9bffc57fc0b6aca7d29e8dd:0:0,ff453abc9654023b2be3d425db1f4046:0:2840452402,23e7591193062c382b85ecf091c9accb:1:4077413045,10,1.1578947368421053,0,0,0,0,0,0,512,13,0,512,11,0,272,0,0,240,13,0,512,0.15651433169841766,122.87144470214844,133,0
1265,A,65,-0.003934986423701048,0.040181394666433334,nan,nan,512,0,-0.003934986423701048,0.040181394666433334,all_rows,512,0,0.001119582331739366,0.055859375,0.0008174227084964513,0.0008004039322258904,0.16660493903327733,50eae712f32619353a41545983e77d67:0:0,8f54a1ab5d61e5bff3677599e00c9a8e:0:0,bbb859cab9e021f7de33ba292dd1d6ef:0:0,e0a73be945411dfcb07ada972cae4446:0:3722542697,74e3e5e0fc99f3aedc419cd5b9b6a1e3:1:695898733,10,1.1604010025062657,0,0,0,0,0,0,512,8,0,512,9,0,284,0,0,228,8,0,512,0.15234896540641785,122.2691879272461,121,0
1266,A,66,-0.0012594083091244102,0.045531682670116425,nan,nan,512,0,-0.0012594083091244102,0.045531682670116425,all_rows,512,0,0.0020665451884269714,0.0583984375,-0.0023896255996078255,0.00103006097197067,0.16717127698939294,f24f7ea7c6f29319962fba84d4044967:0:0,77019a3dc33e49626416bca5af6a5793:0:0,9cbd8aea40cfb1f2bc1aeda72abeeba0:0:0,ed7f78cae114c76bdcef8ebb89fd4846:0:840879661,f67d7ab97c29add720377659cfcf7aff:1:2991613701,10,1.162907268170426,0,0,0,0,0,0,512,12,0,512,9,0,267,0,0,245,12,0,512,0.16126681864261627,123.11272430419922,145,0
1267,A,67,-0.006696674041450024,0.04075015336275101,nan,nan,512,0,-0.006696674041450024,0.04075015336275101,all_rows,512,0,0.004937618970870972,0.044140625,-0.0001164809800684452,0.0008271418628282845,0.166607363964431,bd0220120f69887bb4ca9af28b611567:0:0,11abf95d713a7f466e3b729b17dc8cc9:0:0,b3e8b21095ad9d914419c6f726a6c62a:0:0,b2f8577cadf089da59530416f30c4c46:0:916844492,bdfeddebdbb9a7b0f48e8eb4b94c887e:1:2797520362,10,1.1654135338345863,0,0,0,0,0,0,512,12,0,512,10,0,281,0,0,231,12,0,512,0.16401085257530212,124.37715911865234,145,0
1268,A,68,0.00140180136077106,0.04602210223674774,nan,nan,512,0,0.00140180136077106,0.04602210223674774,all_rows,512,0,0.024804560467600822,0.1357421875,0.010299384221434593,0.0010522299417061731,0.1671563950367272,f0eb911dbda5d2adbb9457eea9fde167:0:0,39fdd13d48813077a0254502e12d5a8c:0:0,02397ee5bd8ed9ed9851fa84983690a8:0:0,c8065a435485c9ba63fa0e2d67db5046:0:354127063,9e384f22fc7474bf8febbd23bf30f182:0:42371338,10,1.167919799498747,0,0,0,0,0,0,512,13,0,512,11,0,275,0,0,237,13,0,512,0.17455308139324188,124.20223236083984,145,0
1269,A,69,-0.0028722737915813923,0.04432031512260437,nan,nan,512,0,-0.0028722737915813923,0.04432031512260437,all_rows,512,0,0.0004785759374499321,0.0513671875,-0.00030067665502429006,0.0009813599957851694,0.16780446004122496,e620274d02a58d9bc89e93c52fdaad67:0:0,2e6eee81bedeadc2519aac37ae06aaab:0:0,c41139b984a9a283a7f0daa4e8bb88cf:0:0,8953741029a37e46d57d4082e86a5446:0:2960280192,f72f7242c8a07a5079cc96f69372e2a4:0:1998529954,10,1.1704260651629073,0,0,0,0,0,0,512,11,0,512,12,0,280,0,0,232,11,0,512,0.16420124471187592,122.26951599121094,139,0
1270,A,70,0.004157308489084244,0.040373243391513824,nan,nan,512,0,0.004157308489084244,0.040373243391513824,all_rows,512,0,0.003927378449589014,0.0384765625,-0.001548637426458299,0.0008098446356598288,0.16749009600607678,b7f85d74eb9176a3be8a30c21cf77967:0:0,4a185dd6024e7a1a87b4fe5f31414a6e:0:0,d9bb1c0b7ce9f7357ebe90383e4a9e0b:0:0,ef9b63205d9c66eb24b8ee9b74b95846:0:1685174117,53e1798f8a1a5d9fdbbd46de54870b9c:1:3579852933,10,1.1729323308270676,0,0,0,0,0,0,512,16,0,512,14,0,276,0,0,236,16,0,512,0.16159099340438843,122.604736328125,148,0
1271,A,71,-0.002247859723865986,0.03822186589241028,nan,nan,512,0,-0.002247859723865986,0.03822186589241028,all_rows,512,0,0.01487920805811882,0.09140625,-0.002690696157515049,0.0007357825030339882,0.16692650999175385,4d834a1956e002ad1087513171544567:0:0,7fff150dc3c3bf2a1ee8c64531b2ebca:0:0,2a8b29592a7c182cd82f748be4ee3df0:0:0,ae987cb56009bc6b6acd2bfb0cc85c46:0:3922565180,5b0e2e5f2506ecae76a273ffb20d425c:1:784058550,10,1.1754385964912282,0,0,0,0,0,0,512,5,0,512,10,0,297,0,0,215,5,0,512,0.1688389927148819,123.88272094726562,131,0
1272,A,72,0.00708366371691227,0.042245034128427505,nan,nan,512,0,0.00708366371691227,0.042245034128427505,all_rows,512,0,0.004096942953765392,0.0736328125,-0.001560246106237173,0.0008768144471105188,0.16758690698770806,9faf8663bfa02b808e55575f2cf11167:0:0,45e0fa495d025da8803d13b7d99130f1:0:0,1568d3bcdd5c87bc35afd4e2a248fd33:0:0,e4e6ae97846e5dcc671dcc25b0976046:0:4256258330,64f277dae48db73adf3b05dbd9e91ee4:0:2991910749,10,1.1779448621553885,0,0,0,0,0,0,512,8,0,512,16,0,263,0,0,249,8,0,512,0.17876911163330078,123.34393310546875,135,0
1273,A,73,-0.008752054534852505,0.04483385756611824,nan,nan,512,0,-0.008752054534852505,0.04483385756611824,all_rows,512,0,0.019689321517944336,0.1298828125,-0.0048776487819850445,0.000991045861155726,0.16788702498888597,3dd8a16f9c37f4603042e5974fcddd67:0:0,32e7a47cd4507ca58e8940129c49d8cd:0:0,a36b9815e7786109b1311905a976f320:0:0,8d89d8c7b43e78fb8352629f60266446:0:444793751,9c950f876b5374b8bc9824f8c588906b:1:4284331977,10,1.1804511278195489,0,0,0,0,0,0,512,7,0,512,6,0,288,0,0,224,7,0,512,0.17172080278396606,124.08161163330078,115,0
1274,A,74,0.007291221525520086,0.04296047240495682,nan,nan,512,0,0.007291221525520086,0.04296047240495682,all_rows,512,0,0.001974557526409626,0.0291015625,0.0008486267179250717,0.0009243531589163467,0.16740381496492773,e00b93864de2a5dee32dde25d9eaa967:0:0,a5449cd5be7615d1a437ef6d55fd6975:0:0,3da7d39191292811c7084a488500f4a7:0:0,85cd0378bacfaf36d75642ec1b756846:0:1356686264,2ad7dbea73df770f4312e9c21e9498c4:1:4074402124,10,1.1829573934837092,0,0,0,0,0,0,512,5,0,512,8,0,287,0,0,225,5,0,512,0.17940746247768402,123.06587219238281,119,0
1275,A,75,-0.001664537936449051,0.04193335771560669,nan,nan,512,0,-0.001664537936449051,0.04193335771560669,all_rows,512,0,0.0017756182933226228,0.05703125,0.0005001698853448033,0.0008794715686235577,0.17000111303059384,5a8bc8c3de3ac0f854836356cb477567:0:0,c2e6772794cb591b24448133e867a300:0:0,67d6f3522ecf4de07caaa768f8779b11:0:0,41b95b1c77b5b5352d58808fe2846c46:0:3648220385,3ab8aaf591e6ed371b512aa031c6d182:1:4074014630,10,1.1854636591478696,0,0,0,0,0,0,512,14,0,512,13,0,285,0,0,227,14,0,512,0.17649275064468384,122.42877197265625,126,0
1276,A,76,-0.001996947918087244,0.043686483055353165,nan,nan,512,0,-0.001996947918087244,0.043686483055353165,all_rows,512,0,0.007094415370374918,0.0646484375,-0.00014010623563081025,0.000952413261984475,0.16777084697969258,872c4a7d081ba968be3fd77623e44167:0:0,c70589897917ecf0d04f2e3ab3a69d6d:0:0,44d1fe25293d5f9ecf738dc23e357749:0:0,222e4605040f6f0e05cbef0eb5537046:0:1210574249,926106c2f9cd5ea394251fb11982d9a2:1:1040513136,10,1.1879699248120301,0,0,0,0,0,0,512,10,0,512,6,0,291,0,0,221,10,0,512,0.1777006834745407,122.1158676147461,114,0
1277,A,77,0.0001247642794623971,0.04188781976699829,nan,nan,512,0,0.0001247642794623971,0.04188781976699829,all_rows,512,0,0.006634881719946861,0.1107421875,0.002774618612602353,0.0008574603591114283,0.16667673899792135,be2d4a9e49270744b2eedccfe3c10d67:0:0,8a4f49550310978e28bc3aeedbbeea5f:0:0,18f7fbe4be14f7e6b816916892ce5896:0:0,b56f54cd974887e19b6721ec93e27446:0:2835883351,016860a3e08d4119a300485c2f940cb0:1:2724735231,10,1.1904761904761905,0,0,0,0,0,0,512,10,0,512,8,0,272,0,0,240,10,0,512,0.16571752727031708,123.92652893066406,132,0
1278,A,78,0.0030411379411816597,0.046278949826955795,nan,nan,512,0,0.0030411379411816597,0.046278949826955795,all_rows,512,0,0.001333914464339614,0.0439453125,0.002856192924082279,0.0010599101311527192,0.16653138503897935,48bddc1af939dfd0e9ab55b00addd967:0:0,adae715433c6cfea20aad419b9e3378b:0:0,f66f61222e6438db355e3222fd11e46e:0:0,e9894072b7d38540e7246cad7e317846:0:2873833458,cfbcbff650ee69697b0026a500549c84:1:2469030423,10,1.1929824561403508,0,0,0,0,0,0,512,10,0,512,11,0,297,0,0,215,10,0,512,0.16216635704040527,123.09017181396484,113,0
1279,A,79,-0.0017469038721174002,0.041159018874168396,nan,nan,512,0,-0.0017469038721174002,0.041159018874168396,all_rows,512,0,0.0066655827686190605,0.09765625,-0.00021624208893626927,0.0008455956820398569,0.1657860959530808,da43f762a51d659a0a1f6462993aa567:0:0,2fe247394daafcd5de25945a70d5c761:0:0,e70b380c9bf0f5bcf1c544523558ed7b:0:0,4afc9eb504605655a441e2d574407c46:0:176487343,4897a9cf3469fa4e7d6c5057b75de75f:0:121916798,10,1.1954887218045114,0,0,0,0,0,0,512,6,0,512,12,0,273,0,0,239,6,0,512,0.16343851387500763,124.26922607421875,123,0
1280,A,80,-0.00015442950825672597,0.044344671070575714,nan,nan,512,0,-0.00015442950825672597,0.044344671070575714,all_rows,512,0,0.002991178072988987,0.0939453125,0.004267121129669249,0.0009835407021455468,0.16752128099324182,9a6209b229bf7fcc78846b338ed77167:0:0,e5a9668b72235840e9783f36617523a1:0:0,661a3cd05be66a97534c8d23eafc8183:0:0,bd6b6f15a2135eca544157e8760f8046:0:1912318009,2aedb6e69e567734f1bcee098140d9dd:1:3128349782,10,1.1979949874686717,0,0,0,0,0,0,512,5,0,512,16,0,296,0,0,216,5,0,512,0.15723545849323273,123.30809783935547,112,0
1281,A,81,-0.027206555008888245,0.055032841861248016,nan,nan,512,0,-0.027206555008888245,0.055032841861248016,all_rows,512,0,0.012027081102132797,0.0619140625,-0.005509929498657584,0.001011992638814263,0.16645554004935548,a79939f54d3f08cc21a30c6eebb43d67:0:0,8ec7f4313ef76942b8d7e58d49944816:0:0,3811b011bc45662cb7d6ce0dfd3a8f82:0:0,9b56206f1c40fd7242e85f6a839e8446:0:377453028,09090496d549d85ca6dff1d85a0b7f2e:1:2885008723,10,1.200501253132832,0,0,0,0,0,0,512,11,0,512,9,0,272,0,0,240,11,0,512,0.15250784158706665,123.93331146240234,144,0
1282,A,82,0.010261316783726215,0.04671094939112663,nan,nan,512,0,0.010261316783726215,0.04671094939112663,all_rows,512,0,0.0014192401431500912,0.0638671875,0.00043227302376180887,0.0010802110802615062,0.16704050003318116,40a245ccd317c40c46d32a60afd10967:0:0,e17608132718d100e9fd1181d6058033:0:0,712052d05ca4ea6604536ec51aef1b87:0:0,c10530e142318eb18a404cdf9ced8846:0:2084495068,5e2d5be393a67eb05ca5a48d13b2b6e1:0:697344517,10,1.2030075187969924,0,0,0,0,0,0,512,5,0,512,9,0,282,0,0,230,5,0,512,0.16549445688724518,124.99689483642578,131,0
1283,A,83,-0.006901463959366083,0.044888220727443695,nan,nan,512,0,-0.006901463959366083,0.044888220727443695,all_rows,512,0,0.012700911611318588,0.0734375,0.0006179142277687788,0.0010174517665291205,0.16547273297328502,f8645d2c48ba0b2749fbe754db2dd567:0:0,ac7afc66e1263a17d2d0c494f95ac7e3:0:0,76c6456f5cd8393f580d3d181e63dbb3:0:0,a14e0f7a4f71eaa5169633cbc1fc8c46:0:2978909542,27effdc7adee58c6a2535f4c36e584d3:1:180543057,10,1.2055137844611528,0,0,0,0,0,0,512,8,0,512,11,0,275,0,0,237,8,0,512,0.1693144142627716,125.38603210449219,130,0
1284,A,84,0.002055299933999777,0.04563942924141884,nan,nan,512,0,0.002055299933999777,0.04563942924141884,all_rows,512,0,0.003906778059899807,0.1599609375,0.001146008586511016,0.001033133766031824,0.16610949399182573,8511b2e207da32367993a5976dcaa167:0:0,9381bee992a320feed3ce163ddb93e64:0:0,23f223b8cdf21a5352733eaa5903f0bb:0:0,0cb470bb6b345f0aaa7ae7b2f2cb9046:0:2497303265,b946c041115e4a9bce04c06aa4edc4e7:1:11458254,10,1.2080200501253133,0,0,0,0,0,0,512,5,0,512,7,0,267,0,0,245,5,0,512,0.17080554366111755,123.60591888427734,129,0
1285,A,85,-0.002716464689001441,0.04427351430058479,nan,nan,512,0,-0.002716464689001441,0.04427351430058479,all_rows,512,0,0.005163716152310371,0.05390625,0.001198219694197178,0.0009658068651333451,0.16612206201534718,e5a4943b2bc3a369dca0077467a76d67:0:0,a779dc7318d38c9bf7309cc50f116ec1:0:0,b11fdda49edc4a60942bffe729e9f059:0:0,b83cd4ca4b4624e8e2c2fc192f5a9446:0:2739769458,2385087701abe844e26764e4969b4e3e:0:2059526764,10,1.2105263157894737,0,0,0,0,0,0,512,5,0,512,15,0,280,0,0,232,5,0,512,0.18620753288269043,123.9154052734375,127,0
1286,A,86,0.004096584394574165,0.04956427589058876,nan,nan,512,0,0.004096584394574165,0.04956427589058876,all_rows,512,0,0.004510388243943453,0.122265625,0.0017408523242920637,0.0012035260704578831,0.1663911920040846,c8fdc1d476fbb1dffeb5ef37c8c43967:0:0,b3cecd97639545955fcc4127da76fd17:0:0,13f5c4f0d127302fcfdb6bd01c1d3dfc:0:0,bcd98fd5871d51f73a86c48277a99846:0:2528108905,236ef334cf2c7cf3e486d00c449d3951:0:2731010083,10,1.213032581453634,0,0,0,0,0,0,512,9,0,512,7,0,274,0,0,238,9,0,512,0.18734733760356903,123.67845916748047,131,0
1287,A,87,0.0004085852997377515,0.04349737986922264,nan,nan,512,0,0.0004085852997377515,0.04349737986922264,all_rows,512,0,0.0038676434196531773,0.078125,-0.00019459716277197002,0.0009445044386666268,0.1666956539847888,5e7d7788668023bdbbf97f2d91210567:0:0,60933e1fc42908306ad51d13438fabcd:0:0,92ac5751a1566cb63d2430ef7dfed737:0:0,26713ae4e78345c60f225472cbb89c46:0:3222579639,69de681e0b96929d4b76c0a0c1b4683c:1:2294196296,10,1.2155388471177946,0,0,0,0,0,0,512,10,0,512,8,0,270,0,0,242,10,0,512,0.17971131205558777,124.44950866699219,119,0
1288,A,88,-0.0026778641622513533,0.04431651160120964,nan,nan,512,0,-0.0026778641622513533,0.04431651160120964,all_rows,512,0,0.01749858632683754,0.08671875,0.002413018885999918,0.000975832119002007,0.16673927602823824,085c1149efed73860d1e19a1c0bdd167:0:0,4891397a5460d52258e1c185f551cc6c:0:0,64e9f3ee916859abeedf78d9aeae0278:0:0,25d40d02bf5f92a6a4357f6e2b87a046:0:1883304121,7d238681fe3649448fce6175820a7034:0:4168643297,10,1.218045112781955,0,0,0,0,0,0,512,11,0,512,5,0,292,0,0,220,11,0,512,0.18869243562221527,124.3457260131836,118,0
1289,A,89,-0.0029152370989322662,0.03651857748627663,nan,nan,512,0,-0.0029152370989322662,0.03651857748627663,all_rows,512,0,0.011650964617729187,0.087890625,0.002085345517843962,0.000671761023113504,0.1662917310022749,d385869aa7d8c8b1d36660e0579a9d67:0:0,9c4d24eb7a9155355347987c57d73c6f:0:0,7e622d8f60d0e211483c19a97815aebe:0:0,7f4d3a5f1a27625327a3d8f89716a446:0:442731562,fc9f8de7e7270093d08bc36951b6995d:0:1479056669,10,1.2205513784461153,0,0,0,0,0,0,512,5,0,512,11,0,291,0,0,221,5,0,512,0.19235862791538239,126.46014404296875,111,0
1290,A,90,0.0021945186890661716,0.0461314432322979,nan,nan,512,0,0.0021945186890661716,0.0461314432322979,all_rows,512,0,0.004063080996274948,0.0873046875,0.0005923011805862189,0.001063024328323081,0.16632313199806958,268c0e2a4da9a787a4a4373555b76967:0:0,602a56df0405a12fd1ae0349bdcd9382:0:0,ed2e784410847e884ef1fd032a1665d0:0:0,4b9618c14c755656b594b4960e65a846:0:1065631616,3a5fb3db9c937a0d69d8493f4a3e8f6f:1:3582545439,10,1.2230576441102756,0,0,0,0,0,0,512,10,0,512,7,0,264,0,0,248,10,0,512,0.18906061351299286,128.90826416015625,119,0
1291,A,91,0.001784813473932445,0.04545794799923897,nan,nan,512,0,0.001784813473932445,0.04545794799923897,all_rows,512,0,0.002275883685797453,0.0462890625,-0.0001086636446416378,0.0010296526597812772,0.16562720201909542,d0aa1f0cfa3f58339738beecbb143567:0:0,418a38f64a42aa981c0c776e551b9b86:0:0,f7aab8310479c865d483938d18bb794c:0:0,fe8a6e50334de4355c7325ca9174ac46:0:1173526325,cceab2f3d264705dd24d89ec58bfdf05:0:3882086747,10,1.225563909774436,0,0,0,0,0,0,512,6,0,512,5,0,291,0,0,221,6,0,512,0.1784810721874237,128.64051818847656,123,0
1292,A,92,-0.0030038284603506327,0.04203189164400101,nan,nan,512,0,-0.0030038284603506327,0.04203189164400101,all_rows,512,0,0.010281872935593128,0.1404296875,0.005368162225931883,0.0008799119939794763,0.1658788530039601,8a02b4d46eae051f0e145a5287b10167:0:0,55fb10d19b841972705732f9fadd6249:0:0,3c2672e3c60c09652b79556bb05b9085:0:0,d1d7f96d2e942d5420ee001a2043b046:0:2677502189,4cb2ac17fbb8e44a78b2907c661eed0b:0:3240633984,10,1.2280701754385965,0,0,0,0,0,0,512,2,0,512,9,0,278,0,0,234,2,0,512,0.17690198123455048,128.2834930419922,134,0
1293,A,93,0.001953959697857499,0.0464797168970108,nan,nan,512,0,0.001953959697857499,0.0464797168970108,all_rows,512,0,0.01772204227745533,0.2265625,0.020927929575555025,0.0010783182049635797,0.16718704998493195,169837b8405f908884b6abb2bb8dcd67:0:0,cc646c27870880e58f662a2ed98d2593:0:0,7c1a2ecbaf1b482722887f8243ed97f3:0:0,15beee11a33352a101f7d708bad2b446:0:950159816,97462174d4d21297438a3c12f4f9793d:1:822172509,10,1.2305764411027569,0,0,0,0,0,0,512,7,0,512,8,0,297,0,0,215,7,0,512,0.17940793931484222,129.7733612060547,115,0
1294,A,94,0.001481895800679922,0.03619269281625748,nan,nan,512,0,0.001481895800679922,0.03619269281625748,all_rows,512,0,0.0018811350455507636,0.06328125,0.0003403746522963047,0.0006402885221177713,0.16627644700929523,9d0eb1d7dfe4215b5b2e955956aa9967:0:0,f4eee446404547a3890597de570cd8c1:0:0,4693c2b981c33603898961b09ae144e5:0:0,7295d6d2918043fafcc6fe1a6121b846:0:169851848,700a6ced0aa8d496f351676d02f2973d:0:2242132664,10,1.2330827067669172,0,0,0,0,0,0,512,1,0,512,4,0,273,0,0,239,1,0,512,0.1773209422826767,132.40814208984375,126,0
1295,A,95,-0.0005060939001850784,0.038411397486925125,nan,nan,512,0,-0.0005060939001850784,0.038411397486925125,all_rows,512,0,0.005995827727019787,0.071484375,0.0002266352530568838,0.0007386704033706337,0.16579539398662746,687d0e80b7be6747a21a399259076567:0:0,a5ab18b83ccb5bd8fac19d636927f717:0:0,6140ec63941569be5ec4a1ed0a3f2b52:0:0,bee0fd618c580b5a10d588d31330bc46:0:3949280977,efbad88468a55e3713fba1baff563832:1:2284791762,10,1.2355889724310778,0,0,0,0,0,0,512,13,0,512,8,0,291,0,0,221,13,0,512,0.1807875633239746,131.65664672851562,118,0
1296,A,96,0.0034928524401038885,0.042747899889945984,nan,nan,512,0,0.0034928524401038885,0.042747899889945984,all_rows,512,0,0.011692303232848644,0.05546875,-0.003264070185832679,0.0009142738999798894,0.1646120479563251,40930041e0779619e6a6faa9c2a43167:0:0,809045d7e42e60bf250673ffdca50a31:0:0,98573c3d6ab5ab52eb194ee70101286e:0:0,a32c38161d7e93b743e14ab6d0ffc046:0:2697822547,74e5a3d84362d9ad02e5687fc646df57:1:689977299,10,1.2380952380952381,0,0,0,0,0,0,512,7,0,512,7,0,269,0,0,243,7,0,512,0.20235532522201538,133.2344970703125,129,0
1297,A,97,-0.0013347420608624816,0.04374603182077408,nan,nan,512,0,-0.0013347420608624816,0.04374603182077408,all_rows,512,0,0.02021893300116062,0.13125,0.005438947584480047,0.0009547358902636915,0.16519750899169594,cc6dd67627471852fe917aeb9380fd67:0:0,f63f6d440669cb681c92be3798013dcb:0:0,eff44c15df4d89f867bdcc8869aeec4a:0:0,c235b7be63c1ebb4a5ebd7499a8ec446:0:1626863951,7d82f2de7664249f67e82ac52c713f99:1:3022665228,10,1.2406015037593985,0,0,0,0,0,0,512,10,0,512,4,0,276,0,0,236,10,0,512,0.19183187186717987,131.07395935058594,130,0
1298,A,98,0.0016336480621248484,0.04556984081864357,nan,nan,512,0,0.0016336480621248484,0.04556984081864357,all_rows,512,0,0.008440405130386353,0.081640625,-0.0014558878727257251,0.0010337545652873814,0.16509406600380316,19de02cc6499f8ffd4259ca3cb9dc967:0:0,34bb6a3218b5bffae7f2ffde4da65112:0:0,d3876664e0ad84a57937434208da78cc:0:0,6d1932a977660405553a820f6fddc846:0:393840743,f0dd9d452402a6b89d7ba36f64cfdb15:1:3663979172,10,1.2431077694235588,0,0,0,0,0,0,512,10,0,512,10,0,284,0,0,228,10,0,512,0.17676633596420288,132.59385681152344,124,0
1299,A,99,0.0037909531965851784,0.040669433772563934,nan,nan,512,0,0.0037909531965851784,0.040669433772563934,all_rows,512,0,0.008410980924963951,0.082421875,0.00135471080429852,0.0007937309565022588,0.16507020400604233,6bd953355fc604d1323e821e6afa9567:0:0,fc377623df2058c0f23872c520b43368:0:0,c461a9734983575503cbacaec753cd64:0:0,fbcc8f91e15ce99582565e8c50eccc46:0:3865789558,4943d2d1839f1056fe37d51925a959b4:0:2457382365,10,1.2456140350877192,0,0,0,0,0,0,512,7,0,512,8,0,265,0,0,247,7,0,512,0.18176695704460144,130.46002197265625,133,0
1300,A,100,-0.007704080082476139,0.04148416966199875,nan,nan,512,0,-0.007704080082476139,0.04148416966199875,all_rows,512,0,0.005143004469573498,0.0755859375,-0.0018073125509545207,0.0007826324290363118,0.17072357301367447,e6a2f47dbd34a27390468da771976167:0:0,e4ba52f1e4085498a5dac4ace2dc5809:0:0,7ad4efb0dfe8d5b27ac00400a38ce63f:0:0,9e21fcc231cf7b72740c40443dbbd046:0:202959190,dc58f170d317481643d23413fbd1258a:1:361416273,10,1.2481203007518797,0,0,0,0,0,0,512,5,0,512,6,0,292,0,0,220,5,0,512,0.17952102422714233,133.10501098632812,114,0
1301,A,101,0.021574698388576508,0.05367958918213844,nan,nan,512,0,0.021574698388576508,0.05367958918213844,all_rows,512,0,0.004152095410972834,0.0611328125,-0.0036902819061651825,0.0011864087166031823,0.16724905499722809,96122db9b4516226de37618adf742d67:0:0,3db11cec8dd1f3757d021d75b0b75aed:0:0,bd9e0ea50224ff661a1e470d493acbd9:0:0,cc672d81827a9c728b6cbabb364ad446:0:1927763590,ca926b90c1cf7200a1fcbe62248842d4:1:3044850001,10,1.25062656641604,0,0,0,0,0,0,512,7,0,512,7,0,294,0,0,218,7,0,512,0.17188046872615814,134.2060546875,118,0
1302,A,102,-0.012796808034181595,0.043016668409109116,nan,nan,512,0,-0.012796808034181595,0.043016668409109116,all_rows,512,0,0.010331409052014351,0.1048828125,-0.004871407453902066,0.0009327402367489412,0.16630343900760636,a9936c878a8844965099e014b490f967:0:0,e22c6abe946f27350ca2cf786f6a9795:0:0,c91719daf99ff8def706ed97b9514d00:0:0,545e49897164e09d47cc21753a99d846:0:3922122908,b5ed40230c300121d598f9f0f7f6d6a3:1:3466583606,10,1.2531328320802004,0,0,0,0,0,0,512,8,0,512,7,0,268,0,0,244,8,0,512,0.1619303673505783,136.10787963867188,138,0
1303,A,103,0.003988046199083328,0.04072793573141098,nan,nan,512,0,0.003988046199083328,0.04072793573141098,all_rows,512,0,0.010700379498302937,0.0587890625,-0.006076132552698255,0.0008219392650062219,0.16648190800333396,a144ae0d109fb8f02c862b90f0edc567:0:0,6135986790b46dcd06943ad5ed408304:0:0,15ade9b0c1fb65e371dfd118b124b77c:0:0,4372effae070b6534ac287f64aa8dc46:0:1779763632,56f10891cb29368a9bcaa906bac7e871:1:1995955817,10,1.255639097744361,0,0,0,0,0,0,512,11,0,512,10,0,294,0,0,218,11,0,512,0.17157554626464844,138.39862060546875,116,0
1304,A,104,0.002588830189779401,0.03717968612909317,nan,nan,512,0,0.002588830189779401,0.03717968612909317,all_rows,512,0,0.004950792994350195,0.0587890625,-0.003217118140310049,0.0006892540433909744,0.16580676700687036,8f2690739fba523d93a3a64b948a9167:0:0,b3c760260c0b36f322fcfdd6d76eedec:0:0,eb2a69bcf65fb88628261ed8f279c6b8:0:0,8d7488fa864f0b365c2bc1c26677e046:0:470228334,2f82c2058c1db2892dcd3360e32e0c26:1:3588246014,10,1.2581453634085213,0,0,0,0,0,0,512,13,0,512,10,0,277,0,0,235,13,0,512,0.16537125408649445,140.79783630371094,131,0
1305,A,105,0.0007025816012173891,0.04564904421567917,nan,nan,512,0,0.0007025816012173891,0.04564904421567917,all_rows,512,0,0.0028217537328600883,0.066015625,-0.008197103976272047,0.0010398762562545017,0.16488945903256536,86066485534c33fa5028f2909f675d67:0:0,72225c6bfbaf400ee67503d6cfd226dc:0:0,da6ef296d464522c9a76c22cc98f6de3:0:0,3386fed21d566cd16e27625d8e06e446:0:2306202137,fbca26d8668726546c0f52cf3a861a7e:0:1595265117,10,1.2606516290726817,0,0,0,0,0,0,512,13,0,512,10,0,283,0,0,229,13,0,512,0.17139647901058197,142.58583068847656,126,0
1306,A,106,-0.0088608767837286,0.04134998843073845,nan,nan,512,0,-0.0088608767837286,0.04134998843073845,all_rows,512,0,0.01068529300391674,0.05390625,-0.0021353172487579286,0.000843716983217746,0.16579942195676267,dcc36eed7d5035eca0dbf2ac11842967:0:0,7b908cf0ae8e31bcafa629a5f6e76aea:0:0,1d4a2a79c7a4f9936c09464a7a826138:0:0,c523d926bcc2a500a118bd4bc155e846:0:2989932235,3b4965f463ab446ef255f455c34439b4:1:4150994034,10,1.263157894736842,0,0,0,0,0,0,512,8,0,512,9,0,283,0,0,229,8,0,512,0.17624884843826294,142.06295776367188,116,0
1307,A,107,0.005570978857576847,0.04300481081008911,nan,nan,512,0,0.005570978857576847,0.04300481081008911,all_rows,512,0,0.0046661607921123505,0.07578125,0.0036258517298847436,0.0008870159508660436,0.16688401903957129,17222c7d9208bf3d0511c8e9eae0f567:0:0,cf14558e162a4c7deb185033b4be61a1:0:0,3a3329e76becd733f1f1ed463263fa2c:0:0,48af9a88a8e0d21947a6e6110064ec46:0:261604290,b399136e4350cf14b5d1b98503f8117b:0:2931034765,10,1.2656641604010024,0,0,0,0,0,0,512,13,0,512,7,0,275,0,0,237,13,0,512,0.16663357615470886,141.94017028808594,126,0
1308,A,108,-0.005668141413480043,0.04385697469115257,nan,nan,512,0,-0.005668141413480043,0.04385697469115257,all_rows,512,0,0.005437083076685667,0.0380859375,-0.00034524241928011177,0.0009044376201927662,0.16710839903680608,14c3dcb7089858ce08aed7962b7dc167:0:0,484d3e06329b99d383249de849c9fc4b:0:0,f1ef6d37a423b06c7d8a06e49665fbb8:0:0,d6122a54a6abfad1eabcb0314b33f046:0:1959997292,cf337f3a31ded7b5f791a6c04e084f3b:0:1530875898,10,1.268170426065163,0,0,0,0,0,0,512,6,0,512,10,0,271,0,0,241,6,0,512,0.17577272653579712,142.1097412109375,145,0
1309,A,109,0.004306625574827194,0.04336664453148842,nan,nan,512,0,0.004306625574827194,0.04336664453148842,all_rows,512,0,0.008436905220150948,0.0552734375,-0.0024270758498460055,0.0009302834165282548,0.16537934402003884,a24ed1b9edbdf6d41026c0fcd35a8d67:0:0,abf72c6637516a454ed541306bbdb42c:0:0,933c7df871de7d01ca55c790afb43c04:0:0,5fad02929f5e1dea4d88af30a1c2f446:0:970151972,50b144cde32e3f20d1d33693d6f832ce:0:1625221142,10,1.2706766917293233,0,0,0,0,0,0,512,6,0,512,9,0,267,0,0,245,6,0,512,0.18077807128429413,143.10997009277344,145,0
1310,A,110,-0.0002577557461336255,0.04756521061062813,nan,nan,512,0,-0.0002577557461336255,0.04756521061062813,all_rows,512,0,0.0058859363198280334,0.066015625,-0.004145724605768919,0.0011198843218153342,0.16661709500476718,b79d0c972600f9ad247c6769e2775967:0:0,7c909eaf27e2777e33afff20ee742d07:0:0,fa9d43fe0af84c06427c1511fce653b9:0:0,38b6cb312079bd93717d36930411f846:0:391456559,3108bcf3600314effe724b99958cc7ff:1:822933423,10,1.2731829573934836,0,0,0,0,0,0,512,5,0,512,5,0,280,0,0,232,5,0,512,0.17394013702869415,143.38909912109375,125,0
1311,A,111,0.0005980235291644931,0.04392973333597183,nan,nan,512,0,0.0005980235291644931,0.04392973333597183,all_rows,512,0,0.021418608725070953,0.07578125,0.0011415642686188221,0.0009623603400541469,0.17233155301073566,972280e49c98e5f8bf41ed2958d42567:0:0,a5778447e7c6edc4454271d0c05c4376:0:0,6e9d76df41797e52e2c65bbbd71df70b:0:0,c73201b104cfe6979a5059dc7220fc46:0:741784439,e6e0ece356f2ead81652b3959cde4685:0:1496300389,10,1.2756892230576442,0,0,0,0,0,0,512,4,0,512,9,0,272,0,0,240,4,0,512,0.16678395867347717,143.443603515625,114,0
1312,A,112,-0.0004701283760368824,0.04090113565325737,nan,nan,512,0,-0.0004701283760368824,0.04090113565325737,all_rows,512,0,0.004579771310091019,0.0607421875,-0.0009080835152417421,0.0008346406131749973,0.16571490099886432,adeafa50dc5cd3ef9698b4873670f167:0:0,cf1ac4822653a749c43653710851fb52:0:0,b872ad02deaa4f174f9a50e92988dcc5:0:0,672346085306b34251fbec90ebf00046:0:2069463579,d95dcabc1e250bf51d0c40c7ac49dec1:1:1177153225,10,1.2781954887218046,0,0,0,0,0,0,512,9,0,512,6,0,275,0,0,237,9,0,512,0.17294451594352722,141.6047821044922,129,0
1313,A,113,0.0024762467946857214,0.04618114233016968,nan,nan,512,0,0.0024762467946857214,0.04618114233016968,all_rows,512,0,0.005125316791236401,0.0890625,-0.008082193648442626,0.001041066797915846,0.16721616400172934,87d10ad2d00695fb69315fcf7b4dbd67:0:0,3f480745bd5cb3576e298d4c333405ef:0:0,dc8e58d4a6be34afaa9c8e9c33682f51:0:0,c01be3371e244a086cbd8234717f0446:0:1627615067,60a2666ed1373b4e63c931f746106890:1:659807747,10,1.280701754385965,0,0,0,0,0,0,512,11,0,512,5,0,304,0,0,208,11,0,512,0.17208732664585114,139.6764373779297,116,0
1314,A,114,-0.0021060009021312,0.03838171437382698,nan,nan,512,0,-0.0021060009021312,0.03838171437382698,all_rows,512,0,0.013792192563414574,0.0806640625,0.0032935351133346557,0.000724934265599586,0.16706377896480262,70239ff1a715968eca4bd14e276a8967:0:0,eead437edcbfca2659b14da5070cc6e7:0:0,4ef753d40982494075408308ef9f1a1b:0:0,995e2bbcf4a257f00d166e4b02ce0846:0:3755585918,aa69a3e029bc2f186c20c5e6459583b2:0:2174421611,10,1.2832080200501252,0,0,0,0,0,0,512,8,0,512,8,0,269,0,0,243,8,0,512,0.17239435017108917,138.9920196533203,139,0
1315,A,115,0.00884199421852827,0.03918096423149109,nan,nan,512,0,0.00884199421852827,0.03918096423149109,all_rows,512,0,0.012927243486046791,0.086328125,-0.006110543152317405,0.0007572942500701174,0.16604166402248666,7316e1801c9d6d3cedb72b4f3ac75567:0:0,abc84fee60dbcba8a20839bd2b28b797:0:0,0108614d123a12eeafffcb28b1ac0555:0:0,7f9347d12a8e06b8a7cbc4589fdd0c46:0:1789269501,fed0636aa448fd6cb14f5e649f343cca:0:2671671836,10,1.2857142857142856,0,0,0,0,0,0,512,5,0,512,9,0,294,0,0,218,5,0,512,0.1792372167110443,136.87623596191406,119,0
1316,A,116,-0.005545594729483128,0.03958689421415329,nan,nan,512,0,-0.005545594729483128,0.03958689421415329,all_rows,512,0,0.0006378359394147992,0.0837890625,0.002111164014786482,0.0007613194262376055,0.16754956601653248,6f56cc059d4c2b1173d1d01eb5642167:0:0,03603a5764204ffdce5485472c375a5d:0:0,86cdf8674e9de0184526129785aa390f:0:0,3cfd1cf40b386ec307e657e148ac1046:0:4245321270,16908e4152146817b93da7e6a490ed4e:0:3447548237,10,1.2882205513784462,0,0,0,0,0,0,512,14,0,512,8,0,280,0,0,232,14,0,512,0.17406302690505981,138.62625122070312,143,0
1317,A,117,0.00019292347133159637,0.04103173688054085,nan,nan,512,0,0.00019292347133159637,0.04103173688054085,all_rows,512,0,0.0034580049104988575,0.1427734375,0.0033611319959163666,0.0008364126639207825,0.16550101299071684,c81e94ef09f45e28358962089740ed67:0:0,d588c3838f8df81826bcd6ddb4dcc2f1:0:0,0f429201a4f8b98307554bb1c2b3551e:0:0,26030422befb84b952b2bc68fd3b1446:0:2142918876,c07108dd7486bdd7ea5c6d03f954aedd:0:1709084114,10,1.2907268170426065,0,0,0,0,0,0,512,16,0,512,10,0,280,0,0,232,16,0,512,0.17500126361846924,138.84947204589844,133,0
1318,A,118,0.002962622093036771,0.04085471108555794,nan,nan,512,0,0.002962622093036771,0.04085471108555794,all_rows,512,0,0.0046490211971104145,0.0689453125,-0.0029045666917227207,0.0007984414609381929,0.16645188798429444,16974e8013e6cc85105ac358e05db967:0:0,5c8e5a12550aa54a17c68264d3642bfb:0:0,a60a33a9ce89452eb7d3eb421fcc01f5:0:0,7bad15ab719782f70bc14573bd8a1846:0:813066949,adda75c5b9b302c2b3103a4be5acfe9d:0:4056646655,10,1.2932330827067668,0,0,0,0,0,0,512,8,0,512,3,0,299,0,0,213,8,0,512,0.18254710733890533,139.11135864257812,119,0
1319,A,119,-0.005200375337153673,0.03890833258628845,nan,nan,512,0,-0.005200375337153673,0.03890833258628845,all_rows,512,0,0.001186298206448555,0.0669921875,0.004829240869730711,0.0007506526890210807,0.1653005940024741,fc32755d7067e62bb252165b90ba8567:0:0,9c7f455a2bbb59e0d5fa8db20fdbdb75:0:0,894c7c0c12b11b09789aaf4267bc333a:0:0,8fd7e75305acceb118e6068589991c46:0:3515267678,12bede62beac0db84721904c610f4c54:1:3311006946,10,1.2957393483709274,0,0,0,0,0,0,512,7,0,512,7,0,278,0,0,234,7,0,512,0.1843491494655609,137.82049560546875,120,0
1320,A,120,0.0008627237984910607,0.0413932204246521,nan,nan,512,0,0.0008627237984910607,0.0413932204246521,all_rows,512,0,0.005667543970048428,0.0744140625,0.003874327428638935,0.0008473104826407507,0.1673400559811853,f67a1167608cee77660abd5ca8575167:0:0,4d996a4062ad249ed2d9f95b86a7e9a5:0:0,a346462f820c556df6fa9e1187865038:0:0,d761b33161d658ddc638d32261682046:0:3405813765,e6150e97eea1623ce28cc9fe42e21e33:0:1289991382,10,1.2982456140350878,0,0,0,0,0,0,512,10,0,512,8,0,279,0,0,233,10,0,512,0.17298367619514465,138.9273681640625,133,0
1321,A,121,-0.0013734042877331376,0.042324889451265335,nan,nan,512,0,-0.0013734042877331376,0.042324889451265335,all_rows,512,0,0.006805889308452606,0.1251953125,0.0003976738313212991,0.0008798903523711488,0.16444746602792293,d6a7df7b4accdcb2deaf5aa827341d67:0:0,dcd1805737b73922b65b7b6754eba4fc:0:0,017d2579dcab949bfd95ebfa6eb2ea28:0:0,9909fb5d23e87adcca153ece44f72446:0:1302101370,4316d4a2a26b99bdc0a020f1b48dfa6c:1:1674675126,10,1.300751879699248,0,0,0,0,0,0,512,4,0,512,6,0,300,0,0,212,4,0,512,0.18235577642917633,137.62582397460938,118,0
1322,A,122,-0.003623450407758355,0.043247997760772705,nan,nan,512,0,-0.003623450407758355,0.043247997760772705,all_rows,512,0,0.0022578563075512648,0.137890625,-0.0027838010573759675,0.0009250616130884737,0.16590469796210527,4b7f91926390f3f003f9d08a0d50e967:0:0,a7dc3ac1d6ea5c260eb256e7d0d3d63c:0:0,cc5a573171d818fbf7c26a05bdeae729:0:0,57f5e03346d84edf491a9d0d34462846:0:4080322807,eea553da7aba950d91e495714e804466:1:3896038758,10,1.3032581453634084,0,0,0,0,0,0,512,12,0,512,10,0,268,0,0,244,12,0,512,0.1688193827867508,139.17880249023438,147,0
1323,A,123,0.005119429901242256,0.04290640354156494,nan,nan,512,0,0.005119429901242256,0.04290640354156494,all_rows,512,0,0.0009701007511466742,0.11171875,0.001358032994903624,0.0008955434954259544,0.16600676602683961,c9a59692a211121fbe33414e5aadb567:0:0,d6f90fc79351cc48c82e6c6816641ef8:0:0,82404ae68669b30cbc77e0fc0673ace0:0:0,628584bb07cf840fda2c01632f552c46:0:2594720184,ab37b078969101effb4d90a42617b931:1:925639086,10,1.3057644110275688,0,0,0,0,0,0,512,9,0,512,6,0,274,0,0,238,9,0,512,0.17010274529457092,139.9468231201172,123,0
1324,A,124,-0.004629136063158512,0.043513551354408264,nan,nan,512,0,-0.004629136063158512,0.043513551354408264,all_rows,512,0,0.001742709893733263,0.065234375,0.0011876520700752735,0.0009462192712817342,0.16662801598431543,153c0b067ec7b669c2340f410f4a8167:0:0,473d29a48ac4f3b19c1e26f2745c8475:0:0,9f2f7ca165805089b9de09789a021f48:0:0,fd22065a16f0ae7a8a703f5436243046:0:4003754524,6c8cf69b06d8357bc5185fd23b1c40be:1:3096361141,10,1.3082706766917294,0,0,0,0,0,0,512,8,0,512,7,0,282,0,0,230,8,0,512,0.17353282868862152,140.877197265625,144,0
1325,A,125,-0.0007768294308334589,0.04097045212984085,nan,nan,512,0,-0.0007768294308334589,0.04097045212984085,all_rows,512,0,0.002800396177917719,0.101171875,0.00787509186193347,0.0008333032921655104,0.1680230830097571,c6326fcf38c9bec45d63dcae2b274d67:0:0,76bcde5a72495bc039edec20bf7a0c1d:0:0,e9844abd92daa1fd27a9777ebe8f4546:0:0,60a7bac0e05012b4e151ea6448b33446:0:3810980481,65a50fd181eafc5d530fdee6e5887a6a:1:826481563,10,1.3107769423558897,0,0,0,0,0,0,512,11,0,512,8,0,279,0,0,233,11,0,512,0.17396675050258636,142.20321655273438,126,0
1326,A,126,-0.0031184456311166286,0.04388849437236786,nan,nan,512,0,-0.0031184456311166286,0.04388849437236786,all_rows,512,0,0.01031822245568037,0.0751953125,-0.008011214248836041,0.000931094420957379,0.16645864298334345,5eaa8bc49f4ddccc41b98be1ae441967:0:0,8d04573f4020252c7fd4b7b5f7a57dac:0:0,0489c5de5546adc192effda731919cb6:0:0,20cd98aa79a4ed45e47f561767023846:0:63222478,20c66c7e369c2c2142b8e413d1e89ec1:0:3764551304,10,1.31328320802005,0,0,0,0,0,0,512,8,0,512,11,0,283,0,0,229,8,0,512,0.17198435962200165,143.43533325195312,131,0
1327,A,127,0.002081290353089571,0.043853532522916794,nan,nan,512,0,0.002081290353089571,0.043853532522916794,all_rows,512,0,0.010873295366764069,0.0634765625,-0.00639762356877327,0.0009400013746926561,0.16689073399174958,f75d71149cafc1dc51bb3f2798a0e567:0:0,493a23b4daf3868ee0b29c727c94fad1:0:0,44ba63c3a0caea0c11f66ce2e38e0897:0:0,7428e5bf813735ce1bea95f191113c46:0:2167426115,26918b829b3ae3aca02ab068bb8490bd:1:2294504861,10,1.3157894736842106,0,0,0,0,0,0,512,10,0,512,8,0,283,0,0,229,10,0,512,0.17468741536140442,142.21669006347656,123,0
1328,A,128,0.003092781873419881,0.04032852500677109,nan,nan,512,0,0.003092781873419881,0.04032852500677109,all_rows,512,0,0.0060245986096560955,0.051171875,-0.0013243967667222023,0.0007992997445398942,0.16619150701444596,2846ff14003b02656c7e58cbea3db167:0:0,46fa4397975b25bc5c250b73e93a6fe9:0:0,8f94741e9b7ab65ef68c296fc21b188d:0:0,30eb7d9efa8dddef95c97d76c6e04046:0:3667546656,c1175bca82afb81edf97f8d8290231ba:0:2735909805,10,1.318295739348371,0,0,0,0,0,0,512,6,0,512,3,0,292,0,0,220,6,0,512,0.16255204379558563,140.2733917236328,109,0
1329,A,129,-0.004318515304476023,0.045210838317871094,nan,nan,512,0,-0.004318515304476023,0.045210838317871094,all_rows,512,0,0.004816451109945774,0.031640625,-0.0017959501594305039,0.0010180794110056014,0.16673081798944622,b34c65114409b08639a77b1aa31a7d67:0:0,25f85eb1e548ba554623e4a7278968aa:0:0,734534011c4f13b95bc301b3caa21855:0:0,0afb43c3f5618bf5ea95a02b086f4446:0:4162566394,03da1b412a4c0de019026c5e650093d2:0:450393887,10,1.3208020050125313,0,0,0,0,0,0,512,5,0,512,9,0,284,0,0,228,5,0,512,0.17282691597938538,141.00279235839844,119,0
1330,A,130,0.0008502235868945718,0.03798452392220497,nan,nan,512,0,0.0008502235868945718,0.03798452392220497,all_rows,512,0,0.008164167404174805,0.0478515625,-0.0019484608434140681,0.0007187694311141968,0.16582033899612725,9a5322994c42ade2f56a885fc3374967:0:0,6be0447d145cb70227800a3c7c6cac2e:0:0,9ea91694a73eb77655a5c109abf559b0:0:0,a54293b28b57d13e410c519255be4846:0:275739852,0b186a295b946ef10f69a25305943b3a:1:3239866910,10,1.3233082706766917,0,0,0,0,0,0,512,6,0,512,8,0,272,0,0,240,6,0,512,0.17499782145023346,139.28794860839844,131,0
1331,A,131,-0.0017227225471287966,0.047232408076524734,nan,nan,512,0,-0.0017227225471287966,0.047232408076524734,all_rows,512,0,0.002016314072534442,0.0470703125,-0.0015847409609705209,0.0011181662703165784,0.16575241700047627,b991c57d5d03b4bd3c8aa2e74a941567:0:0,9837c4f3691986e1980d384ecaa20fd8:0:0,e606168b6649f52c97281f6d15957778:0:0,44dbc88a810adc5f522ea530aecd4c46:0:3356265338,01020ac49c4ca5332080d677dff91346:0:562224307,10,1.325814536340852,0,0,0,0,0,0,512,8,0,512,6,0,306,0,0,206,8,0,512,0.17391175031661987,138.04159545898438,122,0
1332,A,132,-0.0010655811056494713,0.04197307676076889,nan,nan,512,0,-0.0010655811056494713,0.04197307676076889,all_rows,512,0,0.002295054728165269,0.028125,-4.270048812031746e-05,0.0008778028888627887,0.16650512296473607,c10a35c8c443184bd85a2cfd3930e167:0:0,df4d0b4059acb241be90b91bef7491a0:0:0,db1329233b3e4a9c9f7b6bee70f5a374:0:0,54bd3ed196e1a7116d416e8a139c5046:0:4021991887,e641c729c907c9425845cbabe3bf75cc:1:33964309,10,1.3283208020050126,0,0,0,0,0,0,512,9,0,512,10,0,282,0,0,230,9,0,512,0.1790812760591507,137.94618225097656,110,0
1333,A,133,0.0005914550274610519,0.043340153992176056,nan,nan,512,0,0.0005914550274610519,0.043340153992176056,all_rows,512,0,0.0021395846270024776,0.020703125,-0.0003997613675892353,0.000930791741120629,0.16614147799555212,8456bbb3f4f53c528abac8ed8f0dad67:0:0,5dab0d859e282f05e1cd6c360e9df783:0:0,305609d10f7a5629546cd7809c3ccb5e:0:0,578f80fb563c9fd67bcd4122842b5446:0:3193733474,9612708fe3281e74a7530831127c1128:1:4153057402,10,1.330827067669173,0,0,0,0,0,0,512,6,0,512,3,0,290,0,0,222,6,0,512,0.18480542302131653,138.9487762451172,126,0
1334,A,134,-0.0001447843387722969,0.037174247205257416,nan,nan,512,0,-0.0001447843387722969,0.037174247205257416,all_rows,512,0,0.003648592857643962,0.0390625,-0.0023411501199007033,0.0006755555077688769,0.16594949597492814,157f138210c1c3f9da1d59044c2a7967:0:0,88fda3e309b42638e78188cbfb2599bd:0:0,6b28980259df7c2daf3397fe69455d35:0:0,4f1ca0e7e77acf62059e707e007a5846:0:316967248,83dfe986161ac4448fee00f70e480957:1:408079635,10,1.3333333333333333,0,0,0,0,0,0,512,12,0,512,12,0,284,0,0,228,12,0,512,0.18493419885635376,138.5481719970703,117,0
1335,A,135,-0.00279132928699255,0.04235653579235077,nan,nan,512,0,-0.00279132928699255,0.04235653579235077,all_rows,512,0,0.008643995970487595,0.0568359375,-0.002630977937951684,0.0008945952402427792,0.16524405201198533,05a9d7151d9477e6dd81ff8d70874567:0:0,44d2c99834e519dbe593e4a7bbce5702:0:0,88dc29dde808f6b42211a1cfa642a9ed:0:0,f10e16473d5b79c134c5102088895c46:0:1555064443,0ca7c9eb9621e4f78b7d783d2408f793:1:2432390714,10,1.3358395989974938,0,0,0,0,0,0,512,13,0,512,11,0,273,0,0,239,13,0,512,0.1952490508556366,140.75289916992188,133,0
1336,A,136,-0.002616270910948515,0.037564467638731,nan,nan,512,0,-0.002616270910948515,0.037564467638731,all_rows,512,0,0.004376932978630066,0.0697265625,-0.0018817602656781673,0.0007040746248094365,0.1663148159859702,7c7044e46455e39308781ed4fc241167:0:0,ceeede44ac42316770657a7e1ca60523:0:0,8cff48df03ba4a734fb4f9346ca7bd0f:0:0,2335d381a2403b42d994f38e1c586046:0:83534112,77f74db4d2f1fc54b1f12134fb10f1eb:1:1325952510,10,1.3383458646616542,0,0,0,0,0,0,512,11,0,512,9,0,253,0,0,259,11,0,512,0.202430859208107,142.25311279296875,147,0
1337,A,137,0.0008000613888725638,0.04402358457446098,nan,nan,512,0,0.0008000613888725638,0.04402358457446098,all_rows,512,0,0.006530008278787136,0.0501953125,0.0013846317073330284,0.0009687931335065514,0.16469947894802317,a39ef7dfb617a9e3f71e5926ef00dd67:0:0,b24e621d5ab5c7feeeaccce0d2290e46:0:0,c6be4bc5cb747d6bda00b35a8cf3834f:0:0,1a27a07a73d3a11f6ea5ae4abbe76446:0:1708263480,1690dc0325f3fe032d5c1cddda7f19bc:0:4192101894,10,1.3408521303258145,0,0,0,0,0,0,512,6,0,512,7,0,286,0,0,226,6,0,512,0.21577343344688416,141.8543243408203,117,0
1338,A,138,-0.0029965038411319256,0.043950099498033524,nan,nan,512,0,-0.0029965038411319256,0.043950099498033524,all_rows,512,0,0.0010740914149209857,0.06796875,-0.0007272261660546065,0.000967991683864966,0.16452947998186573,30857ba9950091033a2290cf491da967:0:0,6ba8e24f818b96f611d99daf790975a7:0:0,f48a798ef3c41d0453742497ed79da80:0:0,ff312c3599983de11cd293da67366846:0:3351740383,189f81cf9b65ed1d1ef2209a7fe3db45:1:1612297861,10,1.3433583959899749,0,0,0,0,0,0,512,10,0,512,11,0,305,0,0,207,10,0,512,0.1950589269399643,143.9165802001953,114,0
1339,A,139,0.004398944787681103,0.04443209990859032,nan,nan,512,0,0.004398944787681103,0.04443209990859032,all_rows,512,0,0.004234414082020521,0.0568359375,-0.0013635439332574605,0.0009826100897043944,0.16496543295215815,a4e0cc717e44457622c1e81a0a7a7567:0:0,b165a64048ca67fafc1103dfaf1dd59f:0:0,38f8ac8b62cfe851fdb6e1b69a85ab4c:0:0,2289ac1c02e4398bbf3ab7c11e456c46:0:3449664283,ad1a6c2df98d74557cb8f0eb0b1c0ec3:1:2564706863,10,1.3458646616541352,0,0,0,0,0,0,512,6,0,512,10,0,270,0,0,242,6,0,512,0.19665935635566711,143.39804077148438,133,0
1340,A,140,-0.0019087473629042506,0.03827279433608055,nan,nan,512,0,-0.0019087473629042506,0.03827279433608055,all_rows,512,0,0.012134360149502754,0.08203125,0.004078849591314793,0.0007174375728936866,0.16759314999217167,3f29c196d272d4758ec8c15333174167:0:0,40d58588ba11e6ef1a4139b184e5a5a2:0:0,885cf776a8ff349f584156e1389fe500:0:0,5f9d494f38cd5d84e740ed82e1147046:0:2992342385,758ffb3839711d55e7d9e19e2aaa0424:0:2665008012,10,1.3483709273182958,0,0,0,0,0,0,512,3,0,512,10,0,291,0,0,221,3,0,512,0.19860781729221344,141.868896484375,117,0
1341,A,141,-0.0013351049274206161,0.04423128068447113,nan,nan,512,0,-0.0013351049274206161,0.04423128068447113,all_rows,512,0,0.01128079928457737,0.0583984375,-0.0055947723798453804,0.0009475669998209923,0.16640125098638237,83e01e1c196bdd85b492bec6c2f40d67:0:0,a756eb9c47411cbe23f6f99de8a9f743:0:0,48ff7daf5d00da7bce14911b7b4a3386:0:0,67650a2fd0899c3be08bc8a3afa37446:0:2507423427,7d46a90b77d4a15e63ed1f3646b4ba13:1:1656764058,10,1.3508771929824561,0,0,0,0,0,0,512,4,0,512,11,0,279,0,0,233,4,0,512,0.18609820306301117,143.70950317382812,121,0
1342,A,142,0.0015763756819069386,0.042220886796712875,nan,nan,512,0,0.0015763756819069386,0.042220886796712875,all_rows,512,0,0.010085592977702618,0.1359375,0.002647895575501025,0.000885581475449726,0.16531682101776823,d68d89d19f417b4def0ac2c0ba10d967:0:0,9d5022ae722a3848ef358bfe7db3a37d:0:0,25293f2a6ea85b63085e621902f7a6f5:0:0,0b8957ee4ac81491b5059ca789f27846:0:4020450002,b6c489acabfb7e5e72a31c3dd9bacb86:1:2894828045,10,1.3533834586466165,0,0,0,0,0,0,512,9,0,512,7,0,279,0,0,233,9,0,512,0.18726956844329834,141.091064453125,112,0
1343,A,143,-0.001771964249201119,0.04664415493607521,nan,nan,512,0,-0.001771964249201119,0.04664415493607521,all_rows,512,0,0.008345293812453747,0.042578125,-0.0005585941253229976,0.001081457472173497,0.16661254997598007,c8f109fda756e3b089aaef8d186da567:0:0,5d4caf9d2128629b76d44097dbc1f226:0:0,5546831c9e44d6bccf157a70cdfa5b54:0:0,505bb5b1ac86910130dc7d1270017c46:0:2127853064,d6fa1c8b74a18094f6bb7e9bdf9236a2:0:185632089,10,1.355889724310777,0,0,0,0,0,0,512,12,0,512,8,0,280,0,0,232,12,0,512,0.17962098121643066,143.95204162597656,129,0
1344,A,144,-0.0037079299800097942,0.03762814775109291,nan,nan,512,0,-0.0037079299800097942,0.03762814775109291,all_rows,512,0,0.009615094400942326,0.06640625,0.0021948395762592552,0.0006934501958312467,0.1663320449879393,a04bb027b306bf228c7ca777de0a7167:0:0,d70424820a42fff7ef6a7bfdc12b901c:0:0,3e0defda4fa8c8b32375463b2952929c:0:0,e743b892dde78286e6823d6861d08046:0:3770875230,e26d327931a50e58d620b474adc1d36a:1:1300630940,10,1.3583959899749374,0,0,0,0,0,0,512,6,0,512,7,0,271,0,0,241,6,0,512,0.18109968304634094,146.09384155273438,114,0
1345,A,145,0.004639673978090286,0.04049507528543472,nan,nan,512,0,0.004639673978090286,0.04049507528543472,all_rows,512,0,0.018531717360019684,0.0787109375,-0.009059087699279189,0.0008138025470543653,0.16520388302160427,1b62218b991d374388188ccd0ae73d67:0:0,deca06b0a28ee12f14acfff57054d828:0:0,6ff9ebb922a0400b05db0d57c5756901:0:0,aacbcd5f9b8c774932ac712d5f5f8446:0:481375484,4d40ddd092be9708c81e281bf82a5fd2:1:2568704171,10,1.3609022556390977,0,0,0,0,0,0,512,8,0,512,2,0,287,0,0,225,8,0,512,0.1861269474029541,143.75369262695312,115,0
1346,A,146,0.0009259179350920022,0.03972327336668968,nan,nan,512,0,0.0009259179350920022,0.03972327336668968,all_rows,512,0,0.004675115458667278,0.0572265625,-0.0010194716975092887,0.0007840831327484921,0.1656178419943899,c6b451986b71bcb561a681d89f040967:0:0,5bd82cb2528c5c79261841d5f77ac5c9:0:0,ce7d8caec74392ec89d00cf201767918:0:0,b4cbdacb86f90d0040546be568ae8846:0:2306306748,2248558fbd6b8fc29c883bb1d28146be:0:2092875886,10,1.363408521303258,0,0,0,0,0,0,512,8,0,512,10,0,303,0,0,209,8,0,512,0.19976522028446198,141.1539764404297,114,0
1347,A,147,0.0007478177431039512,0.037252895534038544,nan,nan,512,0,0.0007478177431039512,0.037252895534038544,all_rows,512,0,0.002723527606576681,0.0630859375,0.0026950779370963573,0.0006873778824228793,0.16474118403857574,2eed4dbe67ec84341edda8e69a60d567:0:0,3217848209a2a067981fe811301ab9cf:0:0,d7448fc9d31c5c65ba0d129f8c65fcb2:0:0,9a025469a2825f1e0cb741147dbd8c46:0:4152164173,1e048cbbc256b31c2cbcb7a03d3a03f8:1:3362091126,10,1.3659147869674184,0,0,0,0,0,0,512,10,0,512,6,0,274,0,0,238,10,0,512,0.1932799220085144,140.8794403076172,127,0
1348,A,148,-0.0021683420054614544,0.03998120501637459,nan,nan,512,0,-0.0021683420054614544,0.03998120501637459,all_rows,512,0,0.0030319083016365767,0.0580078125,0.001595834968611598,0.000797580581274815,0.17149413895094767,0ae048ae7243baedb2046442fcfda167:0:0,1f3134239241165fc15db1f36c9b5b20:0:0,90944d66d15a3bb5f3bdbe978f875ccd:0:0,287fdc7c454ef0b66b55c43e9e8c9046:0:1007733382,8185eb7cbdeb87b485d0ed2745bd3662:1:4166431190,10,1.368421052631579,0,0,0,0,0,0,512,4,0,512,10,0,281,0,0,231,4,0,512,0.19915345311164856,139.7783203125,121,0
1349,A,149,-0.006183482240885496,0.041204772889614105,nan,nan,512,0,-0.006183482240885496,0.041204772889614105,all_rows,512,0,0.004252408631145954,0.0453125,0.0027026968076825143,0.0008454973838524892,0.1664088920224458,0dce2f0cd3bc7219c5f05639c6da6d67:0:0,53b1292691acc36d82c638570b56b7ea:0:0,c9720ba2ac86a7f37c4c01bcf6ead2fd:0:0,a35e205d53eb122709f488e7cb1b9446:0:3130585222,ab7e464b2a2eb5ca5f54f63f23063ccb:0:486689314,10,1.3709273182957393,0,0,0,0,0,0,512,12,0,512,5,0,277,0,0,235,12,0,512,0.19840210676193237,138.80587768554688,117,0
1350,A,150,0.006886388175189495,0.03977235406637192,nan,nan,512,0,0.006886388175189495,0.03977235406637192,all_rows,512,0,0.0040834336541593075,0.0544921875,0.0001452709548175335,0.0007932860316941515,0.16972422698745504,7f67f7783e3b41d18a066116f7f73967:0:0,69d3b336be189d51c865311a5a4759b5:0:0,4265991ecdf00a4da99d53c8264d1fba:0:0,ca102cf449f5c27f749be294036a9846:0:4086829735,13e5475af28cb5cf8250c0780644b230:1:4179318898,10,1.3734335839598997,0,0,0,0,0,0,512,9,0,512,6,0,276,0,0,236,9,0,512,0.20004171133041382,137.3251953125,130,0
1351,A,151,-0.0037554139271378517,0.04071356728672981,nan,nan,512,0,-0.0037554139271378517,0.04071356728672981,all_rows,512,0,0.0003293454647064209,0.0384765625,-0.0033946614246815445,0.0008246976707596332,0.1672724470263347,004d93a54ff0a3277e3aa72690540567:0:0,8b47a52bdd87eee49719c1f02da55fd9:0:0,8e5364dd2868ed41200565e590d13190:0:0,eff10e63616a0ca91997e4c747799c46:0:3437057156,618ea0e4d8063f748e8b619045a99709:0:2947055087,10,1.3759398496240602,0,0,0,0,0,0,512,7,0,512,5,0,280,0,0,232,7,0,512,0.19713319838047028,137.4031982421875,115,0
1352,A,152,0.006230474449694157,0.032468054443597794,nan,nan,512,0,0.006230474449694157,0.032468054443597794,all_rows,512,0,0.004815229680389166,0.0423828125,-0.0010031175101175905,0.0005213821204961278,0.16613123804563656,0ee7e82e14ed017f3f108ab48ff0d167:0:0,395b7971fb43a231e256cd917ed345ef:0:0,dcee158c45201b8d2ab01d82c80d8879:0:0,ed4d27c8e408e04f4d7863059748a046:0:111712686,7ef4eb07bb9417f3fc33c9c06f60d088:1:2850655991,10,1.3784461152882206,0,0,0,0,0,0,512,11,0,512,7,0,284,0,0,228,11,0,512,0.1974245011806488,137.6981964111328,126,0
1353,A,153,-0.001060765702277422,0.037530768662691116,nan,nan,512,0,-0.001060765702277422,0.037530768662691116,all_rows,512,0,0.002602912485599518,0.0291015625,-0.0017548996023833753,0.0006923488719621674,0.16657820699037984,f8ad7c9443e88325519aae0cf6cd9d67:0:0,a1d4ec64b9aea5e65c72600c97114749:0:0,cc27b39fd067072b52c6d19f554d8a87:0:0,b1bb4da5736766874f10f0d2f2d7a446:0:3614972684,3a9ac0327081b6a01082a7aaa44dbbfd:1:896837729,10,1.380952380952381,0,0,0,0,0,0,512,10,0,512,4,0,299,0,0,213,10,0,512,0.1892547458410263,137.00189208984375,120,0
1354,A,154,-0.004092489834874868,0.03715614601969719,nan,nan,512,0,-0.004092489834874868,0.03715614601969719,all_rows,512,0,0.0021286611445248127,0.03125,-0.0031646834453567863,0.0006797342764912173,0.17282118397997692,ee65acd4338a8926ef7af37bc4ea6967:0:0,9bf6c325282bd56f826081d19f9a0560:0:0,bcfe30db493579d19b033234701659e9:0:0,a3f44f2bd425d2384b78e1b35a26a846:0:2559443834,a33ec3424bd6eb5f3efa2e72f0a4410b:1:817590954,10,1.3834586466165413,0,0,0,0,0,0,512,10,0,512,10,0,262,0,0,250,10,0,512,0.19058169424533844,135.73606872558594,144,0
1355,A,155,0.004641723353415728,0.03573549911379814,nan,nan,512,0,0.004641723353415728,0.03573549911379814,all_rows,512,0,0.0031295244116336107,0.0236328125,0.0006038959138095379,0.000644012275733985,0.16684758401243016,f61509c5c57ce669d2e27d4cfa473567:0:0,66f521570bcaa5fd76976709f31edc6e:0:0,c268253b56dfc53c6fe5109e7f9782a0:0:0,b132407288d2ac43620b492acd35ac46:0:2508480112,3cf9297cdefd786d09085836b9ea7826:1:9858018,10,1.3859649122807016,0,0,0,0,0,0,512,6,0,512,5,0,267,0,0,245,6,0,512,0.18442776799201965,135.22940063476562,138,0
1356,A,156,-0.0014809294370934367,0.03887566551566124,nan,nan,512,0,-0.0014809294370934367,0.03887566551566124,all_rows,512,0,0.002967656124383211,0.0771484375,0.002026770310476422,0.0007490418036468327,0.16672255500452593,7a274567c496ce040291adcc96e40167:0:0,d4e912db9bc3732af3610bd71982e1f0:0:0,1fb31f5797b1a17f63079e14b8b33cbe:0:0,e13c813348fe9b6ba866fabd4c04b046:0:1518046724,665bd522a426b95606f75b63cd474c3c:1:2969220400,10,1.3884711779448622,0,0,0,0,0,0,512,7,0,512,7,0,261,0,0,251,7,0,512,0.1892058253288269,134.6113739013672,116,0
1357,A,157,-0.002396039664745331,0.04645634815096855,nan,nan,512,0,-0.002396039664745331,0.04645634815096855,all_rows,512,0,0.008662965148687363,0.049609375,-0.0012487863190472127,0.0010709515685448424,0.16607917903456837,42678411736b78d39dd827469ac0cd67:0:0,57423e0c308cac30ad7882da22667852:0:0,3de366166fade27dd3f1d233a7c99964:0:0,606229782104a7fe2e6e89eed693b446:0:2534651982,352f502bc1e30750a8a57b298ece7894:1:4263832657,10,1.3909774436090225,0,0,0,0,0,0,512,7,0,512,7,0,299,0,0,213,7,0,512,0.18916119635105133,135.4783935546875,106,0
1358,A,158,0.002045979490503669,0.040106527507305145,nan,nan,512,0,0.002045979490503669,0.040106527507305145,all_rows,512,0,0.010532507672905922,0.061328125,-0.0006582272239029407,0.0007903906953288242,0.1661835680133663,bfa7336548888256a894cc0705dd9967:0:0,c84aa3124881dc108429800533d88c21:0:0,920a33d4df5b6a74d19095f9d0fbacda:0:0,21823749c70afb3a02484a436ce2b846:0:2082720381,e192c405b03ce46b1d8cdf51ec9ce312:1:505107548,10,1.3934837092731829,0,0,0,0,0,0,512,10,0,512,10,0,290,0,0,222,10,0,512,0.18505609035491943,137.3574981689453,131,0
1359,A,159,0.00264141708612442,0.03826066851615906,nan,nan,512,0,0.00264141708612442,0.03826066851615906,all_rows,512,0,0.011904680170118809,0.112109375,-0.006745843985117972,0.0007297039526747539,0.1665717309806496,c5d59bbf15affcc2d735be59d83a6567:0:0,b48dd6655cf72a5815fe4d58317cb7e3:0:0,3cb23d4b899c51614166b122cfd07685:0:0,6b9f8e2671c01a78345e4f3f0ef1bc46:0:3429470103,a5f772c3f88cf9b190cb3a91180e5277:0:695222613,10,1.3959899749373434,0,0,0,0,0,0,512,11,0,512,6,0,284,0,0,228,11,0,512,0.199144646525383,135.82412719726562,128,0
1360,A,160,7.344502955675125e-05,0.040787894278764725,nan,nan,512,0,7.344502955675125e-05,0.040787894278764725,all_rows,512,0,0.0028369517531245947,0.10078125,-0.005187599454075098,0.0008295553823700174,0.16781846503727138,20ff40b7175a3c5d5ab8608b11d73167:0:0,ec2d04c9b5407221a7de0f23ffde0888:0:0,aab0b6727e6aad63c67198662daf6807:0:0,c41e92bc3d589e13db5e6c65bcc0c046:0:2137833676,fe6f6b5a8a725d5cd540b34fcd3ac990:0:1449111594,10,1.3984962406015038,0,0,0,0,0,0,512,10,0,512,11,0,276,0,0,236,10,0,512,0.1797262579202652,138.04173278808594,131,0
1361,A,161,-0.016177628189325333,0.05732055380940437,nan,nan,512,0,-0.016177628189325333,0.05732055380940437,all_rows,512,0,0.0032327594235539436,0.0814453125,-0.0057517075445503,0.0012233242625370622,0.16616304201306775,e773d132a9cb5a12aca954e6b2b3fd67:0:0,71accd3b26f2a1f2c8df720e40c538ac:0:0,3dce5429b89dca961d51b90a73da9705:0:0,9c6aeb15eb516412183a353b764fc446:0:1564097856,fef66a446515dfbec7741477122c432f:0:1929706598,10,1.4010025062656641,0,0,0,0,0,0,512,10,0,512,8,0,263,0,0,249,10,0,512,0.18659470975399017,138.22613525390625,126,0
1362,A,162,0.0125200767070055,0.046650201082229614,nan,nan,512,0,0.0125200767070055,0.046650201082229614,all_rows,512,0,0.003307174891233444,0.0283203125,9.584154468029737e-05,0.0009967259218683466,0.16608392499620095,0d6bdf5aa1086d4e5b247db8bad0c967:0:0,b5e34df1f883ae8fb9ab109f50ef106a:0:0,afbd5895b3bb2a8cc90547b2d1e5409e:0:0,e325ad1c897a3e8a1a26fd443b9ec846:0:55597234,7d5d0b99cf18d4e0864395c183cd666a:1:2578146581,10,1.4035087719298245,0,0,0,0,0,0,512,10,0,512,11,0,288,0,0,224,10,0,512,0.19030866026878357,139.9282684326172,132,0
1363,A,163,-0.0006310516037046909,0.04272627457976341,nan,nan,512,0,-0.0006310516037046909,0.04272627457976341,all_rows,512,0,0.0035895935725420713,0.0978515625,0.010529929492622613,0.000906499326811172,0.16693817300256342,9434dcae80f87d12d4d4fd4d2a2d9567:0:0,8e2fb080d291d8b8d133c63ea1d61a45:0:0,513e71d87bc7030b1c2457db384e0375:0:0,01df0b044ccd1dcd229dd8040cadcc46:0:591581952,9e4ed9fab9982f855c8a90f1fe2d4c23:1:378497735,10,1.4060150375939848,0,0,0,0,0,0,512,13,0,512,12,0,260,0,0,252,13,0,512,0.18158087134361267,138.59889221191406,147,0
1364,A,164,-0.0019095647148787975,0.038947757333517075,nan,nan,512,0,-0.0019095647148787975,0.038947757333517075,all_rows,512,0,0.004615527577698231,0.123828125,0.0074750510277226566,0.0007399977388558909,0.16662672301754355,bf69e64b12fd285134f535f000ca6167:0:0,0b008dca387d9c3f26524942b8de83d2:0:0,6238208efa9868984d81176d21eedba5:0:0,d48256eeac95b64e895b98fee97cd046:0:3463479855,98e0fd9d194510439acbcbdc9aa185d8:1:101683798,10,1.4085213032581454,0,0,0,0,0,0,512,8,0,512,7,0,297,0,0,215,8,0,512,0.18697327375411987,137.48255920410156,111,0
1365,A,165,-0.005727263633161783,0.041953302919864655,nan,nan,512,0,-0.005727263633161783,0.041953302919864655,all_rows,512,0,0.010315515100955963,0.117578125,0.007614062540233136,0.0008685553271789104,0.16669283696683124,0d52c95a164f05810f4ec9ed3ea72d67:0:0,7d2b4d698d34f2e0137b174ac69d083d:0:0,d6956867e8a972a09cb1c09331294e74:0:0,b2c004bf8a6da24bc060d3b8d20bd446:0:1886750311,3cee0e53dae12735f846e96558e3215c:0:215189841,10,1.4110275689223057,0,0,0,0,0,0,512,5,0,512,10,0,270,0,0,242,5,0,512,0.19224978983402252,136.5811309814453,119,0
1366,A,166,0.006708434782922268,0.03920990973711014,nan,nan,512,0,0.006708434782922268,0.03920990973711014,all_rows,512,0,0.006160861812531948,0.0998046875,0.00275637733284384,0.0007564466854091733,0.16710723604774103,4b684f800869b9783c3a9b90e3c3f967:0:0,fa193dcb389e2d41113d5a4768bd4382:0:0,3cd9ef3ea652397c5406500bd40ac182:0:0,a1a722d6f390ff3457f1dbb5c65ad846:0:1664469543,00ed663f734d008b46c517772360d066:0:1177055560,10,1.413533834586466,0,0,0,0,0,0,512,9,0,512,11,0,274,0,0,238,9,0,512,0.1867019385099411,138.5521240234375,142,0
1367,A,167,0.0011411404702812433,0.04088154807686806,nan,nan,512,0,0.0011411404702812433,0.04088154807686806,all_rows,512,0,0.004235795233398676,0.0263671875,-0.002483214298263192,0.0008223199722124264,0.1661634300253354,0c7556fc42d3c582a4a0cd26f020c567:0:0,cbf03c3c59d1220a54510d14ab744b86:0:0,c3176383216b45128fbb6b708b5d3c70:0:0,20069814c80f86d20296c479c669dc46:0:2485293148,b660a378403e1dd07a21ba29b38fbfda:1:3398409613,10,1.4160401002506267,0,0,0,0,0,0,512,9,0,512,6,0,280,0,0,232,9,0,512,0.17948421835899353,139.97915649414062,130,0
1368,A,168,-0.003387967823073268,0.04129112511873245,nan,nan,512,0,-0.003387967823073268,0.04129112511873245,all_rows,512,0,0.008043886162340641,0.0529296875,-0.0032438960392028094,0.0008227490616263822,0.16571517300326377,0a177a0eeb8e0cba0df8c0fb63bd9167:0:0,afc38a7ae109d5975f95b111b3d3d457:0:0,472dca9e5c9ab38e957c62d6bdbfc74a:0:0,a6d64f3f545e2430991b6188d238e046:0:1539519330,da300768310fe18675a3e40cb6cf38f3:0:1334678047,10,1.418546365914787,0,0,0,0,0,0,512,7,0,512,10,0,270,0,0,242,7,0,512,0.18544872105121613,138.85362243652344,135,0
1369,A,169,0.00516144372522831,0.03886488452553749,nan,nan,512,0,0.00516144372522831,0.03886488452553749,all_rows,512,0,0.0012365210568532348,0.0494140625,0.0027349399868398907,0.0006896498991409317,0.16645502601750195,9ec015177577109de649195a3e9a5d67:0:0,c3cbf11662e81a6783c3539223683b85:0:0,73dafe31204b19f44c101953188105a2:0:0,d3915599a9cd04461e8f4666e9c7e446:0:3779064832,6fa251a2bc2a1ddc91816852d6b595b9:0:1408306367,10,1.4210526315789473,0,0,0,0,0,0,512,16,0,512,8,0,258,0,0,254,16,0,512,0.18185290694236755,140.18963623046875,140,0
1370,A,170,-0.0005985905299894512,0.03574443608522415,nan,nan,512,0,-0.0005985905299894512,0.03574443608522415,all_rows,512,0,0.0092072868719697,0.0669921875,-0.0013722834642976522,0.0006340653839288279,0.16556500300066546,8f0752bdadede4eb1027b88f80b72967:0:0,2d4f7b18783d9deaa4953636f88c66b3:0:0,c65beb64768d541316cfa74faf60a98e:0:0,30d3d42a4266225ac445c6980d16e846:0:2714716513,0873638070624307d5ac889c02be397d:0:3078093511,10,1.4235588972431077,0,0,0,0,0,0,512,12,0,512,6,0,255,0,0,257,12,0,512,0.17525361478328705,140.91751098632812,148,0
1371,A,171,0.0022231750190258026,0.041474513709545135,nan,nan,512,0,0.0022231750190258026,0.041474513709545135,all_rows,512,0,0.0023755794391036034,0.0498046875,-0.00441993186250329,0.0008405443833908067,0.10728697601007298,d06689569500dab3aeb9c0e72a13f567:0:0,5f72e04651aad72c1795540b2318779b:0:0,4194bc85a4ba9b96827b12ddea66576a:0:0,9d7ab0e63cb85030edd5f5a03c25ec46:0:2348891000,836eb5841dfec7e02ff184ec537dc5f8:1:1317208600,10,1.426065162907268,0,0,0,0,0,0,512,16,0,512,15,0,292,0,0,220,16,0,512,0.17520727217197418,142.64620971679688,130,0
1372,A,172,0.0032853579614311457,0.03792113438248634,nan,nan,512,0,0.0032853579614311457,0.03792113438248634,all_rows,512,0,0.001222908147610724,0.05625,0.0011110433377325534,0.0006843195733381435,0.10391274001449347,e785a4957d73e2b6f1b394ad3ab0c167:0:0,134c589a6ae0b1aebe98957d30acba22:0:0,e6dd1e6ad44b634d1c982e3383cac687:0:0,57ae8ea93c12b9ed351aa70376f4f046:0:843930389,42a8891121e42faf8dc48cb7e3ae2413:1:196923244,10,1.4285714285714286,0,0,0,0,0,0,512,13,0,512,12,0,267,0,0,245,13,0,512,0.1731726974248886,143.23495483398438,158,0
1373,A,173,-0.0024865595623850822,0.03744538500905037,nan,nan,512,0,-0.0024865595623850822,0.03744538500905037,all_rows,512,0,0.0017777392640709877,0.029296875,-0.0005167547147721052,0.0006899788102600723,0.10393893503351137,e070927931eaa6f8e158d62db28d8d67:0:0,a146f0c9dabc214426a03131adf0adcd:0:0,a189386deb73ba9854f2f80f33016f1a:0:0,9b70d095b9b4e5be6e326e45bd83f446:0:1074846791,b3b6579c22594bd775d5f5350b1bee05:0:714249258,10,1.431077694235589,0,0,0,0,0,0,512,9,0,512,10,0,269,0,0,243,9,0,512,0.17542293667793274,143.8164825439453,153,0
1374,A,174,0.0002555493847467005,0.040591973811388016,nan,nan,512,0,0.0002555493847467005,0.040591973811388016,all_rows,512,0,0.002572117606177926,0.049609375,-0.0019955031108111142,0.0008166020852513611,0.10357411502627656,ce85b2441c825b9a2a7c67b491aa5967:0:0,58101616baba2dcea00f208d9f2099fd:0:0,e99709066ad781f47f38c384d82d5718:0:0,7f2f372d53772f45ab7f9eeb0fd2f846:0:3108744711,10dc196e95e93542727c149a1058b309:0:3056206047,10,1.4335839598997493,0,0,0,0,0,0,512,7,0,512,8,0,292,0,0,220,7,0,512,0.18008333444595337,145.42210388183594,122,0
1375,A,175,-0.00018413952784612775,0.034639403223991394,nan,nan,512,0,-0.00018413952784612775,0.034639403223991394,all_rows,512,0,0.007707564625889063,0.0833984375,-0.006463066069409251,0.0005984383169561625,0.10867161798523739,37fd182dae2746efea806b8dd8072567:0:0,b97163e82caca2026ef59dc9414bb899:0:0,e51df634de9d6c3710eb63bd8e6955f5:0:0,3051a324646fbebe41a84c776de1fc46:0:797384606,2939282b443d049d825c62276aa68fc8:0:3580549458,10,1.4360902255639099,0,0,0,0,0,0,512,9,0,512,12,0,264,0,0,248,9,0,512,0.1838752180337906,146.94601440429688,122,0
1376,A,176,0.00426503736525774,0.039020903408527374,nan,nan,512,0,0.00426503736525774,0.039020903408527374,all_rows,512,0,0.0025629017036408186,0.0625,0.003230060311034322,0.0007550929643912241,0.10636184399481863,d8ca185a82f200db7b56440585a3f167:0:0,36d7c3171e17409a1e84f0d6c9bb7f67:0:0,7bab1e87852bdf9368925ad291428fd0:0:0,d16583a7f417fbe5cb964a6ed7b10046:0:1016894010,649c32dcb6b463adb7acd995553b1aca:0:3351032809,10,1.4385964912280702,0,0,0,0,0,0,512,12,0,512,13,0,298,0,0,214,12,0,512,0.18161241710186005,148.51779174804688,117,0
1377,A,177,-0.001327101024799049,0.04026103764772415,nan,nan,512,0,-0.001327101024799049,0.04026103764772415,all_rows,512,0,0.013061710633337498,0.0751953125,0.005182436108589173,0.0008126262167934328,0.11058718804270029,c98cf78800d869623f7e93679a80bd67:0:0,bcba74814683418ea622c68e0c90b5a7:0:0,710f4222ac84bdc39955fb863c6abeb1:0:0,ef3b7380c8767ca42e772c554d400446:0:697039536,ad0ca2d93b2e4e4052e763d75f462b67:1:567053580,10,1.4411027568922306,0,0,0,0,0,0,512,10,0,512,10,0,285,0,0,227,10,0,512,0.18136554956436157,150.11392211914062,129,0
1378,A,178,0.0035614860244095325,0.041533611714839935,nan,nan,512,0,0.0035614860244095325,0.041533611714839935,all_rows,512,0,0.0037886607460677624,0.0478515625,-0.0015878703794442116,0.0008666267560329289,0.10799454303923994,5891d7b76dfe56856e093c00169d8967:0:0,3cf87bae2b11361084bd844fe59d4551:0:0,f95911af4c88aebf14d8228f7f8a4d0b:0:0,b5bd8a3227d16f739dbc45aece8f0846:0:2095532787,e2652447abd5c23e8c2bd423b88f7527:1:1324377107,10,1.443609022556391,0,0,0,0,0,0,512,8,0,512,5,0,298,0,0,214,8,0,512,0.18810993432998657,152.43008422851562,120,0
1379,A,179,-0.0007737923879176378,0.039908722043037415,nan,nan,512,0,-0.0007737923879176378,0.039908722043037415,all_rows,512,0,0.02959628403186798,0.0587890625,0.002276749163866043,0.0007938021619338543,0.10437038296367973,cbb3fb03bbf1f959de95601af9fa5567:0:0,3db15ae166de369bca62e3c1276d4f5b:0:0,b555b0b9dcada7e587f49e71e4c05cbb:0:0,ac37ebe6966d81889f1aa9ff5b9e0c46:0:1127857777,cc2a7efb7b5fcf2dae6b2cc4dffdbb5a:0:709358740,10,1.4461152882205512,0,0,0,0,0,0,512,6,0,512,9,0,281,0,0,231,6,0,512,0.17752882838249207,152.55592346191406,120,0
1380,A,180,-0.002718158531934023,0.03598364442586899,nan,nan,512,0,-0.002718158531934023,0.03598364442586899,all_rows,512,0,0.003973006270825863,0.060546875,-0.0014096421538852156,0.0006195385605678894,0.1072578519815579,d9a946ac851ffa5fd551620444972167:0:0,1dfde9839d450eb81dc683253896e2d7:0:0,f0ad3f78eac7abc939af0cfaadfa27ca:0:0,b7012cb09cdd40ba0e8b2ccaf46d1046:0:64177538,6af66bac89431ed893347a682d9e28ba:1:927832254,10,1.4486215538847118,0,0,0,0,0,0,512,12,0,512,3,0,286,0,0,226,12,0,512,0.18190400302410126,149.1855010986328,137,0
1381,A,181,0.015338812954723835,0.04380619153380394,nan,nan,512,0,0.015338812954723835,0.04380619153380394,all_rows,512,0,0.0034328766632825136,0.0572265625,-0.002032370259985328,0.0007570960180601106,0.10502392501803115,f6f98c3ff9cb4d1acefae407f673ed67:0:0,4d0aec66d4e0160c5290b27df4d8b84e:0:0,5e8a627ef9ce30c379e37196e4be5899:0:0,55a529596364f929224a619598fc1446:0:3345710015,d5c7da3889208dbfea7bf140c6a5c4f5:1:3780887164,10,1.4511278195488722,0,0,0,0,0,0,512,12,0,512,15,0,283,0,0,229,12,0,512,0.19715741276741028,151.11163330078125,118,0
1382,A,182,-0.0013187583535909653,0.03810214623808861,nan,nan,512,0,-0.0013187583535909653,0.03810214623808861,all_rows,512,0,0.008009570650756359,0.0251953125,-0.0019748063758015634,0.0007139520108466968,0.10942788398824632,9df786acb9d4bae94cdec8720f90b967:0:0,333df3e798d0ca08d28c8ea83646dfbe:0:0,8ded3ec4e04cb82beca5bb16adbf9962:0:0,7cab09aaaef70ea96ed89be3494b1846:0:3480759774,a425c0dec4e8d22082c59c78775df9ca:0:1398397589,10,1.4536340852130325,0,0,0,0,0,0,512,5,0,512,13,0,284,0,0,228,5,0,512,0.18581491708755493,150.52999877929688,126,0
1383,A,183,-0.0002737402683123946,0.03378130495548248,nan,nan,512,0,-0.0002737402683123946,0.03378130495548248,all_rows,512,0,0.0046400222927331924,0.0625,0.00043790419586002826,0.000564559517079033,0.10800323897274211,88b6ace3d89e251ca0d9318e8fed8567:0:0,27007b849512639c24e354ce1e437e59:0:0,55b7160f5d378f14f4636276fc01a0a0:0:0,ec8635d58c4cd1e8eaf9ef38055a1c46:0:3489357233,718c7d578ef9601110986be01a246965:0:1305515846,10,1.456140350877193,0,0,0,0,0,0,512,6,0,512,7,0,265,0,0,247,6,0,512,0.19021804630756378,152.4823455810547,129,0
1384,A,184,-0.0015304498374462128,0.03672157600522041,nan,nan,512,0,-0.0015304498374462128,0.03672157600522041,all_rows,512,0,0.00044952298048883677,0.06015625,-0.0016514929477125407,0.0006672447692835703,0.10598877497250214,6f70fb9288557e50b95581a9778a5167:0:0,b3e228d7d9c4e4083bf0bfd1ed35526e:0:0,ab048581d10d5a8e1de2d926d239cac4:0:0,6ffa224ab59fd157f3b62f17cd292046:0:383656499,3d2e00906974e0bf4acd6e5aa8d53d3f:1:3137400774,10,1.4586466165413534,0,0,0,0,0,0,512,6,0,512,6,0,276,0,0,236,6,0,512,0.19489210844039917,154.06857299804688,117,0
1385,A,185,0.00196670088917017,0.037923235446214676,nan,nan,512,0,0.00196670088917017,0.037923235446214676,all_rows,512,0,0.001396328560076654,0.126953125,-5.725412629544735e-05,0.0007200678606750444,0.1064263170119375,4c5aa35a29f37b03ed4e5b0ec6671d67:0:0,ec0e7a609486fc996e4b3ccb0cf1a29b:0:0,e11f3e6945ea96d49598f2aec1b1cbb4:0:0,e6f1f30d7f87a5d15058ef06a0b82446:0:1418593775,670e80e76e32287052c638182379a456:0:2781221658,10,1.4611528822055138,0,0,0,0,0,0,512,9,0,512,9,0,293,0,0,219,9,0,512,0.1923811137676239,154.72964477539062,124,0
1386,A,186,-0.000291478936560452,0.036225322633981705,nan,nan,512,0,-0.000291478936560452,0.036225322633981705,all_rows,512,0,0.002272683195769787,0.0240234375,0.0006629462819546461,0.000652153103146702,0.10696585301775485,6ebf20ccbf39f96ec84da00a7c83e967:0:0,edbb00c723c1e1ee1743586b22ee908d:0:0,432b19ba4ef32075ee0acda0e6593710:0:0,5b47193dd9803b023671828880072846:0:474812852,68b750d5624e75eb62152059a7b29f5d:0:2134551938,10,1.463659147869674,0,0,0,0,0,0,512,13,0,512,3,0,276,0,0,236,13,0,512,0.1892845183610916,154.3162841796875,127,0
1387,A,187,-0.0014338218607008457,0.03717980533838272,nan,nan,512,0,-0.0014338218607008457,0.03717980533838272,all_rows,512,0,0.006199939642101526,0.0921875,-0.009055773448199033,0.0006920359330251813,0.10721108299912885,d1b3a752fbfe209bd66c72e899e0b567:0:0,fae518d39ce5cefc5287f49b2cd39c8e:0:0,7590f2b77f746f20fb7aa26d770e76d3:0:0,7eed3349ae9c93924dd2fd216b162c46:0:2333441960,311460d3c866c659d31d8ce197151076:1:1660821662,10,1.4661654135338344,0,0,0,0,0,0,512,14,0,512,10,0,283,0,0,229,14,0,512,0.18621422350406647,153.1956329345703,126,0
1388,A,188,0.003641289658844471,0.0375763475894928,nan,nan,512,0,0.003641289658844471,0.0375763475894928,all_rows,512,0,0.0035699098370969296,0.0779296875,-0.006770534859970212,0.0006999651261139662,0.10757611395092681,3dedf800740a36bf705335f51e7d8167:0:0,2719ce3db2b06d4af272c8feab0d93fe:0:0,ecf63ae7a26d7cb2534fe77c33477821:0:0,ca35a1e9b2ea090bb494325561e53046:0:1693398211,cb16554b51abde9d732fefe5d18724ae:0:1856741387,10,1.468671679197995,0,0,0,0,0,0,512,9,0,512,5,0,287,0,0,225,9,0,512,0.1860066056251526,155.52796936035156,125,0
1389,A,189,-0.0016027478268370032,0.03947322070598602,nan,nan,512,0,-0.0016027478268370032,0.03947322070598602,all_rows,512,0,0.007296738214790821,0.0828125,0.0031140489503741265,0.0007755743426969275,0.10570176498731598,c1a4b939a2e32ecf87398b7c0a5a4d67:0:0,38e6b5d408622cfcc009bd690af5dab4:0:0,087593fd579d2bddd96c772cd0cbb169:0:0,e91a71c16a080783030fb5a864743446:0:2238782019,64bd829df758f23abfcc4df866061c55:1:2943825901,10,1.4711779448621554,0,0,0,0,0,0,512,7,0,512,12,0,289,0,0,223,7,0,512,0.18775054812431335,154.9231414794922,126,0
1390,A,190,-0.003957564011216164,0.03870987892150879,nan,nan,512,0,-0.003957564011216164,0.03870987892150879,all_rows,512,0,0.00394346984103322,0.0697265625,0.0009758041705936193,0.0007498825958464295,0.10909793101018295,04072beecabded5b70e655c95d771967:0:0,96d54a8c1d212fa2970f291b07201a68:0:0,f571468d0f47f7dca82c44ffcef7df67:0:0,2b7e6b2df37844ff4fe3da9e72c33846:0:777594732,0d4c2d633773891f5117a48f44722341:1:3414913341,10,1.4736842105263157,0,0,0,0,0,0,512,6,0,512,7,0,285,0,0,227,6,0,512,0.19131051003932953,156.90679931640625,121,0
1391,A,191,0.001879143062978983,0.03550959751009941,nan,nan,512,0,0.001879143062978983,0.03550959751009941,all_rows,512,0,0.0006215100875124335,0.0328125,7.929364219307899e-05,0.0006285804731305689,0.11067696701502427,f315af0de7f044a3b3afb72917d3e567:0:0,2622d9652447518476e11650ee6f0419:0:0,eb912a6bee6aad5d02eabe91b44022ec:0:0,29cf4f82e92b74a233f2b4bb8cd23c46:0:956731262,a7e20fea284d91c74a9dfee95a1a2259:1:2176396249,10,1.4761904761904763,0,0,0,0,0,0,512,6,0,512,11,0,273,0,0,239,6,0,512,0.1961096227169037,156.11746215820312,115,0
1392,A,192,-0.0009659355273470283,0.039269763976335526,nan,nan,512,0,-0.0009659355273470283,0.039269763976335526,all_rows,512,0,0.0028318860568106174,0.020703125,-0.0011290896218270063,0.0007698321307543666,0.10876421100692824,49b2e1ad3629a7f1d27b11e73970b167:0:0,e7bfc20900d038abb75d4c1485bb2859:0:0,f32e5c437c05151cf12175b7dd9a65dc:0:0,b13784a85cce758fce621783b2a14046:0:851371763,91ba7664da4ee2e3bc927918694187ae:1:3408983636,10,1.4786967418546366,0,0,0,0,0,0,512,9,0,512,11,0,289,0,0,223,9,0,512,0.19452662765979767,156.31463623046875,122,0
1393,A,193,-0.0010874669533222914,0.03455386310815811,nan,nan,512,0,-0.0010874669533222914,0.03455386310815811,all_rows,512,0,0.0021222643554210663,0.0259765625,0.0006499401293694973,0.0005965884804027155,0.10786325100343674,77e6604f04bf963018bd084fc24d7d67:0:0,2c1c3f8f050df2e269bf0dd88aac3ab5:0:0,b68fb8037effcb2ee8ac3e68d5409e90:0:0,3c4dadc0c05bfd96c89b967ae4304446:0:1939990956,74de0dd6437c5611350d6194628bc968:0:264043466,10,1.481203007518797,0,0,0,0,0,0,512,9,0,512,8,0,264,0,0,248,9,0,512,0.200090229511261,157.1929168701172,143,0
1394,A,194,-3.8171070627868176e-05,0.0331844799220562,nan,nan,512,0,-3.8171070627868176e-05,0.0331844799220562,all_rows,512,0,0.008529194630682468,0.069921875,-0.007819918636232614,0.0005451590521261096,0.10700286302017048,97be117ed759bbc166797caeb26a4967:0:0,67e62dcb4408ab9effbb8a6d0d216816:0:0,8e86df640e1cdd6ce027607214441680:0:0,aab2f1314676bf985a4c8525217f4846:0:85574269,091d9953d2985c7291075de7f47ea891:0:3859198253,10,1.4837092731829573,0,0,0,0,0,0,512,7,0,512,11,0,276,0,0,236,7,0,512,0.1995619833469391,156.1563262939453,134,0
1395,A,195,0.0018884269520640373,0.03489496931433678,nan,nan,512,0,0.0018884269520640373,0.03489496931433678,all_rows,512,0,0.000779289286583662,0.0927734375,-0.007640597247518599,0.000607033766573295,0.1049311039969325,5541b9e71049cb98fc43915009c71567:0:0,71918536b8a23627854826902a85cb5f:0:0,025a1f09bc4696d92e3f4d4934133b99:0:0,7f13f21b07100db04d65f7066a8e4c46:0:3678176236,17595c7cb87ff6f68a9cdd8830d25bbb:0:1827548175,10,1.4862155388471177,0,0,0,0,0,0,512,14,0,512,11,0,274,0,0,238,14,0,512,0.1890656054019928,158.46859741210938,138,0
1396,A,196,-0.002585324225947261,0.0373590923845768,nan,nan,512,0,-0.002585324225947261,0.0373590923845768,all_rows,512,0,0.002507020253688097,0.0431640625,-0.001394552574492991,0.0006910262920428068,0.10410749999573454,0ec61fdda1db0f92473da87fc863e167:0:0,a687e1b964810dc4384b1437f6543470:0:0,aea364cc8231b12b412300ed1564ee7a:0:0,9344cd06f4def71d021cbfa2bf5d5046:0:1152924277,288bfa9c815d876c24f0e8789dace305:1:440606404,10,1.4887218045112782,0,0,0,0,0,0,512,5,0,512,2,0,272,0,0,240,5,0,512,0.19307498633861542,158.53839111328125,112,0
1397,A,197,-0.001244263374246657,0.035128429532051086,nan,nan,512,0,-0.001244263374246657,0.035128429532051086,all_rows,512,0,0.004492186475545168,0.0294921875,0.0013407334685325623,0.0006153048234409653,0.10894982202444226,fbd9624583e5b008ad196489ee40ad67:0:0,2544e213c7286503114f08005af8fa60:0:0,1dfa37f1fcb072a916e84e40a27cff9f:0:0,d975b53a702be1e772e9727e1fec5446:0:1931284927,2465b3e78605f864aa155415cf53b4ce:1:1430730867,10,1.4912280701754386,0,0,0,0,0,0,512,5,0,512,15,0,269,0,0,243,5,0,512,0.19912800192832947,157.8931427001953,140,0
1398,A,198,0.0013038229662925005,0.03800812363624573,nan,nan,512,0,0.0013038229662925005,0.03800812363624573,all_rows,512,0,0.004412277601659298,0.0814453125,-0.003219073172658682,0.0007153080252464861,0.10738620202755556,e3414e81eaf1b2af5817a7ba7b5d7967:0:0,fc8a57f59be604e9e481328c1b987cb3:0:0,24ddbcbfbcc5bef9072743f069d19841:0:0,538421de0374a04b3888631c8c3b5846:0:4286633648,bb7a805e91ae08461b6723c42472cf10:1:2389366643,10,1.493734335839599,0,0,0,0,0,0,512,7,0,512,10,0,296,0,0,216,7,0,512,0.1966407597064972,160.28851318359375,117,0
1399,A,199,0.0042180828750133514,0.038899585604667664,nan,nan,512,0,0.0042180828750133514,0.038899585604667664,all_rows,512,0,0.0014686554204672575,0.054296875,-0.002348700724542141,0.0007474548794561997,0.10505692200968042,db5675177e35b0a90308945d6fba4567:0:0,972075632f7d28d8f7a3d1d9344e6463:0:0,7a5d0f25350dee6d36153db802f44952:0:0,d1f3cfd3966d01de8df9a502044a5c46:0:2796362018,2a6f1893284e23538173e3f45d21b95f:0:2200618814,10,1.4962406015037595,0,0,0,0,0,0,512,9,0,512,11,0,277,0,0,235,9,0,512,0.2069225013256073,162.5373992919922,122,0
1400,A,200,-0.001380556495860219,0.03697354346513748,nan,nan,512,0,-0.001380556495860219,0.03697354346513748,all_rows,512,0,0.001005984959192574,0.02265625,-0.0018881724216043949,0.0006730120861902833,0.10927953204372898,c2ab7c7709bd43dfc54b8cbecb571167:0:0,5f4c6fc2e6215b882ea3df90157cdfad:0:0,57e7c72cb37e71aace1002330c4160aa:0:0,36e336cd23dfe07a54810bb288196046:0:31658769,9b71df69389830d1b0cd283c71492a07:1:1428636779,10,1.4987468671679198,0,0,0,0,0,0,512,14,0,512,10,0,274,0,0,238,14,0,512,0.2014995515346527,163.418701171875,146,0
1401,A,201,0.007689603138715029,0.03955397009849548,nan,nan,512,0,0.007689603138715029,0.03955397009849548,all_rows,512,0,0.003825852181762457,0.0248046875,-0.0015455211745575071,0.0007202047258033417,0.10574417398311198,98a7bd4c6a032b9cdecf332a8e33dd67:0:0,202dc7a29546fbf1e96ca19acaa7dd02:0:0,7eb33487d2ee6a0b3bea27f81b1662f9:0:0,d2186de8bef4a8e217a62ab217a86446:0:3832916629,b1e1d1f0a604bd70d523d2f7a281b056:0:812664912,10,1.5012531328320802,0,0,0,0,0,0,512,9,0,512,9,0,266,0,0,246,9,0,512,0.19945314526557922,162.75711059570312,138,0
1402,A,202,-0.0007331112865358591,0.04018068686127663,nan,nan,512,0,-0.0007331112865358591,0.04018068686127663,all_rows,512,0,0.0026961893308907747,0.023828125,-0.0019287078641355038,0.0008065765461651609,0.10522492101881653,a5c68b8bae4b2860841169ecb850a967:0:0,29a132a74ce91e17ba3c9655fac0383d:0:0,392c3d4e745db95a9a9e0f43197bfc4b:0:0,ddcdddca745d5f2c11345584b2f76846:0:4077952397,53b6c23968f80c3b474d972ff8ec207c:1:1120170319,10,1.5037593984962405,0,0,0,0,0,0,512,6,0,512,8,0,286,0,0,226,6,0,512,0.20281805098056793,162.025390625,134,0
1403,A,203,-0.0034444513730704784,0.038770273327827454,nan,nan,512,0,-0.0034444513730704784,0.038770273327827454,all_rows,512,0,0.0012470327783375978,0.0501953125,0.002667854167521,0.0007366988371359185,0.10483867599396035,80c9b355af078ef9aa1f535149ad7567:0:0,85313cd0a605174975d48334907e2af4:0:0,71a0a4a2d1c8b937329a0b2ecfe081bc:0:0,1bf183e053f11ee92d3a9fae5a066c46:0:3168480369,ed527ff95d2b2c2efe69647cf6e1995b:0:1734570165,10,1.5062656641604009,0,0,0,0,0,0,512,6,0,512,8,0,285,0,0,227,6,0,512,0.21199066936969757,163.201416015625,127,0
1404,A,204,0.005753425881266594,0.037258390337228775,nan,nan,512,0,0.005753425881266594,0.037258390337228775,all_rows,512,0,0.0013846034416928887,0.0134765625,0.0011386623606085776,0.0006837478606030345,0.10434813000028953,789da0ac959692ddd29551a4424a4167:0:0,1ff50b9fe9ab4a7c9f2ffd5cc6e8bb25:0:0,0dbc60e695c6457a332b72a2c5df4448:0:0,fcd5f430af37170d0e0bdcb30cd57046:0:3854323975,9bf3624a880f418e7fda154413390608:0:980211998,10,1.5087719298245614,0,0,0,0,0,0,512,7,0,512,5,0,269,0,0,243,7,0,512,0.21724405884742737,164.3467254638672,125,0
1405,A,205,-0.002806504722684622,0.03645717725157738,nan,nan,512,0,-0.002806504722684622,0.03645717725157738,all_rows,512,0,0.0038824151270091534,0.0798828125,-0.004266327479854226,0.0006553289160365239,0.10750203300267458,c93064d012a347c0d79f0731a2270d67:0:0,c854df7f79d99d0426e49d743c7a81e3:0:0,a452d57c1e62dbcbc2553511bf08b07a:0:0,7ea1b4c659660196103ea016cb647446:0:604302240,c4ef5a7fda8d3e4faf1f98df8706451b:0:1632644805,10,1.5112781954887218,0,0,0,0,0,0,512,3,0,512,7,0,271,0,0,241,3,0,512,0.22028005123138428,164.7845458984375,132,0
1406,A,206,-0.0016365773044526577,0.037329018115997314,nan,nan,512,0,-0.0016365773044526577,0.037329018115997314,all_rows,512,0,0.0028175213374197483,0.0357421875,0.00020995805971324444,0.0006930722534889356,0.10412724904017523,4b5253f840765a6cb7f756456943d967:0:0,785299d7b478ab64b422dfb0e44197d8:0:0,146833d4036f424a6aead5c32afb630b:0:0,03d7ff82755c16f54ead3d5d95b37846:0:1299890911,6c76b525d2e7faa95150bbd5b6ad4e19:1:2304153095,10,1.5137844611528823,0,0,0,0,0,0,512,7,0,512,7,0,283,0,0,229,7,0,512,0.20257261395454407,165.36972045898438,130,0
1407,A,207,0.0046872952952980995,0.035782624036073685,nan,nan,512,0,0.0046872952952980995,0.035782624036073685,all_rows,512,0,0.008006749674677849,0.0755859375,0.0027401856146752833,0.0006353366799885408,0.10516026901314035,0c1f4a056e8280d962e8612b97a0a567:0:0,758510f30e70998c7971767d9f68b5b2:0:0,b6dfe0c3df82be36a887b8f8ec3a0c83:0:0,a2e56ccf1e137d36a675c80b6bc27c46:0:3296055553,393ceb57b1e025d97e2c2933d71c9f0e:1:3948747843,10,1.5162907268170427,0,0,0,0,0,0,512,7,0,512,11,0,268,0,0,244,7,0,512,0.204954594373703,164.63377380371094,129,0
1408,A,208,-0.006289830431342125,0.03941646218299866,nan,nan,512,0,-0.006289830431342125,0.03941646218299866,all_rows,512,0,0.0038032550364732742,0.0373046875,-0.0013393229804933072,0.0007652635118574836,0.10568258998682722,6eaac49a5378a184844b8a302d3d7167:0:0,757b62b2c0b8d2f9386234c8de0de6e0:0:0,644e7d3aa09f8b98438c3b30ad6e6847:0:0,d46b8361f61732e8bafa13a44d918046:0:2357603804,9561d608fc7c274ee9768edf21c46c75:0:3203252825,10,1.518796992481203,0,0,0,0,0,0,512,7,0,512,10,0,268,0,0,244,7,0,512,0.21055752038955688,161.91064453125,133,0
1409,A,209,-0.0005668764351867139,0.03473687171936035,nan,nan,512,0,-0.0005668764351867139,0.03473687171936035,all_rows,512,0,0.0006500262534245849,0.045703125,-0.0022712470032274722,0.0006054477911675349,0.10846935701556504,31f6ecf5632fb2095089739f2a1a3d67:0:0,f0a1a158475e48a9d0a95faa2ac4dd8e:0:0,e059f4e0c93efa6e6895b838523b0945:0:0,d5d7a6f16a7c75c4f9dfb3ac3b208446:0:1084942986,b7fc8b904cfa32db69debcb5be5b3962:0:3106903304,10,1.5213032581453634,0,0,0,0,0,0,512,9,0,512,10,0,278,0,0,234,9,0,512,0.22354750335216522,160.39572143554688,127,0
1410,A,210,0.0021000849083065987,0.03966948762536049,nan,nan,512,0,0.0021000849083065987,0.03966948762536049,all_rows,512,0,0.004099562298506498,0.016796875,-0.0011613462760578842,0.0007762590917991474,0.10467033798340708,f4df63bd45ac4cf85099ffc48e370967:0:0,8da6dc05bf8a0e790166f5f11060c1fd:0:0,8f2dacb79a8a3a23d1f373b9675d07fd:0:0,7d64617335e4a5179f0ffba7346f8846:0:51796643,dfc5cd5e435aa91433c7ae08ea63f784:1:80129362,10,1.5238095238095237,0,0,0,0,0,0,512,8,0,512,14,0,260,0,0,252,8,0,512,0.22589465975761414,160.58380126953125,131,0
1411,A,211,0.0015576183795928955,0.03494720533490181,nan,nan,512,0,0.0015576183795928955,0.03494720533490181,all_rows,512,0,0.0019098357297480106,0.075390625,0.003038714360445738,0.0006108118017436936,0.10543959500500932,a0d424d3ac93feef2e0450ec5993d567:0:0,f91a7ec92f67cadd7dcaccc263a83fb3:0:0,262b049b697f231856dd937b33d9dc78:0:0,87b7882e700b9fe7b8b7ff19397e8c46:0:2763688400,6db6984ac3baaa7be8901804c855c674:1:2112717296,10,1.526315789473684,0,0,0,0,0,0,512,4,0,512,15,0,272,0,0,240,4,0,512,0.21503141522407532,159.89793395996094,128,0
1412,A,212,-0.005686764605343342,0.03763962537050247,nan,nan,512,0,-0.005686764605343342,0.03763962537050247,all_rows,512,0,0.005931728519499302,0.0693359375,0.0032727425452321766,0.0006999626115430146,0.10655994201079011,8a47292104584af07edec9628c30a167:0:0,6af821880e6d4d1f6f751cf6f5f516f5:0:0,ace60a3152f17521b7d663f010e41874:0:0,81a4479f36669edf2b4891864a4d9046:0:2083196569,eced7ab33cb8da0160387f5ab25d155b:0:2594225457,10,1.5288220551378446,0,0,0,0,0,0,512,6,0,512,6,0,286,0,0,226,6,0,512,0.20821793377399445,159.46864318847656,119,0
1413,A,213,0.007038851268589497,0.03686344996094704,nan,nan,512,0,0.007038851268589497,0.03686344996094704,all_rows,512,0,0.01127484068274498,0.081640625,-0.007608330203220248,0.0006580267930985428,0.10473950300365686,19c8882abe6565fb91cf0b73260d6d67:0:0,9a44c17ee107f28b6ba78c2b8c568525:0:0,53f190e96346dda56129f76cded4a205:0:0,45edaeddba5789f2b576467266dc9446:0:2396682317,2ff4c4770a6c5e1811932104eeb6331b:1:2691157244,10,1.531328320802005,0,0,0,0,0,0,512,3,0,512,6,0,296,0,0,216,3,0,512,0.21488918364048004,158.40960693359375,104,0
1414,A,214,-0.00315677747130394,0.0365111418068409,nan,nan,512,0,-0.00315677747130394,0.0365111418068409,all_rows,512,0,0.003329443046823144,0.065625,-0.001909030938986689,0.0006625723006436601,0.10548324103001505,7a38c32531a0a9e43a09f96a272a3967:0:0,2926068c35158627be702afcafacced4:0:0,f366c39d046072b689c4976688153dce:0:0,82fce4ee4178c9c9f43971618f2b9846:0:3461566863,80a2e2e5a21afcda363f8cb74c4b64b6:0:3998324844,10,1.5338345864661656,0,0,0,0,0,0,512,7,0,512,4,0,273,0,0,239,7,0,512,0.22140921652317047,155.92840576171875,111,0
1415,A,215,-0.002886556787416339,0.04077775403857231,nan,nan,512,0,-0.002886556787416339,0.04077775403857231,all_rows,512,0,0.013942607678472996,0.0607421875,-0.0011409725528210401,0.0008294994826428592,0.10485056397737935,1e7797114e82bf6a9b53b5938f870567:0:0,321442a92348d084ee53ca2681248f1d:0:0,54c511e98b03ffd1f8fe81e6c26c1665:0:0,cb15c813648594e766ce25d7c33a9c46:0:4218497519,b2df3933e21ccf51b354919c22276900:0:2331771834,10,1.536340852130326,0,0,0,0,0,0,512,6,0,512,4,0,280,0,0,232,6,0,512,0.2122659534215927,155.388671875,121,0
1416,A,216,0.00568440742790699,0.03610328584909439,nan,nan,512,0,0.00568440742790699,0.03610328584909439,all_rows,512,0,0.0007967662531882524,0.02265625,-0.00047007808461785316,0.0006241061797481962,0.10420063900528476,fac73355a4197f92f5ffa23b5f23d167:0:0,136f70ed594e19cca109b9f9389eef5d:0:0,2baf9129ec7c57c550d282e72cde7109:0:0,3e6d50ef9962b89072b437590309a046:0:833395122,32940fe1040337ebac6f2210661fa708:0:238677938,10,1.5388471177944862,0,0,0,0,0,0,512,7,0,512,6,0,295,0,0,217,7,0,512,0.20261456072330475,153.34463500976562,120,0
1417,A,217,-0.003230585251003504,0.039146725088357925,nan,nan,512,0,-0.003230585251003504,0.039146725088357925,all_rows,512,0,0.007600031793117523,0.0568359375,-0.0010909185744822024,0.0007574505551019683,0.10426833701785654,12fffe21733d8c3d72f061ad96009d67:0:0,c61be578fb2411102ffe7c7317df9117:0:0,2b48408263b3848a8e2087e2bdade5db:0:0,d55eb0f6d4cbdd7567af39694e98a446:0:2353855698,f4e9ce2dee4d07dbb841dae83a3fc8e0:0:1698735662,10,1.5413533834586466,0,0,0,0,0,0,512,3,0,512,7,0,293,0,0,219,3,0,512,0.20109355449676514,153.9607391357422,111,0
1418,A,218,-0.0003585715021472424,0.04009082168340683,nan,nan,512,0,-0.0003585715021472424,0.04009082168340683,all_rows,512,0,0.0034064732026308775,0.045703125,-0.006302003562450409,0.0008052849792875349,0.10390649997862056,85e827c7cd479ffdef97d636341d6967:0:0,d15225c4518d6a31f13dd18db6270037:0:0,9fb14a752f82caa0f56397133e545953:0:0,9d96c564d029481983c67f8ca5e7a846:0:3505102272,dc39f579274ee5a1d52c0ba01d815d71:1:738046581,10,1.543859649122807,0,0,0,0,0,0,512,5,0,512,3,0,296,0,0,216,5,0,512,0.19471360743045807,155.44189453125,98,0
1419,A,219,-0.0019155022455379367,0.03479753062129021,nan,nan,512,0,-0.0019155022455379367,0.03479753062129021,all_rows,512,0,0.0013094687601551414,0.0310546875,0.0007556647062301636,0.0005985840354696848,0.10441679001087323,8ecc321ffb919533c9f72221397a3567:0:0,a3fcf6bd15540f2d471f59af62d30bcc:0:0,5795bdeeb3da48be40f1afbfae2553c2:0:0,cb291da0401214faf7451d4708f6ac46:0:3789369,efc34a611588675fce73d39833535504:1:907231012,10,1.5463659147869673,0,0,0,0,0,0,512,6,0,512,3,0,275,0,0,237,6,0,512,0.19188706576824188,156.99794006347656,118,0
1420,A,220,0.003217125777155161,0.03742120414972305,nan,nan,512,0,0.003217125777155161,0.03742120414972305,all_rows,512,0,0.007622970268130302,0.04921875,-0.0018953044898808002,0.0006806922436226159,0.10805138299474493,181240d7ad0f2461ac9ea7baa6170167:0:0,90d97800f4b6dfd6f56e079971ebcd5a:0:0,3d80c7f400342803212999f037adee0b:0:0,39de7da707fef07ae8b9e61c77c5b046:0:15943070,694b22d5ba640502e3225624ace8e6ba:1:2738417186,10,1.5488721804511278,0,0,0,0,0,0,512,11,0,512,9,0,285,0,0,227,11,0,512,0.19053101539611816,158.2052001953125,116,0
1421,A,221,-0.010374120436608791,0.043254271149635315,nan,nan,512,0,-0.010374120436608791,0.043254271149635315,all_rows,512,0,0.004098126199096441,0.0591796875,-0.009809453599154949,0.0007969742873683572,0.10415483196265996,73318382a74a59c55aae094e79f3cd67:0:0,f4f359570498be049cc6eb8845652ff0:0:0,7240270c65330e19c4130ff4f9ca9977:0:0,cf6a72d337b14a8578f76d90f254b446:0:2749921468,df48f7878a9f0484f3c7bc41b8a11d39:0:513248356,10,1.5513784461152882,0,0,0,0,0,0,512,5,0,512,8,0,274,0,0,238,5,0,512,0.1989990472793579,160.50770568847656,122,0
1422,A,222,-0.002738417126238346,0.031708355993032455,nan,nan,512,0,-0.002738417126238346,0.031708355993032455,all_rows,512,0,0.0018235868774354458,0.01328125,-0.00013439813628792762,0.0004997088122763671,0.10432914498960599,a3795212f80fc22f7bd42928b5109967:0:0,e2de7fd61ebd7b12d0383b439b05a54e:0:0,d5955fe352a7c6298b729df862793fe5:0:0,085442fc5ed305f9c714072878a3b846:0:4090499445,3e7e7e94919638327edcd5768ac568f9:0:2710995269,10,1.5538847117794488,0,0,0,0,0,0,512,8,0,512,5,0,273,0,0,239,8,0,512,0.18843626976013184,159.2118682861328,117,0
1423,A,223,0.0009389654733240604,0.03583822399377823,nan,nan,512,0,0.0009389654733240604,0.03583822399377823,all_rows,512,0,0.0018498057033866644,0.03359375,0.0016139999497681856,0.0006377132231136784,0.10383017500862479,68a8a843e5164f1b684f2995576d6567:0:0,1051e871a7324f58bb8ef68ee359d192:0:0,a0d4f3a9f3b8447e18fb575075d7db66:0:0,c2ff33ac8352a3d1f469c6670ab2bc46:0:4123757024,2e8c116da4a86fc13e4ed4b11bb99846:0:4041349208,10,1.556390977443609,0,0,0,0,0,0,512,11,0,512,5,0,304,0,0,208,11,0,512,0.188002809882164,158.76129150390625,118,0
1424,A,224,0.0004921393701806664,0.03834972530603409,nan,nan,512,0,0.0004921393701806664,0.03834972530603409,all_rows,512,0,0.004142977297306061,0.1052734375,-0.0029707928653806446,0.0007313926500501112,0.10388620401499793,e3be8c6116eef206f4ec6ce0610a3167:0:0,bdc71e626d0ee5bf6712fee48172851c:0:0,a155de609dcc33d61e8e07c9cb560706:0:0,021ee0d3c6ffea0b28967ed0a881c046:0:713596419,f08b59d33ac7ec83b46d0d084ea6a121:0:1315261879,10,1.5588972431077694,0,0,0,0,0,0,512,7,0,512,5,0,278,0,0,234,7,0,512,0.204026997089386,158.308837890625,100,0
1425,A,225,-0.002899519167840481,0.03377336263656616,nan,nan,512,0,-0.002899519167840481,0.03377336263656616,all_rows,512,0,0.007265584543347359,0.0791015625,0.0025064656510949135,0.0005659037648001686,0.10567455895943567,52e699b2bc87ef0a3f089555d1e6fd67:0:0,636044f58e27ef4618998df0fec4965c:0:0,0176dfad164fa5ee798e0b499d4ec83c:0:0,cdc6181988ed064d957bc3e95210c446:0:3145603935,5194989322f5ff1212f1be51e4f8be00:1:3557893174,10,1.5614035087719298,0,0,0,0,0,0,512,8,0,512,10,0,265,0,0,247,8,0,512,0.19384229183197021,158.83901977539062,133,0
1426,A,226,0.0015541553730145097,0.037273257970809937,nan,nan,512,0,0.0015541553730145097,0.037273257970809937,all_rows,512,0,0.0037653164472430944,0.073828125,0.0025551186292432247,0.000694543233839795,0.10469234304036945,00325eb6a48fe6af788f8541aa03c967:0:0,2a117c12a4a61d06e56b27a67dd6b59a:0:0,5009b3f8b19e74bb0d624d4fd485bae7:0:0,7be16f9d8f182c547b3ee935075fc846:0:555716680,95b7a19dc0c30579e525186b80583ac3:1:2986662397,10,1.5639097744360901,0,0,0,0,0,0,512,9,0,512,11,0,286,0,0,226,9,0,512,0.1986815631389618,156.22201538085938,98,0
1427,A,227,0.0020127003081142902,0.03538452461361885,nan,nan,512,0,0.0020127003081142902,0.03538452461361885,all_rows,512,0,0.0029513044282794,0.047265625,-0.004567844222765416,0.000625197724730242,0.10682124603772536,2130832d8a04970ab3fc5eefe9609567:0:0,844ca5db11be483066ba2359df0f2ee4:0:0,126aaa07c8f195bcaeb859878d4b1008:0:0,6a1294af84e1b0162c490237c86ecc46:0:601822225,b0681e8669638e217adcfae91a4b22fb:0:1190605450,10,1.5664160401002505,0,0,0,0,0,0,512,3,0,512,8,0,274,0,0,238,3,0,512,0.19936016201972961,154.86334228515625,124,0
1428,A,228,0.000656845688354224,0.035502560436725616,nan,nan,512,0,0.000656845688354224,0.035502560436725616,all_rows,512,0,0.010878359898924828,0.057421875,0.00039104986935853956,0.0006271120044402778,0.11049788701348007,12a5b9e311395411b05984ac8ffd6167:0:0,bc73545f79fd73294882a24c8c691832:0:0,93fc41160f028267a5e928635d53f6d0:0:0,7f4618b6dad29bac1146e275953dd046:0:2682165204,3967c8f02295eec493b3e176b6177b44:0:1443015504,10,1.568922305764411,0,0,0,0,0,0,512,14,0,512,7,0,266,0,0,246,14,0,512,0.19955343008041382,155.0596160888672,134,0
1429,A,229,-0.0010121898958459496,0.036922797560691833,nan,nan,512,0,-0.0010121898958459496,0.036922797560691833,all_rows,512,0,0.010687767527997494,0.11484375,0.009741625585593282,0.0006638970138737932,0.10531746601918712,1af15df632a13733a54098c39dda2d67:0:0,cf6b91eb7c039a39eb8f3ef3c115a20d:0:0,f9810942af2cc41d986b9f4f08044c10:0:0,8ec35038d437c0faad291d726dccd446:0:1463771799,c2ba5dd310474b3a812652712edef137:0:262291097,10,1.5714285714285714,0,0,0,0,0,0,512,7,0,512,7,0,289,0,0,223,7,0,512,0.23912489414215088,155.0272979736328,110,0
1430,A,230,0.0002796128101181239,0.039428744465112686,nan,nan,512,0,0.0002796128101181239,0.039428744465112686,all_rows,512,0,0.006985008716583252,0.153515625,-0.012621408328413963,0.0007580003613838926,0.10403037298237905,b640434710a906310eda7d8112f6f967:0:0,e29948eed6f52bc51c1b310ae248124d:0:0,4877b9dbd0ff44d79cdae6ab5b836150:0:0,dc9ca99e4f154719a12406b2521bd846:0:1902008378,0281f34595075693417b3d80071ab2e5:1:1140510405,10,1.573934837092732,0,0,0,0,0,0,512,6,0,512,7,0,291,0,0,221,6,0,512,0.2168913036584854,154.3932647705078,99,0
1431,A,231,-0.0021161490585654974,0.03675740957260132,nan,nan,512,0,-0.0021161490585654974,0.03675740957260132,all_rows,512,0,0.0038768756203353405,0.0904296875,-0.006439579743891954,0.0006692490933346562,0.10649942001327872,68dbb58e75ecd13379df5530ef53c567:0:0,930ddb3a6e4ad37c85afdb9b4ec41905:0:0,72f8efa8bbc9949a270ae838f4ac674f:0:0,780eb70e92f6b37bb0afb1b9422adc46:0:1131527415,aefe60a9d29c5a8be87f47a6598b0abf:0:3790693098,10,1.5764411027568923,0,0,0,0,0,0,512,3,0,512,5,0,273,0,0,239,3,0,512,0.21186305582523346,154.3408203125,123,0
1432,A,232,-2.3441098164767027e-05,0.03582782670855522,nan,nan,512,0,-2.3441098164767027e-05,0.03582782670855522,all_rows,512,0,0.002360757440328598,0.0283203125,-0.0020023584365844727,0.0006195569905685261,0.10614180500851944,34e0e182791548254f96821f32f09167:0:0,0164c0ff186498a2116f9f5042f946ad:0:0,68e99ebe28342946dc974333f83ac45e:0:0,cf450068331f6ed6c587f20b3df9e046:0:1582064092,ce4507255b1ea38de1aa502796f6741c:0:3940571581,10,1.5789473684210527,0,0,0,0,0,0,512,5,0,512,6,0,280,0,0,232,5,0,512,0.20812635123729706,154.3455810546875,119,0
1433,A,233,0.0035348073579370975,0.038835205137729645,nan,nan,512,0,0.0035348073579370975,0.038835205137729645,all_rows,512,0,0.007668457925319672,0.0857421875,-0.009018869465216994,0.0007341845106566325,0.10515439102891833,20bdef4b03a8c749a1d6a697ddcd5d67:0:0,61e3c8fae75416aa72c23efc0d2b537a:0:0,9f62bf364a51a764283699c4ceb773d0:0:0,b4e59014d09fc5cbf3ac5b2c4588e446:0:1506060473,bc4b5ff26ae415b7cc9e36b36fbfe33a:0:3531737783,10,1.581453634085213,0,0,0,0,0,0,512,7,0,512,6,0,287,0,0,225,7,0,512,0.22022247314453125,154.3343505859375,106,0
1434,A,234,-0.0014785127714276314,0.03934495523571968,nan,nan,512,0,-0.0014785127714276314,0.03934495523571968,all_rows,512,0,0.007491364609450102,0.046484375,-0.002086508786305785,0.0007607344479765743,0.1055018599727191,c235ed68391c1b13f705a4e6efea2967:0:0,5adb4856859a562f4057c4d3cac866ba:0:0,f464e4cbc245860d9901413a1c58fb87:0:0,f66f0f2848d2654f7d6040a058d7e846:0:1484422208,4b357d3f9616f4a8a991dbc94fb473a8:1:2713729193,10,1.5839598997493733,0,0,0,0,0,0,512,2,0,512,6,0,284,0,0,228,2,0,512,0.22158877551555634,156.0330352783203,104,0
1435,A,235,0.003120080567896366,0.03385826200246811,nan,nan,512,0,0.003120080567896366,0.03385826200246811,all_rows,512,0,0.0029924027621746063,0.0158203125,0.00046297209337353706,0.0005457386199850589,0.10810253798263147,85a34f0bfb6efb4016189f586946f567:0:0,8be982a215994fa6338f365e90dc22a9:0:0,c9887fcb7e9c30f6d04b6daa7561687f:0:0,86a12aef9cc652d0d72ab5eb77e6ec46:0:1972395851,131c0cd9a9067a9f936a2095b2aafb52:0:3624362692,10,1.5864661654135337,0,0,0,0,0,0,512,8,0,512,4,0,267,0,0,245,8,0,512,0.2194521725177765,158.099853515625,120,0
1436,A,236,-0.002149720210582018,0.04120746627449989,nan,nan,512,0,-0.002149720210582018,0.04120746627449989,all_rows,512,0,0.006837795488536358,0.0603515625,0.0010997988283634186,0.0008368132810574024,0.10477371397428215,71fa30c70aa03d29d293f83849e3c167:0:0,013a33346b5aa78a373e4f7ace0b15f7:0:0,11dbfbf78eef5a1e795ee62bc2c4308a:0:0,0c93e7c79e196022abd68e91a2b5f046:0:2498276650,53580f28dedef5fd1e5a075d218772c5:1:2557707472,10,1.5889724310776943,0,0,0,0,0,0,512,9,0,512,3,0,281,0,0,231,9,0,512,0.21726666390895844,158.1143035888672,116,0
1437,A,237,-0.0024467911571264267,0.03889364376664162,nan,nan,512,0,-0.0024467911571264267,0.03889364376664162,all_rows,512,0,0.012959426268935204,0.066015625,-4.8824818804860115e-05,0.0007529510141466745,0.10347443900536746,7ee7d2497c45bd64d88b51d291c08d67:0:0,040bcbfafcf9bab66e58ebaeabc45611:0:0,1cdd5ae404f256bd377e8b8abf84d55d:0:0,4a9072c72dc71b22e0725e16d944f446:0:4225313464,a02e9f1144bb8933b8687317b0f68243:1:116673803,10,1.5914786967418546,0,0,0,0,0,0,512,5,0,512,4,0,316,0,0,196,5,0,512,0.22178101539611816,158.62921142578125,92,0
1438,A,238,0.0027142781764268875,0.03243941068649292,nan,nan,512,0,0.0027142781764268875,0.03243941068649292,all_rows,512,0,0.011253819800913334,0.1345703125,-0.006780143361538649,0.0005203008273383603,0.10333384899422526,3a9bbbd58894009478a18e7340dd5967:0:0,575371693e8be0c6813c82c1600f377c:0:0,b2ef64b49ebe072f4b5cf220a3340f05:0:0,32ecf57c99703922985077ff1b93f846:0:373992392,a9202c0b7839892c2ccac623c85fa626:0:2318145931,10,1.5939849624060152,0,0,0,0,0,0,512,7,0,512,10,0,261,0,0,251,7,0,512,0.21351295709609985,161.7291259765625,125,0
1439,A,239,-0.0010083389934152365,0.0330471433699131,nan,nan,512,0,-0.0010083389934152365,0.0330471433699131,all_rows,512,0,0.00121087406296283,0.014453125,0.0008293569087982177,0.0005412764803622849,0.10384663299191743,7f88d9e2ea218b837408d066573a2567:0:0,633970c37dc096054cfb5f5e87fafc95:0:0,94ed0be7a6eb80296fc21e7b583bceab:0:0,90dce4b1639e7e0e3906efce69a2fc46:0:4037265444,86c1571a41e6dbae6a54dae711c3786c:1:2819805665,10,1.5964912280701755,0,0,0,0,0,0,512,10,0,512,12,0,277,0,0,235,10,0,512,0.21881936490535736,163.85842895507812,112,0
1440,A,240,0.003453292651101947,0.03432420268654823,nan,nan,512,0,0.003453292651101947,0.03432420268654823,all_rows,512,0,0.006386874243617058,0.0435546875,-0.0024166411720216276,0.0005823762650834397,0.10613599501084536,5f0179504db1f27bc88279f7d4d6f167:0:0,73d1a73c88f2bf31714f22ac130db2c5:0:0,2e7f28493651982bfda1806705a088c1:0:0,d3183cdb83891f556e6f9908c3720046:0:2052928527,1063cf8e613cb817a87e3f597feb35ef:1:2340544269,10,1.5989974937343359,0,0,0,0,0,0,512,2,0,512,6,0,278,0,0,234,2,0,512,0.21837419271469116,164.16102600097656,127,0
1441,A,241,0.00011678703594952822,0.03551483154296875,nan,nan,512,0,0.00011678703594952822,0.03551483154296875,all_rows,512,0,0.0049188281409442425,0.0572265625,-0.0013480131514370442,0.0006300227338215336,0.10640225000679493,33387a5f8f549fde7c5f2d73b9b3bd67:0:0,ecfa7a1cb5d33d07b4a0a1ad1c9347f3:0:0,d705b70ce591fbb018343909b5913a57:0:0,b22e1c96e8dda2932ea8073229010446:0:3125550538,1220f62de3610d92f0f4372088a5169f:1:3727510544,10,1.6015037593984962,0,0,0,0,0,0,512,13,0,512,8,0,278,0,0,234,13,0,512,0.22220474481582642,166.52743530273438,122,0
1442,A,242,0.0019981670193374157,0.03620278462767601,nan,nan,512,0,0.0019981670193374157,0.03620278462767601,all_rows,512,0,0.0015708667924627662,0.0298828125,0.0008111615432426333,0.0006503730139229447,0.1122845690115355,092c4898c22351fb6a7ecd2605d08967:0:0,cac988110b701efa718ea0d08f6bbfa3:0:0,13708ca9c87b84b49928df3b01642d72:0:0,080a2f35d01137f5be118dce9a500846:0:3985041598,9781c6544d13967a7434e256eedfe7da:1:354313101,10,1.6040100250626566,0,0,0,0,0,0,512,7,0,512,5,0,275,0,0,237,7,0,512,0.21509645879268646,167.41452026367188,122,0
1443,A,243,-0.00333839631639421,0.036300525069236755,nan,nan,512,0,-0.00333839631639421,0.036300525069236755,all_rows,512,0,0.008013080805540085,0.0662109375,0.004047430772334337,0.0006466168677434325,0.11066887801280245,488d298f3fec50290e507b5ab92d5567:0:0,e714b5cb766604c04797ba2fa146fc57:0:0,6e73cefe1a2ed544ae1c85a4d24cb65e:0:0,25685f2a33be9066b3514062175f0c46:0:273357967,0bab2f9afd4f00f16538b24d1fdaec68:0:1537533813,10,1.606516290726817,0,0,0,0,0,0,512,5,0,512,4,0,291,0,0,221,5,0,512,0.21834535896778107,167.08914184570312,112,0
1444,A,244,0.002777662593871355,0.034150902181863785,nan,nan,512,0,0.002777662593871355,0.034150902181863785,all_rows,512,0,0.008022232912480831,0.0505859375,-0.002649044105783105,0.0005780052320915275,0.10328125196974725,b41044633e14571c4fd29a5dd3ca2167:0:0,8b6a00a8c2b94cf60d5a6ac2da4e5bb0:0:0,87fd28ec2200e46c14b73a70f520a40a:0:0,306751be67942f72fb4ff270a02e1046:0:4081889930,6ce60011b24cec0d799c3dacc52dce63:0:3961802178,10,1.6090225563909775,0,0,0,0,0,0,512,6,0,512,4,0,271,0,0,241,6,0,512,0.21738870441913605,165.52569580078125,121,0
1445,A,245,-0.0036417762748897076,0.034400686621665955,nan,nan,512,0,-0.0036417762748897076,0.034400686621665955,all_rows,512,0,0.003268118482083082,0.031640625,-0.0014449926558881998,0.0005849533379659988,0.10316065000370145,97135fb9a4fc3c804f92cc7b55a6ed67:0:0,f123f1d5464b9be4a930dcb8ed6a5f76:0:0,04bd5a590a77ba31f7e7565cee7e9ac9:0:0,88e03b46a95738f2dd3a377e34bd1446:0:662342445,bf214732fd0a510074805457b0583e32:0:650812068,10,1.6115288220551378,0,0,0,0,0,0,512,6,0,512,7,0,274,0,0,238,6,0,512,0.2275647521018982,165.1517333984375,114,0
1446,A,246,0.0004912876756861806,0.039035990834236145,nan,nan,512,0,0.0004912876756861806,0.039035990834236145,all_rows,512,0,0.007819455116987228,0.0662109375,-0.0070471643470227715,0.0007357447873800993,0.10323578800307587,3d3abbc3273649ce32adf3ff3ec3b967:0:0,34fdeba28510d4875d885f4f1719b615:0:0,012abe4eaf0f6e76ef88d70fdf91532f:0:0,bf61aca9347eba71fe80630ed50c1846:0:2672804581,01e906b6d4369b195862b0abde7ada4f:1:1502328349,10,1.6140350877192984,0,0,0,0,0,0,512,9,0,512,10,0,265,0,0,247,9,0,512,0.21667277812957764,165.27626037597656,118,0
1447,A,247,-0.0010271487990394235,0.03405193239450455,nan,nan,512,0,-0.0010271487990394235,0.03405193239450455,all_rows,512,0,0.0059304446913301945,0.07421875,-0.001020439900457859,0.000564922476769425,0.10683335800422356,ad0aa1cad5d74e64eed033358f208567:0:0,4763f99e07979c44355adad7eb0771ef:0:0,40502825afe3c708c1c95e2e6b980ebc:0:0,466310ce24eb705766d688a6811b1c46:0:906530906,bb88e6aa1700494ef3a63a0b2dbd404b:1:1921313524,10,1.6165413533834587,0,0,0,0,0,0,512,9,0,512,8,0,274,0,0,238,9,0,512,0.21892033517360687,167.15673828125,119,0
1448,A,248,-0.003964514471590519,0.038351189345121384,nan,nan,512,0,-0.003964514471590519,0.038351189345121384,all_rows,512,0,0.01950385421514511,0.20078125,0.00012273986358195542,0.0007311803055927157,0.10548148700036108,16a942a3af2f68e11634ec6a46bd5167:0:0,83df26dde8897dac131df630bc48301a:0:0,f9b6cc52a76ebb69c6291f44597e2148:0:0,963faa3c354006cd84347bc938ea2046:0:2825736500,465e5e97b2a435dc15ed71fe59a680d7:0:1518709209,10,1.619047619047619,0,0,0,0,0,0,512,7,0,512,6,0,296,0,0,216,7,0,512,0.2152886837720871,168.0085906982422,109,0
1449,A,249,0.0030159747693687677,0.03791356831789017,nan,nan,512,0,0.0030159747693687677,0.03791356831789017,all_rows,512,0,0.0014704144559800625,0.005859375,-0.0003452109405770898,0.0007063262426527217,0.10555799899157137,8333492be53687b4a3a6c1e9659a1d67:0:0,2ed57ed958eed0e95b2c7428ebcac61d:0:0,8531e5c07a351754e2e04ad5a4738575:0:0,ef81fedb255dd66a2ed5cffafc792446:0:713434171,71acf1f4d0babfdfdc741603800d614e:0:192801050,10,1.6215538847117794,0,0,0,0,0,0,512,7,0,512,6,0,293,0,0,219,7,0,512,0.22545720636844635,167.92359924316406,106,0
1450,A,250,-0.0015080556040629745,0.03596864268183708,nan,nan,512,0,-0.0015080556040629745,0.03596864268183708,all_rows,512,0,0.004145994782447815,0.0162109375,-0.0007794684497639537,0.0006393279996700585,0.107144910027273,169e1dfbd8f8a0fec67f95feebb6e967:0:0,e57c1c56644a9bb902a9762861421fac:0:0,023c69d9b44b13f8c1c91214fea26701:0:0,27c3c188558a1c96ad39d8bfcbc82846:0:1749384460,6f0640f1c01061db95efabf00e4413bd:0:3398323423,10,1.6240601503759398,0,0,0,0,0,0,512,6,0,512,4,0,287,0,0,225,6,0,512,0.21189038455486298,167.51959228515625,106,0
1451,A,251,0.001430436735972762,0.03612225875258446,nan,nan,512,0,0.001430436735972762,0.03612225875258446,all_rows,512,0,0.0019358976278454065,0.0462890625,-0.0025216402020305393,0.0006516715831821785,0.10501919500529766,ad463d36084da1a3aea88af6d913b567:0:0,d16ca51640076641f0892ac49d66a0ec:0:0,1cc1a7b4270f97b1e700757fae0551d5:0:0,e7a26edde2bfafb7b823a99ba6d72c46:0:3236143906,57423c752606e7c6e7e31846234436f5:0:378117509,10,1.6265664160401,0,0,0,0,0,0,512,5,0,512,2,0,259,0,0,253,5,0,512,0.21164415776729584,166.865234375,117,0
1452,A,252,0.003046194324269891,0.03217318281531334,nan,nan,512,0,0.003046194324269891,0.03217318281531334,all_rows,512,0,0.009036039933562279,0.0466796875,-0.003445054730400443,0.0005162947301869281,0.10614560701651499,ce3e2f4c6b2913a4589a031d2db08167:0:0,e2d638438b4a9c0148659467a393567c:0:0,b06e8c6da45f32a452aca8b4e728845c:0:0,5fc5fc4050b12f157e9a16128da63046:0:775857730,34b3785dfb907629b46bed2aa8eb568d:0:86247108,10,1.6290726817042607,0,0,0,0,0,0,512,5,0,512,8,0,267,0,0,245,5,0,512,0.2155172973871231,168.2863311767578,129,0
1453,A,253,0.0011384144891053438,0.03800779953598976,nan,nan,512,0,0.0011384144891053438,0.03800779953598976,all_rows,512,0,0.005245407111942768,0.0310546875,0.0003760120365768671,0.0007195170008344575,0.10536842199508101,db7bb16efdcd7bb6595ba0bde98d4d67:0:0,edb458cee09de9e5aae3673465b181d8:0:0,a2222bec668ad134963b5a36ca6f72cb:0:0,ab7525fa8dffae83a9e7b1a880353446:0:344158886,cbc90064b330e6922ab0e6ad379d085b:1:2041733419,10,1.631578947368421,0,0,0,0,0,0,512,10,0,512,6,0,271,0,0,241,10,0,512,0.2354791909456253,168.53065490722656,128,0
1454,A,254,-0.0004952087183482945,0.03605563938617706,nan,nan,512,0,-0.0004952087183482945,0.03605563938617706,all_rows,512,0,0.005478510167449713,0.0345703125,-0.0028877195436507463,0.0006502491145511158,0.10623761400347576,205c6236752f6e1baa8446250caa1967:0:0,dacbdd67e18140248c29e4275930774d:0:0,c7fe6fb17887e6922bccd1494ff766ef:0:0,c4721ae3df29ddc9619acfe17e843846:0:1786859734,e8e9b625fb8624410bd25ad03dce028e:0:3472571761,10,1.6340852130325816,0,0,0,0,0,0,512,5,0,512,4,0,285,0,0,227,5,0,512,0.23154422640800476,169.54705810546875,100,0
1455,A,255,-0.0012126534711569548,0.03311442583799362,nan,nan,512,0,-0.0012126534711569548,0.03311442583799362,all_rows,512,0,0.007467403542250395,0.0833984375,-0.002563664084300399,0.0005442149020382203,0.10632126400014386,e4e9dafd5ad45aba763a159e9706e567:0:0,c28fa001f5caa4006b252cc8114de4e1:0:0,76396e0a44327543ef2769e954a7860f:0:0,019a79befcb7abc94f85844188933c46:0:1310719487,50d688f842a4a10aa3793064583cfe01:0:2247147322,10,1.636591478696742,0,0,0,0,0,0,512,5,0,512,3,0,301,0,0,211,5,0,512,0.24537783861160278,168.63150024414062,93,0
1456,A,256,-0.003755191806703806,0.03562209755182266,nan,nan,512,0,-0.003755191806703806,0.03562209755182266,all_rows,512,0,0.0007558829383924603,0.0333984375,-0.0008256864733994007,0.0006225665769306943,0.10958740097703412,08067e390d791074e332717688a3b167:0:0,86882a2048647a0d4d88c54f951ab211:0:0,97e6406be663145d6118230c9e1c6472:0:0,83c6ce3571266569a3bda24c9e624046:0:4014220591,8549cf8d2be5a412b1772f401615e4e2:0:2667061368,10,1.6390977443609023,0,0,0,0,0,0,512,4,0,512,6,0,288,0,0,224,4,0,512,0.23381231725215912,170.33694458007812,97,0
1457,A,257,0.001754648401401937,0.03601508587598801,nan,nan,512,0,0.001754648401401937,0.03601508587598801,all_rows,512,0,0.003970067482441664,0.0658203125,-0.002585889585316181,0.0006335491081699729,0.10923672298667952,db806f0363cbf7c0e0b1fbf8e1807d67:0:0,a6cce405a49ea7aa182369de83129e24:0:0,83fcf1521c026b5b48ec0b64f8302ae2:0:0,9e67f9060319503c189cbd86bff14446:0:24760360,91d3dc50b279dc6c5d312f04d6c1d536:1:1179353237,10,1.6416040100250626,0,0,0,0,0,0,512,6,0,512,6,0,277,0,0,235,6,0,512,0.22038188576698303,170.62208557128906,111,0
1458,A,258,-0.0009301452664658427,0.03724714741110802,nan,nan,512,0,-0.0009301452664658427,0.03724714741110802,all_rows,512,0,0.03131675347685814,0.0796875,0.0016754815354943276,0.0006845669384347274,0.10839052801020443,1a2f1de4ee87047ff28c9771a19d4967:0:0,2a035a64e7dd93571f4c14a52ecad038:0:0,8dbfebf153b0782f51ccb41c35b91191:0:0,1f2430b0b852c0e5f6c02973ed404846:0:1205061683,ee7dde4e9ae1341484b129b9d2d0d70b:0:1503592169,10,1.644110275689223,0,0,0,0,0,0,512,7,0,512,8,0,276,0,0,236,7,0,512,0.23072588443756104,170.66758728027344,110,0
1459,A,259,0.002132951747626066,0.03600362688302994,nan,nan,512,0,0.002132951747626066,0.03600362688302994,all_rows,512,0,0.002590070478618145,0.0556640625,-0.001519511267542839,0.0006486956612206995,0.10401104501215741,d8f99acf17355f16fd25662cc8fa1567:0:0,01eb611e55b808dade2c88525ab51a6e:0:0,32f80160cb3e3ddd38b02fceafffe9dd:0:0,44f98d9ebdf9ad481908f998264f4c46:0:1887907576,b1d49c5b07a9ace08553f43afb5824cb:0:2250231576,10,1.6466165413533833,0,0,0,0,0,0,512,6,0,512,2,0,287,0,0,225,6,0,512,0.2332385629415512,175.3473358154297,121,0
1460,A,260,-0.0024728761054575443,0.037522751837968826,nan,nan,512,0,-0.0024728761054575443,0.037522751837968826,all_rows,512,0,0.019583048298954964,0.1197265625,0.007480850303545594,0.0006998435797868297,0.10781344695715234,4f306c1498f0c4c6116eca765796e167:0:0,d8f7f1b5a177ddc3603a137086c98e54:0:0,0a01751bd4af0dde8768096085fb4ec7:0:0,27f15e7842afba66f09c01776b1e5046:0:275494575,89b0f9ab70841cc27cf8441c4d470671:0:3480274604,10,1.6491228070175439,0,0,0,0,0,0,512,6,0,512,6,0,280,0,0,232,6,0,512,0.22235894203186035,176.25674438476562,112,0
1461,A,261,-0.004025476053357124,0.03369706869125366,nan,nan,512,0,-0.004025476053357124,0.03369706869125366,all_rows,512,0,0.008530277758836746,0.0208984375,0.00037549473345279696,0.0005599853582680225,0.10755786899244413,4845060e10629f4038ea669a4d73ad67:0:0,934955f244922aad2b4b7ab7e6f33f86:0:0,266518e8958551b7f371f542573f004b:0:0,31f5cf0e0efbc61288e1d495bbad5446:0:625709377,da5577059a1759f9bcc96fd96410a11f:0:1885565944,10,1.6516290726817042,0,0,0,0,0,0,512,5,0,512,5,0,258,0,0,254,5,0,512,0.22313977777957916,172.92431640625,131,0
1462,A,262,0.003713957965373993,0.037646424025297165,nan,nan,512,0,0.003713957965373993,0.037646424025297165,all_rows,512,0,0.009301749058067799,0.0509765625,0.002153417933732271,0.0006903587374836207,0.1037992499768734,07db26f7a054d38341a91ce4aa907967:0:0,5a5713b8b052aaeec7057e7a12f32698:0:0,7bc1c51caac9842194eab4033a9ff9ff:0:0,03a2bdf0688cec4e8b86c67717fc5846:0:2284092295,59d9a00051f2a8ed7a2119d53c1393e9:1:2230063247,10,1.6541353383458648,0,0,0,0,0,0,512,6,0,512,5,0,287,0,0,225,6,0,512,0.2404429167509079,171.80235290527344,104,0
1463,A,263,0.004742785822600126,0.030252933502197266,nan,nan,512,0,0.004742785822600126,0.030252933502197266,all_rows,512,0,0.00338059663772583,0.016796875,-0.0009727940894663333,0.00045694139262195674,0.10661219799658284,68b54e73e81e47ef8a4b0fa16eed4567:0:0,063a32af51a4b5a878e8964ea7f8552d:0:0,cca0d4791b62b6a93db8d84e2ef8b0a4:0:0,a0b2f2808cda087a447aea9f800b5c46:0:520933716,72798f6c14c4343253c4f449b98ce58a:1:3566017410,10,1.6566416040100251,0,0,0,0,0,0,512,7,0,512,7,0,276,0,0,236,7,0,512,0.2281181514263153,174.1205596923828,118,0
1464,A,264,0.00031120917992666364,0.03814668208360672,nan,nan,512,0,0.00031120917992666364,0.03814668208360672,all_rows,512,0,0.011549651622772217,0.058203125,-0.0029846720397472383,0.0007268843794008717,0.10544077103259042,0e5547ffc937219fcdffa11c9a8a1167:0:0,4b482a2187b72e753c376925490840ff:0:0,60afa1cf66ae462dc25d3c72fd274646:0:0,f2b43efdcfa1b238a5f21492f3da6046:0:1952622323,1fc991135d55c230ed782669196dc895:0:1273324398,10,1.6591478696741855,0,0,0,0,0,0,512,8,0,512,8,0,273,0,0,239,8,0,512,0.23160995543003082,174.13021850585938,100,0
1465,A,265,-0.0011655595153570175,0.03245725482702255,nan,nan,512,0,-0.0011655595153570175,0.03245725482702255,all_rows,512,0,0.0018528649816289544,0.050390625,0.0009666918776929379,0.0005241612278041429,0.1070534799946472,a7944b81b940b900f08573a22d66dd67:0:0,3750df7d8fc86e8d769ff5d8b4f6ad6d:0:0,ebca1d16d2f7ca889231459bf06ac4c5:0:0,81b777c329ceb6184c63d7d573696446:0:1520947806,d213bd5b0c957e35ad1962255017aaa6:1:2918704584,10,1.6616541353383458,0,0,0,0,0,0,512,8,0,512,6,0,286,0,0,226,8,0,512,0.22103706002235413,171.3946533203125,111,0
1466,A,266,-0.0003523619379848242,0.03508610278367996,nan,nan,512,0,-0.0003523619379848242,0.03508610278367996,all_rows,512,0,0.004086813423782587,0.0689453125,0.0009948490653187037,0.000615904877486173,0.10639174800598994,85338efe9dcd45a9ca2a697e2783a967:0:0,20c9693c209b35e0885b18a5d6bea2cf:0:0,db1b547d61d987d381cb1ec56fe8c030:0:0,9d7c8a9dc54509fb828b87eafeb86846:0:4000840387,bde57a2fdf6a2f365db011ada9444619:1:3607424092,10,1.6641604010025062,0,0,0,0,0,0,512,7,0,512,8,0,272,0,0,240,7,0,512,0.22674869000911713,172.72389221191406,121,0
1467,A,267,0.00041165834409184754,0.03185027092695236,nan,nan,512,0,0.00041165834409184754,0.03185027092695236,all_rows,512,0,0.0020690299570560455,0.013671875,-0.0017025250010192395,0.0004993398280930706,0.1064460189663805,31b6485d6f334172f3cba4fc88e07567:0:0,ad0844606d18d6302af833c4f56c2053:0:0,fdad2ab6ec4aee04d940b2b80d7db570:0:0,01e766d8d21b3d404568385795c76c46:0:1150246543,69c60ec3b5faf9fbd30429d8e02a1a05:0:1949892526,10,1.6666666666666665,0,0,0,0,0,0,512,4,0,512,3,0,275,0,0,237,4,0,512,0.21994905173778534,172.4838104248047,118,0
1468,A,268,0.0027046208269894123,0.035936325788497925,nan,nan,512,0,0.0027046208269894123,0.035936325788497925,all_rows,512,0,0.0007771233795210719,0.090234375,0.004819724196568132,0.0006450519373174757,0.104271896998398,4ef90e021fb882ce92d58869517d4167:0:0,df80bbba264e3d31ade8661836d0ca38:0:0,95a4fa170f1876aeee507847fd21e3fd:0:0,3317d04eb1c464a8483cbc9f38967046:0:1323807414,b18a58789080a0cfe9b39f37afee5d99:1:1962145519,10,1.669172932330827,0,0,0,0,0,0,512,5,0,512,9,0,285,0,0,227,5,0,512,0.20981794595718384,173.14260864257812,103,0
1469,A,269,-0.00267693935893476,0.036251846700906754,nan,nan,512,0,-0.00267693935893476,0.036251846700906754,all_rows,512,0,0.006383855827152729,0.0650390625,8.366992697119712e-05,0.0006455943730543368,0.10315579205052927,c93040e784610e602543b610815a0d67:0:0,15d92f2331bed0d0df3ed2414a32cf7b:0:0,dcf2b262e75a7ddf0d1f56ed2ac44411:0:0,4c0ca58344ae8200f88fa845e7257446:0:2127091344,bd5e48ab65d700815926390c82e9a88e:1:3813658237,10,1.6716791979949874,0,0,0,0,0,0,512,4,0,512,10,0,280,0,0,232,4,0,512,0.2028050273656845,173.68943786621094,106,0
1470,A,270,-0.002456400077790022,0.03997385874390602,nan,nan,512,0,-0.002456400077790022,0.03997385874390602,all_rows,512,0,0.007290440611541271,0.053515625,-0.001514134742319584,0.000797154038446024,0.10439828102244064,757fb2bf3cad9fd44da1103e1876d967:0:0,f23db3566be5f79b741ed51a907e20d9:0:0,35559dba1b755565cf175d13448ac213:0:0,b20a927ee6d9678b822b4ecfa1747846:0:3407117009,923fdc5615ecaa0337317b5e44f8e618:0:2232501441,10,1.674185463659148,0,0,0,0,0,0,512,2,0,512,2,0,272,0,0,240,2,0,512,0.20089273154735565,173.0597686767578,113,0
1471,A,271,0.001497590565122664,0.036076243966817856,nan,nan,512,0,0.001497590565122664,0.036076243966817856,all_rows,512,0,0.0033926882315427065,0.0865234375,-0.0023937301710247995,0.0006454823625972495,0.10441331000765786,7b790e7dd695e9f89f07b93e16d3a567:0:0,c9318df54524385e7e698473278286ad:0:0,adfa56a1f6d20d315c717232240e6547:0:0,face9fd567ea1724d31dc3c067837c46:0:2806870100,f1c748e92ccc5fd7e4a08d4485dbab2f:0:1450990298,10,1.6766917293233083,0,0,0,0,0,0,512,6,0,512,4,0,282,0,0,230,6,0,512,0.19182826578617096,172.3820343017578,103,0
1472,A,272,-0.0028573228046298027,0.03736257180571556,nan,nan,512,0,-0.0028573228046298027,0.03736257180571556,all_rows,512,0,0.018457716330885887,0.055859375,-0.004865147289820015,0.00069487210130319,0.10607658396475017,7bbca998ac0a8e136921135c7c707167:0:0,5a86112c6e24e88786075e1802e30524:0:0,af71eae69d09b35461c79e17986c55ab:0:0,3fa686f80b3e9d2d9fb8da9c39528046:0:987185212,e5f4708a26950b9c10fd148f1ee509d1:0:2226258588,10,1.6791979949874687,0,0,0,0,0,0,512,6,0,512,5,0,289,0,0,223,6,0,512,0.19176647067070007,171.4919891357422,90,0
1473,A,273,0.0010743916500359774,0.033002376556396484,nan,nan,512,0,0.0010743916500359774,0.033002376556396484,all_rows,512,0,0.01550690084695816,0.1166015625,-0.009307534201070666,0.000536353318602778,0.10939913999754936,49f9501a374aca7b8425c0e5494d3d67:0:0,97e9585231b661d8dbc65e555d9d819e:0:0,e58b47c3768898031238721827a67b3e:0:0,ff9b32a55c866732669226e716e18446:0:840050820,85fc40cc6ab10ee6bc919ab58d078b8e:1:4091232948,10,1.681704260651629,0,0,0,0,0,0,512,2,0,512,2,0,270,0,0,242,2,0,512,0.20433799922466278,174.60362243652344,102,0
1474,A,274,-0.0003673563478514552,0.03257638216018677,nan,nan,512,0,-0.0003673563478514552,0.03257638216018677,all_rows,512,0,0.005492827855050564,0.051171875,-0.005206258734688163,0.0005285742139676586,0.11302235099719837,4cdb5590db59e0701cdda4247d6a0967:0:0,cb5f86b11b3072bf19efbd14affe8dc8:0:0,24e0596e3efbac3726deccb3a900c70d:0:0,82ad53fd656316537482fc2500308846:0:1699978773,4a011a4127da6bdd4041b4dab94fcbad:1:1746666128,10,1.6842105263157894,0,0,0,0,0,0,512,5,0,512,2,0,279,0,0,233,5,0,512,0.19400955736637115,177.8502655029297,110,0
1475,A,275,0.0014895327622070909,0.03575954586267471,nan,nan,512,0,0.0014895327622070909,0.03575954586267471,all_rows,512,0,0.0012703739339485765,0.0673828125,-0.0044878029730170965,0.0006345615853206255,0.1055799939786084,3261b8bb5de03130809fdf6618c6d567:0:0,59224d884f8f303c601f138b9b53f6e9:0:0,e6321209ad80c9a6f9192c149188c650:0:0,53787a749095cd6ce8a86dd9f53f8c46:0:2752687037,21a99f30c74ece2ba1fa2f17be4217be:0:2508215216,10,1.6867167919799497,0,0,0,0,0,0,512,5,0,512,7,0,281,0,0,231,5,0,512,0.19957444071769714,176.8340606689453,108,0
1476,A,276,-0.0017777816392481327,0.036716751754283905,nan,nan,512,0,-0.0017777816392481327,0.036716751754283905,all_rows,512,0,0.004697564989328384,0.0498046875,-0.0030629481188952923,0.0006633672746829689,0.10479999100789428,a9c977b58fc41253e952d4f61b63a167:0:0,efafa2ea108b7621caf97510a3aaafef:0:0,0f8234a9f4652bb03207e2add9617524:0:0,c726a693473cfafeb8634f89f60e9046:0:4102903961,c8298cd36d53638c4e127c9ff462d464:1:4229113420,10,1.6892230576441103,0,0,0,0,0,0,512,2,0,512,9,0,294,0,0,218,2,0,512,0.21236743032932281,177.3968048095703,96,0
1477,A,277,-0.0018779727397486567,0.03263681009411812,nan,nan,512,0,-0.0018779727397486567,0.03263681009411812,all_rows,512,0,0.007505426183342934,0.031640625,-0.0005330238491296768,0.0005346124715288169,0.10434495395747945,450b4e46e1c65961496c272085406d67:0:0,7ab3d5073a4e3449bc0ca6290ff02149:0:0,799ceb9c3d67abc8f3af298cdaef3208:0:0,9934dd2414a69ed4b35834b9029d9446:0:1951984682,b80a00133e1d8c4b3d67d64989d83b54:1:1500176150,10,1.6917293233082706,0,0,0,0,0,0,512,5,0,512,5,0,300,0,0,212,5,0,512,0.2027578204870224,178.9248809814453,105,0
1478,A,278,0.003439858555793762,0.03568486124277115,nan,nan,512,0,0.003439858555793762,0.03568486124277115,all_rows,512,0,0.009134513325989246,0.111328125,-0.0017945343628525735,0.0006328387913526967,0.10603771300520748,8a06ffd3e26e9ea717f0b831565d3967:0:0,4c9f95822a5f22771531fd72b0f3248a:0:0,0f4afce2cc79115f8395d39f1b72d8d0:0:0,44e0d225dd3b0b6e876f70eb1aec9846:0:3381944775,28e18112d044ac399a92e407f9f1a98b:0:1823251673,10,1.6942355889724312,0,0,0,0,0,0,512,4,0,512,3,0,293,0,0,219,4,0,512,0.2011961191892624,179.02476501464844,106,0
1479,A,279,-0.00081381865311414,0.03757583349943161,nan,nan,512,0,-0.00081381865311414,0.03757583349943161,all_rows,512,0,0.010896341875195503,0.0458984375,-0.00021654404699802398,0.0007027382904198021,0.10765960498247296,9e290252e29337531c74aa748eba0567:0:0,8f313b2c48908625de64ac40c46105ac:0:0,c4a45b93ab363ba95494ba8fd3fc48aa:0:0,ecf0588b75042327c4d517a43efb9c46:0:78243305,cee0d3124fb8e3b67b24aedab0d0cf4f:0:2411274221,10,1.6967418546365916,0,0,0,0,0,0,512,13,0,512,9,0,290,0,0,222,13,0,512,0.2007451355457306,179.03604125976562,104,0
1480,A,280,0.0014521328266710043,0.03270113840699196,nan,nan,512,0,0.0014521328266710043,0.03270113840699196,all_rows,512,0,0.016946466639637947,0.07421875,-0.0005500258412212133,0.0005320995391230099,0.11249401594977826,dddbdf833dc8e6ca3b1b60362e56d167:0:0,d01110c32885fda0b9fb54af4cde87f3:0:0,9c1893f8d939e115ce50ca24188fd7d2:0:0,379cdd85a255111fe1f8fc686ecaa046:0:2328802081,7bb5c515970d39ad402e6b4004928211:1:1316941552,10,1.699248120300752,0,0,0,0,0,0,512,6,0,512,5,0,285,0,0,227,6,0,512,0.21171380579471588,180.35142517089844,112,0
1481,A,281,0.01222281064838171,0.035932157188653946,nan,nan,512,0,0.01222281064838171,0.035932157188653946,all_rows,512,0,0.003082898212596774,0.0361328125,-0.0029899372486397622,0.0006098646394093521,0.11053715198067948,22aded860406474040977bc235339d67:0:0,af45e13e74136de5d88d482b989ab0ef:0:0,1cac8ac778b407008f116fc701eb2b40:0:0,7387d3c859167de23f8eb2bbaa59a446:0:889035332,c5b4511f91fae2880b197a532d8b9d94:1:2510708280,10,1.7017543859649122,0,0,0,0,0,0,512,2,0,512,3,0,271,0,0,241,2,0,512,0.2133924812078476,182.62606811523438,116,0
1482,A,282,0.002527150558307767,0.03417402505874634,nan,nan,512,0,0.002527150558307767,0.03417402505874634,all_rows,512,0,0.005544661544263363,0.0501953125,-0.00030569331720471383,0.0005838527576997876,0.10601246997248381,7efe17d601c6e98fae2adf64a3506967:0:0,bae0184e90211e9de09f0d983c5e3c57:0:0,600800c91f3d0f596cb206fad7eb9bc6:0:0,8f7894efbb3b3fce2c8d8e21f1a8a846:0:3377623793,5b85f36b9f60d18d653d0c5d361f2424:1:4292257018,10,1.7042606516290726,0,0,0,0,0,0,512,3,0,512,8,0,289,0,0,223,3,0,512,0.21028634905815125,182.83511352539062,107,0
1483,A,283,0.002088728826493025,0.03596284240484238,nan,nan,512,0,0.002088728826493025,0.03596284240484238,all_rows,512,0,0.008625064976513386,0.03359375,-0.0014271949185058475,0.000644173039472662,0.11009164003189653,d37f557c63fa2c5185a6ad6978ad3567:0:0,310d1eb11660ea9cd3aa9a9f049ffd93:0:0,f46f73474b4ec08f5fdcebbebe6052fc:0:0,d500e4dd2ae1873eea30a21f44b7ac46:0:2184582002,b305a41e73b26e6f1df7055b70de2058:0:340801220,10,1.706766917293233,0,0,0,0,0,0,512,9,0,512,8,0,283,0,0,229,9,0,512,0.22110112011432648,182.39535522460938,118,0
1484,A,284,-0.0014850401785224676,0.03211959823966026,nan,nan,512,0,-0.0014850401785224676,0.03211959823966026,all_rows,512,0,0.003263677004724741,0.0373046875,-0.0008536242414265871,0.0005049973449786193,0.10832053003832698,e132193e7509ca35156b481cb54a0167:0:0,4cd0681a396f7392449f167b4c2431b7:0:0,bc23721929049bf102095c1a9cdffa62:0:0,d9c2ec987aa48673aff6c237a386b046:0:3501899620,24bc6372048002aacbf34a24f67449ac:1:2205656980,10,1.7092731829573935,0,0,0,0,0,0,512,9,0,512,5,0,266,0,0,246,9,0,512,0.2213522046804428,185.22576904296875,130,0
1485,A,285,-7.782166358083487e-05,0.03587441146373749,nan,nan,512,0,-7.782166358083487e-05,0.03587441146373749,all_rows,512,0,0.00573224201798439,0.1138671875,0.0012702366337180137,0.0006345248722936959,0.10790668899426237,60d5846030441f97c46851ca5926cd67:0:0,c2266874b0fa1b3b55b45dcc9e8db663:0:0,17f96a321f718aa7a871865ae261bb57:0:0,a7b22ff508a29537afa281ef0e15b446:0:218323856,6161e989ad7410868499925c11964a4b:1:3797601765,10,1.7117794486215538,0,0,0,0,0,0,512,6,0,512,3,0,279,0,0,233,6,0,512,0.2176523208618164,185.52586364746094,115,0
1486,A,286,-0.0005696862936019897,0.035021036863327026,nan,nan,512,0,-0.0005696862936019897,0.035021036863327026,all_rows,512,0,0.006316687446087599,0.055859375,-0.0025963404215872286,0.0006072078773286194,0.11352515104226768,3e876c76a8f6275cde1cacbe64439967:0:0,72bed3ccefec164703ab16c061351c25:0:0,1eae647174caeb68cbb7b8eec03e9590:0:0,9e08b2ee50bbd04a193a34c98464b846:0:1336524496,7bf6387b2407004f9db73b315fac9dba:0:4004411351,10,1.7142857142857144,0,0,0,0,0,0,512,4,0,512,5,0,262,0,0,250,4,0,512,0.21072663366794586,184.5723419189453,112,0
1487,A,287,0.0003356530505698174,0.032909199595451355,nan,nan,512,0,0.0003356530505698174,0.032909199595451355,all_rows,512,0,0.0021196508314460516,0.1021484375,-0.002609050367027521,0.0005399567904532887,0.11774766899179667,649258a482812f055e967b44d6a06567:0:0,e36a956643f801fec2c68cae3008ba48:0:0,46ebfda88f696b21845dd238f8bfa496:0:0,ee8a3963428d34861f07ee4b0673bc46:0:834331912,1d3634211620918116d80148d7aab49e:0:1041751146,10,1.7167919799498748,0,0,0,0,0,0,512,8,0,512,6,0,278,0,0,234,8,0,512,0.21179813146591187,185.62600708007812,116,0
1488,A,288,-5.017245712224394e-05,0.03284713253378868,nan,nan,512,0,-5.017245712224394e-05,0.03284713253378868,all_rows,512,0,0.0015384680591523647,0.1080078125,-0.0024976202053949236,0.0005359745293390006,0.12157082796329632,8a837a79f6b84207be731fa9b03d3167:0:0,1e539fa000bd1bff76af1e58654d9403:0:0,06f66b03225e9e28707c7c6232872f3b:0:0,c8d1458b67ac35caf99981f79442c046:0:824130811,464788668a2cc318b61d5331be97423f:0:3230922797,10,1.719298245614035,0,0,0,0,0,0,512,7,0,512,5,0,285,0,0,227,7,0,512,0.20921902358531952,186.7628173828125,115,0
1489,A,289,-0.0006538042798638344,0.03348850831389427,nan,nan,512,0,-0.0006538042798638344,0.03348850831389427,all_rows,512,0,0.010119091719388962,0.0505859375,-0.0006797626381739974,0.0005475406927871518,0.10479347198270261,4cd0529127d14c67bedf3c38f119fd67:0:0,4a90cb306a928d2324c93aa3febebfb3:0:0,fbff1a76e9d232b4055e3d7ac4a7dc32:0:0,2b843734a6a6d1a3ebc083532dd1c446:0:2037387565,e45f95ae84157fef8499545ec31fb1aa:0:1667299363,10,1.7218045112781954,0,0,0,0,0,0,512,6,0,512,4,0,273,0,0,239,6,0,512,0.21476976573467255,186.3616943359375,120,0
1490,A,290,-0.0014076604275032878,0.03533288091421127,nan,nan,512,0,-0.0014076604275032878,0.03533288091421127,all_rows,512,0,0.0005370962899178267,0.08359375,-0.004334315843880177,0.0006204176665050909,0.10769209801219404,6cd428debb35f48e3596b33e9936c967:0:0,af24a0a262b4971748382893a01d9a6d:0:0,969c498d8abb0c50ac763350af5a16b6:0:0,dd34af8c2f4c1db0469245e1d320c846:0:1305795576,8c37074e7bf1083668854cac25af22b2:0:1271645520,10,1.7243107769423558,0,0,0,0,0,0,512,9,0,512,6,0,307,0,0,205,9,0,512,0.2035861760377884,184.48831176757812,105,0
1491,A,291,0.0031353523954749107,0.036418814212083817,nan,nan,512,0,0.0031353523954749107,0.036418814212083817,all_rows,512,0,0.011438721790909767,0.07421875,0.003040509112179279,0.0006538993882713839,0.10614482202799991,8800c48dfa802c60d8e4a706a8939567:0:0,0015c05ba8cd0b4482dd0e6290078b13:0:0,74e5c4f9477be91b1ab9ef3397279a26:0:0,281022e8dcc151cb6d67dd27842fcc46:0:1666276863,1fa3ba9a9eebf43180581a356ea09ea7:1:759166785,10,1.7268170426065161,0,0,0,0,0,0,512,3,0,512,4,0,285,0,0,227,3,0,512,0.20474740862846375,184.4411163330078,104,0
1492,A,292,0.003482172731310129,0.033534158021211624,nan,nan,512,0,0.003482172731310129,0.033534158021211624,all_rows,512,0,0.010303930379450321,0.051953125,-0.0010825499892234802,0.0005624370562145487,0.11015010997653008,df03df1ef7ee799a0ba379dd1f306167:0:0,78147d3407b31d785751b9d8d56a5120:0:0,078f9b54a12c5cb726fc36597f5ab8d7:0:0,882e4bc119e74df4d9de1ca840fed046:0:1447454572,4c30f6d79d4961b7c85bae58539195e1:1:512413837,10,1.7293233082706767,0,0,0,0,0,0,512,8,0,512,8,0,268,0,0,244,8,0,512,0.20709100365638733,182.9014892578125,102,0
1493,A,293,-0.001083072042092681,0.03330770134925842,nan,nan,512,0,-0.001083072042092681,0.03330770134925842,all_rows,512,0,0.007897939532995224,0.0814453125,-0.0018921885173767805,0.0005465131776873023,0.10784434503875673,f19baa5c739bf560a93cce0dfd0d2d67:0:0,7a1dba80cadf75a273f23a4c177f4466:0:0,0c52f7d6bf035856a1cdfa42dfe8ca03:0:0,77f0ffaa14949bf81fd597e8098dd446:0:3905584627,8358452cb2c99700f1ef71582bbf6fbe:1:2574710974,10,1.731829573934837,0,0,0,0,0,0,512,5,0,512,7,0,278,0,0,234,5,0,512,0.21767127513885498,183.91461181640625,123,0
1494,A,294,-5.3367752116173506e-05,0.03660443052649498,nan,nan,512,0,-5.3367752116173506e-05,0.03660443052649498,all_rows,512,0,0.004498152993619442,0.05859375,-0.002086706575937569,0.0006658186961431056,0.10821456299163401,c920689e7ec8031fd1a985e54229f967:0:0,d2f03a351e1a26dca660a5251c0330b4:0:0,2dd076bb63a4c704e9a3d17399064beb:0:0,d450b8f1cc27ecd4f172a26adddcd846:0:282384527,a03c10ec1e107cdd1e2628833a31b983:0:1864638917,10,1.7343358395989976,0,0,0,0,0,0,512,8,0,512,1,0,259,0,0,253,8,0,512,0.2185036838054657,183.3609619140625,126,0
1495,A,295,-0.002563388552516699,0.03860996663570404,nan,nan,512,0,-0.002563388552516699,0.03860996663570404,all_rows,512,0,0.003112576901912689,0.040234375,-0.0008399242768064141,0.0007349047489697113,0.10936198302078992,d1a78aae1a79be9eb571c3aeee86c567:0:0,9db232a9631edbee6b7c5d2fe4998e40:0:0,c3fbfe51ca7093d65c6a25ca3e0b5016:0:0,dfd9fd1947f711e7231d4fb4bdebdc46:0:2305121268,08d4d0524301c9a9281f2df28e0a8158:0:1211301736,10,1.736842105263158,0,0,0,0,0,0,512,7,0,512,4,0,287,0,0,225,7,0,512,0.2213956117630005,184.402099609375,106,0
1496,A,296,-0.0005305184167809784,0.03618144989013672,nan,nan,512,0,-0.0005305184167809784,0.03618144989013672,all_rows,512,0,0.005378214176744223,0.059375,0.0007628303486853838,0.0006522267765831202,0.10657255596015602,1f56067d4ecb215861ace9b702239167:0:0,eade6f0f58a37f3d964ca91437b5fc58:0:0,90ce05f56ada04ed70dc99df6fe97542:0:0,a249a228021e71ceaf817349a9bae046:0:1638638737,ebea07fe0b1474d41fbfbfb4071504dc:1:359535235,10,1.7393483709273183,0,0,0,0,0,0,512,3,0,512,6,0,271,0,0,241,3,0,512,0.23241592943668365,185.12570190429688,119,0
1497,A,297,-0.0014709727838635445,0.03391163423657417,nan,nan,512,0,-0.0014709727838635445,0.03391163423657417,all_rows,512,0,0.004559792578220367,0.028515625,-0.0013318534940481186,0.0005693445928045548,0.10373176098801196,fa3ba5c67827df138c019a497d005d67:0:0,ec9c95d9f3247eb15f8ca80614a9be9f:0:0,57f5f9b9c11823f34a9e980556dae18b:0:0,2fe0d2855334f917bb8ea0ada149e446:0:2855439822,053f93e3ef9a6064c8131c0967f9f590:0:1721124853,10,1.7418546365914787,0,0,0,0,0,0,512,5,0,512,10,0,263,0,0,249,5,0,512,0.242568701505661,184.47801208496094,114,0
1498,A,298,0.0005694962455891073,0.031179076060652733,nan,nan,512,0,0.0005694962455891073,0.031179076060652733,all_rows,512,0,0.0039972770027816296,0.06640625,-0.0038396748481318355,0.0004854727172642015,0.10522887000115588,8e27e384c7cbf9ba5ea5b7b25f1d2967:0:0,2ee9e2fe14319024f7814d0ffefbae2a:0:0,c38d44fb5e6085643bd955fbcec45dd6:0:0,327590b86b6886a29a782b64a498e846:0:3997860059,c1159471b30d78c0113eac27a7bbf4de:1:945165494,10,1.744360902255639,0,0,0,0,0,0,512,8,0,512,5,0,268,0,0,244,8,0,512,0.2464042454957962,184.80763244628906,128,0
1499,A,299,-0.0022991306614130735,0.03559327498078346,nan,nan,512,0,-0.0022991306614130735,0.03559327498078346,all_rows,512,0,0.0035497196950018406,0.0671875,-6.982510676607489e-05,0.0006169360800413415,0.10451911797281355,ac92931734ce0c72445e643da879f567:0:0,bba337e8d5e4c18538e7b30ae6c29f2b:0:0,f4a06c6fbaf86147fba3b2506a2eed43:0:0,cab162232586d3cbd1b526f2b3a7ec46:0:288646536,90d52b059f5cb4e57b4723940ec5ae53:0:421106091,10,1.7468671679197993,0,0,0,0,0,0,512,7,0,512,6,0,292,0,0,220,7,0,512,0.24548020958900452,184.8497772216797,113,0
1500,A,300,0.001969638979062438,0.03470185026526451,nan,nan,512,0,0.001969638979062438,0.03470185026526451,all_rows,512,0,0.011406281031668186,0.03203125,-0.0018318612594157458,0.0005805741879157722,0.10627128602936864,b42efbbe5b014df3b48002375916c167:0:0,bca2517b7e17978fc1ba2d22efe2d8ee:0:0,424158a04777c97b2f7cc12acded6c29:0:0,759db17fc076d8541d0066dbce76f046:0:1879130259,96c9ae63170572930c5818d495702823:1:3155405525,10,1.74937343358396,0,0,0,0,0,0,512,3,0,512,5,0,266,0,0,246,3,0,512,0.24171105027198792,184.6337890625,120,0
1501,A,301,-0.015081914141774178,0.04378213733434677,nan,nan,512,0,-0.015081914141774178,0.04378213733434677,all_rows,512,0,0.0020111165940761566,0.0287109375,-0.004322420665994286,0.0008053576806560159,0.10338235198287293,f34f4f0504fb4a21feee33eb70f38d67:0:0,dc0c252267401ce7fbfa09978b87cf1b:0:0,3ad155a4ebbea561e1cb46da50c09b08:0:0,fd4c679d4ba6aa0872587ea3f505f446:0:505950845,86d60dc6bc95a07ba7ec5656fb82782f:0:596372522,10,1.7518796992481203,0,0,0,0,0,0,512,6,0,512,4,0,280,0,0,232,6,0,512,0.22200030088424683,183.17523193359375,102,0
1502,A,302,0.0003093673149123788,0.034371111541986465,nan,nan,512,0,0.0003093673149123788,0.034371111541986465,all_rows,512,0,0.006543842144310474,0.046484375,-0.00489319977350533,0.0005572852736804634,0.10834098799386993,3f2068825e8952e3181bdba5f0105967:0:0,cdbd7090cd523c70e4d4a82c3e5f1507:0:0,3ea3fa238acab2b40e640c3738578981:0:0,86db2a8a52f1d82a05ffc1cf2754f846:0:3134361654,dae1256e35f41e467ea73b579b25425a:0:410576571,10,1.7543859649122808,0,0,0,0,0,0,512,5,0,512,6,0,273,0,0,239,5,0,512,0.22422553598880768,182.9092559814453,92,0
1503,A,303,-0.0013665097067132592,0.029631074517965317,nan,nan,512,0,-0.0013665097067132592,0.029631074517965317,all_rows,512,0,0.005542807746678591,0.0869140625,-0.002619384229183197,0.0004361495390185155,0.10681314003886655,093a99440ce1a837650b1bb2d66d2567:0:0,8066946cd43ed250b84e9f29f29e494d:0:0,28dd3e3d76e167ddf16fac9d94c73cf4:0:0,7800a911168442964e7c43e16563fc46:0:3483302720,b799a260d949d3674eed5973ffb1247e:1:3633919943,10,1.7568922305764412,0,0,0,0,0,0,512,4,0,512,5,0,281,0,0,231,4,0,512,0.21313519775867462,182.82362365722656,104,0
1504,A,304,-0.000682578538544476,0.037783537060022354,nan,nan,512,0,-0.000682578538544476,0.037783537060022354,all_rows,512,0,0.004256824031472206,0.09765625,-0.005649671913124621,0.0007086759826052003,0.10446941299596801,fe4be10da9dc5791874d565e2409f167:0:0,44d3dc9ecb48e4365517e22c8845e79c:0:0,06005e7268d76b431ec00e092528b8d8:0:0,1e85521c5b3d6caf0897d85eaf330046:0:3526108436,38d913d66d86eee68b501050d227b724:1:1728761380,10,1.7593984962406015,0,0,0,0,0,0,512,4,0,512,2,0,290,0,0,222,4,0,512,0.21476376056671143,183.13682556152344,107,0
1505,A,305,-0.0044764308258891106,0.037740305066108704,nan,nan,512,0,-0.0044764308258891106,0.037740305066108704,all_rows,512,0,0.007929593324661255,0.0501953125,-0.0019443039549514652,0.000698663291404955,0.10511250601848587,32fa637a5f7fd26e29032df3d8e6bd67:0:0,9cce5adc83a9b9b8dfaffa2dbba0d534:0:0,f67260f338734ce0a15fd81e1b1cd82b:0:0,a83bd54fa0184c023b6012cb04c20446:0:3777574546,629f8002ea9b3519d4f62c48a8f4c587:1:1878040246,10,1.7619047619047619,0,0,0,0,0,0,512,6,0,512,5,0,289,0,0,223,6,0,512,0.2001570612192154,183.80477905273438,110,0
1506,A,306,0.0007777154678478837,0.03696874529123306,nan,nan,512,0,0.0007777154678478837,0.03696874529123306,all_rows,512,0,0.006074227392673492,0.0427734375,-0.0050420727580785755,0.000668688616133295,0.10498864203691483,1ecb1eeca12d3c2bc8dc84bff5038967:0:0,b3d6f562688301174f7eb92af8d11051:0:0,060c77c8af9f1924294dd126abcfbd6f:0:0,fe01cbd1451b92b23c2646aa66110846:0:2219776758,c0e0189730837d896e7c250d2682df20:1:1033508353,10,1.7644110275689222,0,0,0,0,0,0,512,6,0,512,4,0,280,0,0,232,6,0,512,0.1925472468137741,185.23806762695312,120,0
1507,A,307,-0.004468852654099464,0.03578228875994682,nan,nan,512,0,-0.004468852654099464,0.03578228875994682,all_rows,512,0,0.0033874083310365677,0.0400390625,-0.004914182052016258,0.0006288800796028227,0.10394824098329991,2718ef173fb86f2286187d0e78605567:0:0,cb33665fc17412563e86f96e145f7a8a:0:0,8086cdecbc598fe85b236368b6400079:0:0,63c5edf8f056759db27f8780d3200c46:0:1987697617,bb127f11d0655934cd135a61b5781dc9:0:2512491637,10,1.7669172932330826,0,0,0,0,0,0,512,4,0,512,6,0,278,0,0,234,4,0,512,0.19677530229091644,186.47470092773438,105,0
1508,A,308,0.00035687314812093973,0.03371994569897652,nan,nan,512,0,0.00035687314812093973,0.03371994569897652,all_rows,512,0,0.0003492514370009303,0.0181640625,0.0009603558108210563,0.0005649603146594018,0.1043963769916445,4d3ab4ca55b7b8fbec85792b62fd2167:0:0,467d7a861ba66404e56475350027480e:0:0,60396949df97bbcafd04933a97ac66c0:0:0,464744483d6dee479c44a8d24bef1046:0:2130767105,430b057bc48edb92a7119247439052c6:0:2304042010,10,1.7694235588972431,0,0,0,0,0,0,512,4,0,512,5,0,268,0,0,244,4,0,512,0.20477943122386932,187.41783142089844,128,0
1509,A,309,-0.00029654637910425663,0.031989432871341705,nan,nan,512,0,-0.00029654637910425663,0.031989432871341705,all_rows,512,0,0.010299134999513626,0.0826171875,-0.005526591348461807,0.0005066944882855751,0.10592901898780838,ba1d188dc9574e4ac0811b62b4d9ed67:0:0,30787a47fb9b6889760c4972c82b80af:0:0,11449b7ee7b9c0ccf4b0ea9eb806980b:0:0,48f7cfc7843e787f51923e22d07e1446:0:453920345,09df23c3b8be56ec88b8b1dcc0d5e68d:1:1616503943,10,1.7719298245614035,0,0,0,0,0,0,512,5,0,512,3,0,271,0,0,241,5,0,512,0.1957097202539444,187.54696655273438,105,0
1510,A,310,-0.0003219668287783861,0.033928073942661285,nan,nan,512,0,-0.0003219668287783861,0.033928073942661285,all_rows,512,0,0.005468585528433323,0.042578125,-0.002780258096754551,0.0005681464070221409,0.10764037602348253,660cc57260fc7562caf846006df6b967:0:0,901b9c0a98006b92ed3a4e02365f7be4:0:0,a1af466c69def7add50178c761afb539:0:0,5ee5379443164bc888c89af660cd1846:0:3064405420,8bca1d44815156414299b341c8015995:0:1381237749,10,1.774436090225564,0,0,0,0,0,0,512,4,0,512,5,0,291,0,0,221,4,0,512,0.2149154245853424,189.34088134765625,111,0
1511,A,311,0.0030985469929873943,0.03403022512793541,nan,nan,512,0,0.0030985469929873943,0.03403022512793541,all_rows,512,0,0.005132041871547699,0.054296875,-0.0035450880881398917,0.000574701618461404,0.10616275999927893,04792d61a8046870a5671b508e538567:0:0,84350a72b13ce424a7fc563bc845c951:0:0,4fc029628bb1f7296c02aa13aeb32225:0:0,6c831f22790c10835a8bd2d0fcdc1c46:0:3120666790,62d3ee86fdf85b2e8dc6e7f9bf61b856:0:2581821679,10,1.7769423558897244,0,0,0,0,0,0,512,2,0,512,4,0,274,0,0,238,2,0,512,0.19975125789642334,191.25669860839844,121,0
1512,A,312,0.0008391384617425501,0.037421733140945435,nan,nan,512,0,0.0008391384617425501,0.037421733140945435,all_rows,512,0,0.002503737574443221,0.0560546875,-0.0007178493775427342,0.0006994671479333192,0.10358522401656955,b055e81420eaeed185d8fd9f15f05167:0:0,10bd17560dae27accdf0fc51b6435f3d:0:0,b10301a42abf2179ebb454ba8bd77b87:0:0,896ce265fcf610d445c3b936a4ab2046:0:3591851044,a7c7241c71e7b4f0214d7eb6e42dfe76:0:1430971685,10,1.7794486215538847,0,0,0,0,0,0,512,6,0,512,6,0,260,0,0,252,6,0,512,0.198556050658226,190.22535705566406,102,0
1513,A,313,0.0010763156460598111,0.035024549812078476,nan,nan,512,0,0.0010763156460598111,0.035024549812078476,all_rows,512,0,0.0038669502828270197,0.044140625,-0.0029744904488325117,0.0006113090552389622,0.10313644801499322,9db189b48224adab0ae88f3804cd1d67:0:0,3534b3f4275bc2e0abe357a9db4f30c9:0:0,7b8fb5fadce3990bdc9566eadc13008c:0:0,646f92cc9d85e54c339be1ab583a2446:0:3756033323,5e28f4b74d2d8b0687b8b0a54a5d8db5:0:3758974899,10,1.781954887218045,0,0,0,0,0,0,512,3,0,512,7,0,290,0,0,222,3,0,512,0.2110668420791626,191.5853729248047,115,0
1514,A,314,0.0004779669106937945,0.031101953238248825,nan,nan,512,0,0.0004779669106937945,0.031101953238248825,all_rows,512,0,0.0033690864220261574,0.0525390625,-0.0011071678716689348,0.0004803912219358608,0.1028110749903135,575c6615faf92fc307bfb2675ae9e967:0:0,526d9bb40783b5cd11979c724267f308:0:0,c89f7a129fcdc7430d6eea2f393ee21e:0:0,752931a5970c9d507b839fb317892846:0:70101168,fce5327ab3430ce8aec4bfd43ff49cce:1:2755861341,10,1.7844611528822054,0,0,0,0,0,0,512,5,0,512,1,0,269,0,0,243,5,0,512,0.2085549533367157,190.5339813232422,113,0
1515,A,315,-0.0011998009867966175,0.03362042084336281,nan,nan,512,0,-0.0011998009867966175,0.03362042084336281,all_rows,512,0,0.0070665143430233,0.021484375,-0.0002462197095155716,0.0005641005511279218,0.10489422403043136,d3501942bda8a497501789791846b567:0:0,e54610ac0497c810458c94ded8e2e521:0:0,180c4e867aa7a31a8d7717c6bec25e9a:0:0,79074a46ab6b6342e72e06d1e2982c46:0:667761682,1a866565bbb2fc9b925d3bd74890842e:1:3592646010,10,1.7869674185463658,0,0,0,0,0,0,512,6,0,512,7,0,276,0,0,236,6,0,512,0.2100783884525299,192.84774780273438,125,0
1516,A,316,-0.002378324046730995,0.0318426638841629,nan,nan,512,0,-0.002378324046730995,0.0318426638841629,all_rows,512,0,0.002465330995619297,0.0654296875,-0.008826636511366814,0.0005041930009610951,0.10725002596154809,f531de074c2956b5843876b93ce38167:0:0,4ffefe37cd1d958fe543affa257348e3:0:0,cd8b05ce5429d374e45ce57559ae09da:0:0,212d37f2e8b49c69b691ea8bb9673046:0:798473437,331e1f9a78d4aac48da51293dda2aad2:1:23849904,10,1.7894736842105263,0,0,0,0,0,0,512,7,0,512,11,0,285,0,0,227,7,0,512,0.20002269744873047,194.6283721923828,102,0
1517,A,317,-0.001117034233175218,0.03799073025584221,nan,nan,512,0,-0.001117034233175218,0.03799073025584221,all_rows,512,0,0.003379678353667259,0.022265625,-0.0002882002387195826,0.0007219184655696154,0.10895621200324968,f305b6fe44c8d952dcfa1c73c8c04d67:0:0,75162997b1614c8bfac09b8d016a65bf:0:0,8f9db35a1f53eeaf453372f0f8f2751a:0:0,bf89913aeb018497a3e9de649bf63446:0:2663178735,7b8b69e14f5b207392377312ee29b06f:1:2244624499,10,1.7919799498746867,0,0,0,0,0,0,512,3,0,512,4,0,276,0,0,236,3,0,512,0.20123039186000824,196.22467041015625,111,0
1518,A,318,0.0023251057136803865,0.03456542640924454,nan,nan,512,0,0.0023251057136803865,0.03456542640924454,all_rows,512,0,0.017127448692917824,0.1080078125,-0.0063902328023687,0.00059452494897414,0.10909776302287355,8437367fabfced23f7c35cf4bbdd1967:0:0,7a6ce2cee648cab6fd12ebeca2b9822a:0:0,4c535d09cda88169113639c1b27479d4:0:0,16e2644226004593e7b435e08a453846:0:2945102477,94fe0a28212cabe8ed230b7260018768:1:3523832164,10,1.7944862155388472,0,0,0,0,0,0,512,4,0,512,3,0,255,0,0,257,4,0,512,0.1954377442598343,196.6175994873047,111,0
1519,A,319,-0.002475180197507143,0.03593341261148453,nan,nan,512,0,-0.002475180197507143,0.03593341261148453,all_rows,512,0,0.008815075270831585,0.1041015625,-0.005706258025020361,0.0006318465806543827,0.1050623589544557,d5be45b5f0b01c74a28a5a881639e567:0:0,28daa32bece08de8b1fa8dc1a6cbc24c:0:0,64340da326a9b3101dcef7fcfa66e3e2:0:0,1fa1250882be8a423cb3048384543c46:0:138814531,19c23465c37e6e0ecd785ef73f07b554:1:1800595882,10,1.7969924812030076,0,0,0,0,0,0,512,4,0,512,5,0,283,0,0,229,4,0,512,0.2130557894706726,195.11988830566406,114,0
1520,A,320,-0.0030700829811394215,0.033542804419994354,nan,nan,512,0,-0.0030700829811394215,0.033542804419994354,all_rows,512,0,0.006232303101569414,0.022265625,-0.0010708635672926903,0.0005547164168092422,0.10631178395124152,f69aaafa28560e7fa7d47779d7d6b167:0:0,6fe31b16b866c95159870d71562b15e4:0:0,d21fdb0e4ebc31c9387d112a34402fab:0:0,8569688b5e348d8ae3ec1dd18a234046:0:1779164902,19f911a85b8266f1736b0bbc06e114e2:0:1303005288,10,1.799498746867168,0,0,0,0,0,0,512,4,0,512,7,0,286,0,0,226,4,0,512,0.2236441969871521,194.8740692138672,112,0
1521,A,321,0.008492623455822468,0.03933326154947281,nan,nan,512,0,0.008492623455822468,0.03933326154947281,all_rows,512,0,0.015029353089630604,0.0453125,-0.0018342806026339531,0.0006787224381696432,0.10429418098647147,d5683b78401392069ab6561600b37d67:0:0,9cc5923355f7e70b5f3ded8a0ab970f6:0:0,10942c609f49c8d952c04b2c17c8aa38:0:0,c3c8c544b514a502a8a9154e9bb24446:0:3490328230,4d65860f126ce8f6090c208171efb237:0:1800939661,10,1.8020050125313283,0,0,0,0,0,0,512,0,0,512,4,0,280,0,0,232,0,0,512,0.23147842288017273,194.33847045898438,114,0
1522,A,322,0.004901785869151354,0.03045310080051422,nan,nan,512,0,0.004901785869151354,0.03045310080051422,all_rows,512,0,0.01049804501235485,0.0451171875,-0.0024358702823519705,0.0004586566516081803,0.10977736802306026,01a79bfb20465f29a2d3d8a890d04967:0:0,534442816fba640769fc3dda2762dbb0:0:0,ac416b1615595306ab1a214bf6408ca5:0:0,0652734309634752e4773e7eb9014846:0:1897047710,3419a1e68487d66e4a3872c47b77da83:1:1735127310,10,1.8045112781954886,0,0,0,0,0,0,512,3,0,512,6,0,255,0,0,257,3,0,512,0.21837690472602844,193.8860626220703,137,0
1523,A,323,-0.006351388059556484,0.03574381023645401,nan,nan,512,0,-0.006351388059556484,0.03574381023645401,all_rows,512,0,0.0008849652949720621,0.0396484375,-0.003248829673975706,0.000621116065303795,0.10940177901647985,38c4389fffb8907f4860217d882d1567:0:0,11b96d45b4708050513e8d4202776d4d:0:0,ceeb467a5349866bd75564144ae5461c:0:0,35fe8bc84e5b8e618327ace5e2104c46:0:289257161,2c6f68e49d0eddc268252c235135d6a7:0:1822984520,10,1.807017543859649,0,0,0,0,0,0,512,4,0,512,5,0,280,0,0,232,4,0,512,0.21131159365177155,195.320556640625,114,0
1524,A,324,0.0030946701299399137,0.030832502990961075,nan,nan,512,0,0.0030946701299399137,0.030832502990961075,all_rows,512,0,0.0011050881585106254,0.0337890625,-0.003491162322461605,0.0004555697669275105,0.11451390298316255,5f1fab0f63cbd36c401d92e0e6c9e167:0:0,922a1d5f50a2ca0248dbac9058ed5390:0:0,1bd32a973bfd6c46d272ef23f53a1496:0:0,d66b1211e724353906cf340816df5046:0:556846991,65142243e6338042ba5037ffac6f1647:0:776667887,10,1.8095238095238095,0,0,0,0,0,0,512,2,0,512,7,0,281,0,0,231,2,0,512,0.20845219492912292,195.96656799316406,99,0
1525,A,325,-0.0006041832966729999,0.03437624126672745,nan,nan,512,0,-0.0006041832966729999,0.03437624126672745,all_rows,512,0,0.002929448150098324,0.013671875,-0.0008315831189975142,0.0005837158954818733,0.10970611195079982,e7bd22b98ae84fbb375dcf1eaca6ad67:0:0,ea2497c3b70da4c092443e4d0b60fe37:0:0,8ad2e6626cd2be82d9234dde16a7f948:0:0,6d643c9f84d911b08bc66769576e5446:0:1994964700,97bc3fc0eb29435527dfae476146c5ef:0:1012104245,10,1.8120300751879699,0,0,0,0,0,0,512,4,0,512,7,0,278,0,0,234,4,0,512,0.21360571682453156,197.1039581298828,106,0
1526,A,326,-0.004521952476352453,0.035815026611089706,nan,nan,512,0,-0.004521952476352453,0.035815026611089706,all_rows,512,0,0.00980448815971613,0.0556640625,-0.0037632548599503936,0.0006263489281991497,0.10258707596221939,e0cc8a733e7b4674a001b882d9c37967:0:0,d23035b47cfbb3c43fb469533b3bfe75:0:0,b1738fe3bd8515cdc7fd3b76b0fb8aeb:0:0,11a1c802706d09d3cca99a8da3bd5846:0:1573946664,5a1408033ada65b0f5450c866024d3db:1:4208570045,10,1.8145363408521304,0,0,0,0,0,0,512,5,0,512,4,0,264,0,0,248,5,0,512,0.20474478602409363,198.923828125,110,0
1527,A,327,0.0038184155710041523,0.033827271312475204,nan,nan,512,0,0.0038184155710041523,0.033827271312475204,all_rows,512,0,0.012462437152862549,0.0884765625,-0.003011199715547264,0.0005460033979034051,0.10290501295821741,e78d1aaf49d167f67c7971596e204567:0:0,ae658444e95427a889e08555ca98a65b:0:0,dd4935c054d8a4dfe17e29d9f99f1fae:0:0,56b071f28ce8850b2658e0f8fbcc5c46:0:650800007,cb39273fcf2513c5af0cc16a317375a0:0:2039840661,10,1.8170426065162908,0,0,0,0,0,0,512,7,0,512,4,0,271,0,0,241,7,0,512,0.22641076147556305,199.7838592529297,108,0
1528,A,328,-0.0010102984961122274,0.03637891635298729,nan,nan,512,0,-0.0010102984961122274,0.03637891635298729,all_rows,512,0,0.00032913172617554665,0.0603515625,-0.004507987573742866,0.0006525402335682884,0.1034109320025891,3209c7701318e14c2bc45bee69bd1167:0:0,334ac75402ea082b83d474529b6f5fde:0:0,a46d92bc2453a3dfea6f928d63249bbb:0:0,0749151a1e8859039bf80e2f5f9b6046:0:3461909914,4853d34331fad285c8d12263be0c930c:1:2422366240,10,1.8195488721804511,0,0,0,0,0,0,512,8,0,512,5,0,298,0,0,214,8,0,512,0.20512543618679047,201.76547241210938,97,0
1529,A,329,0.003328222781419754,0.03367440402507782,nan,nan,512,0,0.003328222781419754,0.03367440402507782,all_rows,512,0,0.0063357665203511715,0.0294921875,0.00015597720630466938,0.0005415346182417125,0.10307761799776927,b04f84ec13d720c635711a8dcc99dd67:0:0,672cbdb3a0c5e8e7e8f7929d3cd5e68d:0:0,db57d9e9e1a17703411a554ef5574930:0:0,e8a23bbd23413256daeeb5b4cf2a6446:0:2468577915,f07e8013aa2137227d060859abefe1bd:0:3616048288,10,1.8220551378446115,0,0,0,0,0,0,512,6,0,512,4,0,278,0,0,234,6,0,512,0.20756188035011292,202.38401794433594,108,0
1530,A,330,-0.005194373894482851,0.03503650426864624,nan,nan,512,0,-0.005194373894482851,0.03503650426864624,all_rows,512,0,0.0035936059430241585,0.022265625,-0.0014984616776928306,0.0005775635872851126,0.1047273519798182,082db5bf2e1e51d2159d8f8396b6a967:0:0,4ac0cdff727488027dca32c44bd036ee:0:0,e5bf7e2cc9d72857241eddb43ecbf8af:0:0,04556114c92b78f33ee82b0d4a796846:0:2640225548,7caa2024bb8d1fe7b442f266da2485e0:0:3277009935,10,1.8245614035087718,0,0,0,0,0,0,512,11,0,512,4,0,276,0,0,236,11,0,512,0.2113061249256134,201.35536193847656,93,0
1531,A,331,-0.00021936811390332878,0.034833136945962906,nan,nan,512,0,-0.00021936811390332878,0.034833136945962906,all_rows,512,0,0.0032700803130865097,0.0484375,-0.0017701447010040282,0.000599935466016177,0.10429491201648489,e59439621bce901208f6dd1bc8137567:0:0,458cee72456f70e8bd6e300a4ae8b51b:0:0,0a873b1f53b8651a07be704e625754d1:0:0,9efe7eeb4f5bb043d5d381bcd1886c46:0:2940053432,f1bd9579ed7b387f2634644fd7604539:0:2023691107,10,1.8270676691729322,0,0,0,0,0,0,512,6,0,512,1,0,285,0,0,227,6,0,512,0.2133135348558426,203.46775817871094,85,0
1532,A,332,0.0025972905568778515,0.039464619010686874,nan,nan,512,0,0.0025972905568778515,0.039464619010686874,all_rows,512,0,0.0022989180870354176,0.00703125,0.0004598378203809261,0.0007364487333688885,0.10792367102112621,cd788180752ed1b4d8b965a260b04167:0:0,8a6a589fe36d3214c37d650772f5baba:0:0,8f04bf8d99a4fcbf93b5e07da0b7c6b5:0:0,fb8aeeb85dab531863e38d4764577046:0:1638240252,4ad8a0fb1456351ce99229740b878030:0:1833642194,10,1.8295739348370927,0,0,0,0,0,0,512,3,0,512,3,0,288,0,0,224,3,0,512,0.21297530829906464,205.34823608398438,105,0
1533,A,333,-0.0018473764648661017,0.03333607316017151,nan,nan,512,0,-0.0018473764648661017,0.03333607316017151,all_rows,512,0,0.0061496407724916935,0.0359375,-0.00039632078260183335,0.0005200705127208494,0.10425312700681388,5913d0a50c29890da6b0cb63608d0d67:0:0,e8f9e48f73d21845ff2e424de8ea7f42:0:0,32a35e80c7f54d06bd0d39e207e24dc4:0:0,41fc13319ff62b4d678ee13102e67446:0:1594566258,d72b531d2c89bf3f097a1697b756de4b:0:2318161118,10,1.832080200501253,0,0,0,0,0,0,512,5,0,512,3,0,273,0,0,239,5,0,512,0.21019895374774933,206.91966247558594,102,0
1534,A,334,-0.00036906677996739745,0.030939601361751556,nan,nan,512,0,-0.00036906677996739745,0.030939601361751556,all_rows,512,0,0.0015022354200482368,0.09375,0.00861407364718616,0.00047365510545205325,0.10305867600254714,82884c939978fd6bb937f0aac7a9d967:0:0,edfcf7c3090fc892924dfa1aa07afcae:0:0,ddee525dcc59386f737ab7b4be358a8f:0:0,3ff2b0f7315025341d8fd0fdad357846:0:3135522042,917c714205f41f0add3ace8c53cd6bb3:1:3848509259,10,1.8345864661654137,0,0,0,0,0,0,512,4,0,512,3,0,269,0,0,243,4,0,512,0.2250613123178482,206.85414123535156,110,0
1535,A,335,0.0016288902843371034,0.034570761024951935,nan,nan,512,0,0.0016288902843371034,0.034570761024951935,all_rows,512,0,0.001629516133107245,0.075,0.003475117986090481,0.0005923848410020582,0.10319022601470351,81c8e285f90f5b324738f7c49606a567:0:0,f76e2a0874fa6f1e7b11a2f2460a9109:0:0,5bb25f3ada94356e5dabe85674c29e73:0:0,2d6952b723b79eba84e4703163447c46:0:1603613092,700925e4731e2e0c37a71c81bcfb4cca:0:4267060324,10,1.837092731829574,0,0,0,0,0,0,512,4,0,512,7,0,282,0,0,230,4,0,512,0.225469172000885,206.3116455078125,108,0
1536,A,336,0.0008392687886953354,0.034320537000894547,nan,nan,512,0,0.0008392687886953354,0.034320537000894547,all_rows,512,0,0.0028474251739680767,0.0392578125,-0.00047607021406292915,0.0005889182881219313,0.10768807999556884,a8411b6273067b30442d42fccba37167:0:0,3018a346053f902a6fcf1feed4c16d8b:0:0,a4900777a4c80ac166d363a6a6e21210:0:0,14568ed730c8325362ce925025138046:0:2880749796,f8b099830f4641947aa9a8211393c78b:1:140822152,10,1.8395989974937343,0,0,0,0,0,0,512,3,0,512,2,0,273,0,0,239,3,0,512,0.2302124798297882,205.57943725585938,108,0
1537,A,337,8.192885434255004e-05,0.030905354768037796,nan,nan,512,0,8.192885434255004e-05,0.030905354768037796,all_rows,512,0,0.00841714907437563,0.0705078125,-0.0027647501323372126,0.00047510985023109243,0.10652426700107753,ba6de9dfce6361382c1d749f68803d67:0:0,c14d8d981b5cb6324c2d98aa96d3d80d:0:0,90cf0d8fc606115be282f22c4570ea00:0:0,da4382675ff1fd9e46d3caddf2a28446:0:1092807349,387a0e91663b00600740d67fea40d175:1:1146420459,10,1.8421052631578947,0,0,0,0,0,0,512,4,0,512,7,0,279,0,0,233,4,0,512,0.2238956242799759,206.92764282226562,100,0
1538,A,338,0.0008598254062235355,0.03510517254471779,nan,nan,512,0,0.0008598254062235355,0.03510517254471779,all_rows,512,0,0.003654811531305313,0.0740234375,0.0012998637277632952,0.0006153778507723473,0.10576987499371171,7f9f346b2af971f7cfa16ef86c9d0967:0:0,eef5a4c37626bac5605f54b43cc93e00:0:0,ddff7ea14d22f8f1c1e953d088f89507:0:0,22f756d42eb963cf8ebd6d5ecbf18846:0:2309769787,6d99976cb862527562f937471ae0ab28:0:1348414369,10,1.844611528822055,0,0,0,0,0,0,512,4,0,512,5,0,292,0,0,220,4,0,512,0.2324419468641281,205.95375061035156,104,0
1539,A,339,0.001578459283336997,0.032172951847314835,nan,nan,512,0,0.001578459283336997,0.032172951847314835,all_rows,512,0,0.0054717413149774075,0.0673828125,-0.0002777187153697014,0.0005121759546454996,0.10557525302283466,a8b36082dfb960101fe05453d7f9d567:0:0,487c74b37a9a22c0d0d7c80cb90923c1:0:0,1a3032f1ad3f798e82858626c30304b2:0:0,3eee2d8287834bd86a988d56b1008c46:0:2403117293,03335dd01e98f7b853910a5a29530de2:1:1352816522,10,1.8471177944862154,0,0,0,0,0,0,512,1,0,512,5,0,272,0,0,240,1,0,512,0.25148749351501465,204.89303588867188,101,0
1540,A,340,-0.0015092850662767887,0.035687848925590515,nan,nan,512,0,-0.0015092850662767887,0.035687848925590515,all_rows,512,0,0.004194722045212984,0.0177734375,-0.001939705852419138,0.0006354676355840638,0.11708405398530886,ce0a7518dab7d06cfa9086fdaa96a167:0:0,028d626be2af1d9b243ffe78d732edb6:0:0,5c2486566674e22d6cf0593c38c91667:0:0,032856339371da4ee0b5fe49a1cf9046:0:3818760314,a1af827ba3902a49e089a7908b7f843b:1:3945328558,10,1.849624060150376,0,0,0,0,0,0,512,6,0,512,2,0,277,0,0,235,6,0,512,0.22817935049533844,205.41456604003906,101,0
1541,A,341,0.009256637655198574,0.03899690508842468,nan,nan,512,0,0.009256637655198574,0.03899690508842468,all_rows,512,0,0.004986828193068504,0.0759765625,0.0012684366432949901,0.0006893770711030811,0.10823601897573099,226d856e4037b5dcf5f7a941e4736d67:0:0,f826ca059d859cdf196523e6f2e08c7f:0:0,7b8a8b113bd46c6bc37fb70a6ccb9d92:0:0,adb642c233d5a715d1aa53bb9e5e9446:0:792047974,caf2c8b689e4215343c1e028caff5639:1:3391590598,10,1.8521303258145363,0,0,0,0,0,0,512,6,0,512,2,0,280,0,0,232,6,0,512,0.23741289973258972,207.03294372558594,100,0
1542,A,342,-0.005936515051871538,0.0340392105281353,nan,nan,512,0,-0.005936515051871538,0.0340392105281353,all_rows,512,0,0.0036351734306663275,0.05078125,-0.00014337426982820035,0.0005628456390695646,0.10468206199584529,9b78fdb9460463e92cea9d6c85903967:0:0,8d9ff19c917a497eae6ba5fb79c927ea:0:0,3a699015d44a3621f68cb4ffe1cfc646:0:0,c6fe3c7fafb76ec4fc4de130a6ad9846:0:4003955853,8e2d39c64e9699b64d8ff18c1a085aea:0:1251203179,10,1.8546365914786969,0,0,0,0,0,0,512,4,0,512,2,0,288,0,0,224,4,0,512,0.2606884241104126,206.71658325195312,107,0
1543,A,343,-8.522835560142994e-05,0.03576835244894028,nan,nan,512,0,-8.522835560142994e-05,0.03576835244894028,all_rows,512,0,0.0016556454356759787,0.0126953125,-0.0009213912766426801,0.0006333323632134125,0.10543221497209743,bf7d1ec5886758ed0acd85c98ded0567:0:0,0fd5820c529fe6302da5d03ef1a01b00:0:0,578a4305be9ccabd8f8585572bf31e18:0:0,2ed27528e1fe3fd101bcba2cbabc9c46:0:1927671257,067994da5267134787ab1459ebb3b16e:1:3236511809,10,1.8571428571428572,0,0,0,0,0,0,512,5,0,512,8,0,271,0,0,241,5,0,512,0.2543608546257019,207.45489501953125,105,0
1544,A,344,0.002262500114738941,0.03462916240096092,nan,nan,512,0,0.002262500114738941,0.03462916240096092,all_rows,512,0,0.010843336582183838,0.0822265625,-0.002951517468318343,0.0005924871773459017,0.10512091201962903,0bff759e5605bf6e1793c4a4fd89d167:0:0,3e00e32b3f83fa6bf98bde93eb1b14d7:0:0,0a72e8ef5592dea1d45d16c5bf3b058d:0:0,21c8a720f4b623736956b233da8ba046:0:893951509,767f93639d3069d534d83672cb7b75aa:1:2992169978,10,1.8596491228070176,0,0,0,0,0,0,512,7,0,512,3,0,257,0,0,255,7,0,512,0.25702300667762756,208.18746948242188,125,0
1545,A,345,-0.0015670962166041136,0.03666664659976959,nan,nan,512,0,-0.0015670962166041136,0.03666664659976959,all_rows,512,0,0.002827760763466358,0.02734375,-5.4131029173731804e-05,0.000672023682272993,0.1056180780287832,06526831aff1a6b3c3bffc4ad4669d67:0:0,729a30f83b9347411e25a721912b8005:0:0,0a7de532b642362541cb59ff8d4bb5a9:0:0,eaa0165275fb4252a4bf5cca061aa446:0:2278729244,3d69564f09724171eec0a5c6ad3a74ba:1:1805100883,10,1.862155388471178,0,0,0,0,0,0,512,4,0,512,1,0,296,0,0,216,4,0,512,0.2511475384235382,206.130615234375,95,0
1546,A,346,0.00036227202508598566,0.03549295291304588,nan,nan,512,0,0.00036227202508598566,0.03549295291304588,all_rows,512,0,0.0016867952654138207,0.02421875,-0.0030637484160251915,0.0006287446391070262,0.10776745702605695,885507b9fb3af29f34640f0712836967:0:0,b2e2cd6bf0fbad26290087c7d46688a7:0:0,849bdde0f1bc096a96d3bc3b154476e4:0:0,109f64cb530d84ea13de0d733d69a846:0:3224639131,d35e537ba15890423c42e38cd8b43aaf:0:3406788510,10,1.8646616541353382,0,0,0,0,0,0,512,2,0,512,4,0,287,0,0,225,2,0,512,0.24806638062000275,207.4952392578125,99,0
1547,A,347,0.002882580505684018,0.03229639306664467,nan,nan,512,0,0.002882580505684018,0.03229639306664467,all_rows,512,0,0.0014113185461610556,0.014453125,-0.0015082777477800845,0.0005174293532036245,0.10793654195731506,c59d3d9ba14c02c30f211f25b7e03567:0:0,ea971e9a386198c7454b30fb1f719648:0:0,1e0963fdbbb7dab0da0b8dcc3f7061b5:0:0,127153dc0610afb208ddd7b38078ac46:0:1101711430,b13d3530f1120732349b287543544972:0:3562742884,10,1.8671679197994986,0,0,0,0,0,0,512,3,0,512,2,0,278,0,0,234,3,0,512,0.25801029801368713,206.8258056640625,114,0
1548,A,348,0.0022747409529983997,0.033787716180086136,nan,nan,512,0,0.0022747409529983997,0.033787716180086136,all_rows,512,0,0.003119882196187973,0.0431640625,-0.0045388790778815745,0.0005583513528108596,0.10780052305199206,e05117431c5e10bb46278ef2c47d0167:0:0,4a77dbf53bba4fd94b8e387cedaf58ce:0:0,b009fd858b632382730dbc52aa174a8e:0:0,08e6343602fcfb07cc2d8f0ecf47b046:0:1899163342,63f30437e76086ae2bdb1fa7db08ba6f:1:1748812104,10,1.8696741854636592,0,0,0,0,0,0,512,3,0,512,0,0,271,0,0,241,3,0,512,0.2610728144645691,206.77928161621094,106,0
1549,A,349,-0.006573943421244621,0.03176339715719223,nan,nan,512,0,-0.006573943421244621,0.03176339715719223,all_rows,512,0,0.005316589493304491,0.0302734375,-0.0006182635203003884,0.00048503906436963006,0.10610068700043485,b809716f2d5145c4e43700ba3859cd67:0:0,6db8692b6821ecac917af646e837ed12:0:0,2e76b17ce27ae99133a0449cb3bb7c9d:0:0,d1df7539304426d5a07fc70929d6b446:0:186843545,8511ae689d5ab7f346a6ae8f506a2dd3:1:3868740880,10,1.8721804511278195,0,0,0,0,0,0,512,5,0,512,5,0,277,0,0,235,5,0,512,0.23247843980789185,205.93247985839844,105,0
1550,A,350,0.0013063601218163967,0.03502919524908066,nan,nan,512,0,0.0013063601218163967,0.03502919524908066,all_rows,512,0,0.004518735222518444,0.0158203125,-0.003097328543663025,0.000610669630987104,0.10907808103365824,ef808b3238348795d89e56c813769967:0:0,06a0cb4ec4b8bcd6cd18e9fe5efbe905:0:0,76516fd9d406e9892411e3723181d6cd:0:0,8d4b7553f7af09fac6cad3269025b846:0:2901497399,0a816e48a2351c57cac9dc1c80951802:0:1880239253,10,1.87468671679198,0,0,0,0,0,0,512,3,0,512,1,0,280,0,0,232,3,0,512,0.24156975746154785,205.2113494873047,90,0
1551,A,351,0.0012842108262702823,0.03403669223189354,nan,nan,512,0,0.0012842108262702823,0.03403669223189354,all_rows,512,0,0.003639129688963294,0.033984375,-0.0007797869388014078,0.0005766251953900792,0.10395469301147386,feca1cd504c8fc74c33bb36855d36567:0:0,2a7e97946502ac7a9425d5a1b9c6b2ee:0:0,d01ed3e951189f5150549a8f61973076:0:0,30396b0d3bf79d738248c6eb0234bc46:0:324740890,723c90501b6c62d0c9b6b6335523f4f8:1:3841548939,10,1.8771929824561404,0,0,0,0,0,0,512,4,0,512,3,0,283,0,0,229,4,0,512,0.24408839643001556,204.37454223632812,87,0
1552,A,352,-0.002216495806351304,0.03294384106993675,nan,nan,512,0,-0.002216495806351304,0.03294384106993675,all_rows,512,0,0.0022693267092108727,0.0201171875,-0.0012379961553961039,0.000539454398676753,0.10367423604475334,8ea06ea4604d4690c07c78e6ff703167:0:0,4bd641eef32917b0f448cbda9477411b:0:0,4deed8e4dda695fa4387f4c8510207a0:0:0,a86ff8033fa383411c7775da8003c046:0:1987045392,15b7ebfcbd1682ab29ae8ea424daf67c:1:3118517034,10,1.8796992481203008,0,0,0,0,0,0,512,3,0,512,2,0,278,0,0,234,3,0,512,0.23832665383815765,204.46456909179688,94,0
1553,A,353,0.0022580744698643684,0.034449100494384766,nan,nan,512,0,0.0022580744698643684,0.034449100494384766,all_rows,512,0,0.009817744605243206,0.0595703125,-0.004110567132011056,0.0005909901592531241,0.10424789797980338,553297925ddc7699355d4990104cfd67:0:0,4f4ff32776e0dff0df7721ca9db41e69:0:0,ccfcf0167dbdbc7c6d4d729bde74ef68:0:0,6954b4de49a30911e91873790992c446:0:208885216,4dbc001663734e3023c009d0c773275b:1:221081039,10,1.882205513784461,0,0,0,0,0,0,512,5,0,512,9,0,283,0,0,229,5,0,512,0.24411100149154663,205.3668212890625,115,0
1554,A,354,-0.004322316497564316,0.03021233342587948,nan,nan,512,0,-0.004322316497564316,0.03021233342587948,all_rows,512,0,0.007283738348633051,0.0529296875,-0.00377646298147738,0.00044737796852132303,0.10427795897703618,4513837332acb5959b6a07af8869c967:0:0,d7a82ecd653791ef0f37cbdb8b6ec53e:0:0,1b7898e753fad767f589b90cde6d3a30:0:0,2d17c6e99438a6a94a31134a9ee1c846:0:3723289818,da67559219a356b5eb416f7e8c73296e:0:2565583447,10,1.8847117794486214,0,0,0,0,0,0,512,2,0,512,3,0,281,0,0,231,2,0,512,0.25939980149269104,203.3954620361328,95,0
1555,A,355,0.00542884087190032,0.03222295269370079,nan,nan,512,0,0.00542884087190032,0.03222295269370079,all_rows,512,0,0.005464179441332817,0.0287109375,-0.0008731268811970949,0.0005035341077018529,0.10842038498958573,1aafa47ceb79a5fd4cbdd59167c69567:0:0,bd1f1009b43ce30a090ee389f7a22bf5:0:0,60ba51c0b47dbc77e21d9025c5ebe273:0:0,26bc55b8d2acf807b40a68d33ff0cc46:0:550066974,4fa1fec1704ac9246449033f353cedf0:0:3298461053,10,1.8872180451127818,0,0,0,0,0,0,512,5,0,512,1,0,283,0,0,229,5,0,512,0.2761482000350952,203.45448303222656,97,0
1556,A,356,-0.003593605011701584,0.03267694264650345,nan,nan,512,0,-0.003593605011701584,0.03267694264650345,all_rows,512,0,0.0048739369958639145,0.0267578125,-0.001816867385059595,0.0005153599660843611,0.10454444499919191,3b48439078667c0f50031581ae636167:0:0,1068d61ea8784cb5f707e55ba69ac813:0:0,4435399dddb6db8e05dc9806df1c2c44:0:0,be7d80f45a533352b1314796ecbfd046:0:2395303385,c962dc6a94776c4d09c41cd176e5c2eb:0:2955868324,10,1.8897243107769424,0,0,0,0,0,0,512,1,0,512,7,0,260,0,0,252,1,0,512,0.25534939765930176,202.861572265625,99,0
1557,A,357,0.0007291212677955627,0.0323215126991272,nan,nan,512,0,0.0007291212677955627,0.0323215126991272,all_rows,512,0,0.006676727905869484,0.027734375,-0.0034179427195340393,0.0005132894366397522,0.10367271798895672,711f3eb1cca3cd6a247369cc5c402d67:0:0,a7060a91b6197712c51780cfe1690adc:0:0,245eea011b3d0bbd1f94719ad5277916:0:0,25f74419bb621a7ce6764319a54ed446:0:492945539,7bdd84d1c69880e572219887677dc3e1:0:2274692112,10,1.8922305764411027,0,0,0,0,0,0,512,4,0,512,6,0,286,0,0,226,4,0,512,0.2783164083957672,203.40771484375,105,0
1558,A,358,0.004178924020379782,0.031116696074604988,nan,nan,512,0,0.004178924020379782,0.031116696074604988,all_rows,512,0,0.005570785608142614,0.0279296875,-0.002949845977127552,0.0004800311508006416,0.10429835499962792,627cacf40f2517e38dd7b4bd715cf967:0:0,688d04372261c0e569ff409ca714c396:0:0,08d5e87f73f1c7350fb4520d6bd82ef3:0:0,882387b2562568ae16edaedf699dd846:0:1341008954,089fddd7968e31ba157dc2c92b05c0b5:1:3346565063,10,1.8947368421052633,0,0,0,0,0,0,512,0,0,512,3,0,270,0,0,242,0,0,512,0.257635235786438,205.3290252685547,96,0
1559,A,359,-0.0045046755112707615,0.03355991467833519,nan,nan,512,0,-0.0045046755112707615,0.03355991467833519,all_rows,512,0,0.012143920175731182,0.085546875,-0.0044983338564634325,0.0005567349508055486,0.10347150696907192,b3c952fe19b1ffa0608818a0edb9c567:0:0,08160cb90e0494deb18f020a164d6428:0:0,a58db7319780eb5937ae95a965a8f7b8:0:0,3e657535390bbb6b27ef9e6c39acdc46:0:3462017813,af680f0d89e043cabff00a74d4f6e87d:0:2938872533,10,1.8972431077694236,0,0,0,0,0,0,512,3,0,512,5,0,298,0,0,214,3,0,512,0.25331369042396545,207.49072265625,101,0
1560,A,360,0.0012180423364043236,0.03219454735517502,nan,nan,512,0,0.0012180423364043236,0.03219454735517502,all_rows,512,0,0.008814348839223385,0.036328125,-0.00200428506359458,0.0005170591350179166,0.10456238203914836,9f5d132ac39f446c4d6bf7c2d1569167:0:0,1dff588b13f9b082b82e03dee5fddcb9:0:0,3e3b6c113aa427af3b375acd8be2142e:0:0,3347fc7d5414f77e2517e544157be046:0:1937859841,2fe3a010028a094fc03aaa8eecec04ca:0:2965240609,10,1.899749373433584,0,0,0,0,0,0,512,3,0,512,1,0,277,0,0,235,3,0,512,0.24053312838077545,210.8321533203125,90,0
1561,A,361,-0.008726316504180431,0.03738608583807945,nan,nan,512,0,-0.008726316504180431,0.03738608583807945,all_rows,512,0,0.0007643522694706917,0.0630859375,0.0004939738195389509,0.0006786455560359173,0.10386906197527424,77179027b57b6e51adf9f46f1c335d67:0:0,15f8c9a0badafbe48095841c6877ac8d:0:0,69ed1f7f9079ff5805ab72505454e8a9:0:0,61005770ce25299e444616eafd0ae446:0:802019365,1af99a922cfd6b211363d8c4ac664f23:0:136734985,10,1.9022556390977443,0,0,0,0,0,0,512,5,0,512,3,0,293,0,0,219,5,0,512,0.24892838299274445,210.56256103515625,97,0
1562,A,362,0.0010541608789935708,0.031191252171993256,nan,nan,512,0,0.0010541608789935708,0.031191252171993256,all_rows,512,0,0.00430097384378314,0.0279296875,-0.0020184677559882402,0.00048062988644232975,0.10858691803878173,03a310d4c2fb31715037f0f1ce502967:0:0,73260f36483c244a51e76b5696459c80:0:0,de0492aa7720400cd827ecc1fd1084de:0:0,10f23a2a08bfe2d7e99d86e4f059e846:0:529988556,7393a3667f76c74aa4cf2ef47a76893a:0:1342498573,10,1.9047619047619047,0,0,0,0,0,0,512,2,0,512,2,0,273,0,0,239,2,0,512,0.2442929744720459,211.19821166992188,88,0
1563,A,363,0.0026498683728277683,0.03555420786142349,nan,nan,512,0,0.0026498683728277683,0.03555420786142349,all_rows,512,0,0.0029609519988298416,0.030859375,-0.000337218027561903,0.0006132420676294714,0.10429190000286326,129e58050871891a42bb0f96e7acf567:0:0,b085d85f9ccb6316149d4a97467aa365:0:0,9818d80f667349a63bffc1fbaf12c32c:0:0,162143a69eb010b4ab8548b5ef68ec46:0:2515345496,40d8ec59e754b7e4a483883a8300f0fb:0:1193272411,10,1.907268170426065,0,0,0,0,0,0,512,3,0,512,1,0,262,0,0,250,3,0,512,0.25176653265953064,211.72862243652344,108,0
1564,A,364,-0.0002501494891475886,0.03266404941678047,nan,nan,512,0,-0.0002501494891475886,0.03266404941678047,all_rows,512,0,0.0011985311284661293,0.027734375,0.0001214638352394104,0.0005306535982526839,0.10369523998815566,c71992a2491f8a21a0a7b2aa6849c167:0:0,426e4f09daf6f1365ea77b7735c0bc73:0:0,4be32ea476871bcbcbadffa921aaece5:0:0,9a6a2cb46a20512356a82fe1fa37f046:0:1447059077,807aac48a1e0066acd24ab0047428ab6:0:3869412572,10,1.9097744360902256,0,0,0,0,0,0,512,0,0,512,3,0,280,0,0,232,0,0,512,0.2642718255519867,212.5325927734375,94,0
1565,A,365,-0.0032624537125229836,0.03350245952606201,nan,nan,512,0,-0.0032624537125229836,0.03350245952606201,all_rows,512,0,0.006132745184004307,0.050390625,-0.0045446987263858315,0.0005612108740024269,0.10301898600300774,6e14ba924ba7ec7a5db17c7850268d67:0:0,aff426e4ea3f4559a3a77c263fcacb6e:0:0,5d5c6746f9812b652ee9aae86e5df7d7:0:0,294e20885ea7c21ff1f4cfed10c6f446:0:2524327611,f1cf93d603f13460e795577718365eab:0:1705789969,10,1.912280701754386,0,0,0,0,0,0,512,1,0,512,5,0,285,0,0,227,1,0,512,0.25512373447418213,213.49887084960938,113,0
1566,A,366,0.0027451226487755775,0.03089798428118229,nan,nan,512,0,0.0027451226487755775,0.03089798428118229,all_rows,512,0,0.007723020855337381,0.051953125,-0.007582115777768195,0.0004761689691804349,0.10562438197666779,ba42d49d31f24c0d121b4f4c9f435967:0:0,c9aba05dee275dfb113220cd461f10c1:0:0,045c64810aece177c31077dfbfd3dbda:0:0,56cb9c1ec3cf4d1bc29d7c5b3315f846:0:3584748706,71f5e562523c8ab768e2ebeb57775500:0:1421736817,10,1.9147869674185465,0,0,0,0,0,0,512,3,0,512,4,0,277,0,0,235,3,0,512,0.25857505202293396,212.95462036132812,98,0
1567,A,367,-0.00210059923119843,0.03030259907245636,nan,nan,512,0,-0.00210059923119843,0.03030259907245636,all_rows,512,0,0.0037169610150158405,0.0685546875,-0.006758149689994752,0.00045823741384083406,0.10402280301786959,667d437309ca20cfc6b74d7355a02567:0:0,ed7bf8dd60a915879b52dddba19d9615:0:0,50f45661d645cce12ab3483b6fe75aeb:0:0,a0f227381c936e25501848b06124fc46:0:2289940370,542ceabc62ea0d41a4bb7eb76831b31f:0:3723687812,10,1.9172932330827068,0,0,0,0,0,0,512,5,0,512,4,0,294,0,0,218,5,0,512,0.2672782838344574,216.21319580078125,99,0
1568,A,368,1.4971912605687976e-05,0.030306287109851837,nan,nan,512,0,1.4971912605687976e-05,0.030306287109851837,all_rows,512,0,0.0030914279632270336,0.0318359375,-0.0036946558393538,0.0004573661193717271,0.10492597299162298,5c4d09ce13856e1dc0e6d938733cf167:0:0,19099cf1822485a2da43b473f07eedcd:0:0,1c1af15d614a907e1bf3d5918f3fc1d2:0:0,e3513379c86676d0681f08709af40046:0:1312491858,ed7b9f2fd6f692285b6698d143a7ab62:1:3282108370,10,1.9197994987468672,0,0,0,0,0,0,512,2,0,512,3,0,282,0,0,230,2,0,512,0.2634853720664978,218.1307373046875,94,0
1569,A,369,0.00225471006706357,0.028928644955158234,nan,nan,512,0,0.00225471006706357,0.028928644955158234,all_rows,512,0,0.003311614040285349,0.053515625,-0.0011851527728140355,0.00041475621983408926,0.108499413006939,a2fd418e7bff294f4e9a94e7f819bd67:0:0,d01fe6e4c93155f83157a445055e1459:0:0,8523782f4ba723c8d715b53eae51e8cc:0:0,cfd66bed2a374cde22af4f1fe0830446:0:614357334,1a1775715352da93fc2c5f1774488ead:0:4221103273,10,1.9223057644110275,0,0,0,0,0,0,512,1,0,512,6,0,286,0,0,226,1,0,512,0.2795734405517578,219.67422485351562,87,0
1570,A,370,-0.002275188686326146,0.03162091597914696,nan,nan,512,0,-0.002275188686326146,0.03162091597914696,all_rows,512,0,0.003676667343825102,0.019140625,-0.0002731264103204012,0.0005000190460123122,0.11206991400104016,930a458b87315791925262cde4368967:0:0,9eef6ef20aa208f36f0a2eb89bf20cd8:0:0,48c5f7659c428e1f1873e44d046daab2:0:0,4ce4c0cbe200a4a4e60a704231d20846:0:1436308829,96de29a701c95c34724ec1d8c5c58104:1:4263536361,10,1.9248120300751879,0,0,0,0,0,0,512,5,0,512,4,0,270,0,0,242,5,0,512,0.2903015613555908,220.52227783203125,107,0
1571,A,371,0.0010412565898150206,0.027300219982862473,nan,nan,512,0,0.0010412565898150206,0.027300219982862473,all_rows,512,0,0.004110144451260567,0.03359375,-0.0014257945585995913,0.0003675189655041322,0.10891521204030141,18b40fb568bae2fe4f1d653637935567:0:0,d6207d4e45bae8a0b0cfcb15c2928e46:0:0,74cde76e63646d6ce2de70624b4a5a45:0:0,4023813b6564b7386ab57f5b8ee10c46:0:3145607830,3c62551275fe3772ac9985b708c747a5:1:3786351095,10,1.9273182957393482,0,0,0,0,0,0,512,2,0,512,1,0,290,0,0,222,2,0,512,0.2916909158229828,222.0302734375,108,0
1572,A,372,0.0009077917202375829,0.03085167706012726,nan,nan,512,0,0.0009077917202375829,0.03085167706012726,all_rows,512,0,0.0021259263157844543,0.0169921875,-0.0007644306868314743,0.0004709339904366061,0.10399680997943506,3e401d02479d26f3b499fe6cf2302167:0:0,83bf569786b935d501af6693ddd029da:0:0,8df59ffdd81c9311eb010e9ddbd3a4d1:0:0,1c7bde4e03d97451bf794feff7b01046:0:793117987,a712ee7ba7a721acb0b65e29e32990b6:0:690112344,10,1.9298245614035088,0,0,0,0,0,0,512,3,0,512,4,0,291,0,0,221,3,0,512,0.27897733449935913,220.0748291015625,115,0
1573,A,373,-0.001963826362043619,0.031501177698373795,nan,nan,512,0,-0.001963826362043619,0.031501177698373795,all_rows,512,0,0.002084914594888687,0.020703125,0.0008130687987431884,0.0004947180306771771,0.10463172901654616,ca4fc4802a7d33ac2af5d0be140ced67:0:0,f97e1f1dbc689ebb26c9129941c5cd1b:0:0,05106741f2170278c2700076c2916178:0:0,6bb3405322e92ff74d6275836c3f1446:0:3046042697,8f4a8ec543a75eb0f69a885534feccab:0:250294851,10,1.9323308270676691,0,0,0,0,0,0,512,2,0,512,5,0,285,0,0,227,2,0,512,0.29456186294555664,220.8917694091797,103,0
1574,A,374,0.000951272901147604,0.033768877387046814,nan,nan,512,0,0.000951272901147604,0.033768877387046814,all_rows,512,0,0.010580888018012047,0.07109375,-0.0041533139068633314,0.0005685946802259423,0.1085952379507944,7fdb56c4c9b4c9161eedbe759d29b967:0:0,24d169f2d8bcd56efed1a348df8f436c:0:0,2af0deccd9f7c5140c578a2c8e1298fa:0:0,6cc9e9343f0bcbe4dbc14399ec8e1846:0:1891267670,7f63c5c7738ead2aed9da2697f621560:0:433680533,10,1.9348370927318297,0,0,0,0,0,0,512,6,0,512,4,0,281,0,0,231,6,0,512,0.28577080368995667,220.0650177001953,90,0
1575,A,375,0.001480563310906291,0.02995908260345459,nan,nan,512,0,0.001480563310906291,0.02995908260345459,all_rows,512,0,0.0045020803809165955,0.035546875,-0.004418073338456452,0.000441449620120693,0.13391153601696715,83208ed3847f08ebcdcde9df8d868567:0:0,0a77575416a8c59cecbaf97f3c0ac328:0:0,7fded05f56a20933e96c9112e5c1e43a:0:0,ab7f744ffd9c5cb39429cdb7789d1c46:0:2116108368,ba4c6acda60f7ff8655cda9941629fa3:1:3243482551,10,1.93734335839599,0,0,0,0,0,0,512,1,0,512,0,0,271,0,0,241,1,0,512,0.27198684215545654,219.71202087402344,103,0
1576,A,376,-0.0007457654573954642,0.03151082620024681,nan,nan,512,0,-0.0007457654573954642,0.03151082620024681,all_rows,512,0,0.0020519904792308807,0.031640625,-0.004297647625207901,0.000495756782765966,0.15667926199967042,9863dd70f68ce00b1171b547e5235167:0:0,c2ec72afcbcac1d6eaa0d2094a1800fc:0:0,9dd3b578f3a55f5f29c870398d3145e8:0:0,16d9ddf85c6f4ac20673e760106c2046:0:545608148,e41268394ab00fa57f997532f4908554:1:3314451935,10,1.9398496240601504,0,0,0,0,0,0,512,5,0,512,3,0,276,0,0,236,5,0,512,0.2773119807243347,220.34170532226562,103,0
1577,A,377,-0.0005990649806335568,0.03513222187757492,nan,nan,512,0,-0.0005990649806335568,0.03513222187757492,all_rows,512,0,0.0024808840826153755,0.0029296875,-8.519317489117384e-05,0.0006167219689814374,0.14608466596109793,6607e3baeb4d270d2c43c2faa4001d67:0:0,642c1c5c537aa05deb206f348603f34b:0:0,f634f993698b90fbfa5287bd4b61818c:0:0,8007da6ccb8ceedc2cbb2417b3fb2446:0:2021116570,dbf4026019ce2762417082c477b0b3f5:1:302158265,10,1.9423558897243107,0,0,0,0,0,0,512,5,0,512,4,0,292,0,0,220,5,0,512,0.2916450500488281,219.9639892578125,108,0
1578,A,378,0.0003655395994428545,0.03126383572816849,nan,nan,512,0,0.0003655395994428545,0.03126383572816849,all_rows,512,0,0.005766553338617086,0.038671875,-0.0060809792019426824,0.0004842177135287784,0.14935357100330293,a27509baac347a1e953df543ca1ce967:0:0,0c2d8f1e48cfb8561d0adcf55b251a11:0:0,dc97933f1e947871f5ef38a685ba198a:0:0,7c3465dcbd94aaa36f5ed762634a2846:0:3183281610,bf0ce0627e6eb3539fced86c3d9d5677:1:1880917991,10,1.944862155388471,0,0,0,0,0,0,512,7,0,512,2,0,291,0,0,221,7,0,512,0.28484728932380676,219.4269256591797,101,0
1579,A,379,4.744454054161906e-05,0.03282657265663147,nan,nan,512,0,4.744454054161906e-05,0.03282657265663147,all_rows,512,0,0.0015606444794684649,0.016015625,-0.00010550303850322961,0.0005379732392611913,0.14786664600251243,26d48186e750c816c3e96e6f5779b567:0:0,72819c590e2798a2f7eb773886e89ff6:0:0,742d22dd7743c10d1db9486a54e39e49:0:0,4e9f9cb2fb4c7cb6a90214c41e592c46:0:2854100211,5ba89aa5936a9061f2a9aa64555a1ee3:1:3258583716,10,1.9473684210526314,0,0,0,0,0,0,512,3,0,512,4,0,296,0,0,216,3,0,512,0.27761751413345337,218.00453186035156,89,0
1580,A,380,-0.0013015908189117908,0.02705860510468483,nan,nan,512,0,-0.0013015908189117908,0.02705860510468483,all_rows,512,0,0.003394136670976877,0.0189453125,-0.0018255432136356831,0.0003647408229880966,0.14977824199013412,48fe3769ab7498cffc5e90c94c168167:0:0,2865be0d7d289734b9cb9d7f531dd838:0:0,210ffa6c68a38cb905325f602f8419c3:0:0,b050151dc6e1109a2a8bafc0e5283046:0:2916236434,10e9ea8ce339d66adb92850b59c96181:0:3166156536,10,1.949874686716792,0,0,0,0,0,0,512,1,0,512,3,0,280,0,0,232,1,0,512,0.28324297070503235,218.15481567382812,100,0
1581,A,381,0.0018521102610975504,0.034084565937519073,nan,nan,512,0,0.0018521102610975504,0.034084565937519073,all_rows,512,0,0.0004340551095083356,0.0326171875,0.0009001284372061491,0.0005630111219943501,0.15180405997671187,a8682b5e37460abf1b44fe9da7f34d67:0:0,6ef048f976c43dc3cfc1fecf236374b7:0:0,654892ee394c7df8e5ed9d55118606fc:0:0,ebb0207b9b5a4a5fbf263bdcb7b73446:0:629598667,546829c6d707d4ade528d91ff989e2de:0:1907596682,10,1.9523809523809523,0,0,0,0,0,0,512,5,0,512,0,0,284,0,0,228,5,0,512,0.2852398753166199,217.06414794921875,95,0
1582,A,382,0.00011008688306901604,0.026080291718244553,nan,nan,512,0,0.00011008688306901604,0.026080291718244553,all_rows,512,0,0.003006020560860634,0.0412109375,-0.008421737141907215,0.0003386808137292974,0.15559918101644143,caa77819987d87cb61d39a386b101967:0:0,8a3ef42a3afa5aa80acbb2e3d96b564c:0:0,fe577a1e502714fa69bb4226e099e875:0:0,c02b8d0814c84e0eb0400c9b96063846:0:2173928142,fe7dd2c689e4d8531df93f8397ae471c:1:3339311754,10,1.954887218045113,0,0,0,0,0,0,512,2,0,512,7,0,271,0,0,241,2,0,512,0.28470247983932495,217.63235473632812,109,0
1583,A,383,-0.0005504200235009193,0.03432515636086464,nan,nan,512,0,-0.0005504200235009193,0.03432515636086464,all_rows,512,0,0.0011792895384132862,0.006640625,0.00029765735380351546,0.0005877241128473543,0.1221274709678255,8367dfb058a0316641d085e5956ce567:0:0,337436276ea3f974ef320fcf193929e4:0:0,0061547ad77153fa0cda266e99878a19:0:0,c824b5d84dad02cbc98b358180153c46:0:3759567726,4c5edf0f90cbab9c2db1d88a158bf765:1:194980925,10,1.9573934837092732,0,0,0,0,0,0,512,3,0,512,2,0,277,0,0,235,3,0,512,0.2866787314414978,219.372314453125,105,0
1584,A,384,0.0005851274472661316,0.030611518770456314,nan,nan,512,0,0.0005851274472661316,0.030611518770456314,all_rows,512,0,0.004407442174851894,0.02265625,-0.001282831560820341,0.0004650642411434092,0.11128522700164467,38e615cab48203e3299123f12709b167:0:0,66019780e944713989a07884332e0155:0:0,45c59811db5c19d5ec88c7947075df51:0:0,961ae8e9be2611c15cfd8a1275e44046:0:3730707084,ba8cd6a01e78f5ba2069651e0befd760:0:3472381532,10,1.9598997493734336,0,0,0,0,0,0,512,2,0,512,3,0,290,0,0,222,2,0,512,0.30381911993026733,220.14892578125,94,0
1585,A,385,0.0004968975554220378,0.03333231806755066,nan,nan,512,0,0.0004968975554220378,0.03333231806755066,all_rows,512,0,0.008375611156225204,0.0740234375,-0.011022468656301498,0.0005522693347302266,0.11339348700130358,a8332b381bdbb10f4ffa16a71fe67d67:0:0,734f7ada4ceb11fb50da2ecc43feec96:0:0,b310617ca1ac1beaeaee5aeb2d094a1b:0:0,586068ba695b60c746d09dd277734446:0:2693923962,6ef1b3971e1a88b2d85566473f3b4161:0:607730294,10,1.962406015037594,0,0,0,0,0,0,512,3,0,512,2,0,277,0,0,235,3,0,512,0.30758386850357056,221.0310821533203,96,0
1586,A,386,0.0025965836830437183,0.029743995517492294,nan,nan,512,0,0.0025965836830437183,0.029743995517492294,all_rows,512,0,0.0037177044432610273,0.0361328125,-0.003626859374344349,0.0004313290541176684,0.11078679998172447,e3147691f6403209807f405380034967:0:0,24d5d9bdd79b6ed82c0a5da9890322a1:0:0,ea8c790ed0561cd12dfe312c4f5cc1b1:0:0,79039094e5b608caf181c44584c24846:0:2245067314,90c7150d3c741039215e86a8dde1aaff:0:1578720172,10,1.9649122807017543,0,0,0,0,0,0,512,4,0,512,5,0,272,0,0,240,4,0,512,0.28121986985206604,219.019287109375,111,0
1587,A,387,-0.0047087958082556725,0.031371667981147766,nan,nan,512,0,-0.0047087958082556725,0.031371667981147766,all_rows,512,0,0.0022151614539325237,0.040625,-0.0049911015667021275,0.0004743327692267485,0.10990890098037198,e373197ceabe1059e723c34247601567:0:0,0bae956d905134360bdda9c79df81a63:0:0,d5a820a3fcdec4aa04092fb654f16fd1:0:0,4d54e86e8c63c7f759d210ef9dd14c46:0:1366696592,82bc12c105d0b1af4eb42030aac00b5d:0:2937109234,10,1.9674185463659146,0,0,0,0,0,0,512,3,0,512,1,0,290,0,0,222,3,0,512,0.2918154001235962,217.33172607421875,81,0
1588,A,388,-0.000496375432703644,0.03307737410068512,nan,nan,512,0,-0.000496375432703644,0.03307737410068512,all_rows,512,0,0.0018914166139438748,0.0265625,-0.0030737687833607198,0.0005454247220768593,0.10372068296419457,4540d1f727786649dc7a01bf75fce167:0:0,ac93685565d1cc1d4757dd94e4fa9580:0:0,f619502e7e88fcb18e241332a20a8057:0:0,697b3ee9dcaaef9d12c65754c2a05046:0:2192570078,dafdb4a8b42ab1b1848f91267a4a13ec:0:3365288761,10,1.9699248120300752,0,0,0,0,0,0,512,4,0,512,6,0,256,0,0,256,4,0,512,0.2820796072483063,216.40870666503906,115,0
1589,A,389,0.001287912018597126,0.02862989529967308,nan,nan,512,0,0.001287912018597126,0.02862989529967308,all_rows,512,0,0.00432176236063242,0.0462890625,-0.00577409528195858,0.000408446928486228,0.11065888003213331,86bd23016683967bb1a39e170bd9ad67:0:0,fd48e09ef1b7ac70e2c117b799fd641a:0:0,f103a3b49f199a7151fb28ba64860b18:0:0,7c8f2dc2df92cdda49a72af8f32f5446:0:1501246264,09a4dc6183bbf7b392dd6972e6dd07d6:0:1725852996,10,1.9724310776942355,0,0,0,0,0,0,512,7,0,512,2,0,276,0,0,236,7,0,512,0.2824932634830475,217.3518829345703,92,0
1590,A,390,0.00018615100998431444,0.03195006027817726,nan,nan,512,0,0.00018615100998431444,0.03195006027817726,all_rows,512,0,0.002821823349222541,0.0345703125,-0.0014809389133006335,0.0005080440925667063,0.10284076997777447,9f5e07cfad51bac27c517a9508f67967:0:0,7756f7fb101d51fa7a91d128c55d7388:0:0,7348c7fbd0e1442100f406240ef5ed61:0:0,a480be9f18649302ca00df602f7e5846:0:4288384357,90b68760eb6a0f92741d3da92e9a9b75:1:2623473998,10,1.974937343358396,0,0,0,0,0,0,512,1,0,512,2,0,284,0,0,228,1,0,512,0.2986038625240326,217.19747924804688,100,0
1591,A,391,-0.0013058717595413327,0.029775043949484825,nan,nan,512,0,-0.0013058717595413327,0.029775043949484825,all_rows,512,0,0.003805716522037983,0.0091796875,-0.001452718861401081,0.0004409206710988656,0.10878837102791294,d68a588e03faca39e2c3b9856d534567:0:0,725117569d7beb72733767625c7a3a4d:0:0,86fd83453fa374e552e0356c028e7566:0:0,da543bee4e88b2c801a3880e778d5c46:0:3738140900,69c678c1efda01496f684641b7f03ba5:1:177126145,10,1.9774436090225564,0,0,0,0,0,0,512,3,0,512,3,0,269,0,0,243,3,0,512,0.29706141352653503,216.24905395507812,109,0
1592,A,392,-0.004263654351234436,0.030306274071335793,nan,nan,512,0,-0.004263654351234436,0.030306274071335793,all_rows,512,0,0.0011319020995870233,0.00390625,-0.0007990576326847076,0.00045293565781321374,0.11042825900949538,8c11c7a4a1ac769de7c9bd3438f01167:0:0,ad39c266243d2bbbed4420cba09d6982:0:0,69b63e9639e1541251b0442fd80e4bc0:0:0,5ace933d3d44c12104a2f887cb5c6046:0:1652923769,7b883d70ecd3e0ba8215972bffe7a98e:0:1288774867,10,1.9799498746867168,0,0,0,0,0,0,512,6,0,512,1,0,263,0,0,249,6,0,512,0.29097869992256165,215.2984161376953,97,0
1593,A,393,0.007658390793949366,0.032123081386089325,nan,nan,512,0,0.007658390793949366,0.032123081386089325,all_rows,512,0,0.002980267396196723,0.0326171875,-0.002878800965845585,0.0004995772178517655,0.1157985350000672,241eea464b8dc0e2b6c227ed6bccdd67:0:0,9c2bd5ec0d68fd5188f959f0bc98529d:0:0,65b94348eacc98ffd424adf2a847f685:0:0,b1360c0ef5ddcaf29156c4502aeb6446:0:2246964074,47ce9d6963ae5a89d5ff6d9f3c217576:1:2550122776,10,1.9824561403508771,0,0,0,0,0,0,512,2,0,512,1,0,288,0,0,224,2,0,512,0.296227365732193,215.6495819091797,88,0
1594,A,394,-0.0016794218681752682,0.033567629754543304,nan,nan,512,0,-0.0016794218681752682,0.033567629754543304,all_rows,512,0,0.0036354660987854004,0.034375,-0.005805747909471392,0.0005561430574744008,0.10955443198326975,868316f2e362450c6f9adbfd05e9a967:0:0,db22dd14c5f0aeb37851c1b870506484:0:0,0d26aa9d9a7f695667c7e0dbd064b7b6:0:0,3519780580a32a77145a3eeb963a6846:0:294193690,cf8d9ec1ef5701420082c90a7d180bac:0:3942216265,10,1.9849624060150375,0,0,0,0,0,0,512,3,0,512,3,0,272,0,0,240,3,0,512,0.3026217520236969,214.81964111328125,98,0
1595,A,395,0.0018543771002441645,0.030063996091485023,nan,nan,512,0,0.0018543771002441645,0.030063996091485023,all_rows,512,0,0.00544480187818408,0.0232421875,-0.0026261965511366727,0.0004398643330205232,0.10333400999661535,a4f2087763393d46f2d0fbaf07467567:0:0,8979d6842f2155d8e1f7a3236e47a11b:0:0,31e320207c63a83e098a74dcb34bc4e0:0:0,4cde66d60965d766ac8c7bde0d496c46:0:2539920394,179503153c5e5f4fef0847f30ad741d4:1:3754224167,10,1.9874686716791978,0,0,0,0,0,0,512,1,0,512,5,0,284,0,0,228,1,0,512,0.2933845818042755,216.99888610839844,104,0
1596,A,396,-0.004837916698306799,0.032265763729810715,nan,nan,512,0,-0.004837916698306799,0.032265763729810715,all_rows,512,0,0.0014304049545899034,0.03203125,-0.001462457748129964,0.0005082108968053944,0.10787666501710191,4c4c23d3c3743c3dad70e94f6fe34167:0:0,fef9bce7c9b63b1bdbb1a4ab72921b0d:0:0,a279b4f583201abfeaa9c944ef516380:0:0,88e65238a3e032df2f104eab90187046:0:3439202470,696204c633eae79d66b85b5b590a01b3:1:3090779011,10,1.9899749373433584,0,0,0,0,0,0,512,2,0,512,4,0,288,0,0,224,2,0,512,0.30086374282836914,217.52133178710938,93,0
1597,A,397,-0.0008415111224167049,0.03417842462658882,nan,nan,512,0,-0.0008415111224167049,0.03417842462658882,all_rows,512,0,0.00042075058445334435,0.0203125,-0.00028821735177189114,0.0005829008805449121,0.10377054702257738,29b1fb4e88719eb36516472a3fc00d67:0:0,03529afdf8475b63aafa661c1d4d6c50:0:0,bdd27a6109843ce81ec9e46d0daf0606:0:0,9a2b23b774924f0c2b4c4ad81ea77446:0:3181958381,082b6cdaf5b35689c110aa8a84ca7caa:1:4065259924,10,1.9924812030075187,0,0,0,0,0,0,512,7,0,512,2,0,271,0,0,241,7,0,512,0.298841655254364,218.36451721191406,96,0
1598,A,398,0.0026003806851804256,0.031147843226790428,nan,nan,512,0,0.0026003806851804256,0.031147843226790428,all_rows,512,0,0.0035867025144398212,0.012890625,-0.0006505840108729898,0.0004841348360059783,0.10376122401794419,6c0a30dcf526b45a03ebf78b76dcd967:0:0,24e098d99b1bd205940273c9535d58ae:0:0,a1d2aa3910c4c6b98fb4c2c299dcccec:0:0,2f04e7f4ca96b28eeeeac3e7b8f67846:0:1494760900,a99c78aed1e7e0976d259762a72d8dcf:1:4078809755,10,1.9949874686716793,0,0,0,0,0,0,512,1,0,512,6,0,276,0,0,236,1,0,512,0.2963731288909912,217.7975616455078,96,0
1599,A,399,0.001334373839199543,0.02677144668996334,nan,nan,512,0,0.001334373839199543,0.02677144668996334,all_rows,512,0,0.0003928778460249305,0.0162109375,-0.0032023844309151174,0.0003566637315088883,0.1033321829745546,cd242de61ff59fea64ac1cbf1539a567:0:0,d56d36ffdf949e4905315fd7dd6c363c:0:0,49844bdd83f3868608c792f1ad33c728:0:0,cd1cf8b376f397a689d9cd5e5f057c46:0:2797446462,f72e33e34f3a9e292bec66d624c68b54:1:3859982763,10,1.9974937343358397,0,0,0,0,0,0,512,2,0,512,3,0,248,0,0,264,2,0,512,0.29861873388290405,218.52696228027344,90,0
1600,A,400,-0.0005132342921569943,0.031792715191841125,nan,nan,512,0,-0.0005132342921569943,0.031792715191841125,all_rows,512,0,0.0022897771559655666,0.020703125,-0.00337277939543128,0.0005048986757174134,0.10712279699509963,19f64646670aee7c1ea019111ad67167:0:0,35e41992e134187ba7923014c4498455:0:0,4e79b272faf2e26208ba932e70128cee:0:0,bc2660a06deca717d24b3ac010d48046:0:3032545904,143fe4ede0ad0dd4ea32b2ff71702543:0:3220204208,10,2.0,0,0,0,0,0,0,512,2,0,512,3,0,275,0,0,237,2,0,512,0.2980400621891022,218.19114685058594,105,0
