update,phase,local,adv_all_mean,adv_all_std,adv_s1_mean,adv_s1_std,n_rows,n_s1_rows,adv_used_mean,adv_used_std,adv_norm_scope,n_policy_rows,n_actor_steps_skipped,kl_final_epoch,clip_frac,policy_loss,value_loss,update_wall_sec,rngpos_env,rngpos_learn,rngpos_opp,rngpos_start,rngpos_minibatch
401,B,1,0.7610737681388855,1.1278026103973389,1.539595127105713,1.153565526008606,1024,512,1.539595127105713,1.153565526008606,stage1_rows,512,0,0.019570250064134598,0.06809045443078503,0.002797160143381916,0.452775639295578,2.3600237210048363,1b66d551b1aa1154ec241b0b1669dcdc:0:0,48f1396786dfae3fbf54bcb97d7b496c:0:0,79001618e90ce22833b934488fa0a2ed:0:0,ad83f282e63e0226e4e30c70e7f8384d:0:3728750791,8ef7afa59b2621c0654e8309498f04a2:1:2589271212
402,B,2,0.0019192714244127274,0.8437767624855042,0.03422098606824875,1.1915225982666016,1024,512,0.03422098606824875,1.1915225982666016,stage1_rows,512,0,0.000595139223150909,0.12335193273611367,0.0059411057736724615,0.35645685642957686,0.21080151002388448,7782bd960f4ec6a46485a7bcfba7b4dc:0:0,dc171371cc1691d360e6161dfffa0a5a:0:0,39b48806119a4befc40b8b10be198634:0:0,0b015c03003c69b6d6c49235ad157f4d:0:4151407501,b0e4cf88e9cc2c7069de5374cb800131:1:3485607106
403,B,3,-0.009743964299559593,0.8430220484733582,-0.0356222465634346,1.191409945487976,1024,512,-0.0356222465634346,1.191409945487976,stage1_rows,512,0,0.00198749010451138,0.16865090468199923,0.0063999304664321245,0.35541042014956475,0.24932047096081078,15c9722c68b570be10fb550775e58cdc:0:0,1a6307c0c150a753384e2a204af0d69d:0:0,8c53f365f717cdeb27f4171fdac88270:0:0,ddf92f7299e52d7a438df7fad356c64d:0:3920695445,6a1e7fcee1ae30f38295bc38cbefac71:1:2422677690
404,B,4,0.012192764319479465,0.8042712807655334,0.03149329125881195,1.1368516683578491,1024,512,0.03149329125881195,1.1368516683578491,stage1_rows,512,0,0.002629741095006466,0.09176190616562963,0.0030276826582849026,0.32340900003910067,0.22001142101362348,98748e25ae36cfcebdd1664a852364dc:0:0,8f08e787b86959e2a95d1da26afaf019:0:0,0826566a0bb8b8ecd0e2f0f6ec6de4b0:0:0,e041213ec3830b38213e6952cabc0d4d:0:2135452681,9be924386a6ea1e1a347e4f5097601c3:1:898392704
405,B,5,0.045909322798252106,0.8692097663879395,0.08505696803331375,1.2277804613113403,1024,512,0.08505696803331375,1.2277804613113403,stage1_rows,512,0,0.011755968444049358,0.022796249203383922,0.0019343626976478846,0.3775359198451042,0.21581804804736748,09c569ef40a35bce18281ee629613cdc:0:0,3ac2967ccdd80f11cb9d62ea12e84c14:0:0,4aa694902ac7fa006d0ac1c13045dbbf:0:0,fb6a08c152b9d4bd40d4ac100345544d:0:4009399109,43581fd8b2b0971c57681123d720edef:0:2062750768
406,B,6,-0.021049363538622856,0.7932820916175842,-0.04537460580468178,1.1210871934890747,1024,512,-0.04537460580468178,1.1210871934890747,stage1_rows,512,0,0.00414604227989912,0.08370043986942619,-0.0007355119625572116,0.3145934365689754,0.21849086898146197,e7495c3adb34a8bc2df3c23a629f14dc:0:0,ae429d7e854bd6cf11a0734cc174fb1d:0:0,33857ad40668531918902187283ed5d8:0:0,264636a486c0707d7f562044ecf29b4d:0:2553055243,c084c7ada98093cde29a2cc15474bedf:1:3949788660
407,B,7,0.059044867753982544,0.8601202964782715,0.11269073188304901,1.2138235569000244,1024,512,0.11269073188304901,1.2138235569000244,stage1_rows,512,0,0.007046919781714678,0.09604120110161603,-0.004105251940200105,0.3691962815821171,0.32793465099530295,adc9f751743c1adeedfc93a730dcecdc:0:0,fdcb764383f5c3d59ba93a428bf25b3e:0:0,0315b9722c99925c0da0c71b1c7cf00c:0:0,c8892ed22aea9f571ad5c043f7c3e24d:0:1000634186,37374e5e9c746217c7606e8f06dede83:0:3836183225
408,B,8,-0.08399887382984161,0.8126882314682007,-0.1343541294336319,1.1468639373779297,1024,512,-0.1343541294336319,1.1468639373779297,stage1_rows,512,0,0.0005526834866032004,0.13375804513925688,0.008129303785972297,0.32982753664255143,0.35414308100007474,04ef0186ca8eeaffa7ded68c941ac4dc:0:0,c21ddb9df0db06973ebf06e4181404d7:0:0,dbc9af0b07084e8a7f63a370e76afd38:0:0,26760cee0f02d5e82b7b209f93b9294d:0:1384547990,32448720f18ad50a02268b86d6c3163c:0:862127648
409,B,9,0.019564475864171982,0.8320056200027466,0.011597245931625366,1.1763640642166138,1024,512,0.011597245931625366,1.1763640642166138,stage1_rows,512,0,0.011453975923359394,0.0728999451501295,-0.0026728820070275106,0.34626865983009336,0.34137431997805834,30e4c4c355af7aa88c0ace4a8c589cdc:0:0,1463addd0fda43b689408be85a4fa5d4:0:0,b153835bd6451abec1546d6c995069c9:0:0,1ebc8cb7ca9eb7e64089702a30d2704d:0:1455188985,3607b8603c18b91d61728df16b4bfe2f:0:965917609
410,B,10,-0.007685108110308647,0.8158614039421082,-0.0008870400488376617,1.1535433530807495,1024,512,-0.0008870400488376617,1.1535433530807495,stage1_rows,512,0,0.006091638933867216,0.02344203480752185,0.0012519579959189286,0.3328938364982605,0.34652681299485266,c17e2e5a4eb3f8622bc4be41199674dc:0:0,849236bd336b8b408a5fc5b7c04c3615:0:0,c1086c400266711b757e7108db419ed0:0:0,301ef0c0a54303e8216677f63f0fb74d:0:1246828424,2e3954f00dbf843a30686a38158e56e7:0:1537460775
411,B,11,0.009962436743080616,0.8090941905975342,0.014521993696689606,1.1439870595932007,1024,512,0.014521993696689606,1.1439870595932007,stage1_rows,512,0,0.00528902979567647,0.13652382735162974,-0.0008875322761014104,0.32744416445493696,0.35386937198927626,914715a187ea53f0f924e9d03bd44cdc:0:0,2b2557b41fc39aaf617e075ebb4a6c52:0:0,d71cd28b002644eaa3be0ae5fb6a8653:0:0,f4acf4cc28d5fe11b2a19b562e70fe4d:0:812350672,2292299804c6b4825f45200b38f83abc:0:1048434441
412,B,12,0.039422329515218735,0.8614737391471863,0.08095160126686096,1.2166869640350342,1024,512,0.08095160126686096,1.2166869640350342,stage1_rows,512,0,0.006196954753249884,0.11063744272105396,-0.008698994247242808,0.3710486233234406,0.3565810089930892,0bcfdd00c9398292c7179457f31224dc:0:0,cc93fee9552e303182b3f99aef923a18:0:0,0a8fb469e63802766e718de5b27daa7e:0:0,7abc31185689a811fefad7dc6ef6454d:0:3791631730,12410d17ab619aae1bef907fa3033025:1:2962942422
413,B,13,-0.0031295251101255417,0.8671680092811584,0.0003575333394110203,1.226131796836853,1024,512,0.0003575333394110203,1.226131796836853,stage1_rows,512,0,0.015396959148347378,0.09819483974715695,-0.004148911917582154,0.3761882081627846,0.3490802110172808,61287e6e6740133c495d01383f4ffcdc:0:0,aaa2da2ee0a4d2ac2d501f435c15603e:0:0,0bbfdc56fdcf4497bb5e32f28a1d9ebe:0:0,1c09d3d1b01154e36469c55b709f8c4d:0:1559281709,7ab0a6107294e4407f482c10d9b7d8c0:0:2894918144
414,B,14,-0.007475725840777159,0.8278346061706543,-0.029223570600152016,1.1700855493545532,1024,512,-0.029223570600152016,1.1700855493545532,stage1_rows,512,0,0.003736969083547592,0.08733012469019741,-0.001491106385947205,0.34269789084792135,0.35748588998103514,c505f18ecb3012d6948973d1208dd4dc:0:0,87a330122e12c10eab6345cee8e71cb9:0:0,2edb43e5a8d9d6bf8d180fa6bcb56004:0:0,e5e3d14347a066bde52495e5a36cd34d:0:1671582578,e85e6878ee957145b2d2e84b98d1fbf0:0:2736786653
415,B,15,-0.029624003916978836,0.8071973323822021,-0.06455904245376587,1.140242576599121,1024,512,-0.06455904245376587,1.140242576599121,stage1_rows,512,0,4.540197551250458e-08,0.07864841923583299,-0.001484197110403329,0.32548304125666616,0.3507794089964591,1a69b6eca168407c9e052f8296cbacdc:0:0,266deb8470f921400fe69096517a21ce:0:0,02e69ad4e77bbb5b6e62c8837461e571:0:0,88ea8507d0da45ab9ca715cd775e1a4d:0:2850101241,9e61fb00af66ee8169da9e28e402447a:0:1352059221
416,B,16,0.0038314620032906532,0.8087143898010254,0.0017568310722708702,1.143463134765625,1024,512,0.0017568310722708702,1.143463134765625,stage1_rows,512,0,0.0007644372526556253,0.09120787219144404,0.0031696924241259696,0.3272154614329338,0.3556583750178106,78d830ff64ca91b8bc0c77aca20984dc:0:0,c353cee4fad3dbbe1b8c0ed48b7ef561:0:0,5f177463dc2bfc315ac8ef9ba39fbeef:0:0,080b89c23b85dd2f58b9aba55c73614d:0:2485946521,50036a778026a1e9a510393c8f2b0924:1:3666665297
417,B,17,-0.03089630976319313,0.7858514189720154,-0.047253891825675964,1.1108723878860474,1024,512,-0.047253891825675964,1.1108723878860474,stage1_rows,512,0,0.0021380141843110323,0.06793285405728966,0.0029866681814382902,0.3089971449226141,0.3498011989868246,ce3750f5fcd006c225af8faf42475cdc:0:0,674a6a35744a372c0778e80448955059:0:0,6980bde685d3083c760edc663570275f:0:0,582a0cd6b6812f6d5678583fc2aca84d:0:3055321145,c6fd5e907d552dfa939b5c4624e2ed80:1:23801051
418,B,18,0.06763525307178497,0.8265337944030762,0.12137798964977264,1.166208028793335,1024,512,0.12137798964977264,1.166208028793335,stage1_rows,512,0,0.00039591442327946424,0.10467612460488454,-0.00022762837470509113,0.34091587737202644,0.3464291910058819,8053fa7b2459ceba72d2baea778534dc:0:0,046111e8524433c06402cae00edb1779:0:0,ba0b9b1e68e995e19b04c04aff23d53a:0:0,59714b64161bcc462359b6af1a09ef4d:0:1217146344,3014668b4e3a21464d32acce8ae732a9:1:1056428652
419,B,19,-0.013032564893364906,0.8102832436561584,-0.02371826022863388,1.145589828491211,1024,512,-0.02371826022863388,1.145589828491211,stage1_rows,512,0,0.012912214733660221,0.062207390589173885,-0.003303516157757258,0.32839317321777345,0.32315363199450076,5ac95ee94f3fbbeb1c2e3cbe41c30cdc:0:0,f7698d6fe75955fc5aec39f06da3795a:0:0,72f5751fc5ecda64f2a08d5e10c6652c:0:0,7146d87d7ca93ad3a235fc45d28b364d:0:3793799661,88c2b80ef9e4e296f5eda980164ef491:1:3152708993
420,B,20,-0.034625403583049774,0.7724083065986633,-0.07292492687702179,1.0907707214355469,1024,512,-0.07292492687702179,1.0907707214355469,stage1_rows,512,0,0.00164507154840976,0.07678494015708566,0.0007184239046182483,0.2979455694556236,0.3139426839770749,499a6da3c49c0802fb4e588aa100e4dc:0:0,3b0c74ca714e4db563505e38dec5f14c:0:0,50e9ba32bc2495c95cda11b2f75f2bdc:0:0,9701dd80cec6a3b8344df8965c307d4d:0:3029841655,17243db89d748a23da670f8dccd5d82a:0:1315576209
421,B,21,0.1542368233203888,0.8209767937660217,0.30450326204299927,1.1412222385406494,1024,512,0.30450326204299927,1.1412222385406494,stage1_rows,512,0,0.012249452993273735,0.09963912778766826,3.81041900254786e-05,0.33047675266861914,0.23294528800761327,5e3a548aa3d46853ca9351af953ebcdc:0:0,fd20bf78621026bd459942b875a33f68:0:0,1a0eb7e354da20448a34c8d41806252e:0:0,3d033783ee794ab00652157326f9c44d:0:502953634,4e8d8313d06910a95556a5146e3f1ba6:1:3244417915
422,B,22,-0.10641667991876602,0.8203849196434021,-0.21116267144680023,1.1504883766174316,1024,512,-0.21116267144680023,1.1504883766174316,stage1_rows,512,0,0.00033517926931381226,0.03428092807298526,-7.813883166818414e-05,0.33289824798703194,0.23541590297827497,6405e8bf8a60720fa5316b8d1e7c94dc:0:0,b00320b7d41f285c6fac11f325afe4d8:0:0,bb2a17769f607491f2b24ad8a6cecc72:0:0,95231b54f0f5a5d4816956eea2e70b4d:0:3532690804,2d9a793693d68b4145f21529eedb2132:0:1315769613
423,B,23,0.12552446126937866,0.8643342852592468,0.24015969038009644,1.2113784551620483,1024,512,0.24015969038009644,1.2113784551620483,stage1_rows,512,0,0.007174151949584484,0.035699817980639634,-0.0009163448745312053,0.3698622643947601,0.30803468299563974,da4cad30904d4e868730e9833cba6cdc:0:0,a1420573cf88964e0309c2dbce253f77:0:0,c02162ee78869d84991fb8ecd74106a2:0:0,8109279482892101e0385b5b3ff8524d:0:3178328908,a1e60dc310597e841495e3a1a660511e:1:1656109359
424,B,24,-0.05919893831014633,0.8322055339813232,-0.13726091384887695,1.1715024709701538,1024,512,-0.13726091384887695,1.1715024709701538,stage1_rows,512,0,0.008873906917870045,0.0620077348779887,0.0005310171167366206,0.3443460315465927,0.30989220703486353,84fd099f517ebf63cd6e0ef1eff844dc:0:0,96781ac327085d709c6b6ff1a3066393:0:0,ed8a3185b0cd9bed38b9298d086282a6:0:0,d25b552972cadbcee7e85b4b6e2d994d:0:820388302,b3e89c072fa035414af99b2869eefa02:0:1928619244
425,B,25,-0.003802596591413021,0.8216196894645691,-0.02060995064675808,1.161502480506897,1024,512,-0.02060995064675808,1.161502480506897,stage1_rows,512,0,0.011291787959635258,0.07448039833689109,-0.002878816269367235,0.33755297437310217,0.31466144701698795,e9d42219b9ad72ebb5991f3938361cdc:0:0,079453b73423c9fb27f35c95c5591ed5:0:0,342e8eef08b57c8e26575bd243001ed3:0:0,5a794cd4f0e1f086c52e29919d86e04d:0:2621648509,db402b827bb2ff065c1e212186019e8a:0:2016055286
426,B,26,0.07598692178726196,0.8435989022254944,0.14542557299137115,1.1887975931167603,1024,512,0.14542557299137115,1.1887975931167603,stage1_rows,512,0,0.0009980640606954694,0.05830119171878323,-0.0046646988361317195,0.3544946886599064,0.3176476520020515,fe969c1a4922a838de365db91573f4dc:0:0,d1bd0b6e3d3b3afa76533beee6864cf9:0:0,bbf96596ed1436a5d4b06a453559f722:0:0,aff9002c545a12950d5133403e04274d:0:1837976518,0d7590808fa6846544266bc3f598f440:0:2838134632
427,B,27,-0.018718944862484932,0.8234097361564636,-0.03221835568547249,1.16414475440979,1024,512,-0.03221835568547249,1.16414475440979,stage1_rows,512,0,0.003884725971147418,0.04470725816208869,0.0006012381199980155,0.33904720172286035,0.3097424099687487,05547bc588312379c69e0dd187b1ccdc:0:0,2b085964fc69e2923b5941d8043f765c:0:0,e71e231813345c21d5b46d745a473340:0:0,395e1fd36aa992d3e3327fa9bfa56e4d:0:4068174257,2f1cf7b76e27e6c5c9b886b0f035d236:1:2658981006
428,B,28,0.007779768668115139,0.8467828631401062,0.013182717375457287,1.1973068714141846,1024,512,0.013182717375457287,1.1973068714141846,stage1_rows,512,0,0.0016205948777496815,0.043433472770266233,0.001328999747056514,0.35867833644151687,0.30478711798787117,160f20fa5f6b722e4efc72e28eefa4dc:0:0,08e9f2b41b7041a6f20c60d996c4d484:0:0,96aab721ed6fc104178ef38576dbcd53:0:0,20a9bba52436182c4053b060926ab54d:0:1633745419,4c68f8a677038845541145e7407bdc1c:1:176890639
429,B,29,-0.02331489883363247,0.829201340675354,-0.03415270149707794,1.172377347946167,1024,512,-0.03415270149707794,1.172377347946167,stage1_rows,512,0,0.0042824698612093925,0.06253245222615078,-0.0027427087828982622,0.3439131438732147,0.30674368399195373,2145492b0a977f653851d04c2b2d7cdc:0:0,f378e3cd644ee6424d35aeb0456280b8:0:0,6ea3648cacbac305457090249bde1617:0:0,a4c606ac254f9af861de01372653fc4d:0:3447819827,b1d187545f97911c04c2d0a6c758855e:0:2133429489
430,B,30,-0.006628696341067553,0.8197096586227417,-0.005869508720934391,1.159060001373291,1024,512,-0.005869508720934391,1.159060001373291,stage1_rows,512,0,0.0009011183865368366,0.0540874537313357,-0.00048471170011907814,0.3360329419374466,0.3099128689500503,4cedd8345c5f77f9a472696e5c6b54dc:0:0,2b5a8cc1a35cc0162b947da6395f0e7d:0:0,a2cb042b3edf9fb33143d91d30529205:0:0,036a53853043719859a9483feb61434d:0:1522736058,382d0f2c38ae65fdadf3ad84669a4875:0:3055703930
431,B,31,-0.03223831206560135,0.8128166794776917,-0.06283441185951233,1.1485023498535156,1024,512,-0.06283441185951233,1.1485023498535156,stage1_rows,512,0,0.015714116394519806,0.10581097677350045,-0.010314396469584607,0.33017770349979403,0.3060464540030807,6d4707a908bffed0960681a922a92cdc:0:0,5d446d70b936159d64b2317dd296781c:0:0,a0220ed1e9d184a3d965d6f0a401c7df:0:0,c595c92695537ca8c342f5cd51928a4d:0:2658525792,0ac0e9a7726785622e29974ab3ddc33c:1:2302304187
432,B,32,0.04209395870566368,0.8591282963752747,0.09248598664999008,1.2127197980880737,1024,512,0.09248598664999008,1.2127197980880737,stage1_rows,512,0,0.006353852804750204,0.10829928438179195,-0.0016493226328748278,0.36823452785611155,0.31202344404300675,04947946ac33b116708a5c5c7de704dc:0:0,f0ef3fbc61a96bff333ce9f55b211e62:0:0,aab2c2949f672805191405e4d4c7601e:0:0,c0ef5f35d407c14b9cf51471c8e7d14d:0:1262755040,5b76693d67fc5eb85c7d1bfa12700482:1:828958748
433,B,33,-0.008284318260848522,0.8376938700675964,-0.016994547098875046,1.184421181678772,1024,512,-0.016994547098875046,1.184421181678772,stage1_rows,512,0,0.0067579494789242744,0.030671885423362254,-0.0007513349482906051,0.35093860030174256,0.3087008550064638,a873868a459bfa7c784e3ce86e24dcdc:0:0,96dacd360b1f02b15535024c84deae44:0:0,6ed8a58d83fac54187954f04139ae560:0:0,e34527335efafff344cd48ffc161184d:0:2289028255,36dea22ee6f1a545fa95a537bd3e203e:0:735994456
434,B,34,-0.0016357582062482834,0.8108233213424683,-0.00757724791765213,1.146458625793457,1024,512,-0.00757724791765213,1.146458625793457,stage1_rows,512,0,0.0023896354250609875,0.06224247415084392,-0.0021421653727884404,0.32895100191235543,0.31119081302313134,e8d20499d8e73976527666acf362b4dc:0:0,c6024a99e0254a886fe4d37d0a52d4df:0:0,846450c2e95558d601a50e3b6516b8a2:0:0,eaa3f7f7ffed161f99a3d289aafe5f4d:0:3221839765,26fcdc6b44ccd5c5c2d46cdd03564274:1:3639743576
435,B,35,-0.034366853535175323,0.8009326457977295,-0.09388361871242523,1.1293646097183228,1024,512,-0.09388361871242523,1.1293646097183228,stage1_rows,512,0,0.0013053594157099724,0.04572018680628389,-0.001577810823073378,0.3195480011403561,0.3135823770426214,dbd090f8f074337784fb1d0a0da08cdc:0:0,ccb2396c3db9a4af77313237429817e8:0:0,53125b80a435360fdf5d0c21ea35cfae:0:0,1b75de6bad90397d40228a61f5bfa64d:0:3245170000,9ddf2f1a0988e6dab11be1197c6e8fae:0:116116690
436,B,36,0.05416847765445709,0.8253455758094788,0.11726043373346329,1.1636159420013428,1024,512,0.11726043373346329,1.1636159420013428,stage1_rows,512,0,0.008441338315606117,0.04902651968877762,0.0010352623678045348,0.3392701707780361,0.3149392409832217,42ee58bdb332d930f6a8a35fbcde64dc:0:0,607b2387bf3da1e1d228821053ab299b:0:0,1b3521e391df455baee22fc40a92db27:0:0,b02e5426bf305ad70bcbe41b11a4ed4d:0:64678219,259270cf6894eb6bc6ef6577835ad7ed:0:1131527818
437,B,37,-0.041789062321186066,0.8452889919281006,-0.08150440454483032,1.1939293146133423,1024,512,-0.08150440454483032,1.1939293146133423,stage1_rows,512,0,0.0016682966379448771,0.09295126111246646,-0.0052018851682078095,0.3569143623113632,0.32053771504433826,d8c9293c45825ace6f1f3d0e011c3cdc:0:0,21f48380ea5ec0261568c84b7d8e9d72:0:0,ae995c9a7fba6681be26651cb80ba922:0:0,f8feadf84bfe3f498c01ed876eae344d:0:3556573692,623b8c4a6d2bae05c75fe185d986217c:1:2911861157
438,B,38,0.06833768635988235,0.8384710550308228,0.14665108919143677,1.1804237365722656,1024,512,0.14665108919143677,1.1804237365722656,stage1_rows,512,0,0.001311593921855092,0.023618079861626028,-0.0012988501926884054,0.3496884502470493,0.3150713709765114,bb81765e2acc8c3416d32d74da5a14dc:0:0,439ba29b251406fc377e1e829893058f:0:0,3b554c73940ed91a907e249551b40fb3:0:0,7a1d6c3b2c721e28bd0d4eb97cdb7b4d:0:1118147991,62c9b99e16fdcba65c99d27f44fdcaa0:1:67134
439,B,39,-0.09689204394817352,0.8020851612091064,-0.1905253380537033,1.126373529434204,1024,512,-0.1905253380537033,1.126373529434204,stage1_rows,512,0,0.006890781689435244,0.05945198892150074,-0.005650140380021184,0.31891159489750864,0.31383446499239653,166ee01b5dde993bf70cb7f44897ecdc:0:0,efdb8eab831145fb023a0d292f3d6bd8:0:0,59e454fbc8aa8a112036040e85e14fcc:0:0,c964789a83e3d207dd244a03ac2cc24d:0:212225011,5eb1ff20461c45b5eb8e16a8337666d6:1:3561408362
440,B,40,0.008691363967955112,0.7962499856948853,0.029006367549300194,1.1255062818527222,1024,512,0.029006367549300194,1.1255062818527222,stage1_rows,512,0,0.0034479605965316296,0.029912592261098325,-0.002787187020294368,0.3169949039816856,0.3118603569455445,26469dcad5ff09f379e81fec4bd5c4dc:0:0,8b3999ec4b85f6ec20a0d48096122fa1:0:0,53b74e11e0e1f1b5d8d24f9fd763108d:0:0,a083bb8aef20eb536571bbf86ca2094d:0:1921221346,958c8ac1c9387c49671b295933f5188b:1:3352718118
441,B,41,0.07803411781787872,0.8439083695411682,0.14895039796829224,1.1890708208084106,1024,512,0.14895039796829224,1.1890708208084106,stage1_rows,512,0,0.017752982676029205,0.10930387888802215,-0.006034909415757283,0.3547376222908497,0.31541943101910874,752213402ec116d8ea55a8bce4139cdc:0:0,1b6af59807798bb8eb6052821ba8f596:0:0,67814dee19012674cf0410b5f808292c:0:0,9d201272727332ed271c1b6a2e3b504d:0:817402053,a764f9f5bf004339a346911194ca51d6:0:1914037513
442,B,42,0.009094912558794022,0.8440766930580139,0.018441829830408096,1.193454384803772,1024,512,0.018441829830408096,1.193454384803772,stage1_rows,512,0,0.010436911135911942,0.02592420863220468,-0.0006074006232665852,0.35632862970232965,0.3124915430089459,b7f8b0ec28954d18f41995c6115174dc:0:0,85952994fd16e84f3f8330a868d4547c:0:0,0d28ce5240158afe0ca7d1af2bba7a22:0:0,28de416306346b3a8c4c796b60f8974d:0:501818510,9aa937ae5139bbd33a0c043f084cf819:0:1164301583
443,B,43,-0.03418479114770889,0.807113766670227,-0.07471425086259842,1.1398193836212158,1024,512,-0.07471425086259842,1.1398193836212158,stage1_rows,512,0,0.0016113028395920992,0.0653345329221338,0.0025912284618243575,0.32534972168505194,0.3101662009721622,0d1d1d75b81782cc23cc2a67d38f4cdc:0:0,9a1ef210f33641897a743b97fff8921c:0:0,28bd6c63c2bbddb5b70028cac17ec469:0:0,0744238e2cb65e14fd35814e74d9de4d:0:4248359264,b0f1d51eacc305f24f14cd5b0135ba2b:0:2220547947
444,B,44,0.023115437477827072,0.8374384045600891,0.0471159853041172,1.183661699295044,1024,512,0.0471159853041172,1.183661699295044,stage1_rows,512,0,0.002111793030053377,0.06268500639125704,0.001011478205327876,0.35059659034013746,0.306616407004185,7b2284815a1a1b3466d9aa022acd24dc:0:0,9b4ead06ab8439e46a48926f3e9cffbc:0:0,f84c8e734358ebeaf7710400afde2223:0:0,2948af574ef0860c691a78a5d9df254d:0:3494909109,39a6b7f26a0614ee0f4068842dff0a68:1:2048449435
445,B,45,0.014758102595806122,0.8495774269104004,0.03325563669204712,1.201038122177124,1024,512,0.03325563669204712,1.201038122177124,stage1_rows,512,0,0.0011138551635667682,0.023559130053035914,0.0009766874194610865,0.3609429597854614,0.3132449300028384,793bc39c626e9afa8b8257f5170afcdc:0:0,d095621ac2e8f027fbbedfc926a8cdf1:0:0,7684bd6ce534db4134afc0954e4f5830:0:0,8f68614ab70ee16bf3563f4400086c4d:0:3605057956,0ac86f6e786940edda40782620bcf537:1:3022128594
446,B,46,-0.06513827294111252,0.7956975698471069,-0.1191236674785614,1.1225154399871826,1024,512,-0.1191236674785614,1.1225154399871826,stage1_rows,512,0,0.003773351665586233,0.059973545372486115,0.00017046383036358747,0.3158479228615761,0.31110005296068266,fdab0b81fb6b8c6bc0da77a09848d4dc:0:0,8360c7c288f4cf6212483205404f0e55:0:0,fd687bfc6cb219978c951ae32c8960a3:0:0,a4b4bf63e0a7bd70c4624f3b5755b34d:0:744225031,8387a38d43a0ab22f8e262951d1f46f7:1:1589636565
447,B,47,0.023559851571917534,0.8265172839164734,0.04397476464509964,1.1683467626571655,1024,512,0.04397476464509964,1.1683467626571655,stage1_rows,512,0,0.006427910178899765,0.06437657158821822,-0.0014189606881700456,0.3415399082005024,0.31207703199470416,0c35692f8c2fb3b716ca4c64ae86acdc:0:0,d420a6d35eaf4ffab817361324402187:0:0,64f9c9fb5c5e558f602f64debf6049e8:0:0,4bfac71b7e088822feddbcde4fc6fa4d:0:2627464521,87d1b5df525400c15aeceb031322c851:0:549151816
448,B,48,0.025548342615365982,0.8192696571350098,0.06342330574989319,1.1572210788726807,1024,512,0.06342330574989319,1.1572210788726807,stage1_rows,512,0,0.002373732626438141,0.018308037845417856,-0.0013469094352331012,0.3352280169725418,0.3115744310198352,05c2877e3ba2932afe0e19a159c484dc:0:0,65ad55ea288de12318306d4f1a00125a:0:0,f2737f8aebd30a0b18ddb354a6b72f83:0:0,852f8fd000b3f740d89436bf595c414d:0:2901924614,467495953912219fcf76b6ba055974ba:0:2861745281
449,B,49,0.01317125465720892,0.8570383191108704,0.03148160129785538,1.211611270904541,1024,512,0.03148160129785538,1.211611270904541,stage1_rows,512,0,0.007186594884842634,0.07251248630927876,0.0015478211877052671,0.36724397987127305,0.30950793297961354,0b5dd73746323f72c83622b69a025cdc:0:0,d772ed1f31b5ee4032c2438d3f297ecb:0:0,a4d1b8739bb3db7e6d85a72bbbd89947:0:0,8588fb66a8d612abd78505b0e415884d:0:643943795,6eab3bfdc68a3827e574410bb6e329ae:1:220344625
450,B,50,-0.026986626908183098,0.8565620183944702,-0.048276208341121674,1.21082603931427,1024,512,-0.048276208341121674,1.21082603931427,stage1_rows,512,0,0.0015858624828979373,0.011069057148415596,0.0009416978075023508,0.3668338730931282,0.3169295060215518,a1b328d8dc4e83d427a6ab046f4034dc:0:0,a523dca9f29ff7e5c1859f3e666d678a:0:0,0e8b745aa24fb803fb3e541acd6eebe9:0:0,32412ba31c1cf0c832ea0cc55ff2cf4d:0:4165995186,6560d4fe49ab5a082f67c1d810818d61:0:2506863781
451,B,51,0.021308718249201775,0.8430678844451904,0.04407866299152374,1.1916918754577637,1024,512,0.04407866299152374,1.1916918754577637,stage1_rows,512,0,8.696224540472031e-07,0.03556766188703477,0.0009502643399173394,0.3554025337100029,0.31531519402051345,66dda0813fa1566caf97f5ead97e0cdc:0:0,6fa1e8372db84c0389154b71eacdbf52:0:0,1f7f537b712d8f5ec996a3267ae5b0d9:0:0,2b083ecc480f333e583ec94f3cf4164d:0:1557974461,758544adbd0c1da9342c0ea69bfdd5d6:1:932070394
452,B,52,0.01942310854792595,0.8813247084617615,0.027119463309645653,1.2461848258972168,1024,512,0.027119463309645653,1.2461848258972168,stage1_rows,512,0,0.006962451618164778,0.025937434553634377,0.003026566270273179,0.3884588353335857,0.312412970000878,1af4c9b5d5049c6f541646c9d8bbe4dc:0:0,444f22531e2dc45f11162b3fd141a59c:0:0,7a9dda9673c0fb0f0dad3cfa98acd624:0:0,e1aca4eadea3928e944752e0eb195d4d:0:3958770229,2800fc8c9859b77bb22951577c84977c:1:31885931
453,B,53,-0.09394402801990509,0.8342572450637817,-0.17686942219734192,1.1738001108169556,1024,512,-0.17686942219734192,1.1738001108169556,stage1_rows,512,0,0.00023854628670960665,0.05122469323687255,0.0018638015142641961,0.34610217362642287,0.31529727700399235,74306dfbe1353e61ea01e1016cf9bcdc:0:0,f8ccbe58c58fb3bb79dbef8038d06850:0:0,bfa142e4b485e5efbe7069c49f90cf1f:0:0,2ce5b3640d8706e6e0175b4cda62a44d:0:1434033757,171f5ba4d33a890c950941b915215405:0:1276162256
454,B,54,0.0585077702999115,0.8419256210327148,0.11782047152519226,1.1875395774841309,1024,512,0.11782047152519226,1.1875395774841309,stage1_rows,512,0,0.002353054005652666,0.07349031730554997,-0.0051434053893899545,0.35333036705851556,0.3128540960024111,39c0ae78a6438c5aa70f07f1963794dc:0:0,111a4df7d8c671d7f28fb711dba1d3f8:0:0,98f0c5ca4b394dca93a326a788cc1359:0:0,3b56ea0e29295caad2192ea57acfeb4d:0:3751781695,dc64a4c7202f7d3b8c9eead01adf5b69:0:4103876213
455,B,55,0.00287003256380558,0.8460092544555664,0.007938710041344166,1.1962655782699585,1024,512,0.007938710041344166,1.1962655782699585,stage1_rows,512,0,0.007359443698078394,0.04964316493133083,0.0016653961269184948,0.35808711498975754,0.31375055602984503,ec94be0e97c0f23da1c5fefa54756cdc:0:0,495f5e3653d306eb1d0d095e52aa1700:0:0,c2be885d81e6d8871389ef4239968a30:0:0,c5880640e452431db314b33d3c61324d:0:1522461721,f2f686d380b7ce246a1ed311dbe715b1:0:2391104549
456,B,56,-0.013562962412834167,0.8432492613792419,-0.04211379587650299,1.1916941404342651,1024,512,-0.04211379587650299,1.1916941404342651,stage1_rows,512,0,5.5426498875021935e-06,0.021820185834076255,-0.00019110606008325702,0.35535898357629775,0.3192771769827232,db3f76ad5baafbfa5183097ba7b344dc:0:0,53ce40f8f712fc546faecc0bc6b30113:0:0,34e06a222e807b664f61a766e093bd89:0:0,a46c58f353ab239eb73669a68f16794d:0:2867748525,16bcb0812e00a3d6895e7b851fb0ebfe:0:1157568088
457,B,57,-0.03188621625304222,0.7981961369514465,-0.07501310110092163,1.1269973516464233,1024,512,-0.07501310110092163,1.1269973516464233,stage1_rows,512,0,0.0009218450868502259,0.04728115334874019,-0.0011884780367836356,0.3179826229810715,0.313279144000262,ddf5e1ca4e13a9c90e766ad58ff11cdc:0:0,2b761d3ba06f774171508bb7174bdd57:0:0,19e74c72439adc12334f37ab8e6fb09a:0:0,da331fdb6a544fe75b166cb3e2efc04d:0:2513281570,06111d0fcf91af8ee91f90aaff3ff6f7:1:4152837842
458,B,58,0.05117146298289299,0.8207607269287109,0.10824326425790787,1.1577750444412231,1024,512,0.10824326425790787,1.1577750444412231,stage1_rows,512,0,0.0022623208351433277,0.05463765091262758,-0.0005565354716964066,0.33590695932507514,0.314745977986604,2148a9373d87146891a466680d2ef4dc:0:0,c104d1f862cb69f4bfed4a459a5bbbe8:0:0,dfc22ee4dee148a0b7034b413c202c1f:0:0,3c0d91d8d14655bbe4bf7177a7ed074d:0:2783818085,3cd5507301edaf10f2cd014ef8a793b6:1:2035129392
459,B,59,0.009912588633596897,0.8214849829673767,0.017211107537150383,1.1615568399429321,1024,512,0.017211107537150383,1.1615568399429321,stage1_rows,512,0,0.017434613779187202,0.0757712381426245,0.002596841186459642,0.3375514641404152,0.30973417800851166,59b642cd162e615b74e53f931f6cccdc:0:0,4e74aef63d60b5f6bec7c6609e83b536:0:0,d0e51104d31d9fbc81a99ea634fd1575:0:0,dabb07e3f6ea867e08b5c7444e0e4e4d:0:990027491,4bc85d3d6360a13eef21e747eb9d02d5:1:1761274170
460,B,60,0.03601202368736267,0.8169466853141785,0.06029186397790909,1.1546778678894043,1024,512,0.06029186397790909,1.1546778678894043,stage1_rows,512,0,0.010888605378568172,0.02478004024596885,0.0020847971260081976,0.33365213572978974,0.316369516949635,778886a031b00725b2e539b6c6aaa4dc:0:0,1dac8f4ab6e10264b1c97d7f38192d6f:0:0,57f2792b2dc397fc89a2d800e7033d9e:0:0,5267c065f7000111b2fe57ac4553954d:0:960876041,ada448d1f8f769e1f3f419f4b9e4d75d:1:614998647
461,B,61,-0.03823278844356537,0.8188551664352417,-0.07537682354450226,1.156690001487732,1024,512,-0.07537682354450226,1.156690001487732,stage1_rows,512,0,6.22159568592906e-05,0.03881410837639123,0.000627837904903572,0.334915529191494,0.31642855500103906,799d3cb401cd618a2724983302e87cdc:0:0,9b657addb799931cd74825695d1a245c:0:0,a87e73916ce31ff1aa2fd7e63fdf1803:0:0,10712e6a848ccc83f425a681fdbcdc4d:0:3997517966,cf1c55d4f4240129088e2d8653bc1499:1:1326077171
462,B,62,0.009667430073022842,0.8120455145835876,0.01961127668619156,1.1481671333312988,1024,512,0.01961127668619156,1.1481671333312988,stage1_rows,512,0,0.0029209747444838285,0.015645399247296153,-0.0002734735142439604,0.3297849766910076,0.3131821900024079,4ebe0c63cbbd95c80df79e67d42654dc:0:0,1eeda8887379e450c10c1ac4a29cd467:0:0,a67ef04d427e8ee5272599d16cdfa9d1:0:0,4b300bae5044d1e41246d1d7e74a234d:0:3165279837,433f365037a7dd2e60d7c70b97274f8d:1:2460165096
463,B,63,0.010681413114070892,0.8076694011688232,0.003348158672451973,1.1420259475708008,1024,512,0.003348158672451973,1.1420259475708008,stage1_rows,512,0,0.006723721046000719,0.0384949320810847,0.00033717128681018946,0.3262873969972134,0.3143483480089344,d00914f62a45c6d884868fb53a642cdc:0:0,3d8264e7bc15465c5549a00fcc7edb95:0:0,7bd8e49f28834d4608d04b26e0304226:0:0,b0035f467d7ac3bebe12920071fb6a4d:0:3563112474,77462e7d41b227b5723ed3b8cdbd3aec:0:1618537160
464,B,64,0.041629597544670105,0.8248120546340942,0.08467362821102142,1.1647348403930664,1024,512,0.08467362821102142,1.1647348403930664,stage1_rows,512,0,0.0013905746163800359,0.10627917624078691,-0.0004150651046074927,0.3395855188369751,0.31130302004748955,c3a054110c8e99ac08cdaf7b35a204dc:0:0,b70e78e53eeffa1e403d19e36ebd6f64:0:0,b55a5e77373e926f027d708463e6a201:0:0,2291ada4965941ab6bd6398e0dd0b14d:0:3863562132,1fa10e0e3e9eb8293a882e78ba0c1134:0:977949248
465,B,65,0.01572134904563427,0.870587170124054,0.03398575633764267,1.2307730913162231,1024,512,0.03398575633764267,1.2307730913162231,stage1_rows,512,0,0.018129855394363403,0.06518622820731253,-0.0020709139767859596,0.3789667822420597,0.31337405496742576,8562dc03e7b70967f99d4119c5dfdcdc:0:0,2cbe593a860a804700befa771873fd3a:0:0,f30f987825232c3191683eb6054dbc30:0:0,1cea553215ccc65bd082b5532ac9f84d:0:764989888,0cff48a437a1d224ad33abb9af64b165:1:876190819
466,B,66,-0.06955170631408691,0.8142151832580566,-0.14850836992263794,1.145894169807434,1024,512,-0.14850836992263794,1.145894169807434,stage1_rows,512,0,0.0012240041978657246,0.038989969342947,0.00014689512318000197,0.329438341408968,0.31484305404592305,6bd7b91dd1248ba4169987f0eb1db4dc:0:0,e77fd27438514ec6c2aed5cda98ac313:0:0,b819a235703729b98d10be675fc582e4:0:0,37c6e7cb0a312e9d82b38c6238e73f4d:0:2391124907,a50d7ce725e2a1a67553a6c43d3c336b:0:294416201
467,B,67,0.07148092985153198,0.8589635491371155,0.1511278599500656,1.2093786001205444,1024,512,0.1511278599500656,1.2093786001205444,stage1_rows,512,0,0.00416732020676136,0.10716868559829891,-0.00472696430515498,0.3667315274477005,0.3113395129912533,41af4285379084a8003ac760a55b8cdc:0:0,4ca03e68e8105e280f069c80a7700a4b:0:0,ef89078fe22a5dcb434d37d29be1200b:0:0,d153c024877fe7bdbfb5e00da828864d:0:1644335861,c4f3567c9372e37c82b2c84a78a86166:0:3474683373
468,B,68,-0.0492183081805706,0.7889816761016846,-0.10242519527673721,1.1130967140197754,1024,512,-0.10242519527673721,1.1130967140197754,stage1_rows,512,0,2.6855850592255592e-06,0.13960130468476564,0.006094145990209654,0.3102934218943119,0.3104629690060392,38547046f0d30ba8b7cd42c8f49964dc:0:0,fb340f1b1fb40be22e3dd2f807a4e10a:0:0,2ccb5206fde625ac4b310d271c77b613:0:0,ee5b35cd9a6613bf548f6be7e88dcd4d:0:1519109454,79a02375832a6e0e52ee0026903f443c:0:1280616648
469,B,69,0.019195638597011566,0.8246884346008301,0.03169161081314087,1.1660048961639404,1024,512,0.03169161081314087,1.1660048961639404,stage1_rows,512,0,6.0467515140771866e-05,0.11416897606104612,0.0024416837753960864,0.34010110385715964,0.3101234250352718,8df4ad92526aff061f713d89d8d73cdc:0:0,e6afc8f5be879c255d55c0999e4e4194:0:0,50eb61428344dda18755058a115cbada:0:0,d0752e1c2f5431d2ab0585c36a17144d:0:180221012,1f5486479a89dd7cd1f0b5b884e10a48:1:1771915367
470,B,70,0.035777755081653595,0.8459568023681641,0.0836801677942276,1.1943033933639526,1024,512,0.0836801677942276,1.1943033933639526,stage1_rows,512,0,0.0011055383365601301,0.10038080234080553,0.0025336440885439515,0.35720016062259674,0.31195008498616517,c1297b580ac368887a1afb03521514dc:0:0,ccf5095b855d62d3f9d002550bbab6d5:0:0,b01a84a8480bbc513f975cbf4069f410:0:0,d5854f1ee943197ffaa41db29cc45b4d:0:177562540,75aa123d789f46224ab0285b5b4289e2:0:518946305
471,B,71,-0.09032540768384933,0.8105779886245728,-0.1691538691520691,1.140744686126709,1024,512,-0.1691538691520691,1.140744686126709,stage1_rows,512,0,0.001786758191883564,0.1065216243150644,0.002897422402747907,0.32671804651618,0.3111785020446405,960c14c17136319deb92be956052ecdc:0:0,490edbab4e0c5665fb7c62e485e55c41:0:0,ca2e870bc87e6e95d81b0ec536eba47c:0:0,43b72ebd339456f39dc4be07f095a24d:0:4106149491,f2913b2f77243faa5f4024394c7b7ad3:0:3708940643
472,B,72,0.03618897870182991,0.8248541951179504,0.06778302043676376,1.1655317544937134,1024,512,0.06778302043676376,1.1655317544937134,stage1_rows,512,0,0.0006493721157312393,0.03688318599015474,0.0009326366125606,0.3399587020277977,0.30988630501087755,63f0243602cc2797f874cba00390c4dc:0:0,f1d344b6ea94198d228f7f49227b3c02:0:0,1bb371ea0747082b9f4b70d09cbb736a:0:0,56ae4eabf11e36dc8a958b55d58ae94d:0:2801569505,01b0871584426e7bd38e9d791862e893:0:3527285356
473,B,73,0.03602441027760506,0.8215665817260742,0.08063799887895584,1.160010576248169,1024,512,0.08063799887895584,1.160010576248169,stage1_rows,512,0,0.024536967277526855,0.058198188152164224,-0.0004135472350753844,0.33697556629776954,0.31515763100469485,204f74e4c1ba4fe9063165833bce9cdc:0:0,0514789a555b84d14087aa1310ce2d43:0:0,bbc223703b1be5a741a0e38c71b3a200:0:0,1176d0eb081e104cf020446ebba4304d:0:504719688,545b1b59f83265d0bacbe9af7366c7b5:0:2769497972
474,B,74,0.019057532772421837,0.8473883271217346,0.04382656142115593,1.1977365016937256,1024,512,0.04382656142115593,1.1977365016937256,stage1_rows,512,0,0.0017215257976204157,0.13460286183981224,-0.0021004273832659235,0.35901826024055483,0.31046359398169443,62956a072d9c8c61db0ccf9f090c74dc:0:0,a8ed36597443e93c49bb402181176b05:0:0,de0dde0a1fc0e7312ab95a1532f6ed0e:0:0,c7254342af759b0cf751426512e1774d:0:9690826,59af33fbf4f01ffb053045922eb5c23b:0:393675122
475,B,75,-0.08399301767349243,0.8107205629348755,-0.16691701114177704,1.1403746604919434,1024,512,-0.16691701114177704,1.1403746604919434,stage1_rows,512,0,0.0007657987298443913,0.06976731442846358,-0.0023579443455673753,0.326549568772316,0.3168409920181148,2d75e2538a6d8f6f1e1f4d536b4a4cdc:0:0,c2b2c7d07e2713cd87f01ed52c1393de:0:0,f64c98a0502fa3dc256b38f022b5a511:0:0,5e03cdd2cd4260cfa7fe788b4b42be4d:0:29165043,eb47a31fb8b4d39102a7770473abfde5:1:2016741106
476,B,76,0.03192594647407532,0.799523651599884,0.059761032462120056,1.1298643350601196,1024,512,0.059761032462120056,1.1298643350601196,stage1_rows,512,0,0.008854357525706291,0.09008510330459103,0.0015621135738911108,0.3194574873894453,0.3106599149759859,a5500b542c3c2056d7552200628824dc:0:0,6c206c3749aedc2c035e3722fdc418f7:0:0,08acef2a0ac75eedfd783de36990c73c:0:0,c6b80c5ee98897b9f1ee7473d4c8054d:0:1008115360,ce465a9d0ee79c9042480e59190da666:1:3398992637
477,B,77,-0.003132604993879795,0.8302350044250488,-0.00035523250699043274,1.1739897727966309,1024,512,-0.00035523250699043274,1.1739897727966309,stage1_rows,512,0,0.013977416791021824,0.12160255135968327,0.0011677661794237792,0.3447368428111076,0.3093450349988416,ffca85997d9daf75ef6e9105eec5fcdc:0:0,41007fdd4ce5f0aa1bc3aff2450af6a0:0:0,c9b6be6b3703dc9a66b70266b4cb3ca1:0:0,d04fe6ba3154f4abd9df5df11f714c4d:0:196391650,66d21f0eecd0c629714f5880179d4580:0:2797720715
478,B,78,0.011251401156187057,0.8188809156417847,0.026163434609770775,1.1577364206314087,1024,512,0.026163434609770775,1.1577364206314087,stage1_rows,512,0,0.00043768854811787605,0.04780874162679538,0.001580175315029919,0.33531295582652093,0.31165888102259487,e75b17fc76de3a7dafffddc41003d4dc:0:0,4f61287a9230cd9db2f7a42325c941c9:0:0,d08d58c08297bb2567d8a13322bef539:0:0,12804db4c76343bbca8df7159b3e934d:0:1837161386,9cf24142fede4618e643224f1e07cbfe:1:465679131
479,B,79,-0.029685242101550102,0.7937471270561218,-0.05739499628543854,1.1217118501663208,1024,512,-0.05739499628543854,1.1217118501663208,stage1_rows,512,0,0.005784410517662764,0.035732456296682355,-0.0011653787340037524,0.3149131998419762,0.31126387801487,45c90d673bed80b143714b9ac641acdc:0:0,c208e130ba69bf10cd4d90d0677e4a31:0:0,da208c34be9992d8ac3d0a175d38b902:0:0,4a44ba522701d55409bc9c33b82fda4d:0:2210812158,c85e265550ec1cf429e1270f0b4a78ab:1:3226900201
480,B,80,0.02160271443426609,0.7867581844329834,0.03244401514530182,1.1123985052108765,1024,512,0.03244401514530182,1.1123985052108765,stage1_rows,512,0,0.0037761577405035496,0.00433667388278991,0.0015088720800122246,0.30953113958239553,0.3127102010184899,eaee35d99709872334ff1dea117f84dc:0:0,f6c20a212b9f8668c677eb8a0529c283:0:0,91efe32eee23b7286b17b5f9d0c27324:0:0,b1320003ac940e62513a43dde645214d:0:1038396690,29920a150636aea3f8fb171afcc6c6db:0:506747463
481,B,81,0.06960280239582062,0.8650143146514893,0.1364898979663849,1.219527244567871,1024,512,0.1364898979663849,1.219527244567871,stage1_rows,512,0,0.0006021294975653291,0.03158874904038385,0.0006324262998532504,0.37291774824261664,0.3134095480199903,d107609f06266cf2f0b99811f1bd5cdc:0:0,ae6379b8394d886d2acb119dce33e4a3:0:0,fce413d274e38d4b95104a56d79b0ceb:0:0,033533466cc0aa098be97ee6957e684d:0:2296139168,851c26d8f93ae543d3defeb325643530:0:3996084281
482,B,82,-0.006025916896760464,0.8398696780204773,-0.015206266194581985,1.1875553131103516,1024,512,-0.015206266194581985,1.1875553131103516,stage1_rows,512,0,0.04607054963707924,0.12509360034018754,-0.0006793629960156977,0.3527632676064968,0.31328690401278436,d5ca02ec11138f8a4384fd7266fb34dc:0:0,bcf6c4f8daf0c0086aea6c2fbfb920c2:0:0,b2e2a799d713c7675ca07b19e1d8588b:0:0,40ad477c60027b45b6c7786035dbaf4d:0:3557357162,5428cd748b9796f8d5ef14aa815b47e3:0:1720245262
483,B,83,0.02577224001288414,0.8252116441726685,0.030550794675946236,1.1668647527694702,1024,512,0.030550794675946236,1.1668647527694702,stage1_rows,512,0,0.005073705222457647,0.04938990571536124,-0.0005803779931738973,0.34059096947312356,0.31086660001892596,9f319b589e5dfedadb19916b71390cdc:0:0,9128ce88b793fd2117afb7bb63e7cd66:0:0,6fc1c7541a505699ac54889e6369faec:0:0,672b3c4a8bfcbcf1e5f2f59d375cf64d:0:1344626241,b384f72296af8b878f3c690e047f0a86:1:3804835080
484,B,84,-0.02593361958861351,0.8449429869651794,-0.055344268679618835,1.1940752267837524,1024,512,-0.055344268679618835,1.1940752267837524,stage1_rows,512,0,0.003996443003416061,0.04368102785665542,-0.0023790176084730772,0.35674749240279197,0.3117516679922119,0c8c3fecfcf0419bc603975d1076e4dc:0:0,db5290cc30a4888ba70dbbb7333c6033:0:0,609cc73f077e8f1c714871ddb7a1d633:0:0,2b0b4f543e9e3ea06db356300a023d4d:0:4216434182,afca788ce5fed2111b7c4c9b0892bf13:1:2197663117
485,B,85,0.05067763477563858,0.8600053787231445,0.09577314555644989,1.2144310474395752,1024,512,0.09577314555644989,1.2144310474395752,stage1_rows,512,0,0.008924095891416073,0.05294308823067695,-0.0027891701747648767,0.36919933259487153,0.3105777050368488,07baa1b7586f6986f3a352a744b4bcdc:0:0,ca61482b39cf2de6d27425be728c9ac1:0:0,b94e84fae3250115744724f2bac52381:0:0,e9362dfaa0c8fcb52f7f93eb1dcb844d:0:2456781935,6215596c65dc3100bab128f92f9d00ca:0:1093782232
486,B,86,-0.018666453659534454,0.8359796404838562,-0.0355924628674984,1.1818863153457642,1024,512,-0.0355924628674984,1.1818863153457642,stage1_rows,512,0,0.004563329741358757,0.021241755969822407,0.0012555877096019686,0.34949260354042055,0.3106099800206721,c7dcae1f4e557796b42d06aa0df294dc:0:0,7c217119d049c6588ed2c22e085cede1:0:0,4286e34af6f31754cd457101d1f7f7bd:0:0,eee286fbdeddf2320b0542e0e2b8cb4d:0:3170403175,01670d0bbbb0f11cab5444f9d778f61a:1:2855487986
487,B,87,-0.03120206668972969,0.8332547545433044,-0.06804832071065903,1.1770938634872437,1024,512,-0.06804832071065903,1.1770938634872437,stage1_rows,512,0,0.0002105914754793048,0.07290036202175543,6.675227778032422e-05,0.34678881615400314,0.3198206590022892,9dc0d36d59c9104338a8f6c56c306cdc:0:0,7408e6ec1cfd0c9d4fc511379a16a065:0:0,ab60fa215cd73e474e0ad089623fe907:0:0,8e270089e53732a5732f9163c8ca124d:0:1170187293,e65358e74855a0e5a6e8986851949b97:0:1574979468
488,B,88,0.010894650593400002,0.8108103275299072,0.018720801919698715,1.1464906930923462,1024,512,0.018720801919698715,1.1464906930923462,stage1_rows,512,0,0.007984796538949013,0.09781443979591131,-0.0019814926839899273,0.328763697296381,0.3150497140013613,3360cb3bcc327fc012f366595f6e44dc:0:0,468436d658d05c9b4336323ef846876e:0:0,224b217c9ea4eb7ce4b4d70f80585f77:0:0,119e4fda35449aab272e48063fff594d:0:1667956861,baccc205686f1602b61bc9fb00a1ed29:1:804889403
489,B,89,0.09765610098838806,0.843207597732544,0.18743526935577393,1.1855770349502563,1024,512,0.18743526935577393,1.1855770349502563,stage1_rows,512,0,0.0006256378255784512,0.08414761358872055,0.004418573484872468,0.3531718231737614,0.31208539300132543,c283aac7088e0e39b5bc98c5e7ac1cdc:0:0,e94e7af6ce8abff90d4ee68db19c302b:0:0,cb5facf1f18bf52f6675f3297e112ccb:0:0,20a13e6aa5a9a56f0f7cc99ab858a04d:0:573562359,587e334b2451c55b7de61984f7425cce:0:1315329174
490,B,90,-0.1075419932603836,0.8045005798339844,-0.19360092282295227,1.1310685873031616,1024,512,-0.19360092282295227,1.1310685873031616,stage1_rows,512,0,0.0003660311922430992,0.06072013645898551,0.002882894850336015,0.32198386639356613,0.3114974819472991,2b41d652b77ba412f488d16b04e9f4dc:0:0,1fcfb1ece9df15836a4ace9f4ce834e5:0:0,8175790b9fe3dc5f6ba4b50d6f183829:0:0,b58d8265f46535a23ee91333a1d5e74d:0:2326965638,c76a98e147cbcb8618a2105523eb9217:1:1146761744
491,B,91,0.04699375852942467,0.8498830199241638,0.08451385051012039,1.200622320175171,1024,512,0.08451385051012039,1.200622320175171,stage1_rows,512,0,2.7497299015522003e-07,0.06457227170467376,0.0032129245242231265,0.3608588233590126,0.3149150970275514,01a45219aa0bbe2283b053a8b727ccdc:0:0,e48c299b3beff07eecaa16d66ff35129:0:0,a3013c980d6a3a3b0c042aa5ea0c1e78:0:0,dadf95daedb66052179abc236c772e4d:0:346547719,f39d26c364c5ad0715ceba689fca3b12:0:1698286271
492,B,92,0.04027263820171356,0.8663274049758911,0.07122918218374252,1.2242653369903564,1024,512,0.07122918218374252,1.2242653369903564,stage1_rows,512,0,0.014803916215896606,0.08614742149366066,-0.008813478027877863,0.37510586604475976,0.31223391502862796,a1edc87e2149b1f0785f62defe65a4dc:0:0,427091dfe45010e171ce63cfb6d43965:0:0,07928e77c37190614601ee72059961fd:0:0,6d46befd8d1b88119419f5fc883c754d:0:2768219039,78fea9f2e63c70269c853e4763f89d15:0:387167439
493,B,93,-0.07880686223506927,0.796854555606842,-0.1483447104692459,1.1224963665008545,1024,512,-0.1483447104692459,1.1224963665008545,stage1_rows,512,0,0.00034546072129160166,0.0764580950839445,0.0027789167332230138,0.31613025441765785,0.3121685179648921,1d487a70308341f3c896426ddaa37cdc:0:0,bba0f10026c3b75713d0ede02d92058c:0:0,f7612f6afe173bc39c2f7a570fc880f3:0:0,4d4d458ee77356e4b4568c916525bc4d:0:3713351459,8c11ba20fa47ee8e160e8abec015bab8:1:3343534726
494,B,94,0.06790085136890411,0.8707152605056763,0.1444639414548874,1.2264817953109741,1024,512,0.1444639414548874,1.2264817953109741,stage1_rows,512,0,0.0005041841650381684,0.1601666565518826,0.009130260965321213,0.37719896286725996,0.3125237649655901,5c992c3ff04d81cfcb2935b54be154dc:0:0,102fd5b1487d2d4337121b690191ff23:0:0,166e63be6d66ffd62e56d0f1c3519fa6:0:0,5c3dd1f2ddf1655e0eaee5f47333034d:0:2227971749,62fefdb61caafb443b75db6d4082e381:1:672712025
495,B,95,-0.010972637683153152,0.8262873888015747,-0.015619357116520405,1.1684160232543945,1024,512,-0.015619357116520405,1.1684160232543945,stage1_rows,512,0,0.008969011716544628,0.0423397587845102,0.0027605825627688317,0.341502533480525,0.3126447440008633,2d13fe5138470a91b7c08015521f2cdc:0:0,3c90e2a61cf0ac71b7eef657b69c4875:0:0,b250594e0394b9df59e3a486f137ed74:0:0,25ef0c8d91429d5e84f7027822644a4d:0:2312145927,13836eea52c6fd370d49d4951d74b4d8:1:4058819495
496,B,96,-0.04626370593905449,0.8204765319824219,-0.08351631462574005,1.1590123176574707,1024,512,-0.08351631462574005,1.1590123176574707,stage1_rows,512,0,0.00013765855692327023,0.03919480050681159,-7.488942937925458e-05,0.336369714140892,0.3115610590321012,09e4fe6695977eee26d864eded5d04dc:0:0,42f7bbb118b27de052566f2f59aca9e6:0:0,8c6cae9fa1fa91781d320dbba370bd79:0:0,ed6f1ae24ae7a6e71d7f7caee2b9914d:0:34392469,8d3d9737db923d3b1780b9de206badf5:1:1065300505
497,B,97,-0.003584267571568489,0.8200802803039551,-0.021577976644039154,1.1593663692474365,1024,512,-0.021577976644039154,1.1593663692474365,stage1_rows,512,0,0.002337838988751173,0.035658900893758984,-0.0020777934973011726,0.33623979091644285,0.3122237999923527,5fcb1b79342c5f7e91c1279f1d9adcdc:0:0,7a5aed139783ca3928e434ceeb970790:0:0,9a2cb5510619a4f86a0a17b020673c1e:0:0,51d34ebe1875ed6d001c896b2432d84d:0:1934755100,1780f68469ced18429e5eb5ca7adec34:1:2180196590
498,B,98,0.02150329202413559,0.8270758986473083,0.04522799700498581,1.1690677404403687,1024,512,0.04522799700498581,1.1690677404403687,stage1_rows,512,0,0.0009652149165049195,0.08939553487580269,0.002105604228563607,0.34189498126506807,0.31195098598254845,bae9035370b32efed29f0b88e2d8b4dc:0:0,4719eaf5053d11a144f5b6e94460c5d4:0:0,dc9f496d83773474f01012807b6681d5:0:0,a4e9759da11a0c1f972cf7bf56d01f4d:0:293332233,9f4dfdcd5b45f4f883370ae05d3d01ce:0:1510797802
499,B,99,-0.04651765897870064,0.8135089874267578,-0.08814723044633865,1.1488372087478638,1024,512,-0.08814723044633865,1.1488372087478638,stage1_rows,512,0,0.010514484718441963,0.047013253101613375,0.0019475331297144293,0.3304247297346592,0.31259513000259176,cc4c4e63c950e68aa46a540b3d168cdc:0:0,e7807dedc8e8c21a100104f0f879ed37:0:0,5087289c10a5bc854cb3cde4ea832a86:0:0,292e569bd160af90d4a130fdea91664d:0:2004837337,549fc5914c1c38e028224d97fd4790cd:0:3712052197
500,B,100,0.04129871726036072,0.8046053647994995,0.09772597998380661,1.1349583864212036,1024,512,0.09772597998380661,1.1349583864212036,stage1_rows,512,0,0.000940498779527843,0.036645073699764906,-0.000664345730911009,0.3226209990680218,0.31838090502424166,7bc03b7de316b9db22ef44862c5464dc:0:0,fd9e8aa06ea866274a47a26533a31c48:0:0,73ed7ff4b8d34068fab876bde00c2ad2:0:0,634926b1d3f53b2f9b0238b94f76ad4d:0:2207671032,9233573f0ccb5ff6e25740872eb5e25b:1:2183654362
501,B,101,0.04995019733905792,0.833004355430603,0.092120461165905,1.1764239072799683,1024,512,0.092120461165905,1.1764239072799683,stage1_rows,512,0,0.011941819451749325,0.04560927267884836,-0.0009018690441735088,0.3465346314013004,0.31545665400335565,4b6e1a7f5a342b844ace2059b0923cdc:0:0,7987eb7481ad6657b8cffee32813303e:0:0,169478441c7530e18045762dfd4ee004:0:0,adb1910c6fafc1044a78acc3f57ff44d:0:3119733254,afa30b5a3d754a88f2391bf78fed9c0e:0:364270362
502,B,102,-0.03845864161849022,0.8451822996139526,-0.07663577795028687,1.193934679031372,1024,512,-0.07663577795028687,1.193934679031372,stage1_rows,512,0,0.003538037883117795,0.04655640691053122,-0.0024943610012996944,0.35676284506917,0.3109778980142437,2d92620e12e67132797b2ae5c9d014dc:0:0,ae364cc7bf8acf2c03ea0d2c8ef03bb3:0:0,16db21b9ec4ee3e4cef9665e330dc54f:0:0,c1f356db4bf61a1f71d3c5304cad3b4d:0:2481653595,6bd2405c9856a66d340472fa26415224:1:2247955031
503,B,103,0.07234734296798706,0.852815568447113,0.13916052877902985,1.2022452354431152,1024,512,0.13916052877902985,1.2022452354431152,stage1_rows,512,0,0.0017526730662211776,0.1625590293901041,0.009050272102467716,0.3624249957501888,0.31379853596445173,912a49e5c12527e7ed3ea78a780decdc:0:0,3f574890496b06147e168d38faa315f5:0:0,c6ab42aa76a9800daf14d2e17e88f91c:0:0,69dfe267cc1e2e2aa3905450c4fe824d:0:942348786,870ae21ad62a8d5539ed6192dc68cda2:1:86057083
504,B,104,-0.08352142572402954,0.8373349905014038,-0.16692905128002167,1.1781787872314453,1024,512,-0.16692905128002167,1.1781787872314453,stage1_rows,512,0,2.6892288587987423e-05,0.09459418456535787,0.002554424835034297,0.348424905538559,0.31152028701035306,d8f2a06a5d0c583a4534d9a7bb4bc4dc:0:0,d533e3984aaa00ee1dec49f5dea27f6d:0:0,817bc4f5c0ca14578b940670d894b4a9:0:0,369e47972929b88b6edfc6b7ce73c94d:0:2385691148,10822cfbfc5a83bcbfd67721ebd37b82:1:3941942717
505,B,105,0.0008984077721834183,0.8192644119262695,-0.00017073377966880798,1.158499002456665,1024,512,-0.00017073377966880798,1.158499002456665,stage1_rows,512,0,0.0016703014262020588,0.015237301820889115,0.0010132814612006768,0.33569005131721497,0.3125483890180476,a85d6f753a03ca90014e049d93899cdc:0:0,99a8791e80a29a126c0e6ae153d31c1a:0:0,551a033ef5e668bc814de8550b11e999:0:0,9bea53622ede19887caf2337d90d104d:0:1474251815,43e54fb8774cdc28fd1c7a3ac47d2330:1:4279811833
506,B,106,0.020381156355142593,0.7943515777587891,0.032906923443078995,1.1231423616409302,1024,512,0.032906923443078995,1.1231423616409302,stage1_rows,512,0,0.009395843371748924,0.0394746721140109,0.001455378081300296,0.3155530713498592,0.31376065098447725,7448e19276a3ab5e024e6bcc00c774dc:0:0,d8a9cde345a6bae992bda7885a468932:0:0,05068c2b3a42314fcd89d7f7ff04215a:0:0,fa7b2f6885e501e0d0ae0ae354ca574d:0:2874447407,7b6ddadf1636a2ad9f517acb229ee174:0:3533770599
507,B,107,0.04351278394460678,0.8496400713920593,0.08359415084123611,1.2001241445541382,1024,512,0.08359415084123611,1.2001241445541382,stage1_rows,512,0,0.006303681526333094,0.022240811935625972,0.0012948122515808792,0.3606009863317013,0.31170400499831885,913eb6247b567f6509ce529303054cdc:0:0,98117f42bd58dd9160fc85f236ccd22e:0:0,8a04ab0166f7d81c60023307e7811781:0:0,becbe1b9c04d07452e55b90cb1ab9e4d:0:2976572365,19eb9b9f30223c47778d3ba2cf20bc27:1:2176424576
508,B,108,-0.01666855812072754,0.803718090057373,-0.025294724851846695,1.1364420652389526,1024,512,-0.025294724851846695,1.1364420652389526,stage1_rows,512,0,0.006856109946966171,0.048667542589828375,-0.00020411541918292643,0.3230321403592825,0.31040610396303236,8ed870233db867ef3a39fc529a4324dc:0:0,c17cde7f6b5e706bd88af6525e3a1ef7:0:0,7280662d64dd0d8f756158845a3b26ab:0:0,26b8265f706b7023a1f003465fb0e54d:0:3074663442,7426a25f72e5b731349e02d4d1242adb:1:504164178
509,B,109,0.010611244477331638,0.8347669243812561,0.030710624530911446,1.1800837516784668,1024,512,0.030710624530911446,1.1800837516784668,stage1_rows,512,0,0.009269531816244125,0.0522331889718771,0.002364823629613966,0.34836327359080316,0.31156072299927473,0f91486cfeb3b70d96d1ac6ac680fcdc:0:0,7266a9876f5308becfcb1e2c76d4b538:0:0,1f95ce9d09ff030c798520e849b950b9:0:0,4435cb456bcac5352d9e5962ceda2c4d:0:1958491349,eb8c3a0b063bc352817727002177d033:0:3200729801
510,B,110,-0.03322717547416687,0.8171702027320862,-0.07193341106176376,1.154240608215332,1024,512,-0.07193341106176376,1.154240608215332,stage1_rows,512,0,0.0017631399678066373,0.037346051447093485,0.0019671110138006044,0.3334361396729946,0.31011417595436797,75d3c9de395ad3d583a9a63b87bed4dc:0:0,dcdfcde92d7b6fcf6fbb68fb222569a2:0:0,2488f9d376e7529be029b109b0c7ec80:0:0,4a174af3fc7bf73d9a60c5746f27734d:0:555496477,39adde64cbee51cbb59ab98fb9aec62d:0:1603940573
511,B,111,0.03185905143618584,0.8445925116539001,0.060532473027706146,1.1936404705047607,1024,512,0.060532473027706146,1.1936404705047607,stage1_rows,512,0,0.0016193854389712214,0.06303299872670323,-0.00161956389201805,0.3565415136516094,0.3111391530255787,b26ddaa6787f6e9e45aa2d24ddfcacdc:0:0,05df3cdf81576416544a622ffb337663:0:0,37636498ff2940180fe67b417b478b8e:0:0,c833c24f2aca276d6d1cebcdb098ba4d:0:3395331732,8a938843192c6c6a98f97e6c1b068408:1:3230317080
512,B,112,-0.04442096874117851,0.8007811307907104,-0.0967232882976532,1.1299378871917725,1024,512,-0.0967232882976532,1.1299378871917725,stage1_rows,512,0,0.0002948031760752201,0.009483836044091731,0.0028628063737414777,0.31979123800992965,0.3100932579836808,3dcad38fc907053e828f8486c93a84dc:0:0,3dbf2ca0eea16c595f641c052c0cf736:0:0,27921a430721b4b67367f8fadbe926e2:0:0,7290dc5a77fb60d5ffa50b01032e014d:0:1297488264,2349de2d7c2a232137d7bd0b7296ee64:0:1158979171
513,B,113,0.02167494036257267,0.8404933214187622,0.036630839109420776,1.1883355379104614,1024,512,0.036630839109420776,1.1883355379104614,stage1_rows,512,0,0.0001713865203782916,0.025867113634012638,-0.0004851737183344085,0.3532522328197956,0.30998506798641756,cc60232e7efcb749c0e9efc149785cdc:0:0,c97ba1681cb004ab666b2377f851ede7:0:0,8a96d9617ec7739088aaea66972ffc29:0:0,e68daffd5872d15fbdbefbe0d6e7484d:0:2578058951,018668dab6cb73227cda90cbb7e06e03:1:2103244817
514,B,114,-0.0037244767881929874,0.8189995884895325,-0.007839782163500786,1.15811026096344,1024,512,-0.007839782163500786,1.15811026096344,stage1_rows,512,0,0.0069642807357013226,0.09917047990020364,-0.004152600550150964,0.335467492043972,0.31029254203895107,9f9dd82f03606a4de81db2345eb634dc:0:0,063454c88c70b2b8a8612ed543db9c68:0:0,98430051741ebd874a48e151bea0dc67:0:0,1e6d0216783350b2862b317f9bc48f4d:0:4281371750,e2570998a8928156775dbf73ad4cf5ab:0:179759877
515,B,115,0.05636046826839447,0.8503165245056152,0.11663134396076202,1.1993998289108276,1024,512,0.11663134396076202,1.1993998289108276,stage1_rows,512,0,0.0028370239306241274,0.09289193705189973,0.0016173234093002976,0.3604489669203758,0.3102448129793629,6f714b3760b33e10c0630f4008f40cdc:0:0,8aff15010eb983fc57ded623cf73370b:0:0,4f4e1571f923a946c5184fe0c9862e61:0:0,279f8cf6586b43802fabb92fc1c5d64d:0:3867417114,417903545e2209c995a83ed51fa9eec4:1:3876443345
516,B,116,0.01302393525838852,0.8427491784095764,0.024402949959039688,1.191614031791687,1024,512,0.024402949959039688,1.191614031791687,stage1_rows,512,0,0.001775658573023975,0.12644310595933347,0.004464799968991429,0.35519333705306055,0.310647259990219,ccfcfe12444150cd72c64a444831e4dc:0:0,8c15ecb0454da963b260d3740c049a56:0:0,db533b79e9b907e2e7df88bf64ccd580:0:0,f183e8c11f5d29a1320b3a83b8eb1d4d:0:948773930,afe39fe8625f41422a6cbd9bfc4aef70:0:1316209333
517,B,117,-0.07092010974884033,0.8366771340370178,-0.14793343842029572,1.1781139373779297,1024,512,-0.14793343842029572,1.1781139373779297,stage1_rows,512,0,0.008803877048194408,0.09007329505402595,0.0008969316229922697,0.3481882371008396,0.31074053701013327,8d95a3192a28d3720927a6a11c6fbcdc:0:0,eb1f9fcac3261f6f57cba9590b9cfa6c:0:0,470fd27fbe72bf091c3384d3a24830ec:0:0,8ff3f95f85a265737323f74df134644d:0:1318240295,594ca20c6c18984e58fadca62e4dfd58:0:1435785222
518,B,118,0.03996057063341141,0.812446653842926,0.07114574313163757,1.1480299234390259,1024,512,0.07114574313163757,1.1480299234390259,stage1_rows,512,0,0.016116734594106674,0.03338572084903717,0.0007796645979396999,0.32979288697242737,0.3107381729641929,45591d136a1e6ddcee3b67b685ad94dc:0:0,0cae06507e8bbe5b28135b0f8065095d:0:0,5ef0fe56efac7d3cf2d578826b623839:0:0,e86c51b3a4700aeb37e6cba0daa1ab4d:0:3802563807,19146f3e57d26dfaa0b6dceaba575cee:0:1390840527
519,B,119,-0.04030558466911316,0.8056718111038208,-0.08100761473178864,1.1378270387649536,1024,512,-0.08100761473178864,1.1378270387649536,stage1_rows,512,0,0.002166234189644456,0.04336072412552312,0.0006139997974969446,0.324148278683424,0.31071868701837957,1ad124ffdaeef31a6d89d0e483eb6cdc:0:0,d54bb57b72086350c551278f99c797d5:0:0,a3fa277303828618b01741b795ad8f8a:0:0,e8302bdc082fc4c639622dcee532f24d:0:1417774267,59f18ef9d59a485f422dd6bdeb3975ef:0:2364981359
520,B,120,-0.019168879836797714,0.802765965461731,-0.04386170580983162,1.1346423625946045,1024,512,-0.04386170580983162,1.1346423625946045,stage1_rows,512,0,8.118629921227694e-05,0.015401059971190989,0.00026697487628553064,0.3221162907779217,0.3127109369961545,4908207ec2be65a2336f258b172944dc:0:0,0c0d184583a28dd6ce957d1e5287551e:0:0,b8ceb92bcd468ee6f1b26d10411f6fb4:0:0,eade3e91d1691e50ddc92e6a80e8394d:0:3317972692,b3c55d7d467c89bbd3fd46acfacc923f:1:3172715265
521,B,121,0.0998544842004776,0.8264467716217041,0.2052522599697113,1.1591211557388306,1024,512,0.2052522599697113,1.1591211557388306,stage1_rows,512,0,0.001412603072822094,0.026278050802648067,-0.0028057120041921737,0.3378132440149784,0.31568999896990135,7b4390d1ca044b94cd1ba90a3f671cdc:0:0,be1a5fdb3c9a9d9814b3db963019d0af:0:0,d29f80c17fb3c5ab851a236c2dab8e72:0:0,d21c1b41dba1c02d957a78461dc1804d:0:1714453606,7f2fd481710247017ec456894fa25906:1:2101361678
522,B,122,0.0012035025283694267,0.7975605726242065,0.006785699166357517,1.1277928352355957,1024,512,0.006785699166357517,1.1277928352355957,stage1_rows,512,0,1.1344789527356625e-05,0.05586107190465554,0.0013581969418737573,0.31814999878406525,0.31080681597813964,cd3c5fa7a74552f928939ec1fca4f4dc:0:0,7ca26acea082f819ebeee81590415f67:0:0,3a08402a7a6f24170555e72790d55e86:0:0,3a7d9288d6856e8e5c0750742bbec74d:0:2802686443,27d76d1c94a21a6f77b4c3381b450bf9:1:3408409047
523,B,123,-0.013550734147429466,0.831548273563385,-0.031047644093632698,1.1756290197372437,1024,512,-0.031047644093632698,1.1756290197372437,stage1_rows,512,0,0.0027384753338992596,0.08601165278814733,-0.00011450238234829157,0.3456759348511696,0.3117452259757556,a42a2c29398a45fa14af4a124ee2ccdc:0:0,24fe8ec44586884c35f2a612e3823a46:0:0,557b65419c1d358598762dc7fdfe584a:0:0,8795005af950d7505d3a96471ae00e4d:0:4057492622,19de09ac28bdd9f2161b186e1cd37d4b:1:3829339207
524,B,124,0.016348822042346,0.8048663139343262,0.038093142211437225,1.1377391815185547,1024,512,0.038093142211437225,1.1377391815185547,stage1_rows,512,0,0.001472576754167676,0.08248059791512788,0.0008466027386020869,0.3238013669848442,0.3143978859880008,c84b97fdc7944f23c11aee5b3620a4dc:0:0,d3d0b3cd2024c5c1b0a3c49288029d25:0:0,b59a5a01b896b1f1da1eb7b52c508e3b:0:0,c92be97d7b247e69be1fc3515b25554d:0:176883712,ae1f5263e594aa7a9f455d12f9e7e1b0:1:3995307625
525,B,125,-0.0002761799842119217,0.8303102254867554,0.0012354180216789246,1.1741361618041992,1024,512,0.0012354180216789246,1.1741361618041992,stage1_rows,512,0,0.001685003167949617,0.0560901039512828,0.0006565185583895072,0.3447824135422707,0.31994355097413063,23c2713c19ce8da13e56cefcb25e7cdc:0:0,cf1ae7c7f913927a1441f9e75eafe391:0:0,ab6d4b7f25c099a78a333aa2c4401f32:0:0,584f0436448f57198a09eb655c8e9c4d:0:120410953,950c27c34ec69cd53f360bb82a00ff4f:1:3676713756
526,B,126,0.045255403965711594,0.8515962958335876,0.08575636148452759,1.2028743028640747,1024,512,0.08575636148452759,1.2028743028640747,stage1_rows,512,0,0.005587378516793251,0.07123223496600986,-0.0010859976173378527,0.3622338466346264,0.3096320470212959,529f737e24fcf979fdb72f56c39c54dc:0:0,faa5b02e8fc60b990ccd60385894c012:0:0,77151109a60ee24db81f271db0256cea:0:0,d2f611595f4ad849c39abc958f1be34d:0:3403468037,d67c2c00b6b1299b3a2eb850100eca7f:0:2493678901
527,B,127,-0.03027445264160633,0.8397655487060547,-0.06085456162691116,1.1867210865020752,1024,512,-0.06085456162691116,1.1867210865020752,stage1_rows,512,0,0.004715393763035536,0.04062287088017911,0.0007670895865885541,0.35237591341137886,0.3097237609908916,c0d6378cfba897cf516452c969da2cdc:0:0,478e9da79410a558ce97fc9a11b6b237:0:0,492dbba4c0b4bf369aeafad4a361805b:0:0,9e41b44780cc9a9399c97f3462cd2a4d:0:3888382817,91b5f3abc93895ed3a1558cd76c03341:1:1811909226
528,B,128,0.011584035120904446,0.8522591590881348,0.012499985285103321,1.2051728963851929,1024,512,0.012499985285103321,1.2051728963851929,stage1_rows,512,0,2.608867362141609e-07,0.02437966571887955,0.001716590320575051,0.36325623020529746,0.3101600219961256,6d86c65abc48ff19ec5a7cb4a51804dc:0:0,d335f6d631df188120f38201ee1125df:0:0,5fe62150622b0b78a804ee772c218188:0:0,503d1329aafbce55c0ea15d447a2714d:0:2616297741,7291344310f69c988c2e886d8f4ab491:1:4223828127
529,B,129,-0.05227278172969818,0.819441020488739,-0.10987807810306549,1.1558886766433716,1024,512,-0.10987807810306549,1.1558886766433716,stage1_rows,512,0,0.014386747032403946,0.03964380950201303,-9.087419020943343e-05,0.33476842269301416,0.3130540400161408,8f972140322b2b676269f0787555dcdc:0:0,1f72ee49d1283a4d2bbff7e998593505:0:0,1149dbacbd80760738fe5a3223527c00:0:0,3cbe37df4403184cefb3fd47ad9bb84d:0:1073980955,fefddf0f1468b24adb933b96f0e67dc9:1:1256048947
530,B,130,0.05000169575214386,0.8171347379684448,0.09646835923194885,1.1536402702331543,1024,512,0.09646835923194885,1.1536402702331543,stage1_rows,512,0,0.001719427527859807,0.041663650516420604,0.001182690825953614,0.33315921425819395,0.3120619250112213,45fbeeb3df15a297a836f174da93b4dc:0:0,8d65588724da8dc3698754fa53bc223f:0:0,de4e94820c0f272ab69b83729557b7e5:0:0,6ce920d232e1a31e80494ca104b8ff4d:0:3408628349,ceb5c2b2295d09ad69965df1c5d88d0c:0:1944616336
531,B,131,0.002274423837661743,0.8348992466926575,-0.011955376714468002,1.1804542541503906,1024,512,-0.011955376714468002,1.1804542541503906,stage1_rows,512,0,0.004236558452248573,0.04639072772115469,0.0014791328343562783,0.34852668419480326,0.3118511749780737,364c57f023a9e89a9339c309d4d18cdc:0:0,f459fabd2239c50c6bfcd1b3c0b3ea9a:0:0,94bf725dd0f97fadfce53029eafc7685:0:0,754ad25b82087445353db532bcfa464d:0:4153512002,c02e1a34d8edb08bc060c821730ff8e9:1:3524635618
532,B,132,-0.041561275720596313,0.8201432824134827,-0.0917167216539383,1.1575937271118164,1024,512,-0.0917167216539383,1.1575937271118164,stage1_rows,512,0,0.007989812642335892,0.012874112033750862,-0.0002513125364203006,0.335551355779171,0.3119875959819183,7e52013e3c8343ad59bea897640f64dc:0:0,295b79e60114a8f3680d651f9e92eea4:0:0,004ae3898c0f846fdc4465ecd14ceff4:0:0,f4d298b6c3fb52d0229d828f465f8d4d:0:2994262476,14b760bf6814f31fb28d31ab6f49111e:1:221368968
533,B,133,0.07354895770549774,0.8371156454086304,0.15312397480010986,1.1784086227416992,1024,512,0.15312397480010986,1.1784086227416992,stage1_rows,512,0,0.0014695990830659866,0.026591027958784253,0.0021518225854379124,0.34842591658234595,0.31160052999621257,a932e3dbca12d09812e5e57d884d3cdc:0:0,82ccc5f83eecd90e9c5a454011802535:0:0,5c918b3b72f03922481ffebf9f092a9e:0:0,e4c18ad6f796ce63baf49a8910e8d44d:0:445132787,fe7f10bd37bfb68af9b49b8476c591d8:0:261559922
534,B,134,-0.10016874969005585,0.8004496693611145,-0.19627805054187775,1.1237212419509888,1024,512,-0.19627805054187775,1.1237212419509888,stage1_rows,512,0,0.005526159889996052,0.10012697066413238,-0.001344262680504471,0.31767597422003746,0.312101956049446,6e97adb09938e6eb36a3bd1c418b14dc:0:0,9210919207456fbc9605a4b22b92e89c:0:0,8980ca1a8d28c226d1a580f32900dfa5:0:0,b32732e8f24734ed00557d328c961b4d:0:4255640850,39e1ca7b3835066b7bd0525b38292b0d:1:3046705350
535,B,135,0.048729315400123596,0.8291996717453003,0.09217929095029831,1.17095947265625,1024,512,0.09217929095029831,1.17095947265625,stage1_rows,512,0,0.005775099620223045,0.08968743523582816,0.0013874474447220565,0.3433196283876896,0.3119803520385176,e1ce284a629bcd3d1dc072d38fc8ecdc:0:0,586a0aba827e997822a5e4782ca8a7b8:0:0,3fcb8ffdb8dfd5f74ad74dff4572db22:0:0,1ba46d1166268576d96044de2967624d:0:4010479783,efa8e79713866a1f2b909350445c3aee:1:2265880810
536,B,136,0.004521016031503677,0.8150375485420227,-0.007036285474896431,1.1524288654327393,1024,512,-0.007036285474896431,1.1524288654327393,stage1_rows,512,0,0.0008770435815677047,0.12868003683397547,0.006397145579103381,0.33215879276394844,0.3125104480423033,605c05d436bbbd6781d84a037306c4dc:0:0,33f6d15cb59b0d3e57c219fd63b44d94:0:0,945a426ff62d130609fa73df5ca9fa2e:0:0,8cf3e32370a1ae918a49a61e575ca94d:0:2768216315,85b161f86aba70d8f1c204db9603127c:0:4267487570
537,B,137,0.04077167809009552,0.8475315570831299,0.0831892192363739,1.197003960609436,1024,512,0.0831892192363739,1.197003960609436,stage1_rows,512,0,0.0007807008223608136,0.05677415061509237,-0.00012606135096575598,0.3587460555136204,0.31233430898282677,02c34fff4cc438c4fd5b860beb449cdc:0:0,c6afe2a3376b28754a60d78b165760ea:0:0,ab6e28cab692d4e782e8a4dd5ceb068f:0:0,1a6d4fcc3befa6bc51e1efc58675f04d:0:3308139136,50c871936b8e39a75cc93473767fba60:1:406614208
538,B,138,-0.053535036742687225,0.8273096680641174,-0.11412058025598526,1.1667555570602417,1024,512,-0.11412058025598526,1.1667555570602417,stage1_rows,512,0,0.00248067663051188,0.01170602380298078,-0.00023102315608412028,0.34106175899505614,0.31893821799894795,8f5e9212ea1aac6e8b8e6a4cf88274dc:0:0,721994d0adb903065beccb6dedf3c5a0:0:0,c08fe060302285319b874a5086692a17:0:0,6c339824a24f2d412a9c0ae626b3374d:0:2676179336,112e0786729872c4b8db2180c15fd427:1:983519840
539,B,139,0.0060343495570123196,0.8209882974624634,0.030529405921697617,1.160440444946289,1024,512,0.030529405921697617,1.160440444946289,stage1_rows,512,0,0.001041194424033165,0.042241887841373685,0.00184108869289048,0.3368544839322567,0.31388359901029617,f637b49918aa657908893a269ac04cdc:0:0,aa652411740117d0899391f4ac35092b:0:0,0959b25b5352d104be232fb4808fc605:0:0,f59df2e6edaa41f2af947ad2a8147e4d:0:3494658466,1134345808235b5936e4c7114c9364ff:0:1652363060
540,B,140,0.05679398402571678,0.8709938526153564,0.09553367644548416,1.2304625511169434,1024,512,0.09553367644548416,1.2304625511169434,stage1_rows,512,0,0.0024379505775868893,0.09264193761628121,-0.0023861600719101263,0.37906181439757347,0.31567755702417344,2d915e5de1edd532b13838f8d1fe24dc:0:0,f1de64b07c9f1dadb60766f4b361b4b0:0:0,0c3079a07eea9eb7eccec18c7c01a529:0:0,fa5c53d0c0e8a23c25985d1d7a99c54d:0:2131770166,68604504a43fd48284580ada4efeb872:1:2958769211
541,B,141,-0.03136904910206795,0.8151229023933411,-0.05918138846755028,1.152000069618225,1024,512,-0.05918138846755028,1.152000069618225,stage1_rows,512,0,0.0062229689210653305,0.09044303166447207,-0.004990643401106354,0.3321934759616852,0.31651053798850626,e1878bb6c4b52560a35baa239e3bfcdc:0:0,afd791bcc203aa046c50bebeda35b850:0:0,34e5f5b45eb3adfdc962e6ca6ca5ad67:0:0,48cc2b23f1e4d9f3a82c69990e430c4d:0:4117739576,a2b206b47e02d6686af1b625b65eab51:0:2445827197
542,B,142,-0.03430338576436043,0.8260284066200256,-0.06078270822763443,1.1674896478652954,1024,512,-0.06078270822763443,1.1674896478652954,stage1_rows,512,0,8.270132821053267e-05,0.04414301882497966,-6.510679668281227e-05,0.34108045026659967,0.3116188020212576,cdb0ea481baa1c7c5d87d106ff79d4dc:0:0,1e21a9ed0e3884760bae82a33e3468aa:0:0,aa0aeac1d87f41e526857ba80ad8e960:0:0,1c6bafe89ba1b65e7a93f257d310534d:0:651030715,7d7fac224bf6c104e7ccb688b4b6a49f:1:4269853495
543,B,143,0.032729096710681915,0.8503667712211609,0.07803688198328018,1.2007919549942017,1024,512,0.07803688198328018,1.2007919549942017,stage1_rows,512,0,0.0041075097396969795,0.1169695865130052,-0.0011062172867241315,0.36089032590389253,0.3142738290480338,c60764be2a9151f13f24f102f5b7acdc:0:0,9bdbf974b23357d236750be48c564398:0:0,3f1a0beeecc5354505d0b358260ba78b:0:0,82a142aaf80829d77cd7e3ac39019a4d:0:3238638490,1254311e0e985b79c6510367ded5522a:0:1027625767
544,B,144,-0.05339604616165161,0.8144720196723938,-0.10161694884300232,1.14972722530365,1024,512,-0.10161694884300232,1.14972722530365,stage1_rows,512,0,0.003684871830046177,0.06117890612222254,-0.0026859824487473817,0.33105020262300966,0.31249180901795626,6c93272f8848b25a086f4d7780f584dc:0:0,a708f8b316a69175c237d725d0c07ea9:0:0,29ae0cc78193d818462ef53902731f8d:0:0,df7651149f1fee87c4cdc428b016e14d:0:1999272030,ae4f7bf2022741c3417772b940b77bda:1:694702599
545,B,145,0.03505652770400047,0.8394941091537476,0.0704817920923233,1.1860746145248413,1024,512,0.0704817920923233,1.1860746145248413,stage1_rows,512,0,0.0052535925060510635,0.0801566127804108,0.004114373150514439,0.3519794508814812,0.3125187110272236,5360421e9b8353be5a7729c4a1335cdc:0:0,aac50e71378e4ba6a860a329cf16af59:0:0,e331d700d31c0aeb8214a2d8215a123b:0:0,601044169f5f76a15b1eb49fa850284d:0:257879099,abe64c381328fdb175649589507d367f:1:1817236850
546,B,146,0.0027475496754050255,0.8315526843070984,0.012196638621389866,1.1758331060409546,1024,512,0.012196638621389866,1.1758331060409546,stage1_rows,512,0,0.0027330294251441956,0.0717779656406492,-0.0014345680392580107,0.3458011202514172,0.3089872770360671,d62bef4fe04299d03720c94a567134dc:0:0,29701c26c97f1f2c9a786f47dcdb5454:0:0,e730c3619a1ab7898b8f35f6f38e4195:0:0,1fc79d847f59f88c1c4e702391ad6f4d:0:2181501915,a41c11498d4fee4c7a2db762d993d690:1:363490844
547,B,147,0.0073408810421824455,0.8274639248847961,0.014527957886457443,1.1700878143310547,1024,512,0.014527957886457443,1.1700878143310547,stage1_rows,512,0,0.002520815934985876,0.05884723698254675,-0.001403916283743456,0.3424790747463703,0.31247085600625724,4cf358eaac0caa2981246f68a0af0cdc:0:0,e8177cc1aca104284ae30548e502052f:0:0,6a061ba066a3a92691bd50355c9b1807:0:0,60b122239cbca574bdc24c06dc2eb64d:0:2450733533,e1946308f8d3ac06aa62d167aec78269:1:4138889046
548,B,148,-0.0484619066119194,0.8169097304344177,-0.09707502275705338,1.1531503200531006,1024,512,-0.09707502275705338,1.1531503200531006,stage1_rows,512,0,0.0007895303424447775,0.041446710983291266,-0.000843721634009853,0.3329541251063347,0.3139667719951831,5822a09a26e030897c0e5f7f7fece4dc:0:0,c937aae6807f30cbe309783a0ef5800d:0:0,2f904dc58ae9f5b83d67339d96edcf5f:0:0,153cd572873658adf6c837dbf7d3fd4d:0:119514901,f2be4ebdc6c6533095d8ea78daf22ef3:0:1986677841
549,B,149,0.05087263137102127,0.8225987553596497,0.11027920246124268,1.1602082252502441,1024,512,0.11027920246124268,1.1602082252502441,stage1_rows,512,0,0.004192680586129427,0.02950087913777679,-0.0006917172577232122,0.3371925510466099,0.3106813040212728,f08fc1a42ee573124c3edceef42abcdc:0:0,3c3802438811f0770faa8541d9469e1e:0:0,2bcc60afe31d661e5cd9d10eea6fd02b:0:0,2a8327ece78f4e53cd9dbd75549d444d:0:2277099430,b5bbf5047373dacceef790a4cbac2f07:1:755353343
550,B,150,0.010456286370754242,0.8355249762535095,0.018060224130749702,1.1814788579940796,1024,512,0.018060224130749702,1.1814788579940796,stage1_rows,512,0,0.007426463067531586,0.04231183342635632,-0.0006250479200389236,0.34912531077861786,0.3171815219684504,98b1c62bdcdcb68676ea2b16fd6894dc:0:0,2d202d3941ec9cbdc52b45918e4545af:0:0,bf01f7bc079a91401db8e6cc754a9639:0:0,d0c4fa763be0afa1087700e5628a8b4d:0:1068053910,95f10239fcd55b306a24a1941ad7ebdf:0:1865422215
551,B,151,-0.011694138869643211,0.8243910670280457,-0.02348368987441063,1.165640950202942,1024,512,-0.02348368987441063,1.165640950202942,stage1_rows,512,0,0.004580882843583822,0.07215645180549472,0.00019329999922774733,0.3399099469184875,0.3102901400416158,89a1a5155f49f28662188d579ba66cdc:0:0,2f48008986cbd61f44513002221fc955:0:0,21d9a4463b1743cfba81090f63754021:0:0,9d24650431860366c285c07e919bd24d:0:4114627490,43d63c12a68f63cc5d25959ba68d3c2f:0:1608720115
552,B,152,-0.01687997579574585,0.8374987840652466,-0.03753301128745079,1.183958649635315,1024,512,-0.03753301128745079,1.183958649635315,stage1_rows,512,0,0.00509206997230649,0.027921639825217427,0.0013728733407333492,0.3506396867334843,0.3143138429732062,fd66fb40e25dd5cdd4a64710cee444dc:0:0,1bcdf94f0484123d1f9cf8756c2576c1:0:0,19cf9cad393e96baebcb296b4cabfdca:0:0,a75a56bcac0cd116250054d351d1194d:0:939454180,58d67c7fa2112c946164e53ad93a7d30:0:2907082982
553,B,153,0.05439577251672745,0.8575184345245361,0.11757990717887878,1.2093344926834106,1024,512,0.11757990717887878,1.2093344926834106,stage1_rows,512,0,0.005141331348568201,0.05243507069535554,-0.0017871623684186488,0.36642286032438276,0.3157030550064519,c8dfb0123a9c1a7176439ba297221cdc:0:0,d75dff0c1bb1bc3dd6916031afda2429:0:0,023f19d7b6ac4691147d50bb448ac201:0:0,f41a6da7961104cc4428b0b6132a604d:0:2174150796,59edefaddc3307b1b3a0d4ae8f3a8b37:1:640818089
554,B,154,-0.022079218178987503,0.8319020867347717,-0.04978875443339348,1.1757524013519287,1024,512,-0.04978875443339348,1.1757524013519287,stage1_rows,512,0,0.013207276351749897,0.05277727239299566,-0.0008811365172732621,0.34586572349071504,0.3136803410016,5236727b083f2a1c4f74ce6cf45ff4dc:0:0,53d2166f720ffeeb06c9f97ebc89bc65:0:0,3fa2ef261219eac9af5180659238ca2a:0:0,e86f7ef56d9ee2d02053613945a7a74d:0:252179210,c985041b9b315dc7a62f7f4088ea9ce2:1:2664875254
555,B,155,-0.008273862302303314,0.8413652181625366,-0.012937352992594242,1.1897685527801514,1024,512,-0.012937352992594242,1.1897685527801514,stage1_rows,512,0,0.003583038691431284,0.0871799212647602,-0.0004007886163890362,0.3540628790855408,0.3045381110277958,9558d8fd0959124d499222cfe69dccdc:0:0,f3d4e3d57e8e316e5da91bccca3b6fbe:0:0,4e85ead74df0ff22497aaab2c0ec38be:0:0,58e759d5195d98f2caee8daf5948ee4d:0:1440415304,d338826916fe3602a94a71667e9f3283:1:791737990
556,B,156,-0.016362309455871582,0.8583269715309143,-0.0313187800347805,1.2135868072509766,1024,512,-0.0313187800347805,1.2135868072509766,stage1_rows,512,0,0.005760446190834045,0.07780929817818105,-0.0028083745739422737,0.3684211492538452,0.30661064200103283,5632cc5a50b1c894aec7dc2b6ddba4dc:0:0,f6a0300a5f16936b910930a34a67e2cf:0:0,a9cdbba56b53fe054622acb8afa409ee:0:0,c634e909f66fbc41af88f7aabe0e354d:0:257008688,fc2f32f5bdca5d07fbc4546f4412eeb3:0:265735477
557,B,157,-0.0003393199294805527,0.8591594099998474,0.014058046042919159,1.2147895097732544,1024,512,0.014058046042919159,1.2147895097732544,stage1_rows,512,0,0.002731223590672016,0.02447059245314449,-9.084843659366016e-05,0.3691375143826008,0.3063552159583196,d8a1c1e91762bed1aa163ddf8a197cdc:0:0,2e1e89bb36eae7fd4ae6f35b28f4159e:0:0,7cd409d6f3b53e515d106c49276255c1:0:0,87a0fe0a38a1417b00d8fafde3f77c4d:0:3987414683,29b06d4ed916d3898746608a4826d620:0:1785445763
558,B,158,-0.047832030802965164,0.8301992416381836,-0.09744507074356079,1.1719063520431519,1024,512,-0.09744507074356079,1.1719063520431519,stage1_rows,512,0,0.01609829068183899,0.062275489640887825,-0.0011298336101390305,0.34391670674085617,0.30587206402560696,781727c0df2fc76fc7518b4c3b5754dc:0:0,0e0867b0fb79943de458a536073f6b20:0:0,164fb5fa88978e71d73a22e430e0cf64:0:0,0e5a3689a724beb449c38dbb3b04c34d:0:687028070,3f95d94baac819c728e02697053b5df5:0:2288266987
559,B,159,0.05431048572063446,0.8467724323272705,0.1156749576330185,1.1942884922027588,1024,512,0.1156749576330185,1.1942884922027588,stage1_rows,512,0,0.003905726131051779,0.039017605944536626,-0.0012520584976300597,0.35733703076839446,0.30603246396640316,44be42369b9d49a4732207d181952cdc:0:0,9d077c7e5b8857bbc1d227d7d8a98c49:0:0,c6d040a7841142edaa249b0f3b17242f:0:0,de64761977cc04a32263403533360a4d:0:241981577,6b3e13ab9483800826919f5bb36db15c:1:4220278035
560,B,160,-0.04496545344591141,0.8241065740585327,-0.09346716105937958,1.1633614301681519,1024,512,-0.09346716105937958,1.1633614301681519,stage1_rows,512,0,0.00022749020718038082,0.027684910665266217,0.0014385816641151905,0.33887371644377706,0.3077231080387719,61ae975d97c3c5ac7b03f6cf5cd304dc:0:0,7609786cf5e7d90b61e4ffc18a85eac6:0:0,133b1435c79ccd2bacb93ca804a62a05:0:0,968bac1789525df8090f3cfe3c8b514d:0:1303300197,53bba2481cd6626318f527d5e9706723:0:1616118964
561,B,161,0.059295352548360825,0.8465203642845154,0.0976872518658638,1.1958508491516113,1024,512,0.0976872518658638,1.1958508491516113,stage1_rows,512,0,0.003075260203331709,0.03748814268037677,-0.00022128133568912744,0.3580747306346893,0.3096265969797969,3f40e282cee0a9098d479ba5cd10dcdc:0:0,5c8bb94b4265047dbf1dae4f9dc95413:0:0,b2bb1a51ec7f278a627b5d54959a010f:0:0,df99d5a982f9033b5f6248e8c704984d:0:4147806859,b2c729347b974b12db217e37f3b4d74e:1:1882751545
562,B,162,-0.032938726246356964,0.8501659631729126,-0.07793907821178436,1.2005423307418823,1024,512,-0.07793907821178436,1.2005423307418823,stage1_rows,512,0,0.0009978897869586945,0.09178962851874531,-0.008376297616632656,0.3607421703636646,0.31377134600188583,f60166d86da472bfb91139b4d24eb4dc:0:0,fab82ebb47137267fcd50f4867120057:0:0,5b5fa81ef94d4cf0d823724a47797167:0:0,c0f58f176c60919c8b41c30742a1df4d:0:1276128961,47dde210ba98535a98635929799b6926:1:2638114783
563,B,163,-0.04717501997947693,0.8056768774986267,-0.08655013144016266,1.1379601955413818,1024,512,-0.08655013144016266,1.1379601955413818,stage1_rows,512,0,0.00165051210206002,0.055172078451141714,-0.0005586248240433634,0.3243031144142151,0.3145985570154153,f9f755c7323e2792ee59145c6c8c8cdc:0:0,0acffda574fcef9dcb1415053a85845b:0:0,60a60a2709aa5be92d80bb4f6cffb253:0:0,b257baa9243493233be4a4ac1f63264d:0:3763582331,e704bb83232de3aeb5b2924f32fb3f74:0:1528096264
564,B,164,0.061476461589336395,0.8131612539291382,0.12992793321609497,1.1458250284194946,1024,512,0.12992793321609497,1.1458250284194946,stage1_rows,512,0,0.014437721110880375,0.07672384026227519,-0.0036809723984333686,0.32928180918097494,0.3081607900094241,1b0dda9b612416447deb6efc9bca64dc:0:0,9c86e4be7e4e59f5581c1442dc4c2b5a:0:0,dac43b482b833c03626e3fdfb03d8686:0:0,3e18d856b6e866b2d2da8169cd486d4d:0:402643332,3bb242fba8bd6b064975de9203c864f6:0:1069665054
565,B,165,-0.029693545773625374,0.8317875266075134,-0.04848901927471161,1.1759470701217651,1024,512,-0.04848901927471161,1.1759470701217651,stage1_rows,512,0,0.0024026224855333567,0.0491768728941679,0.0031714135850052115,0.34597385600209235,0.31246089399792254,4e583a830499ebd099688cf560083cdc:0:0,2b1f8fd59899b65a1c01b0c097655b9d:0:0,3edc1e2b597f609d231ab3c65cfed518:0:0,b0a12448f86f164ff1128712bc51b44d:0:899957738,5fe8cc5ca6d2bd090e31df93e167cef5:1:1793587363
566,B,166,0.025127138942480087,0.8397838473320007,0.048723768442869186,1.1870924234390259,1024,512,0.048723768442869186,1.1870924234390259,stage1_rows,512,0,0.0014833139721304178,0.12319556195288897,0.005059889344465773,0.3525997683405876,0.3132010779809207,0caf55132cf417abd344b1a6b94614dc:0:0,efdf9963c1e61f2d8feca78e959df49f:0:0,bd45d91c57e22f754e7637e866792bf7:0:0,89436579ec81ea1827e27db95c7efb4d:0:742376533,ddf17c530c9b85b1f7635f0173b11596:1:608609534
567,B,167,-0.022173406556248665,0.8238292336463928,-0.05909339338541031,1.1638250350952148,1024,512,-0.05909339338541031,1.1638250350952148,stage1_rows,512,0,0.00038006994873285294,0.0616622056462802,-0.0025089546106755733,0.3389008231461048,0.3134883109596558,2dc3aec9e79880009ec82070a783ecdc:0:0,6dfeea91dc6341eca531236714293f11:0:0,71599b7ce417da2e7be4050b7afe9e0e:0:0,197de4df78b3c65bce0dc7b01dd0424d:0:1532870797,e632499c0bcdb107bb692a52da2f8afb:1:2914117480
568,B,168,0.016841061413288116,0.8353382349014282,0.041999273002147675,1.1807289123535156,1024,512,0.041999273002147675,1.1807289123535156,stage1_rows,512,0,0.009796557016670704,0.049671582272276284,0.0024731449491810055,0.3488201480358839,0.30821333394851536,0b340c42a2bc85ecd00f1cb32ac1c4dc:0:0,75fe602e1c492f7275e841ea3474ed0f:0:0,90c3d115cb2ef0c62bb98f40a6ba8ceb:0:0,369623929239a349f8cc61897045894d:0:1344697042,d25bcec7662f8a01cadb4c705b9c0a7a:0:137065435
569,B,169,-0.022251799702644348,0.8161903619766235,-0.047155145555734634,1.1536495685577393,1024,512,-0.047155145555734634,1.1536495685577393,stage1_rows,512,0,0.0011198947904631495,0.06653099287068472,0.0023427798179909585,0.3329464517533779,0.3137251560110599,65858212b3e059bf1c09e9ce42ff9cdc:0:0,153d7e8b2261da495a80278cbc42b93f:0:0,39f4420d7f5037bcbd6a07401447246e:0:0,595bd67d96faac9e98d1e217c3ded04d:0:2448641798,7dda7bd2710a1004145a2f42e184a4b3:0:555575662
570,B,170,0.044404663145542145,0.8666653633117676,0.07917721569538116,1.224581003189087,1024,512,0.07917721569538116,1.224581003189087,stage1_rows,512,0,0.01416846178472042,0.06140103149227798,0.0022071874860557727,0.37532839179039,0.3145879459916614,fcfeba83b7079f34987ccb21f03d74dc:0:0,d93f353bccf535e5ff54625ee942149d:0:0,153c20d3d9d6bae984340e2b306c20f8:0:0,02ba2369c624d7c2bb547a6d889c174d:0:3119405316,52b6df8a43cb523fac2d9d9c7013b3a7:1:2384039913
571,B,171,-0.025697633624076843,0.8602819442749023,-0.05582040920853615,1.215798020362854,1024,512,-0.05582040920853615,1.215798020362854,stage1_rows,512,0,0.006549670360982418,0.02635568256955594,0.0005962121183983981,0.36982050240039827,0.31589167000493035,12650fa17caf61b63c00040e327b4cdc:0:0,873857a2eacc7d59a42ad86edd73ac89:0:0,2c7e0473bbce9cff5d55b3322ab443c6:0:0,358938e9d82cfeceef13f5dd2e7d5e4d:0:69129430,7bea571f2aa8b3d4b56d9d10acd378ea:1:435105019
572,B,172,-0.029041608795523643,0.8181623816490173,-0.04641798511147499,1.156721830368042,1024,512,-0.04641798511147499,1.156721830368042,stage1_rows,512,0,0.00038335355930030346,0.031063917081337423,0.00016328638303093613,0.3347456380724907,0.31300127296708524,0f6ef5513c8158965dffd7f309b924dc:0:0,87934e01d287ebca5d209f01f66fd9bf:0:0,34fcdd98e0fbc91250cdb19c38eff504:0:0,fec6b3c288cbcedfcd60b9f92582a54d:0:1733039223,be8fa487f922219090636f87f40fba88:0:2516589147
573,B,173,0.07318732887506485,0.8659206032752991,0.15709277987480164,1.2187632322311401,1024,512,0.15709277987480164,1.2187632322311401,stage1_rows,512,0,0.0018683780217543244,0.0712712184060365,-0.004489152430323884,0.3725949414074421,0.3129728640196845,6c6c0c67c2c47b4e36bc8a3075f6fcdc:0:0,b1dee54070101e57894e7970589ccd4b:0:0,2fde1618e53b3b6df573e312ec894bb0:0:0,fb3bdc357f33182ca722c693ddabec4d:0:1885629082,3cd5433c2f6d1e50a9c6d0e9a51eb6ac:1:1375283751
574,B,174,-0.0480739027261734,0.8791370987892151,-0.09919539839029312,1.2411103248596191,1024,512,-0.09919539839029312,1.2411103248596191,stage1_rows,512,0,0.0037305797450244427,0.039401843980886045,-3.5026698606088756e-05,0.38560129404067994,0.3157188069890253,882814f44e8ae5bb5f4a5e267734d4dc:0:0,95c6153e814a649b940a613735a2ee0f:0:0,70fc0ce4ae9b5627c623e8ae94e20dad:0:0,d3730f1b61614e5055e0b5bfc6f9334d:0:1001015929,4ad306666754c81d2ccf2b2d3a76edb6:1:2305481095
575,B,175,0.010541568510234356,0.8448138236999512,0.0076799895614385605,1.1946603059768677,1024,512,0.0076799895614385605,1.1946603059768677,stage1_rows,512,0,0.009161942638456821,0.11957277248147875,-0.0007639084826223553,0.35693129748106,0.31016922800336033,906ad335d69d0c5d519197350d72acdc:0:0,557d03ee6875536cc6bea5675d4c48c7:0:0,efa031917f50f7053ab4ca21f51eb601:0:0,6e49852b0723473430c6bbcf516a7a4d:0:3374821163,035b75e07da66b06ac9ca81c08b096e3:1:2949111292
576,B,176,0.002732778899371624,0.8557505011558533,0.008113336749374866,1.2101202011108398,1024,512,0.008113336749374866,1.2101202011108398,stage1_rows,512,0,0.014482151716947556,0.1359027102473192,0.002077754106721841,0.3662653274834156,0.3123252149671316,ccabd7f06b224092e84e78bc38b084dc:0:0,90192ba10544a01d26e91428e2d3e5c2:0:0,595adba2d7c4fca8ba7a81a0ff9f78a4:0:0,e60a7149affe870d25ada754ecffc14d:0:3555397281,07ce06c95f96aeba84e761da553c1220:1:1100264329
577,B,177,0.01127075869590044,0.8249527215957642,0.017582464963197708,1.1665583848953247,1024,512,0.017582464963197708,1.1665583848953247,stage1_rows,512,0,0.0025064365472644567,0.06066428129561245,-0.003334213333437219,0.3403219148516655,0.30874089599819854,999dfa186a0684d7df11461bf8ee5cdc:0:0,e3593bd3560048fec5f2b13049eee2a5:0:0,f68d618159196dfbecade3f4f72ac150:0:0,b9c0e06ed4e8a7daf621e12309b9084d:0:87520582,f0fbf87c5b65607fad8067ea96cd1897:0:3619289452
578,B,178,-0.026089604943990707,0.8410586714744568,-0.04806904494762421,1.1889591217041016,1024,512,-0.04806904494762421,1.1889591217041016,stage1_rows,512,0,0.004349979571998119,0.048575664637610316,0.0019090170055278577,0.35358748510479926,0.3084060699911788,2b1b2d093c1db102523e42b44e2c34dc:0:0,2d718ab8d4eeb41f838879e7d036c18d:0:0,ea31c2b76b5f822a654a58005d1f1438:0:0,73c615a9ab5aaad9986a6c4c17964f4d:0:3436075342,b1d69212da6f6b06bdd6afa1f307c017:1:3677525642
579,B,179,0.022228125482797623,0.8410031795501709,0.051042474806308746,1.1885936260223389,1024,512,0.051042474806308746,1.1885936260223389,stage1_rows,512,0,0.001173105207271874,0.12784857526421547,0.003709560167044401,0.35344082340598104,0.31500217702705413,bab63bbd5103e6803f0db1e5386a0cdc:0:0,18da840b2e159205982f276fdf670d24:0:0,75a39bf540bdbcbf5b4919d981ce0932:0:0,8ac3ee52b2f94254bc8fe6228697964d:0:219919622,5a70c3fa7696f78e1c62bccb1bc44f04:0:1256335640
580,B,180,-0.017748674377799034,0.8422438502311707,-0.039468877017498016,1.1906555891036987,1024,512,-0.039468877017498016,1.1906555891036987,stage1_rows,512,0,0.007972543127834797,0.09278821183834225,-0.00534427743696142,0.3546192869544029,0.31534078798722476,23cccebd0fbb5495038bd70eb7a7e4dc:0:0,9e92e2c611e4dd27e23ec1ec73057baa:0:0,969c1ab743ee1473cd3f3ef7665fb362:0:0,1cba408cb1b5624d75638638c6bcdd4d:0:13874061,8afb2dc8049817c605c7dcc08d2b86f2:1:577561677
581,B,181,-0.03777617961168289,0.8189954161643982,-0.076912522315979,1.1568446159362793,1024,512,-0.076912522315979,1.1568446159362793,stage1_rows,512,0,0.005198341794312,0.053996288997586815,0.00028591883601620794,0.3349289380013943,0.3142106789746322,1260ffba72074c96de98f590cbe5bcdc:0:0,107f95850dea6b9f4cfe866434ad9d21:0:0,4ea4e434e81b681db6acc2bf4c62f148:0:0,8da9a41253f2a66205861e614806244d:0:1669238853,340974b49aca779c929a242d3a65d136:0:894776474
582,B,182,0.045181285589933395,0.8433965444564819,0.09178473800420761,1.1908581256866455,1024,512,0.09178473800420761,1.1908581256866455,stage1_rows,512,0,0.0006909813964739442,0.03703665295615792,-0.0009242029176675714,0.355029034614563,0.3120298740104772,d8469b0f0084a62c6fe950cb752394dc:0:0,48786f1f73a61b14eb94db9e673a03a4:0:0,baca6495c490e746f73da6b250f7928d:0:0,c9769e0c3eeb5b67d06f1aae7a736b4d:0:1630048550,466f54393f1b1de6c984d7a95e2370cf:1:915720181
583,B,183,-0.03097493015229702,0.797450840473175,-0.06924063712358475,1.1263967752456665,1024,512,-0.06924063712358475,1.1263967752456665,stage1_rows,512,0,0.006716128904372454,0.03441983414813876,0.0007279827143065632,0.31758607402443884,0.31169569003395736,b44d0c91e57f738a38052c1eb3616cdc:0:0,384f750d6dbe41b070d6b71830cd655e:0:0,bbcf2e754dc713d65555433ad2d970a8:0:0,db511f72c3343b276f738172ce04b24d:0:2323120180,876ad272d604434f4e159397f367e457:1:2461127564
584,B,184,0.05706072226166725,0.8794636726379395,0.12179464101791382,1.240301489830017,1024,512,0.12179464101791382,1.240301489830017,stage1_rows,512,0,0.00035009998828172684,0.02000772941391915,-0.0013766071642749012,0.3854236304759979,0.3147787839989178,d903d27bcc8605b01848caea869f44dc:0:0,32c0fc79c0ba98c8a01f675397160542:0:0,e1c076eebf4f36c9c82bd54d9bd02e21:0:0,9c637d7283ec28aaeaccf340b2b9f94d:0:1684188067,a381b03f06386fcf9169babaaec36c9f:1:2242444035
585,B,185,-0.022513680160045624,0.8208205699920654,-0.03538151830434799,1.1606155633926392,1024,512,-0.03538151830434799,1.1606155633926392,stage1_rows,512,0,0.00015793356578797102,0.024099076166749,0.0017734300672600511,0.3369611598551273,0.3141823100158945,cc842e4e44b940a6d2e4708eeedd1cdc:0:0,dbb5322830a21639c60378e200ae4c0c:0:0,e90d7a1d95ece384dfc260e48ec92ed0:0:0,f101c79054ce7b8e16a0aaea9893404d:0:2048317356,6b87dba637e1151eba7b361e3afb1d88:1:1182934452
586,B,186,-0.03486739099025726,0.8381102681159973,-0.06310708075761795,1.1845290660858154,1024,512,-0.06310708075761795,1.1845290660858154,stage1_rows,512,0,0.0018479462014511228,0.04581348702777177,-0.0003934254840714857,0.35112189874053,0.31485215900465846,d04fa8f45bda3fbd8adc606bec1af4dc:0:0,3c5abf961a71122fc508d592ec3f44d7:0:0,541ff129437831b2d728f55366bc2a80:0:0,53d153024608a8c114067d82ef90874d:0:2197341309,9b4f17e3efd5ecc7040f6b8b99b6f9be:1:2715389013
587,B,187,-0.0304888729006052,0.8032053112983704,-0.05836218595504761,1.1351547241210938,1024,512,-0.05836218595504761,1.1351547241210938,stage1_rows,512,0,1.5970668755471706e-05,0.013462245767004787,0.002110824873670936,0.3224350154399872,0.31603317701956257,dfcfdc92281549c74408dde17e58ccdc:0:0,81a09e85c3211c6f37b1de93de71e5d4:0:0,d7ac02480a0f4f60a9dbb1d16610643a:0:0,53fda106505e572cf60fda5c27b1ce4d:0:4187363935,c3dd1447d89192027d5ef8a3e625fb13:1:3974381236
588,B,188,0.07867055386304855,0.8747649192810059,0.16016171872615814,1.2316570281982422,1024,512,0.16016171872615814,1.2316570281982422,stage1_rows,512,0,0.00543562788516283,0.03117473315214738,-0.0009550668677547946,0.3806669443845749,0.31494870799360797,7d58d3b8f68a155863162c4fa596a4dc:0:0,930004b98d7c8222311f0f515ba23502:0:0,0098a73030b99f623213a008bdd1326b:0:0,112b020e56d12eaa8acecb08b0f7154d:0:2042518672,c5ae308f05ff805ec16cb565cd782e22:0:1123378243
589,B,189,-0.05926360934972763,0.8420692086219788,-0.1326935589313507,1.186252236366272,1024,512,-0.1326935589313507,1.186252236366272,stage1_rows,512,0,0.00443617207929492,0.03842517381999642,0.0003639433765783906,0.35279531851410867,0.3150348900235258,f8bc2af5d4915d042d848f1661d47cdc:0:0,9b274fd3d7813978f381ae62c799dbf6:0:0,aac86daf96a7d331cf58b2ab35834c73:0:0,1a5a84893cabefbb485cf35afb605c4d:0:3645381087,9566afd36d2be9a9921cfd812c75e480:0:2450190441
590,B,190,-0.0015207412652671337,0.8145997524261475,-0.006686996202915907,1.151934027671814,1024,512,-0.006686996202915907,1.151934027671814,stage1_rows,512,0,4.0081795305013657e-07,0.09565504983766004,0.0014253662899136542,0.3318576835095882,0.3149692370207049,177ffef029bfc39a49a84995b31254dc:0:0,2ca44caf4bbf9c48afc2af734f5033ee:0:0,afa2c2752be16032552ff34a14783b52:0:0,25d24f059f7aa2745de2916576eda34d:0:2629572719,e8313670940f60422af94acdca26711a:1:2988388183
591,B,191,0.02586147002875805,0.8305811882019043,0.055007800459861755,1.1738340854644775,1024,512,0.055007800459861755,1.1738340854644775,stage1_rows,512,0,0.006050414405763149,0.04700255957432091,0.0015762707567773758,0.3447866775095463,0.31482803996186703,0da98e8e18a608643ea99f2d99502cdc:0:0,bd89ce9e27d6e01433bc5bf0334e2aed:0:0,95a2b0079753f6886904dcd7fd4a4059:0:0,a7985d885c23eb0be89d7d7a939eea4d:0:2036850304,56dcbaa3962aceec72e42023a430187c:0:3602153761
592,B,192,-0.020762361586093903,0.7916188836097717,-0.058997903019189835,1.1181296110153198,1024,512,-0.058997903019189835,1.1181296110153198,stage1_rows,512,0,0.0020730909891426563,0.08320936755044386,0.00041683916642796246,0.31287904307246206,0.3131556890439242,86c055d45c4e8b62f484d33e148e04dc:0:0,41948d05358b5f3b20aacb6e9cac197e:0:0,42b7e91b0e0b8783adf646ae74b2fb86:0:0,e36d0c5b6501d2784ce82a2cc174314d:0:2233890724,2b16bb1917b19aac4849e81cb214aaa7:0:47765460
593,B,193,0.09777070581912994,0.8593908548355103,0.19567304849624634,1.207373023033142,1024,512,0.19567304849624634,1.207373023033142,stage1_rows,512,0,0.0006047077476978302,0.03531824802048504,0.001498350448673591,0.3661789022386074,0.306136303988751,193b43775878218c340a292724cbdcdc:0:0,37ba8efc26e38e3eb97f7ea2402f9f16:0:0,60675d984dc1a39bcfdf3a1aff27b59c:0:0,bb0aaa7494829191b340a44e706d784d:0:954962879,a15c98d15e182c3354b6a5ad5b2bc363:1:2080715759
594,B,194,-0.035872094333171844,0.8690017461776733,-0.08545872569084167,1.2268903255462646,1024,512,-0.08545872569084167,1.2268903255462646,stage1_rows,512,0,0.00024055619724094868,0.03861265333835036,0.0005450548371300102,0.37672516852617266,0.3059527080040425,e2ee8853128e390826dde448ca09b4dc:0:0,d3284a7c811e82d6392520997680d1a8:0:0,d33536fcf6330d389f92b7d9e0f961d1:0:0,63ddae0414842d25a94f92f2108abf4d:0:244476106,98d0f745b4c38fd174876cdb05504aea:0:2059816724
595,B,195,0.028559278696775436,0.8611066937446594,0.0506993904709816,1.217324137687683,1024,512,0.0506993904709816,1.217324137687683,stage1_rows,512,0,0.014722008258104324,0.11853545259218663,0.006190828117541969,0.3707225799560547,0.3043087699916214,3b4d5d3fc95e4d6ed778480304478cdc:0:0,42859425c517ba0637539e385f1ef14b:0:0,31b582034edb9e018e0763774592c535:0:0,8a56b9e2a647f16ce6ef376a11cc064d:0:769850824,07303245f4f3c4aea1e1e11502b48897:0:3546868136
596,B,196,-0.04045471176505089,0.8356899619102478,-0.07198446244001389,1.1809276342391968,1024,512,-0.07198446244001389,1.1809276342391968,stage1_rows,512,0,0.003210611641407013,0.014893920090980829,0.0023428109067026525,0.3490275748074055,0.30481815297389403,6067f8f8e18aac05b12597b5d38564dc:0:0,f6bb6e348f84d1d957ce5901c22d0a50:0:0,317d826b0da193a09cdb0fbb67bd3662:0:0,08577d9d91851b5337326d48e4314d4d:0:2413380661,a1d9af8325897263c65abdc6bd9fb1ff:0:1167595203
597,B,197,0.0005992159713059664,0.8429121375083923,-0.012209798209369183,1.1918597221374512,1024,512,-0.012209798209369183,1.1918597221374512,stage1_rows,512,0,0.01965414732694626,0.06607034747721627,-0.0005931410705670714,0.35533573776483535,0.3051021650317125,c57acd0bdcba87fd000616c137c33cdc:0:0,eaa412f3c096afe3523f9c350ca5e1c0:0:0,129d6c6eefd778bacb05125862d5fa1a:0:0,704b1ee442cc3e01856baa60f7ba944d:0:1466606799,91c4fa1c9235998d87daeab72969cf5b:0:3149251949
598,B,198,-0.036780375987291336,0.8186406493186951,-0.07443356513977051,1.1564421653747559,1024,512,-0.07443356513977051,1.1564421653747559,stage1_rows,512,0,0.002670483896508813,0.06898205709876493,-0.001186015666462481,0.3347287528216839,0.3043751189834438,35a8fe0511875ead710e0885310114dc:0:0,9b6ee4a96ae643453d593174ea014104:0:0,fbd29f96c3fcb790617d5510bbd7bec0:0:0,9e023d46aa17331a0e33fec4bc67db4d:0:70050256,70ad9189d19f8feb372f6fb78d5f27fa:0:3423240468
599,B,199,0.027345672249794006,0.8282139897346497,0.05737490579485893,1.1704390048980713,1024,512,0.05737490579485893,1.1704390048980713,stage1_rows,512,0,0.0177399143576622,0.08803875540615991,-0.0015673692454583944,0.3426819734275341,0.30420275701908395,5318e84fda27abd59205b061bf3eecdc:0:0,0b22f657e1dd7951b259d08f91814003:0:0,cc97a964cf034a4bb16414d857c645d6:0:0,70fc23a73a0ba416b47214c6a239224d:0:2200462780,b66c24261cd7f1ae07ac733388f61508:0:3098321167
600,B,200,-0.004194178152829409,0.8226518630981445,-0.018354248255491257,1.1631749868392944,1024,512,-0.018354248255491257,1.1631749868392944,stage1_rows,512,0,9.373086504638195e-05,0.014766737888567149,0.001051634200848639,0.338409972935915,0.3095713810180314,1a1e607fefd6edd7518951b6e27cc4dc:0:0,f1fc6f2618744b4b4f122b5b0625927a:0:0,2243709cb682be149bb6318e1f98a4dc:0:0,8bff30a3ff207b397a6130f9192e694d:0:3112404125,f3fe9c5c6acd300ade12cdfc3b0fafb7:1:3737459205
601,B,201,0.061090465635061264,0.8355503082275391,0.12447020411491394,1.1781855821609497,1024,512,0.12447020411491394,1.1781855821609497,stage1_rows,512,0,0.0015386922750622034,0.013952233642339707,0.0013134343491401524,0.3478763125836849,0.31160985998576507,f96b3af9a8faf9f57f092fe49aba9cdc:0:0,379b0918f244e76a7fe751ee6db61031:0:0,4ae76e32d8552e44c547eae5092309d0:0:0,83a92baba380ca7f1e98322e9147b04d:0:851933746,a0c74061225c0e81a391d513930b21d5:1:1924224815
602,B,202,-0.032204486429691315,0.8367420434951782,-0.06262657791376114,1.1824921369552612,1024,512,-0.06262657791376114,1.1824921369552612,stage1_rows,512,0,0.0031884554773569107,0.047274880250915884,0.001668182574212551,0.3498241096735001,0.31245345302158967,c363842ed006a0914ac98e4ae7f874dc:0:0,72ec70fc0ebe3d3e816f104e0f65a393:0:0,b9b69e56652cd01cf85b63c54e227f82:0:0,6066d2995930f703dd1091797a84f74d:0:3019919037,dc4addd1a6623f0c8836fd6ccf485e44:0:4165040850
603,B,203,-0.0025206757709383965,0.8359771370887756,0.00282908882945776,1.1821569204330444,1024,512,0.00282908882945776,1.1821569204330444,stage1_rows,512,0,0.009914806112647057,0.0626542385085486,0.001904211450892035,0.3495295785367489,0.3150877100415528,39afafe5c919a167c5e2b049ca364cdc:0:0,b213a5fab4d1f4d2807e3eb741507372:0:0,beb60782098ef342b81dbc25018cfd30:0:0,99448eb18fa5374a542d622c44e63e4d:0:1999440932,76eff079ab7966945911192a80afe441:0:1588860585
604,B,204,-0.019385144114494324,0.8105247020721436,-0.0345911867916584,1.145994782447815,1024,512,-0.0345911867916584,1.145994782447815,stage1_rows,512,0,2.6895664632320404e-05,0.014149913378059865,0.0014273073116783052,0.3286035776138306,0.3047606259933673,3afbe340bc5defcf6240d941417424dc:0:0,abbcf0d53738ede388092f1f4736538a:0:0,25a28fcc3642247f8f2d65c23b8ee4a8:0:0,098f82d50ca2b2d48dc251d9606b854d:0:1628665027,3d1fcb2c8704ce9b426807166ecc29be:1:3461021423
605,B,205,0.027158033102750778,0.8056739568710327,0.04289824515581131,1.1391187906265259,1024,512,0.04289824515581131,1.1391187906265259,stage1_rows,512,0,1.3337587006390095e-05,0.137603788706474,0.006424492155201733,0.32458960115909574,0.30468448298051953,ab805a7a7b2246f572a44c914db1fcdc:0:0,ce7a690b4d7ce9de32e4f36bab494406:0:0,acb76b78b529a7be786e215e980e95fe:0:0,66d70adc79eed17f2c1aa8533d14cc4d:0:2098108709,392475cfdcd824b154c9209cec7a995d:1:4155619253
606,B,206,-0.062334176152944565,0.7647311687469482,-0.13048385083675385,1.0771301984786987,1024,512,-0.13048385083675385,1.0771301984786987,stage1_rows,512,0,0.005193608812987804,0.016247797408141196,0.0005937958369031549,0.2909012958407402,0.30517246399540454,0b73c88ed5b20e1baaa14d99eeefd4dc:0:0,c715787c4f08f43a79d79470197457ff:0:0,39dba3db6e7b63437c98d3738d921f35:0:0,e3a6c06fb9fa890ebb0047ac4ae2134d:0:2793915379,0f97f0fe586267208bc0329648416646:1:3498768461
607,B,207,0.053248144686222076,0.8351530432701111,0.10215694457292557,1.1790016889572144,1024,512,0.10215694457292557,1.1790016889572144,stage1_rows,512,0,0.00015362852718681097,0.02655658117728308,0.0015582952939439565,0.34814260751008985,0.3069112040102482,52e56c4417ea8cd59ea01fbb252dacdc:0:0,021ce135fcb5580b985c5f2ea22b978e:0:0,8143f2af8a052e55c663292bdcfab45e:0:0,1c2e0f765d61b75f24c2ac36f9d35a4d:0:611440966,7083b5e7a26efaa38cf615daa4355e0b:1:1706707599
608,B,208,0.06639649718999863,0.8801299333572388,0.12973721325397491,1.241406798362732,1024,512,0.12973721325397491,1.241406798362732,stage1_rows,512,0,0.006064417771995068,0.09027951350435615,-0.0013594125164672732,0.3861673891544342,0.30515341099817306,18b1734b628d6f4643dd0654f06b84dc:0:0,c414d7bc3e26354279881632d75a37d5:0:0,712e4be79b51048d7501c01d98a1b8a2:0:0,b0eca69561c0d7a54b3dec85b9e8a14d:0:2702017159,e404ba49ed61c7a076fd53e2650820ab:0:2096420292
609,B,209,-0.04810483008623123,0.8394100069999695,-0.08292427659034729,1.1860196590423584,1024,512,-0.08292427659034729,1.1860196590423584,stage1_rows,512,0,0.002617429941892624,0.0761086042271927,0.0006626893766224385,0.35213164910674094,0.3049246559967287,424f216d97509a5d706844c750a95cdc:0:0,14ffd597d4ab494fcdf7614db44ad1ea:0:0,debbad5614d5c93261830372fee56d0c:0:0,bb9d6235f80da132c4e1b96afb21e84d:0:1836846257,2877b022edd114ce918e9a50e37226f2:0:2402188874
610,B,210,-0.010174781084060669,0.8295321464538574,-0.014166793785989285,1.173064112663269,1024,512,-0.014166793785989285,1.173064112663269,stage1_rows,512,0,0.0006115922005847096,0.06893227151595056,-0.0011147958921355894,0.3441914804279804,0.30388830398442224,7c1d0efa8dab50155b261e7245e734dc:0:0,5a9b83bac03f25263aaf7d0596425afb:0:0,5524c8f7bccebf713b5e40336ec0a404:0:0,18c0e56d6d495e2bbdb85df92d7f2f4d:0:2593514210,5a1894f6199389850f6a51b2e93e9f44:1:3025864021
611,B,211,-0.01578153483569622,0.8126440048217773,-0.016148434951901436,1.1491981744766235,1024,512,-0.016148434951901436,1.1491981744766235,stage1_rows,512,0,5.3498195484280586e-05,0.057973804092034696,0.0013285747030749918,0.33027914762496946,0.30485094600589946,858caef04660a3b01bced6b5d0250cdc:0:0,a3fb83819d5e80344a907b1398003439:0:0,83939d5a4877b6414b03357c44502ab0:0:0,6ce58ef3740e089efc6dbf82c100764d:0:2714753650,881c98656f407e69e7d1a2c51ba83ee0:0:490344482
612,B,212,-0.019694741815328598,0.8134463429450989,-0.030619759112596512,1.150233268737793,1024,512,-0.030619759112596512,1.150233268737793,stage1_rows,512,0,0.012681601569056511,0.05158461881801486,-0.00023859550710767508,0.3309304893016815,0.30403830896830186,f2232a8fd3c73df52aeeb0f1ef62e4dc:0:0,f82179f9135efd7eae696c37d1ab5575:0:0,0d74eeed8f1c0d127c05ae07a1bd7236:0:0,3eb5ec45f8217c700b565d9a25a5bd4d:0:2189061063,e3986de4085732d9c14c090954535cc4:1:3563384156
613,B,213,0.009678361937403679,0.8147146701812744,0.012840650975704193,1.1521022319793701,1024,512,0.012840650975704193,1.1521022319793701,stage1_rows,512,0,0.00461608124896884,0.1390869115712121,-0.005776442890055478,0.33196841478347777,0.30421718198340386,5fb27d55acce716ee1e5f086a3a0bcdc:0:0,9dff58b7d743addcc194450bef420fa7:0:0,a62597409aa71abfb8fd8d87b47cb459:0:0,e4d5bd4c56e44c8385765211cb6f044d:0:3522670286,2df6f57fd869359505ae1a4fa2ad38c1:0:2860845853
614,B,214,-0.01400302816182375,0.8423648476600647,-0.02440413273870945,1.1911275386810303,1024,512,-0.02440413273870945,1.1911275386810303,stage1_rows,512,0,0.014368953183293343,0.06664482487831265,-0.0015099623065907507,0.35490403398871423,0.3049724280135706,4b72998b20c09ea7fae8d8d3ecde94dc:0:0,5495fce7fb304d32ab06375ab6921c9d:0:0,9f2315cffa699f51f9351c48ac24b93a:0:0,9216fa63501c099d878850fc225c4b4d:0:4146332717,203fd919f0c5f4822f7e85b9e124fd8c:1:235880796
615,B,215,-0.022794850170612335,0.8147065043449402,-0.04320842772722244,1.151745319366455,1024,512,-0.04320842772722244,1.151745319366455,stage1_rows,512,0,0.0028573968447744846,0.034236437000799924,-0.0003775279736146331,0.33191346749663353,0.3044333550496958,a2bf3ae6a1c2e86910ffad39cb1c6cdc:0:0,ede0b306657c3d6f3efab3f97e873fd0:0:0,f45ad5323ea3aee3ca3fc007318229e2:0:0,29cd80db424309624504a8ab9a6d924d:0:3420140106,12a62266bbb1171479b660f15d915bf8:1:3333489705
616,B,216,0.038495227694511414,0.8256815671920776,0.07610329240560532,1.1664263010025024,1024,512,0.07610329240560532,1.1664263010025024,stage1_rows,512,0,0.011344722472131252,0.022191336832474918,0.0009410534767084755,0.3407335340976715,0.3042544519994408,e933e9f09c1237f62006b1183e5a44dc:0:0,9f20b9fe1267d447d916f192f7dc5237:0:0,fe02fcb4ac70aae1ae0509b51d93bf0b:0:0,9e44e1bf4c31fbe8c12841b2a3a2d94d:0:467609157,fc60303ce5f05a7d5e18b51013296ba9:1:1156647513
617,B,217,0.028936317190527916,0.8368469476699829,0.039121028035879135,1.1833322048187256,1024,512,0.039121028035879135,1.1833322048187256,stage1_rows,512,0,0.0078929727897048,0.024134744342882188,-0.0005986270844005048,0.3502641625702381,0.30420021404279396,54ac90228ffd914c04ae27cf46981cdc:0:0,52e3ebfc41c89ed3da3a32ad03fa0b78:0:0,e491669cb548aaf17cbdbf9d47e9321e:0:0,43268f59bba1de4fabfb9ee3adfc204d:0:4261603549,c1250dfa3eb65d05702bb588a0955684:1:3094519331
618,B,218,-0.04066910222172737,0.8245133757591248,-0.07395001500844955,1.1650385856628418,1024,512,-0.07395001500844955,1.1650385856628418,stage1_rows,512,0,0.0004760838346555829,0.09457910648779944,-0.003936774760950357,0.33963327929377557,0.3048179570469074,9055d9f6249db75dfc7a54bee3d5f4dc:0:0,d95a82159325732a96250e106a1dfeba:0:0,ca28a26ab5032b51c554a1703a47a109:0:0,3710027cc4af18c46359dd512979674d:0:4232749646,ee026ee02890810170beee447bd1e06d:1:3616543882
619,B,219,0.023513227701187134,0.8278557658195496,0.054844193160533905,1.1698753833770752,1024,512,0.054844193160533905,1.1698753833770752,stage1_rows,512,0,0.007200584746897221,0.22474936940707266,-0.004301267399569042,0.342425225675106,0.3047603899613023,f2758159e94a205325c37b471613ccdc:0:0,7f3954f4518f3db98c591c651597d0b5:0:0,7bf6a6ac069b62a47308f9d8c7220df9:0:0,ba938c41da30d66c17f7b44d861aae4d:0:3761336489,fe7c143a1f028917e9e6110ff101078e:0:791939691
620,B,220,-0.025568127632141113,0.7939135432243347,-0.05144280940294266,1.122113585472107,1024,512,-0.05144280940294266,1.122113585472107,stage1_rows,512,0,0.0011890762252733111,0.015388281689956785,0.0017572693119291215,0.3150427110493183,0.30849622102687135,d4e778417bcb39c3ffb5dec7dd51a4dc:0:0,f99663421e48164c39f5c2d804104aec:0:0,dde314b6cdb2a88c3a9a14d373bc3a4a:0:0,ff50f6da2161e59f166a756b33dff54d:0:3530884962,05144d7822c6bded9c7b28dbe8d2ba41:0:1287107281
621,B,221,0.03378181904554367,0.8402177095413208,0.059959352016448975,1.1876158714294434,1024,512,0.059959352016448975,1.1876158714294434,stage1_rows,512,0,0.015644993633031845,0.08567283642478288,0.0021316500409739093,0.35299444422125814,0.31228416599333286,6e79c846c949fcf7ea51c2a1398f7cdc:0:0,21f59c9d96ee4ca81f91e450e35fa337:0:0,2bee3f2802b2201ba1ede129276ceee4:0:0,91f4db536502aee6342f0c7ca2c93c4d:0:4236032298,0b0172f8373c6030e3f549ae0f91691a:0:3124563669
622,B,222,-0.011037788353860378,0.8295060396194458,-0.02170499600470066,1.1729462146759033,1024,512,-0.02170499600470066,1.1729462146759033,stage1_rows,512,0,2.421753015369177e-05,0.05890448136487976,0.00013847524533048273,0.3441134266555309,0.3117052140296437,0355d9921ffcd322a66b6a332acd54dc:0:0,3cd364d1b28605fa58a073d53c2488a1:0:0,e87c1dc1e7905aeb69562a9d80923079:0:0,74811e029cc6112a60b0ff9442d6834d:0:4035220280,169c437e4857e26b606a89384b05f47f:0:2746725970
623,B,223,-0.018146779388189316,0.82340008020401,-0.0378967821598053,1.164077639579773,1024,512,-0.0378967821598053,1.164077639579773,stage1_rows,512,0,0.0013554671313613653,0.058204563497565684,-0.0010896882391534745,0.3388986624777317,0.3122839290299453,8482b07ec791c9a1d5ab18ddb10b2cdc:0:0,3c3dd3b719ef05a17ca55ae967681d73:0:0,9967bffccb4a612c7e61782358df800d:0:0,10d33abb958531865a516f048407ca4d:0:3030918491,2f350f3d421081235baf48bbc0045a04:1:1693356872
624,B,224,-0.00055311294272542,0.8275173902511597,0.004211177118122578,1.170217752456665,1024,512,0.004211177118122578,1.170217752456665,stage1_rows,512,0,0.005933351349085569,0.05390177345834672,-0.001827750029042363,0.3425088204443455,0.3051104089827277,c2408eb1d656163a7a8d1200cc4904dc:0:0,621db82e3d2240498bbad1f1f9ed3758:0:0,304613086cddcc15fa03575c74545ed7:0:0,2c85404085608d2a876e155fd65d114d:0:2364898666,e78365f3eec48387efd20784654eb84a:0:682703813
625,B,225,-0.030305420979857445,0.814112663269043,-0.05447268858551979,1.1507481336593628,1024,512,-0.05447268858551979,1.1507481336593628,stage1_rows,512,0,0.002557144034653902,0.019080837233923377,0.0017022233427269385,0.3313455916941166,0.3070115989539772,2a8b4198f91aeb56786198fc7c86dcdc:0:0,cd87a3303c11f5b9906d62003eb45a4a:0:0,04bddace3770777339eadd8b863e8c9d:0:0,88e652885c9edbc2f3684778a9d6584d:0:1028792547,0c933439bd6ed4a920339461e6f0443e:0:3851686923
626,B,226,-0.006092891097068787,0.8336319327354431,-0.007373068481683731,1.1788700819015503,1024,512,-0.007373068481683731,1.1788700819015503,stage1_rows,512,0,0.0026888903230428696,0.054721292364411055,-0.0016369698336347938,0.34759371504187586,0.31257020903285593,ac754586e3d79c42134cf130c1c4b4dc:0:0,0814a005408ed1e7b492829638088d16:0:0,d9759f421b863a1060c3ded4eeca2734:0:0,eb4b78c370c490cf6fabf4616e739f4d:0:941828231,4914de5616448c7bdd968145b15efd24:0:2623005984
627,B,227,0.04306674003601074,0.832105815410614,0.08660206943750381,1.1751025915145874,1024,512,0.08660206943750381,1.1751025915145874,stage1_rows,512,0,0.003592059249058366,0.10001881993375719,0.003266938683373155,0.3457488380372524,0.31376345100579783,c24ac1e32109116970475dfd9c028cdc:0:0,ac37b3085e0f6f01c9824377ca1645d8:0:0,bfefba0ad2fff2dba8e49abc0781875a:0:0,32980187b3090a5dd8b6a56c9434e64d:0:3238961898,a96bdc818f7dce5b462a3d754001d3f6:0:2100551431
628,B,228,-0.003395363688468933,0.8428286910057068,-0.005955595523118973,1.1918578147888184,1024,512,-0.005955595523118973,1.1918578147888184,stage1_rows,512,0,0.017883270978927612,0.1030914607224986,-0.005628393341612537,0.35527198687195777,0.30662534199655056,d7804022f5ce8c96151d22c30b4064dc:0:0,1817e3effa1a7ca3fdff819ff60565b4:0:0,10f3a0458b9170c624529cbdd099e71d:0:0,17d6f86bfdf8bb967f1e7e2c8b1a2d4d:0:3678815282,26d7e25b2a40373f0542db7fb0d57ba0:0:1334954652
629,B,229,-0.011586194857954979,0.8548644185066223,-0.018925413489341736,1.2088606357574463,1024,512,-0.018925413489341736,1.2088606357574463,stage1_rows,512,0,0.0030370084568858147,0.04699601153843105,-0.005781618936453015,0.36557281389832497,0.3121980970026925,3c5ddc8110c3bd2c686e82e10f7e3cdc:0:0,80d1e1b44d8980a55ebbe2ad7b8b567b:0:0,b73cefaf57ae880bd699b4a36c582335:0:0,26a087b927bde18ab4993c73c323744d:0:3821608157,d96fd0fba3977c2873e767234b6e5a7d:0:585065379
630,B,230,-0.022724784910678864,0.8384171724319458,-0.023890001699328423,1.1856508255004883,1024,512,-0.023890001699328423,1.1856508255004883,stage1_rows,512,0,0.0002207903889939189,0.014893477607984096,-0.0002908904629293829,0.35167965292930603,0.3120912210433744,a01c8ca9b998246931afc1b7a8bc14dc:0:0,1315c440e38ed8bd0082d60937ac61ab:0:0,7f83d6a9adc13496664a31ea5114fe53:0:0,aae4a1db6f3390b57d033854ac50bb4d:0:1676728522,6e79cb21d09a2890f9ac01d9fe046c2a:0:3553138514
631,B,231,0.03757965564727783,0.8282858729362488,0.06215602904558182,1.1707936525344849,1024,512,0.06215602904558182,1.1707936525344849,stage1_rows,512,0,0.0002867678413167596,0.06683707684278488,-0.0007767210016027092,0.34300439432263374,0.3128206640249118,9ac7f5d13763c99f192922a6d6f9ecdc:0:0,fc6e3bb02d3620614cb300e186d6542d:0:0,c771ada5f9ab4484e8e20fc7b25bc910:0:0,3170540b8991299e63666421b6a2024d:0:3174375779,61a39f3c2fd3777773b6ce3520de588d:1:221248018
632,B,232,-0.05721909925341606,0.8331496119499207,-0.1241036206483841,1.1743930578231812,1024,512,-0.1241036206483841,1.1743930578231812,stage1_rows,512,0,0.000263253110460937,0.014334628742653876,0.0003965547191910446,0.3455599069595337,0.3122466960339807,2aac28ea23b93e7427f6e90e9a37c4dc:0:0,71c9d4fbbda45f93e9b29f059ff11119:0:0,425ca69066890891b5bd90e93a295b05:0:0,0f0781600d26830e73014c6d5217494d:0:1870715297,ddb0fb9ca3c6d400c6e629180b6c7b51:0:2913274193
633,B,233,0.018142420798540115,0.8073959946632385,0.028704222291707993,1.1416817903518677,1024,512,0.028704222291707993,1.1416817903518677,stage1_rows,512,0,0.0031424914486706257,0.026217597478535026,0.0024691493235877715,0.3260648224502802,0.3134108940139413,2d6378f16074f31f4809584ef2759cdc:0:0,fd782d3ebee3557556bafcd33076e8df:0:0,113a70b2b33b19bc6521f411bd8896c8:0:0,0c6ebe42334b5847544e1809eeb0904d:0:1258558665,778ab520d1005a7c297ffe73ed4cac58:1:3798446370
634,B,234,0.02992667816579342,0.8449261784553528,0.04552963748574257,1.194657564163208,1024,512,0.04552963748574257,1.194657564163208,stage1_rows,512,0,0.009356645867228508,0.07698613000102342,-0.0036441534204641355,0.35708172172307967,0.3123850930132903,cabd7c856649daa5c424b3c7dfb374dc:0:0,7963cbe57b7430999ec8873af08f9dba:0:0,5010749feb31c7ca527a457a01c63d4f:0:0,01004b3ff04ec9ac8e098809fc6dd74d:0:2399781686,bffa4cf91c3125183b22cf9a5844b93a:1:113674475
635,B,235,0.021046826615929604,0.8186238408088684,0.049179576337337494,1.1569643020629883,1024,512,0.049179576337337494,1.1569643020629883,stage1_rows,512,0,0.00016712548676878214,0.06538133858703077,-0.000626356868451694,0.3349483013153076,0.3090817449847236,7fb5293ea20b5f18c7e13ed961f14cdc:0:0,c10af07b76d9b12760a981c02e4d714f:0:0,8dcc829daed0e2fe6402fd4b164e3ed5:0:0,07ede68d2bddfe4eea39f7bfeb4f1e4d:0:4142532761,f8c706ee1eda804bf8ca1462bb954df1:0:3426866
636,B,236,-0.040485039353370667,0.8278099894523621,-0.07394811511039734,1.1696830987930298,1024,512,-0.07394811511039734,1.1696830987930298,stage1_rows,512,0,0.00041621190030127764,0.050012065446935594,1.921283546835184e-05,0.3424021564424038,0.30561753996880725,f980d47e96b4a5d2dfab3ce3792f24dc:0:0,2f3e6e20db34a8a6d0767d976dbc7a68:0:0,b01f73ad9dc283d1cfac511ff6972751:0:0,10b3e85a770334c9ff365cbe2b54654d:0:1324899150,0b7ac9ab059b49f16be4908f41f64bf7:1:2552731209
637,B,237,0.005778726190328598,0.834306538105011,0.011226202361285686,1.1798138618469238,1024,512,0.011226202361285686,1.1798138618469238,stage1_rows,512,0,0.016175080090761185,0.06095212743384763,-0.004065477160111186,0.3481207713484764,0.3054458689875901,3c73c2ab7a2d23b578c2f146256cfcdc:0:0,3f251b861489535d231455ded4d417a9:0:0,feebd9d6c0ddf0a60086a1c10aa96d9e:0:0,4a5fe29cf688d1e3dcad46d72c7dac4d:0:1600890300,5077e239209ba583d707a9490fc43343:0:4184606839
638,B,238,0.05532818287611008,0.8636356592178345,0.10218372941017151,1.2195205688476562,1024,512,0.10218372941017151,1.2195205688476562,stage1_rows,512,0,0.00906728208065033,0.056527516804635525,-0.00372938709333539,0.3724694699048996,0.30532145604956895,a7edcb0e02ca8166613c9f6166aad4dc:0:0,775bb137e6766926ef743f20ec2ffb43:0:0,5769a70b217d60744f6174097b3eeee1:0:0,048f3c1d59363b5edcabe01d5ecaf34d:0:3960630784,ce89e064fa84de2a75e86c8c4dc32689:0:832378600
639,B,239,0.0003728717565536499,0.8434098958969116,-0.005581382662057877,1.1926618814468384,1024,512,-0.005581382662057877,1.1926618814468384,stage1_rows,512,0,0.0030408327002078295,0.05477385878330097,0.003592936845961958,0.35578491985797883,0.3050613870145753,47f273c71b8fcf8d48008a953ce8acdc:0:0,51faaae8e675a68c31f0b75d569168e8:0:0,6a36fea83ae898c21eb77ae8a10fe30b:0:0,bca4dbc699068d6d98a4ece3323c3a4d:0:1850431093,5ad95961f4f488ab36fa96af00be1d47:1:710390192
640,B,240,-0.06421026587486267,0.8075112700462341,-0.12635231018066406,1.1385607719421387,1024,512,-0.12635231018066406,1.1385607719421387,stage1_rows,512,0,0.006705599371343851,0.0941846974659711,-0.0016090118675492703,0.3249347411096096,0.3077107449644245,8e35c693352a0b113ccaf641a82684dc:0:0,a22429ca0b3e0f9d63ea553cf3f763ab:0:0,b98b217f40fd6e6b4187402453258419:0:0,7ae6475cf52379390277cbbb16d1814d:0:2412503505,4518dced224c2dee72c101fb717c8692:1:1438522348
641,B,241,0.03914964944124222,0.8342319130897522,0.07701840251684189,1.1785119771957397,1024,512,0.07701840251684189,1.1785119771957397,stage1_rows,512,0,0.0009128930978477001,0.034074035566300155,0.0017135975886048982,0.3476809002459049,0.31183451699325815,ff79fc50e9a9f156302c25c6a8645cdc:0:0,4843e977a240c2d63c730d861b483d30:0:0,cd4ff9020147e606808105f46254fa85:0:0,1a815b260818dae8a17775777c8ac84d:0:2532300985,69acf2201b63564cedc9dd7a130cb6fc:0:469249057
642,B,242,-0.047090597450733185,0.8293750286102295,-0.10560742020606995,1.1699451208114624,1024,512,-0.10560742020606995,1.1699451208114624,stage1_rows,512,0,0.0022573296446353197,0.047251296183094385,-0.0036288369097746908,0.3428716234862804,0.31152335699880496,9efdfa80a8fb247a73885c843da234dc:0:0,e5463727895a1dabadeb24034406015c:0:0,1ff3ac463cd650efcf8f3fdce6c70480:0:0,72ff29c01a5fd59cf3717d2ad3680f4d:0:2474487064,332f1ea0f87112f0394d49ddde9861a1:1:890283557
643,B,243,0.047344379127025604,0.8117967844009399,0.09281603246927261,1.14620041847229,1024,512,0.09281603246927261,1.14620041847229,stage1_rows,512,0,0.00250077317468822,0.04140994662884623,-0.0020661507500335575,0.32888038381934165,0.3123683959711343,e8797b3324189f943917ddda67e00cdc:0:0,fb868a138f3fae5d16ea8b82f6715fcc:0:0,3d7fca4e6269a6949e228b410bf08fec:0:0,4f3c4794d50a83cbf1b510278b69564d:0:2058409937,cfc729cc544c3a59c426f740e052b420:1:1003591299
644,B,244,-0.017330827191472054,0.8493018746376038,-0.030272101983428,1.2009053230285645,1024,512,-0.030272101983428,1.2009053230285645,stage1_rows,512,0,0.009381772018969059,0.047536620823666456,-0.0036581987951649353,0.3606969065964222,0.3045583430211991,f9b8951c2cfe7aef13e6ed29271de4dc:0:0,a045364daed20ea4e78c05b32651c6e2:0:0,e6837cf80433fd62d726706674aaf26a:0:0,f98ad71e43038a6fba19f600148e9d4d:0:239895673,6e1d32467d41c8b70b9faf399a02f215:1:3899085900
645,B,245,0.026115981861948967,0.8416533470153809,0.05226568877696991,1.1896371841430664,1024,512,0.05226568877696991,1.1896371841430664,stage1_rows,512,0,0.033869531005620956,0.11064040240598842,0.004063761539873667,0.35406545028090475,0.3052517350297421,275536bfc159004977d5cdd07b5bbcdc:0:0,88f10892836c2edd886e12693542cf2e:0:0,13bf93c8bee05f5000b8711c94c256c7:0:0,82599dc0a0ff1d775c079086ded7e44d:0:2116614458,57cd6fadee04f54c8f3022ef8ca5f3ee:0:137696967
646,B,246,-0.02583504281938076,0.814180850982666,-0.06021609902381897,1.1503512859344482,1024,512,-0.06021609902381897,1.1503512859344482,stage1_rows,512,0,0.00839943066239357,0.00806615244364366,-0.00038317803991958497,0.331113413721323,0.30491496302420273,9c5204eef5f10f123998c330649994dc:0:0,53c15cefde781f5a4cd7cd24e2a2d7f7:0:0,9f9ccb07acdc8098e6ba6578ab0fb308:0:0,6d5a2f6bd4e543e9c97bdbce5a452b4d:0:3557627028,3857b75597b7263221529a75230846cc:0:2214093844
647,B,247,-0.011598292738199234,0.8336209058761597,-0.022069886326789856,1.1787809133529663,1024,512,-0.022069886326789856,1.1787809133529663,stage1_rows,512,0,0.0006183182122185826,0.026326505560427906,0.000584064528811723,0.34749738946557046,0.3060068289632909,d276ea0a78d5d0a60eb810a8e2d76cdc:0:0,c9563e42bf38c634afd9daf2f61490b2:0:0,035a5fff10db9eeb27af76f5dc7f6828:0:0,8c2e3cb085276a2aec126e28f6d6724d:0:243147532,6da2f505ef0b27176dc2e0fb89f28f46:1:3744795168
648,B,248,0.018828250467777252,0.8032715916633606,0.044816166162490845,1.1353565454483032,1024,512,0.044816166162490845,1.1353565454483032,stage1_rows,512,0,0.027796953916549683,0.13452222008490936,0.00539266134146601,0.32252973020076753,0.30486915400251746,a94480c06043bc8d0d8ff999f61544dc:0:0,0aec3c91ad3c11cb817575935aa4368d:0:0,6bb640bd500ed87006d41d2af8923592:0:0,67b3169aaf1d90d2de0b7829248bb94d:0:3407138780,735c116088a9e6c43720a6874c2c20fc:1:1214014340
649,B,249,-0.00450844457373023,0.8214825391769409,-0.015601200982928276,1.161603569984436,1024,512,-0.015601200982928276,1.161603569984436,stage1_rows,512,0,0.015960853546857834,0.05448874030262232,-0.0030771317426115273,0.3374387137591839,0.3058536080061458,a320623afc48ecb82d50c1639e531cdc:0:0,69bc60466dff78d9a59fdfde773bf45b:0:0,0a54df72f08da7519314a0ee7651af3a:0:0,d5eed09a4931a6874752c4a15365004d:0:3768703186,b22dfc442c86b268d6784b289eb19bc1:1:1993024370
650,B,250,-0.03709574043750763,0.7815539240837097,-0.07647056132555008,1.1038391590118408,1024,512,-0.07647056132555008,1.1038391590118408,stage1_rows,512,0,0.009891840629279613,0.1129056700039655,0.0043571021175012,0.3050408035516739,0.30832877301145345,5c013cf66126c1bec5feab65db90f4dc:0:0,268ca935ccd967c7c425499a3a8dbfc4:0:0,3b2139dec9bfd0f0fb2fbcc59148876f:0:0,51d2be2df249db46de86b8a3f362474d:0:3116415221,43d6f3e80dafe170e66aa5492b667127:1:2421663164
651,B,251,0.07663572579622269,0.8503522276878357,0.16766159236431122,1.195618987083435,1024,512,0.16766159236431122,1.195618987083435,stage1_rows,512,0,5.90495765209198e-05,0.01632978261914104,-0.00015110295789781957,0.35877755135297773,0.307935057033319,a25e76b26070d71c1071fb00adceccdc:0:0,d04c839cd089a0e13b856239ae20b034:0:0,e09947ef83cb38670484192a497f3929:0:0,20ac8307eb8cfb970dff538374838e4d:0:3660403664,201574e95b4b921446d9efa86ff50bf2:0:3865496731
652,B,252,-0.0460459403693676,0.8375223875045776,-0.08933083713054657,1.1827764511108398,1024,512,-0.08933083713054657,1.1827764511108398,stage1_rows,512,0,0.0008388388669118285,0.024314251774922014,0.002151134272571653,0.3502489894628525,0.30617240600986406,ba7bf936a6e9476ca656f394150ca4dc:0:0,c4cc1cf69266565a2e79486c94e98e8c:0:0,8ea58608d54260079c1078b1ea9be632:0:0,74751c269c462203bcd52ed246c8d54d:0:3564616310,7ac9f4008e5af8ef9edea5fe8c7a510e:0:142780295
653,B,253,0.07584726810455322,0.8517720103263855,0.14619475603103638,1.2004104852676392,1024,512,0.14619475603103638,1.2004104852676392,stage1_rows,512,0,3.951019607484341e-06,0.06790605809073895,-0.0022654683329164983,0.36146596297621725,0.3069244440412149,3d57a6deb51a40ac022dd880114a7cdc:0:0,3b4f0c486b27fe954b924880419c1c23:0:0,1e6c77a112a182e81687a323ceb5823e:0:0,d9ba31fba9574d613be87e62da321c4d:0:1228826061,481ce74a1a0bdb7ee567328182334248:0:642624350
654,B,254,-0.05636091157793999,0.8358413577079773,-0.10296021401882172,1.1801589727401733,1024,512,-0.10296021401882172,1.1801589727401733,stage1_rows,512,0,0.008380984887480736,0.07756547637982295,-0.00327980974689126,0.3486723527312279,0.3121487979660742,b782d12368ace871ff4aed24a28854dc:0:0,6ea354a218731dae6d3f49a83b4b3b4e:0:0,1b460a472ba73acd9cda6713a0c92c5e:0:0,87b21a633a54aa4056e810479ebf634d:0:1383457926,63f87198d98104959dca16a93ea525c1:1:606164222
655,B,255,0.0172882042825222,0.8345715999603271,0.043459922075271606,1.1796324253082275,1024,512,0.043459922075271606,1.1796324253082275,stage1_rows,512,0,0.01879219338297844,0.17642421000637115,0.01195559070329182,0.3480737328529358,0.31314520695013925,a90ee897cc7d903059d674e1c8c62cdc:0:0,7f7f0ed69b0f9e31bbc6afbd1eb4db0a:0:0,5b6c92dea1f167f1ba96f85075674686:0:0,5c0117fc5e0c9e0489584cd30470aa4d:0:4167603114,782e36a956f341345b8ea44b5fc14035:1:617088004
656,B,256,-0.0357581228017807,0.801611602306366,-0.06293676793575287,1.132956862449646,1024,512,-0.06293676793575287,1.132956862449646,stage1_rows,512,0,0.0077314251102507114,0.1101770228939131,-0.0037834426315384918,0.3212422229349613,0.3118319709901698,ce697b0ee56d39702eccb317840404dc:0:0,788622980839d6c7cf070e6f1c050f28:0:0,2dbbef8643e019f6be2477d9593f746f:0:0,7db3ee8f9eeae20c579a36977b45f14d:0:3411945090,bb357fe028d9121972fb45ce03ac40d4:1:3904417237
657,B,257,0.022511059418320656,0.8798348307609558,0.04370838403701782,1.24383544921875,1024,512,0.04370838403701782,1.24383544921875,stage1_rows,512,0,0.0008086729794740677,0.02760842883726582,-0.0004885286150965839,0.38699655905365943,0.3124606119818054,aa9071e031f06a0f7bfdeb25d441dcdc:0:0,acd8f4a34d6d3f960499cb18b75a94c6:0:0,37d3b58996a6876df60145e18c3a6712:0:0,f32894bdbd4f3d5bcbf26a67733f384d:0:2377117100,2071d0c7cfdd557a14f262cbaeccfc7a:1:3441586
658,B,258,-0.02461479976773262,0.8333647847175598,-0.06165117025375366,1.1773484945297241,1024,512,-0.06165117025375366,1.1773484945297241,stage1_rows,512,0,0.008593905717134476,0.14674433056497946,0.004973481665365398,0.34686392843723296,0.31226854800479487,256c5f80925b507ea00e606cb97fb4dc:0:0,80fb128526fa9f5350ff0b9202e3210b:0:0,2a5ef3188fbb7a24b003b3b5afa3455d:0:0,c9c3d552329aab3917901f555c5c7f4d:0:4068596657,2935d6deb35239a6741eabfda320cd40:1:966216415
659,B,259,0.00026701553724706173,0.8316420316696167,-0.008409816771745682,1.1760109663009644,1024,512,-0.008409816771745682,1.1760109663009644,stage1_rows,512,0,0.0059836613945662975,0.051217469526454805,0.0011347395542543382,0.3459054261445999,0.3125264970003627,b55b88e54feb37fdda76564c33bd8cdc:0:0,cc371e52514bb0a76a1a177db54632ca:0:0,f9c7ef9a628f097daf670b5ba6de3c59:0:0,28eeb96f935ffd2b579426b3a69dc64d:0:3651133095,92f67f610309ebb7eac4e33ad099de18:1:3174630234
660,B,260,0.025363581255078316,0.8425639867782593,0.06275347620248795,1.1903502941131592,1024,512,0.06275347620248795,1.1903502941131592,stage1_rows,512,0,0.011056371033191681,0.02000109649961814,-0.00024193135468522086,0.3546092852950096,0.314904591999948,f90d3466f88d4cdacb82102442fb64dc:0:0,7d6236c29c6e3986aa464839f365bd05:0:0,1c025b2aec0cd669da8c8b51559847b2:0:0,6a77ab8321cf46cb7e17ec14c2030d4d:0:4078100869,0a97ed67ce5e90040c90e26117287c3f:1:3246506945
661,B,261,0.004607515409588814,0.8243420124053955,0.008513775654137135,1.1657328605651855,1024,512,0.008513775654137135,1.1657328605651855,stage1_rows,512,0,0.000272908597253263,0.054076905851252376,0.0015833580582693685,0.33988586366176604,0.3126944509567693,deb9a519c562b0adf451d154e7393cdc:0:0,902061325a9091199ad0726af12dc9c4:0:0,82bf22dda011ceff7840604ba97ff14a:0:0,abf2eca4e31da1d75f34754b1e8c544d:0:2080334973,959e8589a51f89e8a3144fc3aa4d2cdf:0:1350210857
662,B,262,0.03948083519935608,0.866892397403717,0.09361974895000458,1.2235314846038818,1024,512,0.09361974895000458,1.2235314846038818,stage1_rows,512,0,0.003317824099212885,0.07162895660148934,-0.0049919980461709205,0.37485851868987086,0.31192533299326897,778806d14201de9836d9dd3e207714dc:0:0,9ecb4d6e2ba5d12ea481158a52ded29a:0:0,6374b126b7373344e97685126120b3f5:0:0,807825e6535518f6e20962692c399b4d:0:2137818043,be1a4f740955c978c9765816d038e1a4:1:784708314
663,B,263,-0.0156867615878582,0.8335468173027039,-0.025772538036108017,1.178670883178711,1024,512,-0.025772538036108017,1.178670883178711,stage1_rows,512,0,0.007766452617943287,0.03731282171793282,0.0019279994652606548,0.347435699403286,0.3124014420318417,61906c44ea755f8055e2773feeb4ecdc:0:0,86ecd2b42bfc66b272c6da3b49efa317:0:0,4387c6e5740b316238f7766da463c671:0:0,224df83762a2c7a355c3edc15b0ae24d:0:4000812565,1de0690c87c0c4441f4618b394e9f8c2:1:201673955
664,B,264,-0.03195386007428169,0.8361057043075562,-0.061652444303035736,1.181635856628418,1024,512,-0.061652444303035736,1.181635856628418,stage1_rows,512,0,1.7740530893206596e-05,0.03952981296461076,0.0014108570758253336,0.3493462115526199,0.3125650840229355,485cde0b75f7ce507507e2ba51f2c4dc:0:0,5961721b14ab5765d81e9ce93614df14:0:0,6babada5c3573efb0d79e8c8b1f787ef:0:0,8df1431bbde37da0eaa5ebe61b00294d:0:3034344093,34547c53aa9ec1037dd92cb2a2dac765:1:858934378
665,B,265,-0.034853458404541016,0.8029353618621826,-0.06440556049346924,1.1347076892852783,1024,512,-0.06440556049346924,1.1347076892852783,stage1_rows,512,0,0.008100543171167374,0.033919142303057016,0.0005494416088367871,0.32215285003185273,0.3129167780280113,5b195662846d2c3398ba630d4a309cdc:0:0,9bca363792b84942847183237ab31384:0:0,6820c09ed88d3d7a8c50c97346dd8892:0:0,f5efaf8d81d9747a4f0ccba9dc19704d:0:3608879394,8130c037a1b29559a7afc9e77c7b5786:1:3720987359
666,B,266,0.0627954825758934,0.8464598655700684,0.12937161326408386,1.1933307647705078,1024,512,0.12937161326408386,1.1933307647705078,stage1_rows,512,0,0.0018160708714276552,0.024561690690461546,0.0003104395567788742,0.35694964304566384,0.31230711296666414,c0c762f8649984d3263e3b98d76e74dc:0:0,ecd5b34c2227cff2f04e0b84cfa7163e:0:0,0bed1cd687c7a0b41a31de75c2de59f8:0:0,435194425d1fe56e7078961f0e56b74d:0:1378038569,5cd57a896fd46da458603b2e4c9d80fd:0:2480583177
667,B,267,-0.012089680880308151,0.8514457941055298,-0.017521947622299194,1.2040607929229736,1024,512,-0.017521947622299194,1.2040607929229736,stage1_rows,512,0,0.005918187089264393,0.09189523169770837,0.003616434906143695,0.3626922532916069,0.31242149200988933,05c7032da914e29463abafbcf9ac4cdc:0:0,b7f600e25bb629c2178b71c80651069d:0:0,6975e2408fac8fb0269600da9d6468f2:0:0,6ca6a638d09b8e406092ee9821b7fe4d:0:630063521,d81719a7a76e1dd55e9df7c1c8014c4a:1:733583805
668,B,268,-0.008359875530004501,0.844072163105011,-0.018415767699480057,1.1935611963272095,1024,512,-0.018415767699480057,1.1935611963272095,stage1_rows,512,0,0.0032840080093592405,0.035569269116967915,0.0029350599041208627,0.35636173859238623,0.31218966603046283,3adb368441fc92d5f7ef02d9b0ea24dc:0:0,7a4714a3bc54fa08b629d8c757340ec6:0:0,0acb1b6a7f9a5422e8d1ba9ffdbba932:0:0,f615af20b0d173595e3612a7863d454d:0:1092480057,3c97ec252a092401eaaf86c81396365d:1:616148080
669,B,269,-0.0451621413230896,0.8336325883865356,-0.07767355442047119,1.1780025959014893,1024,512,-0.07767355442047119,1.1780025959014893,stage1_rows,512,0,0.0006684956606477499,0.10791063457727432,0.003539962263312191,0.34729436188936236,0.31250586500391364,047d8c31d161ba2d6ac8784efd27fcdc:0:0,ebecd82463241d465d1daa929a36562a:0:0,bc65f58bba078d52c15ac03a9db3471c:0:0,4d3eb60044376dad0273da1fabe68c4d:0:1010567657,c4fb11f79170731c96370eb93157df89:1:262623251
670,B,270,-0.04386351630091667,0.7971701622009277,-0.08013524115085602,1.1261608600616455,1024,512,-0.08013524115085602,1.1261608600616455,stage1_rows,512,0,0.02029140666127205,0.05343595700105652,-0.003147202971740626,0.31747336164116857,0.3128976909792982,29d8e20af07538a4a4cc537cde65d4dc:0:0,bd7dc1adc2e539c4c5b60ff2a0e35de5:0:0,a228f122e5ab63f85a9dd9dbff267180:0:0,d308188a5b3c52cf919cb71302b3d34d:0:1257870744,f277677347e2f520eda4a8cbafcaead7:1:4248632206
671,B,271,0.034284867346286774,0.835415244102478,0.05944638326764107,1.1808619499206543,1024,512,0.05944638326764107,1.1808619499206543,stage1_rows,512,0,0.004549448378384113,0.06173785580322146,-0.0030282354913651944,0.34891585633158684,0.3133812890155241,4d205e3d1b70ddf76f62d7c354a3acdc:0:0,ac2b174e368cd46462050bf176a2cc99:0:0,b247ea2ec607048fe67d9165ef1eb0b5:0:0,6513e815866fc5ae7046b5d3faa51a4d:0:1701835146,3b3aea0aa1499223f5eb255157b54290:1:1120877383
672,B,272,0.039615530520677567,0.8618632555007935,0.06771824508905411,1.218145728111267,1024,512,0.06771824508905411,1.218145728111267,stage1_rows,512,0,0.00495932437479496,0.08159526134841144,-8.252325933426619e-05,0.37138278484344484,0.3118056830135174,5b2c8c8cfa3dedd0f4c848825fe184dc:0:0,8c5de4c23b85dd68d7624694daa6c949:0:0,ee5a86b1b619f15136b3490d2c8c88d9:0:0,2f27c72d1ddbfe5abc547cf503ba614d:0:3807538807,7f635ab505b83822039e9320a42200b2:1:1127510304
673,B,273,0.045223869383335114,0.8297227025032043,0.07203032821416855,1.1727482080459595,1024,512,0.07203032821416855,1.1727482080459595,stage1_rows,512,0,0.001288622384890914,0.06450935126049444,0.003636781923705712,0.344251473993063,0.3079311790061183,ee55650ebbd8f409400ce91a001f5cdc:0:0,f4ef89c8504ce6991edc2926e1a495d4:0:0,f1c96b18086ab086452046dd3008bbb4:0:0,401d476e224e175609fc4d488df3a84d:0:3206236641,d714da0dfb951e04fcc315c8332f3480:0:3195940421
674,B,274,-0.04274196922779083,0.8320573568344116,-0.07491476088762283,1.1757880449295044,1024,512,-0.07491476088762283,1.1757880449295044,stage1_rows,512,0,0.013566389679908752,0.033457198180258274,0.0009253034790162928,0.345913714915514,0.30765079701086506,5864df8e3a72e8e2bd14fcea355d34dc:0:0,e6a774ab9fbd9e9e122e58538f8594a5:0:0,4ecb274aa847b0309b6c56d470c2124d:0:0,fd5c95f01df3aed144cf01e10950ef4d:0:1931946018,50da10e5f42345b52d7136267d8c5323:0:4050216922
675,B,275,-0.03942476958036423,0.8172743916511536,-0.07987435162067413,1.1543421745300293,1024,512,-0.07987435162067413,1.1543421745300293,stage1_rows,512,0,0.000936665222980082,0.07704378989292308,0.0007281486294232308,0.3335549563169479,0.310281527985353,493a941c9e4fa547b898c752ff9b0cdc:0:0,60aaec565377160d3c5409b6a43a6ef2:0:0,f7732c3f37e932ec4f3822d727c24f68:0:0,6e9ac2010d5eea4db4bf1010e5d2364d:0:295403547,57237783d27919eec00f04ffc191305c:1:1095603385
676,B,276,0.08642762154340744,0.8777593970298767,0.17339302599430084,1.2351856231689453,1024,512,0.17339302599430084,1.2351856231689453,stage1_rows,512,0,0.00376519444398582,0.023180813575163484,0.001470185338985175,0.3831402212381363,0.319290627958253,134dc6793561a707e0248bb45ed8e4dc:0:0,9b2df7db14b2874ac072a49f8744383c:0:0,912d5ed2fd6f3f98c76e06d0d9936d33:0:0,aace299f04ac2b102727876a93777d4d:0:3177576149,f0425587b03996e3234a629472537f28:0:813920572
677,B,277,-0.050410423427820206,0.8567132949829102,-0.0969022810459137,1.2097505331039429,1024,512,-0.0969022810459137,1.2097505331039429,stage1_rows,512,0,0.030367525294423103,0.03502297638915479,0.0009527852496830746,0.36640773341059685,0.3146216989844106,64a8174b35a32515c2188d6e5316bcdc:0:0,775f66f82b6ff1b11f96e0c358a51aed:0:0,a916d7ae8b6b5d1359ced62eda0f8af2:0:0,38871bfeb62f01d63bd311c08240c44d:0:376180048,1395c50d672c3f133e7cc9dcb8be6d05:0:1658753229
678,B,278,-0.03500781208276749,0.8249087929725647,-0.0765216201543808,1.165076494216919,1024,512,-0.0765216201543808,1.165076494216919,stage1_rows,512,0,0.0016456181183457375,0.016299482202157378,0.0017336830613203346,0.33979432508349416,0.31105655699502677,ea37f362202c73c44da90fe0dc5494dc:0:0,1e5d54ac4c91a390008e7d5910495830:0:0,7041cfe33c8e10127032520b699334c7:0:0,13237fb738b6303dd602f325222e0b4d:0:206706889,43f8e24c1b81e74d40cc12e8e9d08696:1:1641743156
679,B,279,0.06158718466758728,0.8220904469490051,0.13000527024269104,1.1585317850112915,1024,512,0.13000527024269104,1.1585317850112915,stage1_rows,512,0,0.0026904132682830095,0.04130211006850004,0.0009273148083593696,0.33637288473546506,0.31499390600947663,bc76b6727b07b90452de566bfa926cdc:0:0,da4904c8c6477cdbb594f6c79f29bda4:0:0,6e5fa137866ca0e415a0283261dd1e11:0:0,647fa2fd6b20c64eb17609eae33f524d:0:264897002,b7191eade632fde6f4a78ea4c1ebc78b:0:2152283849
680,B,280,0.015990454703569412,0.8297969102859497,0.03222550451755524,1.1732386350631714,1024,512,0.03222550451755524,1.1732386350631714,stage1_rows,512,0,0.007079274859279394,0.027318100468255578,0.00019066778442002885,0.3443312503397465,0.3128861259901896,a753540497c1f0a20294a46fadd044dc:0:0,f3198efe9477ce4426889fa746c47657:0:0,666eb26612e9b92409c0d6eaddc16d82:0:0,cfb423d819a8aa961b6fcea43574994d:0:2108655003,d701cbbdb53a60fa48516aae0407e124:0:2231934345
681,B,281,-0.0043083857744932175,0.8630685806274414,-0.012866091914474964,1.2204630374908447,1024,512,-0.012866091914474964,1.2204630374908447,stage1_rows,512,0,0.006663245148956776,0.05734954823274165,0.0011930103995837272,0.3725442811846733,0.3135153490002267,5c1f368b1cb940826e7c3d4bf60e1cdc:0:0,3275539fc5be25cf43c5540f68792a80:0:0,4ab8503e3e982c1245901fee8c201149:0:0,d64b578596f11b44cfbf542388cde04d:0:2686267633,10d625babb9801eaa9e79dfcd20a6c6d:0:2073238404
682,B,282,-0.043938107788562775,0.80804443359375,-0.08802740275859833,1.1410051584243774,1024,512,-0.08802740275859833,1.1410051584243774,stage1_rows,512,0,0.030559277161955833,0.11927159128244966,0.005078865704126656,0.3259542673826218,0.31051634799223393,62dfe1d707289ce109196460d34bf4dc:0:0,c4f65030d236feae2925cd898820ebac:0:0,066a1eb9f3e1db12b7198d101023415a:0:0,1ad4768fcf91f6bef9c6477b4d4b274d:0:3482077383,d917a58ba02ace8dd8a377e546984102:0:3544824730
683,B,283,0.016528654843568802,0.8279595971107483,0.0391201376914978,1.1704392433166504,1024,512,0.0391201376914978,1.1704392433166504,stage1_rows,512,0,0.0005093837389722466,0.044953707733657214,0.00038236090767895803,0.3426605902612209,0.3115582870086655,30e4c35edbf0bc8d25c45d0e4589ccdc:0:0,a0898c5a71ab240d28bcdeef1526c526:0:0,5e17bf840bdd6cffe6c0f409495581d1:0:0,ac573968fa82da0e597feffdf2ec6e4d:0:3533770198,9d713b60a5ffb19437c19ab5aac35d9b:1:2854123992
684,B,284,-0.04546940326690674,0.8147422671318054,-0.08559102565050125,1.1507827043533325,1024,512,-0.08559102565050125,1.1507827043533325,stage1_rows,512,0,0.0047484808601439,0.04095117473043501,0.0007878396078012884,0.3314945638179779,0.3147861580364406,24d5780ebd1e5d2778a96ab44cc7a4dc:0:0,7fbb2f5b1072493248bb7ad3278c2416:0:0,f72f6c985213a8fb8ac39b3b1e2eea40:0:0,70711304eb7363a68c882f3de9b1b54d:0:741174975,5d8bc537dd82361a107d757799e3cbc6:1:3288053915
685,B,285,0.02474338561296463,0.8189936280250549,0.052181802690029144,1.1575371026992798,1024,512,0.052181802690029144,1.1575371026992798,stage1_rows,512,0,0.0009745706338435411,0.026291749824304135,-6.294409977272152e-05,0.3352175362408161,0.31646500498754904,4c99ac971a2dd75f96c8d0b2e9057cdc:0:0,07a1150e5035c3b4af04631fc00c84b6:0:0,6dd428dc93d4771709eab248384dfbb1:0:0,eaa9d6ddb5c828eb7b22810da19afc4d:0:1658188805,bb2a93f93b564317d11ff8cc19687bfa:0:2899609848
686,B,286,0.011793958954513073,0.8344235420227051,0.0179208405315876,1.179988145828247,1024,512,0.0179208405315876,1.179988145828247,stage1_rows,512,0,0.002915509045124054,0.017250155634246766,-0.0008062981170951389,0.3481957495212555,0.3138730540522374,c7809a6fb10c033175f6d26a1a4354dc:0:0,791fbb1aacb5712766db18cea97a80fe:0:0,f4920f4c9a27811fe5d4b8d0e37f9b8e:0:0,e82ec951bf9e2ce9e940fb7f8aa8434d:0:1535937421,f929096d46423fbfb2d7f69adf41c54a:0:805044190
687,B,287,0.024628518149256706,0.8095465302467346,0.04956316202878952,1.1442943811416626,1024,512,0.04956316202878952,1.1442943811416626,stage1_rows,512,0,0.00044477859046310186,0.03986755775986239,0.0012644090282265096,0.3276007123291492,0.31389785098144785,4eeb010495d46c22ecdbb339e0812cdc:0:0,4451c71efec7b99c6b37aaba91b39dee:0:0,d2ccb9e48c0382ce1801501fac0f68dd:0:0,bfc9bf719be0e6b22b8b4ee614d98a4d:0:3811516018,1e74d3c218cb5630d3507350670de2de:0:3717876033
688,B,288,0.009451711550354958,0.835506021976471,0.02433929219841957,1.1813606023788452,1024,512,0.02433929219841957,1.1813606023788452,stage1_rows,512,0,0.005146798677742481,0.04505520078819245,0.0015337302116677164,0.349036268889904,0.31479008099995553,f16f57c2f74cd58132f3b6823bbf04dc:0:0,4454de62f999cf0230f40b3fd8fa1671:0:0,5d959b5d502ff26c1f9598d6f3438c81:0:0,37c96149012925c50065c5d3b02ed14d:0:2755771749,f2d83255edfed0c2ced4245c5217ebc7:1:3233898651
689,B,289,-0.052627451717853546,0.8113091588020325,-0.10890844464302063,1.1445658206939697,1024,512,-0.10890844464302063,1.1445658206939697,stage1_rows,512,0,0.00507164653390646,0.024722021399065854,0.0007082687996444292,0.32822043895721437,0.31446429900825024,57fcd2fb561e0e9e608f1fa32bfcdcdc:0:0,11c6ad93d7a4acca6a06fedda4c275d9:0:0,03e4547b588ba2cc02ef2d3a91c1fd32:0:0,6b259a93f8c563028cf8451acca8184d:0:459199481,50d41cfc8483ca660d1d14e62cde93cf:1:3583677916
690,B,290,0.07529504597187042,0.8507300615310669,0.15074454247951508,1.1983355283737183,1024,512,0.15074454247951508,1.1983355283737183,stage1_rows,512,0,0.005895766895264387,0.08264502971433103,-0.0010222785407677294,0.3601336024701595,0.3136585630127229,01e6b2cee4ca170eeed231fcb13ab4dc:0:0,15362e716db46b5212033878869c1962:0:0,2465dcb6d53cfdd5fab4f245ea2a4b83:0:0,ee7ffccbedf64c8b7e354bcdda455f4d:0:156688582,77780299b689cf5f84c8798d62bfef7a:1:2712731951
691,B,291,-0.059041209518909454,0.8132907152175903,-0.1169716939330101,1.1472088098526,1024,512,-0.1169716939330101,1.1472088098526,stage1_rows,512,0,0.00948319025337696,0.015925504511687904,0.0008281107526272536,0.32971702292561533,0.3134440780268051,c3fe309dc65f92e737b530eecb788cdc:0:0,31f5bb65f3b30f0b8aa8b6c00f883e47:0:0,46dd92fdedea69d34cafa3e25db50548:0:0,7e85edab99149b044de0f33f4906a64d:0:2686745234,dca58060e366a0851052fbfe579a020e:0:4009180521
692,B,292,0.012182649224996567,0.8343971371650696,0.023106634616851807,1.179877519607544,1024,512,0.023106634616851807,1.179877519607544,stage1_rows,512,0,0.002101898193359375,0.03353013745509088,0.0028965662117116154,0.34814155027270316,0.3135187710286118,7ff63cabe1ea8ef8f6045fd97ab664dc:0:0,c8c8bf49c4a41109f620af263c10d979:0:0,f2d850a3ce59e6013863819253e9b2e7:0:0,af8f09d8dcff7eaaab97ef0188ebed4d:0:3676996242,46a11ec5f786c0ba5258c5d530868cb6:0:637930108
693,B,293,-0.011718299239873886,0.8042856454849243,-0.01816939376294613,1.1373637914657593,1024,512,-0.01816939376294613,1.1373637914657593,stage1_rows,512,0,0.007878883741796017,0.13833688956219703,0.006938356917817146,0.3235640823841095,0.3137450310168788,7c391af200a29510c560021cbef43cdc:0:0,8e439c6d9a71d1c2b6f861ae577517c4:0:0,b13c40077f0736f9ecd00ae8d8f813e4:0:0,aa3ca7748edd32ad09d68ce709f5344d:0:3840002561,014082dbeeb997d3f64ef7e4d585b2c4:1:4144919871
694,B,294,0.009192580357193947,0.8150672912597656,0.02758929133415222,1.1523246765136719,1024,512,0.02758929133415222,1.1523246765136719,stage1_rows,512,0,0.005890664178878069,0.02750738584436476,-0.0003890012565534562,0.3321294732391834,0.31348130700644106,011ccb50ecd61033a23c5b18983214dc:0:0,913f56e6854855c48aaa44ad2a95ebcb:0:0,8dfda415850b73770c4ae8232698be58:0:0,3111d305c8e185344effb5023c227b4d:0:3885498086,5c32d4ade6aadeb3d4b87adb2c5cec10:0:3966060305
695,B,295,-0.00040768133476376534,0.8406225442886353,-0.000291263684630394,1.1887643337249756,1024,512,-0.000291263684630394,1.1887643337249756,stage1_rows,512,0,0.013287889771163464,0.03524301436264068,0.0007591419329401105,0.353429351747036,0.3138047580141574,e700069c479300dc69e1ae2d066fecdc:0:0,a18d749e88779f76dc3856d7bda29ea0:0:0,61d92178ea5085de9da07a2385558944:0:0,def1ddb4d878628faa63e9a58f73c24d:0:610804398,dd69b614beb967b54aea50b6b4c7b563:1:130892820
696,B,296,-0.027213169261813164,0.8233018517494202,-0.0453791469335556,1.163996696472168,1024,512,-0.0453791469335556,1.163996696472168,stage1_rows,512,0,5.2875024266541004e-05,0.031245743739418685,0.0010111991548910737,0.33892237916588785,0.3140445969766006,914e7732cb0d01395a6c3eba09adc4dc:0:0,193982f4a00e3b4aa2e89cdf7bd54c7a:0:0,0bf9b33f81607303ada9d38823d9d823:0:0,18b571350edcb1f28d48476373e9094d:0:4267177177,23922dad4c84eca41c8741731a8169e2:0:1178539372
697,B,297,0.013973183929920197,0.8351000547409058,0.02573055773973465,1.1808624267578125,1024,512,0.02573055773973465,1.1808624267578125,stage1_rows,512,0,2.5091110728681087e-05,0.10574986785650253,0.0033437377132941037,0.3487291522324085,0.3142652729875408,6cb7b119afc0996992cc501fa1eb9cdc:0:0,83ea6270c3d93207fa361a368a6ad231:0:0,4a26e3f78413145b3f57e21240aa8993:0:0,04645f38b8ce1234c7ed850e5982504d:0:3787779355,db46724f3431344314c2944b3e46f929:1:328732713
698,B,298,-0.026270706206560135,0.8028727173805237,-0.05202444642782211,1.1347990036010742,1024,512,-0.05202444642782211,1.1347990036010742,stage1_rows,512,0,0.0002022036351263523,0.12802334506995977,-0.005269997881259769,0.3222129262983799,0.3144704200094566,6b094ad0ea53e3ba92c625bdcf2974dc:0:0,f6a9fb28de5328f5b2a1f5704a9c525d:0:0,0eb305921957f5322b7d113ebbecdac6:0:0,5678bafb46c24504ca96f3b8b03f974d:0:4002565351,c5f23f6c7ea76e6ed62373b4a3c2b223:1:2792124082
699,B,299,0.007522947154939175,0.8092846870422363,0.009414484724402428,1.1444642543792725,1024,512,0.009414484724402428,1.1444642543792725,stage1_rows,512,0,0.028473500162363052,0.08275404084706679,0.0032831677061039956,0.32755744755268096,0.3091238539782353,25195555f83480e5baf202f491674cdc:0:0,5557093e88667f6b7bf49c514f4e8001:0:0,9ae9ea62baf85b78a973862aefce44df:0:0,da045e773a9956fc0a917eb4e820de4d:0:1417875274,10e3dc4cf08b5f2129b8ab4d85734099:1:2207627120
700,B,300,0.050811294466257095,0.8511741161346436,0.10189671069383621,1.201541781425476,1024,512,0.10189671069383621,1.201541781425476,stage1_rows,512,0,1.4352262951433659e-05,0.05899394885636866,0.002941622838261537,0.36152554899454115,0.3141498700133525,43034f0af0f2dc4dccbc2b23e8a524dc:0:0,2cf2418e3bda140b35606586d044bc98:0:0,3e5a85cf1232ad3dfb7491544cc8b813:0:0,88d55d63c285d3058b3aab957126254d:0:2900950418,dafcd56eeff33a257c71512549389cf7:1:907095707
701,B,301,-0.002069141250103712,0.8467648029327393,0.006215853616595268,1.1973979473114014,1024,512,0.006215853616595268,1.1973979473114014,stage1_rows,512,0,0.013032791204750538,0.03508583246730268,0.001884605732630007,0.3586138464510441,0.3153663339908235,8ca68a77925ac03c6a64e1abd4e2fcdc:0:0,d2154069e28a2fed1a22ca5d9fa39f0e:0:0,0bb0ce9dc6cc9d481e70b06230107861:0:0,2843193d02848f868b079a2cbb4f6c4d:0:4075344160,a96b60204e4167bebe2c5231cf3e0735:1:2220908504
702,B,302,0.015872370451688766,0.8359133005142212,0.025549225509166718,1.1820248365402222,1024,512,0.025549225509166718,1.1820248365402222,stage1_rows,512,0,0.009793495759367943,0.057303157018031924,-0.0016693437512003584,0.34945332556962966,0.3143193110008724,8fd9df19fd493a1f970069ec5620d4dc:0:0,9d80aab87a72b567c2367be6a63c25df:0:0,06f65125ae7f128ffd1d62be57e33f47:0:0,ca2a1e85ee69e3b9548c048d369cb34d:0:2256680509,7e91a7bcbe9dd17f118a78c4b0defaaf:1:478566304
703,B,303,-0.008730280213057995,0.8102065324783325,-0.022072676569223404,1.145603895187378,1024,512,-0.022072676569223404,1.145603895187378,stage1_rows,512,0,0.0071836719289422035,0.05906723304651677,-0.0025767458602786062,0.3282026834785938,0.3140091559616849,1f2557bcd93fcec7367707456c5eacdc:0:0,1993bdf9a813648474fc6be873d7c596:0:0,d75ab0da3b385faeacc18b2a577fbfd2:0:0,e6988f473e3453aa33813f09530dfa4d:0:2362976054,01b9e6fc98eed8c0f2b4e24619b3ff19:1:4077716666
704,B,304,-0.019985785707831383,0.8333910703659058,-0.03826738893985748,1.1782749891281128,1024,512,-0.03826738893985748,1.1782749891281128,stage1_rows,512,0,0.021166939288377762,0.038681690604425965,0.0005608860177744645,0.34730038344860076,0.312440596986562,0b076f0894b4fea28d84fd17179c84dc:0:0,9887bda32da512598dbfa8a63b8a1f49:0:0,c20c69c5242f3afd9003b5031ce6a1df:0:0,dda1f4b074ff01468dcd383380a3414d:0:3650684904,6483ab7197dafab297ae295c7dbca2c4:1:858536825
705,B,305,0.047926124185323715,0.8424926996231079,0.09585724771022797,1.189469575881958,1024,512,0.09585724771022797,1.189469575881958,stage1_rows,512,0,0.0012506790226325393,0.14840744370594622,0.00635856906301342,0.3542164847254753,0.3183303449768573,60d84845782219fdc1ba8ec157da5cdc:0:0,a59a2180f099696544834a6a2c2482f5:0:0,835e5211ed07d43a1f4234ef5c1b09ba:0:0,64e4a4d2289870ee208978de2f5c884d:0:3799798178,009be147b2c50c4da200b109600249d7:0:2728087630
706,B,306,-0.012614745646715164,0.8669795989990234,-0.027265913784503937,1.2258774042129517,1024,512,-0.027265913784503937,1.2258774042129517,stage1_rows,512,0,0.003793951589614153,0.047118809446692465,-0.0004496636815019883,0.3759640879929066,0.31253429397474974,2d422f8441ce653f597bffa42d1834dc:0:0,756b882726d47e9941fb8d71e96e4aa5:0:0,691229a9d09ee818a1119073e67a2a62:0:0,362baccfb46c6ff6610a241bcf39cf4d:0:98220300,ffab62e213c88c969be1cdc26bba4c1d:1:3365232192
707,B,307,-0.022683540359139442,0.8421115875244141,-0.07363106310367584,1.1886910200119019,1024,512,-0.07363106310367584,1.1886910200119019,stage1_rows,512,0,0.0029153807554394007,0.095513344113715,0.002457885938929394,0.3535648450255394,0.3129536660271697,3d0389a300578d25bc01931f97560cdc:0:0,115164e135dfad643bc1df7a1655298d:0:0,1c48de5d66cb08b6c884e2e071c618cc:0:0,34c006c6461a2b9001e4f73ed03b164d:0:4008290599,d0cb219465ca14acf3e12c75f08eb45c:1:2698910036
708,B,308,0.017028484493494034,0.8632692694664001,0.03424758091568947,1.2205634117126465,1024,512,0.03424758091568947,1.2205634117126465,stage1_rows,512,0,0.001482423860579729,0.0445159230614081,0.0025699476042063906,0.37268386632204054,0.3125734140048735,9d4339e3e1f76b04b1578c939693e4dc:0:0,d0dc00286d96d63967995265f7774e05:0:0,780df984f3e01f6f64a096d90ceb6f41:0:0,43eee023bcb9c67e9bf849d9a2605d4d:0:2603866134,1e3aec20ee1d1c7f9d6c8d215793966e:0:587640002
709,B,309,0.017837602645158768,0.831484317779541,0.04608094319701195,1.1751774549484253,1024,512,0.04608094319701195,1.1751774549484253,stage1_rows,512,0,0.0011332748690620065,0.03563236384652555,0.0028952334308996797,0.3455359131097794,0.31191575597040355,ad2d600bae871902e25e2f602ad1bcdc:0:0,5d577b9affa280b69de08b3f957d4b9b:0:0,a0d937aac019875a2cfb2b4d74936be0:0:0,29d75c65257efc127b720dbeb5a9a44d:0:399812948,487ad9914230f169dac7413952a867cd:0:631841967
710,B,310,-0.012818491086363792,0.8454501628875732,-0.031275153160095215,1.1953147649765015,1024,512,-0.031275153160095215,1.1953147649765015,stage1_rows,512,0,0.00013267784379422665,0.09889012017520145,0.0009752200567163527,0.3573329374194145,0.31103917700238526,6cd32f3da23f565758c9bee5540f94dc:0:0,c4d2d3e618b08076329a397698c9224c:0:0,465847f7e3eb6b1ae43fe93ef5f4428a:0:0,a7118456b9109ed490d6cf007a16eb4d:0:2875294522,adfef1078219a95895696eb7970e737e:1:4127367931
711,B,311,-0.01343529298901558,0.8287955522537231,-0.019007349386811256,1.172026515007019,1024,512,-0.019007349386811256,1.172026515007019,stage1_rows,512,0,0.0026312610134482384,0.054708926798775794,0.0006785915553336963,0.34360944852232933,0.3056711910176091,59657b0a5f363b86ff227e83124d6cdc:0:0,e330c9ff827fac825f8c6b6be2562c17:0:0,026ff40b461aaac3cd2c700cca024678:0:0,4c55561a1c9701548608b3f15fa8324d:0:3865262411,e8202c26f365dc0cad1ba88cffa8186b:0:1323379331
712,B,312,0.004364965949207544,0.8267813920974731,0.01636539213359356,1.1690627336502075,1024,512,0.01636539213359356,1.1690627336502075,stage1_rows,512,0,0.00022246723528951406,0.0008066064678132534,0.0008339346662978641,0.34183646030724046,0.30555545003153384,94d67567ab9a3ea220c4b199658b44dc:0:0,063df1d4e3c7a26db92a40db57f773bf:0:0,6ca999bc1f781f6852fce1165ea6b4d5:0:0,8022018f502d9788f74e7d23d65d794d:0:2255548101,f6a5467b545a21d875e52cedac3af0d6:1:436425911
713,B,313,-0.0006932228570804,0.8406288623809814,-0.010896331630647182,1.1887015104293823,1024,512,-0.010896331630647182,1.1887015104293823,stage1_rows,512,0,0.0015903268940746784,0.05320901854429394,0.0035373304301174356,0.3534552901983261,0.30628149601398036,4ebbf586b2aa8781e9e09b884dc91cdc:0:0,435531c140bd9d4980c899af9d35d5e5:0:0,6a1e6bd37e4037779039e8c192635192:0:0,55fa8a65220e5f31d05a856a4e36c04d:0:3304842285,2ce285a1d728ba351c93bd3a88f38a11:1:75894311
714,B,314,0.02283467724919319,0.8233331441879272,0.02085692808032036,1.1643249988555908,1024,512,0.02085692808032036,1.1643249988555908,stage1_rows,512,0,0.0008536996319890022,0.0201544075505808,0.001517939689802006,0.3390648320317268,0.3065622750436887,65f07cbe7e6c9405e77a7fafcb06f4dc:0:0,9880f68051bf1547a605cfe408e7540c:0:0,62cac3973a026b0af2ab204a20939441:0:0,912100333277ddaccd51c1d73734074d:0:1079262638,2469cf8aa3bff3315c0a145d68660f29:1:205271533
715,B,315,-0.0053566452115774155,0.8555600643157959,-0.0020014122128486633,1.2099006175994873,1024,512,-0.0020014122128486633,1.2099006175994873,stage1_rows,512,0,0.021174874156713486,0.0835561128333211,0.00548238352239423,0.3660498566925526,0.3057442760327831,05ee0c00601f2c51876aa16fdd44ccdc:0:0,5e5bcaf9b9f0ad9b8374eb506de7e04f:0:0,29f44b807e9b28c8c413e1d13fe9ffde:0:0,ed9960b58ff8c1ac1fd2c1bd01554e4d:0:1232347409,8f16c2e3444bace3014f0a6d10c6f7db:0:3398544231
716,B,316,-0.015634233132004738,0.8247076272964478,-0.03482525795698166,1.165945053100586,1024,512,-0.03482525795698166,1.165945053100586,stage1_rows,512,0,0.012367059476673603,0.1285932355443947,0.0025442169746384023,0.33999812677502633,0.3064312839997001,9832b98bfd6aa709985d44288482a4dc:0:0,c47a36a1749736f3725f034e5be665ea:0:0,e42f15a9cda19b3b234a09840f7f8871:0:0,0b809bb4b676773f37fcaeae1c9a954d:0:2401176902,84ad6703407895034e5b67e3bf4d6912:0:2140864008
717,B,317,0.031944599002599716,0.8354774117469788,0.05761536955833435,1.1809513568878174,1024,512,0.05761536955833435,1.1809513568878174,stage1_rows,512,0,0.007177106104791164,0.06781683946028352,-0.003060554328840226,0.34893678650259974,0.30629580799723044,c12bd3d8b84e7d91c9d2ab39c0c07cdc:0:0,00a9ce6207d20df8bc212a5113a5714d:0:0,629d9a5b7c205061e41014ea177f19ef:0:0,448d167844ee3c9db1764c7cf903dc4d:0:4033379069,a50d116a3768ed9d44536d1ffda75199:0:988112862
718,B,318,-0.021267639473080635,0.8329687118530273,-0.04902386665344238,1.177297592163086,1024,512,-0.04902386665344238,1.177297592163086,stage1_rows,512,0,0.0008091364288702607,0.01059742693323642,-0.0016371481091482566,0.34673852026462554,0.3057026489987038,49293bea27cc304a2c1f1a0391fe54dc:0:0,4b010fd5560bd93017fa21e12156cd02:0:0,416bb075bfb25ec33f53e0327e802177:0:0,e088e8fb0e9a86246474f93c0691234d:0:4229023496,8a6e372a05d4148b2615b11cb94424b5:1:2938375183
719,B,319,0.011323060840368271,0.8503742218017578,0.02185290865600109,1.202479362487793,1024,512,0.02185290865600109,1.202479362487793,stage1_rows,512,0,8.621870074421167e-05,0.04958649789914489,0.00021407499589258804,0.3616484448313713,0.3063761200173758,c4b77e85574f7accb06ad3e5f83c2cdc:0:0,695f87e2b407761ab381addd41fed6f2:0:0,2b3555e3f1e4e134111d1503ca725768:0:0,4939c49843d0bff49ac3ad3db5426a4d:0:3043915006,cf8da19c64edc09758cfde96c0a78a15:1:1340167305
720,B,320,0.0222391989082098,0.8543897867202759,0.042240120470523834,1.2079243659973145,1024,512,0.042240120470523834,1.2079243659973145,stage1_rows,512,0,0.007722980342805386,0.030067183333449064,0.001562181703047827,0.36504046022892,0.3077727450290695,8c7410fc82d3d82aa8b21c40f37a04dc:0:0,e5177d2ff4954ac42426763e164a0be8:0:0,d0370f43b920a85e335aa79a451012d2:0:0,a6f855b74d95bba568c9fb147517b14d:0:1369194757,853907d7441a398e736beb96a5f26436:0:4042534620
721,B,321,-0.041356366127729416,0.8321545124053955,-0.08447781950235367,1.1752238273620605,1024,512,-0.08447781950235367,1.1752238273620605,stage1_rows,512,0,0.003526158630847931,0.024165710189845414,0.0004215210094116628,0.34578499794006345,0.31181024201214314,1afbf38705c7572a47c5367483b7dcdc:0:0,5b178e12ca27460a8c59ff16d620d8f0:0:0,ed887ad07f7dd5a69359e4cca394b23b:0:0,eefcc33a9c9158772a930f92b610f84d:0:2381944069,67828e933ccebbda2a8c16992a37f9d3:1:2090927270
722,B,322,-0.004659508354961872,0.8392282724380493,-0.01665908470749855,1.1866868734359741,1024,512,-0.01665908470749855,1.1866868734359741,stage1_rows,512,0,0.0018981145694851875,0.03924792596371844,0.00048479526303708554,0.35220902860164643,0.3058198530343361,37f9d85b32aabe84214865e0a8f5b4dc:0:0,725c0bed2b95cf00bb983b4bd388395f:0:0,64d5c1f164fd0b191bedc1cbc6b07be8:0:0,7275e24918b4347924d4b1cae82e3f4d:0:161526597,13946b092f0291ea845aac5250887668:0:696052853
723,B,323,0.007007057778537273,0.8254190683364868,-0.0030714869499206543,1.16719388961792,1024,512,-0.0030714869499206543,1.16719388961792,stage1_rows,512,0,1.5277997590601444e-05,0.014758050732780248,-0.00016467381428810767,0.3407955378293991,0.30625001701992005,7195cbffc96f0120a9b3ede563338cdc:0:0,18ed3a3924d35c4ec66c33c8c98526bc:0:0,6bfa68578645921b7fc9d4bc82bd2746:0:0,08fd6e96128c751149f6430f7b6f864d:0:272812902,93613cec8ba25d2b69e075fcb6d1c275:1:64436725
724,B,324,0.041353724896907806,0.8455528020858765,0.07623623311519623,1.194733738899231,1024,512,0.07623623311519623,1.194733738899231,stage1_rows,512,0,0.00014346686657518148,0.03822720972821116,0.0015568350470857694,0.35730151310563085,0.312242349027656,499d388ac2900255b65411e2b27164dc:0:0,55edae8c9bc95e7c043ed16063cd97a9:0:0,ed8613dd320a3c9c5822c007cd20b06e:0:0,6b1029b491f0f5562317bef2dfd4cd4d:0:2299397842,a20cf3697dc5b5f950971a852bb66a8b:0:3965088735
725,B,325,-0.021056298166513443,0.837022602558136,-0.042775578796863556,1.1832859516143799,1024,512,-0.042775578796863556,1.1832859516143799,stage1_rows,512,0,0.005054965615272522,0.059205650049261746,0.002920803870074451,0.35022209882736205,0.3163421979988925,29a6fac324ecaa23fd49153896af3cdc:0:0,48866448f7330f3f8dfde1255d82c955:0:0,3798843199c0e09bf063599c2e238e41:0:0,2752b26c9f5468aadd18bb47855e144d:0:1945969924,90eb5b32709be391c7b82b09fa4b90bb:1:3098347314
726,B,326,-0.004040434956550598,0.8459619879722595,-0.01061972789466381,1.1963005065917969,1024,512,-0.01061972789466381,1.1963005065917969,stage1_rows,512,0,0.012444261461496353,0.03297316083917394,-0.0007355794223258272,0.3579541124403477,0.31402849400183186,a93c1d5b9c5c497495873b470fed14dc:0:0,b3806175557667e6db193283033e4905:0:0,0290a7ccd682e0dc14a89146ac9d0a18:0:0,fb9b2297adbc400d799f681fdc0b5b4d:0:135342625,29f71f21fe7244859d05f70ac853db5b:1:4155325626
727,B,327,-0.03512367233633995,0.8249794840812683,-0.0727272629737854,1.1654183864593506,1024,512,-0.0727272629737854,1.1654183864593506,stage1_rows,512,0,0.004452181980013847,0.014660392922814935,0.0010745357198175044,0.3398911453783512,0.31083355902228504,f2aaabbb87014e5676d6c76e1e2aecdc:0:0,8a998e1c454ccf38960358170c091db9:0:0,bfa1b63f9ae064366f05c3ebdf0e2173:0:0,65be71e09b016087241f8fce53dca24d:0:1860265248,f0fa1a00d8a6d93f514c098ba6fe2c91:1:459356343
728,B,328,0.004889377858489752,0.7960463166236877,0.013113312423229218,1.1256953477859497,1024,512,0.013113312423229218,1.1256953477859497,stage1_rows,512,0,0.004323016852140427,0.08378742806380615,0.006555404141545295,0.3169884331524372,0.31266972701996565,1e9ceb0c2f59483bf9d3fd0dc168c4dc:0:0,67111a044d4108e1ca4a728d29c18ed3:0:0,05b04cb3f1722030d4fb9a319dd6761e:0:0,cfd41107d2aaf92eaae196e55cd1e94d:0:2969326031,fc1d576981c79d998e36b19c3fb96831:0:3830959595
729,B,329,0.015424089506268501,0.8321208357810974,0.039407119154930115,1.1762564182281494,1024,512,0.039407119154930115,1.1762564182281494,stage1_rows,512,0,0.00047570618335157633,0.06822952164802701,0.0003548692911863327,0.3460835851728916,0.3063616669969633,33dc257fe90a3c3857ef1f85f9a69cdc:0:0,68a8d8474ce4dcc9961ca7be7ad26fbe:0:0,f302b9c4131693fd79a6ba4f49fc7846:0:0,15216f20fd5e072d1c097c3766eb304d:0:4800664,5dc56780b77c2fee3f1e1e095b2f44e3:1:2799049413
730,B,330,-0.05828265845775604,0.8219473958015442,-0.10955817252397537,1.1601016521453857,1024,512,-0.10955817252397537,1.1601016521453857,stage1_rows,512,0,0.004241570830345154,0.12469678623601795,0.003057187414378859,0.337063330411911,0.30641968600684777,17cb1108c66d493d2b6c7236c6e474dc:0:0,7327cc10e6aeb5d3a1ff6f79ec54c810:0:0,8c8c52dda150078255b93b26581105c3:0:0,acd3d3c94b865634869dd8d6e228774d:0:1677014468,f225202f28760dda6cc8b56cce59edbc:0:4007220286
731,B,331,0.06287449598312378,0.8576377630233765,0.12032902985811234,1.210110068321228,1024,512,0.12032902985811234,1.210110068321228,stage1_rows,512,0,0.014393231831490993,0.06157489588949829,-0.00304862366465386,0.366825845092535,0.31034666002960876,2520b7f49cd69c57ef64388029224cdc:0:0,6fa2726ded36a54159cfd7b3a5e3f5e8:0:0,09f3a865cc25f0f7fb21a4cde16b65ae:0:0,dc8d51b7d5880bd8df8ee0163e89be4d:0:123945942,2c3ac968ad2194f44980ead0aeee8288:0:3482105668
732,B,332,-0.004386892542243004,0.8184817433357239,-0.001412276178598404,1.1574516296386719,1024,512,-0.001412276178598404,1.1574516296386719,stage1_rows,512,0,0.003608444705605507,0.014874320675153286,0.0012334114406257867,0.3350805424153805,0.30684694898081943,5141a7240d9ab4ef7fc2b5c2206024dc:0:0,3217c7b498330293fe214f2136a1f72f:0:0,ab6fb3d9308f3e76ac425012b0c024a3:0:0,d9101f68be730c3b0abd5f87ec0f054d:0:3036921161,f6607cbc4a7369f23f650ae3ef608653:1:1210823421
733,B,333,-0.01667921617627144,0.8287159204483032,-0.04021081328392029,1.1714651584625244,1024,512,-0.04021081328392029,1.1714651584625244,stage1_rows,512,0,0.0022392310202121735,0.06496204877039417,-0.001033201941754669,0.34335660710930827,0.3061012539546937,c54202d249d0f90199482d5cac9dfcdc:0:0,bad743eb7356d9731cc594bd846dacc8:0:0,2ef92ac861155c1633167033a2cc50e5:0:0,efcb6323bfdbc6760801befe5ab84c4d:0:4183538620,95591dc4c5938705b5f9dc177d9a2251:0:2646625578
734,B,334,-0.008619974367320538,0.8376854062080383,-0.02242291159927845,1.1844474077224731,1024,512,-0.02242291159927845,1.1844474077224731,stage1_rows,512,0,0.011405291967093945,0.12739370549097656,0.0019513953186105937,0.3508420489728451,0.3059453630121425,9620002346d399605988e2afcddbd4dc:0:0,5e07eb7b74fbb4e11a38a0ad0c2a5627:0:0,f27230c8010850e1ce64ba151bcb68d5:0:0,0a08e7638627373e4433008bfa85934d:0:3549362682,8c110989329e438c751c63c3b20ee7c3:0:1343362185
735,B,335,0.06790073961019516,0.8719195127487183,0.1420777142047882,1.2285704612731934,1024,512,0.1420777142047882,1.2285704612731934,stage1_rows,512,0,0.005648124031722546,0.05712320314487442,-0.002323383162729442,0.37836097851395606,0.30609588202787563,d8231eee197cc5efbeed191b8419acdc:0:0,8029f40ee07e80a03de6521abc0fd3cf:0:0,f09cc11144a7b1ce14aec58ede7f1e8b:0:0,2e1a1fd0cc4230230e2dc0833b76da4d:0:1304692475,9f734ccf42566e16eb07d1c934497d27:0:216808998
736,B,336,-0.04376700893044472,0.8316066861152649,-0.07115449011325836,1.1753759384155273,1024,512,-0.07115449011325836,1.1753759384155273,stage1_rows,512,0,0.002468717284500599,0.17710298034362496,0.007935716048814356,0.3457205817103386,0.3063354219775647,a3815c792e2131e328b113ffcf5784dc:0:0,b1c48d7faf508cc3df5a0f36ade408b0:0:0,eddd1886956f5d041514ab97e6ff3c9f:0:0,b54cb8be746631e22fdb35768d8c214d:0:1850199888,d38a4d2a7e645957922b8d7b2d46d052:0:470095154
737,B,337,-0.01017703115940094,0.8347015380859375,-0.01617315411567688,1.1803772449493408,1024,512,-0.01617315411567688,1.1803772449493408,stage1_rows,512,0,0.00017402449157088995,0.0773933063261211,-0.002823769091628492,0.3484282650053501,0.306194837030489,c478751e1347e7fad6e516bcaf955cdc:0:0,45555c5d2f123f7fb02f29b9e197db5a:0:0,ea16e6322d44d652629f4ed53a45a77a:0:0,9f165e7ef138683dab38303860c5684d:0:2367945216,c9eb498882375f24e8432b3abb349e60:1:413961792
738,B,338,-0.010296845808625221,0.8508884310722351,-0.015736300498247147,1.203264594078064,1024,512,-0.015736300498247147,1.203264594078064,stage1_rows,512,0,0.0008007800206542015,0.053508759581018236,-0.00017891190946102143,0.36207969188690187,0.30559575697407126,beee280a8d1f6ec16a6d64b224d334dc:0:0,4e1af09d66e2daae7d7f3118af7d8f60:0:0,679c45d34b627def4227a44e1f0b4b20:0:0,94c9b22b2f3995c39b5c1bdb2522af4d:0:2152782292,c0a689f745a4dcf06a5e94a326fab062:1:492069726
739,B,339,0.03089497983455658,0.855130672454834,0.06044895946979523,1.2085820436477661,1024,512,0.06044895946979523,1.2085820436477661,stage1_rows,512,0,6.80957455188036e-05,0.05857731964206323,-0.0007488538045436144,0.3655394747853279,0.3065812669810839,85674d94a7b03cc9650241402f110cdc:0:0,cd37aee647cfbfc619c2c797c0ccd374:0:0,be40d5a88bdd93a34a6442c87d0776d4:0:0,630b21abd227fdf8397ffdb14aa3f64d:0:2215359834,d4a390b0b21d5f9a231a60786e7da0c0:1:3481683683
740,B,340,-0.0016236579976975918,0.8615336418151855,0.013234436511993408,1.2181726694107056,1024,512,0.013234436511993408,1.2181726694107056,stage1_rows,512,0,0.0008540357230231166,0.11678569493815302,0.006210198020562529,0.3711186021566391,0.3082953639677726,c4ba6dd77dcc7ceaa92fefc6ce4ee4dc:0:0,a62c91ab8a69fc41e58b0204664dc8fc:0:0,0cf0dd801cf9f2a249d594a4efc6cd10:0:0,e2f5a42b049e9c520605754d41493d4d:0:4040255045,1cbde5604a5c482ab4c94f7bb013c894:0:2102454612
741,B,341,-0.007875602692365646,0.8515962958335876,-0.0015092100948095322,1.2042652368545532,1024,512,-0.0015092100948095322,1.2042652368545532,stage1_rows,512,0,0.012148045934736729,0.056917390367016193,0.002919962922169361,0.36266751289367677,0.3128930490347557,f14f628e6abd227ffa56b3a6028cbcdc:0:0,fbd7cd500a57a25ed09816dad2915977:0:0,afb456a419eac40b7ef7a3793e3f429b:0:0,a889b5ab49e73678157dbc817912844d:0:1250704748,6bb7d4ef340e812879c7a9b77bc85640:1:4055226884
742,B,342,0.008198859170079231,0.8398338556289673,0.02164842002093792,1.187518835067749,1024,512,0.02164842002093792,1.187518835067749,stage1_rows,512,0,0.0042054057121276855,0.1329739211127162,0.0008046015456784517,0.3526604622602463,0.313049467978999,58026c645cac4da47caad03dcbca94dc:0:0,c00bfa73cde7eff394359e9599745a5d:0:0,de64760bab3f3584498adaa0b1bd63bc:0:0,5543477aba9f183281b0a76061ffcb4d:0:110886567,6cb8e120418df6e4d502fffa6a393ad1:0:1989772983
743,B,343,-0.04079990088939667,0.8345314860343933,-0.08112477511167526,1.1788012981414795,1024,512,-0.08112477511167526,1.1788012981414795,stage1_rows,512,0,5.243229679763317e-05,0.05558090670965612,0.0024842006896506064,0.34773784056305884,0.3124690520344302,53de012cfdccff71353488ee2a086cdc:0:0,70cabe89cacf79af63851a8ab767b664:0:0,c23ae4a9a8cc644d19d2f2419e26dae5:0:0,c7ff1abdd478877cfea3a43c6c11124d:0:1598086196,fa740f8339cabe7688ab3ac07011c202:1:3413955853
744,B,344,0.015207761898636818,0.8268653750419617,0.030037429183721542,1.1691445112228394,1024,512,0.030037429183721542,1.1691445112228394,stage1_rows,512,0,0.003777763806283474,0.05757034862181172,-0.0026016961579443886,0.3418865829706192,0.30544587003532797,72d375bd6a401e3a89d021171d4644dc:0:0,7f1bf274ab7e70eb76243594b5f614c6:0:0,69ef83f5f751de089a06e63278ed5409:0:0,8928f17d8c0d3f2b93a0bba80746594d:0:1657985433,91213e487d9eac45ebb8c666da7ce211:1:3934135525
745,B,345,0.02682892046868801,0.8457542061805725,0.04200361669063568,1.1958367824554443,1024,512,0.04200361669063568,1.1958367824554443,stage1_rows,512,0,0.0021957261487841606,0.07935905270278454,-0.005320402057259343,0.3577492207288742,0.30695503699826077,c667835a28b6c9cdc12ddc18a5841cdc:0:0,eb1038eb602a890b882f7f9cbabf6ada:0:0,c8648d548910e2c407ede511b4b580f9:0:0,cf4874a59d607e91783d9075a39fa04d:0:3164211167,fd32057c87790569dbf836ca20b355c8:1:1301571437
746,B,346,-0.005693191196769476,0.8507980704307556,-0.01669769175350666,1.20307457447052,1024,512,-0.01669769175350666,1.20307457447052,stage1_rows,512,0,3.194634336978197e-05,0.08762435490498319,0.002070797118358314,0.36197312772274015,0.3063771119923331,d9ec85f01bd1ffae82d1fd52c2c1f4dc:0:0,31c99cd50497b1dbda9c735de34f304e:0:0,d2963e880ef806f9394e802558db39c2:0:0,23bb4d562c597c9a15625fb7b11ce74d:0:3610695954,4a2749453095fbb163b383f15a14476b:1:1865845349
747,B,347,-0.006694404408335686,0.8421705961227417,-0.006278014741837978,1.1909703016281128,1024,512,-0.006278014741837978,1.1909703016281128,stage1_rows,512,0,0.004203903488814831,0.048144558910280466,-0.0030125077901175246,0.354750856757164,0.30598905397346243,ce612d8e223f8f545714c82574ffccdc:0:0,40bedc6fc47c95bd18c0497b7fd0f61f:0:0,1b0e2a052889175e6514b9816703956a:0:0,66dae0faa2294cc42a5100c09fbe2e4d:0:3417392294,1279ff20414ac1449ccca8780f3cb1c0:0:1223382389
748,B,348,-0.05025108903646469,0.8435854315757751,-0.10096681118011475,1.190820574760437,1024,512,-0.10096681118011475,1.190820574760437,stage1_rows,512,0,0.012468965724110603,0.07200958903413265,9.545995271764696e-05,0.3551405668258667,0.3066495649982244,ec5f3ad51b945e6827227ff0bc3da4dc:0:0,f9baf7e72429dda90477180248424894:0:0,19aaf651a1ef57c9097c8d42d488cef6:0:0,5318f4e35739846f15abe522df83754d:0:2937201771,b8809f2ee7cbe123633015bf7d0fdb15:1:709258000
749,B,349,0.08724867552518845,0.8405280709266663,0.17261230945587158,1.18250572681427,1024,512,0.17261230945587158,1.18250572681427,stage1_rows,512,0,0.014856171794235706,0.053499906905926764,0.000732689059805125,0.35125804245471953,0.307138109987136,96b2bb5407e3fd01bcfb6814987b7cdc:0:0,5e7d37925c9ff2c4d346ec467c2da126:0:0,ba0e64d948bb5dd0f9460a5f40695d16:0:0,3f383acc02eb2eea427d18b0e06cbc4d:0:625932938,059de4438cd5f35198e4890b5d9d7136:1:3468474020
750,B,350,-0.00839159544557333,0.839486837387085,-0.029202837496995926,1.1868094205856323,1024,512,-0.029202837496995926,1.1868094205856323,stage1_rows,512,0,0.00018755090422928333,0.13717191909672694,0.009271491318941116,0.3523007929325104,0.3085418170085177,ec371805f81589e54373c3f109b954dc:0:0,0095a9ff0cc9807936779f3a1e2793be:0:0,d122f81bc5d1eb59390891f64f973f60:0:0,0ca6deea1b17deb6b93d417d127a034d:0:1991472114,713b0f3b9d2a1f0d6463039ccf6845e6:0:606449329
751,B,351,-0.01545104943215847,0.860281229019165,-0.028488073498010635,1.2164361476898193,1024,512,-0.028488073498010635,1.2164361476898193,stage1_rows,512,0,0.004730143118649721,0.05105723990127444,-0.0010407061359728686,0.3701202727854252,0.3120008539990522,9574256784f5e6c0c633d6e60ff72cdc:0:0,a504b4102623b15f28b88f20094dee23:0:0,621b5b98c5cf090c49d05e0fab1b8f10:0:0,a2ee84f844f0ea6ad4da9fd9e5ab4a4d:0:564222880,4603b5da3b8452a00980c50c72f0d333:1:1086957505
752,B,352,0.015001039020717144,0.8673291802406311,0.0337461419403553,1.2262732982635498,1024,512,0.0337461419403553,1.2262732982635498,stage1_rows,512,0,0.0008967270841822028,0.14674069964094089,0.00107003904049634,0.3760744914412498,0.3114595420192927,322a41d983073c69b1b7e453ab3504dc:0:0,91ab16c863466a7ebada5e5d1374d2ef:0:0,ad9f54c2945f62190863cc7dc347e596:0:0,f7f6075ab78323a81bc00e59ca00914d:0:1638942747,8570c327b82074e56cdddc0c1c928507:0:3529079025
753,B,353,-0.019176067784428596,0.8577308654785156,-0.04541712999343872,1.2124135494232178,1024,512,-0.04541712999343872,1.2124135494232178,stage1_rows,512,0,0.00020654161926358938,0.04507387492340058,-0.0003781018895097077,0.36765155717730524,0.3120981819811277,9c896c46a90dcf1a53502f99db72dcdc:0:0,3c93779eb6da88a96d06e154e8c25c5d:0:0,8e926d1f473212453b5f29794585bc9b:0:0,358f850ff5cf96933cdc01cf2f79d84d:0:1995459228,45d80378cc44ada724424f0917044917:1:1918382285
754,B,354,-0.04629260674118996,0.8363195657730103,-0.09430128335952759,1.1807582378387451,1024,512,-0.09430128335952759,1.1807582378387451,stage1_rows,512,0,0.0036595549900084734,0.03974418498110026,-0.0003610703919548541,0.3491544805467129,0.3062783319619484,c3341a41df5a22af5920fc18a0b0b4dc:0:0,d9f0e993faca2d9bb0374a117d2aea90:0:0,671560933a1129f9bcb5e09854396d27:0:0,74250bcd9314203e30a7894c86171f4d:0:2820275098,b4bcf4e7ca3e74a6805705efd0b1d440:1:2285950077
755,B,355,0.03825127333402634,0.8336194753646851,0.07648783922195435,1.1776338815689087,1024,512,0.07648783922195435,1.1776338815689087,stage1_rows,512,0,0.00011074822396039963,0.058950360585004094,-0.003217454708646983,0.3470291331410408,0.3071819670149125,306b7212edd06ee552228d2ffaee8cdc:0:0,04b0e023d023ad578fbafb7cf8932fdb:0:0,4d335c255cbb527bef5868e14599706c:0:0,7cb6168dc788ea747e2d4e243dd8664d:0:4104198258,eb4bdeb5e97d2c4f5aa37a37c30480f1:0:2049515658
756,B,356,0.0038127885200083256,0.8455384373664856,-0.006124874576926231,1.1956638097763062,1024,512,-0.006124874576926231,1.1956638097763062,stage1_rows,512,0,0.006541336886584759,0.04546236805617809,-0.001556377246743068,0.35753862038254736,0.3057614719728008,73d76a673ead63962e21263fea2c64dc:0:0,af19046222b8328b527d29ad4335c10e:0:0,a0cbb3b3d107c186708f983f2548a860:0:0,e039411476821b59a41093e8c6bdad4d:0:701693104,38aef2fffb1da4f6d37a7556c274f827:1:1934077778
757,B,357,0.004747780039906502,0.8438490033149719,0.01632058247923851,1.1932244300842285,1024,512,0.01632058247923851,1.1932244300842285,stage1_rows,512,0,0.0032539728563278913,0.032881931448355314,0.002685817866586149,0.3560501456260681,0.3058526419918053,8d4a2e9c6c083cf6bdbd0aa86e6a3cdc:0:0,e7870e6a0423758f9843c18392f6e4e0:0:0,c671d4762d384ce980c5d359ef654c77:0:0,0a9b79b4e88f4749a594386c90c6f44d:0:734253174,34ca70e956b10a619b8cfea50ff7078f:1:1869969972
758,B,358,-0.042640142142772675,0.8332922458648682,-0.09124593436717987,1.176397442817688,1024,512,-0.09124593436717987,1.176397442817688,stage1_rows,512,0,5.576096009463072e-05,0.09950287882238626,0.0003156373801175505,0.34643438160419465,0.3060063350130804,29a303da4e1227d4326a7dc987a814dc:0:0,6866f6c177e0bb87b3f15eb930783673:0:0,c61241ce74c40f6a4650bbf6ce42ee2b:0:0,ed4e9708e4dc736bbba1b3c20bf43b4d:0:3722746205,8b6b5be95573689824f6bb2df88d4391:0:729778882
759,B,359,0.04364357143640518,0.8378539681434631,0.09280287474393845,1.1828160285949707,1024,512,0.09280287474393845,1.1828160285949707,stage1_rows,512,0,0.0024916634429246187,0.02403510909061879,0.0017091017973143608,0.35025266632437707,0.3055523289949633,ff91c8724012f5d19e71c30335e5ecdc:0:0,c06f4a133b86a5d71c33dbd77a0980aa:0:0,1c573ab6d5f1b33a25f37e3cca2cc9d2:0:0,d2bcea7a04c2b76729d0183ba845824d:0:3475249864,82367a19d02deb485effa6f456382762:0:2249575466
760,B,360,0.012043258175253868,0.835160493850708,0.011982502415776253,1.181066632270813,1024,512,0.011982502415776253,1.181066632270813,stage1_rows,512,0,0.007375859655439854,0.03987586754374206,-0.0026500944338295083,0.34889161214232445,0.3077762540197,e0710439522321a574ef1db57923c4dc:0:0,2802ab44251e7ca90bc02cd99de1cf9d:0:0,4f10926703c2bdd67400b7bc4a5657de:0:0,3e29059b1320ccaa376b126bd5bac94d:0:198054532,9d791970b678ddb57ab4e8abf5592ab0:1:3062252526
761,B,361,-0.06348317861557007,0.8077355623245239,-0.13227435946464539,1.1381332874298096,1024,512,-0.13227435946464539,1.1381332874298096,stage1_rows,512,0,2.4529523216187954e-05,0.03440890866331756,-0.0006171346758492291,0.32477342784404756,0.31329619500320405,21b95dd31da3235709d2d14051619cdc:0:0,30b0bddb47bf6aa0c7677246c5b56ef3:0:0,b7aef103ef0297f6012ba8ef1ab1a96c:0:0,7cedb27d06be19b34c79e9250454104d:0:97784828,d6b951b082c262084f615d239df3ce65:0:3227818233
762,B,362,0.023240748792886734,0.7890660166740417,0.05404077097773552,1.1150333881378174,1024,512,0.05404077097773552,1.1150333881378174,stage1_rows,512,0,0.00641398411244154,0.07727887178771198,0.000510534635395743,0.3111182041466236,0.3118471240159124,ddb62622f270147c11e12103be9f74dc:0:0,7033acbdc736de0860251a5c6ad7d913:0:0,c0cfeb8826f06bd21f74e294af2d3528:0:0,40b1c98daba507cc32c67d79a411574d:0:1350660727,13653ddf0e09dd33ff8fd7eaf2590ef5:0:1859038883
763,B,363,0.009434402920305729,0.8328235745429993,0.03162834793329239,1.1773372888565063,1024,512,0.03162834793329239,1.1773372888565063,stage1_rows,512,0,0.008134367875754833,0.09744210089556873,0.003602592891547829,0.34675275906920433,0.3129821519833058,2e1f885912d5a47622b2505fc0dd4cdc:0:0,8c6383eb28d76a3d0f8dbb56e8fd2f4e:0:0,a0da7b10ddd3b99c5e480eb7641b381a:0:0,e9b83d495b0bb1a77ae44abc24f29e4d:0:3609066847,e71250c1275ba0324cdbd2754337d309:0:3837876786
764,B,364,-0.01318977028131485,0.8132830262184143,-0.023155618458986282,1.1500447988510132,1024,512,-0.023155618458986282,1.1500447988510132,stage1_rows,512,0,0.005520286969840527,0.12676102831028402,-0.011635190935339778,0.33077081069350245,0.3056274239788763,f113ca51b43d5cb032b2a2b4581b24dc:0:0,fb6ec0b0f5898565100c13b0be36883c:0:0,1f9465df9532a4c5b4b495d39afe144a:0:0,a4caf841340c39500537667ef6f7e54d:0:534871534,845b393858179ae5c60f7c5991b1a964:0:3839039936
765,B,365,-0.04330682009458542,0.8189300894737244,-0.08153162896633148,1.1568350791931152,1024,512,-0.08153162896633148,1.1568350791931152,stage1_rows,512,0,0.0014296778244897723,0.08553744952660054,0.0026860893762204797,0.33496020510792734,0.30616217700298876,e095e63b7a9b34dc19225b618458fcdc:0:0,a23b8e953ae4c17e2d6f0bd3ee50c471:0:0,5b0e9c50fd5ac47690d66809d66b0c7a:0:0,576e07d0211853daaefb80948a212c4d:0:3422339020,f011d0232c5158e633c4d884c8c4dae4:0:1028688510
766,B,366,0.06485447287559509,0.8358610272407532,0.13706395030021667,1.1776314973831177,1024,512,0.13706395030021667,1.1776314973831177,stage1_rows,512,0,0.0044286614283919334,0.0863411354017444,0.00120369843498338,0.3476911850273609,0.30566544202156365,c63ca3bb249777300e15bdc74596d4dc:0:0,43aedb48c1966726dfe94f223cf8e5d3:0:0,940545079e4747c565e4b6bf095083e8:0:0,0db1787696bdd94a234ae30f4e6e734d:0:3856626543,935426b3861dd9597517b96f8c016b9a:0:3231828780
767,B,367,-0.025943215936422348,0.8375185132026672,-0.05944695696234703,1.183454155921936,1024,512,-0.05944695696234703,1.183454155921936,stage1_rows,512,0,7.86075834184885e-05,0.034513978147879244,0.0031308300618547945,0.3503640227019787,0.30580487503902987,601a34021e75f4a42a750d459bd4acdc:0:0,367eadf1fa7a89d89c4d0bae4f0197a0:0:0,af3e22a57af12a84e8daa090757f4d98:0:0,d087235b5ffc6714d0257241b3dfba4d:0:621915842,c8939b97010cd0253afa6ac9dcb3bde1:1:2086123375
768,B,368,-0.017757995054125786,0.8203245401382446,-0.029554490000009537,1.1599669456481934,1024,512,-0.029554490000009537,1.1599669456481934,stage1_rows,512,0,0.0007607555016875267,0.04391016624867916,0.0008662774136610097,0.3365592874586582,0.3058614580077119,2119318db1ba892fe7fc8d3c871284dc:0:0,47e247ae74156fa8bac5ed3b066b9c47:0:0,a1d81cb97d233a187d09fb42edb03a76:0:0,e06cca02fb1663bcff77acbe2a75014d:0:459717841,45d2bb9a81d1c40c9fd294806d24aed8:1:3043650816
769,B,369,-0.005993745755404234,0.7975743412971497,-0.01261158473789692,1.1278798580169678,1024,512,-0.01261158473789692,1.1278798580169678,stage1_rows,512,0,0.0032860718201845884,0.08187888652319089,-0.0010139405931113288,0.31812459602952003,0.3059741370379925,5618c184878af007a13c810c07505cdc:0:0,4636ebcb6089226b6620ffe9af1ac343:0:0,5f5a47326c4a03ee70340348e4e4454a:0:0,34430112ff71f1eb1421ab57222e484d:0:3442541333,44f44d4d5fa8151280670ca24ea2e1ed:0:2055201353
770,B,370,0.02080603316426277,0.8445380926132202,0.04039911553263664,1.1940100193023682,1024,512,0.04039911553263664,1.1940100193023682,stage1_rows,512,0,0.013978458009660244,0.04782033022493124,0.0009311260422691703,0.35656829476356505,0.3059011159930378,61f671e833cde7da11992c141c8e34dc:0:0,f53812be7ab38a709814a1a4fd3378ee:0:0,067c48a7cdcb8b9ac159f60ed7cc473b:0:0,fe99c80fc1c8a179eafe211f0b0b8f4d:0:684708385,d40c7adcfd2fb3285e2d6dc8ddddf836:1:146317575
771,B,371,-0.011969144456088543,0.8010134696960449,-0.019544508308172226,1.132731318473816,1024,512,-0.019544508308172226,1.132731318473816,stage1_rows,512,0,0.004194081760942936,0.03144065885571763,0.0010531227453611791,0.32089724764227867,0.30581678700400516,b5714d107f07a70dd54ad1b4c6cc0cdc:0:0,f9f4e70fc6e459ebba0edf1c4e321658:0:0,eb70d6a17648b41c92c7da52f42f4bbd:0:0,07a9e593ef8eece55fe95b68550cd64d:0:740319101,fdab6445c53eec76a0171d39d9496d88:0:3145265912
772,B,372,0.013797727413475513,0.8136026263237,0.024042973294854164,1.1504895687103271,1024,512,0.024042973294854164,1.1504895687103271,stage1_rows,512,0,0.001890661078505218,0.07645247939508408,0.0023969830595888197,0.3310486041009426,0.3056885150144808,e466782624f39ffee95db54e0609e4dc:0:0,eaa97eb320b37d0ae828c55197d1b821:0:0,f9e67daef16ffa7e92ddca34ecc870b9:0:0,c0be48b02526d18af6c841c570321d4d:0:158684436,fca26e7ae006a707a3543d18276da1b0:1:3219957445
773,B,373,-0.011674928478896618,0.8267248272895813,-0.030204059556126595,1.1688427925109863,1024,512,-0.030204059556126595,1.1688427925109863,stage1_rows,512,0,0.00579181220382452,0.048459132038988176,0.0006984749680214008,0.3417156085371971,0.3057831799960695,c0548f92bddb953c2bb21a3fda47bcdc:0:0,41dfb0ddf5714bf5dc96302f2d3d4174:0:0,9181224351d41239b8c2a35ad6b6498b:0:0,68654c0f941b112ca88f5608cc7b644d:0:404576368,a93372e9a052849be4285aaa235f751c:0:283165564
774,B,374,0.03679485619068146,0.8417809009552002,0.07878497987985611,1.1889517307281494,1024,512,0.07878497987985611,1.1889517307281494,stage1_rows,512,0,0.001885780249722302,0.03794955876655877,-0.0010695261211367325,0.35392684042453765,0.30580988799920306,b057d19b88abfdc4dafc43ea438594dc:0:0,0f8aca5a986e0a6f73b62ddb8ecf7010:0:0,f890c8a9342a5dace7939f56d80aee65:0:0,e153b952a74aeb25d449b444d9e8ab4d:0:437065342,ee1f347ba212bf78630eaf2661b25f8e:0:2721278904
775,B,375,-0.023426204919815063,0.805614173412323,-0.05050453543663025,1.138637661933899,1024,512,-0.05050453543663025,1.138637661933899,stage1_rows,512,0,0.007225744891911745,0.08602795519400389,0.0015837930608540774,0.3243866924196482,0.3084267929662019,98ee049ccbc5b94616c475ad41c36cdc:0:0,caf3b8df4592d015758341a4ec64f780:0:0,8a3741f85eece3671d804533cb00f7e0:0:0,613235ed32985bc2542012cc0879f24d:0:3785985845,f3e237d08299fd7dd0bc90ddd3791c83:0:904556757
776,B,376,0.0043519046157598495,0.8318508267402649,0.019177932292222977,1.1762008666992188,1024,512,0.019177932292222977,1.1762008666992188,stage1_rows,512,0,0.002880049403756857,0.03454862567596138,0.0016718694940209388,0.3459659207612276,0.30490542098414153,89c5e39b828d14585f66f2e8d50144dc:0:0,b50baf1d1d13633b8167bc5aae33cac4:0:0,5f4eeede54046965a92937dd9e639e1d:0:0,d86329df22553027b65fc230c82f394d:0:4088381353,52484520bc3ba474f4917fee5f285883:0:1070561901
777,B,377,-0.04636054113507271,0.8119557499885559,-0.09455028176307678,1.146235704421997,1024,512,-0.09455028176307678,1.146235704421997,stage1_rows,512,0,0.010052166879177094,0.05061237724730745,-0.0006707702646963299,0.3290926828980446,0.31737785798031837,15aab9230db61cbd1613fefcfd3f1cdc:0:0,8532865cf06739c5a1fab327905e37d6:0:0,baa220d460a27b128e65eda2636ace1f:0:0,413f76f8cc557d409a81ad458908804d:0:4245543870,b51205ef3dc19d7df6cf077e58424522:1:344665118
778,B,378,0.10196889191865921,0.8653709292411804,0.19585615396499634,1.2165526151657104,1024,512,0.19585615396499634,1.2165526151657104,stage1_rows,512,0,0.00804588757455349,0.07764612748287618,-0.0017810522775107529,0.371908687800169,0.31230705499183387,b041ada49c4e459bfccfdd49ba7cf4dc:0:0,5c0adb44ee6ae6fb61ba1a44521e38eb:0:0,d5b36a4295b50a45cde6dfdbfc443af0:0:0,50f2302af938481a3231591cbb05c74d:0:3639965228,4b5d09f08da503cf8d14ed2e78a24c18:0:3556110738
779,B,379,-0.035182610154151917,0.8672465085983276,-0.0784737765789032,1.2249044179916382,1024,512,-0.0784737765789032,1.2249044179916382,stage1_rows,512,0,0.009181207977235317,0.038570945430546996,0.0007060339848976582,0.3754326492547989,0.3066191470134072,aecb2bce03835bc0b672d12f0cbaccdc:0:0,720f4255b99949437ff75e0dcc23da2a:0:0,f324bb9c6b04bd2d7d6f1f86b1ec632a:0:0,88680eca78216e23e653e508ce270e4d:0:2910951451,03d59ce1a9f5ddf660b02984cc129eca:1:1667609957
780,B,380,-0.03970056772232056,0.8296399116516113,-0.07309366762638092,1.172315001487732,1024,512,-0.07309366762638092,1.172315001487732,stage1_rows,512,0,0.011665492318570614,0.05424540672684088,-0.0010410284128738567,0.34394558519124985,0.3089244909933768,946f9a8dbb27c9d846a91e0cf3f8a4dc:0:0,87fc98a4f481f9fac4b05547ddd5329e:0:0,2bfcc4ad720384bdca681d48d56d0a91:0:0,232a3ad391ca1bc1200f0a9c326c554d:0:2349016368,5a4b49e4e280e0a430591ccbf79d8da3:0:1974738344
781,B,381,0.008180585689842701,0.8266626000404358,0.01943878084421158,1.1689425706863403,1024,512,0.01943878084421158,1.1689425706863403,stage1_rows,512,0,0.002528842305764556,0.05191107338760048,-0.0010092339478433132,0.3417370989918709,0.3111086909775622,27cb89b9b4f42cae91f3074370367cdc:0:0,90971c77e8d7968b7002504574148545:0:0,19c19212536a4cf78874a5d3c278f1f5:0:0,e1331e3ef9775f9d35d01da957d59c4d:0:3808663470,92e1e8e3114da2d2402ac904497b0848:0:1971546793
782,B,382,-0.002437255345284939,0.8367201685905457,0.0014264490455389023,1.1832621097564697,1024,512,0.0014264490455389023,1.1832621097564697,stage1_rows,512,0,0.0005622083554044366,0.02488045983482152,0.0023049854404234792,0.35010022222995757,0.30618332198355347,6e744b8ec486376bdda4d032817454dc:0:0,3452183b216ec3782a820963a83ce81c:0:0,16db0636b6506fbe3e2f59d9d888cdc9:0:0,291fdd83eb10a9317c530c42ae62e34d:0:2668974900,e46bfed6bc265fe6a6895bacf94ad842:0:1901247778
783,B,383,-0.015291634947061539,0.8403884172439575,-0.03119399957358837,1.1882482767105103,1024,512,-0.03119399957358837,1.1882482767105103,stage1_rows,512,0,0.0002705206861719489,0.022859922563657164,-0.0022784709464758633,0.35316806510090826,0.30681573803303763,140ad27e4e1ce7d24fe6bc3a27b22cdc:0:0,e84b064cc4b69c585ab9ed6681de9b89:0:0,4ac0617bf16952f41e964bf35e92fb1f:0:0,39a49395fd3a40ed7ba95ebaa6142a4d:0:2860582967,3845d975e73867121a98e675a764fefd:0:1740409716
784,B,384,0.044533904641866684,0.8489132523536682,0.08797299116849899,1.198928952217102,1024,512,0.08797299116849899,1.198928952217102,stage1_rows,512,0,0.002573693636804819,0.04963444545865059,0.0019210171420127153,0.3598215378820896,0.3124766509863548,f52787fff2120a7b6fb50eba62f004dc:0:0,a682ae6e3eca3e593a889e2b63cae423:0:0,3bf8832801e25b14c3e87613ab7ace80:0:0,3cf9e92ccd020871484137a3aee9714d:0:4068010353,fa5a65da9229f893d99429094cd557bf:0:2402890575
785,B,385,0.0010521681979298592,0.8416990041732788,0.006271064281463623,1.1902755498886108,1024,512,0.006271064281463623,1.1902755498886108,stage1_rows,512,0,0.0017286126967519522,0.08772043539211154,-0.0009924229234457016,0.354387266933918,0.31518174102529883,82f6ae5ceb110f15a4e00b13332ddcdc:0:0,7ce502c79baf2478bbe1917ecba8ab1a:0:0,ff856fd15159946b50b08d409a171b96:0:0,637fd1140e571149ffec53d038e2b84d:0:3047752860,a3558d7d265e4bf8d0c7cae2c563058d:1:2682469710
786,B,386,-0.023373881354928017,0.8175600171089172,-0.060684673488140106,1.1549655199050903,1024,512,-0.060684673488140106,1.1549655199050903,stage1_rows,512,0,0.010833420790731907,0.09746163105592132,0.0012571825936902314,0.33380476757884026,0.3110292430501431,7ac1bcaad50b2ca1b80bf4a4986bb4dc:0:0,fc85518d32e9fd54d1fb59bc54fc9e95:0:0,044e1f9859900aaf4dc2ef113a6c4055:0:0,edfd50c7b92ed8a06ae70a52b3ffff4d:0:3813364385,28fd4ea09905fefbbdc5dc05b2a329d9:1:3366276644
787,B,387,-0.022976644337177277,0.8018503785133362,-0.04489686340093613,1.1335327625274658,1024,512,-0.04489686340093613,1.1335327625274658,stage1_rows,512,0,0.0035494717303663492,0.05369087343569845,-0.001741923313238658,0.3216060645878315,0.3083153810002841,fcdf016b92e8d5b052b10ece92a98cdc:0:0,6906575e4d0c55a74c4a5ef3986d9001:0:0,6779f7c1cbbd80ebee47a6c33f3a60d1:0:0,1d74e8ddfee53649c0df4c7d9041464d:0:163272521,909ab74583c4037c454b18c5bb332476:0:59732592
788,B,388,0.03455815836787224,0.8247285485267639,0.05928174406290054,1.1657660007476807,1024,512,0.05928174406290054,1.1657660007476807,stage1_rows,512,0,0.012799105606973171,0.16823298535309733,-0.010417716233496322,0.34008881971240046,0.30889265600126237,6895b58808f87c9f7f1b9cf121e764dc:0:0,76f921775bb8359c0d8975605dbd696f:0:0,fc21530c497aa1f4552ac32cef12c94f:0:0,8a3f7edb6e0e4daa91fba5e33da68d4d:0:350892089,f4e25769e8c9c72eb210a50b6d80c54a:1:932680468
789,B,389,-0.0014746608212590218,0.8258689045906067,9.985081851482391e-05,1.1679251194000244,1024,512,9.985081851482391e-05,1.1679251194000244,stage1_rows,512,0,0.0027252575382590294,0.09594345107907429,-0.0023204526340123268,0.34109694287180903,0.30845833104103804,8671869b621aa7d8286be26c46253cdc:0:0,aaa982ef7ada967d4bb9053f830a26d4:0:0,45a3074cc12a0d91faaf1d2a2b5c5ab1:0:0,b6161d292c9c0edbd3e23c562c2fd44d:0:200803742,6f6d061ac67796e60f6923203580ee3a:1:2129599372
790,B,390,0.014068239368498325,0.8340035676956177,0.03096936270594597,1.1791871786117554,1024,512,0.03096936270594597,1.1791871786117554,stage1_rows,512,0,0.005649001337587833,0.08692853217944503,-0.00010200985707342625,0.34780259877443315,0.30841053498443216,78457cc495ab560b9a96229fff6314dc:0:0,8b82c54adb61d861d5f30c365a306e13:0:0,f5bf3d3ae6af9d82f6be1c5a3b34e9a1:0:0,db81692578e3168212bfcfe8cbdd1b4d:0:4204476108,c08c5d9666f1b7774e456470d75b85fc:0:971420074
791,B,391,-0.014246352016925812,0.854948103427887,-0.007995638996362686,1.2090181112289429,1024,512,-0.007995638996362686,1.2090181112289429,stage1_rows,512,0,0.013380521908402443,0.07717546476051211,0.003640816145343706,0.36557643339037893,0.307925247005187,9dbafd73e428b2710262a0ec4da0ecdc:0:0,748806cb9767aaca7862a733e4316743:0:0,13e0f2627e4e0ffe073402ae4f11460c:0:0,a832b5cfb1b4fac6c64ebaed8cae624d:0:3364832934,eeb7753da667d673fc716251a2e71c19:0:1489169792
792,B,392,0.048230115324258804,0.8742755651473999,0.08466897159814835,1.2352827787399292,1024,512,0.08466897159814835,1.2352827787399292,stage1_rows,512,0,0.0005960655398666859,0.040968500170856716,0.0022050006780773403,0.38200845420360563,0.3081594370305538,1dbe89ea00971902ed6da0b130dec4dc:0:0,7b67b52d7ca1ef3bd9b148ef6adf2ab8:0:0,45dc992ef263ff6fa2d6d347705a617a:0:0,9986ee86fc7053e3caddf1f6dea3a94d:0:3230355434,63837a6352cebc60e3e0dd7b8ecac61c:0:75136128
793,B,393,-0.028567718341946602,0.8506871461868286,-0.04704461619257927,1.2027337551116943,1024,512,-0.04704461619257927,1.2027337551116943,stage1_rows,512,0,0.019516943022608757,0.06766001331852749,0.0008049216470681131,0.36187268495559693,0.30851974297547713,1068b55e9ca26abcca27654ea91c9cdc:0:0,3fde088bb27065fb5d7b7af1d5b69fd2:0:0,7c577d52638cd5f1aa29a86cbf1b6caf:0:0,fa9a7bd93d910eb0fe5803d731bcf04d:0:319414328,67ca2d5ee326c9b58dcccdb10da3faff:1:1117365621
794,B,394,0.010735935531556606,0.8607159852981567,0.013108765706419945,1.2171863317489624,1024,512,0.013108765706419945,1.2171863317489624,stage1_rows,512,0,0.003538582008332014,0.0904053604695946,-0.005857148766517639,0.3705370701849461,0.30781189299887046,5a26ac040d7cb1d867d43224b65a74dc:0:0,cd1484cfdcf3d641c29efb88ca638e69:0:0,1bc9006081a27675bf3722a36078925d:0:0,a12c6f9b7cf5d7a4014a19a0f5fa374d:0:998838240,6293875ceb27d014f189e03270fd3d5d:1:3672983955
795,B,395,-0.025597520172595978,0.8401874303817749,-0.04633896052837372,1.1877998113632202,1024,512,-0.04633896052837372,1.1877998113632202,stage1_rows,512,0,0.0003563776845112443,0.012328680127393455,0.0010091742471558974,0.35295829847455024,0.30906757997581735,27e2815dbf7a160b768c4a9358984cdc:0:0,920d2077fc0171b5286a21fcff59c7b2:0:0,c59ae97412b973d50a81ffc628a6b453:0:0,8326d898fab9acb21beaf6a69b5b7e4d:0:1642255103,48d2000845a40d45d9b584fb78be552f:0:2518328409
796,B,396,-0.032554563134908676,0.8365099430084229,-0.06668391078710556,1.1819875240325928,1024,512,-0.06668391078710556,1.1819875240325928,stage1_rows,512,0,0.0016150764422491193,0.05233228681609035,-8.961846469901502e-05,0.34959293976426126,0.3088076869607903,a4c0599f2e6a20c5073bf1fa8fd624dc:0:0,3372a11b1bfcd7d144dffca4a72dabc5:0:0,42a81b34fd93e28332cf41264682e32f:0:0,4f14ac372c2ae4844721f87a91e0c54d:0:1144594694,5b239272ac402ebc0cbc6ac696e7ec3b:1:2668240222
797,B,397,0.029524218291044235,0.8227152824401855,0.06297793984413147,1.1625123023986816,1024,512,0.06297793984413147,1.1625123023986816,stage1_rows,512,0,5.0890492275357246e-05,0.045474503096193074,-0.0033761120997951367,0.3381254620850086,0.30825180298415944,f4b25f0918ae516b0ba36bba5c13fcdc:0:0,29d5655b6670c3e7018dc9c6c4d4dce5:0:0,277eb272c39b19ed8ddf84c706406cdd:0:0,7180409e9213396d598e16ef498a0c4d:0:3113439746,5b1cad29243c89212ee9b960802831a9:1:1390551511
798,B,398,-0.03125419467687607,0.8046087026596069,-0.06259727478027344,1.1369938850402832,1024,512,-0.06259727478027344,1.1369938850402832,stage1_rows,512,0,0.003128555603325367,0.021189800463616848,0.0009541208681184798,0.3235230952501297,0.3082725889980793,bbaa517aa30e0197d656fb32bd51d4dc:0:0,89ee7e35f7c58c1f8d6ebe575ab42d73:0:0,7f9effa1c623402a3c3bf4536402aede:0:0,1c174f6eda2ea692588ce4173257534d:0:3196663638,d14bd3e985382ceedeed00c625ce6c74:1:1832057359
799,B,399,0.031233761459589005,0.8273500204086304,0.061692576855421066,1.1692078113555908,1024,512,0.061692576855421066,1.1692078113555908,stage1_rows,512,0,0.0015057025011628866,0.023235979385208338,0.00048072770368889906,0.3419948607683182,0.3085357160307467,7f8c5bac234799579abee3c3b38facdc:0:0,d315224cde483ae957e4f16afe8933aa:0:0,5e06fda3ebceb33878aa97f683825795:0:0,103ccae4055925b4ed418c44bc489a4d:0:2681721962,497bbb4b0c53d17b08dd10f2248b487c:0:641847401
800,B,400,0.0043037342838943005,0.8213111758232117,0.015428707003593445,1.1613812446594238,1024,512,0.015428707003593445,1.1613812446594238,stage1_rows,512,0,0.007138039916753769,0.03403165522031486,0.002012722732979455,0.3373147077858448,0.31355500500649214,033bb6c9475f1365ed1768cd3ecd84dc:0:0,9537e3e7eed290c6c14e364428105f34:0:0,b4d1bca04c7e011e7194d9604823475d:0:0,4929c8be5aa59c0ffd9bd60a575de14d:0:525380908,43cc16936b3f9252c364e73f568b364b:1:2753134760
801,B,401,-0.010798275470733643,0.8172082901000977,-0.01675589010119438,1.1556475162506104,1024,512,-0.01675589010119438,1.1556475162506104,stage1_rows,512,0,0.009841682389378548,0.03908507563173771,0.00046186168910935523,0.3340130731463432,0.31424752599559724,532682604fa9d16b4270cdaf5f0b5cdc:0:0,6f86bee310d7cf0b978dc299e19dd841:0:0,532a4cdff155c1bf5183be6ae99df30a:0:0,24f42a5bc53a84b6695f223a7397284d:0:2108085636,2a9f2174d2e2301050c19e04e7fb2eac:1:2938017711
802,B,402,-0.002861236222088337,0.828546404838562,-0.004565792623907328,1.1717190742492676,1024,512,-0.004565792623907328,1.1717190742492676,stage1_rows,512,0,3.2383250072598457e-06,0.052472045912873,-0.0020637787180021404,0.3434296943247318,0.3123524769907817,9f9b13dc1197c03a70af55ca144934dc:0:0,2955115551bcc23b8b0935efdcb92d70:0:0,c091d17a9350e1172effb831bc7dcf3d:0:0,dc5cab62d77b26e3eb296be780f46f4d:0:3951102639,12cb3c93f3fecf39ff6c502fd03e956c:0:1591375563
803,B,403,0.019501039758324623,0.8349248170852661,0.04209085926413536,1.1802996397018433,1024,512,0.04209085926413536,1.1802996397018433,stage1_rows,512,0,0.007978583686053753,0.05472267467994243,-0.001959663210436702,0.34858300164341927,0.31349782703910023,2eedddfe7939cc0e2e8b447d5e870cdc:0:0,50e3efa666d85349bcb955359c40374b:0:0,18fae5a8ccad79efcad9ccea2b84e4e0:0:0,bf8a434a11ae66b01d7a4863ef75b64d:0:374603191,e203ef36b9edfc89b9aee80aef439a5a:1:2902932566
804,B,404,-0.08131685107946396,0.8099453449249268,-0.1454574465751648,1.1418086290359497,1024,512,-0.1454574465751648,1.1418086290359497,stage1_rows,512,0,0.005616891663521528,0.05147431772202253,-0.0029686051071621477,0.32707133144140244,0.3192086099879816,a90bee113f85a4c69390dd293dc4e4dc:0:0,6dc7875988e874f3d6ba6bb174e2420a:0:0,58a762af43d6df961efffcbfe0bb1fc7:0:0,90445d0d34fe7e93a3b9e7422f1afd4d:0:4055779389,66014448b9196efc34351214a263f59d:0:3175985321
805,B,405,0.07199996709823608,0.8620272874832153,0.13725480437278748,1.215570092201233,1024,512,0.13725480437278748,1.215570092201233,stage1_rows,512,0,0.008148922584950924,0.04805430956184864,0.0006528857396915555,0.3704299986362457,0.3133502979762852,bf82d9c28b56d2269820632db202bcdc:0:0,32c2c67270524f2a4a4f80756d6a71ab:0:0,395e4cda51f860f88bd1a264e20f8637:0:0,ef88d6aa5d57302f77401254afe4444d:0:421044190,a1b7a883f53e01bdb38d6d21e68a6f81:0:2719200366
806,B,406,0.004174664616584778,0.8462998867034912,-0.006843632087111473,1.1967179775238037,1024,512,-0.006843632087111473,1.1967179775238037,stage1_rows,512,0,0.0020482379477471113,0.06989215544890612,-0.002862304940936156,0.3581112094223499,0.31259048101492226,c04bd5e3332d1811956e19eabb4094dc:0:0,0b977b5afaf1c768da5e5ae6c9ea58db:0:0,72f7ae0e138ac231637f9b61758d93fa:0:0,1dc8f2ad55523ac6585b2dade1d18b4d:0:378218430,b11c0879c37d229e824acd8b5176124a:1:1596530867
807,B,407,-0.002498832531273365,0.8527618646621704,-0.00175378005951643,1.205947995185852,1024,512,-0.00175378005951643,1.205947995185852,stage1_rows,512,0,0.00026123435236513615,0.07766792979091405,0.00037918223533779384,0.36375168040394784,0.31185086199548095,f6c48b7c55a82ac8c58244c0597e6cdc:0:0,a1224d11fc5377657d67cc5a9ba43113:0:0,a42d264d32ff54771563c480e0a04ca2:0:0,60b6cc45170c25d8635737a034e2d24d:0:4009202947,d79bb6c8d3792c14f6493c884a519486:1:2488403145
808,B,408,-0.0014005862176418304,0.8354439735412598,-0.0013176873326301575,1.1814663410186768,1024,512,-0.0013176873326301575,1.1814663410186768,stage1_rows,512,0,0.002930436749011278,0.0700522649800405,-0.0035743851207371336,0.3491166427731514,0.312037571973633,dd351df1fec0b328c339270e8cbc44dc:0:0,0cde39fb6676eda7591e70b6301f85a6:0:0,8131e8b3d599f3d87afb5f4912eee391:0:0,44734541b365ae50c984c8be1918194d:0:3683567355,453133a07aa71e28e1fc73d80cfa2cb3:0:2572014182
809,B,409,-0.04637385159730911,0.8150549530982971,-0.07920235395431519,1.1517002582550049,1024,512,-0.07920235395431519,1.1517002582550049,stage1_rows,512,0,3.4989789128303528e-06,0.07058256219606847,-0.0005246412954875268,0.3321290321648121,0.312303370970767,0a0fb2288fbea2e70a43043554fa1cdc:0:0,34627cf6ccacd0a7df47743cdb19ff73:0:0,7e2c7ac988fab597f904752353093fbc:0:0,467d100be6e064b5ae4013d9fe71604d:0:2189194270,c8afa8e09208b0f1f4eaffe5493b93c8:1:1438742220
810,B,410,0.024842966347932816,0.8526400327682495,0.0625605583190918,1.20460045337677,1024,512,0.0625605583190918,1.20460045337677,stage1_rows,512,0,0.01568196713924408,0.06778970221057534,0.0008660949853947387,0.3631413571536541,0.3118124969769269,76baa3e29fecd8cf77241f94b237f4dc:0:0,98e101fa012eab2a23adb14be251edd7:0:0,92343234d5ec0c1d63e5efddad64ba0e:0:0,48e9194f77ef4aca27f7e60654eea74d:0:2070010823,94bd94414fece570c96403fc4e34526a:0:3893282232
811,B,411,0.010509836487472057,0.8546079397201538,0.013934027403593063,1.2085648775100708,1024,512,0.013934027403593063,1.2085648775100708,stage1_rows,512,0,0.010047441348433495,0.08540212027728558,0.002483149606268853,0.3653138555586338,0.3158068180200644,3a3373cd0c0a1501c734bc8ca475ccdc:0:0,37a8d984a73d3a664ab2a0b74a4fb2b1:0:0,89a996a44b23ca90f522dde8c8f62d1b:0:0,8be250d2163e7f126534a6958c8fee4d:0:3870057559,ea4a62688a68d588b17322d56b5c6f76:0:3461361528
812,B,412,0.013746609911322594,0.8240835666656494,0.024699682369828224,1.1652939319610596,1024,512,0.024699682369828224,1.1652939319610596,stage1_rows,512,0,0.018838917836546898,0.08092825500061736,-0.002085032151080668,0.3395840235054493,0.31269629299640656,182d55eeea773d2f18a11e7d2bb3a4dc:0:0,9103e9be51d205662c82c5c591ee1d0b:0:0,2417cc392424584be5afe9f31d199d66:0:0,c1f439edd51f44a9f59f571a1555354d:0:1861730378,00f1ea0e03fe42054ce52c8b6fc6b430:0:1276429957
813,B,413,-0.01721521094441414,0.8663351535797119,-0.03411361575126648,1.2248948812484741,1024,512,-0.03411361575126648,1.2248948812484741,stage1_rows,512,0,0.0007979696383699775,0.03455151107627898,0.0009323996840976178,0.3752903610467911,0.31269942299695686,557b25731a22f0d76a6988c647f17cdc:0:0,9df62f12141ad09cf4947f50c536f856:0:0,f3ff1fcb4f303e4d973e6e95aaa4f3b2:0:0,9344c58484eff5dc370893665f3e7c4d:0:767367321,02ad5cb91cf7f9443ed41cdbffb4af49:0:1014579298
814,B,414,-0.019383437931537628,0.8331090211868286,-0.04466518014669418,1.177624225616455,1024,512,-0.04466518014669418,1.177624225616455,stage1_rows,512,0,0.0003684909315779805,0.03067306727170944,0.0008718591969227418,0.3469179801642895,0.31183845101622865,1c99600122326d871c623ec7f92f54dc:0:0,edac384a42eed66bc81c256083249487:0:0,db293d97c7ee4c62e78af492fd48a854:0:0,433534242001afeee66f918cda4bc34d:0:1822664026,9e7d0dfcffa506043fe30f8c1f752c6e:1:3787563092
815,B,415,0.018741518259048462,0.8382203578948975,0.04081479460000992,1.1849677562713623,1024,512,0.04081479460000992,1.1849677562713623,stage1_rows,512,0,0.002801686991006136,0.09061002053786069,0.002273254137253389,0.3512099966406822,0.3119345380109735,6109a81b1867c3146f3383e23f6d2cdc:0:0,a4d6ea1ccc2a6b459df827e6cfe6e6b7:0:0,b22bed38c46523ef809cbe8a2f8c4ff5:0:0,e04802a03727c68ed50921dff67d0a4d:0:1092845505,16003cb541eed5faa143f0eb175e9ed4:1:1975131746
816,B,416,-0.04013366624712944,0.8168656229972839,-0.0741477683186531,1.1541905403137207,1024,512,-0.0741477683186531,1.1541905403137207,stage1_rows,512,0,0.03256594389677048,0.0594749653711915,0.0024767992785200478,0.33333362340927125,0.312300187011715,9de62b36444557dd04599b751aab04dc:0:0,b2585b851cce7e4e40d1eb8db137ce6f:0:0,b69c2251c4aa555191638d4dcdcd061e:0:0,de0e80bcc8c74d4ec146aef223d2514d:0:2421988822,3a5de9d0f0baea42adba312d8349497f:1:2364956575
817,B,417,0.06163329631090164,0.852547824382782,0.1199612021446228,1.2028295993804932,1024,512,0.1199612021446228,1.2028295993804932,stage1_rows,512,0,0.001618606154806912,0.0609927712706849,0.004270004550926387,0.36246194019913675,0.3118805009871721,03a0258434eebd035e24c8e08ae8dcdc:0:0,f4732adf372516960654942ebc021bda:0:0,7bf028f8e41c2c0e80e0107f37aeb1ea:0:0,15f96bd032e745a853dd3d95d24b984d:0:707863218,3ad0d20e257c72605d48ef84e2904011:1:3385171552
818,B,418,-0.0020574666559696198,0.8394814133644104,-0.006857505068182945,1.1871507167816162,1024,512,-0.006857505068182945,1.1871507167816162,stage1_rows,512,0,0.0015713333850726485,0.09113848679699003,0.005095775291556493,0.35241441130638124,0.311430046975147,aa419aa1ffc6d2ac5fb94f849026b4dc:0:0,8261edaf938c292a8d2fc6419cb72fcc:0:0,3b318ae0cfa23d07dd2d66a31794c18b:0:0,fd74f19ffd6c3fef40cc6cdd71e8df4d:0:2071018117,25f643d394cc1994d389cd188f17119f:0:100351943
819,B,419,-0.024378877133131027,0.8442236185073853,-0.04520019143819809,1.1935101747512817,1024,512,-0.04520019143819809,1.1935101747512817,stage1_rows,512,0,0.004009089432656765,0.03538801434915513,-0.0005469574403832667,0.35635342001914977,0.3124332139850594,28c737a35dcb3c3ccd0f72c12a648cdc:0:0,934c64b1082b41e066b63b803c218b0f:0:0,642888ef5ec0f37d3bf316d2b0810699:0:0,5cc47d530d547da68c65761b72aa264d:0:4239906721,bceaf75ef5e89c4bb1641fd401b55b9e:1:3507873979
820,B,420,0.016046803444623947,0.8508878350257874,0.029962658882141113,1.2031375169754028,1024,512,0.029962658882141113,1.2031375169754028,stage1_rows,512,0,0.007944324985146523,0.05825640510302037,0.0023981215141247957,0.3619950346648693,0.314503897971008,873c302f5dad2496caf375f659a264dc:0:0,35112fe6f6c7a49a9a62f614a400d73f:0:0,29eefff4fecc1083a02b2282335a3c57:0:0,93b2b4476c73e3a7f4522ce2448f6d4d:0:1385154798,b1ce76b072fccdc07683a330ef09dc29:1:1477042001
821,B,421,-0.05510132014751434,0.8529446721076965,-0.11032184958457947,1.2036919593811035,1024,512,-0.11032184958457947,1.2036919593811035,stage1_rows,512,0,0.010845819488167763,0.007664244761690498,-0.0002605555491754785,0.3629905678331852,0.3149116440326907,e02ec5a460a752575f059c841de03cdc:0:0,70daba51e70f3521c2cefa5c4839e226:0:0,0006174e72e4685f2a11c2ab53eeef22:0:0,74bd960e32d94a8d7c9bff045798b44d:0:705689088,8e4a88fea7888b9c4444d26bdd776678:0:2942303676
822,B,422,0.03993792086839676,0.8545451760292053,0.0789334625005722,1.2072243690490723,1024,512,0.0789334625005722,1.2072243690490723,stage1_rows,512,0,0.0019866188522428274,0.02395813164766878,8.291270933113992e-05,0.3646946080029011,0.3159534730366431,2ed9047918118c13efba29ca771e14dc:0:0,6b46173e878d4a42cc8fdf0b63503dd0:0:0,8528961764cdf6fa9be6253f425c213e:0:0,00d7bce947b0fbcd20b2f4941bc5fb4d:0:543508605,f69eb6759abb3da0d273f1189c837124:1:661273448
823,B,423,-0.012353668920695782,0.8295158743858337,-0.03180955350399017,1.1727674007415771,1024,512,-0.03180955350399017,1.1727674007415771,stage1_rows,512,0,0.001258396776393056,0.07714656062889844,-5.432171747088432e-05,0.3440274141728878,0.31535147997783497,b9f6215039b14c97c4596129655becdc:0:0,887a6aff397a9fd7f081944b63947540:0:0,704a5c10a401230f2451241f980ed70a:0:0,b1daa6089f2269f6a874afe40117424d:0:2664031058,8ee8555004784104f9b61d16b01414e0:0:3599600316
824,B,424,-0.015316087752580643,0.8152556419372559,-0.033119380474090576,1.1526458263397217,1024,512,-0.033119380474090576,1.1526458263397217,stage1_rows,512,0,0.001102993031963706,0.03812568380963057,-0.00020744427674799227,0.3323206752538681,0.3123176639783196,47b1bc74a0c7c72184ff8600e899c4dc:0:0,2c13172895ad762e18fc8ab33aacffef:0:0,628a1350cd31aae32406376dff075ef8:0:0,f019859351517283a1336d86778c894d:0:313426258,5315b0e76619faca7f6139912a740a5e:1:3741926087
825,B,425,-0.020247532054781914,0.8309290409088135,-0.039101190865039825,1.1747757196426392,1024,512,-0.039101190865039825,1.1747757196426392,stage1_rows,512,0,0.0036775870248675346,0.14262285253498702,-0.00089807513904816,0.34526423513889315,0.3149638460017741,cd6b2fb391dd3ba0ba9cdbb100d79cdc:0:0,01a956f7f4613cba821f5951d7b5e820:0:0,6d3cd045fc91d171be149aee6a9ef59b:0:0,7531bd686455b7a97abd044def25d04d:0:1535328032,7625e9cd0510bb35a78c0644535f8e13:0:2994317622
826,B,426,0.004157519433647394,0.833792507648468,0.02119685895740986,1.17888605594635,1024,512,0.02119685895740986,1.17888605594635,stage1_rows,512,0,0.0078091309405863285,0.04125699328724295,0.0019998757721623405,0.347598797082901,0.31510642904322594,9e2be7cad7499af34ef5a599ae1574dc:0:0,f9b503daad5c9c7bbb27bbb4fd73ef01:0:0,0a4f839c949ecdadad3559301c2017e6:0:0,67d1499767a4e09dc861e54cd7e3174d:0:603711575,e4642ea0a454b88567e0c0ad97f9e464:0:3262580377
827,B,427,-0.012960083782672882,0.8341425657272339,-0.032346099615097046,1.1793116331100464,1024,512,-0.032346099615097046,1.1793116331100464,stage1_rows,512,0,0.0015182242495939136,0.009542160201817751,0.0006135912786703557,0.3479225508868694,0.3165823500021361,34aca7e06c7a7b230ca2271af0534cdc:0:0,8dba788152e5076ffd961f06b1ba48f7:0:0,14a51b84c44feef34995d4fcfdf6ea24:0:0,50127dfe0b16cebca5fc1bd5a1c45e4d:0:688856926,d7a4eedd8260f90347ecdb31ce000c9b:0:1102013027
828,B,428,0.020267711952328682,0.839393675327301,0.028978753834962845,1.1869784593582153,1024,512,0.028978753834962845,1.1869784593582153,stage1_rows,512,0,0.002548497635871172,0.15597507962957025,-0.0011180731875356288,0.3523638300597668,0.31641141400905326,999a72b96df65ba31f0ea394c79124dc:0:0,368fcc9ec0e6a09ab3dcb489010315b2:0:0,40d8558ff11601f6e8d5deca08337485:0:0,7ca7d861ae55160140f64d7abcc9a54d:0:624518808,8b3eeac37c535a25db90cc6741b669ef:0:259607794
829,B,429,-0.055710867047309875,0.8234757781028748,-0.11844200640916824,1.1611522436141968,1024,512,-0.11844200640916824,1.1611522436141968,stage1_rows,512,0,0.009945366531610489,0.07572689654771239,0.0005820391816087067,0.33791747614741324,0.31136086699552834,1478b2a6041d398d927b5e6733cefcdc:0:0,c3a2a971a58c125687bd14b3fb62cf3b:0:0,d02a83d39d5f7ae45aa95a9cda64ff84:0:0,171574e67f3147408552ba0e98f2ec4d:0:1821523575,792eea353baa3517acdef7dbdcb0b210:1:2624199711
830,B,430,0.04078133404254913,0.8003170490264893,0.09249693155288696,1.1293998956680298,1024,512,0.09249693155288696,1.1293998956680298,stage1_rows,512,0,0.009541498497128487,0.07962428111350164,-0.002242350860615261,0.31942258551716807,0.3112670130212791,4d031657fea673e0d3fc9af2350cd4dc:0:0,2a7849b8b96a6439e3d2b6c9ac9851ba:0:0,744f312e61ab8dbdbe34460ed6c191ec:0:0,e9dd53151e07da95eeb23ba3a640334d:0:3688508846,8ea6fd29719a7e9c9a1611ba1d86a90a:0:1837341426
831,B,431,0.005922805517911911,0.8222684264183044,0.012377388775348663,1.1628096103668213,1024,512,0.012377388775348663,1.1628096103668213,stage1_rows,512,0,0.012215428054332733,0.05451421884354204,-0.0010407914816823905,0.3381693154573441,0.311112854979001,444e7619d6dbffbd317a9c95cb4aacdc:0:0,c69e1e401a4a4f59d34762788140a19b:0:0,a517f3f78ee15a6940f25dc949d08c5a:0:0,52d7f2d7e6ffc8727d5b468c54b17a4d:0:3945001720,ca6ef944bcf750b8e23bfa4b75fe6873:1:1086583362
832,B,432,-0.0015567382797598839,0.8181155920028687,-0.004636367782950401,1.1569520235061646,1024,512,-0.004636367782950401,1.1569520235061646,stage1_rows,512,0,0.009988282807171345,0.06664262069389223,0.0016052794468123465,0.3348029613494873,0.3112329469877295,981cf21bce92eca259b1a6b1f68884dc:0:0,b56e29023e42a6816f3cb743a8fcd4cb:0:0,c6db76099926c280b2a2a5a9f2fd79d9:0:0,f706361deda11fbdcf40e95b1446c14d:0:3258382903,a4119b10a5adc4f9e12ff72a9b9bc729:0:488577793
833,B,433,-0.003771671326830983,0.8024593591690063,-0.007296463008970022,1.134798526763916,1024,512,-0.007296463008970022,1.134798526763916,stage1_rows,512,0,0.0002930352929979563,0.07705268952995539,0.0034893830044893546,0.3220856636762619,0.3114084230037406,57e657cce1e138acdc31fca6b6c65cdc:0:0,c19ee5aa68ed7ef4d1ef3b50843292eb:0:0,a80aedcbb086f79b9ee3356dfc2aff06:0:0,9458a8476de727795d09cce25500084d:0:700922233,a4e7f0fd0becbb448221e8b121ec1a0d:1:638910544
834,B,434,0.059665508568286896,0.8318333029747009,0.10853533446788788,1.174322485923767,1024,512,0.10853533446788788,1.174322485923767,stage1_rows,512,0,0.02063659578561783,0.10020977349486201,-0.004899985948577523,0.3454921402037144,0.31138442998053506,51fab9754190f4d3a95fe1d40c0434dc:0:0,4460c45b39314d1d17bc9ac18733b613:0:0,8f9b74d3175fbabab365c3f5101a201f:0:0,9b1a8349f29cda55db17343486dd4f4d:0:4124116564,24eb71db115b9339a7b6f8411417944e:1:3150032580
835,B,435,-0.07113675028085709,0.7819421291351318,-0.1437007486820221,1.1010441780090332,1024,512,-0.1437007486820221,1.1010441780090332,stage1_rows,512,0,0.0055525475181639194,0.1142260326188989,-0.0039712149766273795,0.3041263695806265,0.3110988089465536,27e200880c50b92592739999f6420cdc:0:0,0a8eb5033bf1e8a9c8e47b46719eaf43:0:0,a15b99aace4a9afc0926f7af9455d166:0:0,7195a6bdb47ccaaabe8bfca419de964d:0:3659910780,12704bf581deab8fd4add8b19954809e:0:476961076
836,B,436,0.011078116483986378,0.8144736289978027,0.022651076316833496,1.1516964435577393,1024,512,0.022651076316833496,1.1516964435577393,stage1_rows,512,0,0.008093697018921375,0.050086919916793704,0.001303481438662857,0.3317045673727989,0.31083776598097757,abb02061fca16906c9796758757fe4dc:0:0,81716301abb240ae3644ae051e3d25e2:0:0,cce0674516b2bca9bddf67abbcd06fa4:0:0,14dc49e5c037bd3fe6539dc37e03dd4d:0:2543091361,ea4bcba0b683024e929c8710759af0b8:0:903031856
837,B,437,-0.0007064696401357651,0.8236312866210938,0.0004075951874256134,1.1647650003433228,1024,512,0.0004075951874256134,1.1647650003433228,stage1_rows,512,0,0.003853650763630867,0.05047060003271327,0.0008842388342600316,0.3392770357429981,0.3116045850329101,04726c6ac181476e61518e6f89bdbcdc:0:0,deb3f9e8f50497e088b803386fbcbb22:0:0,8954e9ec5b355371a844052cc5f53287:0:0,dd740265432f895968292965234d244d:0:3126198464,7ba6dfe6a7e3824102b90a8fda83ab27:1:4118848921
838,B,438,-0.007350424770265818,0.8265185952186584,-0.012006262317299843,1.168810486793518,1024,512,-0.012006262317299843,1.168810486793518,stage1_rows,512,0,0.0017011677846312523,0.07387958901235833,-0.0035671483899932356,0.3416438095271587,0.31088839704170823,de1f71ceb7d45b23cdb0523f32fb94dc:0:0,e5b8c1c7ea3615359211b6aa4b047d04:0:0,2c553b21fcb4e5995e7a9111c0abccee:0:0,ec74b8d9f75e0c75819e4b9b79ba6b4d:0:3177080913,64f33701981b0671446be2b34a83da8f:0:1282309904
839,B,439,-0.0067540849559009075,0.8137715458869934,-0.015860239043831825,1.1507459878921509,1024,512,-0.015860239043831825,1.1507459878921509,stage1_rows,512,0,0.0011016540229320526,0.07128839116776362,0.0018241129699163138,0.3311587393283844,0.31100816500838846,798f9246ba8a22fc631df62771396cdc:0:0,59e036c7c98809310bd5151b0c462fb2:0:0,43b57690586333e180ecbc770aa3c9b4:0:0,08e8b622068a402cad224ab8f14bb24d:0:1769127718,8b8ada63296412d121f8f1c510b59ac8:1:2389991942
840,B,440,0.06839773058891296,0.8179899454116821,0.13266290724277496,1.1532052755355835,1024,512,0.13266290724277496,1.1532052755355835,stage1_rows,512,0,0.002639682963490486,0.1746872049290687,0.006976284895790741,0.33346543088555336,0.3131321669789031,caf97aa3bf809a18d6f6bd88447744dc:0:0,f0001c6b20d5da054bfd773c1ee2acfe:0:0,19475b7bea3970b0cf53bb5b3ab7a5ea:0:0,883eeacee397c0a3db09074ffa00f94d:0:1181077115,aa74a905f6df3785ac489cdfd02d4f7c:0:1988738206
841,B,441,0.02129991725087166,0.8243581652641296,0.03765225410461426,1.1655230522155762,1024,512,0.03765225410461426,1.1655230522155762,stage1_rows,512,0,0.0019136492628604174,0.02613637326285243,-0.0012425451423041523,0.33986806422472,0.3133522180141881,f93a6d13f7248c22bf6aebc1acb51cdc:0:0,391d13376a19afe100742a7dcf3f0987:0:0,159f0595beb0d21bf2ac1be060164776:0:0,331e315286675200ce91fc3303da404d:0:618649852,2ac27be58c2da1887ea679ee4171298c:0:18159872
842,B,442,-0.003276619128882885,0.839978814125061,-0.02159467712044716,1.1875990629196167,1024,512,-0.02159467712044716,1.1875990629196167,stage1_rows,512,0,0.005432089325040579,0.032561981165781614,0.0016772773567936383,0.3526880078017712,0.3107335160020739,7dd7345724cf398a137ec433a9f2f4dc:0:0,f0632247c6dd174aa1108a8bf5c972de:0:0,6f7632c293dc4b6544ca7ae9f6f3c741:0:0,891a45f52b6933509eef3e747ed7874d:0:1433382151,85a3dc7a4e9c7cda2cfd5c9aebbacd4e:0:1385388234
843,B,443,-8.362345397472382e-05,0.8191608190536499,-0.008373726159334183,1.1583757400512695,1024,512,-0.008373726159334183,1.1583757400512695,stage1_rows,512,0,0.02025759592652321,0.15394254992716014,-0.008548906282521784,0.33552895337343214,0.3113102909992449,dd1f7257e5e14bc2ab0a8a3e3c30ccdc:0:0,3682f71123511cbd7472e605612ad0c8:0:0,f652064ba42c058626d5641a9092b6e4:0:0,46b6a8bb33ac4d505c4c7d66daf8ce4d:0:1099861373,528d90d98813cf99fdb064b001f25a93:0:424717043
844,B,444,0.015912268310785294,0.8208047151565552,0.030406586825847626,1.1605968475341797,1024,512,0.030406586825847626,1.1605968475341797,stage1_rows,512,0,0.002311785239726305,0.02508982173167169,0.000884345275699161,0.3369475245475769,0.31584454100811854,6f31d9df9d9b1981beba8141636ea4dc:0:0,8f0a91985f341869f3ae05e2cb835a74:0:0,9abdb8498a4ca76748ddacac37fa51af:0:0,aed8283904df8b87d8d6029c883e154d:0:1420926003,0e31e02abb11824f74d9fc5da61c5608:0:4015850382
845,B,445,-0.010157113894820213,0.836491584777832,-0.013097476214170456,1.18293297290802,1024,512,-0.013097476214170456,1.18293297290802,stage1_rows,512,0,0.0004146224819123745,0.04431218688841909,-0.0021193310705712063,0.34997948780655863,0.314543648972176,fdccc05abbb23afb680eec9d1fac7cdc:0:0,106b0006ed333d5eb976c78934545233:0:0,b188e68931358641f6daececee50d952:0:0,b29d7409d264ee2695bfb1e7f6a75c4d:0:1591888955,4dcb5b721a6b7ba8d3aa5e665fc18f88:1:1585714124
846,B,446,0.020415812730789185,0.875829815864563,0.04568525403738022,1.2380751371383667,1024,512,0.04568525403738022,1.2380751371383667,stage1_rows,512,0,0.012036062777042389,0.04976338921114802,0.0004979207238648087,0.3834239229559898,0.31409808999160305,0fdb51e313a46e20215c0fb170ea54dc:0:0,66217e609c4e69a99c0624f8a819600f:0:0,4e87ea9544123eb5c156009e265246ac:0:0,14763d5a09402312d44c095b9634a34d:0:4261532064,4a60e1ee8a48a4697b48288e508f91e7:1:3445853258
847,B,447,-0.01423126831650734,0.848074734210968,-0.038622982800006866,1.198822021484375,1024,512,-0.038622982800006866,1.198822021484375,stage1_rows,512,0,0.012545363046228886,0.06903909001266584,0.0009754278231412173,0.3594954490661621,0.3166852819849737,9a8c8f05fac7cada45ca2dde57282cdc:0:0,1e23b64c6e57370af96bdf7085e731ed:0:0,25e6a537aa405cc9dea416d8536560f3:0:0,bfe5fedab054b49acad32149d6e5ea4d:0:3206991202,ae06b1ab3534e935aa6672520836e5aa:0:2133303361
848,B,448,-0.012138187885284424,0.8333340883255005,-0.023502003401517868,1.1783560514450073,1024,512,-0.023502003401517868,1.1783560514450073,stage1_rows,512,0,0.002464624121785164,0.06934890821576119,-0.0011397693873732352,0.3472894296050072,0.3145483830012381,787618fbe318474b91558a83d26604dc:0:0,e0407ed1b9dd8f9615ce6f2269dd9434:0:0,0618297e3a085a8ed5ae74804f3bec41:0:0,7a64d6a46d121c37fdc9ac4528bb314d:0:379893226,cd08ab50079ffd10722ff88b8d029da0:1:3933958483
849,B,449,0.015718955546617508,0.851034939289093,0.029069876298308372,1.2033464908599854,1024,512,0.029069876298308372,1.2033464908599854,stage1_rows,512,0,0.0002872571349143982,0.025755979819223285,0.000539827352622524,0.3621475838124752,0.3145829139975831,79d1ae4728c28c0aa0ce6901e2a3dcdc:0:0,80926bf335ff5a6a4205c5703490ca16:0:0,943f2aee45fa0bce69a3bc26eea329f2:0:0,3a49af33025647d4bcc7f71ffbb4784d:0:4268104249,fd1d342460c11d9c9cfbe3997ba11394:0:3285036922
850,B,450,-0.04158095270395279,0.8263341784477234,-0.08171037584543228,1.167216181755066,1024,512,-0.08171037584543228,1.167216181755066,stage1_rows,512,0,0.004740351345390081,0.09773805483710021,-0.001609856018330902,0.34120533987879753,0.3167373859905638,1d4916efc86c186071d90cb887e1b4dc:0:0,1af98fb3ef190c32ed379acceb247640:0:0,50a1e8fd5bc324f09a8a48b7ba003e21:0:0,bb237bd90bf96003c390e8ecbfd1bf4d:0:1289146531,ed16dc579f5126c40f20ae0f895d89ca:0:1187924738
851,B,451,0.05562674254179001,0.8425204157829285,0.12026767432689667,1.1879578828811646,1024,512,0.12026767432689667,1.1879578828811646,stage1_rows,512,0,0.001016852562315762,0.013204099121503532,-0.00010786097554955631,0.3536487743258476,0.31656731298426166,07011cd1b438b685e2edb907c21f8cdc:0:0,f3482918058f3e721b94a466bbca704b:0:0,3c9f9cca266114dcdb244dfc0b9db32e:0:0,67bc2bfb6d1fdd99ff1902fde513064d:0:107866700,eebbb868e0906c9b4246f2613cb2325c:0:2678669627
852,B,452,-0.03419871628284454,0.8482815027236938,-0.06332329660654068,1.1989153623580933,1024,512,-0.06332329660654068,1.1989153623580933,stage1_rows,512,0,0.04303954541683197,0.1550751140806824,0.008961021036520833,0.3597218982875347,0.3165234449552372,1ba909b37d8d3fe13358b14f915d64dc:0:0,cc2faab4c64693479a4fca4bc71a05ba:0:0,7c97dd7e65b602c668c8214a9312d9f4:0:0,67924230621a3d1a768d60e5db784d4d:0:2973248392,7973f1e0d590b5258af8b403a56a7367:1:3286964491
853,B,453,0.045280322432518005,0.8721104860305786,0.08524792641401291,1.2320177555084229,1024,512,0.08524792641401291,1.2320177555084229,stage1_rows,512,0,0.005615765228867531,0.031083094037603586,0.0022026065191312226,0.37991497814655306,0.31441402802011,bf41021b098fb143833a38eff59b3cdc:0:0,9d1851f45ce4c86ef151fe8553f4b4c0:0:0,91a803faeea01ff2c2dc97db78f38a86:0:0,2a93342b6843de64585ab8771301944d:0:2321330787,3066922021dbc3858d15725ad565027c:0:530306878
854,B,454,-0.05327291041612625,0.8311891555786133,-0.1218518614768982,1.1714485883712769,1024,512,-0.1218518614768982,1.1714485883712769,stage1_rows,512,0,5.4280972108244896e-05,0.06497766670072451,0.002358480112161487,0.3438208870589733,0.3145112740457989,1b0e711606648f2653869348eed914dc:0:0,ad57742082cc26b119d385d836b9f2ea:0:0,b70538c02745eeaca3b800d8c922286f:0:0,3380d15136fcdf132b3459c3fbaedb4d:0:1172409160,cc5f3d8283f60ac61d000a28f93af701:1:3874836313
855,B,455,0.00929837767034769,0.8659085035324097,0.02010098472237587,1.2244312763214111,1024,512,0.02010098472237587,1.2244312763214111,stage1_rows,512,0,0.003986157476902008,0.008189913420937955,0.002250116889626952,0.3749279774725437,0.31396587198833004,7bd2966bd72999e9060603ba7d16ecdc:0:0,b5a92775510baf715335479cd13b8a08:0:0,4f6021912c672410e58ad0a7527c4a3b:0:0,39b14b09d484fe01231b2f1f0580224d:0:1898998441,a3a2c8a76912f6e8e0e675331928121a:0:2490383076
856,B,456,0.03092067688703537,0.8322737216949463,0.06324318796396255,1.1760915517807007,1024,512,0.06324318796396255,1.1760915517807007,stage1_rows,512,0,0.00010996335186064243,0.0705525171593763,0.0032374494476243854,0.34615889489650725,0.3097579649765976,d0cc25eeacadd20e5d54cda4a054c4dc:0:0,9414212b5ec6d78294f7a4f208333ec9:0:0,0b65c06542b0723473ea8dd585f92413:0:0,f2d0ee8e6827d65b9a64bd1aa075694d:0:2336569676,acf576dad1afeb33ab6cb24d2a8f0af6:1:2466210844
857,B,457,-0.04211391508579254,0.8445813059806824,-0.07172109931707382,1.1936404705047607,1024,512,-0.07172109931707382,1.1936404705047607,stage1_rows,512,0,0.0011575942626222968,0.08596906587481498,0.00446914880303666,0.3565154612064362,0.30842609697720036,1559c3e180e6cc79fce3346758929cdc:0:0,3d83b1821a5fbd9f95e838af8fc82954:0:0,9660a90fa3c6e57b4f4c09f299fa2cad:0:0,674d6f28c8d500b9aec222893c8eb04d:0:769161828,cc4f84406be9dcde7c28adec4e6fa9a9:1:3845489840
858,B,458,0.05502275004982948,0.8505517244338989,0.11120540648698807,1.200214147567749,1024,512,0.11120540648698807,1.200214147567749,stage1_rows,512,0,0.0028064781799912453,0.034667711437214165,0.0015179721754975616,0.3608031921088696,0.3084214699920267,fa3807a8ab2356ade8f57b62a5d074dc:0:0,8e829fd45fea74b10d83f8ceca164293:0:0,e8c6bde54e9b17ce7c527304566a6bcc:0:0,61fe7cc7ebe8e8a50247187d49cbf74d:0:589293667,38aabc402ca337a0baf4919877ab55c3:1:2307787128
859,B,459,-0.000996932853013277,0.8328242897987366,-0.009354714304208755,1.1777015924453735,1024,512,-0.009354714304208755,1.1777015924453735,stage1_rows,512,0,0.006774747744202614,0.03921673574950546,0.001964520659385016,0.34692889228463175,0.313795744033996,78528b3ac2fb6b0806a3e5f6880e4cdc:0:0,11e0ac167ec4c1982c2b731f21575d60:0:0,66ff29546ba6508fc48d4b5eabe704f8:0:0,1922709243956504a070f249382d3e4d:0:652560907,d1bc5626fda12588eaeaa40cd6a32215:1:1864540848
860,B,460,-0.04876261204481125,0.8405095338821411,-0.11161336302757263,1.1852935552597046,1024,512,-0.11161336302757263,1.1852935552597046,stage1_rows,512,0,0.009266722947359085,0.06244224841939285,0.0025279663375840757,0.3519029326736927,0.31263057998148724,15f46b0787fd74ff9bdab782ff4c24dc:0:0,b860f2835768ad2d046a0228e85b8900:0:0,6388b0a0340044380eccd77b7c0f8a89:0:0,1b96aae1cf0361da072d9d7f77b2854d:0:1551035614,f1fff3db1ab3f06b5051f67972fb63ee:1:450910758
861,B,461,0.023614803329110146,0.8402082920074463,0.05442103371024132,1.1874017715454102,1024,512,0.05442103371024132,1.1874017715454102,stage1_rows,512,0,0.005863488651812077,0.049101394799072294,0.0010493666166439652,0.35279746651649474,0.3140441380091943,8fd1774a8418e562cf5a33680b89fcdc:0:0,1b07a594636cdc08e9ab905ed45d0eaf:0:0,c007227dd94208f4b61049c90bb88e94:0:0,cf52d6f917f129c053e2a1f2785bcc4d:0:249654773,ba0ea0b300f776cb302295dcb9711c30:1:3586057753
862,B,462,-0.018976863473653793,0.8098198175430298,-0.043880730867385864,1.144679069519043,1024,512,-0.043880730867385864,1.144679069519043,stage1_rows,512,0,0.012756473384797573,0.0861641381168738,0.0018076649401336908,0.32775682136416434,0.3148014980251901,49e634ff1ec6169428b69d05acc7d4dc:0:0,79794926c280c0e80f9dc23741133556:0:0,4d305bd38ca4fbade7f827b1fb091837:0:0,8c281be89a3b1d9d947421b4aa29134d:0:2248294874,e09524d89f813e33dc1e49ea14318d4b:0:2339189387
863,B,463,0.023396693170070648,0.8674761056900024,0.044319599866867065,1.2264081239700317,1024,512,0.044319599866867065,1.2264081239700317,stage1_rows,512,0,0.0005580922588706017,0.019761093345005067,0.0009515397614450194,0.3762461945414543,0.314660118019674,6889a9ebd6eb80c8105837bbe305acdc:0:0,eff3c7631c2196889157a23abb291696:0:0,b5aad0d6f913a3805cde3e74cc84c25e:0:0,a8ef32ad1966e8f63c4bd9187d1a5a4d:0:3982040876,f504a0b56c5ce97d2765a8fe9d395ccb:0:2466792031
864,B,464,-0.08295903354883194,0.8185650706291199,-0.15103021264076233,1.1535742282867432,1024,512,-0.15103021264076233,1.1535742282867432,stage1_rows,512,0,0.0007957200286909938,0.04892590600065887,-0.0006814419568399899,0.334076339751482,0.31311840703710914,b840cc7a59803e424f7b46eaae4384dc:0:0,5160a29a5b09a491d7533856632e58ac:0:0,a98d3796203256ca421709029ee9db14:0:0,600abaad36f38152bd601eb0612fa14d:0:3693092829,f891afadcbbdb52e9ddbd5a46e9c23f2:1:2502551590
865,B,465,0.0658092349767685,0.8382540941238403,0.1386765092611313,1.1809403896331787,1024,512,0.1386765092611313,1.1809403896331787,stage1_rows,512,0,0.00260428199544549,0.03507230650866404,-0.0013751232298091054,0.34969696775078773,0.3146380329853855,9af04d522aebdf9390300df20e815cdc:0:0,952f28946b96720c1a48cabf3c696b9a:0:0,3b2ad8e4f56e1d6d2a58286e8deba8dd:0:0,5818ba8b31da7f27453ae34ec668e84d:0:3395135604,390e2892ec439fd7673133b56b34b89d:0:2636740860
866,B,466,-0.02365592122077942,0.8188501596450806,-0.03372526913881302,1.1579179763793945,1024,512,-0.03372526913881302,1.1579179763793945,stage1_rows,512,0,0.0019569415599107742,0.001516261778306216,-0.0007735729217529297,0.3353636011481285,0.3187389739905484,0aee4deb99238fd6dd5ad03203bf34dc:0:0,52966e42233b43e53755126d0743e7d1:0:0,c3e0847dc019cce501f433e0c93dcfce:0:0,0e1436e314599ead9e00b2061cc62f4d:0:302157980,ef42b6667db0a100896b2034d1480f38:0:3308440149
867,B,467,0.009667101316154003,0.8299297094345093,0.028823871165513992,1.1733348369598389,1024,512,0.028823871165513992,1.1733348369598389,stage1_rows,512,0,0.005717483349144459,0.03168480871245265,-0.00022589266300201415,0.3444019302725792,0.31219966703793034,68327490ac8488ef22b3d10a8dfd0cdc:0:0,efdeaf1231fb26d2f84287527183bfbf:0:0,8de8a06b3c518c324fabe5c22565d722:0:0,59fdce29b8c577213377b028d447764d:0:134590890,0533a457c999e55b7707fc1fc6e6fba7:1:958016548
868,B,468,-0.00434269942343235,0.8119982481002808,-0.000422431156039238,1.1482782363891602,1024,512,-0.000422431156039238,1.1482782363891602,stage1_rows,512,0,0.0009639081545174122,0.05614913972094655,-0.0010144099942408502,0.32974898293614385,0.31257806200301275,3177ab81cd6bd7c4acc753dbad3ae4dc:0:0,ffc1d9aa7643e4fc971d45432820c053:0:0,6f54e6dfe7948d413a1bfb062cd6835d:0:0,5f726b99f8d0b6cd3c0e9d495cecbd4d:0:2014773446,0a5448c6dfa0a9537bae3e557c60dfc8:1:3699285412
869,B,469,-0.0008795280009508133,0.8387418985366821,-0.00014520436525344849,1.1861352920532227,1024,512,-0.00014520436525344849,1.1861352920532227,stage1_rows,512,0,0.0036711515858769417,0.04926382347475737,-0.001503513811621815,0.35181609988212587,0.3132266150205396,028fb633d48b7082a8f59c056178bcdc:0:0,2a0de9beddd7bec1d3e9f15070c6ec1f:0:0,0a33dd71681dae7604f07a7e8841ecb8:0:0,49b5e6170c5d725d05e3d33a26b6044d:0:3716420373,be3664b86105c5bd271cab0ab71be7b3:0:2674240572
870,B,470,-0.013717595487833023,0.8266775608062744,-0.02229376509785652,1.169001579284668,1024,512,-0.02229376509785652,1.169001579284668,stage1_rows,512,0,0.008662663400173187,0.04724885106552392,0.00277064070396591,0.34178504198789594,0.31309843400958925,326da4dd3bfc92d4a572ece7aab694dc:0:0,2882c44073a910ba024bf0c8b1a02d49:0:0,c8d49cd7c69d3cef7c041c2962f102ff:0:0,1283b649959855de67cc460da1a34b4d:0:928317188,cd66bf9c2f9bb59dcd42fe6458d2bfc2:0:2285833961
871,B,471,0.003907039761543274,0.84129798412323,0.0035527460277080536,1.1897534132003784,1024,512,0.0035527460277080536,1.1897534132003784,stage1_rows,512,0,0.0013557925121858716,0.03187166263815015,0.0016759400634327904,0.3541160851716995,0.31224005203694105,36890bc8270f7e24114789e288f46cdc:0:0,da560ec130dd282b4cc509d35c6e05b1:0:0,532dea9ea2a19acf9f725570e4e8249f:0:0,dd1b3c2417c7c5e6565a84163db4924d:0:2205181012,c5099bb61a09dcf4d0104894e4d6f394:0:3918626671
872,B,472,0.008432219736278057,0.850272536277771,0.008517073467373848,1.2024123668670654,1024,512,0.008517073467373848,1.2024123668670654,stage1_rows,512,0,0.0005977757973596454,0.06755525239277631,-0.0013964989339001477,0.36155553385615347,0.3138647850137204,8630c11ef6d875d5bc4fb655fc3244dc:0:0,d9d5d496e73776bd25280d7a3b91ba6d:0:0,844e36e772efe16a1d29aab73519b1f5:0:0,332b228f9ce33f479ce5b5e66ae9d94d:0:1621818601,94aa12abca9d97f4dc13517eff297492:0:2846730011
873,B,473,0.009873396717011929,0.8364443182945251,0.003136180341243744,1.1828361749649048,1024,512,0.003136180341243744,1.1828361749649048,stage1_rows,512,0,0.004371950402855873,0.07281020996160806,0.0010698859929107129,0.34996417015790937,0.3124101950088516,1730c129217a1587573bb5a204701cdc:0:0,c04da8d94756ad5c7632f5efda54d711:0:0,6c483d39864616427e7e82aa065df967:0:0,f07693661bb183cbba909e509943204d:0:2925581160,794c895672c4502e224c6cc85bd4ca11:1:2755815677
874,B,474,0.0049344636499881744,0.8493090867996216,0.004611724987626076,1.2010698318481445,1024,512,0.004611724987626076,1.2010698318481445,stage1_rows,512,0,0.008379868231713772,0.05271105046849698,-0.0006188930582538887,0.36077834442257883,0.31258499901741743,b5d3b62e022cf54cf38fcb26a1adf4dc:0:0,03b03a73cc6df43f02e440de9a086575:0:0,aab71ecba7b86eda0166f5538f9d8898:0:0,10d7d139c4d6625de3509a6738c0674d:0:255358133,a30a6a6d2802f9904b0fbb3f9102e6c0:0:1387855903
875,B,475,0.0015709511935710907,0.8234081268310547,0.013323906809091568,1.1643301248550415,1024,512,0.013323906809091568,1.1643301248550415,stage1_rows,512,0,0.004422930534929037,0.07414475132245571,0.0030190370671334676,0.33901663944125177,0.3149925220059231,6cc57e7358049dee83a43a43d3ebccdc:0:0,d77e8859d4e163f4c04a84362dbc24f0:0:0,45ec816ee69d7907d153b7af5e138d76:0:0,b4f192dab8e3291824f4a17cb961ae4d:0:2637171732,7d4e2e713162df67c90376134443dad2:1:3930196843
876,B,476,-0.009480791166424751,0.8095594644546509,-0.02516871690750122,1.1446568965911865,1024,512,-0.02516871690750122,1.1446568965911865,stage1_rows,512,0,0.0013934444868937135,0.048199811833910644,-0.00023103798739612102,0.32767070531845094,0.3127576760016382,edb0e80d2971cd255aa546599b29a4dc:0:0,def243212bf7821d5b8319740ca21fb3:0:0,1f00651d448bdd631656a1bec4c8f4a6:0:0,bed0b93bcc270fa2b02c45238b26f54d:0:4163931651,726dbb456f38d5e26b49fc5d5b3416a9:1:1087124657
877,B,477,-0.026070604100823402,0.8311319351196289,-0.05265765264630318,1.1747735738754272,1024,512,-0.05265765264630318,1.1747735738754272,stage1_rows,512,0,0.0011727153323590755,0.08689695200882852,-0.00044248337217140944,0.3453106861561537,0.3134853310184553,719fb774c28209d9ac9332c7f7677cdc:0:0,06fd434057e5c1815138487f20aa31bd:0:0,f658b2ec28bea0561f24b98e786d0055:0:0,ad9aae66e6a72855458eb12e1e103c4d:0:3911128802,356c3c6119613c7057ab1015e2d211e3:1:1822103097
878,B,478,0.05509922653436661,0.8416918516159058,0.11649388819932938,1.1871310472488403,1024,512,0.11649388819932938,1.1871310472488403,stage1_rows,512,0,0.008744889870285988,0.03361077425070107,0.0016617161702015438,0.3530301503837109,0.3141540930373594,d828eb1c83dc88600e4242eee8a554dc:0:0,f65a750cd44be915ffb2913363f0505c:0:0,0cff7305359db108512f2daa8270e34c:0:0,ff5c5ec63f4fa68ac6a1abaee21d834d:0:1945889489,7398b03a5e491ef45b4d473866346190:1:2279077442
879,B,479,-0.042485564947128296,0.8438405990600586,-0.0895213782787323,1.1914883852005005,1024,512,-0.0895213782787323,1.1914883852005005,stage1_rows,512,0,0.00020688760560005903,0.09096049043582752,-0.0047021180740557614,0.35527078062295914,0.30832623498281464,e6560b76387c5eb6f55aba2e6ee32cdc:0:0,f323d7d98f84ab15d9820d1ea7646ecc:0:0,e7378bc21b2e01e415531989afbc9ab0:0:0,0a1f3045291a8896eae094f8474eca4d:0:4164938031,73691f62c28f5d0ba78fce2b4f201803:0:3673444493
880,B,480,0.029485391452908516,0.8307122588157654,0.06574378162622452,1.1736559867858887,1024,512,0.06574378162622452,1.1736559867858887,stage1_rows,512,0,0.0028610406443476677,0.0172069028718397,0.0023755929432809353,0.34468660056591033,0.3117055809707381,69dd3421a82808c43858dbe68a2104dc:0:0,3dedcf982b913febc2a05d2a0fabceba:0:0,9e2e56924324e99172a86007b3f34c09:0:0,ea9befd56791f3ce18c3679cbda4114d:0:2518815350,f7e3eef62b030faa45c03f73368480d7:1:2434698280
881,B,481,0.01545820850878954,0.8751704096794128,0.03787956014275551,1.237245798110962,1024,512,0.03787956014275551,1.237245798110962,stage1_rows,512,0,0.008517613634467125,0.07088168623158708,0.000890509388409555,0.3828530117869377,0.31080585496965796,b2da60391ca63c928e8ceb773a5edcdc:0:0,219c3c776d4d206955324ef50d73e745:0:0,11431b5d2574bb061b3e97e06db3cec5:0:0,d38928e105bed10f62c5b86eb51d584d:0:3372808970,f9144502a4568978d662c5c644fd791f:0:3185181459
882,B,482,-0.05666528642177582,0.8477072715759277,-0.11437492072582245,1.196028232574463,1024,512,-0.11437492072582245,1.196028232574463,stage1_rows,512,0,0.00536060705780983,0.04282282395288348,8.944371074903756e-05,0.3583389736711979,0.30937156098661944,4d9760f18fb00e8f101b2c407f9cb4dc:0:0,f7b170cbc2011fa38ed3538c6449e22d:0:0,3a9ee78376105f7a774b3253785cfeb5:0:0,6e76ee40773e7840a86db6809dba9f4d:0:1352458680,2fa6df0d30bbdd72b674c4f7b85a141a:0:756234819
883,B,483,0.011667337268590927,0.8203664422035217,0.01859680749475956,1.160088062286377,1024,512,0.01859680749475956,1.160088062286377,stage1_rows,512,0,0.00035154097713530064,0.024864986073225737,0.0002145189770089928,0.3365366593003273,0.3092693539801985,272ec30437a065c6b5fbe1a259da8cdc:0:0,d8bc91faf9df1302bb691ad6c43297b2:0:0,2ec37dc6239abeed290cb6a7475252ce:0:0,50146c955ee4792cdb532b24e77be64d:0:4193654964,71652cc9f51037f07356ea0e633c330e:1:1656770528
884,B,484,0.0724727138876915,0.8724460005760193,0.14816448092460632,1.2291502952575684,1024,512,0.14816448092460632,1.2291502952575684,stage1_rows,512,0,9.283376857638359e-05,0.08962604436092078,0.005215114145539701,0.3789854675531387,0.3155635169823654,52eac49728e0c023d9fb4efcc91864dc:0:0,6f5c58cfbda1e3d2ee695e1d70308ba6:0:0,41ba8e337999ba9c9129990a0613e697:0:0,214cbd8fb0f7d034682679ee02612d4d:0:2034854596,fb0ceed1fa340652cc352d7690f81448:1:3706130077
885,B,485,-0.0417373925447464,0.8358307480812073,-0.08105199038982391,1.180712342262268,1024,512,-0.08105199038982391,1.180712342262268,stage1_rows,512,0,0.00287982658483088,0.009597817691974342,-0.00040416111005470157,0.3489627167582512,0.314182480040472,7b2e5a9ac21346abb6b9b7afcd563cdc:0:0,c4cb7986e101b5adbdb9bc2585739988:0:0,ea7be0922e71dbc9f9cfc59873045d61:0:0,5cdbe5c908c5153fc3b7a0ae5e6a744d:0:1589830974,dbc330c0a6a5d6e193f54c13877cd6c0:0:3656600711
886,B,486,-0.008338214829564095,0.8421698212623596,-0.019154371693730354,1.1908808946609497,1024,512,-0.019154371693730354,1.1908808946609497,stage1_rows,512,0,0.0008944881847128272,0.05561854504048824,0.00196066265416448,0.3546526446938515,0.3158230360131711,a77b21d198fa31bbe7ab5f1b669414dc:0:0,940293166f3da53e68227b8b4a9426f8:0:0,fce3c9bccac689ca47dae18f52bcd32f:0:0,54589eacf1e973641bfd37786b97bb4d:0:4131474045,955f02b1112c22bdce98238e081706ce:0:4173977891
887,B,487,0.00365206366404891,0.8351144194602966,0.0022952542640268803,1.1810064315795898,1024,512,0.0022952542640268803,1.1810064315795898,stage1_rows,512,0,0.003217407502233982,0.07602126707788556,0.002365132636623457,0.34876725599169733,0.3104496040032245,69c3f4f89e1c7d47e918889f94d1ecdc:0:0,118ee50f972e200b84447b3c50b9084d:0:0,39d59ed174d456663445e812bfed0b9f:0:0,ef83ee78956477aa2d1b709e99e9024d:0:1393810625,8ca51c4b18841ecd1974d9390de95d9b:0:1118677098
888,B,488,-0.025020748376846313,0.8366817831993103,-0.05080828815698624,1.1826621294021606,1024,512,-0.05080828815698624,1.1826621294021606,stage1_rows,512,0,0.0009983399650081992,0.09407512653851882,0.0012459606892662122,0.3498511292040348,0.3114391060080379,b7b0bec52d27ed16981d779c580fc4dc:0:0,d6b8f00b29bb94d2967a2c21e3deedb6:0:0,56a3f79b2814413522a38ca8669e6c38:0:0,b7576cdcb12905673a6b18b3595e494d:0:2743026618,26a24a9867ea1e78a90cdb2bf2f4fa13:1:902289224
889,B,489,0.0071721915155649185,0.7951556444168091,0.011106587946414948,1.1244874000549316,1024,512,0.011106587946414948,1.1244874000549316,stage1_rows,512,0,0.003949548117816448,0.11261871614260599,0.004404224979225546,0.3162149164825678,0.3120244549936615,b0c4fbaec01060ffb2aa6f71b04d9cdc:0:0,6c34bb6005f12e8fd0dbe528f7a141a1:0:0,dbaa26e57ed6c5a76a1b0dc4d34cb371:0:0,836bae5dfe8ffe982b80968919f7904d:0:3883429589,9262109a23e084ddc3840389ce6dcdfb:0:1054397586
890,B,490,0.030290821567177773,0.8357345461845398,0.06817374378442764,1.1806695461273193,1024,512,0.06817374378442764,1.1806695461273193,stage1_rows,512,0,0.009055796079337597,0.09660158455371856,0.005610974565206562,0.34895647689700127,0.31144158297684044,587f3cb9faec79295783b37f9d8b74dc:0:0,69bea3f30e1f70dd43c49e902739c995:0:0,860a5ffebf35f214234c4a7705ffb261:0:0,63195e5630b96eaecd32eb324bb4d74d:0:230286254,a8622c0b0c262a10b479ce7dd244ca1e:1:2646055096
891,B,491,-0.0105139696970582,0.8361498117446899,-0.01917189359664917,1.1824105978012085,1024,512,-0.01917189359664917,1.1824105978012085,stage1_rows,512,0,0.008473067544400692,0.09887856775894761,0.0045112342457287015,0.34968207627534864,0.3114815470180474,db84d9bac68f8a45864187261fc94cdc:0:0,beb2d1bc58a36fbff19128d4768fc2c7:0:0,58fd69b76195a7115c6a1a1c43a82980:0:0,3d2332967f93464136a2b2015e961e4d:0:2954368771,f7f602f1b18ea9007fecaf4969a38a0a:0:1087729094
892,B,492,0.003072290914133191,0.8402925133705139,0.018070612102746964,1.1881312131881714,1024,512,0.018070612102746964,1.1881312131881714,stage1_rows,512,0,0.0019429965177550912,0.030826191359665245,-0.0021725848491769284,0.35308967679739,0.3113223149557598,50c1dec32fe0e1cf9f502dc5370724dc:0:0,f05ae0ad62d7eedbf2a9b2845b62649a:0:0,eb73bf7b72c1d00437da93194337c4ec:0:0,45c9af4846e6f60b52412088c29b654d:0:3382905796,fb904a3544278cb2f7954108f46b5731:1:806628598
893,B,493,-0.0025531090795993805,0.8299128413200378,-0.012565312907099724,1.1735721826553345,1024,512,-0.012565312907099724,1.1735721826553345,stage1_rows,512,0,2.9470305889844894e-05,0.0617676175897941,0.0008139859419316053,0.3444536529481411,0.3112748429994099,0b121db4c1f05a49e3efeabce344fcdc:0:0,f8bb0bf50bf3293e053d87005cec496e:0:0,6a3fca2ed6ff1a4d5898424cefba94ce:0:0,b732a8e49a7977b28ad7069ae7c4ac4d:0:1945365998,aa44c0ad4c9d7a2fea54395376ac11d6:0:2140048474
894,B,494,-0.013512201607227325,0.7925546169281006,-0.03560416400432587,1.1203736066818237,1024,512,-0.03560416400432587,1.1203736066818237,stage1_rows,512,0,0.0047946348786354065,0.135732898209244,0.007139773739618249,0.31401674300432203,0.3112503289594315,7d8d2a2a10c83f7af635016d2482d4dc:0:0,a42449dec1d2d460a49274158bb4be6d:0:0,4555f7ec74e24d48b9c7824951784c95:0:0,86e7081cd0f392bb9c8bce4a3e11f34d:0:2003906811,e2d69ab2461880f9be5d9b471fa2ec30:0:2332161369
895,B,495,0.008922997862100601,0.8408738374710083,0.016688000410795212,1.18907630443573,1024,512,0.016688000410795212,1.18907630443573,stage1_rows,512,0,0.0002914522774517536,0.06458797350060194,-0.0005972062528599054,0.35365710631012914,0.3113359850249253,6bebe32e2afc82ab5907b535fac0acdc:0:0,965a0cdd7860fe8b4eedf2ff477b05a6:0:0,bacd23ebc8d5081e2281cf0a98a56b09:0:0,b3756b77eef26c2289ec7be935833a4d:0:166573845,0a64009c2070cbc1337619ffbf26feb3:0:2386855512
896,B,496,0.0007292572408914566,0.8613666892051697,0.007154950872063637,1.2180871963500977,1024,512,0.007154950872063637,1.2180871963500977,stage1_rows,512,0,0.005334240384399891,0.03175107892602682,0.0010223029647022485,0.3710512526333332,0.3113791949581355,a1b30b77a7f73ee2f024497765fe84dc:0:0,b9ed9ccdb6454dc6f2bdbaad4ee83d99:0:0,336bdfcc2b04734b801bee32ad94a01a:0:0,b2b62f5f8a4aaf04b4f2ae0a3e18814d:0:358303010,c9ed637837ddf0e9043b12fbe6e09c05:0:2623599695
897,B,497,-0.002261543646454811,0.7959781289100647,-0.01792418584227562,1.1254441738128662,1024,512,-0.01792418584227562,1.1254441738128662,stage1_rows,512,0,0.005495274905115366,0.0128677882370539,0.0021175603091251106,0.3167675584554672,0.3111387570388615,b5db4e1d09028d26801b0191663c5cdc:0:0,2551b78fc7d722e3092c5c525f346401:0:0,415a11ec86b5b625bf921c1ab5963afb:0:0,a6b5ea7e3332dccd1c0b9d7fc7d1c84d:0:2163896714,4079f8c3179bd97bc0ddb2949f969308:0:1249083556
898,B,498,0.06352803856134415,0.863798975944519,0.14039446413516998,1.2167247533798218,1024,512,0.14039446413516998,1.2167247533798218,stage1_rows,512,0,0.0018433168297633529,0.06460673166438938,0.00315950088261161,0.3712315738201141,0.3114876770414412,7593eaf8230fa8b52e5020e3fb7a34dc:0:0,a64ba6caaa64210be6fb2ec6012eee1e:0:0,52aa781319050d4980b0c7454bf320de:0:0,d171bccdadb39352bb1f1d5c42af0f4d:0:3927514865,0e02c37f49d60d6761c51c082eade4cb:0:2381904878
899,B,499,-0.0323113277554512,0.8591383099555969,-0.06298583745956421,1.214151382446289,1024,512,-0.06298583745956421,1.214151382446289,stage1_rows,512,0,0.006297070998698473,0.02418050947599113,-0.0003670434234663844,0.36878997310996053,0.3114327389630489,6f7a232e473b634600fbeacf25b80cdc:0:0,399f50e6bff739c308efb89a935f3208:0:0,4498acc84401a9d5e284ba7932505d97:0:0,e6a28ea84966d75910969af21eb0564d:0:436874539,26a28f1fe26d1f56fa6208ea23c9453c:0:896426051
900,B,500,-0.019571535289287567,0.8429580926895142,-0.04212518036365509,1.191680669784546,1024,512,-0.04212518036365509,1.191680669784546,stage1_rows,512,0,0.0013927917461842299,0.014508129435125739,0.0005632257787510752,0.3552318006753922,0.31700849696062505,c1345b92e00fe9455f2aa2b2e4f5e4dc:0:0,b9fe580f9dccb4430b92de90c0c33b2b:0:0,05b5e8885fdc0c6882378e0c48da9fd0:0:0,cd299dc27039b1e2c6641dd3cbd59d4d:0:2952935293,ceb55f28938b7b6639b5bbb4006b9efd:0:479433340
901,B,501,-0.017818624153733253,0.805824875831604,-0.04479562118649483,1.1389403343200684,1024,512,-0.04479562118649483,1.1389403343200684,stage1_rows,512,0,0.0006809639744460583,0.02302014345768839,0.0007828330853953958,0.32444506213068963,0.3139804020174779,bbccc7da3983d61290bc8bef3933bcdc:0:0,446e5de287a166c8a8898af0f3b23dff:0:0,c0f37a7d1d8db2d7d6e895e12b64b0f0:0:0,25ebfb44168daec67f0947d3ba1ee44d:0:1168994654,c0e3d78fd13c81233fab204d4a8f3c27:1:4156726195
902,B,502,-0.03433098644018173,0.7850532531738281,-0.07093945890665054,1.1090034246444702,1024,512,-0.07093945890665054,1.1090034246444702,stage1_rows,512,0,0.0029250376392155886,0.03278579240432009,0.0011542179796379059,0.30776897966861727,0.3137619700282812,2f6c4ed229b6983d3e65e9e4227194dc:0:0,eed58e6f38ebe8cee9a07f2d80860d3e:0:0,cc4ade53f3f27639bfaf33d1c77dd0ff:0:0,d538db710fc20af5c69e5504598c2b4d:0:879995570,46b6348922b756abc6ff00f41c3220f0:0:3140337700
903,B,503,0.04636073857545853,0.8302815556526184,0.09480758011341095,1.1721620559692383,1024,512,0.09480758011341095,1.1721620559692383,stage1_rows,512,0,0.007126756012439728,0.06921143662184477,-0.0006239835027372464,0.3439741559326649,0.3122270129970275,35333516506a25c2f1aefff1a0af6cdc:0:0,c7a4e1c2dd2aaacf6336bde5100d24b3:0:0,a7ddafd833548f5292e20ca2e1d86d6f:0:0,2c2f2f8f69d6a0e627d91bb81a1d724d:0:1432452806,4b8d49cac778524cac5d36479c94d468:1:562641396
904,B,504,-0.01732161082327366,0.8125132918357849,-0.04127679765224457,1.148535132408142,1024,512,-0.04127679765224457,1.148535132408142,stage1_rows,512,0,0.006486666854470968,0.09121822335291654,-0.004276255652075634,0.3299505300819874,0.31073761300649494,1de1f8f5a33a004c94f41177b3ed44dc:0:0,36ceb60f55bc30eba4b7a8ca19883100:0:0,a58d0242b3a0d64c8ca04cd2bf0a404c:0:0,3dfbc927d984e18c65140c816bd2b94d:0:2978132447,8a72a3c08a7f24e9b10075a3df34666a:0:3578974368
905,B,505,0.016909606754779816,0.8219078779220581,0.03630760312080383,1.162003517150879,1024,512,0.03630760312080383,1.162003517150879,stage1_rows,512,0,0.0014629776123911142,0.02115306695923209,0.0011145988130010665,0.33770680949091914,0.31249299400951713,c5d1a77efc8f896bf36561d65c2b1cdc:0:0,c9dc5d5da86e0b58d0af8f73f8859737:0:0,dc9457812adb02d948716f1e7bd76a4f:0:0,f7867d79edd56859d5553232beac004d:0:379222618,2f551a1d500d1bd882a90748e4191822:0:2136326019
906,B,506,0.004735919181257486,0.8611467480659485,0.005775008350610733,1.2178202867507935,1024,512,0.005775008350610733,1.2178202867507935,stage1_rows,512,0,0.007702844217419624,0.08720340302679688,-0.0009057425777427852,0.37102352306246755,0.31155060697346926,f25fcfea6353a6d93907346d9968f4dc:0:0,b637532e61c8b1e1e91a904c0cf8c255:0:0,1d0da685455be2f3b62d344c0ba9df28:0:0,79111c3036e2f8abe55531de82a9474d:0:3509518234,41d35b8fb92455f1866da291fd34021c:0:1475200958
907,B,507,-0.0011055332142859697,0.8151911497116089,0.007721463683992624,1.1527563333511353,1024,512,0.007721463683992624,1.1527563333511353,stage1_rows,512,0,0.0007582504767924547,0.023935764236375688,0.001457717822631821,0.3323249965906143,0.31191639200551435,8a6f17d4c15db6b072b1cc9d6ba6ccdc:0:0,18f503b9dcec89e1f4c559c3cf6647ba:0:0,be1bfed13b0e00fbfc65c082a89c5486:0:0,a807b02bc725f31dbc864ad727ca8e4d:0:3208133599,44995ba564e57177712371f13bb365fa:1:172399325
908,B,508,0.030122265219688416,0.8427301645278931,0.05506201088428497,1.1912519931793213,1024,512,0.05506201088428497,1.1912519931793213,stage1_rows,512,0,0.006507848855108023,0.09756640659179538,-0.0054643570052576255,0.3550096906721592,0.31194667203817517,72f25003be9fd3af0e116dc5d2e4a4dc:0:0,b9c8d5d59c7129cf640740e65ad1be71:0:0,3a5892850ba6b45933ff52e6787c7d91:0:0,4b79ffc6794d912c061b56af1e0fd54d:0:2434290520,2aa2ac419827496055a04a49b87d9b19:0:2657075385
909,B,509,-0.04273265600204468,0.844770073890686,-0.09948466718196869,1.1919667720794678,1024,512,-0.09948466718196869,1.1919667720794678,stage1_rows,512,0,0.0010942983208224177,0.09074554746039212,-0.004831371168802434,0.35575277358293533,0.31166659796144813,99a4c6a77710697159a65b46cf227cdc:0:0,5933cd3c33101f0a3405c08a50111dd9:0:0,4e84999224c787272e1d0947daef6481:0:0,01609e542e56759ade0ec938d5791c4d:0:3748550508,81a6c11ecf2329248b725b920aa7a7c1:1:3313798885
910,B,510,0.05862211808562279,0.8406177759170532,0.11147738993167877,1.1864372491836548,1024,512,0.11147738993167877,1.1864372491836548,stage1_rows,512,0,0.001343299518339336,0.1053195412736386,0.00421406155146542,0.3525082401931286,0.3118024609866552,4317714fc15118b004c4d880606054dc:0:0,2567c9dc86ed703a2343d24ad24cc86e:0:0,51d6a884a5ccc388f0fe8b4eba395771:0:0,cc6c8e18c838600de229b086be06634d:0:2815676103,a8ec0781a1d83c93c7fb112f465013f3:0:2881085963
911,B,511,-0.016720756888389587,0.8449110388755798,-0.025585871189832687,1.194790005683899,1024,512,-0.025585871189832687,1.194790005683899,stage1_rows,512,0,0.006356413010507822,0.0472141977166757,0.000815659566433169,0.35703650414943694,0.3115817229845561,0617660abc12eb7d9f9528d2869e2cdc:0:0,9c5b0c3d88df7be30c00646e01711b23:0:0,494401a6275ab7012042d92ff5f49f64:0:0,8efa537efd2f1242670ab4eb47b7aa4d:0:3075675905,cd077b50b8df0ca06ee469f86dec336b:1:1649744550
912,B,512,0.005469793453812599,0.8119935989379883,0.002877604216337204,1.1482982635498047,1024,512,0.002877604216337204,1.1482982635498047,stage1_rows,512,0,0.0017802403308451176,0.04958215800579637,0.0016476071090437473,0.32974905893206596,0.310813978954684,fd26f8625837d9841b138f9d41dc04dc:0:0,4a79a943b2d7a6cfe77843457c648fef:0:0,32cf52b869cf39b22f3804c57feebe5b:0:0,be2dc33f3e4cb55bd12d18f8e28cf14d:0:3079649664,1c64b23fa59660e7057e096f850e2e79:0:1009923446
913,B,513,-0.029650451615452766,0.8159963488578796,-0.06172383204102516,1.153080701828003,1024,512,-0.06172383204102516,1.153080701828003,stage1_rows,512,0,0.00762915750965476,0.08838429606985301,-0.0054930719663389025,0.332719799131155,0.30980837100651115,9f4fac2e95b19c42491050409219dcdc:0:0,597ab7ebb20f4f950bdba63e55358624:0:0,b19422f1b4bf20026645aeb8ec0225dd:0:0,79da8879d1ae4db211efb981fe86384d:0:3164723197,c9419cd6bc3e2b3c9851b1cbaf1fb1b9:0:189220040
914,B,514,0.04369308799505234,0.8442671895027161,0.07605982571840286,1.1930676698684692,1024,512,0.07605982571840286,1.1930676698684692,stage1_rows,512,0,0.0019903485663235188,0.007767848763614893,0.0007160145411035046,0.3562054045498371,0.30947365099564195,63f80d72291dd3495c2fae1c7757b4dc:0:0,e336e77813dbf882879c88c9f775bdd2:0:0,3d29bf71c9d00cfec49344dedd66d77a:0:0,91d890afed550b92489c0d990ba37f4d:0:1852794701,58c4a1af258ba90e1797baaab3e817b1:1:2398813501
915,B,515,-0.001814831979572773,0.8199062347412109,-0.009496433660387993,1.1594436168670654,1024,512,-0.009496433660387993,1.1594436168670654,stage1_rows,512,0,0.0022573836613446474,0.08101874950807542,0.004263180453563109,0.33618641272187233,0.30994354595895857,d1a559b7401f787a67e9ec90f1958cdc:0:0,39a3490d644e4547284d8d0a50473221:0:0,313fc1158c3a4b9ebe2d9b3a0102056c:0:0,26afdd2913518761876d269079e4c64d:0:2521883005,9022a2fe4efb99f8e16a22717ebce303:1:4077156271
916,B,516,-0.03067803755402565,0.8350688815116882,-0.06056942045688629,1.1801904439926147,1024,512,-0.06056942045688629,1.1801904439926147,stage1_rows,512,0,0.01828121393918991,0.0367471890989691,0.0003372985538590001,0.34847729951143264,0.3103615840082057,dda5c4a21a75a443e08b4efe00d364dc:0:0,a83aaf5c3cb6f51eff1673901b189c8f:0:0,5fdb2e48d184d59dccf8ea35caff9759:0:0,4b23bed02a983791bc96affab94a0d4d:0:2394373613,a963161651e96913ddddf4e67c05544f:0:3154869007
917,B,517,0.08698282390832901,0.8472037315368652,0.16956819593906403,1.192391037940979,1024,512,0.16956819593906403,1.192391037940979,stage1_rows,512,0,0.0034171687439084053,0.09889980859588832,0.0020947219192748888,0.3569644644856453,0.3099788170075044,928cfeaf2dcfa1df1b3418c3a5113cdc:0:0,b23f19881c67a726113510ed4de5165e:0:0,7f4848487b31e385bfc1c869004ab83d:0:0,535bbe12d180aed8bf4befaa39d3544d:0:1068064449,607194553fb1f5526a363af5935b0cf3:0:3942228234
918,B,518,-0.061838820576667786,0.8679723143577576,-0.1284092217683792,1.223846673965454,1024,512,-0.1284092217683792,1.223846673965454,stage1_rows,512,0,0.008996089920401573,0.026961787836626172,0.0011711787570675368,0.37530613169074056,0.31062712299171835,cd3182528a5e538dcdd88d41de4f14dc:0:0,9acb8a3e9fd1c78fe995f0c93fc232e5:0:0,ed3546a8712a0972891cfaba860fb29b:0:0,410c56f12f9b711980c6c5b16b809b4d:0:3931423178,78838f1fd0517e4d3e12d21a5a1ba9a5:0:690708385
919,B,519,0.009587477892637253,0.8371515870094299,0.02606692910194397,1.1836602687835693,1024,512,0.02606692910194397,1.1836602687835693,stage1_rows,512,0,0.00192987360060215,0.10145721114240587,-0.005815318191889673,0.3503844402730465,0.3099950719624758,837608ee3622e6d78f40efd8ac8cecdc:0:0,045893ce36283487c124133f6c76d854:0:0,f1af4d1b007fdcd0af757826e9cb7ef5:0:0,8eb1a5591c346d6f614eac62be51e24d:0:1951183332,315f6c756edc08d386a2a2ec1ae6706e:1:2346418140
920,B,520,-0.02959463559091091,0.832783579826355,-0.06272031366825104,1.1767786741256714,1024,512,-0.06272031366825104,1.1767786741256714,stage1_rows,512,0,0.0016127245035022497,0.08118565168697386,0.000896912976168096,0.3465644747018814,0.3124386250274256,759f665534fad8c7570983e80fcac4dc:0:0,2b0c5a53fdf52445e10ce3944fc26936:0:0,db6273a617212fef8eaaa30566f8ae6c:0:0,7652f240c5826bcba93fb850a247294d:0:1042945078,53a3149855921e2844d34538e7f54e57:0:1963454839
921,B,521,0.020336957648396492,0.8501582741737366,0.04865586757659912,1.2016149759292603,1024,512,0.04865586757659912,1.2016149759292603,stage1_rows,512,0,0.00044830795377492905,0.056361452443525195,0.001143744952508996,0.361175949126482,0.3104948300169781,6243e6d0f3694a28fda28cd008089cdc:0:0,2680e32efa318fae7d29c756f383b622:0:0,4d5cc5db75731b0f71b4e2e69c01a7b9:0:0,c75309df222dfc952611984d8760704d:0:1221153446,b810b5d0b2ec651e05a22285ded7969f:1:1565896943
922,B,522,-0.00034647248685359955,0.8336060047149658,-0.00039194338023662567,1.1788688898086548,1024,512,-0.00039194338023662567,1.1788688898086548,stage1_rows,512,0,0.0010429492685943842,0.03495331418234855,-0.0015811450080946087,0.34764153361320493,0.31203504995210096,d60628deca1da3c6bc504df0954674dc:0:0,a3c572e7fce262501d5ed8ae1e472885:0:0,285d56b2c3b5e4a1bc500cc2b8705884:0:0,5f0411ff5b84b8b9eb5e956bdd9db74d:0:840952168,17d4bb05f5a5b83de4a2b20c35cb18b3:1:2006691912
923,B,523,0.04312438517808914,0.8582776188850403,0.06948167085647583,1.2131975889205933,1024,512,0.06948167085647583,1.2131975889205933,stage1_rows,512,0,0.000994706293568015,0.034458315535448494,-0.0010368489602115005,0.36827131658792495,0.31314734200714156,7b4a491b50378aa6ad2b0aa9b7844cdc:0:0,2f8016685ef6674b07dd3010dab6b97a:0:0,8a38d231f7de52f0e2717a6c2ae12786:0:0,df565fe40a57e0a337ea92fe14fefe4d:0:2040149053,95c526fd09ddcd84bf4885d94d3639c3:0:573005730
924,B,524,-0.025295021012425423,0.86250239610672,-0.04830619692802429,1.219300627708435,1024,512,-0.04830619692802429,1.219300627708435,stage1_rows,512,0,0.009214576333761215,0.17562723541632294,0.008318846081965602,0.3718454115092754,0.31473665102384984,62e91411324824484b1f065b6ec224dc:0:0,cd78a853893db6fc051a15b5e22bea53:0:0,2bebb0628a78fef6862cbfb7960d6e0c:0:0,185b22a3932fa87b7eaa0e969d84454d:0:3650864304,e7320e2395c419fdc33dce0180471255:0:132124938
925,B,525,0.04666312783956528,0.8651396632194519,0.09637781232595444,1.221454381942749,1024,512,0.09637781232595444,1.221454381942749,stage1_rows,512,0,0.0021319794468581676,0.13942075358936562,0.00599143286672188,0.37360393404960635,0.31805599201470613,1d91cee14410aae1f1ec8465bafffcdc:0:0,75839327189756918117e11c39ac200a:0:0,17a18101390c845472ba2c586231db38:0:0,95129c7c2826c03693c92007e72d8c4d:0:3732429411,8f1548ea56cce0c09872df9f3e4cefc2:1:2903507424
926,B,526,-0.03933501988649368,0.8432286977767944,-0.09093058109283447,1.1902471780776978,1024,512,-0.09093058109283447,1.1902471780776978,stage1_rows,512,0,0.001818939228542149,0.025670330948196353,0.0014394738420378417,0.35463751256465914,0.3179576480179094,a61004f982fe519e5e27c8289c3dd4dc:0:0,07a829c18ccb2c644738db84132c7101:0:0,8f14a8ff7b4eea75f864648ab1ea5fe5:0:0,6b418e77f76be5cbfdb2796461fad34d:0:2756551077,9050414dff25fbb0e0a31f244b761775:1:2605006540
927,B,527,-0.04058795049786568,0.8064258694648743,-0.07966265827417374,1.1390925645828247,1024,512,-0.07966265827417374,1.1390925645828247,stage1_rows,512,0,0.00032280234154313803,0.07540040909079834,0.003579348236780788,0.3247886460274458,0.3133004799601622,0f07a650bf6378da2d391504127bacdc:0:0,c2ca9472ef8b61297f28c3c6ecf94a1c:0:0,ef5a4b4ed1dcd4d94d89db56c66c2262:0:0,dcc448fcd51190136a1666fe7dec1a4d:0:2757494097,72a07723417891e0b139ceb3bfc56477:1:3957283196
928,B,528,0.03712986409664154,0.8555611968040466,0.07417697459459305,1.2087733745574951,1024,512,0.07417697459459305,1.2087733745574951,stage1_rows,512,0,0.0037446687929332256,0.02639344441704452,0.0010324817107175478,0.3656866684556007,0.31442888698074967,a2ee9edca26e32615d5cae581db984dc:0:0,d54f9a11747b67905bf909b7edaadcf3:0:0,156d9339942f17d049b311f0b9689e5e:0:0,c803dcb23d7e00b346f1cf68ab01614d:0:2230756767,32678a3eb54980f7b72a2e34865b0ac0:0:2742572250
929,B,529,0.006910559721291065,0.8743691444396973,0.026507174596190453,1.2362053394317627,1024,512,0.026507174596190453,1.2362053394317627,stage1_rows,512,0,0.0007918063784018159,0.024677715741563588,0.0020737766462843865,0.3822662755846977,0.23766017000889406,ab17ed37c6dc15accda2d784bdf75cdc:0:0,0d559ed56f90b7330abc68b6ed8ace2c:0:0,4fb2e8687675e8dc3567a42f85447515:0:0,8519eca8e3784b917f953375593aa84d:0:3709956590,09d3413427d2376f2ab34a677360982d:0:2295857876
930,B,530,-0.03967498987913132,0.8423212170600891,-0.07341375946998596,1.1902470588684082,1024,512,-0.07341375946998596,1.1902470588684082,stage1_rows,512,0,0.004873909987509251,0.045895136368926615,0.0007714515977568226,0.35444971174001694,0.310812484996859,62891bad9a6b641fbdefd3e9f33534dc:0:0,f1be8b7ebbdb2f02607c6ef8780664f2:0:0,bc9aa0ae8cc439e47861efd4712853b6:0:0,77a2d804197922365dabae36f897ef4d:0:259419097,0c927aeaa0157ef4ee535f40ca7ff078:1:2623022261
931,B,531,0.019133061170578003,0.8697772026062012,0.04134376719594002,1.2296243906021118,1024,512,0.04134376719594002,1.2296243906021118,stage1_rows,512,0,0.0010139270452782512,0.062287579907570036,-0.0008709494257345795,0.37819297835230825,0.31066277500940487,b30fdc21be097d454efbe6e7bd730cdc:0:0,074f3aebc27216df4686408833111f0f:0:0,f7d6ff04436ab6f881de3daa1a8fe322:0:0,8fd7f9b3499071918e41f4fff919364d:0:2517707003,2a29147f961b73cd0af451da852025a9:1:2567452497
932,B,532,-0.02385837398469448,0.83279949426651,-0.051949642598629,1.1770652532577515,1024,512,-0.051949642598629,1.1770652532577515,stage1_rows,512,0,4.685134626924992e-06,0.09932951611699536,0.004341375478543341,0.34654072001576425,0.304283540986944,3ea264889abea30e025353de1cb0e4dc:0:0,7871a4a1a3eb637e42dadad8b09106a3:0:0,d85fa57db35c14126b67f99f521d822e:0:0,8bf2ab3459db20914acd5762cabe7d4d:0:2765707127,39b9bc4302f153879cd926e38be81f80:1:807310722
933,B,533,0.05376555770635605,0.8461021184921265,0.11413257569074631,1.1934903860092163,1024,512,0.11413257569074631,1.1934903860092163,stage1_rows,512,0,0.003257754258811474,0.026990397064946593,0.00041538127698004246,0.3569184295833111,0.30418813205324113,e48206e6e1570e0d3a565e2d10eebcdc:0:0,f6ed288cdb3bb3959a8850253af9cf69:0:0,5053f142fd50dfa940d544fa7f9b9c28:0:0,38fd0f034d2e7dfba632bf31dd87c44d:0:3873078078,a11eeb310ad7d5713ce10535f1ca4905:0:83565980
934,B,534,-0.05367276072502136,0.8258680701255798,-0.11371055245399475,1.1648513078689575,1024,512,-0.11371055245399475,1.1648513078689575,stage1_rows,512,0,0.0035231048241257668,0.060059065942186865,0.0009953568951459602,0.3399654570966959,0.30679409799631685,68dc5d0daac951b6ba3949349a2c94dc:0:0,5089903d93676f526e3c5ec3bde84417:0:0,b5e4d157e24ecd8d1d496aa385f82014:0:0,fe925b6ba8492bf9fdcdb07fa1750b4d:0:113235496,e421697e5f4d41116e964ef0dc39e942:1:1536411457
935,B,535,0.029571034014225006,0.8438635468482971,0.061717696487903595,1.1925092935562134,1024,512,0.061717696487903595,1.1925092935562134,stage1_rows,512,0,0.0032543065026402473,0.029963149561081082,0.0015707116894191132,0.35581066757440566,0.30417459399905056,26c43d88ef5a109c26045854b86a6cdc:0:0,3d1db4d6afd5c96232685b58f51a3752:0:0,39a2474d1daf2a400a775b00ea6933e9:0:0,beead209238397c68e77499e8686524d:0:925846027,eeb206a0487d844f4a2593e02f684923:0:2465376268
936,B,536,-0.057343706488609314,0.8239644765853882,-0.10109307616949081,1.1635868549346924,1024,512,-0.10109307616949081,1.1635868549346924,stage1_rows,512,0,3.793428186327219e-05,0.06168595217168331,-0.0007442930596880615,0.3389916330575943,0.31034376902971417,bf508c760a7d00aa8293ceed6ba844dc:0:0,a4461211dfb7332f3ae00400423fae59:0:0,8ddb30756ec685bd4886818dbe38bb7a:0:0,9e37968af7a44bec2d8d4320fcbb994d:0:1410744229,db90a3316c9bb32d8dba95ffb720037b:0:2832939886
937,B,537,0.10046050697565079,0.835969090461731,0.20749346911907196,1.1724799871444702,1024,512,0.20749346911907196,1.1724799871444702,stage1_rows,512,0,0.0020276899449527264,0.07795857081655413,-0.006031536267983029,0.3459371842443943,0.31183136999607086,8d7bd83801733f67b597f05eb3e61cdc:0:0,e6e21ab61396ed34647959d808e809e6:0:0,6c30d7d45e8f1543edbccc2e436f710e:0:0,75627363a226ab8825f8efd97414e04d:0:2979159594,e36cbf07c8a5ce65ff1fe703b6ca53e8:1:1935148158
938,B,538,-0.05232729762792587,0.8474889993667603,-0.1066041961312294,1.1960026025772095,1024,512,-0.1066041961312294,1.1960026025772095,stage1_rows,512,0,0.0009143194183707237,0.11048518556635827,0.0050396840728353706,0.3583241946995258,0.31220245495205745,45048f3f42a6f630059500089123f4dc:0:0,61e826b7bd2bb9b68e4f8bdba3f2fabb:0:0,0613ad1d5bc14b4fe5c5fe22f6bbc3eb:0:0,e3e2001a51ece4fe39363cda5c92274d:0:3560751117,16684ffd3c2ec7b1776fc7e843def118:1:1258830912
939,B,539,-0.030247773975133896,0.815255880355835,-0.04783979430794716,1.152621865272522,1024,512,-0.04783979430794716,1.152621865272522,stage1_rows,512,0,7.610651664435863e-05,0.014176868635695427,-0.001418313040630892,0.33241031840443613,0.32247621996793896,8b0a795a93c44e7399e3414b0361ccdc:0:0,927ee34f636f47501c81907ed6dcd1f9:0:0,175620d4da18c20bfb4c45baaa282914:0:0,af6aae1749002a8ec45ab17626336e4d:0:3962431080,e9fb9cb141b54e67d905518e452b105d:1:1068715969
940,B,540,-0.012881036847829819,0.797062337398529,-0.02078375220298767,1.1271260976791382,1024,512,-0.02078375220298767,1.1271260976791382,stage1_rows,512,0,0.02233608067035675,0.04378159970510751,0.0009938768984284253,0.31772049628198146,0.3158791740424931,897afc46e48fb5f3faaef7860a9fa4dc:0:0,17a8e73d921dd72f89f7c2637ee8e4a5:0:0,880b61d764e1d7a390c4846f5f01849e:0:0,e3d2912562ac7f3f091c6f3f40f8b54d:0:3472759330,bdb4b3322a62805c2a76c2e6bbd2f606:0:3819512672
941,B,541,0.032219793647527695,0.826622486114502,0.06439884006977081,1.1680996417999268,1024,512,0.06439884006977081,1.1680996417999268,stage1_rows,512,0,0.02898077480494976,0.11698408101219684,0.0007111001061275602,0.34146285206079485,0.31834935903316364,7a8a9073bc79730190f86619a6dd7cdc:0:0,b38659c92b3d55bbccdcbf73923f7c48:0:0,16888dad8c47a28f0066ac35036276c6:0:0,18c44ba496efa6839ad932081ce1fc4d:0:973632998,75045036456b39dd215e3bf99d10544d:0:3285937282
942,B,542,0.012392777018249035,0.855510413646698,0.04566376656293869,1.2089354991912842,1024,512,0.04566376656293869,1.2089354991912842,stage1_rows,512,0,0.011968415230512619,0.05451127220876515,0.0002585348498541862,0.36561837419867516,0.31412062095478177,ef7ea831f8ee88b92693d065d81b54dc:0:0,47f415a22a6c6a4de9b7b668388f7951:0:0,23b30ef9e37ba6fc087a2b1c34705c73:0:0,f1abceafc4dd051cef9d4fe329ef434d:0:3815249102,d935f1b5e15177b90b2b903a2fc5a106:1:2038841146
943,B,543,-0.0229207631200552,0.8393990397453308,-0.05159663408994675,1.1863694190979004,1024,512,-0.05159663408994675,1.1863694190979004,stage1_rows,512,0,0.015577261336147785,0.03153258878737688,0.0034338198194745926,0.352079226821661,0.3143682189984247,25e828c29266eb41662979ca9e592cdc:0:0,5423185b72120bb7457f642819bee37c:0:0,e9cfc64951ecfd2b199259d93a735035:0:0,01367f6745428196152ab922d8208a4d:0:337430085,79c6d87def72f251bb32b78a17e9c644:1:3798782039
944,B,544,0.008037377148866653,0.8447990417480469,0.021450910717248917,1.194549798965454,1024,512,0.021450910717248917,1.194549798965454,stage1_rows,512,0,0.0037743570283055305,0.05666584648424759,0.0013284137763548642,0.35681879669427874,0.322195318993181,182371fb1e3104085b35a5a7f99704dc:0:0,75f43715c213a6bef7eb295407287169:0:0,9bfacfbff217b3b42791ea83a1499e28:0:0,38731f4dc584b2d589fff8599775d14d:0:2388837939,8ce98d866916a0bc8fe96bc2475c6664:1:2244565211
945,B,545,-0.012684458866715431,0.8263885378837585,-0.02261524274945259,1.1685829162597656,1024,512,-0.02261524274945259,1.1685829162597656,stage1_rows,512,0,0.005138546694070101,0.09893066320801154,-0.0013709476217627526,0.34154308438301084,0.3118980069993995,197fce75c2fa8600f208975de9d4dcdc:0:0,acdb707539625e32d379ffe1771fd474:0:0,2abde140c69de56f2b3ef78d9ec2522f:0:0,09025151b052eb303a5f3259d7ef184d:0:1289181378,3f93f74c4c0fd64b8540e4db269f1d17:0:2528736678
946,B,546,-0.005796648561954498,0.8571293354034424,-0.019871367141604424,1.2119756937026978,1024,512,-0.019871367141604424,1.2119756937026978,stage1_rows,512,0,0.007948217913508415,0.07844237580429762,-0.0004372409312054515,0.36737773194909096,0.31350867298897356,bbd50382561691e077c6924c6f12b4dc:0:0,4f0898ab3f3d015b8e7054ea62815fae:0:0,c6aa7d73da1ec7f5bebb829ce3fa73dd:0:0,c656f2def67dee6ea1552636098c5f4d:0:3933503480,02d4eddfdc55cc2753d101bf5137fe4d:0:1359342688
947,B,547,0.013555752113461494,0.8346384167671204,0.03342311829328537,1.1800047159194946,1024,512,0.03342311829328537,1.1800047159194946,stage1_rows,512,0,0.004009705036878586,0.025234567979350687,0.0003627020851126872,0.34826914966106415,0.32328668498666957,738a954e57812a5c1a67d9d389508cdc:0:0,8ea356104a3c2199173504553c98ba80:0:0,13ea4855ae7bc13d15ced579c4f02f0f:0:0,0800634f5de661340dc02d409c4da64d:0:1097864067,3467f8f0594819c4398f5ea29ec2d260:1:1562406725
948,B,548,-0.019344715401530266,0.801447868347168,-0.04077357426285744,1.1329838037490845,1024,512,-0.04077357426285744,1.1329838037490845,stage1_rows,512,0,0.011229638010263443,0.029246809100732206,0.00016177760699065402,0.32104933708906175,0.31382978800684214,f02930f9829ff86668b8b153388e64dc:0:0,bd008e5ceaf3c42b69b42af9b89c2888:0:0,616df406cae0c9a634925f351af613e5:0:0,04ad4f66972240380b573b0c0032ed4d:0:2281519669,935008763118d25e1247cad50f5153a2:1:870619167
949,B,549,-0.004091043956577778,0.8148974180221558,-0.003246815875172615,1.1524137258529663,1024,512,-0.003246815875172615,1.1524137258529663,stage1_rows,512,0,0.001513337716460228,0.06309593245387077,0.0035414811631198973,0.3321088433265686,0.328210876963567,6a7b8b8ca9c05f6cd2595c2b7ccc3cdc:0:0,97a0dc78f53372385f4ee0b5bdcc8028:0:0,b0ce13c1cb4b065358a837b476741c72:0:0,bd9b2d5f3c22edc1efb0dd6aa53c344d:0:3765121597,f41711f301f15beba6a0626a01485b8f:1:2512100552
950,B,550,0.028045643121004105,0.82504802942276,0.05770719051361084,1.1660261154174805,1024,512,0.05770719051361084,1.1660261154174805,stage1_rows,512,0,3.4295953810214996e-07,0.1069392703473568,-0.0006624707020819187,0.34017420262098313,0.3186404039734043,3e08e2089252e19527be1dbc560a14dc:0:0,15784a2f181c1522c623eae34a66d376:0:0,0e4125373400d5df43453489d94fcc7e:0:0,3d9f3b8a82cfa3d68b4a3c6efb697b4d:0:2973199786,ecd77d7a40115dae649e53fee1868ec6:1:153473172
951,B,551,0.03533827140927315,0.8197137117385864,0.0662207156419754,1.1583868265151978,1024,512,0.0662207156419754,1.1583868265151978,stage1_rows,512,0,0.004347424488514662,0.0185324921971187,0.0007561221020296216,0.335870947688818,0.32039430900476873,0250240287e3d3fb1a2f3965c447ecdc:0:0,8606535fd622ca1b5aa058aa476be8a9:0:0,b1d9f205b24aa2b064292d4f433b2eb7:0:0,f7cdeac9de325987fe8e1a6b72bac24d:0:1243579669,3f942eff782b28a53ec7bb6848564bff:0:3333685927
952,B,552,-0.040492620319128036,0.8375450372695923,-0.07648094743490219,1.1833380460739136,1024,512,-0.07648094743490219,1.1833380460739136,stage1_rows,512,0,0.00523274065926671,0.03654209389351308,-0.0016731872456148267,0.3504126377403736,0.31654909101780504,009faf845bd162edbbc8f287c785c4dc:0:0,f66559db605f6611a9692ebc315aea55:0:0,cb5276555565a83d7eeadfe8b05bf874:0:0,f4f3fa5bff7f69d7b2dbd3f27b30094d:0:826363212,df2a5a9bfb48b72ba37f54d09763f819:1:2854000344
953,B,553,-0.016770102083683014,0.8045014142990112,-0.0329861119389534,1.1374843120574951,1024,512,-0.0329861119389534,1.1374843120574951,stage1_rows,512,0,0.007176255341619253,0.01137193413451314,0.0016004067147150636,0.3236848905682564,0.3121317339828238,55b2622587bee62cff7b8c825fc39cdc:0:0,2bbe16a86d992bda0be2aad8a89d030f:0:0,9b6006e67f5b5d5849358f4c279fb2aa:0:0,deda6eb9a5ea8a9a778e5fd684c9504d:0:2825051714,de1ac34e289f50f4cc10572599af8d88:1:354998114
954,B,554,0.014554668217897415,0.8206762671470642,0.0365767739713192,1.1601585149765015,1024,512,0.0365767739713192,1.1601585149765015,stage1_rows,512,0,0.0019923292566090822,0.13019512151367962,-0.007934036493861641,0.3366608425974846,0.3234247760265134,4a5fa09328c58527390b4ab58d0174dc:0:0,92cc8b179affc1a65e3a43c6bade8cfa:0:0,88c5238de157f000b5ecd451ee102146:0:0,1677acb670e5e1cec3034f29ff86974d:0:514565916,5bfc4222243f599c2d99093c28e4b58f:1:1873825241
955,B,555,0.00696961022913456,0.8242638111114502,0.008740592747926712,1.1656584739685059,1024,512,0.008740592747926712,1.1656584739685059,stage1_rows,512,0,0.0069713047705590725,0.12718129670247436,0.003364251833409071,0.3398639276623726,0.3121974130044691,74a8d2fc89622b369d1070814f3f4cdc:0:0,cd1d6ccf1b8ca84d9187c864ff7794c8:0:0,f226607965f83cba5f5818f02a0b0766:0:0,ba527fea741247d517a1cd3f5b67de4d:0:3411328470,7e4f53532498f93cd3fe2d4922d5de2f:1:211439143
956,B,556,0.00047935638576745987,0.8110466003417969,0.009522967971861362,1.1469025611877441,1024,512,0.009522967971861362,1.1469025611877441,stage1_rows,512,0,0.013747092336416245,0.08040963913081214,0.002971518668346107,0.328964464366436,0.31714578001992777,0243b219f020cbdec0f74145a67d24dc:0:0,01ec61ce5edc5774c3bd392bc6eff98c:0:0,c23ce98dbfb29c3d559282529ad8a2e7:0:0,441842b69ed204fa8ce19fa9086d254d:0:2430329980,65947e302db0f3c36da6f80d3e8ece8b:0:2669585412
957,B,557,-0.021760044619441032,0.8358339071273804,-0.04645758122205734,1.181510329246521,1024,512,-0.04645758122205734,1.181510329246521,stage1_rows,512,0,0.001356966677121818,0.0860298337880522,-0.0009844980289926753,0.3492280554026365,0.3068732200190425,276d9dc36904f70a1b00006292bafcdc:0:0,7cf81af65a77c01de35fd988252a977a:0:0,156d5a19b8ba923aa7262c0ec143de27:0:0,eda8c224231998c57c52263976966c4d:0:1063027626,214057499ae71fea9aa429a67c28a7d5:0:1069278334
958,B,558,0.03550317883491516,0.8180938363075256,0.07576357573270798,1.1555280685424805,1024,512,0.07576357573270798,1.1555280685424805,stage1_rows,512,0,0.011159786954522133,0.0423715605866164,0.0009716839645989239,0.33413816764950754,0.31636169500416145,1059134d3fafbd47823ef13813f8d4dc:0:0,50d9444295d7d5dcebcabf1bdb933af6:0:0,f306453b224280ae7579c632f14ffc97:0:0,25164391e7c4597452a15b0315e3b34d:0:482073484,fa551ebb84dcb6db807b40655527510e:1:3904469883
959,B,559,-0.03743330389261246,0.819849967956543,-0.07412669062614441,1.1582547426223755,1024,512,-0.07412669062614441,1.1582547426223755,stage1_rows,512,0,0.005893077235668898,0.030149859993252905,0.002053166669793427,0.3357172071933746,0.314738754008431,e0e3371fe042e407ae9c57262a36acdc:0:0,63eda24922f80f94f84e9070cfbb835a:0:0,8fd4723555fd4701622c9321dd3ef2d0:0:0,858e28beba5cfa1e84a2d2585654fa4d:0:1979973673,2f070d2c7acfa53f550fc9387aeb9c8a:1:917455128
960,B,560,-0.013340894132852554,0.8387667536735535,-0.02864968776702881,1.1859748363494873,1024,512,-0.02864968776702881,1.1859748363494873,stage1_rows,512,0,0.0005001070676371455,0.08915205411612988,0.00014024521806277335,0.3517564721405506,0.3116424640174955,45744240d50169dab8d4758cd57484dc:0:0,3b30a7d7a9f4fb6f222bb2cab150c87e:0:0,4441bb8db1e274ec7f70809866b19f3c:0:0,1719636762f445e7a856bacba7ea414d:0:1442479821,e44852a82caa69ea08f7dc69f487671c:0:1606901996
961,B,561,0.05865011364221573,0.8399975299835205,0.10848226398229599,1.1858161687850952,1024,512,0.10848226398229599,1.1858161687850952,stage1_rows,512,0,0.0018895555986091495,0.0765716229332611,0.007372449617832899,0.35231946781277657,0.31873655901290476,d8fa81c296ad5aad9a778fcc15b25cdc:0:0,fea91efc8599e8994447c4307981bd4d:0:0,8eabda9148ef019c4ebdc69dd2def049:0:0,3e37ff88f24a9eb4b1f0dd2f7aa3884d:0:770908046,abdc2a75eca3eaeb5836350391f5d6dd:1:3718206863
962,B,562,-0.003316913265734911,0.8647542595863342,-0.02261606603860855,1.2225868701934814,1024,512,-0.02261606603860855,1.2225868701934814,stage1_rows,512,0,0.011429402977228165,0.11185504794120789,0.00559305656934157,0.3738906465470791,0.31658256298396736,2ed47350e5a2f407ade9e943eaf034dc:0:0,c67afa31795d4549602fb6ee088dfed8:0:0,b2e8edd97a30f989615d467c35b45ed2:0:0,f5a7b5859f3b0dd354df9c963e80cf4d:0:197216413,7dde7a39cb84f32918c1d5b720a82049:1:3596199616
963,B,563,-0.015110427513718605,0.8635240793228149,-0.01654324308037758,1.2211592197418213,1024,512,-0.01654324308037758,1.2211592197418213,stage1_rows,512,0,0.008219568058848381,0.04663833039812744,-0.001217259932309389,0.3730416603386402,0.31304366601398215,a43b674f61b119482e63c554552e0cdc:0:0,234e1463f34c9e29c853806b494b2e9c:0:0,61a3a1178f7ca89d6e6ee51d9279e300:0:0,831457114c00f50388d2f6526382164d:0:797107022,9e56bff207b682d544f72a15c9ae4104:1:3483120007
964,B,564,0.012926112860441208,0.8586469888687134,0.030301539227366447,1.2140196561813354,1024,512,0.030301539227366447,1.2140196561813354,stage1_rows,512,0,0.0005688883829861879,0.0795615769457072,-0.0010089922463521362,0.368645916134119,0.3221240169950761,3b54ee4016af17e3b7f1675d546be4dc:0:0,53f121ef93295b9ac888ee0e1c4af50f:0:0,99cbc27cb4668e15e4b6bc85ee8732e5:0:0,13f6160e569bae5332c381f659a75d4d:0:3792918911,186f67a4143c85b4ffad9ce57d3d6a86:0:3416198125
965,B,565,-0.01890028454363346,0.832176148891449,-0.039850424975156784,1.1764804124832153,1024,512,-0.039850424975156784,1.1764804124832153,stage1_rows,512,0,0.0040709893219172955,0.04672407475300133,0.0004602817934937775,0.346202339977026,0.3126338589936495,aa7e3467b3cfbba1c77312bee8a9bcdc:0:0,0df7067184f389c54f116f3621e8c9aa:0:0,972da56c641f5f206ae9e4fe5bd4cad5:0:0,f3bb9e87a93da93bf1f9715490f0a44d:0:607059251,9cd09673bf05d3b6fd8860ecd5ad89bb:0:1054167220
966,B,566,0.053527362644672394,0.8623781204223633,0.11202020943164825,1.2167576551437378,1024,512,0.11202020943164825,1.2167576551437378,stage1_rows,512,0,0.0008922748966142535,0.03465908805374056,0.001522578566800803,0.37096910178661346,0.3132051610155031,7ca94be523b1b2da3a9d0ad911e794dc:0:0,43d4bbf53717c70e9417c9a5d7727ec8:0:0,fb563d8e7916f291a8b4599546372cbb:0:0,9355b7de185ed3731113907f795deb4d:0:370160515,ebbea8a171e04941b280e2aecc97a4a3:0:1335002095
967,B,567,-0.043321795761585236,0.8278801441192627,-0.08562710881233215,1.1692394018173218,1024,512,-0.08562710881233215,1.1692394018173218,stage1_rows,512,0,1.51490094140172e-05,0.10744542622705922,0.0021240239904727785,0.34221663102507593,0.31849377299658954,9bc142b23b2d42b2cff7930bd0256cdc:0:0,d07ed080c4ca727b56d4ee0da5ed1315:0:0,edae3c96cc48b4b3e6e78ec02121052a:0:0,34e30030fbb45bdb9b0e45c982ef324d:0:1286963050,f7d9476a86829146382e3be63fbaa0fa:0:2143020133
968,B,568,-0.019631752744317055,0.8106206059455872,-0.03899979591369629,1.1460394859313965,1024,512,-0.03899979591369629,1.1460394859313965,stage1_rows,512,0,0.0014364088419824839,0.134569477441255,-0.001264550285122823,0.3285514563322067,0.3120576130459085,e3febf4334df4b5ca6deeeb7236344dc:0:0,6309db702ca54b7e42f767431f00aa57:0:0,a366b921ad972596658b668251978454:0:0,dc322b2895fa1e0a944a91c51da4794d:0:4051032848,0655097312004c80cce7d3cb5a5c8933:1:3847843164
969,B,569,0.05663645267486572,0.8394381999969482,0.1081615537405014,1.1848887205123901,1024,512,0.1081615537405014,1.1848887205123901,stage1_rows,512,0,0.0023317718878388405,0.05998183005722239,0.0011553016782272607,0.35169523805379865,0.31988069700310007,6ee3bbbaaf719c51bf83613b0ba11cdc:0:0,2ab7d72b4dbced5af95eb209977d09ff:0:0,5f83d1ec32b41a35edb776f54f44cc00:0:0,4f003db84d2444cd57950f44b97dc04d:0:814744338,d51b8f41e2a8f7a0ba303f8a0a6f5a30:0:1569087302
970,B,570,-0.0756402537226677,0.8222213387489319,-0.13830038905143738,1.1593976020812988,1024,512,-0.13830038905143738,1.1593976020812988,stage1_rows,512,0,0.008455077186226845,0.028191133053041995,0.0007968661288032308,0.33714680671691893,0.3106642869533971,1e39d4e7e4a098927ae92df788def4dc:0:0,fa3804fdda491f8bb5d4246ae8e33ef4:0:0,2fbd6cce3be35dbe0757af2d4e1c821e:0:0,62b13e52e939f222172cf35ac67b074d:0:1123381109,536b87f5f6ec3dccaa18f7aa1fa2c4f0:1:4019441559
971,B,571,0.030859652906656265,0.8349217772483826,0.06822571903467178,1.1795564889907837,1024,512,0.06822571903467178,1.1795564889907837,stage1_rows,512,0,0.010873045772314072,0.030866455798968673,-0.00074158632196486,0.34816419780254365,0.3106010920018889,92eb7f84cefe2ae31ae8984c9b1cccdc:0:0,fab24c9b4037f99dfc0a2b57ea031745:0:0,3455ec642af67d3d208d6ca254bc15ac:0:0,fb01df880bc3fb1281cb0d59b49c4e4d:0:3945483078,70efe68bd29236ace3482480d6585c18:1:1285991241
972,B,572,-0.006532220169901848,0.824942946434021,-0.0012629367411136627,1.1665959358215332,1024,512,-0.0012629367411136627,1.1665959358215332,stage1_rows,512,0,0.005922724958509207,0.0514767846558243,-0.003969399303605315,0.3404091075062752,0.3230961209628731,28e55369f4720a09422de39a425aa4dc:0:0,64483a3d604691a70d41a532ed44ce69:0:0,4c98dac17f958cf18b6d3c2cff19679d:0:0,981f5d3bd46505e08ba8c6d3f3e1954d:0:2694713922,1e263e18ae0d22b900878a1387f742d3:0:3560784744
973,B,573,0.005465780850499868,0.8637936115264893,0.018783535808324814,1.2214202880859375,1024,512,0.018783535808324814,1.2214202880859375,stage1_rows,512,0,0.0005697554443031549,0.051260052085854116,-0.0016643962735543028,0.3730848178267479,0.31372161500621587,c85979ad8b774d09743953407e987cdc:0:0,b69f7637531ced2099ac0c1350b2f2d1:0:0,dca401b426637f01c1d6f3f83383b830:0:0,b7421dc430da98f55b87239bf44adc4d:0:4076741762,74b2b1df7251ef501c032f18785047ea:1:1343047123
974,B,574,-0.03724634647369385,0.8304696679115295,-0.0730578601360321,1.1733465194702148,1024,512,-0.0730578601360321,1.1733465194702148,stage1_rows,512,0,0.00040317559614777565,0.020339641452301292,0.0018129481220967136,0.3445025496184826,0.3185142009751871,5dc427e3b1174f64955f2a9f4fd654dc:0:0,d8fa9f8ccf16d84d40194865e4874da2:0:0,e88815daea0bde7cbc54dae0fcfeaf0c:0:0,d8741b56a750e9025bb5c1c425d8234d:0:124406282,1d041b3ce5966526839a4a7468c1c045:0:3342679202
975,B,575,-0.008995606563985348,0.812138557434082,-0.018097372725605965,1.148442029953003,1024,512,-0.018097372725605965,1.148442029953003,stage1_rows,512,0,0.00342005817219615,0.08154604607261717,0.004117480249260552,0.32984374910593034,0.3174218560452573,94eceff565a1e5556ac7ad16b6142cdc:0:0,680a4cc1dfcee85df81c2490f9aa16ad:0:0,51dacf7ede7d36e99dfb7baae7ade0f2:0:0,5e7c8a79819d74c46f19d99ef8896a4d:0:675091042,65e13a993c92c3a0001e8e0eed0b1eee:0:3438192434
976,B,576,0.042268868535757065,0.8476388454437256,0.09539511054754257,1.1963562965393066,1024,512,0.09539511054754257,1.1963562965393066,stage1_rows,512,0,0.006373549811542034,0.09319428495364264,0.002811545883741928,0.3584280893206596,0.3142291029798798,07d589440622e00e1a6f1e06b15204dc:0:0,006b8cbd7687188d1252189b5b898793:0:0,c450c5c35d231733b4d2878c1ef9ebdb:0:0,7beff2c01e9ebcd94a353dbedc5eb14d:0:184563280,fc8ffa778682d0e39502a9ec9dd529cc:1:3541739318
977,B,577,-0.00534307025372982,0.8421651721000671,-0.009564900770783424,1.1909723281860352,1024,512,-0.009564900770783424,1.1909723281860352,stage1_rows,512,0,0.004072837997227907,0.05956702958792448,-0.0003699657459947048,0.35471525266766546,0.32761900103650987,7113950ef894e1f5ab25c0cf418fdcdc:0:0,ef99d7997b54ecc604abd72ad3d56521:0:0,464613af180ff3460d833a039a960b8c:0:0,9e5ac31fd4a9a616f02d5af64157f84d:0:3542875324,9139cdf5faee2113a274eee274780321:0:2028560931
978,B,578,-0.07673987746238708,0.8089261651039124,-0.15298457443714142,1.1388843059539795,1024,512,-0.15298457443714142,1.1388843059539795,stage1_rows,512,0,0.005716799292713404,0.04647861854173243,-0.000709357502637431,0.3255505658686161,0.3116001940215938,9977bd5140d182e5848fd8d066cdb4dc:0:0,e6723539479aea81dca0da1c9a1e478a:0:0,269f7d5864e949ae2a6928a437775301:0:0,802a85c53c9754d553d2385797753f4d:0:2883742616,83566bc65d1d873325b3752b6ae8ff95:0:938834086
979,B,579,0.06639647483825684,0.8178024291992188,0.12801337242126465,1.153201699256897,1024,512,0.12801337242126465,1.153201699256897,stage1_rows,512,0,0.008404990658164024,0.062158063217066226,0.0022153227095259354,0.3333257019519806,0.3236134100006893,ab216a8cb43ec466ef25a96a210b8cdc:0:0,d520d2bc2b7bbec5f78b2c84ee2872a2:0:0,00fcb3c188565b0d2d94c959a7e4ff49:0:0,c4efdba4f0b08f9a1ca577354eb6864d:0:1447616259,99d931d8244cec216fceb207e3ef7b4b:1:2132708957
980,B,580,-0.004593958146870136,0.8205072283744812,-0.007515044882893562,1.1603381633758545,1024,512,-0.007515044882893562,1.1603381633758545,stage1_rows,512,0,0.003182572079822421,0.042617319221608344,0.00020424278918653726,0.3367258161306381,0.3160734010161832,50332a388239d5f0943375fc704964dc:0:0,4eb61264f1b1457af51ed6d880c67477:0:0,30c984d860608c0ec6160afee0d52605:0:0,556c6932c55df7968fe15321d71bcd4d:0:836165332,d0e2006a1fe25f2d6dec2a50f53e8695:0:3802377901
981,B,581,0.05573451519012451,0.8495714664459229,0.12704920768737793,1.197202444076538,1024,512,0.12704920768737793,1.197202444076538,stage1_rows,512,0,0.0012560765026137233,0.052375853213015945,0.0005996047562803142,0.3592264249920845,0.3105950659955852,8948bcc8c73f2923fdd981e754873cdc:0:0,c9b28f187ab431d5cd90b0885c35d825:0:0,16ee47094829431ecf44238985982da3:0:0,f1815edb432ea5679d7fa1efa0a5144d:0:3488609102,2ca2e4b98b72879e542dd6aa3ca2e9d0:1:3385790950
982,B,582,-0.019729355350136757,0.8504108190536499,-0.037686899304389954,1.2023701667785645,1024,512,-0.037686899304389954,1.2023701667785645,stage1_rows,512,0,0.009608320891857147,0.09709934019483626,0.005812734214123339,0.3615498922765255,0.3167369369766675,77949f84e0cfd60b170c108acdc514dc:0:0,048234e2a81e23cf2b54c5f20b5942bb:0:0,c24e83fa55ad99a028cfd36966093097:0:0,73ed3c30b270f8881140d3b11b525b4d:0:2452241494,d6a8b96e093805d6ff14a4aa44079364:1:3773702761
983,B,583,-0.026801466941833496,0.8423111438751221,-0.05454631149768829,1.1905428171157837,1024,512,-0.05454631149768829,1.1905428171157837,stage1_rows,512,0,0.001340698217973113,0.041233654716052115,0.002954944134398829,0.3546264261007309,0.3153767720214091,7027c3a238144f55ab936546dc02ecdc:0:0,b102506294f76ec20b90fd49ef80291e:0:0,ee9f0fc8f7e2f08387a0cdf250e55252:0:0,1e14375b5843a7e4e7b2f2b8b723a24d:0:1408454027,7ee34f61aed0fe8ff2f939abe17afc67:0:2673083857
984,B,584,-0.00452059879899025,0.8770386576652527,0.0027372250333428383,1.240247130393982,1024,512,0.0027372250333428383,1.240247130393982,stage1_rows,512,0,0.014487706124782562,0.12081145417178049,-0.007067304867086932,0.3846810907125473,0.315858913003467,915b0159393c6696e80bc37b7f40c4dc:0:0,db1555466f24d1fdea0c74cf5c8e91dd:0:0,dafe5dc0175820ad22fc3d62f8439359:0:0,f31326679baf6203c738a398e418e94d:0:1119379447,03aa0d838f4533ea70e327979d48754b:1:1934174740
985,B,585,-0.030175695195794106,0.839139461517334,-0.0537424311041832,1.1862040758132935,1024,512,-0.0537424311041832,1.1862040758132935,stage1_rows,512,0,0.008356329053640366,0.044486094592139126,-0.0006053889926988631,0.35201648324728013,0.3134462190209888,c09eb2ea2d9ca082d9e56e88b77e9cdc:0:0,96f1bc0a4ff5bf2f581030c536d95d06:0:0,2ca47e745cda98ecdb5d7a572e9643ff:0:0,60a828a8a7038b2b9d1025241232304d:0:834365181,28b3e0965bd554d8f0367d4d65226612:1:2998280551
986,B,586,0.044528860598802567,0.8495233654975891,0.0759083554148674,1.2005562782287598,1024,512,0.0759083554148674,1.2005562782287598,stage1_rows,512,0,0.004394920542836189,0.02807223276467994,-5.014431953895837e-05,0.360837971419096,0.30924371303990483,6e19c0c7ae88d92bef64a9ce84bc74dc:0:0,13080f16583c675d64c26f0646e87992:0:0,a6a1ca94078070d0950a97f09a95d118:0:0,49284eb6be5ae7ff5e5a506cb16f774d:0:1680639452,168d1945eab438146163693c0a6d3c5b:1:2076144515
987,B,587,0.005962928757071495,0.8295411467552185,0.00568733923137188,1.1731160879135132,1024,512,0.00568733923137188,1.1731160879135132,stage1_rows,512,0,0.02475065365433693,0.04194286875426769,-0.0002415953844320029,0.34416086599230766,0.3166470529977232,bc7e455c66ec384077a1b8ace6fa4cdc:0:0,e8d0fc81721d6fec44ca6e2e95510125:0:0,2cac7042d16b38f258928dff48b23af5:0:0,2caa42b9efd742faed2198c531d0be4d:0:2532847995,51621024aa27248d82cc717d7a7e57f2:0:2537028922
988,B,588,-0.039048194885253906,0.807533323764801,-0.0728292241692543,1.1410069465637207,1024,512,-0.0728292241692543,1.1410069465637207,stage1_rows,512,0,0.0030883087310940027,0.04872098078485578,0.001518465462140739,0.3258651092648506,0.31359881500247866,b64ecc21d99e75482288de83de3824dc:0:0,3cb3fa60d2ac5ad2a0e7e31ca56364d5:0:0,eac7d7e7a93528283f0d43c316baf195:0:0,c5b20bd7f4cd5b4221610bc00356054d:0:2148269005,b0617911686c1321cf1303de16273609:1:2901927090
989,B,589,0.015451032668352127,0.8271321058273315,0.017577283084392548,1.1697176694869995,1024,512,0.017577283084392548,1.1697176694869995,stage1_rows,512,0,0.017708180472254753,0.08109072382794694,0.0022669324069283904,0.3421890027821064,0.32963316497625783,0e7c0cfde2766be180da5eb36a75fcdc:0:0,9bbd1b81f8140ac2a8902cd00fc780c6:0:0,a5d8d11b9765eb3a1475039a158c6d1b:0:0,9a3a79e314c4ab31f60b512f95ff4c4d:0:839184285,93682c3fdcfe10fa25cd2231249e2fd3:1:4018537458
990,B,590,0.024482179433107376,0.8354482054710388,0.04401013255119324,1.181136965751648,1024,512,0.04401013255119324,1.181136965751648,stage1_rows,512,0,0.00565804447978735,0.05526310848072171,-0.00037354763044277205,0.3489876724779606,0.31475317903095856,88c7e21ca819ffff842a7c9b8bb3d4dc:0:0,e0fb2a2bc6f11e7a63058ff7ed21efd8:0:0,36a1eb5895c86ef087dbca572df2806e:0:0,c0b904f39bd8d523da11ab2659cc934d:0:2950021652,784edd55f36aaa6c84e3981c8d1562d6:0:4194247403
991,B,591,-0.02977893128991127,0.8023178577423096,-0.041875310242176056,1.1345021724700928,1024,512,-0.041875310242176056,1.1345021724700928,stage1_rows,512,0,0.002295209327712655,0.03613875710871071,-0.002612015146405611,0.32195467203855516,0.3158406090224162,8eb713bcb48b5226fee17b9c41f1acdc:0:0,3d93869a313d3bd301ab107920475eca:0:0,f3642c23a4a91c254d8e5d40eeb747fb:0:0,7036da89fdb4c4d3256af5f6bebdda4d:0:814868965,8d3ee62795fe800511c346bcdd443f0f:1:1763137505
992,B,592,-0.015157991088926792,0.8294180035591125,-0.03397878259420395,1.1726348400115967,1024,512,-0.03397878259420395,1.1726348400115967,stage1_rows,512,0,0.0013797242427244782,0.047817737865261736,0.001694847959879553,0.34395549148321153,0.3335625909967348,a81072a2ea7343ac243b9f158d2f84dc:0:0,87bd49fb071a7228624023d1e9b98c0a:0:0,76fbe4800323bdfa6e096f69f090b3f2:0:0,ae6dc2590d09d3d4b21aa83334d3214d:0:1296513886,900a550dd3ff1ac1d0afff363add2b2a:1:3197248286
993,B,593,0.06080510467290878,0.857001543045044,0.11619636416435242,1.209430456161499,1024,512,0.11619636416435242,1.209430456161499,stage1_rows,512,0,0.0003452987875789404,0.058698870427906516,0.0015944377111736685,0.36644372791051866,0.31603529799031094,89f4972c0d294af008492a676d6d5cdc:0:0,097a264b1b533fa26c22ad9fb9b66486:0:0,f47b59858fb0d8df9075d431dcf74e22:0:0,d9e43b09c50f7f909937d2ae2c0c684d:0:1336319908,84ccd3c06ee640d139607c47048fe8e4:1:3040138266
994,B,594,-0.06934608519077301,0.8230951428413391,-0.1497006118297577,1.1584151983261108,1024,512,-0.1497006118297577,1.1584151983261108,stage1_rows,512,0,0.007792410906404257,0.0635732001857832,-0.00024791588075459006,0.33660758212208747,0.3374719209969044,357e78319178979e1fee60f1e2ab34dc:0:0,9f92a6be289a0e68d588343b30600c65:0:0,a2eb6e690e8ab25894fa3dc031458736:0:0,6cb6de50ff427f2e13f4207a1469af4d:0:1702497391,b870cbeeef8f5e086ca2669110e49202:0:3053452719
995,B,595,0.050902631133794785,0.8290930390357971,0.09974320232868195,1.1704280376434326,1024,512,0.09974320232868195,1.1704280376434326,stage1_rows,512,0,0.003202906809747219,0.08391383753623813,0.003322641566046514,0.34304039478302,0.3216461659758352,2e99ea376d2286e9c0e38614ece90cdc:0:0,e05b0e8daee789a11608904efa746c16:0:0,622d289a2fd62f23a16c1328af1381a9:0:0,9f4d66af134447e180a2d6e95deaf64d:0:2359123299,283051e0f905be50b32d7d170a57eeb8:1:975619915
996,B,596,0.03119170479476452,0.8268888592720032,0.06334657967090607,1.1684730052947998,1024,512,0.06334657967090607,1.1684730052947998,stage1_rows,512,0,0.004611601587384939,0.08620460624806583,0.001002422015881166,0.34167292788624765,0.31706421996932477,2d51f4989b1e67cba1b4dd308c26e4dc:0:0,393683bb70de3c432b4254312520cc5e:0:0,12ff90dc7ea35cdf3ccb57c2ab13a968:0:0,aee9ab4dc9664e0c8bbfd58e78903d4d:0:3631627982,c240b6e63fc09ea2a0249d6714878838:0:729885511
997,B,597,-0.04022936150431633,0.8525089025497437,-0.078179731965065,1.2044178247451782,1024,512,-0.078179731965065,1.2044178247451782,stage1_rows,512,0,0.002651989459991455,0.0794700798811391,-0.0007930441257485654,0.3629959873855114,0.3420006870292127,cf45c7a80a968f3f59c2a9a4c064bcdc:0:0,5b6aef453c363946fae244cd000fd753:0:0,231aa412d3274daf8ea537ea79e1137d:0:0,095b12ce3a1691a07cf6963bd459844d:0:1567318333,bde78b261fc21e72b13922d2c1fa535b:0:1407827056
998,B,598,0.03433723747730255,0.839846134185791,0.0736309215426445,1.1863939762115479,1024,512,0.0736309215426445,1.1863939762115479,stage1_rows,512,0,1.4855177141726017e-05,0.022851634433027356,0.0013948128907941282,0.35224635154008865,0.31093523994786665,bc37fbfbaea2bc80e1412ed189a294dc:0:0,bedf22967560fe232ed1e01345b4610a:0:0,bcfd39dd026780eac981f1b10e4cddaf:0:0,2e404f9a2d0d4432a8292d03e146cb4d:0:4025535788,7c4297e01d3a6e9d2a79abbc8cb7b0ab:0:589020268
999,B,599,-0.024786587804555893,0.811636745929718,-0.045994170010089874,1.1474103927612305,1024,512,-0.045994170010089874,1.1474103927612305,stage1_rows,512,0,0.006067665293812752,0.0842214468633756,0.0007085583842126652,0.3293414033949375,0.3487235420034267,67c8a05764bfcd4a1138b016e7e06cdc:0:0,a3b0314d699fa9c73d14aee34061c194:0:0,31c38342fa0615aa434cca88fcddadb3:0:0,450512974ac59733027748390f58124d:0:3267306425,4f39ab480e72d5f600db16873372d076:0:11536892
1000,B,600,-0.013316948898136616,0.8260188698768616,-0.0186837799847126,1.1681092977523804,1024,512,-0.0186837799847126,1.1681092977523804,stage1_rows,512,0,0.005021877586841583,0.04706277917139232,0.002510507754050195,0.34122203290462494,0.33443257299950346,1b5f78ed6804c210238570d4db1e44dc:0:0,0e49071d5808ae333ce571d524dd2b69:0:0,93fabbf91e90623fdba4cd96397d92c3:0:0,5a1d9711f97600b4db45306dce8d594d:0:3983009285,6dbc965949345b212ae5fb789f085967:0:3347073224
