update,phase,local,adv_all_mean,adv_all_std,adv_s1_mean,adv_s1_std,n_rows,n_s1_rows,adv_used_mean,adv_used_std,adv_norm_scope,n_policy_rows,n_actor_steps_skipped,kl_final_epoch,clip_frac,policy_loss,value_loss,update_wall_sec,rngpos_env,rngpos_learn,rngpos_opp,rngpos_start,rngpos_minibatch,n_epochs_run,conc_scale,d1_L_s1_n,d1_L_s1_lo,d1_L_s1_hi,d1_O_s1_n,d1_O_s1_lo,d1_O_s1_hi,d1_L_s2_n,d1_L_s2_lo,d1_L_s2_hi,d1_O_s2_n,d1_O_s2_lo,d1_O_s2_hi,d1_L_s2_in_n,d1_L_s2_in_lo,d1_L_s2_in_hi,d1_L_s2_out_n,d1_L_s2_out_lo,d1_L_s2_out_hi,d1_pol_n_rows,d1_pol_alpha_min,d1_pol_beta_min,d1_pol_n_alpha_lt1,d1_pol_n_beta_lt1
1201,A,1,-0.002977296942844987,0.05250886082649231,nan,nan,512,0,-0.002977296942844987,0.05250886082649231,all_rows,512,0,0.002195332432165742,0.0353515625,0.002670142473652959,0.0013653126952704042,0.23489228100515902,02d14414cef8ca942252f2f23bd43908:0:0,1086d75d8d5d007977052d8a96333a18:0:0,5798374b4de031cbcd94e7efd6455d3a:0:0,e165b1b047e2655a726e169b951451a9:0:195505106,94cd2b8d28ff09e719c0cb702a441d7d:1:3893745828,10,1.0,0,0,0,0,0,0,512,8,0,512,3,0,260,0,0,252,8,0,512,0.2287283092737198,78.6365737915039,164,0
1202,A,2,-0.0018723851535469294,0.04749441146850586,nan,nan,512,0,-0.0018723851535469294,0.04749441146850586,all_rows,512,0,0.029673362150788307,0.2005859375,0.016195585625246166,0.0010971343872370198,0.16641514201182872,a168d805870eb3dbc7eedc22cf56ed08:0:0,3889efe03ec97d93ba8f306fa5b564de:0:0,ecf2cad7d7fd43bcdb886f8be8bbac37:0:0,41deacbeb673f6a088367cfcd0348da9:0:2064239080,533736d49dce6c0d5a7e018c54d8e499:1:1753825428,10,1.0,0,0,0,0,0,0,512,16,0,512,9,0,240,0,0,272,16,0,512,0.22717487812042236,78.47000122070312,171,0
1203,A,3,0.003946604207158089,0.04788687825202942,nan,nan,512,0,0.003946604207158089,0.04788687825202942,all_rows,512,0,0.00878226663917303,0.0568359375,-0.004593728017061949,0.0011359224270563572,0.16546002199174836,f22648551ad3b78bf17b3dd78399a108:0:0,ce25a1eb3dd089ac1ec8908efa14b924:0:0,c8f675ab64ba26c291c15865d98eebe3:0:0,2648acfdd1a552d548ec4f20cb94c9a9:0:3191296625,a11e8000a9c7e404054fd1f8c00e47c4:0:4167682467,10,1.0,0,0,0,0,0,0,512,8,0,512,12,0,234,0,0,278,8,0,512,0.21620140969753265,80.8404312133789,185,0
1204,A,4,-0.009312013164162636,0.053995393216609955,nan,nan,512,0,-0.009312013164162636,0.053995393216609955,all_rows,512,0,0.0038737962022423744,0.0875,-0.005594800226390362,0.0014403685345314443,0.1674623329890892,f4e5cecc025e5c717198c544589c5508:0:0,8957a216d37bb7210eaa85b383c61960:0:0,2a3321c5e83cf0500169af9b92b3c9d4:0:0,3a8509c61096f0d6999250c3873505a9:0:3590229085,65047cd94ff67bb2b2993683edc8e9fa:0:524887147,10,1.0,0,0,0,0,0,0,512,8,0,512,8,0,253,0,0,259,8,0,512,0.20114003121852875,81.46508026123047,163,0
1205,A,5,0.0122492965310812,0.04993085190653801,nan,nan,512,0,0.0122492965310812,0.04993085190653801,all_rows,512,0,0.005901109427213669,0.0666015625,-0.006605922430753708,0.0011932134832022712,0.16635876201326028,43d2f4dab4437de281e0df9d4e5f0908:0:0,32a92e1cc3e02b79bb65fe9538419b03:0:0,b212ab36c33aa7e10bcbda7e6d53081e:0:0,dde94ecec79bb999a43385a1031541a9:0:3046563721,67a4462be6cd52cf14b2ad4bafaa9dd2:0:3018297017,10,1.0,0,0,0,0,0,0,512,14,0,512,9,0,264,0,0,248,14,0,512,0.2051224410533905,79.8868179321289,157,0
1206,A,6,-0.012672873213887215,0.058965519070625305,nan,nan,512,0,-0.012672873213887215,0.058965519070625305,all_rows,512,0,0.017588190734386444,0.125,-0.003768742550164461,0.0016826679871883242,0.16535432502860203,db6811d4d43c2d6676e5ba1664e1bd08:0:0,2e62e2eb409836b41e3727b4db758dbb:0:0,55214e4aa7e30693b32bb0db64020954:0:0,278db59959e5368213e331753f357da9:0:2509911874,dbef307b99eb1f1631edf08bda02b300:1:184795407,10,1.0,0,0,0,0,0,0,512,9,0,512,11,0,259,0,0,253,9,0,512,0.2048751562833786,78.69647979736328,177,0
1207,A,7,0.008478726260364056,0.06003262475132942,nan,nan,512,0,0.008478726260364056,0.06003262475132942,all_rows,512,0,0.0017990958876907825,0.0408203125,-0.0019191891886293888,0.0017643579689320178,0.16361387498909608,416d633a7108651d743241e39c247108:0:0,c8e596a1f0fba3e315ebd86622ec6d78:0:0,94c39b0b912f1b0d5ae9f001ed23fd52:0:0,0c7abf7227c80ff950bcd7fc3b95b9a9:0:194563345,edd2239285ecb9e913a292cfadf420bb:1:3457559461,10,1.0,0,0,0,0,0,0,512,10,0,512,5,0,241,0,0,271,10,0,512,0.21049003303050995,78.78055572509766,181,0
1208,A,8,-0.0008182929595932364,0.05835485830903053,nan,nan,512,0,-0.0008182929595932364,0.05835485830903053,all_rows,512,0,0.0027687218971550465,0.0501953125,-0.0007658970542252063,0.0016747027693782002,0.16914509399794042,26f2142fc3c28ae8204a2438f4272508:0:0,f864c70e7d242ca99d65c1d7c2ae6a74:0:0,e4e0a1e13440c213212eb9d61d54df12:0:0,3ee87cb31454dc45bbe43cf1f835f5a9:0:1406732824,bf6ab4ecbd0322a43f2c2640dd251d4e:0:626573388,10,1.0,0,0,0,0,0,0,512,13,0,512,12,0,246,0,0,266,13,0,512,0.2184227854013443,77.8067398071289,161,0
1209,A,9,0.0063181789591908455,0.06172337755560875,nan,nan,512,0,0.0063181789591908455,0.06172337755560875,all_rows,512,0,0.004095202777534723,0.064453125,0.002307859994471073,0.0018839666678104549,0.16592469799797982,ac4ceeeca2d7c44f58a9ce4a6ce9d908:0:0,f4be3402dd9e9efe46d5e30d378be288:0:0,4cbd99ca872086e6af452122da8fdf1e:0:0,5950ea8bbd013ea1eb856412751631a9:0:1547444939,1fc4ba615401971624a57f4303774890:1:209109898,10,1.0,0,0,0,0,0,0,512,7,0,512,5,0,258,0,0,254,7,0,512,0.2063799500465393,77.84384155273438,168,0
1210,A,10,-0.012629266828298569,0.06089124083518982,nan,nan,512,0,-0.012629266828298569,0.06089124083518982,all_rows,512,0,0.001841388875618577,0.040625,0.0010662847082130611,0.0018509056884795428,0.16696130199125037,e0528c959ad91b2be5c66d4c066c8d08:0:0,8dbb376418891899437b528775e27684:0:0,5c126920ba96c477c79d81ceae66e9a6:0:0,0cf3e92bbe1d5693e6d49119b2366da9:0:1564798726,bad853e41c883ba7b65816ab97cf0dc2:0:356396316,10,1.0,0,0,0,0,0,0,512,10,0,512,4,0,259,0,0,253,10,0,512,0.20838284492492676,78.76046752929688,156,0
1211,A,11,0.0018594252178445458,0.04924776032567024,nan,nan,512,0,0.0018594252178445458,0.04924776032567024,all_rows,512,0,0.006955805700272322,0.0998046875,0.0013419374357908965,0.001198976961313747,0.16604063200065866,6ddba5995f59730e2f0dee71c0af4108:0:0,d4e9d0022d714ee61937af65eb892235:0:0,872dbe28f021cff81afa93d0d33873e2:0:0,39d6a0c39ed17f84620e47c3af96a9a9:0:1488285539,a254d9bf16d3467ce7ec76a4a6447592:1:464557875,10,1.0,0,0,0,0,0,0,512,5,0,512,6,0,263,0,0,249,5,0,512,0.20609894394874573,79.66114807128906,174,0
1212,A,12,0.007932976819574833,0.058749426156282425,nan,nan,512,0,0.007932976819574833,0.058749426156282425,all_rows,512,0,0.004090431146323681,0.03984375,-0.0004967717453837394,0.0017233472084626556,0.1661693589994684,2d2fa656060c4f65eee6feef9bb1f508:0:0,e74ad3fe6b117c088b73de71380d0cb2:0:0,17b125ec23c82b32dad035a4de98335c:0:0,ee81bc693f606095fa774bcc6d36e5a9:0:2665411754,7c2840b28c5f24c6e1f91f808217ab1a:1:479272889,10,1.0,0,0,0,0,0,0,512,4,0,512,5,0,241,0,0,271,4,0,512,0.21880006790161133,80.7120132446289,169,0
1213,A,13,0.0034515163861215115,0.049698252230882645,nan,nan,512,0,0.0034515163861215115,0.049698252230882645,all_rows,512,0,0.009568165987730026,0.084375,-0.0035184693289920686,0.0012277582893148065,0.16702440701192245,faade1723e596a69e6b10bf99774a908:0:0,f01b51b25444e8c607ad12537b863616:0:0,d7d5d627c8f243be8882fae06bd3cbd1:0:0,3009ae84e4694cbc725ca0efeb1721a9:0:3511952720,84b6793f76622c18496708dd2785caf9:0:687076208,10,1.0,0,0,0,0,0,0,512,2,0,512,4,0,249,0,0,263,2,0,512,0.21922923624515533,80.10507202148438,157,0
1214,A,14,-0.0016884191427379847,0.054566141217947006,nan,nan,512,0,-0.0016884191427379847,0.054566141217947006,all_rows,512,0,0.001973154954612255,0.0763671875,-0.001993920002132654,0.0014639107044786214,0.1666895619709976,49e2a2ff77991cbf92c442c3b3f75d08:0:0,abff741d52853a01c3a7a54e1b8352ce:0:0,2a90ed19295202b209e4c9700f77a0a6:0:0,f7823b0439e6f313ed138aea29375da9:0:3566047088,7de2f643dc43ce6012d8b745cda8ee3c:0:601243832,10,1.0,0,0,0,0,0,0,512,9,0,512,9,0,248,0,0,264,9,0,512,0.23284022510051727,78.64817810058594,171,0
1215,A,15,0.008368243463337421,0.057996716350317,nan,nan,512,0,0.008368243463337421,0.057996716350317,all_rows,512,0,0.008678942918777466,0.0822265625,0.0010380441322922706,0.0016141344793140888,0.16561781603377312,ecd50522a82d95e2de719081f13a1108:0:0,5f1a5e5de8f36aca445e36553d5abde8:0:0,f0198f12c0e02db39f00ead0d2c8130f:0:0,e922c828e8a65f782af98d77279799a9:0:4140914675,421ffd9100011bc658560f770bb3bc03:0:2814712393,10,1.0,0,0,0,0,0,0,512,5,0,512,6,0,261,0,0,251,5,0,512,0.23031501471996307,78.5231704711914,168,0
1216,A,16,-0.0088315699249506,0.0552789643406868,nan,nan,512,0,-0.0088315699249506,0.0552789643406868,all_rows,512,0,0.00552898645401001,0.0642578125,-0.0006237595342099666,0.0014810050663072616,0.16967446100898087,f386b8aa27ace54dd802a2684f3cc508:0:0,37d2d21585abb95b4b42848d3e56ff3e:0:0,3b95db63707b06d9225f773876757c26:0:0,cb53776098f24b5bc5746c52e637d5a9:0:3335298993,570cd3052f34983cfbe5dcf6b93d086f:0:1283628391,10,1.0,0,0,0,0,0,0,512,9,0,512,5,0,247,0,0,265,9,0,512,0.21675942838191986,78.06127166748047,174,0
1217,A,17,0.005798080936074257,0.05097241699695587,nan,nan,512,0,0.005798080936074257,0.05097241699695587,all_rows,512,0,0.012290816754102707,0.10078125,-0.0014587384648621082,0.0012877136090537534,0.16626011999323964,e017f99fce4fd46064b9e5aacdff7908:0:0,aefe838435b98629a92c20ace633b909:0:0,cd10ab8493a0db3ecb67fdc49a516f1d:0:0,90dbc42c7d2ebedf6af22b39651811a9:0:1367567095,4e78d5c8767c84c023184c004f1c8d52:1:20073900,10,1.0,0,0,0,0,0,0,512,15,0,512,6,0,259,0,0,253,15,0,512,0.2185826450586319,77.4063720703125,161,0
1218,A,18,-0.0010505600366741419,0.05183975398540497,nan,nan,512,0,-0.0010505600366741419,0.05183975398540497,all_rows,512,0,0.0011284255888313055,0.0181640625,0.0012250198982656003,0.0013382847217144444,0.16678838699590415,3187a18f4bd99107f4d2877d6d822d08:0:0,12b9f656cf00d7b254bf7c90be7d39a7:0:0,01e681f06e87cb42ab0906dbd7490bfe:0:0,c1ba5fb6bf2102291ae90de6a4384da9:0:1380981529,d71b809bb53cfe6c55003cc4ae355ede:1:3722639576,10,1.0,0,0,0,0,0,0,512,4,0,512,3,0,275,0,0,237,4,0,512,0.22386792302131653,75.9775390625,139,0
1219,A,19,0.0016756918048486114,0.054082419723272324,nan,nan,512,0,0.0016756918048486114,0.054082419723272324,all_rows,512,0,0.004165572579950094,0.0353515625,0.000991898076608777,0.0014617732784245163,0.16643097798805684,fa59b6e1682c2927378075142dc4e108:0:0,31aaf6ca48dcc0681e31a70bc737fd4d:0:0,aa5bc85f9d2a33a90f38a8a002665286:0:0,120b344c6a9fdefb61d79816a39889a9:0:658361029,4d23fd628807b9b6620234a6ddb3d97c:0:2350466532,10,1.0,0,0,0,0,0,0,512,11,0,512,5,0,253,0,0,259,11,0,512,0.22012092173099518,75.4249496459961,169,0
1220,A,20,-0.0024284941609948874,0.05056709423661232,nan,nan,512,0,-0.0024284941609948874,0.05056709423661232,all_rows,512,0,0.0024906315375119448,0.0671875,0.0010163826402276755,0.0012495471222791822,0.16717403201619163,5a4dfa559fbdd6bdcef05ba30ec79508:0:0,4ecd3681a0808462e2af336ea8a1e21c:0:0,241b4500882a4c1f63be3e32d21798a5:0:0,e60bec8ab068328c95448d856338c5a9:0:2813364201,57176e891b6592aa2ea559c7c3e0d682:0:706823117,10,1.0,0,0,0,0,0,0,512,13,0,512,11,0,256,0,0,256,13,0,512,0.2252414971590042,76.35406494140625,160,0
1221,A,21,-0.0068969400599598885,0.06029047071933746,nan,nan,512,0,-0.0068969400599598885,0.06029047071933746,all_rows,512,0,0.012669134885072708,0.085546875,0.0007934046443551779,0.0016819619631860405,0.16453960799844936,c37bc94c4e231cd00447a85e108a4908:0:0,6626bb442a8b663b124af76fe5cef263:0:0,5ac4b4f9f735effbeef5272a648c6e06:0:0,3e0906a69bd1cf9e0fbef1eee31901a9:0:2624480111,13826ded02a958bdb1d3d3dd9da36867:1:2854558691,10,1.0,0,0,0,0,0,0,512,7,0,512,8,0,261,0,0,251,7,0,512,0.22887149453163147,76.3840560913086,151,0
1222,A,22,0.003599337302148342,0.05952912196516991,nan,nan,512,0,0.003599337302148342,0.05952912196516991,all_rows,512,0,0.0029305568896234035,0.081640625,0.0022251006215810777,0.0017127210507169367,0.16633629304124042,7461353c58e1b50e7ba48879330cfd08:0:0,0bebfa4c3c96a139002fc1c1a9e26759:0:0,90cd56423b0362a3eceb3bfba4964dd2:0:0,ed0564ce9620b0d36cde090f23393da9:0:997046326,859defb3a44efefbd42db63476536db1:1:3910060453,10,1.0,0,0,0,0,0,0,512,6,0,512,6,0,256,0,0,256,6,0,512,0.23549576103687286,74.77861022949219,154,0
1223,A,23,0.002827334450557828,0.05881522595882416,nan,nan,512,0,0.002827334450557828,0.05881522595882416,all_rows,512,0,0.013857676647603512,0.0708984375,-0.0011465261690318585,0.0017089000204578042,0.16525411000475287,02786e580cc04e3de81de928764fb108:0:0,9a7f67ecb54a50784f2c78c25f715a3c:0:0,305be2e1646de01cc22d7ae9b14392f8:0:0,f184703d522e7b49c54156a2239979a9:0:1280469495,a85057ae09db4e320e7bc727ebd2d0a6:1:578323047,10,1.0,0,0,0,0,0,0,512,2,0,512,7,0,255,0,0,257,2,0,512,0.24143929779529572,74.29867553710938,175,0
1224,A,24,0.002437117975205183,0.05169898644089699,nan,nan,512,0,0.002437117975205183,0.05169898644089699,all_rows,512,0,0.004148969426751137,0.0693359375,-0.0014944798313081264,0.0013314883515704423,0.16524093598127365,b478910d9fc71b5ebfc3779fda526508:0:0,016aa8d26e5cdcd8d6eaf2330afcfb6d:0:0,8f91988fc60f9974861b85e142488fd9:0:0,2943452dfb28516eea909e63e439b5a9:0:837874934,2f74cd6a2fbc33a8ab90d1070bbcfc8a:1:3830488195,10,1.0,0,0,0,0,0,0,512,11,0,512,11,0,248,0,0,264,11,0,512,0.23128773272037506,74.45237731933594,167,0
1225,A,25,0.003803446888923645,0.05388414114713669,nan,nan,512,0,0.003803446888923645,0.05388414114713669,all_rows,512,0,0.0008942682761698961,0.0296875,0.001195552898570895,0.001425399209256284,0.17047171399462968,41458bb88a253394ef9da1135f151908:0:0,e6df5f5c6ddea1d084a4603fa25e44da:0:0,7593d2267d811063cdf61e5e7a5138b4:0:0,471ffa79c11cf618a37be4106519f1a9:0:2212033074,287ac0dbef943f2b97f38d9d98aab432:1:3329221203,10,1.0,0,0,0,0,0,0,512,4,0,512,13,0,243,0,0,269,4,0,512,0.23888713121414185,73.84569549560547,164,0
1226,A,26,-0.003769700648263097,0.06097263842821121,nan,nan,512,0,-0.003769700648263097,0.06097263842821121,all_rows,512,0,0.005168512929230928,0.090625,0.006610386678948999,0.0017989613057579844,0.16561067703878507,d17e2b81a82ec2cf8fad92b70497cd08:0:0,ef6f202f6e081a440e3b87401c86a3d5:0:0,f51014c2a6fe635efac42523c5021bd7:0:0,ce2ef03f1e173fdbe7bb6b63a63a2da9:0:3010172677,99e2b60a222a9efab6442158bac0ec98:0:1248045513,10,1.0,0,0,0,0,0,0,512,5,0,512,6,0,272,0,0,240,5,0,512,0.2367406189441681,73.59380340576172,151,0
1227,A,27,-0.004653305746614933,0.06056549400091171,nan,nan,512,0,-0.004653305746614933,0.06056549400091171,all_rows,512,0,0.0022978505585342646,0.0552734375,-0.0008131660986691713,0.001764282095246017,0.16607007203856483,5e4f6d14d7a80b3096ed39becada8108:0:0,3b7f4b6f623c551bda7c9a17d4642e5e:0:0,2095b6481aff3d2403126cdc676ff1da:0:0,be4d258b6e80dca41c0fb819a79a69a9:0:992318005,a98cfe24494f48f92fe06f2799dbd106:0:1089742118,10,1.0,0,0,0,0,0,0,512,7,0,512,8,0,266,0,0,246,7,0,512,0.23405136168003082,74.44253540039062,158,0
1228,A,28,0.004546070471405983,0.05570920184254646,nan,nan,512,0,0.004546070471405983,0.05570920184254646,all_rows,512,0,0.012446454726159573,0.034765625,-0.0014191775117069483,0.0015114454203285278,0.1699729539686814,3978ef7b829137348f4f435eb1dd3508:0:0,e40aba14c149bebd7f1a36ef571c5bd9:0:0,2950625eae091d9e1f4791015351e7ab:0:0,759be597b789658a4e418dee693aa5a9:0:4120772889,bf80c0a1b999e5e624025a23fb135b9e:1:889488661,10,1.0,0,0,0,0,0,0,512,10,0,512,10,0,263,0,0,249,10,0,512,0.22970613837242126,73.86505126953125,164,0
1229,A,29,0.0001109348377212882,0.055367399007081985,nan,nan,512,0,0.0001109348377212882,0.055367399007081985,all_rows,512,0,0.013481486588716507,0.0630859375,-0.007197323685977608,0.0015154881926719098,0.16705866600386798,30ffdd1449a6fc9a49bf1ccab99fe908:0:0,a9c54b60ceb757fe2eefd4f690c1498d:0:0,f63bc2071a265107613885d71e79f978:0:0,ef7da9c1b64dc2ec7121f09deb1ae1a9:0:3414895499,7da9d37716a1a3bc470e350699d04fde:1:518248644,10,1.0,0,0,0,0,0,0,512,6,0,512,5,0,272,0,0,240,6,0,512,0.23093807697296143,75.25554656982422,165,0
1230,A,30,0.005631363019347191,0.054875291883945465,nan,nan,512,0,0.005631363019347191,0.054875291883945465,all_rows,512,0,0.0015056763077154756,0.0515625,0.0031134759774431586,0.0014810964406933636,0.16666882496792823,ddabc848c0cc100a9220f336e2229d08:0:0,75c785a118d6de3916c9c55a86afc858:0:0,9e3a0744395eed5427b77d97fafcee30:0:0,dd25d602927be0c4988a23e42d3b1da9:0:1609289086,440c30a11106af5daa5ca5a5e582f369:1:773486376,10,1.0,0,0,0,0,0,0,512,7,0,512,12,0,248,0,0,264,7,0,512,0.2288942039012909,74.16323852539062,172,0
1231,A,31,-0.004180849529802799,0.055957671254873276,nan,nan,512,0,-0.004180849529802799,0.055957671254873276,all_rows,512,0,0.007235489785671234,0.11640625,-0.00022537223994731904,0.0015679650998208672,0.16610695200506598,bed3d74aef8f697fe351b3d72b655108:0:0,2f46e49b010f4223869a2959c4d60218:0:0,e13d297230e07f58a5531c1a862cb823:0:0,f5d4fa3ccf2eb340355bab7d2f9b59a9:0:75139599,75a2d89b53c510acd230eb0cdca8f85e:0:2070890389,10,1.0,0,0,0,0,0,0,512,2,0,512,8,0,262,0,0,250,2,0,512,0.2382708340883255,74.21289825439453,151,0
1232,A,32,-0.0013262301217764616,0.059729382395744324,nan,nan,512,0,-0.0013262301217764616,0.059729382395744324,all_rows,512,0,0.0035633384250104427,0.1447265625,-4.400638863444328e-05,0.001769073901232332,0.16759980004280806,50fa2bcd0803596e1b270bdf95680508:0:0,5c78295b6c44b72b0e5ab62ed438abb3:0:0,d816942d88ab65aab6e9ceb2a95a6272:0:0,2db1835354be8b9751804b24f23b95a9:0:3352266297,fd5d1f8fafde81f9893219dd39e5b561:0:3906866341,10,1.0,0,0,0,0,0,0,512,9,0,512,9,0,255,0,0,257,9,0,512,0.23783892393112183,74.17695617675781,151,0
1233,A,33,0.007387199439108372,0.0599985308945179,nan,nan,512,0,0.007387199439108372,0.0599985308945179,all_rows,512,0,0.014436369761824608,0.0908203125,0.005841832398436964,0.001772777328733355,0.1664955490268767,cff7b94e86196eaa2e6f6884202ab908:0:0,29ae449d1452752c3fa26e64b0ff1ec3:0:0,dc971fb7a18a57c4921d9f8ab4fd2f39:0:0,22114393ae41bd23cbea0697751bd1a9:0:2330590021,b94ff4e0e1fa13c6901457e44a246563:1:2350034809,10,1.0,0,0,0,0,0,0,512,3,0,512,6,0,272,0,0,240,3,0,512,0.23631903529167175,73.42411804199219,139,0
1234,A,34,-0.0021648183465003967,0.053116969764232635,nan,nan,512,0,-0.0021648183465003967,0.053116969764232635,all_rows,512,0,0.009135563857853413,0.0705078125,-0.004493457637727261,0.0013656804745551198,0.16591335902921855,51cbb642a9b72d11dcf1f6f8cbad6d08:0:0,7aaa614894adfdfa117a483c9f07b14d:0:0,352fac5bba0603d9eda6f95204f24dfb:0:0,d93af295d57992b894932190b83c0da9:0:2806781365,687805ca1d5e06b2483a31ecbbd09635:1:2745442760,10,1.0,0,0,0,0,0,0,512,7,0,512,10,0,235,0,0,277,7,0,512,0.22837002575397491,74.54615020751953,174,0
1235,A,35,0.00017592916265130043,0.0571870431303978,nan,nan,512,0,0.00017592916265130043,0.0571870431303978,all_rows,512,0,0.0053070345893502235,0.0552734375,-0.0028134165331721306,0.0016089958779048174,0.16487374203279614,dd3f81fcfdb794f3656ea47197f02108:0:0,719f0fb0b1c67a5518ce7cc3c01728f5:0:0,9d93ee3f88529ce026761a89be880e41:0:0,d267b94c27e79438e87e1fccbb9c49a9:0:2590509511,93c986bede08d606fd2f829c248a490f:0:799549936,10,1.0,0,0,0,0,0,0,512,12,0,512,5,0,261,0,0,251,12,0,512,0.2202180176973343,73.19571685791016,167,0
1236,A,36,0.0028491439297795296,0.05959620699286461,nan,nan,512,0,0.0028491439297795296,0.05959620699286461,all_rows,512,0,0.0015749773010611534,0.078125,-0.0005148595198988914,0.0017655109229963272,0.16380017198389396,903a3af95e0d7b35399e1e2284f2d508:0:0,1c4d4a609b0c7cb155e2051bf56c5134:0:0,30b8d8a4808cdfc7ad6efaaa96bb306f:0:0,315c0f965fc71c6f8db5c5077f3c85a9:0:2624310940,1fe9e434feb60e5b6c82c74ec419fd9e:1:2330383942,10,1.0,0,0,0,0,0,0,512,8,0,512,9,0,250,0,0,262,8,0,512,0.22138096392154694,73.94628143310547,162,0
1237,A,37,0.00015501046436838806,0.054929375648498535,nan,nan,512,0,0.00015501046436838806,0.054929375648498535,all_rows,512,0,0.00723046762868762,0.1482421875,-0.0018884323071688414,0.001475749199744314,0.16884744999697432,559656bdaf3ab23db231d13f92b58908:0:0,7babfc0ebcf2a9377d8ca5cf9a4a93b8:0:0,57a1c31d4afee5d1c6cb5c8a8cd5dd3c:0:0,6f8c9d42aba73f260f4d14fd031cc1a9:0:394252780,2ef73c190f37b4350d65b1f2c03a71a1:0:2995024465,10,1.0,0,0,0,0,0,0,512,8,0,512,3,0,271,0,0,241,8,0,512,0.21813492476940155,74.2410888671875,155,0
1238,A,38,2.9244401957839727e-05,0.05537332221865654,nan,nan,512,0,2.9244401957839727e-05,0.05537332221865654,all_rows,512,0,0.005586681887507439,0.05078125,-0.0024665133561939,0.0015188653487712145,0.16549660899909213,924f563c3950039ac2d3eafcc1383d08:0:0,a2fbc94e6b9da1d1293b137274987d23:0:0,e261282c48724e5783dd2f52fc313e42:0:0,4baf79003f60ff7bf95f5369473cfda9:0:11840700,682793ae4e47da8e4849135f056140cf:0:3383136328,10,1.0,0,0,0,0,0,0,512,8,0,512,4,0,274,0,0,238,8,0,512,0.2228812873363495,73.847412109375,152,0
1239,A,39,0.0008140032878145576,0.0529940128326416,nan,nan,512,0,0.0008140032878145576,0.0529940128326416,all_rows,512,0,0.003823439357802272,0.0564453125,-0.0008610821794718504,0.0013805393478833138,0.1663253890001215,16ae2f4658a9fa69ae27588e107af108:0:0,599bb7a3494ad16b4db0d71ab093fe6e:0:0,d909a3fca31e0e712f1ad8bfeb4b1c95:0:0,9014045ef925d67e151004084b9d39a9:0:1798016765,01c75dc3d885df9eb5fa4dd8655f8ccc:0:3023900699,10,1.0,0,0,0,0,0,0,512,14,0,512,4,0,268,0,0,244,14,0,512,0.23465648293495178,73.13275909423828,154,0
1240,A,40,-0.004634729586541653,0.05965304747223854,nan,nan,512,0,-0.004634729586541653,0.05965304747223854,all_rows,512,0,0.002820163033902645,0.0810546875,0.002284030430018902,0.0017853905854281038,0.15611508500296623,02783547f69e7e7eb9c7c727807da508:0:0,4fc33bba7d17a803e197bf27f6f7022e:0:0,b1850c7ce1bcefad68ce3ed7e9cb9ab6:0:0,9863c48ff56289fda48aea96103d75a9:0:1737850865,56d2adc56832f697c75b5e4d788e7c27:1:3830809740,10,1.0,0,0,0,0,0,0,512,9,0,512,9,0,265,0,0,247,9,0,512,0.22173944115638733,73.352783203125,150,0
1241,A,41,-0.00892127025872469,0.06541001796722412,nan,nan,512,0,-0.00892127025872469,0.06541001796722412,all_rows,512,0,0.0067949192598462105,0.0587890625,-0.0022035141359083355,0.001914612902328372,0.13433708401862532,abce312cfc4f404ce249a3fd11405908:0:0,e8d4335e23b3d328c3789849fe79c1d1:0:0,fe95f9a11c8c74a3a1df6d255bc7bc3c:0:0,20c4f4332c3253a79f040ace951db1a9:0:247447806,edd89aeaf7747ecac5599ebca42ec3ad:1:270568138,10,1.0,0,0,0,0,0,0,512,4,0,512,10,0,261,0,0,251,4,0,512,0.22156767547130585,73.14176940917969,169,0
1242,A,42,0.012897162698209286,0.05597684904932976,nan,nan,512,0,0.012897162698209286,0.05597684904932976,all_rows,512,0,0.007454389240592718,0.0443359375,-0.0034925560001283886,0.0014829240622930228,0.13957530399784446,781ff1fab1d4f58d8f3a1c42c2c30d08:0:0,a06482ef40346a84f91c355007d84450:0:0,3791f04889f0b7ab633103aaac548910:0:0,bafc2316731e585becb7a86dda3deda9:0:770614414,9d1bf1c1675f7f0ead5e83d81b4ec8a1:0:855122799,10,1.0,0,0,0,0,0,0,512,6,0,512,6,0,250,0,0,262,6,0,512,0.22913140058517456,71.6618881225586,181,0
1243,A,43,-0.012545205652713776,0.05591722950339317,nan,nan,512,0,-0.012545205652713776,0.05591722950339317,all_rows,512,0,0.007862148806452751,0.0908203125,-0.004617201769724489,0.0014660615939646958,0.13414007204119116,761bed4fbbf766a8471f1d2c9505c108:0:0,0e6ca62ff307b96db5912eec63cf5b66:0:0,938d3b896a5199744cd8bc7b94e636f7:0:0,2a5d0d627de56fc4a2ea472fdf9e29a9:0:2606902738,b416c57c4fc79ba42084d0865f8b791e:1:2949677671,10,1.0,0,0,0,0,0,0,512,2,0,512,5,0,254,0,0,258,2,0,512,0.23501107096672058,73.07649993896484,158,0
1244,A,44,0.0035559230018407106,0.05788928270339966,nan,nan,512,0,0.0035559230018407106,0.05788928270339966,all_rows,512,0,0.004847007803618908,0.094921875,0.0011563947889953851,0.0016215361538343132,0.13348081801086664,e79288a62aa64cda637753ee88087508:0:0,c7ed32e9c72d9700bf08eb59dd52e726:0:0,5b893e23c7a5b3bc01f0b03b11650887:0:0,bd5be44ab9083c2d3fe8aad0a53e65a9:0:2637445228,0aca8cdf0d275e24164c938e9dcd32c2:1:2267121620,10,1.0,0,0,0,0,0,0,512,12,0,512,9,0,249,0,0,263,12,0,512,0.22580891847610474,73.6454086303711,181,0
1245,A,45,0.0029292055405676365,0.0517246313393116,nan,nan,512,0,0.0029292055405676365,0.0517246313393116,all_rows,512,0,0.0069609135389328,0.04140625,0.003401295281946659,0.0013299387705046684,0.13360568700591102,4ba159dbca67011ec4ba2dbc9bcb2908:0:0,6f3527691853a235594c5ec99ee94abf:0:0,26b496a53c064d02078592ec96a4f1ce:0:0,639f8eed18d59299e707d70c2b1ea1a9:0:3409129604,70ed1de9fd5ba2cdab73a7f6f6a9088b:1:3207242861,10,1.0,0,0,0,0,0,0,512,11,0,512,6,0,281,0,0,231,11,0,512,0.2250342071056366,73.93755340576172,153,0
1246,A,46,-0.011123688891530037,0.05786918103694916,nan,nan,512,0,-0.011123688891530037,0.05786918103694916,all_rows,512,0,0.014861836098134518,0.0796875,0.0027583624236285687,0.0016300676215905696,0.13394624995999038,5ce4172daaeafbd58657d7cad04ddd08:0:0,e0477577e125d0588edf0e94bc9e1fd4:0:0,86f4fde4e80b02393d08325524f1652b:0:0,99d2f2a737b3331e9ca50f9e713edda9:0:3843700666,0050ff47a7450327483b8506ae6f819d:1:1215003201,10,1.0,0,0,0,0,0,0,512,10,0,512,7,0,254,0,0,258,10,0,512,0.2340579628944397,73.64115905761719,169,0
1247,A,47,0.0027758684009313583,0.05818615108728409,nan,nan,512,0,0.0027758684009313583,0.05818615108728409,all_rows,512,0,0.00981523934751749,0.0662109375,-0.0006636739941313863,0.0016496839874889702,0.13532643602229655,5d9f0c7c8d03252bb2b93f4d25909108:0:0,48536f833277995b2db60d56852efcef:0:0,7ce97f29328201d0c951b895bdf314af:0:0,315f16be5e5ed1768225d843779f19a9:0:2382051244,2522e3015471459bb5bf8f339f8fa7d8:0:566775478,10,1.0,0,0,0,0,0,0,512,7,0,512,9,0,240,0,0,272,7,0,512,0.23635438084602356,72.11082458496094,179,0
1248,A,48,0.006575699429959059,0.05543733388185501,nan,nan,512,0,0.006575699429959059,0.05543733388185501,all_rows,512,0,0.0031965032685548067,0.0353515625,0.0006220985669642687,0.001514062934438698,0.13373993703862652,7599bd58aa23f642f74011779b934508:0:0,203b9b157fec6497fa44b0530dfbe382:0:0,8646cf950f7ccfbd57089c9d9e1b56b1:0:0,59f1f7d050e36ddb11f7f4b73e3f55a9:0:1893845280,b752ec817933aa45a044623e9587cd08:0:1979671971,10,1.0,0,0,0,0,0,0,512,8,0,512,7,0,265,0,0,247,8,0,512,0.22526061534881592,70.9051513671875,158,0
1249,A,49,-0.0033833319321274757,0.0544741153717041,nan,nan,512,0,-0.0033833319321274757,0.0544741153717041,all_rows,512,0,0.012425931170582771,0.052734375,0.004486938379704953,0.0014444412081502378,0.16964572097640485,536fe0fc07ae6b195846bb7e3255f908:0:0,7fc0f73f5c7a97b3f5f01313896fcb32:0:0,50f708640e1c62ec896dd695e6031c99:0:0,057e1c1afafefe1b5b9168b5c51f91a9:0:796375639,93dc8a084c2c46fe29acae5cb321fe86:1:1341184903,10,1.0,0,0,0,0,0,0,512,7,0,512,5,0,254,0,0,258,7,0,512,0.2279534637928009,70.60913848876953,154,0
1250,A,50,0.004436919465661049,0.05420875549316406,nan,nan,512,0,0.004436919465661049,0.05420875549316406,all_rows,512,0,0.0029978896491229534,0.029296875,-0.000946680037304759,0.0014607193355914206,0.18121620296733454,363b1f034831c530e5206a94e9d8ad08:0:0,c60ff80673c8aa3bdac3abcec273d521:0:0,25aeb5a910d9cd0057d25b29e7e37ed2:0:0,a575724156b466f33f7077fb0c3fcda9:0:3710731733,3c678fe80c53f5a4b562eaf912f19fcf:0:3570864650,10,1.0,0,0,0,0,0,0,512,4,0,512,11,0,270,0,0,242,4,0,512,0.2218782752752304,72.56187438964844,154,0
1251,A,51,0.004002571105957031,0.05739941447973251,nan,nan,512,0,0.004002571105957031,0.05739941447973251,all_rows,512,0,0.009015582501888275,0.096484375,-0.00022836015559732915,0.0016218600329011678,0.18116215500049293,7d60e15dacda1ef76c190befc21b6108:0:0,fa69bc47e2f8f9568f45b8225cb20c25:0:0,b1819e57bbb5e35db15e234993230383:0:0,39a6b8cc27c5c5a2ab1ba64313a009a9:0:808340212,98b789b31b5e69884920608e96bffc54:0:4130834007,10,1.0,0,0,0,0,0,0,512,10,0,512,11,0,250,0,0,262,10,0,512,0.2204306274652481,73.44739532470703,181,0
1252,A,52,-0.007322144694626331,0.06112205237150192,nan,nan,512,0,-0.007322144694626331,0.06112205237150192,all_rows,512,0,0.004479906056076288,0.040625,-0.0048681112937629225,0.0018507921078708023,0.176898336969316,5bc53195b93fcfee2e754cc2bb1e1508:0:0,f62e35bb3a0d65f28df91fe6632e88e5:0:0,26d29ac7fcdee43f3bb1e57ef03c5bfd:0:0,96979d3d66d309c4d521b749db4045a9:0:2783746659,0bc493e66db3dc3c5ed8e9b8f040527a:0:2504466071,10,1.0,0,0,0,0,0,0,512,6,0,512,4,0,264,0,0,248,6,0,512,0.22461485862731934,72.32475280761719,150,0
1253,A,53,0.003946108277887106,0.055953048169612885,nan,nan,512,0,0.003946108277887106,0.055953048169612885,all_rows,512,0,0.002518773777410388,0.0533203125,-0.00117473010905087,0.001572894718265161,0.13717125001130626,d265ed3cabcba19194729a41d4e0c908:0:0,7531a6cdaa898e0da846bd76ee2b047c:0:0,c33d3e5488054c9500f8290690f9983a:0:0,8ab6ee2576d8df677919aecb632081a9:0:2239633331,598a3b9a20cbf4315f8d3d0eba915448:0:1786897432,10,1.0,0,0,0,0,0,0,512,9,0,512,7,0,246,0,0,266,9,0,512,0.22431227564811707,73.0331039428711,169,0
1254,A,54,0.008404671214520931,0.054366178810596466,nan,nan,512,0,0.008404671214520931,0.054366178810596466,all_rows,512,0,0.0010047323303297162,0.0369140625,0.0017804320435971023,0.0014684273046441376,0.10376368701690808,2530a6ebbce3d500e14721a10f637d08:0:0,e94b1ce99845e7e1dbe995fbeadb58c7:0:0,f72f315423e27b1f2352d3e1b7323fe1:0:0,ff91a4417fcbe96213a2d083ab40bda9:0:3630623109,e66109619e5e75d9ae29d86a89766288:1:610829707,10,1.0,0,0,0,0,0,0,512,8,0,512,8,0,242,0,0,270,8,0,512,0.22291333973407745,72.98871612548828,158,0
1255,A,55,0.0013590629678219557,0.05555335432291031,nan,nan,512,0,0.0013590629678219557,0.05555335432291031,all_rows,512,0,0.004311199765652418,0.059375,-0.005837150616571307,0.0015243466768879443,0.10301905503729358,148146f6d715f965e721d0146aa63108:0:0,7a4116a8acb035630f8b51d6cceffb6d:0:0,40043edb6d9e3e17219dbb1560f08aac:0:0,3e932b42890c4bed1e64a02eb3a0f9a9:0:1686651375,ba0a883bea286f681667d536dfac67ea:1:1949619728,10,1.0,0,0,0,0,0,0,512,7,0,512,10,0,246,0,0,266,7,0,512,0.22444726526737213,72.70113372802734,167,0
1256,A,56,-0.0054944646544754505,0.054812002927064896,nan,nan,512,0,-0.0054944646544754505,0.054812002927064896,all_rows,512,0,0.009934966452419758,0.1078125,0.004028450790792703,0.001433343841927126,0.10330983501626179,c6dff0953a71931cbb2a52cfe6a8e508:0:0,bf20249b80bfba58b5e5c76e09187769:0:0,6df343edbc0c6de2b4f10ba05ddbc57a:0:0,000533752e6d87794c0ee1887c4135a9:0:1275843325,ee9751832775fda55afe9fa7ec1af92e:0:2369373337,10,1.0,0,0,0,0,0,0,512,11,0,512,12,0,246,0,0,266,11,0,512,0.2292550951242447,73.94493865966797,155,0
1257,A,57,0.008917327038943768,0.0613836832344532,nan,nan,512,0,0.008917327038943768,0.0613836832344532,all_rows,512,0,0.008195538073778152,0.0583984375,-0.0014082415495067836,0.0018301932432223111,0.10279386903857812,fa09d5ed3d47939b69811707836b9908:0:0,74e395157d652824fe4cd13f83752850:0:0,f97905ca568c4eb9601e7a0c7ef51f71:0:0,bf3d721a0a8ea3c6c459984d052171a9:0:3568181087,2824866f3df3b6715b01b8cc33aa8479:1:2182924623,10,1.0,0,0,0,0,0,0,512,3,0,512,5,0,262,0,0,250,3,0,512,0.22867533564567566,73.5166244506836,156,0
1258,A,58,0.0025103306397795677,0.05117403715848923,nan,nan,512,0,0.0025103306397795677,0.05117403715848923,all_rows,512,0,0.0041244444437325,0.036328125,0.0015662552090361715,0.001295089110499248,0.10376623197225854,48d27f191c82a219a93f49ef40ee4d08:0:0,165f57ecf3a6ca19cb41e1b84aaf6476:0:0,2f8184e425ce060d98122fc2f2f43d59:0:0,d8700ed7313eab3c600508384e41ada9:0:3558587901,8a90bf22adbd9c511d0008d321e82024:1:1662349085,10,1.0,0,0,0,0,0,0,512,10,0,512,11,0,243,0,0,269,10,0,512,0.22175657749176025,74.42771911621094,176,0
1259,A,59,-0.006347820162773132,0.04828490689396858,nan,nan,512,0,-0.006347820162773132,0.04828490689396858,all_rows,512,0,0.010178303346037865,0.1603515625,0.0203084422275424,0.0011638114607194438,0.10433846898376942,95b995e38dcc34f89076d8bb1f310108:0:0,083a281667bb1395604168b63595901c:0:0,219e773347a6a632477353e85ad88daf:0:0,13b4114354a9767ee4d9b50657a1e9a9:0:2138495556,d825c1c8a91108c1beb0766cc4ebfe26:0:1457426871,10,1.0,0,0,0,0,0,0,512,13,0,512,11,0,233,0,0,279,13,0,512,0.20955845713615417,75.35911560058594,178,0
1260,A,60,-0.0010262483265250921,0.05647411569952965,nan,nan,512,0,-0.0010262483265250921,0.05647411569952965,all_rows,512,0,0.006605056114494801,0.0451171875,-0.002874688524752855,0.0015735133783891797,0.10531011002603918,78ec89a385b27bea4832709f1e33b508:0:0,09045592c2a92737939e8a3157cc306c:0:0,7d17528943a12256adc30468759266a5:0:0,55abf2237008c84841a86273214225a9:0:1466894496,08122fa5f9d15c2934de699818cb0d02:0:3476230543,10,1.0,0,0,0,0,0,0,512,4,0,512,7,0,275,0,0,237,4,0,512,0.21381300687789917,76.8467788696289,141,0
1261,A,61,0.008813254535198212,0.06337857246398926,nan,nan,512,0,0.008813254535198212,0.06337857246398926,all_rows,512,0,0.008104638196527958,0.079296875,0.001380963553674519,0.0018451535841450095,0.10328725795261562,6c93544764031ad9c0757ecf3df66908:0:0,b0cbe9d5fea582a0afeb5f13b7506531:0:0,9b0ccdff5206ca3a3886b09bf97d173c:0:0,1937808c1295b97eca4a143aab2261a9:0:1598944850,c882ba4d9ffd723f85f77dd063c234cf:0:1910996751,10,1.0,0,0,0,0,0,0,512,6,0,512,6,0,248,0,0,264,6,0,512,0.21269899606704712,78.6908950805664,177,0
1262,A,62,0.000763743999414146,0.055590808391571045,nan,nan,512,0,0.000763743999414146,0.055590808391571045,all_rows,512,0,0.010169630870223045,0.095703125,-0.010224013030529023,0.001518544735154137,0.10313762002624571,dc7c5348788eb592643c307f7e791d08:0:0,d5dce76226ada72c4f98dda24f27f67b:0:0,4e5135a0ec4aea277169cc9a648f3e56:0:0,f6d593afa576758c73a00e18f5429da9:0:732753338,a8f12ef666a9977d203bce7be109b20f:0:593618953,10,1.0,0,0,0,0,0,0,512,3,0,512,10,0,250,0,0,262,3,0,512,0.2304123342037201,78.95480346679688,162,0
1263,A,63,-0.008868509903550148,0.04727800190448761,nan,nan,512,0,-0.008868509903550148,0.04727800190448761,all_rows,512,0,0.0042779650539159775,0.0560546875,-0.0006240184884518385,0.001067774524562992,0.10263869300251827,b73c84e892894c27cd7b72e3dfbbd108:0:0,26958eb756f0fdfac4d11e4f66d24e19:0:0,c21f301f018444e3888796c7314f437f:0:0,b62b86bb476446f60f93d3c9ffa2d9a9:0:2878719540,671d95ff7400463b6d4e2c75f06d7223:1:916065285,10,1.0,0,0,0,0,0,0,512,5,0,512,8,0,256,0,0,256,5,0,512,0.23230929672718048,78.73876190185547,153,0
1264,A,64,0.0019404527265578508,0.0535472072660923,nan,nan,512,0,0.0019404527265578508,0.0535472072660923,all_rows,512,0,0.0019113970920443535,0.0677734375,-0.007970185205340385,0.0014098398154601456,0.1026554949930869,27678bc40cbb681d7920f33061be8508:0:0,88218df1792ea089528584224ee3476c:0:0,a9f89f9ca1b5a8a3c8ecd054792bb7a8:0:0,14c63cbc18c5f43289172909ca4315a9:0:3706620077,ac9f666581b02fa796652820a2668086:1:3366222549,10,1.0,0,0,0,0,0,0,512,4,0,512,7,0,266,0,0,246,4,0,512,0.2155105173587799,77.87287139892578,157,0
1265,A,65,-0.003575535025447607,0.06718000024557114,nan,nan,512,0,-0.003575535025447607,0.06718000024557114,all_rows,512,0,0.008641446009278297,0.1115234375,-0.006899093091487884,0.0022553399263415485,0.10321088798809797,345da06b88b81a4e7b131e9904813908:0:0,2c158d983c52eaa7a4e24e34df3d1dc9:0:0,64feccc23d9aad3307b84628eb6c0d9b:0:0,72d4671f12fa6cc220241194552351a9:0:2106840757,f4b7e0a54bda71e140029f5bdab9674c:0:2779512820,10,1.0,0,0,0,0,0,0,512,9,0,512,9,0,269,0,0,243,9,0,512,0.2131965458393097,77.63208770751953,157,0
1266,A,66,-0.0013867965899407864,0.05286070331931114,nan,nan,512,0,-0.0013867965899407864,0.05286070331931114,all_rows,512,0,0.004901432432234287,0.06015625,0.0018188130110502244,0.001394885848276317,0.10331678600050509,b41512614b4bc99532312251c803ed08:0:0,ccb46e703447e01cda01674aec128db4:0:0,195fc1ee1af624dfb61b79f98c0546fa:0:0,d39401f5c58fc685a5bcd125a0438da9:0:2366441052,bd7af061d93af9582f6dd3625050af56:1:1174868692,10,1.0,0,0,0,0,0,0,512,6,0,512,6,0,242,0,0,270,6,0,512,0.20350804924964905,77.57698059082031,173,0
1267,A,67,-0.0007525386172346771,0.06250306218862534,nan,nan,512,0,-0.0007525386172346771,0.06250306218862534,all_rows,512,0,0.0071265436708927155,0.0775390625,-0.00413903403095901,0.001957448705798015,0.10609938501147553,b2f9277eec57d232fc52eb8eac46a108:0:0,ca93d01bb387411a4301071526d3349f:0:0,b32ed5fca3b9cc7845551fdcd5397cc9:0:0,f3b56dc294228b55b7ebeb79aba3c9a9:0:1172859827,d73826985c6717e1369568990c188bcc:0:1785727619,10,1.0,0,0,0,0,0,0,512,10,0,512,8,0,278,0,0,234,10,0,512,0.19725756347179413,76.46014404296875,147,0
1268,A,68,0.005895690526813269,0.04944729432463646,nan,nan,512,0,0.005895690526813269,0.04944729432463646,all_rows,512,0,0.009596169926226139,0.0875,-0.004926778096705675,0.0012182030797703192,0.10496451001381502,c5390a70cc4ef5f7ea492783b1495508:0:0,130a475bd5f83b30b83195297f886eb0:0:0,a277b1c591c4cb62e9abbfce63cd35b7:0:0,844d3f274fa156d9fdc4244c774405a9:0:2624760248,345ecb1f45d49341a9b7da09bc3c3311:0:42266440,10,1.0,0,0,0,0,0,0,512,3,0,512,3,0,238,0,0,274,3,0,512,0.20144404470920563,76.06487274169922,170,0
1269,A,69,-0.003053446067497134,0.04957829788327217,nan,nan,512,0,-0.003053446067497134,0.04957829788327217,all_rows,512,0,0.0020330315455794334,0.0099609375,-0.001090177521109581,0.0012224373524077237,0.10451991902664304,166f0e9d81869d2a73dd4364d70c0908:0:0,d82f3bcd5f42d8ecc43c6a8ea38d412d:0:0,731529833a8dd62088626ddb66b9f38f:0:0,bd52c96945b0c4a063607f5a032441a9:0:1818660137,6b8e6f2705115adbf650fb9f0f6cefb1:0:2674743975,10,1.0,0,0,0,0,0,0,512,6,0,512,2,0,246,0,0,266,6,0,512,0.21039439737796783,74.89606475830078,157,0
1270,A,70,0.0024754260666668415,0.06101934611797333,nan,nan,512,0,0.0024754260666668415,0.06101934611797333,all_rows,512,0,0.007390399929136038,0.06953125,-0.01361469104886055,0.0018167685193475336,0.10582468198845163,0222d9782f90e82f2bd16c661d8ebd08:0:0,f7f978ee7527500c1ea3f7de9b352b0c:0:0,23cf6609bc07700683b253690c72c164:0:0,575c915620ebae7455e4405e4f447da9:0:2124343317,710ef5c69e41d3dff52d6d5f38fe448a:0:1811510616,10,1.0,0,0,0,0,0,0,512,4,0,512,8,0,244,0,0,268,4,0,512,0.2188882827758789,75.12923431396484,145,0
1271,A,71,-0.0036481188144534826,0.05796733871102333,nan,nan,512,0,-0.0036481188144534826,0.05796733871102333,all_rows,512,0,0.005612117704004049,0.0638671875,-0.005991081730462611,0.0016325472854077816,0.10495417000493035,0a0ffee57ad391f073e08fbb84d17108:0:0,cd43ee65ebb57d1079629e42ef105ea0:0:0,86fa34d364a1a7365add67d95df09d0f:0:0,718d3aad34bbbaf5ff7aeb155ba4b9a9:0:4059051464,35297ad1eda2a56b55c7d187cd27a46f:0:136513397,10,1.0,0,0,0,0,0,0,512,8,0,512,8,0,247,0,0,265,8,0,512,0.2189643681049347,73.55470275878906,156,0
1272,A,72,-0.003982490859925747,0.05834706872701645,nan,nan,512,0,-0.003982490859925747,0.05834706872701645,all_rows,512,0,0.0016772939125075936,0.0890625,0.004108604043722153,0.0016049445723183454,0.1034298840095289,9f0e50038a8fa30630be5a990cd42508:0:0,1d28152cdc6f06a9271c17eb9a5b7a2e:0:0,b31b7341a690012d8995b63d1f480305:0:0,d6b322c90f863c718358433b2844f5a9:0:1527746878,94855e8ab532c9263f2bbed13c021928:0:3695806080,10,1.0,0,0,0,0,0,0,512,4,0,512,7,0,249,0,0,263,4,0,512,0.21719783544540405,72.3990249633789,149,0
1273,A,73,0.006197774782776833,0.05701471120119095,nan,nan,512,0,0.006197774782776833,0.05701471120119095,all_rows,512,0,0.001522091799415648,0.0689453125,0.0008756343275308609,0.0015890648355707526,0.10434350901050493,e7b9814e4b8df59d7e173a32b596d908:0:0,8c8703ae5a6ddce9ea641342a128defd:0:0,769f90e53df0824df36bf42ad03c962c:0:0,5bbab7dd6de95ff639b84c8bb52531a9:0:834239880,f13c5b101972624c7b749018548f8bc3:1:2760683652,10,1.0,0,0,0,0,0,0,512,3,0,512,7,0,261,0,0,251,3,0,512,0.21621191501617432,72.06256866455078,137,0
1274,A,74,0.003556055948138237,0.05233174189925194,nan,nan,512,0,0.003556055948138237,0.05233174189925194,all_rows,512,0,0.013516095466911793,0.09453125,0.001918760477565229,0.0013559294340666384,0.10451439704047516,fd42e6c1e5a48a2062905bbc7f198d08:0:0,4730bdf3f6196fb346723364da8c13a7:0:0,81a0a6d7418728b53970c3a68ee214fa:0:0,91ffb4b5e9c5acadebdf4ac302456da9:0:1857555472,9b0929d1e99ee09971082eccc51ef004:0:1957822530,10,1.0,0,0,0,0,0,0,512,6,0,512,10,0,255,0,0,257,6,0,512,0.22225810587406158,72.0847396850586,153,0
1275,A,75,-0.00482257129624486,0.06179327517747879,nan,nan,512,0,-0.00482257129624486,0.06179327517747879,all_rows,512,0,0.005258494988083839,0.0560546875,-0.001619661133736372,0.0018499198369681836,0.1148815979831852,7bf1d2461648ac9d83c7ac6a695c4108:0:0,e450e9f7d0f8ef2c426f3a2b08a19876:0:0,fb67fc822b7481b6c7c5f59051c5c579:0:0,a203bd79ffcfd3741019c19d0fa5a9a9:0:3840961146,9843b4727709f49f07d3fc75ed9e8b75:1:510287359,10,1.0,0,0,0,0,0,0,512,6,0,512,3,0,256,0,0,256,6,0,512,0.22109556198120117,72.06493377685547,143,0
1276,A,76,0.0013481248170137405,0.06349722295999527,nan,nan,512,0,0.0013481248170137405,0.06349722295999527,all_rows,512,0,0.0015994677087292075,0.05546875,-0.0030651429668068888,0.0019604995497502385,0.10616278403904289,427da255e261eaefda53d970745ef508:0:0,73563c1a68b93ff9ad2f9337fe1d1436:0:0,ca8b3c45e916d6a64f6c5b5e82956e3b:0:0,b6d96a934666cead05bc74d5dd45e5a9:0:4063549721,01c4d141105ccd6481a1486228249102:0:2154141987,10,1.0,0,0,0,0,0,0,512,4,0,512,8,0,240,0,0,272,4,0,512,0.21878017485141754,72.40193176269531,156,0
1277,A,77,0.0022420769091695547,0.056056588888168335,nan,nan,512,0,0.0022420769091695547,0.056056588888168335,all_rows,512,0,0.0045752753503620625,0.0416015625,-0.000357883982360363,0.0014812270586844535,0.1048163459636271,525fc47fd191dba665c45002a021a908:0:0,c7b63060db125de3a220c3f3b3844103:0:0,2dcb5db61468d6939157662555e97d8a:0:0,d0699b6af06a525d512468296b2621a9:0:3744741812,7f392a9a59da700dc51d3495436dfc93:0:896473405,10,1.0,0,0,0,0,0,0,512,8,0,512,7,0,251,0,0,261,8,0,512,0.21882715821266174,72.8093490600586,148,0
1278,A,78,-0.004393375478684902,0.05784625932574272,nan,nan,512,0,-0.004393375478684902,0.05784625932574272,all_rows,512,0,0.010029138997197151,0.125390625,-0.00532140894792974,0.0016560456249862909,0.10432859399588779,743bd903a524b5abe0a13d54eca45d08:0:0,03fe15af2c87004b6164a72e36da68bc:0:0,9205f7592ef34389eb58a9299d4b8016:0:0,faddf34bf6cd8c80d7b6df53b9465da9:0:3047993441,6b32675e02f34bf633e3509c6baa6d24:1:1447670934,10,1.0,0,0,0,0,0,0,512,3,0,512,6,0,262,0,0,250,3,0,512,0.22562609612941742,72.90021514892578,126,0
1279,A,79,0.0015111396787688136,0.06081460788846016,nan,nan,512,0,0.0015111396787688136,0.06081460788846016,all_rows,512,0,0.003605934325605631,0.0560546875,0.0005043473094701767,0.0018503926345147192,0.10387395200086758,0f48c27b3cdeb8ae746b8e9b59e71108:0:0,76650a15fe57af4059a3beccbe11c0cb:0:0,58c53b2d34ed926d9bb9ce70a2af4e9a:0:0,ac2ea74f83a235a21be15e10c7a699a9:0:736657557,f2487cb9e29208e23de70bc49a914549:1:4210522071,10,1.0,0,0,0,0,0,0,512,7,0,512,7,0,270,0,0,242,7,0,512,0.21247518062591553,72.85515594482422,136,0
1280,A,80,0.0008847991121001542,0.04896290600299835,nan,nan,512,0,0.0008847991121001542,0.04896290600299835,all_rows,512,0,0.0016290348721668124,0.042578125,0.0023283242247998715,0.0011893730610609055,0.10558387299533933,09febe251bda66476d9cf109e7e9c508:0:0,4bdf876cafe14cf8d00cc4b50f903d5c:0:0,b14d8db976673df8d51d067405e57465:0:0,465344d17957f1b17919a81c9646d5a9:0:2450268069,5a376e8f9d74681c899c9d818147ea11:0:3456644942,10,1.0,0,0,0,0,0,0,512,9,0,512,10,0,250,0,0,262,9,0,512,0.21800044178962708,73.71526336669922,144,0
1281,A,81,-0.02525637112557888,0.060767024755477905,nan,nan,512,0,-0.02525637112557888,0.060767024755477905,all_rows,512,0,0.00799266342073679,0.0546875,-0.0020125678740441797,0.0015176714980043471,0.10422079003183171,0df4a70fbfab8be2efa7d1d496ac7908:0:0,1f74b9f18b522b2cffba99f1201ab31c:0:0,3e83838180a78cc2f4884b0336b5b4e1:0:0,5525d48330ec011c5fddc133252711a9:0:1485154391,786b82da17a6d460432630552106dbf1:0:3665837636,10,1.0,0,0,0,0,0,0,512,4,0,512,10,0,238,0,0,274,4,0,512,0.2119227796792984,73.10348510742188,165,0
1282,A,82,-0.004271471872925758,0.0658763125538826,nan,nan,512,0,-0.004271471872925758,0.0658763125538826,all_rows,512,0,0.005778937134891748,0.042578125,-0.00011508595198392869,0.00207668766961433,0.10576275503262877,a989400dbbfb1d67a8f75e2f662f2d08:0:0,302fcb39599bb4940460025104214820:0:0,70b068d86a7ef795ed0798e63670e5d8:0:0,f2e5b6cac9c5422491b3ed1074474da9:0:895860139,671a975f3d33c10f91897e73aed9469f:1:4114860155,10,1.0,0,0,0,0,0,0,512,4,0,512,7,0,264,0,0,248,4,0,512,0.2084810584783554,71.46528625488281,146,0
1283,A,83,0.010078664869070053,0.061175636947155,nan,nan,512,0,0.010078664869070053,0.061175636947155,all_rows,512,0,0.00367645057849586,0.053515625,-0.0035312097053974865,0.0018364306248258798,0.10819936101324856,0874ce034ccfe09e86ef834e5671e108:0:0,aa0bb951a07d62a2f07449c2baa56f12:0:0,635377df7d7f73f195d51d8b8860ef7e:0:0,adb3cab5a5f882775d2aaf7083a789a9:0:3097807841,01d9be527db04b29a3c5f90c2bc6c6f8:1:2719762270,10,1.0,0,0,0,0,0,0,512,8,0,512,4,0,257,0,0,255,8,0,512,0.22233502566814423,70.6529541015625,141,0
1284,A,84,-0.0009256096091121435,0.051517244428396225,nan,nan,512,0,-0.0009256096091121435,0.051517244428396225,all_rows,512,0,0.0010801524622365832,0.0734375,-0.003666906268335879,0.0013131589657859877,0.10260979301529005,d96b6dc6d1b7e95a69ecee6567749508:0:0,4b9cf74993abb698d419a158f0e12ae9:0:0,b03652e72216ecaae99dfd0f1eb4fb2c:0:0,339be15cedb12104d9d8cc0f5347c5a9:0:1256105010,ccc2bcad342d68289d82fe46e251577f:0:140344015,10,1.0,0,0,0,0,0,0,512,7,0,512,6,0,258,0,0,254,7,0,512,0.22162602841854095,71.29730224609375,144,0
1285,A,85,0.0011135502718389034,0.05302291363477707,nan,nan,512,0,0.0011135502718389034,0.05302291363477707,all_rows,512,0,0.0016074971063062549,0.0580078125,-0.0019160769414156675,0.0013995852845255286,0.10388959100237116,f35166766406e65fd9450ca899374908:0:0,fe9b370364d705d425f0f358ff437087:0:0,53bc5ffd57b6c1d86a2d8b16c89022ec:0:0,d2082c33347a0017245d46a8e32801a9:0:1453964661,87d6108bfe0c7408b92243ae81936fb2:0:3218050525,10,1.0,0,0,0,0,0,0,512,6,0,512,5,0,246,0,0,266,6,0,512,0.22784358263015747,71.97784423828125,158,0
1286,A,86,-0.0031539713963866234,0.05441094562411308,nan,nan,512,0,-0.0031539713963866234,0.05441094562411308,all_rows,512,0,0.007437748368829489,0.0646484375,-0.0029860815033316613,0.0014762263861484825,0.10498137102695182,e8e842cd7a5d3f0cb7460b4bebb9fd08:0:0,6cc9a1f2fba34dd04c854c453d19ee13:0:0,57b332f53ebdb12ea3518e60428b54d8:0:0,59123d4a9b22c7a99a5f62f933483da9:0:2884109069,6142961e5afc5d46f526d070719fdc25:1:1669424020,10,1.0,0,0,0,0,0,0,512,6,0,512,5,0,276,0,0,236,6,0,512,0.23277981579303741,72.24468994140625,126,0
1287,A,87,-0.00012232689186930656,0.057242486625909805,nan,nan,512,0,-0.00012232689186930656,0.057242486625909805,all_rows,512,0,0.006404809188097715,0.025390625,-0.00128362444229424,0.0016277879127301275,0.10450226604007185,770db9ae4bac01bff536d7835efcb108:0:0,e33b230b2a699e9c384c8e3d5b5ae0df:0:0,2dbc7f6b0ad8d69cb4af4ca04c3f1632:0:0,134a553b08fd7800168ea4bc43a879a9:0:2421968664,8d28de8608e9eb2b56e04ed494f09b52:0:1401105935,10,1.0,0,0,0,0,0,0,512,3,0,512,10,0,248,0,0,264,3,0,512,0.2591227889060974,73.33695983886719,134,0
1288,A,88,-0.0016059661284089088,0.05009806156158447,nan,nan,512,0,-0.0016059661284089088,0.05009806156158447,all_rows,512,0,0.007638198789209127,0.0595703125,-0.007549447286874056,0.001243742584483698,0.10452678799629211,18645fbb63e9a30147571e82f2ff6508:0:0,52eba8446eb5dcb9cfd420cb7bbcf4c5:0:0,e95ef4e2d0aab3b7d000dddb58807d1d:0:0,1f811ae857304c7e2ca2cfae1448b5a9:0:2925938602,d8ca6ca331fa2bae836e01c1bf25b64d:0:2444593723,10,1.0,0,0,0,0,0,0,512,8,0,512,7,0,241,0,0,271,8,0,512,0.24066677689552307,71.97623443603516,146,0
1289,A,89,-0.0016835557762533426,0.057441595941782,nan,nan,512,0,-0.0016835557762533426,0.057441595941782,all_rows,512,0,0.0013427307130768895,0.094921875,-0.0028580388985574245,0.0016363515111152082,0.10368107800604776,8a49c1869cab8d68d8df4d7ea7c21908:0:0,88435507752f43f0a582e1a4ec112d41:0:0,c46952f803a3401bc7bcbc551e127637:0:0,7421760088d7eebe655be78aa528f1a9:0:1878587576,f83595c27a698627591fb1a782b9e79c:1:2225639831,10,1.0,0,0,0,0,0,0,512,2,0,512,8,0,261,0,0,251,2,0,512,0.23143889009952545,70.31939697265625,141,0
1290,A,90,0.0004089237190783024,0.05346135422587395,nan,nan,512,0,0.0004089237190783024,0.05346135422587395,all_rows,512,0,0.01058254949748516,0.0546875,-0.0066458110231906176,0.0014182336861267685,0.10830286896089092,3315df836bd88247000091aa7d44cd08:0:0,f403ee180f965cbd1a59df9321075b0b:0:0,f8c92226121ab60a6d9a951eba8c1979:0:0,0af81da26ab5f9e97a82300df6492da9:0:471763819,9cb25bffdcb3cb5dea0208c007da7df0:0:2142688109,10,1.0,0,0,0,0,0,0,512,7,0,512,12,0,253,0,0,259,7,0,512,0.23634789884090424,70.74882507324219,132,0
1291,A,91,-0.0011384759563952684,0.056884896010160446,nan,nan,512,0,-0.0011384759563952684,0.056884896010160446,all_rows,512,0,0.0018921789014711976,0.0470703125,-0.0010675267782062291,0.001614185411017388,0.10601757699623704,a18512933aa7cb0bf1e4d83a73878108:0:0,d300c8cbd20ee7dec4d87208b67f3d64:0:0,4cd8dc5647ef68796183529bb92b0439:0:0,092481353527ce4d92e62cf407a969a9:0:653306736,83e0e5c3ec0016566c0fd9bdbfd049a2:1:1406164980,10,1.0,0,0,0,0,0,0,512,8,0,512,6,0,277,0,0,235,8,0,512,0.23052257299423218,72.37102508544922,144,0
1292,A,92,0.002314274897798896,0.05120900273323059,nan,nan,512,0,0.002314274897798896,0.05120900273323059,all_rows,512,0,0.004099788144230843,0.104296875,-0.002386978967115283,0.0013009723857976495,0.10468817898072302,499f21ab37213b6f76aece628a8a3508:0:0,f47ff43cc8b345d3050c64bcdea26b4d:0:0,f6646d93d74e27a13758bf15042b0648:0:0,099b02120b21b5357e60a1f8d949a5a9:0:503245050,eb5fd030fc2458a16e70a1a8fbd43628:1:1272735233,10,1.0,0,0,0,0,0,0,512,6,0,512,9,0,242,0,0,270,6,0,512,0.2294180989265442,72.46373748779297,169,0
1293,A,93,-0.0024812433402985334,0.05626019835472107,nan,nan,512,0,-0.0024812433402985334,0.05626019835472107,all_rows,512,0,0.005514479707926512,0.112109375,-0.004199587740004063,0.0015556376951280982,0.11017944698687643,b52cc6bbd25204589d79e156c24ce908:0:0,8fbdad16ce93aeff9fe2bc9cc0c363e1:0:0,a0214d6ff31263d034ed08d128f08f85:0:0,e15b013870ea54fff1d292d86b29e1a9:0:2308169755,2a7bb989ddab70f2e995f339ecb15986:0:1563491218,10,1.0,0,0,0,0,0,0,512,4,0,512,8,0,235,0,0,277,4,0,512,0.23127780854701996,72.39237213134766,144,0
1294,A,94,0.004595665726810694,0.052797965705394745,nan,nan,512,0,0.004595665726810694,0.052797965705394745,all_rows,512,0,0.008780956268310547,0.0740234375,0.0031466121319681404,0.0013826340087689458,0.10463271400658414,15980aaadd6a5785705a3e4b1acf9d08:0:0,bb25f1a67ebfaf1457cf1884ba3dcfb5:0:0,17709e20800ed28b2dd1c6934ca03fa8:0:0,23840cdf15527576c325434ebd4a1da9:0:3756040527,49f73da91d0f47536eb0c329880d7598:0:2360527313,10,1.0,0,0,0,0,0,0,512,7,0,512,8,0,251,0,0,261,7,0,512,0.2234622687101364,71.92903137207031,179,0
1295,A,95,-0.0065844678319990635,0.06138058379292488,nan,nan,512,0,-0.0065844678319990635,0.06138058379292488,all_rows,512,0,0.011106942780315876,0.1322265625,0.0038849752862006428,0.0018648163240868598,0.10375522501999512,03abbdd9f7f7dbf2a85cd27394125108:0:0,ee4c7c9d4a286b7cb71ebee7a4c33c13:0:0,f37ec2a98dcada8f4ea5a16a871245e9:0:0,390c7e4a88251466254a3717cfaa59a9:0:926707993,1cfd654eac9cf2c4f20d7ae8aabded3a:1:4259176511,10,1.0,0,0,0,0,0,0,512,7,0,512,6,0,259,0,0,253,7,0,512,0.21902646124362946,73.95389556884766,163,0
1296,A,96,-0.0015860165003687143,0.050326935946941376,nan,nan,512,0,-0.0015860165003687143,0.050326935946941376,all_rows,512,0,0.006162978708744049,0.05703125,0.004178630118258297,0.001252802408998832,0.10405102703953162,bfcae45bc170f30361874b042e150508:0:0,7e1439b1b6f35aa43bd4cec4f441b6d5:0:0,587d4e66395be38f231d0bda973ae80c:0:0,ec4118ebb88bca73e43b31efa24a95a9:0:256188547,3f3a05950aa6c2c1bac71d610aa60a5e:0:2436828154,10,1.0,0,0,0,0,0,0,512,3,0,512,9,0,267,0,0,245,3,0,512,0.23365694284439087,73.4889144897461,145,0
1297,A,97,-0.00202809926122427,0.05798006057739258,nan,nan,512,0,-0.00202809926122427,0.05798006057739258,all_rows,512,0,0.0012238029157742858,0.0560546875,-0.0030665043741464615,0.0016582810669206083,0.10622327099554241,f3aa32a30044ce68ced81530e8d7b908:0:0,ace4e2d376a1d2aaba783b19701dad56:0:0,7fb7f0e52959da37e7d27affd1c142e8:0:0,b3a8b86056238036a0fa3792352ad1a9:0:4280692885,eaf4f8158e86a1667ab3c2190f8b7566:1:298746656,10,1.0,0,0,0,0,0,0,512,3,0,512,9,0,246,0,0,266,3,0,512,0.24201634526252747,72.8507080078125,161,0
1298,A,98,0.006026560440659523,0.06006314978003502,nan,nan,512,0,0.006026560440659523,0.06006314978003502,all_rows,512,0,0.007586322724819183,0.05859375,0.00028390055522322657,0.0017238478641957045,0.10657887201523408,4e13b11fb0a456c9ee465e2dc45a6d08:0:0,b8dc4c21dc71b08ca2f42966d56f5f40:0:0,c365f0d6d1816337ad75854dd3967629:0:0,b2a8d3876f7d738d0d918bbb884b0da9:0:2211345255,0098f1b375544e5696a539eb2f58109b:0:2520631384,10,1.0,0,0,0,0,0,0,512,0,0,512,8,0,275,0,0,237,0,0,512,0.24450288712978363,72.52532196044922,138,0
1299,A,99,-0.0018080745358020067,0.05225153639912605,nan,nan,512,0,-0.0018080745358020067,0.05225153639912605,all_rows,512,0,0.007507224567234516,0.0798828125,0.006270453426986932,0.0013297876517754047,0.10621888400055468,d2874ae6ad37e32b3cc2132ec09d2108:0:0,a4622f8b93e095bdc33842359e9c6799:0:0,cdacc2f114d7866f9bf3a56dd15fa4e7:0:0,30978f74e8c88d352913b2279bab49a9:0:1237424195,13e31b960b19461c0281e596cddea0d3:0:4044763104,10,1.0,0,0,0,0,0,0,512,6,0,512,4,0,254,0,0,258,6,0,512,0.24138987064361572,72.67766571044922,152,0
1300,A,100,-0.004904688335955143,0.05367813631892204,nan,nan,512,0,-0.004904688335955143,0.05367813631892204,all_rows,512,0,0.0045393044129014015,0.080078125,-0.0022273399867117406,0.0014004802156705408,0.11063619796186686,e2626d2963f5c1166a33e167dd9fd508:0:0,c40e7a7e18d013128af11287ee8e1650:0:0,1f56e4d88be4030eb978fae38bdd14e6:0:0,11064da6a55f06a37b9b6e926f4b85a9:0:2796147251,74acdf2d1a4f183985a2a662b9bbe859:1:531071751,10,1.0,0,0,0,0,0,0,512,1,0,512,6,0,264,0,0,248,1,0,512,0.2398638278245926,71.10702514648438,146,0
1301,A,101,-0.008331863209605217,0.05742770805954933,nan,nan,512,0,-0.008331863209605217,0.05742770805954933,all_rows,512,0,0.004248310811817646,0.0921875,-0.0014126658672466875,0.0016206081141717731,0.1043358970200643,5c5cf2ebc94d8d820d7d360d1b628908:0:0,e777f64c99d18b87e0f374a4a383fb65:0:0,7675e497f2c049344acbe3b1705b9736:0:0,823c0d767ef4601a524bc4b8032bc1a9:0:2111807923,2702dad857b3746f01326c752fdea1c1:1:3608352859,10,1.0,0,0,0,0,0,0,512,4,0,512,2,0,272,0,0,240,4,0,512,0.22891153395175934,71.21038055419922,130,0
1302,A,102,0.003369359765201807,0.054882850497961044,nan,nan,512,0,0.003369359765201807,0.054882850497961044,all_rows,512,0,0.0023296866565942764,0.0244140625,-4.898612387478351e-05,0.0014884048199746759,0.1042012499528937,325a620f7bdc5e7958783e5279e53d08:0:0,7cc784eb634f3fce0f5f47b072e2d1ff:0:0,6017f8b956571d72fca89253d11d10d8:0:0,8151a15c651fa700fb4ff854574bfda9:0:844389033,3b634e9ae6dba6f60a1ed3b45bf8f189:1:1576846838,10,1.0,0,0,0,0,0,0,512,9,0,512,8,0,267,0,0,245,9,0,512,0.22871710360050201,72.26387786865234,144,0
1303,A,103,0.004666933789849281,0.060987550765275955,nan,nan,512,0,0.004666933789849281,0.060987550765275955,all_rows,512,0,0.004007815383374691,0.074609375,-0.0066107410937547685,0.0018419976928271352,0.10447438596747816,058bfc73caddbd83cbf7e76bf927f108:0:0,fb1af7bcaa2ba47366967c84edde2a39:0:0,d2df3727f2baec47893e8157da807c9f:0:0,de6a9d2c3ffe0c7b01db8d236bac39a9:0:1646272168,42dc2d93b6649a27bd7d101d15a0f7a5:1:1837301665,10,1.0,0,0,0,0,0,0,512,8,0,512,8,0,251,0,0,261,8,0,512,0.22517408430576324,71.47573852539062,156,0
1304,A,104,-0.003540246980264783,0.05964673310518265,nan,nan,512,0,-0.003540246980264783,0.05964673310518265,all_rows,512,0,0.0028267703019082546,0.0765625,-0.0015705387108027936,0.0017479563306551428,0.10760883899638429,366a5993118d72ccebc7de8d992aa508:0:0,efb95e987f6eaefbd832d341bed68ecf:0:0,3e3289c8bbae28979c5f55341620d317:0:0,f75d031370a9cc3f6a2a46e1404c75a9:0:3954847633,8ed8ff1a5f139ba21e5d0d7be8b2a470:1:921970682,10,1.0,0,0,0,0,0,0,512,10,0,512,8,0,278,0,0,234,10,0,512,0.22379428148269653,71.57857513427734,139,0
1305,A,105,0.0007100312504917383,0.05515683442354202,nan,nan,512,0,0.0007100312504917383,0.05515683442354202,all_rows,512,0,0.006770756095647812,0.0287109375,-0.000434680562466383,0.0014731336501426994,0.10790295799961314,e1e422ae99ae210bf2ac90eb59ed5908:0:0,c49fee50835c4447819543b1b08de735:0:0,7fee1396fab69f68993cbe2af26f8820:0:0,4bff11b20a4163afed802949d52cb1a9:0:1954654623,2a65597c525ddd362d9f709270d49a09:1:3485597322,10,1.0,0,0,0,0,0,0,512,9,0,512,6,0,255,0,0,257,9,0,512,0.2207762897014618,71.39893341064453,143,0
1306,A,106,0.0005388741847127676,0.06159529834985733,nan,nan,512,0,0.0005388741847127676,0.06159529834985733,all_rows,512,0,0.007345542777329683,0.1046875,0.004333248897455633,0.0018775337433908136,0.10552407102659345,00032542f768b22b86632bb93b700d08:0:0,c90574f6a3fad90d1e02d9437aaa31a8:0:0,54d4e36747eae419a03a8a999cf56c97:0:0,3d862e441e3b1930362978192a4ceda9:0:3912374110,e7c058e6dc03e601913d260b09ad7683:1:2126477034,10,1.0,0,0,0,0,0,0,512,5,0,512,1,0,266,0,0,246,5,0,512,0.22528812289237976,71.02542114257812,156,0
1307,A,107,-0.006734233349561691,0.06287688761949539,nan,nan,512,0,-0.006734233349561691,0.06287688761949539,all_rows,512,0,0.0018170705297961831,0.078515625,-0.0022145309951156376,0.00198115601669997,0.10557978600263596,c2f93d2790b894b16ba19c2b3db2c108:0:0,02b598dd325a0d2eeb3dbe8fef1b270f:0:0,e6f942e972e3fdfe161b83617e1afd7b:0:0,9a23ba67b6c0d3bd1b7ab70b3fad29a9:0:2988816360,295b15d4614262aa6880c42149b95590:1:3465574132,10,1.0,0,0,0,0,0,0,512,6,0,512,1,0,271,0,0,241,6,0,512,0.21653081476688385,71.68122100830078,150,0
1308,A,108,0.0024118307046592236,0.054472703486680984,nan,nan,512,0,0.0024118307046592236,0.054472703486680984,all_rows,512,0,0.014638584107160568,0.03203125,0.0016843883786350489,0.0014572890475392341,0.1052354359999299,f0c39964c298c9e63a168f7560b57508:0:0,5e184d622bdd878725a648763b1eed75:0:0,74bca49b5fdcc9f86c46a0433e4ecaea:0:0,e79cb5a459d042c3ddd0a9dc154d65a9:0:638467110,773c37dfb31eca80261a2c424c75db1d:1:4216884458,10,1.0,0,0,0,0,0,0,512,4,0,512,3,0,272,0,0,240,4,0,512,0.23255987465381622,71.53043365478516,145,0
1309,A,109,0.0006757745868526399,0.05553051829338074,nan,nan,512,0,0.0006757745868526399,0.05553051829338074,all_rows,512,0,0.011160261929035187,0.1064453125,-0.002542849536985159,0.0015185663884039967,0.1047103310120292,be1c9474d625c4bd106972cba4782908:0:0,1bf5a171c05b2fdd682f23bccc00b52b:0:0,e93e9cf6bd5ac20008cb5fb76cf7ad2c:0:0,933757712fdb563962905447ab2da1a9:0:1750036345,b0cabff788e31a757937a0be7a83372a:0:4104070658,10,1.0,0,0,0,0,0,0,512,8,0,512,7,0,261,0,0,251,8,0,512,0.22885167598724365,72.69000244140625,160,0
1310,A,110,-0.0015140626346692443,0.05273563042283058,nan,nan,512,0,-0.0015140626346692443,0.05273563042283058,all_rows,512,0,0.0020555895753204823,0.0556640625,0.0006918799132108689,0.0013662485871464014,0.10441913298564032,300ac24cb7e8197b483a736208fadd08:0:0,59f73465e18b0e56173304afdd67d277:0:0,e264947a54ed0962da9194b05181a4f8:0:0,2346570f28a506f17026fa0a014ddda9:0:1481859245,51d31447d2df4e0026dd6597230985ef:1:1824454512,10,1.0,0,0,0,0,0,0,512,6,0,512,9,0,224,0,0,288,6,0,512,0.22700226306915283,71.67632293701172,183,0
1311,A,111,-0.002747451886534691,0.057257458567619324,nan,nan,512,0,-0.002747451886534691,0.057257458567619324,all_rows,512,0,0.0031907176598906517,0.032421875,0.0010218765120953322,0.0016166240442544223,0.10718800401082262,babef432237bfe202a227e6c8e3d9108:0:0,7b416665a4f421f001c0da44ae7e6c6c:0:0,629eb7701423ce9b76a93995f2739113:0:0,1f145b24b9166f35ea0a1edf17ae19a9:0:971652235,d72284ec6a3be55f9ba8439f0b504f36:0:1446746891,10,1.0,0,0,0,0,0,0,512,12,0,512,3,0,253,0,0,259,12,0,512,0.232731893658638,71.04955291748047,164,0
1312,A,112,-0.00503973662853241,0.06069280579686165,nan,nan,512,0,-0.00503973662853241,0.06069280579686165,all_rows,512,0,0.007130881305783987,0.0994140625,0.004611136205494404,0.0018192079034633935,0.10626709897769615,3962c40db5c99b8ca1b3411f34404508:0:0,13951a9f259084fd16411919f88f79b8:0:0,a618f901b5689354d9a7e44b972acc11:0:0,7d3b0ba10cc8339e0cb78682ee4e55a9:0:3305950318,65013312f8fe7065a9b20a2c604476e8:0:1560495846,10,1.0,0,0,0,0,0,0,512,4,0,512,2,0,264,0,0,248,4,0,512,0.2291821986436844,72.18766021728516,163,0
1313,A,113,0.0027819927781820297,0.055349886417388916,nan,nan,512,0,0.0027819927781820297,0.055349886417388916,all_rows,512,0,0.004936897195875645,0.0529296875,-0.004505968187004328,0.0015245190006680787,0.10983766097342595,f3b5be9018022f6af17728adfb02f908:0:0,73d751192813766fd2a77eb808cc9344:0:0,8c59532e9d4d677682ada577e759f2a7:0:0,e6c87d04c5fc3c25a9b534b1852e91a9:0:3198474912,c0c1f03a82b7779c4093398b7cc95deb:0:3383885438,10,1.0,0,0,0,0,0,0,512,4,0,512,5,0,264,0,0,248,4,0,512,0.23533569276332855,73.5906982421875,145,0
1314,A,114,0.008802616037428379,0.05632124841213226,nan,nan,512,0,0.008802616037428379,0.05632124841213226,all_rows,512,0,0.005704613868147135,0.031640625,-0.003992680879309774,0.0014942666923161596,0.11095650203060359,b4a07d2a3595fed666f1624ce285ad08:0:0,c959f0d0c89a00a5232876709dcdb4ef:0:0,4cd9a7a7670e5405361ee8b28a54a9dc:0:0,df3b24c6a6c3bd8463916d26dc4ecda9:0:1418969333,61d8050bd917934837f4edfabdf6c122:1:3780274774,10,1.0,0,0,0,0,0,0,512,6,0,512,4,0,269,0,0,243,6,0,512,0.23216643929481506,74.89339447021484,144,0
1315,A,115,0.0019407119834795594,0.058820273727178574,nan,nan,512,0,0.0019407119834795594,0.058820273727178574,all_rows,512,0,0.009108337573707104,0.0267578125,0.0021212211810052394,0.0017192825151141732,0.10983631701674312,78faee812f5719c30e9ddb2feac86108:0:0,457f214d2b58bcbf609a086ec678c6fa:0:0,f052878726af9a67722d10696bef3fe3:0:0,c6903b22be0d92c4e9e2b39ef3af09a9:0:1147021009,ed1254edab5e0a22252043ff12e2842d:1:105046615,10,1.0,0,0,0,0,0,0,512,8,0,512,9,0,253,0,0,259,8,0,512,0.23512747883796692,74.01981353759766,167,0
1316,A,116,0.0012435420649126172,0.055863313376903534,nan,nan,512,0,0.0012435420649126172,0.055863313376903534,all_rows,512,0,0.007420451380312443,0.0458984375,-0.005643022782169283,0.0015398711489979177,0.10576290095923468,7865adaf7dfcef2567f1408b13cb1508:0:0,014dd9a8e69ad25b4af8d3640c4ceb42:0:0,d44d0218bb5f46a0fd1f693e7775fba2:0:0,93a25f3af358e71c3547cbd5cb4f45a9:0:4085348907,ce5c3c613ad60effe496eaa9672a35ee:1:1524173759,10,1.0,0,0,0,0,0,0,512,6,0,512,4,0,252,0,0,260,6,0,512,0.22832882404327393,75.35079956054688,145,0
1317,A,117,0.00069003103999421,0.053837429732084274,nan,nan,512,0,0.00069003103999421,0.053837429732084274,all_rows,512,0,0.006627368275076151,0.071875,0.0013002876192331314,0.0014474697294645012,0.1037954690400511,bc059e4d763cb1da1958ff925d8dc908:0:0,5245e6069df87c69910b186893256a50:0:0,c4096fde8953d59af59ecab0e0d3d53e:0:0,f2267f080bc83000c367b987632f81a9:0:337406198,6bbb51e81bd25914cfe119ebdbe27d02:0:201917865,10,1.0,0,0,0,0,0,0,512,7,0,512,4,0,269,0,0,243,7,0,512,0.2290075123310089,74.6267318725586,157,0
1318,A,118,0.0004107409040443599,0.05808653309941292,nan,nan,512,0,0.0004107409040443599,0.05808653309941292,all_rows,512,0,0.007780042476952076,0.062109375,-0.00326327420771122,0.001683925121324137,0.10314535000361502,a0ed0ce420aa8e4da43b4579c8107d08:0:0,11468535405c6a9c32d1ffe39d1ba6e2:0:0,5ee56c5e17679ccf21d44bdbb38d3d5b:0:0,00f36d3283507781d2f1c06fbb4fbda9:0:3523390813,2251cda4f8ce1ce111edff2b07a3f18f:0:1848884274,10,1.0,0,0,0,0,0,0,512,3,0,512,10,0,266,0,0,246,3,0,512,0.23676255345344543,75.1280746459961,156,0
1319,A,119,0.005100926384329796,0.05696393921971321,nan,nan,512,0,0.005100926384329796,0.05696393921971321,all_rows,512,0,0.002731523010879755,0.0908203125,-0.006563240569084883,0.001616028364514932,0.10341645003063604,06c651161797b0e418f6ff7553533108:0:0,b0055a2f1c9784ba39bd020ea6c38077:0:0,65d60ee1c533c28f4368f30d116dde16:0:0,232d3382d4c0f6de9f9d644ad3aff9a9:0:2008854615,cafc70014923869a382406508a961dc0:0:496267501,10,1.0,0,0,0,0,0,0,512,3,0,512,5,0,283,0,0,229,3,0,512,0.23604817688465118,73.67382049560547,138,0
1320,A,120,-0.004048864357173443,0.05827756226062775,nan,nan,512,0,-0.004048864357173443,0.05827756226062775,all_rows,512,0,0.0006483760662376881,0.0357421875,0.0010079857427626848,0.0016709676594473422,0.11025581095600501,07a96072dd211d20cae3dab8ff55e508:0:0,85b6321ed285a3d8e8ff25fa28be4aee:0:0,eb760bc6615fa78c03b1cb71fdb9f952:0:0,11a811310b5f015d9e2a68d4ac5035a9:0:1224222622,579e83daad026e6b84ac7115c7432eab:1:168167065,10,1.0,0,0,0,0,0,0,512,9,0,512,5,0,253,0,0,259,9,0,512,0.2304103821516037,72.8591537475586,158,0
1321,A,121,0.016715968027710915,0.06065046787261963,nan,nan,512,0,0.016715968027710915,0.06065046787261963,all_rows,512,0,0.008017294108867645,0.0873046875,-0.0022302629891783,0.0014249186089728028,0.10635551897576079,6ca7e691dba3558e04524478cc189908:0:0,97575299388cad86ede0fe773ea29cbd:0:0,8109fccc0bba6b276cc42a2b0c5f2299:0:0,79a030f3b8d23f63b860d1c9453071a9:0:4152965931,923cfbcfefee25a0d71348a285162821:0:3601826008,10,1.0,0,0,0,0,0,0,512,5,0,512,7,0,236,0,0,276,5,0,512,0.23774723708629608,72.436767578125,161,0
1322,A,122,0.0002919021062552929,0.055065661668777466,nan,nan,512,0,0.0002919021062552929,0.055065661668777466,all_rows,512,0,0.004537912551313639,0.09453125,-0.01277053621597588,0.001490962179377675,0.10477824602276087,244a50bb02c6d464ba8b69e8b99b4d08:0:0,d60ac43ca27c1e2e637e5792659eb58b:0:0,7a5c94c1214ea2febcb6a1fb75239d81:0:0,dafa7b46aa1d39cb8910e2e49e50ada9:0:2858846417,a7b132c48dd89197dc92cb4625010002:1:3243535560,10,1.0,0,0,0,0,0,0,512,6,0,512,5,0,261,0,0,251,6,0,512,0.2370249181985855,71.87673950195312,152,0
1323,A,123,0.0019621960818767548,0.04788606986403465,nan,nan,512,0,0.0019621960818767548,0.04788606986403465,all_rows,512,0,0.010347562842071056,0.1025390625,0.004505856148898602,0.0011151712154969574,0.10576324700377882,4db3c90bb35954f441d1383cc7de0108:0:0,3add493f136c8599faa222f991f1669b:0:0,892157903fbfea95286ba740f81b324e:0:0,e2e87df9f65e357c98131fe2b7b0e9a9:0:4217510721,b9fb597984b515d61bc3e6afb3e8baaa:0:4284013942,10,1.0,0,0,0,0,0,0,512,12,0,512,10,0,238,0,0,274,12,0,512,0.24007859826087952,72.47661590576172,176,0
1324,A,124,-0.004668135661631823,0.05350359529256821,nan,nan,512,0,-0.004668135661631823,0.05350359529256821,all_rows,512,0,0.00599334854632616,0.0681640625,-0.00227011707611382,0.0013735268206801266,0.10451694898074493,752b5eaf6c27edca015e5ca8f6e0b508:0:0,7549650ccb4faa36011479d511c9fcf6:0:0,5ead28b1662dd738cec0c192c9f7a301:0:0,103d32b242145f4296484c7f915125a9:0:3093780460,309dee0bf24ec9f8db1742dd245c534b:0:2873014442,10,1.0,0,0,0,0,0,0,512,10,0,512,8,0,238,0,0,274,10,0,512,0.2296675741672516,74.35099792480469,177,0
1325,A,125,0.0028320278506726027,0.046595651656389236,nan,nan,512,0,0.0028320278506726027,0.046595651656389236,all_rows,512,0,0.00360896997153759,0.0775390625,-0.0037648926954716444,0.0010542236617766322,0.10756818199297413,e61d8e6c6a0dfb992766446146a36908:0:0,0ec10e22be70d2c146272cf158716c9a:0:0,9a2e9c25e12176994e6b1ceef829770d:0:0,e5427a9b51a547e499996c772b3161a9:0:1837856317,8709902807617fd9ffe7be3c4e548340:1:614137420,10,1.0,0,0,0,0,0,0,512,14,0,512,8,0,248,0,0,264,14,0,512,0.2196883261203766,74.26072692871094,171,0
1326,A,126,-0.000294607161777094,0.04246898740530014,nan,nan,512,0,-0.000294607161777094,0.04246898740530014,all_rows,512,0,0.00794416293501854,0.080859375,-0.011446852656081318,0.0008840509486617521,0.10424375900765881,fc0b086d2d6cdce25d151c99b7261d08:0:0,56dfe90d2f9529689b67b0e6a6464f83:0:0,bae39b484e418eb4ef281e49b745310c:0:0,27af6e2645deb07c58f7c38585519da9:0:3938430038,b2f2d0355ac4deeba7550b383100d86c:1:2966862912,10,1.0,0,0,0,0,0,0,512,8,0,512,6,0,251,0,0,261,8,0,512,0.22769886255264282,74.59204864501953,159,0
1327,A,127,-0.00014528247993439436,0.05360843241214752,nan,nan,512,0,-0.00014528247993439436,0.05360843241214752,all_rows,512,0,0.0007966888369992375,0.0599609375,-0.003972167614847422,0.0014180229452904313,0.10467225598404184,a007edd897407e5b7a8fd2864868d108:0:0,1db59832a121e9dd49c71df573be2656:0:0,5e6172b06c76c7e8df195a53817bb34a:0:0,92be24451d30a70d685cd5669fb1d9a9:0:942151658,511a25c54aef5c2bd1bea4c5a92f1bd8:1:75446282,10,1.0,0,0,0,0,0,0,512,10,0,512,10,0,262,0,0,250,10,0,512,0.22341406345367432,76.25315856933594,169,0
1328,A,128,0.0031823688186705112,0.05487737059593201,nan,nan,512,0,0.0031823688186705112,0.05487737059593201,all_rows,512,0,0.019081519916653633,0.0681640625,0.004419970978051424,0.0014930952747818083,0.10655600304016843,2429d2731004b8173af4135afa6b8508:0:0,046ece15a9121626a64ca5c592c1c216:0:0,2c8c4aaed8acf22fc5d134fc80360d46:0:0,c98c552d545bf35c74ca65d67a5215a9:0:2352925570,9fb5047d4a54bf7171e63e0fec2f47eb:1:3847026673,10,1.0,0,0,0,0,0,0,512,7,0,512,6,0,261,0,0,251,7,0,512,0.22137551009655,76.1875991821289,166,0
1329,A,129,0.0016713992226868868,0.05682329833507538,nan,nan,512,0,0.0016713992226868868,0.05682329833507538,all_rows,512,0,0.0031607705168426037,0.03984375,-0.001978708291426301,0.001611829875037074,0.10557818197412416,f24a942bea9f7b6cf0584c4bcd2e3908:0:0,015f633db27c5476d550528c4dfe88f4:0:0,c4d43df80d3f25a8feac202ad9c07899:0:0,292d3943c150d406804a7891153251a9:0:1810520528,2835d2e6f4164a6d6684853c7f2fb24d:0:135507029,10,1.0,0,0,0,0,0,0,512,11,0,512,5,0,256,0,0,256,11,0,512,0.22048062086105347,78.7305908203125,172,0
1330,A,130,0.002083685714751482,0.05462552607059479,nan,nan,512,0,0.002083685714751482,0.05462552607059479,all_rows,512,0,0.011288495734333992,0.07265625,-0.005001485359389335,0.001493810029933229,0.10361009201733395,889a9422f583d1a037cbaa8cc0b0ed08:0:0,df6cebc5501f003aac15b1bbe2d5a9e8:0:0,e38effb737369861a1b8c27884f681bf:0:0,325c3d6c02fa0bd81def515270528da9:0:1729297206,f272f3a0fadc4e4cdea407c0a5477273:1:3446621701,10,1.0,0,0,0,0,0,0,512,6,0,512,8,0,264,0,0,248,6,0,512,0.22504839301109314,79.79286193847656,165,0
1331,A,131,-0.0034511557314544916,0.05407005548477173,nan,nan,512,0,-0.0034511557314544916,0.05407005548477173,all_rows,512,0,0.019238054752349854,0.071875,-0.005041280947625637,0.0014535452763084322,0.1045205169939436,855e0a5aec41ab48ad561b51d4f3a108:0:0,5ea3ca91fbb7e2b9eedc23c3555b9c9b:0:0,e3afb7814fcb9d122bd48546ea2713a6:0:0,82d79a8e20b03f64add373d68bb2c9a9:0:2869098189,2a9dc5e3eadc05de7bbad2f21eabf7ee:1:2350139845,10,1.0,0,0,0,0,0,0,512,8,0,512,9,0,252,0,0,260,8,0,512,0.22246484458446503,78.79144287109375,169,0
1332,A,132,0.005562668666243553,0.05622390657663345,nan,nan,512,0,0.005562668666243553,0.05622390657663345,all_rows,512,0,0.0035242983140051365,0.040234375,-0.0042233691085129975,0.0015839065425097942,0.10465580399613827,8c9f0ef63bb680799ff84bcf09f65508:0:0,3ec3dc7713f97a4e2f417748a8e13efe:0:0,fe5c8d38082ad608d3b6cec1652db145:0:0,9e4f8ebd3411a2dd9919a3d9675305a9:0:3366356302,9ca2050234ae1c349cf5b23d67ee64f6:0:2124841201,10,1.0,0,0,0,0,0,0,512,14,0,512,6,0,263,0,0,249,14,0,512,0.21549716591835022,80.83155822753906,169,0
1333,A,133,0.003351038321852684,0.05060410499572754,nan,nan,512,0,0.003351038321852684,0.05060410499572754,all_rows,512,0,0.0020587812177836895,0.04296875,-0.0029104968532919885,0.0012752702110446989,0.10537430399563164,1f5889844b12c1a9c5aba9385fb90908:0:0,1c172195e8eb306fdcde2619877d2a9a:0:0,2b3bd6ad8425466048040850828989e4:0:0,f6cae30237f9f8298dece517033341a9:0:3643814057,863d5c4a2f21ee27f501151028e348be:0:65098572,10,1.0,0,0,0,0,0,0,512,9,0,512,12,0,279,0,0,233,9,0,512,0.21461836993694305,81.34931182861328,160,0
1334,A,134,0.0014626613119617105,0.04919832572340965,nan,nan,512,0,0.0014626613119617105,0.04919832572340965,all_rows,512,0,0.0036769758444279432,0.0177734375,-0.0005299972370266914,0.0012031575024593621,0.10467742901528254,8c65808e3be8195aef6260c1d63bbd08:0:0,3458aabb0ef803ffb9dd626cdde9d94d:0:0,fe6262b12b99fda142c54dc05ed83ce6:0:0,9ca391665756dd3bbb807b4b5f537da9:0:1511000897,c2287f32a5c6fc71253c06f0d2d26803:1:2042787604,10,1.0,0,0,0,0,0,0,512,9,0,512,7,0,267,0,0,245,9,0,512,0.20782563090324402,81.40738677978516,174,0
1335,A,135,-0.0005410884041339159,0.049586981534957886,nan,nan,512,0,-0.0005410884041339159,0.049586981534957886,all_rows,512,0,0.004450996406376362,0.0255859375,0.001303691975772381,0.0012209088657982648,0.10761935502523556,7914413ad3747e81bd075f9f6d7e7108:0:0,3e1f725adffd861e19cffa671720eee4:0:0,8a8560bfd5f8878550a8f364cb0fcaa6:0:0,9f0ec37056946aab0e0fea327bb3b9a9:0:2220511142,3fcde6e5a6001896855226def3e9fadd:1:3298260287,10,1.0,0,0,0,0,0,0,512,4,0,512,3,0,256,0,0,256,4,0,512,0.200746551156044,80.10823822021484,167,0
1336,A,136,-0.0008812606683932245,0.059625472873449326,nan,nan,512,0,-0.0008812606683932245,0.059625472873449326,all_rows,512,0,0.004886736627668142,0.0810546875,-0.009126975992694497,0.001771692099282518,0.10780853097094223,9a5d8889ff5e17ad517e530525812508:0:0,a6175f627545143cba60ea90a4c38303:0:0,b27a0d3d12ca7636e7b8c94f2646e929:0:0,4fc201e0f25e22896adef5885853f5a9:0:3135505571,4c8db87f82f4909b0e7e6cb7b0fd11af:1:807831646,10,1.0,0,0,0,0,0,0,512,3,0,512,7,0,260,0,0,252,3,0,512,0.20448894798755646,80.53045654296875,170,0
1337,A,137,-0.00162864092271775,0.05144772306084633,nan,nan,512,0,-0.00162864092271775,0.05144772306084633,all_rows,512,0,0.0028851223178207874,0.0904296875,-0.004389807116240263,0.001286593047552742,0.10933286702493206,992d3d512813eeef06a3a826fe43d908:0:0,e8f3bfccb2d7883bbe10e52f389dcbaa:0:0,ceee2fb824e1178aae4f3c715dd902ce:0:0,2ef44b124e702f7aec39a108f53431a9:0:3665320381,5f6bc5ea1d2f14a17fd6bf6fd6d5595b:1:4103861313,10,1.0,0,0,0,0,0,0,512,5,0,512,6,0,271,0,0,241,5,0,512,0.21327058970928192,80.48989868164062,154,0
1338,A,138,0.004780884366482496,0.051065899431705475,nan,nan,512,0,0.004780884366482496,0.051065899431705475,all_rows,512,0,0.01073126308619976,0.07734375,-0.0018201274331659078,0.0012645942100789399,0.10767949599539861,44a463ca43077682214c8c38f7c68d08:0:0,ba84172dd4878d4e0c72ae1bbbf47f1d:0:0,893932fbd4093fbead6e20d449650e0c:0:0,20f4ddf6cf34f40d1d74307052546da9:0:2755494125,add75e64bb1a10bbadfec4ee66d7c5a8:1:1364965818,10,1.0,0,0,0,0,0,0,512,14,0,512,8,0,258,0,0,254,14,0,512,0.2127530872821808,79.5643310546875,178,0
1339,A,139,0.0008205769117921591,0.05344400182366371,nan,nan,512,0,0.0008205769117921591,0.05344400182366371,all_rows,512,0,0.005216578487306833,0.046484375,-0.005071990052238106,0.0013809974654577673,0.1051995109883137,a582c13056f2de338546ec6f12094108:0:0,4602e4445e9f28a0958863f5f6ec5793:0:0,03ab6d9a5a335bca024c984e79e8dbdc:0:0,941adc4bf8eaea4e36eb277a6fb4a9a9:0:2361061919,ce4375f04444ab7cb929634d3e5d76d5:0:1121431363,10,1.0,0,0,0,0,0,0,512,12,0,512,7,0,251,0,0,261,12,0,512,0.21198917925357819,81.65890502929688,172,0
1340,A,140,-0.0014316309243440628,0.05052467808127403,nan,nan,512,0,-0.0014316309243440628,0.05052467808127403,all_rows,512,0,0.014497371390461922,0.0515625,0.0011117393150925636,0.0012481546233175322,0.10688835103064775,beba278ce4603989695975fd4d0bf508:0:0,4ae4d2f131ff928fd39941544e6bc653:0:0,e580eaa28a52a1a01ccdd975b9c40f9a:0:0,4d28772e2f0ed3a45a0349e34d54e5a9:0:1187095269,ce339cc944fd02b657ffe2b42d21855e:0:2412752187,10,1.0,0,0,0,0,0,0,512,7,0,512,9,0,259,0,0,253,7,0,512,0.20024995505809784,80.38062286376953,174,0
1341,A,141,0.04009842872619629,0.0758584588766098,nan,nan,512,0,0.04009842872619629,0.0758584588766098,all_rows,512,0,0.0017148590413853526,0.08828125,-0.00023578023537993432,0.0018633086932823063,0.10420949599938467,494d978264a576ab0b439617a8cea908:0:0,619c38a56cf5c64fa89be3ee74a4ea8d:0:0,59a1eab838eac8ffb0dd199166b59360:0:0,89a225d26ec638e4cd299b66eb3521a9:0:561825363,a9e9b4b03457afe1ab99a021dc7208b5:1:611977577,10,1.0,0,0,0,0,0,0,512,11,0,512,13,0,266,0,0,246,11,0,512,0.1868547797203064,80.944091796875,168,0
1342,A,142,0.018430467694997787,0.05420374125242233,nan,nan,512,0,0.018430467694997787,0.05420374125242233,all_rows,512,0,0.0040079765021800995,0.044140625,0.0009909387677907943,0.0015322479419410228,0.1044999230070971,05cb4f88d189260863bd79f225515d08:0:0,266e8098a44ca9427419e5804441b5ad:0:0,cf23a56569bd5ab6e27dd2e11fec4025:0:0,eb4e6ec35f063aab37d35fc149555da9:0:659308677,44e328d446cb7b51aff628090ac06607:0:2393601418,10,1.0,0,0,0,0,0,0,512,8,0,512,14,0,261,0,0,251,8,0,512,0.1902548223733902,80.45620727539062,190,0
1343,A,143,0.007662580348551273,0.05271041765809059,nan,nan,512,0,0.007662580348551273,0.05271041765809059,all_rows,512,0,0.005767724476754665,0.0630859375,0.0007160590030252934,0.00137600771849975,0.1077228129724972,d4aa7db9e7c412c1da780ec0c2941108:0:0,556ac969534c1040b2e6dd92c7c58f34:0:0,a9417788c498b3bbe167b46278399f24:0:0,0e5510975132b1f0de7e1aae67b599a9:0:973431111,bcc22e87edb9bec5cf3cd210b2993ac9:1:4180590145,10,1.0,0,0,0,0,0,0,512,8,0,512,10,0,252,0,0,260,8,0,512,0.19209137558937073,79.76094818115234,178,0
1344,A,144,0.007643965072929859,0.05195988714694977,nan,nan,512,0,0.007643965072929859,0.05195988714694977,all_rows,512,0,0.00886418204754591,0.0541015625,-0.002585109230130911,0.0013341972313355654,0.10762267798418179,295b9af39693abcffa1d01b78096c508:0:0,a83200ab50b9695b1d92081755e748bc:0:0,1afa77d5b999179a300862fd0fe2a7cf:0:0,a484d7ad0cf1a0e3deaf8fea4655d5a9:0:598037050,8677455f12d8bd0a6bb10e753f5ab77d:1:381748539,10,1.0,0,0,0,0,0,0,512,8,0,512,12,0,261,0,0,251,8,0,512,0.19137103855609894,80.242919921875,160,0
1345,A,145,0.003794088028371334,0.04340093210339546,nan,nan,512,0,0.003794088028371334,0.04340093210339546,all_rows,512,0,0.006692593451589346,0.0662109375,-0.0008783331140875816,0.0009374454501084983,0.10520961502334103,1aad7bbfce913deb244ec00a5f597908:0:0,3511ecf88c9c462018961ec10fe4c68e:0:0,100d872b303022e99351d42ee1688b77:0:0,54662b1581eef3fe6af5c330e53611a9:0:3339893236,bee52573b81b9fb10ddada56acad9d30:1:4266273132,10,1.0,0,0,0,0,0,0,512,11,0,512,8,0,233,0,0,279,11,0,512,0.18748538196086884,81.43155670166016,202,0
1346,A,146,-0.002807868644595146,0.048779528588056564,nan,nan,512,0,-0.002807868644595146,0.048779528588056564,all_rows,512,0,0.001507831271737814,0.036328125,-0.0013798375381156801,0.0011887477070558817,0.1034932240145281,cf08dd19a201fe3345a876ed5edc2d08:0:0,9ff77304e50b19edb8ae78d36b07eac7:0:0,29f5de8559032302cf7a9ed85593ea41:0:0,4a2d5368ba4c935e06e6f83e44564da9:0:3082670898,bd42580a9a000343859d7fd89bcb5bd2:0:1336148886,10,1.0,0,0,0,0,0,0,512,13,0,512,11,0,257,0,0,255,13,0,512,0.1973119080066681,81.38119506835938,177,0
1347,A,147,0.0031400402076542377,0.0536881759762764,nan,nan,512,0,0.0031400402076542377,0.0536881759762764,all_rows,512,0,0.005377395544201136,0.0556640625,-0.0004029042087495327,0.001421286363620311,0.10486800299258903,ccb0a0d068d3e59789be13947f1ee108:0:0,2db871495f5198a54a2fdbb179184909:0:0,65517d22c7a7b27546edcefd027aa80a:0:0,439ab2dca87ac45ac321b2ce63b689a9:0:1307803835,b7be3b0f5c7d0f0b8f9e1155b1ec950e:0:1389849740,10,1.0,0,0,0,0,0,0,512,12,0,512,13,0,257,0,0,255,12,0,512,0.1942417323589325,81.28363037109375,167,0
1348,A,148,-0.004412966314703226,0.048297252506017685,nan,nan,512,0,-0.004412966314703226,0.048297252506017685,all_rows,512,0,0.009494834579527378,0.0330078125,-0.0018637703265994786,0.001117768752737902,0.10524755000369623,4e6e0ef25a7b5cfe0f1c4333c0219508:0:0,f596d32c889daf602cbd501b048edb5d:0:0,6f161dec82e2a9a72573807d57ee83ff:0:0,c6a0968cab34db5e794cb69d4356c5a9:0:269022257,e909b4255111bb98ce2974a6c71a9e5b:1:3358597349,10,1.0,0,0,0,0,0,0,512,12,0,512,10,0,253,0,0,259,12,0,512,0.18530966341495514,81.87908935546875,183,0
1349,A,149,0.0034907502122223377,0.05232929438352585,nan,nan,512,0,0.0034907502122223377,0.05232929438352585,all_rows,512,0,0.008056079968810081,0.066796875,-0.0005572133697569371,0.0013375514827203006,0.10399744502501562,a4964750cfe5ba2b9b4872ff21e44908:0:0,4a5a981e3a32bf32bc159c14fea0ba8f:0:0,e7f48fa1b6aa69b5cd46feabe742f30c:0:0,057df578e25e3dfc08170766e33701a9:0:2260039951,43c69727f3b456361bfc1f845832623d:0:873158714,10,1.0,0,0,0,0,0,0,512,16,0,512,16,0,250,0,0,262,16,0,512,0.1905103176832199,80.81829071044922,178,0
1350,A,150,-0.007339312229305506,0.050166837871074677,nan,nan,512,0,-0.007339312229305506,0.050166837871074677,all_rows,512,0,0.0017634740797802806,0.0708984375,-0.006975640635937452,0.0012256520858500153,0.10754330799682066,61e897d91fb48d6b4ec0d02aa466fd08:0:0,919c4717ea42d2f956f211c41b3edea8:0:0,9fb58d819fc9a8d3c836ef71ea7a4d7f:0:0,92235a5caf7bb5468f37e8e743573da9:0:3200436366,3e2f5a0f6e78982f1fbc3c27f61c1d7d:0:178537254,10,1.0,0,0,0,0,0,0,512,19,0,512,17,0,258,0,0,254,19,0,512,0.20331621170043945,80.15391540527344,181,0
1351,A,151,-0.002992343157529831,0.04856999218463898,nan,nan,512,0,-0.002992343157529831,0.04856999218463898,all_rows,512,0,0.005041791126132011,0.04453125,-0.0011104523204267026,0.0011625379207544028,0.10690326197072864,1c24aa25c6f5bff658fc47ea47a9b108:0:0,00da5e8473c896b6be8edcadde8e07ea:0:0,b6834bb395c44789efa129e66669357a:0:0,4e6b5a13fc851068ab6ededa63b779a9:0:1295531168,1dd0fcde4c101f0b41b46fc234e26f3f:1:1756940582,10,1.0,0,0,0,0,0,0,512,8,0,512,8,0,249,0,0,263,8,0,512,0.20859460532665253,80.94197845458984,180,0
1352,A,152,0.003877093782648444,0.051248371601104736,nan,nan,512,0,0.003877093782648444,0.051248371601104736,all_rows,512,0,0.0008159013232216239,0.0828125,-0.003376700123772025,0.0012867512821685522,0.10536743700504303,62236c54508c831bac6a87720bac6508:0:0,111e73ca9b8e63ccd347b231298cbfd6:0:0,ae6f0b3d607fcd4ea46e3b52263d0a2c:0:0,df3258df23cb177bb283acfc4457b5a9:0:1676166863,5bf7ae4ea64c4ab5c693bd401ab93686:1:3589328501,10,1.0,0,0,0,0,0,0,512,10,0,512,13,0,243,0,0,269,10,0,512,0.21001167595386505,79.89086151123047,168,0
1353,A,153,0.00052719033556059,0.056791357696056366,nan,nan,512,0,0.00052719033556059,0.056791357696056366,all_rows,512,0,0.007219270803034306,0.1146484375,-0.010184874385595321,0.0016152797383256257,0.10284377500647679,b5763ed52d7f1027b273fbf5f06f1908:0:0,f3783d6660ec4f046013728fb411331d:0:0,a50a2c056895aa42da3f01d83f7bdf4f:0:0,2de9fd6d93adce9eef465708e537f1a9:0:3875034613,de1e8abcc62529cb722d0ddf05bc277c:0:1729021831,10,1.0,0,0,0,0,0,0,512,8,0,512,11,0,273,0,0,239,8,0,512,0.21251004934310913,79.66665649414062,165,0
1354,A,154,-0.0005337066249921918,0.05348740518093109,nan,nan,512,0,-0.0005337066249921918,0.05348740518093109,all_rows,512,0,0.009287177585065365,0.0546875,-0.0035029490012675525,0.0014204314327798783,0.10563859302783385,54d54a93705d390bff79d2a9f5f1cd08:0:0,66b4dac950eb9042d5fc3e333c3735a2:0:0,372482464c97ad9a54d823a94cfca034:0:0,1723892f88df094edd8f20bc46582da9:0:1045783884,db8481fb0a297615e89eb1652ecd586b:0:1757575315,10,1.0,0,0,0,0,0,0,512,10,0,512,12,0,259,0,0,253,10,0,512,0.20798273384571075,79.59597778320312,170,0
1355,A,155,-0.0057251788675785065,0.0531633198261261,nan,nan,512,0,-0.0057251788675785065,0.0531633198261261,all_rows,512,0,0.015210455283522606,0.1259765625,-0.009463489660993219,0.001399649039376527,0.10355336603242904,f7b7f07b1df3c9c706d5f8c21c348108:0:0,7076eec7db80a9b91898a745f680c171:0:0,d39106f9622cb0d87dc0d565e3a6d646:0:0,24f9620779ed4dfc663e8dd267b869a9:0:715219959,11a7936ad87cb59cb6e5d8bf83377e08:1:1249125565,10,1.0,0,0,0,0,0,0,512,8,0,512,8,0,251,0,0,261,8,0,512,0.20741277933120728,79.3564453125,177,0
1356,A,156,0.0008771793218329549,0.05147011578083038,nan,nan,512,0,0.0008771793218329549,0.05147011578083038,all_rows,512,0,0.004895060323178768,0.071875,-0.00719078928232193,0.001293973223073408,0.10339974897215143,c311050d8580ba8bcedb1b7263373508:0:0,caf6adca36dabef020f507da3008886f:0:0,4c4791675c3e7e976dac9979886d4147:0:0,027b6a0c0ed309e41b3d62074958a5a9:0:424019979,cf5537baf515c0ec51a0d171135e222e:1:3168369865,10,1.0,0,0,0,0,0,0,512,8,0,512,15,0,255,0,0,257,8,0,512,0.20192837715148926,81.5954818725586,175,0
1357,A,157,0.0021189595572650433,0.0463310144841671,nan,nan,512,0,0.0021189595572650433,0.0463310144841671,all_rows,512,0,0.005635889247059822,0.0291015625,0.00015725744888186454,0.0010417353914817795,0.10346536000724882,3c14005bd29c32a9a4d4a7eecaf9e908:0:0,f58e96efe9f096dc6424e8663e5f766a:0:0,6ad3fa1913a528b82018478ff6605842:0:0,118b4ea3bf461525737ca116eb38e1a9:0:3325001467,e6b6f94ae137a10b020155e41b36a2e5:0:1540773757,10,1.0,0,0,0,0,0,0,512,16,0,512,6,0,250,0,0,262,16,0,512,0.20104865729808807,80.66995239257812,186,0
1358,A,158,0.0009237376507371664,0.055737148970365524,nan,nan,512,0,0.0009237376507371664,0.055737148970365524,all_rows,512,0,0.007370623294264078,0.0869140625,-0.004250424541532993,0.0015450271719601005,0.10584250499960035,50e07468cb0a5c33d106cb6b537c9d08:0:0,b5ae8690d07369a516fd09f56a67393c:0:0,bf3e5e7b1125077561a7d5dd5d74bc83:0:0,172dc0db7283871a06f58ebd4d591da9:0:2559492723,170c6d83494e50b92be6b552eb7f4096:0:2045204166,10,1.0,0,0,0,0,0,0,512,8,0,512,11,0,266,0,0,246,8,0,512,0.19975429773330688,81.14697265625,159,0
1359,A,159,-0.003886481747031212,0.04840528219938278,nan,nan,512,0,-0.003886481747031212,0.04840528219938278,all_rows,512,0,0.004495710134506226,0.0775390625,-0.009951658733189105,0.001167753920890391,0.165395924996119,38b5f99b6aaa08694aae731bfcbf5108:0:0,b720c6d8dd33c6f5a8292b5baf50766d:0:0,0895a02f3a18b781109d10413e445e98:0:0,2b7b8d71bb53daeccaa9aeb66fb959a9:0:3514332296,ecd9fc705bf6de74eb687499a9a5a310:1:4130413886,10,1.0,0,0,0,0,0,0,512,13,0,512,14,0,230,0,0,282,13,0,512,0.18847963213920593,81.82925415039062,198,0
1360,A,160,-0.002399702090770006,0.060433730483055115,nan,nan,512,0,-0.002399702090770006,0.060433730483055115,all_rows,512,0,0.005090088117867708,0.0541015625,-0.0016674905549734832,0.0018271420034579934,0.1743833749787882,6ea45294cfb424dc6c014c34c6c20508:0:0,c55513d0d3f1e1873a70e295f9a92b2d:0:0,bdd8865849b4457546e7095e7fda8c15:0:0,e251cba88b0364714ca2c4be525995a9:0:4077852377,a3835d1c100007ccd31d41712388bede:0:1832093881,10,1.0,0,0,0,0,0,0,512,5,0,512,12,0,256,0,0,256,5,0,512,0.19152866303920746,83.1879653930664,171,0
1361,A,161,0.0013899628538638353,0.04779694601893425,nan,nan,512,0,0.0013899628538638353,0.04779694601893425,all_rows,512,0,0.0011120365234091878,0.031640625,-0.004357372410595417,0.0011153983825352043,0.15778342698467895,e349ce64a980015aa62dc3e9b184b908:0:0,e0ff6b006a7e251a14527d346e27719e:0:0,c452a918a5858c9caccd6c00c30bd831:0:0,d8e2d687760b153aeff2d490f539d1a9:0:1074290188,06a64d230beecf9d4715bebf9a9249a8:0:2698639822,10,1.0,0,0,0,0,0,0,512,12,0,512,8,0,235,0,0,277,12,0,512,0.1962881237268448,82.76006317138672,191,0
1362,A,162,0.001803106744773686,0.057394713163375854,nan,nan,512,0,0.001803106744773686,0.057394713163375854,all_rows,512,0,0.0021615331061184406,0.0732421875,-0.0006904929876327514,0.0016433916462119669,0.15611159399850294,34dce9c01c006694355b076ebd076d08:0:0,cd1e4d70e42da464587019908938399f:0:0,baff210a5dfb584a01ffaf495e551e44:0:0,5a9a7cd0e52591f428b421ea585a0da9:0:4268848584,06479fd7dc889f65424ad0a1525cfb9c:0:2718345147,10,1.0,0,0,0,0,0,0,512,8,0,512,13,0,263,0,0,249,8,0,512,0.19403240084648132,81.96067810058594,164,0
1363,A,163,-0.0006271665915846825,0.05327663570642471,nan,nan,512,0,-0.0006271665915846825,0.05327663570642471,all_rows,512,0,0.010373236611485481,0.0599609375,0.0030636907555162906,0.0014102596673183144,0.15702680399408564,c935dd87ca2d7d83d4a903f7e94a2108:0:0,f081f7d69f99cbf9093c00684e8325a4:0:0,c49fb1ddf524f84606dca2ed6d396cb0:0:0,85a6c884cd8c97f5b80930867bba49a9:0:1528524590,faab2148e5430bbb134f7b26e7a8dbca:1:2811324856,10,1.0,0,0,0,0,0,0,512,18,0,512,5,0,263,0,0,249,18,0,512,0.19436460733413696,82.1916275024414,165,0
1364,A,164,0.0038774835411459208,0.047346509993076324,nan,nan,512,0,0.0038774835411459208,0.047346509993076324,all_rows,512,0,0.0037052417173981667,0.045703125,-0.003723728540353477,0.0011162993323523551,0.15962201199727133,8c912a92798f8796723066b9364cd508:0:0,313e883f5682b7c9b307513863301970:0:0,3919ef94fe066448eee90bbf3833f560:0:0,1d23ef63cb1ab31de81cc4215f5a85a9:0:1776975446,0a0ee4376ead335f895f9e79e4807938:1:3772014227,10,1.0,0,0,0,0,0,0,512,6,0,512,7,0,252,0,0,260,6,0,512,0.19496308267116547,80.6880111694336,161,0
1365,A,165,0.003050353843718767,0.04877862706780434,nan,nan,512,0,0.003050353843718767,0.04877862706780434,all_rows,512,0,0.008256073109805584,0.0802734375,-0.003176946914754808,0.0011809308110969142,0.15942454402102157,5a15485a811e6792e3029ce6a40f8908:0:0,7950500426329415f9b98a773a32c124:0:0,6273f307792e8ab12bceedae5420231f:0:0,eca56a7db70d43e7c821e077033ac1a9:0:2425438550,3254c5ae98924b6ebda3003423aec06c:0:2955476860,10,1.0,0,0,0,0,0,0,512,11,0,512,11,0,236,0,0,276,11,0,512,0.20392374694347382,80.79165649414062,185,0
1366,A,166,0.0037243440747261047,0.04513873904943466,nan,nan,512,0,0.0037243440747261047,0.04513873904943466,all_rows,512,0,0.006757692899554968,0.10234375,0.0022097913431935014,0.0009959143731975927,0.1494429250014946,318365d4f5a9fb419729d3b432923d08:0:0,425b260b2916c20a021dbf2036b7a160:0:0,b4a9913fbb36d876811cfb1e186944f6:0:0,26dfdb6f1622d5c26853c943675afda9:0:900154889,22ae3e1e289c772a4a4740a05121d17d:0:1466493310,10,1.0,0,0,0,0,0,0,512,8,0,512,14,0,245,0,0,267,8,0,512,0.21026253700256348,80.27885437011719,174,0
1367,A,167,-0.0048325457610189915,0.056531164795160294,nan,nan,512,0,-0.0048325457610189915,0.056531164795160294,all_rows,512,0,0.005154211539775133,0.0525390625,-0.0015731984749436378,0.001573223521700129,0.15942329802783206,d8a5a96245ff45d44da8f855e1d4f108:0:0,196ac418757aa462fbeb3e8b133386ee:0:0,36218e2bb51661787d8263b8743c7788:0:0,5fcf4a88f8d1c5a815f602428bbb39a9:0:3589800596,d25b7c89e03019967e9ae8b92a168c97:1:423824546,10,1.0,0,0,0,0,0,0,512,13,0,512,13,0,251,0,0,261,13,0,512,0.21442583203315735,81.43000030517578,164,0
1368,A,168,-0.0018470578361302614,0.04908183962106705,nan,nan,512,0,-0.0018470578361302614,0.04908183962106705,all_rows,512,0,0.002510682214051485,0.090625,-0.008400746085681022,0.0011948049708735199,0.16015570698073134,dfc48e70b8fe6b0dc87bb7ffb1d7a508:0:0,c5437c8bc145c66e2fcedef75e07ffc1:0:0,bae9f22edc48ddaa0c49897305f460d1:0:0,8a1b69b7285338f597544f30705b75a9:0:3590460247,80b1b78bf1aae2da795366abf58b575b:1:69318017,10,1.0,0,0,0,0,0,0,512,9,0,512,9,0,253,0,0,259,9,0,512,0.22018040716648102,82.51492309570312,162,0
1369,A,169,-0.0017685401253402233,0.051523759961128235,nan,nan,512,0,-0.0017685401253402233,0.051523759961128235,all_rows,512,0,0.007975286804139614,0.0251953125,-0.003533871052786708,0.0012950564996572211,0.1614429279579781,b770e511ffd57b2980967fe5a29a5908:0:0,19a1aef48656bce9fb84f443a7c2334a:0:0,78aa86bdfb49b5447aebbb3eda631fdd:0:0,97efe490bb3e648167c2b3c9153bb1a9:0:3446681257,c45882683f871fc8ffc5a8e9f9a07fd2:0:2504057619,10,1.0,0,0,0,0,0,0,512,16,0,512,6,0,247,0,0,265,16,0,512,0.21476446092128754,81.799072265625,193,0
1370,A,170,0.0026056563947349787,0.053600411862134933,nan,nan,512,0,0.0026056563947349787,0.053600411862134933,all_rows,512,0,0.014284356497228146,0.0298828125,0.00015641450881958007,0.0013992304855491966,0.1608350399765186,1c00916dce940f8359e67d3bb41d0d08:0:0,aceeb8b6a2271ecdd95575fda8b3faf3:0:0,7b00b244ec23500c54770b8b12855b9c:0:0,e9415e976c7023f2f39d73c87a5beda9:0:3070973893,ebced7539d57b1c7121d9d970eee40b6:0:1959964964,10,1.0,0,0,0,0,0,0,512,6,0,512,12,0,267,0,0,245,6,0,512,0.20430023968219757,80.56806182861328,153,0
1371,A,171,-0.0010934160090982914,0.04801608994603157,nan,nan,512,0,-0.0010934160090982914,0.04801608994603157,all_rows,512,0,0.004317389335483313,0.040234375,-0.0019521598936989904,0.0011282218823907898,0.1573776460136287,10f976a42d4bb7ff57519d35e65fc108:0:0,aebab120ed300aee70be2efb6d589adc:0:0,27e794ef71f7b93081827020413dad4c:0:0,6cc895424efae159d44912ea9fbc29a9:0:685317655,da81750dc20395b906fcc1a35464525b:1:4141005401,10,1.0,0,0,0,0,0,0,512,10,0,512,9,0,262,0,0,250,10,0,512,0.20052453875541687,79.08617401123047,167,0
1372,A,172,0.00649098539724946,0.055218879133462906,nan,nan,512,0,0.00649098539724946,0.055218879133462906,all_rows,512,0,0.0010404774220660329,0.0423828125,-0.003796777315437794,0.0014627897762693465,0.1267103860154748,7d0ffa5af3f139314eb68d0839627508:0:0,df961cbe62d1d38b2e041f18b217ea8d:0:0,6ec80ad86b27312c0ada9d072b45952b:0:0,261c2c08b9dacd050c3254eb855c65a9:0:1444222780,74ee69b92899be4ff9cb0b7bbadf225c:1:2452938908,10,1.0,0,0,0,0,0,0,512,9,0,512,6,0,261,0,0,251,9,0,512,0.2036619484424591,79.82987976074219,159,0
1373,A,173,-0.005763920955359936,0.05743692070245743,nan,nan,512,0,-0.005763920955359936,0.05743692070245743,all_rows,512,0,0.0017097361851483583,0.0353515625,0.0006834183353930712,0.0015392668661661445,0.11182879598345608,af1543daa3329b449cecb9e6ad252908:0:0,0eecacf5d6fea425e01e70789b667c8f:0:0,d2e5ebdad8897a542ecc8b66adac277f:0:0,8a7ef53a862a659a42ce3d872b3ca1a9:0:1799729420,5f3c9c4193bb55e69baad93ed692fae4:0:1398670729,10,1.0,0,0,0,0,0,0,512,12,0,512,6,0,258,0,0,254,12,0,512,0.2015324831008911,79.44752502441406,166,0
1374,A,174,0.006445270963013172,0.056201476603746414,nan,nan,512,0,0.006445270963013172,0.056201476603746414,all_rows,512,0,0.007330219727009535,0.11015625,-0.006714347423985601,0.001500181990559213,0.16019189194776118,2df4c3478c7609a3d9c4510541a7dd08:0:0,f23bfedd6c45d495e4dcf290024a3c1c:0:0,deaa1733736201324d28128279c08201:0:0,b774130afa93506d009a1079915cdda9:0:463167100,0622cd5886c586ba20db976867e2c5a3:0:2474421528,10,1.0,0,0,0,0,0,0,512,8,0,512,6,0,271,0,0,241,8,0,512,0.20374813675880432,79.01648712158203,158,0
1375,A,175,0.001297681126743555,0.046678025275468826,nan,nan,512,0,0.001297681126743555,0.046678025275468826,all_rows,512,0,0.004872300662100315,0.0419921875,-0.005376436561346054,0.00108625341381412,0.17243490897817537,b270ab2cfb3583608c063f97f6ea9108:0:0,19e6458205c6b1c4198b3b0a04e22615:0:0,f82deb0603ce2b0f0ce6d0d53ca0f0ff:0:0,ca3410cbfeb78215eb1b517eb7bd19a9:0:3496825410,3f84b1af97a2fa182bd7ff6e2abeb000:0:2486184102,10,1.0,0,0,0,0,0,0,512,10,0,512,14,0,250,0,0,262,10,0,512,0.19545841217041016,79.11560821533203,178,0
1376,A,176,0.002279068110510707,0.052260227501392365,nan,nan,512,0,0.002279068110510707,0.052260227501392365,all_rows,512,0,0.0055931671522557735,0.084765625,-0.006747305509634316,0.001350336882751435,0.16811616503400728,8969d838d1eb5c5add7432d2cced4508:0:0,a97c9137954b603f1db604c1f1cb0f7a:0:0,a18a0398ee93248adbf5ab14c14909fb:0:0,75f614ef714eb74a00dfc4529e5d55a9:0:2023692059,7ebaa5cfe8d66c42da2e8652d6ea714c:1:2088253981,10,1.0,0,0,0,0,0,0,512,12,0,512,11,0,245,0,0,267,12,0,512,0.2113674134016037,77.95100402832031,185,0
1377,A,177,-0.0015990035608410835,0.047746241092681885,nan,nan,512,0,-0.0015990035608410835,0.047746241092681885,all_rows,512,0,0.01300208829343319,0.0640625,-0.005968309787567705,0.0011337654781527818,0.1671605950105004,61e928aeccc38f294ec897e9c3aff908:0:0,d3bc77c6c54d6c534a319ce7337e6ec5:0:0,d5ee61e8c2d1abd9cef912fc4b50e1e5:0:0,40e688fcbbb43df1d57d6cb1453d91a9:0:2891486619,cdcd2ab0c74b4c8ca1079bc7130af014:1:1445919368,10,1.0,0,0,0,0,0,0,512,6,0,512,8,0,247,0,0,265,6,0,512,0.19889456033706665,78.85326385498047,172,0
1378,A,178,-0.00013379205483943224,0.05392557755112648,nan,nan,512,0,-0.00013379205483943224,0.05392557755112648,all_rows,512,0,0.004555841442197561,0.091015625,-0.006181563576683402,0.0014336794731207192,0.1675150229712017,33967ec35c45dfc06bb69c10db32ad08:0:0,bd19ee6f331320f10681d6dd003955ab:0:0,ce98f1cfe7d2e41cbe2fb13e9633717c:0:0,6cd90d40fda10e80cd928e56ac5dcda9:0:1066951988,3d4988afb245c3bff06d32ef51096674:1:1268226633,10,1.0,0,0,0,0,0,0,512,6,0,512,7,0,242,0,0,270,6,0,512,0.20603296160697937,76.69084167480469,174,0
1379,A,179,0.0036788485012948513,0.05598735809326172,nan,nan,512,0,0.0036788485012948513,0.05598735809326172,all_rows,512,0,0.0024807865265756845,0.0244140625,-0.0009779899846762419,0.001551433402346447,0.16749590099789202,f98c96b6ca2cceda7eea2c7c13756108:0:0,6c7c44152daf047ff747db9f7c65f26f:0:0,f1e2550b43d5c20cd87a43d0e5941acb:0:0,618642986bce358c5ac5acfed3be09a9:0:1882989883,0b0719016578263625a5dd9b79e2e789:1:3416830246,10,1.0,0,0,0,0,0,0,512,11,0,512,12,0,268,0,0,244,11,0,512,0.2003045380115509,76.06460571289062,157,0
1380,A,180,-0.0009969985112547874,0.05741722509264946,nan,nan,512,0,-0.0009969985112547874,0.05741722509264946,all_rows,512,0,0.006537141278386116,0.0666015625,-0.005871950322762132,0.0016443918633740396,0.16673476301366463,f3487b321a9d5e1f4607f65f6c781508:0:0,af6e81b81f5f6beacb817e195458880c:0:0,14dcda4ccdfa33ce85f3cd60583dec6a:0:0,52b6e547bc3b8da337c58c65bb5e45a9:0:1551935063,6f8b8a762d7c122389597b130fbd4efd:1:1479252956,10,1.0,0,0,0,0,0,0,512,6,0,512,16,0,245,0,0,267,6,0,512,0.19720587134361267,76.75382995605469,160,0
1381,A,181,-0.022691670805215836,0.06329969316720963,nan,nan,512,0,-0.022691670805215836,0.06329969316720963,all_rows,512,0,0.001163155073300004,0.0736328125,-0.003439215337857604,0.0015288668219000101,0.1654397360398434,7a8fb80fdbf3a50ba5ad66eee63ac908:0:0,cb8f8c02957e3df4c4eb7a21d913eed2:0:0,74393b299afc4b72fe8e8b2662b3a134:0:0,b55ce074bad6c964a4493047633e81a9:0:2174668610,27508f98b1215c7b16d9d5d8ee9455de:0:3533227181,10,1.0,0,0,0,0,0,0,512,11,0,512,7,0,249,0,0,263,11,0,512,0.20631614327430725,78.01068115234375,154,0
1382,A,182,-0.012757091782987118,0.05085652321577072,nan,nan,512,0,-0.012757091782987118,0.05085652321577072,all_rows,512,0,0.006862305570393801,0.0419921875,-0.00465196487493813,0.0013172574865166098,0.1551481939968653,c2517563d75836995d70ab5e80bd7d08:0:0,d33b58b036cdc46dc2045ec73d172bf3:0:0,dbec9a2fa1ec2acf60788315c7908098:0:0,c3886a65613ecdd7a10fdc5fcb5ebda9:0:3057298016,5e5f52205110a3bb6b41b469597a63da:1:3581985386,10,1.0,0,0,0,0,0,0,512,10,0,512,6,0,245,0,0,267,10,0,512,0.21105355024337769,77.50698852539062,172,0
1383,A,183,0.004718933720141649,0.05846729129552841,nan,nan,512,0,0.004718933720141649,0.05846729129552841,all_rows,512,0,0.007945194840431213,0.045703125,-0.0012702678563073278,0.0016757119388785212,0.1570497759967111,807c623d545257a6bbe0b0e23c003108:0:0,5b1ab7c5c49247aa1e0161e589d3ee52:0:0,b6bbc1fea74a59b17c894eba03d47dcb:0:0,b0a2de450c5f5d022be1146af3bef9a9:0:2734685722,aeb81ff6f8da0b9f9ecb1f08534f1a9c:0:534082210,10,1.0,0,0,0,0,0,0,512,8,0,512,9,0,246,0,0,266,8,0,512,0.21336129307746887,78.32062530517578,166,0
1384,A,184,0.000984849059022963,0.055328577756881714,nan,nan,512,0,0.000984849059022963,0.055328577756881714,all_rows,512,0,0.005141939967870712,0.0697265625,0.003469585534185171,0.001504731416935101,0.15747092996025458,1c45c848618b061e528524ae1802e508:0:0,34101d0dd38094a8346859e07340959c:0:0,2dd338540493731d2a83354fb26edf4f:0:0,25a2e8c7aaa110c07b8c9c24dc5f35a9:0:3031373626,163296d33ea5c9cd1d383c0d1b9478e8:0:676877654,10,1.0,0,0,0,0,0,0,512,3,0,512,7,0,251,0,0,261,3,0,512,0.20370076596736908,77.43579864501953,155,0
1385,A,185,-0.0013879985781386495,0.0531577467918396,nan,nan,512,0,-0.0013879985781386495,0.0531577467918396,all_rows,512,0,0.013170219957828522,0.089453125,-0.005030262703076005,0.001391872193198651,0.15683488798094913,fc2d471b54f4d0dea9de73f614c59908:0:0,f3eb0a6a4e2eb414f717141fec0dd424:0:0,e2f9060f1e11c8093abcc6ea35882f4b:0:0,0845b99afd69a5dc3bea7749853f71a9:0:1290531764,567f7199a27df2484a6f971a380fb94f:1:2455255264,10,1.0,0,0,0,0,0,0,512,6,0,512,7,0,248,0,0,264,6,0,512,0.20286600291728973,77.6595458984375,169,0
1386,A,186,-0.0022972985170781612,0.05678075924515724,nan,nan,512,0,-0.0022972985170781612,0.05678075924515724,all_rows,512,0,0.003641690593212843,0.024609375,-0.004345307848416269,0.0015602804138325154,0.14403014298295602,7be48fa6758c8061f565cbee32484d08:0:0,403ed7a77f3ff189cbd17bebcae37cfa:0:0,cc3371af30db46ee7c751fdc25d8b439:0:0,50ff442e48a89763c9dae994ee5fada9:0:1940695442,f0da65dd4f1ee059d3c3e775d93367f1:0:832055945,10,1.0,0,0,0,0,0,0,512,11,0,512,6,0,265,0,0,247,11,0,512,0.20980963110923767,76.60679626464844,150,0
1387,A,187,-0.0017540627159178257,0.060704898089170456,nan,nan,512,0,-0.0017540627159178257,0.060704898089170456,all_rows,512,0,0.003418308449909091,0.044921875,-0.006077821389771998,0.0018369937839452176,0.1569741719868034,6aeb05e480e69025c78d19ca708b0108:0:0,6b2b5b068ab173e0391e2b742c85aed6:0:0,50d59f9da49acae849e68e2a69b8def9:0:0,a9882ef10b2c0a416f4676c317bfe9a9:0:210183416,6000afad09ffc55992990738c9aa5996:1:1436340210,10,1.0,0,0,0,0,0,0,512,10,0,512,5,0,245,0,0,267,10,0,512,0.21029460430145264,76.47290802001953,162,0
1388,A,188,0.005765917245298624,0.05802306532859802,nan,nan,512,0,0.005765917245298624,0.05802306532859802,all_rows,512,0,0.0039237686432898045,0.0802734375,-0.0017415148904547095,0.0016553454741369932,0.16601648600772023,39e270937ebd78d2c5bf0abecf8db508:0:0,a9a72e50b3d1696984f3ebd511107423:0:0,f8f177146e0d32f153882df3ef891936:0:0,99f2e0c19a7a09129f1de290016025a9:0:1181509810,fa2e094217c739bedaf6249e79802850:1:2204153713,10,1.0,0,0,0,0,0,0,512,8,0,512,5,0,256,0,0,256,8,0,512,0.21055680513381958,75.28775024414062,163,0
1389,A,189,-0.0011878914665430784,0.05160956084728241,nan,nan,512,0,-0.0011878914665430784,0.05160956084728241,all_rows,512,0,0.003313126740977168,0.0447265625,-0.001534425700083375,0.0013142553158104419,0.16044735797913745,af23d46614b4cb245c5f0bff4f506908:0:0,383ed9d39151381d188936d82ebb2e9f:0:0,a38f9e8336dfc4f18effba87284409ba:0:0,0c4228dcbcea103f315a30b7ab4061a9:0:3349349133,714e450be45e191b3cbfdb5fb79bcd78:1:1012745780,10,1.0,0,0,0,0,0,0,512,5,0,512,9,0,264,0,0,248,5,0,512,0.20087511837482452,75.0242919921875,155,0
1390,A,190,-0.0030991476960480213,0.049655620008707047,nan,nan,512,0,-0.0030991476960480213,0.049655620008707047,all_rows,512,0,0.018195193260908127,0.0724609375,-0.003181642945855856,0.001200328758568503,0.15913882601307705,9baa41c64c851b9072c94abfefd31d08:0:0,755d1bcc3aa8c823a3552de1e71aa137:0:0,48d153ed5a981c35e15d7d5c3f237bc2:0:0,c6db46379cbaea509efca4f615609da9:0:4049650925,2c740ad9891d93a6668a9d614956e56b:0:3651755986,10,1.0,0,0,0,0,0,0,512,8,0,512,10,0,259,0,0,253,8,0,512,0.20837359130382538,75.63977813720703,165,0
1391,A,191,-0.0017922224942594767,0.056265708059072495,nan,nan,512,0,-0.0017922224942594767,0.056265708059072495,all_rows,512,0,0.005503390450030565,0.115234375,-0.008353094942867756,0.001556750130839646,0.15581632003886625,18c4b9eb7ec4beaf1f52b434b115d108:0:0,f0dc51e12e8656038b9bf1f0a7c567b6:0:0,53cef645488b29b0ac0e93983e766571:0:0,0d1a97c5aee0dc893e0ec3073fc0d9a9:0:107121304,6b5f8b59cef818036ab23c7a247a813f:0:2695253760,10,1.0,0,0,0,0,0,0,512,7,0,512,7,0,267,0,0,245,7,0,512,0.2158096730709076,73.24728393554688,155,0
1392,A,192,-0.001251995679922402,0.0572851337492466,nan,nan,512,0,-0.001251995679922402,0.0572851337492466,all_rows,512,0,0.009288720786571503,0.0455078125,-0.005167958419770002,0.0016394855920225382,0.13270266202744097,d5e861add48156625b48f59193188508:0:0,5858d5ea0bb6a2a18090f1f2eda8b633:0:0,0ce610a1fc9d8a361d7141af5c0ca8c6:0:0,bb0dffc4684823bb7da24ea72a6115a9:0:3314354340,9fc0e2ac14e7045bac01d25cb06e9194:0:3779662635,10,1.0,0,0,0,0,0,0,512,8,0,512,15,0,251,0,0,261,8,0,512,0.2191518396139145,73.707763671875,168,0
1393,A,193,0.004101538565009832,0.05006987974047661,nan,nan,512,0,0.004101538565009832,0.05006987974047661,all_rows,512,0,0.006004889961332083,0.022265625,-0.003530457243323326,0.0012561581563204527,0.1173577219597064,6d30fe2a91de2fbdb6f27c0a95db3908:0:0,9293e42efe9adf4d048acb994790cc3d:0:0,1395151367389f623fd2ee8c4b68113d:0:0,ce2200bedc47c16121d14b91d54151a9:0:1768284448,071b28bd83881441c63a12cfa4652316:1:3767573817,10,1.0,0,0,0,0,0,0,512,6,0,512,7,0,249,0,0,263,6,0,512,0.23319730162620544,74.70150756835938,147,0
1394,A,194,-0.0008799518691375852,0.059929393231868744,nan,nan,512,0,-0.0008799518691375852,0.059929393231868744,all_rows,512,0,0.01495320349931717,0.051171875,-0.0022996622137725353,0.001789343770360574,0.11771824600873515,155f30f51beb71ae0d8e74d3b95ded08:0:0,023a3544cb170b254110393f537971e5:0:0,395ade94b49248518b09de4cc77e6357:0:0,40a6d3939f0098f27fbdfd8340618da9:0:358301467,01384e9a000ba31cb9077b6cbfbfce2d:0:3091150326,10,1.0,0,0,0,0,0,0,512,8,0,512,12,0,251,0,0,261,8,0,512,0.2258264273405075,76.00837707519531,175,0
1395,A,195,0.003225109539926052,0.06415390968322754,nan,nan,512,0,0.003225109539926052,0.06415390968322754,all_rows,512,0,0.0046844095923006535,0.022265625,-0.00424990935716778,0.0020236712472978978,0.11625590204494074,da3217396bea1c613954cd20fda0a108:0:0,5d609476f59d7b3b4891325a567be29c:0:0,0c378a083b040d59d1629e21db0d5b5a:0:0,49b92a5f8664dd7db992e8376bc1c9a9:0:1161116682,53826289ad8f96c5b3e7d9287829dfdf:0:1687268870,10,1.0,0,0,0,0,0,0,512,7,0,512,9,0,278,0,0,234,7,0,512,0.23317883908748627,73.45604705810547,137,0
1396,A,196,-0.00018901590374298394,0.05023818090558052,nan,nan,512,0,-0.00018901590374298394,0.05023818090558052,all_rows,512,0,0.004854910541325808,0.033203125,-0.003601401532068849,0.0012517287686932832,0.11584625201066956,4894d0dd6230d96dc776322662a35508:0:0,149d5b7aeb9761174c62ac8a51591276:0:0,9555cafc45ff4f153a81a4802cde118e:0:0,568f04c824a3cf7dfa82cf6a576205a9:0:240559456,66ce9403ebdfe84d89ad5a070995da50:1:622399223,10,1.0,0,0,0,0,0,0,512,4,0,512,9,0,255,0,0,257,4,0,512,0.23932674527168274,74.88660430908203,161,0
1397,A,197,-0.00012878052075393498,0.05851760879158974,nan,nan,512,0,-0.00012878052075393498,0.05851760879158974,all_rows,512,0,0.010920323431491852,0.0375,-0.002444179984740913,0.0017120348988100887,0.11499791202368215,b4000a572ae59cbaac1c1117e8660908:0:0,ad453b931b1bccf717c4c822851bbdd7:0:0,94c07dc25fb295c6041a20f2eeb3f919:0:0,4dabe6b916b5caf2b2c8b6d8034241a9:0:4050354156,a2d3b0f117ecbe1da8a875d7f5ea028a:1:652347068,10,1.0,0,0,0,0,0,0,512,7,0,512,7,0,258,0,0,254,7,0,512,0.24672013521194458,76.07710266113281,158,0
1398,A,198,-0.004268015269190073,0.052752211689949036,nan,nan,512,0,-0.004268015269190073,0.052752211689949036,all_rows,512,0,0.004980698227882385,0.0873046875,-0.010600955062545835,0.0013853533717337995,0.1147304680198431,6663ed97a6c01626f66897298ee8bd08:0:0,27734ab0e3408342778edcf7ae1c03de:0:0,77c8dbada1bd1b58f8b58fee22d4c2b6:0:0,c050eb3f81c4a5b6d3a7e23c6f627da9:0:151252646,131c062a1fbee190df51146006c19552:0:751096100,10,1.0,0,0,0,0,0,0,512,9,0,512,7,0,240,0,0,272,9,0,512,0.249363511800766,74.79373931884766,167,0
1399,A,199,-0.001377222128212452,0.052354585379362106,nan,nan,512,0,-0.001377222128212452,0.052354585379362106,all_rows,512,0,0.007604409009218216,0.0546875,-0.0038821510039269923,0.0013702942058444023,0.11497608805075288,acafdc108a08f3f18476b18f562b7108:0:0,26824b8d32f2eff2637910827ff65b6a:0:0,84cffaebfa9768af5e586c26ff2471ae:0:0,7adc91c75a2c5e180b6bd5539bc2b9a9:0:129736389,746a3160b18fdad87944cdea8c3982da:1:3987914768,10,1.0,0,0,0,0,0,0,512,5,0,512,8,0,237,0,0,275,5,0,512,0.2476254254579544,75.7140121459961,158,0
1400,A,200,0.002159891650080681,0.05582991614937782,nan,nan,512,0,0.002159891650080681,0.05582991614937782,all_rows,512,0,0.005250368267297745,0.0416015625,0.0006624074885621667,0.0015522550616879015,0.1199951299931854,485b0586a409f5e0b75a0d7d3e2e2508:0:0,20f335e38b584979a5e50d607be37f93:0:0,a7d7eb67ca6fe4bfce0b046e96f3361f:0:0,49fbc4964ed019ae016853d98862f5a9:0:3137458724,76224ab82e496cbb3f756cfd28fe7517:0:901303650,10,1.0,0,0,0,0,0,0,512,3,0,512,11,0,251,0,0,261,3,0,512,0.23923823237419128,76.25312042236328,157,0
1401,A,201,-0.013392405584454536,0.05402275174856186,nan,nan,512,0,-0.013392405584454536,0.05402275174856186,all_rows,512,0,0.013416030444204807,0.0853515625,0.005214865319430828,0.0013908928347518667,0.11354606598615646,daeb55098122d12a271f182746f0d908:0:0,0061190f447aa58fd476e066fdc19bfc:0:0,f53898b1c5035d5b659c6de67a8133be:0:0,a8c973f8737f747191f9618a354331a9:0:2626785041,83ed68376172751dff8632c988a47f0e:0:3923118611,10,1.0,0,0,0,0,0,0,512,5,0,512,6,0,262,0,0,250,5,0,512,0.22768114507198334,76.1910171508789,158,0
1402,A,202,-0.0040052058175206184,0.05080919340252876,nan,nan,512,0,-0.0040052058175206184,0.05080919340252876,all_rows,512,0,0.005891500972211361,0.0560546875,-0.002064328035339713,0.00129392517847009,0.1140530519769527,e41f471259b6e51a56cafec170738d08:0:0,4da212159ec9500e2798d56cacb59d32:0:0,09c531f08b9f18d7591495e0d9d5ab98:0:0,43843a2b052820140a834221a2636da9:0:1304250631,8c96c56bfc220f1dfc4410a0966b8c4c:0:1833513066,10,1.0,0,0,0,0,0,0,512,6,0,512,6,0,268,0,0,244,6,0,512,0.2287263125181198,74.81695556640625,147,0
1403,A,203,-0.003423426067456603,0.05051112174987793,nan,nan,512,0,-0.003423426067456603,0.05051112174987793,all_rows,512,0,0.008746802806854248,0.0828125,-0.0011993993655778467,0.0012722908373689278,0.10654608299955726,66d309750027c07c685bae7fbab64108:0:0,625701467c9da02b19c32f6a610613b4:0:0,02b0d36ea8e7487e4993004282de3c50:0:0,ab99d0a9e28fd3966572795bcfc3a9a9:0:2089505566,fc4630b7ec652c03b1faf8ac0b38408a:0:2608435255,10,1.0,0,0,0,0,0,0,512,10,0,512,6,0,240,0,0,272,10,0,512,0.233403742313385,74.57853698730469,171,0
1404,A,204,0.0005751422140747309,0.05675085633993149,nan,nan,512,0,0.0005751422140747309,0.05675085633993149,all_rows,512,0,0.0035718297585844994,0.0421875,-0.0010051592951640486,0.0016100427368655802,0.1479585289489478,bcb9c776401077c1d0c7d49625b8f508:0:0,7de9e77ab3c26ca66812d1bb55cc9280:0:0,df3656ce7cf9d7bd510592758214258a:0:0,24aeb01c94528b20863bcaf4bd63e5a9:0:1154566845,f47f109a08702cd196f565d226b98d44:1:341027393,10,1.0,0,0,0,0,0,0,512,1,0,512,9,0,264,0,0,248,1,0,512,0.24756816029548645,74.72997283935547,143,0
1405,A,205,0.0015576820587739348,0.05418166518211365,nan,nan,512,0,0.0015576820587739348,0.05418166518211365,all_rows,512,0,0.007705012336373329,0.0408203125,-0.0017917294986546039,0.0014511266082990915,0.14143571100430563,0e513a03e0f5cbea0bfede38b17ba908:0:0,0547a6dad5d964a0322843d4ee34d988:0:0,753fa13750f422659b380cdd9b7cf2bc:0:0,f73d00b7fee11818755c3aa86b4421a9:0:319410428,3983e22ba75b3c3f67525a1102c03cfc:0:51215174,10,1.0,0,0,0,0,0,0,512,9,0,512,9,0,264,0,0,248,9,0,512,0.2488168329000473,73.88095092773438,162,0
1406,A,206,0.0033922232687473297,0.05970732867717743,nan,nan,512,0,0.0033922232687473297,0.05970732867717743,all_rows,512,0,0.0018644635565578938,0.047265625,-0.00028084716759622095,0.0017835851525887848,0.11263611796312034,cbcf7db33e9f222a50e8f89b5dfe5d08:0:0,2162cf870f94a62b532350fb17db6b4c:0:0,0b0d991adc628fa8a7ba815da591674d:0:0,14a90982193c01799c590c32d9645da9:0:2219278381,eae195dc2b6b62256cc83f125036f6d6:0:2322248606,10,1.0,0,0,0,0,0,0,512,6,0,512,4,0,275,0,0,237,6,0,512,0.24354341626167297,73.84559631347656,157,0
1407,A,207,-0.004922347143292427,0.05574531480669975,nan,nan,512,0,-0.004922347143292427,0.05574531480669975,all_rows,512,0,0.002625639084726572,0.0265625,-0.0012115550693124534,0.0015004079672507943,0.11084074398968369,e5f1cdd4294c4c55456710f22b411108:0:0,e062dd36d3cd80f2e5c02cdc50cd6fd4:0:0,aeac8a55b6921f3c10e6d8145d238f5e:0:0,f27a917d4326b46c01bfc35007c499a9:0:1012212436,e625888037a57c81bdefa5c23a1af568:1:3843465478,10,1.0,0,0,0,0,0,0,512,7,0,512,6,0,261,0,0,251,7,0,512,0.24055595695972443,73.84368896484375,155,0
1408,A,208,-0.004852540325373411,0.05260448902845383,nan,nan,512,0,-0.004852540325373411,0.05260448902845383,all_rows,512,0,0.007320691365748644,0.0306640625,0.00018056794069707394,0.0013775733939837664,0.10376974300015718,e346158e7ffc2202b252d4711943c508:0:0,9604f863b1c5a1d7c662c5d0750eec6e:0:0,2a3c4e73344d33a1889583e67163ca84:0:0,370a2659158f051b852623bbf664d5a9:0:2241171808,7db87d9db382abe67f38741243b8de35:1:3765758886,10,1.0,0,0,0,0,0,0,512,8,0,512,4,0,253,0,0,259,8,0,512,0.24142086505889893,73.50823211669922,159,0
1409,A,209,0.0016904848162084818,0.05601068586111069,nan,nan,512,0,0.0016904848162084818,0.05601068586111069,all_rows,512,0,0.009168586693704128,0.0654296875,-0.006516532320529222,0.001549601397709921,0.10308381298091263,c8894da9b6f7ea77377eb04c28067908:0:0,afa8143246a4d12b4892114207f3c125:0:0,2b85039901686b66362c86b98204b9e5:0:0,019ef8dec7e4ffcf1b2a3132a54511a9:0:448055788,327743ae60552472fbf6cdb9744ca082:0:1326225432,10,1.0,0,0,0,0,0,0,512,8,0,512,8,0,261,0,0,251,8,0,512,0.23780354857444763,72.12893676757812,142,0
1410,A,210,-0.00579781923443079,0.05220656469464302,nan,nan,512,0,-0.00579781923443079,0.05220656469464302,all_rows,512,0,0.0016229175962507725,0.025,-0.00019592782482504844,0.0013211004668846726,0.1032136440044269,a1c157463cd7974bffb5d1b757892d08:0:0,3fbb58eaa76f698d17685350f0a3ef52:0:0,1c58b91f614407eac6ccdf554579dd9a:0:0,22f5f7e7851f0a4009722f7014654da9:0:3911944152,d8611bbb5b5a0f1b6ce9a0240cf22f27:1:586055006,10,1.0,0,0,0,0,0,0,512,5,0,512,3,0,254,0,0,258,5,0,512,0.2373647689819336,70.15008544921875,153,0
1411,A,211,0.005529487505555153,0.054510075598955154,nan,nan,512,0,0.005529487505555153,0.054510075598955154,all_rows,512,0,0.02002873085439205,0.139453125,-0.012346708914265037,0.0014731048606336117,0.10312926600454375,ce9271797032cfd674bc25e6a7cbe108:0:0,eb51cf6f94f6d4dc4826d579044a908d:0:0,cabb88a11b967add1b172b3db88e79c4:0:0,61b507434b26553122aca23043c589a9:0:3822884931,2bdebeacdae87f95c1297cad5fdda50e:0:2801450480,10,1.0,0,0,0,0,0,0,512,5,0,512,5,0,252,0,0,260,5,0,512,0.2394961714744568,70.44261169433594,165,0
1412,A,212,0.0006156289018690586,0.05784653127193451,nan,nan,512,0,0.0006156289018690586,0.05784653127193451,all_rows,512,0,0.0056322477757930756,0.08203125,-0.0031037312000989914,0.0016597414156422018,0.10352403199067339,87b689659832cd4ff34e5a0e18ce9508:0:0,dda4e9730fb122418bf7874ec98d8ae9:0:0,a2ec4c2946dbec01e8969557b6852dd2:0:0,c8a5a08f2f679e4602904d2f3365c5a9:0:2070415104,010378ea20a7a84f7dbf86ee45b8b6fd:1:2092760580,10,1.0,0,0,0,0,0,0,512,6,0,512,6,0,255,0,0,257,6,0,512,0.23899827897548676,70.2142333984375,157,0
1413,A,213,0.004992062691599131,0.058399587869644165,nan,nan,512,0,0.004992062691599131,0.058399587869644165,all_rows,512,0,0.010523120872676373,0.0818359375,-0.0031737938639707862,0.0016905822441913188,0.10283803602214903,e62f7a10123907bd7f21db61aa914908:0:0,3244b0fd7b0786df3e13613113d67d79:0:0,89bac65086b6d9f364ee71d20a22d944:0:0,daf8d8922344421a49dc3428e34601a9:0:2477976320,6cedab2c6c18359a17f6f363b8e11301:1:2669990767,10,1.0,0,0,0,0,0,0,512,5,0,512,8,0,263,0,0,249,5,0,512,0.25033554434776306,71.4426498413086,157,0
1414,A,214,0.008175251074135303,0.05602610856294632,nan,nan,512,0,0.008175251074135303,0.05602610856294632,all_rows,512,0,0.0069290208630263805,0.03671875,-0.0010844673961400986,0.0015589110378641635,0.10396628803573549,878cdae0a6ceb39776e4d7155d13fd08:0:0,cb118bee7c1a56231baef3cf090a05f6:0:0,9afb163d2b23b0df2b1fb70539db9bf5:0:0,458bac4f931f9e98da579ad953663da9:0:3516452846,4ef2bcdb99fd3720a5a16da6bbbd1f35:0:84065642,10,1.0,0,0,0,0,0,0,512,9,0,512,10,0,247,0,0,265,9,0,512,0.24439933896064758,72.33479309082031,168,0
1415,A,215,-0.005848727189004421,0.05856292322278023,nan,nan,512,0,-0.005848727189004421,0.05856292322278023,all_rows,512,0,0.003044369164854288,0.0318359375,-0.0028180168941617013,0.0016121492953971028,0.10578251001425087,3e2a395db8111031483e3a5d3056b108:0:0,d5f08405d38433eb34d2507536118973:0:0,9aa35be53be645e1ff81de332680cfe9:0:0,1b659d977ac4c59312d204fc83c679a9:0:3894861413,e855988d68e8d9744ebfdb2b92b4ebc7:0:3130059198,10,1.0,0,0,0,0,0,0,512,3,0,512,7,0,254,0,0,258,3,0,512,0.24864889681339264,73.21814727783203,161,0
1416,A,216,0.002662884071469307,0.05743168666958809,nan,nan,512,0,0.002662884071469307,0.05743168666958809,all_rows,512,0,0.01013388205319643,0.0787109375,-0.0009882545564323664,0.0016141504689585417,0.10651127103483304,91638c61bbce86e123cdb26d24596508:0:0,d11058a532b3b4e4102f5379acfa5c8e:0:0,be0e4bf50c8d5e04fdb877686c9cf463:0:0,bfbd0773c9e07f980b23364e7466b5a9:0:1652259597,df70e9de19764beb82a331ddb74633a4:1:2813331292,10,1.0,0,0,0,0,0,0,512,5,0,512,10,0,265,0,0,247,5,0,512,0.2383957952260971,72.78731536865234,160,0
1417,A,217,0.0018331526080146432,0.04594021290540695,nan,nan,512,0,0.0018331526080146432,0.04594021290540695,all_rows,512,0,0.003362688235938549,0.0169921875,-0.0010236420668661595,0.00103759428311605,0.10533126600785181,a92354af33889ae7b12bac79391c1908:0:0,5855a1ad37f285913a72d246e8994e74:0:0,e962bfb103d0faea9c630a1e53a22567:0:0,30ec2f6b334b9f0bd02b328b2546f1a9:0:3928886385,1a629feaaa536474d153c7e04571d9bf:1:791463264,10,1.0,0,0,0,0,0,0,512,10,0,512,11,0,248,0,0,264,10,0,512,0.2248183637857437,73.42523193359375,173,0
1418,A,218,-0.0004905334208160639,0.050667427480220795,nan,nan,512,0,-0.0004905334208160639,0.050667427480220795,all_rows,512,0,0.009105259552598,0.0294921875,-0.002059728279709816,0.0012723933934466914,0.10387555201305076,1aa03871148eaa17c2e955b56e9ecd08:0:0,3a75b2bd7893926f623569cf235b9387:0:0,df6a6dda97adc985fa69c33c73b64d2a:0:0,562ff129c1e1a37e9fd23d6e96672da9:0:880197199,68816a9fe3a16a551e46229f595b81fe:0:3199920861,10,1.0,0,0,0,0,0,0,512,12,0,512,5,0,258,0,0,254,12,0,512,0.2260003387928009,74.2534408569336,158,0
1419,A,219,-0.0032986258156597614,0.059182021766901016,nan,nan,512,0,-0.0032986258156597614,0.059182021766901016,all_rows,512,0,0.0023285250645130873,0.01875,-0.0006417138036340475,0.001739807182457298,0.10325522598577663,6a5ef4de52657e3e0a909b55c4e18108:0:0,e9b3da0c9ef55759146f05271c157cbb:0:0,b8d9bd7077c00d4a4ad5730d41a805b5:0:0,1e04f6b7cd9fad442508dab4c7c769a9:0:3665172568,1b281a72e5e587fbc107fbb6d36c69a2:1:1734918023,10,1.0,0,0,0,0,0,0,512,8,0,512,8,0,247,0,0,265,8,0,512,0.2171342819929123,75.24569702148438,172,0
1420,A,220,0.004557975567877293,0.06259050965309143,nan,nan,512,0,0.004557975567877293,0.06259050965309143,all_rows,512,0,0.0013395451242104173,0.0056640625,-0.000984567077830434,0.00195233995327726,0.10505921597359702,7a5942dffdafaf48cca42a8e3be43508:0:0,cefff82330fd2ff73f4ffff362574305:0:0,69b725816ed13f61e3c200f349fc6656:0:0,84c2c0002bc7c14ab3c7ce19b967a5a9:0:3377476209,2251dc7e4bfb3d97f13dfb1ed22f92b5:1:584281127,10,1.0,0,0,0,0,0,0,512,3,0,512,10,0,253,0,0,259,3,0,512,0.23418989777565002,74.7859115600586,179,0
1421,A,221,-0.005826108623296022,0.05415094643831253,nan,nan,512,0,-0.005826108623296022,0.05415094643831253,all_rows,512,0,0.0027603500057011843,0.0603515625,-0.006223599845543504,0.0013273486110847443,0.1040839430061169,0342c14229cad62f949f7092d3a6e908:0:0,ceff23c599136a2734d25509cb0cf13c:0:0,469ee10330867af203bbf0d05bdc624f:0:0,e2ec48feb4c45d3285101b596b47e1a9:0:4233340895,3f695b20448c26dcc7de0be07d7647c1:0:3258708334,10,1.0,0,0,0,0,0,0,512,9,0,512,7,0,262,0,0,250,9,0,512,0.22750304639339447,75.26074981689453,159,0
1422,A,222,-0.0004887830000370741,0.05099388211965561,nan,nan,512,0,-0.0004887830000370741,0.05099388211965561,all_rows,512,0,0.00605480233207345,0.0142578125,-0.00039929142221808436,0.001284283446148038,0.10452335199806839,260a20a08b55909ae8f69a978c299d08:0:0,903d51238adf17c320c9d64cc37afc62:0:0,737737326f18584bdf5e7c69dc5404c0:0:0,08d4e6887a885ba4f2eb062fdd681da9:0:2123364393,042b3c1b42a0354feb397901aa451cd4:1:4152959629,10,1.0,0,0,0,0,0,0,512,7,0,512,5,0,252,0,0,260,7,0,512,0.23041361570358276,76.03649139404297,175,0
1423,A,223,0.0033704242669045925,0.058562982827425,nan,nan,512,0,0.0033704242669045925,0.058562982827425,all_rows,512,0,0.0038666860200464725,0.02578125,-0.002739647263661027,0.0016850815678481012,0.10578387096757069,97a6aae881d2554bff1695d0656c5108:0:0,fbd09fa18025513d3c7891686f48dfb6:0:0,52cf1f23ff8e0c0a331f4ff2ee4ce65c:0:0,91ecf6374a2728ebb46a12590fc859a9:0:3831428884,76f167f2410e94cda67bfbc38e5eff47:1:2055429206,10,1.0,0,0,0,0,0,0,512,9,0,512,9,0,264,0,0,248,9,0,512,0.2235492467880249,76.36180114746094,149,0
1424,A,224,-0.0011659071315079927,0.05434468761086464,nan,nan,512,0,-0.0011659071315079927,0.05434468761086464,all_rows,512,0,0.004540984984487295,0.063671875,-0.004505845718085766,0.0014605272677727043,0.10417676402721554,65c0d1f2fe9b19446f650f715f6f0508:0:0,8fcb655cc9eb782986e5188b2291ebd2:0:0,5b3c99882746b16041d3a83c5ccae88a:0:0,5d8d3e9a536147c819a70391026895a9:0:329564808,4c6dacceafe0b9a4ddbede53f0891edb:1:888140346,10,1.0,0,0,0,0,0,0,512,8,0,512,7,0,252,0,0,260,8,0,512,0.22657400369644165,76.50175476074219,165,0
1425,A,225,-0.0006450225482694805,0.05647311359643936,nan,nan,512,0,-0.0006450225482694805,0.05647311359643936,all_rows,512,0,0.0027575185522437096,0.0166015625,-0.0015267205890268087,0.0015569110168144108,0.10525267000775784,578fb6617b59c5ade94074ae7a31b908:0:0,43841e5e4aaebbd6c05c517ba991aca9:0:0,284ef271b95f17611ccd0c77493ea5e5:0:0,1da9596610e1268a47c3dd93b548d1a9:0:1186256137,b160254582079d82707427d7e15cc697:1:690369973,10,1.0,0,0,0,0,0,0,512,5,0,512,4,0,265,0,0,247,5,0,512,0.2269495129585266,75.30493927001953,163,0
1426,A,226,0.001640091766603291,0.04822612553834915,nan,nan,512,0,0.001640091766603291,0.04822612553834915,all_rows,512,0,0.00332805048674345,0.0771484375,-0.01133268247358501,0.0011472886602859945,0.10845085396431386,fc1d9191f2397e81e6fff2bbb5b46d08:0:0,1b45d715d98e8a6f839b43ab07b6ff13:0:0,f55d720d9bee857c8301c22901f52e61:0:0,4db139f5cbe4446874eae41d28690da9:0:2839029547,635d700cc5a31ac92872f1a9cc8bc8fb:1:684864075,10,1.0,0,0,0,0,0,0,512,11,0,512,2,0,243,0,0,269,11,0,512,0.22559189796447754,75.19662475585938,170,0
1427,A,227,0.0038018799386918545,0.06227970868349075,nan,nan,512,0,0.0038018799386918545,0.06227970868349075,all_rows,512,0,0.002275806851685047,0.0779296875,-0.006305504078045488,0.0019356577831786126,0.1029385449946858,0ec99b268a04b9f161f376cd11f72108:0:0,6aca16ef7049b69c97c3743a62dd6a23:0:0,9adc4252c542d05a5d31827bd9fe9903:0:0,8557d709560ca716244e9ae95bc949a9:0:115537759,a5e3a4d096931b143cbb943448c51eb8:1:1919888130,10,1.0,0,0,0,0,0,0,512,10,0,512,6,0,269,0,0,243,10,0,512,0.2258320301771164,75.50824737548828,153,0
1428,A,228,-0.006311584264039993,0.058214861899614334,nan,nan,512,0,-0.006311584264039993,0.058214861899614334,all_rows,512,0,0.010227488353848457,0.0427734375,-0.001892279600724578,0.0016178652062080801,0.10469274601200595,7d0f64466864288c8663ae168ef9d508:0:0,2fe856450d3d34a0aced592cc7e501c7:0:0,ca87a116e4963d82edc6543e76f50f8a:0:0,dc312f41d416a09b6229c5b44f6985a9:0:836102966,bf5761fdfdd49c9f22420cd9b681f64f:0:3662190250,10,1.0,0,0,0,0,0,0,512,7,0,512,7,0,249,0,0,263,7,0,512,0.21936552226543427,75.04007720947266,166,0
1429,A,229,0.007283013314008713,0.053861089050769806,nan,nan,512,0,0.007283013314008713,0.053861089050769806,all_rows,512,0,0.004311996046453714,0.0685546875,-0.007926114369183779,0.0013977966213133187,0.11082815198460594,8619b865dc726e2a679205cc2cbc8908:0:0,ae5936e195bfd3a5188f1983bb1143dc:0:0,d3e60509a33cd64f005bcdad35602cbc:0:0,d4644c78b42ee56bffbf683a0349c1a9:0:3642889659,82ea7c130392cc03677e2adb1980125c:0:437444191,10,1.0,0,0,0,0,0,0,512,9,0,512,6,0,258,0,0,254,9,0,512,0.2257983684539795,73.14212036132812,155,0
1430,A,230,-0.0031207858119159937,0.05449789762496948,nan,nan,512,0,-0.0031207858119159937,0.05449789762496948,all_rows,512,0,0.001570128952153027,0.0369140625,-0.007598403189331293,0.0014818339957855641,0.10688145196763799,a631dd0cd3d8ab90b3b8ab21eb3f3d08:0:0,f2daf28df6489eb474c05808a9598b8a:0:0,164a0a2a15ad1d458084bbe793b5449f:0:0,e44692a42aa4f2becf5ac6367769fda9:0:2385135918,b845c87a31e072c5d57ff94f2d348a90:0:3302257491,10,1.0,0,0,0,0,0,0,512,5,0,512,7,0,243,0,0,269,5,0,512,0.22637595236301422,74.24728393554688,170,0
1431,A,231,-0.0025923235807567835,0.04766460135579109,nan,nan,512,0,-0.0025923235807567835,0.04766460135579109,all_rows,512,0,0.0011545687448233366,0.0052734375,0.0004745383048430085,0.0011346684565069153,0.11017818102845922,c67387bb4ca7d8db680a8b4bca81f108:0:0,a0b58e29e8baf040c6d10097bd8dea49:0:0,91d11397df0b29870a02bef62ed43247:0:0,18dc8b94cfb5c524e04f6365abca39a9:0:937578403,eab0a027c0d4b162b04d42a06ea866bc:1:3212354027,10,1.0,0,0,0,0,0,0,512,11,0,512,11,0,238,0,0,274,11,0,512,0.22014309465885162,73.930908203125,190,0
1432,A,232,0.001326759229414165,0.055900704115629196,nan,nan,512,0,0.001326759229414165,0.055900704115629196,all_rows,512,0,0.003103910479694605,0.0416015625,-0.0016616676934063435,0.0015520986751653254,0.11048204300459474,fd1212b43622f0a484b3537dca84a508:0:0,a7d2980bbb9480048529ae0637690d6c:0:0,332d97f458179fa764bc75310b7fce2d:0:0,4e318170392adf60baf90383a06a75a9:0:358170265,664d7de3ad2cea249bfaeed060ec7c0e:1:3763017086,10,1.0,0,0,0,0,0,0,512,18,0,512,10,0,265,0,0,247,18,0,512,0.2188524454832077,74.24794006347656,158,0
1433,A,233,-0.0055339522659778595,0.05209513381123543,nan,nan,512,0,-0.0055339522659778595,0.05209513381123543,all_rows,512,0,0.003413080470636487,0.0765625,0.001344291097484529,0.0013246339163742959,0.11196626798482612,8cac5f1ff2adebebc0d770ebeb475908:0:0,935b4e11cccd069ac061e7a9b185f09a:0:0,4aad6f24316e88623fd044d552d20dac:0:0,fe7a9664aa89a17d9cbbaa4c554ab1a9:0:3313662033,19a5d68333cf9c03bf22b45a8a8c2d4a:1:647634315,10,1.0,0,0,0,0,0,0,512,16,0,512,7,0,262,0,0,250,16,0,512,0.21345767378807068,74.66559600830078,154,0
1434,A,234,0.00325511721894145,0.053220853209495544,nan,nan,512,0,0.00325511721894145,0.053220853209495544,all_rows,512,0,0.004881898872554302,0.056640625,0.0015503998845815658,0.0013901772268582135,0.11541094002313912,426a6ca06d158ebe3e9410ca2cca0d08:0:0,51a9376dc5da7dfde3716117d0c24d58:0:0,d8e888380f2b9c32f8945441c262b56c:0:0,8e4ba0aa368ef026b4039b7bca6aeda9:0:1067221937,9aa28734c8e1e3e2f608e09019de848e:1:2470772125,10,1.0,0,0,0,0,0,0,512,6,0,512,5,0,270,0,0,242,6,0,512,0.20753653347492218,75.37210845947266,150,0
1435,A,235,0.0008021818939596415,0.05928343906998634,nan,nan,512,0,0.0008021818939596415,0.05928343906998634,all_rows,512,0,0.0014120001578703523,0.0044921875,-0.0006477521965280175,0.0017538870219141246,0.10785449796821922,53a9fc197364059e3eff204c8f0cc108:0:0,f440093c62b02a7783b9cb496f2e2a77:0:0,777c57165737bcf788e1e08105e8aae6:0:0,2303e67decb32c3e5c455acdffcb29a9:0:2541700796,287eac49499ff83b600bd728a0663643:1:2651987294,10,1.0,0,0,0,0,0,0,512,7,0,512,3,0,273,0,0,239,7,0,512,0.21613702178001404,74.35409545898438,135,0
1436,A,236,0.0035779071040451527,0.05336160585284233,nan,nan,512,0,0.0035779071040451527,0.05336160585284233,all_rows,512,0,0.007284760475158691,0.0302734375,-0.000671976339071989,0.0014166556356940418,0.11315790103981271,ed969518c97653aad6274ca7120f7508:0:0,455c5f94f1148dabf6fa2ce2d259255f:0:0,a136bc637b96573616e900a172c3bf7f:0:0,5946e65bed727ab559fdabfef56b65a9:0:1685876738,7f2e9fdaf44329712238ed98cba68a30:0:2144028290,10,1.0,0,0,0,0,0,0,512,8,0,512,4,0,266,0,0,246,8,0,512,0.21599173545837402,74.62251281738281,154,0
1437,A,237,0.0013056290335953236,0.052897512912750244,nan,nan,512,0,0.0013056290335953236,0.052897512912750244,all_rows,512,0,0.010499720461666584,0.05859375,-0.0028084282763302325,0.001391464751213789,0.10765137302223593,4becfaf2258691879f14030db5d22908:0:0,d3f886262b69910e9547948035841c32:0:0,cb540ecd8d78953245ef4a38ffadc113:0:0,7c11a45580155ca216b192caab4ba1a9:0:1455290902,92c8ff34e79d70b69e069473124b18c3:1:2136827527,10,1.0,0,0,0,0,0,0,512,11,0,512,9,0,255,0,0,257,11,0,512,0.21651050448417664,73.97299194335938,167,0
1438,A,238,-0.0048410939052701,0.04697958752512932,nan,nan,512,0,-0.0048410939052701,0.04697958752512932,all_rows,512,0,0.003986744210124016,0.028125,-0.0051051317248493435,0.0010773689107736572,0.1095339700113982,e11a884c08defd046fc570b47a54dd08:0:0,6fa52fab2c4cedc618d7a524c0de9bf2:0:0,582e54a295d38a8066c27ac6898888ff:0:0,0a077df884b59797dcee52ed216bdda9:0:3048885189,f42043b6b6349974c773928e4bb9573b:1:2594081223,10,1.0,0,0,0,0,0,0,512,9,0,512,5,0,252,0,0,260,9,0,512,0.21944059431552887,72.47821807861328,161,0
1439,A,239,0.005224180407822132,0.06156022101640701,nan,nan,512,0,0.005224180407822132,0.06156022101640701,all_rows,512,0,0.005809696391224861,0.0193359375,-0.0027243037708103656,0.0018879242183174939,0.10376044898293912,61a6058326e9d9850d3482cf5f979108:0:0,2efe362a9dba2d06f7c33a9070a46ec5:0:0,4fe0c5e1089f4f2bd554ce0466df36a4:0:0,462a4ad5dd3b6e3e1449702257cc19a9:0:3150686513,4c07693c2b463da8ab76d20248afc7cd:0:1061993710,10,1.0,0,0,0,0,0,0,512,5,0,512,5,0,273,0,0,239,5,0,512,0.21779891848564148,73.78495025634766,149,0
1440,A,240,-0.0033996955025941133,0.056009940803050995,nan,nan,512,0,-0.0033996955025941133,0.056009940803050995,all_rows,512,0,0.007957534864544868,0.0462890625,-0.00029373266734182834,0.0015231063705869019,0.10529356996994466,e0195ff2ccd22128df52e692659a4508:0:0,3fe16f0b4ad8ddab697ab0cfe2a21c03:0:0,f7aa36262db47e5d33b871962efb5ed5:0:0,2398904ca80f29277d60ae264e6c55a9:0:2388588606,4397c1bc0a6f9f250795c5caaccbe749:1:2020361218,10,1.0,0,0,0,0,0,0,512,5,0,512,4,0,262,0,0,250,5,0,512,0.21650467813014984,73.5915756225586,157,0
1441,A,241,-0.003454740857705474,0.05600917711853981,nan,nan,512,0,-0.003454740857705474,0.05600917711853981,all_rows,512,0,0.005672061815857887,0.0634765625,-0.004568603308871389,0.0014423926593735814,0.10435327602317557,163a2dd97be906b2a50b09318c5cf908:0:0,9c00b7a77d25ab0a0506aca44a73f764:0:0,ad0620703fc117a7838e1621277499be:0:0,f161cbd8673aefe96dda10b5054c91a9:0:3418207958,12ec00b3549ef09af748240ce99f6f16:1:3462021707,10,1.0,0,0,0,0,0,0,512,9,0,512,12,0,242,0,0,270,9,0,512,0.2099456787109375,74.7619857788086,180,0
1442,A,242,0.009086908772587776,0.05726104602217674,nan,nan,512,0,0.009086908772587776,0.05726104602217674,all_rows,512,0,0.001857016235589981,0.06484375,0.0026825024280697106,0.0014850057661533356,0.10378594999201596,fd022439a9044830284017e0d3dfad08:0:0,77d609edf3623a16565fff27f20b2151:0:0,21c809d350c81a127816595a8f80f36c:0:0,a4444fb86eb8f2730c63db8a7c6ccda9:0:420047391,2759ce0843d635d7e08ca97ef05067fe:1:350481075,10,1.0,0,0,0,0,0,0,512,6,0,512,3,0,251,0,0,261,6,0,512,0.21625758707523346,74.67864990234375,172,0
1443,A,243,-0.0003148504183627665,0.05376742407679558,nan,nan,512,0,-0.0003148504183627665,0.05376742407679558,all_rows,512,0,0.006022383458912373,0.0708984375,-0.00227494640275836,0.0014331291138660162,0.10418378002941608,6f3891bf53095261f1cdffd43c226108:0:0,0b23283b01f1b7b543bee4ed8824ed4f:0:0,8006ec4336360be3a25bbf5b371b2593:0:0,5879e25f34a9e2a48cb49262b3cd09a9:0:2477537107,94f90e6cd11d2c27fd94cba6ea13e873:0:1373140514,10,1.0,0,0,0,0,0,0,512,9,0,512,13,0,253,0,0,259,9,0,512,0.21828879415988922,75.13318634033203,172,0
1444,A,244,-0.0034351814538240433,0.054781701415777206,nan,nan,512,0,-0.0034351814538240433,0.054781701415777206,all_rows,512,0,0.009597412310540676,0.03046875,0.0003660185728222132,0.0014816989889368415,0.1174318150151521,438a935be2d934e2fd896e3fc5251508:0:0,52bcddd040c338613a68a7174428f652:0:0,01c36106f73e992f5891e228bbc732cc:0:0,85d841b05e2fbe266b8af8f9ab6d45a9:0:4204887495,80c860dc939d2c1fedb15f72b1aeac28:1:573800503,10,1.0,0,0,0,0,0,0,512,11,0,512,13,0,234,0,0,278,11,0,512,0.21731039881706238,76.07197570800781,184,0
1445,A,245,0.001081909635104239,0.05737560614943504,nan,nan,512,0,0.001081909635104239,0.05737560614943504,all_rows,512,0,0.00313490629196167,0.042578125,-0.005527526792138815,0.0016120702144689857,0.11366289900615811,93490cf286d167106e3fd0576ee7c908:0:0,a22c9df2097443f252ecb4b26697591b:0:0,644b60a597c80d5fb5ed3aece717f3d6:0:0,44b8d7aca3a8e880aaae130b634d81a9:0:3029661451,dd0cf4ef801b36a23e538467569e365c:0:3202421165,10,1.0,0,0,0,0,0,0,512,9,0,512,8,0,254,0,0,258,9,0,512,0.22053444385528564,74.93140411376953,160,0
1446,A,246,0.0014328320976346731,0.053716402500867844,nan,nan,512,0,0.0014328320976346731,0.053716402500867844,all_rows,512,0,0.0018597388407215476,0.0318359375,-0.00043915645219385626,0.0014273246517404914,0.1043249070062302,43497a17fc155db141b7534f396a7d08:0:0,245b473baad73b84c720805426b55be8:0:0,d9640af7ee1f5d91366e41af3094c4e4:0:0,ca9756c2e70795720ced2453db6dbda9:0:2628013850,48de719b06f7eff8b9e26bf2de16d304:0:1329544271,10,1.0,0,0,0,0,0,0,512,6,0,512,12,0,256,0,0,256,6,0,512,0.22363951802253723,73.89459991455078,167,0
1447,A,247,-0.007561339531093836,0.056044045835733414,nan,nan,512,0,-0.007561339531093836,0.056044045835733414,all_rows,512,0,0.0024203311186283827,0.04609375,-0.0033391572535037993,0.0015213117294479162,0.10405560303479433,dd89689177d4f15e04aee45b24ad3108:0:0,d27eb05c3ea432b6a0d9e868067d3a46:0:0,e7a889af753e5c6458127722588f3748:0:0,d261989617018387521fb08f13cdf9a9:0:3800141900,99d2d09fa4a77faadc3a9584ce1a15d5:1:1839920553,10,1.0,0,0,0,0,0,0,512,9,0,512,8,0,268,0,0,244,9,0,512,0.22125673294067383,74.97683715820312,160,0
1448,A,248,0.008000443689525127,0.05694179609417915,nan,nan,512,0,0.008000443689525127,0.05694179609417915,all_rows,512,0,0.0042203208431601524,0.02734375,-0.000594136631116271,0.0015476152882911264,0.10293275798903778,dce3dfe722c395a886de30af30afe508:0:0,49422b5fc7c74fb2dd6d41dd7a7eccf8:0:0,d8f30f7f1edaa099bc7ff84f06fc61f8:0:0,d64bfa9fb9d406f273257b790c6e35a9:0:1947153837,24ae147980774e140da404869fa9ecdc:1:1679066376,10,1.0,0,0,0,0,0,0,512,11,0,512,13,0,249,0,0,263,11,0,512,0.22866496443748474,75.31156921386719,173,0
1449,A,249,0.00144896749407053,0.05110575258731842,nan,nan,512,0,0.00144896749407053,0.05110575258731842,all_rows,512,0,0.0021099834702908993,0.018359375,-0.003738584043458104,0.0012916373321786522,0.10666832799324766,39241f0758f461038ef5a57f5d729908:0:0,54a4c37402f765988b4cb74850b10b70:0:0,b7029fcd12f678f1878087e0d6794ff6:0:0,b7e490af3a5864a1dde688cdc54e71a9:0:3273128112,d6be6ba4f8ff6deedc13b7151ef2a4df:0:1860538160,10,1.0,0,0,0,0,0,0,512,7,0,512,9,0,256,0,0,256,7,0,512,0.233475461602211,74.93303680419922,146,0
1450,A,250,-0.002208398189395666,0.05574348568916321,nan,nan,512,0,-0.002208398189395666,0.05574348568916321,all_rows,512,0,0.0023753514979034662,0.051953125,-0.007689444627612829,0.0015502658963669092,0.10707029997138306,c9c9f2a0a04ee56a8e9e6fffaaf54d08:0:0,e7f6032032fce1879ca81957699818f2:0:0,4f9dbad5c5024ce40e08ad72adaf316c:0:0,8f54ddde52247d97b1531c493e6eada9:0:3985201671,c1cea78c4fb41e700352e58045b79316:1:1108085251,10,1.0,0,0,0,0,0,0,512,9,0,512,15,0,264,0,0,248,9,0,512,0.23312833905220032,74.62631225585938,157,0
1451,A,251,0.0022089288104325533,0.051977600902318954,nan,nan,512,0,0.0022089288104325533,0.051977600902318954,all_rows,512,0,0.0180983804166317,0.1314453125,-0.008447541622444987,0.0013512747187633067,0.11473509902134538,79a9748107d0d9c9567a7d6419380108:0:0,2eb78c88dd066af292d2c5d8db308ef0:0:0,8afe4f17376e1cfbe1167155e92f10cb:0:0,bc85592b2b73ca80f963b9a777cee9a9:0:3239623034,c962eb6d4877231548c58913889b2879:0:3634343995,10,1.0,0,0,0,0,0,0,512,9,0,512,8,0,239,0,0,273,9,0,512,0.23207128047943115,73.83539581298828,165,0
1452,A,252,-0.0035118297673761845,0.049524832516908646,nan,nan,512,0,-0.0035118297673761845,0.049524832516908646,all_rows,512,0,0.008702925406396389,0.0939453125,-0.005298473546281457,0.0012190574838314206,0.10756663099164143,c5f245f261d09423ca247ae0a83ab508:0:0,9cf73afdd7d756b56232581681148d03:0:0,f9d25f5c5cd963153d326d4330ccf9b9:0:0,dc67d3811594a78ceb1924a4716f25a9:0:4260252361,b2657ab25071d2f9e211d4ca753177ee:1:3884078090,10,1.0,0,0,0,0,0,0,512,5,0,512,9,0,254,0,0,258,5,0,512,0.21971093118190765,73.00016021728516,155,0
1453,A,253,0.004360978025943041,0.053695518523454666,nan,nan,512,0,0.004360978025943041,0.053695518523454666,all_rows,512,0,0.003535008057951927,0.028125,-0.0006201413460075855,0.001441815245198086,0.10433672298677266,20d94cb38b74547d942fd5a957fd6908:0:0,3577aca274d2d003f35e1bb4208bbd6b:0:0,a4d2ff2c7eb6c9001ea0ed1ee871bdc8:0:0,d24de190e695f084207c60fc2b4f61a9:0:404147421,b3497975646ab085302ae0e1e8254ad9:1:2571683071,10,1.0,0,0,0,0,0,0,512,9,0,512,8,0,255,0,0,257,9,0,512,0.22889307141304016,72.06726837158203,157,0
1454,A,254,-0.0016643127892166376,0.04952961951494217,nan,nan,512,0,-0.0016643127892166376,0.04952961951494217,all_rows,512,0,0.007207073736935854,0.05078125,-0.0020567493513226507,0.0012242391559993849,0.10347066703252494,0bdba3d7b3926081da28baf228801d08:0:0,b995924e8a327ac3c1044926f111a5b9:0:0,1828f0d09b6800fa99fc83e685a38f39:0:0,891eb47264f0ed1fd49eb26aa56f9da9:0:812112941,afff84bef24197872155a65b7070ae56:0:1555056167,10,1.0,0,0,0,0,0,0,512,7,0,512,5,0,256,0,0,256,7,0,512,0.2360326498746872,72.37663269042969,155,0
1455,A,255,-0.00115209782961756,0.057773787528276443,nan,nan,512,0,-0.00115209782961756,0.057773787528276443,all_rows,512,0,0.0018295720219612122,0.039453125,-0.0001935222651809454,0.001662379247136414,0.10375625098822638,9819cf7d532defeaf09417ef19c2d108:0:0,f0874b9a949c71ce3e43bb043f68316d:0:0,2e11dd07b3cfe0ee76f306e32414008f:0:0,4abc50a053eb8da11f999cabdfcfd9a9:0:352458057,178a3adb94088cc14794a3f29f79b6d0:1:2323707081,10,1.0,0,0,0,0,0,0,512,7,0,512,14,0,264,0,0,248,7,0,512,0.2398444414138794,73.34114074707031,167,0
1456,A,256,0.0009942296892404556,0.053995970636606216,nan,nan,512,0,0.0009942296892404556,0.053995970636606216,all_rows,512,0,0.010938694700598717,0.0607421875,-0.007994043163489551,0.0014585819211788476,0.10701078700367361,f55f53f749c4e9aa0eef99d42bc58508:0:0,b9fcf2316841267973f205380275e62d:0:0,e8bdb2b0e3b51fd27fcbaf23c8572422:0:0,6d32d378fd6ef7a8328ee37bda7015a9:0:3822862379,5877c581895713e87b5e7fe38462dd24:0:3610980492,10,1.0,0,0,0,0,0,0,512,6,0,512,11,0,255,0,0,257,6,0,512,0.2356753796339035,73.63505554199219,156,0
1457,A,257,-0.0021531651727855206,0.044487010687589645,nan,nan,512,0,-0.0021531651727855206,0.044487010687589645,all_rows,512,0,0.00878792442381382,0.055078125,-0.005962609290145337,0.0009859243407845497,0.10442981100641191,52cc96ab4fa271cf03b1add55e883908:0:0,705b18f10a52f52e4ffb32344c4ef27a:0:0,cce8e6dcc3806e52a9e5bd915c8fd8d6:0:0,7da57405540e634b93a88a96955051a9:0:2193384901,b6a09d74f15addc5461538edffb54b54:0:751335292,10,1.0,0,0,0,0,0,0,512,5,0,512,4,0,223,0,0,289,5,0,512,0.22924895584583282,75.58709716796875,179,0
1458,A,258,0.0013021148042753339,0.052367400377988815,nan,nan,512,0,0.0013021148042753339,0.052367400377988815,all_rows,512,0,0.004891728516668081,0.037890625,-0.003062490536831319,0.0013613447488751262,0.10351240599993616,0f876891b06a482fe8498126b20aed08:0:0,08310846a3e965041ddcc080ed1dfee9:0:0,82bb551fe4960d112e635a43a3c1455c:0:0,e094246107fa486f5a18d5b810708da9:0:2364659991,b610c56d30f19e9b1592758492527bad:1:2269975839,10,1.0,0,0,0,0,0,0,512,6,0,512,8,0,247,0,0,265,6,0,512,0.2270115315914154,74.12918090820312,150,0
1459,A,259,-0.003092411905527115,0.053670965135097504,nan,nan,512,0,-0.003092411905527115,0.053670965135097504,all_rows,512,0,0.011819635517895222,0.06953125,0.0010115369688719511,0.001442161330487579,0.1054059150046669,9711c7eb0010f7d0d51f00fc264da108:0:0,ed5c2ff56b48f5a6db2807327a928e1c:0:0,ce305c742418fce6d7676c477928ed1a:0:0,f64a2db6299bdc5c6a1a489c4bd0c9a9:0:3800246611,f2db2f6dac95c9ea41900a0567ecfb4c:1:884102796,10,1.0,0,0,0,0,0,0,512,9,0,512,10,0,261,0,0,251,9,0,512,0.2257022261619568,74.59286499023438,159,0
1460,A,260,0.00706801051273942,0.056780558079481125,nan,nan,512,0,0.00706801051273942,0.056780558079481125,all_rows,512,0,0.005456188227981329,0.0384765625,-0.004162764392094687,0.0015789172088261695,0.12685768998926505,c4ae48693c74d70b9592da89bb505508:0:0,f7c6fb5b9cba5c1033e4abd56b9b7306:0:0,8d2260a91b64ff75dd4f848e308d2f4e:0:0,1149d1573494df97b0efa6ff477105a9:0:3927598970,20081c3f9ecb6bd85b12454fa552e0b2:1:1786452569,10,1.0,0,0,0,0,0,0,512,4,0,512,10,0,272,0,0,240,4,0,512,0.23777617514133453,75.45567321777344,150,0
1461,A,261,-0.007427028380334377,0.06074213236570358,nan,nan,512,0,-0.007427028380334377,0.06074213236570358,all_rows,512,0,0.009183058515191078,0.051953125,-0.0006498062401078641,0.0017923771403729916,0.1034289009985514,cc4e26b28dcbd8775bfe7b0371130908:0:0,4631ce62bc9b13d9b6e20afdb9ec8e28:0:0,332fd8a0c073e6f98d9cef1868db439e:0:0,d39ae61a9ddfbbf960e3f49d035141a9:0:2435348968,168688e97a1ba69a838b1ff61f3e21dd:0:1017670840,10,1.0,0,0,0,0,0,0,512,9,0,512,6,0,278,0,0,234,9,0,512,0.2493392527103424,75.67095947265625,126,0
1462,A,262,-0.0016177238430827856,0.05956439673900604,nan,nan,512,0,-0.0016177238430827856,0.05956439673900604,all_rows,512,0,0.0022442706394940615,0.0619140625,-0.004166942974552512,0.0017467488069087267,0.10186297399923205,eea655cc981a2c9075b40f9d4795bd08:0:0,56b890769ed90e41ebe89c2a2acc208e:0:0,119d4508b0e40909dde5235a0eaca678:0:0,b74291b33fcbf3042d4a75317f717da9:0:605160916,155b56bc6b9f1931f71cc1adfa83776d:1:3876732088,10,1.0,0,0,0,0,0,0,512,6,0,512,6,0,260,0,0,252,6,0,512,0.2283683568239212,74.68832397460938,163,0
1463,A,263,0.002182012889534235,0.05702339485287666,nan,nan,512,0,0.002182012889534235,0.05702339485287666,all_rows,512,0,0.0037377197295427322,0.0181640625,-0.0023544917814433573,0.0016175205702893436,0.10187637299532071,29f6d2a80fe5b41ffefe858b3ed87108:0:0,b4dee54c6934653a61015464d46f1cb1:0:0,1371daa9acd7cfecffe87880050d491d:0:0,7e18a2593e92dc7c867eac78bbd1b9a9:0:176606123,124ab0819036bbbbf69a09bbb61b1b99:0:776801171,10,1.0,0,0,0,0,0,0,512,6,0,512,6,0,259,0,0,253,6,0,512,0.2281537503004074,74.17225646972656,153,0
1464,A,264,0.0012378166429698467,0.051214173436164856,nan,nan,512,0,0.0012378166429698467,0.051214173436164856,all_rows,512,0,0.006816068664193153,0.0349609375,-0.0034898185171186925,0.0012945190828759223,0.10195961798308417,2a8a3bad045a436397218a0156db2508:0:0,3d77eff625824152559e16f194e85034:0:0,58495b2271a30f6bf70acd142ef9b169:0:0,e5ebadaf4040b53fd5e45e2eb871f5a9:0:133808380,40397176cd99eff7ae0351895f0f8cf6:1:1661070906,10,1.0,0,0,0,0,0,0,512,5,0,512,6,0,265,0,0,247,5,0,512,0.22947433590888977,74.95316314697266,162,0
1465,A,265,-0.00040922703919932246,0.05596033111214638,nan,nan,512,0,-0.00040922703919932246,0.05596033111214638,all_rows,512,0,0.006688972003757954,0.0638671875,-0.009177283756434918,0.0015253546356689186,0.10292676097014919,75bb0fd11112b5f514598a338f9dd908:0:0,9f15204165dcf2584cc35ddfc3434e6b:0:0,cde2adb17ca290623570fbd65f64daa5:0:0,27aff66812adfe5bb9e78e0f755231a9:0:4182713404,ddf85ca120ad5bb0f157d3cd220a1dda:0:1595856901,10,1.0,0,0,0,0,0,0,512,8,0,512,9,0,264,0,0,248,8,0,512,0.21994979679584503,73.73515319824219,165,0
1466,A,266,0.0014917637454345822,0.05123245343565941,nan,nan,512,0,0.0014917637454345822,0.05123245343565941,all_rows,512,0,0.0014762032078579068,0.0271484375,-0.004253505356609821,0.001273045054404065,0.10326143400743604,a920126969bad37237dbb355e9208d08:0:0,9f88c301477f3541dcbdb1e09157c930:0:0,815617c1f5312baa163d97d167369d4c:0:0,5b8e32c91a452c6541fc7fd6f2726da9:0:3708235881,9e19c59379fd8223c4f61d3631193f73:1:1251068282,10,1.0,0,0,0,0,0,0,512,11,0,512,14,0,259,0,0,253,11,0,512,0.22574539482593536,72.33624267578125,165,0
1467,A,267,-0.0025438182055950165,0.05438883230090141,nan,nan,512,0,-0.0025438182055950165,0.05438883230090141,all_rows,512,0,0.005810658447444439,0.053125,-0.005546448286622763,0.0014369169832207263,0.10422602301696315,2e221e9371be04e461d5f29c63634108:0:0,fd3b78b63f1ab40442f81dc466ec16dd:0:0,953d0d0ad90fed536eb4e95a60a2b793:0:0,b84ea2be2450a7102a9fb7412fd2a9a9:0:1476144648,5134fb3b6db654d37867fb38ff9c61f9:0:2740101781,10,1.0,0,0,0,0,0,0,512,3,0,512,3,0,258,0,0,254,3,0,512,0.22912396490573883,72.04830169677734,172,0
1468,A,268,0.002767811994999647,0.058242812752723694,nan,nan,512,0,0.002767811994999647,0.058242812752723694,all_rows,512,0,0.0019383366452530026,0.020703125,0.000772708049044013,0.001669125258922577,0.10194754501571879,716b36b75236dae8456ef53afe65f508:0:0,6d8baff402e95bdb917e81744fd24ff8:0:0,ffd1bc278dd949a687bf2ec5b10da5b9:0:0,ab1274cb778d19061955f80a2d72e5a9:0:810991615,24e9e02361822f6fed6761244210cc37:0:2892285760,10,1.0,0,0,0,0,0,0,512,5,0,512,11,0,270,0,0,242,5,0,512,0.2213326245546341,72.58358001708984,146,0
1469,A,269,0.003128349781036377,0.05326142534613609,nan,nan,512,0,0.003128349781036377,0.05326142534613609,all_rows,512,0,0.0026577701792120934,0.0466796875,-0.007220543175935745,0.0014074371254537254,0.10266888001933694,0618d250c05364959cc62865ba28a908:0:0,a42c96ebcc77b1984f47c19112901432:0:0,be36ddda96597fbfb751110a921e40c0:0:0,d4d145c33dbc0ffdd8ac45edeb5321a9:0:3892410039,2315396bc0703d798b537ec981ae41a6:1:3752347207,10,1.0,0,0,0,0,0,0,512,6,0,512,5,0,252,0,0,260,6,0,512,0.22561801970005035,73.29491424560547,172,0
1470,A,270,-0.004524111282080412,0.04934157058596611,nan,nan,512,0,-0.004524111282080412,0.04934157058596611,all_rows,512,0,0.005185040645301342,0.01875,-0.0019035480450838803,0.00119199447799474,0.10241259401664138,9f2255d2e6625726dcf3b95096ab5d08:0:0,8b56a7d918c426c4ec2ada07b8936508:0:0,9dc1951ce742c373d2f2bffd67b0485a:0:0,f5e28fbba0f2ed129437e4a869735da9:0:246110366,d11bb0921e87e8aea60f32e7130de3e5:1:1210536152,10,1.0,0,0,0,0,0,0,512,6,0,512,8,0,253,0,0,259,6,0,512,0.22010846436023712,74.27849578857422,169,0
1471,A,271,-0.0005593120004050434,0.0517483651638031,nan,nan,512,0,-0.0005593120004050434,0.0517483651638031,all_rows,512,0,0.0012668675044551492,0.0158203125,-0.0010913814883679151,0.0013327458291314542,0.10226488299667835,f6b83e2521bd0660ea08952f93ee1108:0:0,c3b8483b8eea7f1ae8fd65857c2442c7:0:0,bef10edc9f465f2f3241b75e532ebaa7:0:0,953b215b3762255b149657f5a7d399a9:0:1954909671,ab312c358cfbd62e5a04b5e4855e60b7:1:1950509421,10,1.0,0,0,0,0,0,0,512,6,0,512,7,0,230,0,0,282,6,0,512,0.21257555484771729,75.07984161376953,184,0
1472,A,272,-0.0024062131997197866,0.0488060861825943,nan,nan,512,0,-0.0024062131997197866,0.0488060861825943,all_rows,512,0,0.004142050631344318,0.0208984375,-0.002837518462911248,0.0011899235076270997,0.1616485749837011,1440dadf07c22dbacb0e6936b1f0c508:0:0,d9b64fda650e9bc6c76c9e8b5aac460e:0:0,899fb75ff9557e6b948a680328249a97:0:0,a13537299850d2c0fb6d6391a673d5a9:0:3091079943,3956ea5a51e80c6b014502d6f993c721:1:757653583,10,1.0,0,0,0,0,0,0,512,15,0,512,8,0,255,0,0,257,15,0,512,0.21346206963062286,74.61317443847656,161,0
1473,A,273,0.0017149385530501604,0.05264419689774513,nan,nan,512,0,0.0017149385530501604,0.05264419689774513,all_rows,512,0,0.005050753243267536,0.0359375,-0.0015641967300325632,0.0013824091292917728,0.1799676240189001,66c47812e4158a455e07a299f0b37908:0:0,35567c8e310adea5f63b60e4f9ad02f7:0:0,354f0ac8c1e3788eee92ca304023a204:0:0,42f68d2a35089517ff6b0b38655411a9:0:2227092893,6df514563189ce4164bf9c870eed014e:1:3969507809,10,1.0,0,0,0,0,0,0,512,5,0,512,10,0,261,0,0,251,5,0,512,0.2043645977973938,75.36772155761719,166,0
1474,A,274,0.0022832960821688175,0.053461264818906784,nan,nan,512,0,0.0022832960821688175,0.053461264818906784,all_rows,512,0,0.0011571238283067942,0.046484375,0.0016513694543391466,0.001394503063056618,0.18014003802090883,5bd4921ea25845530bef6e8d50362d08:0:0,0cba958ab4902fb1b53dc5dac16f0d7b:0:0,f520235305bc44f0e77d60327ae20606:0:0,8412b79fd06dc375284592a5e4744da9:0:437045102,4418ec2cb80dabfff05e63ade300e46c:0:2815023651,10,1.0,0,0,0,0,0,0,512,6,0,512,4,0,267,0,0,245,6,0,512,0.19730697572231293,75.04141998291016,158,0
1475,A,275,0.00013963953824713826,0.05795590206980705,nan,nan,512,0,0.00013963953824713826,0.05795590206980705,all_rows,512,0,0.008231785148382187,0.0404296875,-0.0030284841544926167,0.0016593301203101873,0.18310024798847735,fb001ba3d58e2fdf7cb9ba44d078e108:0:0,0cc8d5c547d3dcc741feffd83214d877:0:0,80be4608e180e6332cd01992dee88b2b:0:0,1821466f2fffedc60abb7d9623d489a9:0:3158993135,7693b4607e5b679d9b0ddb2dfed476ac:0:75008399,10,1.0,0,0,0,0,0,0,512,9,0,512,8,0,260,0,0,252,9,0,512,0.20675072073936462,74.72598266601562,152,0
1476,A,276,-0.001597090158611536,0.05106539651751518,nan,nan,512,0,-0.001597090158611536,0.05106539651751518,all_rows,512,0,0.0007503459928557277,0.0224609375,0.0007125593489035964,0.0013027526409132406,0.18006804899778217,1c79ff704f63ceb74b5332f4717b9508:0:0,c5de9c990fabdde553dcfa4165852014:0:0,309d0b6cb38bae8704a10612207652b3:0:0,79e6a72fe0feaea804938fc52374c5a9:0:237612037,3be7c96300642b70fb97a97d3e39144b:1:4243521985,10,1.0,0,0,0,0,0,0,512,10,0,512,9,0,242,0,0,270,10,0,512,0.20186367630958557,76.02810668945312,169,0
1477,A,277,-0.003131065284833312,0.05651667341589928,nan,nan,512,0,-0.003131065284833312,0.05651667341589928,all_rows,512,0,0.001364980940707028,0.0025390625,-0.001132370298728347,0.0015842706896364688,0.18145437899511307,8f76ddc97989375fb9a145d0333e4908:0:0,705daff37f0a623026280688c1e3d6cb:0:0,5aea057c88c728e488793b60b5c42fea:0:0,75a466922c6ecd7f789ccceee35501a9:0:2044618416,1db0fce687259e7c8f063eaec3c561f6:1:354774404,10,1.0,0,0,0,0,0,0,512,5,0,512,5,0,234,0,0,278,5,0,512,0.2036806344985962,75.60823822021484,178,0
1478,A,278,0.006281733978539705,0.05899906903505325,nan,nan,512,0,0.006281733978539705,0.05899906903505325,all_rows,512,0,0.002348132897168398,0.0509765625,-0.003634352772496641,0.0017162568226922303,0.19536284101195633,72b38e356355bdbe6482200c15c0fd08:0:0,5cd9a7ee0404859776fab5d8f6ae77b9:0:0,7c270e62f00decd891fd0a5a71bbf7f2:0:0,10695a5994bbb0cf0aae78cf63753da9:0:1638691369,d2e52319dc3d4aeb2b3bddb6e514c214:0:4025152402,10,1.0,0,0,0,0,0,0,512,6,0,512,3,0,264,0,0,248,6,0,512,0.2006002962589264,75.60147094726562,150,0
1479,A,279,-0.00669759139418602,0.05567130446434021,nan,nan,512,0,-0.00669759139418602,0.05567130446434021,all_rows,512,0,0.005352811422199011,0.071484375,-0.006065849354490638,0.0014995869190897793,0.1793214320205152,a04f2c8535e87280f7ccaedc1903b108:0:0,a64306c7c11c32d565cbf84b049be6f3:0:0,284daced72d203709dea8f04db651236:0:0,5f0c61c377b120cedba81722a3d579a9:0:3367161609,17bee8e0c8b9b2abe2d9babb80fdb215:0:4155194002,10,1.0,0,0,0,0,0,0,512,11,0,512,8,0,253,0,0,259,11,0,512,0.19660332798957825,74.71186828613281,175,0
1480,A,280,0.006618555635213852,0.05125688016414642,nan,nan,512,0,0.006618555635213852,0.05125688016414642,all_rows,512,0,0.0026567927561700344,0.0240234375,-0.0020257084630429744,0.001280493289232254,0.1792397570097819,de69698d80f97244e2509f743d066508:0:0,1aa8e10905dcec8cbbafd449bb8722fd:0:0,bd2692bc98fc640978d245fff37e0ec8:0:0,2f1ccac9af895a43c5716ba4a475b5a9:0:4250750388,9810d0856b6db36b547b3bedee55919a:0:2719277195,10,1.0,0,0,0,0,0,0,512,15,0,512,10,0,242,0,0,270,15,0,512,0.1946289837360382,75.86620330810547,186,0
1481,A,281,-0.00670411204919219,0.05915611609816551,nan,nan,512,0,-0.00670411204919219,0.05915611609816551,all_rows,512,0,0.00020415475592017174,0.0767578125,0.0014214281924068927,0.0016937985317781567,0.17501485801767558,08887da19290057f09d65f0881c91908:0:0,ce621dcdd92ad05b29e20f42f46377a7:0:0,aa9807a3af9abc70e6ff577d8c7a67ad:0:0,40c207494dcb719696fa7a116555f1a9:0:2151667256,6595d25da25045599f13c42ca737e0d9:1:3016933501,10,1.0,0,0,0,0,0,0,512,10,0,512,10,0,252,0,0,260,10,0,512,0.19751811027526855,75.17496490478516,160,0
1482,A,282,0.00993199460208416,0.05753978714346886,nan,nan,512,0,0.00993199460208416,0.05753978714346886,all_rows,512,0,0.0018038214184343815,0.01171875,-0.0005807444453239441,0.0016299582552164794,0.1746317470096983,1b69748fcbd191237f1f1acce74bcd08:0:0,bb358aae8fec85d10df76baa9263225c:0:0,f527240993d61fd1697bb1ac63b68ef9:0:0,1a8135adcab6062b503b8624e6762da9:0:153807566,8ef963ffee2dfd8b92be2baa02302a41:1:3179526905,10,1.0,0,0,0,0,0,0,512,8,0,512,14,0,260,0,0,252,8,0,512,0.20005305111408234,75.26502227783203,163,0
1483,A,283,-0.00382706755772233,0.04600539803504944,nan,nan,512,0,-0.00382706755772233,0.04600539803504944,all_rows,512,0,0.002133444882929325,0.0203125,0.0006078208796679973,0.0010308422555681319,0.17627319501480088,76499885a51d580d31e4bff56d8e8108:0:0,68248306f00406e5c2fff59bf8019d2e:0:0,536470505a73f8b289b12f464ae7498b:0:0,176a155943f245f85e35139b27d669a9:0:2320169014,814a62443b314c4a7bc5343bfb69bc83:1:3227054281,10,1.0,0,0,0,0,0,0,512,12,0,512,8,0,241,0,0,271,12,0,512,0.2008821964263916,75.8592529296875,190,0
1484,A,284,0.0032388949766755104,0.05524507164955139,nan,nan,512,0,0.0032388949766755104,0.05524507164955139,all_rows,512,0,0.0026708771474659443,0.0232421875,-0.001508046593517065,0.0014996784972026943,0.1338532359804958,42b082ead3a90d25a4d9fbb614913508:0:0,db49e4230faa7ddd7331efd67b3c3fbb:0:0,f9c147e868e911adebca0b363eab5b14:0:0,15864f9aa54b415dd6efe6302976a5a9:0:2786807117,f85f4d306d4ddc4f0386d55b5c230e4d:1:4016464300,10,1.0,0,0,0,0,0,0,512,4,0,512,6,0,270,0,0,242,4,0,512,0.19635409116744995,75.20812225341797,159,0
1485,A,285,0.0025040749460458755,0.047074392437934875,nan,nan,512,0,0.0025040749460458755,0.047074392437934875,all_rows,512,0,0.0018275955226272345,0.010546875,-0.0007224674336612225,0.0011027738102711738,0.11574958200799301,4707cfebc2d2364ca1aa3b42dc53e908:0:0,8c1047053a9b46cefaefc466d184b996:0:0,413cd33b3376a6bd91ece4840c87c878:0:0,fdcd8a9ad6258f3cb57d019feb56e1a9:0:2439058954,db55e345458554530f67036669ee4b17:1:3414199473,10,1.0,0,0,0,0,0,0,512,8,0,512,13,0,259,0,0,253,8,0,512,0.19166074693202972,75.50035095214844,160,0
1486,A,286,-0.0028212754987180233,0.051550861448049545,nan,nan,512,0,-0.0028212754987180233,0.051550861448049545,all_rows,512,0,0.004512018524110317,0.0482421875,-0.003060271427966654,0.0013217523810453713,0.10901925002690405,f19f9b1453585fffecf9abcfc4d69d08:0:0,5b4759ab0db827b3bf71dfb70455c017:0:0,3444b8369c4773eb24b36a8cd1df1a94:0:0,209684424673414e15f5a9a66d771da9:0:3879035693,9cd851e09651ca6cb350b8968e11b2b8:0:3962601713,10,1.0,0,0,0,0,0,0,512,8,0,512,3,0,253,0,0,259,8,0,512,0.18826836347579956,74.80972290039062,163,0
1487,A,287,-0.004478015936911106,0.049364231526851654,nan,nan,512,0,-0.004478015936911106,0.049364231526851654,all_rows,512,0,0.0005850072484463453,0.0427734375,-0.0005471216980367899,0.001212213363032788,0.10900833102641627,a9ddc90492b421c2fa653a90ce195108:0:0,6087ea74f6ec2db2b8b7dd629f22fad0:0:0,470fb296c1675a53505c4a21f2dc56de:0:0,f1c177b075e028ba717b61ffafd759a9:0:195126525,81c5361962428d8d0e158b191d495932:0:2131481791,10,1.0,0,0,0,0,0,0,512,5,0,512,6,0,259,0,0,253,5,0,512,0.18501058220863342,74.1581039428711,161,0
1488,A,288,0.0046065873466432095,0.05603963881731033,nan,nan,512,0,0.0046065873466432095,0.05603963881731033,all_rows,512,0,0.003402514848858118,0.064453125,-0.005609119171276688,0.001557348616188392,0.10917247500037774,ed01b3f1dcbef346a08294b9f81c0508:0:0,93e9d8542f3c85c91da74a7434f56fee:0:0,388968a9ec4d11f310161b0b0843aa0f:0:0,eeea50774ff26af0da37ee67b27795a9:0:2612511263,3d7b0f22884035d98cff8d6aeb40b28b:0:245719817,10,1.0,0,0,0,0,0,0,512,12,0,512,7,0,277,0,0,235,12,0,512,0.1873094141483307,73.7871322631836,153,0
1489,A,289,-0.0007079232018440962,0.052996497601270676,nan,nan,512,0,-0.0007079232018440962,0.052996497601270676,all_rows,512,0,0.0014729001559317112,0.0607421875,0.000841646920889616,0.0014053834252990781,0.10973397199995816,ebde164f99dfd250cce0277f42deb908:0:0,e11f8b68d0f319e1e1f4b2c5085ef3ae:0:0,9c30ecd7f488f092f54c2297d23310e9:0:0,4811ab6477db66be375d529a7557d1a9:0:767942611,d905f006e3b09105d66e78c859bd1e92:0:2921544424,10,1.0,0,0,0,0,0,0,512,8,0,512,8,0,260,0,0,252,8,0,512,0.18390615284442902,74.8659896850586,165,0
1490,A,290,-0.002945967949926853,0.052691053599119186,nan,nan,512,0,-0.002945967949926853,0.052691053599119186,all_rows,512,0,0.0006800502305850387,0.0220703125,2.308604307472706e-05,0.0013696376525331288,0.10870073904516175,c7f008a38bf0b96438052014ae616d08:0:0,c7ef988f05083b9d18524dad6ef0b76e:0:0,eb2a365506c0453612584266037ae15b:0:0,209a5d3adeb4e9a48125d253f8780da9:0:228704143,209408d41d3b3706d6e0c5117126becf:0:3388372173,10,1.0,0,0,0,0,0,0,512,7,0,512,10,0,280,0,0,232,7,0,512,0.18526877462863922,74.86772155761719,166,0
1491,A,291,0.004765501711517572,0.048920001834630966,nan,nan,512,0,0.004765501711517572,0.048920001834630966,all_rows,512,0,0.0034246928989887238,0.025,-0.00134749342687428,0.001177791552618146,0.10712557204533368,b10b95325c10e72819716bae3aa42108:0:0,f1d8e07725ea4606e208de53787f2918:0:0,76fb4594325ae7d8bb484213995e2cbc:0:0,cb762c573ee6b571fcd3f1503bd849a9:0:2000798031,32e6ed48789ee110d1cdad7152106475:1:1449013940,10,1.0,0,0,0,0,0,0,512,15,0,512,6,0,263,0,0,249,15,0,512,0.1918715089559555,75.08798217773438,159,0
1492,A,292,-0.003747146110981703,0.055750902742147446,nan,nan,512,0,-0.003747146110981703,0.055750902742147446,all_rows,512,0,0.003316599875688553,0.024609375,-0.0022232110612094404,0.0015379571879748255,0.10777962201973423,8234c5d9db97f68fdb9db77fe7a6d508:0:0,3abe219909b1f6e69e732d624325c1f6:0:0,c9ad86a8e89903c41fcadb9d1b04f0ab:0:0,22279ad25770561878b2734b3f7885a9:0:2975503849,434cbb8ae9ebcfe0c556643fe1f97658:0:3115877914,10,1.0,0,0,0,0,0,0,512,10,0,512,6,0,281,0,0,231,10,0,512,0.18734046816825867,76.00759887695312,139,0
1493,A,293,0.0035103149712085724,0.05140272527933121,nan,nan,512,0,0.0035103149712085724,0.05140272527933121,all_rows,512,0,0.002188251819461584,0.0044921875,2.543809823691845e-05,0.0012909063865663485,0.10707119602011517,94e726172a5dc7c2cffb70bdb5698908:0:0,f8132e0775b04bac6f726dce6bca8405:0:0,12b198993f347aa51b91763b44b4de65:0:0,e3180b4c01d347c488145c010358c1a9:0:207047938,236d669169c8e50471516adbff38e15c:1:1481784332,10,1.0,0,0,0,0,0,0,512,15,0,512,5,0,269,0,0,243,15,0,512,0.18807221949100494,75.02764129638672,152,0
1494,A,294,-0.0038154027424752712,0.05444149672985077,nan,nan,512,0,-0.0038154027424752712,0.05444149672985077,all_rows,512,0,0.010314256884157658,0.069921875,-0.003902697726152837,0.0014376273611560464,0.11620227299863473,d6c57cdfb48b39c3e2f4c49ba3ec3d08:0:0,59cd640dd8089f25f495030a41ca013a:0:0,536b39a8d3ae31146720915106d3f87d:0:0,c0e933227d596d34bf54ef2d8778fda9:0:3692034593,506990563bc2afbe70cdb963f0b4a3e6:1:1623556618,10,1.0,0,0,0,0,0,0,512,9,0,512,4,0,247,0,0,265,9,0,512,0.19219578802585602,74.68612670898438,171,0
1495,A,295,0.006644732318818569,0.05146836116909981,nan,nan,512,0,0.006644732318818569,0.05146836116909981,all_rows,512,0,0.0010546109406277537,0.0177734375,-0.0023674832191318274,0.001274337974609807,0.10371493099955842,3f2fff9cba27b4d94feca04db32ef108:0:0,2191862a7cf6305f497ad4d90a654a2e:0:0,7c0384c520f6a86bb60ad8746b11ebbe:0:0,5a1eb1718a73d650efd7b08ccbd939a9:0:2881480407,d82cd3a007a28c45c129827e3734a7ee:0:357005506,10,1.0,0,0,0,0,0,0,512,8,0,512,11,0,251,0,0,261,8,0,512,0.18623000383377075,76.1489028930664,193,0
1496,A,296,-0.0009864753810688853,0.05055608972907066,nan,nan,512,0,-0.0009864753810688853,0.05055608972907066,all_rows,512,0,0.0009305216372013092,0.0658203125,-0.001758754439651966,0.0012597600754816086,0.10458200500579551,11507141d29785b4553eb107e331a508:0:0,1e6f3d25bc81e27313e0ddfa827852dc:0:0,eb45b20c5097356c5724a71ed0f6f1b6:0:0,8f00c2cd30edd701640863dad07975a9:0:4229076053,7f02d8050fff9fccf2a11b8bc50d8f02:1:2514755997,10,1.0,0,0,0,0,0,0,512,8,0,512,8,0,255,0,0,257,8,0,512,0.19017080962657928,75.5986099243164,166,0
1497,A,297,-0.0069709280505776405,0.05368323251605034,nan,nan,512,0,-0.0069709280505776405,0.05368323251605034,all_rows,512,0,0.004414627328515053,0.0314453125,-0.0013823262881487608,0.00140829638694413,0.10367429303005338,6489861f9e3f0958e83f63fe33f45908:0:0,6277e070adc4674f22c1255439f28bc9:0:0,5859cc8d36cff857094fd9738d61c0ae:0:0,7b2b66444bb06e461b5b0cd39559b1a9:0:2074574781,2240cb74cc58b93c02b71160ea9519a1:0:2636183514,10,1.0,0,0,0,0,0,0,512,8,0,512,11,0,249,0,0,263,8,0,512,0.18936710059642792,75.23300170898438,170,0
1498,A,298,0.01129770465195179,0.05358820781111717,nan,nan,512,0,0.01129770465195179,0.05358820781111717,all_rows,512,0,0.009908170439302921,0.066015625,-0.002726532379165292,0.001369136420544237,0.10345323802903295,b9a17ebc987ea9c5693be664a5770d08:0:0,3b5f43068c25e4e8c440d399cb61b0c0:0:0,539e97c6db6a7f93e770a246c15489e1:0:0,991de0cf34d1fd8e064bef331a79eda9:0:4038762560,c11613f451248b6308a7e8c36af2ab85:0:4214701014,10,1.0,0,0,0,0,0,0,512,7,0,512,6,0,249,0,0,263,7,0,512,0.19776207208633423,74.89250183105469,166,0
1499,A,299,-5.8565172366797924e-05,0.05211297422647476,nan,nan,512,0,-5.8565172366797924e-05,0.05211297422647476,all_rows,512,0,0.001063322415575385,0.0171875,-0.0021477815695106982,0.0013170767721021547,0.10368828295031562,6f3739a6bc3bab5a577a256f37b9c108:0:0,0d5f699c3857463d62dfe401fc758b4e:0:0,0c7aaeef7a8d36b5e705a1df65aaddba:0:0,288d60e72cae504e425f8eb55fda29a9:0:2044376251,353ce4da93a4adb1149e01351965949e:0:3380153623,10,1.0,0,0,0,0,0,0,512,8,0,512,14,0,236,0,0,276,8,0,512,0.20793205499649048,75.73865509033203,172,0
1500,A,300,-0.007677899207919836,0.05686559900641441,nan,nan,512,0,-0.007677899207919836,0.05686559900641441,all_rows,512,0,0.0012166798114776611,0.016796875,-0.0009300009580329061,0.0015880814637057484,0.11035904899472371,34d4fdd96d29cb020538ce51eabc7508:0:0,49ae3361665bc522e9007ee20d0bf862:0:0,9a487d1360c22b6b38075c020c78e089:0:0,b47a949b56c2f3d95622af16657a65a9:0:3697909188,cf6d3a46423b23cd79d9bcbc3cf0168f:0:2430554073,10,1.0,0,0,0,0,0,0,512,10,0,512,9,0,258,0,0,254,10,0,512,0.20938384532928467,75.98592376708984,170,0
1501,A,301,0.009795429185032845,0.05088546872138977,nan,nan,512,0,0.009795429185032845,0.05088546872138977,all_rows,512,0,0.0025931778363883495,0.0431640625,-0.005405478505417704,0.0012632274330826477,0.10477101698052138,aa04f4fbd809ad184baf4e40be7f2908:0:0,f56053c4d2602cf19e52b71818889bb6:0:0,1b762bb3d3b1e3525e08fd0d8a793662:0:0,6c555110670bdf766d2a54122b5aa1a9:0:2318392288,87b6242c7acb5b026a11e293a32b035a:1:3975162924,10,1.0,0,0,0,0,0,0,512,7,0,512,7,0,263,0,0,249,7,0,512,0.21901698410511017,76.66249084472656,167,0
1502,A,302,-0.010521354153752327,0.06010402739048004,nan,nan,512,0,-0.010521354153752327,0.06010402739048004,all_rows,512,0,0.0016371828969568014,0.0044921875,-0.00046867020428180693,0.0017711495282128453,0.10356694599613547,a6e8b664bc101d123f0dd26fb301dd08:0:0,f0431cf7b98fa139f9e900638e477a33:0:0,2628308ba9d5a3270358f8bbc3342b8d:0:0,cc12f2f05a9c6cb89413c164b17adda9:0:645045628,ebfcda52cff5197f1437e94eb4ee8a68:1:4073506590,10,1.0,0,0,0,0,0,0,512,3,0,512,8,0,261,0,0,251,3,0,512,0.2178145796060562,77.40988159179688,171,0
1503,A,303,0.008632216602563858,0.04522417485713959,nan,nan,512,0,0.008632216602563858,0.04522417485713959,all_rows,512,0,0.007619792595505714,0.0544921875,-0.0069062448688782755,0.0010101527179358527,0.10386299499077722,bebf61794faa1de5e27d4812c8449108:0:0,c6af6598a48a6cb960a340f97f0952e1:0:0,2819e6ae0b29fb9ac8d7e47b4227697c:0:0,aa43e3e7d630a015f4847ac9f7db19a9:0:1267235566,019f83f480f99e8587d635f627d934cf:1:2252977666,10,1.0,0,0,0,0,0,0,512,6,0,512,9,0,264,0,0,248,6,0,512,0.217680424451828,77.18316650390625,172,0
1504,A,304,-0.004143648315221071,0.05282847210764885,nan,nan,512,0,-0.004143648315221071,0.05282847210764885,all_rows,512,0,0.0031070918776094913,0.0478515625,-0.005001560458913446,0.0013737814035266638,0.11422530002892017,e33c97a5b2d1cb31dc1f5c5dfe474508:0:0,aa4a80a77b62cd2de3c1f18b5f5cf2fe:0:0,94ab189727e1467445045b3cbeeb8abd:0:0,112ab1e70572c1bf112a43fdfe7b55a9:0:1610616609,2faccd927bd5812ca399262b07c4da7b:1:1794213565,10,1.0,0,0,0,0,0,0,512,1,0,512,5,0,251,0,0,261,1,0,512,0.23209358751773834,77.68229675292969,150,0
1505,A,305,0.0038078539073467255,0.04833698272705078,nan,nan,512,0,0.0038078539073467255,0.04833698272705078,all_rows,512,0,0.0007432730635628104,0.0140625,-0.000371622946113348,0.0011387955542886629,0.11316881200764328,2a562bd621280b25290e7c855509f908:0:0,1c6c3de94d354feb2440a010f95c77cf:0:0,77cc3e283d4b43221269e1d0b0d63625:0:0,28db617415b146b601bb20bcc55b91a9:0:3351926800,847616ce8221fe1d7fe55962c608babd:1:571777616,10,1.0,0,0,0,0,0,0,512,4,0,512,8,0,240,0,0,272,4,0,512,0.22845718264579773,77.15760040283203,173,0
1506,A,306,-0.006125067826360464,0.056974977254867554,nan,nan,512,0,-0.006125067826360464,0.056974977254867554,all_rows,512,0,0.00045831187162548304,0.01171875,-0.000580510962754488,0.001618074328871444,0.11676739394897595,17fe9700d6071126d15dd5bccc8cad08:0:0,d1234d771f2bcf119ff35171fd2f4835:0:0,3a9fad06f2ba5d5d6ba0a35d31c56986:0:0,ccbc1cf5a6c10a25aef554c24c7bcda9:0:688323927,8d0def11370294962d8c1164af147194:0:3003309216,10,1.0,0,0,0,0,0,0,512,7,0,512,12,0,283,0,0,229,7,0,512,0.22340606153011322,77.0826644897461,151,0
1507,A,307,0.000947470951359719,0.05186795815825462,nan,nan,512,0,0.000947470951359719,0.05186795815825462,all_rows,512,0,0.0051838732324540615,0.02890625,-0.0009379696100950241,0.0013373397407121957,0.1162539460347034,f2df2ef954c1b13d9c19553864cf6108:0:0,4e47790fb715da8f2a86329629aa0f74:0:0,99fbb5de03ee0d7454443cce8fc18ca0:0:0,0ea11773ccc7d6f90e9f63ca93dc09a9:0:511639,6d15484cef52252ae5e2aac73b1c32b1:1:2311254897,10,1.0,0,0,0,0,0,0,512,4,0,512,15,0,265,0,0,247,4,0,512,0.22454555332660675,76.81966400146484,177,0
1508,A,308,-0.005002209916710854,0.05810339003801346,nan,nan,512,0,-0.005002209916710854,0.05810339003801346,all_rows,512,0,0.006263444200158119,0.0287109375,-0.00180639810860157,0.001670582953374833,0.11560458596795797,174ebe6e87438437c345a82c1dd21508:0:0,906a7a0599b813fec33d9bc3228890fc:0:0,e2e5bc0d5c4975428b993535ceb4b0ca:0:0,c56c69e67dab41b25f8811919b7c45a9:0:1010561899,d07ee442475304644e15f4c24b852f19:0:2970091725,10,1.0,0,0,0,0,0,0,512,9,0,512,10,0,260,0,0,252,9,0,512,0.22325991094112396,77.54461669921875,168,0
1509,A,309,0.006588872987776995,0.05373496189713478,nan,nan,512,0,0.006588872987776995,0.05373496189713478,all_rows,512,0,0.0034491410478949547,0.0267578125,-0.002864435315132141,0.0014255377522204072,0.11509534198557958,6f37729de545dc92a7e03bcbf794c908:0:0,493111bf99a322ff4660005bd62166bc:0:0,5ceb6fcc17b70782ae2adef688468c7d:0:0,34d7dec084dfd282658661d3635c81a9:0:2572847757,213ab6993c5d28efaa405738bf53bc9f:0:1888189153,10,1.0,0,0,0,0,0,0,512,10,0,512,6,0,268,0,0,244,10,0,512,0.21399852633476257,78.02532958984375,163,0
1510,A,310,-0.0017850224394351244,0.04852510616183281,nan,nan,512,0,-0.0017850224394351244,0.04852510616183281,all_rows,512,0,0.003945513162761927,0.01015625,-0.0006209949031472206,0.0011750334524549544,0.1144909110153094,b1221cee964d8c2285df3d4bf2177d08:0:0,d989eb8636e254a3a07050e14590ecd3:0:0,b1bdaf417522cb5d480a4e7e03ea9692:0:0,c01a07fe58547f9fa579984beb7cbda9:0:2679485224,b9ac20c53f412c5a6c3c9ec456aabb0f:1:4161120174,10,1.0,0,0,0,0,0,0,512,9,0,512,9,0,257,0,0,255,9,0,512,0.21729660034179688,77.0167465209961,186,0
1511,A,311,0.001983128720894456,0.050602223724126816,nan,nan,512,0,0.001983128720894456,0.050602223724126816,all_rows,512,0,0.00042657111771404743,0.0181640625,-0.00193113274872303,0.0012750568683259189,0.11600647994782776,4cec845040a57a7a283199e00d5a3108:0:0,ee8c9b2f16f915d324ece025afc858e1:0:0,5c317560dd219e6b947c8b8a8eef5243:0:0,51b1a098693677dda14938b733dcf9a9:0:2833731343,322188f06dfcdf81552640b5fd097a71:1:1594257532,10,1.0,0,0,0,0,0,0,512,11,0,512,10,0,240,0,0,272,11,0,512,0.21886046230793,78.03726959228516,182,0
1512,A,312,-0.0008432244649156928,0.05561744049191475,nan,nan,512,0,-0.0008432244649156928,0.05561744049191475,all_rows,512,0,0.003401163499802351,0.0591796875,-0.00689744963310659,0.0015417942951899022,0.12483014300232753,7a8cf3e1f78a0c129cbefebc495ce508:0:0,e4c18cbe82f02b057e2619b54ff1fd5b:0:0,2a4ebdcf5e7bfdc11e472411bfb4d947:0:0,900a1ad0cb493d8413e506d13c7d35a9:0:527646850,85fe0cea850150321543a48f95e2ee67:1:2289164074,10,1.0,0,0,0,0,0,0,512,12,0,512,11,0,250,0,0,262,12,0,512,0.22140516340732574,78.34588623046875,179,0
1513,A,313,-0.0017821696819737554,0.052252549678087234,nan,nan,512,0,-0.0017821696819737554,0.052252549678087234,all_rows,512,0,0.004618715029209852,0.0365234375,-0.0019424681086093187,0.0013504871865734458,0.1109211360453628,376e5a0e7ab95a32e867d914a61f9908:0:0,34c10f63fed804f6f320add9e8117b70:0:0,fb53aa8ffdc4b1cfdacf176b2a71d136:0:0,f922596c4d8f11662d450656055d71a9:0:1369275625,8a7a917d9e763880374f8db8eca2a3b1:1:1555375820,10,1.0,0,0,0,0,0,0,512,15,0,512,6,0,250,0,0,262,15,0,512,0.2174065113067627,77.24365234375,170,0
1514,A,314,0.0035595414228737354,0.04701244458556175,nan,nan,512,0,0.0035595414228737354,0.04701244458556175,all_rows,512,0,0.006145230028778315,0.0423828125,-0.0046219068579375746,0.0010809205821715295,0.10414693201892078,a22624f3b99c3b97bb05561d23a24d08:0:0,11b0b8da2bfec1e27439d162a886666a:0:0,71d600face3ca4e9e6508e405769302e:0:0,7722ea7f5efdae39ce697b018e7dada9:0:2214599813,ff780117f84b5ef917c67a312d06c019:0:3514627661,10,1.0,0,0,0,0,0,0,512,10,0,512,11,0,265,0,0,247,10,0,512,0.21246075630187988,77.11408233642578,162,0
1515,A,315,-0.002692178590223193,0.04883386567234993,nan,nan,512,0,-0.002692178590223193,0.04883386567234993,all_rows,512,0,0.006099785678088665,0.0466796875,-0.005131340818479657,0.0011765071074478328,0.10348973801592365,934796944c3c1ddb23696309c1e50108:0:0,8307fee231a9c13914dfe78736e7dbc7:0:0,6d6b063eae1de89b7495a0bcf6f33739:0:0,cd23af0f59fb542ec55ae88fd7dde9a9:0:686821828,c5d61ae95930571c0c74e1551456d526:1:2111710899,10,1.0,0,0,0,0,0,0,512,16,0,512,12,0,267,0,0,245,16,0,512,0.2169443815946579,77.4727554321289,160,0
1516,A,316,0.0027385763823986053,0.050230901688337326,nan,nan,512,0,0.0027385763823986053,0.050230901688337326,all_rows,512,0,0.0024164370261132717,0.01875,-0.003275316907092929,0.0012568208388984204,0.10326004098169506,0da78cfa5439af9c435ead0e80e7b508:0:0,51cb151d196e866117c68ac1f79d3471:0:0,a58d11ef4b7c182248a5770b14cc1d48:0:0,3e81ab61116024c6092a12bce17e25a9:0:48131927,e6e4d58594f37d57f49a0132a4d7961f:1:1063934872,10,1.0,0,0,0,0,0,0,512,2,0,512,10,0,254,0,0,258,2,0,512,0.21346834301948547,76.65616607666016,166,0
1517,A,317,-0.004220451228320599,0.052617404609918594,nan,nan,512,0,-0.004220451228320599,0.052617404609918594,all_rows,512,0,0.0031572815496474504,0.03515625,-0.00613161101937294,0.0013599719444755466,0.10294606100069359,a93fb01bf7f85b6703a8a15f60aa6908:0:0,a3e0b1c07f224e05eb926458b1296d6b:0:0,f266d01289d33aa5da8f9a58b74b9ede:0:0,ec54c865b9b7cee8f5effd44ab5e61a9:0:929473570,28cbd25e52b7b6d6d803e34ff4892c42:0:2772185612,10,1.0,0,0,0,0,0,0,512,6,0,512,4,0,268,0,0,244,6,0,512,0.21911951899528503,76.573974609375,161,0
1518,A,318,0.0033608872909098864,0.05422439053654671,nan,nan,512,0,0.0033608872909098864,0.05422439053654671,all_rows,512,0,0.001366396201774478,0.0330078125,-0.0017921302234753967,0.00146132746594958,0.10339810000732541,f2c8a0fa6a32935bc8036d30612d1d08:0:0,8417119a709f049f8bde5f887acef28e:0:0,61ddb92ffef1f5404bd2dd1c85d0889d:0:0,7412974f897f8b4088cdebe3357e9da9:0:3758667599,4bea83a5491cf70d2d85bdd7edca3df0:1:2998884763,10,1.0,0,0,0,0,0,0,512,11,0,512,6,0,251,0,0,261,11,0,512,0.22907774150371552,77.43283081054688,167,0
1519,A,319,-3.0843308195471764e-05,0.058975283056497574,nan,nan,512,0,-3.0843308195471764e-05,0.058975283056497574,all_rows,512,0,0.0060876342467963696,0.0345703125,-0.0035691432887688277,0.0017320115584880114,0.10352706402773038,5fd8231d302aed972323fdb5826fd108:0:0,bd16c523958d22a70189b1807f575ee1:0:0,08d343f557d8e02481f7d36a944f5070:0:0,4076acefab1c68cc9bed62547fded9a9:0:2976242587,3d6e981e59301f1a3587eafe5f4350c3:0:2679247314,10,1.0,0,0,0,0,0,0,512,10,0,512,6,0,256,0,0,256,10,0,512,0.225863978266716,77.36628723144531,175,0
1520,A,320,-0.002638469450175762,0.053598858416080475,nan,nan,512,0,-0.002638469450175762,0.053598858416080475,all_rows,512,0,0.007552240043878555,0.0318359375,-0.004825065191835165,0.0014157424971926957,0.10842487402260303,6c924b3418ae11598ab80022c4728508:0:0,e7b3df2b3cb4c24679600bbcb1c071ab:0:0,721c00e1f84aa733e2c84c7c13709c56:0:0,9aa2eb175b45e9bb228024548a7f15a9:0:256175088,25868fc73aad25377836811ab757546e:1:2897139719,10,1.0,0,0,0,0,0,0,512,10,0,512,9,0,258,0,0,254,10,0,512,0.22412173449993134,77.17415618896484,165,0
1521,A,321,0.0008868838776834309,0.055944208055734634,nan,nan,512,0,0.0008868838776834309,0.055944208055734634,all_rows,512,0,0.002678993158042431,0.044140625,-0.003525188285857439,0.0015501071058679373,0.10377882502507418,3d8b8353161974ef0b65e1ac27353908:0:0,6cbe373ffd54513fbe981d6e63e1e775:0:0,f153de477107c59279bb76d644052c3d:0:0,bd520ace4ea0f07f64c0359f555f51a9:0:2124560383,5b4e4254800fda765e993174902d5db7:0:2317288471,10,1.0,0,0,0,0,0,0,512,6,0,512,15,0,273,0,0,239,6,0,512,0.22662167251110077,76.61406707763672,159,0
1522,A,322,-0.001254125963896513,0.052755482494831085,nan,nan,512,0,-0.001254125963896513,0.052755482494831085,all_rows,512,0,0.0010932966833934188,0.0193359375,-0.0016026914294343443,0.0013827062502969056,0.10287444398272783,3714aee3ed9aec56fccccf85aab7ed08:0:0,0756ad6e8e94adc9c6aeccfea7cfaf3f:0:0,8bac758168926c9fe0a6c46c46623c98:0:0,d72cf2c8b946fd293befd9f0e07f8da9:0:425312969,f0d242af085cb92c9c9ead47af1dd0ec:0:3301899914,10,1.0,0,0,0,0,0,0,512,8,0,512,8,0,255,0,0,257,8,0,512,0.22522707283496857,76.3550796508789,162,0
1523,A,323,0.005902343895286322,0.051691122353076935,nan,nan,512,0,0.005902343895286322,0.051691122353076935,all_rows,512,0,0.0008446237770840526,0.0111328125,1.3384572230279446e-05,0.0013123460288625211,0.10354293102864176,e392e6126ddd08abb584b6e34efaa108:0:0,ca7b91d0a7fd93c4f4a22eaa6d7531ff:0:0,25a7fcf636196aeae925636796811033:0:0,ec17da1f92f5bafc4e5995052bdfc9a9:0:1237967703,6373241a9b563f5efbe2a38cebb18392:0:3887910040,10,1.0,0,0,0,0,0,0,512,7,0,512,9,0,238,0,0,274,7,0,512,0.23255003988742828,76.85826873779297,172,0
1524,A,324,-0.0015236912295222282,0.05713780224323273,nan,nan,512,0,-0.0015236912295222282,0.05713780224323273,all_rows,512,0,0.0023195198737084866,0.0107421875,-0.0010601125191897153,0.0016321264032740147,0.10295808303635567,bd7922209f54484a3f1e44f913fd5508:0:0,ae4cd5c73aaaa5b91dfde1ff8fd535e7:0:0,287197c0b7d7859a7055e9c3ca48f123:0:0,bfdee7e5f2a2de474b502a98378005a9:0:2600176197,fbecfda3c20d2d707bae0f3d0d005541:1:17549947,10,1.0,0,0,0,0,0,0,512,6,0,512,7,0,263,0,0,249,6,0,512,0.23168282210826874,76.62079620361328,151,0
1525,A,325,-0.003301702905446291,0.05120357125997543,nan,nan,512,0,-0.003301702905446291,0.05120357125997543,all_rows,512,0,0.0010473878355696797,0.0302734375,0.0004943030420690775,0.0013002149236854166,0.10517563798930496,7fbbc9b9206117ba0a22e6faf9c00908:0:0,34ed6ecc8c08851c72dd9830c0d1b1f7:0:0,5e4776f89c894a7f5babb7d8c2cccf45:0:0,474aecce9c30527b272e9e66036041a9:0:166277170,9f209291d9250f464a0a58ce982e6ccd:1:3196196551,10,1.0,0,0,0,0,0,0,512,7,0,512,8,0,250,0,0,262,7,0,512,0.23022764921188354,75.82489013671875,165,0
1526,A,326,0.003809550777077675,0.05042813718318939,nan,nan,512,0,0.003809550777077675,0.05042813718318939,all_rows,512,0,0.004377266392111778,0.0341796875,-0.004380224552005529,0.0012697515776380897,0.104590039991308,01e455fe9f7aa354a214ca1d0042bd08:0:0,047ce831b5eb8a824b8f3a617f24d989:0:0,f0285a642171695053f93760c585bd6c:0:0,6795fcad1afcb8825758342a8f807da9:0:3194131864,da493fb2cd6276606cd25830c7eb3520:1:1839073322,10,1.0,0,0,0,0,0,0,512,12,0,512,3,0,245,0,0,267,12,0,512,0.2259984165430069,76.0728988647461,167,0
1527,A,327,-0.003389575518667698,0.05867930129170418,nan,nan,512,0,-0.003389575518667698,0.05867930129170418,all_rows,512,0,0.0018425971502438188,0.0044921875,-0.0006907287519425154,0.0016904984251596034,0.10345063597196713,dc0646c0259679ad616edb9327857108:0:0,3a3642fbc788232204bda0db0fa3ef43:0:0,d36faeb319ca586b1e972cba7d4f9360:0:0,efb51236040c35580e386fa1dbe0b9a9:0:833598203,2b32f390ec7fa09a24d720fdc3ba83a7:0:3477338484,10,1.0,0,0,0,0,0,0,512,10,0,512,3,0,259,0,0,253,10,0,512,0.22282053530216217,77.06330108642578,172,0
1528,A,328,-0.0017409487627446651,0.04866417124867439,nan,nan,512,0,-0.0017409487627446651,0.04866417124867439,all_rows,512,0,0.009329658932983875,0.0685546875,-0.011891019926406444,0.0011815319157904014,0.10266260802745819,9b7e4de2a300feb925a4c8916f882508:0:0,1b2a6655564c45baac99f74746e4d8f8:0:0,1f266b8b3ebad26cac2633771f3679cd:0:0,933787fa3a8590df77431487e880f5a9:0:3709883991,89247fa2db635a02a7328b5bf01ae831:0:1256090764,10,1.0,0,0,0,0,0,0,512,9,0,512,10,0,249,0,0,263,9,0,512,0.2264929860830307,76.74081420898438,173,0
1529,A,329,0.005055767484009266,0.05469334125518799,nan,nan,512,0,0.005055767484009266,0.05469334125518799,all_rows,512,0,0.0015735480701550841,0.026171875,0.0014478630386292935,0.00146163014578633,0.10241543804295361,b458ffb8f0daafb60322fe4bd84ad908:0:0,4cc04517ac379067d7d2af083b1ea661:0:0,7c6c6b6b79ddc2710d24b5ee10cd4f19:0:0,23d70e31513fa4faf2f42698b56131a9:0:1406214952,6279d2177eb36065887809e73a813bc2:0:844867562,10,1.0,0,0,0,0,0,0,512,10,0,512,9,0,249,0,0,263,10,0,512,0.2179076373577118,75.74015045166016,170,0
1530,A,330,-0.0005646354984492064,0.056015655398368835,nan,nan,512,0,-0.0005646354984492064,0.056015655398368835,all_rows,512,0,0.0023861355148255825,0.0671875,-0.0075821262318640946,0.0015293789620045573,0.10271982999984175,153f6fac396e37d2f94ea9f661cd8d08:0:0,726d78b08367751c6082fb2c45f7f6db:0:0,9d6b92ee00989ef8cce8a9d6703552e2:0:0,357add7f641b1ce352cfe99042816da9:0:2320711081,296e9990e8631a2551aa96eeec312b4c:0:1516122371,10,1.0,0,0,0,0,0,0,512,13,0,512,7,0,268,0,0,244,13,0,512,0.2186567485332489,76.35631561279297,139,0
1531,A,331,0.0013190987519919872,0.05516479164361954,nan,nan,512,0,0.0013190987519919872,0.05516479164361954,all_rows,512,0,0.0023552626371383667,0.040234375,-0.002787080593407154,0.0014967122231610119,0.10308454500045627,d595ee3f79935597a685b8c50c104108:0:0,9f0cf7402022086d991381808e552f18:0:0,da8e76d7e116627521a11045242f1ed4:0:0,a0a73b7b03e484bf1562e12a8fe1a9a9:0:1368130861,0c6d2b34668aefe299abbc3502f7dcff:1:2998457056,10,1.0,0,0,0,0,0,0,512,7,0,512,11,0,255,0,0,257,7,0,512,0.21519821882247925,77.16157531738281,161,0
1532,A,332,-0.0023192730732262135,0.048420362174510956,nan,nan,512,0,-0.0023192730732262135,0.048420362174510956,all_rows,512,0,0.004338479600846767,0.0263671875,-0.003208837704733014,0.0011483676091302187,0.10365248296875507,5fd39f218d52910bfc1ed7ebd712f508:0:0,6f5091906f76c2fafcc6587a7d856547:0:0,2e7e43749483fcbbaf95f3e7f1d954cd:0:0,d956f6500f7aa979a241d1239d81e5a9:0:1553845835,e290b3f9046ffb23408f4eb6b7cc67ca:1:536694707,10,1.0,0,0,0,0,0,0,512,13,0,512,9,0,232,0,0,280,13,0,512,0.21888171136379242,76.4729995727539,201,0
1533,A,333,-0.005840918980538845,0.05676066502928734,nan,nan,512,0,-0.005840918980538845,0.05676066502928734,all_rows,512,0,0.004320243373513222,0.0337890625,-0.0028223075438290834,0.0015825155773200096,0.10560722398804501,3dc0d3a9f9fdc29ff269749ec2d5a908:0:0,3fe21fab809b3655b8c4c9e02533f959:0:0,4cb9bd3bae79a0cc0c49d7308e70b9e5:0:0,ac4f497494f548da8609bd376b6221a9:0:2290086637,a001cd09138e0053338367cc70bd814b:0:3311612801,10,1.0,0,0,0,0,0,0,512,11,0,512,6,0,252,0,0,260,11,0,512,0.2151370644569397,78.09339141845703,171,0
1534,A,334,0.005625363439321518,0.05552114173769951,nan,nan,512,0,0.005625363439321518,0.05552114173769951,all_rows,512,0,0.0009907848434522748,0.0337890625,-0.0013429285027086735,0.0014206713414750994,0.10278078098781407,c9fdffc567f16ad33cadbc11cf585d08:0:0,8337111e296684f24789b29f9d01e9f0:0:0,1d78e6823a57b779b1b4ac68487c8998:0:0,8b5fa5fd158811dcae5fe921f9825da9:0:990024477,c7432d3582fdbbd31cc35d98352defa5:0:945216488,10,1.0,0,0,0,0,0,0,512,4,0,512,6,0,269,0,0,243,4,0,512,0.21650251746177673,77.27691650390625,150,0
1535,A,335,-0.0004224637523293495,0.047619231045246124,nan,nan,512,0,-0.0004224637523293495,0.047619231045246124,all_rows,512,0,0.0027363726403564215,0.04140625,-0.0029388104332610963,0.0011090905027231202,0.10381728102220222,02b5bcff7e32da9cfd2c9b78fc9b1108:0:0,410b3e24b605d5927b6d20592d186ef8:0:0,134a54b970066a5b1b5f1a5fa28a5082:0:0,01ee1db5c6ddf545a5f1d89f47e299a9:0:2753545514,5b52cd762c1293fa0ec755ba5d598433:0:744432982,10,1.0,0,0,0,0,0,0,512,10,0,512,10,0,251,0,0,261,10,0,512,0.21308696269989014,77.71607208251953,178,0
1536,A,336,0.001979102846235037,0.05432385578751564,nan,nan,512,0,0.001979102846235037,0.05432385578751564,all_rows,512,0,0.004605777561664581,0.033203125,-0.0020899432711303234,0.001477339497068897,0.10245279199443758,0d69a100921f2c93791fc0084a9dc508:0:0,1e15c59a924b583149f499d8d14777cf:0:0,740c287d18ec40c6c9a657d4a3409738:0:0,16eeb0beaca8c67cd0754f6b5682d5a9:0:2922700798,ea01cda66ab49548c54ffcae9b2d2adb:1:3549184572,10,1.0,0,0,0,0,0,0,512,8,0,512,8,0,276,0,0,236,8,0,512,0.21390074491500854,78.48262023925781,165,0
1537,A,337,-0.005302038509398699,0.0479750782251358,nan,nan,512,0,-0.005302038509398699,0.0479750782251358,all_rows,512,0,0.0022035487927496433,0.032421875,-0.002503627527039498,0.0011419006623327732,0.10224857297725976,2c23b27e5d5f0ed3ccb996f3b9607908:0:0,52955e1f2568a466f36f833cd052bd4d:0:0,b00e3cfd69443ce624418a687fd54d41:0:0,282f7a00a5212ca2a6a85142256311a9:0:1122214346,76d3f5793e43bb9ed47726deeae460e2:0:2772360165,10,1.0,0,0,0,0,0,0,512,5,0,512,9,0,251,0,0,261,5,0,512,0.20699863135814667,78.59895324707031,174,0
1538,A,338,0.000683703925460577,0.05269457399845123,nan,nan,512,0,0.000683703925460577,0.05269457399845123,all_rows,512,0,0.003240384627133608,0.0154296875,-0.0017466216115280986,0.001379370054928586,0.10188789002131671,71bd0147ac535da99f254d6f48e32d08:0:0,184aa550296aa53156a958c734a1c33d:0:0,52aa2887cd8bede63cc4da43fa9eaa3f:0:0,0cfdaf69c332e3e7f25121dfb4834da9:0:3755315670,ba0963ea08dd0453df70172510d2e5e5:1:3543949375,10,1.0,0,0,0,0,0,0,512,6,0,512,8,0,250,0,0,262,6,0,512,0.2163543701171875,77.78931427001953,178,0
1539,A,339,-0.004503509029746056,0.05046527460217476,nan,nan,512,0,-0.004503509029746056,0.05046527460217476,all_rows,512,0,0.004887787159532309,0.04140625,-0.005364800710231066,0.0012566300574690104,0.10207535699009895,ee1d53bbb72e8ef6d686d0aef925e108:0:0,07d6c87fee77b2297ace459d5fc32415:0:0,4e61bd34e792ad5710d818c5af867a99:0:0,ebcf9f7791114f250a3e450003e389a9:0:2088148452,a36daa95549840a78e3e1631016437d1:0:2757098615,10,1.0,0,0,0,0,0,0,512,10,0,512,6,0,262,0,0,250,10,0,512,0.21702055633068085,78.45777130126953,165,0
1540,A,340,0.006965287961065769,0.05404965579509735,nan,nan,512,0,0.006965287961065769,0.05404965579509735,all_rows,512,0,0.0019337229896336794,0.0263671875,-0.0017613410949707032,0.0014404945599380881,0.10839933203533292,d517fda697eeee5b4bfacde6ca289508:0:0,15ffeae02bb4c2d3ec7b2ea772015396:0:0,945191867b8ff24a46d9267ba974d2e1:0:0,0816462e15f059b10e467e5f1383c5a9:0:26480156,b7d8023e76b978ba3d9f2a22a4fa5ab4:0:1088852505,10,1.0,0,0,0,0,0,0,512,13,0,512,8,0,247,0,0,265,13,0,512,0.2140227109193802,79.54708862304688,178,0
1541,A,341,0.008810094557702541,0.05350177735090256,nan,nan,512,0,0.008810094557702541,0.05350177735090256,all_rows,512,0,0.007317753043025732,0.033203125,-0.005533406883478165,0.0013384176942054181,0.10552359896246344,cb96ca250f6daa1c7f96b24abbeb4908:0:0,7aab425147bdb39af28e1dcf73dbecc5:0:0,c161cbbdfb07627d22519331a3978372:0:0,c2ddc032b99da9792348d1b8e36401a9:0:294279929,dd8193653c7e7774e1f1b12cb40b6a2b:1:3762590480,10,1.0,0,0,0,0,0,0,512,7,0,512,9,0,262,0,0,250,7,0,512,0.2128467708826065,78.85005187988281,164,0
1542,A,342,0.0017248101066797972,0.05470113456249237,nan,nan,512,0,0.0017248101066797972,0.05470113456249237,all_rows,512,0,0.0005326800746843219,0.0291015625,2.1593249402940274e-05,0.001486913181724958,0.10328838101122528,8fdd6bda8bb6b0cd4c68ab0ece6dfd08:0:0,0399962d76122933f05e0dfdbcdc640e:0:0,886d9b9cc714c645b59f125226cb0b9f:0:0,fab6cb5a60b62157af2c82c973843da9:0:1449731660,a06703add1da5668a3c368eb6056e456:1:1186041010,10,1.0,0,0,0,0,0,0,512,7,0,512,12,0,249,0,0,263,7,0,512,0.22192060947418213,79.17961883544922,167,0
1543,A,343,-0.0005768295959569514,0.05089348554611206,nan,nan,512,0,-0.0005768295959569514,0.05089348554611206,all_rows,512,0,0.0052512944675982,0.0111328125,-0.002512919856235385,0.0012887862452771516,0.10330144397448748,1b96246d21dd5fb59c77a56701b0b108:0:0,8e8dbd0ad41da666dfede3ebd7c8ca31:0:0,ff6b97cc92ba4c6634cc4c948a31a540:0:0,c5c4a8925c33b3ab94e1154cc3e479a9:0:3740225515,f17611ebcda537caff59997115db227b:1:3807938989,10,1.0,0,0,0,0,0,0,512,9,0,512,6,0,256,0,0,256,9,0,512,0.2194298952817917,79.56997680664062,164,0
1544,A,344,0.0025904274079948664,0.04934884235262871,nan,nan,512,0,0.0025904274079948664,0.04934884235262871,all_rows,512,0,0.0037646181881427765,0.0392578125,-0.0024707290809601544,0.0012141124781919644,0.10415478399954736,a9cb45e3ed8201fa1cc34e8755b36508:0:0,0a90deb42175ebd243d16b133fca10f2:0:0,82043cbf98004dcc4edd03de68c8cc16:0:0,0bfa13a4070f852f705e4cfed484b5a9:0:2666076118,2526689966b3f5b8b857de364b0d3750:1:1951316187,10,1.0,0,0,0,0,0,0,512,8,0,512,10,0,236,0,0,276,8,0,512,0.20953907072544098,79.18618774414062,170,0
1545,A,345,-0.0022831372916698456,0.05536532774567604,nan,nan,512,0,-0.0022831372916698456,0.05536532774567604,all_rows,512,0,0.0029532872140407562,0.0072265625,-0.0010631351673509926,0.0015265624970197678,0.10255939100170508,38b0d62d083c2083f14413a3ca761908:0:0,e364bf00d0c44a1ae4204a8e8687599b:0:0,f85a10d591dbc77ecde3ec9679546314:0:0,afcda1eb2cb46010d2a42d9ba564f1a9:0:2383493650,b7af32ab5f09bc13aa2e3566c043ac42:1:1047329360,10,1.0,0,0,0,0,0,0,512,16,0,512,10,0,259,0,0,253,16,0,512,0.20748242735862732,80.19094848632812,174,0
1546,A,346,-0.001835663104429841,0.04955855756998062,nan,nan,512,0,-0.001835663104429841,0.04955855756998062,all_rows,512,0,0.0063843512907624245,0.0322265625,-0.004468560218811035,0.001224801581702195,0.10269358899677172,afedf6b90b1da2a868eb21f05ff8cd08:0:0,22626f2f8831a063c53fc4d2097ff215:0:0,aa320781c25984d38cf4d2006b751368:0:0,9939b1af92fd77477dbafadf36852da9:0:3264340331,99b64af30d0d959c2c748e6ac71ba482:0:1730697412,10,1.0,0,0,0,0,0,0,512,13,0,512,4,0,258,0,0,254,13,0,512,0.20046187937259674,80.46037292480469,170,0
1547,A,347,0.001722301240079105,0.047757282853126526,nan,nan,512,0,0.001722301240079105,0.047757282853126526,all_rows,512,0,0.0015953717520460486,0.03125,-0.0013352143578231335,0.0011299298785161227,0.1025847889832221,48aebfc2cc82bf90b1a266a1163b8108:0:0,6433827e9a0d8e5eabcc4abd609fa62f:0:0,51f140ddcebed5461605658b99d5c91e:0:0,f9f6286a427d7a2ca0b3388587e569a9:0:1695826879,47c28f64bc5c86f0c55c2feaca4a9523:1:166314319,10,1.0,0,0,0,0,0,0,512,10,0,512,10,0,237,0,0,275,10,0,512,0.19350391626358032,80.28250885009766,185,0
1548,A,348,-0.0004768852377310395,0.04800477623939514,nan,nan,512,0,-0.0004768852377310395,0.04800477623939514,all_rows,512,0,0.002654723357409239,0.0140625,-0.0008730291854590177,0.0011487216455861927,0.1022755810408853,aded0082cc62c0618c4c8ee9ed3e3508:0:0,df8b95101d7fc9b2dedafe6b5210455e:0:0,14e8643ea5e1bbe5f21abbde1791cde5:0:0,62c28ed767c9f85213a5aa4a9985a5a9:0:1281227633,a262feeb968c0d36d531406af2066940:1:2170849892,10,1.0,0,0,0,0,0,0,512,7,0,512,11,0,250,0,0,262,7,0,512,0.195017009973526,80.93867492675781,187,0
1549,A,349,-0.002521576825529337,0.05170213058590889,nan,nan,512,0,-0.002521576825529337,0.05170213058590889,all_rows,512,0,0.0038611278869211674,0.008203125,-0.00015371483750641345,0.001326537801651284,0.10497703601140529,09d0cb368155932300c507fee500e908:0:0,717151ab212dec2af40dad8c577c2226:0:0,0ef849bdf59920cbd8c34751f51df813:0:0,a08da64de887159993b353ea6b65e1a9:0:2810438388,3387a2f09edeb1edd4f213793f32ad01:0:3469637467,10,1.0,0,0,0,0,0,0,512,8,0,512,4,0,242,0,0,270,8,0,512,0.1882741004228592,81.78022003173828,162,0
1550,A,350,0.00216118898242712,0.05138346180319786,nan,nan,512,0,0.00216118898242712,0.05138346180319786,all_rows,512,0,0.002516491338610649,0.03671875,-0.004386548977345228,0.0013157686567865311,0.12505860399687663,5988dd8c78822e6811dfff13fd839d08:0:0,2742e0189ec050504a32706e681fa4dc:0:0,4823e7f4dc290ce63c62b24885ad4268:0:0,b58c5b6e06ef8e8bff057920fd861da9:0:309844812,3c6b907d4303e20869503804d1c51217:0:3762203255,10,1.0,0,0,0,0,0,0,512,7,0,512,6,0,266,0,0,246,7,0,512,0.19298744201660156,82.7210922241211,164,0
1551,A,351,-0.0024893623776733875,0.05609038472175598,nan,nan,512,0,-0.0024893623776733875,0.05609038472175598,all_rows,512,0,0.002720142714679241,0.0130859375,-0.0012538967421278358,0.0015665724815335125,0.10426369699416682,6c46d3aefaa9c5b6716a615d36c65108:0:0,efa1ce5373ee6c9b5c2d9c9a3d45e40c:0:0,7cbdaa90d96b00082791769bdc67c3cd:0:0,7e24fed0ae950cf090cd9daa4fe659a9:0:3269896883,baf3f2b52ab0d4446bc67e244783ab81:0:843429069,10,1.0,0,0,0,0,0,0,512,7,0,512,11,0,247,0,0,265,7,0,512,0.1885550618171692,83.59461212158203,177,0
1552,A,352,0.0016272843349725008,0.055690549314022064,nan,nan,512,0,0.0016272843349725008,0.055690549314022064,all_rows,512,0,0.003006503451615572,0.008984375,-0.0008388375863432884,0.001542914821766317,0.10354684799676761,64e3a5cfa883ceae3429dc0e90c90508:0:0,2d2353657e6f7f0c914365e621408a76:0:0,e7afd0de311c9624f1b85bcfa25eee69:0:0,8c34ecf94514cca41d458542628695a9:0:1693600545,536bf502fa82bc66f612744283106510:0:764897879,10,1.0,0,0,0,0,0,0,512,11,0,512,11,0,261,0,0,251,11,0,512,0.19288884103298187,83.85094451904297,170,0
1553,A,353,0.005090277176350355,0.04853779822587967,nan,nan,512,0,0.005090277176350355,0.04853779822587967,all_rows,512,0,0.0020928618032485247,0.0544921875,-0.004263639799319208,0.0011658024246571585,0.10324755997862667,f0d635bf409ed6f185dcdc5c0b8bb908:0:0,fbfd67f0b48df19093dd250c19c8bb2e:0:0,56258f616671e8288630da641a41d2b8:0:0,5ce64b64197c90b04daf33a53566d1a9:0:880947746,e8760420c5c373a8ffda28cecd83f0de:0:3943381890,10,1.0,0,0,0,0,0,0,512,10,0,512,14,0,253,0,0,259,10,0,512,0.18957118690013885,83.01107025146484,188,0
1554,A,354,-0.0018247872358188033,0.05830058827996254,nan,nan,512,0,-0.0018247872358188033,0.05830058827996254,all_rows,512,0,0.0007626331644132733,0.0,8.450904861092567e-05,0.0016870747087523342,0.10255770798539743,2b57abc580fa2acc5d3a8f79a70e6d08:0:0,d718ba831c5b1a3a7de80ff7360ea2d8:0:0,dc96dfacc955c706ddb6f24cfe0c133b:0:0,26493923cd1be8a2dc54ec8ec8870da9:0:2247954154,bd64d4e0df0550a2b2c6832b8a534ca0:0:2945886892,10,1.0,0,0,0,0,0,0,512,6,0,512,4,0,274,0,0,238,6,0,512,0.18459771573543549,82.55565643310547,150,0
1555,A,355,-0.004172669257968664,0.058263376355171204,nan,nan,512,0,-0.004172669257968664,0.058263376355171204,all_rows,512,0,0.0028838119469583035,0.0095703125,-0.0016924572177231313,0.0016560803866013884,0.10261934995651245,d1900f95d68c4c9c2ff2e29b63512108:0:0,8a52f22da8bc13d0128075380f894a12:0:0,d2fc02838890a659d0eb6983fbc99356:0:0,f26fc618507dc624d08933bb1be749a9:0:779049524,9ed2e14eeeb7f0b75718653baeaf39e8:0:3934269842,10,1.0,0,0,0,0,0,0,512,15,0,512,7,0,282,0,0,230,15,0,512,0.18657492101192474,82.53559875488281,159,0
1556,A,356,0.004024817608296871,0.06147053465247154,nan,nan,512,0,0.004024817608296871,0.06147053465247154,all_rows,512,0,0.0026179165579378605,0.007421875,-0.001877309731207788,0.0018702645902521908,0.1047097829869017,8530ebe64cea3cf7a6ae82f54053d508:0:0,d820ffb9fc5fd289b8d3856f5d085658:0:0,00af77e78f7eed2437b961ee258db116:0:0,762634624f4662d1baa6cce62f8785a9:0:101661638,dd0b97a6e76a5d08d66a0b7aaf2b225d:1:3275339920,10,1.0,0,0,0,0,0,0,512,12,0,512,7,0,264,0,0,248,12,0,512,0.17934419214725494,82.79802703857422,171,0
1557,A,357,-0.0007362602045759559,0.05107886344194412,nan,nan,512,0,-0.0007362602045759559,0.05107886344194412,all_rows,512,0,0.0013920573983341455,0.0046875,-0.00036256711464375255,0.0013031690847128629,0.10328870604280382,debbe0d6f0439396510eddbb3e168908:0:0,4563f994f00182af64eea53d2b604ce1:0:0,f6ffccf378f01dfbc314147df986f13f:0:0,e9c9744e25b1764ef010bbcc0367c1a9:0:1987305609,f4878cf0a553a01fdf333c2f75fc3217:0:1571129086,10,1.0,0,0,0,0,0,0,512,11,0,512,12,0,276,0,0,236,11,0,512,0.1893218755722046,81.95206451416016,167,0
1558,A,358,-0.0015361959813162684,0.05051825940608978,nan,nan,512,0,-0.0015361959813162684,0.05051825940608978,all_rows,512,0,0.001101094763725996,0.02109375,-0.00217354753986001,0.0012589825608301907,0.10337558400351554,8097d30093e768f859ae20215c993d08:0:0,0bdfe6e56b19b3431b57ebe26165ab97:0:0,a6ebe9b72423e139cc477c8c70c08703:0:0,03747389ba6cbca2c73244289787fda9:0:3292936097,f13e12084de77f0adca3a20bbeebba1d:0:3655008319,10,1.0,0,0,0,0,0,0,512,11,0,512,8,0,263,0,0,249,11,0,512,0.1821644902229309,81.3031234741211,159,0
1559,A,359,0.0032481984235346317,0.053271252661943436,nan,nan,512,0,0.0032481984235346317,0.053271252661943436,all_rows,512,0,0.0020935176871716976,0.034765625,-0.0004640324972569942,0.001397791993804276,0.10281680995831266,b8c8e2aaaf8610ce3a1f375b9bdbf108:0:0,b165dbb68ed9dad69e28af5ca0cb120c:0:0,4e3d896668b49a561831c15e5759d481:0:0,eb01bd10d78acccbd37ee9b7ebe839a9:0:534063567,cd756f28ff658ce0577b9223117d5e58:0:3751902659,10,1.0,0,0,0,0,0,0,512,9,0,512,12,0,271,0,0,241,9,0,512,0.18192245066165924,80.93672943115234,163,0
1560,A,360,-0.00045745467650704086,0.0543999969959259,nan,nan,512,0,-0.00045745467650704086,0.0543999969959259,all_rows,512,0,0.003969158977270126,0.0259765625,-0.0011597831267863511,0.0014805324899498373,0.1049158779787831,095d8850c563a5206eedd09dfbdea508:0:0,70238acb7604932ff97b2006e7f7bb81:0:0,8be62e964840feb9e394217efceb0e6a:0:0,7a7207d3dd4a3f9821727036008875a9:0:1997088965,ed451c516b0b864eba57e7d8199c8679:0:3797905710,10,1.0,0,0,0,0,0,0,512,15,0,512,8,0,272,0,0,240,15,0,512,0.18390123546123505,81.69767761230469,165,0
1561,A,361,0.015265651978552341,0.05418441817164421,nan,nan,512,0,0.015265651978552341,0.05418441817164421,all_rows,512,0,0.0015840319683775306,0.001953125,-0.00023223599418997765,0.001360326912254095,0.10316996503388509,a82e194883af62372b9e591c7ca15908:0:0,41eeb8fcf2831d8c1f0402e33fca57fa:0:0,7bf5afdcf80ff6df8c577a5ce01c52e2:0:0,3869aeb4e96d26bc7290db5ed568b1a9:0:1549085669,cf531790366a83961f41663c9f1d0626:0:1312134446,10,1.0,0,0,0,0,0,0,512,16,0,512,13,0,253,0,0,259,16,0,512,0.177049919962883,82.48847198486328,185,0
1562,A,362,0.0014185248874127865,0.0507245808839798,nan,nan,512,0,0.0014185248874127865,0.0507245808839798,all_rows,512,0,0.00046552903950214386,0.010546875,-0.0018622694071382285,0.0012816494272556156,0.10342217795550823,2e2391029333d3420eadfe0b1e240d08:0:0,b184db8938362b05bb1e7a6371f00d47:0:0,49f5a43f9bd220a4d7d15e51a6e96a9f:0:0,16e6a50fcddcd42b79666eee6a88eda9:0:326895199,a784521da711fd7d455cb337f25b4474:0:2502600028,10,1.0,0,0,0,0,0,0,512,11,0,512,16,0,239,0,0,273,11,0,512,0.18068520724773407,81.7386703491211,187,0
1563,A,363,-0.001944744260981679,0.046216148883104324,nan,nan,512,0,-0.001944744260981679,0.046216148883104324,all_rows,512,0,0.0019549736753106117,0.0154296875,-0.0013371812761761247,0.00105839564348571,0.10308565705781803,c59ec908c593cfbfd592ac9de066c108:0:0,e76f48d5f5514cb68bfca0aae27ce159:0:0,4c9b0ed1bb2b89d362556b0e40cd113a:0:0,fe4e4f997155f1ad1587aea0bfe929a9:0:3616785011,8e6c2d0e8f8afcd0e010eafe76016261:0:523334614,10,1.0,0,0,0,0,0,0,512,16,0,512,14,0,268,0,0,244,16,0,512,0.17807722091674805,81.55290222167969,171,0
1564,A,364,0.0020299702882766724,0.04250248149037361,nan,nan,512,0,0.0020299702882766724,0.04250248149037361,all_rows,512,0,0.002851785160601139,0.03828125,-0.004846073687076569,0.0008920092484913766,0.10597176698502153,af8a4b85154849a610bb1208c3697508:0:0,ef7e73a9a62ea69d3ce3964144db592a:0:0,e607abbf55fd1319daf81ff9c35f0f23:0:0,6cbeb9fb74d8e8b58f915e31d58965a9:0:707896220,db8562e4a9d082d4ba1cc458dcf69629:0:1721430484,10,1.0,0,0,0,0,0,0,512,9,0,512,12,0,247,0,0,265,9,0,512,0.18137162923812866,81.82391357421875,172,0
1565,A,365,-0.0017618341371417046,0.05881751701235771,nan,nan,512,0,-0.0017618341371417046,0.05881751701235771,all_rows,512,0,0.0017656277632340789,0.041796875,-0.0010866075288504362,0.0017300009669270367,0.10330498102121055,6fdea1c5a992ec48d78e9b7fc72c2908:0:0,9a6c23d5576d002e129cdbd68bb6bba1:0:0,067a1a0d841d19f7b8f9a133b3312a29:0:0,d368ee29389a9a7cd528815dab69a1a9:0:116869439,69da51f9df9822b08782314e68b0161e:0:3389860795,10,1.0,0,0,0,0,0,0,512,14,0,512,11,0,273,0,0,239,14,0,512,0.19306816160678864,82.57254791259766,171,0
1566,A,366,-0.0004396152216941118,0.047452349215745926,nan,nan,512,0,-0.0004396152216941118,0.047452349215745926,all_rows,512,0,0.0009443731978535652,0.0193359375,-0.0011805104557424783,0.0011191223922651262,0.10383830696810037,ddab69dad0998c027c6d7636ebaedd08:0:0,f9986ec41df55cca67905adf2c980f22:0:0,6311b9444c2ba64915aaff97d7ae520b:0:0,bfe2bb039b316855b4fa5be04189dda9:0:3251090801,0bb1cfb7a9b73df2ec98a7c91013b926:0:969562655,10,1.0,0,0,0,0,0,0,512,11,0,512,11,0,251,0,0,261,11,0,512,0.18454867601394653,81.85063171386719,165,0
1567,A,367,0.0012627410469576716,0.04953198879957199,nan,nan,512,0,0.0012627410469576716,0.04953198879957199,all_rows,512,0,0.004141624551266432,0.03515625,-0.004099276452325285,0.0012263182463357225,0.1033955030143261,30ce9c14a1de669b40b08f6230f19108:0:0,957ce1cb9e5799c7f3bbe9bf145bd9d3:0:0,6d2e2fbf10121701fe6b77e597cfea81:0:0,2614fc790dba8c451abc717597ea19a9:0:4129182790,3b9a947b445bbd49baef9ddc7ad48299:1:4282516948,10,1.0,0,0,0,0,0,0,512,15,0,512,8,0,268,0,0,244,15,0,512,0.18477900326251984,82.27427673339844,158,0
1568,A,368,-0.004946910310536623,0.051313456147909164,nan,nan,512,0,-0.004946910310536623,0.051313456147909164,all_rows,512,0,0.0008755235467106104,0.01171875,-0.0014021185226738453,0.0013127947400789707,0.10341349098598585,79273acebb49347108a9943596f44508:0:0,6dbdfb1a5531532f88ad2df9e30f0a8b:0:0,27be8a1474749b869e244cc05343d1de:0:0,28f077e7d7b3c1d94b2c85d9ae8a55a9:0:471398204,d80afd6e8c6b58f9b91b16049afd0ca7:0:1202563162,10,1.0,0,0,0,0,0,0,512,8,0,512,10,0,238,0,0,274,8,0,512,0.18754036724567413,82.70391845703125,186,0
1569,A,369,0.0049465736374258995,0.04991856589913368,nan,nan,512,0,0.0049465736374258995,0.04991856589913368,all_rows,512,0,0.0022455393336713314,0.055859375,-0.0076161016477271914,0.00124077218642924,0.10396625602152199,31012ca14af50a5f0fa2f1e51db6f908:0:0,cd6f729465f47966d67ee3ff6e2b02af:0:0,b7fcdc3a18f2da939ba523de628d9529:0:0,6ca69c20a5453f4120109cc8856a91a9:0:99998985,4b3150027293eb2dabd7568d7893cb92:0:137361465,10,1.0,0,0,0,0,0,0,512,15,0,512,12,0,259,0,0,253,15,0,512,0.18577438592910767,82.34014892578125,180,0
1570,A,370,-0.003802074585109949,0.04959620162844658,nan,nan,512,0,-0.003802074585109949,0.04959620162844658,all_rows,512,0,0.0017715968424454331,0.0173828125,-0.0018957271007820965,0.0012300804606638848,0.10394937702221796,57753ab757f70c659bdfd5a4c539ad08:0:0,a931c3e923ef4592a557d00152ea4dba:0:0,18237745920476cb414794ab95a9285c:0:0,2d04ecffbab7fea34436f9fe1c8acda9:0:1632446018,9b0634bd139fd9012fde48d13ee25dac:0:2964715026,10,1.0,0,0,0,0,0,0,512,12,0,512,13,0,243,0,0,269,12,0,512,0.18927262723445892,83.06082916259766,182,0
1571,A,371,0.003104253439232707,0.05487693473696709,nan,nan,512,0,0.003104253439232707,0.05487693473696709,all_rows,512,0,0.004274975974112749,0.0173828125,-0.0015489288140088319,0.0014935985556803644,0.10361649596598,30421ab2fc51f111b29c2ca88d7c6108:0:0,441fbdc32b845edbde3f8a26edb9b0b4:0:0,3671db7bbaf2a43c348933904496f9aa:0:0,e601972b67d457b56f76213673eb09a9:0:3151695498,30b12678a024ad8b51addef98144f900:0:1219891663,10,1.0,0,0,0,0,0,0,512,4,0,512,4,0,275,0,0,237,4,0,512,0.18984661996364594,82.50357055664062,146,0
1572,A,372,0.0017270514508709311,0.05422366410493851,nan,nan,512,0,0.0017270514508709311,0.05422366410493851,all_rows,512,0,0.001763813546858728,0.013671875,-0.0017298096092417837,0.001470128248911351,0.10590511496411636,edfa0d31024a55a4cc0ca424767f1508:0:0,e4f8de336eb3d1b1cc03cbcdb3687f04:0:0,1fd44270474c35bc4307bd9e366d1523:0:0,33c5991e95e4e993a2acd62d8b8b45a9:0:3282638484,97990a71a51f9dcfed378940c09f96d9:0:2334916696,10,1.0,0,0,0,0,0,0,512,7,0,512,12,0,274,0,0,238,7,0,512,0.1943725049495697,81.85337829589844,170,0
1573,A,373,0.0012698548380285501,0.05087980628013611,nan,nan,512,0,0.0012698548380285501,0.05087980628013611,all_rows,512,0,9.180547203868628e-05,0.0,-0.0001271378481760621,0.0012821303214877843,0.10900712304282933,aa03efa6174fe2fc875ea94c8041c908:0:0,b5daa1a01b3a76ae58302714c35a78d9:0:0,94c6654f3c5f966d2d012bdcc533dc14:0:0,8acd1b3e8b19d4d763c21c9f636b81a9:0:2048693599,bb1bfaa3dc42dd392836996fbfc2cd85:1:2402389504,10,1.0,0,0,0,0,0,0,512,13,0,512,12,0,247,0,0,265,13,0,512,0.19985875487327576,81.221435546875,170,0
1574,A,374,-0.004486119840294123,0.05456211790442467,nan,nan,512,0,-0.004486119840294123,0.05456211790442467,all_rows,512,0,0.0011727611999958754,0.01484375,-0.0019377978984266519,0.0014848027494736016,0.10451443801866844,a49ea9f886af433a5eb86954aac47d08:0:0,25aadcbbaa5d3b0a69856369c5ca1048:0:0,d6fab46e7af8d5a58a26c528d89a1a12:0:0,6850f9533e0845eef9a53847fb8bbda9:0:1627263460,700e05213a0ed9686ffcdbd4db4338bc:1:350100801,10,1.0,0,0,0,0,0,0,512,7,0,512,11,0,261,0,0,251,7,0,512,0.20167513191699982,81.08612060546875,170,0
1575,A,375,-0.0013682444114238024,0.047120705246925354,nan,nan,512,0,-0.0013682444114238024,0.047120705246925354,all_rows,512,0,0.00018058170098811388,0.0,0.000604796689003706,0.001098530538729392,0.10879425902385265,56929de22e40e82b5b38d170f6073108:0:0,440d05e4875826b8a3d30729df035a08:0:0,6d13772e8112d335088fedd4aa98318b:0:0,7f552451d4024fb4a84dace353ebf9a9:0:265514043,83564f7b044166f8c303778d5b1c530d:0:1599944181,10,1.0,0,0,0,0,0,0,512,6,0,512,14,0,251,0,0,261,6,0,512,0.19797496497631073,81.58100128173828,169,0
1576,A,376,0.005444882903248072,0.04893733933568001,nan,nan,512,0,0.005444882903248072,0.04893733933568001,all_rows,512,0,0.0011341486824676394,0.0005859375,-0.0007322802674025297,0.0011819504521554335,0.10504934302298352,e7462fcf1f48a26fc8f78ed56209e508:0:0,7da9f0154c328f9bd037b2cd2bb7c64a:0:0,3ba7cb01c26043e3a01bdde12f5a60a1:0:0,0fae640125031645ecbb3e2d6c8c35a9:0:2623712069,c9f326c9398f6bc704a48671112a6d29:1:3895331369,10,1.0,0,0,0,0,0,0,512,4,0,512,9,0,254,0,0,258,4,0,512,0.19430777430534363,81.4896011352539,169,0
1577,A,377,-0.008587257005274296,0.056971196085214615,nan,nan,512,0,-0.008587257005274296,0.056971196085214615,all_rows,512,0,0.0024048658087849617,0.053125,-0.002869269531220198,0.0016226477921009064,0.10421444103121758,9d40a6961dba0962eb050eb5eecc9908:0:0,e22e43b2c8a3d3dd0bd498fa31c54527:0:0,5f3c0f99904c343d7fef5f5636276080:0:0,e2571c985feb4a1ab8f5efe2456c71a9:0:2733865498,440073fdfb8da8bb9edd5be37877fa35:0:692546926,10,1.0,0,0,0,0,0,0,512,9,0,512,14,0,259,0,0,253,9,0,512,0.1979570835828781,81.04033660888672,182,0
1578,A,378,0.005101634655147791,0.05219533294439316,nan,nan,512,0,0.005101634655147791,0.05219533294439316,all_rows,512,0,0.002373169641941786,0.0388671875,-0.001731080189347267,0.001364507811376825,0.10378534899791703,5d897910f015b3c2af6a7e469c4f4d08:0:0,86ec3b456c7ebb8e01cb6d5971cfc614:0:0,0d9725f35210d79cd3ae989968585777:0:0,39be151029c9f35cb00e05bdde8cada9:0:2077632192,3901d58d77d97273e7caa50e631634cd:0:452688685,10,1.0,0,0,0,0,0,0,512,10,0,512,9,0,250,0,0,262,10,0,512,0.20637793838977814,80.25833129882812,167,0
1579,A,379,0.0002584744361229241,0.049062881618738174,nan,nan,512,0,0.0002584744361229241,0.049062881618738174,all_rows,512,0,0.0008225111523643136,0.001953125,-0.0002607471076771617,0.0012038492859574035,0.10804229899076745,c881ae43321341176329cabb6a920108:0:0,22a606e00de7cee4590c1fbc5ff16f50:0:0,449d4825ee646309cdd2b71b9ff4a437:0:0,3d9bcf76d2ed8d7e621c037c37ece9a9:0:3383672591,c266e8543bfde0fbaf8eaa0863a0dd20:0:1113348189,10,1.0,0,0,0,0,0,0,512,8,0,512,8,0,254,0,0,258,8,0,512,0.20151251554489136,80.94845581054688,164,0
1580,A,380,-0.003113391576334834,0.04623119533061981,nan,nan,512,0,-0.003113391576334834,0.04623119533061981,all_rows,512,0,0.005272564012557268,0.0189453125,-0.0017230676487088204,0.001069437531987205,0.12338729097973555,799136671c4c33db663da1485994b508:0:0,1c5afcce92248c8789e3f1c705f7cacc:0:0,2f1162082566613a588be7b950e48851:0:0,e88ad5307c7973128840acd9518d25a9:0:849246795,68ac64156966ef9f5179d0412c4574b4:0:1223084750,10,1.0,0,0,0,0,0,0,512,8,0,512,11,0,244,0,0,268,8,0,512,0.20417149364948273,80.6983413696289,185,0
1581,A,381,-0.009182705543935299,0.05732891708612442,nan,nan,512,0,-0.009182705543935299,0.05732891708612442,all_rows,512,0,0.0037161079235374928,0.0255859375,-0.0030384310055524113,0.0015323469764553011,0.153418164991308,e30b18e0731b9c62df996f2169576908:0:0,afab41ba15b4890b6921bd97c83c3f54:0:0,a491e4ed377b3da1a46f12a5a6e56239:0:0,225d65a4493b99e340a505912b6d61a9:0:1248000096,e21f211092157f9049b7293fe4593031:1:2819108726,10,1.0,0,0,0,0,0,0,512,15,0,512,9,0,260,0,0,252,15,0,512,0.20930172502994537,79.5008773803711,157,0
1582,A,382,0.006492740008980036,0.04871433973312378,nan,nan,512,0,0.006492740008980036,0.04871433973312378,all_rows,512,0,0.0026110722683370113,0.0029296875,-0.0015323419589549302,0.001160841205273755,0.1469606360187754,b1c0fcbe8ee694837129617a99da1d08:0:0,9b8e6d0e8ae72fae2bf435b049e67490:0:0,b5562ebdf397c5104d378263fb12cc48:0:0,5d373e6ff47e9f494a7a515fc58d9da9:0:3859136558,1f12a54d72250f0d5e8b4fc5ca9823c2:1:2659398613,10,1.0,0,0,0,0,0,0,512,8,0,512,8,0,236,0,0,276,8,0,512,0.21690280735492706,78.4518814086914,187,0
1583,A,383,0.0005296156741678715,0.049479756504297256,nan,nan,512,0,0.0005296156741678715,0.049479756504297256,all_rows,512,0,0.002563457004725933,0.0306640625,-0.0031704124994575977,0.0012195011920994147,0.14945932698901743,14a0ef1f30018bfbebd26587eb1cd108:0:0,d98ba0a4100d806ffd3b3de9f4ba9c0c:0:0,c599b896f50debe33a067d9b8c76f78b:0:0,9d0cb8d3699424c341fa14011fedd9a9:0:2766992378,e3dc47881e7b2a1716c3ecb1ad6f8a60:1:531315123,10,1.0,0,0,0,0,0,0,512,7,0,512,9,0,252,0,0,260,7,0,512,0.21071720123291016,77.66040802001953,192,0
1584,A,384,-0.00178949860855937,0.05801666900515556,nan,nan,512,0,-0.00178949860855937,0.05801666900515556,all_rows,512,0,0.0023570237681269646,0.008984375,-0.001909224223345518,0.0016695220081601291,0.14290360797895119,35275c6c9066659c0372287d5d1f8508:0:0,ca44c250edd5951cfba7ed656f8b2f6e:0:0,7d6d37a68ee82b75b7347108bd692f4e:0:0,2991389e36d37cccdc6611313a8e15a9:0:1501396426,3e42ae8e56769602958c533b4444e66b:0:3771946909,10,1.0,0,0,0,0,0,0,512,7,0,512,5,0,272,0,0,240,7,0,512,0.20919252932071686,76.84021759033203,157,0
1585,A,385,-0.0054729706607759,0.047967374324798584,nan,nan,512,0,-0.0054729706607759,0.047967374324798584,all_rows,512,0,0.007432450540363789,0.0412109375,-0.003388260817155242,0.0011455499014118686,0.14954840496648103,1e2af719e56f652c02df178eefe23908:0:0,bd248f37649dfa29fd3b9ef9cf86678c:0:0,9aecfa17dc48ef2ff9b5a94413e00a89:0:0,2a15e580f6c8a7f624084cac156e51a9:0:2546173802,eeaa064345c048334182a0b644fb0fa2:0:3843350176,10,1.0,0,0,0,0,0,0,512,10,0,512,5,0,272,0,0,240,10,0,512,0.20399707555770874,77.60794067382812,168,0
1586,A,386,0.005506082437932491,0.049533553421497345,nan,nan,512,0,0.005506082437932491,0.049533553421497345,all_rows,512,0,0.004422308877110481,0.0115234375,-0.003362368489615619,0.001226791349472478,0.14965791400754824,c050c02a43caee147fe85ff0a364ed08:0:0,2b587fb9c32a8725433ffa4c77e1dad8:0:0,3c43bc56e114f2f795c0bd795bc6bc60:0:0,f19ee03d0a4fa23ab4330a2db08e8da9:0:1524539659,9cb76acc62207f678a38d9b0bd7598eb:0:4190022607,10,1.0,0,0,0,0,0,0,512,4,0,512,9,0,264,0,0,248,4,0,512,0.2109651416540146,76.10191345214844,146,0
1587,A,387,0.003978600725531578,0.05416836589574814,nan,nan,512,0,0.003978600725531578,0.05416836589574814,all_rows,512,0,0.0011324711376801133,0.00078125,-0.00032505723647773265,0.0014608098892495037,0.1508535469765775,370b937697dc12c60f55eed677a7a108:0:0,0322541e81272c45e7ede4a6e7c08602:0:0,01c13a2762377137641a0d53ac746542:0:0,afc899c53e580098f540cd720beec9a9:0:2531702489,f6e265ed97acb46ab9e0deb32ad8d22b:0:2014698229,10,1.0,0,0,0,0,0,0,512,9,0,512,9,0,245,0,0,267,9,0,512,0.20342426002025604,77.35358428955078,180,0
1588,A,388,-0.004650866147130728,0.046049993485212326,nan,nan,512,0,-0.004650866147130728,0.046049993485212326,all_rows,512,0,0.004623490385711193,0.012890625,-0.0030539064668118955,0.00105960680230055,0.14952475001337007,672c7b5024bbf4e0f8e871746caa5508:0:0,e98e32c94e8d168b3ba325070a78d8c8:0:0,68efe651cd6d222007efc1d882b4f52e:0:0,7138a2fa380cdee958945a35278f05a9:0:4164793346,bf5f7ef15cf9360674537c2929ded403:1:95480399,10,1.0,0,0,0,0,0,0,512,11,0,512,10,0,241,0,0,271,11,0,512,0.2024846076965332,77.92523193359375,183,0
1589,A,389,-0.000507390417624265,0.05025032162666321,nan,nan,512,0,-0.000507390417624265,0.05025032162666321,all_rows,512,0,0.0036633668933063745,0.0224609375,-0.0030928988475352527,0.0012614523409865796,0.15020239702425897,0977a4c5bc0ff61ceb5954fe826d0908:0:0,a393eb353cde564cd898dae141dfa00e:0:0,c1ef2673bd4ba6a6d4be4b5df730fe12:0:0,b8853845c21d1df59498b433036f41a9:0:836437449,6fc96b793bc5286d852956e7458e7bce:1:3379197053,10,1.0,0,0,0,0,0,0,512,9,0,512,8,0,252,0,0,260,9,0,512,0.20327600836753845,79.23126220703125,172,0
1590,A,390,-0.0008794192690402269,0.048364609479904175,nan,nan,512,0,-0.0008794192690402269,0.048364609479904175,all_rows,512,0,0.0036079110577702522,0.020703125,-0.0030059336684644224,0.0011691540072206407,0.13353050197474658,b12d177aa0e8b9f0b05ac6a8b8efbd08:0:0,8702d01d2a3e8a3e3bbe60d1f345b575:0:0,dcce3dd7c3c156291646f266c904d481:0:0,5efcf4f055dff1cfe0c11f279f8f7da9:0:2702757244,28569cac72032b1629038ebdcff3229e:0:1644188996,10,1.0,0,0,0,0,0,0,512,11,0,512,9,0,246,0,0,266,11,0,512,0.20567947626113892,80.30557250976562,188,0
1591,A,391,0.005339365918189287,0.052003227174282074,nan,nan,512,0,0.005339365918189287,0.052003227174282074,all_rows,512,0,2.9186601750552654e-05,0.0,-2.193152904510498e-05,0.001352158683585003,0.10590163397137076,e0bc51a6c7ddf7f9e097b3a710327108:0:0,a0c0ba53931ff2e2dd30e2ab864306f1:0:0,32e98231f14ec3c82e6b5a81e7c21cda:0:0,bbc47ea47b11c06a31891ecefbefb9a9:0:2175403001,98f8b9ca634ade2ce5df4c875f753368:1:888209333,10,1.0,0,0,0,0,0,0,512,7,0,512,7,0,250,0,0,262,7,0,512,0.20120930671691895,79.23426055908203,171,0
1592,A,392,-0.008774295449256897,0.05222735553979874,nan,nan,512,0,-0.008774295449256897,0.05222735553979874,all_rows,512,0,0.0044673653319478035,0.0224609375,-0.0046151061309501525,0.0013692252861801535,0.10338898398913443,46ae9a80e69b1f2497b3c92d88352508:0:0,5388fba4421494ffea7e72d14b028b4e:0:0,3170ebe306c4412a97e1d12438c7eea0:0:0,279a9a2bd8e5506d747476e5188ff5a9:0:3794401142,c99a94c618a6a63ffb45328911dd9133:1:3918774878,10,1.0,0,0,0,0,0,0,512,10,0,512,12,0,265,0,0,247,10,0,512,0.20573021471500397,79.23441314697266,170,0
1593,A,393,0.006367828231304884,0.06016484647989273,nan,nan,512,0,0.006367828231304884,0.06016484647989273,all_rows,512,0,0.0029006728436797857,0.00625,-0.0011447684839367867,0.0018168542243074625,0.10424411401618272,4af542fb8510c993284b747020f7d908:0:0,d909177351695d7fe4a8fc22af784906:0:0,6548f4cb66b9ee49d3320a1694cdfc65:0:0,b47bf70a13254850cc0f2b25f57031a9:0:3783209643,26a0aff10d4c390ca2800593ac62b3dd:1:1757548629,10,1.0,0,0,0,0,0,0,512,10,0,512,10,0,274,0,0,238,10,0,512,0.20640766620635986,80.37446594238281,159,0
1594,A,394,-0.0014565864112228155,0.05574052035808563,nan,nan,512,0,-0.0014565864112228155,0.05574052035808563,all_rows,512,0,0.00015405321028083563,0.0,-0.00028645978309214113,0.0015530573844444006,0.10380744398571551,a9f72667027f0145cff3e2a2da7a8d08:0:0,4d2a4e5fa08b2126b1c4c167ae104fc3:0:0,9aebb3b4051c4bacef840c27087426d2:0:0,3a971831ce21fdb0cbed7f4d92906da9:0:1080542697,0b31a11bac515e6498138b4dc43a0067:0:3838347925,10,1.0,0,0,0,0,0,0,512,10,0,512,15,0,263,0,0,249,10,0,512,0.20139093697071075,79.57196044921875,166,0
1595,A,395,-8.06968891993165e-05,0.049898672848939896,nan,nan,512,0,-8.06968891993165e-05,0.049898672848939896,all_rows,512,0,0.0018520436715334654,0.001171875,-0.0017083170358091592,0.0012426963075995445,0.10546463099308312,77b38a33408c55826b3b00f9b4bd4108:0:0,f39989bf60fd4bcecc8d16403d557ab4:0:0,6f8c692f129625ed610ff7e674a51a44:0:0,8fc614a8742794e6b4abf717eff0a9a9:0:4084918185,143dbfd8c104213088de5100dbb9b893:1:484908918,10,1.0,0,0,0,0,0,0,512,6,0,512,9,0,248,0,0,264,6,0,512,0.20356497168540955,79.59855651855469,177,0
1596,A,396,-0.0024046951439231634,0.05962924286723137,nan,nan,512,0,-0.0024046951439231634,0.05962924286723137,all_rows,512,0,0.0001735725672915578,0.0,3.8760225288569926e-05,0.001776112214429304,0.11597251502098516,0ad7fdb4669dc0fc29a77ca8afbff508:0:0,c01bd067bc28e5d3b1912629ebc4c980:0:0,b61ca6004e0cde999e90b7c59f40424d:0:0,bc577b85973870dfafef56410d90e5a9:0:1535718737,53152aa93df336e9e8069e75153240e4:1:392223665,10,1.0,0,0,0,0,0,0,512,9,0,512,7,0,261,0,0,251,9,0,512,0.20612822473049164,78.90919494628906,165,0
1597,A,397,-0.0009323913836851716,0.05547730624675751,nan,nan,512,0,-0.0009323913836851716,0.05547730624675751,all_rows,512,0,0.0002934852382168174,0.0,-0.0003344913944602013,0.0015370565000921489,0.14309695700649172,7e7b1076efa360bb41b8c2e3cb82a908:0:0,4bc5c838f56ec346a28009f47a71b741:0:0,f7e99b491e6b5d2ca09397b0913b8fb5:0:0,2791735309c7f3340c64a084eb7121a9:0:1318451945,f7d8e1722da3baddd4bbaf8e41e3a0dd:0:454719459,10,1.0,0,0,0,0,0,0,512,11,0,512,8,0,270,0,0,242,11,0,512,0.20772424340248108,78.74462127685547,158,0
1598,A,398,0.001952165039256215,0.05451112613081932,nan,nan,512,0,0.001952165039256215,0.05451112613081932,all_rows,512,0,8.480856195092201e-06,0.0,0.00019473489373922348,0.0014860148367006332,0.11046950501622632,320e9f57f48dfbc4a4e700df08055d08:0:0,0bffa213caba5dacc119708725c41914:0:0,ffb21ba061f0dae09358312931e0eb0c:0:0,e84a356b09318c7e79c1199f89915da9:0:1657486624,c2b17347b174e7ddf2a85b5ff6455edc:1:672679729,10,1.0,0,0,0,0,0,0,512,11,0,512,17,0,242,0,0,270,11,0,512,0.2129921317100525,79.04789733886719,183,0
1599,A,399,0.003688276279717684,0.04973625764250755,nan,nan,512,0,0.003688276279717684,0.04973625764250755,all_rows,512,0,6.38078199699521e-05,0.0,-0.0002332114614546299,0.0012382616638205945,0.10779854602878913,72ca163f65a15b81b3a323ce65481108:0:0,fc0000485d410c3faf4b0e0f88dd4302:0:0,d430bd36012eae192e7e409a4403e57f:0:0,826f4a8a14a81cf344c2454ce7f199a9:0:4082730330,b1a25ef3acc896a5d990574029c6013c:0:2604159209,10,1.0,0,0,0,0,0,0,512,7,0,512,8,0,253,0,0,259,7,0,512,0.20830106735229492,79.04618072509766,169,0
1600,A,400,-0.004541072063148022,0.05261863023042679,nan,nan,512,0,-0.004541072063148022,0.05261863023042679,all_rows,512,0,0.00014972069766372442,0.0,-0.0006872517056763172,0.0013903621176723391,0.10797542700311169,c9075602a4d774e7f156d8e5e34ac508:0:0,6ac59e07ab4be160ed7f45168e7b163a:0:0,c05ca4907cfae28706ae2e5672db167b:0:0,41a16e624b59a537932de7490691d5a9:0:1889456780,8e9d93a5488730db5e23280eee4ebfe7:1:1960391143,10,1.0,0,0,0,0,0,0,512,6,0,512,13,0,270,0,0,242,6,0,512,0.20968008041381836,79.22193145751953,167,0
