update,phase,local,adv_all_mean,adv_all_std,adv_s1_mean,adv_s1_std,n_rows,n_s1_rows,adv_used_mean,adv_used_std,adv_norm_scope,n_policy_rows,n_actor_steps_skipped,kl_final_epoch,clip_frac,policy_loss,value_loss,update_wall_sec,rngpos_env,rngpos_learn,rngpos_opp,rngpos_start,rngpos_minibatch,n_epochs_run,conc_scale,d1_L_s1_n,d1_L_s1_lo,d1_L_s1_hi,d1_O_s1_n,d1_O_s1_lo,d1_O_s1_hi,d1_L_s2_n,d1_L_s2_lo,d1_L_s2_hi,d1_O_s2_n,d1_O_s2_lo,d1_O_s2_hi,d1_L_s2_in_n,d1_L_s2_in_lo,d1_L_s2_in_hi,d1_L_s2_out_n,d1_L_s2_out_lo,d1_L_s2_out_hi,d1_pol_n_rows,d1_pol_alpha_min,d1_pol_beta_min,d1_pol_n_alpha_lt1,d1_pol_n_beta_lt1
1201,A,1,-0.004362777806818485,0.04536003991961479,nan,nan,512,0,-0.004362777806818485,0.04536003991961479,all_rows,512,0,0.0054094670340418816,0.0234375,0.0029932409524917603,0.0010297916596755385,0.08791104599367827,0157c2269c92f75014ec1596588185cc:0:0,a74bfdcebb7a71a1f9b95f7834bf8c56:0:0,83e420e31a10fccb93901665ede64a0e:0:0,746d0ab31eaf18d5c6352f0a06170a88:0:3317732077,fc3230e8387fcdcfee7fe913d729eade:1:614183927,1,1.0,0,0,0,0,0,0,512,1,0,512,1,0,276,0,0,236,1,0,512,0.41073083877563477,112.66246795654297,136,0
1202,A,2,-0.00014843486133031547,0.0485677607357502,nan,nan,512,0,-0.00014843486133031547,0.0485677607357502,all_rows,512,0,0.007390103302896023,0.008984375,-0.0009646372869610787,0.0011581932660192252,0.08587700099451467,33051ec24a375b86d9c7c1a3e07f81cc:0:0,77ec08628d3ed9036799f2078e9adce0:0:0,dd62053c3de9e801d63256c8e7a77e2c:0:0,4c15c9a833e3b515a41ceb7299411e88:0:1433648385,8932705107a5c0174e968280354cbc99:0:1287282467,5,1.0,0,0,0,0,0,0,512,0,0,512,2,0,274,0,0,238,0,0,512,0.40769803524017334,111.49061584472656,128,0
1203,A,3,-0.006173418369144201,0.051289889961481094,nan,nan,512,0,-0.006173418369144201,0.051289889961481094,all_rows,512,0,0.009551390074193478,0.00390625,-0.0011913040652871132,0.001320381707046181,0.02199658000608906,e3e31b98a9e3047260bc30988cbd7dcc:0:0,b9de4e2523926ef868d05f023e6c6523:0:0,f7d442515585e6cb552d149b46f0038f:0:0,1f18ebbd626bfb860f98f285772b3288:0:471924786,91382528a24e54bb0012c73000c0d976:1:2317936860,1,1.0,0,0,0,0,0,0,512,0,0,512,0,0,277,0,0,235,0,0,512,0.4168945848941803,112.255126953125,121,0
1204,A,4,0.007483930326998234,0.042970143258571625,nan,nan,512,0,0.007483930326998234,0.042970143258571625,all_rows,512,0,0.011421267874538898,0.009765625,-0.0035247020423412323,0.0009502879693172872,0.022271023015491664,bd18d847c392cc5c6ed87bf05d3b79cc:0:0,61f7e331b24d959bdaceb115606530bc:0:0,cef5b00e3a721753a45ac196e989cd8b:0:0,d2dc15f52d82d99b8b1ce4d69fd54688:0:252853029,fac37e190231e3dc754dd7261ae7ddc0:1:1044030716,1,1.0,0,0,0,0,0,0,512,2,0,512,0,0,288,0,0,224,2,0,512,0.41740715503692627,114.0828628540039,123,0
1205,A,5,0.00014465517597272992,0.0485282838344574,nan,nan,512,0,0.00014465517597272992,0.0485282838344574,all_rows,512,0,0.005311478395015001,0.013671875,-0.0008362308144569397,0.0011688513914123178,0.02246064302744344,b5d7e0b67ad9626bc317fd2751f975cc:0:0,9686742977a94eb08aa02d357346cda2:0:0,44dc17fb69282ca361fa742d4307ae4d:0:0,856aaa858f246516a57f22fa133f5a88:0:3456999375,308930c83de381af23b5f3447a9c09f5:1:2241934284,1,1.0,0,0,0,0,0,0,512,0,0,512,1,0,297,0,0,215,0,0,512,0.40464532375335693,116.10957336425781,120,0
1206,A,6,-0.005320408381521702,0.045229312032461166,nan,nan,512,0,-0.005320408381521702,0.045229312032461166,all_rows,512,0,0.007720897439867258,0.007421875,0.0003773776348680258,0.0010532479442190378,0.08603530802065507,a50ebe64e1b56bc912624db96af771cc:0:0,2b7e89bc318ed231e13801d9baaa9683:0:0,42ec75df0096ebde1eb43ce8d27aab97:0:0,e4f0cf8923fef96b0df8cd83d1696e88:0:2214659449,a4d95aa77c41ae8c778baa189accae49:0:1609778816,5,1.0,0,0,0,0,0,0,512,2,0,512,0,0,286,0,0,226,2,0,512,0.3944222629070282,117.43438720703125,135,0
1207,A,7,0.011670980602502823,0.05092693865299225,nan,nan,512,0,0.011670980602502823,0.05092693865299225,all_rows,512,0,0.010196610353887081,0.02880859375,-0.0026424849638715386,0.001325722987530753,0.07000219699693844,2bac49ac32d55904038b4722a8356dcc:0:0,b4cbf76b39fcc037ce906f10ec733b9c:0:0,f46b29fb6906fd8abab907df8a77f954:0:0,719edb5d6aedcfe6a825c507da538288:0:199546605,e4c5034e27e371c28617e662a67cc761:1:1769117248,4,1.0,0,0,0,0,0,0,512,1,0,512,2,0,307,0,0,205,1,0,512,0.40798214077949524,116.17460632324219,114,0
1208,A,8,0.006123107858002186,0.040505118668079376,nan,nan,512,0,0.006123107858002186,0.040505118668079376,all_rows,512,0,0.005932463798671961,0.0,-0.001232147216796875,0.000817339780041948,0.02202549099456519,766d557a93c4efb82b5302df09b369cc:0:0,11282c32232ebd0349f83ad34f25613d:0:0,c4e34e18a533d82fdd7d119414335922:0:0,57e72a3895911298a004aa1a2dfd9688:0:1679853503,8f469ffdf11a13c7b0e1bb78f2b99ea1:0:2691985836,1,1.0,0,0,0,0,0,0,512,2,0,512,0,0,288,0,0,224,2,0,512,0.41881850361824036,114.6404800415039,123,0
1209,A,9,-0.01079067774116993,0.04181772097945213,nan,nan,512,0,-0.01079067774116993,0.04181772097945213,all_rows,512,0,0.00927580427378416,0.0234375,0.0027845166623592377,0.0009254500619135797,0.021587253955658525,ee65b292ff8088720865da6a8f7165cc:0:0,70cb917ec8b6fe7bc3148b41b4015766:0:0,3da82959e22fe816b93674e35720554c:0:0,073fe214279769f87df6dd4ecc67aa88:0:1030004653,2079cd3c92d269b6c37da39b89a1b03c:0:2330133614,1,1.0,0,0,0,0,0,0,512,1,0,512,2,0,291,0,0,221,1,0,512,0.42808425426483154,113.27197265625,121,0
1210,A,10,-0.0006325698923319578,0.04263196513056755,nan,nan,512,0,-0.0006325698923319578,0.04263196513056755,all_rows,512,0,0.006863543763756752,0.015625,0.0017751744017004967,0.0009251354495063424,0.022187497990671545,65b8e5d5f9ea00d3ff5c6741396f61cc:0:0,1e64ab6c2a1d1a76b7d4b5da21c111c3:0:0,34c038702d8dd960834e4aa0fee3ba89:0:0,14adbf9c624d054d3ac07f39b591be88:0:695430661,8118b6144517895201d1050811119e3a:0:1409685352,1,1.0,0,0,0,0,0,0,512,0,0,512,2,0,268,0,0,244,0,0,512,0.43611252307891846,111.46857452392578,127,0
1211,A,11,0.00743290176615119,0.04041585698723793,nan,nan,512,0,0.00743290176615119,0.04041585698723793,all_rows,512,0,0.005072868894785643,0.001953125,-0.0020260848104953766,0.0008347563270945102,0.02188068494433537,e6864793ec9b61fb56bb82df07ad5dcc:0:0,9573e8e31f88ebc9adfc26bfb7d8d04d:0:0,4b88fca5573266cd516ca6078a8aeacc:0:0,031cb0673a041dd45388706ee97bd288:0:1351925769,7e160596d74b13c8effdf755a040afe9:0:3994515523,1,1.0,0,0,0,0,0,0,512,0,0,512,3,0,268,0,0,244,0,0,512,0.43709519505500793,109.99887084960938,115,0
1212,A,12,-0.007297241594642401,0.04519475996494293,nan,nan,512,0,-0.007297241594642401,0.04519475996494293,all_rows,512,0,0.009999875910580158,0.02734375,0.007493358105421066,0.0010599811212159693,0.022035159054212272,492798664d933b2532f446bffa2b59cc:0:0,75cca0ae9b9e90d2d87a95da534c596b:0:0,b7214bf5732ce864c0052ecdd871ef50:0:0,e0aebc4852eaf4a8ddd851826825e688:0:1995295290,f12b638e81f9ce2ace333f0c3e85a402:1:4052076587,1,1.0,0,0,0,0,0,0,512,1,0,512,0,0,275,0,0,237,1,0,512,0.4426993429660797,108.55654907226562,110,0
1213,A,13,0.0012277886271476746,0.04545888304710388,nan,nan,512,0,0.0012277886271476746,0.04545888304710388,all_rows,512,0,0.005568689666688442,0.0,-0.0008693467825651169,0.0010407654190203175,0.03833938704337925,60c86a88f036b09392640c6010e955cc:0:0,19f857b2d9cb4aefa2fa5a6ef2185d2b:0:0,74a81bc0ab8864e6c553fdb42e0de56a:0:0,f271912a42e34b6a9b9c8308318ffa88:0:2664505895,e384117f15fb8cbece8236c1461d193c:1:103267923,2,1.0,0,0,0,0,0,0,512,3,0,512,3,0,264,0,0,248,3,0,512,0.4436973035335541,106.71129608154297,119,0
1214,A,14,-0.0012673388700932264,0.04555812105536461,nan,nan,512,0,-0.0012673388700932264,0.04555812105536461,all_rows,512,0,0.011225530877709389,0.0234375,-8.446723222732544e-05,0.0010727726039476693,0.022412058024201542,26500d2921253eb249546d3b4be751cc:0:0,438c6be67b1c48e00ab72bde3781be0c:0:0,6e9d8ed11f1668f0a6447b82a702d684:0:0,9216ea6815ef57a50f24259445ba0e88:0:3305461138,954adb2e57f1687877cddb38fc3c92ca:1:3042865109,1,1.0,0,0,0,0,0,0,512,0,0,512,0,0,313,0,0,199,0,0,512,0.4562567174434662,107.88687896728516,102,0
1215,A,15,-0.003816653974354267,0.035809941589832306,nan,nan,512,0,-0.003816653974354267,0.035809941589832306,all_rows,512,0,0.005023239646106958,0.019775390625,-3.203633241355419e-06,0.000648714918497717,0.13462175003951415,15d6f19c6d5a317bfdfb42cdab254dcc:0:0,4d70eb638446875978c4b7067b73f3f4:0:0,83512f1fc1c58a5c204c01e571c9a088:0:0,961c0634d2c830f68f2119baa4a42288:0:1941135507,ea6263cd62acc1b06262580e05e459cc:0:979161,8,1.0,0,0,0,0,0,0,512,2,0,512,1,0,266,0,0,246,2,0,512,0.43619397282600403,109.8715591430664,125,0
1216,A,16,0.0027287951670587063,0.0469297394156456,nan,nan,512,0,0.0027287951670587063,0.0469297394156456,all_rows,512,0,0.006736518815159798,0.001953125,-0.0013156943023204803,0.0011063863057643175,0.021980986988637596,36abc8ed3517d01f247aa6932ea349cc:0:0,07f933d26100ae8c2a1437cd53798e78:0:0,8550be87fcd2ca24090f37c97a6d2466:0:0,c70069317d31b9f75aa8000f4e4e3688:0:882842047,72353d7c0e5d58c236677ac6a009b778:0:3847158692,1,1.0,0,0,0,0,0,0,512,0,0,512,4,0,269,0,0,243,0,0,512,0.4322117865085602,109.29366302490234,127,0
1217,A,17,0.0017103900900110602,0.04241671413183212,nan,nan,512,0,0.0017103900900110602,0.04241671413183212,all_rows,512,0,0.010895447805523872,0.022786458333333332,-0.0017005961077908676,0.0008999543303313354,0.05373361299280077,4583daa76b183ce2fae0f207d66145cc:0:0,3ec95328a4711d15ea086fc3fab205da:0:0,8efb3e6b09e45a93b7e69779bf6cf8ad:0:0,ae8451e4d3a003e0ad30392642b84a88:0:408036105,a5492da1db1e1dcc6e616af21b1f5d65:1:2850029728,3,1.0,0,0,0,0,0,0,512,0,0,512,1,0,258,0,0,254,0,0,512,0.42423897981643677,110.83829498291016,115,0
1218,A,18,0.003433280624449253,0.04194612428545952,nan,nan,512,0,0.003433280624449253,0.04194612428545952,all_rows,512,0,0.013914361596107483,0.015625,-0.0023971744813024998,0.00088541439617984,0.03808770899195224,7815544c2080094c8528bea7a25f41cc:0:0,27d01980f18e1ac7f3c84810e5315f3d:0:0,6669099499e5ffd05d577c62dc2781fa:0:0,2323735ac5c22cf3d293e59381e25e88:0:2079436950,56ce55f2ed69c1a33d65cc1bd34a6ff0:1:494050141,2,1.0,0,0,0,0,0,0,512,1,0,512,1,0,266,0,0,246,1,0,512,0.4234684407711029,109.28382110595703,131,0
1219,A,19,-0.0060364543460309505,0.04253304377198219,nan,nan,512,0,-0.0060364543460309505,0.04253304377198219,all_rows,512,0,0.005108286626636982,0.0224609375,0.0018078181892633438,0.0009226884430972859,0.03803361498285085,95498b4ebe0e7e838938e5ee929d3dcc:0:0,3945e882569ecfcdda085da9cdbc7649:0:0,c0df1d88cae230626e46d89e5d99a276:0:0,fce0d7c46186b9a13b0fe5eb0bcc7288:0:2413716574,27b067ad17a41cc0207d206d6ab4a9e9:0:2491672227,2,1.0,0,0,0,0,0,0,512,0,0,512,0,0,263,0,0,249,0,0,512,0.4049058258533478,111.1440200805664,135,0
1220,A,20,0.0040738885290920734,0.044610992074012756,nan,nan,512,0,0.0040738885290920734,0.044610992074012756,all_rows,512,0,0.007145056501030922,0.00390625,-0.001111891120672226,0.0009970807004719973,0.023476607049815357,e9b061fb0b0799f78ae48158a71b39cc:0:0,cbd669da84b24869d65701fbce5cc626:0:0,7e82b37c0892a7f1725658c8093d3c77:0:0,0bbd2983b42d686f8f43dac0e0768688:0:3779050704,c244ab66a2be1bfb2badf3b3001d5887:0:1490395811,1,1.0,0,0,0,0,0,0,512,4,0,512,0,0,280,0,0,232,4,0,512,0.4113704562187195,111.46244812011719,138,0
1221,A,21,-0.012503244914114475,0.0512351356446743,nan,nan,512,0,-0.012503244914114475,0.0512351356446743,all_rows,512,0,0.011226431466639042,0.03125,0.004753522574901581,0.0013647761661559343,0.02236762596294284,3925321f6253be44c7eaea61dfd935cc:0:0,c4ce98cf849f7ef3a323ece4cece2d4e:0:0,7bbb7a7c13866ae47412a11d0c3138e3:0:0,5e9912a1dcfa80a2c43224a8ffe09a88:0:875844917,4ac2f49e829740a1b78325336e20174e:0:3590061904,1,1.0,0,0,0,0,0,0,512,2,0,512,0,0,303,0,0,209,2,0,512,0.42675137519836426,110.17166137695312,104,0
1222,A,22,-0.0011598779819905758,0.04517248645424843,nan,nan,512,0,-0.0011598779819905758,0.04517248645424843,all_rows,512,0,0.002183429431170225,0.030859375,-0.0008606273215264082,0.0009772616991540416,0.16836993402102962,78e8ced2b651185933f7ba863cd731cc:0:0,de38e8d9b95fedb2d4c591976fbc1ff0:0:0,904e4fc65a084f6a47fd7a62259711c4:0:0,d591e8404f1f9ba32f3fe4376a0aae88:0:1885583656,092f03e54bee4ef634c535a207511b50:0:2407173521,10,1.0,0,0,0,0,0,0,512,0,0,512,0,0,253,0,0,259,0,0,512,0.4329797327518463,108.48397827148438,126,0
1223,A,23,0.0020752865821123123,0.04119211807847023,nan,nan,512,0,0.0020752865821123123,0.04119211807847023,all_rows,512,0,0.005843678954988718,0.0,-0.0013382881879806519,0.0008587896008975804,0.022731728036887944,1d13592a43d2b8d974a2cb41be152dcc:0:0,1fd9abea0da113df662342ea87f1c90b:0:0,9966d1580660fc0a68d4af5731e8f773:0:0,87d77129006de9249a34fa001ef4c288:0:2404160982,3d656d89173070751a1107d585809475:0:3355463400,1,1.0,0,0,0,0,0,0,512,0,0,512,1,0,281,0,0,231,0,0,512,0.44846493005752563,108.1249008178711,112,0
1224,A,24,-0.003719730768352747,0.04422575980424881,nan,nan,512,0,-0.003719730768352747,0.04422575980424881,all_rows,512,0,0.010469554923474789,0.037109375,0.003502632025629282,0.000976824332610704,0.038773152977228165,5d6bca2f14c961c5dd703610639329cc:0:0,1050d0bf8c87371f0cf64ed181b4d5b8:0:0,af019bd9eba79fed4319ef376faf8d9d:0:0,5d4e44340265ee0d573c06971e9ed688:0:4134603284,44570a185280e688ee220d86cacc3426:0:1767331130,2,1.0,0,0,0,0,0,0,512,2,0,512,1,0,262,0,0,250,2,0,512,0.46637874841690063,106.81315612792969,128,0
1225,A,25,0.0015478795394301414,0.04470834136009216,nan,nan,512,0,0.0015478795394301414,0.04470834136009216,all_rows,512,0,0.01198276411741972,0.03515625,-0.0027995440177619457,0.0009942182805389166,0.043726989009883255,4caa36dfb312085f6bd0546e2d5125cc:0:0,91696946bcb359f1f6186dfd3feb4b09:0:0,90aded5557b5f23c86ae27c694d4c266:0:0,0acafccbc338be1d54e26a906908ea88:0:1468671382,9f33af5e97c706d2109c882b43d7469e:0:3953664128,2,1.0,0,0,0,0,0,0,512,0,0,512,1,0,285,0,0,227,0,0,512,0.46925216913223267,105.10086059570312,108,0
1226,A,26,0.003216608427464962,0.04523204639554024,nan,nan,512,0,0.003216608427464962,0.04523204639554024,all_rows,512,0,0.006484452169388533,0.0361328125,-0.0005375209730118513,0.0010201425102422945,0.0710562450112775,362cf186abe60b4cc31fbfd71b4f21cc:0:0,a530bb2ce570dffad624b8da497759cf:0:0,aed57ace3d207cf9ba88094f9733d522:0:0,0f0f596bf44eb0553218467ffe32fe88:0:2812470242,0fd43b5cd7239daf8e731e0ca4b91a38:1:4029998250,4,1.0,0,0,0,0,0,0,512,1,0,512,0,0,289,0,0,223,1,0,512,0.4619084894657135,107.152099609375,110,0
1227,A,27,-0.00578584847971797,0.043682653456926346,nan,nan,512,0,-0.00578584847971797,0.043682653456926346,all_rows,512,0,0.008332460187375546,0.029296875,-0.0008287501210967699,0.0009626615695500126,0.054587306978646666,b577c62ac4691cff28a751c72d8d1dcc:0:0,1a732d11cc621d09de7cb12fb4d6fa2b:0:0,125d0fbb60c2db4e2a70c96f43467cb5:0:0,09b34189d3e78e1d52307af9de1d1288:0:1457573596,d916545bd670d1add5bfc39d3117c290:1:2791250845,3,1.0,0,0,0,0,0,0,512,2,0,512,1,0,267,0,0,245,2,0,512,0.49840137362480164,105.91854095458984,113,0
1228,A,28,-0.0001694860984571278,0.04204682633280754,nan,nan,512,0,-0.0001694860984571278,0.04204682633280754,all_rows,512,0,0.002795909531414509,0.0142578125,-0.00027875974774360657,0.0008722232887521386,0.1577639959868975,a4afa659ffd0e2577f9c23ba640b19cc:0:0,6b63f9677db6ff0079012b8798b4cd9e:0:0,2691c02772d5697f0e6fab580bf0a2bc:0:0,7688ade757683d2cf0e0a89208c72688:0:4252556580,9c050f2d37f82c2327dfbf7d9ae0f8e4:1:2707042729,10,1.0,0,0,0,0,0,0,512,0,0,512,1,0,266,0,0,246,0,0,512,0.5085976123809814,104.99533081054688,129,0
1229,A,29,0.007695071864873171,0.046776704490184784,nan,nan,512,0,0.007695071864873171,0.046776704490184784,all_rows,512,0,0.007749810349196196,0.030598958333333332,0.00033413711935281754,0.0011099678231403232,0.043854512041434646,97ec2b0cd7a2458b451f8f2cbec915cc:0:0,a98259947817f852031082452d8ffd2f:0:0,757d6b53c211241d848326d11156b277:0:0,2a927fe573e9e43136412fdc7e313a88:0:2923902164,f1878cb977f442254a2f05d3d616bb50:1:3129513642,3,1.0,0,0,0,0,0,0,512,1,0,512,0,0,280,0,0,232,1,0,512,0.4916360676288605,105.13147735595703,104,0
1230,A,30,0.005945983342826366,0.04695117473602295,nan,nan,512,0,0.005945983342826366,0.04695117473602295,all_rows,512,0,0.006011343561112881,0.026692708333333332,-0.0014587302381793659,0.0011012328711027901,0.0825230770278722,66eb61db46807d498c3f2d9a3dc711cc:0:0,365d9dad5ffd5d43f0bd0d950ee232be:0:0,bb7502e7af0ad819de73ebc1b592fe47:0:0,8e1379fc829e8a344acd316d3e5b4e88:0:932755607,3cdf666dcb5e10c4ca576c08c085ce76:1:3177573648,6,1.0,0,0,0,0,0,0,512,0,0,512,0,0,294,0,0,218,0,0,512,0.48007872700691223,106.22140502929688,103,0
1231,A,31,-0.005223830230534077,0.0449957475066185,nan,nan,512,0,-0.005223830230534077,0.0449957475066185,all_rows,512,0,0.020108018070459366,0.052734375,-0.00872710533440113,0.0010169392771786079,0.032741234987042844,89b365398609c81ff9f4d87ee1050dcc:0:0,dc7dc7b0e98583b6d2f83a22ba47e34e:0:0,a73c4e4ff11410200e7e928b14c72ed5:0:0,244bc5147e9f30c46b628dd849456288:0:640128164,9787074d1d1c5f38ee4f05e2e5ad4db8:1:2143651988,2,1.0,0,0,0,0,0,0,512,2,0,512,1,0,283,0,0,229,2,0,512,0.4994257092475891,106.01691436767578,97,0
1232,A,32,0.0017657976131886244,0.040947459638118744,nan,nan,512,0,0.0017657976131886244,0.040947459638118744,all_rows,512,0,0.005386892706155777,0.021484375,-0.000537090003490448,0.0008260611866717227,0.062085893005132675,0b3845eea03ddc1fc126a956a88309cc:0:0,821f1c01f3c3f1b9706c865bb7fdf6a9:0:0,f4cd16cbf2840a47c3b1b5c9bb270c72:0:0,27f0bc0999b768dafd41e5b19eef7688:0:695031980,e39e0aacb78315bc3e487d6b07b44fd4:1:3598174128,4,1.0,0,0,0,0,0,0,512,0,0,512,1,0,295,0,0,217,0,0,512,0.4853762686252594,108.79039764404297,120,0
1233,A,33,0.005203523673117161,0.044350042939186096,nan,nan,512,0,0.005203523673117161,0.044350042939186096,all_rows,512,0,0.010281957685947418,0.017578125,-0.003962947055697441,0.0010076683392981067,0.030873732990585268,d373ce7334ea0ac29ea6f99d944105cc:0:0,993404ebf35d1ff2d0cb4e4859764d5c:0:0,a0cfb7a6adec3c20827e863acb814d2b:0:0,8604183c65c26283a20e998d3f598a88:0:2907567109,afbb693e2cbb14d954a185777f62ba38:0:2301262645,2,1.0,0,0,0,0,0,0,512,0,0,512,0,0,267,0,0,245,0,0,512,0.48257821798324585,109.58834075927734,130,0
1234,A,34,-0.005575813353061676,0.042225610464811325,nan,nan,512,0,-0.005575813353061676,0.042225610464811325,all_rows,512,0,0.013018256053328514,0.016276041666666668,0.0001844887932141622,0.0008980688968828568,0.04738240595906973,4cbfa7631397190fd53462cfa43f01cc:0:0,ff39c258ac8700b2775c0283960006c6:0:0,d87f261baefb7d607b177f785651dd57:0:0,fa2d0f9f902d77434bcec9ff2a839e88:0:3348044162,0e5eb2761fe920e95c7a85a5de11e0dd:0:2319746810,3,1.0,0,0,0,0,0,0,512,0,0,512,1,0,289,0,0,223,0,0,512,0.45780855417251587,111.23899841308594,118,0
1235,A,35,-0.0018202182836830616,0.04264922812581062,nan,nan,512,0,-0.0018202182836830616,0.04264922812581062,all_rows,512,0,0.0140535281971097,0.0078125,-0.0015581883490085602,0.0009079001029022038,0.01971853303257376,32f15ea88a74cc012979be68d87cfdcc:0:0,9cd7700adb9b23d493214eab0a39a22c:0:0,6d420351f5480cee7816f54fdceeb3c3:0:0,2ad77e47ed342f3f50eb579b606db288:0:1843302154,03ea263f74ec1be12c0a056c1d896679:0:803218259,1,1.0,0,0,0,0,0,0,512,0,0,512,0,0,285,0,0,227,0,0,512,0.45396146178245544,109.89668273925781,121,0
1236,A,36,-0.0027679584454745054,0.04193645343184471,nan,nan,512,0,-0.0027679584454745054,0.04193645343184471,all_rows,512,0,0.01755877025425434,0.041015625,-0.0023352038115262985,0.0008905117283575237,0.018306547950487584,f1f2c9848abf2927de0e25e530faf9cc:0:0,0bc6caee7e28fb6d243842deb5eabc14:0:0,4f0f5af6ee7f704972456dca837c7dfa:0:0,0ae2d3165069c124802fe2f5e117c688:0:582175864,605f14c9eb3521781e6cceb06a965d05:0:2742844798,1,1.0,0,0,0,0,0,0,512,0,0,512,1,0,274,0,0,238,0,0,512,0.4595922827720642,107.9352035522461,116,0
1237,A,37,-0.00515087740495801,0.04376298934221268,nan,nan,512,0,-0.00515087740495801,0.04376298934221268,all_rows,512,0,0.010449891909956932,0.025390625,0.006079364567995071,0.0009856674005277455,0.017806591000407934,a1982c1303196b91af74f2c0adb8f5cc:0:0,918b52cd974cd532417f2d79f4878b19:0:0,55c8dd213cf31bdcd188870ef78dd0bc:0:0,255428a570240cce34cacca2ac81da88:0:587779954,e40f242502de04a88f551834b4ef76be:1:2904426715,1,1.0,0,0,0,0,0,0,512,0,0,512,0,0,261,0,0,251,0,0,512,0.48699983954429626,105.38883209228516,110,0
1238,A,38,0.00846528634428978,0.045808322727680206,nan,nan,512,0,0.00846528634428978,0.045808322727680206,all_rows,512,0,0.01991458423435688,0.02783203125,0.0011766505194827914,0.0010529667706578039,0.06182263803202659,a9887f67105aacedd01dbe774eb6f1cc:0:0,4b3d61a153c60e95899730e940f0b05c:0:0,81ded06a0bdff477f2e2758c27a08fa0:0:0,780cb938d15c10ad6a4d3535c2abee88:0:1340078228,1d0286809965c32de27d855aadd3f0c6:1:3623812615,4,1.0,0,0,0,0,0,0,512,1,0,512,0,0,279,0,0,233,1,0,512,0.4794348180294037,103.57086944580078,102,0
1239,A,39,0.0035995841026306152,0.04129590839147568,nan,nan,512,0,0.0035995841026306152,0.04129590839147568,all_rows,512,0,0.006872992031276226,0.00390625,-0.00020096730440855026,0.0008578255656175315,0.025178812968079,ae6b19d6e54842f1e464628513f4edcc:0:0,9e20126a6fae6b27680be6799ba22eb8:0:0,127cf945862c2855e2276f4ce44e7114:0:0,cfb7b5fc7997d9efd0aafd4323960288:0:2836917056,93bd231135a58b73daedd98305f1211d:0:587549350,1,1.0,0,0,0,0,0,0,512,0,0,512,0,0,255,0,0,257,0,0,512,0.4861999452114105,105.59308624267578,131,0
1240,A,40,0.00166047434322536,0.039445534348487854,nan,nan,512,0,0.00166047434322536,0.039445534348487854,all_rows,512,0,0.008801763877272606,0.03662109375,0.0023366501554846764,0.0007696138709434308,0.0843650420429185,dd78e38b89b9d0fefe90f865fd72e9cc:0:0,ade6a51e867b3bf629ca76c0b4a2687c:0:0,8bf724f0aca662513843826e207c8a25:0:0,dbb87777e471ef66e03ac55ecf401688:0:180921516,f7a058c26350a843f6102ea65e212ee8:0:226734881,4,1.0,0,0,0,0,0,0,512,0,0,512,0,0,273,0,0,239,0,0,512,0.4787549376487732,107.15839385986328,128,0
1241,A,41,-0.014056408777832985,0.049571339040994644,nan,nan,512,0,-0.014056408777832985,0.049571339040994644,all_rows,512,0,0.01210519764572382,0.032552083333333336,0.0006104788432518641,0.001196571800392121,0.06379088299581781,414623e4d1a30e069ad7d9960b30e5cc:0:0,36d9fcba8e6d6d57dd9845db8c0fdb28:0:0,257abc55879d7d619bde9bf4fd21650e:0:0,179bfea97a52372eedb5ee1cc5aa2a88:0:936472709,5f9ca45d7dd5874bf62d9c1a1333c8bc:0:3433033555,3,1.0,0,0,0,0,0,0,512,0,0,512,0,0,272,0,0,240,0,0,512,0.48412811756134033,105.58890533447266,110,0
1242,A,42,-0.0016755128744989634,0.04817565158009529,nan,nan,512,0,-0.0016755128744989634,0.04817565158009529,all_rows,512,0,0.005810769274830818,0.0,-0.0011711660772562027,0.0011861761449836195,0.025839658977929503,c65cd2be2c7f3eaf9b599f913d2ee1cc:0:0,dd05a5db9f398126f24172db259522af:0:0,5e5e558a9f5391f70a438d94f5378d13:0:0,db2ed3d285ec57163e38981106d43e88:0:1496256012,e73c1d2c8b350dea6bfe20e09b28a11e:1:1629414920,1,1.0,0,0,0,0,0,0,512,0,0,512,0,0,263,0,0,249,0,0,512,0.47539710998535156,107.3968276977539,125,0
1243,A,43,-0.01047421246767044,0.04195212200284004,nan,nan,512,0,-0.01047421246767044,0.04195212200284004,all_rows,512,0,0.0063459621742367744,0.0078125,0.006431467831134796,0.0009315489733126014,0.025693411997053772,3c4e331d2d9a63bb442323d3936cddcc:0:0,7746a20f88585fa941c93c9876f14f85:0:0,3bce4b90593e05c99faa340399bfc604:0:0,0d9a798e66178fc41b41a3cf92be5288:0:2195422024,647702d4d30c7a38bc5ec781e7dc8af1:1:1752720620,1,1.0,0,0,0,0,0,0,512,1,0,512,0,0,279,0,0,233,1,0,512,0.46757298707962036,108.71089935302734,129,0
1244,A,44,0.0046777743846178055,0.04446190223097801,nan,nan,512,0,0.0046777743846178055,0.04446190223097801,all_rows,512,0,0.014357037842273712,0.0185546875,-0.0006745089776813984,0.0009969980455935001,0.08196446904912591,347d534eedb41caa372d7fd90dead9cc:0:0,8e07bd23b161a0b98e0bcdea11dc171d:0:0,849f81b105d090baf6d5213cb8fdb28f:0:0,c593e8627994129fe6b2b1ec69686688:0:2898724990,5745310d31d4cc20f63b01c42844919b:1:2196626699,4,1.0,0,0,0,0,0,0,512,1,0,512,0,0,272,0,0,240,1,0,512,0.4619828462600708,110.10601806640625,129,0
1245,A,45,0.0006784823490306735,0.041933681815862656,nan,nan,512,0,0.0006784823490306735,0.041933681815862656,all_rows,512,0,0.008110870607197285,0.02197265625,0.0003022151649929583,0.0009168939577648416,0.08231695496942848,674ae0f5a6783ea1705e0d1daca8d5cc:0:0,43f55b205bfaa5da5228262c9e89775e:0:0,c7afec1630033e531a8fd144f9ee557e:0:0,3b6ed8870251d2782ed022fb8ad27a88:0:2747291387,c6c27f55e788dd564a43f4e0bb2ea97c:0:3319443027,4,1.0,0,0,0,0,0,0,512,2,0,512,1,0,283,0,0,229,2,0,512,0.4829266667366028,108.00895690917969,125,0
1246,A,46,0.00162429828196764,0.044108569622039795,nan,nan,512,0,0.00162429828196764,0.044108569622039795,all_rows,512,0,0.011987045407295227,0.041015625,0.002481551840901375,0.0009986227378249168,0.02593128598527983,86bd8e0428491f8f4186651d6fa6d1cc:0:0,1e60060d14705942ddb3742461bfb975:0:0,8e9409d89642cd4f9b97a0358ac52bea:0:0,8498053bfdcccee9c2411790f6fc8e88:0:2241339440,4216c01d06db733cfccc838c0b7ecec5:1:3187261146,1,1.0,0,0,0,0,0,0,512,0,0,512,1,0,287,0,0,225,0,0,512,0.46549707651138306,109.53295135498047,108,0
1247,A,47,0.008112974464893341,0.0421614944934845,nan,nan,512,0,0.008112974464893341,0.0421614944934845,all_rows,512,0,0.007281417492777109,0.0234375,0.006496550515294075,0.0009080244053620845,0.025745619961526245,5f810e210ad795904e64615456e4cdcc:0:0,d473e12d3a8d5c3ef7a8b94d696f7eaa:0:0,cf57e37841d370232f51361db9533ff0:0:0,454b0e8fb012da86c40f7040ade6a288:0:1007108258,67b52e565306cd4addd48187df49663c:1:668318557,1,1.0,0,0,0,0,0,0,512,1,0,512,0,0,272,0,0,240,1,0,512,0.4518808424472809,111.46526336669922,131,0
1248,A,48,-0.0031920524779707193,0.04243959113955498,nan,nan,512,0,-0.0031920524779707193,0.04243959113955498,all_rows,512,0,0.0115631353110075,0.044921875,0.0009399130940437317,0.0009106420911848545,0.04414983402239159,22607a67b904aa9488a21b3e6262c9cc:0:0,fb43e07cf61696c02e7b3c9b27ee66a0:0:0,0523588bbbe0c35ce472bf338540bdc6:0:0,880f2c0f5f06dbbdbfa7cd9eaf90b688:0:2082839373,f7418ac503a273deb57bdada49dece6b:0:299008250,2,1.0,0,0,0,0,0,0,512,1,0,512,1,0,275,0,0,237,1,0,512,0.44366079568862915,113.01118469238281,133,0
1249,A,49,0.006482983473688364,0.046644244343042374,nan,nan,512,0,0.006482983473688364,0.046644244343042374,all_rows,512,0,0.005988001823425293,0.018359375,0.00013908892869949341,0.0010924014321062713,0.10150895704282448,ed77abf9b88904442bd5ec579220c5cc:0:0,c6b0edc9e1d294e810fe96adc5b6cce4:0:0,33dc4aaf21487b79497d790a16ab1c9b:0:0,e560846d7b758880bcd9903efbfaca88:0:3700042176,0a52af12defe3b672cfbc6b5929fc804:0:3383384681,5,1.0,0,0,0,0,0,0,512,0,0,512,1,0,289,0,0,223,0,0,512,0.434015154838562,115.19506072998047,137,0
1250,A,50,0.0009537742589600384,0.04380691051483154,nan,nan,512,0,0.0009537742589600384,0.04380691051483154,all_rows,512,0,0.005793887656182051,0.02587890625,-0.002892913529649377,0.0009480822554905899,0.08472056401660666,7179dc4ecdde0024b9826e1be61ec1cc:0:0,c57d4370d24078c71756a2d0f9940fc6:0:0,0e0cc2ad7b7727b1e4b691865a50705c:0:0,c3aab3bb358f9cac53d6d8b59324de88:0:1796122283,2d76a001be09a4048c8b5ea6f5d8888d:1:2436120511,4,1.0,0,0,0,0,0,0,512,2,0,512,0,0,263,0,0,249,2,0,512,0.4528166651725769,114.83151245117188,135,0
1251,A,51,0.006974680349230766,0.040147241204977036,nan,nan,512,0,0.006974680349230766,0.040147241204977036,all_rows,512,0,0.00841693114489317,0.030598958333333332,-0.0016537650177876155,0.0008186975416416923,0.06498935999115929,20da94aedce483fdf5167a075e5cbdcc:0:0,f16d401f3332799c9d6a854a8e1d2e1a:0:0,c32d4c442d2bc2ffbaf7e83b422b79e0:0:0,631bd3663a5d8b2ec1348796750ef288:0:1400481442,7eb32223973bde18a6d72d8cf5262eec:1:3292258793,3,1.0,0,0,0,0,0,0,512,0,0,512,2,0,293,0,0,219,0,0,512,0.43549078702926636,115.34869384765625,123,0
1252,A,52,0.0009264786494895816,0.045965757220983505,nan,nan,512,0,0.0009264786494895816,0.045965757220983505,all_rows,512,0,0.012758748605847359,0.0478515625,0.00011772103607654572,0.0010651549964677542,0.044662194966804236,f8a0acbca6c5827edfed2995fadab9cc:0:0,4b67e5dd683c1b441c77eec52305a6ed:0:0,f31779c32f4f1c65251cb24e65ae6ab9:0:0,4c9e34be17c0a9eef9ea3d75a1b90688:0:904713902,3db70b45680d8941f1cc91342fdd8ec4:1:252418295,2,1.0,0,0,0,0,0,0,512,1,0,512,2,0,288,0,0,224,1,0,512,0.4251388609409332,115.36064147949219,127,0
1253,A,53,0.004198174923658371,0.04223859682679176,nan,nan,512,0,0.004198174923658371,0.04223859682679176,all_rows,512,0,0.0053233616054058075,0.0,-0.0008875206112861633,0.0009075926500372589,0.025747692037839442,e971ca74c5883422b54dd643bb98b5cc:0:0,c083d99c801ab690f1ab04c63257d95c:0:0,cefaa3eab661e62adaf65a305c0a6c2e:0:0,4231f0578495d873bf525ae719231a88:0:3271294307,de300a5f5cea0af4b173e1d2457037aa:0:2279021107,1,1.0,0,0,0,0,0,0,512,1,0,512,0,0,280,0,0,232,1,0,512,0.4270138740539551,114.01078796386719,114,0
1254,A,54,-0.010187152773141861,0.03878370299935341,nan,nan,512,0,-0.010187152773141861,0.03878370299935341,all_rows,512,0,0.017225366085767746,0.0478515625,0.0007253848016262054,0.0007697700493736193,0.044502698990982026,7737848085da0455e66c198ca096b1cc:0:0,166aad1dd2e5e4486a2e895e060e15d3:0:0,40e31892c88dc74f5a249dfcef7105b8:0:0,a3ae72368a8da14ab32a007edb4d2e88:0:1213317263,fccc38c4a2190a39caf7de7b0ca4ca7b:0:1819790719,2,1.0,0,0,0,0,0,0,512,1,0,512,1,0,273,0,0,239,1,0,512,0.42432701587677,112.64111328125,128,0
1255,A,55,0.013235848397016525,0.045047156512737274,nan,nan,512,0,0.013235848397016525,0.045047156512737274,all_rows,512,0,0.012161441147327423,0.0078125,-0.004032499622553587,0.0010821743635460734,0.02583888004301116,92ddf2387f8432db1667cceca9d4adcc:0:0,efc71ff5be03f4a5e398dc72cfd9699b:0:0,4da7f70149d9492c97f795a6da5bba5f:0:0,0867443b4f4dd62f6b910ed0e8374288:0:3640496826,419b642309a106e62f33186063c19a01:0:2632412840,1,1.0,0,0,0,0,0,0,512,1,0,512,4,0,271,0,0,241,1,0,512,0.4239174723625183,110.32997131347656,136,0
1256,A,56,-0.004942737054079771,0.04558906704187393,nan,nan,512,0,-0.004942737054079771,0.04558906704187393,all_rows,512,0,0.01158679649233818,0.0234375,0.0012176744639873505,0.0010604361887089908,0.025916904967743903,40561b2f0d0b2970164d09dfd752a9cc:0:0,b9c96f192c200585fc9d00167803389d:0:0,0f4e6dfddac4c6ffef6f0db74535ff31:0:0,3f0685dffa70a6f2870a26713fe15688:0:3774181401,3ba5df6f132fd1b31a8118a242135d42:1:868517011,1,1.0,0,0,0,0,0,0,512,0,0,512,0,0,266,0,0,246,0,0,512,0.43093207478523254,108.48394775390625,130,0
1257,A,57,-0.006964344065636396,0.04827401414513588,nan,nan,512,0,-0.006964344065636396,0.04827401414513588,all_rows,512,0,0.0057016415521502495,0.011067708333333334,0.0011965266118446987,0.0011776016908697784,0.06380415702005848,8f7d5a9702f385b2e11429e22910a5cc:0:0,62888ba4a0823278aea5a73b909c0e76:0:0,d627a0338b0a43b67d39af1af79d1781:0:0,a3eac1e8f5f53320c07aa7f3e24b6a88:0:454540889,6792925b45481e1cad82e5df7e85501f:1:3869704677,3,1.0,0,0,0,0,0,0,512,2,0,512,0,0,267,0,0,245,2,0,512,0.43991348147392273,106.31988525390625,108,0
1258,A,58,-0.003338109003379941,0.042722612619400024,nan,nan,512,0,-0.003338109003379941,0.042722612619400024,all_rows,512,0,0.006306991912424564,0.0302734375,-0.0011942374985665083,0.0009214571764459834,0.044284305011387914,0d0d69574728d74697a1c66f9f0ea1cc:0:0,3a703b28230cfa091498d8da1447a113:0:0,30ea69ac1dafdd549b255f1d6f0ed847:0:0,7635283b86b5966a032ab3eccf757e88:0:1309099795,ce2c740c1c54d9e43c826600715dace7:1:3259076001,2,1.0,0,0,0,0,0,0,512,1,0,512,0,0,288,0,0,224,1,0,512,0.42854028940200806,107.45156860351562,116,0
1259,A,59,0.002096740063279867,0.045140668749809265,nan,nan,512,0,0.002096740063279867,0.045140668749809265,all_rows,512,0,0.0060832141898572445,0.020089285714285716,-0.00034818345946925025,0.0010183551515053426,0.1473483790177852,5d875c18290212387cc6b904394c9dcc:0:0,7165d447bba3eeab622c4d9c1562f1bc:0:0,59e765b1595d3b0e51073bb549d053b3:0:0,2f389ba17a766fc87ec52af0075f9288:0:2819243958,7a23e304acf4b84d99594a6af6952ec4:0:1770412583,7,1.0,0,0,0,0,0,0,512,1,0,512,1,0,275,0,0,237,1,0,512,0.42277535796165466,108.61058044433594,114,0
1260,A,60,0.0024953647516667843,0.0432007759809494,nan,nan,512,0,0.0024953647516667843,0.0432007759809494,all_rows,512,0,0.008911922574043274,0.0224609375,-0.0034163794480264187,0.0009307028958573937,0.046360602020286024,736679139a5fb5a4f1401b1bf7ca99cc:0:0,7e102dd2f74cf192e6cd0e0fa07e85dd:0:0,9e14db0c2bf448b992336eaa1ea7b012:0:0,89e180d36923e367bb57ad918a09a688:0:3100283259,70e949e8a52c15d14403aa36a3cfc767:1:1849502563,2,1.0,0,0,0,0,0,0,512,0,0,512,0,0,283,0,0,229,0,0,512,0.4240241050720215,109.97691345214844,115,0
1261,A,61,0.010391060262918472,0.05249454081058502,nan,nan,512,0,0.010391060262918472,0.05249454081058502,all_rows,512,0,0.005849076434969902,0.017578125,0.0003837514668703079,0.0013366354396566749,0.02571628103032708,080e5bedaa5fa69c6fb74632da8895cc:0:0,ecc0e9889a749ea0f02e1d6c44aa1e86:0:0,ae45e79e0cbb501c45f98377e73edd4b:0:0,8ab9cdb5c6d0174bad529c655773ba88:0:610855792,9c176a4ce1cbc0930e4668cc30346934:0:27524947,1,1.0,0,0,0,0,0,0,512,3,0,512,2,0,281,0,0,231,3,0,512,0.41863617300987244,111.67257690429688,124,0
1262,A,62,-0.0024057156406342983,0.05040108785033226,nan,nan,512,0,-0.0024057156406342983,0.05040108785033226,all_rows,512,0,0.007450382690876722,0.01025390625,-0.001030345680192113,0.0010948638955596834,0.08210824796697125,f01a6c56e222bf4888c1d3c4e18691cc:0:0,0ebec698ee0bdbcc0313f296a24bb401:0:0,397ce4b3bab550f5edc599b38ed9d9ce:0:0,201c7d47c4072ab7c98917ff6f9dce88:0:1072272746,a1c2c527c3c0450a8e66ffbbe0254906:0:2619598092,4,1.0,0,0,0,0,0,0,512,1,0,512,0,0,274,0,0,238,1,0,512,0.41079047322273254,112.92251586914062,122,0
1263,A,63,-0.0033670675475150347,0.0475715734064579,nan,nan,512,0,-0.0033670675475150347,0.0475715734064579,all_rows,512,0,0.015660729259252548,0.0380859375,0.0019369367510080338,0.0011221012682653964,0.04475140001159161,d43336b664201250dee19d4e0cc48dcc:0:0,a4cd9bb1fbc01c2283a3b84ae74b9c07:0:0,68af6fe6eb09dd261e964cb1695edfb0:0:0,87bf4655ba0ca856193100f3d287e288:0:876979567,5c0b21029804e76d9a9fc49871e2b9f7:1:3434952077,2,1.0,0,0,0,0,0,0,512,2,0,512,0,0,292,0,0,220,2,0,512,0.40803661942481995,111.53961181640625,112,0
1264,A,64,0.0037392699159681797,0.046256519854068756,nan,nan,512,0,0.0037392699159681797,0.046256519854068756,all_rows,512,0,0.010045571252703667,0.04296875,-0.0013246305752545595,0.0010152912436751649,0.04427106096409261,0b98bc95ee81e2802284bc4a5c4289cc:0:0,2aacb958b03ab1d653ddb91950edf2ca:0:0,bdcd7d3abdf6188eaa7100f8b88b7cc0:0:0,35b14093a096731e4de2f7d68031f688:0:749978269,7e92d09630a49d18cd1f954cb597e003:0:174520887,2,1.0,0,0,0,0,0,0,512,1,0,512,0,0,280,0,0,232,1,0,512,0.413580060005188,109.3440933227539,125,0
1265,A,65,-0.0004963305545970798,0.04678940400481224,nan,nan,512,0,-0.0004963305545970798,0.04678940400481224,all_rows,512,0,0.00603355560451746,0.0166015625,-0.0014173996169120073,0.0011316053933114745,0.08289546798914671,1167550621084ea90e058a35d00085cc:0:0,16f0aceae7a5b47ea1614d27c49dc296:0:0,46d613fd6525b8805095f6bef9700dd0:0:0,2c090556ca992dfcd59a5d3b789c0a88:0:4003410539,1821afa04690a7ecdd57a31abfc3bc50:0:4078295090,4,1.0,0,0,0,0,0,0,512,0,0,512,0,0,263,0,0,249,0,0,512,0.42762959003448486,107.42431640625,115,0
1266,A,66,0.00021530367666855454,0.04178650304675102,nan,nan,512,0,0.00021530367666855454,0.04178650304675102,all_rows,512,0,0.011963389813899994,0.03515625,-0.005102220457047224,0.0008498239476466551,0.044186151993926615,957f33ada6edb1cb61aaa08c67fe81cc:0:0,b0f277566d5e1dc634d7dfc6a7ffcc2c:0:0,e7636e22305db3e6095785d8d5fbae2b:0:0,347cceb8e7ba1e39eeb551b6bbc61e88:0:93247052,abc0624ef9b7aa4780ab557a45b9c4eb:1:3442410395,2,1.0,0,0,0,0,0,0,512,2,0,512,1,0,283,0,0,229,2,0,512,0.4392971396446228,107.00886535644531,102,0
1267,A,67,-0.0014214846305549145,0.04211946204304695,nan,nan,512,0,-0.0014214846305549145,0.04211946204304695,all_rows,512,0,0.005764927249401808,0.0244140625,-0.0007523577660322189,0.000887961286935024,0.044365496025420725,c22527b22548b778dfa6d8ca243c7dcc:0:0,67f6f93ccac4a7ba602dbfd02fd42614:0:0,c37d05f887118572f30b1fe58e4648a5:0:0,e8c3218107fa88a0bbf4b5dc49b03288:0:3454342995,2e2dc52336f44b29ae3758835f618a87:0:902824787,2,1.0,0,0,0,0,0,0,512,0,0,512,2,0,256,0,0,256,0,0,512,0.4403625726699829,108.08316040039062,122,0
1268,A,68,0.003098234534263611,0.040915992110967636,nan,nan,512,0,0.003098234534263611,0.040915992110967636,all_rows,512,0,0.00753333605825901,0.03125,-0.001633697422221303,0.000836254381283652,0.08167662000050768,3c2d9a260e68247a48194c6b04ba79cc:0:0,1aaf15f4a6e2c76518f131f503a24c4c:0:0,b7bb4b216c9c2b72038e37f5d7d2d98c:0:0,96a2abc21f308966587c2a40225a4688:0:300635775,efd2ba108d3e495bf8ff5b4863c1eff6:1:3854314269,4,1.0,0,0,0,0,0,0,512,1,0,512,1,0,270,0,0,242,1,0,512,0.4483683705329895,109.25834655761719,108,0
1269,A,69,0.002681235782802105,0.04551113769412041,nan,nan,512,0,0.002681235782802105,0.04551113769412041,all_rows,512,0,0.006896832957863808,0.0185546875,0.0017072195187211037,0.0010350165248382837,0.04463771398877725,e9094622baa453b4550d54eb097875cc:0:0,af676f2703fd781faac6cdd99dd12600:0:0,d179bc2596b8b239d9b52a4566d8219c:0:0,7bc433b145e166d0ebd20f7645c45a88:0:9761122,e0053149b9e6674bdccf3c7c315e94b1:1:3389863304,2,1.0,0,0,0,0,0,0,512,0,0,512,2,0,275,0,0,237,0,0,512,0.4495788812637329,109.7951889038086,124,0
1270,A,70,-0.0010147830471396446,0.04107433557510376,nan,nan,512,0,-0.0010147830471396446,0.04107433557510376,all_rows,512,0,0.005660625174641609,0.0234375,0.0008980347774922848,0.0008468842279398814,0.044006217969581485,e89d93326722674cb67a8bc6327671cc:0:0,cc056f455efac3696267694d4a7ea91f:0:0,cdb3748d61c26c91a191f9fe49155083:0:0,3e69b7c8b5115e9ebddf8612b3ee6e88:0:1613563756,3dd3c6582fdbb0ca45613b0075a8606a:1:2705387877,2,1.0,0,0,0,0,0,0,512,1,0,512,0,0,281,0,0,231,1,0,512,0.4508790075778961,108.29962921142578,123,0
1271,A,71,-0.003991037141531706,0.04985438659787178,nan,nan,512,0,-0.003991037141531706,0.04985438659787178,all_rows,512,0,0.018399355933070183,0.0537109375,0.0005594088579528034,0.0012430160422809422,0.0440279750037007,b4b0e529fb052e0f0e44ca787fb46dcc:0:0,98ed6d72742dbd0d69a5d2b6db728a67:0:0,6e6528295824fd3a2a599d488a773d89:0:0,95e23adf3a9cee2d4af06ea96cd88288:0:2998018917,ed4459421c2480e50ad08e31f9394359:1:4070239868,2,1.0,0,0,0,0,0,0,512,1,0,512,1,0,301,0,0,211,1,0,512,0.46800076961517334,106.86575317382812,115,0
1272,A,72,0.00614367239177227,0.043979763984680176,nan,nan,512,0,0.00614367239177227,0.043979763984680176,all_rows,512,0,0.006002001464366913,0.009765625,0.0031039833556860685,0.000977549483650364,0.04382043197983876,411d9b0eb387bd11ec3c2a7df13269cc:0:0,f24f16176d5f2ba9707c57e0dfa78a5b:0:0,45a18992cb30a0a5ca90fac78ec2baea:0:0,72aa246ea3af956057b369ce70829688:0:852508290,b32dfa9dd0a65dd3a868ff339551583b:1:1524916080,2,1.0,0,0,0,0,0,0,512,1,0,512,0,0,277,0,0,235,1,0,512,0.44350048899650574,108.80150604248047,114,0
1273,A,73,-0.003511526621878147,0.04342452809214592,nan,nan,512,0,-0.003511526621878147,0.04342452809214592,all_rows,512,0,0.017770903185009956,0.0205078125,-0.005192052572965622,0.0009447768970858306,0.044391768984496593,8b34d920177dbd9bca1d055286f065cc:0:0,4a2b6005eca14b175bd3e42a3d21543d:0:0,836e48f1a4c5794f75b609d86ca6607c:0:0,4d649ed65aec14490539d815beecaa88:0:400042251,c3122e8afac64fbd1517bc3fa9432e32:0:2461356933,2,1.0,0,0,0,0,0,0,512,1,0,512,2,0,267,0,0,245,1,0,512,0.43822112679481506,109.99363708496094,116,0
1274,A,74,-0.004742051474750042,0.04321489483118057,nan,nan,512,0,-0.004742051474750042,0.04321489483118057,all_rows,512,0,0.006674166303128004,0.0078125,0.0012276293709874153,0.0009405008458998054,0.025359178020153195,87fc989ad2b56f48078ff47240ee61cc:0:0,0c34491ad5e3c93df4dc0cab4bdd9abc:0:0,7b8d291437b99179223226959fa39db0:0:0,3ffaf2fa37da238ce4f7da135816be88:0:973714970,e5f9eff235de536c64ea1b65fe6b6e79:0:2314882021,1,1.0,0,0,0,0,0,0,512,1,0,512,0,0,269,0,0,243,1,0,512,0.4707331657409668,107.63286590576172,104,0
1275,A,75,0.005021018907427788,0.04647523909807205,nan,nan,512,0,0.005021018907427788,0.04647523909807205,all_rows,512,0,0.007566343992948532,0.0185546875,-0.002032788936048746,0.0010926849984874327,0.11984321702038869,1482d24559b75e6be629d1591f2c5dcc:0:0,c072b55a99563f75c703c31d3dbbf6c6:0:0,c0bafa29417a5676874d8d145b57ba39:0:0,d7f38a303d2da78d0cc4505b3c00d288:0:3201521673,e632de4746566beda69a9bc3e0b616d6:0:1411564115,6,1.0,0,0,0,0,0,0,512,1,0,512,0,0,296,0,0,216,1,0,512,0.45319849252700806,106.1509780883789,117,0
1276,A,76,-0.0022780592553317547,0.046511247754096985,nan,nan,512,0,-0.0022780592553317547,0.046511247754096985,all_rows,512,0,0.0059301904402673244,0.022786458333333332,-0.00016388646326959133,0.0010942306641178827,0.05836053198436275,b599ef53765fcebb856bb58321aa59cc:0:0,f2921a2e6b6074a67a80bd35246cda95:0:0,dda351ec3414cd09f86a57c203a0de34:0:0,d73afd02c37b5e4d2ad8db816aaae688:0:288628046,cf4808da13a99a7b681caeb672245314:1:2496498737,3,1.0,0,0,0,0,0,0,512,0,0,512,1,0,290,0,0,222,0,0,512,0.4689222276210785,107.19878387451172,95,0
1277,A,77,0.004454555455595255,0.042977284640073776,nan,nan,512,0,0.004454555455595255,0.042977284640073776,all_rows,512,0,0.006560176610946655,0.01484375,-0.000636707991361618,0.0009276235679863021,0.1651796789956279,d938feaa1dcdda2edec2fa6c486855cc:0:0,b2fed901a5c328d1f76dd6a4267f1967:0:0,dbb401b914ab8239ac2664de593c6738:0:0,03e666df4def081a99d1dc19e414fa88:0:2587343558,24b4d8d11117d1306b52d9a9233cf58b:0:1571287808,10,1.0,0,0,0,0,0,0,512,0,0,512,0,0,280,0,0,232,0,0,512,0.47131282091140747,108.68040466308594,115,0
1278,A,78,0.0024693976156413555,0.04515442997217178,nan,nan,512,0,0.0024693976156413555,0.04515442997217178,all_rows,512,0,0.00827892404049635,0.015625,-0.00024518432716528576,0.0010248298397830997,0.1189815429970622,2fac7b0930244426c1893990936651cc:0:0,0bbd823d7ed123e65fc1339a8e8dd138:0:0,a11b458687f7be4086b810c27ddb3bf3:0:0,62a71c5d06970af374ae72b8a83f0e88:0:2818865942,bb22a5662db093c8d46b1a9e12c3ebf8:1:4292935117,6,1.0,0,0,0,0,0,0,512,0,0,512,0,0,287,0,0,225,0,0,512,0.4608868360519409,109.29466247558594,114,0
1279,A,79,-0.0050817630253732204,0.044126447290182114,nan,nan,512,0,-0.0050817630253732204,0.044126447290182114,all_rows,512,0,0.005134456790983677,0.00390625,-0.0005642298298577467,0.0009669970410565535,0.06277255498571321,da02b91d029800d1cf044c6c02a44dcc:0:0,09c4c4672df7d22058080e19ca24f0a6:0:0,c9e3c25b0e2f830b1841f1513eeabe60:0:0,6d7cdb589fd990adaad07ff1b7292288:0:504775864,2aa33f3b770dfdfc0c8bc80f99b47e35:0:4064905789,3,1.0,0,0,0,0,0,0,512,0,0,512,0,0,300,0,0,212,0,0,512,0.47305214405059814,108.13807678222656,109,0
1280,A,80,-0.00037627347046509385,0.04549597203731537,nan,nan,512,0,-0.00037627347046509385,0.04549597203731537,all_rows,512,0,0.006234648171812296,0.01953125,-0.00047355983406305313,0.001043036303599365,0.045973631960805506,d9e95af5d44870d176664c7a962249cc:0:0,1c4fa3e52adb7fc55da573150cae2fb0:0:0,ec35d33d7527089ca15685da295b2939:0:0,b36c99b618a71fde13fca45910d33688:0:3740305218,91461cd1e0fbd08c3bea824798a13d80:1:1736814288,2,1.0,0,0,0,0,0,0,512,0,0,512,0,0,289,0,0,223,0,0,512,0.46050938963890076,109.3647232055664,103,0
1281,A,81,-0.0006322154076769948,0.04921981692314148,nan,nan,512,0,-0.0006322154076769948,0.04921981692314148,all_rows,512,0,0.00933925062417984,0.0283203125,-0.001426642294973135,0.0011978626134805381,0.04461369302589446,a9c768df8e5d511ef0cd93384de045cc:0:0,030bcf6693845de54720556260df2697:0:0,70dcd84f3e4c75ff245276cc8e882272:0:0,795f392ba0feaf7f845a4082b53d4a88:0:1460639711,55f8e1b985c5bfe9a7c5335eb0d9b33c:0:3764826001,2,1.0,0,0,0,0,0,0,512,0,0,512,0,0,266,0,0,246,0,0,512,0.4713863134384155,110.23637390136719,132,0
1282,A,82,0.0012655926402658224,0.04775940999388695,nan,nan,512,0,0.0012655926402658224,0.04775940999388695,all_rows,512,0,0.006045874673873186,0.0146484375,-0.00048820674419403076,0.0011303585197310895,0.043576605967245996,6e81ee106fe65f303d44ba2129de41cc:0:0,78740f41201222f7a8297f659a6d19b1:0:0,a4daf9b1be3e72a1f5e3656a97f7db2b:0:0,1a8c9c0b9c573559e0737502a4675e88:0:1206648740,fbc6103de2c98f7976aa209f0e64bed1:1:900776587,2,1.0,0,0,0,0,0,0,512,0,0,512,1,0,268,0,0,244,0,0,512,0.4584861397743225,108.54385375976562,121,0
1283,A,83,0.0012483536265790462,0.04243474453687668,nan,nan,512,0,0.0012483536265790462,0.04243474453687668,all_rows,512,0,0.016546670347452164,0.02265625,0.0024336579721421004,0.0008797208894975484,0.07112975098425522,1347322185f8b15d1cc29ab12a1c3dcc:0:0,54e7c57c4c700fe995c270743024fabf:0:0,56ff7e5da7ff692e65a9de71c2ee0b57:0:0,b2bce0967f82af293135226cde517288:0:799677757,88fa1de2329646f9ea1a3f85046d91ea:1:3451844036,5,1.0,0,0,0,0,0,0,512,1,0,512,2,0,271,0,0,241,1,0,512,0.43682941794395447,109.8437728881836,107,0
1284,A,84,0.004300902597606182,0.04345991834998131,nan,nan,512,0,0.004300902597606182,0.04345991834998131,all_rows,512,0,0.005190123338252306,0.015625,-0.0037986822426319122,0.0009388595863129012,0.05680714000482112,1736dec01085c3840e2a4e644e9a39cc:0:0,354be53fc4ce04cef2bfad736d29df24:0:0,51ebc7a92302bbca1ebacf482c1683b0:0:0,b8f2e5f0079ea684b7eee95562fb8688:0:848663956,1c81551353487df6def0d3e142f7cd4a:1:2038752013,4,1.0,0,0,0,0,0,0,512,2,0,512,1,0,277,0,0,235,2,0,512,0.4550677239894867,107.63668823242188,117,0
1285,A,85,0.0020939474925398827,0.046584825962781906,nan,nan,512,0,0.0020939474925398827,0.046584825962781906,all_rows,512,0,0.006548565812408924,0.0,-0.0026602186262607574,0.0010937912156805396,0.017683797981590033,29039383346837ef4a4b2eb6975835cc:0:0,6a85531c73807fbba50ded64b63b77e7:0:0,0bc970de8ded519174969135bf1c00b5:0:0,4880af6607a62f8602532a5032659a88:0:3980628660,38e3578a4da94472417224c73fd54255:0:413001285,1,1.0,0,0,0,0,0,0,512,0,0,512,1,0,292,0,0,220,0,0,512,0.44182178378105164,108.53276824951172,92,0
1286,A,86,0.004776997026056051,0.042700354009866714,nan,nan,512,0,0.004776997026056051,0.042700354009866714,all_rows,512,0,0.012274819426238537,0.005859375,-0.0005542542785406113,0.0009169327192163715,0.04365748801501468,21fc984d9b224c79bfe0d524045631cc:0:0,878d25208f1aaa0cc448f9903fcdef2e:0:0,978985a15d6334019644c7fbd511ddde:0:0,93d7c049ca39622ffe7705f14c8fae88:0:2288741578,841cd192c45bbaf0aef8e93051ca6630:0:1254682208,3,1.0,0,0,0,0,0,0,512,0,0,512,2,0,280,0,0,232,0,0,512,0.4355809688568115,109.86835479736328,111,0
1287,A,87,-0.0015694909961894155,0.044952698051929474,nan,nan,512,0,-0.0015694909961894155,0.044952698051929474,all_rows,512,0,0.007418387569487095,0.004557291666666667,0.004139259147147338,0.001001154276309535,0.04414942301809788,cc8c891ee0ca03f40f931b2895942dcc:0:0,90168317dfa32974ea2d2be640ed39ea:0:0,c0b3ab46ee8d47df37cbd65e57b5520f:0:0,0a5d242fc52e4e960ed25cccb179c288:0:2166611512,59588545029853eb8acd19dbd9c70388:0:2101448526,3,1.0,0,0,0,0,0,0,512,1,0,512,1,0,292,0,0,220,1,0,512,0.43501371145248413,107.92191314697266,86,0
1288,A,88,-0.0013773341197520494,0.05140706151723862,nan,nan,512,0,-0.0013773341197520494,0.05140706151723862,all_rows,512,0,0.011366123333573341,0.021484375,0.0019582081586122513,0.001324325567111373,0.017831255972851068,6663fcb4f09f03c987f61a404b1229cc:0:0,8f20efd63e197c2ef7053e1bbef0f537:0:0,97349b47c6a58f3ddb7598d13e1d88aa:0:0,c3e284fc1c7f6bc31e3fcf766123d688:0:1267367260,ee82f58aa4c3d8438fde4c1d769fb8d0:0:731329274,1,1.0,0,0,0,0,0,0,512,0,0,512,2,0,296,0,0,216,0,0,512,0.4324440360069275,108.90855407714844,89,0
1289,A,89,0.0019991688895970583,0.04232480004429817,nan,nan,512,0,0.0019991688895970583,0.04232480004429817,all_rows,512,0,0.009108769707381725,0.009765625,-0.0017178412526845932,0.0008969313930720091,0.017715979018248618,407d49d9b0c625e5218a2be724d025cc:0:0,7bbae443d5db127b3e35eae3cbbe2224:0:0,5a8f2820cb4312e18b640b0bedadf6b0:0:0,73e371b5322b8160b3fcbe825b8dea88:0:2590424716,296efbf5a1e68686a52d29a057cbaf7f:0:2120421620,1,1.0,0,0,0,0,0,0,512,0,0,512,0,0,288,0,0,224,0,0,512,0.41917726397514343,110.81736755371094,104,0
1290,A,90,-0.00242628064006567,0.04661501199007034,nan,nan,512,0,-0.00242628064006567,0.04661501199007034,all_rows,512,0,0.010905973613262177,0.0078125,-0.0012636631727218628,0.0010954319150187075,0.017464099975768477,8328adb59da6bed67abbe99922ce21cc:0:0,0c1460c1b1693c51ba43291b7b1f6e34:0:0,00883b061ba4819ab189b70022706df7:0:0,2707cea8409b0c1e07a94a84a0b7fe88:0:1259362114,fc6470f65c93388df38ab556ebb31013:1:534612801,1,1.0,0,0,0,0,0,0,512,1,0,512,0,0,288,0,0,224,1,0,512,0.4157031774520874,112.40213775634766,107,0
1291,A,91,-0.009343380108475685,0.04997008293867111,nan,nan,512,0,-0.009343380108475685,0.04997008293867111,all_rows,512,0,0.008018065243959427,0.0,-0.0019401833415031433,0.0012692837044596672,0.017615474003832787,369e2ffc35659836d3e42cd2450c1dcc:0:0,c4af5ff3cd2dd801c365f41ccfbbd729:0:0,de48d88e3897017f42b4059f8216cbe1:0:0,097250febd1f1cd71548541130a21288:0:3339616571,f41ec35369dbb6ef7d9dc227c86b1b85:1:1276644261,1,1.0,0,0,0,0,0,0,512,2,0,512,0,0,292,0,0,220,2,0,512,0.3978832960128784,114.37096405029297,120,0
1292,A,92,0.00842555332928896,0.04303762689232826,nan,nan,512,0,0.00842555332928896,0.04303762689232826,all_rows,512,0,0.010068459436297417,0.025390625,0.003226105123758316,0.0009692866588011384,0.017691307002678514,856cb84353f99f4e0b480f0e8b8a19cc:0:0,6019750bad7213c2e1f5bbc1f268d32c:0:0,ecd33a622bdfa60585944abfa5556ebd:0:0,16cbe576001db27bb13f7bbc0b4c2688:0:2638193910,398a67191c9414bf97a8aacb0ba67d98:0:2761865355,1,1.0,0,0,0,0,0,0,512,1,0,512,0,0,280,0,0,232,1,0,512,0.38970068097114563,115.94038391113281,123,0
1293,A,93,0.008801054209470749,0.042051199823617935,nan,nan,512,0,0.008801054209470749,0.042051199823617935,all_rows,512,0,0.007618575356900692,0.0361328125,-0.0006769578903913498,0.0008981870632851496,0.05652422900311649,01c3da52e05647f79918e9c9f64815cc:0:0,f42dc1136027164b516a72d77b3b8a64:0:0,adf44cb3632dd4214075ae80e7241ec5:0:0,888af37d707f8eb69c57221930b63a88:0:271740175,2fe19034debfe573dd80866913caacf5:0:819874850,4,1.0,0,0,0,0,0,0,512,1,0,512,0,0,280,0,0,232,1,0,512,0.38810044527053833,117.82583618164062,123,0
1294,A,94,0.007608858868479729,0.046036504209041595,nan,nan,512,0,0.007608858868479729,0.046036504209041595,all_rows,512,0,0.00855055171996355,0.0078125,-0.005088096484541893,0.0010759237920865417,0.01757307699881494,cd47edb66b27a3c78b745680854611cc:0:0,a5d88b7b9de13b6c518efb55ade65033:0:0,a2588e2660a33e43ac27e0618825c2da:0:0,c66793922ff3855497ba67bca0e04e88:0:4195829641,df2d8c7aac2764b5d50fc015ad043cde:0:1150868994,1,1.0,0,0,0,0,0,0,512,1,0,512,0,0,277,0,0,235,1,0,512,0.3716646432876587,117.09178924560547,125,0
1295,A,95,0.0011375441681593657,0.045257072895765305,nan,nan,512,0,0.0011375441681593657,0.045257072895765305,all_rows,512,0,0.017450934275984764,0.041015625,-0.0013590932358056307,0.001027679885737598,0.018025109020527452,211e0f569f9c2d6f82642eae38840dcc:0:0,4b21f3b7ff51744c001208102530ab31:0:0,15c62f30b25a4171eb6aa26bbaadc1bb:0:0,33040942059b466b78f72d3a5bca6288:0:1312079666,cbe2ff51696377e4abd4f0178e6f448f:0:2211559875,1,1.0,0,0,0,0,0,0,512,1,0,512,1,0,288,0,0,224,1,0,512,0.38261938095092773,115.15354919433594,130,0
1296,A,96,-0.008458342403173447,0.04460862651467323,nan,nan,512,0,-0.008458342403173447,0.04460862651467323,all_rows,512,0,0.007566563319414854,0.0244140625,0.0027018797118216753,0.0010029585755546577,0.0570948850363493,1d67b25ca6b84863abde8bcf100209cc:0:0,4e3be2ecb5bf00028f8c6586c2f47f45:0:0,d79fc49403221fd859c860d086c3b06f:0:0,164b1ed204b5a3413dfe132661747688:0:1230874735,161c927abc643a0acedff806af472ae7:1:1858476883,4,1.0,0,0,0,0,0,0,512,1,0,512,0,0,267,0,0,245,1,0,512,0.3846694529056549,113.0098648071289,128,0
1297,A,97,-0.004423337988555431,0.045918699353933334,nan,nan,512,0,-0.004423337988555431,0.045918699353933334,all_rows,512,0,0.0051984102465212345,0.0,-0.0031771641224622726,0.0010671357158571482,0.017687405983451754,40bb681dddaf74bfbfc5c75f0bc005cc:0:0,762c8c3ea4e1452edd96d1ea1a1b0e02:0:0,8a4f887fd6e79626b704a25fb725c0a2:0:0,caa462182cda4df321227a14b1de8a88:0:2248353601,a63364ff2190b3c2884ae6aaa5fcba59:0:717370884,1,1.0,0,0,0,0,0,0,512,0,0,512,1,0,275,0,0,237,0,0,512,0.3848588168621063,114.39297485351562,130,0
1298,A,98,-0.0073933107778429985,0.04551240801811218,nan,nan,512,0,-0.0073933107778429985,0.04551240801811218,all_rows,512,0,0.008742035366594791,0.0078125,-0.001592744452257951,0.0010342863388359547,0.043489422008860856,b58a854a7fbf376bfbe87ada2bbe01cc:0:0,d0a82c409716d540be67081e183faac2:0:0,95cc216cfc09aa82dcf2f9a35a042032:0:0,dca0b7aa015b13dcad1a82994d089e88:0:1953130136,728c1e9036f6e7626c8f277841ff11ac:1:1889496289,3,1.0,0,0,0,0,0,0,512,0,0,512,2,0,270,0,0,242,0,0,512,0.3818601369857788,115.70243835449219,131,0
1299,A,99,0.0031738714314997196,0.05043002963066101,nan,nan,512,0,0.0031738714314997196,0.05043002963066101,all_rows,512,0,0.009354482404887676,0.02734375,0.001693221740424633,0.0012779991957359016,0.01781344600021839,091145162407b68220017fbc6ffbfdcc:0:0,43ed07c6028825d918675267aced65f9:0:0,7eaf74ddcb7e9245f4bd84e66bb1c4fe:0:0,a8e84314d55e92bed0ff0d4832f2b288:0:2537155336,2eafdfb48cae3c945ed2ad8ffaf176ae:0:1196298158,1,1.0,0,0,0,0,0,0,512,1,0,512,0,0,297,0,0,215,1,0,512,0.3883179724216461,114.0987777709961,112,0
1300,A,100,-0.008858611807227135,0.03865257278084755,nan,nan,512,0,-0.008858611807227135,0.03865257278084755,all_rows,512,0,0.009756561368703842,0.017578125,9.705281505982082e-05,0.0007667387932694206,0.046274480991996825,21a9018d2fde09f269b7ef81d879f9cc:0:0,02c3c65402dfe9c2f0c2471eb3b9c511:0:0,a8101eeb98527b35a356082099406d14:0:0,dcbd40674a4868a6f44bbab5639cc688:0:3992298579,8df38833b3c318bce024acd8fb7637bd:1:1763091936,3,1.0,0,0,0,0,0,0,512,0,0,512,1,0,273,0,0,239,0,0,512,0.3922458589076996,112.53433227539062,107,0
1301,A,101,0.021101465448737144,0.055110346525907516,nan,nan,512,0,0.021101465448737144,0.055110346525907516,all_rows,512,0,0.005116481799632311,0.0087890625,-0.0006996728479862213,0.0014362734218593687,0.033799590019043535,ad5a0ac69e144068909f23a66537f5cc:0:0,bf8a674f6046d3adf108e9cfd09962ea:0:0,9e68b0d54da31af865b466293da5316d:0:0,bd161ce63e02de960adeeb74df06da88:0:4012229128,2d35df54486a2a4353ca088f076978d2:1:1378869242,2,1.0,0,0,0,0,0,0,512,0,0,512,4,0,302,0,0,210,0,0,512,0.3897259831428528,114.7398681640625,113,0
1302,A,102,-0.021714191883802414,0.04441777989268303,nan,nan,512,0,-0.021714191883802414,0.04441777989268303,all_rows,512,0,0.007161919958889484,0.005859375,-0.0017958572134375572,0.001112380065023899,0.03271532501094043,099c951dbbb31870c236b5a61635f1cc:0:0,bce068f59ea0fecac74b121af30a9dc2:0:0,1aa91eb43ee0eba8313cd679d8d86e88:0:0,e9e3e25a26be0de7a8f9c01aa530ee88:0:1183354912,c6bcdef100292fb07154c2bf0f81594f:0:237438932,2,1.0,0,0,0,0,0,0,512,3,0,512,1,0,262,0,0,250,3,0,512,0.39725029468536377,113.95856475830078,138,0
1303,A,103,0.01612287387251854,0.04500756785273552,nan,nan,512,0,0.01612287387251854,0.04500756785273552,all_rows,512,0,0.006483558099716902,0.01953125,-0.0035649333149194717,0.001138861698564142,0.018326198973227292,1696211bbaa16ddc9dea7efceb73edcc:0:0,bb9c1251f7ef26afd69b375af4154c84:0:0,18b8d565908db3585f31df81a8fe36ef:0:0,2150e1f499b880791740193ab61b0288:0:4046852344,804478bbf0cde42873ad13a13d023540:0:3452948840,1,1.0,0,0,0,0,0,0,512,1,0,512,0,0,279,0,0,233,1,0,512,0.41103264689445496,112.82361602783203,123,0
1304,A,104,0.00405206298455596,0.047507405281066895,nan,nan,512,0,0.00405206298455596,0.047507405281066895,all_rows,512,0,0.006060789339244366,0.001953125,-0.0013626269064843655,0.0011322054197080433,0.030784839997068048,c70aa6353ab55b6831129926e4f1e9cc:0:0,509ea1345419615e006038777246b6f1:0:0,b0fd4c1560a861bd36fe90369c6e3ec6:0:0,fc5e79607aa54b9066b8976911c51688:0:902683666,4877067cfb92deea083dc0e06ccfc464:1:1185124370,2,1.0,0,0,0,0,0,0,512,1,0,512,3,0,284,0,0,228,1,0,512,0.4253543019294739,111.47711181640625,111,0
1305,A,105,-0.005030590109527111,0.041888028383255005,nan,nan,512,0,-0.005030590109527111,0.041888028383255005,all_rows,512,0,0.005979292094707489,0.017578125,-3.5218894481658936e-05,0.0008882601978257298,0.017764213029295206,ceeeabfc29ab109ef2f35da002afe5cc:0:0,b1220977fe768a497ba51671c67f408b:0:0,d77fcd3c029dcf7f69bc0f148f0834c4:0:0,6607ce221143a58384cc9b39b82f2a88:0:3058140657,8c7eed3ddbed27b45a867513763c4c5b:1:3585748349,1,1.0,0,0,0,0,0,0,512,2,0,512,1,0,291,0,0,221,2,0,512,0.42963817715644836,112.55668640136719,107,0
1306,A,106,0.007243994623422623,0.04124227911233902,nan,nan,512,0,0.007243994623422623,0.04124227911233902,all_rows,512,0,0.009084795601665974,0.022786458333333332,5.861868460973104e-05,0.0008602012142849466,0.04580039298161864,d9495be29a7d5c00c0bd65e444ade1cc:0:0,2440f81be3e459c1d868cbaf7fbe9353:0:0,35c2c6774abd8daf1a344b03499fae70:0:0,52b270ff02bbf61f4f484540a9593e88:0:747205087,2ece21d657cb7c1d44c1799444e38e59:0:1217217003,3,1.0,0,0,0,0,0,0,512,0,0,512,3,0,275,0,0,237,0,0,512,0.43989986181259155,113.90206146240234,113,0
1307,A,107,-0.006124906707555056,0.043335605412721634,nan,nan,512,0,-0.006124906707555056,0.043335605412721634,all_rows,512,0,0.005524040665477514,0.0,-0.0002799364738166332,0.0009579628822393715,0.017546208982821554,6f237027749be966d98d8b6faaebddcc:0:0,7511fc938052027634a05b7c61cd6a85:0:0,687cd453030dd31f0b5558ad41867dd8:0:0,a9fd04b8ec5661cea85a7611e5435288:0:2856469836,4e4d9ed0700b0d83d0512117cb763ba6:1:2797908931,1,1.0,0,0,0,0,0,0,512,0,0,512,1,0,267,0,0,245,0,0,512,0.4366949200630188,112.0799331665039,129,0
1308,A,108,0.0004392638511490077,0.04442152380943298,nan,nan,512,0,0.0004392638511490077,0.04442152380943298,all_rows,512,0,0.00975027121603489,0.029296875,0.0019251182675361633,0.0009854763047769666,0.017629690992180258,78d9bb021b7b34a8da6ce7be3569d9cc:0:0,b18e36a5a5955d1c8bcd0619f6a61dca:0:0,0bd06ecb9eb20a61acc2c8b71971bc49:0:0,13a740f81d1ecf818a94ce416bed6688:0:2576562411,f0b0265235c3e1bbdb2eb6df6566a374:0:3119057109,1,1.0,0,0,0,0,0,0,512,1,0,512,0,0,275,0,0,237,1,0,512,0.4424896836280823,110.76812744140625,116,0
1309,A,109,0.0014716850128024817,0.04676460847258568,nan,nan,512,0,0.0014716850128024817,0.04676460847258568,all_rows,512,0,0.008065532892942429,0.005859375,-0.0012047137133777142,0.0010727818104593705,0.04372829798376188,458fd39e6efa3081ba50d44be427d5cc:0:0,6162b6e12bf7225af042f609b35c3e5e:0:0,9ef6b00e60ef140566fc508378b6aba8:0:0,141dfbd6ac0a69541cebae633d577a88:0:3762795181,7cac55140bfb0df0f2323be24a394057:1:2206505807,3,1.0,0,0,0,0,0,0,512,0,0,512,2,0,285,0,0,227,0,0,512,0.45205986499786377,109.16696166992188,102,0
1310,A,110,0.006037451326847076,0.040050093084573746,nan,nan,512,0,0.006037451326847076,0.040050093084573746,all_rows,512,0,0.0070296223275363445,0.024088541666666668,-0.0019148372424145539,0.0008112678090886524,0.04369277600198984,8df144f6c519a1b4c61aea94b725d1cc:0:0,70fc8e89f03c1bb4e03476d836925232:0:0,439672537d3b2beb96c7e6e3dbfb4a10:0:0,48e94a0ee83297f5c6b6370b59818e88:0:3328140183,69102e46fefc63fbe5aa030283258aad:1:1987728803,3,1.0,0,0,0,0,0,0,512,0,0,512,1,0,282,0,0,230,0,0,512,0.4489840567111969,110.63691711425781,109,0
1311,A,111,-0.004241650924086571,0.04628939926624298,nan,nan,512,0,-0.004241650924086571,0.04628939926624298,all_rows,512,0,0.00743290688842535,0.022786458333333332,-0.00034597422927618027,0.0010576873610261828,0.04626442200969905,3c2d6515bd812e729c990414ae63cdcc:0:0,e4facc71033ca1d66eee951d4a1b029c:0:0,57ac7c83a8005e24d072a7a260a38e63:0:0,4b923f62e0b978d043ae48cdc06ba288:0:3063284239,03db575ad89b6d2fc6fc0e5c6bf97404:1:3307690246,3,1.0,0,0,0,0,0,0,512,1,0,512,0,0,275,0,0,237,1,0,512,0.4763733148574829,110.10719299316406,119,0
1312,A,112,-0.0002612546377349645,0.042718760669231415,nan,nan,512,0,-0.0002612546377349645,0.042718760669231415,all_rows,512,0,0.0098055275157094,0.022321428571428572,-0.0006926517401422773,0.0009232401373862688,0.09515111602377146,2763c1c60f4e21fe2a853a47c9e1c9cc:0:0,75afbbc444b28473914ce136ff467a84:0:0,10572e3dd8ad4ae46541b547484d850f:0:0,7551666581ebceeeb7f0843e7215b688:0:2683552566,51807708d8d869608850f08440e37685:1:2986237341,7,1.0,0,0,0,0,0,0,512,1,0,512,1,0,280,0,0,232,1,0,512,0.47954025864601135,110.98213195800781,109,0
1313,A,113,-0.0006994829163886607,0.042883168905973434,nan,nan,512,0,-0.0006994829163886607,0.042883168905973434,all_rows,512,0,0.005530958063900471,0.0078125,-0.0012359260581433773,0.0009222808730555698,0.0304263950092718,a8ccd232b1a7e491a685e6aa099fc5cc:0:0,7b347a1d31c7bfba937271fd16be743f:0:0,ccfa4de5d9740e1bc962c227107d1b54:0:0,19b6a86085346ea4c3fc49f16e7fca88:0:3010014086,774ede64a3af844e06aeed4988ac4c98:0:1478379187,2,1.0,0,0,0,0,0,0,512,1,0,512,1,0,290,0,0,222,1,0,512,0.47869133949279785,109.95442199707031,115,0
1314,A,114,0.005915369838476181,0.046105850487947464,nan,nan,512,0,0.005915369838476181,0.046105850487947464,all_rows,512,0,0.007385930512100458,0.017252604166666668,-0.0012981408120443423,0.0010618796853426222,0.08400756499031559,410c5b75ff9627838d2da2b76d9dc1cc:0:0,e3c05a890ff4a5fa21ffa158c8f95d7c:0:0,0bd646c03090601f97ca2f41b39b83e9:0:0,7d3f13a5317523f598b3ba7ab5a9de88:0:163183355,a868113fe284475f71423b8c984fd3cb:0:2900275941,6,1.0,0,0,0,0,0,0,512,0,0,512,0,0,284,0,0,228,0,0,512,0.47695884108543396,111.17191314697266,102,0
1315,A,115,-0.008398236706852913,0.04363472759723663,nan,nan,512,0,-0.008398236706852913,0.04363472759723663,all_rows,512,0,0.005659169517457485,0.015625,0.00016426209670801958,0.000969324290053919,0.0432732860208489,b088b092b794c5ab9cfb47ebf5dbbdcc:0:0,ef2b938f367d314933e2dc0da90f937a:0:0,17fa33c974f44ee15e76dda7252b2e8b:0:0,7934b828a95913bb0b5bb66e4793f288:0:3140191437,db9156244135d94272a7f9f8f5e9d97a:0:3669979859,3,1.0,0,0,0,0,0,0,512,0,0,512,2,0,267,0,0,245,0,0,512,0.4848528504371643,110.7138671875,128,0
1316,A,116,0.01118672639131546,0.038029950112104416,nan,nan,512,0,0.01118672639131546,0.038029950112104416,all_rows,512,0,0.005276910029351711,0.0205078125,-0.002858530730009079,0.000741191346605774,0.0572601740132086,329baccdf7615807d259efc3a259b9cc:0:0,a2457bc12fba63ca4fb605ed8106cecd:0:0,a6de4e4f597c3fa27dd57cbf752b8330:0:0,1300afdf4534978ca99bde60243e0688:0:1269413659,a8380c17c98a18177a742508e5eccd65:0:1204492725,4,1.0,0,0,0,0,0,0,512,1,0,512,1,0,267,0,0,245,1,0,512,0.5073825120925903,111.84051513671875,122,0
1317,A,117,0.011347508989274502,0.044677380472421646,nan,nan,512,0,0.011347508989274502,0.044677380472421646,all_rows,512,0,0.005500758066773415,0.0,-0.0007833857089281082,0.00104897451819852,0.01763862103689462,3d37f9dd947e7ea163a0f3ba7317b5cc:0:0,4362e705a835d4ebe9704eb768e02f58:0:0,18ab43285bd5769c62f44a5d33851736:0:0,f50759dd36069466cd7e92e44ba81a88:0:3285080523,f27b6cc1af54dc5eaa491e6d301f6a6b:1:2200382153,1,1.0,0,0,0,0,0,0,512,1,0,512,1,0,273,0,0,239,1,0,512,0.4743086099624634,111.20377349853516,114,0
1318,A,118,-0.003932077903300524,0.04533952847123146,nan,nan,512,0,-0.003932077903300524,0.04533952847123146,all_rows,512,0,0.005653788335621357,0.0078125,-0.0016593430191278458,0.001054395135724917,0.018005991994868964,816ee1da71e8ddb1bd13ed4c6815b1cc:0:0,3fb0f2625f1a481a07030179a2e3eb1c:0:0,d6fd9bde053bfdb915ef3d30f7037150:0:0,5cfad4d56f2f4c11b170f48ebdd22e88:0:4207227867,745e377e6779da66eb63cfe2dce666bc:1:3707627220,1,1.0,0,0,0,0,0,0,512,2,0,512,2,0,263,0,0,249,2,0,512,0.4776613712310791,112.42623138427734,121,0
1319,A,119,-0.00293345027603209,0.04595401883125305,nan,nan,512,0,-0.00293345027603209,0.04595401883125305,all_rows,512,0,0.012965856119990349,0.0283203125,0.002417908748611808,0.001044198012095876,0.03098241297993809,31609762b379cf077ce2b5f58153adcc:0:0,dcc831a0999a74ac15e387d8b3931620:0:0,0a5cdf8a8bdf369189aedcc7a9b6043a:0:0,6207df229470a9488442e3f37abc4288:0:3438002406,2f08fe19d835b218482d9f74f4d9829f:0:283960492,2,1.0,0,0,0,0,0,0,512,1,0,512,1,0,304,0,0,208,1,0,512,0.45535218715667725,113.66824340820312,106,0
1320,A,120,-0.000951094669289887,0.04268370941281319,nan,nan,512,0,-0.000951094669289887,0.04268370941281319,all_rows,512,0,0.010402154177427292,0.03857421875,0.0006536534056067467,0.000898667422006838,0.05811911099590361,09ca84d3ef73c7ab6f296731bed1a9cc:0:0,19a6dd1072185f126cc655fcb52c0521:0:0,841d7b17120abf06c1438169ba0a20fa:0:0,171d701869cc06a07d2701a682665688:0:1129436045,8ee9ab9e0c12089c095333b7910672f2:1:866291533,4,1.0,0,0,0,0,0,0,512,1,0,512,0,0,304,0,0,208,1,0,512,0.45437103509902954,115.49334716796875,112,0
1321,A,121,-0.0015623129438608885,0.04414098709821701,nan,nan,512,0,-0.0015623129438608885,0.04414098709821701,all_rows,512,0,0.006994145456701517,0.0400390625,-0.0023191532818600535,0.0009768797463038936,0.032873509044293314,8cdcd601beb471c589f05a7d208fa5cc:0:0,70487059db8fef6baa654b0c980fc853:0:0,b397a4c173a8956f200e485a801f3ade:0:0,ad8f9fef02d1702fefb2ae3bd4d06a88:0:983220259,ac85fa505cb24a5779a7eba262213332:1:1044894319,2,1.0,0,0,0,0,0,0,512,0,0,512,1,0,288,0,0,224,0,0,512,0.4188821315765381,114.2453384399414,124,0
1322,A,122,-0.0037541177589446306,0.04292985796928406,nan,nan,512,0,-0.0037541177589446306,0.04292985796928406,all_rows,512,0,0.005841176491230726,0.024832589285714284,-0.00023245345801115036,0.0009253391721618495,0.10234493901953101,85820e494c087ac1e92c2953a68da1cc:0:0,cbefb3196938a17ca0db4836d3be99d4:0:0,b47e6e165bbd800c0deb453b640d3236:0:0,053ac92baef45ff55fde0a4771fa7e88:0:2909954486,a8af6d365b8296f59d1fcbe86c847177:1:3079520697,7,1.0,0,0,0,0,0,0,512,1,0,512,2,0,281,0,0,231,1,0,512,0.416385293006897,112.81425476074219,120,0
1323,A,123,0.0014034972991794348,0.04885181412100792,nan,nan,512,0,0.0014034972991794348,0.04885181412100792,all_rows,512,0,0.010942777618765831,0.037109375,0.0006862101145088673,0.0011995724053122103,0.033071398036554456,9211175ec31d15b5cabdad3150cb9dcc:0:0,176615997bcf28fb8f6638bd06763949:0:0,36735d7a6b5aaf3b89ba2c841a23a62e:0:0,b3d437fe6079f4fe9603f65d59e49288:0:439589334,7f12285f7edaaa1859ff789484dd754a:1:4094672548,2,1.0,0,0,0,0,0,0,512,1,0,512,1,0,290,0,0,222,1,0,512,0.41032394766807556,112.61624908447266,115,0
1324,A,124,-8.254844578914344e-05,0.04155423864722252,nan,nan,512,0,-8.254844578914344e-05,0.04155423864722252,all_rows,512,0,0.00564818037673831,0.00703125,0.0028979288414120673,0.0008519257127773017,0.06989596300991252,5fbbcbadbf8b32048a71ff921f4999cc:0:0,5080072b7a855f199c308e08fa08c526:0:0,afcc347af989b9024549832f9da18fb8:0:0,2802399d0b94a54fb2e213118c8ea688:0:4058429450,98a62035b0951360786d203c9ac78b59:0:615074400,5,1.0,0,0,0,0,0,0,512,1,0,512,1,0,259,0,0,253,1,0,512,0.41577062010765076,113.94342041015625,133,0
1325,A,125,0.0017381191719323397,0.04780318960547447,nan,nan,512,0,0.0017381191719323397,0.04780318960547447,all_rows,512,0,0.022638561204075813,0.0615234375,-0.006637968821451068,0.0011457153595983982,0.03226031397935003,b13191a21c7866449e0279f2120795cc:0:0,a14dd4083a4be71c851753f6a6e86b59:0:0,55449fec083b59dcabae9a835d3a9cca:0:0,d0e5ef393b416a8a4398c0f809f8ba88:0:3539735339,838ddd04ee199c82775b5d42684468e3:0:2254304353,2,1.0,0,0,0,0,0,0,512,4,0,512,2,0,277,0,0,235,4,0,512,0.417366623878479,112.53144836425781,109,0
1326,A,126,-0.00242337747476995,0.04193628579378128,nan,nan,512,0,-0.00242337747476995,0.04193628579378128,all_rows,512,0,0.005849658511579037,0.037890625,0.002595989964902401,0.0008601702807936818,0.07118833198910579,871f2baac5498f649114b5cd290591cc:0:0,23296628d842513e4b92a9205a9721e1:0:0,680397778af220ed1f12d7672edf74e1:0:0,cab5edbed97a695455ab20a4d222ce88:0:3007742678,0d098e531d997b23ff209db30806dd0c:0:4265943676,5,1.0,0,0,0,0,0,0,512,1,0,512,2,0,276,0,0,236,1,0,512,0.41524216532707214,109.87576293945312,125,0
1327,A,127,-0.0018711336888372898,0.046372681856155396,nan,nan,512,0,-0.0018711336888372898,0.046372681856155396,all_rows,512,0,0.00884728878736496,0.029296875,0.00034264865098521113,0.0010788763756863773,0.030982726020738482,0cb26b4467e32410013a8c9f64438dcc:0:0,a381487caa52defe5bfc6d87f6d341ad:0:0,e32848a467f680415327baefa7b4a62d:0:0,27a16d1de853137f8aff12abe50ce288:0:4225150783,9abd83acc657f123afcb07135b660897:0:4269066214,2,1.0,0,0,0,0,0,0,512,0,0,512,1,0,273,0,0,239,0,0,512,0.4123936593532562,110.6753158569336,112,0
1328,A,128,0.001592954620718956,0.04187898710370064,nan,nan,512,0,0.001592954620718956,0.04187898710370064,all_rows,512,0,0.009607250802218914,0.025390625,-0.003852929687127471,0.0008769156411290169,0.03088777797529474,8951fbd628f33c5499f217e4c3c189cc:0:0,2724f1751cbe3fb5c3d47e785174aa68:0:0,f393762043f0831ac72d890e696e2232:0:0,2c309773a991c4f02ddd37a142b6f688:0:1325415860,b59cc787e378c8825734d4fe9f552954:1:2613829999,2,1.0,0,0,0,0,0,0,512,1,0,512,1,0,274,0,0,238,1,0,512,0.409944087266922,111.98927307128906,121,0
1329,A,129,8.564197923988104e-05,0.04292072728276253,nan,nan,512,0,8.564197923988104e-05,0.04292072728276253,all_rows,512,0,0.005461955908685923,0.009114583333333334,-0.0004194312108059724,0.0009175053370806078,0.044488576997537166,cf8efca6bac14d8710a5b119477f85cc:0:0,d63deec599e66a66fb105c859adf4026:0:0,ac6739e089418e12aba1f7b9668fca5d:0:0,6a7769fa725adb4444f0f018eb210a88:0:1593078539,75037361418caa809be89415ce9846c8:0:2024235591,3,1.0,0,0,0,0,0,0,512,2,0,512,1,0,302,0,0,210,2,0,512,0.4256148338317871,110.277587890625,112,0
1330,A,130,9.161396883428097e-05,0.04330538585782051,nan,nan,512,0,9.161396883428097e-05,0.04330538585782051,all_rows,512,0,0.006813330110162497,0.00390625,-0.00011256127618253231,0.0009389498300151899,0.033336278051137924,b4379fac76ff9a6820abf1b8ef7d81cc:0:0,c29741cd7e4a3d290ed3db2d1f309a64:0:0,e91e1497b5e47dc81ecb4d30c7a5943c:0:0,3a758f3a2881483aa7485ca6de4b1e88:0:1523217655,17e4a3727752f68718bedeecfa002c3b:0:3766146028,2,1.0,0,0,0,0,0,0,512,0,0,512,1,0,287,0,0,225,0,0,512,0.4228196144104004,109.23180389404297,93,0
1331,A,131,-0.005947546102106571,0.04379025474190712,nan,nan,512,0,-0.005947546102106571,0.04379025474190712,all_rows,512,0,0.00510341115295887,0.03671875,0.0006465564016252756,0.000930727826198563,0.07108290900941938,4b9f7d775c1a57898747b33fbbbb7dcc:0:0,fc325f8139914490cd4ff8cc79d02033:0:0,e2bdce75d0f13e5550e620c70f8e4efc:0:0,4aa6a38627109eda10545ddf1c353288:0:1796511420,b6d85ed832107c9dbb63ca878c54ddf9:1:2734551589,5,1.0,0,0,0,0,0,0,512,1,0,512,0,0,295,0,0,217,1,0,512,0.4182184636592865,107.83918762207031,126,0
1332,A,132,0.0068284738808870316,0.04805633798241615,nan,nan,512,0,0.0068284738808870316,0.04805633798241615,all_rows,512,0,0.005343096796423197,0.0302734375,-0.001233881339430809,0.0011646300263237208,0.031044767005369067,42ebc4f00e8083f2ffa80f29ac3979cc:0:0,40296407eb99386f012daeb9eea0d03e:0:0,1140f2802291d8d46e7897e32936885b:0:0,94d3726807a49b5833e89455a4df4688:0:3978026734,b51b22b1ce28e460b32501dc3438ad1e:1:460312706,2,1.0,0,0,0,0,0,0,512,2,0,512,3,0,280,0,0,232,2,0,512,0.4097420573234558,108.72643280029297,116,0
1333,A,133,-0.0078844353556633,0.04594862833619118,nan,nan,512,0,-0.0078844353556633,0.04594862833619118,all_rows,512,0,0.00512512493878603,0.01611328125,-0.00040698691736906767,0.00104685307451291,0.057574500038754195,ebb6e0233e6276073ee85ef2c0f775cc:0:0,3d3bf1d9b0613cae32dffbe193df503f:0:0,b71efb39c7aad1861b329bde9c95de1a:0:0,9365ed298e2225c0d23b609e78495a88:0:2137438196,265cbb9a49a629c282f679ba52992fe0:1:290608481,4,1.0,0,0,0,0,0,0,512,1,0,512,0,0,292,0,0,220,1,0,512,0.41596660017967224,107.20294189453125,100,0
1334,A,134,-0.005152673460543156,0.04897491633892059,nan,nan,512,0,-0.005152673460543156,0.04897491633892059,all_rows,512,0,0.015198390930891037,0.0361328125,-0.00022990384604781866,0.0012040164438076317,0.030612443981226534,bdf095cd12621ca8f0103c16f9f571cc:0:0,90b8fcb3696ffdd911f8393f3be294f6:0:0,8db8a93c4a730274fecc7e9ce3c160c6:0:0,cd96e042b465cf5ccbe5e34d96736e88:0:1617028162,91aeaa6f5cc466c932441ee8b9c615f6:1:2119182131,2,1.0,0,0,0,0,0,0,512,1,0,512,0,0,285,0,0,227,1,0,512,0.40990325808525085,107.725341796875,114,0
1335,A,135,0.0038574531208723783,0.04299682378768921,nan,nan,512,0,0.0038574531208723783,0.04299682378768921,all_rows,512,0,0.005021137185394764,0.01953125,-0.0002978782479961713,0.0008775799748642991,0.12484388699522242,72bd19d477b0f49fb013801257336dcc:0:0,1d86a0865de74132c084a580dbfa7e78:0:0,b62030cac43c1ad8b027421358ebda9f:0:0,5f85c703937bcad935e3fcf6ff5d8288:0:1284547284,737b2dbd80ecd9c712a6d66dcf8dae40:0:4128733302,9,1.0,0,0,0,0,0,0,512,5,0,512,1,0,300,0,0,212,5,0,512,0.40277525782585144,109.66040802001953,117,0
1336,A,136,0.0031743496656417847,0.0478089302778244,nan,nan,512,0,0.0031743496656417847,0.0478089302778244,all_rows,512,0,0.00199722358956933,0.02734375,0.0003477823920547962,0.0010996775410603732,0.14324358000885695,af7ee5627817b23d09d24460d8b169cc:0:0,4149f896d738421b3ee829ddcac4e392:0:0,d3a62d80a539ab647c7b1d5646ce9b4c:0:0,b1688a64a7f55f2e6d944e2eb3079688:0:1151422252,2637ff54b0a141e8d89a4db6baa93583:0:905926361,10,1.0,0,0,0,0,0,0,512,0,0,512,1,0,269,0,0,243,0,0,512,0.41829240322113037,108.45447540283203,122,0
1337,A,137,0.0005847511347383261,0.045859795063734055,nan,nan,512,0,0.0005847511347383261,0.045859795063734055,all_rows,512,0,0.0058181509375572205,0.0224609375,-0.001980869099497795,0.0010538154747337103,0.03149443300208077,c66c91bdf6639f417218e27e7e6f65cc:0:0,3eea571ee529ce6cadbf52a44cd0b719:0:0,b7623b10c54155cbfdafd6351a33935c:0:0,c942797aaeefd5472cb83788b171aa88:0:2478606311,fb2b0c72a5964b83a6468449f0f7cbbd:0:1974870253,2,1.0,0,0,0,0,0,0,512,0,0,512,0,0,294,0,0,218,0,0,512,0.3992200791835785,109.28226470947266,107,0
1338,A,138,-0.0006478152936324477,0.040609974414110184,nan,nan,512,0,-0.0006478152936324477,0.040609974414110184,all_rows,512,0,0.00789162702858448,0.034505208333333336,0.0028829850101222596,0.0008156058029271662,0.0842894790112041,9e554f9071b5ad01439ff3e7486d61cc:0:0,8007b33c44cb9a41a7ac451fda0025a1:0:0,c8938ac74bc1e51af24e94592c456087:0:0,2fb75f9e1960e0679d73d998fa9bbe88:0:3723909264,58e23db9c35a3ba096f84e443c28aa6a:1:3393661752,6,1.0,0,0,0,0,0,0,512,1,0,512,1,0,275,0,0,237,1,0,512,0.38573211431503296,110.47791290283203,122,0
1339,A,139,-0.004318060353398323,0.04295927286148071,nan,nan,512,0,-0.004318060353398323,0.04295927286148071,all_rows,512,0,0.006641850341111422,0.0048828125,-0.001618335023522377,0.0009300558740505949,0.03116900095483288,a1c3eeb4b02f3ac9bb0c521736ab5dcc:0:0,77cb96c2c4fd56fa2a7a130c591b9dc6:0:0,07bf881d0fd450cc45be7ec1100b3704:0:0,ed5945e8d33c81546e4e14f38e85d288:0:1659511659,c31a39c67698b06d780c30f4973239f4:1:154329514,2,1.0,0,0,0,0,0,0,512,1,0,512,3,0,275,0,0,237,1,0,512,0.3822709023952484,112.26483917236328,110,0
1340,A,140,0.00420239707455039,0.04200274124741554,nan,nan,512,0,0.00420239707455039,0.04200274124741554,all_rows,512,0,0.011517834849655628,0.013671875,-0.004580337554216385,0.0008934469078667462,0.01898642402375117,eac9c12c71789085f2ef168a492959cc:0:0,754d1d8af111a62ad0d6b953fb81b6ef:0:0,2c3e426fbfda6bba947da2f0741a7c21:0:0,5cfd2b3fdc086439e6308a2c6d2fe688:0:1325753205,4cef71098fa56f500a5ef12b482239b1:0:3940296918,1,1.0,0,0,0,0,0,0,512,1,0,512,0,0,300,0,0,212,1,0,512,0.3887942135334015,110.91632080078125,95,0
1341,A,141,-0.014134224504232407,0.049645524471998215,nan,nan,512,0,-0.014134224504232407,0.049645524471998215,all_rows,512,0,0.007488751783967018,0.00390625,-0.003136754035949707,0.0013035782903898507,0.018095477018505335,009ff656899d0da3dfc59abc7fe755cc:0:0,9b17ad15b07f34b388d82f915d1fc237:0:0,a359ebc57911d5b4604a5d7b77099fac:0:0,1bf4cfb0ee70b952f86799d79699fa88:0:1804488025,af89e5da6ff9e66484f66132c90d53b6:0:2635390614,1,1.0,0,0,0,0,0,0,512,2,0,512,0,0,275,0,0,237,2,0,512,0.39364489912986755,108.9248275756836,133,0
1342,A,142,-0.002338692545890808,0.04868630692362785,nan,nan,512,0,-0.002338692545890808,0.04868630692362785,all_rows,512,0,0.007102637086063623,0.01171875,0.006650831550359726,0.001182425650767982,0.017755248001776636,ab3f59fb04b90c394bf97829dae551cc:0:0,8ee364a8c5f71bd280c9a1302fc08385:0:0,140b02190de0798d21c1f3e6d683032d:0:0,ed41957f3472885058a264890ac40e88:0:3162390215,2dad8d6db8a2c1953d3bf252a5e33627:1:4131525327,1,1.0,0,0,0,0,0,0,512,0,0,512,4,0,273,0,0,239,0,0,512,0.4027436375617981,107.44091796875,128,0
1343,A,143,0.015020711347460747,0.050344765186309814,nan,nan,512,0,0.015020711347460747,0.050344765186309814,all_rows,512,0,0.008798113092780113,0.013671875,-0.001240477276345094,0.0012851519665370386,0.04417446698062122,e34bad3f33f57868d3e0884e5a234dcc:0:0,a0031c118afa3c5e584a4591becacb1d:0:0,5dc992e781a3b8e10dc830f54716ae7d:0:0,9bae73ccc5af7e7f8ef2cad4c9ae2288:0:1613759859,76713bb2e72b901003a196aff3de819b:1:2812841051,3,1.0,0,0,0,0,0,0,512,2,0,512,1,0,273,0,0,239,2,0,512,0.4070557951927185,105.80835723876953,113,0
1344,A,144,-0.010669605806469917,0.047447312623262405,nan,nan,512,0,-0.010669605806469917,0.047447312623262405,all_rows,512,0,0.006742113269865513,0.0,-0.0022131428122520447,0.0011653080582618713,0.017773652041796595,fe79160fc44d1c06e1bce4a5fda149cc:0:0,7e9127cdc7b165797fb97d7566b0032e:0:0,31fc11a645e6b2a55259281f1ce23747:0:0,72fd04616d7f37b20bcd6d4ed3583688:0:3798995879,ccb998a64fd31837650decf1dd9a082e:0:2391470665,1,1.0,0,0,0,0,0,0,512,2,0,512,0,0,278,0,0,234,2,0,512,0.4073942303657532,107.36223602294922,112,0
1345,A,145,0.006174758076667786,0.04952382296323776,nan,nan,512,0,0.006174758076667786,0.04952382296323776,all_rows,512,0,0.007592229172587395,0.017578125,-0.0015172604471445084,0.0012493627145886421,0.0178157800110057,2e27640b3f979e7ea9bce6acc55f45cc:0:0,9d4dbab1ac6368adad5cb0508f1f6f93:0:0,64ae04e9ec560ce50681bf30f4f930be:0:0,74b3d7a1f65201e43c09ac8b27c24a88:0:2357353314,712e46351da72d8b50f8699a73dec212:1:3885955474,1,1.0,0,0,0,0,0,0,512,0,0,512,0,0,264,0,0,248,0,0,512,0.4003508388996124,108.83161163330078,118,0
1346,A,146,0.004788026679307222,0.04730460047721863,nan,nan,512,0,0.004788026679307222,0.04730460047721863,all_rows,512,0,0.009832551702857018,0.009765625,-0.0018326006829738617,0.0011228399525862187,0.017836415965575725,7b902873985638f725fb27deb15d41cc:0:0,507257dfd22b57ee1198c09f06ee36ec:0:0,a6272aabaf7cccb24e680c0d5df34670:0:0,a4626f5df7f91ba49ce1a91dc6ec5e88:0:538479266,ded417575791b205a3346bb21c23dbe2:1:3237595799,1,1.0,0,0,0,0,0,0,512,0,0,512,1,0,289,0,0,223,0,0,512,0.3972589671611786,110.52460479736328,121,0
1347,A,147,-0.003144649090245366,0.04413669928908348,nan,nan,512,0,-0.003144649090245366,0.04413669928908348,all_rows,512,0,0.00950548890978098,0.02734375,0.0032621659338474274,0.0009945586207322776,0.01874760998180136,e6d1d929a0be1eb8127e81b7c19b3dcc:0:0,c82de5ad13cd71428b82a153eaf7a10e:0:0,8978dd9c4b07178598d22e75369cd3ae:0:0,54198aace6686d3acff2439ab0d67288:0:4043150559,e69abbe17979dda2a434c900e5e02f5b:1:1463382222,1,1.0,0,0,0,0,0,0,512,3,0,512,2,0,268,0,0,244,3,0,512,0.3855563700199127,112.40804290771484,128,0
1348,A,148,-0.0066362726502120495,0.046416640281677246,nan,nan,512,0,-0.0066362726502120495,0.046416640281677246,all_rows,512,0,0.009220393374562263,0.0026041666666666665,0.0005871917431553205,0.0010787224067219843,0.043896680988837034,709b6d318d7c99cee93a0db3f61939cc:0:0,3d13b6b0586db44cf29deab834a49d36:0:0,5803d39aa0dcb8b027acddc2dbaf5e0f:0:0,e724caa5de85bc8eaf3b1c95e5808688:0:267065373,4b72c8666f04200b51fd2da3b7d8d85d:1:1041598115,3,1.0,0,0,0,0,0,0,512,1,0,512,2,0,296,0,0,216,1,0,512,0.383092999458313,114.43175506591797,110,0
1349,A,149,0.0069587803445756435,0.04688599705696106,nan,nan,512,0,0.0069587803445756435,0.04688599705696106,all_rows,512,0,0.005614717956632376,0.01611328125,0.00040831463411450386,0.0011149442289024591,0.05682345601962879,e58113bbe4b0dbf3de0d254f4ed735cc:0:0,c5e7f68d7dcedd24897aa07f6ae8ddc3:0:0,3fdcbf7bdda287ee625d940a73cc3267:0:0,b98529506e995bcf611e94a364ea9a88:0:4157352399,114a098b47e94bea1ba534db730d9003:0:2427384789,4,1.0,0,0,0,0,0,0,512,1,0,512,1,0,286,0,0,226,1,0,512,0.39245858788490295,113.02326202392578,135,0
1350,A,150,0.0009386349702253938,0.039522621780633926,nan,nan,512,0,0.0009386349702253938,0.039522621780633926,all_rows,512,0,0.00039135769475251436,0.004296875,0.00077223707921803,0.0007707171171205118,0.14094109000870958,8253d52a799783aedac36205cbd531cc:0:0,54ece11370e7955e21a3c26c5947c0e9:0:0,4e2c95d622d3bfc7737baaae87b09bcb:0:0,690241bf57f452da6c61cc572f14ae88:0:943658113,b6e5957a76050c3ef83d505ca4258f40:1:691441924,10,1.0,0,0,0,0,0,0,512,0,0,512,3,0,271,0,0,241,0,0,512,0.383834570646286,114.25106048583984,133,0
1351,A,151,0.001306951162405312,0.041888799518346786,nan,nan,512,0,0.001306951162405312,0.041888799518346786,all_rows,512,0,0.012878838926553726,0.03125,-0.005398232955485582,0.0008777479088166729,0.030744911986403167,3e7318055563d5bc7b149d536d132dcc:0:0,e4e38d349ca8ee18310d09767d171290:0:0,0d529a1ebc16d5cabfffca00b84dcf45:0:0,4ba301d907600362cc2ca44543fec288:0:2960826851,7f72af1286d0a9c04d069fdd584ee8ba:1:3174859508,2,1.0,0,0,0,0,0,0,512,1,0,512,0,0,275,0,0,237,1,0,512,0.3874934911727905,113.94308471679688,140,0
1352,A,152,0.0009583191713318229,0.050459299236536026,nan,nan,512,0,0.0009583191713318229,0.050459299236536026,all_rows,512,0,0.005154116079211235,0.0,-0.0004247911274433136,0.0012790175824193284,0.031561450043227524,f8382a4fadc2aab308a4f0b4329129cc:0:0,d9bdf40a64f02a8046aa3433bc87f5a6:0:0,0f62853fb88b3a0f5ae5f2ca4e105105:0:0,19bd0be441eb47d80409bd01a3a8d688:0:1081529051,6bf522cc41b65d1e786b0b9005ede4d6:1:384725508,2,1.0,0,0,0,0,0,0,512,3,0,512,1,0,299,0,0,213,3,0,512,0.393653929233551,111.85572052001953,117,0
1353,A,153,-0.00353463226929307,0.042160872370004654,nan,nan,512,0,-0.00353463226929307,0.042160872370004654,all_rows,512,0,0.00784858874976635,0.007161458333333333,-0.0012614689767360687,0.0008887925650924444,0.04602970299310982,2c911229498310e77704b5a41c4f25cc:0:0,2fbe8d66a7a092268ebfd7b4c8e41694:0:0,04ea759bc303e3f61b86fa3cc95d12c5:0:0,624ccf8243a90d0d33e677204e12ea88:0:3152512337,077e5401c054a1ba17819d4a1d2603a6:0:142599333,3,1.0,0,0,0,0,0,0,512,1,0,512,0,0,262,0,0,250,1,0,512,0.3899281620979309,113.12218475341797,124,0
1354,A,154,0.0015673941234126687,0.04228106141090393,nan,nan,512,0,0.0015673941234126687,0.04228106141090393,all_rows,512,0,0.005057976581156254,0.001953125,-0.0005051754415035248,0.000893962598638609,0.018994802958332002,91e10724f3e0a2925fb0859f2a4d21cc:0:0,4e8bfde856a7d76432f8c505c78470ab:0:0,e125b0f545ff506353b0efb24527ee50:0:0,f1af37524df466a02c12f335433cfe88:0:3688646256,d2424628631abcd201e59c437ce95a25:1:2108076543,1,1.0,0,0,0,0,0,0,512,2,0,512,1,0,264,0,0,248,2,0,512,0.4103182852268219,111.39486694335938,128,0
1355,A,155,-0.0003201700747013092,0.04237617924809456,nan,nan,512,0,-0.0003201700747013092,0.04237617924809456,all_rows,512,0,0.006283101160079241,0.015625,0.0007513812743127346,0.000900181767065078,0.03256693301955238,238a1038deeb9034fe113a215c8b1dcc:0:0,22636a222c4034ee7f2036217ba83ab4:0:0,3fa209ffe310da159dd099b1377195bb:0:0,8fe0b20d62ce1e20814211d483271288:0:1010639253,6f9ef88b2030892301d6a13c934e5565:0:1876658381,2,1.0,0,0,0,0,0,0,512,3,0,512,3,0,252,0,0,260,3,0,512,0.4084304869174957,110.09275817871094,137,0
1356,A,156,0.0022579573560506105,0.045252297073602676,nan,nan,512,0,0.0022579573560506105,0.045252297073602676,all_rows,512,0,0.005126032512634993,0.0048828125,0.0001727929338812828,0.0010169054294237867,0.060707919008564204,2b5c58aa158a5f3e2b7beca6b30919cc:0:0,1a5e41af9c55cbe0e2ee7aeef26ca216:0:0,e5565ec7b268aa3ac342a08eb8c030f7:0:0,0ed45b7baae7bcf6a08973920dd12688:0:3586893085,286fd9fa1ffe430dc787f78ab12ec066:0:3673946635,4,1.0,0,0,0,0,0,0,512,2,0,512,0,0,291,0,0,221,2,0,512,0.41912367939949036,108.54237365722656,97,0
1357,A,157,-0.0011546441819518805,0.04326736181974411,nan,nan,512,0,-0.0011546441819518805,0.04326736181974411,all_rows,512,0,0.0024171778932213783,0.019921875,-0.0005513111129403115,0.0009345857019070536,0.1371386990067549,e4cce0d05d915cef5b31f6ab2dc715cc:0:0,079f665c1e49d13456bfb630b055bef7:0:0,63de8f3c84eab985e956f752d1686634:0:0,36091b37c3f0110ae3617901e33b3a88:0:1544989507,928bbbf55bb74adc32cc1c2f8db521e9:1:2908759731,10,1.0,0,0,0,0,0,0,512,0,0,512,0,0,285,0,0,227,0,0,512,0.419776052236557,109.33663177490234,128,0
1358,A,158,-0.0015389189356938004,0.04508555680513382,nan,nan,512,0,-0.0015389189356938004,0.04508555680513382,all_rows,512,0,0.005761631764471531,0.01953125,-0.000744879866639773,0.001014016520154352,0.04386132099898532,b7863e0c2a6bc5819660f1aaccc511cc:0:0,b9872450c4a94ea47125e048449d626c:0:0,117bb9059b35f4a5805c16ee1da84b6c:0:0,58f9b4c6f4b52c2ca3a542b803654e88:0:1099600877,31d3bd7a95002815358e2f428786e4b3:1:3395306969,3,1.0,0,0,0,0,0,0,512,0,0,512,2,0,292,0,0,220,0,0,512,0.4235493540763855,110.01100158691406,100,0
1359,A,159,-0.0014628578210249543,0.05166138336062431,nan,nan,512,0,-0.0014628578210249543,0.05166138336062431,all_rows,512,0,0.0060155331157147884,0.0380859375,0.0008728245738893747,0.0013269477640278637,0.056468279974069446,ffe327c480d29f8a7822b72190030dcc:0:0,c2cbddbf21e2e47a2bce1193abbd388e:0:0,aadc8df2a1668b94348c2521bf059261:0:0,fd1ffe2004afde394f92b1486e4f6288:0:1696243408,0de4b7c29bcba6d135f35108743c7e53:0:1191378137,4,1.0,0,0,0,0,0,0,512,2,0,512,3,0,274,0,0,238,2,0,512,0.4133078455924988,110.80530548095703,111,0
1360,A,160,0.0022614123299717903,0.046972353011369705,nan,nan,512,0,0.0022614123299717903,0.046972353011369705,all_rows,512,0,0.002837481675669551,0.021484375,-0.0023429129272699357,0.0011039523262297735,0.13484555698232725,306b95beec0d4ba1297d608b778109cc:0:0,eee5668b2645be70112556db1c698d30:0:0,65fe48ce93366066f04225fe162769cb:0:0,8cc2bf4d348caa037dca654723f97688:0:1122941841,0d82fa5cb22688f0bfebda7989f9255e:0:3595379716,10,1.0,0,0,0,0,0,0,512,0,0,512,1,0,288,0,0,224,0,0,512,0.40355849266052246,112.18294525146484,124,0
1361,A,161,0.007384392432868481,0.03940660506486893,nan,nan,512,0,0.007384392432868481,0.03940660506486893,all_rows,512,0,0.00620088679715991,0.018880208333333332,-0.002722708818813165,0.000747848185710609,0.08259289397392422,0bc2369fe537c8435d634764833f05cc:0:0,3b1fbcbf9446bab7c95e25f859a70dd6:0:0,37b81d75e1d366d4574d6d6f4deaf018:0:0,58691f68954634fa014fbf4824638a88:0:2532952420,ac846ca1b10174efe12eec8b86e3b0d3:1:88538200,6,1.0,0,0,0,0,0,0,512,0,0,512,1,0,279,0,0,233,0,0,512,0.39853435754776,112.33592224121094,126,0
1362,A,162,-0.0036591305397450924,0.043058283627033234,nan,nan,512,0,-0.0036591305397450924,0.043058283627033234,all_rows,512,0,0.005543762352317572,0.00439453125,0.0017607726622372866,0.000924535866943188,0.05638060701312497,0ed103de4d0aa9fa4cb30528b33d01cc:0:0,4ec69354608ca8dbbdc35c7938fda23f:0:0,8c0d0ad412fd2e64ee4fa47bdad69f28:0:0,c455f8c4bb65318efd88dfdf6f8d9e88:0:2475551348,f2df9ac68eeaabcdba21b3d8c8437389:0:2413990372,4,1.0,0,0,0,0,0,0,512,1,0,512,0,0,296,0,0,216,1,0,512,0.40716761350631714,113.04708099365234,111,0
1363,A,163,0.0027327644638717175,0.04438222944736481,nan,nan,512,0,0.0027327644638717175,0.04438222944736481,all_rows,512,0,0.002401947509497404,0.0236328125,0.0013095025904476642,0.0009797347680432721,0.13460676197428256,23b0b2f0d8a0c7bfb2377354077afdcc:0:0,1ebb38188d8afb73214370a8a056fda2:0:0,b054d9b4819b3e69db3a78814d4a7ba1:0:0,1c98f7a68bf9c45efa3ea7a10577b288:0:2915912864,e2e83478e66a040bc7d2925d0a6460ee:0:983967212,10,1.0,0,0,0,0,0,0,512,0,0,512,1,0,272,0,0,240,0,0,512,0.4228147864341736,112.45777893066406,120,0
1364,A,164,0.00427262345328927,0.0470697358250618,nan,nan,512,0,0.00427262345328927,0.0470697358250618,all_rows,512,0,0.0072471690364181995,0.001953125,-0.0014393283054232597,0.0011147285113111138,0.017549487005453557,a2ffb9f891b69ba2c6a7ab627ff8f9cc:0:0,98c6d2e68865966b13203535263308dc:0:0,ab8d283f19972a6246ed81464903635d:0:0,d3d30487a0e26417f79cb720e621c688:0:4214912108,6b43efa756de833df65e0574d53feb73:0:4166652839,1,1.0,0,0,0,0,0,0,512,0,0,512,1,0,267,0,0,245,0,0,512,0.42271700501441956,112.0245361328125,124,0
1365,A,165,-0.00793253630399704,0.041941896080970764,nan,nan,512,0,-0.00793253630399704,0.041941896080970764,all_rows,512,0,0.010789667256176472,0.0478515625,-0.000206836499273777,0.0008865018025971949,0.03198530001100153,c76290a7cadf57ad3ca706d01cb6f5cc:0:0,09ef9e8ed5e652728793f256f01aef53:0:0,885758001bd86a09adc673b6e413649f:0:0,917f2c6b81f4342082316ef3118bda88:0:2299002602,26573474ee9f2ee165bc2c35fe004552:0:3651270028,2,1.0,0,0,0,0,0,0,512,1,0,512,0,0,283,0,0,229,1,0,512,0.41598501801490784,113.52823638916016,112,0
1366,A,166,0.009073954075574875,0.041309669613838196,nan,nan,512,0,0.009073954075574875,0.041309669613838196,all_rows,512,0,0.007285099942237139,0.0400390625,-0.0020000492222607136,0.0008715964795555919,0.032314968993887305,49f7c4a1282baf083cc51f18ddb4f1cc:0:0,c4297a4dc8dea73c38b51e1f5febdcd4:0:0,62908269be95e9fe4e1d0c426b46726f:0:0,1728ff64b098d9fec6edefab87b5ee88:0:3062769798,8dceee590187d475b2c9e88cf2f63a51:1:3194895812,2,1.0,0,0,0,0,0,0,512,0,0,512,1,0,275,0,0,237,0,0,512,0.4056340754032135,115.27732849121094,132,0
1367,A,167,-0.00207620020955801,0.04555222764611244,nan,nan,512,0,-0.00207620020955801,0.04555222764611244,all_rows,512,0,0.004483552183955908,0.01953125,-0.0031659829895943404,0.0010367776703787968,0.13323040201794356,2ae763069cbe5361617dcdb8c2f2edcc:0:0,ea8a2774a422c12209071fb1fe2b868d:0:0,6a365d649f0f4173897ce3358812580c:0:0,533536f94375cd7fa72619de48a00288:0:1560248129,7e9f9afe16424d05859f9b0afecec27e:0:3508084471,10,1.0,0,0,0,0,0,0,512,1,0,512,2,0,303,0,0,209,1,0,512,0.4081268310546875,116.57073211669922,108,0
1368,A,168,-0.0017896320205181837,0.03958769515156746,nan,nan,512,0,-0.0017896320205181837,0.03958769515156746,all_rows,512,0,0.008112925104796886,0.011439732142857142,-0.00013818638399243355,0.000781979993917048,0.09486534702591598,f31e1f6c7dca268fb3392c2bcc70e9cc:0:0,aa980aa3a69b8049b1362c7e740c7dcc:0:0,b7e41297d411225657daabf140e82090:0:0,9e8163a98fb1239dcc908e1f544a1688:0:1840772714,ff5ab27d2ec95da65ceaa04ad57b6082:0:1197483119,7,1.0,0,0,0,0,0,0,512,0,0,512,1,0,283,0,0,229,0,0,512,0.4056027829647064,115.63645935058594,127,0
1369,A,169,-0.0011866053100675344,0.047545403242111206,nan,nan,512,0,-0.0011866053100675344,0.047545403242111206,all_rows,512,0,0.01096007414162159,0.01611328125,0.0016335388063453138,0.0011284872962278314,0.056647210964001715,47f982e10b762078a44b93edfa2ee5cc:0:0,c2b863a5422c8c9fd7242851b793e2ee:0:0,b9b51b6b35ae133f791ac942225a6c48:0:0,cae3626e1d67d428bd46ad02aab42a88:0:1943743988,4d32b09f589606d5f1762b5f0ae411ef:0:1122457480,4,1.0,0,0,0,0,0,0,512,3,0,512,0,0,296,0,0,216,3,0,512,0.4040205180644989,116.78683471679688,121,0
1370,A,170,0.0012776171788573265,0.04526829719543457,nan,nan,512,0,0.0012776171788573265,0.04526829719543457,all_rows,512,0,0.008872012607753277,0.032924107142857144,-0.0023494231115494457,0.0010236539362397576,0.09563958802027628,bb6b4c351022e9350cf59e7b4c2ce1cc:0:0,17b0fd4dc098bb8b6accfe5e109748af:0:0,fe34bbd6d9d5562cd8f93fe87a7555f5:0:0,fe397094e4e97a2befc4971c4bde3e88:0:603705105,aa07a1713cdf290ca1eef5750ecc6d89:0:17597649,7,1.0,0,0,0,0,0,0,512,1,0,512,2,0,274,0,0,238,1,0,512,0.3994689881801605,114.70899963378906,130,0
1371,A,171,0.002146877581253648,0.03952860087156296,nan,nan,512,0,0.002146877581253648,0.03952860087156296,all_rows,512,0,0.0059531498700380325,0.0032552083333333335,0.001011749729514122,0.0007818963398070385,0.043840800994075835,9f27052e768e27762764254fc26addcc:0:0,c7f9ab6a8965a96456a8cc8f1e3da607:0:0,8d7af623306e27f234ef41de3e5e304c:0:0,0307ddf8924d8f15dee92d0037c85288:0:3723423992,ea3804f4bfd1b214d385a6dcceee1f06:0:1869122076,3,1.0,0,0,0,0,0,0,512,0,0,512,1,0,272,0,0,240,0,0,512,0.41875988245010376,113.22489166259766,112,0
1372,A,172,-0.007271845359355211,0.04604749381542206,nan,nan,512,0,-0.007271845359355211,0.04604749381542206,all_rows,512,0,0.008529042825102806,0.013671875,-0.0019194642081856728,0.0010752002708613873,0.017812123987823725,8c05a6c9f74f832a8bb041e75ce8d9cc:0:0,d4401df6a39192869e7ab99882ea75fa:0:0,9e66359c4eb558a4f60091bd5eefc05b:0:0,67519b1f4cf6209f1df60f426e726688:0:1109593021,b3ee2850bb1f5719e90f7eb65c3866ad:1:1852732019,1,1.0,0,0,0,0,0,0,512,2,0,512,0,0,294,0,0,218,2,0,512,0.4230476915836334,114.2793197631836,118,0
1373,A,173,0.004409716930240393,0.041359324008226395,nan,nan,512,0,0.004409716930240393,0.041359324008226395,all_rows,512,0,0.005583915393799543,0.013671875,-8.37252785762151e-05,0.0008681486457741509,0.04346436896594241,8c2ff92d3e2b5c632bdf4dbe1ba6d5cc:0:0,3fd3afbf284a416efa88add9619f14ab:0:0,b8f7619e8efc8757c9ed7e8b01832532:0:0,1f2d3261409401716c8f9e76efdc7a88:0:4075242840,2b67331cfee9e912ecb8c58cdd1b8c18:1:1118959613,3,1.0,0,0,0,0,0,0,512,2,0,512,0,0,291,0,0,221,2,0,512,0.4206252098083496,115.78971862792969,123,0
1374,A,174,-0.006898984778672457,0.04378899186849594,nan,nan,512,0,-0.006898984778672457,0.04378899186849594,all_rows,512,0,0.008411229588091373,0.005859375,-0.001567469909787178,0.0009786848968360573,0.01745594898238778,ab112a6727b736784fe2e24ffea4d1cc:0:0,5f5d3feb336d05d9a025c40266a8138c:0:0,3777a3bbafda60e8be4bfd4a88e3c4d1:0:0,155020c9e540748ecabcfb31bc068e88:0:922707679,9e0570462296c46d9ed739080d81a339:0:2623418062,1,1.0,0,0,0,0,0,0,512,1,0,512,0,0,292,0,0,220,1,0,512,0.44691896438598633,115.18090057373047,119,0
1375,A,175,-0.002184125827625394,0.039350397884845734,nan,nan,512,0,-0.002184125827625394,0.039350397884845734,all_rows,512,0,0.00573545228689909,0.046875,0.002975184004753828,0.0007857420860091224,0.03232132596895099,5dcfe197f7cbd76e9198d91905e2cdcc:0:0,142da1f48cda76c9ce62f0d1f1fbb19c:0:0,3b99bf6038238291a73be74dce386d56:0:0,cb26fcf9c44053788ce80606d2f0a288:0:3200239020,c53a716f1267b86a8ece5874935c5823:1:344834205,2,1.0,0,0,0,0,0,0,512,1,0,512,2,0,295,0,0,217,1,0,512,0.45326024293899536,113.60746002197266,126,0
1376,A,176,0.005375656299293041,0.04382439702749252,nan,nan,512,0,0.005375656299293041,0.04382439702749252,all_rows,512,0,0.008179704658687115,0.01953125,-0.002850789111107588,0.000963423153734766,0.03118581901071593,0654da97a9411b9bd8cb4b953160c9cc:0:0,2c56160e99ac986ec34e8716a2238bf8:0:0,65bb723f7f7d0fa6521998012ff52512:0:0,8ed167e13704af166fdd5f8a349ab688:0:1618199347,aa868447122f7b4c087cf1f7b5c2d591:1:1814690667,2,1.0,0,0,0,0,0,0,512,1,0,512,1,0,281,0,0,231,1,0,512,0.4563036561012268,112.46835327148438,120,0
1377,A,177,-0.008494504727423191,0.05181903764605522,nan,nan,512,0,-0.008494504727423191,0.05181903764605522,all_rows,512,0,0.006255602464079857,0.0291015625,-0.002666046004742384,0.0013403566204942762,0.13501368497963995,05fad8acb76f7d8c57309340811ec5cc:0:0,df23119a49f545ce2d6bc226164934d3:0:0,925c2edb28f5a187f01f8fa0d72c360e:0:0,8a3d64bf5dfceb5daccc684fe104ca88:0:792594549,0093d32f71762c59a68a02045683cfaa:1:2786709803,10,1.0,0,0,0,0,0,0,512,1,0,512,1,0,278,0,0,234,1,0,512,0.46512094140052795,111.02657318115234,132,0
1378,A,178,-0.0042067840695381165,0.04693596437573433,nan,nan,512,0,-0.0042067840695381165,0.04693596437573433,all_rows,512,0,0.005133931525051594,0.029296875,-0.0008250915755828222,0.0011063270503655076,0.0443751560524106,b0247d6201f35227846b4996f51cc1cc:0:0,f12b0236bd46e5f8f88222dc7b9bfddd:0:0,43d4455b440229921e030aef62f5e698:0:0,ae666b634cce55b80d4740ebd82ede88:0:1897045009,2863cd1e0a73f92bac6dbc6a542f30ed:0:1906377628,3,1.0,0,0,0,0,0,0,512,2,0,512,0,0,268,0,0,244,2,0,512,0.44921955466270447,112.2845687866211,126,0
1379,A,179,0.008012374863028526,0.043485552072525024,nan,nan,512,0,0.008012374863028526,0.043485552072525024,all_rows,512,0,0.009161876514554024,0.0087890625,-0.003117680549621582,0.0009491750970482826,0.03267834096914157,34614b06ab2db9151a0a48148d5abdcc:0:0,55de7a7e42dfef32e633e74d23d89db1:0:0,c0268c2cca84134226d1d75fbe887dda:0:0,eb2951402985362aff42c9f21a18f288:0:451292300,9f7ade73492b7082c659c257af7a93dd:0:1238148038,2,1.0,0,0,0,0,0,0,512,0,0,512,2,0,284,0,0,228,0,0,512,0.46292173862457275,110.98303985595703,118,0
1380,A,180,-0.012092923745512962,0.04381696879863739,nan,nan,512,0,-0.012092923745512962,0.04381696879863739,all_rows,512,0,0.005270184483379126,0.0,-0.001525113359093666,0.0010206745937466621,0.02030113898217678,8fc3d0df11ff41620f88a83549d8b9cc:0:0,565f995d6641957345d7293ab1ab6563:0:0,572b3b17486f9d650e84777e2e01afab:0:0,e9ef0377bc535b3ea916a3f6a6c30688:0:1047011398,553874f4fa6e2538c942956074656c01:0:1514786019,1,1.0,0,0,0,0,0,0,512,1,0,512,1,0,291,0,0,221,1,0,512,0.46987462043762207,109.25920867919922,104,0
1381,A,181,-0.022111469879746437,0.051572561264038086,nan,nan,512,0,-0.022111469879746437,0.051572561264038086,all_rows,512,0,0.007874983362853527,0.03271484375,0.0052867133636027575,0.0013398816663539037,0.060011875990312546,01cfb18a47384265964dc3752a96b5cc:0:0,d147b475c78e8dffaf79f1316f4eb976:0:0,06586a9ac93b388dfad38df859a5bad0:0:0,4a64fd91ad7020a4fd7d2f8d7e2d1a88:0:1317744070,da54111fc36e9d26c3f2e36de1a54df1:0:2613692555,4,1.0,0,0,0,0,0,0,512,2,0,512,1,0,291,0,0,221,2,0,512,0.4839743673801422,108.1525650024414,98,0
1382,A,182,-0.00973019190132618,0.043561901897192,nan,nan,512,0,-0.00973019190132618,0.043561901897192,all_rows,512,0,0.006604872178286314,0.025390625,-0.0010350840166211128,0.0010053082078229636,0.04338135803118348,a736e29b9f3ae8e615ad33502f94b1cc:0:0,02951b202e751d6b155a773707f29f34:0:0,b6aa2a8a6b19a2040807299cdef1bdd9:0:0,d7536e286eadf0a0cf938d4aa0572e88:0:119215735,ca5db2ceedc0947fdce4f0626fff1c7f:0:1353392271,3,1.0,0,0,0,0,0,0,512,0,0,512,0,0,272,0,0,240,0,0,512,0.4751230776309967,109.19050598144531,112,0
1383,A,183,0.00936234463006258,0.03960518538951874,nan,nan,512,0,0.00936234463006258,0.03960518538951874,all_rows,512,0,0.006660939659923315,0.016276041666666668,0.00011119556923707326,0.0008107120520435274,0.04363314498914406,ffba2ee4404af87e26e6d14258d2adcc:0:0,492d4c115b66b799ddea86a1170ef6c3:0:0,a024d16e2be3a42882154a939251b7e3:0:0,f91e14678e59402ce6d99dc20d414288:0:2132682390,f442f9db27be6e818d2bce99f97cf1fe:1:3410606614,3,1.0,0,0,0,0,0,0,512,0,0,512,1,0,269,0,0,243,0,0,512,0.4637161195278168,108.99317169189453,118,0
1384,A,184,-0.008637338876724243,0.04664629325270653,nan,nan,512,0,-0.008637338876724243,0.04664629325270653,all_rows,512,0,0.016159307211637497,0.048828125,-0.0017903642728924751,0.0011097135138697922,0.030847241985611618,8929ab64ce0741419126b6c7a650a9cc:0:0,be1e7c2dfb49893f430d658f7da22b67:0:0,9a13072440eeeec73095670768245959:0:0,7e5e0ec9f0f505e313320187c4eb5688:0:1748805334,1c6d859be4d9ec69c306aed959043490:0:4089370198,2,1.0,0,0,0,0,0,0,512,1,0,512,1,0,296,0,0,216,1,0,512,0.45036596059799194,109.96598052978516,95,0
1385,A,185,0.00426122872158885,0.040531206876039505,nan,nan,512,0,0.00426122872158885,0.040531206876039505,all_rows,512,0,0.005096792243421078,0.0,-0.0008957292884588242,0.0008380447688978165,0.01767808198928833,83f6715b9288c9a245853d5c180ea5cc:0:0,cc93255a52da0cf84c2681eb47361b01:0:0,9bafa86ceae60009b3a30f6331f0d08b:0:0,540815192f68aba340e2192fc7556a88:0:3993589927,251a995e8cd4f8e6c6f5a7124e809842:1:1383200671,1,1.0,0,0,0,0,0,0,512,1,0,512,0,0,266,0,0,246,1,0,512,0.43059802055358887,112.0488510131836,119,0
1386,A,186,0.01172728557139635,0.04880717396736145,nan,nan,512,0,0.01172728557139635,0.04880717396736145,all_rows,512,0,0.007065862417221069,0.005859375,0.004452432505786419,0.0012355446233414114,0.01776671502739191,aa478e5fc5a3ac955b06fe7bae0ca1cc:0:0,f711c18ae973bd7ad58af821036e5624:0:0,8c2ae7bf824ea4e8f04b42a69611d046:0:0,a07bed4217337afa8c92054e147f7e88:0:201542660,7fb4435eaf47a7a0c151b26da637dc28:0:316733201,1,1.0,0,0,0,0,0,0,512,1,0,512,1,0,286,0,0,226,1,0,512,0.4284711182117462,113.41000366210938,102,0
1387,A,187,-0.0027162933256477118,0.045898228883743286,nan,nan,512,0,-0.0027162933256477118,0.045898228883743286,all_rows,512,0,0.007689043879508972,0.001953125,-0.0014889240264892578,0.0010788481449708343,0.017785562959033996,6550b5f6d2c5abf80a9cd3a2684a9dcc:0:0,b063b5876df08f1b8e6928f913634fbc:0:0,6e7e3038c985a579638cccb68c061a2d:0:0,926754250a39844a574ca676ac699288:0:979698028,01d6f13b4320bcf86b62be7da56d2ddd:1:1790201670,1,1.0,0,0,0,0,0,0,512,1,0,512,2,0,276,0,0,236,1,0,512,0.4170878529548645,114.9625244140625,110,0
1388,A,188,-0.008560121059417725,0.04048311710357666,nan,nan,512,0,-0.008560121059417725,0.04048311710357666,all_rows,512,0,0.010088837705552578,0.01171875,-9.94224101305008e-05,0.0008503239077981561,0.01771469903178513,2201d68cbdee7734ab23d64c46c899cc:0:0,d6ec377734a97bea755018174d8d4099:0:0,4a88c80a34d26df13180329839afd7b9:0:0,c058111bbbbe00af5a7f9d3d8f13a688:0:2351314093,000d254ccda6ca122080571c33bdb3ec:0:546140752,1,1.0,0,0,0,0,0,0,512,0,0,512,1,0,280,0,0,232,0,0,512,0.4075194299221039,116.56556701660156,130,0
1389,A,189,-0.00426253629848361,0.039903171360492706,nan,nan,512,0,-0.00426253629848361,0.039903171360492706,all_rows,512,0,0.008881177753210068,0.021484375,0.005465090274810791,0.0007959577196743339,0.017564663023222238,124b4635083da627ad655ff5498695cc:0:0,c6edc8a12891a97cd26fb73e08392528:0:0,93fd03d952db9f3ce0158fc250741900:0:0,daee7c80881f2ea8bbfb4a36bc7dba88:0:1423628497,005f125f89ebc8264a21ad1e26ca246f:0:1249820481,1,1.0,0,0,0,0,0,0,512,2,0,512,1,0,281,0,0,231,2,0,512,0.3978019654750824,118.60918426513672,130,0
1390,A,190,0.0024803136475384235,0.04182535782456398,nan,nan,512,0,0.0024803136475384235,0.04182535782456398,all_rows,512,0,0.006258632056415081,0.0026041666666666665,0.0021401094272732735,0.0008845022142243882,0.0441043860046193,2f62ca15b492684498170a19708491cc:0:0,2d8a711bc90b173648ff77cf07cefa40:0:0,bb91a6bbc38f4579c537e7226bfe9eb8:0:0,5c9b671664e7a97f21f2cdf634a7ce88:0:2161110778,7504812de0a12b885d07d8b7e0828e93:0:18688217,3,1.0,0,0,0,0,0,0,512,1,0,512,0,0,269,0,0,243,1,0,512,0.3945356607437134,120.47381591796875,134,0
1391,A,191,-0.0056947884149849415,0.04774840176105499,nan,nan,512,0,-0.0056947884149849415,0.04774840176105499,all_rows,512,0,0.0053063188679516315,0.0146484375,0.004388295346871018,0.001145156566053629,0.03130835702177137,f7f245da4cb8e7fb03daae34bbc28dcc:0:0,a22b141fde8c9b5106f44f431ce9fb9a:0:0,7f6b58253f9f2f9b189a9a91db5f1e4e:0:0,797209c326c93b6bc6fc090ff791e288:0:1164142478,12b02f6bc01b9dbf7712cc4c06d437e1:0:3864669746,2,1.0,0,0,0,0,0,0,512,0,0,512,0,0,303,0,0,209,0,0,512,0.4047035276889801,119.29273223876953,108,0
1392,A,192,0.005731670185923576,0.04062354564666748,nan,nan,512,0,0.005731670185923576,0.04062354564666748,all_rows,512,0,0.007511525880545378,0.009765625,-0.0008205315098166466,0.000839264685055241,0.0323681760346517,6f21670907a1625b973e65c32b4089cc:0:0,648cd1114042353cd56954175b3f612e:0:0,aff8dc591c2101ef27c1d654806c573f:0:0,829872a09b152a7f8e0f9c18053bf688:0:2653871351,e3c21494aca53caea5580097360e135a:0:2585002906,2,1.0,0,0,0,0,0,0,512,2,0,512,0,0,288,0,0,224,2,0,512,0.3937954008579254,118.16333770751953,120,0
1393,A,193,-0.004429544322192669,0.04597098007798195,nan,nan,512,0,-0.004429544322192669,0.04597098007798195,all_rows,512,0,0.007468225434422493,0.0032552083333333335,-0.0010508488242824872,0.001067429460817948,0.044572015991434455,93402290711cf2fd02bc8a40befe85cc:0:0,088368a75f7fca6840bbfa295369f2b1:0:0,5e6cb0148019a3664ff74778373d8b11:0:0,e606c5fbb246004a1688e7a25da60a88:0:1192307959,8fa944f4d630311098c574b8bd1e231b:0:2372256321,3,1.0,0,0,0,0,0,0,512,1,0,512,0,0,276,0,0,236,1,0,512,0.4036368131637573,116.55313110351562,131,0
1394,A,194,-0.0004514572210609913,0.04215122014284134,nan,nan,512,0,-0.0004514572210609913,0.04215122014284134,all_rows,512,0,0.017786219716072083,0.023046875,-0.00022048726677894592,0.0008894058060832322,0.07231627899454907,20b85960339c1420fcbbb52976fc81cc:0:0,1be3bd553734e190cca7f446e2f13938:0:0,605d0e452a11f350d7881a134d5c4e29:0:0,974f9f6bb92ecc40d0260c4300d01e88:0:1171256982,c5bf496cf1520a3f14f88af0fc86f393:1:3788375786,5,1.0,0,0,0,0,0,0,512,3,0,512,0,0,289,0,0,223,3,0,512,0.4044407308101654,118.21607208251953,144,0
1395,A,195,0.00460951728746295,0.04530128836631775,nan,nan,512,0,0.00460951728746295,0.04530128836631775,all_rows,512,0,0.006866909563541412,0.0126953125,0.0012368224561214447,0.001021859425236471,0.03232370800105855,4419735be46ad3193d8ebff9533a7dcc:0:0,5e1449f133dca5586723912b8a7c2489:0:0,1f2e212929c9e17f3747758a3df57126:0:0,abd9e8be5e63e0e60f07ea8deeba3288:0:2364290676,1274c3fb4364a212e383b9e0955aff4c:0:4011816865,2,1.0,0,0,0,0,0,0,512,0,0,512,0,0,274,0,0,238,0,0,512,0.4331064224243164,116.29196166992188,122,0
1396,A,196,-0.006562874652445316,0.03632955253124237,nan,nan,512,0,-0.006562874652445316,0.03632955253124237,all_rows,512,0,0.006996888667345047,0.018415178571428572,-0.0011397196046475852,0.0006618693005293608,0.15546191501198336,20c93672f2e6b8ec7b74c42c53b879cc:0:0,879c2a36069509c788a4312ea7126a49:0:0,2e753d70629f1698ca1d7cd36d82168b:0:0,f7069a0801710bb01fb2231727644688:0:1168492793,5a3e6baf2135aa640b9fe8cdc4a2bcca:0:1549449542,7,1.0,0,0,0,0,0,0,512,2,0,512,1,0,271,0,0,241,2,0,512,0.43746399879455566,114.81665802001953,124,0
1397,A,197,0.00482923025265336,0.04254593327641487,nan,nan,512,0,0.00482923025265336,0.04254593327641487,all_rows,512,0,0.005352906417101622,0.04443359375,-0.0032977653900161386,0.0008894868587958626,0.09049656899878755,0d6992251b2a673b66991b3e787675cc:0:0,9755fcbca9862ef3a7e48221e18859ba:0:0,eec9e237cda900f787ef87929763220e:0:0,23f307ba897147b05b0b1672aace5a88:0:947451921,51b440253cfb0551f44248b7199be771:0:237111903,4,1.0,0,0,0,0,0,0,512,1,0,512,2,0,266,0,0,246,1,0,512,0.42772385478019714,115.27433776855469,126,0
1398,A,198,-0.0038453908637166023,0.04477918893098831,nan,nan,512,0,-0.0038453908637166023,0.04477918893098831,all_rows,512,0,0.007641715928912163,0.018012152777777776,0.00038135631216896907,0.0010007749499183977,0.10241751797730103,5f938636fcaae965a5135eabc17471cc:0:0,d7a34763c5af4374120e2f58439c66e9:0:0,23cf57795dee770844a2e2bcefb3c0f4:0:0,d5a2a937c09beafa3a5be53478f86e88:0:3395296707,ce2d5128f11e07861de5950d021c0b06:0:411352672,9,1.0,0,0,0,0,0,0,512,2,0,512,1,0,273,0,0,239,2,0,512,0.4102264642715454,115.4720458984375,138,0
1399,A,199,0.0033197631128132343,0.044708915054798126,nan,nan,512,0,0.0033197631128132343,0.044708915054798126,all_rows,512,0,0.006298829801380634,0.025390625,-0.0026188899452487626,0.0010022297404551257,0.03655381000135094,da63b5d6b542b9eecee767f02eb26dcc:0:0,dbc37b3d31a5b256cfb5bcbe376f0516:0:0,75fa1108db72eee452739999d1f0ee2c:0:0,66199be6f25b4eca6b506ff091e28288:0:3706069254,d7ccee22465d7d21fedc52cf214a01fa:1:2246535992,3,1.0,0,0,0,0,0,0,512,1,0,512,0,0,283,0,0,229,1,0,512,0.43556615710258484,115.43897247314453,105,0
1400,A,200,-0.0070814937353134155,0.04007517918944359,nan,nan,512,0,-0.0070814937353134155,0.04007517918944359,all_rows,512,0,0.005589871201664209,0.025390625,-0.00020573791116476058,0.0008056868595303967,0.10992271098075435,92bd9eeca1267c236a055087c03069cc:0:0,00067dcd441d2aa574803649b2bac251:0:0,bb6d4e1a7c35b6139223715f95229baf:0:0,9c1394684980f26de3f7573af58c9688:0:2776111305,45511e667f8ff36dee1b016c9eb58df2:0:1062196645,10,1.0,0,0,0,0,0,0,512,0,0,512,0,0,282,0,0,230,0,0,512,0.4456332325935364,114.59683227539062,117,0
1401,A,201,0.013621550984680653,0.04522385448217392,nan,nan,512,0,0.013621550984680653,0.04522385448217392,all_rows,512,0,0.0064340615645051,0.0224609375,-0.002746161713730544,0.0009264866130251903,0.0876753480406478,a55ecfd0a03f69fde64971ee75ee65cc:0:0,b9d8dae11bbbd03a931d5e94f473bfd9:0:0,3c326f3d0a14b0932e5030f0fb9bf8b6:0:0,c84971132c2b18e8f6c1fba7a3f6aa88:0:581772279,94d16c0c85637c7d5412a253ffede061:0:4225004768,8,1.0,0,0,0,0,0,0,512,0,0,512,1,0,285,0,0,227,0,0,512,0.44669607281684875,113.09681701660156,125,0
1402,A,202,-0.004032498691231012,0.04342670366168022,nan,nan,512,0,-0.004032498691231012,0.04342670366168022,all_rows,512,0,0.005909561179578304,0.0099609375,0.0002942054998129606,0.0009264517138944939,0.10442066803807393,b21bd4188167764b997c65a04fec61cc:0:0,67c7f4ce4c49a7cb4f072a7d207e9029:0:0,aeeccffd13908219927e098b65558fb7:0:0,d962367f92efe15e66847dca9d20be88:0:2569983039,59640840d38e94d7aeae556911f12cb2:1:4276197343,10,1.0,0,0,0,0,0,0,512,0,0,512,1,0,265,0,0,247,0,0,512,0.4406624734401703,112.58417510986328,121,0
1403,A,203,0.004582742694765329,0.04794784262776375,nan,nan,512,0,0.004582742694765329,0.04794784262776375,all_rows,512,0,0.008654135279357433,0.0224609375,-0.0024172887206077576,0.0011370777647243813,0.024245098000392318,f92cebb074032311bb5305194e2a5dcc:0:0,28836ae27b3875237960eeb9fc2ed1ef:0:0,ec3b68ad72e23a04203ff16244e9bb40:0:0,c37ae86d18e1da367a75be37e10ad288:0:1448802795,cb44be73067388e89997de7f9e14c02b:0:3624085017,2,1.0,0,0,0,0,0,0,512,2,0,512,1,0,270,0,0,242,2,0,512,0.42568230628967285,113.35270690917969,117,0
1404,A,204,-0.006907504517585039,0.040872953832149506,nan,nan,512,0,-0.006907504517585039,0.040872953832149506,all_rows,512,0,0.005327229388058186,0.018880208333333332,-0.0014936585600177448,0.0008542202995158732,0.03527808503713459,7788f5eaa0750c32616e69d570a859cc:0:0,5e0d8eb39d79b6a85efd43017aff9f5b:0:0,74fb06b79768dfd824b3961ecabe5ac2:0:0,c0636eed42020f06122f5d836fb4e688:0:862858678,3935f75a2bcb8723cabe591ceed77a95:1:4141600302,3,1.0,0,0,0,0,0,0,512,1,0,512,1,0,279,0,0,233,1,0,512,0.4203222393989563,114.94903564453125,118,0
1405,A,205,0.0027403386775404215,0.039073437452316284,nan,nan,512,0,0.0027403386775404215,0.039073437452316284,all_rows,512,0,0.005060258787125349,0.010602678571428572,-0.0024500624276697636,0.0007574590812769852,0.07612395199248567,ba314caf47e726517b5bed50b76655cc:0:0,d225b1a2ace1407b111e5dc56c25e8de:0:0,d1968379c52a5fe884ef8a7d833889e9:0:0,1b05894935b39135b9adbc41491efa88:0:4136280276,fcf80ae6329bfd3a67bfe0ee4dd7953e:1:915395600,7,1.0,0,0,0,0,0,0,512,1,0,512,2,0,292,0,0,220,1,0,512,0.4203256666660309,113.60435485839844,120,0
1406,A,206,-0.004041888285428286,0.03770400583744049,nan,nan,512,0,-0.004041888285428286,0.03770400583744049,all_rows,512,0,0.008117335848510265,0.02490234375,-0.0025828316574916244,0.0007099229478626512,0.04447410599095747,9a419a730be5b1f9ce952907226451cc:0:0,9867a0bff0ed72e16251ba803ee52ba8:0:0,cafa95779e7c7e50017f887869b80583:0:0,15a5b5adeac47b68bd4ffb056d490e88:0:88560245,f075aef8a4a566afdf5844dec4ccab41:0:4074676838,4,1.0,0,0,0,0,0,0,512,2,0,512,1,0,269,0,0,243,2,0,512,0.4077562391757965,114.56012725830078,121,0
1407,A,207,0.0013717319816350937,0.044360365718603134,nan,nan,512,0,0.0013717319816350937,0.044360365718603134,all_rows,512,0,0.005534302443265915,0.025824652777777776,-0.0038122624003638825,0.0009776752041135398,0.0947851279634051,f0d300153e47e301f27ff674b1a24dcc:0:0,9295953f1696fbe612e22aac11597edb:0:0,311ebda1c6b4e5f16f9ebef73563d15b:0:0,b28cee3c82a06fa43dd7fa63dc332288:0:1173743924,4914205f320d79748dd132a23e513300:1:312291633,9,1.0,0,0,0,0,0,0,512,1,0,512,1,0,283,0,0,229,1,0,512,0.4242735803127289,114.1795883178711,124,0
1408,A,208,0.002678108401596546,0.04215186461806297,nan,nan,512,0,0.002678108401596546,0.04215186461806297,all_rows,512,0,0.00769297918304801,0.02294921875,-0.004761957097798586,0.0008829945145407692,0.045283107028808445,d68a264459e23c314c6e6f15652049cc:0:0,c656b427c227fc2a2dc48172f77360b3:0:0,2627315a173ea027c07afbac2ffce287:0:0,63ed29af51409036446a5af095dd3688:0:2644950567,a2a1fce340319d87057b3c7f95ed59c1:0:2631261380,4,1.0,0,0,0,0,0,0,512,2,0,512,0,0,294,0,0,218,2,0,512,0.419728547334671,113.38278198242188,117,0
1409,A,209,-0.0018702324014157057,0.03890453651547432,nan,nan,512,0,-0.0018702324014157057,0.03890453651547432,all_rows,512,0,0.008063752204179764,0.022135416666666668,0.0006027255052079757,0.0007585869752801955,0.07257049699546769,733c1883047e9f250b9eec653cde45cc:0:0,ab693cb1a67bd17d27c3668a27ae299d:0:0,2c09d8b2e803c149cc0e22b6c93a16fb:0:0,9539af56cf6cf35cd68e7d3f9a474a88:0:1252613582,102f1ae60d24221bdcce291e6f632e79:0:751702847,6,1.0,0,0,0,0,0,0,512,1,0,512,0,0,278,0,0,234,1,0,512,0.4171670973300934,113.29814910888672,110,0
1410,A,210,-0.0019656438380479813,0.039072390645742416,nan,nan,512,0,-0.0019656438380479813,0.039072390645742416,all_rows,512,0,0.006543212570250034,0.015625,-0.0016510393470525742,0.0007626216538483277,0.02644987596431747,02b606643a961075253c07e038dc41cc:0:0,89fbc71112cec15f36e7ef6a711b7998:0:0,363322ce46cb38960b0c9b261fb941ad:0:0,487783c474e391ad0a2e81e4e9715e88:0:3016315030,d1f8aa137f32d6d15bbcd9a749640042:0:1195066213,2,1.0,0,0,0,0,0,0,512,0,0,512,3,0,264,0,0,248,0,0,512,0.4236160218715668,112.0788345336914,139,0
1411,A,211,0.0010868271347135305,0.04415204003453255,nan,nan,512,0,0.0010868271347135305,0.04415204003453255,all_rows,512,0,0.006573332939296961,0.028515625,0.0010005822405219078,0.0009748455137014389,0.05690237897215411,c8a0421185483019505c9b02591a3dcc:0:0,5741738f6afb7042e4232be53ddea79a:0:0,ced6fa37866319bb65db0476f02ec345:0:0,4ff97d0c37f8af3a19974974835b7288:0:2075544269,9d84ed6a257c4862da663f077994aef2:0:3669610957,5,1.0,0,0,0,0,0,0,512,1,0,512,2,0,282,0,0,230,1,0,512,0.4178280234336853,113.47270965576172,119,0
1412,A,212,0.0023280074819922447,0.04490973800420761,nan,nan,512,0,0.0023280074819922447,0.04490973800420761,all_rows,512,0,0.001166917267255485,0.0232421875,-0.0010925859678536654,0.0010034958395408466,0.10673261201009154,7aed09aa5b0c660e0203bf479d9839cc:0:0,67537ad664c59bcbba9a097668be85c7:0:0,1231ebea4b4726e39459ab80a9a5915a:0:0,ab4eeb183044bf7c7778748268058688:0:3868594254,093f1f21483ffdecb976af5c49f64d34:1:739404831,10,1.0,0,0,0,0,0,0,512,0,0,512,1,0,290,0,0,222,0,0,512,0.43225061893463135,112.53253936767578,108,0
1413,A,213,0.0019717623945325613,0.04005001112818718,nan,nan,512,0,0.0019717623945325613,0.04005001112818718,all_rows,512,0,0.006385232787579298,0.0146484375,-0.0036986786872148514,0.000804917435743846,0.026604684011545032,7487db880b98c3396920ce2c065635cc:0:0,d21cca3535e201dae7d8af15c547bbf4:0:0,207ad8f852e1aeae21c1ec74eb829144:0:0,e7a3321c99f3c3f8e2e463a2976f9a88:0:2745753351,bfd388ef2e98e49944edfd415175d00c:0:3948740570,2,1.0,0,0,0,0,0,0,512,0,0,512,0,0,280,0,0,232,0,0,512,0.43648967146873474,112.17002868652344,116,0
1414,A,214,-0.0022705108858644962,0.03833659738302231,nan,nan,512,0,-0.0022705108858644962,0.03833659738302231,all_rows,512,0,0.006476681679487228,0.021484375,0.0013672597706317902,0.0007380389579338953,0.024413056031335145,0d4a43edd77a96906a8f612b935431cc:0:0,201b32ddd9053c89a8fbcb0c346a15b6:0:0,67aa2d0a4c0a00788da5c190d5700c7c:0:0,c3283acd374a25a77b5037691199ae88:0:228861651,ae18ddedb8f9a7581ab36b3206c51c55:1:3690448791,2,1.0,0,0,0,0,0,0,512,1,0,512,0,0,269,0,0,243,1,0,512,0.42646121978759766,113.77200317382812,135,0
1415,A,215,0.0010686081368476152,0.04091944918036461,nan,nan,512,0,0.0010686081368476152,0.04091944918036461,all_rows,512,0,0.00559203838929534,0.0006510416666666666,0.0013225168610612552,0.0008393188181798905,0.03434474900132045,04d73d2913dcb67b9d1751c244922dcc:0:0,43dc2a32502e92ed66d12ed102ffcdf2:0:0,ec1fa556eaef00a8418148b13fc847db:0:0,63253587cdf3091ad493d069d683c288:0:1892389559,dfaf2d5159af6fad683fb924b77ffacb:1:556329949,3,1.0,0,0,0,0,0,0,512,2,0,512,2,0,284,0,0,228,2,0,512,0.4262872040271759,115.12714385986328,129,0
1416,A,216,0.001671376172453165,0.04219098389148712,nan,nan,512,0,0.001671376172453165,0.04219098389148712,all_rows,512,0,0.007041668053716421,0.033203125,0.0008498076349496841,0.000892705938895233,0.025909126037731767,482661a17af77e7c456cb96c1a1029cc:0:0,25f504a23ecfef0fcf4ccc6833b69769:0:0,ef7819606487435ea9d5905c60a57986:0:0,d7a6db3a3dac1d670ae9cf38e62dd688:0:2023757532,ca6f3cb65f33c0dbe34e086b86ef5e71:0:1295480439,2,1.0,0,0,0,0,0,0,512,4,0,512,1,0,266,0,0,246,4,0,512,0.4280771315097809,113.83963775634766,145,0
1417,A,217,-0.008068740367889404,0.04446551948785782,nan,nan,512,0,-0.008068740367889404,0.04446551948785782,all_rows,512,0,0.005517426412552595,0.017578125,-0.0014185036532580852,0.0009944755234755575,0.05495604401221499,c17c51d609a68111522ff1a513ce25cc:0:0,5ba67b11624281242b0244c8c7f174b5:0:0,60e7258d4101d71a9d919449fc33326d:0:0,1956185d6de2e5c8d6ef946a4097ea88:0:54453808,be3c5068644b326327ea9b216cca9bc8:1:2526155011,5,1.0,0,0,0,0,0,0,512,2,0,512,0,0,285,0,0,227,2,0,512,0.427398145198822,112.2380142211914,106,0
1418,A,218,-0.0057298485189676285,0.04146413877606392,nan,nan,512,0,-0.0057298485189676285,0.04146413877606392,all_rows,512,0,0.0007792932447046041,0.0048828125,-0.0003140508895739913,0.0008592171943746507,0.11312253901269287,9c8dcebf0a9feddc57ed93e931cc21cc:0:0,11aef1ec97a79f938da583b8862fce26:0:0,0affd621486b307bba1dd5e12c7360a2:0:0,d065e3f10fd77e0ca1a54091e5c1fe88:0:171314849,d3358f35d58b929a7527172159ebe19e:0:696338630,10,1.0,0,0,0,0,0,0,512,0,0,512,0,0,293,0,0,219,0,0,512,0.41887447237968445,112.44989776611328,111,0
1419,A,219,-0.0006621036445721984,0.043288324028253555,nan,nan,512,0,-0.0006621036445721984,0.043288324028253555,all_rows,512,0,0.00599942309781909,0.0296875,-0.004108479898422957,0.0009304554725531489,0.05627330701099709,b8d7238a2fc9ac068d1e79b4740a1dcc:0:0,bbfe5489ac54f36cdccf37541f9a354e:0:0,5f0af8d919787895430778f8311ed523:0:0,b198edf6f2d8d9b5986db443d5ac1288:0:2605872972,2bc7d94a1a17ec902fcb2362f6370d3a:1:1786839870,5,1.0,0,0,0,0,0,0,512,1,0,512,2,0,280,0,0,232,1,0,512,0.4140527546405792,112.50664520263672,111,0
1420,A,220,0.0016381925670430064,0.04358483478426933,nan,nan,512,0,0.0016381925670430064,0.04358483478426933,all_rows,512,0,0.006793066393584013,0.005859375,-0.00037443699936072033,0.0009496819014505794,0.039273673959542066,2f099021da2828e5c627bc82da8819cc:0:0,668b49714cd25accf16547b2bbc27976:0:0,5be056221955302e33a0fb1fcdf603c6:0:0,c2d3ce7f682e7de4c10e901410562688:0:1584101496,13e7de00edbed8ba568f2958b787f482:1:2220265333,3,1.0,0,0,0,0,0,0,512,0,0,512,0,0,281,0,0,231,0,0,512,0.42666560411453247,112.35993194580078,125,0
1421,A,221,-0.0056311022490262985,0.04224861413240433,nan,nan,512,0,-0.0056311022490262985,0.04224861413240433,all_rows,512,0,0.007054781541228294,0.0205078125,0.0004551963065750897,0.0008764062004047446,0.09739374101627618,1814786cf0e2dae1715ab5d0654615cc:0:0,2a2433736dc10d16df88d2d9fd3f9131:0:0,e7eda06969fd5b121330eeb4f1565817:0:0,0e486feaf443b6000db0349695c03a88:0:8325999,4a784eb27b4049cf0111c39bd2883161:0:506172122,8,1.0,0,0,0,0,0,0,512,0,0,512,1,0,272,0,0,240,0,0,512,0.43468308448791504,110.77301788330078,131,0
1422,A,222,0.0018997873412445188,0.044468700885772705,nan,nan,512,0,0.0018997873412445188,0.044468700885772705,all_rows,512,0,0.006546359974890947,0.0126953125,-0.0010163234546780586,0.000991142776911147,0.025445252016652375,71002ab0e7da789792f4ff19144411cc:0:0,be8c3cd9bc174479827accfc9a750625:0:0,9ce65bf57f4d140a65bb32417173db70:0:0,dcc394984aa8431970ddc25f65ea4e88:0:1018007134,ebaf84d6ca476b2b2309035fe3437fba:1:698475082,2,1.0,0,0,0,0,0,0,512,1,0,512,1,0,274,0,0,238,1,0,512,0.4273151755332947,111.58676147460938,125,0
1423,A,223,-0.0026663579046726227,0.04105712100863457,nan,nan,512,0,-0.0026663579046726227,0.04105712100863457,all_rows,512,0,0.0019248115131631494,0.019921875,0.0008033294696360826,0.0008296433748910204,0.10670070600463077,4acc19fbd64ce441c12071d8e7820dcc:0:0,04c728a4de236ba399e30fcdec4d9a04:0:0,02a33c6d7d56d96ff9992d406a223f5a:0:0,27c591c8527a8615f1851a0280d46288:0:1324032069,c4fa98b1a3f1585e7b6a98766e19b05d:1:6547188,10,1.0,0,0,0,0,0,0,512,0,0,512,0,0,271,0,0,241,0,0,512,0.4210757911205292,113.21636199951172,123,0
1424,A,224,0.0026829985436052084,0.04386923089623451,nan,nan,512,0,0.0026829985436052084,0.04386923089623451,all_rows,512,0,0.0063095358200371265,0.03428819444444445,-0.001288866882936822,0.0009439484694869154,0.09798358200350776,b50a6ff8be02cb5a1ff3278bdf0009cc:0:0,03f60abe6616a493a905c6b3b8fbfb7d:0:0,74d6b28a80f056921338f820d95eca6c:0:0,3d93a714b0cf2494bef6dc13e67e7688:0:2755200714,0c1bfed31057cc05dca8c1c5c1b5a746:1:2048288738,9,1.0,0,0,0,0,0,0,512,1,0,512,1,0,287,0,0,225,1,0,512,0.40736740827560425,113.56590270996094,125,0
1425,A,225,-0.0030505103059113026,0.04616529121994972,nan,nan,512,0,-0.0030505103059113026,0.04616529121994972,all_rows,512,0,0.0028446633368730545,0.0166015625,-0.0016101191751658917,0.0010376118356361986,0.11794169701170176,4146dc0c6382fa805d6f79adfabe05cc:0:0,2854d00d1bf52e8aa5c3eb4e5c98185d:0:0,1e8cce097009ce466df9371377211203:0:0,3717bb6816aa289644e6692796e88a88:0:284401550,20cd6be4e96f5b506fc01025c095c3e5:0:3041856891,10,1.0,0,0,0,0,0,0,512,0,0,512,1,0,288,0,0,224,0,0,512,0.40479978919029236,112.15789794921875,125,0
1426,A,226,0.0031776740215718746,0.04596063494682312,nan,nan,512,0,0.0031776740215718746,0.04596063494682312,all_rows,512,0,0.005270970985293388,0.016276041666666668,0.00022912483351926008,0.0010511222450683515,0.0647281359997578,e0a6841557c7659ead8401bb3abc01cc:0:0,500935a014892e36236ba1aca60f10b2:0:0,97faef91e58bc51ce6a1ebd65fb6f685:0:0,8bf0bdfa501d9ae33f69e1d192129e88:0:4035166490,439d86621d71a04a0158b30590070c3d:0:2893497029,6,1.0,0,0,0,0,0,0,512,1,0,512,0,0,307,0,0,205,1,0,512,0.41113242506980896,112.61003112792969,112,0
1427,A,227,-0.0002818626817315817,0.04427781328558922,nan,nan,512,0,-0.0002818626817315817,0.04427781328558922,all_rows,512,0,0.005089950282126665,0.009114583333333334,-0.0008330590402086576,0.0009800661452269803,0.03442562400596216,78daf5a613efe44ec60b992f9ef9fdcc:0:0,ce4ed87ee095c6eb2dfd9936c3efb2b5:0:0,707554d8184c5928b7cf54d9c26ce1fd:0:0,6f467364d2219833cefa26a5d7fcb288:0:3148175220,338cd402c4612b4a47a991ed4c31f64a:0:3490136660,3,1.0,0,0,0,0,0,0,512,3,0,512,0,0,278,0,0,234,3,0,512,0.4081707000732422,112.40811157226562,128,0
1428,A,228,-0.001718812738545239,0.04360015690326691,nan,nan,512,0,-0.001718812738545239,0.04360015690326691,all_rows,512,0,0.005200766026973724,0.0234375,-0.0025044036097824573,0.000933524192078039,0.10496934299590066,25b9ed0c476ea27edacd59872777f9cc:0:0,59061a13933196e25e0887b879485693:0:0,8d8e073afc2f6480c5f1464541f8314d:0:0,5a88147744b9e1168c72d83868a6c688:0:2090761051,7639ee70034d36ebdc669256d32506d1:1:2202108373,10,1.0,0,0,0,0,0,0,512,1,0,512,2,0,285,0,0,227,1,0,512,0.4008687436580658,113.74372100830078,107,0
1429,A,229,0.002530809957534075,0.040603309869766235,nan,nan,512,0,0.002530809957534075,0.040603309869766235,all_rows,512,0,0.007329030893743038,0.037434895833333336,0.0006893423851579428,0.0008251221588579938,0.065156610973645,f5cfb9f4b92a4556997c9c3dd435f5cc:0:0,a36ba0f07d7b07ae0a92900b84f9be0d:0:0,19d12625dce00133d53a1f4582ca6af4:0:0,ecf5d60646fce4979d12571d4410da88:0:1022370656,9a52ca8fe6192c6d7ef5da799ea9ec86:1:3655516931,6,1.0,0,0,0,0,0,0,512,2,0,512,1,0,290,0,0,222,2,0,512,0.39073845744132996,113.48983764648438,117,0
1430,A,230,-0.002410839544609189,0.041588250547647476,nan,nan,512,0,-0.002410839544609189,0.041588250547647476,all_rows,512,0,0.007836767472326756,0.013671875,-0.003736375831067562,0.0008711789705557749,0.024524501990526915,4e51f7f75c11c45c25b8facfa533f1cc:0:0,d8b1b0a4819837e956b83c24e175d88f:0:0,b99546f87efcf3f2d1c063f618bccf29:0:0,ba7236816a9045a7c679c3e86a3aee88:0:3584295594,42baf67d95e475c4e859e333fd100649:0:1938664163,2,1.0,0,0,0,0,0,0,512,2,0,512,0,0,281,0,0,231,2,0,512,0.3873536288738251,112.00701141357422,116,0
1431,A,231,0.0010832535335794091,0.04118400812149048,nan,nan,512,0,0.0010832535335794091,0.04118400812149048,all_rows,512,0,0.005938034504652023,0.0107421875,-0.002707882784307003,0.0008483870187774301,0.024340978998225182,4a343bd3779df6d9150e4eb89a71edcc:0:0,055db44d38ccb270c38f092ecf20e9c7:0:0,5fa4825883839c2ae9460e58f5665ee3:0:0,7458c7b0242edb4382acff2ddb250288:0:4166962783,e43624f996cf09d14a3bdddbe9ffa41b:1:117215551,2,1.0,0,0,0,0,0,0,512,0,0,512,1,0,270,0,0,242,0,0,512,0.39210349321365356,110.43638610839844,123,0
1432,A,232,0.001065832911990583,0.04015833139419556,nan,nan,512,0,0.001065832911990583,0.04015833139419556,all_rows,512,0,0.014695979654788971,0.0400390625,-0.004185740137472749,0.0008044554415391758,0.024622227996587753,9d083ca004bcd57f6af4b174b3efe9cc:0:0,4a35f148cd6743f2d9bbb5f15aa3c425:0:0,1a9bfe21d6ddc078d6cd601e09cd3268:0:0,aebd18882ecc2b5a1412a98196cf1688:0:557252711,fdb6652033ed5aec6290c8bda217292f:1:1045257019,2,1.0,0,0,0,0,0,0,512,0,0,512,0,0,271,0,0,241,0,0,512,0.3965004086494446,109.04944610595703,111,0
1433,A,233,-4.737914423458278e-05,0.03642010688781738,nan,nan,512,0,-4.737914423458278e-05,0.03642010688781738,all_rows,512,0,0.0022349637001752853,0.0154296875,-0.001045613642781973,0.0006630028015933931,0.10596638504648581,0906e2b09fa2704e94d07c7ff1ade5cc:0:0,9244ffc016edbefb1e6d48860f7276d0:0:0,ddcebf99181658841ab7b1c922a39d73:0:0,0e3d64a29ee96074997423779d392a88:0:2464753914,306462bf6cfa3ba7d00dbdfed588f56d:1:3970827933,10,1.0,0,0,0,0,0,0,512,1,0,512,1,0,287,0,0,225,1,0,512,0.4106805920600891,106.79627990722656,110,0
1434,A,234,0.0007511490257456899,0.04051116481423378,nan,nan,512,0,0.0007511490257456899,0.04051116481423378,all_rows,512,0,0.005529053043574095,0.013671875,-0.001410201471298933,0.000818602554500103,0.054870666994247586,945f846baefb98b865f2495653abe1cc:0:0,453819432bdb7e63b1b3242d7c1c9a63:0:0,18adcfb766c965080107acedc4520c88:0:0,9141c467a3afba1d21fd8da3ee633e88:0:1155319881,764b2cf27b724b2a6021c0bce6267cfb:1:3936468616,5,1.0,0,0,0,0,0,0,512,0,0,512,0,0,286,0,0,226,0,0,512,0.40681564807891846,106.15338134765625,108,0
1435,A,235,-0.0006865142495371401,0.03792668133974075,nan,nan,512,0,-0.0006865142495371401,0.03792668133974075,all_rows,512,0,0.005581512115895748,0.0224609375,-0.0027450104244053364,0.0007200214022304863,0.027939827006775886,a0f673caa0fe40061396f173d9e9ddcc:0:0,25a090d5ae774dc9e34ea4c971bb8b3d:0:0,95b44a08b15db1ad881781116d7f66f0:0:0,95d1c29bb3647805c13dc89a8a4d5288:0:164186452,bc53ea158e4fbbe8326f1240416b001f:1:4037779017,2,1.0,0,0,0,0,0,0,512,1,0,512,2,0,261,0,0,251,1,0,512,0.4116639792919159,106.76189422607422,136,0
1436,A,236,0.002078297547996044,0.04157310724258423,nan,nan,512,0,0.002078297547996044,0.04157310724258423,all_rows,512,0,0.01169193722307682,0.037760416666666664,0.0005899720514814059,0.0008625414726945261,0.03663321799831465,1f53d5b95ed389fd30e78e548467d9cc:0:0,9b76c1976d6697627b7c1c85a9a6d5bc:0:0,5c33818fab492240281892df1bc3c08e:0:0,dddf798ba0ca3fefa32674ef70f76688:0:4061841824,52c545df5e961f6ecb8138c6755a94a6:0:3367799188,3,1.0,0,0,0,0,0,0,512,2,0,512,0,0,278,0,0,234,2,0,512,0.4119894206523895,108.03256225585938,118,0
1437,A,237,-0.005323994904756546,0.04944726452231407,nan,nan,512,0,-0.005323994904756546,0.04944726452231407,all_rows,512,0,0.009191659279167652,0.033203125,-0.0008310077246278524,0.001228273773449473,0.026011338050011545,8de78f0656d793c4aaf979745325d5cc:0:0,2ec2c755dea8997cee5bce2f1781d87c:0:0,b3ef1cc7289fe4982184004539fa58c8:0:0,d1c0aba7d703fe52200bf336a2617a88:0:3045660502,ffce90b7ab04e5096841aa1053cd0ccc:1:790525263,2,1.0,0,0,0,0,0,0,512,3,0,512,1,0,280,0,0,232,3,0,512,0.4111187756061554,109.86180114746094,126,0
1438,A,238,0.007136618252843618,0.0489458404481411,nan,nan,512,0,0.007136618252843618,0.0489458404481411,all_rows,512,0,0.006124541163444519,0.015625,9.632649986694256e-06,0.001196758511165778,0.06487497797934338,9536e110be2aef09c4ce4c4f4623d1cc:0:0,c0ece4440201763661544c230f35bb6b:0:0,523923428f066974b2302ce4266877de:0:0,464bb0f1b98d41c1d0a564041e8b8e88:0:1738853239,8a18413570e7729e424af2dd8d02677d:0:1064912248,6,1.0,0,0,0,0,0,0,512,2,0,512,1,0,264,0,0,248,2,0,512,0.4060896337032318,111.58997344970703,130,0
1439,A,239,0.0016571171581745148,0.046154312789440155,nan,nan,512,0,0.0016571171581745148,0.046154312789440155,all_rows,512,0,0.0036788913421332836,0.0263671875,-0.002349279006011784,0.0010503307159524411,0.10957663104636595,1c441adeea11d1651353e0615d61cdcc:0:0,7d2ed32cbae1f900e14a8531983aca19:0:0,60dad83a7ae837f94a4c9cd2784cca11:0:0,c46f8c30e5dc1117a20ca7ebe575a288:0:2515370068,b9cf2a2236386fc95a135dafc49aee06:1:3728198282,10,1.0,0,0,0,0,0,0,512,1,0,512,0,0,266,0,0,246,1,0,512,0.3905274569988251,110.6363525390625,130,0
1440,A,240,-0.0007076255278661847,0.041913289576768875,nan,nan,512,0,-0.0007076255278661847,0.041913289576768875,all_rows,512,0,0.010269670747220516,0.0361328125,-0.004652552306652069,0.0008795381727395579,0.02623121003853157,eac889c2e19cf7ff79644f2698dfc9cc:0:0,98ee4dcc1a01ff23c8b41bfc9334950b:0:0,aa16082141eb97c1ed338683805e2457:0:0,65e40878d4403c57e9be5f81f71fb688:0:2948952006,66a60e004eb3ca9f86e35668b4094f09:0:1564658544,2,1.0,0,0,0,0,0,0,512,0,0,512,0,0,297,0,0,215,0,0,512,0.412007212638855,111.2554702758789,116,0
1441,A,241,0.008725017309188843,0.04150160774588585,nan,nan,512,0,0.008725017309188843,0.04150160774588585,all_rows,512,0,0.007356515619903803,0.0107421875,-1.3394979760050774e-05,0.0008515679292031564,0.044573436956852674,9cec972f88183f7723c5f21af89dc5cc:0:0,c951c3158b765ed49e9031913f54c7a7:0:0,d1d1e74e3d443c2f89c2e53908f89914:0:0,7878611a159428597999eb5a5389ca88:0:410487620,4a9f019e96ae45e3c88fed139a1850c2:0:2236113028,4,1.0,0,0,0,0,0,0,512,4,0,512,1,0,271,0,0,241,4,0,512,0.4051643908023834,113.16217041015625,129,0
1442,A,242,0.00038561937981285155,0.038689903914928436,nan,nan,512,0,0.00038561937981285155,0.038689903914928436,all_rows,512,0,0.006091061979532242,0.019140625,0.0010074582882225514,0.000744463037699461,0.05650988599518314,1249bfdd00baf004852b62ba7c9bc1cc:0:0,73839057b4b81ee20442d5c289444754:0:0,e5af718961f7e913a50c2f43ddbc2d8b:0:0,ea54abad2b53152cb3e16c08fab3de88:0:1836181876,99b680ec1e7ce50f9a31b38a175365f1:0:2552544771,5,1.0,0,0,0,0,0,0,512,2,0,512,1,0,295,0,0,217,2,0,512,0.4178418815135956,112.05976104736328,116,0
1443,A,243,-0.0005624016048386693,0.03803473338484764,nan,nan,512,0,-0.0005624016048386693,0.03803473338484764,all_rows,512,0,0.010547253303229809,0.0107421875,-0.005042633041739464,0.0007220039115054533,0.02526958502130583,e46dcad72c15bddf52337a8124d9bdcc:0:0,dcb953d8b53fa0fd16470c31e1ccd5e6:0:0,e3a3d054992cf593ec63110ab5d25a5b:0:0,aff40577b7a8df429f39c221ec9df288:0:3939198629,6789c37ebf964a266ff455f682fd267c:1:3048615172,2,1.0,0,0,0,0,0,0,512,0,0,512,0,0,279,0,0,233,0,0,512,0.41755449771881104,113.74473571777344,129,0
1444,A,244,0.00312658934853971,0.037659432739019394,nan,nan,512,0,0.00312658934853971,0.037659432739019394,all_rows,512,0,0.00776683771982789,0.0458984375,0.0033220932818949223,0.0007132562313927338,0.024090607999823987,140e5d8d5fba7de37d6952eaf157b9cc:0:0,f3d6d31561215068d3a726d339cd9d3b:0:0,fe17b2fcc76682f8634ffcb3721d7598:0:0,8b7362ff830f3b53faaa8e3929480688:0:2861682550,63c73a0d5cb32e4379bfc93486e87f48:0:1532037914,2,1.0,0,0,0,0,0,0,512,1,0,512,1,0,264,0,0,248,1,0,512,0.42583897709846497,112.18395233154297,132,0
1445,A,245,-0.0032444954849779606,0.038637273013591766,nan,nan,512,0,-0.0032444954849779606,0.038637273013591766,all_rows,512,0,0.00685856444761157,0.020833333333333332,-0.004547674984981616,0.0007460013827464232,0.033992478041909635,43dfbc76b8998e7633444573e215b5cc:0:0,c40a4900c8e426200cff3f9ebc68e65c:0:0,c752132ca2825da8b249f59d75e146f5:0:0,86cad231950c6d08519e30e2b0b21a88:0:2464103360,795e6cb2b27f661db2d1e8572dbac35e:0:2132186383,3,1.0,0,0,0,0,0,0,512,1,0,512,0,0,305,0,0,207,1,0,512,0.43628495931625366,110.70535278320312,111,0
1446,A,246,0.0020566051825881004,0.03996536508202553,nan,nan,512,0,0.0020566051825881004,0.03996536508202553,all_rows,512,0,0.005730578675866127,0.0068359375,-0.0011549517512321472,0.0007995453634066507,0.024550066969823092,c8d1365aa890f4aad627eb97f713b1cc:0:0,c118534cbd19c0e3249eba77c065322e:0:0,9368f2471dfd5a398e913a52625cd3fc:0:0,ba6505165da7785d0fe1cab282dc2e88:0:1049853421,5fb9dc9757feb49beba2622de83085d2:1:2623705960,2,1.0,0,0,0,0,0,0,512,2,0,512,2,0,262,0,0,250,2,0,512,0.44085395336151123,112.16766357421875,116,0
1447,A,247,-0.0002819790970534086,0.04207424074411392,nan,nan,512,0,-0.0002819790970534086,0.04207424074411392,all_rows,512,0,0.005958599969744682,0.015234375,-0.0016436778008937837,0.000881275866413489,0.05614128097658977,d58d62c99fa92da7fa641ed33051adcc:0:0,acebfdbaf1b3e7f330d96f5711b20bd2:0:0,f9100a5fbe24b3488cd688bb7dc27eb7:0:0,4a0b149ead25cdcc95a53c3c9fc64288:0:3822139371,f94ccfcb4d5461ae82c068532705e504:0:3996294753,5,1.0,0,0,0,0,0,0,512,1,0,512,0,0,269,0,0,243,1,0,512,0.44452568888664246,113.54441833496094,139,0
1448,A,248,0.0031177133787423372,0.04389278590679169,nan,nan,512,0,0.0031177133787423372,0.04389278590679169,all_rows,512,0,0.00435084430500865,0.0115234375,-0.0010609909193590283,0.0009564275882439688,0.10538344801170751,56c402cdf17bb44c6234f8a18dcfa9cc:0:0,c8ab95c23b07ade70eb551f5c147e13c:0:0,5be603b04b84cbb881ffe3e88822586e:0:0,860098a7f7a671354b7b261507705688:0:2020283358,13058dab16b0ed9664070ecdb6342495:1:930097206,10,1.0,0,0,0,0,0,0,512,2,0,512,0,0,283,0,0,229,2,0,512,0.4535222053527832,112.57929229736328,118,0
1449,A,249,-0.00367201236076653,0.044337768107652664,nan,nan,512,0,-0.00367201236076653,0.044337768107652664,all_rows,512,0,0.005406745709478855,0.014229910714285714,-0.0020078967458435465,0.0009547278168611228,0.07454913697438315,fb36f559573f3b13f9c2d27f0f8da5cc:0:0,e9aaf6bb2101a786e40e4c715153c376:0:0,d67fa4984d332a6b80355016cda301cf:0:0,803673e9222e9b80b658e8cfb9da6a88:0:2616520968,63d887df7da3fa08bf892338c5418c1b:0:3799389148,7,1.0,0,0,0,0,0,0,512,1,0,512,1,0,280,0,0,232,1,0,512,0.448790967464447,112.89928436279297,129,0
1450,A,250,0.001457000500522554,0.04494298994541168,nan,nan,512,0,0.001457000500522554,0.04494298994541168,all_rows,512,0,0.0005928059108555317,0.00546875,7.671425119042397e-05,0.0009561101673170924,0.10975384898483753,a2034f6faef59a3cd32245e7b58ba1cc:0:0,f3958ff90b9a25116339ed91d05e9dd9:0:0,b06ca186fe828dca7ecdf3fb9ba65c60:0:0,d069080bd6bbd70a8b96a500b7047e88:0:4207982107,38a819478e7b16481a31dc0d3f87ecc9:1:3926166119,10,1.0,0,0,0,0,0,0,512,1,0,512,1,0,293,0,0,219,1,0,512,0.46925443410873413,112.6383285522461,115,0
1451,A,251,-0.0003676622291095555,0.04181553050875664,nan,nan,512,0,-0.0003676622291095555,0.04181553050875664,all_rows,512,0,0.006542280316352844,0.032552083333333336,-0.0035476788567999997,0.0008648244062593827,0.0364819269743748,476b428bd837722c22542c577fc99dcc:0:0,96519811df36867975ac04ee92895f70:0:0,e6bb069059c0b26fb93039e0819c6a71:0:0,6090efc91cef96c7c4ef3b3bfeee9288:0:17059748,c250f3b1404deb11fe59094b1cc504a5:0:4210711688,3,1.0,0,0,0,0,0,0,512,0,0,512,0,0,285,0,0,227,0,0,512,0.46258610486984253,113.03752899169922,115,0
1452,A,252,0.002883395180106163,0.041812725365161896,nan,nan,512,0,0.002883395180106163,0.041812725365161896,all_rows,512,0,0.006003131158649921,0.018880208333333332,0.0003009624779224396,0.0008778246022605648,0.036455010005738586,c8bd1237cf19821339459f4a6e4799cc:0:0,2eb3acbec2007587742bdb589046bf7b:0:0,0673de8c4fab4aa26c1aa6d635a87c30:0:0,9803da72b4e8482db4804c159198a688:0:2627060666,7e6fe3d8c05aa0eff4ae5b942f0cb638:0:3735825839,3,1.0,0,0,0,0,0,0,512,0,0,512,1,0,266,0,0,246,0,0,512,0.456396222114563,113.91007232666016,150,0
1453,A,253,-0.004750908352434635,0.042460497468709946,nan,nan,512,0,-0.004750908352434635,0.042460497468709946,all_rows,512,0,0.007650330197066069,0.024609375,-0.004435678664594889,0.0009054750669747591,0.05429781600832939,bf16ec4d65a7b2d483cff83c810595cc:0:0,3d2e2295a6ef0d2756db1a4c2ae05446:0:0,a6939d502089e772bcb9be52d08ee14a:0:0,c1bdb5e571dbdfd918ca38216f02ba88:0:2378440409,32190aaf10f881ecd0f70f9864acbd2a:1:3429773024,5,1.0,0,0,0,0,0,0,512,2,0,512,1,0,289,0,0,223,2,0,512,0.4495287835597992,112.6938705444336,125,0
1454,A,254,0.0011861942475661635,0.040758244693279266,nan,nan,512,0,0.0011861942475661635,0.040758244693279266,all_rows,512,0,0.0059396447613835335,0.028076171875,-0.001148309267591685,0.0008278823333967011,0.08562525495653972,82f705d13c71d62883b8d0a9b80391cc:0:0,d915326a918049fd05757e6c9860ea31:0:0,1a11757fa953b14190f474cac8846258:0:0,c448f9739207e0f530b01ff3972cce88:0:1933574805,894f3d9aa90670061da6aedf7df092f7:0:1966979260,8,1.0,0,0,0,0,0,0,512,1,0,512,1,0,272,0,0,240,1,0,512,0.42888233065605164,112.68805694580078,136,0
1455,A,255,0.0020505620632320642,0.03969138115644455,nan,nan,512,0,0.0020505620632320642,0.03969138115644455,all_rows,512,0,0.006018518004566431,0.0087890625,-0.001819613273255527,0.0007858615863369778,0.024237619014456868,6c02e8d5daa61a02ccb2020e13418dcc:0:0,0dccc12330146677a7c7eb774b6eb4d3:0:0,61b2db30649775e7710957e09731abfd:0:0,da5f9de8d18adf62cf77e4200a16e288:0:2716279662,0e9fe112f7a749f9ed69008783337a40:1:1014946866,2,1.0,0,0,0,0,0,0,512,2,0,512,0,0,262,0,0,250,2,0,512,0.44613444805145264,112.61526489257812,119,0
1456,A,256,-0.0046109845861792564,0.037568897008895874,nan,nan,512,0,-0.0046109845861792564,0.037568897008895874,all_rows,512,0,0.00663992203772068,0.019287109375,-0.0007324952457565814,0.0007034446680336259,0.08700954896630719,d5786651063530370059a5e592bf89cc:0:0,b0f6cbaa86cfaa3cb9b98583446e36ff:0:0,b8e62c710072bed64de848947425cdae:0:0,9d651c5cb5bb7c9f70ca253ac7c0f688:0:3437557524,ba1af94ddb355d8455f618c9c610f18e:1:2249225366,8,1.0,0,0,0,0,0,0,512,0,0,512,2,0,261,0,0,251,0,0,512,0.44580525159835815,113.99119567871094,132,0
1457,A,257,0.0010328437201678753,0.04026678204536438,nan,nan,512,0,0.0010328437201678753,0.04026678204536438,all_rows,512,0,0.007144143804907799,0.0068359375,-0.0015895981341600418,0.0008146356703946367,0.024685790005605668,9c8e2149bc7c2a5dca3a15ac367d85cc:0:0,5f8f5f302b6987f8fbff72cba480c1c5:0:0,d8e0af9fe77d5ffb33b78dfe8bef4433:0:0,0904af1a4e90df6c4cb243d7d02b0a88:0:292404019,5db524235f5bae7063eaa000cb2bdfb2:0:3773006972,2,1.0,0,0,0,0,0,0,512,0,0,512,1,0,260,0,0,252,0,0,512,0.43210989236831665,114.50299072265625,147,0
1458,A,258,0.004689330235123634,0.044191546738147736,nan,nan,512,0,0.004689330235123634,0.044191546738147736,all_rows,512,0,0.007294587790966034,0.01171875,-0.0001092660240828991,0.0009831019851844758,0.024250486050732434,f6e927416bf009f9dbc9eaddfe7b81cc:0:0,bc07f24ee2ecf104294bb805c637f923:0:0,857225fe21d9b5aec514842a58b2b7cf:0:0,d44e05776bb0a6356b9e608b23551e88:0:2200953415,a62f8d85472191683ea3a1930648eb08:0:186692797,2,1.0,0,0,0,0,0,0,512,1,0,512,3,0,280,0,0,232,1,0,512,0.4379810094833374,112.89990234375,113,0
1459,A,259,-0.00945122167468071,0.04018288478255272,nan,nan,512,0,-0.00945122167468071,0.04018288478255272,all_rows,512,0,0.005570524372160435,0.01171875,-0.0013282892759889364,0.0008275067229988053,0.02438769699074328,e87884374f4704dce86bfef6eab97dcc:0:0,41edeede78d21c64975670da70db2e58:0:0,290813a64ed8325034d9b0c166cf6bb3:0:0,3b5da50802b65438ba5f5be8c13f3288:0:2596406283,ad295139fe233d4388bb7740dd50080a:0:3475271270,2,1.0,0,0,0,0,0,0,512,0,0,512,1,0,268,0,0,244,0,0,512,0.4467294216156006,111.33963775634766,118,0
1460,A,260,0.00475274957716465,0.0398724265396595,nan,nan,512,0,0.00475274957716465,0.0398724265396595,all_rows,512,0,0.005318320356309414,0.022265625,-0.001284397393465042,0.0008087026886641979,0.05551744002150372,8dbf37210a9b7dcca16f6b72fb3779cc:0:0,0ab8947e3bc904c2a368a5f3fe91e5b3:0:0,50ac3f8d094c13db3836b9858849c120:0:0,c7b5502d4448396d1e28d684a9e94688:0:3277125328,c5e785f18bee6a5d9746dabb1bbcd66d:0:2946844713,5,1.0,0,0,0,0,0,0,512,1,0,512,2,0,278,0,0,234,1,0,512,0.45235174894332886,109.9863052368164,117,0
1461,A,261,-0.01267046108841896,0.04010314121842384,nan,nan,512,0,-0.01267046108841896,0.04010314121842384,all_rows,512,0,0.005162532441318035,0.017578125,-4.839043443401655e-05,0.0008144364207206914,0.03468833398073912,26185e2feb04b167b20f89ce2ff575cc:0:0,b464d9c93329434a24c9e62850809c4a:0:0,218396429f04bf8b01e13d5155fbd269:0:0,77a3fb929d8dd529889130f2dd535a88:0:116686095,49ad7a41564883f2ced31c4344df28d6:0:3939049951,3,1.0,0,0,0,0,0,0,512,1,0,512,2,0,288,0,0,224,1,0,512,0.47028398513793945,110.61237335205078,122,0
1462,A,262,0.009822064079344273,0.03908376395702362,nan,nan,512,0,0.009822064079344273,0.03908376395702362,all_rows,512,0,0.0059094298630952835,0.0185546875,-0.004618202452547848,0.0007775783160468563,0.024818627047352493,8d10e0b66921174abb73f38488f371cc:0:0,23bb8bacbd6fbe57172aaca208b16790:0:0,662146a811f0325a1a79652e880844c5:0:0,813c21bda39bb38c0b918bc75b7d6e88:0:4175879428,8d72dfa3301d98fdde0a628e1a3eeddf:0:2772725412,2,1.0,0,0,0,0,0,0,512,0,0,512,1,0,283,0,0,229,0,0,512,0.45722702145576477,111.72161102294922,123,0
1463,A,263,-0.0051110656931996346,0.039161477237939835,nan,nan,512,0,-0.0051110656931996346,0.039161477237939835,all_rows,512,0,0.0016547780251130462,0.007421875,-0.0015702315373346209,0.0007663170312298462,0.1111151910154149,e6cd46fdcf0e777550b0821206316dcc:0:0,db77ac223682ef3ab3cfc84658190689:0:0,1de604c3a7a8f0f1e54a46e58fe7e4f8:0:0,7e1a9d68a668c5a0ed85c79624678288:0:69111377,b27e1e76a89d780f1bc9f949bc26f3ac:0:1945193400,10,1.0,0,0,0,0,0,0,512,2,0,512,0,0,246,0,0,266,2,0,512,0.4661669433116913,113.20501708984375,148,0
1464,A,264,-0.005263796076178551,0.04390675202012062,nan,nan,512,0,-0.005263796076178551,0.04390675202012062,all_rows,512,0,0.007800256367772818,0.03599330357142857,-0.0015424239848341262,0.0009325011550182742,0.07536042301217094,edd9d6d8224bb3eef2c54ef2a7af69cc:0:0,45a50561b01d7f3007e1c61f2581c536:0:0,696a4b07d3360407fb9eff1d3a13d717:0:0,bd67a0f268e13449bd2c84f338119688:0:1208132065,21d9c368dc137bcdc4a8b62af6174a80:1:1306882421,7,1.0,0,0,0,0,0,0,512,0,0,512,0,0,295,0,0,217,0,0,512,0.4681257903575897,113.43094635009766,119,0
1465,A,265,0.0002411994501017034,0.0479467436671257,nan,nan,512,0,0.0002411994501017034,0.0479467436671257,all_rows,512,0,0.006811174564063549,0.021484375,-0.0010812406479898426,0.001144243911969372,0.09749166399706155,d4f66e36b20046ac0c9eb3a26d6d65cc:0:0,6e1581201b1df5a4b5a7c7bdd2adaa8e:0:0,86fff0bca83f12e0b5de6a2814e7dcb5:0:0,73c6e2c03baaade465a72472967baa88:0:3708843713,a5dc32f0226c323ebcfa99f6c236d5d8:0:2205166963,9,1.0,0,0,0,0,0,0,512,0,0,512,2,0,289,0,0,223,0,0,512,0.4465101659297943,114.50979614257812,130,0
1466,A,266,0.0011676577851176262,0.04608732834458351,nan,nan,512,0,0.0011676577851176262,0.04608732834458351,all_rows,512,0,0.00812867283821106,0.032552083333333336,-0.00553595336774985,0.001061392540577799,0.03673138900194317,51aef389ea2573b2ef15499d576b61cc:0:0,2a4f6bcb3e037da3c9be139c00cad486:0:0,cf3c57de166efe8dade11635ad932d5b:0:0,301bac02782e2eb24279c6a83fa5be88:0:61285926,f47c5c7b845617d1d9de8cdaa690d0c7:0:1830192393,3,1.0,0,0,0,0,0,0,512,1,0,512,1,0,277,0,0,235,1,0,512,0.46309342980384827,115.71144104003906,114,0
1467,A,267,-0.0023408057168126106,0.04099380224943161,nan,nan,512,0,-0.0023408057168126106,0.04099380224943161,all_rows,512,0,0.0008688054513186216,0.008984375,0.0006676958873867989,0.000840298374532722,0.10505843698047101,691c8e2b4c0d2f80ccedea5f65a95dcc:0:0,e10497cd9e274ad544204d33e9ad7a90:0:0,17bedb8f0c3d91c49c33ac29aed52c6e:0:0,0ad920de197b43ff338b4c28338fd288:0:3461651261,af70642c3d344a58897287899852b8a5:0:1957997790,10,1.0,0,0,0,0,0,0,512,1,0,512,0,0,253,0,0,259,1,0,512,0.4458845853805542,117.53660583496094,142,0
1468,A,268,-0.0006379123078659177,0.03713491931557655,nan,nan,512,0,-0.0006379123078659177,0.03713491931557655,all_rows,512,0,0.0016068193363025784,0.005078125,-0.0030995894223451613,0.0006756085000233725,0.10351261898176745,43432f8eacc2b9aeb6d9af64982759cc:0:0,188feab9b85e32630c519dffcb7d84ad:0:0,d06e2f55180247e6c9cc490bd8f97835:0:0,1eced690f098ca08b12555867239e688:0:23058182,4b6dc82d01fff760a3cb7b9fd65c1a38:0:4216732201,10,1.0,0,0,0,0,0,0,512,1,0,512,0,0,276,0,0,236,1,0,512,0.4357575476169586,118.09947967529297,130,0
1469,A,269,-0.0036469963379204273,0.0414278618991375,nan,nan,512,0,-0.0036469963379204273,0.0414278618991375,all_rows,512,0,0.005853308364748955,0.010416666666666666,-0.0003814096562564373,0.0008532024706558635,0.03449995000846684,df62487419c0ebd69775f228eee555cc:0:0,5d7b92705e1c0e0079ad916a2b91ec2f:0:0,6e8b8fb99738d4e74188aaaf8f8204c3:0:0,a8bd9db8b1d724a4dff44356fba3fa88:0:3146947895,f469c5577f659bf97e70dff199cb9580:0:1355339063,3,1.0,0,0,0,0,0,0,512,1,0,512,2,0,270,0,0,242,1,0,512,0.43394291400909424,117.9087905883789,140,0
1470,A,270,0.004880282562226057,0.04323472082614899,nan,nan,512,0,0.004880282562226057,0.04323472082614899,all_rows,512,0,0.008119611069560051,0.009765625,-0.0023763105273246765,0.0009445967928816875,0.03383403201587498,487ed3d0047a3cb82f4c4c2869e351cc:0:0,25e72fbd4dbd65ea13d5fd11b0d95fe9:0:0,180d812f9b3893090b575005e4a2a1e7:0:0,59404c77d8b7f2a9a507362dcfce0e88:0:3891300337,1027a2efa584c7e8bc3e282d5f0e823f:1:2059507884,3,1.0,0,0,0,0,0,0,512,1,0,512,0,0,273,0,0,239,1,0,512,0.4227088391780853,119.28125,133,0
1471,A,271,-0.0010804124176502228,0.04146578162908554,nan,nan,512,0,-0.0010804124176502228,0.04146578162908554,all_rows,512,0,0.002502493793144822,0.020703125,-0.00046173161827027797,0.0008545857708668336,0.1044647740200162,21a82b9b952e779e10d296df09214dcc:0:0,89dcc3758f30687ed4c5d8a8c4890cec:0:0,9ef42e88753445ff7aae0776fc1b99b7:0:0,9d784dc61fff3c13b9d00e9eeeb82288:0:2984414781,2fba8e4f259c0e1bc21583d1623d8af9:0:2623387105,10,1.0,0,0,0,0,0,0,512,0,0,512,1,0,262,0,0,250,0,0,512,0.43583062291145325,117.69922637939453,150,0
1472,A,272,-0.001322876545600593,0.044461965560913086,nan,nan,512,0,-0.001322876545600593,0.044461965560913086,all_rows,512,0,0.0028177411295473576,0.0337890625,-0.003832392953336239,0.0009773759433301167,0.10375958099029958,5140623b458a28029c6aebc8cc9f49cc:0:0,fd6bb3508091238d235d245e2fcb673e:0:0,30621f44ef44e6c2e88acda8fa8c5d9e:0:0,9135c8cd0b821aedc0236d3e58623688:0:893256390,07d821cb0579cc0fa29178ef14309317:1:1386523794,10,1.0,0,0,0,0,0,0,512,2,0,512,0,0,280,0,0,232,2,0,512,0.4448001980781555,116.6688003540039,130,0
1473,A,273,0.0015746926655992866,0.03786048665642738,nan,nan,512,0,0.0015746926655992866,0.03786048665642738,all_rows,512,0,0.00515346322208643,0.005859375,-0.00012181159884979327,0.0007126671310591822,0.06359770201379433,7e241da6238bb974fc63a461b45d45cc:0:0,e410bec46f98a0855379a45663debf4f:0:0,c1d8759b911cffb69e3cd16b17a23cc6:0:0,9bbf54c3c146def75638b2a00ccc4a88:0:2402691665,8bdeed49abb23cf91ea3ebabd55f431a:1:2679857144,6,1.0,0,0,0,0,0,0,512,2,0,512,0,0,256,0,0,256,2,0,512,0.4523281157016754,116.88731384277344,140,0
1474,A,274,0.0007794928387738764,0.04065271094441414,nan,nan,512,0,0.0007794928387738764,0.04065271094441414,all_rows,512,0,0.005713438615202904,0.02392578125,-0.002416135452222079,0.0008227140097005758,0.08396568801254034,3d2d2ff45d2a4bbe20f75a25c05b41cc:0:0,6fa18d5ac1733b78cc943a6589b121a4:0:0,b00b9e36e6238e730f896a8023b15cab:0:0,11ad63502f8aac0c2aa9ff580bf65e88:0:1135626688,b95c2632986a9adf6e004ca6ca7fa838:0:2857453652,8,1.0,0,0,0,0,0,0,512,2,0,512,2,0,272,0,0,240,2,0,512,0.44049426913261414,118.47480773925781,143,0
1475,A,275,1.6145932022482157e-05,0.040343355387449265,nan,nan,512,0,1.6145932022482157e-05,0.040343355387449265,all_rows,512,0,0.0075550260953605175,0.012369791666666666,-0.0003899588870505492,0.0008138077488789955,0.03553867299342528,7d766377f53a3b45bc4ce690f0993dcc:0:0,f42f1483749b9c44aa13cc7cc96f5e73:0:0,044ed02c8fce0d98c3b5acd008a94878:0:0,4541d5063d40934b107433fa55e07288:0:1893837466,be8a69b8d2a2a62b279c5f491ab6e380:1:1843630120,3,1.0,0,0,0,0,0,0,512,0,0,512,2,0,279,0,0,233,0,0,512,0.45148658752441406,118.0906753540039,139,0
1476,A,276,0.002221292583271861,0.03677724674344063,nan,nan,512,0,0.002221292583271861,0.03677724674344063,all_rows,512,0,0.006250315811485052,0.021809895833333332,-0.002209192685162028,0.0006750782389038553,0.06756370299262926,3a3e26fec20b5db73e77631f451739cc:0:0,b035759cf9ef929f2e11230399d66617:0:0,81032e22fc61eee226a39c091986f0e0:0:0,ddfc8930829e26fd12f6f11aea8a8688:0:351294672,66fcc7d98b70bce73c77ee0d36743f1e:0:2185362605,6,1.0,0,0,0,0,0,0,512,2,0,512,2,0,264,0,0,248,2,0,512,0.4471229910850525,116.63066101074219,137,0
1477,A,277,-0.0025632702745497227,0.04631183296442032,nan,nan,512,0,-0.0025632702745497227,0.04631183296442032,all_rows,512,0,0.00674239220097661,0.021484375,-0.0015473817475140095,0.0010675199097022413,0.05785137397469953,fe88f959163cf2e6d176294cbdd535cc:0:0,906f7711460a7e1f2d890272b52a1e9e:0:0,64b07a4dfb1e0b1d54abb65205443e35:0:0,caaa2ba0c749893c89f4974dc9f49a88:0:2939896751,52df9f7c46193a9a5b47d4f56fe793b7:1:3935490201,5,1.0,0,0,0,0,0,0,512,1,0,512,2,0,298,0,0,214,1,0,512,0.4354921877384186,117.08414459228516,114,0
1478,A,278,-0.0016678249230608344,0.035752471536397934,nan,nan,512,0,-0.0016678249230608344,0.035752471536397934,all_rows,512,0,0.006912918761372566,0.017578125,-0.0021009950432926416,0.0006423581507988274,0.025672388030216098,9cf3a1bcb44349f65534d2955ad331cc:0:0,e1f07dcc3a529cc1e21d5d12edef9342:0:0,dbda37ead6d60428c24e4eb341073b79:0:0,518b08d943bcf55c2d924726f41eae88:0:633161665,ee4f841c8d31a0dfc663cfe28d4aefc7:1:92897216,2,1.0,0,0,0,0,0,0,512,1,0,512,0,0,287,0,0,225,1,0,512,0.41943660378456116,117.9648666381836,131,0
1479,A,279,-0.0049633546732366085,0.045658331364393234,nan,nan,512,0,-0.0049633546732366085,0.045658331364393234,all_rows,512,0,0.011227965354919434,0.0146484375,-0.0020192653173580766,0.0010354594560340047,0.047549495997373015,e9c06d17ed1b1aba5b8b38751c112dcc:0:0,86b0d08ba0c65dc5a6c7b32d1309f4a3:0:0,0f580e31b262d6e3f740edf0a1a9a48d:0:0,53344a726373c40e2a57e13a6908c288:0:2959632278,4a158ed578f8ef5b38a662675ce15295:0:1869847724,4,1.0,0,0,0,0,0,0,512,4,0,512,1,0,269,0,0,243,4,0,512,0.41038936376571655,119.6494140625,138,0
1480,A,280,0.0044393520802259445,0.04065161943435669,nan,nan,512,0,0.0044393520802259445,0.04065161943435669,all_rows,512,0,0.006555693224072456,0.00341796875,0.000803773757070303,0.0008301224952447228,0.046443436993286014,8a51cee50aa6935f243d7468018f29cc:0:0,290c5bba9fdb50c3cd857c3514a80e3c:0:0,febc0b0e51f5e637de88b703ed70442a:0:0,7136ab338574ea4b3530061c28b2d688:0:3697527860,048c3ce14d133c7bcbe10eecaf71f01e:0:3887503622,4,1.0,0,0,0,0,0,0,512,1,0,512,0,0,273,0,0,239,1,0,512,0.43184447288513184,117.86893463134766,119,0
1481,A,281,0.024104099720716476,0.05873466655611992,nan,nan,512,0,0.024104099720716476,0.05873466655611992,all_rows,512,0,0.005588572006672621,0.017578125,0.004041124135255814,0.00143232288537547,0.05618420697283,5037e68a66301a4d98fbdfea0b4d25cc:0:0,f6c98a9e968c5ffe0ae68b4f129be5a5:0:0,153ecaf45d59ffa4bcaeb8c41c352231:0:0,1c2273e7f8cef2f99f681660331cea88:0:3808859339,19d5de8ae7e450e258c35bd29e5e7742:1:2164546069,5,1.0,0,0,0,0,0,0,512,3,0,512,1,0,264,0,0,248,3,0,512,0.4248245060443878,119.33951568603516,127,0
1482,A,282,0.0059002842754125595,0.0404350683093071,nan,nan,512,0,0.0059002842754125595,0.0404350683093071,all_rows,512,0,0.0085756191983819,0.005859375,-0.00513001112267375,0.000854004145367071,0.014414778968784958,5af588cfcb8ec45049631477394b21cc:0:0,19a2ed9bc2231610c053c6017d57d16e:0:0,c3c82e09cb48470993b2808d3bb4067c:0:0,3ff1678c329973546ab0329a8846fe88:0:465087106,999631733b561988eb75a5c86a89c121:1:3980885858,1,1.0,0,0,0,0,0,0,512,0,0,512,0,0,283,0,0,229,0,0,512,0.42896103858947754,118.13233947753906,130,0
1483,A,283,0.011134780943393707,0.049529384821653366,nan,nan,512,0,0.011134780943393707,0.049529384821653366,all_rows,512,0,0.005753982346504927,0.0361328125,0.0038958857767283916,0.0012803781137336046,0.02487152104731649,a6ec876e09687ef866fbeb8b8b891dcc:0:0,1bf8fd2ce8c51cc19838f63110fbaafd:0:0,69092ad1fd305a251398d34cfb0ea3b0:0:0,04f42f01fb0ffa125d1b3b5f28311288:0:754420271,191b13b25425b0a37929a4dbedde2929:1:696306397,2,1.0,0,0,0,0,0,0,512,1,0,512,0,0,289,0,0,223,1,0,512,0.4366982579231262,116.58416748046875,130,0
1484,A,284,-0.0003956477448809892,0.03752638399600983,nan,nan,512,0,-0.0003956477448809892,0.03752638399600983,all_rows,512,0,0.0021557381842285395,0.004296875,-0.0011805256363004446,0.0006731462912284769,0.10503527603577822,05b80739cf0def42c13b7ea3020719cc:0:0,2162d0d6340cdbf92521392eff5cae7c:0:0,8a795bcbc9d2d4bda9e10c38ea7cb47f:0:0,90d9d20d0f5a794d151ed14212db2688:0:4057470460,b7f7e6ddac31bcd58ca2647ab12713c3:0:356051125,10,1.0,0,0,0,0,0,0,512,1,0,512,1,0,272,0,0,240,1,0,512,0.44162309169769287,115.32595825195312,117,0
1485,A,285,0.0037025173660367727,0.041054174304008484,nan,nan,512,0,0.0037025173660367727,0.041054174304008484,all_rows,512,0,0.006063302047550678,0.0068359375,-0.0019792141392827034,0.0008416190976276994,0.026127454999368638,00dec7e7386c047cc18327399cc515cc:0:0,328d5823095d0c0eff97f9fc48e9399d:0:0,ac2e1eada1dfea4d90a9c3baadbec2c7:0:0,8a04dcec75972b281d9354d748453a88:0:3480519784,17d025ac9e6ec50edc300692af2cfd1f:0:2388590873,2,1.0,0,0,0,0,0,0,512,1,0,512,1,0,287,0,0,225,1,0,512,0.4498634934425354,115.38650512695312,115,0
1486,A,286,-0.002542566042393446,0.04389004781842232,nan,nan,512,0,-0.002542566042393446,0.04389004781842232,all_rows,512,0,0.010750466026365757,0.025065104166666668,-0.0003424560030301412,0.0009595508842418591,0.0693352859816514,1f764edfa88f3f6967207ecb5bc311cc:0:0,b77dc4626f368964f006b3d0a0b61417:0:0,194ca3c975192d249905fc7be7ca6287:0:0,01e2f77780b9f13801b3e6b2c86f4e88:0:5312965,8f429c19ceff81905f773b02e526b985:1:1702569730,6,1.0,0,0,0,0,0,0,512,0,0,512,1,0,282,0,0,230,0,0,512,0.43561041355133057,116.69796752929688,122,0
1487,A,287,-0.001755011617206037,0.03872649744153023,nan,nan,512,0,-0.001755011617206037,0.03872649744153023,all_rows,512,0,0.005144353955984116,0.0146484375,0.001430573407560587,0.0007514027820434421,0.025521742005366832,b64af11fd334ada6434d5ed43f010dcc:0:0,f79fd64590882ac1e42261131ec82e84:0:0,09c67ec1c98ecbdecb6154e3ec6e69f3:0:0,0420ec3841d52ea9611e676893596288:0:2996782504,354eb0296614b19b679a38bc28e87d94:1:1618646692,2,1.0,0,0,0,0,0,0,512,1,0,512,0,0,273,0,0,239,1,0,512,0.4378422200679779,115.19144439697266,126,0
1488,A,288,0.0036157092545181513,0.04243917763233185,nan,nan,512,0,0.0036157092545181513,0.04243917763233185,all_rows,512,0,0.0028245504945516586,0.0115234375,-0.000844117347151041,0.0008946042042225599,0.1070465540396981,14a7be9015e49950752fe0d0467f09cc:0:0,7cf08251aedd85aab4a978dc0bfab294:0:0,e8cfb49e8ad40553e3a43b88ac544460:0:0,031e6b8fe4601d2803d3778ca9037688:0:13442051,0c1641714e1305971305add8d0891742:0:2749529493,10,1.0,0,0,0,0,0,0,512,0,0,512,0,0,272,0,0,240,0,0,512,0.4404723644256592,113.96049499511719,126,0
1489,A,289,-0.006385388318449259,0.03909827396273613,nan,nan,512,0,-0.006385388318449259,0.03909827396273613,all_rows,512,0,0.005649803206324577,0.019252232142857144,-0.0012695025652647018,0.0007650350869101073,0.07752373098628595,ca2c53c58112ece9a5da5e3b723d05cc:0:0,ad95187197b9a5ba6437c459d1ae2f18:0:0,3bbf48ba477a4fc3842f5b21ada19fb5:0:0,60b23884330e9c85ee3677b3096d8a88:0:1662389646,62a6e97329a97a10a5dbccb0a5b1a216:1:416810695,7,1.0,0,0,0,0,0,0,512,1,0,512,2,0,287,0,0,225,1,0,512,0.4458363354206085,114.54991912841797,122,0
1490,A,290,-0.002471648156642914,0.0391935259103775,nan,nan,512,0,-0.002471648156642914,0.0391935259103775,all_rows,512,0,0.00541213434189558,0.026171875,-0.006818982400000095,0.0007683672563871368,0.11733660299796611,307d959631c14b7d044b7091c23b01cc:0:0,6fff55f6b9d3064c8b76fa03b3ae47ef:0:0,76b673100c20a635741ce887beae785b:0:0,0fe0e26842ce7d22750d886fb4979e88:0:1331539264,943e6788801079dcbaecf8ac29626472:0:625709293,10,1.0,0,0,0,0,0,0,512,0,0,512,0,0,301,0,0,211,0,0,512,0.4585918188095093,114.38834381103516,106,0
1491,A,291,0.0036652078852057457,0.04186328127980232,nan,nan,512,0,0.0036652078852057457,0.04186328127980232,all_rows,512,0,0.010459651239216328,0.03515625,0.0009346380829811096,0.0008777431212365627,0.025306672032456845,9a495467dc1edd04416df14f3678fdcc:0:0,e4f9985c1bf399d8e6f5b0167b756fbf:0:0,f12161a695b917df9aa5845c12aa3b6e:0:0,6b5db825017e451151818a56aa81b288:0:4294829646,00e617d26ec4734c3bea9d95780c432a:0:990677575,2,1.0,0,0,0,0,0,0,512,1,0,512,2,0,275,0,0,237,1,0,512,0.43366432189941406,114.73918914794922,122,0
1492,A,292,-0.0022216476500034332,0.04326958209276199,nan,nan,512,0,-0.0022216476500034332,0.04326958209276199,all_rows,512,0,0.00539845135062933,0.0234375,-2.8838636353611946e-05,0.0009377796377521008,0.025801505020353943,cc4bcb9ba7a1cf0c8c18f9efcef6f9cc:0:0,87a455e7be3df53f9a7ec973d60b7cf0:0:0,8a1df48469e85fc5fbf28d7d32b2995d:0:0,88473f7925f17001b51e1dfbeb2bc688:0:3015093666,893e4cd444e49ce8c968be8167463aaf:0:1223207313,2,1.0,0,0,0,0,0,0,512,1,0,512,0,0,260,0,0,252,1,0,512,0.4262579381465912,116.69207763671875,134,0
1493,A,293,-0.0038330371025949717,0.03965193033218384,nan,nan,512,0,-0.0038330371025949717,0.03965193033218384,all_rows,512,0,0.005069628823548555,0.01806640625,-0.001515404088422656,0.0007895192466094159,0.05044300004374236,f908e3f6bd16899b8d0fe3ef8bb4f5cc:0:0,a9d34387fcd038a5b88749a1ed3f6b5f:0:0,2fb23b256ffd5d199be7276a1082831d:0:0,2f4e2c1abed629e55dd1a3f37695da88:0:1840141297,5f174e6de66957b48cfe58dbf8018aed:1:3518673831,4,1.0,0,0,0,0,0,0,512,0,0,512,0,0,251,0,0,261,0,0,512,0.4188936650753021,117.8768539428711,144,0
1494,A,294,0.002059838967397809,0.03813383728265762,nan,nan,512,0,0.002059838967397809,0.03813383728265762,all_rows,512,0,0.004459872841835022,0.0265625,-0.0012168203480541705,0.0007208248556707985,0.11270102602429688,a0fa0e6327209854630248ca6cb2f1cc:0:0,3b7986e5ed0cf5f592835969e99e85c6:0:0,fb1454ebd83bda523f20e7b741c08616:0:0,eb1798375e108457a9ed3cd14cbfee88:0:3198761348,e418bab543f2f48fdf0881b82b4e62fe:0:2283636404,10,1.0,0,0,0,0,0,0,512,0,0,512,1,0,265,0,0,247,0,0,512,0.43397682905197144,117.0891342163086,132,0
1495,A,295,-0.0038465980906039476,0.04494430124759674,nan,nan,512,0,-0.0038465980906039476,0.04494430124759674,all_rows,512,0,0.0031193806789815426,0.01953125,-0.003127355873584747,0.0009916458278894425,0.11061409598914906,bb4c76e0e5a947dc9e8c01fc71f0edcc:0:0,3d0cc6c3b9365726da0b317825a16220:0:0,47723252fa730e9b5f6c4649b5fa4306:0:0,ebf119629e1f26c4ac24c9296daa0288:0:4118024956,0695c618b2301e64b9a758d86b212029:1:3751366496,10,1.0,0,0,0,0,0,0,512,0,0,512,3,0,264,0,0,248,0,0,512,0.43254554271698,118.46710205078125,151,0
1496,A,296,0.005005998536944389,0.04200119897723198,nan,nan,512,0,0.005005998536944389,0.04200119897723198,all_rows,512,0,0.006104784086346626,0.0205078125,-0.0029830229468643665,0.0008828779100440443,0.028170495992526412,ab3235fb54b7f7813e3529019b6ee9cc:0:0,7b22c1b5376e280b78a15ca1624e92cf:0:0,1c8ff04496ef0226d6949e25ce8fbdda:0:0,89973a957f1d79503f8ee98fd9541688:0:2844941302,8c74f570bb036ada6d1f61502d3a7b7e:0:315040308,2,1.0,0,0,0,0,0,0,512,2,0,512,0,0,252,0,0,260,2,0,512,0.4454527497291565,119.26903533935547,166,0
1497,A,297,-0.006114514544606209,0.04294842854142189,nan,nan,512,0,-0.006114514544606209,0.04294842854142189,all_rows,512,0,0.0050331722013652325,0.021484375,-0.0012359260581433773,0.0009254381497157737,0.11011860700091347,077c099347301f1baa721755e92ce5cc:0:0,c6c2036d7315a9a96d414626595d7789:0:0,42a0911a82e1d960e3cee3e12fe9efee:0:0,969ce573d8f74a7d1ba4fe988fbe2a88:0:1522158343,32f14b626100beb02af1fc68e9444a10:1:1241612299,10,1.0,0,0,0,0,0,0,512,0,0,512,1,0,275,0,0,237,0,0,512,0.4352722764015198,120.84797668457031,138,0
1498,A,298,3.331475454615429e-05,0.03889907896518707,nan,nan,512,0,3.331475454615429e-05,0.03889907896518707,all_rows,512,0,0.00635489821434021,0.009765625,-0.0023383197064201036,0.0007580405314608166,0.03386188601143658,61effc4a75f10936b1a366755b2ae1cc:0:0,2e1ff1acf666edbd1470a77e1ebabe60:0:0,b910985d7008d395fd29fcea1cb999e1:0:0,30b45a9fe061ef93e84328d790e83e88:0:297635703,d27b4a821c9954d7e3cf5676caf55349:1:1104104806,3,1.0,0,0,0,0,0,0,512,1,0,512,3,0,274,0,0,238,1,0,512,0.4378003180027008,121.69271087646484,129,0
1499,A,299,0.004876598250120878,0.03879052773118019,nan,nan,512,0,0.004876598250120878,0.03879052773118019,all_rows,512,0,0.003780103987082839,0.0119140625,-0.0020228737965226175,0.0007431879756040871,0.10512136900797486,4ddc3d5923d341738415efdbf168ddcc:0:0,435d0b069f8d4be4ba290cecc7d86a04:0:0,ee008465950b29dd812acb8f23802f2f:0:0,e87082767c2edfca51a848e0dcd25288:0:1983030696,5d0e341ef0f9976a7bee731c92a6c97d:1:3200003661,10,1.0,0,0,0,0,0,0,512,0,0,512,4,0,283,0,0,229,0,0,512,0.4435279369354248,120.37284851074219,130,0
1500,A,300,-0.0039041927084326744,0.040581148117780685,nan,nan,512,0,-0.0039041927084326744,0.040581148117780685,all_rows,512,0,0.0018722193781286478,0.019921875,-0.0008975530043244361,0.0008120839745970442,0.10978501196950674,25fc411316ffb72eb002cd05abe6d9cc:0:0,ed7279a0197ef1a0e4a2fd8eed042937:0:0,90b5c34441afa92eb3a08411c3bd0bcc:0:0,accf9d21e88bca2a1c75ff48737c6688:0:1295220469,d819c798b1813126b010e9d006684617:0:616112863,10,1.0,0,0,0,0,0,0,512,2,0,512,0,0,296,0,0,216,2,0,512,0.44602251052856445,120.61092376708984,128,0
1501,A,301,0.0009201637003570795,0.04035787284374237,nan,nan,512,0,0.0009201637003570795,0.04035787284374237,all_rows,512,0,0.003852237481623888,0.0232421875,-0.002322740666568279,0.000795741775073111,0.11533472000155598,c52914dd481c94651d8f576e8aa4d5cc:0:0,676e54eb998f6fe48516065a20819582:0:0,014815c2a709f83586f754a081ab368c:0:0,85beaa82e5c4263839b0aca254e67a88:0:1485909592,aaa7764d79bb084b5e0b7d17a68f203f:0:3602369802,10,1.0,0,0,0,0,0,0,512,0,0,512,2,0,274,0,0,238,0,0,512,0.4432796537876129,119.98455810546875,131,0
1502,A,302,0.006684421561658382,0.046358898282051086,nan,nan,512,0,0.006684421561658382,0.046358898282051086,all_rows,512,0,0.004007561597973108,0.0240234375,-0.0012289962731301784,0.0010386212612502276,0.11298647400690243,cfbc9fd1e7cbc8d90acd28928da2d1cc:0:0,c0dc316a8b9c8fc8b9909ebf0c296c6c:0:0,07ac4d193dde772f0503a132c8e69d74:0:0,7f87480370183f5bdabf718281108e88:0:3792790439,58880c231eb87c3542640de7f1ca63ef:1:3363793003,10,1.0,0,0,0,0,0,0,512,1,0,512,4,0,289,0,0,223,1,0,512,0.4318924844264984,119.82591247558594,133,0
1503,A,303,-0.0050674919039011,0.038083091378211975,nan,nan,512,0,-0.0050674919039011,0.038083091378211975,all_rows,512,0,0.0054636006243526936,0.012369791666666666,-0.0030828689535458884,0.0007248636975418776,0.03382325900020078,914a53cc9af7497707ba19edb4e0cdcc:0:0,46fc79e6339c86f648ed33b5e3b472be:0:0,5deb87c921de5f899b9585ce3e3932dd:0:0,e2803bf8be3dbb05856c2e7cf7faa288:0:3960833097,bbb6553a2181a979d4c90a007bc04f89:0:2095671559,3,1.0,0,0,0,0,0,0,512,1,0,512,0,0,260,0,0,252,1,0,512,0.4441576302051544,119.89969635009766,139,0
1504,A,304,0.004875072743743658,0.04274045675992966,nan,nan,512,0,0.004875072743743658,0.04274045675992966,all_rows,512,0,0.0056402841582894325,0.029947916666666668,-0.001997901126742363,0.0009203423687722534,0.03382824402069673,179699150e6703faf24044fc005ec9cc:0:0,a2f8f7f0aec5637c35b895d3c3f490cf:0:0,e55d59c63fff0803852f369af3497fd2:0:0,992373cd041d999627e38425b9a4b688:0:2734089404,feb42d4e5c0fa1bcc69a7a2d1309420d:1:1885122246,3,1.0,0,0,0,0,0,0,512,1,0,512,0,0,281,0,0,231,1,0,512,0.4499291181564331,118.44566345214844,137,0
1505,A,305,-0.004832843784242868,0.0414046049118042,nan,nan,512,0,-0.004832843784242868,0.0414046049118042,all_rows,512,0,0.00686402153223753,0.015625,-0.003004207741469145,0.0008596443887134748,0.07404134195530787,5cc9015a421c86d4f2360339701cc5cc:0:0,4d64b23c40adb4916ac583afe27985f0:0:0,011c40dbea57d9dcc84b2008c1a4257c:0:0,259adbbc3763b2062cb4d310c60eca88:0:1191483140,507a3f3ff81726574fae51d2a1cf99f8:1:2348478973,7,1.0,0,0,0,0,0,0,512,0,0,512,1,0,294,0,0,218,0,0,512,0.4496988356113434,117.30237579345703,108,0
1506,A,306,-0.0009851953946053982,0.04721815139055252,nan,nan,512,0,-0.0009851953946053982,0.04721815139055252,all_rows,512,0,0.005528031382709742,0.008680555555555556,-0.0007520751613709661,0.0011112344250755592,0.09921376704005525,43f40d2d2cf05d4e755dee22041ac1cc:0:0,80899272f603fe2de339eaac8d2c6e06:0:0,e28f24c9fdda1bd0dda2b5616beb09c6:0:0,69a82c81d373a84c8ed23bd21d38de88:0:2464002361,1920461a7010b414613b4f7b2cd9f2f5:1:2246077477,9,1.0,0,0,0,0,0,0,512,2,0,512,0,0,305,0,0,207,2,0,512,0.4543553590774536,117.92335510253906,105,0
1507,A,307,-0.00040719282696954906,0.04104311764240265,nan,nan,512,0,-0.00040719282696954906,0.04104311764240265,all_rows,512,0,0.0062421709299087524,0.0078125,-0.0009722235845401883,0.00083497599553084,0.04863306198967621,287809a598ed1fef2b66df31bc58bdcc:0:0,a8e4acd85bcfaa8f08042514fdabb42f:0:0,ff432a70b14c0e5b63f9d5bab8cd5a86:0:0,734294e85a575e85ed909efdbf22f288:0:1465565401,b3add92c97e932e4deac6b5965922a71:1:660547505,4,1.0,0,0,0,0,0,0,512,2,0,512,2,0,270,0,0,242,2,0,512,0.43816646933555603,118.17526245117188,123,0
1508,A,308,-0.0005907245213165879,0.0412808433175087,nan,nan,512,0,-0.0005907245213165879,0.0412808433175087,all_rows,512,0,0.0028721867129206657,0.01953125,-0.004073540167883039,0.0008505362522555516,0.11559079203289002,0ebd425858e4392201ebefe498d6b9cc:0:0,d2602bc0e9521cb530f94d3430c1d156:0:0,50edc6bb34c38016b7195a28873615c8:0:0,282002be103ae0dba0a79d27abcd0688:0:2497847783,bbb5fd263c9c5a7aa556418a7c7e6d1b:0:4071687048,10,1.0,0,0,0,0,0,0,512,0,0,512,2,0,263,0,0,249,0,0,512,0.43984395265579224,116.82782745361328,149,0
1509,A,309,-0.0015808274038136005,0.04282629117369652,nan,nan,512,0,-0.0015808274038136005,0.04282629117369652,all_rows,512,0,0.010569588281214237,0.025390625,-0.003156373587747415,0.0009099410963244736,0.03724525298457593,6784764237b85e1a207479b69994b5cc:0:0,fed70a2b5207619002fff33b0a56df37:0:0,754d557e28eb2b01888482553b5bac72:0:0,b55ec0452f09cc2acc3196e3e3371a88:0:3040240118,dcc7293c5e4a008f48d12c50c8505d33:1:738908460,3,1.0,0,0,0,0,0,0,512,0,0,512,2,0,259,0,0,253,0,0,512,0.4346589148044586,117.44833374023438,142,0
1510,A,310,0.00658201752230525,0.03892331197857857,nan,nan,512,0,0.00658201752230525,0.03892331197857857,all_rows,512,0,0.010866085067391396,0.0185546875,-0.003596633207052946,0.0007612749905092642,0.0472916709841229,12db2cc741d9bbf7e4741623be92b1cc:0:0,7239164121012175a45a045532cec56a:0:0,201235f6c2279a8ff4dc5aa7c5966d2b:0:0,c16720c88fc22f6b74abacc665612e88:0:2349787811,cd0cbd458c81bd891f29031f6b6781cc:1:3083558140,4,1.0,0,0,0,0,0,0,512,3,0,512,0,0,269,0,0,243,3,0,512,0.43276146054267883,119.34351348876953,129,0
1511,A,311,-0.004338140599429607,0.03993147611618042,nan,nan,512,0,-0.004338140599429607,0.03993147611618042,all_rows,512,0,0.00910584069788456,0.029296875,0.0003050414379686117,0.0008029858727240935,0.026495489000808448,28dc3262496fd92ddd4a9ea807d0adcc:0:0,b1a7fa289e99733cb781bbaee7cd8760:0:0,130dc97c83490e2e41694690159704cf:0:0,2fa410908710e7d792f5bf63324b4288:0:2885134901,7dbacbf4b291f10ffad37be64627d584:1:3916187927,2,1.0,0,0,0,0,0,0,512,0,0,512,0,0,279,0,0,233,0,0,512,0.4404408037662506,117.5197982788086,131,0
1512,A,312,0.003566536819562316,0.040017444640398026,nan,nan,512,0,0.003566536819562316,0.040017444640398026,all_rows,512,0,0.0032335352152585983,0.0283203125,-0.0010343895759433509,0.0007748485513729975,0.11536600900581107,490b2b1cc5ad2b25c8442cbf754ea9cc:0:0,4d6f790f1572cf3d128f11a2ee357670:0:0,9a42abc158cbf7fb35bc3ff097d57a08:0:0,7a9c8a0672cb77d228526f4e49f55688:0:3975710057,9e2074d749ef69a0011fcf91efd72508:1:2370597017,10,1.0,0,0,0,0,0,0,512,2,0,512,0,0,279,0,0,233,2,0,512,0.4456644356250763,115.86502838134766,124,0
1513,A,313,-0.0006555812433362007,0.04399668797850609,nan,nan,512,0,-0.0006555812433362007,0.04399668797850609,all_rows,512,0,0.0005659719463437796,0.0123046875,-0.0006098221056163311,0.0009481145563768223,0.10610485804500058,118ccb636dc860258c9919e6070ca5cc:0:0,9cc0f62e8124b0243fd283a2a8e84328:0:0,59a391a19ed4003fd7de50aaa99667e2:0:0,ec07336835db588e52671d1bac5f6a88:0:3422932595,5583b036daf5896682596f963a5f0d68:0:1411413694,10,1.0,0,0,0,0,0,0,512,0,0,512,0,0,287,0,0,225,0,0,512,0.4412379264831543,115.43793487548828,124,0
1514,A,314,-0.004815578460693359,0.04422042518854141,nan,nan,512,0,-0.004815578460693359,0.04422042518854141,all_rows,512,0,0.0058519854210317135,0.0107421875,-0.0019110890571027994,0.0009799244871828705,0.024157829000614583,29fbe64830175d74376dff97bd0aa1cc:0:0,f18ea8a246f8c4803a59b1b5ad0caae6:0:0,08afe0127b62e194cb74167eeddb1ae4:0:0,f664bdffa02ec6765f3be95f59897e88:0:1257940231,7fc746380ecfe1945050112e0bcb5eb0:0:168394312,2,1.0,0,0,0,0,0,0,512,4,0,512,2,0,286,0,0,226,4,0,512,0.4423298239707947,115.8436050415039,119,0
1515,A,315,0.002522603841498494,0.042632460594177246,nan,nan,512,0,0.002522603841498494,0.042632460594177246,all_rows,512,0,0.012054682709276676,0.037109375,-0.006545379292219877,0.0009176818857667968,0.024102127004880458,46661abe65c7f1bef7d3b75097489dcc:0:0,ff3f2959650084b505bd19f155653040:0:0,1d99faf766d4a4abd8e071833cce72e8:0:0,5345096480430852e13bb4ad51739288:0:162376487,5a3873c3ec1e66343a0eb6bc64019f3b:0:2145664384,2,1.0,0,0,0,0,0,0,512,0,0,512,1,0,293,0,0,219,0,0,512,0.447335422039032,114.52549743652344,128,0
1516,A,316,0.004751487169414759,0.041738592088222504,nan,nan,512,0,0.004751487169414759,0.041738592088222504,all_rows,512,0,0.004767225123941898,0.0220703125,-0.000366256688721478,0.00084007675468456,0.1052000870113261,f2517fda63b23bbe1ac75a8c95c699cc:0:0,196ac3b25a5e749a759c33b6ffd7535c:0:0,7a1c6cf266dba94eab0be657f639732e:0:0,f7568ae2dbdc3131c3341f99941da688:0:2736040922,c5af71fdf67cbb056baa8476928c5b99:0:4207260280,10,1.0,0,0,0,0,0,0,512,0,0,512,1,0,269,0,0,243,0,0,512,0.459290474653244,112.58468627929688,126,0
1517,A,317,-0.0021031531505286694,0.047700878232717514,nan,nan,512,0,-0.0021031531505286694,0.047700878232717514,all_rows,512,0,0.007329360581934452,0.01171875,-0.0026191454380750656,0.0011235455167479813,0.044692665978800505,15cf4299c8c0c51a073242c7b88495cc:0:0,5c4044aa10d16848dc5a1cb746ada8e2:0:0,334d71fcbba5f41b4c933ae83ee17f6a:0:0,147f0ab18d7e5d0d5c558ab82187ba88:0:708924416,7ed7aa210e1bbc805824c3307eb48970:0:3781061600,4,1.0,0,0,0,0,0,0,512,1,0,512,0,0,286,0,0,226,1,0,512,0.45305174589157104,111.93798828125,99,0
1518,A,318,0.0022531086578965187,0.04421311244368553,nan,nan,512,0,0.0022531086578965187,0.04421311244368553,all_rows,512,0,0.008955217897891998,0.0224609375,-0.005819998681545258,0.000973588481429033,0.023976136988494545,43cdb6362a6a519039ea097dff8291cc:0:0,1a27bf459cac645e27757b7ea6b9114d:0:0,1446b23212154c733ce5e04bd8324373:0:0,ed406e38443c68338433169cf9b1ce88:0:779031703,83d3ec2c5e8a693018f7f07b580ba05e:1:109169006,2,1.0,0,0,0,0,0,0,512,1,0,512,3,0,293,0,0,219,1,0,512,0.4438675045967102,113.4681625366211,129,0
1519,A,319,-0.0016148854047060013,0.044404830783605576,nan,nan,512,0,-0.0016148854047060013,0.044404830783605576,all_rows,512,0,0.005202861502766609,0.017578125,0.002283321227878332,0.0009898660791805014,0.024518246005754918,3d56e27fffb9625841b0882b6ac08dcc:0:0,be805fc8c09dfbc5a7c42011158c117a:0:0,599b72c6df0acfe7d59ee9c87aba9669:0:0,d6540036a370216ca6c2a3dc1c9be288:0:3038729727,cd47714b872208a739a58d9e9669ae63:1:1603969577,2,1.0,0,0,0,0,0,0,512,0,0,512,2,0,288,0,0,224,0,0,512,0.45169180631637573,115.23812103271484,110,0
1520,A,320,0.0005810594884678721,0.04154549911618233,nan,nan,512,0,0.0005810594884678721,0.04154549911618233,all_rows,512,0,0.0048453486524522305,0.032421875,-0.002491348842158914,0.0008487171638989821,0.10959581797942519,f56f223beb5d6dc8bb33d84bfa3e89cc:0:0,c563cc0dabe1fd9b0480abc04ec2a3a9:0:0,a8ab68309c5e96e0bd787f1b96793429:0:0,16727530ffeff6e2d85cd3098a45f688:0:1450276145,8738970d8df3589b721792be87b8abf2:1:2233858484,10,1.0,0,0,0,0,0,0,512,0,0,512,1,0,294,0,0,218,0,0,512,0.43215474486351013,116.46376037597656,116,0
1521,A,321,-0.009220394305884838,0.04479215666651726,nan,nan,512,0,-0.009220394305884838,0.04479215666651726,all_rows,512,0,0.006523354910314083,0.0205078125,-0.0020901847165077925,0.0010125334665644914,0.026675546017941087,0919e5f8c541cb3c4d0e535badfc85cc:0:0,981a33399cd7ab7a99b25766e1c72b84:0:0,724e4e4a02bf8cf94377ee3e2b653aaf:0:0,0b6ecc19f8561dc8e9bd04b942b00a88:0:951382568,72c8188717add57ead3be76391f1eff9:0:1707321469,2,1.0,0,0,0,0,0,0,512,2,0,512,0,0,265,0,0,247,2,0,512,0.44391611218452454,116.90538787841797,121,0
1522,A,322,0.003338682698085904,0.04584416002035141,nan,nan,512,0,0.003338682698085904,0.04584416002035141,all_rows,512,0,0.008843121118843555,0.027560763888888888,0.0033957159353627097,0.0009798613900784403,0.10341961798258126,52e92e5104265336a3c692d685fa81cc:0:0,b8bfe93fdc02a73b43d60ce7d371b996:0:0,fc35ecd5f4d51b40994a2e2aa24a8d9b:0:0,c1de20c2e5ed34c17c01597f45da1e88:0:2042470455,45deccbecfffe116c341a4b1ab621470:1:4206052175,9,1.0,0,0,0,0,0,0,512,0,0,512,0,0,281,0,0,231,0,0,512,0.4437575936317444,118.41832733154297,131,0
1523,A,323,0.0016101329820230603,0.0493210069835186,nan,nan,512,0,0.0016101329820230603,0.0493210069835186,all_rows,512,0,0.001188015448860824,0.01171875,-0.0014976711478084325,0.001190154196228832,0.11505208403104916,45a6cb0667b5b3c96dcf703882387dcc:0:0,f5ce0d59b8db1ddda85197703aafe104:0:0,9cc9e4dd020b92cf2e883d1bacc79c76:0:0,ac3e8f2fe3d6610614aab1ef93c43288:0:3624796746,9dc1ea03f761368bc59a44c4858eeace:0:2397429688,10,1.0,0,0,0,0,0,0,512,2,0,512,0,0,283,0,0,229,2,0,512,0.45508530735969543,116.7691650390625,119,0
1524,A,324,-0.0018499387660995126,0.03921268880367279,nan,nan,512,0,-0.0018499387660995126,0.03921268880367279,all_rows,512,0,0.005579960532486439,0.0171875,-0.0012108677066862584,0.0007566641201265156,0.058660348993726075,525ce2e303957939578804fda2b679cc:0:0,6ec3649d2fb4bfc62765d4096e09749f:0:0,5297d6be97d027c84e94be36021fbda0:0:0,0aab647ee9fce64e319cae9e2c6e4688:0:2395861688,e0e3115fb8b2e4dd9f1698c9d38deda5:1:4119434859,5,1.0,0,0,0,0,0,0,512,0,0,512,1,0,258,0,0,254,0,0,512,0.45664823055267334,117.16596984863281,140,0
1525,A,325,0.003054884960874915,0.038698501884937286,nan,nan,512,0,0.003054884960874915,0.038698501884937286,all_rows,512,0,0.00375519972294569,0.030078125,-0.0013173033017665147,0.0007451382465660572,0.11217092600418255,0f85bac70bebcae3073baaa1e77475cc:0:0,9b90cad1f12a96f5eff129832948b665:0:0,290c8a575973c6f2bca1936d4a75d33d:0:0,876d0ba4396b39765d1db01f0fd85a88:0:2606346751,d23f2f56a6d7aa3eaf7924e721f8db8c:0:1622874226,10,1.0,0,0,0,0,0,0,512,2,0,512,0,0,262,0,0,250,2,0,512,0.43726035952568054,118.49322509765625,117,0
1526,A,326,-0.001756517798639834,0.043708622455596924,nan,nan,512,0,-0.001756517798639834,0.043708622455596924,all_rows,512,0,0.006466020364314318,0.015625,-0.002381931059062481,0.000956112373387441,0.024610124994069338,65b920c703d6dc601921faa1507271cc:0:0,85685aef940b79873eafb2556ad1d142:0:0,710e7b6ea2986889222388c225af328d:0:0,39d769d117958de741d6d7063e026e88:0:2378031110,23d41e8fd1dabd28ef3e30f6d15b7ed9:1:4056738350,2,1.0,0,0,0,0,0,0,512,0,0,512,1,0,274,0,0,238,0,0,512,0.4263150691986084,119.09517669677734,127,0
1527,A,327,-0.0028485446237027645,0.0384821891784668,nan,nan,512,0,-0.0028485446237027645,0.0384821891784668,all_rows,512,0,0.0027375961653888226,0.0203125,-0.000505992490798235,0.0007176325365435332,0.10537573602050543,f6084aba2e5212ec1b5ece77ddb06dcc:0:0,217bd34784cce9cc27339895443f24ab:0:0,aef390ddf47f62270053a5fd494ad742:0:0,52b1b7ec962dddbcbed403e7b6ec8288:0:368266950,6a00e36804751abcc25848b4ee66a0a5:1:2230224490,10,1.0,0,0,0,0,0,0,512,0,0,512,0,0,259,0,0,253,0,0,512,0.4153325855731964,120.72230529785156,142,0
1528,A,328,0.001796727767214179,0.04342786222696304,nan,nan,512,0,0.001796727767214179,0.04342786222696304,all_rows,512,0,0.007059141062200069,0.0234375,-0.001265820232219994,0.000942756851145532,0.04744001297513023,839f5e156204df098a023fa18f2e69cc:0:0,adb331316cdc4785a8b99025280b2855:0:0,eb5d2e80a15312dcb2f283317944f843:0:0,d68f5418e5156cacfb83d7577a969688:0:1679457532,5564e05b27d6dc2f0563ec25d789ed95:0:4186821248,4,1.0,0,0,0,0,0,0,512,0,0,512,0,0,278,0,0,234,0,0,512,0.4272371828556061,120.73717498779297,124,0
1529,A,329,0.00040142316720448434,0.0428415909409523,nan,nan,512,0,0.00040142316720448434,0.0428415909409523,all_rows,512,0,0.00543832965195179,0.017903645833333332,-0.002742697484791279,0.0009054873808054253,0.06903076299931854,a976396aa0774a66cb08a79a64ec65cc:0:0,2f7deade395c39ea8c7c143b8c454f19:0:0,7e16f73e35f7e34348f979d808f703ce:0:0,a5d187d26bffc5af7bb7b1e98900aa88:0:502366135,42fd66da2a54a233fbf469d6c62fe0a2:1:1116846345,6,1.0,0,0,0,0,0,0,512,0,0,512,1,0,283,0,0,229,0,0,512,0.42742061614990234,119.1924057006836,124,0
1530,A,330,0.002037643687799573,0.039492376148700714,nan,nan,512,0,0.002037643687799573,0.039492376148700714,all_rows,512,0,0.0014510750770568848,0.0083984375,-0.0007721899077296257,0.0007768512645270675,0.10598987701814622,d218766211283a032a5a9fde5eea61cc:0:0,58f4a64ce6a43f07d7bba6cba1f0641d:0:0,7845559ce8facc438b98de16ad3df08c:0:0,523ed4c8a95b336433a3b431e22abe88:0:417252889,c139fb94fde36f82da189d1e0e0f463e:1:1720382444,10,1.0,0,0,0,0,0,0,512,1,0,512,0,0,257,0,0,255,1,0,512,0.4089835286140442,119.7813720703125,120,0
1531,A,331,-0.0019439073512330651,0.040430884808301926,nan,nan,512,0,-0.0019439073512330651,0.040430884808301926,all_rows,512,0,0.00837627425789833,0.012369791666666666,-0.003755896662672361,0.000819563438805441,0.03533612802857533,8716f57d41016493d5cd01e97d285dcc:0:0,5bc22b5ae569590fa86c4cca79973f25:0:0,b6471924a13ce9bfeeea2df1d88ddac9:0:0,91f504239412b33a9bdebec48614d288:0:1897948699,0446e7f760ac452b7f117617502a7bc8:0:3182151920,3,1.0,0,0,0,0,0,0,512,1,0,512,3,0,285,0,0,227,1,0,512,0.41629669070243835,120.27220153808594,110,0
1532,A,332,0.004449186846613884,0.0444101057946682,nan,nan,512,0,0.004449186846613884,0.0444101057946682,all_rows,512,0,0.0030370280146598816,0.02109375,-0.0003477033693343401,0.0009717615030240268,0.10674917697906494,03cb9b71c6a4fd28d920e737bfa659cc:0:0,62af3d652ccdce3040c47b1b64131383:0:0,0dd6a3eac0becfd77fe23bed4a1ad84f:0:0,29b7f17afdbd6358c562723574bee688:0:1950037344,26945d91a46458e6cc42777178145cd0:1:460679957,10,1.0,0,0,0,0,0,0,512,3,0,512,1,0,280,0,0,232,3,0,512,0.41596174240112305,118.53687286376953,121,0
1533,A,333,-0.0036077327094972134,0.04219098389148712,nan,nan,512,0,-0.0036077327094972134,0.04219098389148712,all_rows,512,0,0.007020413409918547,0.009765625,-0.0066297724066923065,0.0008937253539140025,0.03490283800056204,c7fa3a64ac1112121a03a945266455cc:0:0,e5cd3f2eb094e46d938d23011d8d4c5b:0:0,10d7ceb7821d1b4fd96ec1f98a47043e:0:0,97ffdc5832cf6b426d8b2f18ae28fa88:0:82263182,d634a831b754622540240592e17f5ad6:1:2238519985,3,1.0,0,0,0,0,0,0,512,2,0,512,0,0,281,0,0,231,2,0,512,0.4198802709579468,118.67791748046875,108,0
1534,A,334,0.0008288400713354349,0.043468158692121506,nan,nan,512,0,0.0008288400713354349,0.043468158692121506,all_rows,512,0,0.007979750633239746,0.021484375,-0.00045008957386016846,0.0009435577085241675,0.026109515980351716,f6c7efcc3e14a004540ee18db16251cc:0:0,b1e2c8c1bab8525fd95d65e935a61d48:0:0,b70cfee3b1c7f519105e989ab92a8a35:0:0,496ef0acd6605f401218160232530e88:0:3564246749,af88e41250e7349381a568e86a4f510b:0:2672252172,2,1.0,0,0,0,0,0,0,512,0,0,512,0,0,298,0,0,214,0,0,512,0.4091154634952545,120.39109802246094,118,0
1535,A,335,0.005141884554177523,0.04521411657333374,nan,nan,512,0,0.005141884554177523,0.04521411657333374,all_rows,512,0,0.008789245039224625,0.014453125,-0.001176573894917965,0.0010274280793964863,0.055967175983823836,e1bc8a3a2212597e14c8698d60a04dcc:0:0,7a46a79ef59b24095a1ce972be30a4e2:0:0,343371a2cadd3f003b6e7709471a3d41:0:0,593eb03cb71b1e86052b0786013d2288:0:2565880176,b9cd44fe33e3de3ca621136241d1098b:0:1584515275,5,1.0,0,0,0,0,0,0,512,1,0,512,1,0,289,0,0,223,1,0,512,0.4070068895816803,122.08330535888672,126,0
1536,A,336,-0.0013289875350892544,0.03920480236411095,nan,nan,512,0,-0.0013289875350892544,0.03920480236411095,all_rows,512,0,0.0057441554963588715,0.0146484375,-0.0034200912341475487,0.0007690522324992344,0.02456428500590846,7a47d0cbd28d226cb7a25ac0341e49cc:0:0,3b83439d5e3c05b4b4e99de948389e25:0:0,06ddc961de4488d19a170bdd4e4973b3:0:0,7f82f48b1aeb2c1b8148a4381ae73688:0:1586471,a898d8c8274e13ea557da48e3dd2b731:1:294037289,2,1.0,0,0,0,0,0,0,512,0,0,512,0,0,270,0,0,242,0,0,512,0.41508886218070984,120.4654541015625,126,0
1537,A,337,0.0004701079451479018,0.0393395870923996,nan,nan,512,0,0.0004701079451479018,0.0393395870923996,all_rows,512,0,0.0056100692600011826,0.024088541666666668,0.000882275402545929,0.000773021369241178,0.03458731697173789,cad6c87be2fa401161fb0ea22bdc45cc:0:0,8cdf2eb98c4f1d4585038dec02e73879:0:0,7888883063fa09966aa12b388cd0715f:0:0,7e91626ebefb8281bd584cac7f514a88:0:2203422739,21e49c855982a6c1686eedf149e266d7:1:373918321,3,1.0,0,0,0,0,0,0,512,1,0,512,2,0,274,0,0,238,1,0,512,0.42257586121559143,118.9688949584961,120,0
1538,A,338,0.004747329745441675,0.04153159633278847,nan,nan,512,0,0.004747329745441675,0.04153159633278847,all_rows,512,0,0.0006626539397984743,0.0015625,-0.000572388619184494,0.0008561070571886376,0.10775388701586053,4f23520aab553d25ff1d1eaf47da41cc:0:0,443e632c48d00bdafc3f7526bfe5257a:0:0,b7d96f91ba11b4137fd0aebfbbccae31:0:0,cb315e02899ae21b00a421772e7b5e88:0:1608346104,ba36caf380cfa757b35a638b9892991c:1:2782945652,10,1.0,0,0,0,0,0,0,512,0,0,512,2,0,293,0,0,219,0,0,512,0.4308100938796997,117.68763732910156,116,0
1539,A,339,-0.002722275909036398,0.04230692237615585,nan,nan,512,0,-0.002722275909036398,0.04230692237615585,all_rows,512,0,0.004817653447389603,0.0203125,-0.0028644430916756392,0.000888201265479438,0.11155788705218583,4e52b5b13bf182423c3f646388183dcc:0:0,4da7882998e1914182bde5686150b2f0:0:0,21881db605aaec302fb6347014e0227c:0:0,fb31d73bab999a51b6d9032c28657288:0:933449822,8099f65bb998f4774a6449d72816a4c4:1:2442023091,10,1.0,0,0,0,0,0,0,512,2,0,512,0,0,293,0,0,219,2,0,512,0.4275200664997101,117.8631820678711,101,0
1540,A,340,0.00016033413703553379,0.037493087351322174,nan,nan,512,0,0.00016033413703553379,0.037493087351322174,all_rows,512,0,0.004990356508642435,0.02421875,-0.0018273764988407492,0.0007021165278274566,0.1087842769920826,7cede84dba05a2808484f93aec9639cc:0:0,56eab1d86ea3deb24e64f82e465fa95f:0:0,a0535459963dda01d06f559f1cfc133a:0:0,665fa500aeb4cd7f8406925f6d0f8688:0:3718642673,7c91a2cf0297e818d970fb8fad35cd8c:0:1598311209,10,1.0,0,0,0,0,0,0,512,1,0,512,1,0,259,0,0,253,1,0,512,0.4231356084346771,117.77870178222656,138,0
1541,A,341,-0.00203956151381135,0.03900841251015663,nan,nan,512,0,-0.00203956151381135,0.03900841251015663,all_rows,512,0,0.0002506747841835022,0.000390625,-1.545094419270754e-05,0.0007558458572020754,0.10518214298645034,6d008834856c5c62fcfd36b1755435cc:0:0,d1bef5bfeb953bc38ef42f1e37f3b4c0:0:0,674166ef4ba7f49816fe4dc775a4011e:0:0,0158962faea32f94589f2fa4fc799a88:0:1506261387,0524588c7b6b9c210f1b583e7bb653fc:0:2233434201,10,1.0,0,0,0,0,0,0,512,1,0,512,1,0,278,0,0,234,1,0,512,0.43518197536468506,117.86573791503906,115,0
1542,A,342,0.0003707099240273237,0.04231395944952965,nan,nan,512,0,0.0003707099240273237,0.04231395944952965,all_rows,512,0,0.007176127750426531,0.01171875,-0.002110081724822521,0.0008949111506808549,0.04535977396881208,f3f9be4dc8174ef880a3b643225231cc:0:0,e284095a38b58e81438515882c74ea1a:0:0,f47c9cf63ccc75126c7b5e0c79ffc25a:0:0,7b1ce594ba573f7d8577fb90d6a3ae88:0:3016902615,fa1f05940adb1f2d827826144ee03205:0:3785133569,4,1.0,0,0,0,0,0,0,512,0,0,512,1,0,294,0,0,218,0,0,512,0.42869624495506287,118.10926818847656,107,0
1543,A,343,0.00078110076719895,0.04175252839922905,nan,nan,512,0,0.00078110076719895,0.04175252839922905,all_rows,512,0,0.004237177316099405,0.015234375,-0.0008720574900507927,0.0008641936292406172,0.10779404500499368,f4845aa34faf63419c60516bf3902dcc:0:0,7c95c96fed02003bdf3c021c0a061638:0:0,dd781162200131d12f2952ad4a3fbf1a:0:0,b84a57641b0afb4ccfc8d6b6fb8dc288:0:122389020,9fb73bf3e7be6f8c6f058b74a757b5db:0:243389364,10,1.0,0,0,0,0,0,0,512,2,0,512,4,0,271,0,0,241,2,0,512,0.43218132853507996,116.79389190673828,117,0
1544,A,344,0.004494533874094486,0.04422755166888237,nan,nan,512,0,0.004494533874094486,0.04422755166888237,all_rows,512,0,0.0006750737084075809,0.001953125,0.00019459277391433715,0.0009692892228486017,0.11529526201775298,2ab1a9fed1dee9d58b0721a7e90e29cc:0:0,e8e9bbd14fc33bcf654e172d363257cd:0:0,b4ce027e762d78d0d1f0c4611637902c:0:0,9459f45efea90f1f852c61ab6b37d688:0:2897016524,1b62071e7ddfbfc27ca9b88a5a516498:1:1772039934,10,1.0,0,0,0,0,0,0,512,2,0,512,2,0,267,0,0,245,2,0,512,0.4224940836429596,118.33837890625,115,0
1545,A,345,-0.0031405817717313766,0.04137078672647476,nan,nan,512,0,-0.0031405817717313766,0.04137078672647476,all_rows,512,0,0.003386791329830885,0.01328125,-0.0011344451457262039,0.0008415350952418521,0.10932605905691162,f6c4a4b4fbc16cc73158807302cc25cc:0:0,06b2a9860c0ed5529792ce1626fbf103:0:0,2bddf3ac3de5c3056b29aaf290388a37:0:0,04cb185bc3277ec58f9ffd0225a1ea88:0:3316282028,cea2cd52c9684bd79e8d5e1d9e3b1db9:1:4067027690,10,1.0,0,0,0,0,0,0,512,1,0,512,0,0,270,0,0,242,1,0,512,0.43372705578804016,118.94579315185547,104,0
1546,A,346,0.00021016053506173193,0.042799387127161026,nan,nan,512,0,0.00021016053506173193,0.042799387127161026,all_rows,512,0,0.002678869292140007,0.009375,-0.003408726584166288,0.0009119549446040765,0.11631609202595428,f2e93535ecf535ca1a01074940ca21cc:0:0,60b6ce42f5351c06d59d625f198279d3:0:0,c0521d2a93da019f04ec0b8d7151ea68:0:0,fe9c5f7de067ca288983c94f2acbfe88:0:3997117541,3e0ee2536698a98d42e657e1cf15d314:0:4113758673,10,1.0,0,0,0,0,0,0,512,1,0,512,4,0,281,0,0,231,1,0,512,0.42099159955978394,119.23466491699219,116,0
1547,A,347,-0.0030259662307798862,0.0461760014295578,nan,nan,512,0,-0.0030259662307798862,0.0461760014295578,all_rows,512,0,0.004332961980253458,0.0255859375,-0.0009602079167962074,0.0010630129050696268,0.10716139001306146,a66d6f77feca889771998fa6a3081dcc:0:0,9ff59e6362f011191921c59414d95a02:0:0,2c4bca7935b531315d42654419c3c5d4:0:0,7e8ce6fc2e308c72d19aa7267ab61288:0:2836217333,c080a1e5edb1e807e7cdd215d60135dd:1:1945123760,10,1.0,0,0,0,0,0,0,512,1,0,512,1,0,299,0,0,213,1,0,512,0.42940977215766907,118.80425262451172,109,0
1548,A,348,0.002198459580540657,0.041071344166994095,nan,nan,512,0,0.002198459580540657,0.041071344166994095,all_rows,512,0,0.005146460607647896,0.020833333333333332,-0.0022734991119553647,0.0008440038557940474,0.033962843008339405,29e8a8cdf80c919302a73307298619cc:0:0,000cf9586498d5f324e8b609774e5d35:0:0,ccbd784de667f4c0196bb8b3a516271f:0:0,7b1e53e703d495f69f0a371c15602688:0:1523764731,3c938fcf0656827dfb7b2ba223f8142c:0:748916689,3,1.0,0,0,0,0,0,0,512,1,0,512,2,0,272,0,0,240,1,0,512,0.424331396818161,119.01239776611328,127,0
1549,A,349,0.0032594273798167706,0.040591511875391006,nan,nan,512,0,0.0032594273798167706,0.040591511875391006,all_rows,512,0,0.005153065547347069,0.005208333333333333,-0.0032821851782500744,0.000824777225110059,0.03414829896064475,4f5e72360de008b0319b4ae6d44415cc:0:0,3b91ce16fed5fa29bc8445ec4dafe2d6:0:0,7bffa04e1b37eb0a1b8685e28d92a9fb:0:0,fef223f26f1b80d5155ad9c3faca3a88:0:3612472419,8b52fe717f5dcea2901ffa98aec05ab9:1:1952933126,3,1.0,0,0,0,0,0,0,512,0,0,512,1,0,267,0,0,245,0,0,512,0.43487703800201416,117.61693572998047,109,0
1550,A,350,-0.007565288804471493,0.04188721999526024,nan,nan,512,0,-0.007565288804471493,0.04188721999526024,all_rows,512,0,0.003305052639916539,0.0228515625,0.0012754091527312993,0.0008783074154052883,0.10487598000327125,241985ab52338896f8d370c1a34211cc:0:0,ae5b13f9b70fd0d88d316f30fcc41fce:0:0,8f7ac6a7f9091533f67bc5d13880233c:0:0,dda2f1db7fffc0655877afb22af44e88:0:2864501418,0fdf83320c5db5dc8a981c58575e0b37:1:1890120685,10,1.0,0,0,0,0,0,0,512,1,0,512,1,0,281,0,0,231,1,0,512,0.43940621614456177,118.82205963134766,100,0
1551,A,351,0.0024382229894399643,0.04293147474527359,nan,nan,512,0,0.0024382229894399643,0.04293147474527359,all_rows,512,0,0.0012984544737264514,0.0083984375,-0.001039483677595854,0.0009220892010489478,0.10385337402112782,abf4c17f703d9a08e4997e1396800dcc:0:0,c1a33a97b0f8134a11aaa10b954fec68:0:0,d51c1131a214f93da8a732d1cda237fd:0:0,0f64909266d62b5ba0ae997aa5de6288:0:1979269437,01b0a5fd80bd04df20958c070b56768d:0:556083706,10,1.0,0,0,0,0,0,0,512,1,0,512,0,0,282,0,0,230,1,0,512,0.43952685594558716,117.69652557373047,123,0
1552,A,352,0.00030464024166576564,0.041471146047115326,nan,nan,512,0,0.00030464024166576564,0.041471146047115326,all_rows,512,0,0.0055535235442221165,0.020182291666666668,-0.001325933417926232,0.0008597305083336929,0.034034020034596324,cb4e533ed78473860f238c58adfe09cc:0:0,8c52edf3a03e6226dcdfe5f52c4a68be:0:0,73236ce24ea4e07c340de983b569f5c1:0:0,6b442de5e27300b04eb037b16b887688:0:2128449033,e64cc7513055045a767eeffb36cf6879:1:420762883,3,1.0,0,0,0,0,0,0,512,0,0,512,1,0,288,0,0,224,0,0,512,0.46491560339927673,117.5275650024414,113,0
1553,A,353,-0.0024765259586274624,0.042856741696596146,nan,nan,512,0,-0.0024765259586274624,0.042856741696596146,all_rows,512,0,0.007536931429058313,0.017578125,-0.0031191420275717974,0.000917669793125242,0.08427988598123193,ba33361db5eb6d321c93f50ce9bc05cc:0:0,2ff3c1efb5ce4f6877defbd884c73f14:0:0,5d2fcde9a01b4ed9d75cddd40d95c736:0:0,df940eff3be06746ff8feaea7bf28a88:0:935864960,d65de1296b543e0926c30fd18e8ec366:0:4151822126,8,1.0,0,0,0,0,0,0,512,1,0,512,1,0,247,0,0,265,1,0,512,0.46486741304397583,116.30284881591797,118,0
1554,A,354,-0.0011976449750363827,0.03809160739183426,nan,nan,512,0,-0.0011976449750363827,0.03809160739183426,all_rows,512,0,0.0012816166272386909,0.00546875,-0.0002048995578661561,0.000724880286725238,0.1043575550429523,54af2768614228f936f951ac49ba01cc:0:0,be7cfdd86729342c8934471357400389:0:0,b848b2e56f85218ca24db0881b96ebb4:0:0,16a4ee90cd3a6855a0c3d3b9d71c9e88:0:3987945961,79246752fd3f690a1364b19e1dfba704:1:2199074873,10,1.0,0,0,0,0,0,0,512,0,0,512,2,0,280,0,0,232,0,0,512,0.4893243908882141,117.42082214355469,113,0
1555,A,355,0.00179934105835855,0.04243118315935135,nan,nan,512,0,0.00179934105835855,0.04243118315935135,all_rows,512,0,0.007512788288295269,0.022265625,-0.0009941616095602511,0.000897621049080044,0.05548340396489948,6dd72dee10d16ef50a4e7bb2cdf7fdcc:0:0,119c80ecde175e78f95034d6ff1ef0e3:0:0,d1aaaa4b29b9ed40e1757cb96759d545:0:0,56298e2bd144648b8424d2b37d06b288:0:380640912,a9389016b7af213d879bb55260c13852:1:1362484102,5,1.0,0,0,0,0,0,0,512,0,0,512,1,0,281,0,0,231,0,0,512,0.4891326427459717,116.94702911376953,108,0
1556,A,356,0.00046340469270944595,0.047125428915023804,nan,nan,512,0,0.00046340469270944595,0.047125428915023804,all_rows,512,0,0.005070720333606005,0.011328125,-0.0017592130228877068,0.0011006577871739865,0.0548563749762252,395ac7d90761be11c07a8c9c7675f9cc:0:0,d36c1043d0eb55a3c1e0efbdf37d19ea:0:0,2c4bc78e76a47306142381d665c90351:0:0,043fa9c4f94c03f873ee886b6db0c688:0:1005097175,9f91d66d6dd83162fa4aad00661e38a0:1:3658976275,5,1.0,0,0,0,0,0,0,512,2,0,512,2,0,293,0,0,219,2,0,512,0.48861151933670044,118.47633361816406,109,0
1557,A,357,-0.002253820886835456,0.041705843061208725,nan,nan,512,0,-0.002253820886835456,0.041705843061208725,all_rows,512,0,0.007097681984305382,0.01513671875,-0.0026986519806087017,0.0008691272887517698,0.04399012599606067,2e69c4e38e3790f2fd50dde54333f5cc:0:0,5ddf2a903f22358cefae08a69302363c:0:0,dc1b0a70861a70e4bd4aa70873f50be5:0:0,40dc2e0206eda0b3c6bf5575a91ada88:0:2050721379,30ab7edccbe33d5b710687ad4f4386a9:1:3206814431,4,1.0,0,0,0,0,0,0,512,1,0,512,2,0,293,0,0,219,1,0,512,0.4915446937084198,117.12611389160156,99,0
1558,A,358,-0.0005762123037129641,0.041111502796411514,nan,nan,512,0,-0.0005762123037129641,0.041111502796411514,all_rows,512,0,0.005561404395848513,0.003125,-0.0007156766485422849,0.0008397852419875562,0.05419495701789856,bacac15561815718da9109093431f1cc:0:0,294e85bd3c8641ec57593b2222698076:0:0,8ec508b28e3c0907d0783b825d084148:0:0,17ff577d674e2c4373985a662f44ee88:0:1529034856,61114d64191f072539bfa3f879444ecc:0:1531570520,5,1.0,0,0,0,0,0,0,512,0,0,512,1,0,282,0,0,230,0,0,512,0.5094715356826782,118.53890228271484,117,0
1559,A,359,0.0016579102957621217,0.044346410781145096,nan,nan,512,0,0.0016579102957621217,0.044346410781145096,all_rows,512,0,0.006637070327997208,0.009765625,-9.650830179452896e-06,0.0009750303288456053,0.06437163200462237,fa5820b16eb32244e3e6e784496fedcc:0:0,8df654571c3c6e2ccf6c576e9075b49a:0:0,4c05304483d60f9546c116e5e85eb43d:0:0,a3603abf8d5e8fc325dd77d1002f0288:0:1854763405,e9a470a0939ee99a020c4cf174124cce:0:3926856825,6,1.0,0,0,0,0,0,0,512,0,0,512,0,0,272,0,0,240,0,0,512,0.5020893812179565,117.1490707397461,114,0
1560,A,360,-0.0033391525503247976,0.042714912444353104,nan,nan,512,0,-0.0033391525503247976,0.042714912444353104,all_rows,512,0,0.0009113671258091927,0.002734375,-0.000725644826889038,0.0009047573170391843,0.1055344000342302,b1ff4d78054c081f12ea92d282ede9cc:0:0,a0fb729d5c37de3c82135e6150a54d61:0:0,3e82ea8beff422676dcb2c824a59d51e:0:0,abee224088bc86cb51554e4a1bd91688:0:44357988,e9e307f96732d3d8cc99697d650fc64d:0:1587257600,10,1.0,0,0,0,0,0,0,512,1,0,512,1,0,276,0,0,236,1,0,512,0.4974880516529083,118.58563232421875,133,0
1561,A,361,0.007122994400560856,0.0459660105407238,nan,nan,512,0,0.007122994400560856,0.0459660105407238,all_rows,512,0,0.005252473056316376,0.00830078125,-0.0026144394651055336,0.0010564496187726036,0.04525857698172331,4a0fe5ddda81381acb20646fe0abe5cc:0:0,3c7c64b059ea99c59dabed95d0b44b79:0:0,3f9965aa7e3256582d5e038e75f8b66b:0:0,a759315716c4f51846293e6582432a88:0:2571781103,2b75506dd0aac161a94b76c0d7d70724:0:2439024521,4,1.0,0,0,0,0,0,0,512,2,0,512,0,0,288,0,0,224,2,0,512,0.5093467831611633,119.07646179199219,109,0
1562,A,362,-0.004405738785862923,0.03938736021518707,nan,nan,512,0,-0.004405738785862923,0.03938736021518707,all_rows,512,0,0.005682547576725483,0.00859375,-0.002219635620713234,0.0007673591782804579,0.054970245982985944,b6665bd4804ac59bd5f8f5d862a9e1cc:0:0,1b72b0af60e1257d9efdc061f4fd6f63:0:0,787fb6abead1dc5670717a64a13bf41f:0:0,f68ad08d2b6bb6f144e568b7336d3e88:0:2474492368,61ac1531c094dbdc489593c47d63dd89:1:4144387369,5,1.0,0,0,0,0,0,0,512,1,0,512,2,0,270,0,0,242,1,0,512,0.5035055875778198,117.87578582763672,116,0
1563,A,363,0.005881618708372116,0.04658009856939316,nan,nan,512,0,0.005881618708372116,0.04658009856939316,all_rows,512,0,0.004388363566249609,0.0154296875,-0.00032284613698720934,0.0010756218427559361,0.1048909270321019,6807693d304e265b5ed1208808e7ddcc:0:0,666bb8dc00a149c723efda69832441a6:0:0,353df5c9846fc021dbeba5fe5504c97d:0:0,ba519164af6cec4f9278add32f575288:0:4074635502,6f58f03fb588595e8a71e3f2fc06dcf3:0:835761596,10,1.0,0,0,0,0,0,0,512,0,0,512,1,0,298,0,0,214,0,0,512,0.47267913818359375,119.33019256591797,107,0
1564,A,364,-0.0023507867008447647,0.04540370777249336,nan,nan,512,0,-0.0023507867008447647,0.04540370777249336,all_rows,512,0,0.0032828517723828554,0.0125,-0.004133578110486269,0.0010288174991728738,0.10480248997919261,cf578f9b0b22650ceef1fdfad365d9cc:0:0,c927b24545a0d165e052b67530498294:0:0,3c93a02353eab9786dc341d432464fa8:0:0,16437529f16bbec58c34ae4d76016688:0:1825816283,6a27d82ed4bdf16586f77ac032aba6a9:1:2241196859,10,1.0,0,0,0,0,0,0,512,1,0,512,1,0,269,0,0,243,1,0,512,0.4852096438407898,118.09806823730469,116,0
1565,A,365,0.0006356009980663657,0.04209721088409424,nan,nan,512,0,0.0006356009980663657,0.04209721088409424,all_rows,512,0,0.001536603202112019,0.0025390625,-0.0007007983978837729,0.0008571094658691436,0.10400217300048098,e47bad162c6a08436990e7acc223d5cc:0:0,7cbf2735d536a9c5933d5baa046c36d2:0:0,b3e6161a26ec9a76ed2536f5498a3bc4:0:0,f9bcd4040792a225bbcdcaba076b7a88:0:163871480,30864f7413f7ada07db59c4c750f21c2:0:3324302141,10,1.0,0,0,0,0,0,0,512,0,0,512,1,0,285,0,0,227,0,0,512,0.48721563816070557,116.8702392578125,112,0
1566,A,366,-0.002730732783675194,0.04593707248568535,nan,nan,512,0,-0.002730732783675194,0.04593707248568535,all_rows,512,0,0.002014314755797386,0.0154296875,-0.0018095770734362303,0.0010152847098652273,0.10394374403404072,e0dd7f1d343ead9607cf7719d521d1cc:0:0,7d07ce5738c6d26c861648c5218b33cf:0:0,08082c19ddf5444daffb9ed6bcc3f9d4:0:0,2ea987061f490fe9eb5b23ace3958e88:0:741916244,024598451e7929ba5057173da16aa180:1:1376948088,10,1.0,0,0,0,0,0,0,512,0,0,512,0,0,278,0,0,234,0,0,512,0.48401403427124023,116.34207916259766,118,0
1567,A,367,0.000671741901896894,0.0453769750893116,nan,nan,512,0,0.000671741901896894,0.0453769750893116,all_rows,512,0,0.0054551358334720135,0.0185546875,-0.001534372044261545,0.0010260809540341143,0.08547463099239394,1588b56f266a590554bb85be0c5fcdcc:0:0,84ca6b33b3490482daf8fada0d7674f0:0:0,100c9e890c07d9d6f23b2ae39c78f975:0:0,283171977892bd5a395699ba0a7fa288:0:4102314490,4b7d3378f88bbbcb87cdd417090e3d0d:0:1639035692,8,1.0,0,0,0,0,0,0,512,1,0,512,0,0,279,0,0,233,1,0,512,0.4846993386745453,115.9474105834961,116,0
1568,A,368,0.002000707434490323,0.04351428896188736,nan,nan,512,0,0.002000707434490323,0.04351428896188736,all_rows,512,0,0.005020814947783947,0.017578125,-0.0007679671980440617,0.0009314606431871653,0.05408479500329122,da5afed3bfea78a0294f2d1567ddc9cc:0:0,85498fc67e9deb0270e910aaaeacbfca:0:0,e439b3a4b1a305e019f406005f90f14a:0:0,8331141a8aac4c742c9ccd757c29b688:0:4135975676,60a04166b70155d3f206dc0c7e5146f9:1:1343433362,5,1.0,0,0,0,0,0,0,512,0,0,512,1,0,302,0,0,210,0,0,512,0.5061734318733215,114.95501708984375,101,0
1569,A,369,-0.003459881991147995,0.0381552129983902,nan,nan,512,0,-0.003459881991147995,0.0381552129983902,all_rows,512,0,0.005941667594015598,0.01328125,-0.002461911365389824,0.0007308542728424073,0.05433643702417612,36133b44a3389c68a870c69be79bc5cc:0:0,4e6b2364856e55c277ecfb56a4cf0868:0:0,97c5475a5af162cb4e50a1fa085d32da:0:0,0a5a734e8f797791c86d1f733893ca88:0:1888344847,a187ca3d7d6546e7dc529c84c8d0d57a:0:3115693459,5,1.0,0,0,0,0,0,0,512,0,0,512,1,0,280,0,0,232,0,0,512,0.4981856942176819,116.12342834472656,101,0
1570,A,370,0.0003709897864609957,0.041468556970357895,nan,nan,512,0,0.0003709897864609957,0.041468556970357895,all_rows,512,0,0.007174946367740631,0.024739583333333332,-0.002996054788430532,0.0008600266301073134,0.03446425398578867,5b69bdc5fbd4e2793af2ebcd8b99c1cc:0:0,3b4ea1aac964ff8d0b10274821d27704:0:0,dbf2021a8b6f964ae034006b1608918d:0:0,02b255797358b7d0a069b0473fbdde88:0:2732320062,c224707494b384afbf133f6b78c349cc:1:1327492208,3,1.0,0,0,0,0,0,0,512,1,0,512,1,0,275,0,0,237,1,0,512,0.5039786100387573,114.48663330078125,112,0
1571,A,371,0.0007658628164790571,0.04529665410518646,nan,nan,512,0,0.0007658628164790571,0.04529665410518646,all_rows,512,0,0.0061029596254229546,0.00634765625,-0.0017761851195245981,0.0010226046579191461,0.04413585603469983,afc542a9798e17698b94762653d7bdcc:0:0,dc4d991343b1ed56af22069bcafc38e0:0:0,7bba718c715b9da6007d61e773e89b83:0:0,35999ffae6f06638ec97608591a7f288:0:2777073783,469b9de275ef3ba32ad2c08591cab8c0:0:3249649188,4,1.0,0,0,0,0,0,0,512,1,0,512,0,0,287,0,0,225,1,0,512,0.5232201218605042,112.7549057006836,102,0
1572,A,372,-0.003969298209995031,0.04506782442331314,nan,nan,512,0,-0.003969298209995031,0.04506782442331314,all_rows,512,0,0.008351278491318226,0.01953125,-0.00790386600419879,0.0010129590227734298,0.024225683009717613,0915f572c4038af383007f224055b9cc:0:0,37614c183df7eb0984aed6f4b5523b2b:0:0,977347b90698b4ace796024a4d29c580:0:0,46727d7c108957a49d5dd0c22e520688:0:2828430743,3fbb6cfd88d8c2db262084ba6a4fdb69:0:862204727,2,1.0,0,0,0,0,0,0,512,2,0,512,1,0,271,0,0,241,2,0,512,0.5014186501502991,113.91714477539062,112,0
1573,A,373,0.0012063621543347836,0.03946689888834953,nan,nan,512,0,0.0012063621543347836,0.03946689888834953,all_rows,512,0,0.010170561261475086,0.0283203125,-0.0023175301030278206,0.0007804531487636268,0.024134802049957216,6e219410c6dc98d843ce603d5113b5cc:0:0,07ce43d0ff0e4f54d89b976fad95da9e:0:0,a30f3d4901203e3bbb13f48f51fd9032:0:0,0df4e6821a8af3666f87619115bc1a88:0:3427692770,f4120152051564c7500ce69d8defb1e4:0:553074300,2,1.0,0,0,0,0,0,0,512,1,0,512,0,0,280,0,0,232,1,0,512,0.5051650404930115,115.47789001464844,117,0
1574,A,374,0.003740513464435935,0.03580227866768837,nan,nan,512,0,0.003740513464435935,0.03580227866768837,all_rows,512,0,0.007869589142501354,0.015345982142857142,-0.00022626377176493406,0.0006351706127004166,0.07488204399123788,2b596b9b7731e6052681b2f38611b1cc:0:0,65e25a54b9e1032de5b1d3447448386d:0:0,3bc757bf3c85fae57ad995f097fed3c6:0:0,9f2e2bbc9cacc4b10041338647e62e88:0:1974900180,8c7c2b3dc38017d46f94c31a4957b271:0:4049269940,7,1.0,0,0,0,0,0,0,512,0,0,512,0,0,272,0,0,240,0,0,512,0.4821889400482178,117.24514770507812,117,0
1575,A,375,0.003939992748200893,0.03931413218379021,nan,nan,512,0,0.003939992748200893,0.03931413218379021,all_rows,512,0,0.00045156339183449745,0.0021484375,-0.0006991535890847444,0.0007633853936567902,0.11015593097545207,c26c9541f2a451f8b58a50c0df4fadcc:0:0,92b0b36f532ca887f5d1d59b77633a04:0:0,945ffe93c04ad9722e7ba53dd5236817:0:0,ecb33afb9d7186bde11b2735c4d04288:0:3036920267,7c2a8cb673dad1e5d594aff66c767f25:1:1062821249,10,1.0,0,0,0,0,0,0,512,0,0,512,0,0,270,0,0,242,0,0,512,0.5040678381919861,115.55644226074219,116,0
1576,A,376,-0.00021295517217367887,0.0430290512740612,nan,nan,512,0,-0.00021295517217367887,0.0430290512740612,all_rows,512,0,0.007172834128141403,0.017578125,-0.004946849076077342,0.0009256263365386985,0.04451846901793033,606e8091189d9c67a94453215ccda9cc:0:0,3bd8307fdda72a596ace7fe38e574d7a:0:0,7cbf049a4140b2d8551306057346bfd4:0:0,6a7d854ba97fabb4ac07dd338c7a5688:0:1098862385,6a84903bbaeb2ae32593d145befd0b75:0:92824979,4,1.0,0,0,0,0,0,0,512,0,0,512,0,0,277,0,0,235,0,0,512,0.5005326867103577,115.1866455078125,116,0
1577,A,377,-0.0009928487706929445,0.041526392102241516,nan,nan,512,0,-0.0009928487706929445,0.041526392102241516,all_rows,512,0,0.009163998067378998,0.024739583333333332,-0.003426506339261929,0.0008597298680494229,0.034143447992391884,61db7ab6fe36bf21e3f81390fe8ba5cc:0:0,a43bcb5056e1e86b6bd39a589411cd51:0:0,9dcc5afb182aa6684258e5df31f980c1:0:0,2cfeae493e6b5e52175cb6139ee46a88:0:2605151299,8eba4b11d406084ff7a08818290619a1:1:1067450941,3,1.0,0,0,0,0,0,0,512,1,0,512,0,0,279,0,0,233,1,0,512,0.4898603856563568,116.7525634765625,120,0
1578,A,378,0.003484500804916024,0.0414278544485569,nan,nan,512,0,0.003484500804916024,0.0414278544485569,all_rows,512,0,0.001584062003530562,0.0029296875,0.0008191645145416259,0.0008586647076299414,0.1094742079731077,414280e3dd3ffc376dda2b8bc489a1cc:0:0,31172e3485ac72f794055a7fd503d6fa:0:0,c6dc62a5e093f7f52f86672b10c4196e:0:0,92ef824f8685fe4f09d1d269fc0e7e88:0:1739110412,1d9db9c62a5c5239d31606cf74702192:1:1469912958,10,1.0,0,0,0,0,0,0,512,0,0,512,0,0,268,0,0,244,0,0,512,0.4837304949760437,118.45551300048828,114,0
1579,A,379,-0.0036047613248229027,0.0430254228413105,nan,nan,512,0,-0.0036047613248229027,0.0430254228413105,all_rows,512,0,0.001067299977876246,0.0021484375,-0.0006171976216137409,0.0009153949795290828,0.10506616998463869,612546655ee6a05d710b748daec79dcc:0:0,bfa32331647672c35bded70958f3365e:0:0,fd3cf8a03b2acaddf5bcba4bdda50f57:0:0,27fb1ab923471787ae8212caa3f89288:0:2277817476,adf90574ffaa7a9392228876d02fdc31:1:2688938164,10,1.0,0,0,0,0,0,0,512,1,0,512,1,0,264,0,0,248,1,0,512,0.4942799508571625,119.04631042480469,122,0
1580,A,380,0.002949891611933708,0.038320329040288925,nan,nan,512,0,0.002949891611933708,0.038320329040288925,all_rows,512,0,0.0037389625795185566,0.027734375,-0.005273683788254857,0.0007318620744626969,0.11108549998607486,b7f4ed956274799335990812bd4599cc:0:0,31cfce0971b8867d675743501b0b03d0:0:0,0b4fffe9df08f2815756e470e8cd12f5:0:0,cd6794fc83e2d3e288eb17c996a2a688:0:2422645416,96b172731338d0b8bb5fabb22e08cb30:0:166297820,10,1.0,0,0,0,0,0,0,512,2,0,512,0,0,275,0,0,237,2,0,512,0.46896764636039734,119.00740051269531,128,0
1581,A,381,0.0001854527508839965,0.04790937528014183,nan,nan,512,0,0.0001854527508839965,0.04790937528014183,all_rows,512,0,0.002039656974375248,0.01171875,-0.0010876265820115804,0.001142502567381598,0.10417510301340371,c2338531a0a502071d7c3f96f00395cc:0:0,3eb5d0d59d55f77e86fd304fe9d7e492:0:0,647de9aab751c96aabc0baf666337574:0:0,fe02530005a1e7f788ed41fad40cba88:0:3990758901,e2b8586d92ea6482139e0c92de376ab1:0:643104588,10,1.0,0,0,0,0,0,0,512,0,0,512,0,0,299,0,0,213,0,0,512,0.4958263039588928,117.92495727539062,98,0
1582,A,382,-0.0021882494911551476,0.035112347453832626,nan,nan,512,0,-0.0021882494911551476,0.035112347453832626,all_rows,512,0,0.0025227852165699005,0.004296875,-0.0026002265280112625,0.0006113058741902932,0.10511767800198868,86efea2dcc0c3f3ba09ab496470191cc:0:0,22450f5b7cf1d4e4c207f8c16400cbd4:0:0,a259d8dca67aa0140ce30c233ed92f63:0:0,de9e6094db8efa771ecbb1f25c36ce88:0:2879573263,e9e1f6a887fa8287ab568c4420ee520d:1:2917055273,10,1.0,0,0,0,0,0,0,512,1,0,512,0,0,276,0,0,236,1,0,512,0.49330273270606995,117.21819305419922,116,0
1583,A,383,-0.003243430517613888,0.0416930615901947,nan,nan,512,0,-0.003243430517613888,0.0416930615901947,all_rows,512,0,0.002446814440190792,0.027734375,-0.0027068541850894688,0.0008586328738601878,0.1049285419867374,324b388e0f0b556c48c6408cc23f8dcc:0:0,ce22b11d45fc91cef9478fd1adea39d9:0:0,462982adebc1f7c38b9ac6867d763c11:0:0,6720539a7b0d86514f2c48442f20e288:0:380791956,30ecef6ecde1514ba9d5d771b7c57e66:1:4074345363,10,1.0,0,0,0,0,0,0,512,1,0,512,1,0,274,0,0,238,1,0,512,0.48464876413345337,117.4019546508789,126,0
1584,A,384,0.003783248830586672,0.04216602444648743,nan,nan,512,0,0.003783248830586672,0.04216602444648743,all_rows,512,0,0.00199130829423666,0.0220703125,-0.000865879119373858,0.0008733271737582981,0.10527986998204142,14bc7c5407cecf32adbcfcf661bd89cc:0:0,4c14bacdab1947aee5191dfb681f5add:0:0,d808985def688dd60635cc61817c2afe:0:0,f423c9df0aee379cc717a5844ccaf688:0:2577621722,7bdb0e49dd6a68de7bd06e02cbb6fe0b:1:1534221140,10,1.0,0,0,0,0,0,0,512,0,0,512,2,0,262,0,0,250,0,0,512,0.4781463146209717,117.36833190917969,119,0
1585,A,385,-0.0024813087657094,0.040138714015483856,nan,nan,512,0,-0.0024813087657094,0.040138714015483856,all_rows,512,0,0.0018389036413282156,0.001171875,-3.585810773074627e-05,0.0008036857529077679,0.10491563199320808,f898d604a2d2996b7129434f257b85cc:0:0,c2fc2891ed539ef8039445c898618c9d:0:0,d486d115b7bac8f0c595dd193c39e152:0:0,a97b89641294c33deff92a46b5350a88:0:3366578290,002d879ebac086862d35eaf1fee05a54:1:756575599,10,1.0,0,0,0,0,0,0,512,1,0,512,3,0,270,0,0,242,1,0,512,0.48035678267478943,116.74627685546875,122,0
1586,A,386,0.0021816955413669348,0.043461497873067856,nan,nan,512,0,0.0021816955413669348,0.043461497873067856,all_rows,512,0,0.006332763936370611,0.00830078125,-0.005569606553763151,0.0009453543243580498,0.04518190899398178,fe43c4c97467b35b3aa1ad130d7981cc:0:0,a03371dcf08b21bcf451026bca16f78f:0:0,24717b9e27954778817805390d3c1170:0:0,e4e63d4166c3394e039ef71f685f1e88:0:3160747783,504f38d48230ddb2f4fbd1890ebfeefa:0:4080306763,4,1.0,0,0,0,0,0,0,512,0,0,512,0,0,289,0,0,223,0,0,512,0.48150986433029175,117.40982055664062,110,0
1587,A,387,-0.002787410980090499,0.04427358880639076,nan,nan,512,0,-0.002787410980090499,0.04427358880639076,all_rows,512,0,0.0034436373971402645,0.0109375,-0.0008474675007164479,0.0009807792928768321,0.10511453996878117,ce94c2ac71b79313b3a913be19b77dcc:0:0,cb0c569e63b0f5d0fd95096f505455e2:0:0,b399f78d820a4e4f3e629fc37182a70c:0:0,410ed2f3119ed2422039eca266493288:0:3771359543,3bfffa354f6b837dec64f9e3c6f3f237:0:3307953772,10,1.0,0,0,0,0,0,0,512,1,0,512,0,0,282,0,0,230,1,0,512,0.4979884922504425,115.88047790527344,128,0
1588,A,388,-0.0020165881142020226,0.03920215368270874,nan,nan,512,0,-0.0020165881142020226,0.03920215368270874,all_rows,512,0,0.0014434969052672386,0.004296875,-0.000701200938783586,0.0007672044477658347,0.10511224099900573,36b4d5e929c13e1883ae90cc4a3579cc:0:0,fffd5490bf0a3b6f1bca9e965a30288a:0:0,5f4bae315cba22b34d5f715e445213d9:0:0,fe109971b38236d25c5dab63aef34688:0:1150968868,bdb86757eaf8e9074d06da57c8cb35b3:0:2046837863,10,1.0,0,0,0,0,0,0,512,0,0,512,1,0,271,0,0,241,0,0,512,0.47264453768730164,115.87683868408203,113,0
1589,A,389,0.0005877175135537982,0.04464597627520561,nan,nan,512,0,0.0005877175135537982,0.04464597627520561,all_rows,512,0,0.0033038395922631025,0.0248046875,-0.0025197682436555622,0.0009952628548489883,0.1042015710263513,6d382ccadecc16444c0d7db99ef375cc:0:0,ba2572c63f8b8cb4407c2862621e4a8c:0:0,3af3e29a8de82e49b93162f74eb65f0b:0:0,b8fc75079a3142a0db0093f7425d5a88:0:2613273008,7f82ac90a4f7bdead645bac6a4eb9cee:1:3686921,10,1.0,0,0,0,0,0,0,512,0,0,512,1,0,286,0,0,226,0,0,512,0.4790119528770447,115.02423858642578,127,0
1590,A,390,-0.0011253373231738806,0.04276260361075401,nan,nan,512,0,-0.0011253373231738806,0.04276260361075401,all_rows,512,0,0.0021153585985302925,0.0037109375,-0.0009295244701206685,0.0009117160632740706,0.10465914395172149,99c5480b20cc5aeda40d740217f171cc:0:0,211cbce52e34077f82086f9f11188b39:0:0,0bdfa5e36fac7887f6d2fc077f759ebf:0:0,da05c0678c0241a0df7bc6f120876e88:0:4162476722,f9eea8cedc8e4f5074c04b2a0d0c2cfd:0:884707219,10,1.0,0,0,0,0,0,0,512,0,0,512,0,0,283,0,0,229,0,0,512,0.4635410010814667,115.38095092773438,112,0
1591,A,391,-0.0009489679941907525,0.03951897844672203,nan,nan,512,0,-0.0009489679941907525,0.03951897844672203,all_rows,512,0,0.005260140169411898,0.015950520833333332,-0.002181957048984865,0.0007811134128132835,0.06412324699340388,0374a220c9355e4c14e24d21b52f6dcc:0:0,e8c73b675a8c383a870e68399ea0bdf7:0:0,450a46eff2b819794a5e93565d899cab:0:0,b3cacd1d0490a83de18b24e549718288:0:2676284946,220241820439e52f702b33770c6e5a50:1:2136090994,6,1.0,0,0,0,0,0,0,512,0,0,512,0,0,278,0,0,234,0,0,512,0.46280643343925476,116.1375503540039,109,0
1592,A,392,0.0013576068449765444,0.042755357921123505,nan,nan,512,0,0.0013576068449765444,0.042755357921123505,all_rows,512,0,0.0069016022607684135,0.020182291666666668,-0.004435647667075197,0.0009148217553350454,0.0640555180143565,ca79286b78b56f1d15ac229476ad69cc:0:0,62c8b1edc0ceca73b3a9b2b581cc9fd9:0:0,1091b5cf32c8d3afdea3ebf20bf27584:0:0,a05e6300608d4642a14d4e67bd1b9688:0:1742575312,27288bdad7debd138516180023c7c890:0:3251707721,6,1.0,0,0,0,0,0,0,512,0,0,512,0,0,294,0,0,218,0,0,512,0.4516688883304596,117.3266372680664,106,0
1593,A,393,-0.0008128180052153766,0.04198187217116356,nan,nan,512,0,-0.0008128180052153766,0.04198187217116356,all_rows,512,0,0.002853548154234886,0.009375,-0.0008582435548305511,0.000879181144409813,0.10416511102812365,8bd33da3f757768907774dd65c6b65cc:0:0,4ef9707d9ccd4e59a47ac8a8b0109599:0:0,d372c2843a4a13867c0e571c4e1c129d:0:0,250d1fec363ff4803b43a40c7b85aa88:0:68101981,50d713c95f2cd9fb377897a7101a26bd:1:1878287994,10,1.0,0,0,0,0,0,0,512,0,0,512,2,0,275,0,0,237,0,0,512,0.45344269275665283,115.86316680908203,126,0
1594,A,394,-0.0042014457285404205,0.04080486297607422,nan,nan,512,0,-0.0042014457285404205,0.04080486297607422,all_rows,512,0,0.00257690972648561,0.0162109375,-0.003217608388513327,0.0008312499121529981,0.10418743698392063,060d5b7617864a48313c6863666961cc:0:0,4ec0f53f44d71860d333b94df3a99e2d:0:0,5659664458def467d66acb7efe4ea962:0:0,f7132e83d84ebd353c52466784afbe88:0:1510688546,041311aa57076b7ac4c6d910ab52fdc7:1:3765101661,10,1.0,0,0,0,0,0,0,512,1,0,512,1,0,275,0,0,237,1,0,512,0.46697530150413513,115.69053649902344,109,0
1595,A,395,0.0012734425254166126,0.03731270134449005,nan,nan,512,0,0.0012734425254166126,0.03731270134449005,all_rows,512,0,0.005523030646145344,0.005078125,-0.0017212079372256994,0.0006967415334656835,0.054128553019836545,108ac3a4fc6db307bbe04bb794a75dcc:0:0,45964598f0660db1f7fcc2411a517fed:0:0,eb25099f126b6f4e689c87038645b5bf:0:0,4c54746dc05e7f34b5c0160cd899d288:0:4122451762,33b69415916f735fe20a784e7ca5e673:1:1389173710,5,1.0,0,0,0,0,0,0,512,1,0,512,2,0,275,0,0,237,1,0,512,0.46378594636917114,116.59373474121094,105,0
1596,A,396,-0.0009346077567897737,0.040108997374773026,nan,nan,512,0,-0.0009346077567897737,0.040108997374773026,all_rows,512,0,0.00949395913630724,0.029947916666666668,-0.0033409856259822845,0.0008042828315713754,0.034281025000382215,38060796e435270eae34114ee72559cc:0:0,e666c639b280eec11801cb625ad7aff9:0:0,34a75788fa804e4f2af430727963e48d:0:0,de6b15f75f210bcd5136b3907743e688:0:3142372944,a7881d1dde253331ecb1d472f2fb0a01:0:3080089372,3,1.0,0,0,0,0,0,0,512,0,0,512,1,0,284,0,0,228,0,0,512,0.4793553948402405,115.2654800415039,113,0
1597,A,397,-0.0015980908647179604,0.04809741675853729,nan,nan,512,0,-0.0015980908647179604,0.04809741675853729,all_rows,512,0,0.00531980162486434,0.010199652777777778,-0.0012792693386371764,0.0011545059807960773,0.09582478500669822,5ebe7fa1d6903922e8f512a55de355cc:0:0,9a17edc41c569fb1033fc43336b1e6db:0:0,9a3f68048afec3f611fb924c7ec3f728:0:0,16c5feaa8f64bf7064c27f8660adfa88:0:3281009673,8dc9812b50e3b2e53d15686ce9f0b22c:1:4146225177,9,1.0,0,0,0,0,0,0,512,1,0,512,3,0,277,0,0,235,1,0,512,0.48019126057624817,113.64080047607422,109,0
1598,A,398,-0.00010455568553879857,0.037572771310806274,nan,nan,512,0,-0.00010455568553879857,0.037572771310806274,all_rows,512,0,0.0051149120554327965,0.01220703125,-0.0026081270771101117,0.0007060124917188659,0.045457191998139024,19c119eed820bbae22cce936f8e151cc:0:0,19b803f0629c60e8d357316a8b80fc97:0:0,0e9256d17f84ed9607699f4831d30dd6:0:0,aadb03efa9b9951906d29a8294d80e88:0:1531926630,ce322fb89cf3abff1714e9a7f2299e10:1:3636719067,4,1.0,0,0,0,0,0,0,512,1,0,512,3,0,287,0,0,225,1,0,512,0.493150919675827,114.83396911621094,113,0
1599,A,399,0.002469779923558235,0.04574520140886307,nan,nan,512,0,0.002469779923558235,0.04574520140886307,all_rows,512,0,0.006052790209650993,0.009765625,-0.0020696906306381735,0.0010433485066252096,0.07416621700394899,72f2334583269822e4516e7fb81f4dcc:0:0,6c36cf0288e465c49d1c6963c32e28ef:0:0,9fe6982b68d148ecf579b7ee25ac32cf:0:0,2a5e3069f63fb4732238e51913c22288:0:3200391605,d75f6ed0303f949c5a8f77d512a147fe:0:2160601364,7,1.0,0,0,0,0,0,0,512,1,0,512,1,0,272,0,0,240,1,0,512,0.48250481486320496,116.13277435302734,111,0
1600,A,400,-0.002789922524243593,0.03931823745369911,nan,nan,512,0,-0.002789922524243593,0.03931823745369911,all_rows,512,0,0.001165573252364993,0.0,-0.0015800495631992817,0.0007734097918728367,0.10831184196285903,7d43728e25f95aa18404bbfb9b9d49cc:0:0,3974fe1dfc722553940a70b0fbdeadec:0:0,9031fdf9d1bda6d7238d624b5b051310:0:0,51c1d44efa337ac28a29ffdddd6c3688:0:4106530238,8c30b4f072bdf606b4d29ff0add53e8e:0:468523281,10,1.0,0,0,0,0,0,0,512,0,0,512,1,0,279,0,0,233,0,0,512,0.49427518248558044,114.96073913574219,122,0
