update,phase,local,adv_all_mean,adv_all_std,adv_s1_mean,adv_s1_std,n_rows,n_s1_rows,adv_used_mean,adv_used_std,adv_norm_scope,n_policy_rows,n_actor_steps_skipped,kl_final_epoch,clip_frac,policy_loss,value_loss,update_wall_sec,rngpos_env,rngpos_learn,rngpos_opp,rngpos_start,rngpos_minibatch
1,A,1,3.0432045459747314,2.0455291271209717,nan,nan,512,0,3.0432045459747314,2.0455291271209717,all_rows,512,0,0.0028236345387995243,0.035546875,-0.004475649120286107,5.967841291427613,0.834595499036368,11ebc20fc8fb06da968e96fdc92a05e3:0:0,5adb66a9a14f3d5db5d69fdcd9ae2c1f:0:0,9fb2e4d61fcc80313f31474102b86b67:0:0,9c03a740aec72ea12493278b1f52274b:0:2539858451,6f09de88852481198fcd333670f4aa1a:1:3120914556
2,A,2,2.5982494354248047,1.9549626111984253,nan,nan,512,0,2.5982494354248047,1.9549626111984253,all_rows,512,0,0.007106170989573002,0.030859375,-0.0026019152253866197,4.601777756214142,0.14250615099444985,4778ddba23cf1ccb67e51036dd55c1e3:0:0,9e76102b45870e4574fe61c946670082:0:0,d79f76cf3778844bf415794afe1414cd:0:0,29572b86a89f5af68384d0d06c30034b:0:1869264126,6c208d4b5647a042eb54a13ae7d1c60e:0:852281744
3,A,3,2.2459378242492676,1.8545656204223633,nan,nan,512,0,2.2459378242492676,1.8545656204223633,all_rows,512,0,0.004904735367745161,0.0373046875,-0.0030508726369589565,3.608597528934479,0.11304647696670145,6a3cffad31e0bd5a9bdfcc3679c17de3:0:0,210fd848b6e8dac576be3965ce009e9b:0:0,b7833d97b21bb999e299fe0652e256fd:0:0,003726635dfdf1f612026af6ff4ddf4b:0:305482901,bb9dcc028a7c6760b27db124ff6e84eb:0:4103722059
4,A,4,1.4874924421310425,1.7588415145874023,nan,nan,512,0,1.4874924421310425,1.7588415145874023,all_rows,512,0,0.009497756138443947,0.0310546875,-0.001292441040277481,2.2007915496826174,0.1068438160000369,60e6d7aec0c92907da938a389e6d39e3:0:0,c28e193ffdab6018b9033e4b0b854461:0:0,37f733313d7ebd0367ddc547832b892a:0:0,346ff133136d613d2c26cb5ad8abbb4b:0:3551576649,78613f9f4f5bf4ea8b8a8f013d5de913:1:3357046759
5,A,5,0.8217583298683167,1.6307752132415771,nan,nan,512,0,0.8217583298683167,1.6307752132415771,all_rows,512,0,0.00188932113815099,0.00703125,-0.0006877576466649771,1.3896070837974548,0.1129293410340324,86b665abe6c033a895e549794b58f5e3:0:0,01422f1dc291df113affea43db6b028c:0:0,453709ef36c3df4c2359bf0e9ea3b838:0:0,e7b1b530a34b3085d85b0757f849974b:0:4116263853,8c4f0576a91df5a3649287d6d3f8e1ee:1:257729161
6,A,6,0.4625178575515747,1.5108290910720825,nan,nan,512,0,0.4625178575515747,1.5108290910720825,all_rows,512,0,0.0035090665332973003,0.0611328125,-0.005111211538314819,1.0700710654258727,0.10665954800788313,45c27c1a53644baac58a49348084b1e3:0:0,d7e583671f9f0bc5f36e7c9395b2a01e:0:0,b0ea7ea4666fd3e67bb07822478683dc:0:0,1230accf0c008ce3a356744a5e27734b:0:2333502856,ef67e8378480b4859d9f9ef5e388483d:0:1594808396
7,A,7,-0.018460119143128395,1.3065205812454224,nan,nan,512,0,-0.018460119143128395,1.3065205812454224,all_rows,512,0,0.0026525775901973248,0.016796875,-0.001218680664896965,0.7510719269514083,0.10599629499483854,37ba1e251c409997a30808a63df06de3:0:0,c7ad90728539ef9ba6d7c57d8d6d68a8:0:0,61c74825c480c2e3bb41a0d740466df8:0:0,d56aa155be172a407c1ea78e0a454f4b:0:2687950242,856d83c186acdc430c6d117bd1d47355:0:733763467
8,A,8,0.12260450422763824,1.1358542442321777,nan,nan,512,0,0.12260450422763824,1.1358542442321777,all_rows,512,0,0.008029568009078503,0.0814453125,-0.005397997470572591,0.623037475347519,0.1039559249766171,f6fd983ebb4d37d665b4470a839c29e3:0:0,b8259401595d09ff1c80aa1cac394229:0:0,2f8cce12bca250c325f2886930c3b168:0:0,cd5c5f9bbe867b199007767efca32b4b:0:1698474052,36cce691bc3ebe94a8b37460477d61bc:0:4182045692
9,A,9,0.02312154695391655,1.0865386724472046,nan,nan,512,0,0.02312154695391655,1.0865386724472046,all_rows,512,0,0.008398656733334064,0.0845703125,-0.005627928767353296,0.5893357664346695,0.10614792496198788,b316f51235a582aefeb5039d5187e5e3:0:0,740bcdb328a5248a162578104c8342e1:0:0,58b9e88221797dcacfd3ed336c4ace8b:0:0,2e8a761bf1953e7c26b2f6793541074b:0:652281616,f8702465cc1d06b7d3dbb2c32272a8bb:1:2930662043
10,A,10,-0.024493038654327393,1.1442313194274902,nan,nan,512,0,-0.024493038654327393,1.1442313194274902,all_rows,512,0,0.006961251609027386,0.0826171875,-0.0042093174764886495,0.6529574692249298,0.1038242969661951,bedef02da0b0808cd5007d9aa7b3a1e3:0:0,f2a76ee4cbbf46dad188bad21b0b080b:0:0,eb183a9b24c661dac82d29f16291ea60:0:0,e4b501fb22ab64427e117cd8b41ee34b:0:1379832267,1ddd262742fd9a8d69ff033754a2d66a:0:3471328330
11,A,11,-0.031756043434143066,1.1037139892578125,nan,nan,512,0,-0.031756043434143066,1.1037139892578125,all_rows,512,0,0.0012184438528493047,0.0001953125,0.0004243753268383443,0.606106162071228,0.1257679330301471,543ac3207bf76281815d343e861f5de3:0:0,b68aeebec0b6c3603abb70eeffdb2039:0:0,575060b1870e440ecb6585e9afc51773:0:0,bd1e9ff69d704790a6619ef9793cbf4b:0:35637401,9308e32cd7d9b46db9fb06428e3bda28:0:3852347108
12,A,12,0.06228145956993103,1.123491883277893,nan,nan,512,0,0.06228145956993103,1.123491883277893,all_rows,512,0,0.0011624015169218183,0.07578125,-0.0038864237256348135,0.6301026046276093,0.1714834040030837,5998212895e61d078a61e6c4eccb19e3:0:0,6bdeda1a8acac9b1b7c33e2e1f88bb4c:0:0,3d46ac3ac071938f830bdbe6eb2007cd:0:0,563ac1906c913f915e303237849a9b4b:0:1562824768,78c91d70547e1d9b0e75cdde6c732894:0:3761558589
13,A,13,-0.03770802170038223,1.0905721187591553,nan,nan,512,0,-0.03770802170038223,1.0905721187591553,all_rows,512,0,0.003497826401144266,0.0787109375,-0.005735200922936201,0.5919628143310547,0.17058467300375924,b85f68e871b2190520759469dbb6d5e3:0:0,8ab939c0f147f8293d54c4b99c8b84e7:0:0,4edc649316be68ef55a6cc9324a4eb1e:0:0,7b9fae2c928c8672ee584beed638774b:0:315868390,67bb2d446e2168f13c69975304dec20a:1:2144697773
14,A,14,0.010642525739967823,1.1148016452789307,nan,nan,512,0,0.010642525739967823,1.1148016452789307,all_rows,512,0,0.002990524750202894,0.046484375,-0.003169960156083107,0.6191358715295792,0.13468543899944052,71c0830264a2fd0ed9cf7c6952e291e3:0:0,64bfbe5f4223fe5537645ceef8485b75:0:0,4b68261a4505a13b516246a043ce882a:0:0,267c5b30d0dc76a40603417b6e16534b:0:4153425805,12f5109bbfd6da12d7e187e6d1cd1dde:1:3427879287
15,A,15,0.11149492859840393,1.0766916275024414,nan,nan,512,0,0.11149492859840393,1.0766916275024414,all_rows,512,0,0.004907883238047361,0.1228515625,-0.0103717687074095,0.5796551793813706,0.10962071304675192,c0c50fd3e0f98eea6e771dff524e4de3:0:0,70d832f2c47409bcae4d4af18f98efad:0:0,cdda21112e70f29deb17b013022578d7:0:0,f6d20596d1df1e5096a8a8394c342f4b:0:64318844,f1fe312444b76c93ab1826bfa7610a04:0:2925623742
16,A,16,-0.05511651933193207,1.1698333024978638,nan,nan,512,0,-0.05511651933193207,1.1698333024978638,all_rows,512,0,0.004098080098628998,0.099609375,-0.0016952919308096171,0.6809948354959487,0.11030563100939617,e5b26deca4b0ad5174443867d9fa09e3:0:0,98159eaf7b9a5b8d81fcf5a8899c4d77:0:0,be6cc3c00a506f870e26522717eef794:0:0,068d12bec9d6291eb00e558470920b4b:0:3678512029,6ed76ff1e56410a10759c865336fdba0:1:3245957165
17,A,17,0.08951485902070999,1.0884944200515747,nan,nan,512,0,0.08951485902070999,1.0884944200515747,all_rows,512,0,0.0035155778750777245,0.0306640625,-0.003214434674009681,0.5911322921514511,0.11280189995886758,57bfc63dc25461f41adecadee9e5c5e3:0:0,9818f917d46821f419815b894954e9f6:0:0,bef85fc097658166cd63060a01d52336:0:0,db9035aee35b202b5c485eb8db2fe74b:0:1638684897,daa37da24847469c50a0fd63f9987387:1:235079367
18,A,18,-0.02250230312347412,1.104579210281372,nan,nan,512,0,-0.02250230312347412,1.104579210281372,all_rows,512,0,0.005225283559411764,0.1291015625,-0.011129480111412704,0.6078138500452042,0.11264763295184821,b737aa5cba2b0bbbe7bf14a0821181e3:0:0,5387e373e97c3e42a231ab467fb59586:0:0,c61c93292b79c57ab43dd26c611ea37d:0:0,5f18294a0ba400477bb919328c0dc34b:0:1401296969,7d514c484ca36860cc244e4227721467:1:3617781775
19,A,19,-0.03185666352510452,1.1931109428405762,nan,nan,512,0,-0.03185666352510452,1.1931109428405762,all_rows,512,0,0.0005233155097812414,0.0,0.0002752318512648344,0.7080794543027877,0.15609478496480733,9b89ec9719eca14e722d94e8a27d3de3:0:0,f103f51b721414927a72634a72ea28df:0:0,6c9e9b0bb86822ec41ad5a17474e5359:0:0,85cd7f66f2f42674a1111a4d832b9f4b:0:3102727327,60358b0e4076ce516988c839908345f6:1:4119570185
20,A,20,0.11068052798509598,1.0166406631469727,nan,nan,512,0,0.11068052798509598,1.0166406631469727,all_rows,512,0,0.006885438226163387,0.1798828125,-0.009398430492728949,0.5134559646248817,0.17544608400203288,e6d930f359440bd01f430af34b28f9e3:0:0,83bd422e88de29be4d9a497c75b8867e:0:0,d2f78d08bc893d23533864520dee23f0:0:0,22a5100e559592a1ed4f3765c0897b4b:0:3939494439,6b11f9db2b182ad88a073982cfe28a7b:0:1051207928
21,A,21,0.04644133150577545,1.054067611694336,nan,nan,512,0,0.04644133150577545,1.054067611694336,all_rows,512,0,0.00540670333430171,0.0548828125,-0.005412991903722286,0.5510247677564621,0.1727018399978988,4b70499be95699e6dde875fc7c14b5e3:0:0,0266a135503d7f57c6f8e2232d160d95:0:0,d08031a4bd538b2b7e331e519006c960:0:0,9d967b85e1b680a8ebc085d74427574b:0:2773164975,ee73195936863bc5eff42cd25aa1646d:1:820425069
22,A,22,0.0912574902176857,1.068487524986267,nan,nan,512,0,0.0912574902176857,1.068487524986267,all_rows,512,0,0.0015790690667927265,0.0646484375,-0.003970309626311064,0.5695466369390487,0.17345641099382192,cf85c091ad8d8afce2d71540354071e3:0:0,96e57b953e947227fa013e001714af47:0:0,0a0e6502cef912e7132b1a287690849d:0:0,5c72f52b4e87578a6e005afe0e05334b:0:80314980,c042d10a7ec1256f41ad28a2e5b20107:1:4188576627
23,A,23,-0.1257757544517517,1.088431715965271,nan,nan,512,0,-0.1257757544517517,1.088431715965271,all_rows,512,0,0.005964933894574642,0.1240234375,-0.0093722760444507,0.5918685555458069,0.17161411803681403,0107fbe353ddb2c3649867fa76ac2de3:0:0,27a2f06e2da976c3a8aa85548ef769e7:0:0,fbc2b37b52f4f950d720aa3555e2b9a9:0:0,fe052c8178f4eeeb67f84c361e230f4b:0:872071534,7bef594ef369a19d79b0c86a31382449:1:155588432
24,A,24,0.03206515312194824,1.0570534467697144,nan,nan,512,0,0.03206515312194824,1.0570534467697144,all_rows,512,0,0.0029918262735009193,0.1322265625,-0.00519638517871499,0.5569371044635772,0.15283191297203302,de1a310742c934f557862d674057e9e3:0:0,05bdc1389c7a08c2b46ac9f5d98f150d:0:0,085fa60591aa5af429ef455796833a22:0:0,7c5da52f9a5b2ad1cbe02edb7480eb4b:0:3719791413,39cadc2acc94bb344470bcb80484feaf:1:376305385
25,A,25,0.04918580502271652,1.0761364698410034,nan,nan,512,0,0.04918580502271652,1.0761364698410034,all_rows,512,0,0.0017993515357375145,0.120703125,-0.008159813401289285,0.5752913862466812,0.1339094319846481,dfb1df561357595a29ca64c29243a5e3:0:0,67ae81ae2c749ef4bbc9fd05c25c8afe:0:0,fdc6e342801ddd3e340fb0537d0131bb:0:0,49052610ed8beda1663e184a111ec74b:0:1253739470,a1a8f993454c3e764dd5396e5d98f988:0:4246262983
26,A,26,0.033740222454071045,1.0619869232177734,nan,nan,512,0,0.033740222454071045,1.0619869232177734,all_rows,512,0,0.003405683906748891,0.07265625,-0.002075736876577139,0.5608411476016044,0.10914746299386024,baa5c903cd3e78087f5f4d486c6f61e3:0:0,505c58e55f17f26ba5e2f0df1eb3c81a:0:0,a4b922f20136f64b03b73b81d6a5d918:0:0,e3011ad156866058b9e65dddf3fca34b:0:3880193189,15d09afb816d54dd4b0265a5cb5458cb:0:3002505210
27,A,27,-0.08717368543148041,1.0520591735839844,nan,nan,512,0,-0.08717368543148041,1.0520591735839844,all_rows,512,0,0.0030759149231016636,0.0515625,-0.0015045780688524245,0.5500807300209999,0.1299520949833095,f8ba5d565b7bfde8ee0f6634cedb1de3:0:0,a38b30f088094b27501b4aef689b9c34:0:0,95453029bc0f5a274d3b840859d4d374:0:0,a963d2f1e13a910ddbfb94f31d1a7f4b:0:2160003131,da38636ffabfd65edc4a7d0342c98de8:1:3363418849
28,A,28,0.09193874150514603,1.0801880359649658,nan,nan,512,0,0.09193874150514603,1.0801880359649658,all_rows,512,0,0.0015029761707410216,0.0990234375,-0.003404060215689242,0.5815774887800217,0.16694443300366402,270c3e37ef968978b9756ec3b986d9e3:0:0,eb889227eb8bceacb0ca33bd57447854:0:0,b1d0049c977c5f15e169c247b5dd9f15:0:0,2bcc746e2bb567ab4fee92e58c785b4b:0:941164729,a53e216a1233551650c5c33aeb8e3638:1:679272113
29,A,29,0.008239034563302994,1.0309945344924927,nan,nan,512,0,0.008239034563302994,1.0309945344924927,all_rows,512,0,0.00451694056391716,0.1521484375,-0.005974035244435072,0.5283329457044601,0.16442769800778478,a9e7fea449c61fcc8efc66312c7295e3:0:0,3068789605a763ff5f5b3828bc249113:0:0,f540ff01e10cfa62a2ae67fb951752f0:0:0,5b003f9a1010f0ece37e6d114216374b:0:454991585,f613b965f87d16ddf3b572f11cad4fa4:1:758537383
30,A,30,-0.05816243588924408,1.0408504009246826,nan,nan,512,0,-0.05816243588924408,1.0408504009246826,all_rows,512,0,0.004082986619323492,0.03203125,-0.0012922999449074268,0.5376943156123162,0.16375773795880377,f7e666d01c3e79d341df8bb9279e51e3:0:0,e2787e5cb0437879653a45857f505a81:0:0,de8e7bbf687ae0f937397e45473f0013:0:0,24e8652d2284ff9c8ab878d23df4134b:0:1809262606,57d07789a5886c57ac840e05a8b98fd6:1:2400980954
31,A,31,0.0866951197385788,1.020020842552185,nan,nan,512,0,0.0866951197385788,1.020020842552185,all_rows,512,0,0.0025805188342928886,0.1056640625,-0.003926634229719639,0.516910246014595,0.12665587000083178,b7467649ffd769d8872a5e97ab0a0de3:0:0,3dc1d96acf9ce0c730d20f4d15f1bd2c:0:0,8695566d4fbcbb6005816a84f0e7fa14:0:0,9efd2ecfd7f4240f3bf84b848011ef4b:0:2528103318,0681812cf8316ed0376631c9589c16df:1:2566117490
32,A,32,-0.020310457795858383,1.027208685874939,nan,nan,512,0,-0.020310457795858383,1.027208685874939,all_rows,512,0,0.0012389356270432472,0.0623046875,-0.002400293201208115,0.5247646972537041,0.10438365099253133,a13a03b4b04f5947b1b89e08b6b5c9e3:0:0,3cf050f1f44c0cf20f69c8a81251206f:0:0,91dc269f6d22f8cc7abeb34f80db9017:0:0,4ec095dc6950f9e1cbe7ba84086fcb4b:0:3864350884,0c1a4abaf45fc3e50242dd4d19f727e0:0:2714440446
33,A,33,-0.012532252818346024,1.0959062576293945,nan,nan,512,0,-0.012532252818346024,1.0959062576293945,all_rows,512,0,0.0044534653425216675,0.0439453125,-0.0004883250221610069,0.5982680693268776,0.1030531310243532,cf6f3d1a8663deae6e3649484aa185e3:0:0,a9a3f8ba35306e9a755fc96fb092070f:0:0,8999e8d0a42c398443bd23529b89cb3a:0:0,c79f9b63c837cbf5c97edb2cd70da74b:0:2686947229,06e028f579a37913c03af7bee5684958:0:3815600037
34,A,34,-0.019846145063638687,0.9559319615364075,nan,nan,512,0,-0.019846145063638687,0.9559319615364075,all_rows,512,0,0.0058959429152309895,0.1453125,-0.00706575617659837,0.45230385959148406,0.10433239402482286,d8d06b3a65fc6bff7f1f9f9266cd41e3:0:0,bc28b629a7c5a79b52468a18dfc0fc58:0:0,09bc41a7a28ca465ccf356181f873ccf:0:0,1ea2c7e539188eae5a0402daebeb834b:0:3397995914,deffdf490511154bbeacdc8caa98f92b:0:2785512287
35,A,35,0.021596504375338554,0.9973887205123901,nan,nan,512,0,0.021596504375338554,0.9973887205123901,all_rows,512,0,0.008526992984116077,0.0166015625,-0.0010298744775354863,0.49371155351400375,0.1023140840115957,8b7c358e96a3151578c120230b38fde3:0:0,dc0b76df7917f36369f46be5439f158e:0:0,36dbd821032b9f41135af997f50630b4:0:0,05032885674d306d150bc6ea47095f4b:0:134510391,69521221c55693d92ca19d3ae2312cfa:0:3656370385
36,A,36,0.03704259544610977,1.0198525190353394,nan,nan,512,0,0.03704259544610977,1.0198525190353394,all_rows,512,0,0.008629018440842628,0.1896484375,-0.012025375675875694,0.5185157924890518,0.14093027799390256,cb9b3c2e3c876e757d378a3637e4b9e3:0:0,2d41109ea7533202ae43aa78a5fff988:0:0,dee1b51204a43ac40c0c1adbe031d643:0:0,1941eaf00778404ee078fcb6e8673b4b:0:400876633,5f30797c49f686f2f39869b14a9deb3b:1:3604714329
37,A,37,0.02688595838844776,0.9956101179122925,nan,nan,512,0,0.02688595838844776,0.9956101179122925,all_rows,512,0,0.0007655128138139844,0.084765625,-0.002259722910821438,0.4938906267285347,0.16975018702214584,d134300a68478451f86fdd07ecd075e3:0:0,fd0524f006a293a8e486805d0a699a3a:0:0,8929e9c7b18a23f42cfd3a7d0c7cf597:0:0,9105606d5c87eb28cc7cb99cd005174b:0:415772614,e5f913e6136c14430109abaffe0dfc5a:1:2019304694
38,A,38,-0.011501551605761051,0.8648252487182617,nan,nan,512,0,-0.011501551605761051,0.8648252487182617,all_rows,512,0,0.0016948545817285776,0.0859375,-0.0029011281905695794,0.3715828225016594,0.16881489101797342,52b5a167f3bae9cd5c2757d429fc31e3:0:0,9e22465df6053035b127818382f58173:0:0,db9b6013eea1791d9731c7411b406811:0:0,2afeb41333b94ec4ef9652f7fde2f34b:0:1676761657,4b26063f0c39462bb2c33a002fc53305:1:491503225
39,A,39,-0.05637499317526817,1.058283805847168,nan,nan,512,0,-0.05637499317526817,1.058283805847168,all_rows,512,0,0.0013717589899897575,0.0087890625,-0.00041021471843123437,0.5572130605578423,0.16559884703019634,c6dc87d7a1fbe07cdbeb79d6ef67ede3:0:0,a3de582ebf492eb30906ec6bfae632df:0:0,b5bcb0ab50cb9e975192f44a4563250c:0:0,c5b7ff572bf8235f42935e247200cf4b:0:1354345724,60391e10742e003f92c052d0dc2ce1cc:0:48362482
40,A,40,-0.03552265465259552,0.9717296957969666,nan,nan,512,0,-0.03552265465259552,0.9717296957969666,all_rows,512,0,0.0063528032042086124,0.0208984375,-0.0003876351518556476,0.4670568823814392,0.16798610100522637,77280e4e38ea982b291a024c3d13a9e3:0:0,166fea214d7802f16111b3b0c1d107e8:0:0,1d2e114de1edfd9ce3d4894ee6714675:0:0,6ca2a3a65cf6bb627c8fb07e2c5eab4b:0:352453922,4213c1bc5db6da4826a0f9f3b0fb6185:0:3150800051
41,A,41,0.20049598813056946,1.0040719509124756,nan,nan,512,0,0.20049598813056946,1.0040719509124756,all_rows,512,0,0.00023244740441441536,0.0666015625,-0.00040038011502474546,0.5008479431271553,0.17279266600962728,446e715e8a6686db2ee0f07012ff65e3:0:0,5e215b66628dcf2ef3ecc858cee7bef8:0:0,47c88462f219805d15c2464a4788524e:0:0,8e51e704b25a5964eef55f612cfc874b:0:3017071557,9c76049f58e8ae204a52dd020e4ffbdb:1:984436395
42,A,42,-0.06894529610872269,0.9376325607299805,nan,nan,512,0,-0.06894529610872269,0.9376325607299805,all_rows,512,0,0.010933350771665573,0.018359375,5.505881272256374e-05,0.4361651286482811,0.16464805201394483,69a3bcf7a379d90ace3e837e712b21e3:0:0,7276eb67b3d3f926f908d16be96af208:0:0,2a8b05bad73ab60b2fbecb68a76e0a4b:0:0,c3bdc5148f57dc65617cc02973da634b:0:87948429,13e1beaaaf41b07aad5ed5f6b835d656:1:3421238965
43,A,43,-0.057931236922740936,1.0493836402893066,nan,nan,512,0,-0.057931236922740936,1.0493836402893066,all_rows,512,0,0.0012562040938064456,0.0134765625,-0.0013608780689537525,0.5486979842185974,0.16321520699420944,ddb9f26997b2fa359a013ab35796dde3:0:0,bdb52e129c4a8f7180be34fdf98a1320:0:0,6483cc5bddbaa90a650286a21d3a4a64:0:0,7ef5b5458f1cc247ee2c683300f83f4b:0:533330457,04e82176eda64282caf6852aca459106:0:1729057326
44,A,44,0.019628291949629784,1.0136853456497192,nan,nan,512,0,0.019628291949629784,1.0136853456497192,all_rows,512,0,0.0021811965852975845,0.0724609375,-0.003127562999725342,0.5134673699736595,0.16404796595452353,dcf296d39ee8359792c7d54ac64299e3:0:0,94c6222e1b60d33ae44181d029e11a9b:0:0,2a92430741b969e5dee5dd8e1ae4992d:0:0,8612d24776608092dd592cd9d4561b4b:0:1360743916,4082e566094a8f34f61a3536d0ecc29e:1:1303033496
45,A,45,0.008638730272650719,0.9468650221824646,nan,nan,512,0,0.008638730272650719,0.9468650221824646,all_rows,512,0,0.0018387396121397614,0.003125,-0.00010884949006140232,0.44756282716989515,0.16808623500401154,4443dd7e7ba16f2fe3015280bd2e55e3:0:0,d1c0bff4bfb9bae17ef766101b100893:0:0,89036420289534f6180aeae84f234efc:0:0,b3bc563caa7a336b81a62379edf3f74b:0:1414822044,a00e914cba600267f84ac04b1ec0386c:0:128229434
46,A,46,-0.02419494092464447,0.8934216499328613,nan,nan,512,0,-0.02419494092464447,0.8934216499328613,all_rows,512,0,0.005629510618746281,0.0982421875,-0.006088133249431848,0.3972650572657585,0.16463402705267072,6ed791066063f5039aecf1913c5a11e3:0:0,e660bbf7af863dc7ab9c878b3a4e6ec2:0:0,1f98597e50fb877eb8836aa644ff266b:0:0,7770c285c256a2d31404a16f4dd1d34b:0:2084277443,cb097a3674ad39cce5629b2a7a922626:0:4165403535
47,A,47,0.0502685122191906,1.0252430438995361,nan,nan,512,0,0.0502685122191906,1.0252430438995361,all_rows,512,0,0.005434011109173298,0.0658203125,-0.0021975815761834383,0.5243313521146774,0.16117385198595002,d6678997ca1c68a06c9a31b843c5cde3:0:0,03b63e703d8f8b7380f5d7dda7b0794f:0:0,f4d1d568ab5e5d96099d4ee06748303f:0:0,6341495e05aa9e238fb43c15f3efaf4b:0:1160866028,6f3fb5bcf344519845375704196255e5:0:1153470373
48,A,48,-0.05617404729127884,0.9324032664299011,nan,nan,512,0,-0.05617404729127884,0.9324032664299011,all_rows,512,0,0.0050333780236542225,0.151171875,-0.007291926024481654,0.43145038187503815,0.16205226501915604,7b92e5e305e2c0df67e8d231d37189e3:0:0,fa20aa830e2b3d8f0c46df49c78d0634:0:0,0b163ace0eac935caf1044f9f707232c:0:0,21042adeeebdadcc8e42c8c9e04d8b4b:0:2276411106,ec7b7323c5825b37a6ef7372b75c523e:1:1384122926
49,A,49,0.05820323899388313,0.9849054217338562,nan,nan,512,0,0.05820323899388313,0.9849054217338562,all_rows,512,0,0.007385247386991978,0.057421875,-0.0044897261541336775,0.48454172909259796,0.16294180799741298,bb785fca585463e7b688d239eb5d45e3:0:0,8773a90bf234152baac17f59eb971886:0:0,ee4bbf0c3b156cb2527f6a098d24f4d8:0:0,d475ae5f03291b50238c5ce712eb674b:0:3482697870,777620fef2922d16f7d699e920a2791f:0:2441257036
50,A,50,0.06252438575029373,0.953666090965271,nan,nan,512,0,0.06252438575029373,0.953666090965271,all_rows,512,0,0.0026715127751231194,0.0203125,-0.0007033113506622612,0.453186559677124,0.1670931699918583,5c2cf52efcc0597157fa710c8b8901e3:0:0,4d4d4e0576fa4bf88b7536f858734d1b:0:0,6a58ffd8e54ff92a6c3ceda1ccdc16b9:0:0,a08e347e97e74f7fb9bb4dc98bc9434b:0:3072077324,5211c733ee78075617b8df5668c3ef84:1:3196920922
51,A,51,-0.05121353268623352,1.0115528106689453,nan,nan,512,0,-0.05121353268623352,1.0115528106689453,all_rows,512,0,0.006496827118098736,0.0728515625,-0.0008578727953135967,0.5119205176830292,0.16278004000196233,ea4ab8a172619547dd8e2de5b3f4bde3:0:0,899fd847b7648db57f538d1f037e8eea:0:0,e81b741c60fbec466fdda3e83b41d7a4:0:0,22be8d93550f86f8ed4830cd4ae71f4b:0:3016750781,e1cb26913831949ccb32af1bd04a94b4:1:4186540776
52,A,52,0.10456043481826782,1.0517735481262207,nan,nan,512,0,0.10456043481826782,1.0517735481262207,all_rows,512,0,0.008905172348022461,0.0556640625,-0.0035985290072858334,0.5519991621375084,0.1632764160167426,a711f519cde35a0d2664c80164a079e3:0:0,830e3d84612f1b80493454b986c83342:0:0,e013ae406cb97512ace6ca3d686c75cc:0:0,a50a4b818d99dce268f9db4e5044fb4b:0:1743711891,28a391f3be87984ce9a0aa8389cccce5:0:711999694
53,A,53,-0.046185463666915894,1.0778888463974,nan,nan,512,0,-0.046185463666915894,1.0778888463974,all_rows,512,0,0.0009167873067781329,0.0400390625,-0.0008923989720642566,0.5807893514633179,0.16421218699542806,e8aee33d056bb43c1b6f3e9b9d8c35e3:0:0,c3235be2abc28a6c4e5891ead53fc3cf:0:0,2ccd37bfe9ae61e5be28f6292537f8d3:0:0,ee5a2d70bf87abe8c1e562a89be2d74b:0:4159306500,85b8f6af479672f7c8643266837e0e49:1:3799268959
54,A,54,-0.1362944394350052,0.9113306403160095,nan,nan,512,0,-0.1362944394350052,0.9113306403160095,all_rows,512,0,0.008325779810547829,0.0599609375,-0.00391332758590579,0.41198783069849015,0.1600323910242878,9567fe146d680d6b6b6ed0f05eb7f1e3:0:0,455ffe9bf543fd529992669375fce92a:0:0,b073addfe8cb99b244ec001c32709722:0:0,5d1f0726d0cc457b536e1c382dc0b34b:0:434921500,e9b656f51dd25a1cb84e0cf8cff2d936:0:2115404660
55,A,55,0.12775012850761414,0.9135687947273254,nan,nan,512,0,0.12775012850761414,0.9135687947273254,all_rows,512,0,0.0011865422129631042,0.101171875,-0.0030324159190058706,0.41936834454536437,0.16357489401707426,f704907cdc57d7d046f4fe3ba823ade3:0:0,d12deb31232a66ca5ef19ab06cb7b582:0:0,3f595f60db4413c81890a6ec0b3bcc70:0:0,c1b7a533dd51ff491b459d5905de8f4b:0:946526351,e1e0a6373d5109bd1beed62b5d71994e:1:242228320
56,A,56,-0.02406247705221176,0.9690442681312561,nan,nan,512,0,-0.02406247705221176,0.9690442681312561,all_rows,512,0,0.009390147402882576,0.146875,-0.008559077070094645,0.46960378140211106,0.1635370749863796,2de05bf32bd152011c6385b979cf69e3:0:0,6eb20f36a7c665ae0ee5631b2f351c38:0:0,c61a4f86f5b27fbc8f1717e718a00c43:0:0,a2422a76aa7796fd956bbb67243c6b4b:0:294538237,0abf2fc3d74c78dc707950fbfa247b2f:0:3736182734
57,A,57,0.012890755198895931,0.9353499412536621,nan,nan,512,0,0.012890755198895931,0.9353499412536621,all_rows,512,0,0.005886794999241829,0.099609375,-0.0047017368488013744,0.437191878259182,0.16340370598481968,b3203cc40cfc62f853ec66a5d3bb25e3:0:0,53e77d28b1428f445edb4f95dc60ab50:0:0,e3bc0077b0fc6ba1ec0d08f6090c771d:0:0,96d33ae01461ec3d982e8bbe88da474b:0:4108705115,af84be13091ba3fee9fb9b293fe02d0c:0:2806439793
58,A,58,-0.066680409014225,0.9565550088882446,nan,nan,512,0,-0.066680409014225,0.9565550088882446,all_rows,512,0,0.0033317203633487225,0.11171875,-0.0023183992598205805,0.45590528696775434,0.16294121701503173,47946f0566bf8e570b91e03cb5e6e1e3:0:0,678e93084fc494b41ea48d04a3b91970:0:0,ea119b1a803c477d44c66e070ea1654d:0:0,a9bafaba097e10e4302a63bb33b8234b:0:1078899084,cef68897ff0b4a95d0d288d4ab899b25:0:2148035216
59,A,59,-0.02760079875588417,1.0042049884796143,nan,nan,512,0,-0.02760079875588417,1.0042049884796143,all_rows,512,0,0.00365666626021266,0.086328125,-0.0012549356557428836,0.5023029789328575,0.168418396031484,0947931fb3db00e7d32671ba20529de3:0:0,b4f76f1294d9ada8f935ce2e3dea7fd1:0:0,54c0b64c53e9368f08a0763e004b7b16:0:0,81c97914e88faf7f7c49d8b924d5ff4b:0:3428470836,f7094fa4d4fa4a32266ab58e7a7fa905:0:2334118229
60,A,60,0.10703302919864655,1.0263007879257202,nan,nan,512,0,0.10703302919864655,1.0263007879257202,all_rows,512,0,0.00110803940333426,0.0240234375,-0.0007031010813079774,0.527863098680973,0.16673413501121104,dcc5c80e172db561684cda5a12fe59e3:0:0,826d9795abf2d33a5fb21fd04758897b:0:0,6eb8fce41e4a4111f4c76521bfbda471:0:0,faa9875c55a7c80d89c5c0145c33db4b:0:3450936608,69df6c7aab9ff37e853f7c7d202ff469:1:3959539195
61,A,61,0.07485175132751465,1.0068769454956055,nan,nan,512,0,0.07485175132751465,1.0068769454956055,all_rows,512,0,0.006175631657242775,0.049609375,-0.0017752501647919417,0.500402694940567,0.16426900995429605,890d24dc1c60b169727819588dea15e3:0:0,e4f0ff0cfb132733c9f50e0cf8246373:0:0,4f6312bbde784f11154d3fc5cf3f77f0:0:0,17aa4772da5fc2f930252f28d9d1b74b:0:2436660034,a4267058dcf633f013325f951a069c1e:1:3873667159
62,A,62,0.055972687900066376,0.897129237651825,nan,nan,512,0,0.055972687900066376,0.897129237651825,all_rows,512,0,0.003252399154007435,0.0794921875,-0.0017838278319686652,0.39681193977594376,0.16436053003417328,7e188a485b345ad73eeb6df19115d1e3:0:0,cb81fb7ab220e2cdb006e266fe25af64:0:0,3ddfd73d27f4255068a018d4f989ead6:0:0,55ecdd11e5b4da56ed3d7b529daf934b:0:3662212550,dd4e4b825a1e2e3b29114d8c3b8184a1:1:3188464835
63,A,63,-0.12013429403305054,0.974213719367981,nan,nan,512,0,-0.12013429403305054,0.974213719367981,all_rows,512,0,0.005686893127858639,0.165625,-0.005036549223586917,0.47504217326641085,0.1631653609802015,e64f30d373abe5367cba57611c818de3:0:0,b4f0381e0ed0c0b3f5eba166930afcee:0:0,ea9eda236a520333770b00755a4ced35:0:0,b224ae89ffdfd961c13239eda7cd6f4b:0:1984266539,a38ac5fa89321fe7a5174a747ed66739:1:2398610552
64,A,64,-0.003254351206123829,0.9839483499526978,nan,nan,512,0,-0.003254351206123829,0.9839483499526978,all_rows,512,0,0.002986995503306389,0.078515625,-0.003024977212771773,0.48153490126132964,0.16337962297257036,03167ee31952d789f8c894e3302d49e3:0:0,2c3107e2115e33601b73346fe187c90a:0:0,64efb3098e00bc3d8ee084eac317b791:0:0,a22d7c5d468532380a754055f82b4b4b:0:146714233,c7d076a5b414d382101272d86e63a005:1:37678395
65,A,65,-0.002349155955016613,0.9088727235794067,nan,nan,512,0,-0.002349155955016613,0.9088727235794067,all_rows,512,0,0.010019144974648952,0.1021484375,-0.0070320190861821175,0.4115843638777733,0.16300198098178953,9490960123d8aa4e59ca25b3cc1905e3:0:0,c8d73dab0a772514b183211131ee09ab:0:0,46afbb902d44d92a9ca5819569220c5b:0:0,31eb4e8c859969d861c6a3e78ec9274b:0:3912565470,ae80750c042d015ebe889d818d519cc4:1:296824723
66,A,66,0.08924572169780731,0.9421328902244568,nan,nan,512,0,0.08924572169780731,0.9421328902244568,all_rows,512,0,0.004251572303473949,0.046875,-0.001237774663604796,0.44191368371248246,0.16242233000230044,d478a59edb3e7dbcdc43490ef044c1e3:0:0,6af46f1f158d9eb99d17606ea62bb697:0:0,9453555579183d2668470ee97ae59339:0:0,cb74c9cd8155da5e7634b9fe6ba7034b:0:470612668,7cba798f4ed8629bb2a32e0368dca6d6:1:1275693211
67,A,67,-0.001684640534222126,1.114064335823059,nan,nan,512,0,-0.001684640534222126,1.114064335823059,all_rows,512,0,0.004376742523163557,0.071484375,-0.0006304604932665825,0.6205784618854523,0.16434343496803194,044e6d24f5d2e84e0e887e309cb07de3:0:0,4438dac750bd84238dc5ad4c87c2760f:0:0,b4e57ed11b43f155e9c455382e8c746b:0:0,5ab0ee3f4599cb7fe91c17f68ec4df4b:0:1951453902,647128869bc10d3dd4cd400b9ec44d7f:1:2191532376
68,A,68,-0.06256561726331711,0.9434511065483093,nan,nan,512,0,-0.06256561726331711,0.9434511065483093,all_rows,512,0,0.005911559332162142,0.043359375,-0.0030275877099484204,0.4436276540160179,0.1654347630101256,5fdc6e78fe37dd7c8cbe8454d15c39e3:0:0,af4fe2a656cc248c4417beb9a3bb5c75:0:0,f20c2b7e7bd159a1b6081aa66da71c8f:0:0,da958c8f8f13e1492a27932bf822bb4b:0:3363738076,34495052092165478ae76069d9b8fd05:1:3256218993
69,A,69,0.06928474456071854,0.9508398175239563,nan,nan,512,0,0.06928474456071854,0.9508398175239563,all_rows,512,0,0.0012607640819624066,0.0509765625,-0.0008874280843883753,0.4523384600877762,0.16410127701237798,16d8258117aeacc7bcda5ab78e47f5e3:0:0,99db982277de6f6996b567da98938c14:0:0,a88e4becf6d17f120178c44a9d2a02d2:0:0,5453e5e2a28fe11a535040faa7c0974b:0:2075297848,7424ef88bc0d7de0b7628e5d80e1dcfb:0:3882158302
70,A,70,0.0007961299270391464,0.9139809608459473,nan,nan,512,0,0.0007961299270391464,0.9139809608459473,all_rows,512,0,0.008270635269582272,0.132421875,-0.010597772698383778,0.41666084378957746,0.16370198701042682,6b29288f56e618f68aa14094d373b1e3:0:0,1954bd5904509f38a365d2c6af55dbd6:0:0,cb590e4bc9609e65141b4b32364b4b68:0:0,553cee2d26c4cce404dd76be9d9e734b:0:3590158991,157aef54631901a3ffb44ed9cce45bf3:1:2270590220
71,A,71,0.0197888370603323,0.8989502787590027,nan,nan,512,0,0.0197888370603323,0.8989502787590027,all_rows,512,0,0.0034934901632368565,0.0279296875,-0.0011568390997126698,0.403095480799675,0.1641768779954873,dd8b60fe2586879a23a8b528a0df6de3:0:0,7edd365a76c75dd7bd241933abe90689:0:0,04e667b0fad3cb32718e78b5d6825259:0:0,453e880dd4ff54a44164c9d3d9bc4f4b:0:2381808173,90433a0b89e4810b8d8a044840b1e9ea:0:1016419982
72,A,72,-0.12905019521713257,0.8819571137428284,nan,nan,512,0,-0.12905019521713257,0.8819571137428284,all_rows,512,0,0.005827744957059622,0.046484375,-0.002444229740649462,0.3860435768961906,0.1646944680251181,180192a766b848d0b35677aef68b29e3:0:0,de5519fbfda955bbfb8f5f39aa57d5b8:0:0,2fb0987b9bfcb863e4260720a90f6f75:0:0,3bcecc9315049e2349ca0f965c1a2b4b:0:3584149523,15d5f82cbc335efc96f06ee14dbc6050:1:1679371446
73,A,73,0.1410161554813385,0.9827623963356018,nan,nan,512,0,0.1410161554813385,0.9827623963356018,all_rows,512,0,0.0051959906704723835,0.041796875,-0.003206274099647999,0.4859355926513672,0.16613808297552168,ad282c4052dff7481ee08763d476e5e3:0:0,3f052c08d4fb4736a15564989a16df25:0:0,a5017cee1620976064a5c186071b455e:0:0,5a2a08b6d88962f0793f5d6224b8074b:0:3315002508,e984114bf90426be8cc55b78e8876fd7:0:1347587268
74,A,74,-0.027662180364131927,0.9741181135177612,nan,nan,512,0,-0.027662180364131927,0.9741181135177612,all_rows,512,0,0.0034764313604682684,0.0373046875,-0.0011534129735082388,0.47435510009527204,0.16357701300876215,752cda0440ccf080c14d23833aa2a1e3:0:0,965bf6de1ced6d953d96329b4dc2b542:0:0,2df1eb63f925c485cb3167ecb57ff284:0:0,b6338db94a99649f214508933395e34b:0:693356644,4cc1e028f4547061205b81d33c47e5c5:0:1924435347
75,A,75,-0.021551813930273056,0.9878324270248413,nan,nan,512,0,-0.021551813930273056,0.9878324270248413,all_rows,512,0,0.0004218610702082515,0.0,5.795704200863838e-05,0.4878325998783112,0.16614537598798051,f53d8f78d295e5502772cb49290e5de3:0:0,f37166ac0d8d12158a44950544a64351:0:0,052455e611d38b8d25b297d6bfb7596f:0:0,e750c0e1274b374365a9a68588b3bf4b:0:2092118615,67b563cefa00d16b2dc59243929588a8:0:1252843941
76,A,76,-0.04855412244796753,0.9388096928596497,nan,nan,512,0,-0.04855412244796753,0.9388096928596497,all_rows,512,0,0.00167944747954607,0.0232421875,-0.0013067936524748802,0.43926614671945574,0.17153014801442623,7ce9b4763c5f82a3cbf83df19fba19e3:0:0,8c60f4807ce19084ad53dc38e1c4b509:0:0,46186c9297244d6ae024e530694a98cf:0:0,b4790286d01c622f188a0c9524119b4b:0:1889509487,e4edfc57baaa0bdd663ee69ff9e8bcc2:0:1770873889
77,A,77,0.12159092724323273,0.9637174010276794,nan,nan,512,0,0.12159092724323273,0.9637174010276794,all_rows,512,0,0.007570796180516481,0.063671875,-0.0033396990736946465,0.461732617020607,0.16527255502296612,2671d4fe9b493283d3547ab89ea5d5e3:0:0,b42ebbb2160aab5c79c1ac84ca17dc4a:0:0,d6fd33ae3f7152e4626516eed896d576:0:0,9eb40bad7151d6ee9651501e05af774b:0:1726610755,1e1a79ac255b09429c0fcf5e97ee077c:0:2097425261
78,A,78,-0.12057209759950638,0.93385910987854,nan,nan,512,0,-0.12057209759950638,0.93385910987854,all_rows,512,0,0.0022552870213985443,0.0314453125,-0.0014003339223563672,0.43706014305353164,0.16368690301897004,539da2cf92bbf555c7cec0da25d191e3:0:0,41431bd2b5f85c11115a5df39f467849:0:0,84405a4b8ca2fb1aff02d36e9a850124:0:0,739b44cbccb8be85a1b8c67c2d8d534b:0:324984045,9f7af5a905405daa4c326edc5cdf58c9:1:3937615370
79,A,79,0.12695805728435516,0.9381020069122314,nan,nan,512,0,0.12695805728435516,0.9381020069122314,all_rows,512,0,0.004742606543004513,0.0271484375,-0.0014870981685817242,0.43988206535577773,0.16295160801382735,40a542f9a657535f557e8f92353d4de3:0:0,e4f350452b30184ce1e1bd4fe799fb68:0:0,cf36462ab2de41159ce7377d0302eaed:0:0,1e6957c47e239cec3fc8050b9bab2f4b:0:1313030821,6deb21d3be03d1b99f698c20fcfef94d:1:1604656798
80,A,80,-0.11225815117359161,1.0219937562942505,nan,nan,512,0,-0.11225815117359161,1.0219937562942505,all_rows,512,0,0.007097069639712572,0.0908203125,-0.005585455009713769,0.5222958117723465,0.16545347997453064,8249c92906b86689064ba61ccce909e3:0:0,8542e0f51ee534fe673c4bd5e93b84d6:0:0,9d226450d99a337f92daaf020560e536:0:0,f9f5da6bcdffcacb93d4e12850090b4b:0:2827283726,51fbd6bc8b02bc0c2ddf1b0e345b1963:0:2589390786
81,A,81,0.04509510099887848,0.9508335590362549,nan,nan,512,0,0.04509510099887848,0.9508335590362549,all_rows,512,0,0.0027128253132104874,0.1078125,-0.002851161337457597,0.4517301097512245,0.16415739100193605,63a165abc756fc60fdee03b5ecd4c5e3:0:0,656c47fd35c3ac25ae3b6f2ccc7d6c98:0:0,5f4b805c27a629d970d47d92c94db02c:0:0,58e96657665f457abb83702e4aa6e74b:0:3867723661,20359615d260a407debc00b1bc1ea579:1:2130610582
82,A,82,0.113522969186306,0.9318020343780518,nan,nan,512,0,0.113522969186306,0.9318020343780518,all_rows,512,0,0.005300147458910942,0.0154296875,-0.0008922599256038666,0.431441967189312,0.16440820798743516,c39e2aa1b3b4d05db5ede799950081e3:0:0,08d004938d51e556c7b6045fba449617:0:0,a18e8ffe68ed4f30107adb4b74d4ad59:0:0,39c0c6127ed2d53baac607798b84c34b:0:1505905691,2f5da2ed5b1e806eee041d23f2178e4a:0:3298306871
83,A,83,-0.09096454083919525,0.9201022982597351,nan,nan,512,0,-0.09096454083919525,0.9201022982597351,all_rows,512,0,0.0031888445373624563,0.012890625,-0.0004473638720810413,0.4244830533862114,0.16448398603824899,f23268223a1ade60b9a3d103c56c3de3:0:0,d72b9eeee23bfecad8a6a018ee0e37f9:0:0,fc2790b0c3e5c6d3b172b7287c90b4b8:0:0,901c0f2f537089b807dd3c6612a29f4b:0:2484937071,d42f3aa320916c84751b456522d85cf6:0:2751344658
84,A,84,-0.011104689911007881,0.9586784243583679,nan,nan,512,0,-0.011104689911007881,0.9586784243583679,all_rows,512,0,0.0010938915656879544,0.041796875,-0.0020018674957100304,0.4595059022307396,0.1641455580247566,c96b76852220cd7962387f307e17f9e3:0:0,ec792c9f1f2888686f12950467b2b263:0:0,72ee2e68a502b2fb38de45ae7d69e0d1:0:0,9a988c0cfb628cbe0757e44fe0007b4b:0:208505823,7c2dbfa7e39a792a6faa4dc9af168fa6:0:2568613144
85,A,85,-0.06180838122963905,0.9286062717437744,nan,nan,512,0,-0.06180838122963905,0.9286062717437744,all_rows,512,0,0.00490148039534688,0.0662109375,-0.0022219372680410744,0.4304825380444527,0.16399061301490292,802b595b053a72e792a4f15bbf03b5e3:0:0,86099d9c7c43034d0d755b0340049d94:0:0,25b391103ce2bb65c5d7c295c409f062:0:0,ca523f86f35a4b3d48131492f39e574b:0:1254424625,81286f906676a0ddcce9419eeaf4d64b:1:2357360278
86,A,86,0.13730883598327637,0.8795475363731384,nan,nan,512,0,0.13730883598327637,0.8795475363731384,all_rows,512,0,0.006055440288037062,0.1302734375,-0.0054325257195159795,0.385483355820179,0.1649134480394423,2292f502bf876d5e73b266c1882f71e3:0:0,3339874a66c8c055ade4a22308067339:0:0,4570258d52cdb44e213c9ac7052518fb:0:0,35639021f043f483af3a228b4d7c334b:0:1044697805,a5ba909d963142165c566873aba09d2b:0:1998506223
87,A,87,-0.1351739764213562,0.9007847309112549,nan,nan,512,0,-0.1351739764213562,0.9007847309112549,all_rows,512,0,0.0027830738108605146,0.03828125,-0.0009170795790851116,0.40611555725336074,0.16449394903611392,dff19c294f20d8872ffa5e9dd99b2de3:0:0,c4a537e7f03ae9fb2ff8974821adbdc4:0:0,047a7ca6dc73b5b92f9e4215c3faad2d:0:0,ce8f47a7ce964fba4446a394ed9a0f4b:0:1015440481,a95979af37ab2af7a7d1bd12e43a8e0d:1:796189801
88,A,88,0.0807441920042038,0.9987829923629761,nan,nan,512,0,0.0807441920042038,0.9987829923629761,all_rows,512,0,0.005583987571299076,0.0193359375,-0.00032040802761912346,0.49623105227947234,0.16484829102410004,1f6b81e1d82118c3afe6982cb346e9e3:0:0,961e7573138faf60eb939b3291796c4b:0:0,038cbee95f8e6017c9a57ce321301838:0:0,0ff28f82b29ae7a20d006d0bd3f7eb4b:0:543054929,d73c46e2f8f37377b8ff156a44b67c3c:0:446449122
89,A,89,-0.028995927423238754,0.9650526642799377,nan,nan,512,0,-0.028995927423238754,0.9650526642799377,all_rows,512,0,0.0007250536000356078,0.0099609375,-0.0007785359863191843,0.4646975189447403,0.16388922999612987,33bf2063c3a1bf3155b112aa1532a5e3:0:0,a2e2c2bc46d87fdac01360714b90500f:0:0,68e21dd37ab7379c292643554d821a6b:0:0,d369e985ae0a8c90e97d944c0095c74b:0:1205639913,de48507e7c6ebd3c74bff66698164658:1:4014748104
90,A,90,-0.04761945456266403,1.0010210275650024,nan,nan,512,0,-0.04761945456266403,1.0010210275650024,all_rows,512,0,0.0013293684460222721,0.0302734375,-0.0009677685797214508,0.49945674240589144,0.1637263980228454,3be1e3dd2feb85ebb9640d51ff5e61e3:0:0,8d0e1a9d3e0713eefb1d5684c2266ab6:0:0,e1fc4711ae993216e1b3f671e29610b1:0:0,1f7d582f7f5a2cae70226eb17373a34b:0:3403595373,6ad90a26ff969ef61c02a260862c8f2a:0:1854175005
91,A,91,0.0553995817899704,1.002931833267212,nan,nan,512,0,0.0553995817899704,1.002931833267212,all_rows,512,0,0.0020255446434020996,0.0208984375,-0.0011569398455321788,0.5033333539962769,0.16471371200168505,e9d664282814648f64da076071ca1de3:0:0,1517a748c3138276563cd16b2791e646:0:0,d8d2fc723936eb8e632797101f2eac47:0:0,216cf8d23f140270c9a191982c917f4b:0:1005112681,c575368b07e3ccdc5f5526b3a94c1c2b:1:136075095
92,A,92,0.04387938231229782,0.9535753130912781,nan,nan,512,0,0.04387938231229782,0.9535753130912781,all_rows,512,0,0.0010529070859774947,0.02578125,-0.001225045695900917,0.454607829451561,0.1639599499758333,33622f915947bcfc8fbdc0116c75d9e3:0:0,8ae61de157ba067e2204f3d6a5466ed1:0:0,f9f001cdc84c96b3af36bdf9135be8aa:0:0,ca983d690f9919598cfbd25c2bef5b4b:0:4224534813,84bd68ae7f610e866ae7081db2f47f08:1:3872045255
93,A,93,-0.008098065853118896,1.0326716899871826,nan,nan,512,0,-0.008098065853118896,1.0326716899871826,all_rows,512,0,0.008416862227022648,0.0755859375,-0.00581922116689384,0.5319873139262199,0.16484661697177216,01669c3f3bf4a059db8a36a0ef6195e3:0:0,bd6260b2f8b94d622ee14811b450c0aa:0:0,8f4aa5b9acf8a5ca0b8388148b305380:0:0,f736bb4323a728f29b804659718d374b:0:1706551506,a032c350998d5375366cd26714c38148:0:932007634
94,A,94,-0.05821957439184189,0.9511600136756897,nan,nan,512,0,-0.05821957439184189,0.9511600136756897,all_rows,512,0,0.0028139855712652206,0.1001953125,-0.0028875311836600304,0.45062735825777056,0.16324238199740648,72d74528e71e2c570f8aaa4afa8d51e3:0:0,31215ffb86e8d8952b0a32244504bd02:0:0,38acd33a100c183b340f1a06b68c2f0d:0:0,0c722709affec60afccc42ebfd6b134b:0:1041747132,ff950e5c5bbbb3f93e1290aa56dde5f0:1:2198814188
95,A,95,0.004888858646154404,0.8184255361557007,nan,nan,512,0,0.004888858646154404,0.8184255361557007,all_rows,512,0,0.003907099831849337,0.1455078125,-0.007197377737611532,0.33396065682172776,0.1650615920079872,dfd9c2ec040a00afd4da9a4b8df90de3:0:0,7fef749a04a7e40048ccb2cd48e35db7:0:0,0c882cf2fddae500ca1fbeff403ae414:0:0,02a596049c85ea33bacb5d6fcf88ef4b:0:3094268779,76d20abdb4da61a31468838ceea4c0ba:1:3556051147
96,A,96,0.0022398512810468674,0.9297593832015991,nan,nan,512,0,0.0022398512810468674,0.9297593832015991,all_rows,512,0,0.0052160536870360374,0.029296875,-0.0006934261880815029,0.43208681493997575,0.1636984280194156,20c4d8319888ccee7265c5dea9a4c9e3:0:0,4ad37ddb2077a738d85dfff5a7f8757e:0:0,f68012f2d3c7a6fcd2817ef7e8a79084:0:0,3c1677e00942d17cbdb76b40e7e6cb4b:0:879690562,f37ec3137cfb46c65e0631924ac373df:1:3616483347
97,A,97,0.06150828301906586,0.9719859957695007,nan,nan,512,0,0.06150828301906586,0.9719859957695007,all_rows,512,0,0.006259031593799591,0.031640625,-0.00205971491523087,0.47201919853687285,0.16368188394699246,5bb9acb19e14f66e88e82c404d9085e3:0:0,466e469bc6b7cbf33d5ce4b3f81b8d51:0:0,477a5c801d469cf632b21fd78c6889c7:0:0,bf27f392fb8b2e71a81881bb4684a74b:0:3830675999,87a82f42e2adaadc0006aec8d8b198bf:0:487463217
98,A,98,-0.09865053743124008,0.9830625057220459,nan,nan,512,0,-0.09865053743124008,0.9830625057220459,all_rows,512,0,0.0015481350710615516,0.113671875,-0.006622470822185278,0.4815182492136955,0.17045170604251325,6aafd1459c03569fceee0cac79bc41e3:0:0,c63128e454ea571d384b8e28c04d6a9d:0:0,a29a8f2524e16a3be9fef83f1bda69d9:0:0,d3116565c7c3b456b2c4f63aeb62834b:0:1496707786,9781fd1d57d9b33439dc1706d5810a55:0:3692217803
99,A,99,0.07947128266096115,0.9627171754837036,nan,nan,512,0,0.07947128266096115,0.9627171754837036,all_rows,512,0,0.004397967364639044,0.03046875,-0.0017144742421805858,0.46416849046945574,0.1655126130208373,7344a2dabb021188ccd3e65f2e27fde3:0:0,a91f3d2852d24b750bb93c4de6eb7b4c:0:0,edd834c0a852b4e941d43d6422ab7244:0:0,fdc4ab750c0bf7a588e15e1bd6805f4b:0:3930843869,85c9fa22697e19a843632b776f8df0fb:0:2205807785
100,A,100,0.06875145435333252,0.8748820424079895,nan,nan,512,0,0.06875145435333252,0.8748820424079895,all_rows,512,0,0.0037119719199836254,0.0208984375,-0.0011606127489358186,0.38058480322360994,0.1691935049602762,31b039740821848998c678946ad3b9e3:0:0,3a89356e4d01d6c01bf3085dedab9543:0:0,37a8439c65ca4b19577c3531debaed6b:0:0,5f30b96c5032a4ca23e08eba07de3b4b:0:3644785401,89a7a57884df1d1204b0e713079792a1:1:3771868140
101,A,101,-0.14571912586688995,0.9309422969818115,nan,nan,512,0,-0.14571912586688995,0.9309422969818115,all_rows,512,0,0.0038738755974918604,0.013671875,-0.0019168757309671492,0.43371120989322665,0.16280749096767977,692d63cddda34d5e92c2c2882fbf75e3:0:0,92703848c8672e35433c2ca85b202f87:0:0,1123e5f285cd2f53d4ce9d4da86dd2da:0:0,c7a893919f4e0d1fa7839d717f7c174b:0:2272292889,43a9b6c361a9c4da9ae4e02cff295354:1:2542721357
102,A,102,-0.00412091426551342,0.9323700666427612,nan,nan,512,0,-0.00412091426551342,0.9323700666427612,all_rows,512,0,0.005530873779207468,0.0150390625,0.0006366305984556675,0.4312202110886574,0.16264744201907888,8e273f93a7cb6963209603767ceb31e3:0:0,77339f99454ef82e6590c67df3403d70:0:0,c56088bebbd8344928f43a83cf4704c2:0:0,132e5499af550a2d3dd9df9e3d59f34b:0:1659861168,7a3aeb41f9ebee604e8483a2f08fee29:0:630194468
103,A,103,0.1326366811990738,0.9052806496620178,nan,nan,512,0,0.1326366811990738,0.9052806496620178,all_rows,512,0,0.004620770458132029,0.0486328125,-0.0007658432703465223,0.40986892133951186,0.1624829309876077,b9ddc9797bef6d1469ddba9b5256ede3:0:0,42597dbb26be0165dbba633b5996eb2b:0:0,dd2b7e5fe811fe3140a8d248d6c45445:0:0,aff5411a6b143722f340ea9c4177cf4b:0:1891978367,628aa3698756153fec1e456849498143:1:529824910
104,A,104,-0.03025701269507408,0.9360098838806152,nan,nan,512,0,-0.03025701269507408,0.9360098838806152,all_rows,512,0,0.020905032753944397,0.108203125,-0.0031709113856777547,0.43598603904247285,0.16302855004323646,f42b47eb37ffd3d41407a732b002a9e3:0:0,8ee98e670519d0833c11b7619339d91d:0:0,bae8433380dfb76503b6a51f7d6d61a1:0:0,29dd26cff2db8096926493c78bd5ab4b:0:4151242349,0c668a7ad1c6fce8b8a2772014cc8683:0:1989713835
105,A,105,-0.0012973882257938385,0.9293367862701416,nan,nan,512,0,-0.0012973882257938385,0.9293367862701416,all_rows,512,0,0.007308035623282194,0.0869140625,-0.005648103216663003,0.4319774448871613,0.16198448097566143,86e6b66320c767eafe51c87895ee65e3:0:0,6f120d6e473858cc47ba6f6c9edc8754:0:0,9e17603ae5b674cf0158be853adeb55f:0:0,85345d4668400a80803ef07c1c73874b:0:974767845,38191fd9818edea1f80ed9326bb62d3b:1:3463118943
106,A,106,-0.05459607392549515,0.9519270062446594,nan,nan,512,0,-0.05459607392549515,0.9519270062446594,all_rows,512,0,0.006145935971289873,0.04296875,-0.0016508391126990318,0.4521305918693542,0.16238470800453797,074b56da351cc2cbfdca5da9041a21e3:0:0,ad63afda0e441ef4c36b7fbdc163bbec:0:0,793666c8146e2bf16c3f3c59388e2784:0:0,86f4b0d9194e6c7898185615f351634b:0:1963952025,d4deafba3b41cb15645095e36dfc8e48:0:1909639861
107,A,107,0.04824896156787872,0.9416149258613586,nan,nan,512,0,0.04824896156787872,0.9416149258613586,all_rows,512,0,0.006294579710811377,0.0927734375,-0.005293990112841129,0.44232733845710753,0.16218140901764855,b5134a24ac41e596994fe5fffa85dde3:0:0,90dd2a9daed3f2c2ea7a499c242e0ce0:0:0,c80ec2b22fbf7bccb9305b95cf274965:0:0,26325055df894433078759f1106f3f4b:0:3155221124,96bcdc40d023311fbb12c0283dcf931f:1:1198482704
108,A,108,0.019746102392673492,0.948320209980011,nan,nan,512,0,0.019746102392673492,0.948320209980011,all_rows,512,0,0.007225191220641136,0.06953125,-0.00445236680097878,0.44923273772001265,0.16285434999736026,64d2876d55ade9d9c59120b9793199e3:0:0,9e2ff1c734260a879aee36f346c164a7:0:0,e9e8b3a2eccd995fac540e461e7f840e:0:0,afd280f1c7101e3d2a70d16973cd1b4b:0:857119648,f361d2ff7acbcad81a1ddf9ec913435b:0:2545997339
109,A,109,0.005919008981436491,0.9794852137565613,nan,nan,512,0,0.005919008981436491,0.9794852137565613,all_rows,512,0,0.0009381816489621997,0.050390625,-0.0009041338227689267,0.4795982539653778,0.16329556796699762,0bd8be62d07cca96a10d0d11801d55e3:0:0,7dc451dca8366e05b22a7acdb3609718:0:0,480cf2ea512b5bbbfea037bc1d2ade1a:0:0,091a639a524ab4fa6707d1db1d6af74b:0:1535601808,f8a1580304db136abb58d1015f3bd1cf:1:266740745
110,A,110,-0.017998747527599335,0.9094972610473633,nan,nan,512,0,-0.017998747527599335,0.9094972610473633,all_rows,512,0,0.0013223473215475678,0.0232421875,-0.0013800708577036858,0.4136555060744286,0.161816539010033,d7b39f09d0c145833012ea440f4911e3:0:0,9e49dee5bafa3cb6007fac105d563f4a:0:0,27794f68e8095706fcc5ad42eee691a8:0:0,5d7c7a0cee7485e109cdb0a20d48d34b:0:2024625321,b02a5ef9b4225299c07c3a658668cd85:1:1237525673
111,A,111,0.015500099398195744,0.9951667189598083,nan,nan,512,0,0.015500099398195744,0.9951667189598083,all_rows,512,0,0.004176708869636059,0.0662109375,-0.001084622903726995,0.4950649797916412,0.16172034200280905,2a97ad87e8f4d48d18c2378d26b4cde3:0:0,de3697b0c0e8a4b549f7f804e0463fa2:0:0,c30eea8e278c23ab82625d7d7f938e85:0:0,c67dd97c6d64bcf72192031a4366af4b:0:3979548417,3080e19f6ee753c127ea1c681b661eab:1:3600905903
112,A,112,-0.07571090012788773,0.8819245100021362,nan,nan,512,0,-0.07571090012788773,0.8819245100021362,all_rows,512,0,0.0005673281848430634,0.089453125,-0.0016304682940244675,0.38456261307001116,0.16188459796831012,88bc2f9a8dc1bf9c5f0ab428c66089e3:0:0,8a41eb2f8fc56a348e8c8f339832656e:0:0,1dd7d74f3f8bb3f41f52d6e1d5e5c8c9:0:0,87da13ea98ee768f5b729e9fbfc48b4b:0:2476048098,51ce8a4efbe843fce463075ded4bf24b:0:991656794
113,A,113,0.13313251733779907,0.9989445209503174,nan,nan,512,0,0.13313251733779907,0.9989445209503174,all_rows,512,0,0.002497380133718252,0.01640625,-0.0004186878795735538,0.4959387019276619,0.16216397902462631,2156e4ce4a63469620ac5f52ee4c45e3:0:0,6cd497e108d9e510cf671e70bd2d3e68:0:0,630671c92f4a81b4a56f86e65f789511:0:0,b476d8ba34355745dedb988e8262674b:0:27636409,947c016e2eac123dfccb69b70513f171:0:3378380570
114,A,114,-0.14357930421829224,1.0916266441345215,nan,nan,512,0,-0.14357930421829224,1.0916266441345215,all_rows,512,0,0.009639283642172813,0.1447265625,-0.008465309953317046,0.5974034503102302,0.16257688298355788,d09e19ea5bd7e39f513778479e7801e3:0:0,3e24fe89fa2b8b58df96837c23af40e9:0:0,5279082ff29982646457be932a1d7e0c:0:0,e07e205bff527a3d298746428b40434b:0:4184217972,bc0c7be23d8f63bf2d11346501d5eb1e:1:2668525749
115,A,115,0.003162546083331108,0.9446430206298828,nan,nan,512,0,0.003162546083331108,0.9446430206298828,all_rows,512,0,0.005606409162282944,0.0482421875,-0.0018682518042623998,0.4417764663696289,0.16255084599833935,e74b43652921a59f760c7e42d6e3bde3:0:0,331451211504ed3e5a1e6ee3c6c5489f:0:0,2a545a866004cc7bbd1fc0c223c62d0d:0:0,5057665791a5b59aeb7e3d17da5e1f4b:0:3131906994,f0883b17f4bbac816dea655007e873ed:0:3592807551
116,A,116,0.05342179909348488,1.0475585460662842,nan,nan,512,0,0.05342179909348488,1.0475585460662842,all_rows,512,0,0.004537874832749367,0.0408203125,-0.0015016674529761075,0.5482799962162972,0.16301317099714652,57c5a2164ed0a303625c3080978f79e3:0:0,966556e7558039627602e5086e3e8d59:0:0,dd979cc26efe202bf140af81a9b6b9d1:0:0,4176004f1f2f3544e317526a6fbbfb4b:0:3457131105,e2b54dbdf3a9957b6e9531b28461176c:1:545001335
117,A,117,-0.0037253843620419502,0.9452477693557739,nan,nan,512,0,-0.0037253843620419502,0.9452477693557739,all_rows,512,0,0.0008431585738435388,0.0951171875,-0.0034730905201286076,0.4460745766758919,0.1612297419924289,c9a388bb341384bff3278e3ce07b35e3:0:0,298a4c7ce2ce0125646caaac5d85116b:0:0,4ac6cd6ca3d3ca9909eb06dc582c9e0f:0:0,df4c07fb7d4d6bddb8f79b964b59d74b:0:2000214636,f7b90bd47d8c131a4d0206cbfc491d9e:1:3587729660
118,A,118,0.011709863319993019,0.9648537635803223,nan,nan,512,0,0.011709863319993019,0.9648537635803223,all_rows,512,0,0.003027381608262658,0.045703125,-0.0017744291573762894,0.4652650266885757,0.16412820300320163,29d1a8435f8a2994cb3fd6b3b1a6f1e3:0:0,2750f0c8ec7716e13fcf385441f1eee8:0:0,3aa4749f68f559ff823ad74b1692f74b:0:0,9a66917bfb3b5a01dc126df76d37b34b:0:844641189,4407ad2aeee7f2c5733741929c551642:1:1917033368
119,A,119,-0.00983845442533493,0.8580262064933777,nan,nan,512,0,-0.00983845442533493,0.8580262064933777,all_rows,512,0,0.0005395538173615932,0.002734375,-0.0002672458067536354,0.3660906985402107,0.16162120300577953,40aa543a0216618f0f4689210b12ade3:0:0,54b81dd65b848a9023b4930d71fef456:0:0,7b261a91a106d179f191784bef6617fd:0:0,500906b3e2ab2bc45da95ee9d5558f4b:0:3930648794,ed230c22911ba24c59f87b9536d43109:0:2607740660
120,A,120,0.029765276238322258,0.9968715310096741,nan,nan,512,0,0.029765276238322258,0.9968715310096741,all_rows,512,0,0.0035081771202385426,0.083203125,-0.002693453058600426,0.49599855542182925,0.16397339198738337,4fdaf8026de6c1cc21ad64c0ecbe69e3:0:0,c03d745f94b6cd621fa6bdb363c87b3c:0:0,fe70e191740874575ccbf819d7ac2122:0:0,63ca7bcdb4d92c6bcd4c43c983b36b4b:0:1783046318,b44563708e63406770bc6ab4f33edbe2:1:1310976748
121,A,121,-0.052125945687294006,1.12171471118927,nan,nan,512,0,-0.052125945687294006,1.12171471118927,all_rows,512,0,0.00032997108064591885,0.008203125,0.00012884028255939485,0.6279583156108857,0.16306298901326954,6063f8fd6ff7907c5eb668cf56aa25e3:0:0,ea97e5ca0b6e4ced0a1fd644664792a9:0:0,e73a37d4082c94bc48a28148763e820b:0:0,0100a85a7873106f14d931f27851474b:0:366582184,213e7db5f1bb45c83ad83d1116851f8d:1:1159456320
122,A,122,-0.07023527473211288,0.9785972237586975,nan,nan,512,0,-0.07023527473211288,0.9785972237586975,all_rows,512,0,0.008987827226519585,0.0783203125,-0.002759061800315976,0.476303693652153,0.16603837301954627,6587010dc245c925d873d48848d5e1e3:0:0,2744b5cefc79c2f6fb6c584fca3c185f:0:0,0cf3dcc750511b0612e4b301103810bd:0:0,9568e3e1acaf95b2547c7ec0b32f234b:0:150734263,bbbe6b5d7a2dac9bec1e7a9d67e05f98:1:1191212855
123,A,123,0.1874387413263321,1.052891492843628,nan,nan,512,0,0.1874387413263321,1.052891492843628,all_rows,512,0,0.0023148783948272467,0.0046875,0.00045227133668959143,0.5559990257024765,0.16429897595662624,545928520cf0392712c82727c3419de3:0:0,a7a70e78fc9940c113b952c86aa89ffa:0:0,07a929845a258dcadfc5e668d8c0cb4c:0:0,9fc01414b5f27a03beb0bf90344cff4b:0:151223562,6657cc692b87b13fb11dca26908c4e13:0:2248119915
124,A,124,-0.12077969312667847,0.9373042583465576,nan,nan,512,0,-0.12077969312667847,0.9373042583465576,all_rows,512,0,0.006003859452903271,0.0169921875,-0.0006837081164121628,0.4393362760543823,0.1645298469811678,7129ac4b2c82b479bf661fe9c5ed59e3:0:0,a0e938fad6df47a1f20c5d0a446bcf70:0:0,a3f9fde91fa12cf57c86dd52fd71c5b5:0:0,8a16e636d858c7d8743ec9bcfbaadb4b:0:2298251044,42079ef7a9ec8c56b13ff4523e68fba1:0:2012738360
125,A,125,0.017180100083351135,0.925358772277832,nan,nan,512,0,0.017180100083351135,0.925358772277832,all_rows,512,0,0.0018321886891499162,0.0310546875,-0.001139554986730218,0.42783286422491074,0.16182585299247876,0442d605b3a762b579d0be0a50d915e3:0:0,72a4ea6891a9098401ee0cd3fef8d4d3:0:0,10232f9707877cb1f10fed9d0de21c9f:0:0,dee7f4a914897949603db2a30948b74b:0:3029079099,a1bd020308eb162a1d54cb71e32e3be9:1:1928054061
126,A,126,-0.07246983051300049,0.9976716041564941,nan,nan,512,0,-0.07246983051300049,0.9976716041564941,all_rows,512,0,0.004036866594105959,0.0509765625,-0.00249802740290761,0.4952370524406433,0.1648802700219676,0ef9603dde7a2452835b40c56404d1e3:0:0,dfd0462a3bf0a87564fb8f1ebf0915cc:0:0,4525f465fe4c5c9e9c8fe9c9c5261959:0:0,1f899ce77b2671501412cf9e5d26934b:0:907490982,52f98166604a853dd3e248178b5a4858:0:215373841
127,A,127,-0.002997908741235733,1.0268983840942383,nan,nan,512,0,-0.002997908741235733,1.0268983840942383,all_rows,512,0,0.0028560804203152657,0.05703125,-0.00206517418846488,0.5261275455355644,0.17129806498996913,20c719d56dba102c7f292756ff708de3:0:0,20040666a405e1de5d61d158819d7d64:0:0,0ef162eaf2b593ad180ffda51292fe63:0:0,40c549a3cb39cb43a371b60af7446f4b:0:2752046004,5aca6c72b6c66148414cd08151f3e56e:0:3591411822
128,A,128,0.03509386628866196,0.9580788016319275,nan,nan,512,0,0.03509386628866196,0.9580788016319275,all_rows,512,0,0.015237151645123959,0.0931640625,-0.002551659266464412,0.45847856253385544,0.16003441100474447,ba8fa853201509452e2e30fb231c49e3:0:0,855be8b2a285948118d5477be007a8bb:0:0,527b01d19d5289e4cb24dd06034c506d:0:0,bd69d0076ffb8095805c3b44d7a24b4b:0:3599200435,8960b31490ff9ce5b03baea7730f6170:0:4177280869
129,A,129,0.008935323916375637,0.9935411214828491,nan,nan,512,0,0.008935323916375637,0.9935411214828491,all_rows,512,0,0.022307388484477997,0.094921875,-0.002281110384501517,0.4908280149102211,0.15941139700589702,6c6a3183bfc96cc72b2e5cedcf0805e3:0:0,ac0061050cb380791befcdce46f1b1fd:0:0,c9f6dc06271ca753660fd9583462d34a:0:0,acd63685324b64ce572274a7fe40274b:0:1146716520,8e109822c051f60f80d4ae10c245b741:1:1078102057
130,A,130,-0.00724362675100565,0.8693684935569763,nan,nan,512,0,-0.00724362675100565,0.8693684935569763,all_rows,512,0,0.00980847142636776,0.090625,-0.005790889402851463,0.3758063718676567,0.15875824802787974,b0a052b4fad9d848a6bdea6b0333c1e3:0:0,02277bc97a96d8786cc3696aee006f53:0:0,9eb5349617f3177f117858a6e35b1b32:0:0,c2fdcf01323b77caea62b7906b1e034b:0:2022791461,3aba4d643194a5c32333a53cfe571176:0:3537135143
131,A,131,-0.05209609121084213,0.9891802668571472,nan,nan,512,0,-0.05209609121084213,0.9891802668571472,all_rows,512,0,0.013580001890659332,0.10234375,-0.0028394295834004877,0.487606343626976,0.15951223898446187,1d4227627c0f084e234158aebf9f7de3:0:0,dda1d553f2c310674293a85eb5d8e406:0:0,7680ee99c1abd412e1f755a90b7e5209:0:0,f685fd73fd068e38ef09995a1e3bdf4b:0:3429048655,159fb356cffd9d344ae421808fc3f611:1:721149078
132,A,132,0.09735184907913208,0.9394674301147461,nan,nan,512,0,0.09735184907913208,0.9394674301147461,all_rows,512,0,0.004428276792168617,0.0607421875,-0.0002653605304658413,0.442482103407383,0.15991175902308896,84f8388dfb03cf0d30ed66f5044b39e3:0:0,6b19fee5e4742e5588b5a9e7d62ace48:0:0,9709e727538436662fcb6308089890df:0:0,26994f8bd3cf5053e851ef611799bb4b:0:2355586128,7390c70fd0c9d969fe591b1cf71bce6b:0:2099343400
133,A,133,-0.048272423446178436,0.8909432888031006,nan,nan,512,0,-0.048272423446178436,0.8909432888031006,all_rows,512,0,0.008901311084628105,0.045703125,-0.0009053671732544899,0.3958542138338089,0.15984755998943,afdf015b3977236f29c71479d136f5e3:0:0,7263fcbbf1e633279c2105450101b47c:0:0,dc0e9e7f8dfdfe42b9c4ce9d1a4949ce:0:0,e322b12d77838ee203c4cf015737974b:0:3867028512,a7b545aee1ff58f9429e314bc6aa6b47:1:1922280089
134,A,134,0.03777952492237091,1.0215084552764893,nan,nan,512,0,0.03777952492237091,1.0215084552764893,all_rows,512,0,0.004286495037376881,0.060546875,-0.002985299308784306,0.5211420059204102,0.16029917798005044,1e7444e924204853eda3a0792662b1e3:0:0,17de969e114d3ad3dfa410752ecaa533:0:0,55f306b8a1cdc2e30163aaf9b3390097:0:0,d5968d140e3fee70f5398d96dd15734b:0:2013533849,a21b73f2123aac5ab845921bb39a1ef0:0:3919683762
135,A,135,-0.07175711542367935,1.0253411531448364,nan,nan,512,0,-0.07175711542367935,1.0253411531448364,all_rows,512,0,0.0048478650860488415,0.0248046875,-0.0007152047241106629,0.524358406662941,0.15891170996474102,7334bcc18d410c149e288a2f03ce6de3:0:0,92f9578d3ddcee00cc43b0714b05141e:0:0,171f51b767b8b7ad99b96976c6f0719c:0:0,9c7e882df68fe8d2d2d5c07da9334f4b:0:2696902991,33ab01e7cd631db3370deea4319b9f73:1:738216558
136,A,136,-0.06452513486146927,0.958317220211029,nan,nan,512,0,-0.06452513486146927,0.958317220211029,all_rows,512,0,0.008054633624851704,0.061328125,-0.004105799878016114,0.45498728603124616,0.15959767199819908,53b8ae99373220465acb90d7697a29e3:0:0,e0bd3ab06349e0d0fc0c05a2412f9cbc:0:0,686c9f935a606d1fd66ac22a651ae971:0:0,9ee741b29ce624daf10d3d11bb912b4b:0:1179577887,fad08bb91f85b1435d65c548ca716707:0:2664774599
137,A,137,0.13882923126220703,1.0319209098815918,nan,nan,512,0,0.13882923126220703,1.0319209098815918,all_rows,512,0,0.00837321113795042,0.0193359375,0.00010941303335130215,0.5318662628531456,0.15952920395648107,7827bb7a252589bcfcd2b3ae5765e5e3:0:0,b4e384712015a1374c3f8995bf078555:0:0,71454b989d4bf90ea343c5c5650277b8:0:0,d4d6194ba7a9245abea218af142f074b:0:2685347228,ae9b5e42aa2bde8640428bb0ad701990:0:3191925624
138,A,138,-0.0372975692152977,0.9273311495780945,nan,nan,512,0,-0.0372975692152977,0.9273311495780945,all_rows,512,0,0.00237105181440711,0.0537109375,-0.001431628270074725,0.43063598275184634,0.15878558001713827,dfffb9d2685b28cdd35431efcd91a1e3:0:0,745f69b0f218a77917edce8756f2e58d:0:0,b9f1e8dfd45c089d12514857d00f2901:0:0,254f700a0e30485ea0a4a8b1b30ce34b:0:2328032748,e632ab77351aabf9bf0624f585ed4193:1:2588393816
139,A,139,-0.008871665224432945,0.9479779005050659,nan,nan,512,0,-0.008871665224432945,0.9479779005050659,all_rows,512,0,0.005058057140558958,0.0765625,-0.0011887986678630114,0.44859611093997953,0.1586435409844853,65a7a741e00359d25f368ad7cbfd5de3:0:0,5b773d0e825b8b38fee32b564179f17e:0:0,825f614bac8b2aba0419dcd2729d8049:0:0,2f74283def0d2baace738275982abf4b:0:2621186293,d41763b5712a56bd8a083cda1b2a81be:1:4210785104
140,A,140,-0.031709861010313034,0.9000569581985474,nan,nan,512,0,-0.031709861010313034,0.9000569581985474,all_rows,512,0,0.004909783136099577,0.0642578125,-0.0019954277202486994,0.4040635466575623,0.16098279895959422,d75eb661a20badeb0f307da252a919e3:0:0,d908e430a4924576be774fc21659680a:0:0,e14d9360155cd10cb4ae82c57b633dc7:0:0,811753a639fd53782dbb7b56c3889b4b:0:4202022963,b82d0d21bbdb01be4dc6b9f1f5c4c4bd:0:3544266879
141,A,141,0.024281306192278862,0.8706216812133789,nan,nan,512,0,0.024281306192278862,0.8706216812133789,all_rows,512,0,0.009055867791175842,0.0509765625,-0.0018270078115165233,0.3787072256207466,0.1631193410139531,fc0830200311bc01fbc9098b6194d5e3:0:0,b1a01c2cfc6d4915f79b6f9b1f99fd1f:0:0,5bddf765878f341b6eee8754055b7232:0:0,c82306cb81e036712e77a8b13526774b:0:731819313,45193cced1c50a3ced3487488f50fd3b:0:4219720726
142,A,142,0.12232989817857742,0.9232391715049744,nan,nan,512,0,0.12232989817857742,0.9232391715049744,all_rows,512,0,0.003842991776764393,0.038671875,-0.0011774312471970916,0.41878889948129655,0.16361016902374104,255f4fac73b80a0da3576dcef8c091e3:0:0,b6e0a9d334a18ff7837e35aa7b5ad74c:0:0,2b4240bff7d971a863172568e901b2f1:0:0,db752bb78b0d99eea6f15fe0ed04534b:0:298933656,36d645f8b4ebdfd6eabb8bb01bc5ec39:1:2675893102
143,A,143,-0.06788448989391327,1.0152167081832886,nan,nan,512,0,-0.06788448989391327,1.0152167081832886,all_rows,512,0,0.010707429610192776,0.0689453125,-0.003871878725476563,0.5144144549965859,0.16552017402136698,cf826b4ea9990e93a60329a9182c4de3:0:0,6ff641277bef0acffb0643df2d7a6ba5:0:0,97c5266cb68e8832083f7e42a10e28ee:0:0,f1caed996a684574afc03641eb222f4b:0:3769482632,35cad8f2550d8f6d5cd40ef004038563:0:1349732598
144,A,144,-0.10356590151786804,0.9078047871589661,nan,nan,512,0,-0.10356590151786804,0.9078047871589661,all_rows,512,0,0.004643735475838184,0.072265625,-0.0016675352584570647,0.40822132527828214,0.16052891802974045,f7c2a3e4ca144a6b81c3fc55bfd809e3:0:0,4c12f8475613ea0a4e4bb02f3bed1649:0:0,1b54e6f33a8dacef5218fa508cb8d281:0:0,681af24449890c6f7fca01302f800b4b:0:2185349381,3cb0036b012736b339774e9768953098:1:206965646
145,A,145,0.055240511894226074,0.9306480288505554,nan,nan,512,0,0.055240511894226074,0.9306480288505554,all_rows,512,0,0.0013763228198513389,0.015234375,-0.0018138605169951915,0.4311657980084419,0.15910738398088142,f27cf8248d317ac14e61e510efc3c5e3:0:0,69d07f0bb960f9ac205bea70e2e8e31a:0:0,8577bf509a5c0f57c361b4bf9ace9736:0:0,7aa40dd5245e2e304842d607ba1de74b:0:2031035884,8c516af96406c418ce42819ce2913309:1:2966617826
146,A,146,-0.007488301023840904,1.0319337844848633,nan,nan,512,0,-0.007488301023840904,1.0319337844848633,all_rows,512,0,0.0022328300401568413,0.08203125,-0.0007329074898734689,0.5321979463100434,0.15972732100635767,41b2f81b8ed5e35879752316a7ef81e3:0:0,63d87b8ffe71081e2b83db7a3f4418a1:0:0,cafd3334feb267b73456933f9d2a1b47:0:0,b337702a149b0c2a10ad0a248afbc34b:0:2699683340,1ff1f93c6e967304946d780b4ab96970:1:3910613250
147,A,147,0.06024385988712311,0.9568831324577332,nan,nan,512,0,0.06024385988712311,0.9568831324577332,all_rows,512,0,0.007592749781906605,0.0634765625,-0.0031937597785145046,0.4558623418211937,0.16004900098778307,ec6470cb4487b10e826635a2e85b3de3:0:0,fd3f1e899ae4335e5f599ff804918292:0:0,978948306eeec2131d2665e2705d8b0c:0:0,f2227b33ff54366e92d932e2a2199f4b:0:263494933,1fe233a433ae5ceddca3dc29f07b23e1:0:428245983
148,A,148,-0.021030085161328316,1.0275601148605347,nan,nan,512,0,-0.021030085161328316,1.0275601148605347,all_rows,512,0,0.03416425734758377,0.1423828125,-0.00516505055129528,0.5268274888396263,0.16045517701422796,c1903f1d4dfb749db66ddbf1b106f9e3:0:0,650bfd1bbfef8e7333eac88c87f6b86b:0:0,088e3a7f9b936a84292ae1d4b82531b9:0:0,43d57c89b923ce6b16e6259dff777b4b:0:3038795059,276a90c87980439ae6359d260aaf208c:0:2338369414
149,A,149,0.0018992051482200623,0.9636147022247314,nan,nan,512,0,0.0018992051482200623,0.9636147022247314,all_rows,512,0,0.004650733899325132,0.049609375,-0.00028500668704509733,0.4639471724629402,0.16060536401346326,71810ccd16a7b59fec95153f01f2b5e3:0:0,5622301e59d78d11fb1f44210dce500c:0:0,8126d3ff149a4e210a553a5e16714998:0:0,92396c01f5323fe54f40f7b2a315574b:0:895645322,cec116159f506f7328291fa3b7cb6bbc:0:20366611
150,A,150,-0.03898557648062706,1.0957645177841187,nan,nan,512,0,-0.03898557648062706,1.0957645177841187,all_rows,512,0,0.005254823714494705,0.05078125,-0.0032886939588934183,0.5995388552546501,0.16262982203625143,24e30943fe9a9dd141b520c6db1e71e3:0:0,c30f7e74fbc6210e9e03285c265eaf9a:0:0,16ebe91a5026fbd12d452d8f4a040917:0:0,13d79477937f503834a4fe7c8cf3334b:0:846673568,d71533987b2c62dafa542dd6654b8414:1:150106355
151,A,151,-0.03364270180463791,0.9859129786491394,nan,nan,512,0,-0.03364270180463791,0.9859129786491394,all_rows,512,0,0.010074092075228691,0.0298828125,-0.00254376120865345,0.48504171669483187,0.16524412902072072,db51bbc580cdbc92d4777dc53c8a2de3:0:0,7a26becb90773f46da7bdf970f78c32e:0:0,f335c87d51151f2f0b78226cc9d6cfe8:0:0,8ac2ab3a22c783d0e21bcf57bd110f4b:0:1744151334,9b734c90a5dfe86b74993ec52b265cf3:1:1446766290
152,A,152,0.06858796626329422,0.9818337559700012,nan,nan,512,0,0.06858796626329422,0.9818337559700012,all_rows,512,0,0.005460364744067192,0.0486328125,-0.0008357433602213859,0.48226684927940366,0.16285315598361194,0ad8d3a90d33e2ad8155eb762635e9e3:0:0,2aaf979eeccafa37f45ec2f1fc580a4b:0:0,af6c6e09d198fcb362cfc1ed77644483:0:0,57d9560aaa61d9eb70fd3fa0336eeb4b:0:2039808313,649fceb90beeb649506313eb9f8112e0:0:936531098
153,A,153,0.008062987588346004,0.9989048838615417,nan,nan,512,0,0.008062987588346004,0.9989048838615417,all_rows,512,0,0.008403698913753033,0.0646484375,-0.0028882270213216542,0.49804009348154066,0.1613261720049195,5f885ebf8cbd16549e9a69159821a5e3:0:0,5bf95cf8c495441d2c138117442658a5:0:0,0eb5ad365432f7e93695530642990f12:0:0,82be76e31071de8fd4ef64b1f00cc74b:0:3766294980,e00402e29b8bbb0d07d51b57c3411fcc:1:3508122968
154,A,154,-0.09056603908538818,0.9803932309150696,nan,nan,512,0,-0.09056603908538818,0.9803932309150696,all_rows,512,0,0.01371190045028925,0.0744140625,-0.0014564056415110826,0.4807385191321373,0.1638916310039349,bdfc0d62c58c9f68b85f35df924d61e3:0:0,ed5e7a4f5b8f63f1f6af1cc2b02ea404:0:0,caa5e73b09e28fb20756f9a7634196df:0:0,8203c824b0ca12ceb7e693e8f2eaa34b:0:1109438853,a492ad9594a9ecfcf8e67459d86a78e8:1:3861275082
155,A,155,0.026992199942469597,0.9588205814361572,nan,nan,512,0,0.026992199942469597,0.9588205814361572,all_rows,512,0,0.007279542740434408,0.069921875,-0.0025039497297257183,0.45891060680150986,0.1622218429693021,75ce270d159d2bfa4c8ed11014b91de3:0:0,a841229c4639208ee7903c3474ace815:0:0,fc59436b78cc07e33efd4fac7621b646:0:0,2fbf6328f8daab3e562562a13c087f4b:0:2393846592,de96a21072c54c4b8c42813596352dd9:0:2823179209
156,A,156,0.05578412488102913,0.8751329779624939,nan,nan,512,0,0.05578412488102913,0.8751329779624939,all_rows,512,0,0.014235884882509708,0.0763671875,-0.0035738450940698387,0.38208872973918917,0.16206974600208923,89a189b83a0f0d0c86e3f9e31f64d9e3:0:0,2ffbed8891af9b1ae01e1d1b16109bd3:0:0,243fdad93a3e33d19e40ec11ae9a33e1:0:0,535cb68d1d08a4b75a3ca636cb665b4b:0:4026515606,8070d27cae3e6083e2f619355373ae6e:0:4249734893
157,A,157,-0.07662974298000336,0.8570888638496399,nan,nan,512,0,-0.07662974298000336,0.8570888638496399,all_rows,512,0,0.011336670257151127,0.116796875,-0.0030223823618143798,0.3657722622156143,0.16203771904110909,c1fa81a2195c8b97fce9af94b25095e3:0:0,e8c37ca12091521c56e6312550be06a8:0:0,a99798703bc3ae529fd5e22af53bb6a0:0:0,e82d38f03bc92f51b90b7405a104374b:0:1234386278,3a88342dd57c3c4988390f0c631fe151:1:1952631492
158,A,158,0.08737307041883469,0.876244843006134,nan,nan,512,0,0.08737307041883469,0.876244843006134,all_rows,512,0,0.01832980290055275,0.1390625,-0.008933906629681587,0.3842023864388466,0.16090289497515187,8ec47676c6b055cd69fb3160cd7c51e3:0:0,c3ab55b5636f67d8e611274ddb89d864:0:0,6c4598a0f30d205dfb33df21b2590648:0:0,2f4cc83982dd6fa18dbf2169bce2134b:0:2639552125,1aab50b5989d1a661271fd7116345de9:0:1008954039
159,A,159,-0.02494339644908905,0.9545941948890686,nan,nan,512,0,-0.02494339644908905,0.9545941948890686,all_rows,512,0,0.035220496356487274,0.174609375,-0.003762676380574703,0.4556409031152725,0.16224707203218713,3162563f349a04986b43fe8370e80de3:0:0,5f0a8cd842f8576c238fdb98f33c037e:0:0,86c19d853feef1827467f99ef1d1d134:0:0,111924da2b0a9633f5d343bf1effef4b:0:2387388022,1acc54566eb004d2a6ddb220e79adc87:0:1458587545
160,A,160,-0.013916360214352608,0.9485194087028503,nan,nan,512,0,-0.013916360214352608,0.9485194087028503,all_rows,512,0,0.015693608671426773,0.0908203125,-0.0034061421640217302,0.4491875499486923,0.16269301396096125,eec14dd44d5cb9623bbfd6389c93c9e3:0:0,ebca5f66a6be275896f61af1caef3351:0:0,e12a85b0f75028d9e1a8a13baea8249b:0:0,bd0353dd5eaa4d4bed11b061c75dcb4b:0:3346609135,a9ddadf45c996d5946d916a3b6f9de06:0:3589969964
161,A,161,0.11870680749416351,0.9926416873931885,nan,nan,512,0,0.11870680749416351,0.9926416873931885,all_rows,512,0,0.012822069227695465,0.1033203125,-0.005712898005731404,0.48754994571208954,0.16109157097525895,c658c1f66713d414703ab7bc507f85e3:0:0,3e585f3df96b6061f5af7a636bb800fb:0:0,ae199b4aff657e0d13efc169959c8561:0:0,3c24e9f65f6f7cdf29927cadb5fba74b:0:3072863085,b01fbbcc788710c75243bd4611303c1e:0:1755749234
162,A,162,-0.04975976049900055,0.9352214932441711,nan,nan,512,0,-0.04975976049900055,0.9352214932441711,all_rows,512,0,0.006767661776393652,0.0228515625,-0.000610538199543953,0.4372351557016373,0.1613858290365897,088f9b8949e9c15bb350e24a8cab41e3:0:0,f422582926271ad1435a25bbc745f2e7:0:0,e34e3b624e01e04ebe9db024025f231f:0:0,3202551b7fbb64d2f7bbfdfeead9834b:0:2040290202,140bbcc25bd1a0804c96359f650ae71c:0:3804556362
163,A,163,-0.14550863206386566,0.9808245301246643,nan,nan,512,0,-0.14550863206386566,0.9808245301246643,all_rows,512,0,0.0023139980621635914,0.0953125,-0.00013438153546303512,0.47547475397586825,0.16106773202773184,cce5d4d53e9ce12a816ed51f5116fde3:0:0,ff768fd5f92534a7bf0725fe0f14bf61:0:0,3b5c851b32cae4e884f7138a4fb657d4:0:0,b57e299ac3df0d791642c9b165f75f4b:0:22884674,b4cc59742f6ac10a2514b1321b4057e1:1:1110548820
164,A,164,0.14428487420082092,0.9855311512947083,nan,nan,512,0,0.14428487420082092,0.9855311512947083,all_rows,512,0,0.005809694528579712,0.0474609375,-0.001265020528808236,0.4881327450275421,0.16084999800659716,5ec1cd0ddb8e857be4d14f769dc2b9e3:0:0,99ccbdf18b6bc1f572ae96c659d6be8a:0:0,ec65c5de7e1bbb191d0d3c9048a4cc5d:0:0,687842f33fa50e4c9229b52127553b4b:0:1007501822,9e90fb08e39c28b62b95576fc2348327:0:3460518231
165,A,165,-0.0443863645195961,1.0029280185699463,nan,nan,512,0,-0.0443863645195961,1.0029280185699463,all_rows,512,0,0.008967370726168156,0.05234375,-0.001307267788797617,0.503096355497837,0.16650743398349732,e71b3abf869809563185508c72ae75e3:0:0,720e53f83f2e734d79b304018e4a619f:0:0,31b555e2bd78f97a9245f513d18e4b02:0:0,2526301c847faaeea2c1d5aa2ef3174b:0:3536057330,7fb1d7cdef2c160681b228b5bdc2e820:1:2782788685
166,A,166,-0.033402975648641586,0.997819721698761,nan,nan,512,0,-0.033402975648641586,0.997819721698761,all_rows,512,0,0.0022020628675818443,0.0494140625,-0.0013116281246766449,0.4980149775743484,0.1646430809632875,89b1a524e1e2000dc168179ccfda31e3:0:0,3ddc6b328859d81b3f06a03e07309386:0:0,7a5fe3fa1ba84a705e11a509a46fc5e7:0:0,2320e643b4b7466385aa80a87cd0f34b:0:682003046,d07ff6cddaf0ffb0a875b635cca04037:0:2752479589
167,A,167,0.0473615825176239,0.9484274387359619,nan,nan,512,0,0.0473615825176239,0.9484274387359619,all_rows,512,0,0.005804811138659716,0.04375,-0.003751868847757578,0.44866997450590135,0.16430950997164473,864a17c599f97cc7b02723e3b545ede3:0:0,cf40f3f5645cae602606ad92496d7e5d:0:0,99f709d155794d675bd26e57b1a346f8:0:0,c1ae14640ff52c8f5ad14b7810eecf4b:0:1595678491,69333c741a0a1eb02591858ce09c3bf8:1:2777240083
168,A,168,0.020369328558444977,1.0088201761245728,nan,nan,512,0,0.020369328558444977,1.0088201761245728,all_rows,512,0,0.009537543170154095,0.0515625,-0.0020486172288656235,0.5081099137663841,0.1650310709956102,59d74b204b5f723c9740349d22f1a9e3:0:0,5bbaa7bcb2c573ef715b68cc406076b3:0:0,749d09350e6e0841c56f8c6cdbb001e5:0:0,9731ad7f0d86b1f300720b74eb4cab4b:0:1597395157,604be450c0eeb24676698d6aa4fc4e3c:1:318536214
169,A,169,-0.007658164948225021,0.9599725604057312,nan,nan,512,0,-0.007658164948225021,0.9599725604057312,all_rows,512,0,0.0011750832200050354,0.00625,-0.000813535787165165,0.46057724952697754,0.16395307099446654,00b0c08175ce2abb4a01490518dd65e3:0:0,e899794d43361aa51745931ae1989339:0:0,ceb37fbcb0778b6f5d6cb3b5767933ad:0:0,6536569658b4a9a8ef16d5fb0bea874b:0:2937549253,f295dfb0e4f15d2fb73ae575248a954b:0:1525918812
170,A,170,0.031411223113536835,0.8477842807769775,nan,nan,512,0,0.031411223113536835,0.8477842807769775,all_rows,512,0,0.010051818564534187,0.0498046875,-0.003968226537108421,0.35807921141386034,0.16249326698016375,02584e89b370d86b9188a057970921e3:0:0,dbdd4df2b2d0ca1a20fd893ae639e735:0:0,2acb33d1a5b3a0365a17bb764ff7377c:0:0,835958e8438b31a21598006672c8634b:0:826495721,dc9f64d5e3a2f3301755419763105278:1:2487911681
171,A,171,0.015701251104474068,1.0444461107254028,nan,nan,512,0,0.015701251104474068,1.0444461107254028,all_rows,512,0,0.016879413276910782,0.1228515625,-0.002106566587463021,0.5448595240712166,0.16092697001295164,81025745aa493dd0e8c4b9d09d74dde3:0:0,8ee5be40478d271352b2878b4ff48806:0:0,97d9701b30d98f5b07d49843314620d1:0:0,9fe0884d846dd522b51c20131fe63f4b:0:3174504404,9320ff67aeecd1f88226c46e7ea6f195:0:2634326534
172,A,172,-0.07211682945489883,1.0763425827026367,nan,nan,512,0,-0.07211682945489883,1.0763425827026367,all_rows,512,0,0.009663541801273823,0.116015625,-0.008969993214122951,0.5778720065951347,0.16081484401365742,cb63581a6dff6e8d387454ac2c2099e3:0:0,73957e88f68f06ad4248bd84e39a0337:0:0,fbc7440739ce0522762b989f095aa4d0:0:0,c11638f552d4057f3d180a5d13441b4b:0:849887632,4c6b0f19ac3fa4fd5bb5b8060a742741:0:1886880507
173,A,173,0.021425602957606316,1.005770206451416,nan,nan,512,0,0.021425602957606316,1.005770206451416,all_rows,512,0,0.026105323806405067,0.099609375,-0.0021157282404601573,0.5052380084991455,0.16069028299534693,8e6db7294857a86393267026430c55e3:0:0,0918cb132d51b59ac7494abcb1d8c549:0:0,37df0724fc78ab29ceca27ef390c4ccd:0:0,a4f8e71b3789e919274ed4a04ce1f74b:0:3720197135,edf1d4816f93c074695d7dbba2e15203:1:2509580121
174,A,174,0.0722339004278183,0.9666621685028076,nan,nan,512,0,0.0722339004278183,0.9666621685028076,all_rows,512,0,0.010525725781917572,0.068359375,-0.003759258333593607,0.46618246734142305,0.16233079397352412,66eca12e1e8a447af13a4b7ae23811e3:0:0,f9aeb25ab01b65929689bf44fd445a15:0:0,86b5104af75527887cea80a82fd4292a:0:0,5b9996b024d1809bd3d1d438ccbfd34b:0:3108979233,bf2a3245e2c694b76c05545e11057495:1:3426215815
175,A,175,-0.012233946472406387,0.9591480493545532,nan,nan,512,0,-0.012233946472406387,0.9591480493545532,all_rows,512,0,0.004365487489849329,0.0455078125,-0.0014834087807685137,0.4590249046683311,0.16330518602626398,e084763be9b9c0e0ecdf65e609a3cde3:0:0,a08a04daa7cc4f2c7b7f2a301ab399e5:0:0,bb02d758ffcf646a5ffb6b87d37a40c8:0:0,a9ed304eaac0227965009e8292ddaf4b:0:3004041059,114ea4a8b16dbd397d87bab24610946f:0:1724682721
176,A,176,-0.11376851797103882,0.9743703603744507,nan,nan,512,0,-0.11376851797103882,0.9743703603744507,all_rows,512,0,0.000996856950223446,0.0376953125,-0.0005700414534658193,0.4693668827414513,0.16348735697101802,90d6ab1af8c2e24c7e157ea3b94f89e3:0:0,d03c0aaf588bafd98b22225755f758f6:0:0,509c2f7597df3ab672b61da838185c25:0:0,cd1a3c305c344ca79b8908d99f3b8b4b:0:1721579617,3e56d3911e75459e5f85ce41cf65da54:1:1066714022
177,A,177,0.13954448699951172,1.0648229122161865,nan,nan,512,0,0.13954448699951172,1.0648229122161865,all_rows,512,0,0.005461348220705986,0.0740234375,-0.003312325431033969,0.5669290587306023,0.16516499902354553,9a96286cf1a2ee20b6ac94eff13b45e3:0:0,8972ed64c7748d6c696880d74fb351ca:0:0,751655be4f7a4b48162545262d5dc4ea:0:0,ffad5338b8bfcc9cb2672899f1d9674b:0:2610231106,858a008dc98c5ed46ee05f6633cc0c5c:1:4246743364
178,A,178,-0.08312640339136124,0.9910020232200623,nan,nan,512,0,-0.08312640339136124,0.9910020232200623,all_rows,512,0,0.021463818848133087,0.1400390625,-0.0032343415543437002,0.49024066179990766,0.1635807619895786,2582101ac8affcaf7e44e806b16701e3:0:0,2d999a480fdf1b403d31490b21f5c4f9:0:0,e71d44bc7265060896ce0b05f73ce72c:0:0,10db71882fe23d8c3ae5531f8ab7434b:0:1923342889,cc6904e9b5bf269166d5fcbcc400bcd9:1:2668277303
179,A,179,0.056580886244773865,0.9862516522407532,nan,nan,512,0,0.056580886244773865,0.9862516522407532,all_rows,512,0,0.007568161468952894,0.084375,-0.006026581698097289,0.48534314781427385,0.1608354009804316,e5bf6cf123df63bc4e4ef723f9d2bde3:0:0,d54ed7cec4b7283ff7b37a15d2cf4274:0:0,1249ce621983646a366ecb46d7844fdb:0:0,d852056811efdce3f89c1dc669d51f4b:0:945994208,dcaa9501c0122f3620bc24794378f17a:0:761458950
180,A,180,-0.09764140844345093,0.9224382638931274,nan,nan,512,0,-0.09764140844345093,0.9224382638931274,all_rows,512,0,0.005978678818792105,0.023046875,0.0006057506427168847,0.4255590185523033,0.16073924698866904,4f26a7afe056393eee0b8183ca7e79e3:0:0,1ef78ec48607f447d814517379dccc0a:0:0,2479c91e20e59cfecad30c871d833982:0:0,bd4920be8300b508bd725dea8f32fb4b:0:4205320292,8abce8b518abf1f89783980974e43d62:1:454292262
181,A,181,-0.015566740185022354,1.0805492401123047,nan,nan,512,0,-0.015566740185022354,1.0805492401123047,all_rows,512,0,0.009979973547160625,0.06015625,-0.0007411727914586663,0.5809078171849251,0.16489658097270876,300fb031b07fee662e8b8662236a35e3:0:0,d4f9a9cc4acd9666e4c7253b89293aa4:0:0,270c7b89bece637f45fa0e103a247208:0:0,4bdc9a97c4441e53459d28e7fad0d74b:0:843449232,4b4660926a31f8c9f745e043bc0c8f30:1:1576955648
182,A,182,0.02109508402645588,1.0004061460494995,nan,nan,512,0,0.02109508402645588,1.0004061460494995,all_rows,512,0,0.010420801118016243,0.0638671875,-0.003361301962286234,0.500375509262085,0.16430801100796089,d33798b108e702daa6b044fb0495f1e3:0:0,d445023239fc1cb1306d0725e00744f2:0:0,c8efb3017e85fd224774641eba33fd2e:0:0,565d31b06814964d139fd41aacaeb34b:0:3509072430,e7f0e9c019c68696e2c4843933c7bfe4:0:2587294869
183,A,183,0.024037931114435196,0.9215182065963745,nan,nan,512,0,0.024037931114435196,0.9215182065963745,all_rows,512,0,0.0031550375279039145,0.0494140625,-0.0007274621166288853,0.4226151317358017,0.16367845999775454,19c3ec8fd20bd0416f2b3c8a6e01ade3:0:0,20918ed4b4f2cf9740758407d43973c1:0:0,45db25cf7fa05084e9a2c6a4bc72aaab:0:0,c792e04a4527ed2d4c4bf4dea4cc8f4b:0:2320134389,55142d0042b76edd27854d77276000d5:1:3144696724
184,A,184,-0.054163217544555664,0.9369322657585144,nan,nan,512,0,-0.054163217544555664,0.9369322657585144,all_rows,512,0,0.011313674040138721,0.07890625,-0.0017721216194331647,0.4358581677079201,0.161680763005279,e56b536795756dfede7e2c4c5fad69e3:0:0,7009cd8050d943bc709bc51a11743b75:0:0,70a944edca83b5f5113cfb643d666ef1:0:0,7d0d8cf43d37c99592c1608fe32a6b4b:0:3158001085,c45547531daf74498621054c4318dc29:0:554676059
185,A,185,-0.037290725857019424,1.0281745195388794,nan,nan,512,0,-0.037290725857019424,1.0281745195388794,all_rows,512,0,0.01940828002989292,0.102734375,-0.004483064613305032,0.5267189905047417,0.16154089802876115,4fa814881c38ad3944fb137cd99925e3:0:0,2aceed6175976e17e111033f50383746:0:0,75d7f5614abe6eef4b06a0abeed91f38:0:0,a3e11b4b2b7e828ee46e2c8a67c8474b:0:3243030213,a06899e470ac7d629d19cff2e2ecca2a:1:378683575
186,A,186,0.06046139448881149,1.0292816162109375,nan,nan,512,0,0.06046139448881149,1.0292816162109375,all_rows,512,0,0.00461267214268446,0.0212890625,-0.0025395961478352548,0.5302798211574554,0.16155707102734596,35cfce6ab5312d1ba8c43157dbc4e1e3:0:0,9d29da0dbc75ec191213e48fab098f1a:0:0,044f210132d41e4d1b9c058cdb21e355:0:0,8cc593188f644fc6750eae2a32a6234b:0:1471696273,2c1a8a532c82fc6ed860ea114e974b49:1:3841888076
187,A,187,0.01146627776324749,1.0614104270935059,nan,nan,512,0,0.01146627776324749,1.0614104270935059,all_rows,512,0,0.00918775424361229,0.0640625,-0.004431100096553564,0.5626174882054329,0.15968735801288858,3b3c31009928875881cc051966309de3:0:0,33f7ba0f358b783e6f6c61678f576172:0:0,8e5b762aef5506e2775c09895e8a9ada:0:0,24cba391c7b8d00a8aad7acb43c3ff4b:0:2698457964,b973705f0d0c02a336bbcebf527288e2:0:4219567610
188,A,188,-0.061398595571517944,1.032961368560791,nan,nan,512,0,-0.061398595571517944,1.032961368560791,all_rows,512,0,0.00100109598133713,0.021484375,-0.00031280671246349814,0.5339869946241379,0.16082514898153022,329ac123232794ec75d54dfd78dc59e3:0:0,31d4529bef79fab88868203198c8b1a8:0:0,ae6bf2d2882000fb21911e1cb10b27e5:0:0,9be933d8f2d4e60759a367c99b21db4b:0:1168626933,1ed0153274561c35ca5d692689b05255:1:3249085176
189,A,189,0.13754484057426453,0.9759270548820496,nan,nan,512,0,0.13754484057426453,0.9759270548820496,all_rows,512,0,0.003138262080028653,0.0947265625,-0.0030193061335012316,0.4762652859091759,0.1595319709740579,8e3d9eccd32dcb2114730b4013c815e3:0:0,6926c4cb88a3c08a24a5e017b715fd16:0:0,9af14dd25789fa24bbad293640b0649c:0:0,a8d0f93ec800eb43e0978a8138bfb74b:0:4026281943,2e3f0c63cc65948a9aaaf00afd1c262c:0:1423348415
190,A,190,-0.050461430102586746,0.9414981007575989,nan,nan,512,0,-0.050461430102586746,0.9414981007575989,all_rows,512,0,0.005513894371688366,0.0333984375,-0.0036216875072568656,0.44329982399940493,0.15913875598926097,ad24f722518ab0cf93087c1d36f3d1e3:0:0,c10fc366daab9725adca035c40709bea:0:0,1931988254cfe4daab00a8042a1e8e34:0:0,b0132f22fe7b395ec47f384e1c9d934b:0:1993223786,452f8c3b38bd1f43abaa84e160678222:1:1320220482
191,A,191,0.03153304010629654,0.9540188312530518,nan,nan,512,0,0.03153304010629654,0.9540188312530518,all_rows,512,0,0.007618244271725416,0.016015625,-0.000667300564236939,0.453611920773983,0.15951259195571765,3fb036b2e9156be388c91fd0e25f8de3:0:0,8a1bf3c026ef3fc3a49c7c6c6882ff84:0:0,3fdac104c53e6bfecc3582bb494532a4:0:0,41ac8baf167b098b2c9e068c46bb6f4b:0:1723886898,f42a1a52edd18103e87f1db1847a4600:1:3802677019
192,A,192,-0.017731375992298126,0.9265294671058655,nan,nan,512,0,-0.017731375992298126,0.9265294671058655,all_rows,512,0,0.010050153359770775,0.0484375,-0.004591772775165736,0.42902161478996276,0.16002041497267783,3bb737b82e7e671daab8b597160b49e3:0:0,53520f4e1e86194202a2a0a06ded7269:0:0,99778be8008022257260fecaf210d019:0:0,4a2b6805988baa4d9e85ca97b7194b4b:0:3091313963,4ea2e842c2b57c7b91c5da74f076f769:1:1902271468
193,A,193,-0.03758704662322998,1.0358821153640747,nan,nan,512,0,-0.03758704662322998,1.0358821153640747,all_rows,512,0,0.005699460860341787,0.0451171875,-0.002981680119410157,0.5354086831212044,0.158775553049054,94768b7ccaf7101687ab3cabd1f705e3:0:0,a805989e21ea904ad173374a04556d39:0:0,5e2f4793d91c86e786a06af704029b23:0:0,61b1c9de1f9c0b78da1699cc6db7274b:0:724317115,c5b33e672f695133984be1715ad94535:1:1871395544
194,A,194,-0.039386022835969925,0.8494950532913208,nan,nan,512,0,-0.039386022835969925,0.8494950532913208,all_rows,512,0,0.00746479257941246,0.0376953125,-0.00416359631344676,0.35892442911863326,0.15903613500995561,cf7e9d72a06bad814444f44b1622c1e3:0:0,23ca7d75b176d934c386695648865fc4:0:0,fae10d3cdff444177e7405a7faadd41f:0:0,39958fe4c21ea06ab57ec9866a95034b:0:2357605293,28dbcc6a4116dd53bc9f5d06d459535e:1:2204438820
195,A,195,0.11262957751750946,0.9359872341156006,nan,nan,512,0,0.11262957751750946,0.9359872341156006,all_rows,512,0,0.005638686008751392,0.06328125,-0.006005275901407004,0.43738692849874494,0.15931031003128737,44f3c9e0bd8b4dae56fa5bb0e28e7de3:0:0,057ab0a57675a3626dbc5731d7b734d5:0:0,bfc2ea329652f4d67818581d7069ca8c:0:0,af767191ae959888f93aef21adb2df4b:0:3590350056,3c2cf40bde51933c5651cd3d6b7f3a38:0:1376310522
196,A,196,-0.007693534251302481,0.8677042126655579,nan,nan,512,0,-0.007693534251302481,0.8677042126655579,all_rows,512,0,0.009238539263606071,0.1615234375,-0.0005339474417269229,0.37506089359521866,0.16022540297126397,07259971d7d9cd4e44103219373a39e3:0:0,590ada32cdaef119af524016c5f7ee61:0:0,809101f2f16755e9f3ead5b4a18b31b4:0:0,e893ce8c0fe76dfe3c15dffa3710bb4b:0:562322830,4a249f941b02855ef8a53772240488f0:1:2204871840
197,A,197,-0.10888180136680603,1.0156015157699585,nan,nan,512,0,-0.10888180136680603,1.0156015157699585,all_rows,512,0,0.0039055123925209045,0.068359375,-0.00325185771798715,0.5125775039196014,0.1592416550265625,bc15264c4207f674599b76c01425f5e3:0:0,597b978e36b265cd080a485e75b824c2:0:0,9b96198ed181579a82e50bad57a448f2:0:0,703a71098dd7cab6bf28b16c06ae974b:0:3080052700,e77606da7b0323d9f333c22b0e9fbe46:1:585267386
198,A,198,0.10831358283758163,0.8613573908805847,nan,nan,512,0,0.10831358283758163,0.8613573908805847,all_rows,512,0,0.012170666828751564,0.1228515625,-0.00531808715313673,0.3727223888039589,0.1596097569563426,cb2e3ebc94cdb7d96b8168e17951b1e3:0:0,929125f5c9e23730958185eab64ff366:0:0,3b23e85649ecc23252a687bcea44244c:0:0,0e8c69f9fe00c39d49dab8d31c8c734b:0:3370834469,fd1ae318b327ff079e1b2518c4582bad:0:3322121216
199,A,199,-0.04498906433582306,1.0124305486679077,nan,nan,512,0,-0.04498906433582306,1.0124305486679077,all_rows,512,0,0.024228310212492943,0.10703125,-0.003950938861817121,0.5125088512897491,0.15897275001043454,ca7c24dc8082745e8f7787b966bd6de3:0:0,ef1bc21114ce038040311508ef4a37b5:0:0,426b0312b9486d62ad998cd06dfcd3ae:0:0,4feb0d2d19a86a1805e18b8b78aa4f4b:0:1152018753,f7310d5b6e2b0380f89c9f417e4a1bd0:0:2104266960
200,A,200,0.04321311041712761,0.8816832900047302,nan,nan,512,0,0.04321311041712761,0.8816832900047302,all_rows,512,0,0.0016512821894139051,0.0388671875,-0.002353068720549345,0.3884640246629715,0.16323775798082352,b941d1ff7daf6acfd9039283dc6929e3:0:0,6dee87cac283d0a9a10e531db3386044:0:0,304b88f734eb8c5f74640909431a132b:0:0,e72ccefe4cceb3c55b40fef11b082b4b:0:907544491,3b3736a59e58ccf8f91ac8ec8e983ed1:1:3366389943
201,A,201,-0.023464027792215347,0.9151867032051086,nan,nan,512,0,-0.023464027792215347,0.9151867032051086,all_rows,512,0,0.006638733204454184,0.09765625,-0.003507875744253397,0.4187783434987068,0.1605456779943779,fa56680f52d835e7157b887cda54e5e3:0:0,17185c11dc8319d68306c7c53346f054:0:0,b7fcce2d012c4864f8a2e4345cf73d9a:0:0,9bc65c70f2cfb878cc4b286003a6074b:0:1137026812,3c43fe2a3eac01e96a3db4605aa80e2a:0:528919804
202,A,202,-0.025788558647036552,0.9298526048660278,nan,nan,512,0,-0.025788558647036552,0.9298526048660278,all_rows,512,0,0.004758611787110567,0.034765625,-0.0017468364909291267,0.43131555467844007,0.15955071098869666,cf38fa62a5b5648e8805a8e06080a1e3:0:0,7c6b62510cdfa52785b6683940be816b:0:0,c88c69744c9503fbe7c00747c6b361d1:0:0,b767ba0594f64677d1a05d343283e34b:0:965555117,1595b62fea230b2d8287b0771ee56073:1:4105736242
203,A,203,-0.04680448770523071,1.0198167562484741,nan,nan,512,0,-0.04680448770523071,1.0198167562484741,all_rows,512,0,0.005054152570664883,0.0412109375,-0.0019079148303717374,0.5172047674655914,0.15843394200783223,f5bb12f80e1d2a63a59872ea6eec5de3:0:0,c0c1edef0ed9c2657701621b5829c4b2:0:0,1aa1fb45fd9e5b30dedd71a05c1c0a14:0:0,4a8384eeff5accf6b62f32c9a7a1bf4b:0:3706683179,60799ac4f41dfa20b1b311eb673bbba1:1:641827281
204,A,204,0.03335291147232056,0.9908872842788696,nan,nan,512,0,0.03335291147232056,0.9908872842788696,all_rows,512,0,0.006028878968209028,0.0298828125,-0.00051154182292521,0.49070941358804704,0.1587126809754409,a5a7506060d62879d0faa5d7059819e3:0:0,1b9c7042426c6786e09f91fe188f14fd:0:0,016dda6cb23401181498f2b162da1ae8:0:0,8b079dac406a9cd573347e7c62ff9b4b:0:145048039,92ef9bd28e81b8874108c01377b2d74f:0:529741564
205,A,205,0.06243329495191574,0.9750509858131409,nan,nan,512,0,0.06243329495191574,0.9750509858131409,all_rows,512,0,0.006174061913043261,0.03046875,-0.0017913893796503543,0.47535237967967986,0.15846078004688025,2a292c0328904e5d16c340e22483d5e3:0:0,670f4e78417e747979a3b21d724a7018:0:0,edf3a30b60e35fed7b08646cc061e258:0:0,6a7b8a6ae7737f9c8c3b55a8649d774b:0:4219614713,ffd534b7db4acaad5ba1190f1666088f:1:1223187313
206,A,206,-0.08762671053409576,0.974750816822052,nan,nan,512,0,-0.08762671053409576,0.974750816822052,all_rows,512,0,0.007949214428663254,0.031640625,-0.0028614590875804423,0.4761406496167183,0.15913208102574572,5c3467c8833fd354e9598347cbaf91e3:0:0,dc157f3b4207263e8b5d28938a8aa5c1:0:0,6818dc8422c5c80fd237b84c15854176:0:0,af01c2f3168fa4b9eb1d0da9ac7b534b:0:3948371614,4a3de3c0fc3a7a2c2549454c26dd94d4:1:4223540189
207,A,207,-0.07443903386592865,0.9991602897644043,nan,nan,512,0,-0.07443903386592865,0.9991602897644043,all_rows,512,0,0.010406468994915485,0.11640625,-0.0064890224020928144,0.49701062887907027,0.1589854620397091,fffdcd93da1647e6dcf4ec43fb1b4de3:0:0,32a52f327483c5913eb89f7936239d48:0:0,5b4ed4cfa72639f49edf1f01ec33b702:0:0,c39dd73d3c4de4fdbc013bdc3a992f4b:0:3974170324,2c3d9b0c3f18037a921e84bffa9cd590:0:3713516643
208,A,208,0.14757436513900757,1.0227406024932861,nan,nan,512,0,0.14757436513900757,1.0227406024932861,all_rows,512,0,0.013097335584461689,0.16875,-0.0029692159965634345,0.524412252008915,0.15902672498486936,2003d25b2a55bf99639d3b12b2c709e3:0:0,c253443ccac1fa60fba7b181d65165c2:0:0,5d57ca09f5e94de7e4a0427907594af3:0:0,7de1fd2f89725c57495db59c0ef70b4b:0:252358200,476ccccf663203c6887262cb09a0d59c:1:1798137743
209,A,209,-0.07183405756950378,0.9722632169723511,nan,nan,512,0,-0.07183405756950378,0.9722632169723511,all_rows,512,0,0.000497260713018477,0.0234375,0.0003568040207028389,0.47321089208126066,0.20335602399427444,9c6c5206d53a12f6892a6eeff2b2c5e3:0:0,852c5b1a5eccdb4764e30a0cdd89eedb:0:0,0b6910843e5d490b52189c35e8eb63ca:0:0,a803095f772b59d1d7f690452994e74b:0:1184346095,6487de23f0e132907f62b92adc4a6861:0:1437431949
210,A,210,0.028719348832964897,0.9181689620018005,nan,nan,512,0,0.028719348832964897,0.9181689620018005,all_rows,512,0,0.007829095236957073,0.09375,-0.006614907761104405,0.4215354353189468,0.15666565101128072,eddcf8a62d3439ceaf44c717bade81e3:0:0,cb1ecdde5cdf557a9742932589f7ab72:0:0,821ab19311202eb45013f5de5e6a6103:0:0,9c8a2a11f216a5d182de21338a72c34b:0:1156630733,8c2ede6a0a54a959135c27f488eafd4d:1:3495414402
211,A,211,0.032781023532152176,0.8900378346443176,nan,nan,512,0,0.032781023532152176,0.8900378346443176,all_rows,512,0,0.010153636336326599,0.051171875,-0.002439560811035335,0.3953585341572762,0.10180957295233384,37ae08e536b3bdbb4964c2c60b4a3de3:0:0,867cf1200699aab87fcebeecb2fd0ba8:0:0,032cffef8ba635529ce328ed07f0f8a2:0:0,12afeb12fe731e901774fdc331909f4b:0:2958930285,0d362f2f255abf82afbc1cabb656d633:0:877741680
212,A,212,-0.11989714205265045,0.9791880249977112,nan,nan,512,0,-0.11989714205265045,0.9791880249977112,all_rows,512,0,0.0029088896699249744,0.0263671875,-0.001855089794844389,0.47670065611600876,0.10156989499228075,deab071052ba44e198d32136e3f5f9e3:0:0,5d840bd61ec862f56276f76882acc35a:0:0,9474f4da36e837b982b60b3d14395a3b:0:0,c61c145be9daaad9f169fb501eee7b4b:0:4152753050,c06be8f258e899c7120567c793680055:0:2402667392
213,A,213,0.18055786192417145,1.0074065923690796,nan,nan,512,0,0.18055786192417145,1.0074065923690796,all_rows,512,0,0.005289457738399506,0.0806640625,-0.0021120301447808743,0.5099064126610756,0.10068882501218468,97c26352c97534f568a8e1a644e1b5e3:0:0,68c105d1cbf27458ca493077dfafec07:0:0,30476f6d50082575037f4527eae9d398:0:0,5091dcdd5ee0830ad6ba2f36528c574b:0:3443791970,19e7ec5349426f37ba038e87f1a6febe:1:646943115
214,A,214,-0.11322538554668427,0.9582390785217285,nan,nan,512,0,-0.11322538554668427,0.9582390785217285,all_rows,512,0,0.022122178226709366,0.202734375,-0.007460107456427068,0.4602901488542557,0.10178011801326647,ed4c8d3d6b196e7bc9cf43502e0d71e3:0:0,a3db22d21e4f657b196f77fa53327a0e:0:0,f2d32351335aa4f7d9ab9e502c6da85a:0:0,be37ae20eeefd04ad3b0eed1cc6a334b:0:2179089675,c082ae658b154c6dfe5469bb37e615f2:0:3353263347
215,A,215,0.022005125880241394,0.9185346961021423,nan,nan,512,0,0.022005125880241394,0.9185346961021423,all_rows,512,0,0.00696498341858387,0.070703125,-0.002628911193460226,0.4218654647469521,0.1030433340347372,3a33e602bd3d204dceffc5709f792de3:0:0,06ba5d4f46c7a59410db5d85445dad9a:0:0,24ee10528f5fb829ff469b77ad5ec2c7:0:0,83ed54d3e6c6a20b16e7cf7e8c880f4b:0:1783541056,be60481fe2c87d838a15cf281a31296f:1:242217458
216,A,216,-0.03846416994929314,0.9708552956581116,nan,nan,512,0,-0.03846416994929314,0.9708552956581116,all_rows,512,0,0.009221639484167099,0.0689453125,-0.002466567698866129,0.4692815005779266,0.10875558998668566,b881ce366aebb35b48c427439924e9e3:0:0,5497bb7b7aae587133dbbc0bdf560b35:0:0,44c47013ba65e5bb14afbfdf6820b2d4:0:0,f0c2f5ab81e939c2cd46a69892e5eb4b:0:3628413745,14d5b46e9b4245aac8137cff6217399d:0:3202758212
217,A,217,0.05229080840945244,0.8945480585098267,nan,nan,512,0,0.05229080840945244,0.8945480585098267,all_rows,512,0,0.004483808297663927,0.0251953125,-0.0016741371713578702,0.39968996196985246,0.1075154590071179,24e98f3dedafcead817668051b10a5e3:0:0,72c84882e352eb632a20228910e9b76d:0:0,59c317edbe023e763300e2b849435121:0:0,5e5e7570d169acebfe03897bdf83c74b:0:3570876736,fc9b0212a965bc78c5eaff37ee8f4921:0:1927543370
218,A,218,0.04730953276157379,0.9790607690811157,nan,nan,512,0,0.04730953276157379,0.9790607690811157,all_rows,512,0,0.01238003559410572,0.0212890625,-0.002105304691940546,0.4767312124371529,0.10513130598701537,4b182000a5cf73a9f940c6f1253c61e3:0:0,4c945dde75a18320ebf147984f552fa9:0:0,ee5a54de4260bb78b9a722ec0c58f8df:0:0,ae343660ea5fdd4066a2cd847261a34b:0:2090010575,452ee76206903bcc0c2573c33b9613b6:1:339551365
219,A,219,-0.07782670855522156,0.9552379846572876,nan,nan,512,0,-0.07782670855522156,0.9552379846572876,all_rows,512,0,0.011026870459318161,0.139453125,-0.002811483375262469,0.4561341404914856,0.10145040601491928,3717bfc5d7f63295221dc343b7a81de3:0:0,22ec7ce8bc471f0718d846479909170d:0:0,f8cd512d244e711c25d767f4ead504e7:0:0,712b1c6c306dc73656f7080e4b7f7f4b:0:2972420050,a9bb2860a8f4ce47ce33ba9f2b60f6ad:1:3219186958
220,A,220,0.061621181666851044,0.98213130235672,nan,nan,512,0,0.061621181666851044,0.98213130235672,all_rows,512,0,0.009095286950469017,0.11171875,-0.0026252069510519505,0.48270357102155687,0.10255081602372229,6f38198f468977551bd81c38d253d9e3:0:0,6718b99b0cb378ef2392555ca442cbff:0:0,92cba56a3d4b6c464591490ea7bf5cd2:0:0,d2d2b53dd0ac26bd8d210e756add5b4b:0:1001687975,708f7ea2cc6e1185dd8e3702ab505bc3:1:1944364138
221,A,221,-0.0292641744017601,0.8476164937019348,nan,nan,512,0,-0.0292641744017601,0.8476164937019348,all_rows,512,0,0.012302003800868988,0.1005859375,-0.0021520941518247128,0.35692884027957916,0.10107047902420163,27e7159f5ce2ee74700ad10c753f95e3:0:0,1b5db2a9ab06f79a3ae5b0c25991f2d1:0:0,5b1806ef9a533013f252304279342f9f:0:0,6efd2852c15b723c118ff615d07b374b:0:604548847,d9b8109b397d2954159a0f8fb2f8ac69:0:2289848878
222,A,222,0.05742163583636284,0.9636136293411255,nan,nan,512,0,0.05742163583636284,0.9636136293411255,all_rows,512,0,0.015134146437048912,0.1330078125,-0.0029895439743995666,0.4636760428547859,0.1013554540113546,7ffbae3a22ad0264ce2120faa06b51e3:0:0,3c5a8e2a7195119025faacba40c3a81d:0:0,735018c1d827ec4f40a174e04f2fe40c:0:0,fe9536c5dab52bcb1301144b7c59134b:0:3676849437,97181fa91876c17af2139796f2c2df60:0:4283801840
223,A,223,-0.1607053130865097,0.9671655893325806,nan,nan,512,0,-0.1607053130865097,0.9671655893325806,all_rows,512,0,0.0013184095732867718,0.008984375,-0.0019377782475203276,0.46024004369974136,0.10149947396712378,286308106d9d7101c7568b3f53d70de3:0:0,b8dfc6a13f358542fd84ae20bc62a51b:0:0,530d0c0d9d0e67a35acecad2da40baa1:0:0,ad2b11d4dd3988b3c27ffe726e76ef4b:0:4107692524,0b30370d778bd7921da1a8018eba0974:0:2242144195
224,A,224,0.12114930152893066,0.9284451007843018,nan,nan,512,0,0.12114930152893066,0.9284451007843018,all_rows,512,0,0.010632505640387535,0.0810546875,-0.004022094933316111,0.4334869563579559,0.10137025796575472,0e28b62507c9f9538ab6cf168f82c9e3:0:0,503353e60fb9cfcba073c8e7351fdbee:0:0,136bbb8ec2ede29bf529f06d6aaf9582:0:0,52312a8079d56f2c2f6689e6a6d4cb4b:0:440825813,b463910bdd04a3e8fd4e87acb72a5fea:0:3040563575
225,A,225,0.07344067096710205,0.9196724891662598,nan,nan,512,0,0.07344067096710205,0.9196724891662598,all_rows,512,0,0.021212011575698853,0.1859375,-0.004459963319823146,0.4167222112417221,0.10285381099674851,59b5745bc0d32191a11debbc536e85e3:0:0,eaa552c2eddc4d4b140f9d1ca202252d:0:0,8fa642b976c24697088a00b1bc91a267:0:0,1d7c5407b03cca54235ccc042572a74b:0:1048330544,d6b5b83ac2d75a0384eabf0e52af37a8:0:4164527235
226,A,226,-0.07704824209213257,0.9723778963088989,nan,nan,512,0,-0.07704824209213257,0.9723778963088989,all_rows,512,0,0.003422151319682598,0.0693359375,-0.001918855169788003,0.4740497261285782,0.10283248301129788,021bc342a0211565a938206c9f9a41e3:0:0,95e6bba3d25231e915acccb373035e47:0:0,103cd5c198652999851540bb9321d6b0:0:0,ec90a65d17d53471fe591a26ea50834b:0:1496813439,a835fe7c17ec62d1734837fceaed03c2:1:1614757976
227,A,227,-0.02852407842874527,0.9772462248802185,nan,nan,512,0,-0.02852407842874527,0.9772462248802185,all_rows,512,0,0.008173437789082527,0.093359375,-0.003706174739636481,0.476153039932251,0.10142613196512684,f79fab05ae6e9c6e1381ec637405fde3:0:0,a0bcf804842c49b70e506b9ff80f32d4:0:0,c5ac8cb947042ca1c619f2d48d43742d:0:0,dbd67d12e78cf76f92a009aaf56e5f4b:0:3654475851,ead57883fad8c6a0b4a90282dc913dca:1:2669576265
228,A,228,0.029906656593084335,0.8731014132499695,nan,nan,512,0,0.029906656593084335,0.8731014132499695,all_rows,512,0,0.005015241913497448,0.0435546875,-0.001860194792971015,0.38113701790571214,0.10150336602237076,2d9682de0cde2900de480edcd0b1b9e3:0:0,ac2515afa3e99df15fbb309ad8b7bef4:0:0,d75213e174606fb96a722f08cb840012:0:0,2240ba98d0fa639700c46fec46cc3b4b:0:3693249749,c40a6a94d665296ccc17190e4aea3cbf:0:3117239879
229,A,229,0.021987538784742355,0.9495693445205688,nan,nan,512,0,0.021987538784742355,0.9495693445205688,all_rows,512,0,0.0033465991728007793,0.0443359375,-0.0033425304340198637,0.4505228117108345,0.1012331040110439,3984edad4fd4ff2e51a78714b59d75e3:0:0,0d94831991ba7d526887f09c21e6ca33:0:0,6a2833f701d188a929fef1933b837bdf:0:0,45771f05031f7c8f93a76246de6a174b:0:3051514728,6047573ef9834ba209a7708854e89e98:0:1809136233
230,A,230,0.020107533782720566,0.9158629179000854,nan,nan,512,0,0.020107533782720566,0.9158629179000854,all_rows,512,0,0.002238313900306821,0.0595703125,0.0023569809971377255,0.418204365670681,0.10116735502379015,7c444bd653d87403bb8d944722c931e3:0:0,12af569859e52fbbd0f9283c513144e2:0:0,1e0153f2672422a3d4a3adc2ba653785:0:0,9e7d04ffe92dfc9a9c783616bc47f34b:0:3534410783,0766f4cccf5763e365687b4f44fb996a:0:2970044353
231,A,231,-0.09190286695957184,0.9100946187973022,nan,nan,512,0,-0.09190286695957184,0.9100946187973022,all_rows,512,0,0.010422509163618088,0.1232421875,-0.0031638908898457886,0.41432699263095857,0.10135656996862963,8235adc502a9450e2bb7b5b01834ede3:0:0,7de66e1f673a89da7710c1e58f41cd1d:0:0,73d37ce13c45382f8e570ccf20ca1326:0:0,614e36c879a7ae104eb480b7e065cf4b:0:3261160239,09471d4a44cace2463ef579a658623e2:1:2594837172
232,A,232,0.0735173225402832,0.9019559621810913,nan,nan,512,0,0.0735173225402832,0.9019559621810913,all_rows,512,0,0.0005621876334771514,0.0205078125,0.0002975866198539734,0.4075333118438721,0.10116518603172153,215ed9f6bed9081d2fb3aa8b95e0a9e3:0:0,a8a3654c360de5b8425982c3ebb2a255:0:0,aea08da585b8a0d16e2d50fa48ed4703:0:0,4b48c8a52a371b1c9c2817864ac3ab4b:0:739636696,4d5f370be7c3d246df9fd3baf06c3557:1:4242682456
233,A,233,-0.06749358028173447,1.0208849906921387,nan,nan,512,0,-0.06749358028173447,1.0208849906921387,all_rows,512,0,0.005054090637713671,0.0625,-0.0029823367949575186,0.5211778298020363,0.1012765800114721,7ffe3cb56c15b3458edf72159bcc65e3:0:0,3454774038f2b39d1e7705b435bfbfec:0:0,ba8adefec8cd0ac9ef42ff82ed555475:0:0,2ab3fd73dc9c93bc10ed0fddfb61874b:0:1036949436,df5d900b4fe552d2f0b8c4176b542e97:1:3400022089
234,A,234,0.014517676085233688,0.9640530347824097,nan,nan,512,0,0.014517676085233688,0.9640530347824097,all_rows,512,0,0.00935018714517355,0.0564453125,-0.0020852709421887994,0.46396865099668505,0.10128970700316131,43ec97174a673d2406694b8a29f821e3:0:0,d400c73074a4de8c3482028b6d59567a:0:0,27f7820c281546f855a49e988224503d:0:0,03892d69590b89f8af6bbf1af23f634b:0:2900529779,953ccb3762aa327f87445ef554f67304:0:296935947
235,A,235,0.018820548430085182,1.01755690574646,nan,nan,512,0,0.018820548430085182,1.01755690574646,all_rows,512,0,0.0031657570507377386,0.066796875,-0.001697885524481535,0.5177174612879754,0.10110093501862139,5b46fe361a9b5560054fb6254063dde3:0:0,8659a5105d9b43a479caab8ba115be1c:0:0,d59e586e346ff5df3eb65ae46afca76a:0:0,1114766f2a544466cc5aba992f5d3f4b:0:3721718991,e5fcc0d0ce650990af7db38c45fc4725:1:1085910597
236,A,236,0.026407960802316666,1.0186165571212769,nan,nan,512,0,0.026407960802316666,1.0186165571212769,all_rows,512,0,0.007155667059123516,0.061328125,-0.003851240500807762,0.5182896360754967,0.10133553901687264,c19932f0421b356e68617122df0f99e3:0:0,c21a3a11400db8fc9b61c9e0d579c347:0:0,33796d1f46ce6eddbd41e0402b94882e:0:0,af4fa8ecf035e6e1eabed7b4b2bb1b4b:0:3943191007,2bcf35a1968c2cad03233778d5d9ef84:0:3393862400
237,A,237,0.052021704614162445,0.9226114153862,nan,nan,512,0,0.052021704614162445,0.9226114153862,all_rows,512,0,0.013624655082821846,0.09453125,-0.007007852848619223,0.42008006423711775,0.1012925180257298,02578de6e4678994363d7bbf05fb55e3:0:0,5d2b45d6d2d22203d2212724c4fec5f3:0:0,ed5a184400cb12020ef0f4ce96ee841c:0:0,b8426b287c34d18997eb2bc97c58f74b:0:58982832,27af4a9c9a3ec5e3de115c826dc101bd:1:796712715
238,A,238,0.019886193796992302,0.9559047818183899,nan,nan,512,0,0.019886193796992302,0.9559047818183899,all_rows,512,0,0.0055587999522686005,0.0439453125,-0.0015329827088862657,0.45572934597730635,0.10130569501779974,aa28aacc287672295b531535b52711e3:0:0,f11b52011613905d56a52376b5e7ac79:0:0,2d9016b3c060ea93253da0d2bb2b92c8:0:0,7f76f0c64d5155fe47810c338c36d34b:0:2194607466,6fd43cf4ebeb341a77727c6b4b0fc93f:0:480224419
239,A,239,-0.10108694434165955,1.0985881090164185,nan,nan,512,0,-0.10108694434165955,1.0985881090164185,all_rows,512,0,0.007449240889400244,0.0470703125,-0.0021146461134776474,0.6025743260979652,0.101092726981733,0489a975202f9d1b65e1bcc2ec92cde3:0:0,17c7e78810198a3c8bfbfa06e2302add:0:0,ee6445ed56dd34cee4991cfba8f8e238:0:0,b5f2e3523efac2de2f700e4ee254af4b:0:1759962483,8d75def70aa53116be8abf0a94448a31:1:3017553764
240,A,240,0.035357967019081116,0.9266327023506165,nan,nan,512,0,0.035357967019081116,0.9266327023506165,all_rows,512,0,0.014052735641598701,0.0798828125,-0.004788921400904656,0.42875501811504363,0.10233100899495184,12fc4283084277b041f931a2ac3e89e3:0:0,d1a21a815e0568314b2939dddb7edb4f:0:0,a65bf2d51b0eb612da2b619e358f67ce:0:0,8a6034167f9ac58223f607777eb28b4b:0:1078596530,9e1ba21762a39abd8a317666a86dcac9:0:3818232992
241,A,241,-0.01397298276424408,1.0080968141555786,nan,nan,512,0,-0.01397298276424408,1.0080968141555786,all_rows,512,0,0.001621888019144535,0.012109375,-0.0009592505637556314,0.5071482762694359,0.1016680309548974,466c10d7d6927888f5797310f42a45e3:0:0,d842391778cb6d33eb5302acfc06e689:0:0,5fab4a0f91bf08b8caf1289981e49bef:0:0,b16986e5231521fa739f0d096150674b:0:3200525396,cab3dbce231e73f20e86fa502f9601b8:0:1214743330
242,A,242,0.037742968648672104,0.9014828205108643,nan,nan,512,0,0.037742968648672104,0.9014828205108643,all_rows,512,0,0.002927051857113838,0.0619140625,-0.0026975028682500123,0.4055918395519257,0.10276882303878665,d310506a4d7581e45c12c049c45601e3:0:0,3d13d517d0c6a61ddbacae6fdeabc341:0:0,521b0bd8efe0d310b5e87e76258ea78e:0:0,1001b8d6e597c14bc34574608a2e434b:0:221531339,172d98df1244214ad438793a7181e085:1:2115546895
243,A,243,-0.1640174686908722,0.9903010725975037,nan,nan,512,0,-0.1640174686908722,0.9903010725975037,all_rows,512,0,0.012217485345900059,0.0900390625,-0.0026523294392973183,0.4884433552622795,0.10151502001099288,2300ee6e0a005c21e34598891cc1bde3:0:0,e997fe29cb74ea0611fe45f5f47bd65a:0:0,a797bfba2b29566bb063ac4582f8c7a5:0:0,ea9db55ff31715ebea11d2d8f94c1f4b:0:588898754,3865bbbba64b6aaf3b9877b44520e115:1:786960375
244,A,244,0.0920129045844078,0.9346132278442383,nan,nan,512,0,0.0920129045844078,0.9346132278442383,all_rows,512,0,0.011015383526682854,0.097265625,-0.004413851955905557,0.4382006525993347,0.10116831597406417,9c411e24439d48844662bb0afd6d79e3:0:0,df03dbc8471ed11724c560631ae39074:0:0,5fa592f6cb1dc88557051e28d71f5c9b:0:0,27935779c7d2d67ecd7afdceaea9fb4b:0:2599777493,defbdaeb1325ecb143970bc9679a2d4b:1:3651290345
245,A,245,0.023433230817317963,0.854827344417572,nan,nan,512,0,0.023433230817317963,0.854827344417572,all_rows,512,0,0.0034783168230205774,0.0201171875,-0.0015665995888411999,0.36522155851125715,0.10116942197782919,4c66b90a3328ac344a8b270b665935e3:0:0,fb9d086875b3e57397abcd6065ea187f:0:0,56d1b9c38529d77178082f472fdc796f:0:0,c6177bff7e3f0ed33d460a9daa47d74b:0:3098634812,dc54fa390ea8b7a3f5469a1961f46eef:0:616579294
246,A,246,0.007411063648760319,0.9442946910858154,nan,nan,512,0,0.007411063648760319,0.9442946910858154,all_rows,512,0,0.003267125226557255,0.0283203125,-0.0007408970966935157,0.4453598394989967,0.10166934202425182,be84807a57cfd3837ab01bc65784f1e3:0:0,0573e8ba2c4d578c15eb0aaf529a1508:0:0,0611320b8e176c0b581d8a332eee8d1e:0:0,8cf8adb81ead871fcf864ea1ec25b34b:0:1045497482,4bd0c33de8185c5d1a60974f60265bff:1:2179503212
247,A,247,0.013133663684129715,1.0330395698547363,nan,nan,512,0,0.013133663684129715,1.0330395698547363,all_rows,512,0,0.00528400344774127,0.1,-0.008650010079145431,0.5324837073683739,0.1016912919585593,efd5e2360fedcd6ee3931877d0f0ade3:0:0,80a10b8631a6443d8d323c5aa54e6397:0:0,7c20fefc2de6a40c81845890c3567cfe:0:0,8a72f2e8c513817fbc9d5f3774438f4b:0:3964928909,996aaaa5c89daf908cc06e8fa5808a53:1:2847175831
248,A,248,0.07882434874773026,0.9702873826026917,nan,nan,512,0,0.07882434874773026,0.9702873826026917,all_rows,512,0,0.016195353120565414,0.1353515625,-0.009235263452865183,0.4704299300909042,0.10175730602350086,ad1d28ad3c225f61cfc5dc5bd29c69e3:0:0,8e2021bde1eacb4cda351621cb9b22da:0:0,447f22532f97ceed0b3ccbda502ed4b4:0:0,af943fa6b147cdafbb3b11ba42a16b4b:0:3281943764,c620b5c6fe43ae2f9378ef1c13d2d9b7:0:762148552
249,A,249,-0.1581934094429016,1.0313652753829956,nan,nan,512,0,-0.1581934094429016,1.0313652753829956,all_rows,512,0,0.0055190203711390495,0.0736328125,-0.0015398335177451371,0.5287825912237167,0.10153194598387927,45f10339e2df113883aa66ae5c8825e3:0:0,74dd7f6a3d65b46ba41818c01f849d50:0:0,591dd6c771f7a21c7b88105313ed4cdc:0:0,03dfe77f9615330adc5d7b86573f474b:0:3749879033,072619d5736a249179113414eb66f4d3:0:1058772704
250,A,250,0.0637674406170845,0.8941718935966492,nan,nan,512,0,0.0637674406170845,0.8941718935966492,all_rows,512,0,0.011746052652597427,0.10234375,-0.006985995173454285,0.40054815262556076,0.10402092098956928,1c9c11e60aa65182f972f6ab6eb3e1e3:0:0,9f5735b6e8f804e767817438ffbec319:0:0,aca48477ddac44b39f3f9b007e857cda:0:0,07721c6cbb7d30c76750f1f7b21d234b:0:806450893,47d62896d0fc4ebe5c6a038653f6bc5b:1:2037550558
251,A,251,0.07637549936771393,1.0208101272583008,nan,nan,512,0,0.07637549936771393,1.0208101272583008,all_rows,512,0,0.010469984263181686,0.0935546875,-0.003120284387841821,0.5200611978769303,0.10160810896195471,d0f09bb24138b2079d220b8f091f9de3:0:0,968493f0a5b3233771b3397612e8acd6:0:0,8a6a0e80dff298ab80c51fb4c427aeba:0:0,41131863c8871473b5b00a6a533aff4b:0:3946378403,e496ac83082ba921831ea3e0f8ca81fd:1:3288838648
252,A,252,-0.08163215219974518,0.9783989191055298,nan,nan,512,0,-0.08163215219974518,0.9783989191055298,all_rows,512,0,0.003979438450187445,0.0349609375,-1.2599397450685501e-05,0.47909354120492936,0.10137638199375942,42cbcdb385ec3c86088a64952bcb59e3:0:0,13ffc8fdfa00ab23215425bd7229f92b:0:0,eb20b69182503be52933b05c536a1b54:0:0,10b3fa3648f766b30f639a3a3a98db4b:0:2180843008,43c7111fa9ddc868595f03183318f493:1:1023089304
253,A,253,-0.03450997918844223,0.9414545297622681,nan,nan,512,0,-0.03450997918844223,0.9414545297622681,all_rows,512,0,0.00751904770731926,0.05078125,-0.0022381063550710677,0.44176437705755234,0.10135639295913279,1636d4bf8d69dfb9bf4f00f9d6b715e3:0:0,a26ba6a8ff835b87f102c12464d22d44:0:0,3809b5a3ce791bf089ac1aa4cdfc54b8:0:0,13f5a5cf434bae3a86a2b6c36836b74b:0:425029936,451ae32f99686841e123734e58eb55bb:1:2667401756
254,A,254,0.06892453879117966,0.9737299680709839,nan,nan,512,0,0.06892453879117966,0.9737299680709839,all_rows,512,0,0.007659571245312691,0.026953125,-0.0018370974343270064,0.4742405354976654,0.10169509996194392,6760d2be950cf49ceae31ff909e2d1e3:0:0,69442d239fba36db615b20228f0b66b8:0:0,c44f6384b2a0f2d7c02c3a28842e0c5e:0:0,1fdc1b3c7356890dd3f2b561dc14934b:0:2375572828,277c2e7c4137d0c280ef29a136ac51cc:1:2270415235
255,A,255,-0.08583330363035202,0.9140830636024475,nan,nan,512,0,-0.08583330363035202,0.9140830636024475,all_rows,512,0,0.007518356665968895,0.1048828125,-0.008603965351358055,0.416459946334362,0.10166525101521984,a0531c1a3c20dbeb168a40cec54e8de3:0:0,bb8eed86651e642810c293f78db8d55e:0:0,a241ca208708fd475f7397647b225c6d:0:0,6eeeb74efdd81bfc32272b7196326f4b:0:2102302443,987581c636a8582f8b4c9bfd632366b3:0:3981847802
256,A,256,0.129318967461586,0.9116494059562683,nan,nan,512,0,0.129318967461586,0.9116494059562683,all_rows,512,0,0.0035755778662860394,0.1330078125,-0.002707024058327079,0.4124464139342308,0.1014879000140354,8d8151211938b3e3eb5822b708fa49e3:0:0,8584cbbe85e83e25a0f0d9d88e3c7ab1:0:0,7234e823698240a69bbd5f487792fb35:0:0,8bffabfdb16ed85d3a61ee4e96904b4b:0:3388974277,38e068aedff043d522042f0bd43a4b58:0:573860753
257,A,257,-0.1778162121772766,0.855529248714447,nan,nan,512,0,-0.1778162121772766,0.855529248714447,all_rows,512,0,0.01384408213198185,0.1154296875,-0.0030702156014740466,0.36989212185144427,0.10196076903957874,8970ca9701dd264dec30c4edd4e605e3:0:0,3b0ac1b54a8edd5511d862db247f5c2d:0:0,9c2358320138c654a54c73a9b16d5e1f:0:0,1deab611293c980dc0131354dd2e274b:0:2377904970,f900c81a2ecdf8fda483e329dbd64b21:1:1980542159
258,A,258,0.154155895113945,0.9951793551445007,nan,nan,512,0,0.154155895113945,0.9951793551445007,all_rows,512,0,0.004965648986399174,0.0439453125,-0.0014401083812117577,0.4972982585430145,0.10166414297418669,8ae6700a3acc4eb931c866af2911c1e3:0:0,58c429f6c1e45885872cf0086564cc1f:0:0,d4552c06959cc6c62ef6c0340d8ad7c5:0:0,6e0ca900659c0facacf8efe06a0c034b:0:4060191992,e4a8d9fef95c648c58610007d28289dc:0:1693252757
259,A,259,-0.01453007198870182,0.9063353538513184,nan,nan,512,0,-0.01453007198870182,0.9063353538513184,all_rows,512,0,0.023320861160755157,0.16015625,-0.004687872342765331,0.41007213294506073,0.1014851100044325,b49769e60707b90226a38737057d7de3:0:0,5139f2837f738377777f526e64325abf:0:0,2c5208a5da9c173b68f2cc1fae400139:0:0,b842d942af429717dd20194d3d29df4b:0:4082093,72062f950bcfb17c6143c46d3fccc0fa:1:1077352545
260,A,260,-2.2613443434238434e-05,0.9239955544471741,nan,nan,512,0,-2.2613443434238434e-05,0.9239955544471741,all_rows,512,0,0.011745573952794075,0.104296875,-0.0003657148219645023,0.42541188299655913,0.10227931302506477,6180389b4bec78144316e5c16a2939e3:0:0,27ea76da5cf576665bffbbd484aa7326:0:0,9359e571ad12a89e6d0e25cdbac6bbdc:0:0,6e2ab8b9d92a4828fae364f75687bb4b:0:4122897522,6d9738015b8af140771426e54e66dca0:0:3179658243
261,A,261,-0.04367724806070328,0.9639064073562622,nan,nan,512,0,-0.04367724806070328,0.9639064073562622,all_rows,512,0,0.003708895528689027,0.054296875,-0.0035706694703549146,0.46315901577472685,0.10135595098836347,36068d98409154ecc947818a5714f5e3:0:0,8f0298315e20f1fc159bdcd4dd1bd0fe:0:0,9bf74e966b0bf56c01756a8d3769f050:0:0,fe5f203635a073b25aebe83ab625974b:0:1231654937,16cbc96c745995d311abc2dfd29c1784:0:3090874461
262,A,262,-0.005603216588497162,1.0565638542175293,nan,nan,512,0,-0.005603216588497162,1.0565638542175293,all_rows,512,0,0.011810940690338612,0.0990234375,-0.005499391094781458,0.5564781963825226,0.10115627403138205,2424d2285ea715dd812a99cdcc40b1e3:0:0,46f2b1ecffb4e05f84eee52ce24d547d:0:0,3474ed1ac62ebc1c3e6e14ad7f6594bc:0:0,c9d1c473d2d46cbbd830f8735c03734b:0:1325409205,298ef5afb06ba7a3d6e97095797e7530:0:2768230881
263,A,263,0.04450324922800064,1.0192959308624268,nan,nan,512,0,0.04450324922800064,1.0192959308624268,all_rows,512,0,0.0017868850845843554,0.0333984375,-6.298874504864215e-05,0.519167622923851,0.10168683499796316,385293b60b16de0f7485adc7c9ac6de3:0:0,4cb4e6b45f22239a9c081e9c19fd7d98:0:0,26e6da25c61f3b2fb9b4cc59096d4f53:0:0,235c344ed342a9ffaff82afd48214f4b:0:3029115934,8304513cf63d75c9c4a0026adeae1390:0:680748633
264,A,264,-0.03318966180086136,0.9632947444915771,nan,nan,512,0,-0.03318966180086136,0.9632947444915771,all_rows,512,0,0.007775371894240379,0.0287109375,-0.0023592775920405983,0.4638116151094437,0.10187173896702006,15eb1447ac9aa545aaee7cb44f5829e3:0:0,e2338e53c96d0ed038d49652d52deb17:0:0,6cbd5e44a8b716e7b31ea86fb14b7e8b:0:0,e67c794af6583da75dd555347a7f2b4b:0:3566616390,7444aa36caf126afffb111caec306b21:0:906652788
265,A,265,0.05442564934492111,0.9889771342277527,nan,nan,512,0,0.05442564934492111,0.9889771342277527,all_rows,512,0,0.010134842246770859,0.0693359375,-0.0004245442803949118,0.48861075937747955,0.1029800670221448,ecbb0172268bc7dfe5cb05cf5d43e5e3:0:0,193d212b8ca2ac52025f6b287dcd7a64:0:0,e688ffd8b4784812888e16a49ad538ec:0:0,c8260ae8a5aaa34877aa8c74f31d074b:0:564598189,5778e263fa70720d5ee5a8861f475697:1:3106197580
266,A,266,-0.041963353753089905,0.8956719040870667,nan,nan,512,0,-0.041963353753089905,0.8956719040870667,all_rows,512,0,0.02046981081366539,0.151171875,-0.0026805863250046968,0.4010274723172188,0.1019738870090805,0e5fd35aee23af1d5c518854f36fa1e3:0:0,f3754e4c78e373cbb172940bcb4ad57e:0:0,5c337ee781e66a52c92c6bb3ffaa100f:0:0,65e038a01b1fe42189a8261ab1fae34b:0:1921234294,9e7d18c3bcb73ee732eb22db4eb433e8:1:837027354
267,A,267,-0.004227718338370323,0.8652742505073547,nan,nan,512,0,-0.004227718338370323,0.8652742505073547,all_rows,512,0,0.012543123215436935,0.084375,-0.005602004332467913,0.37383581697940826,0.10160155000630766,c97e90c4306a919f7788838111db5de3:0:0,6ada15468b2404c21de5b9d473fc57cf:0:0,aa9c13151b0074d082d1476877ac2bb6:0:0,aa577db974631196f24cb781b718bf4b:0:2385567467,d64f90a31cf20532f903155aba6dd0f3:0:1680854324
268,A,268,-0.047456465661525726,0.9474363327026367,nan,nan,512,0,-0.047456465661525726,0.9474363327026367,all_rows,512,0,0.004756724927574396,0.0412109375,2.0560808479785917e-06,0.4481397733092308,0.10158734297147021,7accac7dbf104c2c8e46b68fb88719e3:0:0,1482e3d80f69fdb1c8f7eb0fba424247:0:0,33da9594f046b0cc25a8354e416732ac:0:0,c94f5d96c80115efbe65160602769b4b:0:2464428701,e5b516a3ae8463b7dc3e89c8ee5e8b1f:1:3318724000
269,A,269,0.15706324577331543,1.0458426475524902,nan,nan,512,0,0.15706324577331543,1.0458426475524902,all_rows,512,0,0.00515418266877532,0.0376953125,-0.005598310055211187,0.5459093108773232,0.10164742299821228,80b463f5ba6b52b2a13320bce772d5e3:0:0,54f9279f513f25f33b015c3ebd710fd5:0:0,4a5ffd0969644865da48492eca32d583:0:0,3dc66e639089db52850c57039414774b:0:1479766420,82d4599789d7c8ee4ccd36731cafccbe:1:2507670608
270,A,270,-0.10422761738300323,0.9721198081970215,nan,nan,512,0,-0.10422761738300323,0.9721198081970215,all_rows,512,0,0.004324561450630426,0.0736328125,-0.0016533413901925087,0.4723765477538109,0.10195521597051993,964676042ed9b98a16c501449e9e91e3:0:0,e5c6f63a2e3f20617272971cdb916b6c:0:0,5f8a15d69bf6c5105da8f9312e5d540b:0:0,425e1b7b0211c90243abcfd66bf2534b:0:2588475893,558e3488fd5ca9feee47cd3b2ffc0ca8:1:86685150
271,A,271,-0.021938135847449303,0.9581761956214905,nan,nan,512,0,-0.021938135847449303,0.9581761956214905,all_rows,512,0,0.008157513104379177,0.06953125,-0.0021319426596164703,0.4584588959813118,0.10143260599579662,b56d346d1bc056f87743d762de0a4de3:0:0,8232598723225b328e0899fb8a9db452:0:0,d2f1d6ff520bfd91191dc38d3e178551:0:0,93f368351e6f96db39fb15da8a102f4b:0:4182244249,2156d275a475ac7ba6b0409a8cbba035:1:1317529234
272,A,272,-0.0894625261425972,0.9055675268173218,nan,nan,512,0,-0.0894625261425972,0.9055675268173218,all_rows,512,0,0.003421834670007229,0.015625,0.00028313151560723784,0.4024469926953316,0.10170933697372675,a730d9f49a63fcf328c76253a5b609e3:0:0,394b8a3c8eec2e9db63beda12bafd2d3:0:0,42c2c74333468a686ce0173397830f97:0:0,570d97289c92770fc5fffe6bee6e0b4b:0:3823248535,e85cbfe189ad6f9787c60b5f25cbaff3:1:3870109611
273,A,273,0.1403941512107849,0.9980601668357849,nan,nan,512,0,0.1403941512107849,0.9980601668357849,all_rows,512,0,0.0017263373592868447,0.0166015625,-0.0029039270943030716,0.5006584465503693,0.10238472401397303,8392b2411ad8cb222b37a152f5a1c5e3:0:0,a276b1bd4504426496e2415aca5cc1b0:0:0,cef41d707e01f9dfb97f7a71e0c3b3a0:0:0,189b114df74c9625400e9ee6990be74b:0:3110229566,722a0b7c897822208747312e0a0f566c:1:930563279
274,A,274,0.07952569425106049,1.1157642602920532,nan,nan,512,0,0.07952569425106049,1.1157642602920532,all_rows,512,0,0.019483555108308792,0.0703125,-0.005635590478777886,0.6112755119800568,0.1014889560174197,39540027ed439922d44cd39ccdcd81e3:0:0,2b69ad4fc209e01f2c07419c600ae364:0:0,5125b8d1c99cfffa0ef69b3c989e2348:0:0,7fa43bce37edf130d6c94ca689e9c34b:0:2080924919,a5811fecfd728a94752d55a89117a862:1:573977233
275,A,275,-0.08765175938606262,0.9946160912513733,nan,nan,512,0,-0.08765175938606262,0.9946160912513733,all_rows,512,0,0.0029381485655903816,0.0435546875,0.0007281661964952946,0.49501377195119856,0.10301175102358684,7126aa608da9790a8b8f786d2e393de3:0:0,a1f537a8010601c18659be5fea80e6bb:0:0,3ad90eeb1b02e69e53bdcb5688a19c6e:0:0,c6671aa6510b82546b209d07c1079f4b:0:3285239814,5c5fc78208ae78be93691f782ad8e54a:0:3980126622
276,A,276,-0.09848099946975708,0.9389508962631226,nan,nan,512,0,-0.09848099946975708,0.9389508962631226,all_rows,512,0,0.0054471250623464584,0.042578125,-0.0017139146570116282,0.436577083170414,0.10178930003894493,67888dfb6889522986584f0016e4f9e3:0:0,bb13ed5287fb2b840dcc21c79bcfdd95:0:0,216b84700c357b9d48148fe95d305cd5:0:0,dbf5a9a61dcec37b6c5365663e657b4b:0:2603810958,e9d26f974505e58731001fa29825b799:0:882642295
277,A,277,0.10836781561374664,0.9611473083496094,nan,nan,512,0,0.10836781561374664,0.9611473083496094,all_rows,512,0,0.004428930580615997,0.03828125,-0.004453358426690102,0.4624745935201645,0.10198324196971953,5526e9590e7b940d83d0569187d0b5e3:0:0,25bb394377b7427ff8000cfdc5e5de2a:0:0,3b4bc68efdc609da9780b7ac2afaff84:0:0,8a33bcb05a298757b3eebb1e0203574b:0:2517283847,1c742233ec7ba8024a20b892d2748623:1:1118611765
278,A,278,-0.09211467951536179,0.9874027371406555,nan,nan,512,0,-0.09211467951536179,0.9874027371406555,all_rows,512,0,0.013252649456262589,0.0814453125,-0.0023233492858707903,0.48673039078712466,0.10135279805399477,575da1bf0d1401c488f0ce5d80fc71e3:0:0,177d6e003f383f52520f5646058ba44c:0:0,50d5be974a1251f0fdc8e2d220255efb:0:0,8d2ffb7f284a289e61cdf38b0be1334b:0:2222285690,59c65b2b138444390c8b53ab9520cce1:0:2451792213
279,A,279,0.060599640011787415,0.9883992671966553,nan,nan,512,0,0.060599640011787415,0.9883992671966553,all_rows,512,0,0.011054374277591705,0.0755859375,-0.0020057556685060263,0.48890877664089205,0.10157630301546305,29763107e341955f9c8335a002682de3:0:0,fa8727efd20e24dbb974f1bd3d8fba0f:0:0,71e7f672b91a925a9c5c886eb771b358:0:0,968e2c8ef7ac0f84b81aa4095bff0f4b:0:1029871622,bd04de34e52e22c4067c5ea99afb79cc:1:20643754
280,A,280,0.021367786452174187,1.02080500125885,nan,nan,512,0,0.021367786452174187,1.02080500125885,all_rows,512,0,0.005222329869866371,0.0658203125,-0.00325985848903656,0.5190849110484124,0.1028479760279879,0bf3d04bc7687bb583214b950c13e9e3:0:0,74a47f1611dbf96d7e0535d106c3cc87:0:0,7a3b9300e0dd8110acfe54ddce9bca76:0:0,284f7e2fe2208d7cf74ca1f4f25ceb4b:0:2381824247,24173063ca54ec8123ef8c5fd2b03051:1:1745091678
281,A,281,0.047848138958215714,0.9467435479164124,nan,nan,512,0,0.047848138958215714,0.9467435479164124,all_rows,512,0,0.004189027938991785,0.040234375,-0.0034787535201758145,0.4426859453320503,0.10499078402062878,99bdf7c0357228657b350f789dffa5e3:0:0,36fc752bdb23c9d1f8f9821950dc1846:0:0,2c06217777a77301b4bb24f978ab6851:0:0,6bf7d41bd32c0f333a2a02a9cefac74b:0:1974607380,5dde85ec26f9aba2ae615f3dae36bc3a:0:2653893095
282,A,282,0.021098002791404724,0.9231520891189575,nan,nan,512,0,0.021098002791404724,0.9231520891189575,all_rows,512,0,0.003515474498271942,0.023828125,-0.0023367571644484996,0.4253910526633263,0.10629160201642662,ab978b6c7b0f8219f8f8c086b82b61e3:0:0,0961d6be7dc14f30b58bc057a01050e9:0:0,28c538f884029d8d452a020ce42599dc:0:0,141d534e0e13a4ca51c71b83f1d8a34b:0:170840646,0d55f2a07b9a62b41db8ad66159acea5:0:572369912
283,A,283,-0.11323469877243042,1.019941806793213,nan,nan,512,0,-0.11323469877243042,1.019941806793213,all_rows,512,0,0.007071135565638542,0.061328125,-0.0009072076994925737,0.5177681058645248,0.10690680204425007,714807b1b869270b6276ddfb5a971de3:0:0,01ed4903ea5ed022032f75c72715bc90:0:0,85f7914f0e9639d686268a33e0d719cb:0:0,55197536e6f6e058a18681df5af67f4b:0:83402660,4bb7f8d559d687144cfcc7369cf40ffb:0:2721825234
284,A,284,0.12997910380363464,0.8674962520599365,nan,nan,512,0,0.12997910380363464,0.8674962520599365,all_rows,512,0,0.0023518584202975035,0.0291015625,-0.0013175469357520342,0.3785820811986923,0.10288090800167993,3d6cb8050b79c9c2cb8a27128542d9e3:0:0,824a5c03deeadd18dc70314fa7f88741:0:0,61e9b5734f59fa9a6f167322748fb99f:0:0,7c18d6c4c3520aa4fb190b180a545b4b:0:2450301919,4b630c7333ea3ca17e182490a549abc3:1:3856174430
285,A,285,-0.0687185674905777,0.9403956532478333,nan,nan,512,0,-0.0687185674905777,0.9403956532478333,all_rows,512,0,0.00489497696980834,0.0849609375,-0.0007729952223598957,0.4428208157420158,0.10207966598682106,cd52759adc4ea61cb1dd9b08382e95e3:0:0,b06bff665b314d203f7383542b4ff9a6:0:0,ec058ea7c644d691ed03f7409f2eab71:0:0,0868bf19b644ae237a7dcc89fff2374b:0:478502116,59a1793da2618ce9baad9c949ba10c8b:1:33655692
286,A,286,0.045738883316516876,0.9719510078430176,nan,nan,512,0,0.045738883316516876,0.9719510078430176,all_rows,512,0,0.005156293511390686,0.12578125,-0.00444230493158102,0.47260508984327315,0.10360966605367139,c1bc9b22806a0e8bb8ec7918735a51e3:0:0,ed1da6c6b72b4d5df3d32c41169c2a0b:0:0,202cead7feb0a7d118392e9d4313836e:0:0,cfdefd234cf8783262021b913bd0134b:0:2631290597,961453625b163a6a57d1e02608c3aea7:1:580824230
287,A,287,-0.030242498964071274,1.0002801418304443,nan,nan,512,0,-0.030242498964071274,1.0002801418304443,all_rows,512,0,0.0017366164829581976,0.03203125,-0.0016723956447094678,0.5000601708889008,0.10484011698281392,305bc611ab84119b6602407f36c60de3:0:0,53b78f93253798300acdf21abcbb62ab:0:0,23daac7ccfd16341127ec441ca9ee56d:0:0,0ad23aa85f847096f6418d89bdedef4b:0:2133126600,083dd2dab201889671e1a2854d27d6c5:0:3732347927
288,A,288,-0.09533363580703735,0.9766972064971924,nan,nan,512,0,-0.09533363580703735,0.9766972064971924,all_rows,512,0,0.0014375683385878801,0.0439453125,-0.0015282654203474522,0.47633389085531236,0.10409530397737399,582ea55f63e537b2dc3ab0788271c9e3:0:0,99975952a0c111b0da729a96889f9f97:0:0,010d04bf2e074f66328946e0587b99fb:0:0,8c8e3ebefaa8873a5a25f7cf864bcb4b:0:798779790,77a38bc08ce5eebeb80527969c8a96c6:1:2205926342
289,A,289,0.142227903008461,0.9597317576408386,nan,nan,512,0,0.142227903008461,0.9597317576408386,all_rows,512,0,0.0374186672270298,0.1953125,-0.007853631186299026,0.4629832684993744,0.10342342697549611,3d5878ee709759179881c840565d85e3:0:0,85dfaa4feab3cad5791d4be26dc7ceda:0:0,63fe8b0c223d20d95d13f1381ffc071c:0:0,50c0d0fab6bd78266ae76fbe94e9a74b:0:1308021666,43763d2734ed6336546a0be1653f778d:0:347805468
290,A,290,-0.01913256011903286,0.8983692526817322,nan,nan,512,0,-0.01913256011903286,0.8983692526817322,all_rows,512,0,0.010099723935127258,0.0677734375,-0.003910300694406033,0.3992964029312134,0.10427164396969602,eb64044777a88c302d93c712b28941e3:0:0,f3315fdafa9c35066e72779fcab32393:0:0,d1e48498c50deec937c822ac5de53fd9:0:0,4b490202103505c29c0c4ab2e9c7834b:0:2711778769,1a58ef7c44bc0c665fe9b08b7cea6c62:0:286705023
291,A,291,-0.06225457787513733,1.0001187324523926,nan,nan,512,0,-0.06225457787513733,1.0001187324523926,all_rows,512,0,0.0063825007528066635,0.082421875,-0.0009473922196775675,0.5010170340538025,0.10365057201124728,ffae92a342bc2c06fffd2c2b96f4fde3:0:0,4cd3a6e717b5751fa270ea2f92f79f19:0:0,350a8aa5fc2786b76c739b591e955e8d:0:0,745b8d9796068950d3691e0884e55f4b:0:2535370973,f32536de8e2b6b51c1d8eee2d64a8786:1:803046341
292,A,292,0.036802299320697784,0.95099276304245,nan,nan,512,0,0.036802299320697784,0.95099276304245,all_rows,512,0,0.0075980680994689465,0.0546875,-0.0008892873302102089,0.4521499454975128,0.10970798600465059,911541a5e025f70d021ab6c703a0b9e3:0:0,c0abd459eeac5490174cf3784625391a:0:0,586028fab96c356e69b158eb0b8f82ce:0:0,c553d5820263d9aa4520bf1b66433b4b:0:3041702416,b2f7f7a57e299788b2e36b54765aa6e6:0:3473966899
293,A,293,0.002975683193653822,0.8987113237380981,nan,nan,512,0,0.002975683193653822,0.8987113237380981,all_rows,512,0,0.00818420946598053,0.0599609375,-0.0014421943109482528,0.4031860962510109,0.11037895700428635,36371b8b96cb461c70196620f88c75e3:0:0,68934772f191db9e748187bf2a05f144:0:0,ec546855143c855fdf3200ff0d4a14cb:0:0,a9099c1c9212883c4fa443478de1174b:0:3603430631,6722439636e443900fa42e46afc53c8e:1:2428473140
294,A,294,-0.050975196063518524,0.86234050989151,nan,nan,512,0,-0.050975196063518524,0.86234050989151,all_rows,512,0,0.007749221287667751,0.0458984375,-0.003607915062457323,0.3714036613702774,0.1024670610204339,78f098e8e3065bbb8bf6797575b831e3:0:0,dfa3a7bcbb14cc536e2ce90bf811218f:0:0,68e4dd9525698556899efdbb758fd2c2:0:0,ab6028b72ec5744557b2ffe8fbbef34b:0:3623182049,03743beef229bc9cc94a625cd3aca025:0:3393083826
295,A,295,0.07412798702716827,1.086916446685791,nan,nan,512,0,0.07412798702716827,1.086916446685791,all_rows,512,0,0.0024067903868854046,0.0607421875,-3.0971155501902105e-05,0.5889564380049706,0.10442418605089188,1c60ed7ef2c7cb9f597f70007b23ede3:0:0,72f75704ec1481ed29464c68ac4b7dea:0:0,6e824534dfbabe52ba8f48c29298ba4f:0:0,5d3bdf4c40d2b451a45a8a5bafdccf4b:0:485897714,9ffa8af14beb7528ce8ce43ac18edc03:0:2534722386
296,A,296,0.0487230084836483,0.9571054577827454,nan,nan,512,0,0.0487230084836483,0.9571054577827454,all_rows,512,0,0.0033789933659136295,0.0080078125,-0.0013273490127176046,0.45633022040128707,0.11275814496912062,e30f0b065731fa6e5a5208fe08cfa9e3:0:0,2cf267861732940c3c339c4385362d99:0:0,e96fbfe7ad43609fdcf2b3fa7eb97089:0:0,d25f90703ca1d5f83af6b7fbaa3aab4b:0:2457385321,59618a78f91705912bf015dd860cc0c9:1:1863672266
297,A,297,-0.12715455889701843,0.9899448156356812,nan,nan,512,0,-0.12715455889701843,0.9899448156356812,all_rows,512,0,0.012954339385032654,0.051953125,-0.0023586662486195565,0.4912720933556557,0.12011326500214636,a4e38831e1eab5c349dc43aa1ebb65e3:0:0,be7776c34e7579fd469b26930c060303:0:0,cdf2df1e5dc3263e89facb6401f7e772:0:0,3c22ddbd402e73d7bb319e24ead8874b:0:3912830502,a6a333989a6cc02360857e9835cb06b1:1:2153239523
298,A,298,0.024937931448221207,0.981743574142456,nan,nan,512,0,0.024937931448221207,0.981743574142456,all_rows,512,0,0.001096688094548881,0.0341796875,0.0005859578959643841,0.48169900178909303,0.1074839229695499,28e5998be45ee46fd95c5f40bce721e3:0:0,90334b6ae4011a309a2e6ad0f8f7dd6f:0:0,3e066fd5cdf1be4d50f2109c587c2a42:0:0,54bf025b54fb21d33b03923371b6634b:0:1779745661,773088c8ec010ff1b827b1a7bce156a6:1:2265107134
299,A,299,0.00679683918133378,0.943371057510376,nan,nan,512,0,0.00679683918133378,0.943371057510376,all_rows,512,0,0.011399135924875736,0.085546875,-0.004660372715443372,0.4444031253457069,0.10720132204005495,053c053047344eff6be0dafde352dde3:0:0,910c9697b2462d574e28285b5f5aec30:0:0,694f9c5d4353d2ec413df414c8de5086:0:0,f9571ea42ad0af8f22b329833ed43f4b:0:1871764636,848060682f7e55ec98d6903df9d52bb2:0:3948265263
300,A,300,0.048726219683885574,0.9774050712585449,nan,nan,512,0,0.048726219683885574,0.9774050712585449,all_rows,512,0,0.00864904560148716,0.058984375,-0.0032116627786308526,0.4780390545725822,0.11049444903619587,691f71c630258079d248761d91fe99e3:0:0,a4d4fe9e7b98c889385353257649a6a5:0:0,b2e03664d57640d9fd0ad47d0b6fff0a:0:0,db24d13f5fa5c12e08d5397052321b4b:0:3349232694,11affebd682d61716565c3b3c932796e:0:4148995024
301,A,301,-0.08817165344953537,1.088819146156311,nan,nan,512,0,-0.08817165344953537,1.088819146156311,all_rows,512,0,0.00673086429014802,0.092578125,0.0024212084244936705,0.5927300363779068,0.10922351700719446,d071a47c2c83bf6607422fdbc8ea55e3:0:0,269a2b1723860eb45b4b06fea3bc6149:0:0,0173274e96eecf6d3a401480617f98ea:0:0,00916f72a90abe4d8e4cd756abcff74b:0:2396895268,0728674aba66df082ea6a4ddc15a94fc:1:348611019
302,A,302,0.07827085256576538,0.9252643585205078,nan,nan,512,0,0.07827085256576538,0.9252643585205078,all_rows,512,0,0.02151050604879856,0.112890625,-0.004802750702947378,0.4267717063426971,0.10787797899683937,dfcd312a169b1f0ceb4d4774881611e3:0:0,94b89b8629d46a1f72c53336f7bf3533:0:0,86f1b193d62d523d77c7b9ba7c3c08b5:0:0,4bbf91bf737617433a4b58924badd34b:0:4043447421,fff6129f9322b9ad463f6b9fba5c9c77:0:1939010048
303,A,303,-0.06862335652112961,1.04195237159729,nan,nan,512,0,-0.06862335652112961,1.04195237159729,all_rows,512,0,0.0034591262228786945,0.06640625,-0.0031819949857890607,0.5415810599923134,0.1063725349958986,b25acb1c2c34a8fc00b93c23cf81cde3:0:0,b60df60c6a379572fb89625728d5f566:0:0,6c489a60967238c0ab97eeb37fa8bb53:0:0,cb5fe945cbcce0995650527f31cbaf4b:0:4006526593,f33bfd633afd20e0b31cb3ebd3ccb748:0:41216142
304,A,304,0.06878532469272614,1.0047701597213745,nan,nan,512,0,0.06878532469272614,1.0047701597213745,all_rows,512,0,0.0032801791094243526,0.0111328125,-0.003741021687164903,0.5056458294391633,0.11365455196937546,60cccc6b0c729ec827a5cd259f2d89e3:0:0,83eb5f9b5b815936d974d676ec450102:0:0,23255c86ee91e1380c7c601f04a577a2:0:0,a2df6dc2a783c4cbca299a795e298b4b:0:3153701455,65e3189509a5994c42660fd84d969519:0:428223123
305,A,305,-0.07650469988584518,0.984399676322937,nan,nan,512,0,-0.07650469988584518,0.984399676322937,all_rows,512,0,0.0019865292124450207,0.0560546875,-0.0019210296450182796,0.48522438257932665,0.1088527439860627,22cead249342d4105a02f9b5f71945e3:0:0,3086bdfb5f0d91a3d2b2c1a5afd01d25:0:0,be0716ce13be8238be5390eba49a1caf:0:0,3e4beb5ddfb44c44f7f345dcd0c7674b:0:1444909937,487a41c2488455f1fe72fda0341a91b8:1:2970774914
306,A,306,0.0973471850156784,1.0108495950698853,nan,nan,512,0,0.0973471850156784,1.0108495950698853,all_rows,512,0,0.0027019293047487736,0.0716796875,-0.0015999885508790612,0.5109581276774406,0.10340933699626476,ca3d02e9c8a320c067910110d74501e3:0:0,439e1175ca41647a0b0d125ac966752d:0:0,1927edaff42a410c72d9c3ddd2efaec3:0:0,b2f6cada73827b9a9817aa0589a5434b:0:234857075,9edebb538fd1433a7ccd5dd3578bf0d6:1:28357991
307,A,307,-0.04120388627052307,1.0236634016036987,nan,nan,512,0,-0.04120388627052307,1.0236634016036987,all_rows,512,0,0.00784278940409422,0.044140625,-0.002322311280295253,0.5228489264845848,0.10418696602573618,21db3d0659f3eb93b1e062723fb0bde3:0:0,6807d583acc2948eca63943111b8b6a4:0:0,370da6867588bfa03e6037a13ddecd9d:0:0,06249e19e62ec80a954f5c4f88c31f4b:0:3384140075,c2d9db75fba89702bb0d21a2c14552db:1:4208409325
308,A,308,-0.0356663279235363,0.9737275242805481,nan,nan,512,0,-0.0356663279235363,0.9737275242805481,all_rows,512,0,0.014780287630856037,0.0880859375,-0.005976975476369262,0.4737672612071037,0.10174285597167909,9836a8665394ccd7e851dd16305c79e3:0:0,9483f7dfe19e6e350d556ea6a9b5d176:0:0,07d4d05d6378762deed6d0d6f556c942:0:0,fd3a8641cd306237e8a13216ce20fb4b:0:725051566,c5a73ab508df2703863be9af164684ea:1:1770852172
309,A,309,-0.054733652621507645,1.0579453706741333,nan,nan,512,0,-0.054733652621507645,1.0579453706741333,all_rows,512,0,0.0035515250638127327,0.0537109375,-0.0023696042597293855,0.5554514601826668,0.10594287898857147,3b3a5a2f1107496fc4167038a94835e3:0:0,91a345b6ce675b450750751a5f422e12:0:0,ad7bc1aab98ca68871ebf8cc04d7a95b:0:0,7d18f030e2b3d727756240b759bed74b:0:1981415640,350555eb270b52c19526d94bfa298bc7:0:3358916892
310,A,310,0.14177489280700684,0.9902234077453613,nan,nan,512,0,0.14177489280700684,0.9902234077453613,all_rows,512,0,0.0008068815805017948,0.06171875,-0.008043214026838542,0.491467596590519,0.10621555603574961,09e56f2099d3a615c42f5b15aa73f1e3:0:0,709eafe87960ab106eebda5fd0f7b40d:0:0,004f6b8bd0b1d8320a4a93bf199ae0ee:0:0,beed674f30da077ce535dd8d2b9cb34b:0:1971598989,9ee4f794061e5bd8e5924d546f19c8f6:1:2161250086
311,A,311,-0.10191522538661957,1.01017427444458,nan,nan,512,0,-0.10191522538661957,1.01017427444458,all_rows,512,0,0.015188130550086498,0.121875,-0.004894819296896458,0.5116988971829415,0.10863338795024902,afdc9944e16bd2dee96e1ce933dfade3:0:0,adcd187141c57cb96a3689f1747fff8e:0:0,83cd7c5c5977fb42aa3ca8b1edb27ebd:0:0,25fb5e232a1374f7840d9df443ba8f4b:0:3729849185,865bb16f991ef5d25ed32bfe6f0827e0:0:4211829017
312,A,312,0.04891990125179291,1.1105319261550903,nan,nan,512,0,0.04891990125179291,1.1105319261550903,all_rows,512,0,0.007992572151124477,0.1046875,-0.006557003455236554,0.6153887331485748,0.11171448900131509,82713cd2a0486efd727474ef458b69e3:0:0,90fd17e30a7c664e828237717d717790:0:0,0ef27e56b26372b398264c145d0d9004:0:0,b1edc773c2f3e62f1c295748a2186b4b:0:62262968,d1c8dab52c195d28f2ef8bd6b9a71bc8:0:1964390747
313,A,313,-0.05088311433792114,1.0383254289627075,nan,nan,512,0,-0.05088311433792114,1.0383254289627075,all_rows,512,0,0.01693321019411087,0.0927734375,-0.0027237658388912676,0.537386129796505,0.10712068597786129,b8736089bc7be4c397b46263df7725e3:0:0,0c636094a9203b93679024933a48fc17:0:0,9822bea9c925ddfbe03f654ed68783e5:0:0,4a71321de1da6090d2171ee646b6474b:0:167175705,46a51040411d551cfffbabad7db6d54d:0:3223903407
314,A,314,0.03226219862699509,0.9297167062759399,nan,nan,512,0,0.03226219862699509,0.9297167062759399,all_rows,512,0,0.014582213945686817,0.117578125,-0.00523944403976202,0.4311691656708717,0.10571365599753335,fdf8752f77f79de64770248301a2e1e3:0:0,5aefc98fe70d38d58e5ad2219eb7ab8f:0:0,16b20f69b045538254aeeb06a6ec9554:0:0,d95fcd21b8c9789c00b34a293194234b:0:2988188197,642743af8e950204fd1022f25da5dee0:0:2557375052
315,A,315,-0.024721181020140648,0.874699592590332,nan,nan,512,0,-0.024721181020140648,0.874699592590332,all_rows,512,0,0.011627905070781708,0.1259765625,-0.009603373566642403,0.38145345598459246,0.10785012698033825,5b6f7330dabf4fffe1ba3a88ac0e9de3:0:0,2dfd1e42ec7a4c84bbf88464ab532e07:0:0,79d0bfab13da5f190340fd6b33552ff0:0:0,beee48caddcbf85f15286e6d62b1ff4b:0:1297055476,5ec520999d3b9033af9447342b7e8adc:1:2318786530
316,A,316,0.07905607670545578,0.999786376953125,nan,nan,512,0,0.07905607670545578,0.999786376953125,all_rows,512,0,0.0032461718656122684,0.0228515625,-0.0009165941271930933,0.4997864156961441,0.10449408896965906,942304d20f466152f47563b0deba59e3:0:0,256c47ae9c153d058b968dcb54bff756:0:0,bffb9140bde2e66424161b7cee5ad560:0:0,0549f5343641dc346aef610eda0fdb4b:0:3084077597,eeddaff5a8d646d50dfe153cbcaf80fd:0:1685543202
317,A,317,-0.09033076465129852,0.993121862411499,nan,nan,512,0,-0.09033076465129852,0.993121862411499,all_rows,512,0,0.003952602855861187,0.0703125,-0.004013657430186867,0.49380938410758973,0.10287804302060977,4bec66b1a73365ccf7549f3799a615e3:0:0,dedf3d5d3606d7a63289293dd6acf63c:0:0,df3e4ca9df4145c87ec4b5d9ccee0131:0:0,3d35c5c70971a5bf27cf376997adb74b:0:635975157,8a64139decd0552cf6182e6dd2aa5768:1:262045841
318,A,318,0.04159209877252579,0.9198386073112488,nan,nan,512,0,0.04159209877252579,0.9198386073112488,all_rows,512,0,0.008246448822319508,0.071484375,-0.003295810427516699,0.4233267351984978,0.10225331404944882,169557c6fec5b44907db2c58dcd1d1e3:0:0,0c78129d777c55b190cdc18ef39d95f3:0:0,6a77091876701248056606b51589381f:0:0,81ad04b2ceba052817dd46d99b8b934b:0:1429313123,c3365cc1b6a69ee8b772f4178bc317bc:0:2832612709
319,A,319,0.0552707314491272,1.0709749460220337,nan,nan,512,0,0.0552707314491272,1.0709749460220337,all_rows,512,0,0.013794532977044582,0.0712890625,-0.001575599843636155,0.5722350224852562,0.10920756199629977,b57cdd6335191412a55c8a50a83d8de3:0:0,2f0730b8b4c36165df287c52fe9ab887:0:0,5a200418e349adc61ce2a699a036732a:0:0,2ba780b98bbfd89a897d24bae5a96f4b:0:4100503209,64bec2eb08df342ed69b7d8921cdae62:0:2303534681
320,A,320,-0.031279824674129486,1.0292387008666992,nan,nan,512,0,-0.031279824674129486,1.0292387008666992,all_rows,512,0,0.0014399478677660227,0.0263671875,-0.00047737981658428906,0.5294997319579124,0.1100101139745675,e1c1c71c6f8382a86cfc785afbe949e3:0:0,1562516668e57cede18d8456c093c0ad:0:0,17792ad742255bf5fb6db2e5a29acdbb:0:0,a70bdb0ad6f482012960a66976074b4b:0:2983229924,a942f1acb6962fb2097e42d8fc453504:1:3708990662
321,A,321,-0.07830377668142319,0.9059146642684937,nan,nan,512,0,-0.07830377668142319,0.9059146642684937,all_rows,512,0,0.006201705429702997,0.0833984375,-0.0019919431302696466,0.4078936964273453,0.10699853702681139,babec1eb5e4911bed5aef5b3d7d505e3:0:0,923100440184d106578efb00bc3eab4f:0:0,a190a41f14fdb4f19b13f065f97f1c8f:0:0,04e95245d2d09302de87e1414ca5274b:0:3979827586,5e669d7a7fd2f025b76a63a76b60b372:0:1686548434
322,A,322,0.04686633124947548,0.9051045775413513,nan,nan,512,0,0.04686633124947548,0.9051045775413513,all_rows,512,0,0.03280920907855034,0.20234375,-0.005120260838884861,0.40975818783044815,0.10677303996635601,f246692338e1dd82ec3841973c00c1e3:0:0,c4b552bceb4c5276d4efa5a469cbf67b:0:0,a55430730f54427a593978011070aeb5:0:0,bb7afb18b61ecf3fa6412a9e6983034b:0:1176206967,deb6853567213383d8eb1b0c8fefc4ea:1:3141301201
323,A,323,-0.06927601993083954,0.8361222147941589,nan,nan,512,0,-0.06927601993083954,0.8361222147941589,all_rows,512,0,0.005920231807976961,0.0470703125,-0.0005358720198273658,0.3464356616139412,0.11665422399528325,c20a1f4ca80e1b1d0f2cdb41286c7de3:0:0,6e22bd61b467f4e8ec8eaf6fc861771b:0:0,5503510474a31889e0505f2728a06a41:0:0,e87ac652b5b384cd702917dccca0df4b:0:351560606,6bde91087f97e6c2fdbc5bd8dd23f32d:1:2902817765
324,A,324,0.049275003373622894,0.9308949112892151,nan,nan,512,0,0.049275003373622894,0.9308949112892151,all_rows,512,0,0.0015961654717102647,0.01171875,-0.0013827451039105654,0.43278162777423856,0.09370527899591252,402c904c53f43f73aaf181ed9d1839e3:0:0,beb226ed8b558af85850800013c8cd6b:0:0,a1b2e03a86352fddc21bd826dea22d57:0:0,c42aff9b63ec3af4fa2a7e5875febb4b:0:1088523017,9044a312115cc14883f3e0c5f54b9efe:1:2118219259
325,A,325,0.028440196067094803,0.9425809979438782,nan,nan,512,0,0.028440196067094803,0.9425809979438782,all_rows,512,0,0.006389406975358725,0.0853515625,-0.00474517724942416,0.4439020201563835,0.09535473602591082,7470919e0c853e2df5bb34d89a03f5e3:0:0,ca0cc42317a2bb3b33aaed22f989cfbb:0:0,f6035291c5551b02182a72b8aa752c5f:0:0,29791760da53b72eac7e736d659c974b:0:425804249,1fec64e9170ece3becf25aff238a782c:1:803617916
326,A,326,0.03181412070989609,0.8550594449043274,nan,nan,512,0,0.03181412070989609,0.8550594449043274,all_rows,512,0,0.028672827407717705,0.167578125,-0.010388423502445222,0.3636268049478531,0.09888117702212185,43fea4cdc262e0f6ab8f333e1f2fb1e3:0:0,66ca88aff34529755beff176acb7faf0:0:0,c1f96ccd554611ba2894a118916ecc31:0:0,8ff48dec41c6585f75ac4c779b7a734b:0:2069333346,f4eddef89b1774c13ed11abcbbe25463:1:1374036513
327,A,327,-0.1391330063343048,0.9372752904891968,nan,nan,512,0,-0.1391330063343048,0.9372752904891968,all_rows,512,0,0.004033720586448908,0.020703125,-0.0018901905510574578,0.43799673169851305,0.1020728419534862,8f9eabb7c68436feca42fc5a2c9b6de3:0:0,f0ffde39670e4124b9ac7dcf41e20639:0:0,fb1e604f53959ec56669cccaa0962dfb:0:0,f548b4ea8d72c855a6899ed317984f4b:0:2651410892,3cf21dbf6fce614b4bd6608581c0c879:0:1382346312
328,A,328,0.10835936665534973,1.07415771484375,nan,nan,512,0,0.10835936665534973,1.07415771484375,all_rows,512,0,0.0017168790800496936,0.0470703125,0.0017092514783143998,0.5752554997801781,0.10008780402131379,5fc0657a06d41cc04d7c4f68c24729e3:0:0,d71c579bf1acf4c161391a6173d02376:0:0,b4cf67984c3c1ce26b91c257d8ff51c8:0:0,63b7b8157d130385ce3a3fdbd9f62b4b:0:3844656813,ecbf3139b8be7e6b3660572e790e1ac4:1:1542243064
329,A,329,0.013085352256894112,0.985133945941925,nan,nan,512,0,0.013085352256894112,0.985133945941925,all_rows,512,0,0.0031890529207885265,0.02578125,-0.0011856629047542811,0.48191940039396286,0.09455486398655921,5b040e603e05dc00eab12ba5e032e5e3:0:0,262261583f0fbe7839ee9237b2221fd9:0:0,5a470e20975e13abee290e5f5738c6ee:0:0,6800f5073ab9b707963044ede294074b:0:191632191,1676c688c232bb26ce7dafbc9cd9ae9f:0:3468712777
330,A,330,-0.08118779957294464,1.039986491203308,nan,nan,512,0,-0.08118779957294464,1.039986491203308,all_rows,512,0,0.0048638880252838135,0.0234375,-0.003093550121411681,0.5411238387227059,0.09261997102294117,af64fc754cdbe414cd27d04d865ea1e3:0:0,9699a3ff171f4613758a5876a62f3e91:0:0,b7170768aa05c964591cc223a112baed:0:0,49641da1288ff4d29e2c03653171e34b:0:2246473170,800247e52bd2b648e341d67deac54859:0:3239575057
331,A,331,0.02989937737584114,0.9796287417411804,nan,nan,512,0,0.02989937737584114,0.9796287417411804,all_rows,512,0,0.0004042173968628049,0.0779296875,0.0016895157285034656,0.4800685286521912,0.09185002604499459,b3f24dc4331c9a6151f6bc9bb4ca5de3:0:0,85cd2afb11fa3dbe6d04bf6ea4936fdd:0:0,6d982f6a3b27f39a44efa37f00814b4d:0:0,9855efccb2df3e3b583c109dc68fbf4b:0:1171341829,56108c5e4d1e4ff4ae3b562018d812f9:1:854093761
332,A,332,0.06288990378379822,0.9337949752807617,nan,nan,512,0,0.06288990378379822,0.9337949752807617,all_rows,512,0,0.0004102148814126849,0.0298828125,0.00010475743329152465,0.4365370854735374,0.09726902301190421,8165b4b35e71431fc404afcc6b7619e3:0:0,351e84932e2ca54079d247db18152370:0:0,c55279d762a1a1de9f2ff298efbed615:0:0,123a78bb3ac3e4afe4bd41f3a1ed9b4b:0:1332245396,b57f69facc9e8be429851a9062cd780b:1:2606068383
333,A,333,-0.13974757492542267,0.930298924446106,nan,nan,512,0,-0.13974757492542267,0.930298924446106,all_rows,512,0,0.02052411250770092,0.0822265625,-0.0011408427730202676,0.4335678592324257,0.10133214999223128,3b262245456b02601808a91baa61d5e3:0:0,71a59a6dc7b656431ce7deddb250404f:0:0,7fe3262e21fa24e213d0ed66065aa1b3:0:0,5053e1286de3c0b4ee5aacc2c38b774b:0:2340420576,d080578c14b099d4f9defb1edea55842:0:3939052705
334,A,334,0.03639247640967369,0.9546447992324829,nan,nan,512,0,0.03639247640967369,0.9546447992324829,all_rows,512,0,0.03494388610124588,0.1837890625,-0.004477761732414365,0.45518486499786376,0.09581827698275447,689b7d6984e9f54ba889e7c5718d91e3:0:0,37f93b5c565c421b0621d46a1957d7aa:0:0,d8e16e517671f70ea226b69d744d3034:0:0,a44ba3809f853f22860da6672b69534b:0:4091180598,5a951467dd733fb88db95e2910ced55b:1:4155215708
335,A,335,0.10631859302520752,0.9965376853942871,nan,nan,512,0,0.10631859302520752,0.9965376853942871,all_rows,512,0,0.01052787248045206,0.0810546875,-0.00794388137292117,0.4965006962418556,0.09390358196105808,3869c1e9f62263a7f1dfeb05c0f94de3:0:0,88b18725e3892191869dd1ab6c979659:0:0,fc8b3a91cc4b3e9ee8eb4a6ffe8af713:0:0,4b8ecc2af762c4a0ff1dc43cd9872f4b:0:2063265060,608cb78aabe4b2a4db4db200790c81a6:1:3895657147
336,A,336,-0.12257818877696991,0.9113574028015137,nan,nan,512,0,-0.12257818877696991,0.9113574028015137,all_rows,512,0,0.007649565115571022,0.1166015625,-0.0013867418747395277,0.4160431534051895,0.09375555900624022,7c74c8df737c09994e32721898a509e3:0:0,3ed1ed0ba5aee58d9e5a29a41047cde1:0:0,148e652e929c66a1816a4a977225fe4e:0:0,2a647f958a966765cb20db9fcde50b4b:0:196628777,993a89dc0ad0ca251ec749fb3631ff58:1:2633204949
337,A,337,0.1308048665523529,0.9836938381195068,nan,nan,512,0,0.1308048665523529,0.9836938381195068,all_rows,512,0,0.002035600133240223,0.0228515625,-0.0010002718307077884,0.4818579092621803,0.08997798402560875,46b29ffa428779a5b1797c39f890c5e3:0:0,56e9bf0269576a39743d4d251adab263:0:0,dab1d82515fa6aa9853aaca550baa64b:0:0,ee7078ffb2f9ff3055fb01ec0882e74b:0:1903108727,fb93749ff7d53ff5a7d8e907258700cb:1:1898870371
338,A,338,-0.10446370393037796,0.8966895937919617,nan,nan,512,0,-0.10446370393037796,0.8966895937919617,all_rows,512,0,0.006687135435640812,0.07265625,-0.004318091436289251,0.40273318290710447,0.08975497900974005,f410b44a594596f7657d48a5e0bc81e3:0:0,91bcb49c75e2ee79beed913931e8d956:0:0,3fba9ea2054ab1af52e9028ade5855e8:0:0,3479885d39578b86e1de8c7d8960c34b:0:1181658424,3ace412d552409b2743b6ee85d5a9d4d:0:1409104852
339,A,339,0.019321465864777565,0.9256446361541748,nan,nan,512,0,0.019321465864777565,0.9256446361541748,all_rows,512,0,0.004322100430727005,0.108203125,-0.009154452243819833,0.42746025025844575,0.09031906997552142,cc483093f4fd27dfc5d6569851283de3:0:0,474bc0df31fc04ca47b9df281941dbab:0:0,3e81c4950ef4cd29041cef1561e9da5b:0:0,7d0e450b26c5f033634c10b0507e9f4b:0:3983990512,24e6571e153362a3538a7c0823209489:1:356234773
340,A,340,0.05691918730735779,0.9282377362251282,nan,nan,512,0,0.05691918730735779,0.9282377362251282,all_rows,512,0,0.016977649182081223,0.1748046875,-0.004757510684430599,0.4308782577514648,0.09125592303462327,d3afc69d38da8099fbed654d49d3f9e3:0:0,d29b4ffe913191796167a91244cf5705:0:0,51041ba623ea96568745a5467cb5d3b4:0:0,c540366d518e08005d1263e05ddc7b4b:0:717653545,5d26f820ed1980ea3e95c2fea98d1076:1:690043079
341,A,341,-0.16282400488853455,0.954419732093811,nan,nan,512,0,-0.16282400488853455,0.954419732093811,all_rows,512,0,0.0008733279537409544,0.0576171875,0.0016407647635787725,0.4538720577955246,0.09183479094645008,a724ae41ca95464dbafb7400cabfb5e3:0:0,eefae1e0e47379afc7d1fe7293ab8796:0:0,77ad1a14898cfe26af62ada8af780869:0:0,e2679ae9f9f40db5bc4e9b69b17a574b:0:687964232,8378e05c5348c16fe5d793878b2b900a:1:3630387557
342,A,342,0.18578433990478516,0.8947797417640686,nan,nan,512,0,0.18578433990478516,0.8947797417640686,all_rows,512,0,0.005273264832794666,0.09765625,-0.0078950417926535,0.4040967747569084,0.09023860900197178,e249f479a3584a51fc09c1eed3eb71e3:0:0,9aebb4d229f86de4023c4ea43f5f6e79:0:0,0c254fa6a841538cdd7f7f18f2ea78b1:0:0,aff7b9170b415b55b46c0ca84b58334b:0:3085435693,47c80b235444580c5e30798ce81e1c43:1:573017340
343,A,343,-0.09256666898727417,0.8892375230789185,nan,nan,512,0,-0.09256666898727417,0.8892375230789185,all_rows,512,0,0.0055090878158807755,0.05234375,-0.0026195085141807795,0.3960843160748482,0.09420907497406006,4ddc3fe08b277dafb9f1ce5365572de3:0:0,5e5d376e6a1d8899c4529212c9110019:0:0,ddb439be7fea9cbd8d9306cf7461d447:0:0,1b1d464ad56a7f999b244cf82b760f4b:0:1241572394,128c53c104fbce23ab403610a13b4790:1:1000130141
344,A,344,-0.019866684451699257,0.8550406098365784,nan,nan,512,0,-0.019866684451699257,0.8550406098365784,all_rows,512,0,0.006755331065505743,0.096484375,6.90350541844964e-05,0.3650418475270271,0.09096965502249077,8ef0f7abf4fffce4ad5d586a7f02e9e3:0:0,f2cbd01f6e8e02672f19834ce0985224:0:0,f02723d1c2e03ba56d5ba62c9162dff7:0:0,876de92053ada9aec47f31b551d3eb4b:0:2168398194,f1874bbe7b14a6e79f6f20a5d68591d0:0:4001804730
345,A,345,0.0014073587954044342,1.0049175024032593,nan,nan,512,0,0.0014073587954044342,1.0049175024032593,all_rows,512,0,0.016132894903421402,0.1205078125,-0.005469983723014593,0.5027115672826767,0.09007281297817826,f0ea3d5d31ee33e608c65f7020eea5e3:0:0,1f67609f9c4f073454e17ae2a4bbfc1d:0:0,84d08441ab1e45bcaad7227cd6033492:0:0,509935dd54856b335ed2d03bbe71c74b:0:1254588644,1e110baf446fb79c66300a1122769b45:1:3002089987
346,A,346,-0.006592541933059692,1.0163167715072632,nan,nan,512,0,-0.006592541933059692,1.0163167715072632,all_rows,512,0,0.016203008592128754,0.1283203125,-0.003992224670946598,0.5153482005000114,0.08973697701003402,d2f568de31561a63347722a04b1a61e3:0:0,5d5b475d549244d3671e5b6f9100e0ce:0:0,593699bcdb98e0a83f01a8914c482bd1:0:0,b510b607174bd0734ec37de7714fa34b:0:1594044451,5d0550d0905cc15a472d8cc9187241ce:0:1560356916
347,A,347,0.13830570876598358,0.918563961982727,nan,nan,512,0,0.13830570876598358,0.918563961982727,all_rows,512,0,0.005794975440949202,0.06875,-0.003176123695448041,0.4134234875440598,0.08989363198634237,e74fb21744a988488a8a2136fd861de3:0:0,2a9b179b7bed4971292fbecbbdca118d:0:0,2c67a1d20f1f053076a0cc0217644e98:0:0,a33d9bd033e9cee50b43d0146a6d7f4b:0:3294201009,18be9f2738e3fd818cbdd4d620409b16:0:1582304559
348,A,348,-0.19797781109809875,0.9869393706321716,nan,nan,512,0,-0.19797781109809875,0.9869393706321716,all_rows,512,0,0.010006317868828773,0.119140625,0.0018920446746051311,0.49348477721214296,0.09001781302504241,768c6a6c9cc8a28212ea1a703831d9e3:0:0,13aaba5a143f5274a8c778017321792d:0:0,2bebf43bca7169cc2ef00ce8ab2b9bb6:0:0,1c57ad68e0ef09e679949c1ea9cb5b4b:0:1523287650,397e03534736658640383f7aaa4b5d64:1:3817465112
349,A,349,-0.08121772110462189,1.029557704925537,nan,nan,512,0,-0.08121772110462189,1.029557704925537,all_rows,512,0,0.005734179634600878,0.0748046875,-0.009440887672826647,0.5147012785077095,0.09063376497942954,e3f19bf277485ffe3f520d87fb1d95e3:0:0,82bc149bb153057ef5963e58712895e6:0:0,26ae14158430470603d5a036d67214e8:0:0,8b89bb98ec6dedb9c944f7622f69374b:0:2965452476,8c08cdfc4135b9b79b7f23b46c45089a:0:95295013
350,A,350,0.1933678835630417,0.936263382434845,nan,nan,512,0,0.1933678835630417,0.936263382434845,all_rows,512,0,0.00102869828697294,0.0294921875,-0.0003725756658241153,0.444034181535244,0.09158185200067237,69f3138731db26f0a74d39ba464951e3:0:0,43ee7b393b80e08d666a02c1fec34928:0:0,2a84c2a238c5c903a1b9474baad00527:0:0,f4049a68fbf820c25032373afb47134b:0:565537424,9f135b82b94e4e6d4b64b9aeb8e599e4:0:1476614063
351,A,351,-0.15562963485717773,0.9232927560806274,nan,nan,512,0,-0.15562963485717773,0.9232927560806274,all_rows,512,0,0.008393063209950924,0.10234375,-0.00907025821506977,0.4293505445122719,0.09099101595347747,1720c662ba178254c4371e4319b50de3:0:0,4f55a04bde597a1bba451730ad2df4da:0:0,b6e3e9c6dfc1d689008fadf119f08f66:0:0,9b3211fee8174b016687f1050d64ef4b:0:4019572369,c04f2303debc2f303d9cac48bd5dd00c:1:2404082657
352,A,352,0.08012501150369644,1.0490649938583374,nan,nan,512,0,0.08012501150369644,1.0490649938583374,all_rows,512,0,0.0032164310105144978,0.084375,-0.0028575463918969037,0.5493574619293213,0.09351970499847084,24c42b0b0fd8efb0ad3b7a5e7560c9e3:0:0,79dfcf771ba6fc899fa0a30fde9d4dfa:0:0,fcdc077639bed9a4a85ea3ac3fec4e81:0:0,3ba5992f479e33d342bffa1c65c2cb4b:0:3798066281,70a6a6526102be3a9b9d891e20fcd23b:1:535216158
353,A,353,-0.008306453935801983,0.9166866540908813,nan,nan,512,0,-0.008306453935801983,0.9166866540908813,all_rows,512,0,0.015562898479402065,0.1298828125,-0.006992632662877441,0.41950029581785203,0.09028211300028488,792880fdd076c517d3564d48594c85e3:0:0,ef63813b8b3a92f85d10e0119c3c888a:0:0,e33cfd0698d2e434a17e53775525b5a3:0:0,3ff0e2a47f2e35ebd5a267dd0460a74b:0:625071269,ebdfa3cc326ba95c2f1c94e21ddf3f0e:1:818793355
354,A,354,0.08421884477138519,0.9656834006309509,nan,nan,512,0,0.08421884477138519,0.9656834006309509,all_rows,512,0,0.012877537868916988,0.069140625,-0.0023844313807785513,0.45896433889865873,0.09298639697954059,306421bf010d2f6dbd53d63cc57841e3:0:0,991f9ac6ad94e3a95f1317ab973f1ca1:0:0,2597658cb171af4679468e06b271c1ad:0:0,686658d9e94d0993a6458fa2e93e834b:0:484619827,f19d06d82e26bf8e7e26e36b7c60aede:0:4223556405
355,A,355,-0.1648636758327484,0.9702295660972595,nan,nan,512,0,-0.1648636758327484,0.9702295660972595,all_rows,512,0,0.007113442290574312,0.0560546875,-0.005754446424543857,0.4739591896533966,0.09086583601310849,07acd15d8e1448e8c3d09477b9e3fde3:0:0,4bc56636c2df4d2c6b3e408fd116e017:0:0,ca95c1272ac3533414acee4a3e11146e:0:0,fa539487eb66e524ae0e06ca145c5f4b:0:1366706487,eb2de1f9860f7428d826cbadef30dfda:0:3268056346
356,A,356,0.1458025574684143,0.8895531892776489,nan,nan,512,0,0.1458025574684143,0.8895531892776489,all_rows,512,0,0.00618312694132328,0.073828125,-0.00010526126716285944,0.3983482360839844,0.08981361298356205,290e9bde368147d4cd394735368fb9e3:0:0,88798fbf9b292d9b1441e314ce6a21dc:0:0,6a8f0d8c9346b3159769516bff789e28:0:0,9099a47c0c18f3c734aea2ae85ba3b4b:0:681192584,793c5589d31a41013d8d8a8d52c98c52:0:122631501
357,A,357,-0.014318794012069702,0.8439016938209534,nan,nan,512,0,-0.014318794012069702,0.8439016938209534,all_rows,512,0,0.009796802885830402,0.0634765625,-0.0015351701527833938,0.3554826661944389,0.08907127397833392,c004205dd8adc59609caedb13b7b75e3:0:0,49f73ab5aa1e5598118e0c6e2c3423ea:0:0,0330efe849424f56061df5ade550d44e:0:0,4300a5365f20226eac2878ac3d58174b:0:891678504,d1af446a56192899892360303e2a49ed:0:3259344515
358,A,358,0.0028259349055588245,0.9623717665672302,nan,nan,512,0,0.0028259349055588245,0.9623717665672302,all_rows,512,0,0.0065484000369906425,0.064453125,-0.0008067323826253415,0.462313574552536,0.08903728303266689,9b303a1c57411debaf92c727c8a731e3:0:0,28364cdf92f6786435b7daf33cf6a21c:0:0,f2d6ad2c95f885d8c23f39308fbfe4c7:0:0,8177aa03db4843168ccade1f3b35f34b:0:3766333533,a71ced65430e7ee9b22e500b6ef054b7:1:3071737621
359,A,359,-0.03002161905169487,0.8388782143592834,nan,nan,512,0,-0.03002161905169487,0.8388782143592834,all_rows,512,0,0.016905363649129868,0.20234375,-0.0050714568234980105,0.3505904957652092,0.08967621601186693,9493c3018c57e672b66e52d4de12ede3:0:0,8beb287ede7fe7c98aa81b7566b76553:0:0,9ebcf7bdda8656eb25b30868c0e31cd4:0:0,18e158ab6eb7863f313368637f53cf4b:0:3500624067,a8342acb586684d4c761fc939fec8a4a:0:2519851651
360,A,360,-0.04924537241458893,0.9374340772628784,nan,nan,512,0,-0.04924537241458893,0.9374340772628784,all_rows,512,0,0.0026991204358637333,0.044140625,-0.0024221464060246944,0.4361045822501183,0.089880165993236,304eb28e01257e68940b4ff47bbea9e3:0:0,8c84132e342f61415175c165d23298c1:0:0,3616eee02943d3f08c4d94802175ec09:0:0,c658d421e5f24aaab24decd509b1ab4b:0:2625271329,c3ddc96952a71a890ff62a94212d476f:1:3825038218
361,A,361,0.050559937953948975,1.0609560012817383,nan,nan,512,0,0.050559937953948975,1.0609560012817383,all_rows,512,0,0.006532623898237944,0.0826171875,-0.0029313416220247746,0.5619990795850753,0.09068092401139438,828a1f89604bb6adf7e7bdc2a1aa65e3:0:0,bdb0ed445b5f9c33a56efdb214e667a2:0:0,ff187881c799edcf2ed1efed285a93ce:0:0,ea41aa16f9f34359c35480cfda4f874b:0:1162524232,b7df21c0909ea8a88aced607486ab2ca:1:3191785376
362,A,362,-0.08815424144268036,0.934729278087616,nan,nan,512,0,-0.08815424144268036,0.934729278087616,all_rows,512,0,0.005318854935467243,0.0291015625,-0.0006541767157614231,0.43540476858615873,0.08913856599247083,9fd0aa20d92492098751db7b4fd621e3:0:0,53c3128e6d7f7e7c372aaf804b03c7d7:0:0,d89e178d17278f9f64d8d857335dfb74:0:0,bc386a8c19b3f3c88dcf79aff12d634b:0:642240829,8f5d0842b9d4fe26f03de9f710a72463:0:3039722312
363,A,363,0.14404408633708954,0.9830526113510132,nan,nan,512,0,0.14404408633708954,0.9830526113510132,all_rows,512,0,0.011997748166322708,0.0873046875,-0.005094849923625589,0.48323593139648435,0.08923873299499974,481c8f87ea3a1daa9968285a8641dde3:0:0,bcc96a547b206e3ddfc4596f76794088:0:0,b3f41d205527a9facd1ed277aef512a0:0:0,3a586003c381826b8d956cd14e4b3f4b:0:4102217524,213bf607644603119db8961ace4386cc:0:3720119136
364,A,364,-0.0052187819965183735,0.9710707068443298,nan,nan,512,0,-0.0052187819965183735,0.9710707068443298,all_rows,512,0,0.010146817192435265,0.0658203125,-0.0032764374278485774,0.46755209416151045,0.08859872299944982,cc7e1f8e492861ebf319639c44ed99e3:0:0,348c20bf1ee582267803dad6ba2bbe71:0:0,a0f696ac5e5b6caefcfc97794596cc10:0:0,57858a368279e16c6ccb2f8ff1a91b4b:0:2278635994,3164f71a1d6b21f729e2d08e56764695:1:1981909090
365,A,365,-0.1627323180437088,1.0157182216644287,nan,nan,512,0,-0.1627323180437088,1.0157182216644287,all_rows,512,0,0.002834593877196312,0.1115234375,-0.006048026448115707,0.5166590720415115,0.08919141197111458,09b27ffdde256b5683248c7c8bd955e3:0:0,93649893014baa23178b9d50598d8429:0:0,c895a9114514e47fd11b4afcdc97e47c:0:0,0bc08498e48d4da6dfe3d747db46f74b:0:1963513079,e5b40cc8f652437744ad21555ba3223f:1:2358693590
366,A,366,0.10633500665426254,0.9673858880996704,nan,nan,512,0,0.10633500665426254,0.9673858880996704,all_rows,512,0,0.010246362537145615,0.1541015625,-0.0014480792451649904,0.4679854840040207,0.08971290098270401,5f9198f4096b6be41e18e2375b0511e3:0:0,58cfc1d74e332085028b8f1d05800ef9:0:0,b9ab06369a3feaaa2f2c2eb03910df7a:0:0,453c655bfd6023e581a0b9550b24d34b:0:2018992718,1071633cf37307dff9435f9ed95db384:1:3197313994
367,A,367,0.03727409616112709,0.9612283110618591,nan,nan,512,0,0.03727409616112709,0.9612283110618591,all_rows,512,0,0.003416098654270172,0.0783203125,-0.0015515522100031376,0.4605286121368408,0.08927453000796959,7622b0c9a8c0f4823a55e408b270cde3:0:0,66461ef7d98f3d43541c99c5e4fa74b2:0:0,c450d81ee74189da3c3c20eedab5afcc:0:0,b73ce0f04a690c5eaf116b138142af4b:0:1595824477,2cf0d67d85e8854d6b4f9f7f785b89a5:1:2634610665
368,A,368,-0.08068916946649551,0.920623242855072,nan,nan,512,0,-0.08068916946649551,0.920623242855072,all_rows,512,0,0.004465423058718443,0.03203125,-0.0016026977216824889,0.42481074184179307,0.08906664000824094,0da9a57d935b46d4ac0b512c921c89e3:0:0,ed92757bfa02c7000f80abf9f0af4295:0:0,2bdd6683bd746ba6aa4cf731edbc9b2e:0:0,8aed19710ca77c716393c1df3da08b4b:0:2353135054,1a8c6e7341ac8546f42f8aa48b3926f4:1:3418001299
369,A,369,-0.01855967752635479,0.9318544864654541,nan,nan,512,0,-0.01855967752635479,0.9318544864654541,all_rows,512,0,0.003821286838501692,0.07109375,-8.892687037587167e-06,0.43285503685474397,0.08928875502897426,af5ad4f58256bf38613928defa0845e3:0:0,83a2a46f255a588ba3661a7c5af66265:0:0,41e28e28662c479faad0a646fab01fc1:0:0,6ca578bc6c4e8ea214d3d314403e674b:0:2384280879,fe7e8e099e4a29aa9a1bdf0d51fb6923:0:3368722953
370,A,370,0.018214009702205658,0.9379948377609253,nan,nan,512,0,0.018214009702205658,0.9379948377609253,all_rows,512,0,0.0015041639562696218,0.0349609375,-0.002584777306765318,0.4400346681475639,0.09062867000466213,80d9a4c99c0157061dafaa5bea3401e3:0:0,e5c354286517ea056936312b3e210cfb:0:0,0e4d79dfd5bd93c7730c74ff7e01bd00:0:0,bbb8c75afac030d78ecbf40e891c434b:0:3444690801,d3f30328328a0486a1f8e51b8c8cd994:1:3194174432
371,A,371,0.1124328225851059,0.9049145579338074,nan,nan,512,0,0.1124328225851059,0.9049145579338074,all_rows,512,0,0.015074031427502632,0.047265625,-0.00021118044387549161,0.4066117838025093,0.08901367703219876,657535af18333f15370f54df629fbde3:0:0,c63fabf7f5315978a2039e6a8dc9154c:0:0,4cbdcf5b33c74aab1bbe37f841eb8702:0:0,2a1e61b76734a8d7cfc4ba2a183a1f4b:0:3879302838,fceaf4c89d2c65494269ae666c13732b:1:2097591645
372,A,372,0.036021869629621506,1.1226238012313843,nan,nan,512,0,0.036021869629621506,1.1226238012313843,all_rows,512,0,0.006987554486840963,0.0572265625,-0.002682051435112953,0.6213787496089935,0.08935129403835163,a58025f6b3f1927e50c8e7a5634b79e3:0:0,a65b897c3fff4c3896e5075061c95743:0:0,8845a0e3935341295a2b4448e05764e2:0:0,4268f8857a6a6f04e454fac2ed97fb4b:0:2488247868,9e662948a08fcd9f19eea3d64b7baca6:0:1037560002
373,A,373,-0.015539963729679585,1.0629949569702148,nan,nan,512,0,-0.015539963729679585,1.0629949569702148,all_rows,512,0,0.00569170992821455,0.080078125,-0.0011832098476588725,0.5640294492244721,0.08919881103793159,2e6359f3ea97219e181d61e9ec3735e3:0:0,c0f236eac6cd95b8739f186bdf098b7c:0:0,868ef9b1688ae2d9cab02293eed8f5e5:0:0,7baeb095adba5f59c361cb350935d74b:0:2453545034,b47d97b83d25e2a81943369b8e40aa1a:0:152935210
374,A,374,-0.09421002864837646,0.9253577589988708,nan,nan,512,0,-0.09421002864837646,0.9253577589988708,all_rows,512,0,0.005800809245556593,0.2060546875,-0.0033411755692213775,0.4256551444530487,0.08926752803381532,cd6890822abf5558001e02e8fd62f1e3:0:0,cf415306c7f6532938ef8f66011006db:0:0,52e01350d348c458a09e3c814e6188a7:0:0,2298b9b0f1ec40a72a1e80dc6b13b34b:0:3959981625,85b00e68f822edc443554d510a673e36:1:4179814905
375,A,375,0.07675129920244217,0.8369887471199036,nan,nan,512,0,0.07675129920244217,0.8369887471199036,all_rows,512,0,0.010317699052393436,0.0787109375,-0.0035419926047325135,0.3506695866584778,0.0896187390317209,33f0153d7d2f2a98fdac49de96ceade3:0:0,136830fc8478837fc30752e39a2ba372:0:0,7fed0725d8a3512b76f446f30cc36c07:0:0,d2fd93767a27a210780cb11513318f4b:0:304494225,1c1177a6d03269e007148cdfb3296c8d:1:3660975094
376,A,376,0.0009055254049599171,0.9645588994026184,nan,nan,512,0,0.0009055254049599171,0.9645588994026184,all_rows,512,0,0.0011070879409089684,0.0298828125,-0.0013987926300615071,0.4645904183387756,0.08864444401115179,c615296453f8461a4379f606b87a69e3:0:0,db8400522d46d979c18a9b549c903167:0:0,7acb0ccac9afc1ea9a25d9d8504587b7:0:0,ec7232939f5d0ec88afc313b018f6b4b:0:3519051027,64dc9e6fe3cd86158e163bccc611eab9:0:3996538485
377,A,377,-0.009557675570249557,0.9555285573005676,nan,nan,512,0,-0.009557675570249557,0.9555285573005676,all_rows,512,0,0.006253669038414955,0.060546875,-0.0025290902238339187,0.45645334869623183,0.09019655699376017,d4eebfb878122063fe09069d626625e3:0:0,4dd7d269577e8e768ff5307eda804dec:0:0,da03c89919e62d3a928e1e1aa436924b:0:0,bc63100c3083980e9b0b16aa362d474b:0:223087965,20d4b9e705ec77369248bbf63dc827d6:0:3769801730
378,A,378,-0.07534569501876831,0.9594752192497253,nan,nan,512,0,-0.07534569501876831,0.9594752192497253,all_rows,512,0,0.009761138819158077,0.0322265625,-0.0032920507714152337,0.45741521269083024,0.08896195003762841,9bdde7154ba54a100fabbade9491e1e3:0:0,1fc5a3af5b72b55374eb93fbcbdac3c5:0:0,30b3d2cf51ce0ccb4a9736daafdc71e8:0:0,6fc6dfa7c406b56b16a5b6beb10b234b:0:2712847375,0e50f573279b306ad0c102dfbb66ed75:1:4224859893
379,A,379,0.08397720754146576,1.0537261962890625,nan,nan,512,0,0.08397720754146576,1.0537261962890625,all_rows,512,0,0.003562875324860215,0.0337890625,-0.000768742966465652,0.5554576247930527,0.09064879600191489,ccf8bad1d744c84ccc8492064efd9de3:0:0,051ca84c2f6134f0282bab8895a41a08:0:0,667eca9779ae2d484f1ce1f0a66ffe83:0:0,a39939f6dec07b2c7e86a6d47228ff4b:0:581757060,f15310158a8cc660354d2283d4a1d3f0:0:1105406309
380,A,380,-0.00026934314519166946,0.9878031611442566,nan,nan,512,0,-0.00026934314519166946,0.9878031611442566,all_rows,512,0,0.007974177598953247,0.0298828125,-0.000973208318464458,0.4847690790891647,0.08949520700844005,53d7e7655851899fb6864b5091a959e3:0:0,69b0ff8444d2d9db747435e399debff2:0:0,a6b503de60f748dce0d3f9f164f7c744:0:0,0443f1c104dc272441b6bc477986db4b:0:2734335683,69ac985a18817ab15cccdb9a650f5146:1:1670053325
381,A,381,-0.05064211040735245,0.920610785484314,nan,nan,512,0,-0.05064211040735245,0.920610785484314,all_rows,512,0,0.004944630432873964,0.038671875,-3.6385422572493556e-05,0.4228881001472473,0.08873447001678869,e01dc52546c3f2e83973e5f95c9515e3:0:0,dd88902c07defc3767399bb24ff68c06:0:0,f62cc21b125b80c3ca03ed078a0c2893:0:0,3f32140b08fd03a3998d0c73c724b74b:0:1775324542,826df9bb3eb16b63016344e4528d3ce2:1:1815893889
382,A,382,0.029674099758267403,1.0305054187774658,nan,nan,512,0,0.029674099758267403,1.0305054187774658,all_rows,512,0,0.011340804398059845,0.0408203125,-0.0027773193083703517,0.5300393715500832,0.08922104898374528,6a38ba54089784a266e0a13cafc0d1e3:0:0,7744d52500d7e35fb4431480c271e279:0:0,93817d10c7701caaeee91e83b57f624c:0:0,fd37b5432e05a0b865aeecb55b02934b:0:825406444,2aa440330c7d2de5a4c9f8218450c85c:0:1852021614
383,A,383,0.004470788408070803,0.8855845928192139,nan,nan,512,0,0.004470788408070803,0.8855845928192139,all_rows,512,0,0.019556846469640732,0.155859375,-0.01453933003358543,0.39176225662231445,0.08914632198866457,e5670117c9149869b22ffc568b2c8de3:0:0,8cc43b9bc546fde42f2efb996168fb3b:0:0,e291deb89cd4cb2fc608cb45417639f9:0:0,1685ad7eefdb63aa080ff26835206f4b:0:150229752,a103009f2ff37d023bbc78ca47ef7a88:0:1432886279
384,A,384,-0.1267433613538742,0.8869801163673401,nan,nan,512,0,-0.1267433613538742,0.8869801163673401,all_rows,512,0,0.01371854916214943,0.0748046875,-0.006107773026451468,0.3899019926786423,0.08895881404168904,5a2015512a3436bbac95b682eed849e3:0:0,a843978b8b5c4a4015df503cd6c27f52:0:0,000dfa73ed8162d1f5e0729c9f271aad:0:0,17c8411487826cb640f1f2e8557e4b4b:0:3938045343,4dd2d4b68a70dcb2dae4f0e79f3d3b50:0:3170652902
385,A,385,0.058587972074747086,0.9152180552482605,nan,nan,512,0,0.058587972074747086,0.9152180552482605,all_rows,512,0,0.005440081469714642,0.0451171875,-0.00071815000846982,0.4179494008421898,0.08856135699898005,5bfff1a9c65a04fac115cefddac405e3:0:0,3cf074fcf3576fca829bc74ac7819bc7:0:0,ab124ba49bbcc5c0ecd8b215d89b5eb9:0:0,ea136a387eedd30e0ae50391bc1c274b:0:1033529968,bf3f6e96d4b2e634b085a0581b378a4d:1:2644352778
386,A,386,0.06385915726423264,1.010603904724121,nan,nan,512,0,0.06385915726423264,1.010603904724121,all_rows,512,0,0.005177601240575314,0.0880859375,-0.0015937375137582421,0.5083184361457824,0.08914090401958674,de61e292b8a04bb0f08485034eefc1e3:0:0,57d1217cdba5293a88d067652c616acb:0:0,e651efee5a22d5776dda6749c7dee660:0:0,629f0ba5e8e0371276c779c068fa034b:0:439638292,6d304d3284fcb8834f2158a88cf3b6b2:0:31573540
387,A,387,-0.1031111404299736,1.0033822059631348,nan,nan,512,0,-0.1031111404299736,1.0033822059631348,all_rows,512,0,0.0017617513658478856,0.07109375,-0.004546776844654233,0.5046716079115867,0.08908383100060746,7b44114ba1f215128d8657cf4b5b7de3:0:0,2069544a1064ee3c8f0bfe53505686c3:0:0,8bf74f656cf38c7303ddaf609ae08fc6:0:0,1250c3b61138aad187c5ead05c17df4b:0:2841203350,d3228a8e48e2c87258f745f35d262e2d:1:1559744860
388,A,388,0.013326246291399002,0.9880571961402893,nan,nan,512,0,0.013326246291399002,0.9880571961402893,all_rows,512,0,0.010526054538786411,0.0501953125,-0.002485690638422966,0.48759023249149325,0.08961503097089007,f912006ae12f63c0f890069dd00739e3:0:0,6c2c728672e7c7f2c61e512be171e3b1:0:0,c142a990d06c6ce26563a8b9e651db6f:0:0,45e862aaba07f0c30f5b2c1d9575bb4b:0:633611609,bbb5e55f737ef9e56cda48e5d2037ee4:0:3068823030
389,A,389,0.04938261955976486,1.025532603263855,nan,nan,512,0,0.04938261955976486,1.025532603263855,all_rows,512,0,0.0036095420364290476,0.0462890625,-0.0017797852866351604,0.5255605116486549,0.08854367304593325,e5d306bff49781cd5be690aadcf2f5e3:0:0,84078866f015ac0ae376f374a5075d1c:0:0,95388d3305d56d5d66303e699d9fc058:0:0,2c972e4c39ca10c5895053041513974b:0:4057250031,f4e7a48b88e8dc9ab4bdf1c993a2ee1a:1:47360528
390,A,390,0.06806034594774246,1.0403412580490112,nan,nan,512,0,0.06806034594774246,1.0403412580490112,all_rows,512,0,0.03275880590081215,0.126953125,-0.007968885404989124,0.5389776423573494,0.08901874296134338,213264c93ab567fb679f3532721eb1e3:0:0,ed2f85db120f3d92ebc4707a16906a18:0:0,5f6d844a6b87ee5d47f98fd41dbb0b00:0:0,f219205b0f20435af7bcb4dfdaf1734b:0:1515800653,9c4c3e52087e1950f53af4c7affc1858:1:726598658
391,A,391,-0.12006533145904541,0.9296982884407043,nan,nan,512,0,-0.12006533145904541,0.9296982884407043,all_rows,512,0,0.008338852785527706,0.05546875,-0.00025463753845542667,0.43250922560691835,0.08902131201466545,d328dc56890a3d440d9f73708f8a6de3:0:0,37e3437850ac53d251a379da71e500f3:0:0,066dc119e36ccc0b2253a973c595f6de:0:0,a9522cb2be673325bf05e70ce70f4f4b:0:4019608095,7ac739b290f311ab27c179c0f65879de:0:2595070421
392,A,392,0.0477464459836483,1.0200786590576172,nan,nan,512,0,0.0477464459836483,1.0200786590576172,all_rows,512,0,0.009450472891330719,0.1015625,-0.008702577836811543,0.5206232458353043,0.08943418494891375,3afbb9524eb1ee983d9d0aa1353629e3:0:0,e56c607ac1210ca449986807320dec0d:0:0,6c931d3938cadf64ed0ca75fa6bb9ced:0:0,9338575a0d8594a581dfbee7396d2b4b:0:3545140222,6ba391ec75e7f8fc6c3a3b694e9d005d:0:3737004097
393,A,393,0.04506663233041763,0.8997703194618225,nan,nan,512,0,0.04506663233041763,0.8997703194618225,all_rows,512,0,0.0028043161146342754,0.008984375,-3.843153826892376e-05,0.40212980657815933,0.0894001720007509,a20afe0b393ddee3a11dfa006321e5e3:0:0,c07ed99f068a205aa71e764c1e506745:0:0,7d545e4992b08315b3de93c865f0b0f8:0:0,01b5fa1af24f1433fd4c51cad20b074b:0:4244220880,6569e1aa12baad33f6b17c1da190c15c:1:2503358409
394,A,394,-0.05804161727428436,0.8767129182815552,nan,nan,512,0,-0.05804161727428436,0.8767129182815552,all_rows,512,0,0.004973244853317738,0.10078125,0.0017224210314452648,0.38449430763721465,0.08969691902166232,37c7e4b89201af4f577880ca194da1e3:0:0,7f391d4bf8b333ba9f88a9038a884d7d:0:0,388b7d342cf7bc42ffee5ddd2a22188e:0:0,356e0c9ac7d79a41e49bf513b0e8e34b:0:3361116079,1dc847b6e3986fcc8f539d5ae9ebaf0a:0:2368026549
395,A,395,0.09390193223953247,0.9894922971725464,nan,nan,512,0,0.09390193223953247,0.9894922971725464,all_rows,512,0,0.011365254409611225,0.097265625,0.0022945146076381205,0.4896907314658165,0.08889711799565703,58662353ca0e1fc4b1d31e3a57b95de3:0:0,4dd71859063bbb76197fa7e73b621572:0:0,fd04a2698d6031cd87eac929744317dd:0:0,862691499f12e5d3bd6d3e1dd606bf4b:0:613035340,a0f081ec55a3097beb5af5a09bf42582:0:1288591148
396,A,396,-0.11646462976932526,0.946323812007904,nan,nan,512,0,-0.11646462976932526,0.946323812007904,all_rows,512,0,0.0032999604009091854,0.0384765625,-0.0006015568738803268,0.4486249938607216,0.08970097202109173,66ad5641eb1607afef24918d1e6519e3:0:0,023b15e535d6d37b811cf19cfa19d3c3:0:0,b92bd16b323f78eb2dc8498cd05a1ff0:0:0,4e5374ddbf1c7d3ebbad024541649b4b:0:483311295,6b93a94989bdbb7ee50286549f77578a:0:2998615331
397,A,397,0.047763485461473465,0.9624491930007935,nan,nan,512,0,0.047763485461473465,0.9624491930007935,all_rows,512,0,0.021831165999174118,0.1244140625,-0.005489752488210797,0.46261140555143354,0.09014336497057229,9afca9a7e3796702f833d9fe6d50d5e3:0:0,0f4c9c50eaa7e91f8cc48927844e0436:0:0,77c46017739efd02e805459461a0f9c3:0:0,d90e356ea983f5259d9656e5f302774b:0:1636707690,dead647fbdb8ba8990c890e657cad3c6:0:3421058004
398,A,398,-0.038901183754205704,0.8395464420318604,nan,nan,512,0,-0.038901183754205704,0.8395464420318604,all_rows,512,0,0.0033053886145353317,0.0439453125,-0.0006342879962176085,0.35115656405687334,0.08986421598820016,9e5948a4e3b28f781b9836ca447c91e3:0:0,2b25760915b02083fc8ad0482e0bc995:0:0,fcaddb4f16ca3b7b833eba28be53309d:0:0,5cf489a136f98db587b2915beae0534b:0:868089270,2579dae54d73b538c9bf1faf2f61e730:1:74867554
399,A,399,0.04672182723879814,0.907941997051239,nan,nan,512,0,0.04672182723879814,0.907941997051239,all_rows,512,0,0.01038672961294651,0.103515625,-0.0012862990144640208,0.4110806107521057,0.09039305697660893,2080450e43616614c9b9272ca3e84de3:0:0,d12c2990a89f1a90b80382bb99c6602c:0:0,5d1a85ce3930fcdd3d172ff03a6537e8:0:0,4431ffb4a0b72622e0d9470328fe2f4b:0:2226442868,f58fe6a3a662e9c34d3c9e43658c85a0:0:3315320582
400,A,400,-0.002869222778826952,0.893092691898346,nan,nan,512,0,-0.002869222778826952,0.893092691898346,all_rows,512,0,0.009847816079854965,0.0341796875,-0.0010595110710710288,0.39852911829948423,0.09184000099776313,7bae91a8a430bcec50ce6a618b9409e3:0:0,b5fab4d9c723159a37b945e932e252d9:0:0,9b052a53410bbe4cad979d685ef6a133:0:0,089e279e8b0186662e304d37ad5c0b4b:0:1235983018,55bd8e722884863e5574a68d3ad1e263:0:2871191558
