update,phase,local,adv_all_mean,adv_all_std,adv_s1_mean,adv_s1_std,n_rows,n_s1_rows,adv_used_mean,adv_used_std,adv_norm_scope,n_policy_rows,n_actor_steps_skipped,kl_final_epoch,clip_frac,policy_loss,value_loss,update_wall_sec,rngpos_env,rngpos_learn,rngpos_opp,rngpos_start,rngpos_minibatch
401,B,1,0.41604721546173096,0.9157446622848511,0.8305937051773071,1.154395580291748,1024,512,0.8305937051773071,1.154395580291748,stage1_rows,512,0,0.013417143374681473,0.17260958240367472,-0.0021494376414921135,0.36072480827569964,2.744409798004199,0aaf27f01becbe300b911312b6d3c967:0:0,acabe7bc4ff52ab62a185de5d8352a7c:0:0,9e063314d02ee39ad0aebafa7a23add7:0:0,6a1da1defe959a286955e7f0c5bb8146:0:3414612864,fc59b7b1d55f9e30fd9fef8a05ccaf31:0:59551863
402,B,2,0.11327821761369705,0.8742347359657288,0.22421032190322876,1.2259269952774048,1024,512,0.22421032190322876,1.2259269952774048,stage1_rows,512,0,0.0045942338183522224,0.09471587426960468,-0.0002841416571754962,0.37788965180516243,0.3159464739728719,fea2548639689c5a863a9f439ccd6167:0:0,6b859adfa5fd57608390e9cd01a7b669:0:0,c5c1a32d4187a7a2f0a9240cb684e7c2:0:0,6a3bea6ca58b679542fde2689fc14246:0:2458481866,1ddafdffd022cabfb37210d01ef9b9e0:0:3210564058
403,B,3,-0.035434138029813766,0.8166416883468628,-0.072259820997715,1.1533695459365845,1024,512,-0.072259820997715,1.1533695459365845,stage1_rows,512,0,0.002171444706618786,0.011077311332337558,-0.0006564805167727173,0.3331692568957806,0.31443892599781975,01ad5428d72bde7c137664de1fc6f967:0:0,2542f3f190170c34bef3d1b054e1653e:0:0,9789d95427ada6f97baca18a249a851a:0:0,431f73c99da7d943a168d3178a830346:0:3657818743,abcbc3a17c44fbb0772079c088618914:1:2558331228
404,B,4,0.04479549452662468,0.8242148160934448,0.09062358736991882,1.1634749174118042,1024,512,0.09062358736991882,1.1634749174118042,stage1_rows,512,0,0.00444905087351799,0.09988580447388813,-0.0032908073437283745,0.33924615010619164,0.3216332469601184,25e4c829531aad9a86c876423fc09167:0:0,2518ff9ea3811a803c66e8831da67c67:0:0,8edef06d0effdc322723460910768b83:0:0,c71e2e6633560aa82061b12b9600c446:0:3483816619,15efb61bb4a32040ca4989b9bd3a6c48:1:1190998525
405,B,5,-0.01371760480105877,0.8147069215774536,-0.01551416888833046,1.1518431901931763,1024,512,-0.01551416888833046,1.1518431901931763,stage1_rows,512,0,1.1970056220889091e-05,0.04955419775797054,-0.001894846658251481,0.33200104907155037,0.30821844801539555,5546e620f742f5c97ca8e5cffcba2967:0:0,3e9ffaa28d994e86f7bfbc03ce5dc8e4:0:0,6c76c47357f60d1a3374cd2bd85d306f:0:0,b9fe564b4883a1a20cc4b792d23a8546:0:2271636196,9fa616424ddfb23fecf5b92aad061d55:0:3519132510
406,B,6,0.004214733839035034,0.8726914525032043,-0.014585644006729126,1.2335816621780396,1024,512,-0.014585644006729126,1.2335816621780396,stage1_rows,512,0,0.006441887468099594,0.109338345262222,-0.0048731871589552615,0.38091018721461295,0.30979378800839186,01910a99d1196d23da83c5e756b3c167:0:0,fdc4931b4e9f84ab468491a0513a0fd4:0:0,81e70a87ee0cf86b0fb2d103d7589804:0:0,f9c534c9245c1d7d888064fb4f304646:0:3306504393,d719d2f23a10a89890a9ce20c8e38bee:0:2162595735
407,B,7,0.04158642888069153,0.8446258306503296,0.09307381510734558,1.191940188407898,1024,512,0.09307381510734558,1.191940188407898,stage1_rows,512,0,0.017254184931516647,0.12568501583300531,-0.008200202928856015,0.35589719787240026,0.3151710370439105,2d0e450eeba46ac54eb928e84dad5967:0:0,5afb767e17574d742a0c384a58211471:0:0,1cb902be02c954d85ad43f9de706d0f4:0:0,3e74fe8127872afd6a967bd31ce20746:0:1534503365,e5c51f3b2af849b85684cc05fdcf8e18:0:2699665259
408,B,8,0.004290245473384857,0.7960254549980164,-0.013428661972284317,1.1251481771469116,1024,512,-0.013428661972284317,1.1251481771469116,stage1_rows,512,0,0.004961337894201279,0.06931235525989905,0.002237286453600973,0.3169571816921234,0.3106415889924392,af55455292948dc3d09d2132e1a6f167:0:0,5feb66b61795318d805f667922224200:0:0,31e1cecdfde2b5cd597e9eb1b402ea43:0:0,6b55d6d72dd38f7cdb1d02484b4fc846:0:2802962092,c619ef61a10731495b690aeb7e22ab02:1:1925541778
409,B,9,0.03287409618496895,0.8743042349815369,0.06680140644311905,1.2352097034454346,1024,512,0.06680140644311905,1.2352097034454346,stage1_rows,512,0,0.003663210663944483,0.0448829144006595,0.001240289947600104,0.38194101452827456,0.31369428598554805,d7f3f1a9444b34292077c12712a08967:0:0,a57790086348061b94e7a67bde3fcfd7:0:0,71d5b9d57352d4c73b7d5dea3a94a0c5:0:0,558d9a1774ebfd38ab3f4248ea798946:0:2476996597,d0ce04af8b61f9c2ed866da5c05e7c58:0:2257626291
410,B,10,-0.01809871196746826,0.831224799156189,-0.04117196798324585,1.174769639968872,1024,512,-0.04117196798324585,1.174769639968872,stage1_rows,512,0,0.010673959739506245,0.05806517630117014,-0.004302468769310508,0.34544416069984435,0.3138956960174255,35a6cc27f8cec1ec47851b24e09a2167:0:0,3c6141744e54b82308361b45c54e43bb:0:0,e2ff68b391a1f772b235b8fad852177d:0:0,5f62c9302f66e2d0693ec9830a5f4a46:0:1934699628,a2d2677bec91aea1756dde38ad63ba81:1:1128395284
411,B,11,0.013654086738824844,0.8279394507408142,0.03711681813001633,1.1700984239578247,1024,512,0.03711681813001633,1.1700984239578247,stage1_rows,512,0,0.014786949381232262,0.13476750636473298,-0.006612044002395123,0.3426543965935707,0.3151270189555362,52f22d2463acb7eb17f5418c4b93b967:0:0,3bb1dc4d23e0ef9a358c5a8961c6755f:0:0,18758eb597b168f0395e4ed143c9e789:0:0,8d438b7e7c36080f30746964bb010b46:0:1491525737,613cf92896f7c94d0c1b6962e3f9c6df:0:235901549
412,B,12,0.008074870333075523,0.8590275645256042,0.012384788133203983,1.2145411968231201,1024,512,0.012384788133203983,1.2145411968231201,stage1_rows,512,0,0.007480962201952934,0.17894225909840317,-0.008551437739515676,0.3691661387681961,0.31003373296698555,a8c337c5d6c99ae3acec46bd538d5167:0:0,68472bd1d0cfb5f9be81bb007d39fd7a:0:0,6b7978aba78879a11bd9d5ec717c4617:0:0,6e3303994c2e8a0c3551371c0c5ecc46:0:235456843,015e77713fffc4986b9dd3bbd13d8470:0:1791206602
413,B,13,-0.017067711800336838,0.8286423683166504,-0.014726375229656696,1.1715807914733887,1024,512,-0.014726375229656696,1.1715807914733887,stage1_rows,512,0,0.0017191978404298425,0.10860292960423976,-0.00600906039471738,0.34343587011098864,0.3084136000252329,dd264d056c1eaa6dea823d17f886e967:0:0,241004d29c5b81a96d23832efb43683b:0:0,a7ac27c0256a44f4158707bc4c3d217b:0:0,89f409f5d21588b30d5f8b970e788d46:0:3072016765,021278b1014a04f19b617c62a6cc9f5b:0:2574451923
414,B,14,-0.041190579533576965,0.7998282313346863,-0.08954837918281555,1.1287357807159424,1024,512,-0.08954837918281555,1.1287357807159424,stage1_rows,512,0,0.010652471333742142,0.08564505896065384,-0.005273904540808871,0.31916694790124894,0.30687257897807285,9f20a0ac1c6567f4fdc336fc3a808167:0:0,0575764f0c044b5a939d9a96dd0e665a:0:0,68644954c0dd435f9e8a5699007fa1d2:0:0,edfdb2746d5197c3b3440383d14e4e46:0:3610656503,c6aee56bfd2fe53478fad7d3e944eeaf:1:425462325
415,B,15,0.041809193789958954,0.823063313961029,0.0866558775305748,1.1619676351547241,1024,512,0.0866558775305748,1.1619676351547241,stage1_rows,512,0,0.018822787329554558,0.2126940161222592,0.013419951303512789,0.33814182952046395,0.3079570239642635,1152731d68b0edb0dcaf46ca197a1967:0:0,0cc4814790764dd57e2849ed618fa8d7:0:0,fec1b4955f39e0187adc5fa95dea39b8:0:0,a906cf169414c55a46be7f5064e00f46:0:297549106,a1e64f3d22fc5f29a4aadfc986fc6717:0:4104388664
416,B,16,-0.036466505378484726,0.8147032856941223,-0.055454984307289124,1.1515390872955322,1024,512,-0.055454984307289124,1.1515390872955322,stage1_rows,512,0,0.005566972773522139,0.15684366968926042,0.0005655157307046466,0.33191021904349327,0.36323418898973614,bb3751fd3cf5159fc63a7ee19573b167:0:0,d855e0be62ace1572974b1de24af3f83:0:0,28a0bb247814b85cb87c43539dea3a80:0:0,49c2f90a1786c80e88ab232ad92dd046:0:3323080794,ef63b2f1d90c6f7633b23a9f24ee414e:1:2586906079
417,B,17,0.024280356243252754,0.8374126553535461,0.04383404925465584,1.183660864830017,1024,512,0.04383404925465584,1.183660864830017,stage1_rows,512,0,0.008114120922982693,0.05395484605105594,-0.00447388177854009,0.35069644153118135,0.3304607309983112,64a1a0ffb17b707fc24cf1a2ae6d4967:0:0,3165b67525d18140672bfae68fdaadaa:0:0,303dd47ac50316b0a18c2f3c865f95a1:0:0,a5fca898332aa6bb130357013e379146:0:3431370395,3cacb4a917596972d627ee03d2a39db9:1:3919041814
418,B,18,-0.025886956602334976,0.7967178225517273,-0.04389110952615738,1.1261249780654907,1024,512,-0.04389110952615738,1.1261249780654907,stage1_rows,512,0,0.00015295820776373148,0.09232541933888569,0.002168066328158602,0.3174647331237793,0.31035941699519753,106e8b7151460cc821c2b16d6466e167:0:0,b1471948f2ed5b06549dcd60879d49cc:0:0,a4548ede65a0d6f7e6e78c6ec6d45675:0:0,6cb9bb1b306eebfc4cdec681a3fd5246:0:1920415556,3bfbfecf85a68a28766a68fd68d3e9ca:1:2408134214
419,B,19,0.0015513822436332703,0.8201457262039185,-0.003926880657672882,1.159536600112915,1024,512,-0.003926880657672882,1.159536600112915,stage1_rows,512,0,0.014427142217755318,0.1587483230512589,-0.01396111997164553,0.3363875411450863,0.30720098700840026,82675e468b600da2fe6bd0a1b7607967:0:0,bc44490c12631e9b0dc2d2d6a9c542bc:0:0,17837fbff349d1438d61e8feb4ac5ed2:0:0,d8edb2a0000b37771a74611a1a7f1346:0:1733224553,5ecfa808a95510c81d13f1f65c9e9737:1:2534407815
420,B,20,0.03860672563314438,0.8123154044151306,0.08860620856285095,1.146317481994629,1024,512,0.08860620856285095,1.146317481994629,stage1_rows,512,0,0.012243234552443027,0.1041048239916563,-0.001199962163809687,0.32919787988066673,0.3154090419993736,58d529c0f51c11e6bb0c619fa75a1167:0:0,d80d22b99d17555d2fcb0ef078aec7ac:0:0,9978de389b37571141c6438a6d42db68:0:0,55c04c060481bef7491b59f8b1bcd446:0:3948251366,caf1177c552562f8b0aa3d577b8f9d83:0:3398093738
421,B,21,0.07545032352209091,0.8152493238449097,0.1458079069852829,1.1483699083328247,1024,512,0.1458079069852829,1.1483699083328247,stage1_rows,512,0,0.0007210731273517013,0.10002741602947936,-0.0015790613193530588,0.3309489883482456,0.3082993520074524,c47368f903406b0f835c76c73453a967:0:0,4b28c99b459e237df7a8451be134f43f:0:0,591e3a11a91adeceb3859b0b7ccd96b4:0:0,cbaf1d0263cf1175b74c280b79b69546:0:3443672734,091408eb3a241e358bb3a8f93f24db82:0:3769231364
422,B,22,-0.03671752288937569,0.8074525594711304,-0.0663328766822815,1.1408565044403076,1024,512,-0.0663328766822815,1.1408565044403076,stage1_rows,512,0,0.006842158269137144,0.1495518723502755,-0.009290995297487826,0.3257982350885868,0.30985849199350923,512e4cdae0212438cc0822785e4d4167:0:0,40317cdb86aa1f8077c41d97ffc5a084:0:0,89a23bbd5bebebb18bca1838dbd3cc9e:0:0,3353322192062e1638a18600826c5646:0:2231418667,924a3d76ca56c522599babb08c04e292:1:1684349563
423,B,23,0.02096596732735634,0.8211389780044556,0.04668519273400307,1.1604045629501343,1024,512,0.04668519273400307,1.1604045629501343,stage1_rows,512,0,0.01641755923628807,0.16179571700049564,0.0009501321881543845,0.33701964616775515,0.3061634819605388,ff71276504a7d916d2af77132546d967:0:0,a9721d119e9ae89465229579d81fcd51:0:0,b2fa91b60b99d1e1a34cafe002cbe360:0:0,7a139c75634ac12d35d97245dbde1746:0:3797113261,0c1cbc4773246726aa1fee69b8d46d0a:0:2495638085
424,B,24,0.015861330553889275,0.8280244469642639,0.05719007924199104,1.1692527532577515,1024,512,0.05719007924199104,1.1692527532577515,stage1_rows,512,0,0.00011437269859015942,0.0863927764352411,-0.0015906470129266382,0.34220744147896764,0.3119665010017343,20b953373a495cf01de686f789407167:0:0,bd9f1a8da56c9e076aa9be39d7f82660:0:0,106acffd7226df751e68fee9a1616209:0:0,633d15cbd14f195d08d62f09960bd846:0:1153506155,f1f63b2f6563e27d2cae9581e30dcf22:0:3582651112
425,B,25,0.005473370663821697,0.848526656627655,0.0023311469703912735,1.1997276544570923,1024,512,0.0023311469703912735,1.1997276544570923,stage1_rows,512,0,3.17917438223958e-05,0.12352192290127277,-0.00719003009617154,0.36018886640667913,0.3107357719563879,02a9d2c0abe93196fd3564858a3a0967:0:0,736854b1fae6817525a9e579a5a68fd5:0:0,c80ae43c3ee49cda85adae450bde0339:0:0,bf3cf7cebf2f26db149f4239c0f59946:0:1810825141,fc116df34bb7375685ea3dded0c236a7:1:4093026395
426,B,26,0.006398003548383713,0.8182995915412903,0.02606683224439621,1.156632661819458,1024,512,0.02606683224439621,1.156632661819458,stage1_rows,512,0,0.00652649300172925,0.11678289085393771,-0.005126951746933628,0.3347576200962067,0.3373565300134942,71fbc19babaace630918221d2833a167:0:0,c8281acd336ba8803a3ed61eed2b307e:0:0,ae1635a871e74a1888577e244feaec8d:0:0,56f86503663596ec996275846c9b5a46:0:1986352764,30f607a4097095bc443555778ff85d96:0:2192002101
427,B,27,-0.029959890991449356,0.8573717474937439,-0.05590906739234924,1.2116883993148804,1024,512,-0.05590906739234924,1.2116883993148804,stage1_rows,512,0,0.005124119110405445,0.21085411100648344,-0.0013915422721765935,0.3674482934176922,0.31048291199840605,825f91e5d3b0b72aa2fed21e632d3967:0:0,a5e02e02437cdf7ba5b1538770f8a6da:0:0,59eb6b6dbbd70a72e97e1767ae5bcf36:0:0,0b7b7104b6cbddab4474d657a8fd1b46:0:1405348308,07b4db5cdf0544a7daa8d379938893b2:1:4002284562
428,B,28,-0.00037810136564075947,0.8127427697181702,-0.006438007578253746,1.1490780115127563,1024,512,-0.006438007578253746,1.1490780115127563,stage1_rows,512,0,8.958857506513596e-05,0.05651695699198171,-0.0027838853318826297,0.3303767293691635,0.31843655300326645,d1b2eea327c9633c754d86e93b26d167:0:0,02da41a0c5d8936e88f19ed2ae5dffdd:0:0,d10f300565e777a547fc6be8ead1c194:0:0,5c911e42da89c0217c53b5e1861adc46:0:641257025,e8bdf347aedc2d32a830cc77ff52a27f:0:592432148
429,B,29,0.03884320706129074,0.8266070485115051,0.06381414085626602,1.1682125329971313,1024,512,0.06381414085626602,1.1682125329971313,stage1_rows,512,0,0.008799413219094276,0.02609669421799481,0.0003465435949692619,0.34154987037181855,0.307120801997371,abd6fb7ade09f458f35c52ddb0206967:0:0,9030a1dcfe163cac6a728f534eb2a81d:0:0,c3d332e9fa6a74c892404826d3e35757:0:0,09fc09c7270cb0ce68a5a91013f49d46:0:408315957,d33b24237a96be48e29fcce073cd3c4a:1:1317810325
430,B,30,-0.06570448726415634,0.8058308959007263,-0.1278219074010849,1.1359353065490723,1024,512,-0.1278219074010849,1.1359353065490723,stage1_rows,512,0,0.00613526813685894,0.1094672451261431,-0.007473939988994971,0.32360072508454324,0.30950951599515975,08f2895c7456bdabd977485bc21a0167:0:0,bfc2d4978c1573d376c2cde5e5eb105d:0:0,aa06b10c54df28aae66e97d91c7cecbf:0:0,023687b334f310a1b63b8891628a5e46:0:3020754722,cadfa1603331ab2ebe9ddb2a753b06ab:0:2660405634
431,B,31,0.026845410466194153,0.8262004256248474,0.028468972072005272,1.1681324243545532,1024,512,0.028468972072005272,1.1681324243545532,stage1_rows,512,0,0.00428206380456686,0.07390179224312306,0.0031224430189467967,0.3415101245045662,0.31130258698249236,5a03b6dbb8d99ac5acde79c371139967:0:0,9eec51bd935b70f10dd2ed1f0c2a0a83:0:0,d9be44ac158e2935cbd20dae0adec414:0:0,9243c427730b267f171170d381dc1f46:0:1328378771,1983901252be66f5df02c79f47f9112c:1:1729758558
432,B,32,0.03747643902897835,0.8240926861763,0.07710598409175873,1.1638245582580566,1024,512,0.07710598409175873,1.1638245582580566,stage1_rows,512,0,0.004032143857330084,0.060922845324967057,-0.0036358247918542473,0.33916522935032845,0.3097244829987176,775452526b6616953bc5f974bd0d3167:0:0,ddfeda8bc487eda5c0e6117ec62024aa:0:0,7f91835e97474595d11241f6030afb8b:0:0,479442ad73795f597e4fc20481e9e046:0:1603247341,770ff8bfff9a5c252196811c77d3407c:1:1112072906
433,B,33,-0.004302984103560448,0.8264824748039246,-0.010025162249803543,1.1685380935668945,1024,512,-0.010025162249803543,1.1685380935668945,stage1_rows,512,0,0.009644536301493645,0.08817681381478906,-0.003318539066276571,0.3416005216538906,0.3084153480012901,c9ac33161dcb62611d55d9cfa606c967:0:0,1142e3546da10a6151ce8780e8f530dd:0:0,1c7ea33b5093b5b147f542575f229020:0:0,0666f0e8574d28f6184c201272b3a146:0:253061245,e24c8caf97b008b72f48591bc2ad5a55:0:81114197
434,B,34,0.02532639354467392,0.8272503018379211,0.048850297927856445,1.1691944599151611,1024,512,0.048850297927856445,1.1691944599151611,stage1_rows,512,0,0.02097870223224163,0.17024700122419745,0.005809472838882357,0.34226768612861636,0.35358739097137004,f1fc9e50f9141cc131aa2d342c006167:0:0,32c76f8c01f2462050af72d45b129f03:0:0,4d9c47cc23c4a61889467eef35fd6e3e:0:0,d2f31ee624af7966fe8a72ab64396246:0:2529481737,07e3ede24dfa5343198e772c7d3ca8a9:1:255249767
435,B,35,0.004432424437254667,0.8460378646850586,0.017208008095622063,1.1960976123809814,1024,512,0.017208008095622063,1.1960976123809814,stage1_rows,512,0,0.01321988832205534,0.10007342951139435,-0.008960422861855477,0.3580272436141968,0.310619461000897,c3b7ab4c0db3e89821d306024ef9f967:0:0,a0fdc3d65ba57dde193b8be82cfe9391:0:0,a1c4e4424a2101e1ec5cf93f13de0b46:0:0,abcb4eb37c89d54da7bde53d667b2346:0:3817258173,0ca758165710ab9bf80d15ced83305d4:0:4271196603
436,B,36,-0.02291588857769966,0.7956412434577942,-0.05384762957692146,1.1240681409835815,1024,512,-0.05384762957692146,1.1240681409835815,stage1_rows,512,0,0.00871056504547596,0.0900283141178079,0.003429230721667409,0.3163340792059898,0.3126122580142692,5c167a39d4a2d40cdfd4769a0ef39167:0:0,5e1f093d280dfcd869fbb83a4229dcf0:0:0,9d112c1f333ca39f5e7a7e3e53100fd4:0:0,59073c840e3866f513c9e6f68978e446:0:34262315,d0dd6a9098960bbd691e7be1170f1bf5:0:823597305
437,B,37,0.0221748985350132,0.8308119177818298,0.0373222753405571,1.1744801998138428,1024,512,0.0373222753405571,1.1744801998138428,stage1_rows,512,0,0.0005465559661388397,0.14997346205636858,0.0015185208583716303,0.345160911232233,0.30930513504426926,7c38efcf87668f8426a6915b6bed2967:0:0,fb5b95e0916f7cbf033883c328ed0d4b:0:0,392a47b56303da0f592edb1ae4f21c5d:0:0,e94d1f99528d7853b3c32ac4dd32a546:0:2743949155,7d98c8d6b2840105ba71761465ab1b0f:1:2925409301
438,B,38,-0.05151573568582535,0.7768535017967224,-0.0953526496887207,1.0965977907180786,1024,512,-0.0953526496887207,1.0965977907180786,stage1_rows,512,0,0.01039610430598259,0.06830224734731019,-0.0032115225738380106,0.3012984089553356,0.31508813495747745,0d49873bf5097499fa3568a665e6c167:0:0,50d0ab91ceb2a0d7696553cab4d89419:0:0,b68390bd5e632aad2237ff809cf7045e:0:0,75ad60ca832062050df0a75671a86646:0:2487231003,15353e54e7c3fbc23ad073509ffef714:0:2977901160
439,B,39,0.02195769175887108,0.8176040649414062,0.03643151372671127,1.1558109521865845,1024,512,0.03643151372671127,1.1558109521865845,stage1_rows,512,0,0.004521230235695839,0.06852106257574633,-0.002048642883892171,0.33429779186844827,0.3094008869957179,dca7ab4a79ff5d1b27610edafce05967:0:0,1e301bc80059e1e6fa405f481ca9674a:0:0,571a8487ebd397ba8494958adf405973:0:0,9b8d5ce86f95c14b1dcc971956da2746:0:3303358360,ec88a781674da4bb3fc8cc5912725dce:0:1745713934
440,B,40,0.015608537010848522,0.8212904930114746,0.0454263836145401,1.1604634523391724,1024,512,0.0454263836145401,1.1604634523391724,stage1_rows,512,0,0.006505877710878849,0.13801779152126983,-0.004586056945845485,0.3371912620961666,0.3119699679664336,2a8ae6c0c0f849fec3fd965930d9f167:0:0,31cd00d9e20a889b9f9d245f5b345a10:0:0,03316a67388db9fec63acb382bc8cfeb:0:0,2aa7cde9c04287277005783b9cc7e846:0:3629557933,2ca8860621c01264838b5430507c0c39:1:3417695354
441,B,41,0.07912762463092804,0.8377081751823425,0.166248619556427,1.1780498027801514,1024,512,0.166248619556427,1.1780498027801514,stage1_rows,512,0,5.6122662499547005e-05,0.05966967866988852,0.0009001784696010873,0.3485012985765934,0.3078208499937318,97991b45f2a0da5faed3118101d38967:0:0,6929f6bdb18df080467e3a0242845a28:0:0,9c06d7970e838560709d1d27a818df0d:0:0,883cc494643f329bfa7f0cab5371a946:0:3453200119,3641824074e22723adcb8d998b7bbe96:1:3450657872
442,B,42,-0.008484095335006714,0.842894434928894,-0.005446687340736389,1.1917678117752075,1024,512,-0.005446687340736389,1.1917678117752075,stage1_rows,512,0,0.002838604152202606,0.030802987422794102,0.0007850270252674818,0.35538251921534536,0.31041852198541164,5589cd61fa5092760f9d92b26fcd2167:0:0,e9e224e78f1f06bdb1ddce0a622367c9:0:0,67272ea8bed44c70a9500eb153de108a:0:0,992663f358b44823b0535a168ad76a46:0:2538179721,e4039b9a2fa21ffc1f6d2bf672f30fdc:1:3076011566
443,B,43,-0.010330832563340664,0.8658404350280762,-0.022048935294151306,1.2241339683532715,1024,512,-0.022048935294151306,1.2241339683532715,stage1_rows,512,0,0.008415105752646923,0.04901144611649215,0.0025682420411612837,0.37488809898495673,0.32047997502377257,3c28736385a5f290d70d2c4d7ac6b967:0:0,c4eecc310dd1fb3c2bf68c22361aeef9:0:0,c0e65a428d135882409f777ed8f29ddf:0:0,bd1f8f10a7dcd872d1d3a9eb52f92b46:0:1308093003,957aa9bd1dab0437514490b5db2f59c0:0:1177821935
444,B,44,-0.004607824608683586,0.845796525478363,-0.014588810503482819,1.1957976818084717,1024,512,-0.014588810503482819,1.1957976818084717,stage1_rows,512,0,0.009985693730413914,0.0908032176666893,0.0029532104876125232,0.35779781714081765,0.3065084739937447,86d7943b65105e0f3ec5f0b222c05167:0:0,bef0fa1560d061b1fb2959d5d1c5a2dd:0:0,c0234d26cfd92d8ddb64b13e2db15a79:0:0,85893ede6fefa88ef8898957bbd6ec46:0:3927745124,e72cf67e4d79728ddc1aa3aa1b7c047a:0:2603280939
445,B,45,0.003574262373149395,0.8484586477279663,0.011633788235485554,1.1996008157730103,1024,512,0.011633788235485554,1.1996008157730103,stage1_rows,512,0,0.0019936528988182545,0.10368785987375304,-0.007983949754270725,0.3600172810256481,0.31155061698518693,871e629bf347d25a495ff24067b9e967:0:0,1729d40367c2df24def65890baa20e96:0:0,9f2bb5e05d9b1ea2d7af0b442bf1e7a9:0:0,618320b2f4d34d4edf37c949d570ad46:0:2749368510,243e2044f1f2e9c213021e6d58336145:1:1134272031
446,B,46,0.004806162789463997,0.8419981002807617,0.005831816233694553,1.1905289888381958,1024,512,0.005831816233694553,1.1905289888381958,stage1_rows,512,0,0.011976422742009163,0.0987260602414608,-0.0024541371152736247,0.3545484371483326,0.30862764798803255,86ca5feb29b26dde4267435849b38167:0:0,14d75953196c391ebf1513c0d9ad91b0:0:0,871df106cf12b9e0e791c41581a6fb75:0:0,acd35bf733354c51e5db7e6fafc66e46:0:3004407396,3b8b54a992c112726cc02100cd40d42e:1:426859821
447,B,47,-0.028788678348064423,0.8360084295272827,-0.06221441179513931,1.1810940504074097,1024,512,-0.06221441179513931,1.1810940504074097,stage1_rows,512,0,0.011094130575656891,0.09673584632109851,-0.000724496778275352,0.3491625539958477,0.3102317670127377,67c671d607b7c7043e5bf659c8ad1967:0:0,88d8a0a9aad75f7144e7c6254bab91fa:0:0,36654e73e5782677d1245e62818d3278:0:0,ebacee612050147f51ad01375ad82f46:0:2155599262,4b9b0f9c87e77b98994f399c907ea432:0:2011870389
448,B,48,0.025051528587937355,0.8179596662521362,0.04859456792473793,1.1560335159301758,1024,512,0.04859456792473793,1.1560335159301758,stage1_rows,512,0,0.006446436513215303,0.06475693889660761,-0.0009854733580141328,0.3344894662499428,0.3171066000359133,48f8b493f302132b9ab21da4e4a6b167:0:0,c122e11114b962d19a8eea33ffb1e77d:0:0,35ecbb29746d50d27a2247b1c2ebff6c:0:0,7ba70006b75f601d4920edcee6a5f046:0:1206534508,3c94dcc160d929fd1c1e16404c565d24:0:3920773397
449,B,49,0.01598966121673584,0.8205272555351257,0.046156324446201324,1.159348487854004,1024,512,0.046156324446201324,1.159348487854004,stage1_rows,512,0,0.016690609976649284,0.04359264436643571,-0.0006087564630433917,0.33640824183821677,0.3134342120029032,96403328b6ad1da37dd1cb999da04967:0:0,7fa50dcc205e6937f2e244d5d16a9e11:0:0,d63ffdbc3372d7711d4b5d6a6606a9a8:0:0,32a302812c76528f8be92424632fb146:0:1016829090,3c638e2336cf1886a909b255635f6b5e:0:3887147732
450,B,50,0.04144654422998428,0.8496577143669128,0.09163372218608856,1.1992616653442383,1024,512,0.09163372218608856,1.1992616653442383,stage1_rows,512,0,0.0043420009315013885,0.1610198647598736,-0.001647277787560597,0.3602349281311035,0.31995288096368313,6e0b8e33c7630ea457171297f399e167:0:0,45e695f86b75698b459d178ebd3118e3:0:0,cdf96abff8bf4fbbf54d90267e2f68f4:0:0,92e28ef4141e63cde6f5c7e5e0757246:0:524726552,43b836efeedf605ca8e921fd069ba37e:1:3273845585
451,B,51,-0.04065267741680145,0.8262106776237488,-0.07950833439826965,1.16688871383667,1024,512,-0.07950833439826965,1.16688871383667,stage1_rows,512,0,0.012156850658357143,0.10398574330611154,-0.007931073744111927,0.34087350964546204,0.3096314510330558,30f9791b726702495ed204ffe6937967:0:0,300be03c57b31ade5d07df1721a61879:0:0,6b8496d7fb8acc278f09aa138c1d2de4:0:0,934e04d707d9eba2647640816e773346:0:1721429390,8482bde6e632d5864f86d46123c5bd0e:1:3808146500
452,B,52,-0.005303231067955494,0.8060727119445801,-0.0006437227129936218,1.1396785974502563,1024,512,-0.0006437227129936218,1.1396785974502563,stage1_rows,512,0,0.00015077018178999424,0.09482569673564285,0.005821916127024452,0.3249690722674131,0.3085861370200291,5f83d4a29d8d6f8a1646b531768d1167:0:0,ddb549886c9b5107b61919872129c5a1:0:0,aae4177ae3f20d2a11c4e63fd901fa4e:0:0,aa0535954958debf37da39251d34f446:0:739580682,2da25675aa16537dbf50f73afc95649f:1:4233256532
453,B,53,-0.005545304622501135,0.834237813949585,-0.009944338351488113,1.1794928312301636,1024,512,-0.009944338351488113,1.1794928312301636,stage1_rows,512,0,0.003739913459867239,0.1356592408497818,0.00039671974664088336,0.3480773713439703,0.30773916601901874,9ede0d37be225f33c7ad358ca386a967:0:0,9ecba436ed80af9271b6d5f438662d6a:0:0,2c3beade196ad297615ae2ac16ef2968:0:0,22954e3220e20fbc65d2a0befcaeb546:0:4198975470,3b555067c0ebcaa59bb4292f7673b0ea:0:3913188229
454,B,54,-0.031487517058849335,0.8227484822273254,-0.059024371206760406,1.1626005172729492,1024,512,-0.059024371206760406,1.1626005172729492,stage1_rows,512,0,0.053725361824035645,0.20465730756986886,0.011990578458062373,0.3383226364850998,0.30786823498783633,d8ef428bacbd72e3063198716d804167:0:0,42903d3b049f88b874c745f8a880f558:0:0,50ac1f18e6642064421a40b8dbf4f6bc:0:0,6fe21ede2f27060d2852a9fd1ce47646:0:2020477288,f09fe143cb918d052ac925269781c9bf:0:2775336533
455,B,55,-0.010914532467722893,0.7936857342720032,-0.028410926461219788,1.1219031810760498,1024,512,-0.028410926461219788,1.1219031810760498,stage1_rows,512,0,0.006735911127179861,0.024653505347669125,-0.0006315617763902992,0.31498806923627853,0.31395943800453097,eba89d3efc03bbfd2df3f03fd479d967:0:0,e305d5f90e4a60d3c60f7aa3a8ffaf32:0:0,0bec6d44115b9e6c4a42790da9db8f53:0:0,29725785a76c3cfd0e90cb4d8dd63746:0:4006213799,e7fda43e2dd86216a669d3b212d10b77:0:3392914975
456,B,56,0.03997143357992172,0.8157567977905273,0.08699407428503036,1.1514954566955566,1024,512,0.08699407428503036,1.1514954566955566,stage1_rows,512,0,0.004358216188848019,0.08055022112093865,-0.0004988038446754218,0.33207557573914526,0.3092275610542856,41e816b4785762a9e4084f57d8737167:0:0,892f1b521fb3b1bb9f9d4422f976a385:0:0,5598028216e4495b1d816a9a0e90f036:0:0,5bd1de9564a35cc4d907bede5f83f846:0:2190608907,a925545ddbba4a1923d4515dd03c28b9:1:1073930648
457,B,57,0.03359908238053322,0.83948814868927,0.06089036539196968,1.1863261461257935,1024,512,0.06089036539196968,1.1863261461257935,stage1_rows,512,0,0.009131173603236675,0.0729629888664931,0.0031470337125938386,0.35222626104950905,0.3102021029917523,fb9fd65776751ccc9676c819796d0967:0:0,9a42baf74469ce0ac19bb8fb923c49eb:0:0,218b4132c0b96a15c07bf2fcaebe4e44:0:0,194cab410ac8bfc71177829da1edb946:0:69266599,68f41eda00f8f014481d23f3483f1509:1:838420296
458,B,58,-0.036534879356622696,0.8498205542564392,-0.061306990683078766,1.2010284662246704,1024,512,-0.061306990683078766,1.2010284662246704,stage1_rows,512,0,0.006835911888629198,0.10318355567287654,-0.004581969836726785,0.3610952392220497,0.3114674640237354,fc1a26e496ff74fdfc3b6ce4b766a167:0:0,258fb1c77ba4bdac49c7da09333035b9:0:0,8c83de33535e920892269cc721dd4800:0:0,f9ff3532e58956045ee6583965137a46:0:2623910958,48a32b6d1468730b610c3a3c9c7048e3:1:251267691
459,B,59,0.020531387999653816,0.7773904800415039,0.018263690173625946,1.0991262197494507,1024,512,0.018263690173625946,1.0991262197494507,stage1_rows,512,0,2.8878217563033104e-05,0.06880841993261129,0.0021129281958565116,0.3022724948823452,0.31100727600278333,4be9e583a4f7e1859546501992603967:0:0,76f2df03ccd8f4d2dcd4a49fb4441ee0:0:0,efc96b6a3ffbaab85912bf11c8f0ca7c:0:0,a3f5577af5e9b8d795a1c51fb8f53b46:0:1699552387,19c332f0f5ed2c7bfefd4b9f13332416:1:3080518117
460,B,60,0.07110784202814102,0.8313612937927246,0.1523841768503189,1.1698580980300903,1024,512,0.1523841768503189,1.1698580980300903,stage1_rows,512,0,1.942855305969715e-06,0.05765120038995519,0.00099557425128296,0.3435004234313965,0.3131590529810637,b8672bc13525ab532a7b84180a59d167:0:0,567ca1f6f425f0070926e9c0d39d9a92:0:0,15825d2f9ef7ac37ae259646611f6341:0:0,d2994289a25b0109833f927ead92fc46:0:1829728508,3bab6072cd6ff4a07d3227949f4d150e:1:2260277861
461,B,61,0.006568145006895065,0.8706784248352051,0.023357953876256943,1.2308666706085205,1024,512,0.023357953876256943,1.2308666706085205,stage1_rows,512,0,0.0029844390228390694,0.13892580774845556,-0.0030704091041116044,0.37910687252879144,0.3101934110163711,7c7fd4b6ac6aa4f84db31b401f536967:0:0,f6ce67dbef3418d650263362ccdaa1ed:0:0,688eba7786d1051d6b90ae533411f205:0:0,398ba7bfbf5db14c769ecd4452ecbd46:0:808008789,6030aca6f8551374124a854796a289c0:1:4154111090
462,B,62,-0.0557340569794178,0.8160735964775085,-0.12472108751535416,1.1497339010238647,1024,512,-0.12472108751535416,1.1497339010238647,stage1_rows,512,0,6.725615821778774e-05,0.032499122968874875,0.001294399960897863,0.3314648654311895,0.3111819759942591,06235cef5305b1a1d9b927f1d14d0167:0:0,19ff3b29020cbe16fd27c24843eea581:0:0,21437cb430ce228fa38b8e728ecdb1ab:0:0,041c975d2a86c72f83e8c61eb9027e46:0:3287951521,a08b443bc77a5cf9114b1a043234ba1c:1:1073041126
463,B,63,0.03758787363767624,0.8418173789978027,0.06401611119508743,1.1896822452545166,1024,512,0.06401611119508743,1.1896822452545166,stage1_rows,512,0,0.002008513081818819,0.04428969166474417,0.0011845327448099852,0.3542581610381603,0.3144641309627332,98a97bd91ac31c11724dbc8d20469967:0:0,e64f28ecfc6d0950bb75036dad8c4ea0:0:0,884e8e0b86b54b13f5d2306b59c95723:0:0,1e2f9614f66ec4998492117befd43f46:0:3207953166,dd0207634e03728af68a349f131ab781:1:275249338
464,B,64,-0.028367124497890472,0.8252332806587219,-0.05963753163814545,1.1659764051437378,1024,512,-0.05963753163814545,1.1659764051437378,stage1_rows,512,0,0.003390213241800666,0.10402155760675669,-0.0011730405502021312,0.3402769923210144,0.31079643697012216,9f42b4cfbe1abd970424eb720c403167:0:0,7aa0496ebd113ba6c272b2ded79ea744:0:0,e677a30a6f930a0c65436887558e811d:0:0,1b8149062bc643dbd35b878a07620046:0:1998809914,83f9bb1d7bb02a98f0d73e0918ff1aec:1:1666134132
465,B,65,0.019599460065364838,0.8353164792060852,0.03443775326013565,1.1809184551239014,1024,512,0.03443775326013565,1.1809184551239014,stage1_rows,512,0,0.0010678879916667938,0.12812961145536975,-0.0036287360824644567,0.3489693306386471,0.3124502639984712,fac9fd10de3bf50a44e6c7009539c967:0:0,d9a450a64637fbd337ca3700c8a6af35:0:0,9e4a8b41ffb0ea7906e5da397cfb93ee:0:0,80e3dc066a7f686cc45344370fabc146:0:1708435754,45b722a54d2b94b85c0ad29d9618a70e:0:2581269726
466,B,66,0.08825552463531494,0.8996873497962952,0.16795143485069275,1.2671395540237427,1024,512,0.16795143485069275,1.2671395540237427,stage1_rows,512,0,7.834751158952713e-08,0.05607587998965755,-0.000472008850738348,0.403029765188694,0.3103543809847906,742e7327c6076dc4332f6198bb336167:0:0,e5d975f406d97e931995229f5472c1ab:0:0,3e43e58499ace64b39f046f6726c22f6:0:0,696925cc3daf3e59d8d5a73118b18246:0:1202653164,4d1c0a485588f8d38cb46709ba8a23e9:0:1533499445
467,B,67,-0.055770326405763626,0.8467000722885132,-0.10133375227451324,1.1954538822174072,1024,512,-0.10133375227451324,1.1954538822174072,stage1_rows,512,0,0.0017926797736436129,0.11042529473779723,-0.005346702915267088,0.3578683651983738,0.30658808595035225,c024039f77f6b698968ecd9a7e2cf967:0:0,51cc38f6f42a8a92c1bdd60ba58a6497:0:0,1a08e3c22aecf9648ba04ef1c7828cfe:0:0,1c1cc655bd7dda81af8e53e632734346:0:2405901611,b8784cbdc84051840caa36123a265929:1:3938437528
468,B,68,-0.0002942541614174843,0.8334939479827881,0.000601673498749733,1.1785178184509277,1024,512,0.000601673498749733,1.1785178184509277,stage1_rows,512,0,0.009655874222517014,0.03707103152992204,0.003523052018135786,0.3475008368492126,0.30620491900481284,29d9b609acf1a8cf7f891d65de269167:0:0,e00101c4ef9ad953bcd47b62c7a76ea9:0:0,55bc5071c59f4d7fc661b21ab4ad94c0:0:0,81615ca1242fcda5b07931846cf10446:0:1222560227,9f64b6eafa104eb257dafa53cac36859:0:1919002189
469,B,69,0.042104657739400864,0.8402391076087952,0.07340860366821289,1.1872646808624268,1024,512,0.07340860366821289,1.1872646808624268,stage1_rows,512,0,7.940619252622128e-05,0.11080089854076505,-0.0027714247058611362,0.35284716486930845,0.3084853350301273,091c3ca96a119f1ec796635adb202967:0:0,84b90343eb13679fc0c48342850319f4:0:0,44a3cfb354de5bd931c008dcea5c1632:0:0,3f6cd82c46073c6374e36af9d82ac546:0:4064974623,13953278e99772244c39fb8b42c23100:0:1174064287
470,B,70,-0.020271936431527138,0.8731261491775513,-0.034015554934740067,1.2344250679016113,1024,512,-0.034015554934740067,1.2344250679016113,stage1_rows,512,0,9.928306099027395e-05,0.1182670464972034,-0.007814637288902304,0.3811909705400467,0.310092332016211,9c8b404fd3527ca39122b1d97519c167:0:0,f5be45a5249651d56c018d21d4083a86:0:0,0762817a4b34e8ead8a248e0cc26f4a2:0:0,e0694771676eae25eb6c6ef484208646:0:86607331,4aba840c4fe1cefe6df1fdcf265a6646:0:3928885714
471,B,71,0.0006386861205101013,0.8502170443534851,-0.003665005788207054,1.2021898031234741,1024,512,-0.003665005788207054,1.2021898031234741,stage1_rows,512,0,0.0034294372890144587,0.13463536106282845,-0.007369544827088248,0.36157952100038526,0.30786614603130147,ba5fc139e13183dbc78e1b41ac135967:0:0,6c71542ed0347f7d0684537d799e9762:0:0,22dd95fbf0533e5cc14ac7b180eb4868:0:0,b147d577b993651e3806efe280d24746:0:2840826898,9c6c0ee1309fba85f74151afde5f0315:0:2648539507
472,B,72,-0.013464761897921562,0.8419082164764404,-0.04208605736494064,1.1897460222244263,1024,512,-0.04208605736494064,1.1897460222244263,stage1_rows,512,0,0.017253410071134567,0.08891533940332011,0.004565112764248624,0.3541864275932312,0.30918984999880195,09b1c4fd9f39fd9f9f2cb1f3800cf167:0:0,e652c96418648fd15663bbfeacd5e360:0:0,4c603a37f479404fd521f9b362eba658:0:0,c32f7c47d348d1544ff9e3f1de400846:0:2679508232,4ce87ef823a7740e86a4f39bc30c2946:0:1806244169
473,B,73,0.02497567981481552,0.8562064170837402,0.03180687874555588,1.2106071710586548,1024,512,0.03180687874555588,1.2106071710586548,stage1_rows,512,0,0.0018028917256742716,0.1087060761754401,-0.0003786623536143452,0.36663486510515214,0.3100911990040913,1b3368d5997fb01b1546884ef1068967:0:0,c2a6cc86c414591cf87d83baaf301828:0:0,150d9cb0e9ca783fe9412acefd9f7ca9:0:0,512ae764cac270df51e18510ac69c946:0:3147403276,98dbe6dddcb3f2137ff77ff0a196501f:0:3052705416
474,B,74,-0.006825219839811325,0.8310226202011108,-0.0024822838604450226,1.1750223636627197,1024,512,-0.0024822838604450226,1.1750223636627197,stage1_rows,512,0,0.0035133115015923977,0.10873263273388148,-0.0010555469256360085,0.3453503645956516,0.3086700630374253,c2f74ed91f0725c77017b0b3ff002167:0:0,a2e93e15348ab019cf7b2e979d9399ae:0:0,dd8b6879ac9250a542dd9324be55a075:0:0,8451c70d24652f5599b050ecfb4f8a46:0:4019540617,a091c1b48c6010f8201d27c2bbff91ed:1:1983356801
475,B,75,0.0013875644654035568,0.8240687251091003,0.009226302616298199,1.1651519536972046,1024,512,0.009226302616298199,1.1651519536972046,stage1_rows,512,0,0.004197140224277973,0.04161073787836358,0.0005470464704558254,0.3396200083196163,0.31087164499331266,85103befff1bc464bed03d82a9f9b967:0:0,0a3f5c1cf18b4e6d2455071090115de0:0:0,7f9272c094fbfca6a9604c7890451d2d:0:0,275829b79ba5168490b008f4daf14b46:0:3780899856,e57bccb538debaa46b26393b321e7925:1:788186885
476,B,76,0.031765975058078766,0.844338059425354,0.050303734838962555,1.1935482025146484,1024,512,0.050303734838962555,1.1935482025146484,stage1_rows,512,0,0.013030000030994415,0.0591539490618743,0.0011115081346360967,0.35651523917913436,0.310696849017404,bca79b906793b3f35994411af1f35167:0:0,e2f0ff6cbe9a22a7136973c0d931a034:0:0,81b5247099f8cc21e3825de757b09f49:0:0,a95f23badc97e2803982b2565b4f0c46:0:2065823291,d1a48c0d24a0d3679bfdca592df8135c:0:2489663637
477,B,77,-0.065578393638134,0.839758038520813,-0.12758061289787292,1.1841150522232056,1024,512,-0.12758061289787292,1.1841150522232056,stage1_rows,512,0,0.012052293866872787,0.1415967135457322,-0.004068097773961199,0.35153742134571075,0.30692052899394184,60907d958a0195ad617bcddcd6ece967:0:0,867a7fb00c96f5212f70e7ee76652765:0:0,189a4996c258cecd40f0e6d747424896:0:0,b1f7fc109798cb1a782395ff8c68cd46:0:2666643200,f7c4b384f6bb27785c01f604bb8e770c:0:1579822082
478,B,78,0.044363658875226974,0.818138062953949,0.0788951963186264,1.155764102935791,1024,512,0.0788951963186264,1.155764102935791,stage1_rows,512,0,0.005526326131075621,0.07164279329590499,-0.001690187765052542,0.3344070497900248,0.30665548401884735,e95c81bdadd40b004092f62858e68167:0:0,15c1d2850f33c054973459e8240764ba:0:0,3aed38376a2b20a8e47bd565dae454f2:0:0,fcdf2f67ec0d94d215e8409e7e3e8e46:0:3530481651,95f45724f6b15e1199f22c7b471d0df7:1:4253901471
479,B,79,-0.02672632411122322,0.825873613357544,-0.03640131279826164,1.167648196220398,1024,512,-0.03640131279826164,1.167648196220398,stage1_rows,512,0,0.02182406559586525,0.06961122644133866,0.0017477981600677595,0.34111547768115996,0.30960171297192574,e390039e55630c8629d9cc5d77e01967:0:0,abfb15c8de8e310cf2ef78ea67114deb:0:0,19eb5b8c263c356b02ba7472388bc6d9:0:0,8295defcfc10bb49818182a140d04f46:0:3166761999,d2ee72bb4e48f047bd3641f2bf08c4fd:1:2201263892
480,B,80,0.06524576991796494,0.8226460814476013,0.12706546485424042,1.1598924398422241,1024,512,0.12706546485424042,1.1598924398422241,stage1_rows,512,0,0.007328171748667955,0.06374977782834321,0.002241934961057268,0.3373246654868126,0.3086365700000897,24c2b91d1beb10ff994462dc33d9b167:0:0,5f2ec59f0c8face9b408c85e4f2fb39b:0:0,5b96b358f295afc71d55e2c8b7fc0c63:0:0,4f33bda7907847554afc7035e41e1046:0:3403833529,1bf0e8bd620994fbc8dba04177c7e82b:1:1129098531
481,B,81,-0.06097225099802017,0.807138979434967,-0.12388071417808533,1.137755036354065,1024,512,-0.12388071417808533,1.137755036354065,stage1_rows,512,0,0.010597565211355686,0.09072587881237268,-0.0014211811358109117,0.32457742989063265,0.3079450490185991,6c41d4bbf276044cd3bacc048cd34967:0:0,35ee53fa71d5c7a38aed710fa20b154b:0:0,3d17ef01b9070cc7f68b2eaa4c324aee:0:0,15cc62050b64a2b25bc3614a7827d146:0:2725279770,563a2a2b8848760d1bdef5fd90973414:0:4195404399
482,B,82,0.07690303027629852,0.8203005790710449,0.1548132300376892,1.15462064743042,1024,512,0.1548132300376892,1.15462064743042,stage1_rows,512,0,0.006228978279978037,0.08792188705410808,0.001280232344288379,0.3345386631786823,0.3087285149958916,6f289c4761b20e6767191a3682cce167:0:0,bcd138a64e5dd2322a077d85ccf18929:0:0,d13720998ceef6decc2aa413acce7eca:0:0,03423f467f367b73ea9ef18d0ced9246:0:3923562187,a8844bda01929c92befe8fdb8fbf1d1b:1:6523744
483,B,83,-0.016783900558948517,0.8258328437805176,-0.01784845069050789,1.1676831245422363,1024,512,-0.01784845069050789,1.1676831245422363,stage1_rows,512,0,0.00028184952680021524,0.08815316217951477,-0.0028916909475810828,0.34116963371634484,0.3066417170339264,ecdc43b576b62a5baa2f5fd215c67967:0:0,5314e3e3a26a4ff56e1ce0fd2bdcc4e8:0:0,e6a6673328bacedfc7e3e07a64630179:0:0,5d46a5be987e89392bb7006bb26f5346:0:599064301,b443222a066c314a2227730b629c0b9f:0:2299209601
484,B,84,0.016811300069093704,0.8254807591438293,0.0308426171541214,1.1670204401016235,1024,512,0.0308426171541214,1.1670204401016235,stage1_rows,512,0,0.014683421701192856,0.09466825877316296,-0.001675550313302665,0.3407701700925827,0.3066051729838364,6b67bb4400b48d423cc1af3745c01167:0:0,bff17b458b953757dc8762a02ec61306:0:0,16e627d9465f652c119ae39050ca4ea9:0:0,626e5f88232dc63abc93b11478ad1446:0:2161278174,179df7689c3488d7b803b64df447446e:0:3447517705
485,B,85,-0.02556942030787468,0.7882137298583984,-0.052341263741254807,1.113857626914978,1024,512,-0.052341263741254807,1.113857626914978,stage1_rows,512,0,0.008128806948661804,0.16078147017396988,0.003630366819561459,0.31047332361340524,0.3123638940160163,a35bff24c59add3987881ac612b9a967:0:0,295084a3d429ee459bf269b4aeaa73de:0:0,deb706c18dd6f188eab893a0a7c90394:0:0,8e4123414e006e3fcc1e6a756fa6d546:0:2218055535,34a0cca36cf62c6a6798e21cce73e2fc:0:1957861825
486,B,86,0.054479021579027176,0.8477527499198914,0.11369688808917999,1.1957629919052124,1024,512,0.11369688808917999,1.1957629919052124,stage1_rows,512,0,0.009474677965044975,0.026521019148640336,3.667892306111753e-05,0.35823315009474754,0.30936159304110333,7099564653a0385f3c2eb4de7cb34167:0:0,e7c3035af3a2c1e1c4070e9e928544b8:0:0,21e1e7638c01fbfbb076e1c2a9d85084:0:0,82089d9d6ad1d58afea2d73ca75c9646:0:3448587212,d78f21ca1d3900dff009f1c736062df5:0:914385241
487,B,87,0.02920195460319519,0.8493523001670837,0.05280609428882599,1.2005013227462769,1024,512,0.05280609428882599,1.2005013227462769,stage1_rows,512,0,6.345973815768957e-05,0.09462693992536515,0.0037533947848714887,0.3606678269803524,0.3090235299896449,50bdcd0815c10bc9d5558fe083acd967:0:0,de1410f7fadfc6d9d00bcf762c34c421:0:0,361cb2dd4a301aad42d765fa999467ee:0:0,f121b932c73ae9cf0dcfe5d82fce5746:0:3471167150,53a57ca982557c33eb7f4337c0934f34:0:1664121741
488,B,88,-0.06556838750839233,0.8230677247047424,-0.12934911251068115,1.160301685333252,1024,512,-0.12934911251068115,1.160301685333252,stage1_rows,512,0,0.00010441825725138187,0.05805342857493088,0.0009133382583968342,0.337471941113472,0.3059440399520099,10e517e85128ba821690be2c27a67167:0:0,4da852aba3d44b54d7e04bc60734fd2f:0:0,51783bb1952637579e3b35d516b48033:0:0,a7e5a1285690ef3b24b8c87618fc1846:0:2938582651,8938cbae0442fb3e55d374aeb4e4c416:1:740921290
489,B,89,-0.014170628041028976,0.8913790583610535,-0.03006153553724289,1.2601920366287231,1024,512,-0.03006153553724289,1.2601920366287231,stage1_rows,512,0,0.0018192785792052746,0.1109161379863508,-0.005418021825607866,0.3974155463278294,0.3159462340408936,4aede97ab189147c8c68522168a00967:0:0,b3bf596abbfb05dfb954f9160b4f9072:0:0,c6efdb62c10f045546329c5381994296:0:0,ded35dfb450dcbaef7d5f50472e5d946:0:223477359,f22865f14f925fa71e1ee70a17d1d73f:0:3278385077
490,B,90,0.043954528868198395,0.8322345018386841,0.10378531366586685,1.1737167835235596,1024,512,0.10378531366586685,1.1737167835235596,stage1_rows,512,0,0.008009064942598343,0.08890073474030942,-0.0016115461243316532,0.3450761526823044,0.30967967002652586,b698a6360a5f9d930c585e204699a167:0:0,adb91a0031babe65debd9f1b0dc9dd0e:0:0,0341862105cea949e0d597bf8cfc2a98:0:0,a1d88a3b2b9ef226990625314d8b9a46:0:174462312,2976ec1fb0ed2321f19055457903ae1c:1:1333148078
491,B,91,-0.037033580243587494,0.8256956934928894,-0.06826821714639664,1.1666529178619385,1024,512,-0.06826821714639664,1.1666529178619385,stage1_rows,512,0,0.016588198021054268,0.093265338789206,0.0017573942641320173,0.34075802713632586,0.3083684230223298,1c8b3fe7f328a47e34d0f488c1933967:0:0,09ed0d9e450461e8e3c81d78a3a080e1:0:0,f3c3b440c572a239fb70607e23b5ff7b:0:0,b40736907c8bc06e078f566ab8ed5b46:0:131474228,291bfe44999c2e5021b99bada7534da8:0:4261554329
492,B,92,0.006121169775724411,0.8016164302825928,0.022343937307596207,1.1332417726516724,1024,512,0.022343937307596207,1.1332417726516724,stage1_rows,512,0,0.00080630904994905,0.2448300812393427,0.0024717361375223845,0.32128054201602935,0.30957242398289964,e895e1dce48029ceed3627bad98cd167:0:0,e37798a7e913d409b9d585c19b67768c:0:0,32deb1a08368c94e9f83ed11611b01d4:0:0,2a3e775fe2d7e12c7c1fc9dec50b1c46:0:1519749231,ab5ab030830e1f68a17091f4087885f8:0:1898110374
493,B,93,-0.01706123538315296,0.8082027435302734,-0.03079911880195141,1.142594337463379,1024,512,-0.03079911880195141,1.142594337463379,stage1_rows,512,0,8.27680341899395e-05,0.023922440386377274,0.0029400323517620565,0.32668170258402823,0.3070486609940417,ed7bf60b7c3096e7e5e00a168e866967:0:0,51c4b4ba5ac1d539108b91eebfef2848:0:0,b13d04075ae9a2c2555f6bcdb2013159:0:0,df8e21a2b0fa045770cf047b81e4dd46:0:2185998946,6879cfe1c347cc2b630c092369f96e4f:0:2947062018
494,B,94,0.0267966166138649,0.8484042286872864,0.04829108342528343,1.1992292404174805,1024,512,0.04829108342528343,1.1992292404174805,stage1_rows,512,0,0.008554537780582905,0.06457433444447816,0.001432280518929474,0.35988427996635436,0.3030240389634855,e704ead18e2f44f7181aadfbe0800167:0:0,e56928c9a720fdf6ac499687ca355afe:0:0,116299fde3f8096f846f50a3b19c5581:0:0,a926ded41f33001d651eceeeff7a9e46:0:246944359,c962afa914c0ecd2bce304dbadf3a035:0:1792847436
495,B,95,0.008682469837367535,0.8361012935638428,0.012796463444828987,1.1821988821029663,1024,512,0.012796463444828987,1.1821988821029663,stage1_rows,512,0,0.002335134195163846,0.055564017966389656,0.0011433455350925215,0.34960225969552994,0.3100580099853687,a7300011a886d3ef462625cacf799967:0:0,23be1c09ddb4e6ef26054038c597a66e:0:0,fe7373da608b4e7fdf0ada8647f4cf98:0:0,9665f7d8fe852c585dfc35a74dcc5f46:0:4254747544,b0b9787844fd33393edbd3ad854c5936:1:3176930070
496,B,96,-0.009540649130940437,0.8292125463485718,-0.02359572798013687,1.172317385673523,1024,512,-0.02359572798013687,1.172317385673523,stage1_rows,512,0,0.006877213716506958,0.06258763126097619,-0.0029690188472159206,0.34385167583823206,0.3098958599730395,a11641bfb02f51817b3683e35b733167:0:0,96d990106c3f9cc87c19247ebfb39dde:0:0,ba54f9a08e5a99da4ed23c9d1bce721a:0:0,84e61347aaff8a9821c088d27cda2046:0:3943880047,67e008891cae24cd89fb1b67a8d04413:0:1060138871
497,B,97,0.008927271701395512,0.8443873524665833,0.014305861666798592,1.1939164400100708,1024,512,0.014305861666798592,1.1939164400100708,stage1_rows,512,0,0.018275190144777298,0.0971667358186096,-0.0015435986744705588,0.3565761476755142,0.30794328602496535,af4db52b3cd430168b73daa5846cc967:0:0,cf9e2fbc070a540bf2b2f253d2d2b6ec:0:0,52ec01a4992e743eba9af5cda6070f24:0:0,1d0fc32c6ec40cd430325c5e9ca3e146:0:609909566,e94ec5467193f2ce12956c695f0f23f1:0:4142549963
498,B,98,-0.017101554200053215,0.7952715754508972,-0.02940680831670761,1.1243399381637573,1024,512,-0.02940680831670761,1.1243399381637573,stage1_rows,512,0,9.532750118523836e-05,0.16149543710052966,0.007980312535073609,0.31629493460059166,0.3098986929981038,84809d9659880dc893fa3c714a666167:0:0,00d0ae15525d6e8759826b481fbf7156:0:0,0e67aa496079017db7f3c683f381918e:0:0,9580500f2ee40cd5768687f9bd29a246:0:3030281588,c88b1df272df1db4db3cd36c2d9594d5:0:4087846866
499,B,99,0.03737380728125572,0.8547183275222778,0.058629199862480164,1.2081782817840576,1024,512,0.058629199862480164,1.2081782817840576,stage1_rows,512,0,0.00030242244247347116,0.19108193833380938,-0.0025925731446477585,0.3653338186442852,0.30869438499212265,2b639be750664b5c7ad9bba6ad5ff967:0:0,52a0bd687aaaf13d4ee98b68bd971e70:0:0,203eda9c610cbf92d813fd400c26276a:0:0,a20af15623e1c667bf612711ee6b6346:0:1204652709,6c29ea34e6c31b926bcab3ca754aa2f3:0:1899441184
500,B,100,0.036456476897001266,0.815420389175415,0.07695981115102768,1.1515538692474365,1024,512,0.07695981115102768,1.1515538692474365,stage1_rows,512,0,0.0034547410905361176,0.09691713908687234,-0.001988783766864799,0.33201548755168914,0.31438207800965756,57454c842722733b6f166aa5ad599167:0:0,3068c786a39503b9a87c09353f68b614:0:0,5f41b1b6e521bcf9b4e7944bb8d1d5f4:0:0,ac56e4e289596662ded698d540692446:0:2264475144,1dab25ded277fd6d0db71cd2982d6e62:1:505428082
501,B,101,0.023715712130069733,0.8496236205101013,0.03977236896753311,1.2011481523513794,1024,512,0.03977236896753311,1.2011481523513794,stage1_rows,512,0,0.000881670624949038,0.06931618289090694,0.00557307143608341,0.3611225552856922,0.30774820200167596,0819e5a67285706c68a85bce4a532967:0:0,80d3f33d588d5a6cea67d9b50d892ea1:0:0,a667c1bc240cefeb99c49a816ac8b5ef:0:0,b11ff7ab9b08009b9a6c8031c322e546:0:2040890030,5a7b4142737d26fedfecb9505e661a87:1:1827792406
502,B,102,-0.012389637529850006,0.8460233807563782,-0.029523584991693497,1.1960011720657349,1024,512,-0.029523584991693497,1.1960011720657349,stage1_rows,512,0,1.4486722648143768e-06,0.1510380068095401,0.010501652501989155,0.3578264333307743,0.31022797600599006,2c2537b626d8958da87ba180844cc167:0:0,1cbc4a883c9b245110f44bce3cab8c2b:0:0,90cc8eabe98d0188ed965e51e0e0ec57:0:0,ad517de5e11a7ecc4d1ac3d58698a646:0:3322736731,7e8d958e29b86cb259d2e34e3961840d:0:565432702
503,B,103,0.02128058858215809,0.8245192170143127,0.04024855047464371,1.1655473709106445,1024,512,0.04024855047464371,1.1655473709106445,stage1_rows,512,0,0.001754504512064159,0.07590577062219381,0.0030180444358848036,0.33986340239644053,0.31180403399048373,763d507a0b3e73ce38704e1c5b465967:0:0,c53ee778090c2357fe892c8e00c7803c:0:0,b629d13f997e7129e6e0aad3ac807a29:0:0,5b35f1acba625a85474c8e2e9aca6746:0:2700545137,d6007612eceb1a8fd4ad8b85dda475b4:1:1877784970
504,B,104,0.021813618019223213,0.8225305676460266,0.03830402344465256,1.1628334522247314,1024,512,0.03830402344465256,1.1628334522247314,stage1_rows,512,0,0.0005296807503327727,0.15522433880250902,0.008251979913620745,0.3383059471845627,0.30324075097450987,920fe12c75f981e76b5a7401cf3ff167:0:0,57750bb8fb1eab4329486fc61ab789d4:0:0,79045dab663b56170d831abbb8e93fff:0:0,515e01e640c1b434eae14d6b0fb82846:0:2579966907,2a95ef5234b9df1e2f877308a70d5ed4:0:1921074343
505,B,105,0.033580418676137924,0.8623421788215637,0.06046145036816597,1.2187641859054565,1024,512,0.06046145036816597,1.2187641859054565,stage1_rows,512,0,0.002720743417739868,0.14636128201382234,0.008640577062033116,0.37172683998942374,0.3083971529849805,37dc66c2f7a093165d022590e0398967:0:0,dd5a8be9a2593b8589e55b65195da610:0:0,8840e548106f7326970d9599292fd2ac:0:0,03fd66f212d41957832db378f561e946:0:2161169802,4bcbd38b3c309ddef4b28723c9b9ec93:0:1548971998
506,B,106,-0.05216706544160843,0.8303940892219543,-0.0901794582605362,1.1729049682617188,1024,512,-0.0901794582605362,1.1729049682617188,stage1_rows,512,0,0.0016739299753680825,0.031145616818685086,0.00018002713768510147,0.34444078654050825,0.306527187989559,5eb4f2f79b411e15722375298e332167:0:0,a6b894736c94597e367af30d83b7ce8a:0:0,37391a519968176e03e5c1b24dfba7c0:0:0,e50d065e3d8d0bded8fcb6065bc7aa46:0:4174916659,509ed633cf1dc5cb383ac1192c73a7e1:0:3861030538
507,B,107,0.02724480628967285,0.8408712148666382,0.03774711862206459,1.188921570777893,1024,512,0.03774711862206459,1.188921570777893,stage1_rows,512,0,0.007255741395056248,0.05573807193432003,-0.004537871581851505,0.35365340411663054,0.3049159240326844,ef8f53e2616f5415d86e752bd92cb967:0:0,a1255b813c7a5291084d9bc74d191847:0:0,d263561c2352e52da67b29778f05cc7f:0:0,c781891671391ce182908e8152e96b46:0:2211156456,dd5d0e27610f3616ecf11ea2d8d39b25:1:1478560627
508,B,108,0.012593107298016548,0.8718609809875488,0.022915571928024292,1.2327367067337036,1024,512,0.022915571928024292,1.2327367067337036,stage1_rows,512,0,0.0038794910069555044,0.03913507071556523,0.0008299511770019308,0.38017299994826315,0.30592623399570584,e44037319c4407b9068737f7c1265167:0:0,3339fadf092eb2f68ef93a9f499e48f7:0:0,aec18cd18dfd5854ddd51a9a886c4019:0:0,73425704df022ca1efa3ba17eac72c46:0:1548750457,4a5bb9a43039a9e7cc898bca72088e41:1:1240048052
509,B,109,-0.060236621648073196,0.8283486366271973,-0.11141443997621536,1.1690069437026978,1024,512,-0.11141443997621536,1.1690069437026978,stage1_rows,512,0,0.003227053675800562,0.1271682232269086,0.0023592498037032783,0.3424630992114544,0.30854989401996136,abe1c54fd248640a3c05cfed461fe967:0:0,6119ffb73783d0cb36262dd31a9c35a7:0:0,aec63d5702e8dc32e1431cd0bf69436d:0:0,afebcea58ecb21fd3169f9b83360ed46:0:3820467577,1d408bc642c2a4d97ff221e7fadf83ee:0:1858430292
510,B,110,-0.0023704180493950844,0.811421811580658,-0.008812692016363144,1.1472740173339844,1024,512,-0.008812692016363144,1.1472740173339844,stage1_rows,512,0,0.006774784531444311,0.1550426351837814,0.0003501359518850222,0.3293025642633438,0.31058986601419747,02271005ce4f737801764f6c68198167:0:0,5c2d1296d714737066847648b4235d9f:0:0,0b776329cb6e76ab60c5918124844de3:0:0,bde37558b0eb2b517e9152103cb6ae46:0:1318131899,aa031092c2ce3cd4a2fcda11032b317b:1:2700114243
511,B,111,0.030322538688778877,0.8521444201469421,0.07114385813474655,1.203535556793213,1024,512,0.07114385813474655,1.203535556793213,stage1_rows,512,0,0.000823965179733932,0.0823024713434279,0.0008713766790606314,0.362626589089632,0.3111282659810968,20b58f67823d76cda858c8d527131967:0:0,c3353dae825bc04b8eae55334b7896cb:0:0,a801b683df598093ad503997fd154ab9:0:0,4a2ec50a64045aec73430b8e16c86f46:0:225087067,f13746aa9415dad7a1ff2a92e1b597a2:1:210158471
512,B,112,0.02136547490954399,0.8510745167732239,0.00890201237052679,1.2032781839370728,1024,512,0.00890201237052679,1.2032781839370728,stage1_rows,512,0,0.0012740734964609146,0.048326476325746624,0.00391431321768323,0.36220010593533514,0.3081814480246976,50cdc71a62bd0c2ccb214e87830cb167:0:0,481d4ff8b149a2ba74e9e062f0fe80a1:0:0,260979c3e99977822a8430217bcf14e4:0:0,d01c33ca9ce531110d24b25fd1963046:0:2283361495,1ab6b2049a56a1c5c7d512e8a6b9b05d:0:1668648579
513,B,113,-0.011456320062279701,0.8317745923995972,-0.026923801749944687,1.1759222745895386,1024,512,-0.026923801749944687,1.1759222745895386,stage1_rows,512,0,0.008178559131920338,0.08678659261204302,-0.0006115025345934555,0.3459190346300602,0.3092889290419407,68540d43e1e22606cd37f2e37c064967:0:0,d11e9f74e2d96b7729bb995f03e5a282:0:0,3f6c130bd60545068f05940798b255bb:0:0,0a1f38ea551865a5635916737d1ff146:0:3662777254,ab7e3452a8af3461e938135143b8f8b5:1:3237660147
514,B,114,0.00425873976200819,0.8394190669059753,0.01504988968372345,1.1868269443511963,1024,512,0.01504988968372345,1.1868269443511963,stage1_rows,512,0,0.040688298642635345,0.18283845168771223,0.012102235714701237,0.35244190245866774,0.30707129399525,a7aa4baeaebad2165af8c84911ffe167:0:0,13c4995b10d664b3f6338bc7d5cc3af2:0:0,425147890c53cc434977a501063fdf14:0:0,2ab697dfdc7a03981a814b772965b246:0:2005667319,e26c0e19391b328c7647bbc8532509b3:1:733335914
515,B,115,0.0036792196333408356,0.8245835304260254,0.010486405342817307,1.16590416431427,1024,512,0.010486405342817307,1.16590416431427,stage1_rows,512,0,0.0030148779042065144,0.05698549437802285,0.0009039081749506294,0.34005608335137366,0.30583078000927344,bdc372f55fcdd058e9b3e11844f97967:0:0,42934c67e8e5ba47ec19843912d6bf29:0:0,57b83ace516306bc590d59c57db2311f:0:0,87795a4f22dca80d94bda8d8e6677346:0:3797806501,05c2d038c8360cb25cf248d997ed68ca:0:748178544
516,B,116,0.010323015041649342,0.8468665480613708,0.016580823808908463,1.19742751121521,1024,512,0.016580823808908463,1.19742751121521,stage1_rows,512,0,0.0018882447620853782,0.002549784991424531,0.0009357870789244771,0.358711077272892,0.30696542997611687,6d6936c12e86fa0837ad4fb114f31167:0:0,b60dcbad147e335bb77312cc2c48121a:0:0,94633ccd585bf2ccc6130ef0bff7cad6:0:0,8f19eed8087d7764ddaec9c6c4253446:0:3649767524,2322e9f5470d1fefdf0b1f621e0ea2ad:1:1123822070
517,B,117,-0.0042523909360170364,0.8579429984092712,-0.027886107563972473,1.2126531600952148,1024,512,-0.027886107563972473,1.2126531600952148,stage1_rows,512,0,0.0011254289420321584,0.09379263427108527,0.0030463476257864388,0.36787570342421533,0.3071973840123974,69d4896b69917893cc1d267381eca967:0:0,960e8234bf71ebecf1de8a6a747b254f:0:0,cf6d0540c707b6b59109c4a915f5bafd:0:0,c9a538783eb91a2452768d2ed29ef546:0:3981818633,c65abcfae61d9ff382324291d81a3cd8:0:2134220547
518,B,118,-0.02339031733572483,0.838983416557312,-0.04546721279621124,1.1858774423599243,1024,512,-0.04546721279621124,1.1858774423599243,stage1_rows,512,0,0.002766499761492014,0.13547468575416133,0.0076130942863528615,0.35197016820311544,0.3076417840202339,81792c90441fcc9a772f77bf8be64167:0:0,adb40ef5740facad126e7b152c6bee0e:0:0,76e39b78de0213e2dd768b53feb1b2c8:0:0,f548691bfe27d3de05b915bf21d4b646:0:2274092326,4bfefdbc6ccf2d6b8000c1818086debb:1:2096378623
519,B,119,0.04241934418678284,0.8259751200675964,0.07020621001720428,1.1672555208206177,1024,512,0.07020621001720428,1.1672555208206177,stage1_rows,512,0,0.002130796667188406,0.05011687510414049,0.001751126116141677,0.34111844152212145,0.30921563203446567,143c8b61a821a4e3d20455f532dfd967:0:0,a8cab506a60961e2c678ee419a875b40:0:0,e170c1415c332d1b1996efe18a7354f6:0:0,247dc824d3fa861bdf9dc9e5c1c67746:0:2935877632,490b90dc065cd14097762f29fccc9cab:1:326825887
520,B,120,-0.004616963677108288,0.8249440789222717,0.00538991391658783,1.1663737297058105,1024,512,0.00538991391658783,1.1663737297058105,stage1_rows,512,0,0.015837009996175766,0.05780362028162926,0.002321044442942366,0.34030978977680204,0.30984833399998024,1e3ff2c8b1678559beafd37476d97167:0:0,c2a02d1fca125c4efb05593f4119a408:0:0,cb9877cabb1af899ac056c5dac2ea022:0:0,a99d91f40626316379d053d0c2743846:0:2301695106,723970dae07350fe7a1705e4f0b90020:0:212143584
521,B,121,0.0036128563806414604,0.8323422074317932,-0.0016952231526374817,1.1769063472747803,1024,512,-0.0016952231526374817,1.1769063472747803,stage1_rows,512,0,8.168688509613276e-05,0.04649420203641057,-0.0010970284056384116,0.3464872933924198,0.30858666700078174,d1ee1aa477b43e01e83a029d57d30967:0:0,6adbb4573b9871a3a9e40d6ffb223148:0:0,9cb8f13a3a67f57173d65042facf0a44:0:0,d2228ea28c9f4661b781a16e33ddf946:0:855428084,68ca370dc3ebce689e3bb63e56939f8f:0:1578400253
522,B,122,0.05516365170478821,0.836945116519928,0.11137676239013672,1.18076753616333,1024,512,0.11137676239013672,1.18076753616333,stage1_rows,512,0,0.00022129516582936049,0.05051317999605089,0.0008953080032370053,0.34928321912884713,0.30317507294239476,d31bd2b4cdbc31f7429ef5cfd5cca167:0:0,1ad0b258c71cda7a5fa2aabc2eddcf85:0:0,40053d299e98fbd894b86754115e9334:0:0,fd9d82bf5d99d94e1968e46c2603ba46:0:3387608486,df37523f74c9a006a50f78da554d87a2:0:1884670531
523,B,123,-0.024953732267022133,0.8590050339698792,-0.046202413737773895,1.2142555713653564,1024,512,-0.046202413737773895,1.2142555713653564,stage1_rows,512,0,0.00035090872552245855,0.08520477617857977,-0.005321279598865658,0.36887928619980814,0.30938656197395176,a1c384ff9b126e638acebf6bf0c63967:0:0,49a375f34ee0d7e08a29a87c1d7aad3d:0:0,6b08acdd9718140c62aca482f5ae8c3d:0:0,6ab0f3e9cb778995cdc49238a8e57b46:0:3837572329,708da90586221b9f05c421a024c1a10d:0:775661863
524,B,124,-0.03334682062268257,0.8379510045051575,-0.06580924242734909,1.1839725971221924,1024,512,-0.06580924242734909,1.1839725971221924,stage1_rows,512,0,0.00918545387685299,0.13231003104010597,-0.0026364455465227366,0.3509754553437233,0.3066030719783157,a5331ebf77039178c6ad71d1a8bfd167:0:0,ae3a9e047e94e6e36140110aed5c159a:0:0,5b9cfa6ba8f55ffb8a358f2da69ab66d:0:0,29cfb324f4bfafde7c5b6401cc833c46:0:3860161845,44d8b91629e448d17c05bba290cb41ae:1:2227149934
525,B,125,0.022719236090779305,0.8292255401611328,0.03618013113737106,1.172368049621582,1024,512,0.03618013113737106,1.172368049621582,stage1_rows,512,0,0.00211168616078794,0.07716946359723806,0.0022692456899676473,0.34387988671660424,0.31080268998630345,906bd02a2a5e816ac5131f60fdb96967:0:0,47c749a38726c9b56c20aff525e3adf9:0:0,3099b1354b5d801288440da35e0f82f8:0:0,38e2168ec9322470ce7d56b5a0dcfd46:0:1692129917,0079b386649865382c4c9f5b0aee77c0:1:741682397
526,B,126,0.0031322576105594635,0.8104453682899475,0.008439464494585991,1.1459107398986816,1024,512,0.008439464494585991,1.1459107398986816,stage1_rows,512,0,0.00905220489948988,0.07653722467366605,-0.0027457206189865245,0.3285276673734188,0.3087088370230049,85f2f29dbe2af3689dcbda79efb30167:0:0,31c62a076306f9527706bbfa05c065c3:0:0,a56ea17164ffab81dcc931fb8a61bbcf:0:0,6be3b274eab8b01ab304ab0235f2be46:0:3531839286,f4c7f9e29376815eedbcb9f9e7c22c70:1:3420061915
527,B,127,-0.0014931512996554375,0.8396708965301514,0.011438574641942978,1.1871525049209595,1024,512,0.011438574641942978,1.1871525049209595,stage1_rows,512,0,0.0030411211773753166,0.07672681019175798,-0.0010007529519498349,0.35259127542376517,0.3059904599795118,746b4402bd4dc2963197b57c7eac9967:0:0,b29a58b2d45eb62179f8f0a97f1c2302:0:0,4bbbe624f1bd7a982e27aa5d114f4a3c:0:0,80afb54fb5aef9995e56e5559bc47f46:0:778733279,1ae3a9ee35b0b723c54a4767d36a4486:0:2541660090
528,B,128,-0.028576282784342766,0.8280979990959167,-0.05680343136191368,1.170241355895996,1024,512,-0.05680343136191368,1.170241355895996,stage1_rows,512,0,6.225262768566608e-05,0.09898462366545573,-0.002138132031541318,0.34274811297655106,0.3078693160205148,9dfd85724f1b1705aa2ac2c8aaa63167:0:0,375cebf3b54c29f1fdc9f90af5923edf:0:0,ce6b41ec5183000b9063df433aa55aa5:0:0,3b34d9b401ac819b0665cddde2524046:0:125105476,26ed4b6874e5461ea4e2c98c42350998:1:3275818945
529,B,129,0.030348999425768852,0.8618741631507874,0.05757412686944008,1.2180702686309814,1024,512,0.05757412686944008,1.2180702686309814,stage1_rows,512,0,0.0084749860689044,0.03014971431111917,0.000880056619644165,0.3712516352534294,0.3056706149945967,1adf6a6ed0d65cb0fa2d14be739fc967:0:0,9cf2197012f30648919711fae638a2a6:0:0,4cb07aa73c4c03d2673ca89e3af87174:0:0,1a894b8ab2afff685ab07089199c0146:0:3103843564,cb10d5edd14217d64aa0fb1724f4aaa7:1:197049709
530,B,130,-0.041384074836969376,0.8381862044334412,-0.08451253920793533,1.1836228370666504,1024,512,-0.08451253920793533,1.1836228370666504,stage1_rows,512,0,0.002217973116785288,0.05075862638186664,-0.0020947212586179377,0.3507056638598442,0.30344518402125686,6b27a53d94200a735d3abdbdd9996167:0:0,c16d384e4ae30993545d65fb859a20e5:0:0,4cc086acd3ec039ef3ee80636527115e:0:0,75a7118dfa3f3045b8441d0551a1c246:0:1559728158,a432f4be0101840dde1026392775a852:0:1133722134
531,B,131,0.05417415872216225,0.8350493311882019,0.10433848202228546,1.1786348819732666,1024,512,0.10433848202228546,1.1786348819732666,stage1_rows,512,0,0.012266472913324833,0.06410926127573476,-0.0002601790154585615,0.3478885985910892,0.30618744797538966,d595bc3068513902d7e3d026dc92f967:0:0,fc00702cdf61e6c59a10649588c5d344:0:0,7f17d08c1779c11c293009476575d41b:0:0,fa04c7eb30c1eb9c19bd66c09a638346:0:2397471918,c87c69e0dbe846d5d4587574e41d63ee:0:119869437
532,B,132,0.00483053969219327,0.8467423319816589,0.007708556018769741,1.197306513786316,1024,512,0.007708556018769741,1.197306513786316,stage1_rows,512,0,0.0003493111580610275,0.13724561398848892,0.0035646190808620304,0.3586479589343071,0.30377981101628393,600432ed94c509e9b7ac5e597c8c9167:0:0,19ce46de0f486e1867c5c86d074ccebd:0:0,f6d41363431fceef446f06ed54c30f03:0:0,2fc50bb179130df9c34924e903e14446:0:939364741,2b19469018dfc35471ea2dd7f768979c:0:840350938
533,B,133,0.04532480984926224,0.8948603272438049,0.09624560177326202,1.2632944583892822,1024,512,0.09624560177326202,1.2632944583892822,stage1_rows,512,0,0.005602922290563583,0.08437344157136976,-0.0012710789334960282,0.399626412242651,0.3101931359851733,a2e37204ea0fde80130c7ab5b9862967:0:0,597d45a24bf07caaa44dcf3fdb2728c6:0:0,032225954715dc313d6f3a4e350bec88:0:0,b28f3f24eaf58cfaaaa5726c9e1b0546:0:3565637352,2dc6a43c8be5aecb9d19eda2ae524c99:1:1247157225
534,B,134,-0.06309206783771515,0.8352782130241394,-0.1307143270969391,1.1772000789642334,1024,512,-0.1307143270969391,1.1772000789642334,stage1_rows,512,0,0.002229707781225443,0.10135574149899185,-0.005329007963882759,0.3474678784608841,0.30700750701362267,935bb66090245ee54970379b937fc167:0:0,8af571e6e9b5b6bfef7e6d5d6e27fe36:0:0,9e1937e6464d820742d0c392f9c85ba5:0:0,957abbdfcccfc6289b22adf97910c646:0:900659203,5aa3ddeebaa3afecd70374e094c716b2:1:2464512566
535,B,135,0.010080358013510704,0.8472350239753723,0.022277895361185074,1.1978553533554077,1024,512,0.022277895361185074,1.1978553533554077,stage1_rows,512,0,0.0029683196917176247,0.05571178334066644,0.005232630397949833,0.35900085493922235,0.30623158102389425,9f8c3160376650f98337a76b0a795967:0:0,d10f8207f22063b2deec7dd6baf4b4b3:0:0,ddc1550a7612911fa5a1f0ca4b2ac897:0:0,e02c979b71c2dae315a479fda4c28746:0:2297325269,7cd5e18ab7476ba4529bf42efa5fc7ad:0:2586925074
536,B,136,-0.033345505595207214,0.8318353295326233,-0.06916941702365875,1.1751304864883423,1024,512,-0.06916941702365875,1.1751304864883423,stage1_rows,512,0,0.0026347797829657793,0.0214016878278926,0.002545910654589534,0.3456800177693367,0.30684755701804534,1dcd61ad52ab3f5731b6dc841e72f167:0:0,5db1b3b20bf78b2f592d77b5051ae463:0:0,3f898342111a167ac267e134a1151182:0:0,edb862449ee7ab5eeca2bca731304846:0:593222773,798859a9ee2bd7bbef4ec90365454a9c:0:767194270
537,B,137,-0.006515951827168465,0.8179890513420105,-0.00964280590415001,1.1566170454025269,1024,512,-0.00964280590415001,1.1566170454025269,stage1_rows,512,0,0.029703320935368538,0.16478323666378855,-0.01626704153022729,0.33465518355369567,0.30558406200725585,1ae48c170028f04c8f35e946cf6c8967:0:0,e76ff36b8fbddd979c520192b0fe9013:0:0,192a2d8435d3a22a1c85b47265ed7336:0:0,470c565fe92ec2cd9c2a9fe42e5a0946:0:1707470227,1986019e8d9db1edef020a71755385cb:0:2614759471
538,B,138,0.0847192332148552,0.847295880317688,0.16034072637557983,1.193298101425171,1024,512,0.16034072637557983,1.193298101425171,stage1_rows,512,0,0.0019734338857233524,0.0659633026458323,0.00375406387320254,0.3573433645069599,0.30845902097644284,03b61b044751acd51ef0e0131d662167:0:0,059005e7622caa6ef9af72e8609ff329:0:0,17c297eb15b8754fc97e562e366bd1ec:0:0,f43606754d1446bc5ddf9162ac3fca46:0:1330428095,c4f5dbb486e5a6738fddc20bedb379fd:1:215987627
539,B,139,-0.03607124090194702,0.8430331945419312,-0.06992139667272568,1.1910613775253296,1024,512,-0.06992139667272568,1.1910613775253296,stage1_rows,512,0,0.008319078013300896,0.12702445158502088,0.005712612616480328,0.3550998292863369,0.3084781509824097,7d3c8a4b519e57932d17d349085fb967:0:0,72e3bdafb2c082c52153b6be56d3c7cc:0:0,c62dbacc04d2e5e6f4a873f7c9c22b57:0:0,f45861fb520cbbbaf8fc4290bae18b46:0:1696668511,d40124e36c48c77694b10ef1555912b0:0:2169541064
540,B,140,0.012923358008265495,0.8430108428001404,0.006142986938357353,1.1919690370559692,1024,512,0.006142986938357353,1.1919690370559692,stage1_rows,512,0,0.00012881297152489424,0.0415330576710403,0.002596486089169048,0.35544377490878104,0.3081298089819029,f959647c444653c94eced54890595167:0:0,cd3972bbac394a703cdfb79fbd181b36:0:0,a6172e73828d6865b443650aa7402342:0:0,a36fc8c55d43315a4e53a89c6a3f4c46:0:1496808573,0c06b8b8851bf1585075d43e9caf7f1c:1:2341367184
541,B,141,-0.0005145168397575617,0.838942289352417,-0.017141543328762054,1.1860463619232178,1024,512,-0.017141543328762054,1.1860463619232178,stage1_rows,512,0,0.0023826505057513714,0.013504604250192643,0.0006671353767160326,0.3518737941980362,0.30815158202312887,387db5ee60e53c53e22df871b552e967:0:0,a963f485b28f2a36ee42741db31feefa:0:0,c4c838afd159ca519a1d571117fa750c:0:0,cf63ac0a69f52792a051fc73ca590d46:0:1242510453,0fa81889a384273ae40c047eb1b36048:0:1567916958
542,B,142,-0.028564421460032463,0.8587634563446045,-0.044012896716594696,1.2141029834747314,1024,512,-0.044012896716594696,1.2141029834747314,stage1_rows,512,0,0.0006261754315346479,0.0408528950298205,0.0028780289605492724,0.36878110468387604,0.3073827199987136,ef27391e130e6aa28e414f24774c8167:0:0,25ecd64ec60a4025c85e73c104432b2b:0:0,44e142e123087bff63edc6cb0dd23422:0:0,3043de6d316c3fa196fdbac4eb2ece46:0:511339494,a5043e2d17448790e98bb1d6314dd856:1:4254270639
543,B,143,0.006841082591563463,0.8564460873603821,0.009347357787191868,1.2110246419906616,1024,512,0.009347357787191868,1.2110246419906616,stage1_rows,512,0,4.007294774055481e-05,0.04874356536893174,-0.00014883852563798427,0.36688252463936805,0.3056597539689392,32c75f2a90ce4db1c308ebc0d6461967:0:0,3cc7cf9ce515b0b28edf6bbef749f130:0:0,49196c29d0ef19a417d73ecb124d4e17:0:0,aefd2fc0e1498a6ffff8a3fddcc08f46:0:2275914016,8cd8481fda9465ae0d912eaf252b7145:0:536339101
544,B,144,0.022074919193983078,0.8414350748062134,0.042861297726631165,1.1894358396530151,1024,512,0.042861297726631165,1.1894358396530151,stage1_rows,512,0,0.009999088943004608,0.061942591518163684,0.004640057921642437,0.3539574682712555,0.3042957879952155,23d93681b41991043978e0a6d23fb167:0:0,03bf25ba3b50d8c1654a2f9051d2e07f:0:0,31ad0c7512d599b7621199f88144df46:0:0,0b565451d48a068f4a80bc4caf0e5046:0:1349892615,cdf2977f4db4986150d94595bf1ddb56:1:2052939349
545,B,145,-0.05533432215452194,0.8197504281997681,-0.0978032648563385,1.1575706005096436,1024,512,-0.0978032648563385,1.1575706005096436,stage1_rows,512,0,0.0005309446714818478,0.06951528848148883,0.0013817183149512856,0.33563143089413644,0.3071174710057676,82b31108b32a139c737940366b394967:0:0,c6ecc8b1173d213374f0b86e36cc7d75:0:0,49351affd12cc9e261ee71ec00b8c9bf:0:0,ae6280fc5a5f9fdebf714b9f72181146:0:1818560753,ef1da998da6375418ffefcaea01c8151:0:476751567
546,B,146,0.0686037614941597,0.8360448479652405,0.11447186768054962,1.1803853511810303,1024,512,0.11447186768054962,1.1803853511810303,stage1_rows,512,0,0.00893113948404789,0.03481199078960344,0.0018414877056784462,0.3491372663527727,0.3063110249931924,7a00aa505dc9aef63be61ccfa132e167:0:0,ee2fc39e1412859fc2871972bb485e89:0:0,a0f1f498473da23edc60bb535c75ab59:0:0,95ffc4106dadc2e87543dda435ddd246:0:2730721413,2998b4a8f4e49e334db737cd3c0f8866:1:2505640928
547,B,147,-0.0021511525847017765,0.8295278549194336,-0.0028577223420143127,1.1729693412780762,1024,512,-0.0028577223420143127,1.1729693412780762,stage1_rows,512,0,0.00683121383190155,0.08538467604666948,0.002714267586998176,0.3441473215818405,0.3069158050348051,ecca6da3858ace00268f88d2742c7967:0:0,7862c08c898f841ba884f8ffbb2affd3:0:0,4089200878a8cb10836c9c65503d871f:0:0,5bd735a458ac5606001141c90a5f9346:0:3474260335,514576db11162a4ebaab43f1f6e40c2a:1:577130174
548,B,148,-0.05125885084271431,0.8367950916290283,-0.10291770100593567,1.180964469909668,1024,512,-0.10291770100593567,1.180964469909668,stage1_rows,512,0,0.014856231398880482,0.0938026572810486,-0.006266478274483234,0.34931828677654264,0.30800042796181515,fe7e5afe36eed4151039969ee4261167:0:0,adb206b6b83f4139d5a64de59183f73a:0:0,4febfb7a9a4135f87902289b967a3d10:0:0,e50def4599e7aa5cdd928b3bff9d5446:0:1337081651,d6941d6e92e366a508da79697ac1bb1b:0:1931493185
549,B,149,0.050713419914245605,0.8437214493751526,0.09107102453708649,1.1916624307632446,1024,512,0.09107102453708649,1.1916624307632446,stage1_rows,512,0,0.0065321773290634155,0.10503080869093537,-0.0039592464454472065,0.35569285303354264,0.3066087869810872,5996e93c697a53f59e9c5894f11fa967:0:0,c220703b6f6e06da1b6b68e4e8d944a7:0:0,06f37622e7a160efbba4f6d8c801347f:0:0,547eb1aafa87b6c29d2210eb25971546:0:2233214538,7cf4f1d2d520c6d5bf56f1b98c2ee5a4:0:2988197603
550,B,150,0.00835419911891222,0.8221048712730408,0.016085457056760788,1.1624014377593994,1024,512,0.016085457056760788,1.1624014377593994,stage1_rows,512,0,0.015620820224285126,0.11856294698081911,0.0041908334533218294,0.3379777282476425,0.3124985710019246,ed3c230eccb716c1c063e1149b194167:0:0,2e448e9d5e9e74cf8a8a994bad3d6349:0:0,b081c7ac4bb8d0e0cae54870113a252f:0:0,277aa5e0a17cae98c3bc6d848c4cd646:0:1869767524,375c09de2140483c574e164bcfa5793e:1:2282946704
551,B,151,0.017055906355381012,0.8433182835578918,0.035952333360910416,1.1921707391738892,1024,512,0.035952333360910416,1.1921707391738892,stage1_rows,512,0,0.010262076742947102,0.09028352837776765,0.0061054081888869405,0.35558689907193186,0.32063353701960295,73931b845823f2f22d30427de212d967:0:0,47cefe737922b8116e9fd4bb0796d788:0:0,c4d2a4f9388ebc6595a2406e0755c5db:0:0,8a773d1b0be2c6b06c017f7643be9746:0:1377244285,9c1a570643a23d4ccfcec22b9d0b0b3c:1:1539134060
552,B,152,-0.06417524069547653,0.8390229940414429,-0.12535212934017181,1.1832181215286255,1024,512,-0.12535212934017181,1.1832181215286255,stage1_rows,512,0,0.00011207861825823784,0.07985691477078945,-0.0047804880116018465,0.35081709921360016,0.3064267730223946,115fb63744127351e5958f30c60c7167:0:0,8cf0b7339a70756e07e925a95eecbc0e:0:0,42da6324b9a3a37810490fe18e1de769:0:0,7f7165ac30a2ba45a23568ee5bec5846:0:3600663559,c0bed32347ff91f44d836865954e6a73:0:3141980849
553,B,153,0.07036545872688293,0.8437947630882263,0.12471909821033478,1.1906311511993408,1024,512,0.12471909821033478,1.1906311511993408,stage1_rows,512,0,0.0008184510516002774,0.04386575171956793,-0.0007863837701734156,0.3553018569946289,0.3169620689586736,c4249e6c11724df7b31bd98d47060967:0:0,0c59b6ef2cbd1b598cf3622666faf722:0:0,4be05f1b72b136eae7e713417dd6ca36:0:0,109abb3ab40862227c418fdae4d61946:0:1187885902,8add17820c6a954b06a5a3b20730852a:0:47612952
554,B,154,-0.027291130274534225,0.804898202419281,-0.04220275208353996,1.1379281282424927,1024,512,-0.04220275208353996,1.1379281282424927,stage1_rows,512,0,0.01051794458180666,0.038989671261515466,0.00013475972809828818,0.3239481545984745,0.3159388600033708,1e0d27b1468aab3fa83f33f364ffa167:0:0,9b9a999c9f65b66d479997171e07ef7a:0:0,4e6f6ce76b743bd5f9b536360d8e1a5b:0:0,6e01b311efbc6ff9edb59de9ee7bda46:0:955693040,1c000abe5b67a63bef60671122cf206c:0:2951135451
555,B,155,0.0016200696118175983,0.8420792818069458,0.0065382299944758415,1.1906819343566895,1024,512,0.0065382299944758415,1.1906819343566895,stage1_rows,512,0,0.0052948095835745335,0.1322899637161754,-0.0005403278744779527,0.35471558645367623,0.309959155973047,fea4b1ce86a13cc4a06fb0c31ff93967:0:0,7125fa627401516d96d6a77a5a9e4559:0:0,42df28dea37d9b659293388425e253f1:0:0,d06dc9e6b442200a57c8808988dd9b46:0:1419178953,3e257cc23ec3089ef4f47c86af714d40:0:2344457634
556,B,156,-0.024963676929473877,0.8281297087669373,-0.03805379942059517,1.1708316802978516,1024,512,-0.03805379942059517,1.1708316802978516,stage1_rows,512,0,0.008807063102722168,0.10125518805580214,0.00408774793613702,0.3430216319859028,0.31699628598289564,8caf0911aa8f2459c011625c77f2d167:0:0,e0e571d07738d570801495c3586a6c06:0:0,c31a0655798c7a8453df5148eee7a4a2:0:0,2bae357c0acd7317d55968e7c3fb5c46:0:3565141463,6b84f28c214efa1047420d3689ff7987:0:744547787
557,B,157,0.07009072601795197,0.886121928691864,0.14310204982757568,1.248738408088684,1024,512,0.14310204982757568,1.248738408088684,stage1_rows,512,0,0.00555131072178483,0.08544937781989574,0.0023985417541553034,0.3910734780132771,0.31847138196462765,b05d1b488043ab03f47c5b1f6cec6967:0:0,7e59314d9f851f2bd28d431eb866e7d5:0:0,6db275184300fee2944e78bff9bbaff5:0:0,a8e470e8e0fa42ce42f0cbf2afd51d46:0:3331574743,7ff918c70d15f86566934dd3f3d3e678:1:4253826106
558,B,158,-0.06617486476898193,0.8278157711029053,-0.11460424214601517,1.1685172319412231,1024,512,-0.11460424214601517,1.1685172319412231,stage1_rows,512,0,0.0032019736245274544,0.01784616585355252,0.0007103499840013683,0.3420113556087017,0.3108389690169133,ad9938f5d734c7f373fcad6bfee60167:0:0,897ae30d4df748f5e1fcf021e56b62e6:0:0,3c45c59219c6e273e65a483f40b92a8b:0:0,e82214976ba0429b02c162585c6ade46:0:3101537229,3869cb37de67a3d147e1ccb62c7e1fbf:0:4055498272
559,B,159,0.006994873285293579,0.8261321783065796,0.01551887858659029,1.1680936813354492,1024,512,0.01551887858659029,1.1680936813354492,stage1_rows,512,0,0.004784597083926201,0.030859113880433144,0.0019591360236518086,0.3412890903651714,0.31480963400099427,443df9907fbd777d3dd26ba22ddf9967:0:0,0249b402d14184f6f9dcf1a7ab697380:0:0,f581ad91a10861489cbd5e3f9943eca9:0:0,7676ca2d32b3bf0e7ca92886d9bc9f46:0:1484325440,e4b6ddc00544badc791f24c803889192:1:3573318659
560,B,160,-0.001972201745957136,0.8245465755462646,-0.006871314719319344,1.1658905744552612,1024,512,-0.006871314719319344,1.1658905744552612,stage1_rows,512,0,0.011551279574632645,0.021588574699126183,0.00042185349448118357,0.3400232300162315,0.3171532399719581,e7bab8dae369e2149a31a821f9d93167:0:0,aee8d8151711bb5c87234877b937f198:0:0,e691d7b456a124f22e931ac4fb3dc9b3:0:0,20b1df1b1dd6add55a325eac37ca6046:0:2474279809,e5eaec14c66ede4e7f8481f19fd0ff09:0:926347948
561,B,161,0.030219879001379013,0.8355658650398254,0.06710557639598846,1.1803408861160278,1024,512,0.06710557639598846,1.1803408861160278,stage1_rows,512,0,0.014378354884684086,0.05673280169721693,0.001710758884655661,0.34879005923867223,0.3236050190171227,30f082a1dc3153449a42754b62d2c967:0:0,adb46d0898b0a0691c163dd4ce2bcc79:0:0,33070c7c8309d6d92302b09d87d432e7:0:0,75c31d5b7ff160597e9488b686942146:0:3408529656,15e377f70855f8d0df2179323ce6080a:1:3595964534
562,B,162,-0.028713274747133255,0.8105636835098267,-0.03480927273631096,1.1461032629013062,1024,512,-0.03480927273631096,1.1461032629013062,stage1_rows,512,0,0.005946859251707792,0.06038708351552487,0.002276162331691012,0.3286851361393929,0.3163476680056192,a3f22171709e00a99820e57e68cc6167:0:0,3457d7c8d085e5db071e5b3948fa960e:0:0,0b0222edaed1a0231cb1b43ae161b742:0:0,e766579d07ddeb1abab56e53d619e246:0:3919374184,7100e6d09179b943fb9cf75a91de70ea:1:175938200
563,B,163,0.03182203322649002,0.8518660664558411,0.06995879113674164,1.2033588886260986,1024,512,0.06995879113674164,1.2033588886260986,stage1_rows,512,0,0.003939653281122446,0.14108116773422807,0.007494911042158492,0.3623797960579395,0.31640805199276656,3fc9e40e1ae2a0eab6dd0b1b0bc5f967:0:0,0e59edeccf236015560309942dd1bed1:0:0,f2a5f0a4eeac559e5fa0d30a76f051ca:0:0,0968bb80a4e513cf3d2a1af2365ba346:0:1292937308,e3179da522b7105c6166f8ec3d3372a3:1:1902463263
564,B,164,-0.038053322583436966,0.8300809860229492,-0.07722671329975128,1.1724375486373901,1024,512,-0.07722671329975128,1.1724375486373901,stage1_rows,512,0,0.000673875561915338,0.04268470162060112,0.0010489137086551637,0.34411232024431226,0.32043086097110063,10778cc140ddd2b3627af8814bbf9167:0:0,2f05a37bc6d9470bd2a9b4094a9d0122:0:0,552522415b99ca307217ff4a89e0c21f:0:0,a320d061d77f585bbe37ddbfb7596446:0:3730843196,939ca750121afe35d9076ddf47d05612:0:4116490882
565,B,165,0.02890697307884693,0.8790781497955322,0.051410675048828125,1.2426342964172363,1024,512,0.051410675048828125,1.2426342964172363,stage1_rows,512,0,0.012769566848874092,0.025569657795131207,0.0017580686690052971,0.3863802634179592,0.3119884040206671,2300bcc7830b53accff2c01128b92967:0:0,2e60a5580823a853a4aca66c432503dc:0:0,42b9387c867e2aecbdfe5574b41fd4b9:0:0,921a6a18918060b367d549aa69132546:0:797520991,9bd2875ee737b680bfb6665ba77d1a23:0:352398002
566,B,166,-0.03196857124567032,0.8103322982788086,-0.06092686578631401,1.1450656652450562,1024,512,-0.06092686578631401,1.1450656652450562,stage1_rows,512,0,0.005924729630351067,0.07339894003234804,-0.002130228556052316,0.32818705290555955,0.3172330869711004,c8ae0d6f886307777d30742aa2b2c167:0:0,de56eaabf7bfb421034019ac415af649:0:0,c985d4db599ad095076c573181cd70c7:0:0,c56d33fdb486edaf79ab35605b88e646:0:55506823,90702267887142629ad286bfc9b7e64b:0:2216454722
567,B,167,0.02869802713394165,0.8232659101486206,0.06282257288694382,1.1631145477294922,1024,512,0.06282257288694382,1.1631145477294922,stage1_rows,512,0,0.00036926951725035906,0.1464152462896891,0.004243224882520736,0.33855486288666725,0.32068169699050486,0966e7b7ed25cea4b114272db9ac5967:0:0,c0e7157125ac10125694d6e7c8a13c36:0:0,f2be18584dd377f7737743733285ffc8:0:0,d5db4ff36a3f16eea915bb4f9ebaa746:0:2007361444,8a9ee1f399259aa4de7abf3165972355:0:3207376508
568,B,168,0.011241404339671135,0.8181379437446594,0.01764701120555401,1.156813383102417,1024,512,0.01764701120555401,1.156813383102417,stage1_rows,512,0,0.009708154015243053,0.028935409081168473,0.0008969397837063298,0.334763141721487,0.31576167297316715,7d8e0a7afa982daffb71eb7a6da5f167:0:0,de355a1ae4cffa5273b1a9a26b0620a9:0:0,c6fae428a8e32e9e293e38c41979f741:0:0,1cc86604ffb869cc3d2539a642a86846:0:339991231,33ff042bb1c4bbc4bc815154df472fa7:0:1178138597
569,B,169,0.004275004379451275,0.8481625914573669,0.00043305009603500366,1.1993130445480347,1024,512,0.00043305009603500366,1.1993130445480347,stage1_rows,512,0,0.0013654784997925162,0.09307555612176657,0.001110655232332647,0.3597975179553032,0.3145371380378492,85c88e76cdaac3f8b511d370be9f8967:0:0,d082e611a485741cbdefd1264b6118bb:0:0,ef784fdbbd8a93761b2707ce1fc96f82:0:0,32290a1a9bc53b7ee69f525257522946:0:596462437,d3c6cb18cb9d93466ab0493e0079d611:1:1747086526
570,B,170,0.015127627179026604,0.8368692398071289,0.030301565304398537,1.18315851688385,1024,512,0.030301565304398537,1.18315851688385,stage1_rows,512,0,0.005738828796893358,0.015946373203769328,0.00014227617939468473,0.3502254731953144,0.31708167400211096,fab916c0929092bb7faff170ac992167:0:0,d31f86dc07ba73a0b182c58df2243dad:0:0,f4d700fade422d2fb030d943c00df136:0:0,6bfd3cf8180c406f53ffeb01ecb7ea46:0:787122766,8b9a52e112dfbd2f624a15f6ea666859:0:4264457565
571,B,171,-0.0002449001185595989,0.8499202132225037,-0.015286806039512157,1.2016218900680542,1024,512,-0.015286806039512157,1.2016218900680542,stage1_rows,512,0,0.007122199982404709,0.08373298030346632,0.0018699299776926636,0.3612478017807007,0.31698996399063617,f7f0bb717b43140bc5fc57da3792b967:0:0,6215ce0908425d5fcd9d6edb383ecb98:0:0,c60c722b122f29ed3945db93e16b2062:0:0,fe3bc30775293ad6817a2d2312d9ab46:0:4270054472,5082d9b59e9cb894c4a3fc65f7cc4325:0:263919938
572,B,172,-0.007644808851182461,0.8536677360534668,0.0037795687094330788,1.2069804668426514,1024,512,0.0037795687094330788,1.2069804668426514,stage1_rows,512,0,0.003662979695945978,0.11815942819230259,0.006243535483372397,0.36442930996418,0.31815485894912854,54271b9c16f421cd3b9b190d5f8c5167:0:0,ce1a797976aef0a6248ef20cacfb29cb:0:0,c92eb9760fea28d934171fb7e82522a5:0:0,1ab9e502d3ed52b3c4f985e3d9b76c46:0:3615031683,c12e69f685f9dd520deb7ffcface121b:1:369786679
573,B,173,-0.0018683900125324726,0.8241773247718811,0.008906079456210136,1.1653014421463013,1024,512,0.008906079456210136,1.1653014421463013,stage1_rows,512,0,0.0008966733003035188,0.044527924805879596,0.0002042213687673211,0.33969573900103567,0.3219605310005136,ad32e2d8b06dacad5d24476a2485e967:0:0,403d3d2026e62f66056c03697a8a083e:0:0,2c1e71088e29c91ba20d7222a83a8142:0:0,40bccb2b9083692a9622a63251512d46:0:1147983518,799309aa663490724ac913354c039723:0:2832997700
574,B,174,-0.027036746963858604,0.8336818218231201,-0.052175428718328476,1.178302526473999,1024,512,-0.052175428718328476,1.178302526473999,stage1_rows,512,0,0.008587156422436237,0.0563498182920739,0.0012270678271306679,0.34737995490431783,0.31210673501482233,a83bedf7595f431cf023f550867f8167:0:0,412edb76cf9373339c264277e0bd5d40:0:0,74eb4713f63d79bb1d13b562c21adb80:0:0,2b1df2180ff07958125482bc89a6ee46:0:3347993180,e05b4985077eb73d049143c062e819ed:1:3389670757
575,B,175,0.05705970898270607,0.8430202603340149,0.10854464024305344,1.1898404359817505,1024,512,0.10854464024305344,1.1898404359817505,stage1_rows,512,0,0.020521992817521095,0.0505313576082699,0.0016484231688082217,0.3547056257724762,0.3170657070004381,263819a648996849831a352085791967:0:0,045086b3aaa91a01ec79da863e834994:0:0,76e35222ba10fe044b78caea2d0a35fc:0:0,0a1836fc051bd8b03ca953f092b8af46:0:2376882499,81329472482a6344b9589d1672f2cc6f:1:987279147
576,B,176,-0.05875397101044655,0.819300651550293,-0.12195752561092377,1.1550441980361938,1024,512,-0.12195752561092377,1.1550441980361938,stage1_rows,512,0,0.00784898828715086,0.0854665030259639,0.0025876658502966164,0.3343093656003475,0.317240305012092,b1f3a51b3136bb16ed7b193a2172b167:0:0,2a534ed2eba755f305d1ac668ecc6421:0:0,704c3cd551e81fd930d65d6ea89707a7:0:0,d6b9b763683ee8f2f9f795fc7c867046:0:1897199781,34690bf2edd4a94331737178e210ec46:0:673720531
577,B,177,-0.005028599873185158,0.791382908821106,-0.007153220474720001,1.1189966201782227,1024,512,-0.007153220474720001,1.1189966201782227,stage1_rows,512,0,0.00044740387238562107,0.08290864746086299,-0.0007760981970932335,0.31322579495608804,0.32148746197344735,57adf20e38b2ed18cfaeb3fd5a6c4967:0:0,345a5ffe8da233531060479c0fad6acc:0:0,edb9954894fe1a14fa3f78d2c186854e:0:0,ed195c63124f8dc8c8d308ce57103146:0:3108672936,3081814b9b51f29c85cd4d6c8ff4db5d:1:2619036876
578,B,178,0.048644911497831345,0.8461604714393616,0.09055937826633453,1.1950355768203735,1024,512,0.09055937826633453,1.1950355768203735,stage1_rows,512,0,0.0065773832611739635,0.0494512465200387,0.0004038599436171353,0.3575754575431347,0.30972429900430143,66b34a9531ef898c131117ca3065e167:0:0,ff2edd3e3c6452662d1d4c7c1078299e:0:0,478aa9a2a9d6c3dda6089fa4bdae8e74:0:0,aec491fee5ac7817358db0143255f246:0:1029373745,b16a1c3a834fe8bb3cb4baabf926bad0:0:1763157653
579,B,179,-0.017197616398334503,0.8385260701179504,-0.025662973523139954,1.1856310367584229,1024,512,-0.025662973523139954,1.1856310367584229,stage1_rows,512,0,4.7944486141204834e-05,0.06630546521628275,0.00243790450040251,0.35170906186103823,0.31040712498361245,535434adc3268c5069f25700a35f7967:0:0,2d998e1d248a8716df3c7add984aab43:0:0,b4ec4650a762b677dcfc20c9c9e773fb:0:0,6e8f9fb0a606191d0a38d33c1e57b346:0:171264876,5242b354831a8ad7d3ca7e3c263884de:0:551589912
580,B,180,0.03706271946430206,0.8076367974281311,0.05806444585323334,1.1416163444519043,1024,512,0.05806444585323334,1.1416163444519043,stage1_rows,512,0,0.0020618075504899025,0.05083630203735083,0.0005065336241386831,0.3262047916650772,0.30711533199064434,0b2aba851ccac8e1cf968400b3591167:0:0,5085a2f195676a7444aa4c8bfc046df7:0:0,1474cf9a2191ee2312580c9855ee5720:0:0,eb2ca5501b32cf663aa5fd742b157446:0:1649805580,f92a03b6b15124ea4fbebabeb005554a:0:3662865440
581,B,181,0.0014506569132208824,0.8547837138175964,-0.0007847882807254791,1.208698034286499,1024,512,-0.0007847882807254791,1.208698034286499,stage1_rows,512,0,0.004270241130143404,0.06334570163162426,0.0007215878227725625,0.36540975645184515,0.3105359590263106,8ec5edcbe75621520835b12a6052a967:0:0,4a6de3e0342991399afd00c9b71f968c:0:0,d573a86805d8e809323e18ca9838cb10:0:0,c683c6d8d5509fa78c67fdaa688f3546:0:498687727,6ec23a31a6373e8064fb532f075c3bcd:0:761309601
582,B,182,0.03084687516093254,0.8610215783119202,0.07368762791156769,1.216021180152893,1024,512,0.07368762791156769,1.216021180152893,stage1_rows,512,0,0.002575100399553776,0.08398184530669824,0.0034055779658956455,0.37012926787137984,0.31069007399491966,8a93cba50e058d4220fbf0ddaa4c4167:0:0,f7c48f512c611636501213a859078970:0:0,a4a38ca4b05ea3b8169cfc999e228850:0:0,7f0a0067e44a8b91fad3e68ce6c4f646:0:85785519,7db82f962ead2e699ffde33bea130814:1:2306624763
583,B,183,0.008100125938653946,0.8578930497169495,0.016788680106401443,1.2130341529846191,1024,512,0.016788680106401443,1.2130341529846191,stage1_rows,512,0,0.0027662094216793776,0.06542519556824118,-0.004109843967307824,0.3680736608803272,0.3128106070216745,f53985fe0c82f0dbf009557a9145d967:0:0,3e65932c1d8b34cfe6c7c9a451719588:0:0,39183a6e4a6118e2b8394adbafd0b1ee:0:0,8ec8f108118b58add7020e89b5b6b746:0:881311229,c53c93bc305f14a381adf5ceb2429686:0:3006873870
584,B,184,-0.04644929990172386,0.8208935856819153,-0.09227772057056427,1.158957839012146,1024,512,-0.09227772057056427,1.158957839012146,stage1_rows,512,0,0.004825095646083355,0.12942439218750224,0.006976674380712211,0.3363078773021698,0.3121749340207316,6b7a165f657cc3cb9471f161153f7167:0:0,8c8363163292cdf1a5fb47636e8a08b1:0:0,c8ce4294cde76c19b9e747436b3e80f6:0:0,03ec3539a85b594da3cf0fcee5647846:0:2686663415,f5fe495086ec51f456fe7c0642831705:1:402762422
585,B,185,-0.03441379964351654,0.8230323195457458,-0.06454978883266449,1.1630189418792725,1024,512,-0.06454978883266449,1.1630189418792725,stage1_rows,512,0,0.03316279128193855,0.17698837341740728,0.008853596079279668,0.3386727564036846,0.3092443569912575,1952dd83e82b8838f63dd6f136390967:0:0,ba227295b8c309cf4d3f90677d2436f7:0:0,a3c5be95e8b6baae58281b68f884e789:0:0,48aa484f981a89a8addcc84a85ce3946:0:742111581,64419bb1f267255d3b0ca50efef73b2b:0:1208957743
586,B,186,0.007971502840518951,0.809269368648529,0.0007088668644428253,1.1442713737487793,1024,512,0.0007088668644428253,1.1442713737487793,stage1_rows,512,0,0.005671082064509392,0.05404254170134663,0.0017746947996784002,0.3275117605924606,0.31656104599824175,7d15f2456ac511c14669188af432a167:0:0,332d7a39134f423a9647efc6819da3f2:0:0,dfaa7671a745063f7a5609fd4e309a3e:0:0,bde7047abb3c132d5f9359aaa6f3fa46:0:3147840415,24252a45b4feca85f728df2189864ecb:1:661227258
587,B,187,0.0908195972442627,0.8553599119186401,0.18207265436649323,1.2026216983795166,1024,512,0.18207265436649323,1.2026216983795166,stage1_rows,512,0,0.014523102901875973,0.07727535468293353,0.000733372799368226,0.3635136172175407,0.3142674049595371,3401a1ad9fdd9c707ee3c88e4f2c3967:0:0,9c1a278044e4718bea0fd817881e1ccd:0:0,ed694dfaa9286f2a1e79a453097f1a0d:0:0,fbda7b694e9c081b5122295d58d5bb46:0:2883668176,328dea1cef61c3d5963bf8d82b375e47:0:3643427681
588,B,188,-0.005947974510490894,0.8569179773330688,-0.007551454473286867,1.2117161750793457,1024,512,-0.007551454473286867,1.2117161750793457,stage1_rows,512,0,0.02508513629436493,0.09895015554502606,-0.0014666803181171417,0.36734586730599406,0.31875364400912076,48248139acb6b3bae291f95b4725d167:0:0,ebb797b44912a1ddc2733c604e40da61:0:0,aef74e1c8b8b6385e8094b99c85d5e86:0:0,b62bd378267be9751480e090ab737c46:0:2672060484,29f1ad0d4e6da72509b261f08b791279:0:1460146419
589,B,189,-0.07792167365550995,0.8709883689880371,-0.16595271229743958,1.22531259059906,1024,512,-0.16595271229743958,1.22531259059906,stage1_rows,512,0,0.0012356122024357319,0.005536314460914582,0.0015836191189009697,0.3769038565456867,0.32038681698031723,2545539f267be9767d4bbd51dc1f6967:0:0,c7f05b64a28eff8ce7da5ca5a6680f91:0:0,199c80a6daabbd88044461d290a4605e:0:0,41d6f650f1264959bd706c32aecd3d46:0:1948253350,3074d16939a51c48e8e7df6ef3910214:1:3855452464
590,B,190,0.010940030217170715,0.85222327709198,0.037842944264411926,1.2044566869735718,1024,512,0.037842944264411926,1.2044566869735718,stage1_rows,512,0,0.0013541250955313444,0.05488379178568721,0.0035156724057742394,0.36296546161174775,0.3061906779767014,6e05dfa11c6d5cd4a3dd26d20e190167:0:0,7944dd914e6fdbc865a5a803eae59754:0:0,0536bd6c8308ee4156a895d6451e1852:0:0,b7dd1c30daed9bd6257bfcf172e2fe46:0:101531771,e9e59e7930a0fca898f9e85b16fd56ba:0:1193117833
591,B,191,0.03896147757768631,0.8357184529304504,0.08108233660459518,1.180219292640686,1024,512,0.08108233660459518,1.180219292640686,stage1_rows,512,0,0.005025617778301239,0.04552581753814593,-0.0015049015521071852,0.3488060995936394,0.30719754501478747,638fb7c3d4f8115b7406483bdd129967:0:0,cd29a21d6a246de3833646b665ceb17d:0:0,adb568c96aabe75d2039bbe010ed00e8:0:0,396199b12bee083debfa073b07b4bf46:0:3723446894,2eccdbd3f1475814988c98df7df8e37f:1:1836501000
592,B,192,-0.029535770416259766,0.8593640923500061,-0.07644587755203247,1.2133629322052002,1024,512,-0.07644587755203247,1.2133629322052002,stage1_rows,512,0,0.005120481364428997,0.06641944728326052,0.0034645076433662326,0.36861762776970863,0.3061360929859802,70c9d0ede3bc15df547b33ef490c3167:0:0,f2f1822533c65917bffb3a87c408fe37:0:0,0cbcfb0b50da238420dab09ecca82c7f:0:0,1199db83fdadcd1c320d433d7d428046:0:2721663371,b28595ea7cd8b06641eaa70cda55efc3:1:778725589
593,B,193,0.026567837223410606,0.8475321531295776,0.06390801817178726,1.197290062904358,1024,512,0.06390801817178726,1.197290062904358,stage1_rows,512,0,0.007221057545393705,0.10977716834750026,-0.0032495092484168707,0.35872997865080836,0.30633606400806457,ae5da5453e807b7c74e3fc4c5205c967:0:0,bd54ff4fcc8f2ff50b56376035a9fae7:0:0,111c8f75a3d3c09105b19ceeb098852c:0:0,2cc34ae5ed6b88cc12a5ace6e38c4146:0:826789084,5d51c9c9552019ca5ca00fe131b16c10:0:585872387
594,B,194,-0.031379129737615585,0.8432295322418213,-0.06078248843550682,1.191640853881836,1024,512,-0.06078248843550682,1.191640853881836,stage1_rows,512,0,0.0012478639837354422,0.0900187786668539,0.005225166541640647,0.3553870193660259,0.30500127898994833,deb27fd6f7151c904ddcb3b2f7ff6167:0:0,659a1ffb76931e48956ec1d702813706:0:0,f5caa6c748f46fa60d0b15129cac3ddb:0:0,457c1d46b79d78c8d68183e54a920246:0:3175565822,67623a164821a05ca7b86d46e3f632e3:0:3955843040
595,B,195,0.0204731747508049,0.8336372971534729,0.04057645797729492,1.1784567832946777,1024,512,0.04057645797729492,1.1784567832946777,stage1_rows,512,0,0.0014893298503011465,0.12544508033897728,-0.0035695870406925677,0.34739975556731223,0.31071576301474124,707d6cd8402233b320f56c833af8f967:0:0,8ff5a6ad1868deae3b396afbbbe1adf0:0:0,9c0e47e1d8b30a987d3b62f3eedc9b8d:0:0,eaf31099f1d881c5e42e4ba6c253c346:0:3075919820,8ed5a3869e89ca686beaea4592ae677a:1:1636103586
596,B,196,-0.0039201295003294945,0.8407574892044067,-0.0069517167285084724,1.188857913017273,1024,512,-0.0069517167285084724,1.188857913017273,stage1_rows,512,0,0.005179480649530888,0.04882372242864221,0.0025701840786496177,0.3535067744553089,0.3069966310285963,8b94298f62e5c2b178b2391d1af29167:0:0,96f40052e5b0dcbd91104fdf0e973b4e:0:0,e8342c4e2dccdd4ad7e82c9cd5e4573f:0:0,e0ea1a9aa209929e6c09cb595ad18446:0:3822175224,f30f5817816a2bb9dc1ca01fcd4066e6:0:4047470724
597,B,197,0.03481831029057503,0.8355459570884705,0.06677231192588806,1.180638074874878,1024,512,0.06677231192588806,1.180638074874878,stage1_rows,512,0,0.015678394585847855,0.1251467360998504,0.004071172961266712,0.3489207737147808,0.30628014396643266,06594e334bdec985a88b2be097ec2967:0:0,209ab39c448ae08ac6424d2fb2ccef92:0:0,10f787075463f37bc9bf07c85ee4f8b3:0:0,5fbb7acc3c9fb42cd0430deb240b4546:0:702731551,55ae6cd173bf50276a785132d58eee07:0:2381382142
598,B,198,-0.026958268135786057,0.8504178524017334,-0.06308160722255707,1.2014360427856445,1024,512,-0.06308160722255707,1.2014360427856445,stage1_rows,512,0,0.00768376374617219,0.03891532738925889,-0.0018978928012074903,0.3612203188240528,0.3038692430127412,6257cb5054664d514cec572db1e5c167:0:0,9c7d66003a89536e837aca4aa5afb132:0:0,cc4a7706610e9bfd0a92d3f95a269984:0:0,d61fdbe59ef8d819c8db620a2e010646:0:634355079,2420e04646ef9abab6fdbf72e1f127c8:1:3108597423
599,B,199,-0.051719605922698975,0.8237608075141907,-0.08949290215969086,1.1636037826538086,1024,512,-0.08949290215969086,1.1636037826538086,stage1_rows,512,0,7.858593016862869e-05,0.04693516722181812,0.002302547369617969,0.3391451328992844,0.3067723370040767,947bb380ef362f56cb35cd6468df5967:0:0,ed672e3e593052aa8371cd7b76035307:0:0,4327138b64ae605f599956d6757cd51c:0:0,fa45c052e81738b343a75a2488b2c746:0:3884607961,39d0f079309f3c8c4e5bfbceebe3358b:1:605937196
600,B,200,0.04140152409672737,0.860174298286438,0.07234662771224976,1.2155323028564453,1024,512,0.07234662771224976,1.2155323028564453,stage1_rows,512,0,0.00034095626324415207,0.10929910570848733,-0.00045196030478109603,0.3697580978274345,0.31308799202088267,68c62988ddddd3f2d1bba0e4bcd8f167:0:0,1430c9329a008cf8962c3c15d37277b5:0:0,54dcaea8d2f3e56bdb3833322b9dd4b2:0:0,dbbae5559f58dbdb004fcc6844208846:0:3567581037,3a52dd6dd6d51a395753c9fb75c9678e:1:4141724676
601,B,201,-0.012061049230396748,0.8362751603126526,-0.004209044389426708,1.1824697256088257,1024,512,-0.004209044389426708,1.1824697256088257,stage1_rows,512,0,7.116678170859814e-05,0.09840609489474446,0.005343266425188631,0.34971061795949937,0.30707303702365607,c2622a2195249995d7c5e40eadd28967:0:0,19aa52282f40ffd7892cd40da8e45067:0:0,b8ff2d25959fb2522fd50b8ac9ff8854:0:0,bd4a37bb679e8b1ce852d2c3704a4946:0:3404738473,2158bc33c2b78dc2cf63250928c9f0c6:1:82721689
602,B,202,0.020410913974046707,0.8628074526786804,0.04226435720920563,1.2196670770645142,1024,512,0.04226435720920563,1.2196670770645142,stage1_rows,512,0,0.009662075899541378,0.10975660943659023,-0.0037816463853232564,0.37219881936907767,0.30668839102145284,cf9fc806765a1fbd9d90a9423bcc2167:0:0,d4e9d036c40084a67f8a1ebe979d38b6:0:0,2af2bb6f46cd1ce927fb78ceaf151ae8:0:0,344d12e68d0352fd2304cae41d300a46:0:3319315022,1bded7cc532c52582fc28d4767c8e2c4:0:1892708714
603,B,203,-0.05130115896463394,0.8161418437957764,-0.09363360702991486,1.1524698734283447,1024,512,-0.09363360702991486,1.1524698734283447,stage1_rows,512,0,0.03168853372335434,0.10114125697873533,0.002092460822314024,0.3325801186263561,0.3087339620105922,8593500f83945deeac4c02df66c5b967:0:0,27eff9e4538f0292f946e04b0e4a5f8e:0:0,2c48cd92bf6af836cb576834296c9216:0:0,ea438db50bf95b8de59156385ad1cb46:0:4105626452,5c558b956e81a47a1c4a90c3ccc26b1d:1:2275331712
604,B,204,0.026778368279337883,0.8463374376296997,0.039043862372636795,1.1966118812561035,1024,512,0.039043862372636795,1.1966118812561035,stage1_rows,512,0,0.012633399106562138,0.08836402597371489,0.0045493576646549625,0.3582060880959034,0.30314868700224906,58e5aa6934db8aadd61c03462ebf5167:0:0,a250c1c3f115a167b2b009af9af35773:0:0,c2ae6a98aea7d005ed042b157952f219:0:0,2b0a5f6e4254ac5cfefc59ee392f8c46:0:112557441,af94dc268c9d9f1f8729f3a31c8c7d0d:0:4038197820
605,B,205,0.03614296391606331,0.8642684817314148,0.05758901312947273,1.2217520475387573,1024,512,0.05758901312947273,1.2217520475387573,stage1_rows,512,0,0.012495044618844986,0.18486665398813784,0.010114767952472903,0.37354055270552633,0.31859048403566703,30cb2d381443d279b618bcd693b8e967:0:0,13cfee49bc944608a697b48ca5ce354f:0:0,ff137f08944db30c01352e7f85839e41:0:0,4ba048014d802dc92022fef3c8494d46:0:1478744800,212a1421962f5849e7f21ef87f632afd:0:3032930314
606,B,206,-0.0658072829246521,0.837654173374176,-0.12167699635028839,1.1818387508392334,1024,512,-0.12167699635028839,1.1818387508392334,stage1_rows,512,0,0.0007442317437380552,0.04859258629148826,0.00015976141439750792,0.3500180460512638,0.3196539500495419,fe15f436c6f4dec4304e41f095b28167:0:0,e9a19089a688282f0ca886e568496ceb:0:0,1c33e85498df31bee03511d356eed4e2:0:0,9581d1422cccf9cedfbcb1f7181f0e46:0:2846269372,421416f28ca3dd58c06766d5d353e252:1:1057653363
607,B,207,0.04735980182886124,0.8262367248535156,0.09689241647720337,1.1662392616271973,1024,512,0.09689241647720337,1.1662392616271973,stage1_rows,512,0,0.0034047681838274,0.054933578008785844,0.0035792245471384376,0.34063069373369215,0.3167391719762236,32f0b01d291f2cebf1bca4f434ac1967:0:0,412372cdf43ec28116f8a3d9222a75c9:0:0,1e09d7a4b4a0bd6f0c97384d8c066a81:0:0,13c7b136137fce5d7a5c236638b0cf46:0:3063527717,5ec2958e0dbb2151cf96e7b518ddb7b1:1:3442327842
608,B,208,-0.04486771300435066,0.8155062198638916,-0.08945122361183167,1.1514358520507812,1024,512,-0.08945122361183167,1.1514358520507812,stage1_rows,512,0,0.0005796895129606128,0.052700100699439645,0.0023138109128922222,0.33195977583527564,0.3160701770102605,8ffebfdf22df3535f057f84170a5b167:0:0,a249d57baf1bd020e8d93e273b7f83e9:0:0,ed660d42b7173fb3cd5c27c55723c555:0:0,7ff71e9bebf433434e70476f39fe9046:0:2752857610,4d3cb768f72efb0a45ce274c4a857719:0:1904369950
609,B,209,0.03773343563079834,0.8417783379554749,0.07682602107524872,1.1890249252319336,1024,512,0.07682602107524872,1.1890249252319336,stage1_rows,512,0,0.003965355455875397,0.04588313000276685,0.0017549071228131652,0.35384088531136515,0.31520551699213684,59664511dc0e61c6eb084e38499f4967:0:0,9b743f1a269e6f63dbee87521bfd4e33:0:0,297d91b5233f4bbe7527a5da27c655de:0:0,ab172770e3e0a5c2144556002c085146:0:1546910269,e9031432db63af57c3e85f5335cf6b5a:0:3134380155
610,B,210,0.026827717199921608,0.8452246785163879,0.047263532876968384,1.1948329210281372,1024,512,0.047263532876968384,1.1948329210281372,stage1_rows,512,0,0.0020028348080813885,0.01985759725794196,0.0004993644310161471,0.3572407618165016,0.30980793898925185,09a8c405f501d59ce9a9b938bf98e167:0:0,b4026d08b49e0ce586072aba6060bf51:0:0,0fc82d41e0d72621aed058eab1be638a:0:0,3ddbbbf5f17adbdad205cac71ece1246:0:2470043580,5849cdb13b0ff6ba9b67a491203330a6:0:4078465804
611,B,211,0.05385712534189224,0.8862860798835754,0.09064529091119766,1.252174973487854,1024,512,0.09064529091119766,1.252174973487854,stage1_rows,512,0,0.0001936855260282755,0.05820492203347385,-0.0008987742243334651,0.3925269640982151,0.31012441101484,0126bf656a370388bd0c4ba2d2927967:0:0,057feb9475f47cd12443c116f3eb4e72:0:0,9832ca14de77af4e8b529f4738cd01f6:0:0,e17de66e99eef1618bbb6532224fd346:0:3330497723,618a8ca38d957f1043ac1bca4825201d:0:2959019298
612,B,212,-0.068234384059906,0.8590604066848755,-0.14074134826660156,1.2104260921478271,1024,512,-0.14074134826660156,1.2104260921478271,stage1_rows,512,0,0.00028634420596063137,0.031489638658240435,0.0001280478056287393,0.36724527180194855,0.31228246801765636,7fba9e63c8ee15277ef417d6828c1167:0:0,0a331afe724216d17a973e10e017f143:0:0,704079047e2187675ec75e36cf700bfe:0:0,860ddf2edb5010e8af50286f468d9446:0:3471753815,f16a1a289a62a4927c398eb1aa77c90e:0:3577301395
613,B,213,-0.004411078058183193,0.8358407616615295,-0.0013719862326979637,1.1819032430648804,1024,512,-0.0013719862326979637,1.1819032430648804,stage1_rows,512,0,0.003949178382754326,0.009339014498982579,0.0009615753311663866,0.349462953209877,0.3139326280215755,69ff0bcf5ab221dc12193033cf85a967:0:0,702ccbd0b6716634ad8917e389eea040:0:0,163a86bcb4517f2b7b1ce2e83d029ff7:0:0,bd4ab451f6dcea943c8f5b6c9b875546:0:3732593335,6868efc7db93c4d290bf65ec74dfbf24:1:3542023614
614,B,214,-0.02883310057222843,0.8124818801879883,-0.05909615010023117,1.1480921506881714,1024,512,-0.05909615010023117,1.1480921506881714,stage1_rows,512,0,0.0009910364169627428,0.05734545332379639,0.0030097282951828674,0.3298877365887165,0.3112378270016052,f594db91edcf35c8a227a71ab97f4167:0:0,aa5b61be7ef71c1514d6138c86362a6b:0:0,a0fe404101d4b41d01454207276143b3:0:0,d7658359f4260ae4a92688d8313d1646:0:408686120,a3e821305e5694d4878ec4c1af23d38b:0:4059133255
615,B,215,0.03776115924119949,0.8307328820228577,0.07021104544401169,1.1738038063049316,1024,512,0.07021104544401169,1.1738038063049316,stage1_rows,512,0,0.04123206064105034,0.11778225132729858,0.005617872579023242,0.3449100390076637,0.31131846201606095,5714636fe0b628c823bf8eeb4078d967:0:0,8da89e9a3c55bfc338073a6dc23d301b:0:0,7e52c38504e7270558e1d5fd77137fa0:0:0,34d347bc1257e38980a67f2017aed746:0:2793251753,7d88cac04fb52479482b60703f5725ed:1:3787719464
616,B,216,0.04432140290737152,0.8434539437294006,0.08449819684028625,1.1913478374481201,1024,512,0.08449819684028625,1.1913478374481201,stage1_rows,512,0,0.027818579226732254,0.12413399503566325,0.0007896263385191559,0.3553680419921875,0.31100567296380177,f1461314164e4567d474fa0564727167:0:0,564ec8f1c89b2fe1017110e87701a26c:0:0,715119aefbd7f3ab696476576a53b041:0:0,9aad92bcfa9e184bc08450725edc9846:0:982583808,f8270a6842ca9cc084e68c996e2b24d6:1:4077263812
617,B,217,-0.011790318414568901,0.849259614944458,-0.032633814960718155,1.200542688369751,1024,512,-0.032633814960718155,1.200542688369751,stage1_rows,512,0,0.0023650620132684708,0.10224843263858929,-0.0038516735434313888,0.360579688847065,0.31487356300931424,4fc5f6b77934bfe0bacffac9256c0967:0:0,6804fcec19d40b8d86f6cbc382deeeb7:0:0,1cd960cc8ac2bee93a0a7bde501b2bb2:0:0,d913bdb46549621ff01a52bd16c65946:0:666641870,cfe0ac3dc683a2a88393cc9dc0032962:0:1813250256
618,B,218,0.004711897112429142,0.855370819568634,0.017342031002044678,1.2094227075576782,1024,512,0.017342031002044678,1.2094227075576782,stage1_rows,512,0,0.0104444595053792,0.08726691519841552,-0.0027889841119758787,0.3658281020820141,0.3102847129921429,6755aef2b3e9fd11264ca3968365a167:0:0,40c08ed121af4eac1bad4fa10b49effc:0:0,a42291c143f37d926fbebe2f4db377f8:0:0,80ecfe9703151a6ff4a91fae4f6c1a46:0:1282998313,7889cfec3823e1f7cc49ac4dbe4705f2:0:429101078
619,B,219,-0.06432421505451202,0.8379282355308533,-0.13247480988502502,1.1809473037719727,1024,512,-0.13247480988502502,1.1809473037719727,stage1_rows,512,0,0.0019028966780751944,0.022831502091139554,0.002253208420006558,0.34957133755087855,0.3140609319671057,2bd84788c3eca9762f5b06cd7e5f3967:0:0,0102d3ceedc5a1a43491c6e1f95f51e6:0:0,528a530076663a70793c8def6036bc23:0:0,d9f7f63adc9d40aca15894b418cddb46:0:3179952913,9e290056b7745cbefc26cf8ca676e88c:1:3022128488
620,B,220,0.002614835277199745,0.823175311088562,0.012942036613821983,1.1639198064804077,1024,512,0.012942036613821983,1.1639198064804077,stage1_rows,512,0,0.016229849308729172,0.09099749375600368,0.00324070566566661,0.33881413489580153,0.3122150619747117,874336390dc2a025375f36ce1658d167:0:0,ad85a415084e9bf734349d0e737f5eaa:0:0,1c4078e8949035b9e94b099e83250d8c:0:0,55d3a6e9fbc98c370338d2fc82eb9c46:0:277056183,d0b70949da380535f0549926d9dd1667:0:956756030
621,B,221,0.050557687878608704,0.8322593569755554,0.09285875409841537,1.1753363609313965,1024,512,0.09285875409841537,1.1753363609313965,stage1_rows,512,0,0.001685136230662465,0.18610709009226412,0.007306342307128943,0.34599517583847045,0.3148350020055659,1db7a9e797efa1c568b145f84b526967:0:0,a7dca911eabf660426f0693595244b75:0:0,dc5a287a4072ee8a493d2cf1105d5d84:0:0,8fec1f3d15a5dcb169433f759dc55d46:0:286003262,a67723199a3961aa9e6ccabf5fd41e38:0:3546478271
622,B,222,0.011128896847367287,0.8345656991004944,0.02651122584939003,1.1799269914627075,1024,512,0.02651122584939003,1.1799269914627075,stage1_rows,512,0,0.002713575726374984,0.0689048753469251,-0.00021028018090873957,0.3483467251062393,0.31283070700010285,117731aa12d9db89369d46ac1d4c0167:0:0,b79e3d87810cd7d4c895021b78f07779:0:0,7d8d048a553ee3c1cb6449082ef16029:0:0,74b477a00ed41ac8285b82cd795b1e46:0:3161990258,56fc6c9553a2d6af9134fbc2e1aad428:0:1075068478
623,B,223,-0.034575801342725754,0.8209511637687683,-0.07079492509365082,1.1597130298614502,1024,512,-0.07079492509365082,1.1597130298614502,stage1_rows,512,0,0.00011162424925714731,0.10936653185635806,-2.7791435422841458e-05,0.3365746520459652,0.3076633389573544,257ea288539c3e27dd634b498c459967:0:0,52ba619df4f38012f9feaa46d89da85c:0:0,824a9c25c547953b06d3f0121a6ad314:0:0,4050070899775b821b50897225acdf46:0:2227460864,6b38dcf902a3b69b354d12f4d67d52e3:0:934878743
624,B,224,0.01751215010881424,0.849388837814331,0.028522003442049026,1.2009721994400024,1024,512,0.028522003442049026,1.2009721994400024,stage1_rows,512,0,0.01732010394334793,0.12611955686006696,-0.005375449327402748,0.3607911288738251,0.3132237480022013,2f4201fee7c6a4d6e2376630983f3167:0:0,2325e2ddd981ceca155ac583b6b17f9a:0:0,a76f24da4f54034209310bb13e8d4c54:0:0,81abfc07d12bd828dedd8391b2baa046:0:1670477934,e1f23f6c5323abcf9de24a3f610619d1:1:276124466
625,B,225,-0.016189802438020706,0.8175868988037109,-0.041630614548921585,1.155547022819519,1024,512,-0.041630614548921585,1.155547022819519,stage1_rows,512,0,0.0016472622519358993,0.054516710492316635,0.00341557186038699,0.33406959995627405,0.31530219700653106,bf4c1a92680bcc439341a9c14138c967:0:0,cb643dbb6e7fb453a6c913baf8a87b8d:0:0,7d1db8ceb68bf0b795c0283129cb89c1:0:0,3ab4f136a0530cd8c9aae51a30846146:0:3061566584,528fb7d541211c3fb21ddb439c3e12f9:1:4042026505
626,B,226,0.01567537896335125,0.8300666809082031,0.02707553282380104,1.1736642122268677,1024,512,0.02707553282380104,1.1736642122268677,stage1_rows,512,0,2.105836756527424e-06,0.05349922613240778,0.0011657128314254805,0.34457902163267135,0.31317310401936993,45643f022fdd198c879e285b87326167:0:0,06b36f69491229d4bda99aa5e1e4aada:0:0,9dbe101ab433d5b4f717fb33cde9a27f:0:0,e7e3cdc5e1af0fc8a04f65b9af0a2246:0:3595845159,c4f9229c81b3688df1fc14651fc4302f:0:2608647995
627,B,227,-0.015127040445804596,0.8539291024208069,-0.03509886562824249,1.2071822881698608,1024,512,-0.03509886562824249,1.2071822881698608,stage1_rows,512,0,0.0035830060951411724,0.04425596304936334,0.0023399761354085057,0.3645749218761921,0.31171609298326075,b7549fe91ff4313b1f5cf45f6a2bf967:0:0,17ee39b9249c4df3097ee53823a15455:0:0,91028363b679cfdf7ab9a80026761711:0:0,7b228b7299fbf359055100de3e4be346:0:2663399549,ff3f919e999952672c12247578cf3b5c:1:2791009239
628,B,228,0.03357495367527008,0.8404666185379028,0.05962642654776573,1.1879020929336548,1024,512,0.05962642654776573,1.1879020929336548,stage1_rows,512,0,0.0019492553547024727,0.043356000061612575,-0.0018205580199719407,0.35312326475977895,0.3086297800182365,e97b76db11ca5e3d0382202cea259167:0:0,7ef7edee1afb1875c41a7452d5b77ace:0:0,6b75df1e6e77699b9ceec6c382de7d4b:0:0,894aa1004ee9c4fba525f5b5ee49a446:0:1747458095,0d29de96898e6170ee170580a575327a:1:1550310242
629,B,229,-0.016271032392978668,0.8630445003509521,-0.025005854666233063,1.220347285270691,1024,512,-0.025005854666233063,1.220347285270691,stage1_rows,512,0,0.0001697068801149726,0.05914804814383388,-0.00022930421373530409,0.3725724063813686,0.3132697409600951,55f9294da1fdc8dda605be24071f2967:0:0,7e80196e196b7cfc35600f893e8a3efa:0:0,55c5b5fc19a1cb46108413bdd38aa92e:0:0,2a3832636b8d7b021e35c72ecf036546:0:2433549181,c16ecbbc44586e44ebcd1cf5df52bcbe:1:3611925258
630,B,230,0.004869892727583647,0.865760326385498,0.0026705721393227577,1.2242265939712524,1024,512,0.0026705721393227577,1.2242265939712524,stage1_rows,512,0,0.011563370004296303,0.08867889902321621,-0.0017093678427045234,0.37489029467105867,0.30988413596060127,028d64daf7a47dbfc1d3e0a4c118c167:0:0,624715bea77e7cc43d3cabcb84104ef7:0:0,7d64eb3056fb1b9dcb73d2454ec9710a:0:0,541134afce12e364a4da3bf6f0792646:0:1579751302,675d2e9f4c7d5e75c538a59cdf74a3bf:0:2231297361
631,B,231,-0.050425272434949875,0.8146651983261108,-0.10746202617883682,1.1491577625274658,1024,512,-0.10746202617883682,1.1491577625274658,stage1_rows,512,0,0.03042178973555565,0.12071465745102614,0.005192444881686242,0.33078367337584497,0.3134474189719185,8e0d15ad2e8d44d6dacc9a0f18125967:0:0,f7ca87a7ccae21ab9ae9d00e4716b6c2:0:0,0709bed4e8a2804ee4e4f1a87ef6b738:0:0,c796ea68072d659063605e7c62aae746:0:1510617795,a5d076bcc1f4ede1fe4c8f2d80755142:0:3365978334
632,B,232,0.055647529661655426,0.8302661180496216,0.115822933614254,1.1709564924240112,1024,512,0.115822933614254,1.1709564924240112,stage1_rows,512,0,0.003925410099327564,0.10005466695874929,0.003458065981976688,0.3435368433594704,0.3149433609796688,2ccaf7210a6e4860bdc3fcc30c0bf167:0:0,dc184d93697e8328c28d3b68955d1f32:0:0,c401bf09c30c856cc4e3bd58aeedb7ae:0:0,17c10bac8179294d96097ced3598a846:0:1544438714,581bbf68963ed96dea4147b78e044c9f:1:3931622089
633,B,233,0.019582491368055344,0.833231508731842,0.056410323828458786,1.1770738363265991,1024,512,0.056410323828458786,1.1770738363265991,stage1_rows,512,0,0.0028558755293488503,0.035896933276671913,0.0024719786073546858,0.3468478970229626,0.31552440498489887,7f545dee99018bdf00821b209d058967:0:0,327c2e01c9e839337b0cf2cfce13903b:0:0,dc9fd953307c3c57dbcacbf93804478a:0:0,5ed133c2b5b1f4cd630c293779426946:0:3879409275,2e04705f15e21daf3cad5023a5f4e6e3:1:1770149156
634,B,234,-0.003364698961377144,0.8451495170593262,-0.017087861895561218,1.1949478387832642,1024,512,-0.017087861895561218,1.1949478387832642,stage1_rows,512,0,0.0013775250408798456,0.05703133603092283,-0.004023929592221975,0.3571934700012207,0.30989291897276416,b883ba66690f331081c30787caff2167:0:0,a18f8ea070a9f0031c933b97641c2e5a:0:0,5b2e869f87cfabfd0581f2641e19af6b:0:0,a84d7937c058d3ef6e9539093da82a46:0:264207422,4c6e8b212935fe86a01db9492ae0a8e9:0:2865626510
635,B,235,0.002360786311328411,0.8291197419166565,0.0022968677803874016,1.1724051237106323,1024,512,0.0022968677803874016,1.1724051237106323,stage1_rows,512,0,0.013569827191531658,0.11023173306602985,0.00259248610236682,0.3438892126083374,0.3095618649967946,77223091fc6598eae936d45895f8b967:0:0,1b6e3910aecab4f48e12fcc0a7af99a0:0:0,f65f57681257d1264678cf86f5c51f81:0:0,64e3263b1e155acf2ac8c5d092c9eb46:0:1851311271,27b8fddf6388fba545a378f947ed5551:1:2050035138
636,B,236,-0.05437377840280533,0.8248458504676819,-0.11917195469141006,1.1627678871154785,1024,512,-0.11917195469141006,1.1627678871154785,stage1_rows,512,0,0.0018779872916638851,0.023251716163940728,-0.0005878994241356849,0.33889986351132395,0.31896337697980925,0c2183461abf3694278193f2fdf25167:0:0,44ce900b0bd91444d2beedd33c802bd1:0:0,24ea7b29ae8db198e45ba3c0c1e780da:0:0,830d2a7205d315a8e3c32cbb88a7ac46:0:2373237230,3faeb07ba63f5c836f31ababde770afc:1:2902368574
637,B,237,0.034676484763622284,0.8542567491531372,0.08014943450689316,1.206258773803711,1024,512,0.08014943450689316,1.206258773803711,stage1_rows,512,0,0.002633746713399887,0.020244159316644073,-0.000367135841952404,0.3641984112560749,0.3091815540101379,a0df6e75ab965a5bf63b58b702ebe967:0:0,b879cc8f5c5184f6058503eeeae7d65f:0:0,9d87d34395a038c81d32f8db4588bb88:0:0,fe29f52dca4f7826879a0eb82f416d46:0:4083676971,5f65d2d3ea86c84ed643bb14ca6c5d33:1:3576363794
638,B,238,0.0056808385998010635,0.8480634093284607,0.012701005674898624,1.1991735696792603,1024,512,0.012701005674898624,1.1991735696792603,stage1_rows,512,0,0.0047258902341127396,0.05793460262939334,-0.0003495766490232199,0.3596681132912636,0.3168888469808735,d0e36c53bce6aeb557f03504a4e58167:0:0,a8a4b9529aec8c309d8185c3ccd83d2c:0:0,000f5f0cf09ec89ab83312b5fe84cea5:0:0,d294dd5be0805e242a5d507496972e46:0:2563962721,d0631433707ae2b949a094fb56ff39e6:0:940343912
639,B,239,-0.05173229053616524,0.8297905921936035,-0.10835690051317215,1.1706453561782837,1024,512,-0.10835690051317215,1.1706453561782837,stage1_rows,512,0,1.3340497389435768e-05,0.06792565234936773,0.00039039560360834005,0.34330039843916893,0.30611199396662414,d01fc0135cdc913018203b3be3df1967:0:0,e146b748c3db2f798dc17301780bbdd2:0:0,6cbbf78a9bc48dc9d8b4909c2cade397:0:0,5db112709ceeeffc46181a5ecea8ef46:0:2348905527,2be9e281cb1cf9c64b3d342432bec794:1:2493003061
640,B,240,0.012871507555246353,0.8389913439750671,0.020210467278957367,1.186333417892456,1024,512,0.020210467278957367,1.186333417892456,stage1_rows,512,0,0.021976053714752197,0.07977192543912678,9.778134990483523e-05,0.35212544426321984,0.32063967804424465,21ee8053ec7239724b3f7dbcbfd8b167:0:0,754ea7953701d5cca28222e32e587f06:0:0,3ba2355ba0af7a704ab1dae02c98fb71:0:0,9dee55b26fd67c6bb6d1d8a4e776b046:0:756105624,a633cf43771ec3ff5be5ff7b52fcb0cd:1:471003449
641,B,241,0.0004046652466058731,0.791686475276947,-0.010920405387878418,1.1193515062332153,1024,512,-0.010920405387878418,1.1193515062332153,stage1_rows,512,0,0.0007894147420302033,0.04400394930271432,0.0003248649663873948,0.3134008772671223,0.31708054000046104,35cb3a8890fab031ceb60ee738d24967:0:0,7fd14eeb0ce28a67505b659c6854b5f0:0:0,bc94bb2c251c4670e728f5957bf1d3c2:0:0,49af8c665e8a9a1d728f3b34f1007146:0:3134639816,e6c3c13a8c9c2cc8c7183177cccd2b7c:0:3992463008
642,B,242,0.06044916436076164,0.848084568977356,0.1147770956158638,1.1967958211898804,1024,512,0.1147770956158638,1.1967958211898804,stage1_rows,512,0,0.0063565680757164955,0.07663561888039112,0.0013432824751362204,0.3588058665394783,0.3133029479649849,f529a7e96a9a962dc8e0011b4ecbe167:0:0,e782f80ba27ba09d323d4bf5396db2db:0:0,8fc44c45e93ba2ba2215490f7328f11a:0:0,991bc82bb05ba2edfd5335bcfb463246:0:1563194946,918cf83ab3b77ad0cd192860d6fa9b53:1:2790579736
643,B,243,0.014409544877707958,0.8366813063621521,0.042636528611183167,1.1824449300765991,1024,512,0.042636528611183167,1.1824449300765991,stage1_rows,512,0,0.0023314228747040033,0.046857022773474456,0.0004719224292784929,0.34990122467279433,0.3012781860306859,69c1cbbd35aebb28290d66b901c57967:0:0,a5a13e0745106b925a095faf86caa932:0:0,237bfb5212697cc4362155ff6a0e1f40:0:0,e1f4ea103de45af6991fffab1647f346:0:3944069931,29a799655c710e65b8119c54468798d5:0:2888068481
644,B,244,-0.0291297510266304,0.8500823378562927,-0.05722031369805336,1.201406717300415,1024,512,-0.05722031369805336,1.201406717300415,stage1_rows,512,0,0.0029980894178152084,0.09310027519240975,0.0009684876849860302,0.3611488275229931,0.3096859339857474,2539b209fd2084df2782522051bf1167:0:0,cbbc2a4ca9b0a4bf803ceb551f7d3ecb:0:0,3a279a0f32323664cbe54bb2679e24ca:0:0,943ad54c8b5f557031f8142d5205b446:0:248174345,19867fea4380d951390f6576b4ed4892:1:209855594
645,B,245,-0.019991828128695488,0.8450489640235901,-0.0429602675139904,1.1945083141326904,1024,512,-0.0429602675139904,1.1945083141326904,stage1_rows,512,0,0.010742799378931522,0.03470164916943759,0.0019252220692578704,0.35695524141192436,0.3070038169971667,fa3ce4fb83a82606c576d5b13eb8a967:0:0,fd6584d63915beff9b0e1f6f26237c7b:0:0,eaef729daa9c44c683c56bec1639ffce:0:0,88049ee2d156697e05df3231be7f7546:0:3687466766,73b063bc7dd8ae99b3f1fad32528685c:1:2399956060
646,B,246,-0.0251968614757061,0.8130210041999817,-0.05159836634993553,1.1490684747695923,1024,512,-0.05159836634993553,1.1490684747695923,stage1_rows,512,0,0.003893946995958686,0.09972548155346886,-0.007047252714983188,0.3304282002151012,0.3145505450083874,e3d18e8e09fca5424d1703cbc8b24167:0:0,56cd46254b247c7925a6b9f80709621f:0:0,1123f7e570e6763d53312fc80d829710:0:0,c065b64a52b248f008db5c666bb53646:0:3928766727,6e8ace7d2b111c8764ef0443499b88ba:0:1364363169
647,B,247,0.06552998721599579,0.8499886989593506,0.12208530306816101,1.1992782354354858,1024,512,0.12208530306816101,1.1992782354354858,stage1_rows,512,0,0.005244895350188017,0.10330270151607693,0.005030818399973214,0.3604475311934948,0.3172711029765196,aa131b4c17f1b41dd182eecfefabd967:0:0,ec3b7fd25391ca001e22c2fab7053909:0:0,9bffcd45d3f013398c31d63d8490f646:0:0,ea75279cdbe40b0d04f5d93969a6f746:0:2688526700,be0e94938f840742caac25ef0a737efe:1:1660488686
648,B,248,-0.03328494727611542,0.8152569532394409,-0.05499439686536789,1.152404546737671,1024,512,-0.05499439686536789,1.152404546737671,stage1_rows,512,0,8.698785677552223e-06,0.08301894285250455,0.005127486982382834,0.33230477534234526,0.30890639894641936,eb6a122dee835607aecea91db3a57167:0:0,081c5b0c49b3ffc909323be279580762:0:0,bedec853a8a9fa784d51885c25403a19:0:0,72a0602304963d74763c32d8c854b846:0:3425194784,d2a7d07a33160d76f4e64202ff6d0112:1:422022343
649,B,249,-0.013338849879801273,0.8337575197219849,-0.015143091790378094,1.1789840459823608,1024,512,-0.015143091790378094,1.1789840459823608,stage1_rows,512,0,0.0002008724259212613,0.029205924610141664,-0.0007872998421589728,0.3477447062730789,0.3156257339869626,aee0b4e948cf574a0a024515149f0967:0:0,e73a9be45b23d654e50e67296d6d4810:0:0,e9d35cc32f9c2970a2f76916e19ef3df:0:0,130ee958cc06cd2822c1373297be7946:0:3810328038,853838f0cb45969dc685658982bbb89e:1:2768180993
650,B,250,-0.06443484127521515,0.8034128546714783,-0.12672826647758484,1.1326357126235962,1024,512,-0.12672826647758484,1.1326357126235962,stage1_rows,512,0,0.004100588150322437,0.022877362673170865,0.0012369223812129348,0.3216839134693146,0.31844072695821524,8753db4011fc94045119d5161298a167:0:0,80f50426c05a317f6bb7a111cc5374eb:0:0,edfc26081a50bb67a18f5802bdb77896:0:0,eb2d0b5367ded9cd6e9df7f4e7e43a46:0:1816078816,8e77a71bdaef9bdd4e96d9363deb489a:0:3168836200
651,B,251,0.02577829547226429,0.8149265050888062,0.06402212381362915,1.1510809659957886,1024,512,0.06402212381362915,1.1510809659957886,stage1_rows,512,0,0.0015134618151932955,0.08817445061868057,0.0036124064099567477,0.3315965436398983,0.30202067201025784,97f75b1cb6100f24bb056b80ad923967:0:0,f725dda3121b44832f661fe8de5e46e5:0:0,84932b89b8814bb953b15fd0270d4822:0:0,fed9f48e9e1145366bf2ca8dc8c5fb46:0:710310918,dfb5c3fca06bad9bb50205dd34112d56:0:1871463208
652,B,252,0.016931472346186638,0.8274866938591003,0.031645242124795914,1.169940710067749,1024,512,0.031645242124795914,1.169940710067749,stage1_rows,512,0,0.004788724705576897,0.05919454706599936,-0.002016172121511772,0.34241903349757197,0.31272295297821984,78f52e8ab3afd961c7a91ab4e58bd167:0:0,3f362e1c87a8d896ba5a9529aa6d5122:0:0,72fae241ea086119aa97aa20ccd753dd:0:0,d88ab14fc3fc9142a6e8482b4a63bc46:0:2347078182,3d4a169809f881c25fb1b684e22bac30:1:1541719543
653,B,253,0.035962071269750595,0.8390957117080688,0.07396532595157623,1.1853127479553223,1024,512,0.07396532595157623,1.1853127479553223,stage1_rows,512,0,0.010377290658652782,0.0931017340742983,0.0018648046418093145,0.3516301304101944,0.30661806801799685,0ed667da14d3c833bfdcf512ba856967:0:0,72acd66a1cebe5b8f6739c4eb2a4acbe:0:0,a2958956460b5736bb4b3ebcb6f49d3c:0:0,7703c6ba7fc05e27adb04dbb7cbd7d46:0:468261646,ebc465547264a05d586e6639fae07820:0:3934313314
654,B,254,0.005749767646193504,0.8346986770629883,0.003073908155784011,1.180307149887085,1024,512,0.003073908155784011,1.180307149887085,stage1_rows,512,0,0.008795592933893204,0.060565588751342145,0.00288378311379347,0.3486110731959343,0.3105891140294261,e0e4e37c7463fcce356d0cfa2c7f0167:0:0,3e086a9f9df7d1084cc2e94696cd171a:0:0,942a38100a258306d3ba8196df2c2be7:0:0,679b9c23ac6a9b315486fbec6fd33e46:0:3704798105,4cbf1f7127e5680c52a5f9cf1ba1caa5:0:2488607683
655,B,255,-0.0316811129450798,0.8447533249855042,-0.057948555797338486,1.1939691305160522,1024,512,-0.057948555797338486,1.1939691305160522,stage1_rows,512,0,0.0024236678145825863,0.07815511889057233,0.0048243539640679955,0.35670279189944265,0.31760785199003294,59cc866a36c53b19831974cb3b789967:0:0,cad7cea57701a4619610ca7b334d2823:0:0,7231818342a6012f271fd541fb111268:0:0,0801fedd46543c09b5b3b72c33a4ff46:0:4016870012,1a4ba917c22e38e474f42b7f19468347:0:2377842185
656,B,256,-0.02665986493229866,0.8241367936134338,-0.04330477491021156,1.165152907371521,1024,512,-0.04330477491021156,1.165152907371521,stage1_rows,512,0,0.00017429969739168882,0.15614842951763422,-0.0005516194098163397,0.33969219475984574,0.3089615180506371,a272b71e9b5310ac4c963ee5e7723167:0:0,6250e59107718c4e73f08685e0911b0b:0:0,1f0683f8961a072b766cb88e5eca6561:0:0,fcfd085f0ab90498ed8a27a8d832c046:0:586047471,fdfe13b94211ec5ad6c89113a6e2f70f:1:1449985365
657,B,257,0.021681442856788635,0.820509135723114,0.0555783174932003,1.1592639684677124,1024,512,0.0555783174932003,1.1592639684677124,stage1_rows,512,0,0.0003127165837213397,0.08367461304878816,0.0028045231418218465,0.33629339598119257,0.307288764975965,71429e794cc7cbc4fe8b7daa306bc967:0:0,429f95b2b185f512312d7163ad248987:0:0,ae17683a2bda26fb81a1bed0204e7a35:0:0,30cfa30e7c49bd8c926b39506d7c8146:0:3433704009,18dea56e84aebd0bb9e80f8706bcf6de:1:1451547307
658,B,258,0.0516178235411644,0.8373022675514221,0.09761475026607513,1.1822288036346436,1024,512,0.09761475026607513,1.1822288036346436,stage1_rows,512,0,0.000886558904312551,0.02663396339630708,0.0014277379610575735,0.35003829300403594,0.3125926260254346,380c9d14169242434e95437816656167:0:0,aeba03e375bdd015c5d0cdd2de6788dc:0:0,2c96b0e43ab158c72e20482006c2a062:0:0,25ee05ba462be396e8c61bd103824246:0:3899036687,e93a653f946607454a3697327990ebad:1:3275522939
659,B,259,-0.09105304628610611,0.8296557068824768,-0.1753169447183609,1.1671258211135864,1024,512,-0.1753169447183609,1.1671258211135864,stage1_rows,512,0,0.0019990201108157635,0.05373527402989566,0.001650544285075739,0.34205195903778074,0.3101159139769152,900f40db651968a1bb43a2af995ef967:0:0,ea4b29316350491dcefc73d2a543f5cc:0:0,1b3d54c6b2d5b1584baca629408486ea:0:0,0652ffdc7f8da375d3194298aa440346:0:3936738978,83c79678ea4344eb600f56356d8ddbc0:0:2278465323
660,B,260,0.07909698039293289,0.8539432883262634,0.15623177587985992,1.2025991678237915,1024,512,0.15623177587985992,1.2025991678237915,stage1_rows,512,0,0.0015274289762601256,0.03003792588133365,0.0005105619551613927,0.3627118684351444,0.3118316089967266,9ecfe5f836edb8ef0c1aadb0b9589167:0:0,10604ac860f1cd70867cf97d452ada8a:0:0,cd57a087a728b30cc60e3c90ad1cbb13:0:0,913e27a11ba8b4d17df364d571c1c446:0:1185322761,b5fed80cd2d31860d806dbd312d300a5:1:519962624
661,B,261,0.02374746836721897,0.8716084957122803,0.027819998562335968,1.2325085401535034,1024,512,0.027819998562335968,1.2325085401535034,stage1_rows,512,0,0.0012417627731338143,0.036937169218435886,0.0013434426160529255,0.3800246886909008,0.31261871801689267,6f110d5a24e869c7d19276db76522967:0:0,7a85c3e36d391dde46ee95a7bd896a04:0:0,fc2ad20b400e11bf1d37b69db84e6661:0:0,0f1d453ddcc26602c7f47d7569fb8546:0:2568824585,2bb75f18263be352880bc5b5da63978a:0:908652326
662,B,262,-0.030200395733118057,0.8573563098907471,-0.06525620818138123,1.2113603353500366,1024,512,-0.06525620818138123,1.2113603353500366,stage1_rows,512,0,0.0004229677142575383,0.02571237274678424,0.0015001018851762637,0.36719714999198916,0.31455889804055914,df7452702738754fe517108fd04bc167:0:0,3e8463fffcce8d2b4d7849532b1eddd7:0:0,fcea5be5a8a03014b4b649c935d735bd:0:0,4b17241b6c6aead165cecb26a2f14646:0:3945122742,e01544578e96476438397eac88bc1b64:0:742062854
663,B,263,0.015808550640940666,0.8295314311981201,0.03452374413609505,1.1727277040481567,1024,512,0.03452374413609505,1.1727277040481567,stage1_rows,512,0,0.0010100436629727483,0.027870480867568402,0.0012927470495924353,0.34405938908457756,0.308577254996635,d42dc8debd5d702be9088d2dc7455967:0:0,3a12f83f1a2899ecb709b3c294b6e7e0:0:0,f5346fb7ffde45917c5e07fdf24d99c9:0:0,3a85c05fc7f1c039c247d0572ca30746:0:503309064,3567ad789a2fe0a327423b5916a6d977:0:3466629420
664,B,264,-0.045865051448345184,0.8287091851234436,-0.09112055599689484,1.1700942516326904,1024,512,-0.09112055599689484,1.1700942516326904,stage1_rows,512,0,3.4884316846728325e-05,0.03601582960691303,0.0015021301864180715,0.3428034022450447,0.3088238009950146,ca9e6a421f10307ac8baff155b3ef167:0:0,4ffca106ab5d4eda3cb65f1bd6bc9833:0:0,c64d33f1a82ab91463137e972c5b4e09:0:0,120a2554fdb8b74a9a3953351710c846:0:3364042598,ed47e78587c45b4fcd54863079088802:0:40646335
665,B,265,0.03925882652401924,0.836159884929657,0.0749390572309494,1.1812952756881714,1024,512,0.0749390572309494,1.1812952756881714,stage1_rows,512,0,0.020806290209293365,0.08460841599153354,0.002113477577222511,0.3493250414729118,0.3113468529772945,c4b31b4b1c1944cf387678a68c388967:0:0,4dd43d790905e394a7b2141aecb675ab:0:0,c6c18151c987c3ce3304038315e40431:0:0,6cdbdda846c2f92a54925dae723a8946:0:2668498311,e6914b782a270213db8eed23f40eee89:0:2412981743
666,B,266,-0.027947168797254562,0.8358632922172546,-0.07210525870323181,1.180322527885437,1024,512,-0.07210525870323181,1.180322527885437,stage1_rows,512,0,0.008889800868928432,0.05176882236264646,0.0018119718239177018,0.348705418407917,0.30926805996568874,be85aec551153b2935770c415a322167:0:0,c8704d299f1502e8eca397f4d0dcac14:0:0,07862081180d66c11472fc12a5b8f3fb:0:0,22154050d791165416583d714e204a46:0:305417597,c40fa7cf24772b20ba7ad234b3daa1cc:1:3137194966
667,B,267,0.08883747458457947,0.8645791411399841,0.17760629951953888,1.2161237001419067,1024,512,0.17760629951953888,1.2161237001419067,stage1_rows,512,0,0.0006580944173038006,0.08293531698873266,-0.000978507148101926,0.3715611591935158,0.30743383103981614,82f52c555726b7ef85eccc45c52bb967:0:0,f6f07aa1c92ba40a07ed61577b7417a0:0:0,74d33d5b6b8a14e70f2d28591e8fdc35:0:0,bac7eacf540ef31c92a783ebbac20b46:0:2761145139,61b4c3eebb0ab7bd430032608c8b8922:1:2168364834
668,B,268,-0.00011535873636603355,0.8734326362609863,0.0011317413300275803,1.235108494758606,1024,512,0.0011317413300275803,1.235108494758606,stage1_rows,512,0,0.009421776048839092,0.07610433071386069,-0.0010493464447790756,0.3815449319779873,0.31115778296953067,bbba7ffd94965ce938fbcb13cd255167:0:0,5b283fa2efcaeb7265bad1c58032b0e1:0:0,8b99d680c25db02122ac1a543fb864c2:0:0,ad522a22a40c238e96b5064bc81fcc46:0:2368569981,b2349c646fc8b01ff8440b05672a5bea:1:1980796462
669,B,269,-0.032871805131435394,0.8699517250061035,-0.06397540867328644,1.2294098138809204,1024,512,-0.06397540867328644,1.2294098138809204,stage1_rows,512,0,0.0026627760380506516,0.045965805347077546,0.0017609967617318034,0.3782623209059238,0.30936561099952087,86e696b85460803726bc1b0b721ee967:0:0,f9e4ba1e42d80f21312da0cf65c9d7bd:0:0,16d611a64538d3f0316e81c5b1e26fe1:0:0,5a2dce00f86b08af51cedd7f86398d46:0:1243063343,305fa81769dc26867670872f68a22308:0:1491362546
670,B,270,-0.02866905927658081,0.8606788516044617,-0.06092895194888115,1.2162302732467651,1024,512,-0.06092895194888115,1.2162302732467651,stage1_rows,512,0,0.0007005383959040046,0.06227349647087976,0.0003627388854511082,0.3702018313109875,0.30933705501956865,aeb6cbb5cab0b34d7039ce8cb4188167:0:0,fbb0f3e5f331dd575c70797aca902fcc:0:0,0e7e41c43f5cd564a3f0fa7736650b2f:0:0,8427d45824e6c13a595d6635050f4e46:0:2431961022,2ab74b4a19e1cd1cad3dfeeee928f5c6:0:916578989
671,B,271,0.017929168418049812,0.8649241328239441,0.018620016053318977,1.2230961322784424,1024,512,0.018620016053318977,1.2230961322784424,stage1_rows,512,0,0.0010784802725538611,0.05265265563502908,-0.0030473401595372705,0.37415248081088065,0.3112508979975246,d944690cac4b19ecff74f7f793121967:0:0,77aaf625d54cd7ece88125dcfacc8114:0:0,0b6bd3f0249431e2330051d92cc33b51:0:0,79b9848b0703bfe568e440da54a10f46:0:1317716620,99ffa2937fc5f218b1161c96faac454d:1:370517725
672,B,272,0.020795561373233795,0.8421757221221924,0.038763150572776794,1.190634846687317,1024,512,0.038763150572776794,1.190634846687317,stage1_rows,512,0,0.006711979396641254,0.12066808978561312,-0.0015822200570255519,0.35478303730487826,0.3077033229637891,a3c3ddebfee3911d0761a9ac0f0bb167:0:0,0935c8eca8311d0229bd1c49e9b898b7:0:0,b5a41327d457232d57d99a0f7e4e7fd7:0:0,f328010e8872993bde03519d84eed046:0:3535079728,ec102d3af123ab66423a4903335e2cde:1:3310126904
673,B,273,-0.011313950642943382,0.8237730264663696,-0.04301360994577408,1.1640111207962036,1024,512,-0.04301360994577408,1.1640111207962036,stage1_rows,512,0,9.181792847812176e-06,0.062250714388210324,-0.0002280345477629453,0.33902004137635233,0.31091599096544087,a0d02b9cc862a62483e7f60a28054967:0:0,99314f1d61d9602af1c285624ce19c46:0:0,c7e9dce706b01c12cb13e124bbb38903:0:0,3ce629abe1e05b21f077c06ca5f89146:0:2496633123,bb559ecf8930c091a5bf4dd2884996bb:1:1282672101
674,B,274,0.03051000088453293,0.8495771884918213,0.052709534764289856,1.2009638547897339,1024,512,0.052709534764289856,1.2009638547897339,stage1_rows,512,0,0.0037031490355730057,0.10929500773781911,0.0009984062169678509,0.3609462358057499,0.31242127798032016,9a9ee9e243185d83b9e3ef71ddfee167:0:0,c68823a5e384e67472098494b3031401:0:0,fc5b6a911c62d38180ed3bb758a5413c:0:0,16b30f831ae3800fa61cf8f5c7be5246:0:1300594619,f5364fd867ffdf937d37a8c96f4239d4:0:1074739336
675,B,275,-0.03230543062090874,0.8471500277519226,-0.04966415837407112,1.1976889371871948,1024,512,-0.04966415837407112,1.1976889371871948,stage1_rows,512,0,0.0013206405565142632,0.06198426579358056,0.0019596179139625748,0.3588436096906662,0.3198293579625897,48f122873cdcc9edb725a84330f87967:0:0,35f0dafc04c2ef63a1a0433b1985accd:0:0,1c10d61452b23f370db3456ea3a621d2:0:0,5c8874ac5c68501382edaaa6fa401346:0:1351003068,a19f7641d6841c66def45d7ff90f865a:1:1043303322
676,B,276,-0.055140599608421326,0.8274957537651062,-0.113805390894413,1.1671878099441528,1024,512,-0.113805390894413,1.1671878099441528,stage1_rows,512,0,0.0009265558328479528,0.10748193212784826,0.002457825417513959,0.3414192408323288,0.31815907795680687,df252327471e7341d27132de20f21167:0:0,7361f30b0c6509827aed7e6708bd4c73:0:0,9c88dafea2c0d7e0dc26eb7e4979c842:0:0,000a2ac484b341acf504c8ae4d7dd446:0:4111393386,5eef7fe722595d6a4a599e421a391c14:0:3229809705
677,B,277,0.10072352737188339,0.8815973997116089,0.19948244094848633,1.2388149499893188,1024,512,0.19948244094848633,1.2388149499893188,stage1_rows,512,0,0.012811501510441303,0.05994115866487846,0.001177630841266364,0.3857625849545002,0.31779088295297697,70f543825dde8d852b7ea1a2adeba967:0:0,e3c6eb2e9b86fd662d4edf38230ffe0c:0:0,3226ada4c858704ae7b03c6cedd58930:0:0,67e7fc8586c3ac8e7c9e89f9d1779546:0:3659326477,a3a0aaa6564afa59b3b31053a65a96d8:0:4126150764
678,B,278,-0.047747448086738586,0.8418768048286438,-0.10250730812549591,1.187964916229248,1024,512,-0.10250730812549591,1.187964916229248,stage1_rows,512,0,0.004483816679567099,0.03937831672374159,0.0028380867661326192,0.35332539230585097,0.31093495403183624,2c2f7de9ab9affdc2afa06f0d7e54167:0:0,5b56294e3f4d627a98742a4449dfc6fc:0:0,47465e234b24b9075298a7012d4b3891:0:0,e11d95817a94e05790196937962d5646:0:83670764,8de8ade5ce4caab84923903768ca585d:0:1422974556
679,B,279,-0.021160688251256943,0.855224072933197,-0.0457858107984066,1.2088611125946045,1024,512,-0.0457858107984066,1.2088611125946045,stage1_rows,512,0,0.04627841338515282,0.15327700339257716,0.007232906787248794,0.36562646776437757,0.3074428429827094,cb09969410263b84028375289eded967:0:0,fb3a75593ce85c56144908815d4602e1:0:0,65b9aa8910fdfd471ceb2c8c00ca1e65:0:0,0cfa0eebe06f71563bf724d5ab9f1746:0:115451207,9d21bad3e22f40cbd0e4563f2b7eeeda:1:3650265948
680,B,280,-0.0015441561117768288,0.8338605165481567,0.0064120166935026646,1.1791032552719116,1024,512,0.0064120166935026646,1.1791032552719116,stage1_rows,512,0,0.010777577757835388,0.02914116862230003,0.000807262072339654,0.3477341547608376,0.309949710033834,6da56de9106ce2cc2caefeaa02d87167:0:0,d3f4f93b6971d24104431292be514cda:0:0,b7bbb41d7927c706dab9c1e6df78ec43:0:0,991cf7cb77304d607eddbf0221ccd846:0:626782804,02328136a56bfb129ba77a43dded970e:0:2576743285
681,B,281,0.01793430931866169,0.8551023602485657,0.045948199927806854,1.2085567712783813,1024,512,0.045948199927806854,1.2085567712783813,stage1_rows,512,0,0.00108702655415982,0.0395419773296453,-0.0020202176412567495,0.36549288481473924,0.3090383730013855,39e0f910d529400fed04b5d503d20967:0:0,bf53c57f2b701b7ea35ef10679bca38b:0:0,6975e20f38caa8cfd6e2475b34eff3b6:0:0,8c9878b4241eead561987dab08b69946:0:3851751026,71693f7076f772ecba0a0930aa138da3:0:3461346556
682,B,282,0.005937712267041206,0.8473583459854126,0.0033842911943793297,1.198238492012024,1024,512,0.0033842911943793297,1.198238492012024,stage1_rows,512,0,0.00024385645519942045,0.11594310675282031,0.00671199299977161,0.3591615058481693,0.30678145901765674,b6ad3b57de848cafd000ad09a1cba167:0:0,b20eb9a974b7185afa5565fb3f08cc77:0:0,64c5b8458656d79b2c0d354b603ef239:0:0,a91545ffca9fa3d5cb18ea7e705c5a46:0:3765350654,0b4b80b987978205fc04a2767cc9e559:1:1037289651
683,B,283,-0.007656126283109188,0.8690629601478577,0.0038792910054326057,1.228834867477417,1024,512,0.0038792910054326057,1.228834867477417,stage1_rows,512,0,0.009061004035174847,0.03833098098402843,0.0007526999484980479,0.3776840172708035,0.3017000990221277,d3df7a3512a6080b2b12f6a7dcc53967:0:0,fc9f2f8ed9323a4d37debea2f4b836b5:0:0,6a47d877bfa7f625fadf19411ce4f433:0:0,a7512e2292c30fc51077d2ea68be1b46:0:1685929610,068f6b1d6a1ab08fdb3c7b7b7be8e947:0:1859749939
684,B,284,-0.041912153363227844,0.8571615815162659,-0.0886974185705185,1.2102996110916138,1024,512,-0.0886974185705185,1.2102996110916138,stage1_rows,512,0,0.0013927154941484332,0.03127557293046266,0.0005251664799288847,0.3666595034301281,0.3021630940493196,f0bfc500cd2fde799c9fa50fb4bed167:0:0,c9db76af55817930401859ed963016a4:0:0,9c01c8a63cb453a22b34f3078a41a354:0:0,bbb602e6ff66ed2140f6481d01dbdc46:0:737147636,42530d409c1486e1509fadb8c08de92b:0:1875514060
685,B,285,0.0446619987487793,0.857100248336792,0.09141933917999268,1.210218906402588,1024,512,0.09141933917999268,1.210218906402588,stage1_rows,512,0,0.0028515607118606567,0.025291764864232392,0.00033502637525089084,0.36678712218999865,0.30142462701769546,fa7fc8ab95a9e0448bfecaa129b86967:0:0,6e9ce6cc3e7fa37ae26219743777ea08:0:0,f4dd91fd3d56ed6cdab44abacc45c823:0:0,a6e442d45750edc32dfe9f044bb59d46:0:3893260984,a337846692b450e5a44d4118a55c5a67:0:2117593098
686,B,286,-0.009120261296629906,0.8484447598457336,-0.02436491847038269,1.1995854377746582,1024,512,-0.02436491847038269,1.1995854377746582,stage1_rows,512,0,0.003131554462015629,0.03500746365170926,-0.0018120019769412466,0.35993930920958517,0.30161323701031506,e844c70322da08a0a97c79bc3bb20167:0:0,c5c57b10202b9df14f1538d6442cfd45:0:0,fa80344f9e99754e3c23409457ebf7ea:0:0,2429327a485f77962f25704e564b5e46:0:3892676129,ad5c71a71654db63431b23811fe4c2f4:1:1153512963
687,B,287,-0.033165544271469116,0.8414801955223083,-0.06073902174830437,1.1893064975738525,1024,512,-0.06073902174830437,1.1893064975738525,stage1_rows,512,0,0.009851975366473198,0.10323518966324627,-0.003906786361767445,0.35387929901480675,0.3018425360205583,6c876854510ad4a76e58c4c0eaab9967:0:0,0d2a2665077c7e28227f51e0c86f79ab:0:0,a324605e3e61cea194aa386eff37904b:0:0,266f029350a02bd7a22a9869319d1f46:0:1220682445,89ce62c4f7b6bc77155c40667f227531:0:2720346705
688,B,288,-0.0016426246147602797,0.8294769525527954,-0.00457617174834013,1.1729499101638794,1024,512,-0.00457617174834013,1.1729499101638794,stage1_rows,512,0,0.0027989624068140984,0.059461955481674524,0.003076897806022316,0.3441252842545509,0.30164027196587995,ab3bfd78b13f6a509cc7be0f36a53167:0:0,d362d9bc47ed2a57e8d5dcf3c81c9c97:0:0,8cba89843f0537c2e9edc9bfadf8382e:0:0,54b93ea05ecfc6ee26fa3782edaae046:0:691356562,bbb0ff927386d4b5086771a50bf0a4db:0:954065369
689,B,289,0.04870762676000595,0.8408219814300537,0.10238273441791534,1.1865617036819458,1024,512,0.10238273441791534,1.1865617036819458,stage1_rows,512,0,0.0135192284360528,0.04648889274103567,0.0024926220823545007,0.35270439758896827,0.30186785699333996,217da79e57558f6bbff178071f9ec967:0:0,64fe17c64b1ee91535dbb12cc2273fd5:0:0,b1fa0cc1f87d6093e460ad85c4c550a4:0:0,06d82e87427aaae897adb1899a74a146:0:1220202375,50d74d9195c3b8423476333e0a471fd4:0:1249470026
690,B,290,-0.021762464195489883,0.8498889207839966,-0.029611125588417053,1.201740026473999,1024,512,-0.029611125588417053,1.201740026473999,stage1_rows,512,0,0.016651973128318787,0.04522209498099983,-0.0026882536680204795,0.36122819855809213,0.3016962610417977,ae56ba588d157099abf20508a5986167:0:0,23c61ed40a0ff359b74cf19c25392ebb:0:0,08ad1e07e8c736d7d9caf8fe6cb3cdd9:0:0,4e494396eba926b4bc8cae2b47fa6246:0:1755209304,48e8235254ff07d25887991332f8a912:1:3954181147
691,B,291,0.015954874455928802,0.8624507188796997,0.018502892926335335,1.2195860147476196,1024,512,0.018502892926335335,1.2195860147476196,stage1_rows,512,0,0.004277721047401428,0.04568411379586905,0.0006578828062629328,0.3721237048506737,0.30170503503177315,d4b88bc8102f3845fdd97773c891f967:0:0,ca3ac4f282522906c6a2fb6ccbbfb05f:0:0,9bf643e6f5977e2199bffc533dfc54ea:0:0,6e0d54dc22b64c1dbc0e18d6063c2346:0:2437802874,b28e1ad4bb8b1ccf38f9094a85f8e948:1:971237183
692,B,292,-0.02195304073393345,0.8030676245689392,-0.055261313915252686,1.134633183479309,1024,512,-0.055261313915252686,1.134633183479309,stage1_rows,512,0,0.010700933635234833,0.07348347788210959,-0.0035329712351085617,0.322141245752573,0.30163321702275425,dcc4c5e9812675a09babe1a8888b9167:0:0,dae8d10ec13b31d92e9cd6e491b82f62:0:0,522b4b47ff4d6190f45273ab5d358c40:0:0,1d61a6a34aa3e6a246d920b7e539e446:0:3367465228,250a7ab158badbfec141295e1c4ee764:0:1299326377
693,B,293,0.0073138754814863205,0.8011601567268372,0.007320774719119072,1.1329165697097778,1024,512,0.007320774719119072,1.1329165697097778,stage1_rows,512,0,0.00603084871545434,0.06770160831511021,0.003511120854818728,0.32101441621780397,0.3022845929954201,6e322b58a92b539734615606e5852967:0:0,1809e749a70af48ace16ece9b3768b69:0:0,205305af99c563632146cee13cdddaff:0:0,4e3edc1beaf1e5327fc638bef4f3a546:0:1208911423,33e43fe3339c397a4b69be6717f29357:0:2732034264
694,B,294,-0.03125988692045212,0.833657443523407,-0.06732732057571411,1.177772045135498,1024,512,-0.06732732057571411,1.177772045135498,stage1_rows,512,0,0.017067991197109222,0.10428113627713173,-0.0014111095922999084,0.3471308879554272,0.3025716849952005,96d6a1173ce19fcebfe5e6eedf7ec167:0:0,d4a7e32c7365d73e890caee37665dec5:0:0,ce3fc142bb6c564252a48693b816bbbd:0:0,013f6f0d29b348e59fe0179945696646:0:2665445524,2551ae2bfcfe8f35e5aa76c674417bb2:0:1138785772
695,B,295,0.08789081871509552,0.8813788890838623,0.1664213240146637,1.2414002418518066,1024,512,0.1664213240146637,1.2414002418518066,stage1_rows,512,0,0.005060866009443998,0.061171360709704456,0.003109080929425545,0.38678194880485534,0.30185574700590223,ef382e25c215a19cff19a6c076785967:0:0,eb36b421581d5e0fcdccd495ad527c6d:0:0,edfc1c353bed4dd2b892adf43f2145ed:0:0,f7429f230b4e6ab75664b7b4e69b2746:0:154223807,3330c7b37c85b85ba1ff98d00af5bf23:0:2005478645
696,B,296,-0.03879130631685257,0.8318212628364563,-0.07291382551193237,1.1752859354019165,1024,512,-0.07291382551193237,1.1752859354019165,stage1_rows,512,0,0.008960355073213577,0.06124075467232615,0.003557392809307203,0.3457189179956913,0.30218528996920213,b37680fd3e5ec101fbd0a7dbaa71f167:0:0,ba55fe2aa502d7b0edf46af0f46ad217:0:0,ff25ac100860e7d753745a6e29abe5d2:0:0,e5eb874f3b0a2a5ce4c6573fe888e846:0:2531801193,2cf29a0c201c883386d3a0de7709a449:0:2404729895
697,B,297,0.04375453293323517,0.824126660823822,0.0848846510052681,1.1639372110366821,1024,512,0.0848846510052681,1.1639372110366821,stage1_rows,512,0,0.000675983726978302,0.11088475110009313,-0.0013672530360054225,0.3392217069864273,0.3025109409936704,30e66a3854affda188d2fca07b6b8967:0:0,36a39ac821007df14a3509bf933fe0dd:0:0,116fbb5c609e4e972c575d0ca436fe29:0:0,88d6cac14e3d5841f6ac78285b32a946:0:1162083393,92d0b60d35143e8783f9714cfe4fae62:0:481671438
698,B,298,-0.032028015702962875,0.8588597774505615,-0.06626855581998825,1.2135531902313232,1024,512,-0.06626855581998825,1.2135531902313232,stage1_rows,512,0,0.009674948640167713,0.07096209899755195,-0.0017066232918296008,0.3685095377266407,0.307201832998544,d8589afa77d635bcc1dcb76ee9652167:0:0,b13fe0b7e5819fbab17bbb0bb8a6ad6c:0:0,d381b853d1d9ebf7653f44f3afec81f6:0:0,2d5ac2d5e3a96cbd35f4e01c4e986a46:0:3747812804,8a59356cf2f9d00126a26819103a5233:1:2024857740
699,B,299,-0.07272209972143173,0.8223554491996765,-0.13363823294639587,1.1596899032592773,1024,512,-0.13363823294639587,1.1596899032592773,stage1_rows,512,0,0.00012556568253785372,0.0852351339184679,-0.00217958758585155,0.3373142406344414,0.3080919389612973,9a3cd4e3d7e43d2b8b9deaa6f45eb967:0:0,98de62e9446bba265a99eb346897a5b7:0:0,7ec7ffb5cb807ffa3881f910ba7682f8:0:0,5a6302c5b13d5e8c9ab49889d2ba2b46:0:500640515,ff28cad5f55bce79985e1b604cf98869:1:3471680363
700,B,300,0.04558517038822174,0.8266827464103699,0.09377232193946838,1.1670141220092773,1024,512,0.09377232193946838,1.1670141220092773,stage1_rows,512,0,0.00081927131395787,0.03317115465179086,0.0016628450248390436,0.340970179438591,0.3130162329762243,eca298a0b08cc45613baa8a89c585167:0:0,3d5f885fa972bef90c974112a7254c82:0:0,2bbba4f257c292c00072fb72ab642db9:0:0,cef3339184312aa97738ee9ef797ec46:0:2074209908,3307a26349b6b1bdd2fb284f1e4b46e0:1:1977491400
701,B,301,0.014701923355460167,0.8490222096443176,0.022855257615447044,1.2005412578582764,1024,512,0.022855257615447044,1.2005412578582764,stage1_rows,512,0,0.008186244405806065,0.07915202102158218,0.004406967039540177,0.3604963317513466,0.3034258150146343,fb803f629e6a0f2e50cb03d3e151e967:0:0,d857273b856aeecfc89808c5dca85901:0:0,bb507a28b6a415a57ba2238a9863dcfd:0:0,de4799626a1e5f8440087349cd31ad46:0:2681493326,b266963c2d0eea2059c71c2cf529f332:0:2702017137
702,B,302,0.009866934269666672,0.8327735066413879,0.023422222584486008,1.1774799823760986,1024,512,0.023422222584486008,1.1774799823760986,stage1_rows,512,0,0.012508684769272804,0.11914888467872516,0.004285934363724664,0.34676860794425013,0.3089307220070623,09a94ad2a1337c29825b0e88c34b8167:0:0,ef7e054d71ef0facf06fb7df78d311dd:0:0,650711737d284ccf4543a720576d4957:0:0,bb09f211ad6dbdb80fe3fb3863876e46:0:614939563,e70c8791f0d648fdc5f7cddac5f1571b:1:2107975066
703,B,303,-0.03674331679940224,0.825630784034729,-0.07669238746166229,1.1661570072174072,1024,512,-0.07669238746166229,1.1661570072174072,stage1_rows,512,0,0.002877932507544756,0.14303923498373478,0.0037395363207906483,0.34038194790482523,0.3075498000252992,f474964a70e0db39b0eadb2742451967:0:0,2a97171dea867eefe0aee964283a174f:0:0,43ce0104685f570fd43571b4c8a4ef29:0:0,2684c9870425c045e7c79ed8ca992f46:0:2178982315,8373f4c33963af91f3580a76ce9beccb:0:4160242522
704,B,304,-0.036390263587236404,0.8057936429977417,-0.0811934620141983,1.1376969814300537,1024,512,-0.0811934620141983,1.1376969814300537,stage1_rows,512,0,0.006659814156591892,0.029920374497305603,0.0011228723800741137,0.32405450865626334,0.3032032990013249,1d42f363cbbb94c72dee7c0f5e3eb167:0:0,d7c6791c0ff5f144536b9f036370ec47:0:0,d350476c03e3d3636efea4cb6102ff8e:0:0,03f8ead045d99e67aaebba591266f046:0:2836615305,7c86c296b419c8fc175aa3153c4368da:1:280313932
705,B,305,0.053689248859882355,0.8200539350509644,0.1187889501452446,1.1559804677963257,1024,512,0.1187889501452446,1.1559804677963257,stage1_rows,512,0,0.0009117863373830914,0.09511249409988523,0.0037448564435180742,0.33478531464934347,0.3020921849529259,b2de9b2c635da0aa13ce03a117384967:0:0,4a3700bff2230da36d193bfd8d4f6052:0:0,1cc12d591b6fac3b1247e16d3f98d41b:0:0,a9c15b01342c190ad6c5eda74af0b146:0:2845816618,cc8c85cc5d29c33be4a9043d23279b50:1:2956865473
706,B,306,0.004530815407633781,0.854964017868042,0.006505200639367104,1.2090106010437012,1024,512,0.006505200639367104,1.2090106010437012,stage1_rows,512,0,0.008012019097805023,0.09924897705204785,-0.005440995937897241,0.3655815370380878,0.30286007502581924,710bbc8d0e9e4d23c5e5843c6d31e167:0:0,35ae2acc2d32b32dcb9b0e5b961f92ee:0:0,76364460630ce6886c7ec95e86b138aa:0:0,13c97bc7590d2602f70a1c7184367246:0:1313617531,ad7a9975bb65c5d70eba5d559ec456c2:0:2214900786
707,B,307,-0.02952127531170845,0.8648369908332825,-0.05600559711456299,1.2223801612854004,1024,512,-0.05600559711456299,1.2223801612854004,stage1_rows,512,0,0.021165618672966957,0.03373862910084426,0.0011649795807898045,0.3739039063453674,0.30253182898741215,6e9a4fb2e66cd5d870851041602b7967:0:0,acdc5aaa43dfef8200ec8c357748908b:0:0,ea325104cb5b1ed13973ed5220b2ec88:0:0,9633cde9b68d4b03d5ab6e25ce383346:0:1673898946,fd7d41c410ec046eb08fe936753d8811:0:2615497188
708,B,308,0.054498638957738876,0.8366438746452332,0.09898029267787933,1.1814258098602295,1024,512,0.09898029267787933,1.1814258098602295,stage1_rows,512,0,0.0012632837751880288,0.06708740897011012,0.0019272174453362823,0.3494471676647663,0.3022120799869299,79d93588f398cac888f0ba0ff0251167:0:0,ff5ad77be0f64664c2a8fac005f59f1c:0:0,9336de91167914a03210e39c1608dd84:0:0,60199e61fdd53a7366dd4df238f5f446:0:550384902,d0bc4cc2bf15db6bd63c014f889caf28:1:81318776
709,B,309,-0.0432361364364624,0.8247469067573547,-0.09362811595201492,1.1641037464141846,1024,512,-0.09362811595201492,1.1641037464141846,stage1_rows,512,0,0.001884128083474934,0.1655626088497229,0.00538647769135423,0.3392935611307621,0.30166946799727157,d07289911388474a4d6094081d1ea967:0:0,90eb1b0aa7aaea5bbb361c9ec296945a:0:0,c80397bc85fe748237f7fd649cc6814f:0:0,efe612193d84042371146ac4d46fb546:0:3729726397,e2da48e2df8bf6b40ea829e78f013c69:1:1918960976
710,B,310,0.057755596935749054,0.8837116360664368,0.10631626844406128,1.2477537393569946,1024,512,0.10631626844406128,1.2477537393569946,stage1_rows,512,0,2.8637005016207695e-06,0.07211330105783417,-0.002951409577508457,0.38996625393629075,0.3013981379917823,b278ebaab9dbf9034500b089e7184167:0:0,cd6c779280655924093da71940547478:0:0,bae97a36dfa563cda2be941091e3a258:0:0,8250f3507369ec02f107b74bb0a57646:0:3284965956,351626f72ce32a04fe5e9d346a7c7112:1:3635829317
711,B,311,-0.04355007782578468,0.8469958901405334,-0.07154794037342072,1.1970858573913574,1024,512,-0.07154794037342072,1.1970858573913574,stage1_rows,512,0,6.370909977704287e-05,0.03616368294460699,0.0018907609935922664,0.3585283517837524,0.3025849770056084,68c566963500f6e1bff121f54e11d967:0:0,28788051f7b6aac66541b8b51de4d06a:0:0,39b531cfb81391a9356775b9785c66af:0:0,a5f4d71a2a49b8d739b169f4dd973746:0:2004610887,00e8f822699b23ca363a8b802f095ba7:1:919761826
712,B,312,-0.014024022966623306,0.8265005946159363,-0.023445311933755875,1.1686757802963257,1024,512,-0.023445311933755875,1.1686757802963257,stage1_rows,512,0,0.0030541589949280024,0.12777326421346516,0.0030413802771363406,0.34166571535170076,0.3049645669525489,d4b577431bb068165745faaa520b7167:0:0,eab541e6afafeaa78649f52b0e7acfee:0:0,405976c399869c79105541af60ae71d9:0:0,ed6c37c149fe0d0cd04ffcee6b44f846:0:2759419364,8a63f238e4b517602b782e21c2910039:1:1233716694
713,B,313,0.03116798587143421,0.8522112965583801,0.07684148848056793,1.2033863067626953,1024,512,0.07684148848056793,1.2033863067626953,stage1_rows,512,0,0.018588338047266006,0.0850969459163025,0.0008528166566975415,0.3624730832874775,0.3095404769992456,82e09838895cfb0d6d074d08f3050967:0:0,358407defee4939657cb42953ffe6a9f:0:0,dc298aa454b019c057ff1dafea17c5e6:0:0,240399467f141bb004672e2669aeb946:0:2064659035,f92af381e6c8de1778a72a56424f31e6:0:104294238
714,B,314,-0.015957482159137726,0.8105184435844421,-0.029373489320278168,1.1460069417953491,1024,512,-0.029373489320278168,1.1460069417953491,stage1_rows,512,0,0.003043670207262039,0.06711619198322297,-0.002851700724568218,0.32857251539826393,0.3081519639817998,837c93a5cf8e2c68ac312b7130fea167:0:0,d84cbe9ae2c4382f309f6aaa38893007:0:0,aa20594774651a2aaa5e497d2e580d56:0:0,f21365fd1ea0cb9d43c0ff4ae8d47a46:0:490318719,fc9a3ac23dc0168070ae9eeea5656b0d:1:409552985
715,B,315,-0.040409334003925323,0.8158518075942993,-0.09601728618144989,1.1510125398635864,1024,512,-0.09601728618144989,1.1510125398635864,stage1_rows,512,0,0.01729041337966919,0.0817743590567261,0.003202886157669127,0.33195265382528305,0.3108447130070999,f9dfbdea42295df888b3a8430bf83967:0:0,ea14869b3c290395d49ce82b03abcc43:0:0,d605e0932595a79150891e7098e2fb5e:0:0,c7e0a97e2bc91af92a6eb5c9f8b63b46:0:240904639,e3a3518ce9809b57baddff1cae040edb:0:2125369415
716,B,316,0.05724768340587616,0.8534128665924072,0.1196260154247284,1.2035850286483765,1024,512,0.1196260154247284,1.2035850286483765,stage1_rows,512,0,0.0015999648021534085,0.0259920614073053,0.00206835224526003,0.3628498464822769,0.3095948619884439,68e019a2c4a8bdb5bf72d5de83f1d167:0:0,85b2e942b33d5f01fdc9fb6502468d63:0:0,5ec401816db8d20bab57e6467471af89:0:0,5353f660262a55004ec9dad1a953fc46:0:2593415641,87895b137893f7fdc4c458a07533cf57:0:2261785685
717,B,317,-0.03252655267715454,0.8149852752685547,-0.06495435535907745,1.1515694856643677,1024,512,-0.06495435535907745,1.1515694856643677,stage1_rows,512,0,0.008686834946274757,0.0884592033806257,-0.0008106132940156385,0.3317630529403687,0.3038910930044949,3bb6458bbe3ffcbad646c6a398eb6967:0:0,96cf36fb5758e8381149fc2d1d933eec:0:0,e9681fec0a4d364a5814dbebaaffcbd6:0:0,dd7b76208b026c3ec9753b500aadbd46:0:479912195,aa13ab7232138bcd7464f69d23796f09:1:2076465849
718,B,318,-0.0007202811539173126,0.827118456363678,0.006741628050804138,1.169588327407837,1024,512,0.006741628050804138,1.169588327407837,stage1_rows,512,0,0.003354370594024658,0.06790273649385199,0.0004123309510760009,0.3421749100089073,0.3117389029939659,ea8af3c61aeed63d9bfb8cf24ae50167:0:0,19a0afb70fd573902bd07238945e36c2:0:0,1d4e1486b00b508490681a6ff458a97b:0:0,00b0512c76ac8b3f795de7f32cc37e46:0:2045621983,ca7228d6a19d3e5bf684a80489c83bc6:0:2687797781
719,B,319,0.014424262568354607,0.8496487140655518,0.019662249833345413,1.201480746269226,1024,512,0.019662249833345413,1.201480746269226,stage1_rows,512,0,0.005404119845479727,0.08121214198181406,0.0026159551576711237,0.3610635459423065,0.3119359409902245,5eed894dff816688a8513b2a99de9967:0:0,f11f3924b1f626ce5d3792c6b18ba724:0:0,0325a628b474210dc9c25762e7bf8863:0:0,d39645b498b9adc303bc35291f953f46:0:2802440306,712cf6ab05af636b4908c9d719a15302:1:3236103827
720,B,320,-0.002213064581155777,0.801781415939331,-0.00435875728726387,1.133800745010376,1024,512,-0.00435875728726387,1.133800745010376,stage1_rows,512,0,0.005605945363640785,0.06167130803223699,-0.003830178649513982,0.3215109951794147,0.3212882680236362,e72263b1d67e51f4dbfbe3ac85d83167:0:0,b5bac79565be7cd1153cbeaeb1e4724f:0:0,ea86e6f8079326fe71f322ac1f61a24d:0:0,f43a75b1b2a0d48e9014bb1ff3230046:0:561411442,d46a54caf43d48f5e36168ca5c0f0ada:0:1507853633
721,B,321,0.0098034692928195,0.8334158658981323,0.013235826976597309,1.1785244941711426,1024,512,0.013235826976597309,1.1785244941711426,stage1_rows,512,0,0.006660872139036655,0.125391436368227,-0.008924114110413939,0.34739757254719733,0.31043880397919565,177f22585c02bbe2e0a398d80ed1c967:0:0,5eea3346e86e64a2587dc635b4403412:0:0,aa8eab734e7ec812183c48440294b333:0:0,713e4dee1fb625e2403955c5b76cc146:0:2377009731,4450e164ab385be00a7969525a9ab834:1:1911170836
722,B,322,0.009282471612095833,0.8293941020965576,0.016100715845823288,1.1728200912475586,1024,512,0.016100715845823288,1.1728200912475586,stage1_rows,512,0,0.001878912909887731,0.09452332926448434,-0.000832101475680247,0.34401884600520133,0.30294661299558356,6eeb2fe44e8c0db4a8e46d0d34cb6167:0:0,ab1bf952789ab99de6c82dd9d9a1499a:0:0,c11c6cde4a7907c280dd358984b8f73a:0:0,bc9d17ca6ccc0ca7644a24c87c728246:0:1711546749,c77267d085263fe94e700ebc9c8f9427:0:884346068
723,B,323,-0.006121279671788216,0.810690701007843,-0.02062130719423294,1.1462295055389404,1024,512,-0.02062130719423294,1.1462295055389404,stage1_rows,512,0,0.0002227016957476735,0.0660058640409261,0.004667009622789919,0.32858789525926113,0.3048742639948614,6f12a7846aaf8dc6f04e72abf7c4f967:0:0,10e415cadc1406603fbe6e58c3f90d9d:0:0,0ccb995667d65bb0992cbac5f3830f87:0:0,cecc8c82ce9528666ab68b9652344346:0:1088590740,9bbff365d2544097c0628b54e686d656:0:3302181467
724,B,324,-0.0011396510526537895,0.8367515802383423,-0.008787817321717739,1.1832141876220703,1024,512,-0.008787817321717739,1.1832141876220703,stage1_rows,512,0,0.013515555299818516,0.15070447612088173,0.007146579926484264,0.35020621344447134,0.3093826060066931,19e9913e57bfc66abb65bc1457be9167:0:0,e04af24e367f82ee2f6919e2b01d1529:0:0,e3fc9c0042817891400400403387a285:0:0,9b46e9b54f91a0148c3e315d48b20446:0:2686226065,748313750872643db3fb0c05358ef9e4:1:4024757966
725,B,325,-0.025735661387443542,0.837652325630188,-0.041934020817279816,1.1843125820159912,1024,512,-0.041934020817279816,1.1843125820159912,stage1_rows,512,0,0.00048339576460421085,0.02517801922513172,0.0015225767281663138,0.35086438432335854,0.327679337002337,6cc54f832b5fbcded7a25ba654b82967:0:0,1e52cb016317cbe6bea4d8b9b65d51cc:0:0,8c96d98ff6da2db9ddf2808d3cc92911:0:0,4539f288d90629c933f2010b6febc546:0:4131896165,33f1e70ffca7bb762baf55169eb5cb34:1:69305835
726,B,326,0.03674175217747688,0.8404901623725891,0.07169926166534424,1.1875253915786743,1024,512,0.07169926166534424,1.1875253915786743,stage1_rows,512,0,0.0011813107412308455,0.03654100036947057,-0.0011807218717876822,0.3531034901738167,0.35452311497647315,7d91f79c2a03f8495b7063c1eeb1c167:0:0,e8736cc63e7fa0525ec28abf3cbc5a79:0:0,6be7c2210e4f8e79e54b30c1a30865c4:0:0,beda65d7c62ed96b2335294ed7e18646:0:2570199966,29003ca47daf0b58ad39b0455c0e1110:1:2451639907
727,B,327,-0.031416378915309906,0.8197374939918518,-0.030180370435118675,1.1591784954071045,1024,512,-0.030180370435118675,1.1591784954071045,stage1_rows,512,0,0.003857946954667568,0.0373653867165558,0.0003198024875018746,0.3363547302782536,0.32528946100501344,50812dbe6a6158b1262fe6c725ab5967:0:0,357a545303aba1902bcbfa1484a97e28:0:0,b4c34a1a9972b6f5082ef769cfecf8a8:0:0,aca53ee17d93886551be1c9590934746:0:1318952985,f126d009b4f78f488b619ebd51c6c9a4:1:2759125838
728,B,328,0.026878174394369125,0.8252092599868774,0.028363104909658432,1.1669394969940186,1024,512,0.028363104909658432,1.1669394969940186,stage1_rows,512,0,0.004831957630813122,0.06846494940109552,0.002598950835817959,0.3406152009963989,0.3154056470375508,53fffcd401c9bdf76034f715f9a4f167:0:0,7ec4792525a2b64a76f1ca1ae2eddfde:0:0,011897dede5c7143459dce7381bc9b55:0:0,1a8c22019a1768738997910daa010846:0:3595333324,33e613702e47a84ebdf7724929ed8724:1:4138262806
729,B,329,-0.030812624841928482,0.8422377109527588,-0.05261141434311867,1.1906304359436035,1024,512,-0.05261141434311867,1.1906304359436035,stage1_rows,512,0,0.008427185006439686,0.15318823060952128,0.0023357386293355376,0.35462618842720983,0.30694850196596235,adc901495f767ed0fac7a70e6a9e8967:0:0,ab1a961033bff454fd0051b65221c2f9:0:0,a621ebd597ef4376eef86259ebb0711a:0:0,1043407c7c111396bf2180a5342ac946:0:183905293,d8260fa120b13963525992610468c58a:0:4269211795
730,B,330,0.02288057468831539,0.8375224471092224,0.050337500870227814,1.1837254762649536,1024,512,0.050337500870227814,1.1837254762649536,stage1_rows,512,0,0.02201949805021286,0.15510061532258987,0.006277187023079023,0.3506027437746525,0.3155045799794607,26881d6d7cc0afc03024091078982167:0:0,33f47de42c3bda5156b61f6c586562f6:0:0,b2c4a885c7aba97e851b6d11881e5118:0:0,75b57454aa6c2b412512290a3f108a46:0:2883913786,91c972d03deb72f5a66a694368a1a268:0:894741769
731,B,331,0.020666301250457764,0.8374230265617371,0.0446489155292511,1.1837263107299805,1024,512,0.0446489155292511,1.1837263107299805,stage1_rows,512,0,0.009376978501677513,0.06514310245402158,-0.002381827449426055,0.35049989372491835,0.31062264600768685,89bccd3388473a0e037a2f7c2391b967:0:0,98913871f73f9131e5e46776079ebecb:0:0,4a8fa803528746a863280f9e77beeffb:0:0,144e160e3c8958c9fc770baadab24b46:0:2135017709,eddcdc80feae4969c0c15cd0b7c91776:1:2746223113
732,B,332,-0.013868083246052265,0.8439820408821106,-0.025772757828235626,1.193381905555725,1024,512,-0.025772757828235626,1.193381905555725,stage1_rows,512,0,0.001532192574813962,0.07944962913170457,0.001961719151586294,0.35623335987329485,0.3084309049881995,bd580e64b202c2c3c0ee2cb16b8b5167:0:0,b6ed0ad33ef6f4761416123a2746992a:0:0,f6bfd911d3e8fd67636593fa04de9cad:0:0,058be9019745413920b5edb517100c46:0:2459894362,0d02f962c8f0bcfd70a2d0a9efdf49c3:1:3484681529
733,B,333,-0.01608320325613022,0.8298083543777466,-0.01874852180480957,1.1734403371810913,1024,512,-0.01874852180480957,1.1734403371810913,stage1_rows,512,0,0.000558995408937335,0.0596726649790071,-0.002250899163482245,0.3443985290825367,0.30887003598036245,a7fab190be4761a47d9813105084e967:0:0,fc66a2ce62509f667ed53130f213f863:0:0,b8fe84acdc222f26d1444029c8dd2f9c:0:0,fc204e211a42be7a4f8dd8170429cd46:0:1734028396,269373980c3ed54f717f3fac47b73516:0:749467174
734,B,334,-0.02558794990181923,0.8138382434844971,-0.051284149289131165,1.1502805948257446,1024,512,-0.051284149289131165,1.1502805948257446,stage1_rows,512,0,0.01549998763948679,0.14571594917215408,0.006243568492936902,0.3310955218970776,0.31135686801280826,35b8c74c05b428269783f4f8d27e8167:0:0,babe9c968b1f9fcc7763779cf37283f9:0:0,e9cbdd19080e5789f537d1bb7171b59b:0:0,6022a799ee4870082d18177eb1ff8e46:0:3086896717,c5dd5adde28bad85568cee90c16e4495:1:3659960818
735,B,335,0.0406639389693737,0.868567168712616,0.08131790906190872,1.2269113063812256,1024,512,0.08131790906190872,1.2269113063812256,stage1_rows,512,0,3.7643942050635815e-05,0.08706707204692066,0.004153252381365746,0.37684026584029195,0.305956848023925,69debc898810786d35b1e4caf1781967:0:0,ff666aec8caf26261a32d9451bb1d7cd:0:0,2f7c8d3e4312cc7ec0a4dca054491d86:0:0,8e38783afa35751f03c93c5a30914f46:0:424970059,de2155d3c5d54ebd7ba9abb257b69341:1:301777700
736,B,336,0.004153462126851082,0.8361244201660156,-0.0027616508305072784,1.1823396682739258,1024,512,-0.0027616508305072784,1.1823396682739258,stage1_rows,512,0,0.0001494793687015772,0.026268083392642437,0.002457892877282575,0.3495971612632275,0.3124895739601925,7064981fb8172c41c815f4e6ad71b167:0:0,84c2113d00b7b782b4f1d47eb1ed4bfd:0:0,b522196ec421387e7060d869b4d23464:0:0,b6945eca19c4e28740721ad78fdf1046:0:552382687,86c9048e43ca1a773379529b54f7f760:0:2342450827
737,B,337,-0.0071791247464716434,0.8305603265762329,-0.0227899681776762,1.174304485321045,1024,512,-0.0227899681776762,1.174304485321045,stage1_rows,512,0,0.015366359613835812,0.13588648290606214,-0.008149566256906837,0.34496353268623353,0.31625673500820994,0b83aac6a62f8c0d879837ac066b4967:0:0,5481181d05ac903548eced95065eb764:0:0,2bd4b498fdb3c97025af3f8cd13c2125:0:0,b4a3b623080b4607aa40cae4dfe8d146:0:3862871836,411d15d4936bcd20ec9ec3f21c6f9ea5:0:1401269635
738,B,338,0.02179001085460186,0.8258165121078491,0.03897322341799736,1.1675204038619995,1024,512,0.03897322341799736,1.1675204038619995,stage1_rows,512,0,0.0013165473937988281,0.08776291906833648,0.001590833079535514,0.3409723937511444,0.30853999697137624,8942e21e301415d2f614bf7afc64e167:0:0,0e3dc184b365be56ffd50118e8b1220b:0:0,23da447079c52f06e52f8d109cff013f:0:0,8fed8de1074d498f56c1a83030ae9246:0:654080889,5f136db8aed915b3a5d624c78df13945:0:1348070901
739,B,339,0.009707401506602764,0.8517129421234131,0.018817264586687088,1.20436429977417,1024,512,0.018817264586687088,1.20436429977417,stage1_rows,512,0,0.0030781046953052282,0.11294472164008766,-0.0025374773889780045,0.36279901266098025,0.31276734097627923,a1c5ce8adb6714275e5b9eb38f5e7967:0:0,ec524a9434002af476e00da17f608087:0:0,88473eb3acc941ffe0b1ce570d28a5a7:0:0,0dfd1b282882482759e0522792305346:0:713271585,a3c8da922ac53d9f4ef9ceea112f881a:0:2017192629
740,B,340,-0.023372754454612732,0.8289951682090759,-0.048994068056344986,1.1717424392700195,1024,512,-0.048994068056344986,1.1717424392700195,stage1_rows,512,0,0.004241333343088627,0.04549812792101875,0.001481107561266981,0.3434336319565773,0.3079559100442566,39ba4af80135052c5430e7b5bf581167:0:0,08003031eac97ebe3c5d5a41dc7e1c2c:0:0,e2f3ff2a4f6885dcd9449100e4c53078:0:0,f322fca12e8966bc31e8abf9146e1446:0:749041027,1da0415dd4186fcf5dc311ffdddca00c:1:2256586401
741,B,341,-0.024406632408499718,0.7928488254547119,-0.045937035232782364,1.1207752227783203,1024,512,-0.045937035232782364,1.1207752227783203,stage1_rows,512,0,0.008272519335150719,0.08792846201686189,-0.0020797408826183526,0.3143036350607872,0.3095423060003668,046894cdf064d189344cace18c51a967:0:0,2eb5578ed67504d83dd4e9b391d38171:0:0,2f50dab931daeb497d6c0f8adf5f3dc5:0:0,c207169f63cb82ceef87dc92c767d546:0:3389891756,31624cf304d682602bf244ec80c66a4d:0:2194778368
742,B,342,0.10748778283596039,0.8784754872322083,0.2333957850933075,1.2294642925262451,1024,512,0.2333957850933075,1.2294642925262451,stage1_rows,512,0,0.0018231227295473218,0.05954080568626523,0.003491670291987248,0.3804720871150494,0.30917817301815376,66a981aaad15d364a45b0096f64b4167:0:0,c940a7eca9745b8945ec459e8aacdb3e:0:0,264a5e7acca1045c6d3496b6b6d22733:0:0,f889d36e54b8091e19cd4ea2bb1d9646:0:2232579891,af6ff4fc1b2b5bb75820641824572553:0:478670735
743,B,343,-0.09114579111337662,0.846153736114502,-0.17501553893089294,1.1906274557113647,1024,512,-0.17501553893089294,1.1906274557113647,stage1_rows,512,0,0.013745219446718693,0.0548792878864333,0.003513553971424699,0.35606231689453127,0.31227287399815395,c75e5fabf2ebad5e12fbf535fd44d967:0:0,6297376c1057c8714d51d330dfcaf9b2:0:0,0bf3f751fc6c1dee32064037dafdea35:0:0,999eb6aa3e3e86564e2bb096ff8f5746:0:4077307716,8c54985132f78f46844c0d1e3236c888:0:3759679737
744,B,344,0.025485988706350327,0.8444966673851013,0.05240115523338318,1.193618655204773,1024,512,0.05240115523338318,1.193618655204773,stage1_rows,512,0,0.00024024525191634893,0.036077968555036935,0.004286878522543702,0.35641948133707047,0.31084308796562254,aaf5ec592047f18737c39d1ea13e7167:0:0,29534c316a7f130e69151b6aedf64ce9:0:0,7eb2fae18c0bb5b81c0bf8ed193bba65:0:0,b7e100051d1a83da9c79f49da4bd1846:0:2764426556,801c944d6c88dc29134f8c4c38a00e08:1:1411961377
745,B,345,0.013944121077656746,0.8469493985176086,0.03088568150997162,1.1974554061889648,1024,512,0.03088568150997162,1.1974554061889648,stage1_rows,512,0,0.00432784017175436,0.1026099368231371,0.003077702957671136,0.35867068693041804,0.3095832119579427,8e11ad7bb071985d933a0ab0e2380967:0:0,c93f98d0f9e2379706b25675997067c2:0:0,30b6e7ac644b09a22fa0d706ea91e416:0:0,09a130afa97b02b49ef450a4baa6d946:0:2782222338,9dd520435ce7aab8d250a5a1f9b4c739:1:3310003931
746,B,346,0.03047044202685356,0.8362975120544434,0.06473109126091003,1.181638479232788,1024,512,0.06473109126091003,1.181638479232788,stage1_rows,512,0,0.009134633466601372,0.07282345334533602,0.0017455097491620108,0.3494661569595337,0.31048003799514845,6f7ed674eaaa47c3eedb504cc031a167:0:0,f0f5b6ecbd789e2e2993e3f466907853:0:0,914e122fc91c2cf3092ecf32cc680524:0:0,c48155852a42a6bc4e3d3e5a514c9a46:0:904904071,2309d697b24a4f356e36437b7d4a82bd:0:2286763925
747,B,347,-0.06269830465316772,0.8392258882522583,-0.13001209497451782,1.1829404830932617,1024,512,-0.13001209497451782,1.1829404830932617,stage1_rows,512,0,0.009035774506628513,0.04378531018737704,0.0011941114556975664,0.35059242621064185,0.3117332739639096,5b6dc3df6c3169fbdd1780523b2b3967:0:0,62e21a0e4ec4cec36c70789451be7761:0:0,10c6505e8af284b5466577abe121e95e:0:0,b90dbdceebd16407915e7b2c78ae5b46:0:462048764,71496b7e53482e924ad91459ef225743:1:3332873491
748,B,348,0.0005777915939688683,0.8476685881614685,0.008401995524764061,1.1986711025238037,1024,512,0.008401995524764061,1.1986711025238037,stage1_rows,512,0,1.0280171409249306e-05,0.07119631874375046,0.0013414944784017279,0.35934080854058265,0.30836735502816737,1122f68b3335149f3952ad215324d167:0:0,93e6ede608ec2e919e54fcec7f63a499:0:0,a4f8d7fe87330650f50c14741feb5304:0:0,e3b611b447fc40b189ca084940cc1c46:0:2082077959,04f0df97ee4522bd620d7c364c260a7c:0:3011432912
749,B,349,0.028796155005693436,0.8467671871185303,0.0483560636639595,1.197103500366211,1024,512,0.0483560636639595,1.197103500366211,stage1_rows,512,0,0.005185281857848167,0.1080647821770981,-0.0002387615735642612,0.3586149804294109,0.305871071992442,09445622d0b0bf99a7e4e91a081e6967:0:0,05e85a76d794efed73977211c9c5a0d1:0:0,c6e82556acea97fbacf78abdeaa20e5b:0:0,e2736af28f8b7d099b5b2a9eb9a5dd46:0:675310646,f962db924ea1ec0b4c558bb9aee26af1:0:3571269807
750,B,350,-0.025729171931743622,0.8512884974479675,-0.045349132269620895,1.203510046005249,1024,512,-0.045349132269620895,1.203510046005249,stage1_rows,512,0,3.715045750141144e-06,0.14023306171875446,0.006990906724240631,0.3623664155602455,0.309033174009528,b56563086739cc22161a469c5a180167:0:0,5d0cc03c1aa7471a496437f552f315a3:0:0,9d49a2f9ac0a83d241509dea9d5f9116:0:0,100d1500c94b343a30576adaf33b9e46:0:3255150589,d7c310cff1153351c721f808525e3535:1:390479130
751,B,351,0.01869015581905842,0.8253042697906494,0.04266172647476196,1.1665828227996826,1024,512,0.04266172647476196,1.1665828227996826,stage1_rows,512,0,0.006925535853952169,0.12194296569796279,0.001932164211757481,0.3404601484537125,0.3137372310156934,c98cde391cb9dbb43a32d80849119967:0:0,f0dff84678f6741779aefec6c7b34348:0:0,be6fb27cf343420e7c8fcbd8909b9907:0:0,4e4eee0a1f6e4777396f956bfd8d5f46:0:1661349604,f5421823f6a858d00d32787f1617391c:1:3280143079
752,B,352,-0.05347052216529846,0.8375415802001953,-0.09416097402572632,1.1829830408096313,1024,512,-0.09416097402572632,1.1829830408096313,stage1_rows,512,0,0.01596822775900364,0.0792639704188332,0.0015021974642877467,0.35030497759580614,0.31075603602221236,be1e4d45a516f70a1362afbdd50b3167:0:0,180a8a702f5492ed630c29e64becf30d:0:0,db8b0ab88c231693bb1db4d4175f9159:0:0,8e9816eaf9b725c469c0ba7fe89b2046:0:2720366768,c7393a852cbe52e2d8f979c7bd12220f:1:564218070
753,B,353,0.10393831878900528,0.8595791459083557,0.21569672226905823,1.2052428722381592,1024,512,0.21569672226905823,1.2052428722381592,stage1_rows,512,0,0.003865324892103672,0.012285586912184954,0.00150053201650735,0.3656023725867271,0.3126621409901418,7bd99fae8bc9851569d1e01cfe04c967:0:0,57cfb3f0d2a777297f17205b06580fdf:0:0,9a3f327e91dae33a078926775b0caa6a:0:0,be9ad454298dc2632ed52e04c464e146:0:4104248274,345c7668e69c4d5a1e34a3e958380e28:1:462508870
754,B,354,-0.0863332450389862,0.8126019239425659,-0.16970102488994598,1.1430591344833374,1024,512,-0.16970102488994598,1.1430591344833374,stage1_rows,512,0,0.0033797649666666985,0.029615974193438886,0.000856211595237255,0.32792521491646764,0.3081009660381824,4c831a32e26011f94e9c7b85c3fe6167:0:0,a4656505bb9eb55190233c5b839d8d47:0:0,16683910efb89dc51301ada1cf6a1306:0:0,e819652134ddcbf864a587a8a0eaa246:0:792240741,6c450266c12f8b68f4a4b5bc88cbc839:0:1015573043
755,B,355,0.04142327234148979,0.8414669632911682,0.09694075584411621,1.187355637550354,1024,512,0.09694075584411621,1.187355637550354,stage1_rows,512,0,0.000878254184499383,0.04603237091796473,-0.0013009948132093995,0.35308400392532346,0.30932559102075174,b93d8bdff9f0e6039bd2945826f7f967:0:0,76f299603a5ecfcbd7895ce588bf21d9:0:0,4c149980b750605e5ebde8acb2ed24de:0:0,63376086b54bf679c599a2d98e2c6346:0:1737834406,06af5965819ca121b6d9b417fa38b3fa:0:3627775673
756,B,356,0.025178194046020508,0.8527939915657043,0.05601076781749725,1.2051883935928345,1024,512,0.05601076781749725,1.2051883935928345,stage1_rows,512,0,0.0008134448435157537,0.0731508219614625,-0.000911374212228111,0.36339582279324534,0.30933458800427616,f3b0aff0cd796ca674783cf426f19167:0:0,3f9902f83204e9faaa6900677d04f780:0:0,44314aa6e90e38301d92a4d276b179b6:0:0,bfea38bfeb04e9f316899ec59c2a2446:0:1291120221,4cb2c540652929f27618601d8cf0e14c:1:957859669
757,B,357,-0.040472403168678284,0.8391104936599731,-0.09304406493902206,1.1842700242996216,1024,512,-0.09304406493902206,1.1842700242996216,stage1_rows,512,0,1.3000564649701118e-05,0.08619255188386887,0.0011165264953888255,0.3511099599301815,0.30958301096688956,c0bd7ecbc32b6b71c48587b9c3eb2967:0:0,5313ad1555ac22ac2fbc9c18124b9e1a:0:0,4d4aa12cd46bfb1dfcd6e8ae6b21c61c:0:0,eb32230b0d1c28330ebede5adae3e546:0:1665094773,c8a190abce2519341be160d9ca3c0ff1:1:1008500998
758,B,358,-0.02102470025420189,0.8083020448684692,-0.038537878543138504,1.1427804231643677,1024,512,-0.038537878543138504,1.1427804231643677,stage1_rows,512,0,0.0011145566822960973,0.01866704523563385,0.0011641643359325826,0.32668735459446907,0.31235167500562966,9ac20fad6aa8090cc0e68708fde4c167:0:0,1ff64e251896cf25874a5476ce703c95:0:0,5c456887a5c0a7e0d24755ac9c54a864:0:0,358952ce8d24fb6ffbf508475a59a646:0:3914232802,b456d101fb0e638e4030dad32d17f6f4:1:1586933964
759,B,359,0.00294632650911808,0.8214772343635559,0.016614414751529694,1.161515712738037,1024,512,0.016614414751529694,1.161515712738037,stage1_rows,512,0,0.0047554317861795425,0.020523584587499498,-5.9090513968840244e-05,0.3374247454106808,0.3075553289963864,e6468bcede28a42f677b4d41d4de5967:0:0,91c130ffa1fac77622c657fefa91ada1:0:0,d5bc818d72cf9f5a4d10b57bb8ec7836:0:0,4912aa6a70633ff4225b06f92a8b6746:0:372021970,5225e4aabb239fb6f60c4484fa8148d0:1:762735170
760,B,360,-0.008137006312608719,0.8107986450195312,-0.02105315402150154,1.146437168121338,1024,512,-0.02105315402150154,1.146437168121338,stage1_rows,512,0,0.0006074234843254089,0.0596877658739686,0.00014976713864598424,0.32875218875706197,0.3085121249896474,9e5c93166c957a9bff17ecc448d7f167:0:0,c285551aa67148b99697876ea725c690:0:0,a561cc18eaf73e19865d21211793dbc9:0:0,dd294f3c0ea59ae1d894089e5b792846:0:2056209579,e81544e116e458f711bf9390fbe02564:0:1790303355
761,B,361,0.017300600185990334,0.8204918503761292,0.025204315781593323,1.1602295637130737,1024,512,0.025204315781593323,1.1602295637130737,stage1_rows,512,0,0.004025924485176802,0.008610950317233801,-4.285727336537093e-05,0.3367347538471222,0.30769987602252513,ce0251a1328a2018978477f059d18967:0:0,0169a64b95d8ca7cc156adf6b07e33a7:0:0,d99cb4fc52fcbdd86bd784f22b635bd3:0:0,41648e73f58e701f5fb87f24fd22e946:0:2572754652,f0ca72ca7255bb91c8d0fabee448e5ed:1:2175305545
762,B,362,-0.043204840272665024,0.8148722648620605,-0.0813235193490982,1.1510884761810303,1024,512,-0.0813235193490982,1.1510884761810303,stage1_rows,512,0,0.005064960569143295,0.0602288163616322,0.003380606404971331,0.33171622157096864,0.3095594220212661,817a64b44847c568897d012607cb2167:0:0,793cbf293281684dfe6b45811909764a:0:0,fcf34559314f93a826f81f2e017adbf0:0:0,38c1e4495ec4a97a7757203b1f88aa46:0:217136731,95b733b4fb1c67bddeca03f535b20fea:0:242578242
763,B,363,0.040997497737407684,0.861843466758728,0.06699364632368088,1.2182005643844604,1024,512,0.06699364632368088,1.2182005643844604,stage1_rows,512,0,0.0011212693061679602,0.10194254689849913,-0.002303136870614253,0.3713452868163586,0.3089416840230115,95c18ce42a954f45f6b19ac552c4b967:0:0,449b933e560ae931772b25bae963cebf:0:0,a3c437c322c4f8e52b2474fc63e072ca:0:0,047a7d9098392113ad75e54ed2aa6b46:0:3565669487,4293bab30cb14a5fb022d50e38eb5607:1:475591345
764,B,364,-0.019043635576963425,0.8174861073493958,-0.04129999876022339,1.155604600906372,1024,512,-0.04129999876022339,1.155604600906372,stage1_rows,512,0,0.0007884062360972166,0.15088747502304614,0.007044836925342679,0.33399933353066447,0.3090033170301467,ed1b0a81048d3d5b49c6572e3abe5167:0:0,cb102dbdc63c930c41868d3c7e4c693d:0:0,f4da9d75e17b2a836822dc2164548204:0:0,7811037def6141216a930b8e26882c46:0:665171356,cce481f67f50e06f21ca80b5c6873851:1:3223877434
765,B,365,0.0045286137610673904,0.83519446849823,0.008133171126246452,1.1810661554336548,1024,512,0.008133171126246452,1.1810661554336548,stage1_rows,512,0,0.0013223898131400347,0.057909639761783184,0.002706026461237343,0.34889575093984604,0.3082857829867862,161460968059613cb65348c0bfb7e967:0:0,21d839290d52a81837428eab526b46fc:0:0,a33995c04eb7c5b46f9fa23ef6df8203:0:0,c114c92922fb2b1ab9a613e72b21ed46:0:3670936026,ac26d046524f898dda28923d2be18f5a:0:1332688320
766,B,366,0.003698525484651327,0.8185345530509949,0.007905153557658195,1.1575130224227905,1024,512,0.007905153557658195,1.1575130224227905,stage1_rows,512,0,0.003415639279410243,0.011438638239633292,0.0008739624114241451,0.33511278182268145,0.3090373929589987,5e611a0dc4dc6561b8e481dce1b18167:0:0,a2df236e68d0cc5f0ede813db749c26a:0:0,6475073def491a7da6143f2a6f1e0388:0:0,551b78f212a37859cc20c307f077ae46:0:2796616905,d597a370cd1aab553eca75542d3638b8:1:4004587265
767,B,367,0.04961647465825081,0.8554815649986267,0.09562920033931732,1.2080198526382446,1024,512,0.09562920033931732,1.2080198526382446,stage1_rows,512,0,0.0052380613051354885,0.07005739056039602,-0.003240251645911485,0.36536403000354767,0.3094039100105874,9c870bc04649241e96fa14e2a0ab1967:0:0,fb7f40c6c2a99a1089de2dba6c0a71db:0:0,da70804670e129e36afd5bd3b8bbf963:0:0,57eb23f25838664639f0215e86896f46:0:2286420848,1472c56f956e924f66e820251dbac4f2:0:3952400170
768,B,368,-0.02449415810406208,0.8412323594093323,-0.05196687951683998,1.1889795064926147,1024,512,-0.05196687951683998,1.1889795064926147,stage1_rows,512,0,0.0010262378491461277,0.08927568482467904,-0.00044406274100765585,0.3537901282310486,0.30869726900709793,b2836d8a0fa7ce9ddf081431fca4b167:0:0,9c55e3efb983449fd97540be87e41026:0:0,e872779c47bb1c7aaff71e9320aed731:0:0,071325ecacba0016fd7d7b18fd573046:0:2100768634,12dcf6ef72becdef9e52627462cf8007:0:2294868297
769,B,369,-0.007199475541710854,0.8236985206604004,-0.004376253113150597,1.164807915687561,1024,512,-0.004376253113150597,1.164807915687561,stage1_rows,512,0,0.00021793192718178034,0.12677172815892845,0.004641351476311684,0.33932854533195494,0.3126086799893528,e85903aa2b48e3d9e876922af59e4967:0:0,3ac9f7f5451929c5129cd64a1d1eff02:0:0,f5f23b94505b8d80f209bb9be28bbd5e:0:0,db4fcb66710a983c2baf602564e0f146:0:2192378967,53b78d426265143e92ae2968fb1c6b54:1:2549525521
770,B,370,0.012297515757381916,0.8562506437301636,0.02487996034324169,1.21073579788208,1024,512,0.02487996034324169,1.21073579788208,stage1_rows,512,0,0.0016253635985776782,0.007404801796656102,0.0005498984537553042,0.36661152094602584,0.3065573860076256,bfd770ffd025f79653a1a12d8b97e167:0:0,880c50adb079cebc243e0013f09fe8b0:0:0,63669736a3297b5e93be4cce534057ac:0:0,128e3c856aa6a38067eaa431cd26b246:0:1733708171,0f9851fa6df5d067b77f30cd0d0cdab2:1:3072125990
771,B,371,-0.010362462140619755,0.8420577645301819,0.00036855926737189293,1.1906789541244507,1024,512,0.00036855926737189293,1.1906789541244507,stage1_rows,512,0,0.0010357290739193559,0.03517154776491225,0.0008912843200960197,0.3547053515911102,0.30878668697550893,cae3a9f2fa30495989d95399be917967:0:0,ceb9b306057a901736f7174fb1adeeb9:0:0,0f33eb4df937ea6a58ad139717c2f5da:0:0,bdf51ca7bd1ec7f214135eac46287346:0:2216162925,c3bd3ffe8e55657a80021c9a108e0067:1:593796827
772,B,372,-0.03894834965467453,0.8660946488380432,-0.061742231249809265,1.2243577241897583,1024,512,-0.061742231249809265,1.2243577241897583,stage1_rows,512,0,0.008162600919604301,0.07772714763414115,-0.0011340781347826123,0.3751211389899254,0.3079021269804798,5b195f17138d2b663d61bbcf8e8b1167:0:0,fe521ac19eecc9b4d1f9d7b961c76c52:0:0,3b76e5c88bc7de3d26314aaacee93b37:0:0,77a9e33262d2b1a43c8deac2dfe63446:0:3919851282,5807622de0e0fc61323717de1b0c9247:1:2981665192
773,B,373,-0.0057733505964279175,0.8602616786956787,-0.01214626431465149,1.2164922952651978,1024,512,-0.01214626431465149,1.2164922952651978,stage1_rows,512,0,0.008284404873847961,0.03776861053192988,-0.0011783179361373186,0.37020077705383303,0.31137586396653205,94c515d654c039b4e972ec2efb84a967:0:0,401746234778645ac4ec67e91f1732ad:0:0,e0ffdb8bbd745f811e69e01c5b29e2ba:0:0,9c888c7ee21eff57403fe763aa5ff546:0:982549012,3eb541dabd92c3d3970f2dbf110ce6c9:1:1245008756
774,B,374,-0.019260315224528313,0.8376333713531494,-0.04979131370782852,1.1837390661239624,1024,512,-0.04979131370782852,1.1837390661239624,stage1_rows,512,0,0.001385188545100391,0.06024242793209851,0.0011614112881943583,0.3506119094789028,0.3088607979589142,87f684b481c360ed5238f718057e4167:0:0,69a0def31c25d5dd714ddaab970b3c49:0:0,218af7f07ee1c94f6b6cfce3c1b9e649:0:0,598650dfb7e459193491373cb595b646:0:3351084468,493a1996258675f9e03c968f0e9e7bc1:0:59648577
775,B,375,0.028378866612911224,0.8560425639152527,0.040895529091358185,1.2104350328445435,1024,512,0.040895529091358185,1.2104350328445435,stage1_rows,512,0,0.0006818488473072648,0.12074612171854823,-0.007838565348356497,0.3664901673793793,0.31234521901933476,70c2a7f7aa0cb56004d3eeeaac77d967:0:0,9144c6b416baae3a3eb8ca439d37bb8a:0:0,55cb4bcf43ef909bc4c7872da2ccdc15:0:0,3412121fed0182ee056d00bc11877746:0:2906754040,7ea1da4347567ef54692781fdfbb37f6:0:836407814
776,B,376,-0.002127440180629492,0.8756975531578064,0.010489756241440773,1.2382314205169678,1024,512,0.010489756241440773,1.2382314205169678,stage1_rows,512,0,7.522758096456528e-07,0.04928435205947608,0.0035441752523183824,0.383467935025692,0.31042953400174156,23bce2c5918219ffd757e606f0717167:0:0,1c35ace2dd2b3ea9eaf14c504205dbb1:0:0,c4bc6cfbecf1b5ed260c440850033efc:0:0,5b7db4698a0dfd8f5142ae0fce353846:0:3809944616,1a7e0f4b3c69849e23e05162bc63a8c7:0:1692825976
777,B,377,-0.0015727095305919647,0.849750816822052,0.00950712338089943,1.2015587091445923,1024,512,0.00950712338089943,1.2015587091445923,stage1_rows,512,0,0.00016905751544982195,0.0902964944136329,0.0027315050101606175,0.3611474186182022,0.30630891997134313,f5366004685ab75b68cceeccd16b0967:0:0,8cf8b975a1e2944d79db01e304baaebb:0:0,6f494aae8f47c72b90c1e591b3854123:0:0,d8103cdc1b5687540106ed25fb9ef946:0:1531438979,6db168aab064d02be6f8add054c9766c:0:2511653105
778,B,378,-0.057212889194488525,0.8182803392410278,-0.10070808231830597,1.155525803565979,1024,512,-0.10070808231830597,1.155525803565979,stage1_rows,512,0,0.005928738974034786,0.1316856087069027,0.0042765956372022625,0.3344098351895809,0.3084505339502357,18f2c58d77ee4296a12f1b9c4f64a167:0:0,9a8c62957ac78a49e61e04593b019e25:0:0,bcf53673880ece0926b192836a1a26d3:0:0,ed05050c36d08f4f9c34afaca9c4ba46:0:641029139,8cd173786609bfb0f946a064b28bbeca:1:2593144879
779,B,379,0.03704022243618965,0.8503319025039673,0.07183936983346939,1.2014836072921753,1024,512,0.07183936983346939,1.2014836072921753,stage1_rows,512,0,2.2449647076427937e-05,0.022973473463207484,0.0017941231257282198,0.3612813167273998,0.30759083799785003,8cb92b806a721464316e7ed56a5e3967:0:0,4f082b84047e1d07566ed1a67283c620:0:0,eabc73190b0b9e6afbe59da2f8675e18:0:0,c4da55e2f66d6cb958ce2b11e8a67b46:0:1064931173,0b2ee731d573acf1c97934f23997876b:0:2962617584
780,B,380,0.0522020123898983,0.8246296644210815,0.08491525053977966,1.1652331352233887,1024,512,0.08491525053977966,1.1652331352233887,stage1_rows,512,0,0.001787209534086287,0.027589178655762225,0.0015660758013837039,0.3399128571152687,0.30779485998209566,1a7828c5d3a40fff136f2ad82257d167:0:0,15aa65ad07b9ae112b01b248b85f4796:0:0,a7fddf6ce38fea99c2411b496c66f127:0:0,9b491c9c9ae9ecaae75dd883c8443c46:0:2102048579,d4899ddf556afd22ad8931f9c34f990d:0:90256561
781,B,381,-0.04582313820719719,0.8262417912483215,-0.10006733238697052,1.1658971309661865,1024,512,-0.10006733238697052,1.1658971309661865,stage1_rows,512,0,0.0006915932754054666,0.03422615287126973,0.0005354728578822687,0.3404534235596657,0.3060450610355474,de9ba50fa0635a240a09320477516967:0:0,494f6ca7640aabd7303763f638adc106:0:0,03a4c68364047d938ccc1f8faee9f4ce:0:0,db2608b40dea8846faf774f0589dfd46:0:1173426517,90edbd70612538d381b4f47461a5846f:0:1074269131
782,B,382,-0.021339695900678635,0.8262680172920227,-0.04591381549835205,1.1679491996765137,1024,512,-0.04591381549835205,1.1679491996765137,stage1_rows,512,0,0.0036919517442584038,0.030034546577371656,0.003026037069503218,0.3413935624063015,0.30634404299780726,04b2ffe61336e00b2108a6ba694b0167:0:0,39a8f6c49f7da44c0982fbe0fe1c85fc:0:0,0672880766ad1bb2563d19b384b1ac9c:0:0,f5ce2819bde855578d390105a9b3be46:0:3350808800,f5b30bae072c5cf73fc358e9d01ed355:0:1401068094
783,B,383,0.05232837796211243,0.8282314538955688,0.0910995826125145,1.169952392578125,1024,512,0.0910995826125145,1.169952392578125,stage1_rows,512,0,0.002451422158628702,0.027796123176813126,0.0007540979189798236,0.3426941581070423,0.30616172699956223,179dfb8ff3c1ae612d2d9b59f8449967:0:0,fe9b97d51ee832cdf6d7fb834fd737e6:0:0,2df0580670f4d703b01a3f1782bbbd85:0:0,376006e353268373de4bc131cb857f46:0:3786361182,29042fb6b909b33f118d04bb2a570fa0:1:667820618
784,B,384,0.02614395134150982,0.8177067637443542,0.04622895270586014,1.156011700630188,1024,512,0.04622895270586014,1.156011700630188,stage1_rows,512,0,0.0033488909248262644,0.033728934917598964,-0.002098250976996496,0.3343424446880817,0.30679377098567784,5326b9e4972518414c2c2243243e3167:0:0,4a9923621531ec920d1258adb9099b11:0:0,4a750fd2469ddece5ccc854d862dd1b5:0:0,08967f6b029bf7be30e53da2ce134046:0:236769458,8af2084077b483f78e29ef08169d0a92:0:407528025
785,B,385,-0.05484491586685181,0.8228293061256409,-0.0988423079252243,1.1619292497634888,1024,512,-0.0988423079252243,1.1619292497634888,stage1_rows,512,0,0.006811108440160751,0.04917022541631013,0.00035186714376322925,0.33821412101387976,0.30922553199343383,db36f8566750ae2e64ac4dd5ed37c967:0:0,190ff9c884a99b0f0c0aa5234ed14e49:0:0,0c35c393ecd98b88273e3c5b2edc3626:0:0,f211e654ca70594942484246c15d0146:0:93995296,b7242f05d2fe89e8b3ed160423156334:0:3356462943
786,B,386,0.014591367915272713,0.8270660638809204,0.019702346995472908,1.1695592403411865,1024,512,0.019702346995472908,1.1695592403411865,stage1_rows,512,0,0.010680915787816048,0.04097973332973197,0.0018756174060399645,0.3421625569462776,0.3069721180363558,98b697c48f40050ca64a307253316167:0:0,6a874175c6c35e148e17cbe8f6143e97:0:0,402d43ece77fc7beaf32e26486e00671:0:0,fa1b41e1ab5fa0357e45decbb562c246:0:293239976,a622f17cf0b8abb2df3797c46700a100:1:1548475397
787,B,387,-0.023287925869226456,0.8317556381225586,-0.03889302536845207,1.1760140657424927,1024,512,-0.03889302536845207,1.1760140657424927,stage1_rows,512,0,0.00022285932209342718,0.01029170909896493,-8.719328616280109e-05,0.3459428265690804,0.3052382100140676,bd995be272264d1b0995dc78562af967:0:0,4c74a856c9362063cc28e4408d53f0ca:0:0,5030727197b74f1e043a0cedc96a9dab:0:0,158e0418fb0af995ef3e669fba248346:0:2681570068,cbb7133452bcbb137acba4677e172cfc:1:768920362
788,B,388,0.013015108183026314,0.8161068558692932,0.025680866092443466,1.1539523601531982,1024,512,0.025680866092443466,1.1539523601531982,stage1_rows,512,0,0.007544287480413914,0.052369370951782915,-0.0026243995409458874,0.3330158434808254,0.306007428036537,98b1ad439387b8ecd0136447f6249167:0:0,948e03b719870dcb7535b9bea03faacf:0:0,0a13f024e4c70595b68dd071a9245e93:0:0,c5a79a5a34f1922cea2270f0dfa24446:0:4116018601,ae2f7b91b00d296f794e1d70392cbb16:0:3694208050
789,B,389,0.016071809455752373,0.8243377208709717,0.03297550231218338,1.165489912033081,1024,512,0.03297550231218338,1.165489912033081,stage1_rows,512,0,0.002392224967479706,0.028800476854667068,0.0007139307912439108,0.3398060776293278,0.31291386403609067,6e86085a9640b463043ada41331e2967:0:0,f7109a69215e86ee10bdb4dc83061a39:0:0,7b9f8a49b6ba96f8b1dd3547fc9ed90b:0:0,18c7719a3a7f9a107673d8ad35dc0546:0:1505415844,e7f8fc1013e2b6c4c3d5b78bf204273a:1:379964912
790,B,390,-0.0018060747534036636,0.843909502029419,-0.010598670691251755,1.1933518648147583,1024,512,-0.010598670691251755,1.1933518648147583,stage1_rows,512,0,0.007670003920793533,0.1206022051628679,-0.005326983294798993,0.35615624487400055,0.30500347702763975,7ea6a2f9f87aeba5f97850c40d17c167:0:0,4c4a7393a810e53a74e9793848e6b28a:0:0,7cb13393740598ad8014c41929637072:0:0,cbea3ba1be5593467246bc82ccd1c646:0:566811809,866d1eae773a7932b30ca0246c6ce849:1:229329085
791,B,391,0.018201323226094246,0.8475376963615417,0.035868894308805466,1.1982898712158203,1024,512,0.035868894308805466,1.1982898712158203,stage1_rows,512,0,0.012291189283132553,0.10924893002957106,-0.00047153056657407434,0.3592218607664108,0.3063673719880171,34d8b1253290221ecc2bda3084115967:0:0,ecf0b970699be5486adf7a55dfd1a25d:0:0,10efa83c2fae81d2909c36162143fef6:0:0,4852cdd3a39dbd6872427edfb4838746:0:2391510660,dc2fa9de3578a7d79cac0efc6fa8cdc2:1:122569909
792,B,392,0.010150802321732044,0.8521886467933655,0.009055577218532562,1.2051312923431396,1024,512,0.009055577218532562,1.2051312923431396,stage1_rows,512,0,4.1190069168806076e-05,0.06638785171089694,-0.0010093695134855806,0.3632462188601494,0.3071832680143416,c2dc9140dedad970e1a988e6980af167:0:0,657098795c0565988e2557cda236e052:0:0,14bf1d719bbefd848866289cfbe24967:0:0,34ca6c0d67f9305f5da2c5f1fcf14846:0:3234548549,6d7fd7959ef75d6b08e8e4781e9d07a1:1:223041868
793,B,393,-0.0527224987745285,0.824614405632019,-0.11085030436515808,1.1632026433944702,1024,512,-0.11085030436515808,1.1632026433944702,stage1_rows,512,0,0.0059080952778458595,0.0805478077265434,0.0019877879181876778,0.33903627246618273,0.3057040470303036,029c06f09074c87368396f4649048967:0:0,db2f7c657eca55b934dda01b674d4d11:0:0,6d06c6791180adf276a982848cd91e10:0:0,764858d53d41f846c6387ba7b61b0946:0:1524074501,8e722ca5437e5736c206b9641524fc31:0:717968736
794,B,394,-0.02334122732281685,0.7763991355895996,-0.03844505921006203,1.0977305173873901,1024,512,-0.03844505921006203,1.0977305173873901,stage1_rows,512,0,0.003923310432583094,0.12368195463204756,0.001618953817524016,0.3015701163560152,0.3065464859828353,892d8b30fee3222ad7179faf96fe2167:0:0,82e627d151d928c58f32af1e31ef72d4:0:0,d5610a19972de6d88b7f74016a2f9f95:0:0,b839c5fd48134487fc6acdaef000ca46:0:558817358,905c99f3d5ada34bc46ff0f9bc07b0d7:1:2795151673
795,B,395,0.06229923665523529,0.827369213104248,0.12580332159996033,1.166576623916626,1024,512,0.12580332159996033,1.166576623916626,stage1_rows,512,0,0.005427910480648279,0.15875132963992655,0.0026655113311790045,0.3411685459315777,0.3071037420304492,4151977d2cb0acc26e742c8281f7b967:0:0,9699da83f36aa6e28e2c646e039b0273:0:0,6935375e96fd6405d5b1c043831290a2:0:0,c1da7ce588bc7c3cdf382d75baa28b46:0:1368404510,b2621498377bd313678c3fbe4bd12732:0:2993146543
796,B,396,-0.004047334659844637,0.8090792894363403,-0.006167294457554817,1.1441518068313599,1024,512,-0.006167294457554817,1.1441518068313599,stage1_rows,512,0,0.009278945624828339,0.06454516211524605,0.002847323365858756,0.3273808270692825,0.3065026659751311,b7deb10d2ef5a885b773281f09f15167:0:0,7fef2532ce35b31ad7e3b1be60d631b0:0:0,b7849e350196f494ca93b92bde9046be:0:0,e1d49a5245f7c9ea6837502a26004c46:0:3821697123,e26c91d1fa86b3e2e3a693ca4d860bbf:0:3389135799
797,B,397,0.04945233464241028,0.8341850638389587,0.08958130329847336,1.1783093214035034,1024,512,0.08958130329847336,1.1783093214035034,stage1_rows,512,0,0.0002252456033602357,0.023394147213548423,0.00035023293748963623,0.3476440094411373,0.30594453297089785,7df8d87d3bcd86da042ca4e52eeae967:0:0,3ec8d249b1862f183e8c990454fe3dd3:0:0,8dcad4881dde31d9a985dd5099e0f005:0:0,aa29661f637070a2f3982eba421a0d46:0:692607647,9c5db093c60955dcc1b69be8ebec2ec1:1:4133210870
798,B,398,-0.029153473675251007,0.8470083475112915,-0.0550268329679966,1.197226643562317,1024,512,-0.0550268329679966,1.197226643562317,stage1_rows,512,0,0.0032988074235618114,0.030946518271230163,0.0031566688374368825,0.3585856810212135,0.310192535049282,a3f0e16ba5ba7137efacb534f0e48167:0:0,ce14be03e050399b7e4a1b66c0916b8d:0:0,60857def13d8c7637a198af270cbf336:0:0,7f2391ade1d8fca0442505d41eefce46:0:4268647884,b44fa0c559299f600041395d022c01c0:1:3435321388
799,B,399,-0.04767583683133125,0.7988208532333374,-0.10134696960449219,1.1270917654037476,1024,512,-0.10134696960449219,1.1270917654037476,stage1_rows,512,0,0.004235269036144018,0.049101916537620124,0.0018185184599133208,0.31828382462263105,0.3060749839642085,544014dc69f6a024ddf36b6e4fde1967:0:0,264e75f3806481cb7ed16776c9b0eef8:0:0,4b9c6c9de9580a6f8af9a75e22ea58ed:0:0,ffe6ff7bdb052165434355e5cc818f46:0:2034980156,1d5f7af0faafb1af3694adb052bbddef:0:2153224110
800,B,400,0.041180405765771866,0.8033093214035034,0.07767383754253387,1.1348240375518799,1024,512,0.07767383754253387,1.1348240375518799,stage1_rows,512,0,0.020002417266368866,0.04976978723425418,-0.0012447912595234811,0.32234658412635325,0.31028175697429106,00446070f7b3822c7bf4d9f14bd7b167:0:0,9fcb81366c372d395c26dd742b2038e3:0:0,28a69b765574ceb22ce4883fc33c4a1a:0:0,8d34b1a4a22ed7777cf4e31d5acf5046:0:1058812134,be303506de1e4cc2b1be2687470f7182:0:654520866
801,B,401,0.005470342002809048,0.8508186936378479,0.003614978864789009,1.2031965255737305,1024,512,0.003614978864789009,1.2031965255737305,stage1_rows,512,0,0.0024596452713012695,0.06652815490961075,0.001901454474136699,0.3620846875011921,0.3108752380358055,602933c2d646b2da3f99131de4d14967:0:0,51a263c830c771084eed193456d106a2:0:0,99979cd4d30f213bbef61c8146c00f63:0:0,69f9baca47420bc057d8b568d9d91146:0:2798035343,03dfebb87adeceaa584598026e539a50:0:1536848826
802,B,402,0.02664864808320999,0.8675251007080078,0.05383438989520073,1.2262070178985596,1024,512,0.05383438989520073,1.2262070178985596,stage1_rows,512,0,0.014895284548401833,0.10877168222796171,0.0059152612229809165,0.3761184744536877,0.3115665669902228,bcc90c6fd044c1b2e7bc29541acae167:0:0,ed85b8c40856f87a155c5948e12850b1:0:0,7007dd99df4874691ec9af39344b6839:0:0,43833bdf93bdf2a6092c1876599ed246:0:551570095,c1d4d8fc2d16f4cb3a20c3a94ee0117c:1:458580982
803,B,403,0.01931910589337349,0.8521713018417358,0.04174797609448433,1.2046844959259033,1024,512,0.04174797609448433,1.2046844959259033,stage1_rows,512,0,0.004640680737793446,0.06429724287008867,-0.0035142643260769545,0.36305094957351686,0.30659243604168296,954b90a64989c92dfc2e2ef3edc47967:0:0,d12a4b19f0051ff53033c98edabd89e1:0:0,4c0404d15066b58d6f9b49353d8b46bc:0:0,8632d82db06ed0ec44cb9bb3ea209346:0:757539285,083f65e9aa55a4bebe47ee0692eac4c1:1:3986563835
804,B,404,-0.02045253850519657,0.8337472677230835,-0.05019098520278931,1.178294062614441,1024,512,-0.05019098520278931,1.178294062614441,stage1_rows,512,0,0.001353436498902738,0.06313454944174737,0.0017424059624318033,0.34733541756868364,0.3098769719945267,b2d3f740662fd5af4db3365d5dbe1167:0:0,55d6d18717374642e8f38f1593f358aa:0:0,cbe2536140bf8b0cddfd78400a2098ce:0:0,13bfe67efcf6cc6ca934124f9b5e5446:0:2879962947,a68619238e66cb94c0b4b32ff57544c4:0:104696263
805,B,405,-0.03206147998571396,0.8060134053230286,-0.06728153675794601,1.138744831085205,1024,512,-0.06728153675794601,1.138744831085205,stage1_rows,512,0,0.010359150357544422,0.09851941391825676,-0.002042596560204402,0.3245576098561287,0.3062172210193239,22bb5bbca8731c80760351f06ab7a967:0:0,4ad48b38c5bfb246420bf9eaa7675249:0:0,1b7d43dd2fc878bddb3c6be5c970c0b9:0:0,5c99614d3cd016b6e78393377d581546:0:268951926,7eb56ca12388f55706128f43414cab6f:0:3314072688
806,B,406,0.049666181206703186,0.8068837523460388,0.0924350842833519,1.1394492387771606,1024,512,0.0924350842833519,1.1394492387771606,stage1_rows,512,0,0.007235776633024216,0.041011801490094514,0.00023133385984692724,0.3250081442296505,0.30538651102688164,5b927ba2ab8402ca57ca940d14b14167:0:0,16b8678b657efe0819cc901b0490798a:0:0,fac1558f98f4dc9920029e2bf867e44a:0:0,9c789ee8192683a8a77a7919a00dd646:0:3815921323,00ec4e1e04ddc882495e3ced50a0f9f0:1:1236431603
807,B,407,-0.04900703579187393,0.7879253029823303,-0.10142172127962112,1.111782193183899,1024,512,-0.10142172127962112,1.111782193183899,stage1_rows,512,0,0.0012177549069747329,0.04496477750362828,0.003029451979091391,0.3096386522054672,0.30496560101164505,027e3a22a146f48e9ea90f135baad967:0:0,b08fe6b0af4f5342ee58ebacbceb1104:0:0,748b18f3ec6136a0a753092a2b637a9b:0:0,b678ac7e139a5e0d277c6264137f9746:0:1892681518,92acd24ea541267bdb5c812bd93b6b35:0:1472701652
808,B,408,0.03574620559811592,0.8316799998283386,0.07122670114040375,1.1750599145889282,1024,512,0.07122670114040375,1.1750599145889282,stage1_rows,512,0,0.004981223493814468,0.09085091759916394,0.0035867120954208077,0.3454816699028015,0.3053796350141056,5d7225fe39020ba13f32d5633fa47167:0:0,e7c5bf1739e9e97b7f705d21cf155f4c:0:0,3bf7fed17626e589dba7e878afba0e13:0:0,4cdb528163b20c5498913144e7ad5846:0:3934411401,61ad4f71464c8c018caa8f79f24bc8ab:0:121940717
809,B,409,-0.004898528568446636,0.83467698097229,-0.01719147525727749,1.1802270412445068,1024,512,-0.01719147525727749,1.1802270412445068,stage1_rows,512,0,0.0004873515572398901,0.13193404972553252,0.00773980135563761,0.34839043095707894,0.30681429902324453,7b541d0994f886a1f6eff95cc09e0967:0:0,ace2a5629d1d2005529cee52aa3f33ec:0:0,c45153f1d76017674e5220cfa02bdd14:0:0,778aecc7d773d77336660baa2c971946:0:3743838634,b3767e333e64a5126cc71e1ebfc316d1:1:47716987
810,B,410,0.012968363240361214,0.8113093376159668,0.018476201221346855,1.147283673286438,1024,512,0.018476201221346855,1.147283673286438,stage1_rows,512,0,0.002606190275400877,0.04480872687418014,0.0009960722556570545,0.329233855009079,0.3118992560193874,7d3407d2f4f40ff5cc5c8d5fde97a167:0:0,b2cd35be2158968439a536f285c898d0:0:0,d2639c70ce7950af5402bf2883c32f81:0:0,2f550bbcaf54e5f81b4e5b41f23cda46:0:4156982122,d59bb286fcd0952ba0d21a28e9f028e8:0:1296396457
811,B,411,-0.026243116706609726,0.81423419713974,-0.05569823831319809,1.1507062911987305,1024,512,-0.05569823831319809,1.1507062911987305,stage1_rows,512,0,0.0009459705324843526,0.051818689820356666,-0.0011556062425370328,0.3312842220067978,0.3172506540431641,337a873fbbbbd4c08ee8a3cc99913967:0:0,78974429b69e15b9246e30bbe565e349:0:0,11683b8ef2c79addc6fc8dbf405b60bd:0:0,8cf904c18e5e3d6bd044cd7a489e9b46:0:2027427013,7dbb1e66e2ce6bf05ab5aa082f4e4f9c:0:2600487128
812,B,412,0.02197336032986641,0.814737856388092,0.05415239930152893,1.1512682437896729,1024,512,0.05415239930152893,1.1512682437896729,stage1_rows,512,0,3.865058533847332e-05,0.0565617881831713,-0.00034730499610304835,0.3315924569964409,0.3156846010242589,6f414d2d75796bde56f84f02f18ad167:0:0,433470e607cc8c990e6c4d78d6707abc:0:0,20d68692cbc75a9f39a5ef40245b5e3c:0:0,0d98fd2bf91c5c0698ec53813fbc5c46:0:313431509,3b9425664ee6c315bd73658400e482b2:1:111025053
813,B,413,-0.05443975329399109,0.8026357293128967,-0.10491011291742325,1.1327875852584839,1024,512,-0.10491011291742325,1.1327875852584839,stage1_rows,512,0,0.015830148011446,0.050406507460866126,0.0027781723998486995,0.32139776945114135,0.3066503449808806,faefb865850b8cdd05e3a162e6846967:0:0,614fa5f60e44a2d21613718e0db4e4c5:0:0,8b0d4923cd658d550c2f8a56efd586b5:0:0,49bb73e380a1bcce7b912244e7961d46:0:3898739850,36913bb5f41a81eb308f0c0f929230bb:1:2323656945
814,B,414,0.051898546516895294,0.8338533639907837,0.09968569129705429,1.1772596836090088,1024,512,0.09968569129705429,1.1772596836090088,stage1_rows,512,0,0.015124322846531868,0.04090203018859029,-0.0016975688080492547,0.34702070876955987,0.3071387530071661,25b62b721e4696f5c5f6ad4c787e0167:0:0,47f84763e16b89621429ea701317976a:0:0,b8f1d5efac210802bbd800db557a35c4:0:0,a124c83d9a98582d0529b273502bde46:0:1321907078,f452aa1efde920dda811c3fd951152f0:0:3793440539
815,B,415,-0.008445892482995987,0.8057690262794495,-0.02075667306780815,1.1393543481826782,1024,512,-0.02075667306780815,1.1393543481826782,stage1_rows,512,0,0.004257743246853352,0.10248228329000994,0.0024361924588447437,0.3246584914624691,0.3176928969915025,2b9a75233322e8068a71851fa7779967:0:0,1cc371ed2ede8c79eaacc48e962f22aa:0:0,5e56202cbe34a6e96610a451bd6224d0:0:0,b0e7b80b4c11f30cc957c07a897d9f46:0:2266781382,d8858dba454cb97034adefc2bfbe9109:1:2710168555
816,B,416,0.02659468725323677,0.8369227051734924,0.04970145225524902,1.1830977201461792,1024,512,0.04970145225524902,1.1830977201461792,stage1_rows,512,0,0.006313462741672993,0.03164445626316592,0.0012707065092399717,0.350235278904438,0.31515420495998114,877780d1f9d9038b8f883b3c73713167:0:0,2d57166af46d64d7e0e166f56d94d932:0:0,1b874df1ae5881be84b9aec484bb94c0:0:0,369b599e327ace8e9e694c88a38b6046:0:1984251792,b4f6eb4f359ee9b84bf43b912b035fa0:1:2263938285
817,B,417,0.010962557047605515,0.8244495391845703,0.02276117540895939,1.165789008140564,1024,512,0.02276117540895939,1.165789008140564,stage1_rows,512,0,0.0026514222845435143,0.0231835778336972,0.0016306962876114993,0.3399573341012001,0.3052579630166292,659a63b1b1eb8998da62e202dc6ac967:0:0,8268ff167da93ea39bb2ba59d057ada2:0:0,4e8a0222e9e77e87083e0c16f4d7e3de:0:0,83dccf921cc60a6695599a8bae552146:0:2995989280,6908bdfa74963fb043e5cb33450befa8:1:1735656970
818,B,418,0.014344981871545315,0.8228262662887573,0.03194877877831459,1.163347840309143,1024,512,0.03194877877831459,1.163347840309143,stage1_rows,512,0,0.003647325560450554,0.14599884066265076,-0.0026065757381729783,0.3385480299592018,0.30706500000087544,fc86bbbc4e1efdd3b91d8bd2e2646167:0:0,d13cd172fda1f71e01f9f12d9cfc75c5:0:0,a7ea35c69902676c1eacc7a72f0cb5c8:0:0,2fc90a224e9ecbf0add23231b9dae246:0:919618407,78324c71183bb81acffeffa43f818868:1:2666054090
819,B,419,-0.05014120414853096,0.8281741738319397,-0.08806746453046799,1.1699426174163818,1024,512,-0.08806746453046799,1.1699426174163818,stage1_rows,512,0,0.0014537913957610726,0.08594147637486457,0.004657104016223457,0.342596984654665,0.32610865199239925,85e43409a95f5e6c42c84b0c855df967:0:0,e59ce85d7bb3492be3a33a1553e6a068:0:0,0c1c73cb62197a7b04f7b00ffecf3f12:0:0,e3cb9b79b01cfc0d462bdee8d61ca346:0:3762655590,388f60dfa917c3e4f2b838e32e49397a:1:3933939933
820,B,420,-0.005044902209192514,0.8303321599960327,-0.00388992577791214,1.174228549003601,1024,512,-0.00388992577791214,1.174228549003601,stage1_rows,512,0,9.254436008632183e-05,0.018292719055898486,0.0015885597196756863,0.344802214205265,0.31655740505084395,eba6e19fec938b16d767320fc5579167:0:0,57155900f4c32743f91386ceff62a035:0:0,83aa76f4de4a736cf8b01be3d62ce405:0:0,f7cd407f96302dd5476fafdf131a6446:0:2232909060,42cd3a4675a923caebe8f8494f3066a8:0:1164093733
821,B,421,0.03836558386683464,0.8648862838745117,0.07817359268665314,1.2217981815338135,1024,512,0.07817359268665314,1.2217981815338135,stage1_rows,512,0,0.006307963747531176,0.09703533453866839,0.0021847563970368356,0.3736928850412369,0.3148110670153983,fd2c0b0bcb5e7c059ff2533ca2512967:0:0,20a43b479907935a18a91199f69b3632:0:0,ce58bc555000129705e79ab1a183baaf:0:0,9bffa4db7aa700360d57f80280d42546:0:1743375509,9bde27f129894d67ce6244f4ea6d9b83:0:386896731
822,B,422,-0.047566257417201996,0.8404284119606018,-0.08247725665569305,1.1874799728393555,1024,512,-0.08247725665569305,1.1874799728393555,stage1_rows,512,0,0.0035104728303849697,0.029283366771414875,0.0006621983513468877,0.35303217098116874,0.3148099399986677,2544cc4f3dce48e20e55c0f31c4ac167:0:0,7ad1f80092bf87577ef8053c81268360:0:0,b03f41caadeb70258cbecaf9c9503710:0:0,c73a8604e66d0c850a514e012f49e646:0:3825394834,40fc50b373f57f8e9988309ebb996a9e:1:353425780
823,B,423,0.0007638605311512947,0.8492087721824646,0.007043258287012577,1.2008947134017944,1024,512,0.007043258287012577,1.2008947134017944,stage1_rows,512,0,0.0009389842161908746,0.04853885957272723,0.0014484632862149737,0.3606178298592567,0.3143607950187288,24ffe7f55cf8ffc65d718d9333445967:0:0,635abacb83fe9a50bbc50e3d1b01c4b7:0:0,e4fee0891e7a3e0d5edf5a8a9a33ff57:0:0,154d2cedfd4d341b277b8c492e7ba746:0:3918640389,efa96afadab314c43b92c24cfa32d26d:0:2272597700
824,B,424,0.02488521859049797,0.8606662154197693,0.045124731957912445,1.216788411140442,1024,512,0.045124731957912445,1.216788411140442,stage1_rows,512,0,0.00398555863648653,0.03376151439733803,-0.0002521645539673045,0.37031603083014486,0.3124559450079687,4773f55a08874c371119cb7ce73df167:0:0,4e5338ff72ae85f33217dacf70204340:0:0,d51c39aa849317798762170433ab6f74:0:0,33f8ceea8839df07e0aad1088e696846:0:1948071201,25799eda0f9b5d325b85beba4b2c185d:0:3082780176
825,B,425,0.020789626985788345,0.8563278913497925,0.03336428850889206,1.2108538150787354,1024,512,0.03336428850889206,1.2108538150787354,stage1_rows,512,0,0.004785322118550539,0.046223929268307984,-0.0023515932611189783,0.36676794067025187,0.3128104329807684,d8d2fb73fb2cee1c76168d1038378967:0:0,32ec9d5ab750a9bd5f5a1745c7146001:0:0,7784036e1678e3184d4d5ad314b1a4c6:0:0,8c5d639f09d07dec1c687e2d5f132946:0:1255697045,14b14186936248b7ee11b2875b31a026:0:2413103000
826,B,426,0.020435556769371033,0.8508497476577759,0.04267342761158943,1.2028197050094604,1024,512,0.04267342761158943,1.2028197050094604,stage1_rows,512,0,0.0034712115302681923,0.039439817517995836,-0.0006541579670738429,0.361885879188776,0.318381420976948,66b066aff40f00bc2223e4ad26312167:0:0,32e0c436406a4b34f84285bfd240dd31:0:0,720b14e3f449e117f72aaaa902f31822:0:0,dbd18dbf5881610cbff43965b078ea46:0:2530438051,71e3e92fc344c938a900238ddc6db3dd:0:4070026845
827,B,427,-0.04606489837169647,0.8298253417015076,-0.09273600578308105,1.1716384887695312,1024,512,-0.09273600578308105,1.1716384887695312,stage1_rows,512,0,0.0011059122625738382,0.05494908255059272,0.0035543318837881087,0.34384195432066916,0.318107282044366,709a27ab9b1811b273f1e4b3b12ab967:0:0,02c0ffde11fd7c3b6662a5b74909f751:0:0,a37a3dccb027b50453e02c8b680d5965:0:0,25f415ee6a78b6acff44ec1f929aab46:0:4117583996,1cf0e8be695231cdb09dda936395e7af:0:3310934628
828,B,428,0.01915852539241314,0.8501366376876831,0.04385943338274956,1.2017288208007812,1024,512,0.04385943338274956,1.2017288208007812,stage1_rows,512,0,0.0020088390447199345,0.0939842228544876,-0.004406402582390001,0.3613050989806652,0.31382973899599165,b6f5a7dec63a07ec13249f83d9245167:0:0,068e3206b0fa31f667e3fe4d44bda697:0:0,0059bf595cbea1a62afc457f424f6032:0:0,12c4f8e5711942c06909c38915786c46:0:1740428214,dfb0475d124d52dfe8ee4f0828d5d3d2:0:3155208821
829,B,429,-0.04232250899076462,0.842914879322052,-0.08201228082180023,1.1907085180282593,1024,512,-0.08201228082180023,1.1907085180282593,stage1_rows,512,0,0.00043601670768111944,0.038789822184480724,-0.0009364356752485037,0.35494238808751105,0.3092395670246333,42792081c59dda9f7054277d9e1de967:0:0,0fcdd915e229e63ac47ddde98621ee7b:0:0,c0d2b8d3e28f76b941566ab2951eb2a0:0:0,4ff60ae3148d2204aeab309049122d46:0:3790101547,63cd66cdf537667e5ddbf6068fc18f64:0:4142471742
830,B,430,-0.008035268634557724,0.851796567440033,0.0032241325825452805,1.204463243484497,1024,512,0.0032241325825452805,1.204463243484497,stage1_rows,512,0,0.02317114546895027,0.11454298935132101,0.005205951277457643,0.3628526121377945,0.31582694698590785,9099bf3f5cc11846450c8f0100178167:0:0,7c07c11160a42deee1cd0b24eb8e8d9a:0:0,c85a86b0fb47ffa69a74ddf65dc81213:0:0,a216a10093a4aa93284be7e33d67ee46:0:3819881284,01fd505bae3188fc07abf005842d4991:1:106340446
831,B,431,-0.013385942205786705,0.8309367895126343,-0.012476393952965736,1.1750627756118774,1024,512,-0.012476393952965736,1.1750627756118774,stage1_rows,512,0,0.0026390068233013153,0.057609607581980526,-0.0017950234789168463,0.34536197707057,0.3080685780150816,08dee3810e813d9713cde86dff111967:0:0,d5e62b782ed864aa720082ff2c8fa2cf:0:0,823083da1d162d53b3bfd4cf88b53a69:0:0,9ea78c25c0ef3bfa14c9e1f00279af46:0:2877631785,62324d9f84e56e655f9cdcba0ceb79d5:0:236433469
832,B,432,0.05098358541727066,0.8553656339645386,0.1012672483921051,1.2075438499450684,1024,512,0.1012672483921051,1.2075438499450684,stage1_rows,512,0,0.002597317099571228,0.033276396221481264,0.0005291670851875097,0.365218735486269,0.31258739304030314,fc3a9e646214dc7ea80c46249b0ab167:0:0,8c8ba48823657eabf3a578227ac87dc3:0:0,4a24cc6d27d0cb36209807ceddaf2a3f:0:0,456007aa4bad90ed95bf5ae4a8477046:0:1884678255,f447ddd83cf9c31ee6853d91471467d9:0:2518090315
833,B,433,-0.03413710743188858,0.875201404094696,-0.09097515046596527,1.2350456714630127,1024,512,-0.09097515046596527,1.2350456714630127,stage1_rows,512,0,0.0010061910143122077,0.04957022280432284,0.001676533604040742,0.381869250535965,0.3152505810139701,f24f7ea7c6f29319962fba84d4044967:0:0,69e5b0bd06b3c0300656fcb53a3231d2:0:0,86c967b36f0b2392330dd5e7bd7adbb3:0:0,ce8a2dfe79f0e4a06783d2af3ed13146:0:1072310500,dd179caa747d99d26f2051960edf951e:0:1872394485
834,B,434,0.017772335559129715,0.8544755578041077,0.045276105403900146,1.207745909690857,1024,512,0.045276105403900146,1.207745909690857,stage1_rows,512,0,0.019577279686927795,0.04948864388279617,0.0026163017755607143,0.36489436477422715,0.31617044896120206,f0eb911dbda5d2adbb9457eea9fde167:0:0,4e8ca8f42d54d67928bdc9da361de7b4:0:0,75254729db7db9b46056a01aaca8084e:0:0,53653eb370edfdd4552d0cfdd616f246:0:2969116772,4424d0091ed0c46ab479750883e9dfcf:1:2379413550
835,B,435,0.03695590794086456,0.8569597005844116,0.07323566824197769,1.2108029127120972,1024,512,0.07323566824197769,1.2108029127120972,stage1_rows,512,0,0.00025063822977244854,0.04086075180675834,0.0010957698454149068,0.3668681710958481,0.3123616229859181,b7f85d74eb9176a3be8a30c21cf77967:0:0,cad753036da0416ac36be2d81d8ab816:0:0,c42717ec3642c61b3133c9a7f7bfdf6d:0:0,402ac1a7613ef1b26890113e7e18b346:0:1123297466,71e670c096e77da10ae260ce817ab4ea:0:2044499127
836,B,436,-0.05039350315928459,0.8502830862998962,-0.1058901771903038,1.199887990951538,1024,512,-0.1058901771903038,1.199887990951538,stage1_rows,512,0,0.0009341620607301593,0.0,-7.111734157660976e-05,0.3605765260756016,0.3140522650210187,9faf8663bfa02b808e55575f2cf11167:0:0,4a5512de48e017fc73dd53bf970fdc17:0:0,840174f36ce4dc93fedb7277ee5cbc82:0:0,34dca9b06682307ad6422a9f46d67446:0:568792308,99ed4deab6f3176721679dc1c4ba5268:1:2915640596
837,B,437,-0.0197073295712471,0.8230605125427246,-0.0359540656208992,1.1637234687805176,1024,512,-0.0359540656208992,1.1637234687805176,stage1_rows,512,0,0.0033148841466754675,0.017485008959192784,0.001362478279042989,0.338761443644762,0.3060803860425949,e00b93864de2a5dee32dde25d9eaa967:0:0,5ea36cbc90ff7ad8ba4846714552f0c7:0:0,4799727d40db8d30aca88dfb59f19ef2:0:0,504f649da4792e1ca599e80e40503546:0:2444603229,7b0a20698f2e680f63726a952c52f589:1:2381477400
838,B,438,0.0026658624410629272,0.8605214953422546,0.007717921398580074,1.2169036865234375,1024,512,0.007717921398580074,1.2169036865234375,stage1_rows,512,0,0.0179431289434433,0.09251923182746395,0.0036760692135430874,0.3703202836215496,0.30877029802650213,872c4a7d081ba968be3fd77623e44167:0:0,674573b055060bfb232020241b5b7a73:0:0,0daa15ff3ad395b83d21ef0997028538:0:0,f852b585277cb8c514b01c397a85f646:0:3012208369,5a04c98b2fdd42b06373d39af5bd6d50:1:2160034021
839,B,439,0.028531193733215332,0.851909339427948,0.05159527435898781,1.2043107748031616,1024,512,0.05159527435898781,1.2043107748031616,stage1_rows,512,0,0.00813757348805666,0.07882937444373965,-0.008027937947190367,0.3628005675971508,0.3083823509514332,48bddc1af939dfd0e9ab55b00addd967:0:0,8b801b0df7f6d433b3d4a18eb85c6c5a:0:0,312313d7abb8831f16cbafe89c842d46:0:0,3904c7d24ad0cf76b860dd8f0577b746:0:3770811792,0ddeabb7cb32a761531d3f8cdb1f2cca:0:1809347207
840,B,440,-0.03708657994866371,0.8439458608627319,-0.07874951511621475,1.1920346021652222,1024,512,-0.07874951511621475,1.1920346021652222,stage1_rows,512,0,0.004975714720785618,0.07513718211557716,-0.00028546283720061184,0.355561114102602,0.31726506300037727,9a6209b229bf7fcc78846b338ed77167:0:0,d7b6d418b12d6523d8edc88404309b5d:0:0,c52e4a4141cdced4ab03fd9687aca54e:0:0,2cc7ac1fe5158ab8584c863cf1257846:0:1607373157,9ebd2f064c5e686b59a1e8ec21bf34d8:1:3571172025
841,B,441,-0.02380342036485672,0.8123987913131714,-0.042393751442432404,1.148573398590088,1024,512,-0.042393751442432404,1.148573398590088,stage1_rows,512,0,0.003060770221054554,0.03406614740379155,-0.0008777289942372591,0.3299802467226982,0.3177419599960558,40a245ccd317c40c46d32a60afd10967:0:0,1f52621edd4b6a32560185a0bd31853a:0:0,b92f8f6234035583c63e64280b21c907:0:0,3c44025739c6696b86d8b4314d8f3946:0:2690348345,f4cd2277843e652aa77776048f667579:0:2647827352
842,B,442,0.006658298894762993,0.8163543343544006,0.008217379450798035,1.1544549465179443,1024,512,0.008217379450798035,1.1544549465179443,stage1_rows,512,0,0.004715753719210625,0.033290363533888014,0.0011156411841511727,0.33332797810435294,0.3141623900155537,8511b2e207da32367993a5976dcaa167:0:0,795bd1ab9842a9d653c2bc984d7333aa:0:0,87a28cfd1b7d313cda07cf4d0a8ec933:0:0,9a13a58cae6d13daf531491a2ab4fa46:0:1511221158,341905f8c974673191bfce16764bdcda:0:3747425590
843,B,443,-0.009141909889876842,0.8380961418151855,-0.03179062530398369,1.184777855873108,1024,512,-0.03179062530398369,1.184777855873108,stage1_rows,512,0,0.000645903404802084,0.0899114234256558,0.002948840521275997,0.35108036547899246,0.3131723380065523,c8fdc1d476fbb1dffeb5ef37c8c43967:0:0,839eed7bb14245141866c4af40ef5dc6:0:0,cb5c56d3a02b75ee02bac0d0df3b925c:0:0,f50a7c6182e0671083496a659896bb46:0:2987962400,f55a8034690532884fb720b81f6db2a8:0:3614245987
844,B,444,0.04891781881451607,0.8697562217712402,0.09231068938970566,1.2284510135650635,1024,512,0.09231068938970566,1.2284510135650635,stage1_rows,512,0,0.00014991068746894598,0.08647661295253783,0.004909569659503177,0.37779894545674325,0.31653803802328184,085c1149efed73860d1e19a1c0bdd167:0:0,8ae329dd45b34d5b3f7bfc7071b37323:0:0,feee53fcbf107cac3b3ae87a7eff7bf2:0:0,847deb0a4d9c5a830bdc8141a7347c46:0:4115927906,5fd197620906b2edf1fa8f1c39bc16ff:1:1967662428
845,B,445,-0.06021866202354431,0.8603410124778748,-0.1227400153875351,1.213447093963623,1024,512,-0.1227400153875351,1.213447093963623,stage1_rows,512,0,0.005109638907015324,0.09627611419418827,-0.000857185572385788,0.36900498643517493,0.30488314101239666,268c0e2a4da9a787a4a4373555b76967:0:0,de05804fb75681997c6ab4473919cc5d:0:0,87ec4ef5badb5d717eb6c7b472e220a7:0:0,bdfea938bff3122bec6f3a9c668e3d46:0:659141370,fbeb6a0b59c1a5d680c3091e7d75039d:0:3970010196
846,B,446,0.07457886636257172,0.8527154326438904,0.1396782100200653,1.2023645639419556,1024,512,0.1396782100200653,1.2023645639419556,stage1_rows,512,0,0.0049486467614769936,0.06471028901869431,-0.002759471087483689,0.36243043541908265,0.30569378699874505,8a02b4d46eae051f0e145a5287b10167:0:0,916fe5cd5d328ec26312522ccb88c252:0:0,6506c874d2064b34a91cf4aa6cc8c895:0:0,aec4dcc8398b2f1449508723e6a3fe46:0:2105271578,524496c841e665b87b2099b0b682be66:0:1304289942
847,B,447,0.0026808129623532295,0.8272430300712585,-0.007600722834467888,1.1697736978530884,1024,512,-0.007600722834467888,1.1697736978530884,stage1_rows,512,0,1.0112766176462173e-05,0.0245737997116521,0.0016661533853039145,0.34221578389406204,0.31559625099180266,9d0eb1d7dfe4215b5b2e955956aa9967:0:0,88f2650d70ed05962e9c71b02a6aa0ad:0:0,4e3e5f35f65a8260f6d3a1506be21abb:0:0,c3d950ebf753306a0d9a9b463775bf46:0:3417161766,71606dafbc1fd9738f1f25773411a04a:0:2162660255
848,B,448,-0.04694943130016327,0.8080818057060242,-0.10218837112188339,1.140084147453308,1024,512,-0.10218837112188339,1.140084147453308,stage1_rows,512,0,7.610488682985306e-05,0.026370497257448732,0.0017951806483324617,0.32551118470728396,0.31294251896906644,40930041e0779619e6a6faa9c2a43167:0:0,4a19ee858dc1eae4280eafe53378a732:0:0,7f44710dbf3d1867abe5ee1dbe357ebc:0:0,ba0c7f772fc5772ca733ef3169038046:0:1092164379,ff0e81e5ab433316b71ca31ec934e570:0:2418296310
849,B,449,0.05673358216881752,0.8590768575668335,0.10963645577430725,1.212583065032959,1024,512,0.10963645577430725,1.212583065032959,stage1_rows,512,0,0.002128215041011572,0.08040247107855976,0.0009657126953243278,0.3684829115867615,0.3175771899987012,19de02cc6499f8ffd4259ca3cb9dc967:0:0,4a4a5dcd11d736ac692e9d24a366c8ba:0:0,b15c4614c948ff9544d74e9f7d7719f8:0:0,e4ff0567350c3e817ed03ed38b4d4146:0:396221023,ffb65f0aa46f8a89913c73da29ffe831:0:3709098401
850,B,450,-0.05702734366059303,0.8182825446128845,-0.11645197868347168,1.1541392803192139,1024,512,-0.11645197868347168,1.1541392803192139,stage1_rows,512,0,1.7519458197057247e-05,0.059219527337700126,0.0016236193776421714,0.3336908154189587,0.3202612019958906,e6a2f47dbd34a27390468da771976167:0:0,13e42455daab7ed7eedf8ac3d48bd93d:0:0,ddf8658f7e7ed0fab9cf8c0ed27f93d6:0:0,fd4733d9bd489ac02bf189daae530246:0:2909631494,f11c1b992a2b8514101746c64910f05a:1:280352246
851,B,451,0.039851848036050797,0.8305688500404358,0.07128865271806717,1.1737229824066162,1024,512,0.07128865271806717,1.1737229824066162,stage1_rows,512,0,0.009672759100794792,0.052324557513929906,-0.0012056679814122617,0.3447621464729309,0.3127978679840453,a9936c878a8844965099e014b490f967:0:0,c4b457bee2665e74682899466d3cd946:0:0,881515a697feb83463bdef1c466a2fae:0:0,eebaf9c9b9f3514664e913b4e214c346:0:1249726379,8caf137a81d3306a0cef559c068c1ed0:0:3505120727
852,B,452,0.03205455467104912,0.8606409430503845,0.054977718740701675,1.216643214225769,1024,512,0.054977718740701675,1.216643214225769,stage1_rows,512,0,0.0006237949710339308,0.07776813204400242,-0.0010585735202766956,0.3703520007431507,0.3143398890388198,8f2690739fba523d93a3a64b948a9167:0:0,d723bb5172281090926144d5b2ea158d:0:0,ce9a0d7144839366ce1f21720e86842f:0:0,4da8b007b1021b23aad8639036928446:0:334281966,c672882c70cce3ee143ea7e9377ef1aa:0:400729049
853,B,453,0.02876247838139534,0.8412827849388123,0.05229901894927025,1.1892458200454712,1024,512,0.05229901894927025,1.1892458200454712,stage1_rows,512,0,0.005949877668172121,0.09072257332736626,-0.003054588124177826,0.35392081886529925,0.3103018869878724,dcc36eed7d5035eca0dbf2ac11842967:0:0,c94d5e111a3cd603a4984dc2a48039bd:0:0,a7548a6ebe2d5f6451d998296b5afe8e:0:0,cb9ebea3552fa4acb1b2445abbcc4546:0:1052670904,7a6d6507cc899c4f1ceeff7694f37024:1:1642836397
854,B,454,-0.06371505558490753,0.8223810791969299,-0.1186545193195343,1.1603760719299316,1024,512,-0.1186545193195343,1.1603760719299316,stage1_rows,512,0,0.0021611396223306656,0.01228872446808964,-9.077819995582104e-05,0.33732077553868295,0.3092152909957804,14c3dcb7089858ce08aed7962b7dc167:0:0,86e62b7384e6af915e1c46bb02fc981a:0:0,3b545108f6a3e4a7f26d3868cd2f0c5c:0:0,000a101f26785c06843bc4c281c20646:0:2217858269,866e072f71c938d8eace8fadd364ee5b:0:1364650817
855,B,455,0.012760819867253304,0.8462006449699402,0.04148320481181145,1.195984959602356,1024,512,0.04148320481181145,1.195984959602356,stage1_rows,512,0,1.2053991667926311e-05,0.04069382041925564,0.0018680989713175222,0.3577573299407959,0.31551436899462715,b79d0c972600f9ad247c6769e2775967:0:0,50b49071639cd20f14831cae1a225160:0:0,f5c5c8a076001e7bb10db604e5ee40d6:0:0,2e6452083091e0b9640d37359873c746:0:4293479724,1eb4b98aac7019de840acac81235d52e:1:3778378982
856,B,456,-0.031118618324398994,0.8159891963005066,-0.04899163171648979,1.1536760330200195,1024,512,-0.04899163171648979,1.1536760330200195,stage1_rows,512,0,0.012322720140218735,0.07116941134445369,0.002378518832847476,0.3329670511186123,0.31306283304002136,adeafa50dc5cd3ef9698b4873670f167:0:0,2bfb1b463edd7ab7a4fe0d8b75ddab7b:0:0,0085b9258fe58fa2e6279e30522d6fb3:0:0,e0d1aaa78ad6a65b659331e20fe18846:0:1117472133,f47972c0120d94458e957fbdb0eb454e:1:3613420525
857,B,457,0.07916463166475296,0.8436744213104248,0.15507400035858154,1.1882632970809937,1024,512,0.15507400035858154,1.1882632970809937,stage1_rows,512,0,0.006204713135957718,0.036932498286478224,0.0009466512827202677,0.3543121233582497,0.30850276502314955,70239ff1a715968eca4bd14e276a8967:0:0,4e458a77e4b528d4aabf31b971fca89c:0:0,c2261897f18dd09f366af34b4106ac4e:0:0,428c6f350bd31c62c80f8eb5f80b4946:0:1428458115,6049ab57c340800f0a461e38d97c2190:1:1017225066
858,B,458,-0.0709754154086113,0.8671513199806213,-0.15021444857120514,1.2211672067642212,1024,512,-0.15021444857120514,1.2211672067642212,stage1_rows,512,0,0.012574858963489532,0.06547987654339522,0.0016731744850403628,0.3739413648843765,0.30910769500769675,6f56cc059d4c2b1173d1d01eb5642167:0:0,096e3ad103c034b90bcceeba0615c5a7:0:0,ce76fab750907d3d78466200862fed51:0:0,e66d33f6b2556d30099a6b5f60f10a46:0:4222375145,f5aa668c156412f699ae3217838434e9:1:1612883164
859,B,459,0.02021707408130169,0.8533627986907959,0.038383666425943375,1.2065352201461792,1024,512,0.038383666425943375,1.2065352201461792,stage1_rows,512,0,0.0002331079449504614,0.053313566278666256,0.0033426208887249232,0.36406785175204276,0.31346235499950126,16974e8013e6cc85105ac358e05db967:0:0,9304c908d882cf77d10063bdc43efa2c:0:0,d53980b2e2ceb7e553cbbbc8340630a8:0:0,b18d06ca9694a65fb723294c5a92cb46:0:4167876710,5efea937d0b6c77c77c028f16726ca05:1:538636882
860,B,460,0.0073320879600942135,0.839262843132019,0.022265948355197906,1.186678409576416,1024,512,0.022265948355197906,1.186678409576416,stage1_rows,512,0,0.0029839584603905678,0.07600551513023675,0.0027220578020205723,0.3522251084446907,0.3174741080147214,f67a1167608cee77660abd5ca8575167:0:0,0adb1c8ee3dfea1a27ce6ccd6c9d5c66:0:0,31ffa588d69aada3dd78d63f2208dfb1:0:0,93b39375c7b7dc73f8716daaf4f08c46:0:4080301315,6c1930f2395da6d6f6fed3a49828531a:1:784251283
861,B,461,-0.10371033102273941,0.7957022786140442,-0.19988755881786346,1.1170010566711426,1024,512,-0.19988755881786346,1.1170010566711426,stage1_rows,512,0,0.012562111020088196,0.04001050289953127,0.001972446205763845,0.31391623616218567,0.30666105897398666,4b7f91926390f3f003f9d08a0d50e967:0:0,977516c5b7aa32dc4bea3ee772e190a1:0:0,ec6a0ae99c169be0f1fc8bd0d5cd3702:0:0,4af636754cb99be5d8262169400a4d46:0:4121486516,3185f67f54541bfd97186ee6e72e9b5e:0:171600345
862,B,462,0.11162680387496948,0.8478052020072937,0.2378796637058258,1.1855499744415283,1024,512,0.2378796637058258,1.1855499744415283,stage1_rows,512,0,0.002268178854137659,0.1247286748373881,0.0004341989872045815,0.3543018907308578,0.3064242880209349,153c0b067ec7b669c2340f410f4a8167:0:0,e6c035f5ded03b8c9c534e048d73a4ae:0:0,de93552a7dca0c1e8f11c4395d229c4d:0:0,a6108db39357b9ae47bc71354be00e46:0:1131174875,da096867864d2fb7291209d90aa0ca2e:0:1837562419
863,B,463,-0.07367373257875443,0.8386922478675842,-0.15338149666786194,1.18063485622406,1024,512,-0.15338149666786194,1.18063485622406,stage1_rows,512,0,0.0012250711442902684,0.047021677275188266,0.0004844872863031924,0.34986488074064254,0.31242764403577894,5eaa8bc49f4ddccc41b98be1ae441967:0:0,b145460fa7a81ac9299b870ad99ee5a8:0:0,51ddd2513903db565866c5415622a069:0:0,fa39e527ec735556df8acd7d2871cf46:0:2529993067,e0a5134da6b8fed28813e8b0c060ed0e:0:3069967718
864,B,464,0.06174080818891525,0.860747218132019,0.13969752192497253,1.2122267484664917,1024,512,0.13969752192497253,1.2122267484664917,stage1_rows,512,0,0.0034946436062455177,0.049762757762800904,0.0026494678255403414,0.36849387139081957,0.3076267269789241,2846ff14003b02656c7e58cbea3db167:0:0,29f92804557e852e1a0fd7380f71f839:0:0,89fcbb94de0107e4653754d8dcbcef36:0:0,c229fec34af89ea25ac3ea6ee5bf9046:0:346926919,6b258b9c08a4a81d33ee6d2fb59e707d:1:1320556566
865,B,465,-0.05885591730475426,0.8398501873016357,-0.12001533806324005,1.1845154762268066,1024,512,-0.12001533806324005,1.1845154762268066,stage1_rows,512,0,6.231607403606176e-05,0.05948287920327857,-0.001315282768337056,0.35161907598376274,0.30371819698484614,9a5322994c42ade2f56a885fc3374967:0:0,2c76d65507eae1838e23e77b795349bf:0:0,08e1357e0b19abebd02cff103f58faa6:0:0,40f647e15119b0dccf77bff893c95146:0:3785002881,2be13374702a58c4f57b5c8e1cfa9d4e:1:1656202907
866,B,466,0.014705799520015717,0.8454900979995728,0.03092552348971367,1.195435881614685,1024,512,0.03092552348971367,1.195435881614685,stage1_rows,512,0,0.00047365028876811266,0.09629387389868498,-0.004265564894012641,0.3573730461299419,0.3047890470479615,c10a35c8c443184bd85a2cfd3930e167:0:0,b79c38498f7e5095bae4e61d73f9195c:0:0,98921610364ab8bcd7efca40ce5eb216:0:0,0437c17acf5b95e3a29489c8428f1246:0:3545343065,e2c044d31ba6516e9d6fc885301f4c96:1:2945209899
867,B,467,0.029323812574148178,0.836032509803772,0.04599593207240105,1.182069182395935,1024,512,0.04599593207240105,1.182069182395935,stage1_rows,512,0,0.004663219675421715,0.13224121418315918,0.0020756073703523726,0.3495081923902035,0.31630540295736864,157f138210c1c3f9da1d59044c2a7967:0:0,4a3cd6665b270aecbe3a3d1afa89a6f4:0:0,fbe5957b6635a6b18e6a76db44496607:0:0,ac80f24b31a842f537e7c74c0210d346:0:2699458322,f5e6192d378dbec0278d28f03d3c981a:1:2472120040
868,B,468,-0.03116729110479355,0.8265618085861206,-0.06826591491699219,1.1677169799804688,1024,512,-0.06826591491699219,1.1677169799804688,stage1_rows,512,0,1.2328382581472397e-06,0.13273503268137574,0.0041806337248999625,0.3412498079240322,0.3099709860398434,7c7044e46455e39308781ed4fc241167:0:0,1a618052780f32bcbc396863b21a2f8c:0:0,a899859a7b8ba2f4b09f8d3316a9f659:0:0,038779b8f04c21585e1f3bb1e24e9446:0:1570259465,a82b6dce9a5159766d141a90c06edcbd:0:3616968673
869,B,469,0.03021129220724106,0.8385624885559082,0.0672701820731163,1.184723138809204,1024,512,0.0672701820731163,1.184723138809204,stage1_rows,512,0,0.0003631002036854625,0.04687632044078782,-0.0011590274749323725,0.35125397369265554,0.31614206498488784,30857ba9950091033a2290cf491da967:0:0,8d7163d0941d2ad5c37703277cfeeb32:0:0,2a72651a8c3fc006beddae0c07aed3d7:0:0,e531a655f57974eb76c9ede7f3485546:0:4230338819,e661535b771fb047bf57766d5bc5c228:1:2601687830
870,B,470,-0.05416053906083107,0.8242915272712708,-0.11546223610639572,1.162465214729309,1024,512,-0.11546223610639572,1.162465214729309,stage1_rows,512,0,0.013254119083285332,0.08550041051348671,0.0038691687339451166,0.33864395320415497,0.3146808659657836,3f29c196d272d4758ec8c15333174167:0:0,56e4b5808fd02cc99ba135fd73ec3fa2:0:0,947a71f6b373a5cab94e669956c149f4:0:0,071739f4039fb2ab5a59289c44fe1646:0:2930182324,cde94787b2d69f54de68b2abcbb10133:0:1051037484
871,B,471,0.024259068071842194,0.8230118751525879,0.044709235429763794,1.1635198593139648,1024,512,0.044709235429763794,1.1635198593139648,stage1_rows,512,0,0.00024202093482017517,0.03392842061584815,0.0011725484037015121,0.33861957415938376,0.31377018202329054,d68d89d19f417b4def0ac2c0ba10d967:0:0,05b8465d6e3e74977828f7487a24c8a9:0:0,25c77e20bf8e8bd1d9434478a5c24ee4:0:0,ea4cc64e85989941f8217a3ce76fd746:0:2607750296,44dac400d2db070850de98ccdef2a4f1:0:3522988546
872,B,472,-0.010961271822452545,0.8280940055847168,-0.018261240795254707,1.1710271835327148,1024,512,-0.018261240795254707,1.1710271835327148,stage1_rows,512,0,0.0017780521884560585,0.040451827913057056,-0.0028499959676992147,0.3429486952722073,0.3076910689705983,a04bb027b306bf228c7ca777de0a7167:0:0,da0c1a3579f9174f3afe2c2fd71d66c9:0:0,983744c9435212105543b5c60c737ee6:0:0,98d056eacf609dacb25bb4f7ea9d9846:0:1956115479,4ae686617d973bb915fb8450d773b454:0:603674567
873,B,473,0.018454162403941154,0.8302942514419556,0.03447384759783745,1.1739658117294312,1024,512,0.03447384759783745,1.1739658117294312,stage1_rows,512,0,0.004061542451381683,0.031184025993570685,-0.001121306698769331,0.34468469843268396,0.3105829609557986,c6b451986b71bcb561a681d89f040967:0:0,d142a9a8c10c8e40efcd19407ed1bae0:0:0,111e68c0d39c4a71a6f8d81eaa43ca31:0:0,63a80dc5b4c3fe0a7625eebb5e875946:0:1151814677,bb5737b305a90ba1270b84b0b4d396bd:0:3423520234
874,B,474,0.01570848748087883,0.8520311117172241,0.030091648921370506,1.2047582864761353,1024,512,0.030091648921370506,1.2047582864761353,stage1_rows,512,0,0.011055861599743366,0.13089943300001322,-0.0046750991808949035,0.36305225640535355,0.3376592400018126,0ae048ae7243baedb2046442fcfda167:0:0,c35bc92b0ecbbaea49e4670b4eeb2419:0:0,ac8504d800427edec67e3a7e084179f5:0:0,c3319f6d7b1d8ca18f848135532d1a46:0:509093936,45823d52d5c3d1b26ad6e77755aba316:0:961681322
875,B,475,-0.04528359696269035,0.8122996687889099,-0.08605031669139862,1.1472934484481812,1024,512,-0.08605031669139862,1.1472934484481812,stage1_rows,512,0,0.0040481211617589,0.04194935281993821,-0.0003675729181850329,0.32949046343564986,0.31430194101994857,7f67f7783e3b41d18a066116f7f73967:0:0,dfcc77774c892762743f1bde44faa1f6:0:0,5ff4433053db982ee124d1a724a6686a:0:0,eff3f6fd8bf8052d396309d3d88edb46:0:3525305802,377ed748c97878329d13ba34d718d844:0:62215019
876,B,476,0.0144839221611619,0.8317988514900208,0.03872648626565933,1.1758131980895996,1024,512,0.03872648626565933,1.1758131980895996,stage1_rows,512,0,0.005619432777166367,0.09823185396380722,0.00430276490515098,0.34577375650405884,0.305869604984764,0ee7e82e14ed017f3f108ab48ff0d167:0:0,2403637c8d5b0adc036fb96c66f7dcea:0:0,f53568ce66a55ba2e7e17138e5e05bc0:0:0,302089d1f0167e82e99569c4feac9c46:0:743283550,42fff15129978e9c47223ca5ac6dcaec:1:1148192221
877,B,477,0.02079072967171669,0.8502578735351562,0.045626528561115265,1.201906681060791,1024,512,0.045626528561115265,1.201906681060791,stage1_rows,512,0,0.014619778841733932,0.16185984523035585,0.003648433594207745,0.36146518886089324,0.30890674697002396,ee65acd4338a8926ef7af37bc4ea6967:0:0,5661557fed3a75e79eee1c3d929dcedf:0:0,baf04edc3ba31d644c2d9be7ec0752d8:0:0,f233e46f7d1c4a9f58d8c5f6d5865d46:0:2930907546,abfbbe670b69f018d61116b91bae6cd6:1:931410407
878,B,478,0.019868703559041023,0.8245757818222046,0.03006145916879177,1.1660040616989136,1024,512,0.03006145916879177,1.1660040616989136,stage1_rows,512,0,0.0032810657285153866,0.06398580976529047,0.0020829126646276564,0.34005453512072564,0.3111908120336011,7a274567c496ce040291adcc96e40167:0:0,fa49bb9db98d9302fb8e90f330ef4fe2:0:0,4064b82db2872c933bc87b5dae5b3d3d:0:0,e59eacc6c3c0572b46d487176d1c1e46:0:2769676503,81a3fa73169b47812f65bde4f9a2488e:1:4013494031
879,B,479,-0.02898775227367878,0.8058674931526184,-0.05581565946340561,1.1390085220336914,1024,512,-0.05581565946340561,1.1390085220336914,stage1_rows,512,0,0.00029099429957568645,0.09172646943479776,0.0034143058990594,0.3245536111295223,0.30598368402570486,bfa7336548888256a894cc0705dd9967:0:0,ea5cacc0835f8981bde02689f5501c9c:0:0,1ee991c15f54f47c4d254dda81176327:0:0,4119b85f312be087fa1b5994d56ddf46:0:1069660930,9a1483de456d396d4bb5a6aa26b73c18:1:3515836437
880,B,480,0.026538226753473282,0.8562317490577698,0.05689536780118942,1.2101086378097534,1024,512,0.05689536780118942,1.2101086378097534,stage1_rows,512,0,0.0038787531666457653,0.02641052957624197,0.001613726036157459,0.3662999704480171,0.3068622929858975,20ff40b7175a3c5d5ab8608b11d73167:0:0,82c29195da326137ba9d9e69052acd11:0:0,24e25e329d7a261782e7001531621a96:0:0,fd3ef5d97bd809737c2c2d9d1e7ba046:0:36024456,9261dd6c85cf2c28ca0e1f1d299aa198:1:449140955
881,B,481,-0.05047885328531265,0.829793393611908,-0.10353539139032364,1.1710848808288574,1024,512,-0.10353539139032364,1.1710848808288574,stage1_rows,512,0,0.015060058794915676,0.0871729061473161,0.004271829163189978,0.3435055620968342,0.306523973995354,0d6bdf5aa1086d4e5b247db8bad0c967:0:0,a94de656ee253148897e5f0607c07898:0:0,827b9e593b72538c54ccfc019d3e77a9:0:0,96e9e7505af1a9549173371e58456146:0:1880467008,a9b753ffa676fe423c2ae4d285d48282:1:3410552991
882,B,482,0.04777326434850693,0.8830906748771667,0.09722428768873215,1.2468880414962769,1024,512,0.09722428768873215,1.2468880414962769,stage1_rows,512,0,0.014150789007544518,0.03823107230709866,0.0011672633932903408,0.3892593838274479,0.3068716110428795,bf69e64b12fd285134f535f000ca6167:0:0,6bfdd0a39613992556ee7d5cb44cc097:0:0,99c6978df66fdb19598fbac486e6777b:0:0,9ce77528aefe633e6d4aedc692cb2246:0:3698879106,d6bbee25028eaa186966e89917a63d49:0:3895845033
883,B,483,-0.05193150043487549,0.8377225399017334,-0.11211979389190674,1.1816306114196777,1024,512,-0.11211979389190674,1.1816306114196777,stage1_rows,512,0,0.004892710596323013,0.04270007893210277,0.0005778243959866814,0.3497077666223049,0.30554577498696744,4b684f800869b9783c3a9b90e3c3f967:0:0,1b1ab34d00347d142c069b6274527547:0:0,05e4b26b6f1ba9befc8bdff6beb62d84:0:0,bffe359aab31d7bc21fd0d03de0ce346:0:1899162234,91c54ea964f949c6e2af7fdf560decf7:1:1664043603
884,B,484,0.0013357913121581078,0.8350316882133484,0.00729493610560894,1.1808563470840454,1024,512,0.00729493610560894,1.1808563470840454,stage1_rows,512,0,0.0021347051952034235,0.12327032256871462,0.004969539397279732,0.3487077124416828,0.3053462299867533,0a177a0eeb8e0cba0df8c0fb63bd9167:0:0,aee0ad12d38b0da1e875cf717860d8e1:0:0,6469a763202cdf958094a91e7bf43056:0:0,8aac336038958373ccc394044a0aa446:0:480758221,7fcc546de80d82af2c0daba3050787ee:1:3658746498
885,B,485,0.021091118454933167,0.8500568270683289,0.0405704528093338,1.201818823814392,1024,512,0.0405704528093338,1.201818823814392,stage1_rows,512,0,0.007300172932446003,0.0956224347697571,0.003509763104375452,0.36124654933810235,0.3126215970260091,8f0752bdadede4eb1027b88f80b72967:0:0,4ede9a7f51e4bf1da5b24a6a7554ae8c:0:0,7161646601ae3a539d59b6c2035f2bb7:0:0,012a243db6d99cb17dc9c5b5e6c46546:0:2095309192,a8c519697305eb44281fd7d27b2ba2d3:1:2931952530
886,B,486,-0.04044536501169205,0.8343291878700256,-0.08232248574495316,1.1784119606018066,1024,512,-0.08232248574495316,1.1784119606018066,stage1_rows,512,0,0.009585663676261902,0.06109167054528371,0.0004167148930719122,0.34756067395210266,0.305461807991378,e785a4957d73e2b6f1b394ad3ab0c167:0:0,e088d1e8be2987383e6ab02f6e9fc7d4:0:0,210cabfb3be4964f2bf69837777f1652:0:0,82d84d456a5901e9dc2d28c6c43a2646:0:2925733807,b7f40a2ca40d76e2a32a797ef5ae617e:1:2593295640
887,B,487,0.05873977765440941,0.8550423979759216,0.13002677261829376,1.204971194267273,1024,512,0.13002677261829376,1.204971194267273,stage1_rows,512,0,0.003968018107116222,0.09027490911539644,-0.004132327606203035,0.36396867483854295,0.3114028970012441,ce85b2441c825b9a2a7c67b491aa5967:0:0,6959ecbf3212481654a7dc90658be6ab:0:0,65847d3d8b47772f9b9fc6cee21fb0cd:0:0,6ee7857f538e0b4485fe87a4f26be746:0:1019052125,921529bf37a94b1d031748b9cb3976f9:0:1875444702
888,B,488,-0.031641993671655655,0.814523458480835,-0.06681103259325027,1.1508122682571411,1024,512,-0.06681103259325027,1.1508122682571411,stage1_rows,512,0,0.012987055815756321,0.037930491112638264,-0.0012174218194559217,0.33144013956189156,0.3108272060053423,d8ca185a82f200db7b56440585a3f167:0:0,5b3fc8661b03451de3765d1af2d886a2:0:0,c73e3f30dddfaf2d558e10d22e8c874a:0:0,3f876ec2d9e9d13e2c42f07e8159a846:0:4075825035,c856f41336c3b953933d21f9d3c1d094:1:4118460736
889,B,489,-0.004718629643321037,0.8445191383361816,-0.011094356887042522,1.194267988204956,1024,512,-0.011094356887042522,1.194267988204956,stage1_rows,512,0,0.0005234951386228204,0.03976438620593399,0.0012941389257321134,0.35665934085845946,0.30527246702695265,5891d7b76dfe56856e093c00169d8967:0:0,d186f3d9c6722250d2fcc84c2bf75ca6:0:0,a73637e9910ea5816ea1861869d8f9a0:0:0,0b86b6c9a2b33a726af4b54181036946:0:408715490,5cebf0349e54f3439af5e7cebc16fead:0:2216418700
890,B,490,-0.022648639976978302,0.8467187285423279,-0.031148862093687057,1.1973540782928467,1024,512,-0.031148862093687057,1.1973540782928467,stage1_rows,512,0,0.0006265516858547926,0.029389074025675654,0.0005399484885856509,0.35863342359662054,0.3065530040184967,d9a946ac851ffa5fd551620444972167:0:0,fc45c479ef2cfb3eddd560dfd4c94d6a:0:0,b6da05cefccf3837e0a355de49226241:0:0,d5fdae8f1c46e29d5d046b9c01692a46:0:3458767081,9dbb9bdb47f8e7ce57ab0ba22b23038d:0:4074354632
891,B,491,0.046968694776296616,0.8374062180519104,0.09311670064926147,1.182446837425232,1024,512,0.09311670064926147,1.182446837425232,stage1_rows,512,0,7.051043212413788e-05,0.0020568542182445525,0.001118905356270261,0.3500689990818501,0.3107607919955626,9df786acb9d4bae94cdec8720f90b967:0:0,19e8ce5ce6eced08ec1aac42aad5cc34:0:0,4a8d28af68cf7a6cad44f6e5fa08d047:0:0,475f82aab6c4ace4ec59ecfc128aeb46:0:600921475,b8cbd0a29a0c7e1902b54b0a8544b9e5:0:1856011555
892,B,492,-0.05658726766705513,0.8303909301757812,-0.11204130947589874,1.1717023849487305,1024,512,-0.11204130947589874,1.1717023849487305,stage1_rows,512,0,0.00869895052164793,0.0770034882822074,0.0012717500343569555,0.34394691213965417,0.3077296310220845,6f70fb9288557e50b95581a9778a5167:0:0,06abb060b47fab64fc6f676de574d249:0:0,2320cf5c968ca4893906caf4319f7535:0:0,5131ab3774eb9379ddd5568fc468ac46:0:871626958,a53a245f336115fd508354bfcef936bb:1:1887357969
893,B,493,0.0156832505017519,0.8335592746734619,0.025089262053370476,1.1787360906600952,1024,512,0.025089262053370476,1.1787360906600952,stage1_rows,512,0,0.007574235089123249,0.08400765634141863,-0.005472698743687943,0.34750556498765944,0.3082697879872285,6ebf20ccbf39f96ec84da00a7c83e967:0:0,4f7645843eb0255f6664e31f136b46bf:0:0,047c7a2fbdb73a464aaaa42e7fb26bd6:0:0,6468a3c6729806a09950094527026d46:0:3442865022,303cd1c3308c1f3f1717083959257294:0:3669127869
894,B,494,0.07410312443971634,0.8589521646499634,0.13475562632083893,1.2116738557815552,1024,512,0.13475562632083893,1.2116738557815552,stage1_rows,512,0,0.0012133355485275388,0.020944894955027847,0.0021975280658807607,0.36817682906985283,0.3077115979976952,3dedf800740a36bf705335f51e7d8167:0:0,7c5c17002883a45784d693aacede1eb4:0:0,24ee6fe42ef0a1e91ca95cccbe35ccc7:0:0,95379287320ced31ad9da9ca4a582e46:0:1807918619,ad37de35dc3b1b19d58767881a2fd2dc:1:934855321
895,B,495,-0.030207686126232147,0.8569942712783813,-0.07769069820642471,1.210066795349121,1024,512,-0.07769069820642471,1.210066795349121,stage1_rows,512,0,0.016663599759340286,0.09216979858465493,0.0006179088028147817,0.36651623621582985,0.3067838359856978,04072beecabded5b70e655c95d771967:0:0,0d7dccc65b41b04792e912199748701f:0:0,c261d03ffee6a8e8c597ecef771e2686:0:0,716737fbf5e318a2108d208d3e69ef46:0:3098508870,865d10ec072868ee8015dcf798ded329:0:3489357283
896,B,496,-0.01676422357559204,0.8418041467666626,-0.021261051297187805,1.190453052520752,1024,512,-0.021261051297187805,1.190453052520752,stage1_rows,512,0,0.0013568922877311707,0.07888212515972555,-0.0003107276512309909,0.3544686362147331,0.30820717400638387,49b2e1ad3629a7f1d27b11e73970b167:0:0,ad11a2959fca9598afdc2be90fbfad08:0:0,2ddf9745011f31f7b3a408b2afb305e2:0:0,9f665cf6232ebea31ae999bc1337b046:0:2489332253,702396b6825b6d98ad5a9cd68b7e219e:1:2455027821
897,B,497,0.0041850898414850235,0.8328300714492798,0.02603829652070999,1.1773649454116821,1024,512,0.02603829652070999,1.1773649454116821,stage1_rows,512,0,0.005659959279000759,0.06444228999316692,-0.0036011549149407075,0.34667074829339983,0.3088142810156569,97be117ed759bbc166797caeb26a4967:0:0,fc00b32a63d9e05421b252cd9022897f:0:0,e70dd893710330c3d4391f16999ca45c:0:0,eb5019f29e1e4a6a407b8544d8c17146:0:3404148113,3d7fc0d9783bee5cc9a66b05d8edb9be:1:2948983219
898,B,498,-0.029462283477187157,0.8226121664047241,-0.06422767043113708,1.1622940301895142,1024,512,-0.06422767043113708,1.1622940301895142,stage1_rows,512,0,0.010778674855828285,0.08994437016081065,0.0014411542331799864,0.3380431644618511,0.3066906110034324,0ec61fdda1db0f92473da87fc863e167:0:0,3b7942a4e2799b667c048db17e089dd2:0:0,b9f225b4465168160afa0a405d0462cd:0:0,d6a5effc4b0997b0840996d59f073246:0:1674137248,7e2b7528b61f46b2548cd85f8be38533:1:2079950594
899,B,499,0.03532106801867485,0.8387994766235352,0.07424500584602356,1.1849427223205566,1024,512,0.07424500584602356,1.1849427223205566,stage1_rows,512,0,3.972905687987804e-06,0.05678497196640819,0.0018948012264445424,0.35147658959031103,0.30456864199368283,e3414e81eaf1b2af5817a7ba7b5d7967:0:0,2911a08601f8ce02da57879e9948df89:0:0,fc68c6133593650a97e88d668564fc8c:0:0,2135feb7569c6979a759c5dc7608f346:0:1065774139,be0542f0c243040d569534d16e84df04:0:3963836815
900,B,500,-0.014234645292162895,0.8462112545967102,-0.018433203920722008,1.196690320968628,1024,512,-0.018433203920722008,1.196690320968628,stage1_rows,512,0,0.021500857546925545,0.09521832235623151,0.0016733847092837094,0.35812161341309545,0.30930775799788535,c2ab7c7709bd43dfc54b8cbecb571167:0:0,2649a307bf7ec68caffeb24f4d52d454:0:0,34e299ceb46e6b56c608ddfe27f5a13d:0:0,ba4ffbdea17aaeb317324d876dc6b446:0:3647419120,2a63c4281706d7dd1f9e3a4e981872ef:0:1284341631
901,B,501,0.05977430194616318,0.8613834977149963,0.11439687013626099,1.215707540512085,1024,512,0.11439687013626099,1.215707540512085,stage1_rows,512,0,0.01026698388159275,0.045961022458504884,-0.0027968022972345353,0.3703374840319157,0.3091453740489669,a5c68b8bae4b2860841169ecb850a967:0:0,7f2eb742a59972f3745825be78f5a505:0:0,3d5c4a38a7b4c782af2447e86be0e6b8:0:0,74734d09a670e6ba935aacc496407546:0:2172952551,f3e8f5bbb52e33f1bb29ef4089961443:0:2349969331
902,B,502,0.01993393711745739,0.8296393752098083,0.019896144047379494,1.1732295751571655,1024,512,0.019896144047379494,1.1732295751571655,stage1_rows,512,0,0.000650136498734355,0.035144965013023464,-0.00027304093819111583,0.344280106574297,0.30654799402691424,789da0ac959692ddd29551a4424a4167:0:0,06b5f8e481b3db0f20e6ca6088bcc634:0:0,febc31604d8f0a4319f0010b0d1a79d7:0:0,e8e933c06df6b7dc929ca641ff763646:0:2640666724,0797ffc5eb56762dddee85438a4af43c:0:3980180803
903,B,503,-0.03889485076069832,0.8608788251876831,-0.06944914907217026,1.2166608572006226,1024,512,-0.06944914907217026,1.2166608572006226,stage1_rows,512,0,0.005041711963713169,0.023543673940002917,0.0012534493289422244,0.3704606547951698,0.30743479199009016,4b5253f840765a6cb7f756456943d967:0:0,70f6ca341889300f31e0eb20ed8e759f:0:0,76e4aafd672767642436de259bb513a4:0:0,6860dc709e7d89da62c5406db967f746:0:3332351746,0f7df44ac56343bafe3080dff131bf8c:0:3727273618
904,B,504,-0.007175170350819826,0.834619402885437,-0.00304615031927824,1.1802862882614136,1024,512,-0.00304615031927824,1.1802862882614136,stage1_rows,512,0,0.0004509944701567292,0.07830949811032042,0.0033515855902805924,0.34837964847683905,0.305152140033897,6eaac49a5378a184844b8a302d3d7167:0:0,60bde61a5172d88ddc72e036ec730b79:0:0,063b945a3bbfabdab97d02a475ecf210:0:0,f7afe17e76b8b68804a5c575d415b846:0:2555453533,2eb2311c9ae43c5a0e5eeb48d80d8e7c:0:1153703323
905,B,505,0.03248471021652222,0.8655568361282349,0.06709784269332886,1.2230768203735352,1024,512,0.06709784269332886,1.2230768203735352,stage1_rows,512,0,0.011799989268183708,0.07962769605219364,0.0021848292555660008,0.3744606330990791,0.3047324020299129,f4df63bd45ac4cf85099ffc48e370967:0:0,b6e53ba56b0cb2935704bd827b4c4eff:0:0,27851f36317053455b694263f1a673f1:0:0,c816132a7dc0a291c414c3485f7f7946:0:3021506735,6de880e0f6d41bdcb7b86bbddf3f31bd:1:1030048827
906,B,506,-0.07955731451511383,0.8446017503738403,-0.16704337298870087,1.1879832744598389,1024,512,-0.16704337298870087,1.1879832744598389,stage1_rows,512,0,2.602383028715849e-05,0.07149985418654978,0.0015603296080371365,0.3543378092348576,0.3047037540236488,8a47292104584af07edec9628c30a167:0:0,fc47171e866877bd56b5350a5ff32af3:0:0,1d986c1bc2d45abdbd8f66d313035dd4:0:0,5e0ac214f4a5d0798bef0b936ba53a46:0:30703531,12255e64b74843a35ef3e6915ae2d541:0:617442191
907,B,507,0.013724308460950851,0.8316486477851868,0.041875164955854416,1.1754173040390015,1024,512,0.041875164955854416,1.1754173040390015,stage1_rows,512,0,0.01617216132581234,0.052994907507672905,-0.0008880952140316367,0.3456422917544842,0.306704718968831,7a38c32531a0a9e43a09f96a272a3967:0:0,39f56096483e5d70290070c72a377380:0:0,086421f461918a4d5e672b8dad9d5426:0:0,431e238695bcbfdbf618b3c50886fb46:0:1151186182,4881cf8aca32ac09f22e24c18ee058d6:0:3174559403
908,B,508,-0.0010244324803352356,0.8320582509040833,-0.0014739632606506348,1.1766806840896606,1024,512,-0.0014739632606506348,1.1766806840896606,stage1_rows,512,0,0.002471459563821554,0.07104266695678234,-0.0019180066301487386,0.34626980796456336,0.3046693649957888,fac73355a4197f92f5ffa23b5f23d167:0:0,dd9bb82295d026b3ac49e65ae7e67c31:0:0,d196f03236cd780f38eb273b88d66a53:0:0,f2427b0eef9f2b0d177e150b4624bc46:0:1405542490,e34d879d3c237b662123e36876d20835:0:1852110154
909,B,509,0.01867828145623207,0.8286405801773071,0.029879268258810043,1.1717430353164673,1024,512,0.029879268258810043,1.1717430353164673,stage1_rows,512,0,0.004262424074113369,0.009357220714446158,0.0013019767968216911,0.3433662123978138,0.30523838597582653,85e827c7cd479ffdef97d636341d6967:0:0,28d2e27c7fc402889beced6f411fc81c:0:0,4a922b15508366932bf1d2b157d914cd:0:0,c1fc6337ac92f51d0814cc54347e7d46:0:2942540012,ecaeb231cb41a8e344b9a6fec3339a44:0:48404961
910,B,510,-0.04971516504883766,0.8268041610717773,-0.09686177968978882,1.1673529148101807,1024,512,-0.09686177968978882,1.1673529148101807,stage1_rows,512,0,0.0011920921970158815,0.027469653356820344,6.042802124284208e-05,0.34116611555218695,0.3050505620194599,181240d7ad0f2461ac9ea7baa6170167:0:0,313ab6ad37cd3ed4bddae7693fda11b3:0:0,075ba6b3816ebae2bf8795de062fa332:0:0,f61bc5bd5abada5426dcba4de3943e46:0:2252078981,4a9131fe9d64782c6839f8b39abc7341:1:47925418
911,B,511,0.009761283174157143,0.8506603240966797,0.022018752992153168,1.2028673887252808,1024,512,0.022018752992153168,1.2028673887252808,stage1_rows,512,0,0.005259331315755844,0.06538212557788939,0.0023926191293867304,0.36196099370718005,0.3057777509675361,a3795212f80fc22f7bd42928b5109967:0:0,662f9c39aed54c1a1f16aa8df0fcb9ae:0:0,9f4d7c9a2bfdd1b522e97b6ca599ab78:0:0,0781d1adce28b53719e103666365ff46:0:2402314597,6f6b2016d7101be32eacdf0c648929e2:1:1931886632
912,B,512,0.01146455854177475,0.8037103414535522,0.030518189072608948,1.1362707614898682,1024,512,0.030518189072608948,1.1362707614898682,stage1_rows,512,0,2.610089723020792e-05,0.0900888955569826,0.0031905213167192415,0.32295470535755155,0.3057211019913666,e3be8c6116eef206f4ec6ce0610a3167:0:0,693f2bcabb367741c3df8373ee1c8ff2:0:0,777c2681661110890eabe1134475d597:0:0,00db91b5fb9cea228a390fcbc3f3c046:0:2330107518,efe611e70256c22ebd1d2c743d8cd78c:1:1600631399
913,B,513,0.00010385946370661259,0.8367155194282532,-0.007888270542025566,1.1832154989242554,1024,512,-0.007888270542025566,1.1832154989242554,stage1_rows,512,0,0.00023218675050884485,0.11458949150983244,0.00414580438809935,0.35012165606021883,0.3057817650260404,00325eb6a48fe6af788f8541aa03c967:0:0,14dafee08b640893b0c97475e0b35f1b:0:0,4024472e5d72c9aba5301dbfaa46b58d:0:0,5b92cd8931724b8e9c098b6c153d8146:0:1059791646,0f57264aed2f3441959ec3a3d7a80932:0:1935228093
914,B,514,0.05111478269100189,0.8295307159423828,0.08776576071977615,1.1719684600830078,1024,512,0.08776576071977615,1.1719684600830078,stage1_rows,512,0,0.0021119178272783756,0.0797238027327694,-0.0008841867194860243,0.343911973759532,0.30681332299718633,12a5b9e311395411b05984ac8ffd6167:0:0,9451645096141879d80d29aa97c2f10d:0:0,e1585d4294f21c3f4adfbae536cdd50a:0:0,6873cd5ddbe9890a228565f567434246:0:716362514,0e5a1ab7be797015bc22d4ab7f0f8b0f:1:1448024515
915,B,515,0.03812514245510101,0.8701788783073425,0.061260391026735306,1.2301547527313232,1024,512,0.061260391026735306,1.2301547527313232,stage1_rows,512,0,0.006795636843889952,0.03724166963947937,0.0010447562905028462,0.37868365570902823,0.3059234889806248,b640434710a906310eda7d8112f6f967:0:0,ff38b2b07b87290ac65750923e88a142:0:0,ee42d2a49134c262bb2eeda864cb2ded:0:0,06c8a4bc8abafafd8feed2d5ca050346:0:3297983284,d69c8d92a9521f289ba90cd4a6f9a5f8:0:2886348925
916,B,516,-0.07627862691879272,0.8595722317695618,-0.16186124086380005,1.2095558643341064,1024,512,-0.16186124086380005,1.2095558643341064,stage1_rows,512,0,7.921189535409212e-05,0.03366804323159158,0.0006225033313967288,0.36709764301776887,0.3053266259958036,34e0e182791548254f96821f32f09167:0:0,07b35fbbb8151e761e07689045e69a63:0:0,db1ddd0e9cd74109d705c30c8e867e9b:0:0,0d0a2908b7895d45a198493b4d82c446:0:1972521990,9adb2c9009b69b35bb7fd5ee1a42fc6c:1:4165980573
917,B,517,0.07388577610254288,0.8567337989807129,0.14019730687141418,1.2079414129257202,1024,512,0.14019730687141418,1.2079414129257202,stage1_rows,512,0,0.005352482199668884,0.048457445937674495,0.0006811624218244106,0.36591691374778745,0.3110297519597225,c235ed68391c1b13f705a4e6efea2967:0:0,3f49c5523ec66afaba1056c38e29c613:0:0,4fc3b010b4f04a47bc73ebd442bb3d2a:0:0,149206fbd783cab5c7e5841401bc8546:0:2661006359,3058cca1b9c821a166055ba3957db98c:0:2195023321
918,B,518,-0.03818065673112869,0.848717451095581,-0.08488374203443527,1.1984169483184814,1024,512,-0.08488374203443527,1.1984169483184814,stage1_rows,512,0,0.0027716034092009068,0.0626639335649088,0.0013122397824190557,0.3595296233892441,0.3078045080183074,71fa30c70aa03d29d293f83849e3c167:0:0,06418ec251a5e4527df5ae96e1b4fe92:0:0,2b9b9b76469ee10d5841e2df31168179:0:0,3134f77e8e390b924a4c820df6b24646:0:3712464775,4b90f8de50d18f7ab2c92402b66b9a00:0:2237578838
919,B,519,0.01222002599388361,0.8253904581069946,0.0197439081966877,1.167212963104248,1024,512,0.0197439081966877,1.167212963104248,stage1_rows,512,0,0.003924403339624405,0.14365119267022236,0.005681004771031439,0.3407672092318535,0.3079586460371502,3a9bbbd58894009478a18e7340dd5967:0:0,c0dedec10bed064e2ba0a12b665c7749:0:0,5e2e6fe2ab70291cb41e82c2ef4bdf4c:0:0,93d25e9d64520912275685973c640746:0:2776850661,299126bc56c7ae703182677332eb9d47:0:3452306640
920,B,520,-0.0025107094552367926,0.840399980545044,0.006044099573045969,1.1884231567382812,1024,512,0.006044099573045969,1.1884231567382812,stage1_rows,512,0,0.01688004843890667,0.09782794966595247,-0.002295046276412904,0.3532038427889347,0.3123583010165021,5f0179504db1f27bc88279f7d4d6f167:0:0,86035f271f34da95a21083a310d1d4a2:0:0,cd16a0b0c3ae4766b58651e96ce720d1:0:0,9f283582329cf7f8b0a114dde2d1c846:0:3214973567,ac8885f01f59c31bbdace79afe63ad7a:1:1297885005
921,B,521,-0.029938390478491783,0.8384696245193481,-0.08546546846628189,1.18314790725708,1024,512,-0.08546546846628189,1.18314790725708,stage1_rows,512,0,0.015771254897117615,0.07037386456504464,0.003904786834027618,0.3504068352282047,0.3093270980170928,092c4898c22351fb6a7ecd2605d08967:0:0,ecaf3d7cf51341a63f1d417b3aaf9499:0:0,9319e8a85e6be2d6ec54ae9713cdf10b:0:0,85bda11d80868c56e2def9cff9fb8946:0:1019118216,616e07f8696b1fd029ffe4612b6081dd:0:194907464
922,B,522,0.007787555456161499,0.8382219076156616,0.013204160146415234,1.185378909111023,1024,512,0.013204160146415234,1.185378909111023,stage1_rows,512,0,9.83942300081253e-06,0.10449104523286223,-0.001943410697276704,0.3513576738536358,0.31202643900178373,b41044633e14571c4fd29a5dd3ca2167:0:0,5f020e6cde28c048be5a3a5d2d28e8e5:0:0,fe59d13d42426548713c837ea7c93018:0:0,b918b13f64d2488479d9421b91e14a46:0:3432240332,e3faf6ee811a8e4f870aab8644860715:1:4032653509
923,B,523,0.027117840945720673,0.8474273085594177,0.05491374060511589,1.1977818012237549,1024,512,0.05491374060511589,1.1977818012237549,stage1_rows,512,0,7.328204810619354e-05,0.030365378106944264,0.0020711492863483725,0.35887291878461836,0.30633565300377086,3d3abbc3273649ce32adf3ff3ec3b967:0:0,23553448bcab34df3dd2d35de50c17b6:0:0,f1b05268f6c10b75fb580c5220309059:0:0,a98736020816b960c0703f2eba830b46:0:1261217132,37f3d37e73f9d8518e83873364f300a4:1:3350055810
924,B,524,0.020093942061066628,0.8586022257804871,0.04031249135732651,1.2138957977294922,1024,512,0.04031249135732651,1.2138957977294922,stage1_rows,512,0,0.01604441925883293,0.08727094504283742,-0.00039353092142846435,0.36863881573081014,0.30845363199478015,16a942a3af2f68e11634ec6a46bd5167:0:0,3552c1d53252887dd022cdf154d8062c:0:0,6bb7503ebb515ccd91cde8b4f6772a73:0:0,e3503254ba3631eb1c9c863783e0cc46:0:3434373945,f5d47bec216dbe3c206f05d8663af59e:0:2916872610
925,B,525,-0.018917951732873917,0.8364854454994202,-0.02663346566259861,1.1829009056091309,1024,512,-0.02663346566259861,1.1829009056091309,stage1_rows,512,0,0.020944997668266296,0.12493285699747503,-0.0056747425987850875,0.3499395675957203,0.31751489295857027,169e1dfbd8f8a0fec67f95feebb6e967:0:0,c48ebe7f67b0d4242998578aec41371c:0:0,c34d57939feb4490a1c96226ad1dd0c1:0:0,dbaa10e99ec05843576ff023fdfa8d46:0:394471820,67f86409c44f45a3464245993f79319d:1:2604277520
926,B,526,-0.02632072940468788,0.8268737196922302,-0.055622365325689316,1.1686240434646606,1024,512,-0.055622365325689316,1.1686240434646606,stage1_rows,512,0,0.0025082193315029144,0.09363699929090216,-0.007050466118380427,0.34167397022247314,0.31324790901271626,ce3e2f4c6b2913a4589a031d2db08167:0:0,53e28dbc01f2a3b7d2a681c0db7ddfeb:0:0,576bdf93d8aa9624a2b4b572cc1a880d:0:0,5346537d47dc9621a11699a238d04e46:0:3448143653,2eb279e8fb9ff7cde5078f53cda29c1c:0:2050586302
927,B,527,-0.009595044888556004,0.8362104296684265,-0.01019272580742836,1.1825604438781738,1024,512,-0.01019272580742836,1.1825604438781738,stage1_rows,512,0,0.013844761997461319,0.12007639894727618,0.005328987911343575,0.3497316174209118,0.31081433600047603,205c6236752f6e1baa8446250caa1967:0:0,4e8dc07be050d661d3a91844efa540de:0:0,ddeb89f4f20becf4219ca05c795d522f:0:0,03d0fa232c113ed650d7e32044620f46:0:1392974083,65a5810fc1129868c0d7892e30b9afcc:0:3583758930
928,B,528,0.012644791044294834,0.8465269207954407,0.02638256922364235,1.1969977617263794,1024,512,0.02638256922364235,1.1969977617263794,stage1_rows,512,0,0.0006190876010805368,0.08386715943925083,-0.002758391620591283,0.3583572253584862,0.31462234602076933,08067e390d791074e332717688a3b167:0:0,62ad0de9d8cf2ed7299292fdbd60a38d:0:0,919fb1291851e1cb36eaa17040912e74:0:0,c38967afb8eefce1611770cc30afd046:0:392398913,c628f976d35af79ea40d928be8cac483:0:3053362632
929,B,529,0.025768188759684563,0.8483309149742126,0.06673500686883926,1.1983016729354858,1024,512,0.06673500686883926,1.1983016729354858,stage1_rows,512,0,0.0010719901183620095,0.0318511217366904,0.0016837738105095923,0.3593441255390644,0.3149745619739406,1a2f1de4ee87047ff28c9771a19d4967:0:0,e77a5f7e17899599d2c6b9f8909d01a8:0:0,b050562697a42871c3670324df8d0761:0:0,6ff3303cdb5bd931a7562a940db99146:0:3695775481,a366267a22d59d9fbc6bccbf1eb95848:0:3309071557
930,B,530,-0.05419636890292168,0.8453782796859741,-0.11056023836135864,1.1928695440292358,1024,512,-0.11056023836135864,1.1928695440292358,stage1_rows,512,0,0.004602623172104359,0.09955566831631586,-0.0038136855117045345,0.35640199333429334,0.3115839479723945,4f306c1498f0c4c6116eca765796e167:0:0,9c58ba403e24b90f24344b2538a16439:0:0,4a2880c4441894633a1e2ade076deb36:0:0,93d435dc2decee1bc8333c25eb7f5246:0:2624142277,b7b2cb66709bd2f83b2d6daa58961dc8:1:912343150
931,B,531,0.04473979026079178,0.856374979019165,0.09722393751144409,1.2088029384613037,1024,512,0.09722393751144409,1.2088029384613037,stage1_rows,512,0,0.029576826840639114,0.030670273420400917,0.0014195341034792363,0.3658610850572586,0.3078037319937721,07db26f7a054d38341a91ce4aa907967:0:0,aa3811d66c83b3e754ddf1eea8011ffd:0:0,04bd5a590a77ba31f7e7565cee7e9ac9:0:0,91cdfc8e96719818e76d14efda011346:0:348588213,b2ce7f53fa386b5dfa9a15a28980578f:0:2937535363
932,B,532,-0.010190085507929325,0.8322552442550659,-0.029310880228877068,1.1766332387924194,1024,512,-0.029310880228877068,1.1766332387924194,stage1_rows,512,0,0.013734286651015282,0.03661376209929586,0.0006269483768846839,0.3462958909571171,0.3130816310294904,0e5547ffc937219fcdffa11c9a8a1167:0:0,663e42d602a29f5ed16392ed47c5b02d:0:0,3e78b05d265ca0f5076b6f44dedf0a34:0:0,e3538047f586b65d13e2681fe93ed446:0:2984794140,9fb24ea4067489c27373e1c318328b75:1:3460074501
933,B,533,-0.042848262935876846,0.8316792845726013,-0.09806404262781143,1.173560619354248,1024,512,-0.09806404262781143,1.173560619354248,stage1_rows,512,0,0.026296542957425117,0.101423085690476,0.0013120577670633793,0.34503037557005883,0.31377438094932586,85338efe9dcd45a9ca2a697e2783a967:0:0,550936a4bc9c0c84bf17a73db3fd5c5d:0:0,34646929266129607cbc09c674a2b677:0:0,a1ba74daa5bc4d556f932ca429389546:0:2123138264,cda5ef7d7c90050656e2a20799678997:1:3920583870
934,B,534,0.014465654268860817,0.7850553393363953,0.03601088374853134,1.1097806692123413,1024,512,0.03601088374853134,1.1097806692123413,stage1_rows,512,0,0.0064290110021829605,0.02239437020616606,0.00078712297254242,0.30809654742479325,0.307820952963084,4ef90e021fb882ce92d58869517d4167:0:0,5b109bb44231765db3e1b542b84cacf1:0:0,d7b1c35a7d88357eef9a340cc3e0d349:0:0,55541edde38b9d1e13a19d2aa9ee5646:0:777699895,f2421c53bdea60a8b289d089a7aaf742:1:213700001
935,B,535,0.006254103034734726,0.7987114787101746,-0.00040810927748680115,1.1294842958450317,1024,512,-0.00040810927748680115,1.1294842958450317,stage1_rows,512,0,0.0006746170111000538,0.06495802564313635,-0.0012172248694696463,0.3191137570887804,0.3160266900085844,757fb2bf3cad9fd44da1103e1876d967:0:0,899c9f2f4348f56d7df766215f6c8a8b:0:0,b2b27535414bb0d96f4f2b36fed4198d:0:0,a3b264b7d40f7dffb05338217b601746:0:2528079722,44c8d3b16d3bebc373d8c522f0c28961:1:2974882696
936,B,536,0.0005987063050270081,0.8183510899543762,-0.015150262042880058,1.1570836305618286,1024,512,-0.015150262042880058,1.1570836305618286,stage1_rows,512,0,0.003934411332011223,0.08971774741075933,0.00391480301041156,0.33480642959475515,0.3178599789971486,7bbca998ac0a8e136921135c7c707167:0:0,c7491727cde53ef354c0f4f2dcf618d2:0:0,a0c3aa17fb1b527a5ac6d6a20da660ab:0:0,3b52dea3be249504e911bfb6ad8dd846:0:889932045,ea2bc56db891b5fa9d867969229d3c9e:1:3949920550
937,B,537,0.042356763035058975,0.8506365418434143,0.08053163439035416,1.2017539739608765,1024,512,0.08053163439035416,1.2017539739608765,stage1_rows,512,0,0.002169821411371231,0.04225895565468818,-0.0010399635415524245,0.3614580735564232,0.31835090194363147,4cdb5590db59e0701cdda4247d6a0967:0:0,59d894c1095bb7224697cfbaca21593d:0:0,6e03c48b7f955dd1afa5abe6c8d009cb:0:0,56632a93284ab2b76c6c39d850779946:0:3915352528,1c507766d89dab5925cff9e8a4515b31:1:3497213725
938,B,538,-0.021747808903455734,0.820915937423706,-0.039355598390102386,1.1606616973876953,1024,512,-0.039355598390102386,1.1606616973876953,stage1_rows,512,0,0.002789361635223031,0.027566114906221628,0.0005997253698296845,0.33695306405425074,0.3149235610035248,a9c977b58fc41253e952d4f61b63a167:0:0,caca78c86eb4158d9b1ec8eb57ae8cca:0:0,4657797576c8c4de3f580fb31f5754c7:0:0,502d4be0ed546e14c817f034741d5a46:0:2470783363,af3ac7e8caec4834f67c097f24664f64:0:3539849536
939,B,539,0.02041131630539894,0.8227108120918274,0.046343740075826645,1.162893533706665,1024,512,0.046343740075826645,1.162893533706665,stage1_rows,512,0,0.006968335248529911,0.08130961225833744,0.0027485481376061218,0.33830721825361254,0.32000771001912653,8a06ffd3e26e9ea717f0b831565d3967:0:0,5097553f2c0188863bc3fd672d3abd87:0:0,03e4c62a38d5794cb56583484cb7bf18:0:0,062c25b3faa5cdcaf8f17039287f1b46:0:2137959109,0bdfa018a931695d30fbe63def503816:1:3469283721
940,B,540,0.02220168337225914,0.8330704569816589,0.025984078645706177,1.178099513053894,1024,512,0.025984078645706177,1.178099513053894,stage1_rows,512,0,0.0049002100713551044,0.06111746475799009,0.002186314051505178,0.3471468836069107,0.31147285300539806,dddbdf833dc8e6ca3b1b60362e56d167:0:0,5b1e232dda5945d12d5c7294db0bcc45:0:0,d42fbf7b7a63d336abad10f8cc422de2:0:0,34f8f8604c7691ccb6fd8b147d9cdc46:0:1817448491,d00aa6c017c0c507585e2c7f08df076d:0:1219228145
941,B,541,0.023197252303361893,0.8347141146659851,0.05274197831749916,1.179707407951355,1024,512,0.05274197831749916,1.179707407951355,stage1_rows,512,0,0.0070243398658931255,0.1447454732377082,0.006748858289029158,0.34817034676671027,0.3160680389846675,7efe17d601c6e98fae2adf64a3506967:0:0,4b83bb2ee21806e6902d0611d911192e:0:0,878b8fcfaf326312cef5f5ad67cc2625:0:0,1d1314cbdf406f4d7d6a55b483769d46:0:381743746,d8dd0df4510bd4e97ccc88ac73a64e5b:1:1175806090
942,B,542,0.008912870660424232,0.8377023339271545,0.024324802681803703,1.1844743490219116,1024,512,0.024324802681803703,1.1844743490219116,stage1_rows,512,0,0.00017938704695552588,0.053176960861310366,0.00265395462338347,0.35083008334040644,0.31707420002203435,e132193e7509ca35156b481cb54a0167:0:0,edb94281fe668c42ba7c84baae41d34f:0:0,f70e310449d3cb068248e30d301ba7cf:0:0,5748a396b13551354e9028c74a0c5e46:0:3363543246,3964dae1e10d8d192936a6fd65f8e9c0:1:2472821065
943,B,543,-0.014511654153466225,0.8244203925132751,-0.031140437349677086,1.1656557321548462,1024,512,-0.031140437349677086,1.1656557321548462,stage1_rows,512,0,0.011287222616374493,0.10494888676330447,-0.010647126496769488,0.3398330591619015,0.3178342469618656,3e876c76a8f6275cde1cacbe64439967:0:0,a0deb80b38b478631934372004945c3e:0:0,5b0d8b0da9fded93988d15ee6683eaf1:0:0,4bce673c934d6f1c33f2a0bae15e1f46:0:3692469775,10d88771b9822b96020e7dc0f05d62d7:0:288190379
944,B,544,0.03569707274436951,0.8656294345855713,0.07498077303171158,1.2229098081588745,1024,512,0.07498077303171158,1.2229098081588745,stage1_rows,512,0,0.053923480212688446,0.16045475171413273,0.006231977371498942,0.3742493011057377,0.31742587400367483,8a837a79f6b84207be731fa9b03d3167:0:0,bbf59b3e42dbe83868bdb1936c18a4af:0:0,8a3c075b25b74133cc4ba6b3b93310f0:0:0,615ed7596f30ccdd7a419dbd596be046:0:1529649947,c6bb6ba0aa7e5997193aeaff7824b145:1:3232753965
945,B,545,-0.03587280958890915,0.8511927127838135,-0.08043840527534485,1.2020865678787231,1024,512,-0.08043840527534485,1.2020865678787231,stage1_rows,512,0,9.987270459532738e-06,0.08481591612799093,0.003945739006303484,0.36171917244791985,0.3176373509922996,6cd428debb35f48e3596b33e9936c967:0:0,98cbd8d80a33d81c07e5745557190735:0:0,cc4f186c18e4d9595ff24ff10d6858fa:0:0,b63ef660cdf374d2a95a43bcc235a146:0:2933947958,f5fe77cf14d982d52ff413a1333f4bdf:0:3495109489
946,B,546,0.01919490285217762,0.8615213632583618,0.053899168968200684,1.2173686027526855,1024,512,0.053899168968200684,1.2173686027526855,stage1_rows,512,0,0.0036257042083889246,0.09829236363293603,0.0019977269228547813,0.3707904115319252,0.32780067599378526,df03df1ef7ee799a0ba379dd1f306167:0:0,94d403d88f9363c6350e0acb26ca651b:0:0,6f03ea2d8b6b0858d9001ba33d4fd264:0:0,0e770133d34f7ec63847fa672bbb6246:0:113647466,762428a5f46caff18c94656ff868211c:1:1613002607
947,B,547,-0.07676274329423904,0.8110790848731995,-0.1477663815021515,1.1426126956939697,1024,512,-0.1477663815021515,1.1426126956939697,stage1_rows,512,0,0.0013460492482408881,0.05293117444962263,0.002706803864566609,0.32756323739886284,0.31276051001623273,c920689e7ec8031fd1a985e54229f967:0:0,2d42389e6453436fdbd16a965e604406:0:0,02499d922d0ee09375725ede1db9e989:0:0,becacfc989bbb5adfd456d2aa5fd2346:0:1170626701,ef453c3506a9f7a2e9958ae1fe36745b:0:3658930847
948,B,548,0.049112800508737564,0.8693966269493103,0.11819236725568771,1.2255862951278687,1024,512,0.11819236725568771,1.2255862951278687,stage1_rows,512,0,0.0018255384638905525,0.07219486059620976,0.002883813125663437,0.37648436725139617,0.30844918795628473,1f56067d4ecb215861ace9b702239167:0:0,ffe9a05dc71cd017912b120917adc4de:0:0,5ef39c8b4d8959fcb06dc483dbe2bf65:0:0,27e3be5045716e3d59bd8b3540fae446:0:1035939610,5712be814dca5fad3bef35090e9cabb0:0:3080776551
949,B,549,-0.07954300940036774,0.8164520263671875,-0.14738014340400696,1.1506212949752808,1024,512,-0.14738014340400696,1.1506212949752808,stage1_rows,512,0,0.0009492709068581462,0.09248858731007203,-0.0035797216401988407,0.332293638586998,0.31518382899230346,8e27e384c7cbf9ba5ea5b7b25f1d2967:0:0,4a6676621f203088ed43fccfc94c778d:0:0,bc284f2cf4bf330591952e2c990a4101:0:0,a83c9d880f27e05f224c87750cb4a546:0:3208701137,622387c4158716cc6afbefb62b476ed0:0:3229096968
950,B,550,0.049335792660713196,0.8371240496635437,0.11853304505348206,1.179780125617981,1024,512,0.11853304505348206,1.179780125617981,stage1_rows,512,0,0.0004490542924031615,0.06782158910064026,-0.0007813493721187115,0.34883236736059187,0.3181338189751841,b42efbbe5b014df3b48002375916c167:0:0,a21d7d317babbd21402f923d8eeff8fb:0:0,f05aa083801bb5ef11046c3eeeb68972:0:0,2bbde65172ff15a742c0d898192a6646:0:4166672207,2c1ecc3f3a01832c2b26031aed6d4341:1:228648729
951,B,551,-0.032920125871896744,0.826579749584198,-0.08054570853710175,1.1669821739196777,1024,512,-0.08054570853710175,1.1669821739196777,stage1_rows,512,0,0.0010196290677413344,0.035297458455897865,0.0014000074079376645,0.3409510374069214,0.3094101999886334,3f2068825e8952e3181bdba5f0105967:0:0,2a8cc7414f05bd89da57a4fb207ba875:0:0,589022d27b5a3d1c30f853faa8a81649:0:0,c5d1be45bcc83ecc1e1c390c765c2746:0:3282363722,ce4392eb381cb23a7e66b74c243f5574:1:2763318148
952,B,552,-0.01067952811717987,0.8153707981109619,-0.023880712687969208,1.1529371738433838,1024,512,-0.023880712687969208,1.1529371738433838,stage1_rows,512,0,0.011731283739209175,0.04274146993411705,8.046076691243797e-05,0.3325567729771137,0.3121765829855576,fe4be10da9dc5791874d565e2409f167:0:0,9cd479e486c4b0ea72b488f644e9a85b:0:0,6d6bd1e703104a4f0e94e60ba548bb8f:0:0,fc3ed061988d0237aa94a7003449e846:0:2908024515,fe4f072c85d0893caac35035751fc599:0:2836966963
953,B,553,0.08003389835357666,0.8641117215156555,0.15544453263282776,1.2173590660095215,1024,512,0.15544453263282776,1.2173590660095215,stage1_rows,512,0,0.00490361824631691,0.08495394038036466,-0.00099442572100088,0.3717959649860859,0.309732266003266,1ecb1eeca12d3c2bc8dc84bff5038967:0:0,0ceff768e4e025a9c95ba7b1bc08c418:0:0,8b7921827190100b0bc36a2677d4d398:0:0,7e3734153ceb15c04995646162f3a946:0:3157358860,78c77411cbd04ae22caa98ba194e6f59:1:1249416941
954,B,554,-0.01603022590279579,0.8332383036613464,-0.025016071274876595,1.1782608032226562,1024,512,-0.025016071274876595,1.1782608032226562,stage1_rows,512,0,0.00035270967055112123,0.036531871708575636,0.001447013847064227,0.34718047454953194,0.3092881800257601,4d3ab4ca55b7b8fbec85792b62fd2167:0:0,03852e0f8510207c3653207976805b11:0:0,f62168060238fbbf3762f990b1fbcdb0:0:0,f91c4529b48d35995bbff6de12596a46:0:2324615134,4176f8100b56c87f5fd861877ee4a10c:1:1769152174
955,B,555,-0.04704686999320984,0.819999098777771,-0.08799457550048828,1.158179759979248,1024,512,-0.08799457550048828,1.158179759979248,stage1_rows,512,0,0.0068032387644052505,0.06196672972291708,0.0010039905377198012,0.3358323320746422,0.30892695795046166,660cc57260fc7562caf846006df6b967:0:0,6da397fcc33f796f28f660131ac5e753:0:0,66a651cccd1cb91d40f4d946d1172b63:0:0,da1626958cbe4a8b90ed27e4527b2b46:0:3959801723,af6f015f7a47f4a00b6be9aa3b2382eb:0:514337934
956,B,556,0.04536864161491394,0.8424718976020813,0.10296480357646942,1.188606858253479,1024,512,0.10296480357646942,1.188606858253479,stage1_rows,512,0,2.3510074242949486e-06,0.04832297470420599,-0.0005835363830556161,0.35387601554393766,0.30346623400691897,b055e81420eaeed185d8fd9f15f05167:0:0,4bab60c69be3972d282c2fb646ea990d:0:0,fc5feb55946e885be6eb9428a59e8d4d:0:0,bc50805020c75184f42e04a23358ec46:0:165947199,0c0ee3936afef4385fc2cd6f1cdba633:0:1786349023
957,B,557,-0.06491129100322723,0.8408606052398682,-0.12704065442085266,1.1858913898468018,1024,512,-0.12704065442085266,1.1858913898468018,stage1_rows,512,0,0.0003578095929697156,0.04382957206107676,0.0026078283321112395,0.3525937609374523,0.3099146519671194,575c6615faf92fc307bfb2675ae9e967:0:0,ca8813e18569ee833b31c1e1d70b2a50:0:0,25d8c44b9ab189d4357fd4bcfc4940fb:0:0,3bb6bb2dec7c5690b3ccde05c4f2ad46:0:4015661545,10ed2ea3074f79bd6daff40f1823db37:0:2815700394
958,B,558,0.019301913678646088,0.8328253626823425,0.03573540598154068,1.1775187253952026,1024,512,0.03573540598154068,1.1775187253952026,stage1_rows,512,0,0.02372635528445244,0.028700668690726162,0.0014616143278544768,0.34681431502103804,0.30850352096604183,f531de074c2956b5843876b93ce38167:0:0,2087034aba070ba715163107b6eb70bb:0:0,ae177b95f096e65fd5319faafed1bb91:0:0,c41f7c8dc4109546a54e48bd17486e46:0:2585291180,70bb362ad1df9407ab21639a815363e7:1:147815949
959,B,559,0.03359520435333252,0.8299835920333862,0.0793987587094307,1.171973466873169,1024,512,0.0793987587094307,1.171973466873169,stage1_rows,512,0,0.00153058220166713,0.1526883483165875,-0.008828619180712849,0.34381080940365794,0.3096161729772575,8437367fabfced23f7c35cf4bbdd1967:0:0,816aa5fc0281dbb69e1e85d7eec66dbd:0:0,022c371563cdc7e45c03ce3eb6eb045b:0:0,6de66cda83fd90c285721d363a5a2f46:0:888664221,0be5ad1a8b539f71910f1f17c8499600:1:1723509891
960,B,560,-0.04374115914106369,0.8367465138435364,-0.10561320185661316,1.1799887418746948,1024,512,-0.10561320185661316,1.1799887418746948,stage1_rows,512,0,0.011530405841767788,0.06603961433283985,0.0038419031943703885,0.34875728338956835,0.31555548001779243,f69aaafa28560e7fa7d47779d7d6b167:0:0,2f31a8f85e583a471f90bd033f9bfc2f:0:0,c1f731741e3a8e964a62883f41970334:0:0,afdf765ac17cb532f434779f3e27f046:0:952101736,894ee8ae519d3ecc8dea81fa7e004b80:0:199712083
961,B,561,0.035360515117645264,0.839012622833252,0.0817648321390152,1.184696912765503,1024,512,0.0817648321390152,1.184696912765503,stage1_rows,512,0,0.0016947746044024825,0.07259928225539625,-0.00039955328102223573,0.35130561217665673,0.30599232896929607,01a79bfb20465f29a2d3d8a890d04967:0:0,69b0d6dd45027034c60684c395bb8964:0:0,6182adaa72d3b91285e682860ce81824:0:0,5ff0c4343ac6d5102cceb7e632b1b146:0:4006128870,b6655b98158283487cf56bd739a1178e:0:2188992796
962,B,562,-0.01610589772462845,0.8256085515022278,-0.03499232977628708,1.1672577857971191,1024,512,-0.03499232977628708,1.1672577857971191,stage1_rows,512,0,0.002579993335530162,0.055166509805712846,-0.003708227805327624,0.3407912373542786,0.3170862469705753,5f1fab0f63cbd36c401d92e0e6c9e167:0:0,1a8a4b261459849b456fbb123e62c2b9:0:0,3f225d0508e72de3647cdf002649528e:0:0,1f880aa73e00940a79b881b927f77246:0:2563531030,d3f722fbdb49f364200c7ef240352843:1:3049298359
963,B,563,-0.030770383775234222,0.8309648633003235,-0.06780201196670532,1.173979640007019,1024,512,-0.06780201196670532,1.173979640007019,stage1_rows,512,0,0.0006258137291297317,0.004315189179033041,0.0011128565121907741,0.3448500126600266,0.3076327840099111,e0cc8a733e7b4674a001b882d9c37967:0:0,afb9f86dfa8539bd6cb512fd5f25b315:0:0,d668135e10105df31db79050fb251b81:0:0,3ed14812f66e91c064a8bc862df93346:0:1158460659,26fe9756ed0e0052260d310778e8550e:0:2919266771
964,B,564,0.053991518914699554,0.831403374671936,0.11331440508365631,1.1727685928344727,1024,512,0.11331440508365631,1.1727685928344727,stage1_rows,512,0,1.1942698620259762e-05,0.037069837388116866,0.0012712898751487955,0.34451373517513273,0.3062975599896163,3209c7701318e14c2bc45bee69bd1167:0:0,3e6ae207030a3d9727803b94007065dc:0:0,647397f39531aa5374c245b25740c2b1:0:0,334c890a893fe64ca296937b54b6f446:0:547954081,86ed9c7af69df60c8ce6c36506a1a5bc:1:4162726360
965,B,565,-5.23589551448822e-06,0.8258370757102966,0.002996196039021015,1.1678590774536133,1024,512,0.002996196039021015,1.1678590774536133,stage1_rows,512,0,0.0014341322239488363,0.05224640059750527,0.0028666557336691767,0.3410665921866894,0.3063778810319491,082db5bf2e1e51d2159d8f8396b6a967:0:0,e06ec58066f1161fc4f6534d6ba17159:0:0,f07727ee5472b400eb3cb27555da207f:0:0,750ea76025f142bbbbba7586ac30b546:0:1309655022,835deb6809e9b7d9632aa325f1eb1876:1:4160925615
966,B,566,-0.0038300948217511177,0.8151491284370422,-0.016075054183602333,1.1526440382003784,1024,512,-0.016075054183602333,1.1526440382003784,stage1_rows,512,0,0.007516641169786453,0.03994166660122574,-0.0036937970377039163,0.33229159712791445,0.3105275550042279,cd788180752ed1b4d8b965a260b04167:0:0,a95917206b3a54525414ed0cad5021a5:0:0,28d140c73d68462b5d2ef84caef37419:0:0,3d05eb4aa9fec7796f8f155644667646:0:1652466965,e5b4b1949be832d0023c7eb2803e79d6:1:3295122189
967,B,567,0.03611098602414131,0.8654761910438538,0.07528109848499298,1.22269606590271,1024,512,0.07528109848499298,1.22269606590271,stage1_rows,512,0,8.394010365009308e-06,0.06636321768164635,-0.0007718301727436483,0.3741595856845379,0.30942154297372326,82884c939978fd6bb937f0aac7a9d967:0:0,bd245f58100e9053971848f99212f1fa:0:0,7cc3d9f3bcce9bb1c6ffa8c9623282b8:0:0,6fa46568344e62c5d4d269582d583746:0:583708791,ad73ae52ce2d5763a07040057505815a:0:3405210906
968,B,568,-0.026587504893541336,0.8351929187774658,-0.05014504864811897,1.1806498765945435,1024,512,-0.05014504864811897,1.1806498765945435,stage1_rows,512,0,0.0022343453019857407,0.0393497459590435,0.0004211809402477229,0.348666837066412,0.3159275079960935,a8411b6273067b30442d42fccba37167:0:0,f455571fd8351414bcbe76f8651519d9:0:0,046f5f69209a98ff639390694fa1156a:0:0,45ea5718027049423586abba7705f846:0:3632412726,68b16bda405fa881076c7e12c6eb59f3:1:2906414235
969,B,569,-0.036684855818748474,0.8517611622810364,-0.07531905174255371,1.2033147811889648,1024,512,-0.07531905174255371,1.2033147811889648,stage1_rows,512,0,0.00791245512664318,0.12283270213520155,0.005785482985083945,0.3624009042978287,0.31334794900612906,7f9f346b2af971f7cfa16ef86c9d0967:0:0,57594cbe0a8651e9c423a6b368735c56:0:0,18ba4a9d3bde62a2d37fadf10cda89e8:0:0,843cab343086daa5a6f35a6b316fb946:0:2163519985,e7923d18d14eba8a94b4143f7c8307bc:1:2467599318
970,B,570,0.019691593945026398,0.8315258026123047,0.043678395450115204,1.1754380464553833,1024,512,0.043678395450115204,1.1754380464553833,stage1_rows,512,0,0.02496475912630558,0.08327900925651192,0.004732965514995158,0.3456412982195616,0.31097019900335,ce0a7518dab7d06cfa9086fdaa96a167:0:0,1305957708d22b497c1e3d7438a38fed:0:0,4323e51d237ffad71391d4111d4edbe9:0:0,1d7e0a54745b04a95da637186c957a46:0:3733041274,5c5bb72576b90c91bb7624699ae6cc18:1:3212907470
971,B,571,0.011119035072624683,0.8180865049362183,0.024040959775447845,1.1567931175231934,1024,512,0.024040959775447845,1.1567931175231934,stage1_rows,512,0,4.1647348552942276e-05,0.048223553830757736,0.000752434779133182,0.3346461720764637,0.31227050704183057,9b78fdb9460463e92cea9d6c85903967:0:0,81acc497866eec6d1cf51d728cafbd88:0:0,4103652f4dfdac218465370ba0aa09f0:0:0,597a3a31acd5f63cbd74473038773b46:0:2335566736,7928a4d70a28188fe56195b62eb09f0c:0:2455903758
972,B,572,-0.007371709682047367,0.8420794606208801,-0.021524731069803238,1.1906912326812744,1024,512,-0.021524731069803238,1.1906912326812744,stage1_rows,512,0,1.334422267973423e-05,0.09278272399678826,0.002904872305225581,0.35458541065454485,0.316720868984703,0bff759e5605bf6e1793c4a4fd89d167:0:0,414bfc408b3b19d0aa43ee0f7ebf10b1:0:0,8558a53c084dc51bd701e9e4d74321e0:0:0,f0c7063b20ccb511257ad3e0a514fc46:0:1541234104,5c669952757c32b65c5ce03d73905f7e:1:3638267904
973,B,573,-0.04282185062766075,0.8395910263061523,-0.08640753477811813,1.1857483386993408,1024,512,-0.08640753477811813,1.1857483386993408,stage1_rows,512,0,0.0026751086115837097,0.018357493088115007,0.0014477827469818294,0.35195326134562493,0.3150391780072823,885507b9fb3af29f34640f0712836967:0:0,9b2a82be32352a95dea55484926db305:0:0,6fb8d37207291a849f750fd143b43435:0:0,cb6dc6ad8abde78d78206a17c26ebd46:0:1798214196,1afff0dcc8fffcd9c1139bee00821840:0:1735373228
974,B,574,0.04633414000272751,0.849931001663208,0.0956127941608429,1.1999473571777344,1024,512,0.0956127941608429,1.1999473571777344,stage1_rows,512,0,0.000919987796805799,0.05761205379385501,0.0013770049554295838,0.3605122797191143,0.31744817399885505,e05117431c5e10bb46278ef2c47d0167:0:0,9905a82fe7cc52dd187ed469d6e37cee:0:0,d49788f4b1442c8ca421ab15e14d68ed:0:0,d114aa3d92d5e5395f15da83a0847e46:0:386655013,991e543b0a77582b92c0967bbe9fa227:0:47424488
975,B,575,0.016719060018658638,0.8395170569419861,0.03044855408370495,1.1870816946029663,1024,512,0.03044855408370495,1.1870816946029663,stage1_rows,512,0,0.02976568415760994,0.09541417013388127,0.00014178338460624218,0.35251113399863243,0.3144338360289112,ef808b3238348795d89e56c813769967:0:0,55b6d1a6bb452f6461a4cea437aaf4dd:0:0,287d726cfa12517364a98467914c15e6:0:0,33452b671d40dfb04b5739924f563f46:0:258441505,2f2232f8e7564d0ac3cb8659f1aee906:1:2174590262
976,B,576,-0.03378748521208763,0.8772788047790527,-0.05908996984362602,1.2401282787322998,1024,512,-0.05908996984362602,1.2401282787322998,stage1_rows,512,0,0.0017312904819846153,0.1028715300373733,0.0008950412331614644,0.3847514569759369,0.31691460602451116,8ea06ea4604d4690c07c78e6ff703167:0:0,395623f50383f3900043582ea7fc5d0d:0:0,552e25854131babc06a4d7504a18fb74:0:0,af19a46cd886b62c312cdf71dee40046:0:1671482454,7d1401ff379b9bcd65a6d87575f9a353:0:2227466556
977,B,577,-0.01744486764073372,0.8430071473121643,-0.039453454315662384,1.1917665004730225,1024,512,-0.039453454315662384,1.1917665004730225,stage1_rows,512,0,0.026178104802966118,0.12932977844029664,-0.0006820146867539733,0.3552321635186672,0.31019569298950955,4513837332acb5959b6a07af8869c967:0:0,c4a9ec86b4b54936c56fa3f1b9d377d6:0:0,44779d454056d5ae331fdc708dca54b7:0:0,a908e2c3be5fc5b8002c68105f2dc146:0:3036175489,ff39b663bd8c294a67057b27f7cd4808:0:813275784
978,B,578,0.005212847143411636,0.8222183585166931,0.006776624824851751,1.1627748012542725,1024,512,0.006776624824851751,1.1627748012542725,stage1_rows,512,0,6.639165803790092e-07,0.08578943714965134,-0.0028287994675338267,0.33808177933096883,0.30961992201628163,3b48439078667c0f50031581ae636167:0:0,b419a2dd5694a80699bc28b8dd7070f0:0:0,9c636e2a74148996ae0b33feaf3e8422:0:0,69241ac8c125c819d739b31be0338246:0:1167235055,618d8695a8087e9bf0c15a591c990a71:1:2440358545
979,B,579,0.016209358349442482,0.7849408388137817,0.027857406064867973,1.1099368333816528,1024,512,0.027857406064867973,1.1099368333816528,stage1_rows,512,0,0.011027565225958824,0.07296348734525963,0.002017271239310503,0.3080938346683979,0.31366130901733413,627cacf40f2517e38dd7b4bd715cf967:0:0,bd9f4def53b5ee16fa0da6d441e5ed08:0:0,2d389a8b078b1061a810a89544a47565:0:0,688fedefa8b79384f487e40271f54346:0:1353986215,3cb95c6a495ac94f40eb117950ce147e:1:3127048356
980,B,580,0.06865043193101883,0.8472540974617004,0.12706896662712097,1.195309042930603,1024,512,0.12706896662712097,1.195309042930603,stage1_rows,512,0,0.0001784410560503602,0.04162691788515076,-0.0003194801822246518,0.35807806700468064,0.3156904010102153,9f5d132ac39f446c4d6bf7c2d1569167:0:0,a497997dd02a752ea2c5616c29a98384:0:0,cba9d889df93d0770a6f7cb6707a6457:0:0,99e8a6d52b5a4d23619a61f224730446:0:2621220133,37950946962de1180352eb028c2e4637:1:964273727
981,B,581,-0.09992968291044235,0.8126376271247864,-0.20627397298812866,1.1393394470214844,1024,512,-0.20627397298812866,1.1393394470214844,stage1_rows,512,0,0.014361225999891758,0.05039472025819123,0.001495523141056765,0.3266291178762913,0.30663915700279176,03a310d4c2fb31715037f0f1ce502967:0:0,07612e07d0a882fc5fe7395b0ab7b0ea:0:0,2a9c76eb0a3db119220adbe21653931c:0:0,c7eebe7f99d660875b45d7d907acc546:0:3033747261,8334575e35c8d3424750ebee05856f1b:0:810400857
982,B,582,0.06601724773645401,0.8449033498764038,0.13943983614444733,1.1902729272842407,1024,512,0.13943983614444733,1.1902729272842407,stage1_rows,512,0,0.006588573567569256,0.05302401194348931,0.0011941603414015844,0.35517974495887755,0.3048826919985004,c71992a2491f8a21a0a7b2aa6849c167:0:0,c7ae2972e9c26e6583b384d7aefafb97:0:0,651439a561c8f14aab5ba2155c102a71:0:0,81139b5d01c24e1475b134652ba28646:0:710985810,b3da9e206f83599564a7c3366ef04979:0:3512735537
983,B,583,-0.011693624779582024,0.8372302651405334,-0.03137322887778282,1.183624505996704,1024,512,-0.03137322887778282,1.183624505996704,stage1_rows,512,0,0.006495889741927385,0.02651258831610903,0.0002573485835455358,0.35038749054074286,0.3062945260317065,ba42d49d31f24c0d121b4f4c9f435967:0:0,c1e315be11cd21d722feaef6d40e5112:0:0,f8c7cd0cb3d5bac434f1dec956259635:0:0,a645c3ef75a122707c56aa04a0544746:0:4125817522,7835f192cc5740c4f46d330fc7d7a48f:1:771985710
984,B,584,-0.01518704928457737,0.8153371214866638,-0.027109578251838684,1.1529256105422974,1024,512,-0.027109578251838684,1.1529256105422974,stage1_rows,512,0,0.0057195513509213924,0.12647192910080776,0.003700336441397667,0.33241112530231476,0.30732550600077957,5c4d09ce13856e1dc0e6d938733cf167:0:0,9d39f1f5bb60fab9b10e00fd019324f4:0:0,e17721b57cf89491d9468a90c456859c:0:0,00a40354382e290c0e04aee575c20846:0:245411249,a15b9ccd80a45ed6795957313b1fef25:1:4240161713
985,B,585,0.010323809459805489,0.8211793899536133,0.03127681091427803,1.1609281301498413,1024,512,0.03127681091427803,1.1609281301498413,stage1_rows,512,0,0.007740890607237816,0.046886187640484425,0.0007267300970852375,0.3371336065232754,0.30791657796362415,930a458b87315791925262cde4368967:0:0,8d92ed510bf5c46cd1c06a2fca5a1fe4:0:0,a338e31a61166268cba231b44ffd1e28:0:0,1732dba4d6e32bd2f4defcf5bbebc946:0:2803851578,4a5df7daca014109b136fdd862d30aff:1:2466103002
986,B,586,-0.0015220645582303405,0.84186190366745,0.00019280984997749329,1.1905567646026611,1024,512,0.00019280984997749329,1.1905567646026611,stage1_rows,512,0,0.024951498955488205,0.08352938040625305,0.0013536437589209526,0.3544506601989269,0.31437475397251546,3e401d02479d26f3b499fe6cf2302167:0:0,a9323e915723f91eda1c70f71d9bae0f:0:0,527176fe6ccd92c569a52399e614b4bb:0:0,4b6fc855cf7a52143a5f91e382d18a46:0:4128545868,1bb553440f253ce7ee83f17322687a51:1:3688159880
987,B,587,0.014001566916704178,0.8523619771003723,0.030631352216005325,1.2051520347595215,1024,512,0.030631352216005325,1.2051520347595215,stage1_rows,512,0,0.0040351469069719315,0.002300433034542948,-0.0005606260237982497,0.3632581725716591,0.32135048805503175,7fdb56c4c9b4c9161eedbe759d29b967:0:0,ced63f8c314f1905f13813b06bc1f774:0:0,3b2c52fcbdc775b95f6d454e864832e2:0:0,3300ffe92ce070b1f757af1cda734b46:0:3212592501,9462f9fe5732642c3b0870b2042acda8:0:1654179148
988,B,588,-0.04424857720732689,0.8085876107215881,-0.08743210136890411,1.141867756843567,1024,512,-0.08743210136890411,1.141867756843567,stage1_rows,512,0,8.196709677577019e-05,0.058384760119952264,0.0023936742854857584,0.3263658292591572,0.3155587539658882,9863dd70f68ce00b1171b547e5235167:0:0,9ea59357f4fba520c21f93d3f5f71f1d:0:0,fc66fa2c6e837e18436543e026b4518b:0:0,3c13674899c05da8dff0d9cfd2d10c46:0:2749220807,622806003eba9a52258fc755f9597e83:1:3823423815
989,B,589,0.022264204919338226,0.8439857959747314,0.04059416800737381,1.19327712059021,1024,512,0.04059416800737381,1.19327712059021,stage1_rows,512,0,0.0005389736033976078,0.024105080217123032,0.0013587969646323473,0.3561506986618042,0.3165749780018814,a27509baac347a1e953df543ca1ce967:0:0,6511833dc0555c7660488bb8014ea2d7:0:0,b9e1aef03599f8e74790a59c3eb20af2:0:0,f03e209db98398ff8baddaea7beacd46:0:3107956604,89b26f2c74b5f872dec353b296764eb4:1:3098602929
990,B,590,0.019758744165301323,0.8329143524169922,0.03646561875939369,1.1776677370071411,1024,512,0.03646561875939369,1.1776677370071411,stage1_rows,512,0,0.008213126100599766,0.04574687862768769,0.002737242088187486,0.34689619913697245,0.30854457401437685,48fe3769ab7498cffc5e90c94c168167:0:0,b0b7260f6e5c960488cf4e7aed49053f:0:0,a7cd8f39def31191dc92227945dfc337:0:0,ca747a452c585d2d796bbf1ae5c08e46:0:4049072742,25f67ced1d88cd7d3a7c31291380e83b:0:2735719718
991,B,591,-0.00659325672313571,0.8583109974861145,-0.0034544188529253006,1.2138123512268066,1024,512,-0.0034544188529253006,1.2138123512268066,stage1_rows,512,0,0.0031900000758469105,0.05501869258005172,-0.0007183860056102276,0.3684435188770294,0.30904967797687277,caa77819987d87cb61d39a386b101967:0:0,d139b6262434ebf0c8bbe00fdbeb9bad:0:0,102ab2fa343917ac296fffd4d3512ce6:0:0,035aff3c7780e909cf62d6cf20524f46:0:3426232819,4016cbca3acb7d187ee9e52340ae8e01:0:4078518015
992,B,592,0.022673029452562332,0.8716486692428589,0.04677097126841545,1.2322112321853638,1024,512,0.04677097126841545,1.2322112321853638,stage1_rows,512,0,0.007269560359418392,0.025943779782392085,0.0009536891244351864,0.37976225689053533,0.3048835890367627,38e615cab48203e3299123f12709b167:0:0,a14e1b1f8cd7dd3d5d0787f65567f61b:0:0,5d0e5cf3efe8f2de33108a22a58bbbd5:0:0,d3e017e920e39551d727b6353ba01046:0:2048770484,59e558ec5ad53e8461ee866d3d634319:1:3656807648
993,B,593,-0.058460772037506104,0.8115261197090149,-0.11781120300292969,1.1445778608322144,1024,512,-0.11781120300292969,1.1445778608322144,stage1_rows,512,0,0.0005183520261198282,0.0059344048262573775,0.00021149529929971324,0.32821498848497865,0.31665622303262353,e3147691f6403209807f405380034967:0:0,092e371950f1760cee6432423d3fa764:0:0,61b5c88f79333e7cccc2c926f1e0b27d:0:0,e79f270ba38707d735ac353b47a9d146:0:428415090,11501900395f409caf0784a91d2f9850:0:3420813786
994,B,594,0.0389605313539505,0.840674102306366,0.08342676609754562,1.187200903892517,1024,512,0.08342676609754562,1.187200903892517,stage1_rows,512,0,0.0002401923993602395,0.10273695174837486,-0.0047504574933554975,0.35272211357951166,0.3109372060280293,4540d1f727786649dc7a01bf75fce167:0:0,aa7542025b1ebbf730abeb338f52f9ac:0:0,999fb0ebc1fae2f5ecfb31654b44e9d0:0:0,322789d77a599665df406f8f546f9246:0:1111414398,b0a423bcdce1d1e3f2bb398c4d848033:0:2735281749
995,B,595,-0.047802310436964035,0.8177509307861328,-0.08796317130327225,1.1550544500350952,1024,512,-0.08796317130327225,1.1550544500350952,stage1_rows,512,0,0.015648698434233665,0.049503788782749324,0.0008306869305670262,0.334016077965498,0.30669094203040004,9f5e07cfad51bac27c517a9508f67967:0:0,7828fb230eab5a4906cd88e8a57bbe3a:0:0,7808c09d9d8616edf497eab9d21ba0c2:0:0,0dc69a3e5756ab71c793c49f71f15346:0:4182420436,3063de9fe776f2a6755960921ea2ae90:0:3278132139
996,B,596,0.052826665341854095,0.8179987668991089,0.09843099117279053,1.15500807762146,1024,512,0.09843099117279053,1.15500807762146,stage1_rows,512,0,0.017238421365618706,0.11649068254046142,-0.0013809030060656369,0.33408693261444566,0.3078538149711676,8c11c7a4a1ac769de7c9bd3438f01167:0:0,bfe84459195463196c96e7b74fe99cbe:0:0,9164d532ea299839e15fa3bf75b8e67f:0:0,6cea163bb6d0be9c4db5d799b02f1446:0:3757398852,dfa1cbf0ea23f8ac391ba0c376a94c28:1:1960208185
997,B,597,-0.017229489982128143,0.8369882106781006,-0.04724821820855141,1.1828664541244507,1024,512,-0.04724821820855141,1.1828664541244507,stage1_rows,512,0,0.00036387238651514053,0.05775442724116146,0.0025850342586636542,0.35002986192703245,0.2944537969888188,868316f2e362450c6f9adbfd05e9a967:0:0,9994b7f4c46ce2a17615fd2af295071a:0:0,e1f6a80a96f51a82d53c9823b34e42d4:0:0,0c4a7d13595a332164178f6c1f28d546:0:3976969807,1aa8161275bc7770d59ecb955672323f:1:1060952950
998,B,598,-0.01959076151251793,0.8308708667755127,-0.03988483548164368,1.1746673583984375,1024,512,-0.03988483548164368,1.1746673583984375,stage1_rows,512,0,0.0031968895345926285,0.07074007116025313,0.0026844443753361704,0.3451199159026146,0.2894342430518009,4c4c23d3c3743c3dad70e94f6fe34167:0:0,67520dd6bcb1024fb6a738a91f6dcd8a:0:0,30d8f4a58e79d8fff94357d7992f7927:0:0,51f47abcca7b2e3c748c16c4cede9646:0:1535615575,31bfe3e5d0f6c0d2451564a1fd1a395a:1:2559003304
999,B,599,-0.006178003735840321,0.8151246309280396,-0.015467915683984756,1.1526679992675781,1024,512,-0.015467915683984756,1.1526679992675781,stage1_rows,512,0,0.010114056058228016,0.09230567968916148,0.003522591680666665,0.3322311706840992,0.29586329200537875,6c0a30dcf526b45a03ebf78b76dcd967:0:0,1861f1d377c553b42e9f1ca83fb62943:0:0,607be823afdf0249d2e6be4180c445f8:0:0,985cd8dbf71637950049dc11cf505746:0:685840771,b0618277bb5687d73dede996879aadae:0:3188968642
1000,B,600,0.07420869916677475,0.8556355237960815,0.15329329669475555,1.2048488855361938,1024,512,0.15329329669475555,1.2048488855361938,stage1_rows,512,0,0.00447396095842123,0.05534293765667826,0.0003663082461571321,0.3640846870839596,0.30402645497815683,19f64646670aee7c1ea019111ad67167:0:0,4688a0faa1c32bd486f3c7eaf7b4b790:0:0,e64f2366a54214bb896fb46207787acf:0:0,53413266f41135c2fbeb9181307e1846:0:4074261130,9d6e6057c7e4776b8360bd5ec833fe02:0:304066322
