update,phase,local,adv_all_mean,adv_all_std,adv_s1_mean,adv_s1_std,n_rows,n_s1_rows,adv_used_mean,adv_used_std,adv_norm_scope,n_policy_rows,n_actor_steps_skipped,kl_final_epoch,clip_frac,policy_loss,value_loss,update_wall_sec,rngpos_env,rngpos_learn,rngpos_opp,rngpos_start,rngpos_minibatch,n_epochs_run,conc_scale,d1_L_s1_n,d1_L_s1_lo,d1_L_s1_hi,d1_O_s1_n,d1_O_s1_lo,d1_O_s1_hi,d1_L_s2_n,d1_L_s2_lo,d1_L_s2_hi,d1_O_s2_n,d1_O_s2_lo,d1_O_s2_hi,d1_L_s2_in_n,d1_L_s2_in_lo,d1_L_s2_in_hi,d1_L_s2_out_n,d1_L_s2_out_lo,d1_L_s2_out_hi,d1_pol_n_rows,d1_pol_alpha_min,d1_pol_beta_min,d1_pol_n_alpha_lt1,d1_pol_n_beta_lt1,n_censored_rows,n_clamped_rows_learner
1,A,1,3.0827016830444336,1.7444411516189575,nan,nan,512,0,3.0827016830444336,1.7444411516189575,all_rows,512,0,0.0016102547524496913,0.017578125,-0.0024311057990416885,5.550541996955872,1.3118963100132532,2d7c2049c4bd63890bd6ae75149c7c16:0:0,cece4e3babac819e382ec079e8d075f9:0:0,5a42e198e3d2c9b3f2b4e3bd213842ad:0:0,2505b17e2e78f32c8a957c033598e9e9:0:1658308710,68f0024073bb81eabfe658e08efa2cb3:1:1349211765,10,1.0,0,0,0,0,0,0,512,0,0,512,0,0,266,0,0,246,0,0,512,50.34657287597656,50.34657287597656,0,0,0,0
2,A,2,2.702282667160034,1.6726387739181519,nan,nan,512,0,2.702282667160034,1.6726387739181519,all_rows,512,0,0.0017837750492617488,0.001953125,-0.0012894769897684455,4.3925039887428285,0.15909422899130732,738a4b5f4a25b655f2a59c68b93d7016:0:0,b3d457729cc7859bf87cd6953cf4fd21:0:0,d395754fff2a637c0723fdcd39a34629:0:0,758905f52a92df4eed7ce60aada6a5e9:0:967038268,c5ee6ca39af41b4ebec0aad92c4f6861:1:1664965469,10,1.0,0,0,0,0,0,0,512,0,0,512,0,0,246,0,0,266,0,0,512,49.758052825927734,50.051673889160156,0,0,0,0
3,A,3,2.25606369972229,1.5605971813201904,nan,nan,512,0,2.25606369972229,1.5605971813201904,all_rows,512,0,0.008639075793325901,0.0658203125,-0.006070430355612189,3.1799231648445128,0.14912873500725254,495beab8089b9380400ebce05a9e6416:0:0,cc88b94edceeeefad1c26a7b528998ee:0:0,189d0bf8454298ef1b0e746e8c844c54:0:0,6b88a521f399b83a847efe388df461e9:0:2608231675,788a336d53e295ad4709336db621dbb5:1:2534226016,10,1.0,0,0,0,0,0,0,512,0,0,512,0,0,266,0,0,246,0,0,512,50.27334213256836,50.39936828613281,0,0,0,0
4,A,4,1.7700567245483398,1.3918883800506592,nan,nan,512,0,1.7700567245483398,1.3918883800506592,all_rows,512,0,0.004308530129492283,0.0095703125,-0.003581571439281106,2.046112835407257,0.1271265409886837,f309e8ad4eaa7126291fe34ff8bf5816:0:0,ec7318a14f6b9669567e9dadc0aebe1e:0:0,af0257a3bee5c7c19e536fe0b522e610:0:0,429ac17d754f69a374c2a5c8d6821de9:0:1951020632,bde9498e97c9724593a02dab31a261f5:1:3360378070,10,1.0,0,0,0,0,0,0,512,0,0,512,0,0,286,0,0,226,0,0,512,49.63113021850586,50.985408782958984,0,0,0,0
5,A,5,1.354653239250183,1.2581164836883545,nan,nan,512,0,1.354653239250183,1.2581164836883545,all_rows,512,0,0.007103686686605215,0.0517578125,-0.005464445427060127,1.2894341468811035,0.10793404199648649,14f4f9d1f148a58d813ba32b93a04c16:0:0,7c6d694781199fad7d765e23e01b9be8:0:0,64893c9f9f2f8749a7a0dc9adb1ae278:0:0,08d0b270a2ba8795e91efdf7874fd9e9:0:947098593,64192cd73408106939e06c6574ca3656:0:1628643246,10,1.0,0,0,0,0,0,0,512,0,0,512,0,0,246,0,0,266,0,0,512,48.867637634277344,50.19468688964844,0,0,0,0
6,A,6,0.6463969945907593,1.1277179718017578,nan,nan,512,0,0.6463969945907593,1.1277179718017578,all_rows,512,0,0.013195681385695934,0.0908203125,-0.006883004447445273,0.6088613048195839,0.10713587095960975,0fae943b7873daf9ae194fe72b414016:0:0,25af4520be4f26784f151cfb6f41ce82:0:0,2a21e31127664130b44bbc721bcb3493:0:0,0c731ee206381e1ace1b6800a05d95e9:0:2018315996,f7f6f2d63a24cf524867bb4b492c66fb:1:4236922091,10,1.0,0,0,0,0,0,0,512,0,0,512,0,0,258,0,0,254,0,0,512,48.318321228027344,50.84496307373047,0,0,0,0
7,A,7,0.3171710669994354,0.8234543800354004,nan,nan,512,0,0.3171710669994354,0.8234543800354004,all_rows,512,0,0.006139745470136404,0.084375,-0.005844241334125399,0.2652865596115589,0.10756202903576195,accde75f87e930419bc4fcf6bfa23416:0:0,796408f1203321a885a5d57890e4abf8:0:0,3d1824a580412e4ed3ba73526270baf3:0:0,18fe73687de3791c8def852021ab51e9:0:3595847641,e15113180c42d7ff472cd407717c9f76:0:2110201725,10,1.0,0,0,0,0,0,0,512,0,0,512,0,0,235,0,0,277,0,0,512,47.93316650390625,52.01505661010742,0,0,0,0
8,A,8,-0.06131058186292648,0.6213843822479248,nan,nan,512,0,-0.06131058186292648,0.6213843822479248,all_rows,512,0,0.013400325551629066,0.1103515625,-0.008554870076477528,0.17474327832460404,0.11307673703413457,eeddf3462c6d0625b09f7dce50c32816:0:0,7edbb8b565ec3de1edd2e42a4a23ac7a:0:0,57c2b0e1e0d21302dc38d34a9902dcea:0:0,774bc0437c8fe48bcc8336920b390de9:0:3182906133,735fcb6b9ea2802ee7e422b1899ad956:1:1938134921,10,1.0,0,0,0,0,0,0,512,0,0,512,0,0,252,0,0,260,0,0,512,47.63568878173828,52.782432556152344,0,0,0,0
9,A,9,-0.021014032885432243,0.595812201499939,nan,nan,512,0,-0.021014032885432243,0.595812201499939,all_rows,512,0,0.008845492266118526,0.0984375,-0.006952487479429692,0.17395471781492233,0.11193653399823233,044939d676167965c15e65e1dea41c16:0:0,d7aadff006a1af2773957d331d9146bb:0:0,5d6fb96d994e894638c979a6f6a03f92:0:0,18e45279679064c4236e9d925d06c9e9:0:3035507519,860a4b9fcb189cb82d9ed02b651fe336:0:1459863495,10,1.0,0,0,0,0,0,0,512,0,0,512,0,0,266,0,0,246,0,0,512,46.815650939941406,53.578487396240234,0,0,0,0
10,A,10,0.03340224549174309,0.5766167640686035,nan,nan,512,0,0.03340224549174309,0.5766167640686035,all_rows,512,0,0.01571669988334179,0.1109375,-0.007397528365254402,0.16367800682783126,0.10880917101167142,a929d50788128997050c08a569451016:0:0,f30aa1f216b0fa7060b049f2e0e96784:0:0,38fbc94d5100aa508b12109bc3ca68fe:0:0,518c4ebce9896730ddfa1b5d171485e9:0:3727530183,22bf932628bf1093f77e92590a7c72fd:1:1859502337,10,1.0,0,0,0,0,0,0,512,0,0,512,0,0,266,0,0,246,0,0,512,46.10585403442383,54.10726547241211,0,0,0,0
11,A,11,0.08955426514148712,0.5478018522262573,nan,nan,512,0,0.08955426514148712,0.5478018522262573,all_rows,512,0,0.0059926146641373634,0.085546875,-0.007401966850738973,0.14944764748215675,0.10703641199506819,0af200c50652ecba0907798cf0a60416:0:0,3aa5234ade309bdb524e63ad9ddae818:0:0,825172004293fa458c619ea1ea77827c:0:0,8c5a43fa52886b31b51e512e396241e9:0:2373797211,de652eb55981684c1562182ae349d65a:0:242040693,10,1.0,0,0,0,0,0,0,512,0,0,512,0,0,245,0,0,267,0,0,512,45.10547637939453,54.776371002197266,0,0,0,0
12,A,12,-0.025105781853199005,0.5535165071487427,nan,nan,512,0,-0.025105781853199005,0.5535165071487427,all_rows,512,0,0.004242931492626667,0.0685546875,-0.003941549209412187,0.1493462070822716,0.10858101502526551,dfb95f5a899c8f90a5048c0c74c6f816:0:0,842a042277893157f8d7c345ee0124f9:0:0,2ce3a4c1d95b6f177d4b3466cc2ac6af:0:0,0b7716ae5d9da33f8b842041c3effde9:0:2688339387,c38ba7b960af3bc5fc5f27a080e162f2:1:2149179470,10,1.0,0,0,0,0,0,0,512,0,0,512,0,0,240,0,0,272,0,0,512,44.85511779785156,55.61473846435547,0,0,0,0
13,A,13,0.036512985825538635,0.5251108407974243,nan,nan,512,0,0.036512985825538635,0.5251108407974243,all_rows,512,0,0.007150118239223957,0.159765625,-0.010979990428313612,0.1340947449207306,0.10776234400691465,365e6b3e8269c2b3ef0bd397f5a7ec16:0:0,af8c7d4d077e4e18c42e4d035c1a1428:0:0,62a27f41dda009137349aa3c2bda1106:0:0,8322cd67f4338e512984a9d3b6bdb9e9:0:1116616632,d0b903dabe4c2e8f5a2a09b925b7dcda:1:816200127,10,1.0,0,0,0,0,0,0,512,0,0,512,0,0,249,0,0,263,0,0,512,44.295753479003906,55.963016510009766,0,0,0,0
14,A,14,-0.041369929909706116,0.5321487188339233,nan,nan,512,0,-0.041369929909706116,0.5321487188339233,all_rows,512,0,0.003180023282766342,0.09609375,-0.00779524021781981,0.13835128098726274,0.10466112801805139,e959a919b314146a2f7aa3a37348e016:0:0,14737dd776d24b1afe9a4fe64dca53ee:0:0,279a5d9c7b626f925f736d50b4c0c9a8:0:0,ca17aa16c760897ff9294f2011cb75e9:0:3108877738,6230c0a86f4b828f8d92632c293ac3e1:1:1900113647,10,1.0,0,0,0,0,0,0,512,0,0,512,0,0,257,0,0,255,0,0,512,43.82502746582031,56.71516036987305,0,0,0,0
15,A,15,0.08162897080183029,0.5333366990089417,nan,nan,512,0,0.08162897080183029,0.5333366990089417,all_rows,512,0,0.009980711154639721,0.14921875,-0.012727154488675296,0.1401445411145687,0.10792455298360437,f0d940ed29b9d73cd5030fa2eda9d416:0:0,2a0a994d50adf973b9ddb5875d12161b:0:0,322a6ffbe541c251936e4290b9782407:0:0,731d9b08d76e59ecc22bb162d51931e9:0:662077531,c134f23e1ba6a2514b1760188d77c5cc:1:2452002513,10,1.0,0,0,0,0,0,0,512,0,0,512,0,0,254,0,0,258,0,0,512,43.46155548095703,57.156978607177734,0,0,0,0
16,A,16,0.0191196259111166,0.5001497268676758,nan,nan,512,0,0.0191196259111166,0.5001497268676758,all_rows,512,0,0.0029754997231066227,0.1146484375,-0.0066290829796344045,0.12238106429576874,0.10963852202985436,6e3fad3d6253554e68abeb0a64cac816:0:0,5ee32ea373fc452724e42fc8abc4bd96:0:0,d910efc1996e0226f4a58977f5f399f2:0:0,75d469b941d3aee465f5b1d800a6ede9:0:195696744,84ea520b43f6dac4d4f319219921e260:0:1835768914,10,1.0,0,0,0,0,0,0,512,0,0,512,0,0,252,0,0,260,0,0,512,42.69091796875,57.628841400146484,0,0,0,0
17,A,17,0.004297953099012375,0.4973722994327545,nan,nan,512,0,0.004297953099012375,0.4973722994327545,all_rows,512,0,0.004394644871354103,0.0484375,-0.004552488960325718,0.12087535969913006,0.10601143096573651,902f2b2df96bb07081d0c94dd8abbc16:0:0,eadcc48c730b9f594cd0f4e9beee58c6:0:0,207d2b64b664d8f5d7f5b494858f06db:0:0,9fab24d2eddb9c449ba171bb9474a9e9:0:3539164779,1177492468890a88becf3f1427e89e22:0:2868610915,10,1.0,0,0,0,0,0,0,512,0,0,512,0,0,265,0,0,247,0,0,512,42.25129318237305,57.9438362121582,0,0,0,0
18,A,18,-0.005243766587227583,0.4829866886138916,nan,nan,512,0,-0.005243766587227583,0.4829866886138916,all_rows,512,0,0.004429594613611698,0.0853515625,-0.006061939243227244,0.11191687770187855,0.10664437303785235,b7a5867e17f16ef9ba21fde1494cb016:0:0,94f8e0bff2eb2c636510bad1b4e8abeb:0:0,4eba4f379e33240647492a67edaaa5bc:0:0,e1e71609f0370d20abf95249908265e9:0:507789408,33300a6a0e11e82add7ffdf81a533b1d:0:863954175,10,1.0,0,0,0,0,0,0,512,0,0,512,0,0,276,0,0,236,0,0,512,41.43626022338867,57.351200103759766,0,0,0,0
19,A,19,0.017319241538643837,0.4677361845970154,nan,nan,512,0,0.017319241538643837,0.4677361845970154,all_rows,512,0,0.011610454879701138,0.1216796875,-0.017014602851122617,0.10511057376861573,0.10792912397300825,f110c05a8092b55ba1a49c38b6ada416:0:0,729d99ae5a64ebb0e676269a2b7c2e12:0:0,48a6073accc67e9ed66008ffefb3e692:0:0,3ec423aebdb42ea62d77f4bdf4d021e9:0:513681255,30cbc15314d2b191746e906ac39ebb5b:0:2896448085,10,1.0,0,0,0,0,0,0,512,0,0,512,0,0,248,0,0,264,0,0,512,40.96522521972656,57.80489730834961,0,0,0,0
20,A,20,0.019839560613036156,0.4516938626766205,nan,nan,512,0,0.019839560613036156,0.4516938626766205,all_rows,512,0,0.00526044424623251,0.16171875,-0.007961644791066647,0.09817856773734093,0.10978451400296763,3c74e7fee7192c78b2b277c820ce9816:0:0,eb7697147afe23a8d7201b4e566bb586:0:0,36a2470c922afe45534ac353b2379db7:0:0,9e5bc91e8557d341c0483a54c15ddde9:0:2491946013,37fa05cfb24a084ab5008d901f5dd9c7:0:2355894228,10,1.0,0,0,0,0,0,0,512,0,0,512,0,0,253,0,0,259,0,0,512,40.094844818115234,58.412174224853516,0,0,0,0
21,A,21,0.10807028412818909,0.4439984858036041,nan,nan,512,0,0.10807028412818909,0.4439984858036041,all_rows,512,0,0.007829312235116959,0.0931640625,-0.012869456969201564,0.09579882137477398,0.11747550702420995,a2764824fa3994ba45fa240387af8c16:0:0,d260e68f1d4ccf522cc6bdea010b1fdc:0:0,db9d672f8e81f56f8310db2b83c2aee2:0:0,bc5ed8744a14ce03ca454449f62b99e9:0:947615870,c7702682f1a296670621fe91dd9a9469:0:3960051228,10,1.0,0,0,0,0,0,0,512,0,0,512,0,0,260,0,0,252,0,0,512,39.421058654785156,58.66706848144531,0,0,0,0
22,A,22,-0.007341231219470501,0.4203047752380371,nan,nan,512,0,-0.007341231219470501,0.4203047752380371,all_rows,512,0,0.01052254717797041,0.09921875,-0.009989458578638732,0.08418487049639226,0.10915095801465213,0e20cc44484b05e6867ef45eeb508016:0:0,f9c7496e0130c5822e347bcc3b4a0803:0:0,9fb903968873b537ae538707a92df48a:0:0,3208fb1e945d464532fa73d9933955e9:0:985665320,794c433bd5003b6849d49697d9dd3567:1:863254588,10,1.0,0,0,0,0,0,0,512,0,0,512,0,0,269,0,0,243,0,0,512,38.83415603637695,59.2642822265625,0,0,0,0
23,A,23,0.04271920025348663,0.3894873857498169,nan,nan,512,0,0.04271920025348663,0.3894873857498169,all_rows,512,0,0.00359689025208354,0.102734375,-0.007262799958698452,0.07203847393393517,0.10696785704931244,b15634aae759dbb66598fc4e4bb17416:0:0,cdfce413069418f86d30243277dc876d:0:0,1a6eb7549c46764bf45c7bf5d2ea19be:0:0,e44b663dd3ca038c1fa36a3f988711e9:0:4094034213,f6e8c37babbbd7b9fafc4c5db5de236d:1:1621391664,10,1.0,0,0,0,0,0,0,512,0,0,512,0,0,248,0,0,264,0,0,512,38.17594909667969,59.97063064575195,0,0,0,0
24,A,24,-0.0020293863490223885,0.3781963586807251,nan,nan,512,0,-0.0020293863490223885,0.3781963586807251,all_rows,512,0,0.004697571508586407,0.0986328125,-0.0073560512159019705,0.06686042360961438,0.1053633900010027,b8a8587b890a4f2b8ef50f45a8d26816:0:0,258834ae8fb0d7c29b806dd8b74258f4:0:0,2e7c86a8657f434be373369886d61ce6:0:0,5d3e72efc913b1b0af2c08b80614cde9:0:251180004,406816ba0b448ce8ff335ccffd98c62a:1:1254276955,10,1.0,0,0,0,0,0,0,512,0,0,512,0,0,250,0,0,262,0,0,512,37.96027374267578,60.64557647705078,0,0,0,0
25,A,25,0.00285914889536798,0.3514549434185028,nan,nan,512,0,0.00285914889536798,0.3514549434185028,all_rows,512,0,0.0036538499407470226,0.2044921875,-0.015768964681774376,0.05786875206977129,0.11032156401779503,9fcb50a262bebca65c94c0b902b35c16:0:0,e28eaef007e48c9a7356e3650d17715a:0:0,b1fc549ce41e88174e0be295e6ade24a:0:0,59b7c1ec909a1d41b630707edbe289e9:0:3797066686,5d0ceed84addba881ed9257e041f1ca3:1:2236372615,10,1.0,0,0,0,0,0,0,512,0,0,512,0,0,260,0,0,252,0,0,512,37.509220123291016,61.205177307128906,0,0,0,0
26,A,26,-0.018977472558617592,0.31785789132118225,nan,nan,512,0,-0.018977472558617592,0.31785789132118225,all_rows,512,0,0.00905770156532526,0.107421875,-0.007638720702379942,0.046772594936192034,0.11201307998271659,ee7cf6d7127596bbcace641c59545016:0:0,6b67077dfaa8a72e1db9a70676cefd1b:0:0,42e0b0679b4fbe845ad110ae51354acf:0:0,a0ac451a25b568297afd02d019f045e9:0:3392947501,a1e6202185654ed9e7b68ea4d357d3ba:0:2237018781,10,1.0,0,0,0,0,0,0,512,0,0,512,0,0,262,0,0,250,0,0,512,37.11021423339844,61.57266616821289,0,0,0,0
27,A,27,-0.01094331406056881,0.30344337224960327,nan,nan,512,0,-0.01094331406056881,0.30344337224960327,all_rows,512,0,0.008775608614087105,0.094921875,-0.008874946692958473,0.0423256890848279,0.13326356303878129,e37ba7c668d305cb6c4d0ce3acb54416:0:0,da0c11314e07c52ed6bef7f34456761f:0:0,648fd92e9012992e6c13581af8f7b951:0:0,9a0af8fb770d3692718e60e7c03e01e9:0:1927072989,705055709f7f73fa0ef1955b40857056:0:4288690887,10,1.0,0,0,0,0,0,0,512,0,0,512,0,0,259,0,0,253,0,0,512,36.643882751464844,62.41757583618164,0,0,0,0
28,A,28,0.02791612036526203,0.27437824010849,nan,nan,512,0,0.02791612036526203,0.27437824010849,all_rows,512,0,0.011688940227031708,0.1486328125,-0.017416237783618272,0.034391493536531925,0.1104718649876304,f4adaf83c0ca34555e108e82fcd63816:0:0,ec250728a6f8b8bb0118cba5ca606bb5:0:0,b12f111f7d4cb1312ed5b4869c3af7f7:0:0,963e43206431d40bf7916c01cecbbde9:0:223859535,ea0d45d851bafc1678830ca859f7132a:0:2744278018,10,1.0,0,0,0,0,0,0,512,0,0,512,0,0,244,0,0,268,0,0,512,36.142642974853516,63.22158432006836,0,0,0,0
29,A,29,0.01444319263100624,0.2427998036146164,nan,nan,512,0,0.01444319263100624,0.2427998036146164,all_rows,512,0,0.011679654940962791,0.12890625,-0.012065920419991017,0.026964336261153223,0.10803493700223044,6dad33664d5a48103b6d7c6e49b72c16:0:0,fa3a7dc01cdb67321ff6193793bef695:0:0,cfbdb3ca2b8aa0c01e98d05e1ba422ea:0:0,d6bed1fc3cb350ef1063455a459979e9:0:3970249673,5e7a04eeec22fb7c888555e33638cb68:1:878717357,10,1.0,0,0,0,0,0,0,512,0,0,512,0,0,246,0,0,266,0,0,512,35.45345687866211,63.95176696777344,0,0,0,0
30,A,30,0.0038764383643865585,0.23209328949451447,nan,nan,512,0,0.0038764383643865585,0.23209328949451447,all_rows,512,0,0.006587320938706398,0.196484375,-0.015401280904188751,0.024572710040956736,0.10923466802341864,3549cc7b85d307bf120d2a1993582016:0:0,feb0a3fc23c4df8d0d80043083051b7c:0:0,0e5024a7694c537e255b82d8fcbd6bac:0:0,b35b7dc898f2980321114e2d24a735e9:0:1046201690,2fbb25cdd82894098b953d67f4d42aed:1:3700721091,10,1.0,0,0,0,0,0,0,512,0,0,512,0,0,268,0,0,244,0,0,512,34.76307678222656,64.74372100830078,0,0,0,0
31,A,31,0.009119409136474133,0.20523372292518616,nan,nan,512,0,0.009119409136474133,0.20523372292518616,all_rows,512,0,0.012587616220116615,0.1361328125,-0.016133918636478485,0.019244580436497925,0.11253480997402221,3bf959bc99152dc755edaaf8d9b91416:0:0,ba6819a5973f7f54316c199246e044b8:0:0,0856fc27a19dd8a9d0bf2ad997951d94:0:0,374e095aa4e87c62ac5927b66bf4f1e9:0:1818024121,e1d55443bf6e3196232c6c2dde8423fa:0:4181225057,10,1.0,0,0,0,0,0,0,512,0,0,512,0,0,254,0,0,258,0,0,512,34.124881744384766,65.24553680419922,0,0,0,0
32,A,32,0.015577871352434158,0.18304979801177979,nan,nan,512,0,0.015577871352434158,0.18304979801177979,all_rows,512,0,0.004200743045657873,0.2619140625,-0.018257004721090198,0.01543525978922844,0.11192344198934734,a564d93990426786d561d2801cda0816:0:0,0f5a2a35a25c35652e52e79764fa91d2:0:0,d8b76b011c14bf4b40589cf34106441a:0:0,cd24bd11351ebfa00ea8b3321b82ade9:0:2177131987,26a71eaa3e96ad500ddc43f1143b396c:1:504741294,10,1.0,0,0,0,0,0,0,512,0,0,512,0,0,251,0,0,261,0,0,512,33.30958557128906,66.00948333740234,0,0,0,0
33,A,33,-0.0108420979231596,0.17057061195373535,nan,nan,512,0,-0.0108420979231596,0.17057061195373535,all_rows,512,0,0.0025584420654922724,0.0958984375,-0.007688650023192167,0.013459109608083964,0.10500295500969514,c2fc537189510169ad1134235cbafc16:0:0,3fd94dbb413eb2f6e0b61f35b06130f0:0:0,cc007263018f42ea5ab94fb7c2ce738a:0:0,9134ad423e17102a3a1e11dc335069e9:0:3772020636,9c124a22982b97e94fc22d1b8888c630:0:1914783395,10,1.0,0,0,0,0,0,0,512,0,0,512,0,0,264,0,0,248,0,0,512,32.877777099609375,66.55667877197266,0,0,0,0
34,A,34,0.01652749627828598,0.15709175169467926,nan,nan,512,0,0.01652749627828598,0.15709175169467926,all_rows,512,0,0.005844459868967533,0.1517578125,-0.02604412632063031,0.011451459862291813,0.10450640897033736,c986141431f73fc03bf82356995bf016:0:0,2211aab74160bf30d0d64f7de522ddca:0:0,e93a9e4f13168706481792e5e325a94c:0:0,2ff010ce865bfff17287a4f0b35e25e9:0:1124839158,6393a783b51a8ad1ac03506671618c22:0:2064053199,10,1.0,0,0,0,0,0,0,512,0,0,512,0,0,261,0,0,251,0,0,512,32.607330322265625,67.02162170410156,0,0,0,0
35,A,35,0.002173628192394972,0.1479613184928894,nan,nan,512,0,0.002173628192394972,0.1479613184928894,all_rows,512,0,0.013275248929858208,0.1912109375,-0.030171142984181644,0.010171962343156338,0.10313485900405794,2cb18f6d6b6264551767b38dd2bce416:0:0,0eb812b42fe8c4a54186b9b32e1e9ed3:0:0,ecd73bdabd67954262a752db204e7a39:0:0,585f5bc2ab77f34c09640dab9babe1e9:0:1883936068,073760f9c01552bbe633a7527f78648f:0:1887593429,10,1.0,0,0,0,0,0,0,512,0,0,512,0,0,258,0,0,254,0,0,512,32.28605270385742,67.78364562988281,0,0,0,0
36,A,36,0.012512018904089928,0.13380835950374603,nan,nan,512,0,0.012512018904089928,0.13380835950374603,all_rows,512,0,0.006836474873125553,0.1556640625,-0.016869007446803152,0.008474157238379122,0.10310862003825605,16956bc0bf2d60c2ff05b83d08ddd816:0:0,37be489e2c75a687d40023f51b5503b0:0:0,c2cb71be75176df623b51db031004cba:0:0,4b5add2cd20e081b19e22d48ec399de9:0:3850146990,a1b7a6e072f700878210c774cee09f5d:0:2495354783,10,1.0,0,0,0,0,0,0,512,0,0,512,0,0,273,0,0,239,0,0,512,31.576061248779297,68.63372039794922,0,0,0,0
37,A,37,0.004081861115992069,0.12527203559875488,nan,nan,512,0,0.004081861115992069,0.12527203559875488,all_rows,512,0,0.008346245624125004,0.23046875,-0.03025386934168637,0.007336308201774955,0.10418500902596861,e26a31df0e0b358ad0ccc4d83bbecc16:0:0,c2f2b30b9e94afdbf52d74e85f95ab71:0:0,8171cc8274416d1cd4fbfbf9a4fd2697:0:0,763d668e9950f52f44e12504a50759e9:0:3804063281,8b06a5f81cd12e4e0a472bcace4ad409:0:3030843025,10,1.0,0,0,0,0,0,0,512,0,0,512,0,0,257,0,0,255,0,0,512,31.282180786132812,69.51654052734375,0,0,0,0
38,A,38,0.012829105369746685,0.12197726219892502,nan,nan,512,0,0.012829105369746685,0.12197726219892502,all_rows,512,0,0.004071795381605625,0.2171875,-0.023660844075493515,0.007236410491168499,0.10706660698633641,36882845a098fde97d0c2cd36b5fc016:0:0,8b615aee9c0e04a1842b46b236852fd5:0:0,90b623e16ebb7b69110d1aa75e3a0201:0:0,dbdf06932a13e1ed6cf0561ac61515e9:0:3175229360,31b14b4f93fc10f565101554cffee5fe:1:1354058261,10,1.0,0,0,0,0,0,0,512,0,0,512,0,0,262,0,0,250,0,0,512,30.890226364135742,70.42340850830078,0,0,0,0
39,A,39,0.00528288446366787,0.1229594498872757,nan,nan,512,0,0.00528288446366787,0.1229594498872757,all_rows,512,0,0.007257371209561825,0.139453125,-0.01649377434514463,0.007420863583683967,0.1148396449862048,ae6ed01a82cba86dfa6803a297c0b416:0:0,29763c828e713ccc9ddc11d9dd367eae:0:0,4808ba3c3af97391ca8fcb4f61fc3009:0:0,d8f91ff179b13633724f61c74f62d1e9:0:3656964315,68667ca2d72f3c864d8543758b14a0d4:1:250025097,10,1.0,0,0,0,0,0,0,512,0,0,512,0,0,261,0,0,251,0,0,512,30.651107788085938,71.12251281738281,0,0,0,0
40,A,40,-0.00512127298861742,0.11294827610254288,nan,nan,512,0,-0.00512127298861742,0.11294827610254288,all_rows,512,0,0.009285536594688892,0.1744140625,-0.027450483571738005,0.006296011991798878,0.11084214597940445,5727635ed26d5c4f39d91cb9c0e1a816:0:0,60b53f0658eda0666b009d8ed5c4caff:0:0,116ca98cb2d6c26ac97a9c73fb128cca:0:0,19e320a31903627ceeee294640f08de9:0:1474049063,d852f15a0aee453c5a47935650a2d558:0:1434988905,10,1.0,0,0,0,0,0,0,512,0,0,512,0,0,261,0,0,251,0,0,512,30.29744529724121,72.0004653930664,0,0,0,0
41,A,41,0.1217058002948761,0.1715615689754486,nan,nan,512,0,0.1217058002948761,0.1715615689754486,all_rows,512,0,0.00851508229970932,0.20078125,-0.011222111713141202,0.011064683180302381,0.10218306502792984,eb698fb4691e8b821aad0b8ce6c29c16:0:0,6a9a6afe6885a29d6c672330b035d0cc:0:0,4cd82f210785741dba52f57a7117dfe7:0:0,e720d4d827aba047f26ccdd39abe49e9:0:2785838558,c0bb6e4c862791637a9ebe419a17e63c:0:3490520112,10,1.0,0,0,0,0,0,0,512,0,0,512,0,0,270,0,0,242,0,0,512,29.81557846069336,72.83382415771484,0,0,0,0
42,A,42,0.054275039583444595,0.1160663589835167,nan,nan,512,0,0.054275039583444595,0.1160663589835167,all_rows,512,0,0.005169774871319532,0.18125,-0.020759876538068055,0.007324760430492461,0.10338696098187938,1e4a79190a4eb18f5e86239009639016:0:0,03b57afcd37db3f0bda2829054482dcf:0:0,a67ebfbb7691a0c61e772fb918d8b017:0:0,ccc0c45143e2aab9be1bb0ab5ccc05e9:0:1855931365,b7cbf6f7ed28de0b38d25180ccbdc894:0:1001983144,10,1.0,0,0,0,0,0,0,512,0,0,512,0,0,268,0,0,244,0,0,512,29.35021209716797,73.63592529296875,0,0,0,0
43,A,43,0.01449267752468586,0.11068138480186462,nan,nan,512,0,0.01449267752468586,0.11068138480186462,all_rows,512,0,0.003863872028887272,0.1537109375,-0.019407322490587832,0.006120183924213052,0.10420367401093245,b7a9d3fdfda0bf299d5b783728c48416:0:0,ffbcee9189afe1ce525dbd659a9187e5:0:0,e10177e62a1f00cb9a6fb6828c328435:0:0,964a38088f0f6f8380fb73098719c1e9:0:138458483,a49362e05d427acb2fa963954373728b:0:3129940100,10,1.0,0,0,0,0,0,0,512,0,0,512,0,0,261,0,0,251,0,0,512,29.0069580078125,74.25904083251953,0,0,0,0
44,A,44,0.01546518225222826,0.105784110724926,nan,nan,512,0,0.01546518225222826,0.105784110724926,all_rows,512,0,0.014677818864583969,0.190234375,-0.030093995667994023,0.005295086046680808,0.11299262201646343,29c79e27be2f32833978dcf644e57816:0:0,41dd9f1851fe472647cfb031deae7919:0:0,a53c2da6c5ad7bd2df53dd482af3b6a8:0:0,2e3771531f5fb80713bcf62a19a77de9:0:3183980912,8868635acdc17a646bc4bbd863d9efdf:1:2877695342,10,1.0,0,0,0,0,0,0,512,0,0,512,0,0,226,0,0,286,0,0,512,28.70331382751465,74.85983276367188,0,0,0,0
45,A,45,0.0051530878990888596,0.10208361595869064,nan,nan,512,0,0.0051530878990888596,0.10208361595869064,all_rows,512,0,0.016705971211194992,0.15234375,-0.023109671333804725,0.005198834417387843,0.10410377796506509,f82ea9c62723dc64537ee5415dc66c16:0:0,5b4c7a7d091c86dbd68f7922bd3bbd3c:0:0,b4ea89afc92c397b8eca19949e4e28da:0:0,acf142e4769ecabbb4c15b49147539e9:0:900488574,71b1017c08f5ca3642650574d8d2101f:1:41788051,10,1.0,0,0,0,0,0,0,512,0,0,512,0,0,269,0,0,243,0,0,512,27.930814743041992,75.78926849365234,0,0,0,0
46,A,46,0.005178816616535187,0.11583752930164337,nan,nan,512,0,0.005178816616535187,0.11583752930164337,all_rows,512,0,0.014291545376181602,0.1091796875,-0.015474935038946569,0.00662342228461057,0.10832495498470962,222cce3a46175200be62e48c73676016:0:0,f4e92d5bf236ed7a461907024806cf44:0:0,4af331fa1ac867c99c68fb95958a1678:0:0,50359f5dd68604d2c41a03a27782f5e9:0:1326692674,df8ad1b946f073ff2d086b955a55dd51:0:91510841,10,1.0,0,0,0,0,0,0,512,0,0,512,0,0,255,0,0,257,0,0,512,27.351926803588867,76.96212005615234,0,0,0,0
47,A,47,-0.0048415581695735455,0.10591369867324829,nan,nan,512,0,-0.0048415581695735455,0.10591369867324829,all_rows,512,0,0.008381128311157227,0.2087890625,-0.01977895344607532,0.005552494782023132,0.11153959902003407,23292603bbac0b8df36eee4b85c85416:0:0,ac4de2b8cb64cc1dbb350532e6ad59c2:0:0,c4ff2f53b8fe3c93497303cdcc103449:0:0,b902d0538ac36c1c7f88907242d0b1e9:0:8855631,f2b0a45ca5a6ac66eae68ba6cf18a39d:1:2237857702,10,1.0,0,0,0,0,0,0,512,0,0,512,0,0,257,0,0,255,0,0,512,26.73472023010254,77.99210357666016,0,0,0,0
48,A,48,0.003522356739267707,0.10406035929918289,nan,nan,512,0,0.003522356739267707,0.10406035929918289,all_rows,512,0,0.008247355930507183,0.1240234375,-0.011732577066868543,0.005373719451017678,0.10464059101650491,5e0b495452d92f990641d5f294e94816:0:0,03827178043459e7a2ff5757503eb604:0:0,a07c7e9794d2351f654ff70b796533f9:0:0,33cce3f280f2392cbe7ee2f4765e6de9:0:1280891680,4f3424cb9504080f5f4c2e2e0019321c:1:2806145551,10,1.0,0,0,0,0,0,0,512,0,0,512,0,0,266,0,0,246,0,0,512,26.071237564086914,78.5318603515625,0,0,0,0
49,A,49,0.009577209129929543,0.10234774649143219,nan,nan,512,0,0.009577209129929543,0.10234774649143219,all_rows,512,0,0.00376228429377079,0.1212890625,-0.008094772696495056,0.005169526324607432,0.12323252600617707,4b53f0cd37590b1c98cf2ef5a0ca3c16:0:0,87b1384d9b5f2d8062970679f98a1c9d:0:0,d81519948f3f46ff50826d138c5a5248:0:0,7d2a76b0c6c159bfae1f1c65122c29e9:0:2849693869,2edb81b2879054787a55e13370abdaaf:0:3672805836,10,1.0,0,0,0,0,0,0,512,0,0,512,0,0,268,0,0,244,0,0,512,25.50870704650879,79.1924819946289,0,0,0,0
50,A,50,0.006334888283163309,0.09790665656328201,nan,nan,512,0,0.006334888283163309,0.09790665656328201,all_rows,512,0,0.007527251727879047,0.070703125,-0.005146442027762532,0.004720474127680063,0.1265730099985376,e03fdbedf3af3656cf5f4cc8a96b3016:0:0,744a713f8952b9c12ec746167e5ff698:0:0,5855afa2e39f6134c63cd728d5cdc97a:0:0,f48951b3c683eb5e8d3b9e001639e5e9:0:3449191838,dd774dc169deef084049e620dcb8715f:0:2102903658,10,1.0,0,0,0,0,0,0,512,0,0,512,0,0,267,0,0,245,0,0,512,25.150423049926758,79.68940734863281,0,0,0,0
51,A,51,0.002020500134676695,0.10259676724672318,nan,nan,512,0,0.002020500134676695,0.10259676724672318,all_rows,512,0,0.0016654975479468703,0.1134765625,-0.0031700564548373224,0.005242413515225053,0.1089549949974753,bd113ac21f3a665f448f42dfaecc2416:0:0,894cff623cbb5efd73259481e77c5620:0:0,1d7eddb5f70f7b91b84d2e6c934d7a18:0:0,071a65d75a67ae44685709018287a1e9:0:3081156203,8203db9e54898fdde24cfafca03d4038:0:4105490405,10,1.0,0,0,0,0,0,0,512,0,0,512,0,0,258,0,0,254,0,0,512,24.918733596801758,80.77738952636719,0,0,0,0
52,A,52,-0.009662020951509476,0.09494375437498093,nan,nan,512,0,-0.009662020951509476,0.09494375437498093,all_rows,512,0,0.0034720394760370255,0.15625,-0.016296878177672624,0.004471388272941112,0.11068972904467955,1e2a325f64c5eb7cfd50e4aeb0ed1816:0:0,2674a0682ba81cd59fb950210af7d87a:0:0,ae71f62540e39f63439a8280be995380:0:0,573f76810e8d7082d5a43ea557155de9:0:3245038612,a166dd99029e4920e9df70e0e709f1df:0:2045089720,10,1.0,0,0,0,0,0,0,512,0,0,512,0,0,258,0,0,254,0,0,512,24.969802856445312,81.56629943847656,0,0,0,0
53,A,53,-0.004125324077904224,0.09652858972549438,nan,nan,512,0,-0.004125324077904224,0.09652858972549438,all_rows,512,0,0.0008208461804315448,0.121875,-0.006876487168483436,0.004602200130466372,0.10985675698611885,abbc5fca4a0edc3c5ceac5a9afce0c16:0:0,0fb723329a37d740f5e6aa392d632e6e:0:0,8ce5783e744884434249e103afa10b8c:0:0,489b4eab2a3f7166b106602793e319e9:0:438566503,0522b9ee22159df993e3255e783d1652:0:3412119128,10,1.0,0,0,0,0,0,0,512,0,0,512,0,0,276,0,0,236,0,0,512,24.569873809814453,81.91453552246094,0,0,0,0
54,A,54,0.012119323015213013,0.09905111789703369,nan,nan,512,0,0.012119323015213013,0.09905111789703369,all_rows,512,0,0.013133436441421509,0.11796875,-0.010047292476519943,0.0048482836340554055,0.10529427899746224,73357cdce0b0ed4518f83944ab6f0016:0:0,a3bb3bcc94e734f543876093e1bf5190:0:0,0bd7c2e389921ab7ca361ceb6ee4b9d8:0:0,aeb79dd35881bd1cd810cec438f0d5e9:0:1659637293,620b087d9e65874cf6fb093c26431ab4:1:647886996,10,1.0,0,0,0,0,0,0,512,0,0,512,0,0,267,0,0,245,0,0,512,24.57419204711914,82.37322998046875,0,0,0,0
55,A,55,-0.002063148654997349,0.1080508828163147,nan,nan,512,0,-0.002063148654997349,0.1080508828163147,all_rows,512,0,0.0018528902437537909,0.1421875,-0.0035372136859223246,0.005799205740913749,0.1058069919818081,f1007ecf48eef5f02d6952f3a3cff416:0:0,75d5af6d62e00e11ad92db12bb7841fe:0:0,f18fdaba57bbbb16e01e6a4eb99dab40:0:0,ec4199b908388096e6072bb7463e91e9:0:1222001097,55e3a57ae224f824b0d24e9f4b4b129f:1:2136334121,10,1.0,0,0,0,0,0,0,512,0,0,512,0,0,256,0,0,256,0,0,512,24.052692413330078,83.34320068359375,0,0,0,0
56,A,56,0.0020224868785589933,0.0945383682847023,nan,nan,512,0,0.0020224868785589933,0.0945383682847023,all_rows,512,0,0.013018851168453693,0.1806640625,-0.0227915464900434,0.00444482818711549,0.1092721419990994,756cae06aecb219dd082e62a98f0e816:0:0,1f388162ea49966ede7608285abb9a7b:0:0,77e767ced0a8cebc632f478b9b6a43a7:0:0,63683d17dc2055afefdd583cbbcc4de9:0:3961013900,ee70403b1665a76a3dec2ef78529ca29:1:1938676114,10,1.0,0,0,0,0,0,0,512,0,0,512,0,0,245,0,0,267,0,0,512,23.856103897094727,83.79602813720703,0,0,0,0
57,A,57,-0.005402921233326197,0.1031111478805542,nan,nan,512,0,-0.005402921233326197,0.1031111478805542,all_rows,512,0,0.007706625387072563,0.0740234375,-0.006357939494773745,0.0052520716562867165,0.1077273900154978,b95152d429e2cdcb66de865d8ad1dc16:0:0,9e95d00a05e5764430e55cd947ce7244:0:0,5d0a28091e28115fa388cc4e4aaabf9e:0:0,352c72cac2d4879140377590999a09e9:0:1942202584,04b49619327be3fc07672d0ba71febff:0:2179587465,10,1.0,0,0,0,0,0,0,512,0,0,512,0,0,260,0,0,252,0,0,512,23.255292892456055,84.43009948730469,0,0,0,0
58,A,58,0.008925560861825943,0.09619225561618805,nan,nan,512,0,0.008925560861825943,0.09619225561618805,all_rows,512,0,0.007422454189509153,0.06015625,-0.006369940750300884,0.004587296862155199,0.1122100570355542,8314a2d1a88214e9776a87007972d016:0:0,e28d4ecc33965de2a09790e9d9cd014c:0:0,3f0aca4d886d417c8f4d9b4ed5ee687e:0:0,7db4b0048f1f4f571369e4eedfa7c5e9:0:2708542844,ce56375abbda4f740a96c5b44a9abd58:0:509468200,10,1.0,0,0,0,0,0,0,512,0,0,512,0,0,254,0,0,258,0,0,512,22.592533111572266,84.53514099121094,0,0,0,0
59,A,59,-0.0026282325852662325,0.1008399948477745,nan,nan,512,0,-0.0026282325852662325,0.1008399948477745,all_rows,512,0,0.0028358118142932653,0.1572265625,-0.00849124970845878,0.00503504453226924,0.10590570897329599,27d79e8fce6305f19f69fb8764d3c416:0:0,d5c85fa9fb6867bb24a07cada514b0b3:0:0,0073ef9bfb637caec1a3ecbce2952ae0:0:0,07326f8b28d008f5537947938df581e9:0:707105804,4dbf4d65deb3c3a8d9a9bf55f897fc57:0:2281697922,10,1.0,0,0,0,0,0,0,512,0,0,512,0,0,258,0,0,254,0,0,512,22.09604835510254,85.23873901367188,0,0,0,0
60,A,60,0.0054548378102481365,0.10047073662281036,nan,nan,512,0,0.0054548378102481365,0.10047073662281036,all_rows,512,0,0.006432807072997093,0.028515625,-0.00315471226349473,0.00492923294659704,0.10454858199227601,db6e874c6f8c88bc8674b7664cf4b816:0:0,21332111c8a3f062d96e0536792e3104:0:0,b3c7442314a36d4ce4f0a2d324e2aaa9:0:0,5be0ab22ae53605c541a7ebaa4833de9:0:1098306623,68e58999b8dcf95d9bc7d8931fbea844:1:3633596028,10,1.0,0,0,0,0,0,0,512,0,0,512,0,0,262,0,0,250,0,0,512,21.792377471923828,85.74518585205078,0,0,0,0
61,A,61,0.09291347861289978,0.1410321593284607,nan,nan,512,0,0.09291347861289978,0.1410321593284607,all_rows,512,0,0.0013786833733320236,0.1560546875,-0.009902066830545665,0.006909330445341766,0.11359783000079915,813e806e0fc4ef17d2774e1131d5ac16:0:0,19b423c23efe745be1d95e7e979f65d5:0:0,81eb2823511c9db42455437b8b679259:0:0,ba56d7961f4976dd8eb2aba02350f9e9:0:4040749158,7f22ea209761cc01f2742a4e4cbb2317:0:3082149421,10,1.0,0,0,0,0,0,0,512,0,0,512,0,0,256,0,0,256,0,0,512,21.29752540588379,84.85797119140625,0,0,0,0
62,A,62,0.031822286546230316,0.10114651918411255,nan,nan,512,0,0.031822286546230316,0.10114651918411255,all_rows,512,0,0.004943828098475933,0.0654296875,-0.0041248566471040245,0.005221008323132992,0.1062386889825575,64d4d0858f0c329c1bb312fc1376a016:0:0,592622dcbfa405f918891a68807f8cae:0:0,091be85aa07cab4540c94b8b29ed0118:0:0,3e1c0b0b685600d05e572f800a5eb5e9:0:1785905302,c51325ff7c88fe79cc5324854a56b7a3:1:12393327,10,1.0,0,0,0,0,0,0,512,0,0,512,0,0,261,0,0,251,0,0,512,21.245119094848633,85.4520263671875,0,0,0,0
63,A,63,0.008534551598131657,0.09466632455587387,nan,nan,512,0,0.008534551598131657,0.09466632455587387,all_rows,512,0,0.0009153502760455012,0.0015625,-0.002799645159393549,0.0044839383568614725,0.10403041203971952,47d3099beb91df42e0be199af1d79416:0:0,2bde3eb73bc866435bb204680585a863:0:0,75c51440223b3fd6f90ebef94493c919:0:0,1951d490e8665b76bbcdab9659ac71e9:0:2123002364,cdd684408ad32c90bc7da82265989647:0:1703697897,10,1.0,0,0,0,0,0,0,512,0,0,512,0,0,251,0,0,261,0,0,512,21.029272079467773,84.40154266357422,0,0,0,0
64,A,64,0.0016340716974809766,0.08790794759988785,nan,nan,512,0,0.0016340716974809766,0.08790794759988785,all_rows,512,0,0.005862783174961805,0.073828125,-0.009057420119643212,0.003815659647807479,0.10499134002020583,e85d2896c19aaabc7a833561ccf88816:0:0,41a39ca907b26a9696e3d90be2a9ffcb:0:0,70ea1aed1a85bfbec1b8621cb18c0f26:0:0,8bb5e712c7a99b21f98c011f113a2de9:0:1973743026,045c8d78b736a08e55f1225786c4dbd3:0:2832652183,10,1.0,0,0,0,0,0,0,512,0,0,512,0,0,264,0,0,248,0,0,512,20.780807495117188,84.63167572021484,0,0,0,0
65,A,65,-0.004505505785346031,0.0926235169172287,nan,nan,512,0,-0.004505505785346031,0.0926235169172287,all_rows,512,0,0.014094127342104912,0.1390625,-0.015051918476819992,0.004118180857039988,0.10319689003517851,e4537782f1c9b8861041f9c4a4d97c16:0:0,6e8cb8693a4f7b6889f3bcec42f9abe0:0:0,3168491dd3b95549e9851e3664289029:0:0,df5d1126b87691977fb851563107e9e9:0:3397443858,7fb38fc7548421c7b25f7e9e48877a57:0:939964193,10,1.0,0,0,0,0,0,0,512,0,0,512,0,0,265,0,0,247,0,0,512,20.62318229675293,85.64585876464844,0,0,0,0
66,A,66,-0.0006400577258318663,0.09026595950126648,nan,nan,512,0,-0.0006400577258318663,0.09026595950126648,all_rows,512,0,0.0028099145274609327,0.0357421875,-0.004022488929331302,0.004059665277600289,0.10625067894579843,0709ae9996418abf8b8eba37797a7016:0:0,d0113c0a41d3de67850ed97badc472b7:0:0,38711599613120ed499084524783a60f:0:0,a4a90e5cfa5bccb58828fd77b915a5e9:0:2510399284,97a2ad0b36ae39b4dbe93440184b6015:0:1500981965,10,1.0,0,0,0,0,0,0,512,0,0,512,0,0,274,0,0,238,0,0,512,20.08932113647461,86.76760864257812,0,0,0,0
67,A,67,0.00469060568138957,0.08685120195150375,nan,nan,512,0,0.00469060568138957,0.08685120195150375,all_rows,512,0,0.006955505348742008,0.039453125,-0.010393848409876227,0.0037477599340490996,0.10690295300446451,fd9f73d82f109fc18c528a2e4adb6416:0:0,08828a31560eb05ba9a387a2948329a7:0:0,5187bee50c4ca34214e152c0e0f2c898:0:0,35558e05b7958d57da64a6bfa96361e9:0:1710717321,e10cb8142343ef542f90c136c9512d0b:1:2625184490,10,1.0,0,0,0,0,0,0,512,0,0,512,0,0,277,0,0,235,0,0,512,19.930883407592773,87.59048461914062,0,0,0,0
68,A,68,0.008089909330010414,0.08767007291316986,nan,nan,512,0,0.008089909330010414,0.08767007291316986,all_rows,512,0,0.0005101480055600405,0.013671875,-0.005164393642917276,0.003833511448465288,0.10701337200589478,7e5bf109ae5dbc735ccb3d1d18fc5816:0:0,e531fd43deb96eb36de62e14c9b5f35e:0:0,3be907a19de5a2dc7d35c0eefbf81088:0:0,ba4f569a1525b67c87a22e6a01f11de9:0:3821032274,f391fafa1b6a58febaa2063db48ecc83:1:2470431866,10,1.0,0,0,0,0,0,0,512,0,0,512,0,0,257,0,0,255,0,0,512,20.701780319213867,88.87751770019531,0,0,0,0
69,A,69,-0.0043427604250609875,0.09719151258468628,nan,nan,512,0,-0.0043427604250609875,0.09719151258468628,all_rows,512,0,0.0012615914456546307,0.0080078125,-0.00749480261001736,0.004703622171655297,0.10522312100511044,7e36c422ccc7e360e58b6677e3dd4c16:0:0,18f739f6c5c876f01e6d32f606a2bcf4:0:0,592cebc44b2ad0b11b4a1c0de0ad1c78:0:0,119ab4388dc9b4a8a6c8b5b2c2bed9e9:0:460660760,ef39e57eba7c0c4cecbd73e4f6be2fa1:0:1888670537,10,1.0,0,0,0,0,0,0,512,0,0,512,0,0,263,0,0,249,0,0,512,20.431840896606445,88.98091888427734,0,0,0,0
70,A,70,-0.000719331088475883,0.09340818971395493,nan,nan,512,0,-0.000719331088475883,0.09340818971395493,all_rows,512,0,0.0048700072802603245,0.016796875,-0.010567549197003246,0.004331061732955277,0.1087879830156453,79cc0dd8ce6df890a17a59b2ab7e4016:0:0,67f55ace33b0c9af2e0656bd9a0f8488:0:0,5dcd0177f460b3c014f59a3917d5de62:0:0,891c63e4700a5d8d106f9dd5ebcc95e9:0:1727115801,88e9619308628a2b5e2c5c5337dee4ed:1:267328433,10,1.0,0,0,0,0,0,0,512,0,0,512,0,0,256,0,0,256,0,0,512,20.398418426513672,88.95482635498047,0,0,0,0
71,A,71,0.0043676854111254215,0.08093038201332092,nan,nan,512,0,0.0043676854111254215,0.08093038201332092,all_rows,512,0,0.004773842170834541,0.0787109375,-0.015740481810644268,0.003250581561587751,0.10554296500049531,7917d65ea112121991d42a416fdf3416:0:0,8f72e3e0360e86d7ecb3284dbd8b9a36:0:0,e7ec9bf350aca587d73034ce07b65786:0:0,f8e1ec7897a1c7eb1ade880f7d1a51e9:0:2298319327,3534bc126ce78feca1804a6642c2dab3:0:2868684199,10,1.0,0,0,0,0,0,0,512,0,0,512,0,0,256,0,0,256,0,0,512,20.035459518432617,88.47380828857422,0,0,0,0
72,A,72,0.0037867522332817316,0.09726786613464355,nan,nan,512,0,0.0037867522332817316,0.09726786613464355,all_rows,512,0,0.0027944825123995543,0.0033203125,-0.009516313066706061,0.004708904179278761,0.1273575720260851,ac3e6838fbcc75793229ab9831002816:0:0,529f2e7a5e63f2a91998384d05370c52:0:0,a8d90b8ab505a0e0c45e50e7a1b5e428:0:0,e3cbd17dba731bb9560d559b76a80de9:0:3330598604,1d7fbb25b967718dec0abe3bd45cda22:1:1608706570,10,1.0,0,0,0,0,0,0,512,0,0,512,0,0,259,0,0,253,0,0,512,19.525360107421875,88.88068389892578,0,0,0,0
73,A,73,0.004486558027565479,0.0877637267112732,nan,nan,512,0,0.004486558027565479,0.0877637267112732,all_rows,512,0,0.0032992702908813953,0.0142578125,-0.012152628437615932,0.0038207747624255718,0.11645534099079669,a81b9d1ee8c241a96c60712aeee11c16:0:0,f61fcd11e0d08aefac795de747a460b2:0:0,59a2566f7c6ef26f49d6eede7bd97422:0:0,707d4354e1505a8847a427b5d875c9e9:0:2455320083,b7c5651af7c2ad0b685d217db837c562:1:591036331,10,1.0,0,0,0,0,0,0,512,0,0,512,0,0,249,0,0,263,0,0,512,19.761381149291992,88.7012710571289,0,0,0,0
74,A,74,-0.0006836428656242788,0.08486943691968918,nan,nan,512,0,-0.0006836428656242788,0.08486943691968918,all_rows,512,0,0.0023164493031799793,0.0033203125,-0.01298454375937581,0.0035889316583052277,0.10489613097161055,c01268e0e153c5f68cb2ce6da9821016:0:0,c764ba90e40da9f39e52a8f3b6f0505d:0:0,aef4fc4a53f84eca3ec654a794a10c69:0:0,ce71e366e4ca202726fb5f9aa28385e9:0:1470073033,4dcbb599a964e7bd37b3fc5047258565:0:744165199,10,1.0,0,0,0,0,0,0,512,0,0,512,0,0,255,0,0,257,0,0,512,19.920154571533203,88.2683334350586,0,0,0,0
75,A,75,0.0040093157440423965,0.07780473679304123,nan,nan,512,0,0.0040093157440423965,0.07780473679304123,all_rows,512,0,0.002016378566622734,0.007421875,-0.015206350246444345,0.0030177113716490568,0.10643827699823305,1c6032556536859535afd6d460e30416:0:0,d70b9415e4c0c253e2b1b142a28ca46e:0:0,42ff51a00e4cf732121d85a366ad7994:0:0,7c52e24a06455b88991b9e85d4d141e9:0:2770875587,b2df8f149793fe519bc782527c11d8c4:1:3564025890,10,1.0,0,0,0,0,0,0,512,0,0,512,0,0,246,0,0,266,0,0,512,19.557104110717773,87.87102508544922,0,0,0,0
76,A,76,0.003623339580371976,0.09133710712194443,nan,nan,512,0,0.003623339580371976,0.09133710712194443,all_rows,512,0,0.0026763249188661575,0.0046875,-0.014233887451700867,0.004155063140206039,0.11160546203609556,55ccc24eb4eee7f8543b5dd31503f816:0:0,0d492dbd27cd822d1c9d671226c20723:0:0,959e79372e8335195733dedfa9e3acaa:0:0,6d59290efd92ffe76cbdc5b36f5efde9:0:1501577664,90a14a2908445f0063552ae1af4b5270:1:2322657495,10,1.0,0,0,0,0,0,0,512,0,0,512,0,0,261,0,0,251,0,0,512,19.36568260192871,87.81541442871094,0,0,0,0
77,A,77,0.008091239258646965,0.08692438900470734,nan,nan,512,0,0.008091239258646965,0.08692438900470734,all_rows,512,0,0.001941719907335937,0.0091796875,-0.012782764807343482,0.003762974007986486,0.10987247002776712,edafbca2181d95e7138df6ddc5e4ec16:0:0,6d78b9301095e959ae9ae9d8d3e9f489:0:0,a67eb85c7f9709ef3d5fef08ca543fc8:0:0,c3fa66271345ae2b564af65f722cb9e9:0:2423808361,1631bc2271125494dfa013e7b9073b35:1:239897982,10,1.0,0,0,0,0,0,0,512,0,0,512,0,0,256,0,0,256,0,0,512,19.035686492919922,87.84148406982422,0,0,0,0
78,A,78,-0.011454151012003422,0.0856950506567955,nan,nan,512,0,-0.011454151012003422,0.0856950506567955,all_rows,512,0,0.0022300491109490395,0.0123046875,-0.013280106009915471,0.0035767187364399433,0.10533926304196939,48afb74dd8148352d134f5687385e016:0:0,a8bb9ab85626284b7717acf7f1a66a87:0:0,4997bef1425680a2959971836e7d68c2:0:0,488ab9952001568dabdc91c5dd3a75e9:0:3369679061,a5dfe042a55dbc7aa9105267517d3421:0:318378052,10,1.0,0,0,0,0,0,0,512,0,0,512,0,0,260,0,0,252,0,0,512,18.74641227722168,87.7802734375,0,0,0,0
79,A,79,0.015383022837340832,0.09624667465686798,nan,nan,512,0,0.015383022837340832,0.09624667465686798,all_rows,512,0,0.0019325788598507643,0.0015625,-0.013857856579124927,0.00442689850460738,0.10705475998111069,401517cfd727a5ed11126ce71de6d416:0:0,34be865afdeda0b04b9a12e17735246f:0:0,ce55711b756e6431cac3e43d440d6e89:0:0,73245b5b8900d27e213c3922b08831e9:0:2559457653,678ab591dd6097b9c2c94a2e085833f6:0:2622629842,10,1.0,0,0,0,0,0,0,512,0,0,512,0,0,258,0,0,254,0,0,512,18.575183868408203,87.52257537841797,0,0,0,0
80,A,80,-0.002540400018915534,0.08744769543409348,nan,nan,512,0,-0.002540400018915534,0.08744769543409348,all_rows,512,0,0.0029141861014068127,0.0140625,-0.014562857383862138,0.0037193285650573673,0.10576694004703313,45cbe6c36d2d587d715d30cdc507c816:0:0,ff42318cb657f216e32ccbec10f1be49:0:0,6e8c735fc308869804f1598dddee91d7:0:0,5949f259920d76c783e3cdb1ec15ede9:0:1651293034,a37a9fd6dbce4afbc3ae0fce0417d336:1:417323417,10,1.0,0,0,0,0,0,0,512,0,0,512,0,0,257,0,0,255,0,0,512,18.280471801757812,87.29635620117188,0,0,0,0
81,A,81,-0.015714047476649284,0.09422580897808075,nan,nan,512,0,-0.015714047476649284,0.09422580897808075,all_rows,512,0,0.0035736935678869486,0.04921875,-0.018361573154106737,0.004140331223607063,0.10571910499129444,d6fbc5e1f1a26af79ea0d49068e8bc16:0:0,e5d4f723398a171ce4f9cca3076fe638:0:0,141767dc84331df281f70ea5676ca607:0:0,9997690a9d249df476fd70af8fe3a9e9:0:2487950544,9c3d95ad6ad6488effddd6a885aa6533:1:199161947,10,1.0,0,0,0,0,0,0,512,0,0,512,0,0,254,0,0,258,0,0,512,17.978538513183594,87.05431365966797,0,0,0,0
82,A,82,0.0020702246110886335,0.08860412985086441,nan,nan,512,0,0.0020702246110886335,0.08860412985086441,all_rows,512,0,0.0020094341598451138,0.009765625,-0.011673325812444091,0.0036832158104516564,0.10537979897344485,ed3424861be5df5147bdaba30989b016:0:0,f321a207a4ce0b5fe674bac10d67660c:0:0,9b11cc813793896b95ff69331f94e27d:0:0,02afe0da30072af42f6383579bf165e9:0:768369549,b170570688943c9423561d46ebf84853:1:2751870663,10,1.0,0,0,0,0,0,0,512,0,0,512,0,0,276,0,0,236,0,0,512,18.164321899414062,86.73528289794922,0,0,0,0
83,A,83,0.001743445172905922,0.0826074481010437,nan,nan,512,0,0.001743445172905922,0.0826074481010437,all_rows,512,0,0.009886719286441803,0.076171875,-0.015041880821809173,0.003390472731553018,0.11155394901288673,a34cb2d72200531811e8c979a6eaa416:0:0,cea5571734e3f4a61c7a424666f51720:0:0,b0d0db722ceca334352c4d0362c2cfff:0:0,b6adf3ffd7ef03ff2fa0a6e6103f21e9:0:2832088705,7054b7df00377adf39306bbe8b4f9f69:0:3079560036,10,1.0,0,0,0,0,0,0,512,0,0,512,0,0,265,0,0,247,0,0,512,18.295814514160156,86.45862579345703,0,0,0,0
84,A,84,0.006353789009153843,0.07796891778707504,nan,nan,512,0,0.006353789009153843,0.07796891778707504,all_rows,512,0,0.0024884482845664024,0.0310546875,-0.015261841611936689,0.003034574759658426,0.10740843298844993,b606ebc53e6b15c78cac0188410b9816:0:0,ae88cb739466a23145b8659a385f375d:0:0,7464ec53c5c576481ec94fb4eb090e8d:0:0,79edc11643a685bc03efbc96ecccdde9:0:3181994325,58c7dc4fa0d04bfa9154485404498a35:0:1728528166,10,1.0,0,0,0,0,0,0,512,0,0,512,0,0,248,0,0,264,0,0,512,17.800168991088867,87.0531005859375,0,0,0,0
85,A,85,-0.0035159625113010406,0.07705605030059814,nan,nan,512,0,-0.0035159625113010406,0.07705605030059814,all_rows,512,0,0.003730312455445528,0.014453125,-0.01443301965482533,0.0029037930071353912,0.11841562599875033,45f55a06054aebdf25e5e742d7ec8c16:0:0,1c69ffc604fe6fa6c5a6f7716d55c76e:0:0,55f9c1e7e298008806249374b5312e53:0:0,3b5642e12c3deea3fe3be5a6319a99e9:0:3710588342,8d05549dc628f6a76568b8e3455ece55:1:3496920862,10,1.0,0,0,0,0,0,0,512,0,0,512,0,0,259,0,0,253,0,0,512,17.607452392578125,86.9515380859375,0,0,0,0
86,A,86,0.011871415190398693,0.08578569442033768,nan,nan,512,0,0.011871415190398693,0.08578569442033768,all_rows,512,0,0.00437552947551012,0.0517578125,-0.01618415890261531,0.003660163073800504,0.10725064703729004,a4effc43b1927eb81dc9ce1d6b8d8016:0:0,0b6b4a2bc265bb6493e04f2ca6b90484:0:0,430658d78dc92f0184efab7a03b7d892:0:0,3d9139f5e49ac2a7f220834fdea855e9:0:782081891,1be1d17f4d33516cf47a645feb0dc42b:1:532573908,10,1.0,0,0,0,0,0,0,512,0,0,512,0,0,266,0,0,246,0,0,512,17.527437210083008,86.81047058105469,0,0,0,0
87,A,87,-0.00743055809289217,0.07937189191579819,nan,nan,512,0,-0.00743055809289217,0.07937189191579819,all_rows,512,0,0.006842120084911585,0.0330078125,-0.015623379382304847,0.003115695214364678,0.10769343201536685,622ae0b75280791b7adfc98bfbee7416:0:0,db16b9b0c4159d546ebead23b88d37af:0:0,3b5d59863821ba11b400575c81f93f19:0:0,24266d3aa81d2714f0e936cff3f611e9:0:2129291181,2b2ec5edce74746b7818c00186ad37a1:0:4069838209,10,1.0,0,0,0,0,0,0,512,0,0,512,0,0,253,0,0,259,0,0,512,17.262531280517578,86.5241928100586,0,0,0,0
88,A,88,0.007815008983016014,0.07975868880748749,nan,nan,512,0,0.007815008983016014,0.07975868880748749,all_rows,512,0,0.002165768062695861,0.0291015625,-0.014070774987339973,0.003070698876399547,0.10617769899545237,919cb86a81ed5097fe04ad02890f6816:0:0,4a8939013943ccdeb228747db025b916:0:0,8e37f00975baf35441799021b4c5786e:0:0,0d704171009736b90591e1627183cde9:0:18625538,6a8ede83d0032e868a002f0c6f250ea0:1:3381135800,10,1.0,0,0,0,0,0,0,512,0,0,512,0,0,247,0,0,265,0,0,512,16.92852210998535,85.57305145263672,0,0,0,0
89,A,89,0.0038907239213585854,0.08125762641429901,nan,nan,512,0,0.0038907239213585854,0.08125762641429901,all_rows,512,0,0.003720092587172985,0.046875,-0.014210285258013756,0.0032674817834049464,0.10767444595694542,d286be620bdcbb98166a0bf512f05c16:0:0,cb5427b7b41b632ff263fece7345edf9:0:0,4097e30c8207c0b430698c7974fcf95d:0:0,5b1c9f3fdbd24e47f0c6a443575189e9:0:253672111,af55fb9b654d1a39f5fa9c088190e755:0:4068252607,10,1.0,0,0,0,0,0,0,512,0,0,512,0,0,237,0,0,275,0,0,512,16.745210647583008,85.21558380126953,0,0,0,0
90,A,90,0.00026593852089717984,0.08458109200000763,nan,nan,512,0,0.00026593852089717984,0.08458109200000763,all_rows,512,0,0.004552735947072506,0.053515625,-0.018250643694773316,0.00354105542646721,0.11008464504266158,3a5ddef7afc6d437d59639d799915016:0:0,4d6afeef3f00050aa9ce8aa111fd7521:0:0,99895d9cffacfa50d1e5116c3db65e8a:0:0,5ea5d27228de50ffe4e3e0aea55f45e9:0:36318580,e68d99fb133fa142c27b2946680bddd0:1:2069388989,10,1.0,0,0,0,0,0,0,512,0,0,512,0,0,245,0,0,267,0,0,512,16.417823791503906,85.2411880493164,0,0,0,0
91,A,91,0.004303352907299995,0.08575727045536041,nan,nan,512,0,0.004303352907299995,0.08575727045536041,all_rows,512,0,0.006451081484556198,0.0216796875,-0.015928474767133594,0.0036572601995430885,0.10806634201435372,61ce8fade40ce7dae3644a1e1cf24416:0:0,7dc60f3d8dc2692776d9a15abb93a6a4:0:0,439cdad341b90776cfde802c24484e30:0:0,56237c5f1566e58e41f637e05bad01e9:0:1596143806,c29768e0db5a02ea36adec5b2d8fd1d4:0:2226910933,10,1.0,0,0,0,0,0,0,512,0,0,512,0,0,234,0,0,278,0,0,512,16.05735969543457,84.62397766113281,0,0,0,0
92,A,92,0.0004086269182153046,0.08025497943162918,nan,nan,512,0,0.0004086269182153046,0.08025497943162918,all_rows,512,0,0.0030863452702760696,0.0244140625,-0.013199874944984914,0.003168741869740188,0.10517355595948175,bdd93fcd440df3827204103c9d133816:0:0,d3af65051f18e0975073572a0cf4914f:0:0,55ef732586b1f299384cb4254f50a234:0:0,8843deb1434aab3451ba8b147a3abde9:0:1314653623,b85935c6772b1b7ba32ed0ee0373a925:1:2493632866,10,1.0,0,0,0,0,0,0,512,0,0,512,0,0,241,0,0,271,0,0,512,16.198467254638672,84.51142120361328,0,0,0,0
93,A,93,0.0010508798295632005,0.0827997624874115,nan,nan,512,0,0.0010508798295632005,0.0827997624874115,all_rows,512,0,0.005338042974472046,0.033203125,-0.014968953374773265,0.003382069314830005,0.1083669500076212,8bd4b620114ecce331fa1fa719f42c16:0:0,d41f03d5246db81a5f943349050a1f65:0:0,a205b8b5e92a764adccf3df16ecd1ecd:0:0,6469ab028eb0672c039dfb87010879e9:0:3691995827,ac762de929446a7aa6582fd9fe1312a7:0:1176169199,10,1.0,0,0,0,0,0,0,512,0,0,512,0,0,263,0,0,249,0,0,512,15.936546325683594,84.26675415039062,0,0,0,0
94,A,94,0.003518835175782442,0.08049326390028,nan,nan,512,0,0.003518835175782442,0.08049326390028,all_rows,512,0,0.008107269182801247,0.0505859375,-0.016766040585935116,0.0032060484518297017,0.10684929497074336,413e1024f029f83b461fcbd193952016:0:0,e37623751b0942c3fdbc4f8caa5725ae:0:0,38650afc489f687959077ae7a80e9055:0:0,de1227023cd62a4ca8bdea73f01635e9:0:1603986329,2a262217e1d80093600280f51454c357:1:4044523816,10,1.0,0,0,0,0,0,0,512,0,0,512,0,0,255,0,0,257,0,0,512,15.717663764953613,83.57769775390625,0,0,0,0
95,A,95,-0.00377706834115088,0.07531904429197311,nan,nan,512,0,-0.00377706834115088,0.07531904429197311,all_rows,512,0,0.008351183496415615,0.0666015625,-0.012400238355621696,0.0027431124704889952,0.13995795202208683,04636b16c87b2ae837a3283009f61416:0:0,016507756036833af14b9b4333cda3f7:0:0,aa1b1cd6ae57d464f4f2024157f75e48:0:0,510ad41babd66eefafe7f9174763f1e9:0:1508929518,502835f603b38ff6aece55958794d1c5:1:1977827310,10,1.0,0,0,0,0,0,0,512,0,0,512,0,0,261,0,0,251,0,0,512,15.467893600463867,83.13514709472656,0,0,0,0
96,A,96,0.007926272228360176,0.08305045962333679,nan,nan,512,0,0.007926272228360176,0.08305045962333679,all_rows,512,0,0.003446463029831648,0.0275390625,-0.014018473797477782,0.003286485851276666,0.10734925797441974,8de6872c72ba7abcea0708367d170816:0:0,95fdf4721cff5ba0e62dd122151e86bb:0:0,e3c5661f8f67f13b070beff010e0635f:0:0,9edce4d3db9f2f15619a08ad06f1ade9:0:4256881925,a282b501648d671a0059d44429aca61b:0:1162682817,10,1.0,0,0,0,0,0,0,512,0,0,512,0,0,279,0,0,233,0,0,512,15.402290344238281,82.53257751464844,0,0,0,0
97,A,97,0.004386326298117638,0.0792754739522934,nan,nan,512,0,0.004386326298117638,0.0792754739522934,all_rows,512,0,0.004272368270903826,0.017578125,-0.011524905869737267,0.0031266909558326007,0.10823004302801564,518ff17799fb3a178f22ff58ecf7fc16:0:0,2837ff3dd4669c06d4453a27192267b7:0:0,1bc91b82acec5e4b2f72f116487d9266:0:0,6d6fa1546856f2c99c023a712ebf69e9:0:3711132702,febaa2014c1453eea56ac0f6c1fd1d1f:0:3080766959,10,1.0,0,0,0,0,0,0,512,0,0,512,0,0,254,0,0,258,0,0,512,15.096473693847656,82.0152359008789,0,0,0,0
98,A,98,0.0003700661472976208,0.07934428751468658,nan,nan,512,0,0.0003700661472976208,0.07934428751468658,all_rows,512,0,0.008785422891378403,0.0439453125,-0.017711971933022142,0.0031345340539701283,0.10696258902316913,4bb170cefb4280b79b23610b5998f016:0:0,d65decdc2bfb89dfc92fdfaa1e403c16:0:0,4e284eae828c19912484faf638ce889b:0:0,03796fdace6bd6c88efeef9fbecd25e9:0:2374467653,613003f7fb4a4e4abfa537f7ef572e17:1:492854750,10,1.0,0,0,0,0,0,0,512,0,0,512,0,0,242,0,0,270,0,0,512,15.260367393493652,81.6246109008789,0,0,0,0
99,A,99,-0.003553207265213132,0.07782918959856033,nan,nan,512,0,-0.003553207265213132,0.07782918959856033,all_rows,512,0,0.0036838804371654987,0.01328125,-0.013427233882248401,0.003006802941672504,0.11185538396239281,ac279634eaa96153b88940c1c2f9e416:0:0,1e0ced7546113813a07186d4f46fa5ec:0:0,e1c18fe742236ee3701d65af35e6144d:0:0,b929850310888b63781ec974b71ae1e9:0:836673097,c13dfa2d91f0e340101776278d489b19:0:2349472952,10,1.0,0,0,0,0,0,0,512,0,0,512,0,0,257,0,0,255,0,0,512,15.50978946685791,81.09728240966797,0,0,0,0
100,A,100,0.007037749048322439,0.0765247493982315,nan,nan,512,0,0.007037749048322439,0.0765247493982315,all_rows,512,0,0.006709225010126829,0.03984375,-0.02159249228425324,0.0029129410744644702,0.11441213102079928,2da6692fc6becbefbc2a71f0291ad816:0:0,f69fc323e65baf0a26f481cde87db5f4:0:0,640d62c60d97f780833dc25b0f4ac5c9:0:0,dac24b2517ab4ba55ea0a92c17a89de9:0:2340955136,11cbd890cf0b8ce2ac67d426928296e3:0:467321035,10,1.0,0,0,0,0,0,0,512,0,0,512,0,0,247,0,0,265,0,0,512,15.361878395080566,80.4345474243164,0,0,0,0
101,A,101,-0.05388069525361061,0.12486797571182251,nan,nan,512,0,-0.05388069525361061,0.12486797571182251,all_rows,512,0,0.003613495733588934,0.0474609375,-0.015271503129042685,0.00521775046363473,0.10757238097721711,9424348ec29d1cf29931880a8bfbcc16:0:0,253b30ddd9607e23998399542fdd00bd:0:0,7d797773147c74eafc208f7bb59d3550:0:0,b7e6573c659accb7cf73b001e07659e9:0:971779940,f392f678295e0bfeecf45c1126d40493:1:4134184592,10,1.0,0,0,0,0,0,0,512,0,0,512,0,0,261,0,0,251,0,0,512,14.869833946228027,80.07803344726562,0,0,0,0
102,A,102,0.011086494661867619,0.08906199038028717,nan,nan,512,0,0.011086494661867619,0.08906199038028717,all_rows,512,0,0.004151469096541405,0.041796875,-0.012165413796901703,0.0035305868834257124,0.10635059600463137,eca7781a2f2758fc551dd684eb9cc016:0:0,3cd3acfb80ad5c4c79791d0ddd842e65:0:0,e0a904f03ed3175d87a558f84754388b:0:0,f55f4511f1f5258799373f32118415e9:0:1665388831,d703f77bcf6a7b5d63d2540dc8244f9b:1:2367402042,10,1.0,0,0,0,0,0,0,512,0,0,512,0,0,261,0,0,251,0,0,512,14.573573112487793,79.35602569580078,0,0,0,0
103,A,103,-0.0006430482026189566,0.08906801044940948,nan,nan,512,0,-0.0006430482026189566,0.08906801044940948,all_rows,512,0,0.003766578622162342,0.0236328125,-0.012409718940034509,0.003915182256605476,0.10490816400852054,1839f7b32be2157bfbc370d347fdb416:0:0,fe34182f507ef679107e4739d7af98ea:0:0,6ecf9666f917613d7b1dc4c6d34205e1:0:0,986713a04a14aea9883af7f8aad1d1e9:0:1669535229,bbb63574d19a8ebf768c0761c9ac99a5:0:3360973016,10,1.0,0,0,0,0,0,0,512,0,0,512,0,0,262,0,0,250,0,0,512,14.284297943115234,78.93875122070312,0,0,0,0
104,A,104,0.0006346592563204467,0.08008536696434021,nan,nan,512,0,0.0006346592563204467,0.08008536696434021,all_rows,512,0,0.003615792840719223,0.03359375,-0.01577720190398395,0.0032083808444440367,0.11403798602987081,480ac86b67dc0e05934b2a69a11ea816:0:0,633694b5f7272d498b54d34c2fff2520:0:0,d8ada8bee308486a84495f9694e67003:0:0,323995ea4c06da7f227ebb91ac5f8de9:0:2036401266,7f1e0f105db8fc66bb81dd39aa4b8033:1:4024891563,10,1.0,0,0,0,0,0,0,512,0,0,512,0,0,265,0,0,247,0,0,512,13.99817180633545,78.06622314453125,0,0,0,0
105,A,105,0.012170902453362942,0.07756897062063217,nan,nan,512,0,0.012170902453362942,0.07756897062063217,all_rows,512,0,0.0052720969542860985,0.028515625,-0.013354418636299669,0.0028807429946027694,0.10976671398384497,b69c18225b1a6668103296bbf6ff9c16:0:0,e3636712ecda54c3f70fea7882461326:0:0,0bbc0bd1a8d7f9febc084d594ed2be63:0:0,992c43bd14d1059b63b2ab39162d49e9:0:269218097,fe82c4eaa029a347194116c523b938ba:1:3481773151,10,1.0,0,0,0,0,0,0,512,0,0,512,0,0,244,0,0,268,0,0,512,13.832390785217285,77.39402770996094,0,0,0,0
106,A,106,-0.005801710765808821,0.08362514525651932,nan,nan,512,0,-0.005801710765808821,0.08362514525651932,all_rows,512,0,0.0039009421598166227,0.05859375,-0.01660685632377863,0.0035003732540644706,0.11555267398944125,75f73c3a20fc9983494c093e49a09016:0:0,a97c93b985f2d61fc31d510c16f39843:0:0,1c96428f6697521cf0be259d571d6362:0:0,41ff2915fa3f3f677937282ae83b05e9:0:982399176,c96b6d2a74a4f45fb223ce756c03db8f:0:685229609,10,1.0,0,0,0,0,0,0,512,0,0,512,0,0,265,0,0,247,0,0,512,13.494112014770508,76.77870178222656,0,0,0,0
107,A,107,0.010976960882544518,0.08316443115472794,nan,nan,512,0,0.010976960882544518,0.08316443115472794,all_rows,512,0,0.007102437317371368,0.062109375,-0.016096499981358647,0.00341225954471156,0.11326874495716766,fa0a57fadc0c14ddebbe956499018416:0:0,a306775e402b1e8d0f1fae4455a0abc7:0:0,e6c8d6bbc601eb8ba91de7ea8ad570b5:0:0,18c9e225a8790b077e1cd3a32288c1e9:0:3113964742,dc05c300b0cbc21b44af0f20512154f0:0:1436041667,10,1.0,0,0,0,0,0,0,512,0,0,512,0,0,257,0,0,255,0,0,512,13.343457221984863,75.88756561279297,0,0,0,0
108,A,108,-0.003296775510534644,0.082614965736866,nan,nan,512,0,-0.003296775510534644,0.082614965736866,all_rows,512,0,0.0048940833657979965,0.05703125,-0.016273580957204103,0.0033736991812475027,0.10639238101430237,7546a3404bab80fb6f060ea2e5227816:0:0,60f6eaa2bc29371e04e01a7e827c26d2:0:0,a4c2e2104d3ea4e01acd874372cd70f6:0:0,35137d29bb98187f37248eddc5167de9:0:749736383,ff12b4d479a98f3a7e976e13375ac2f4:1:51099022,10,1.0,0,0,0,0,0,0,512,0,0,512,0,0,238,0,0,274,0,0,512,13.251176834106445,75.43772888183594,0,0,0,0
109,A,109,-0.003042223397642374,0.08348970860242844,nan,nan,512,0,-0.003042223397642374,0.08348970860242844,all_rows,512,0,0.004471209831535816,0.0365234375,-0.012141128303483129,0.0034333385527133943,0.10646594502031803,89150611fc19b67208f3086d2e036c16:0:0,0f41b50de2cb40487a932f1536fac69f:0:0,6654846cf21b6533c414ca4cf8829ded:0:0,788bc2966d7cf616cebf7b16cfe439e9:0:2321760254,dcdae593c0f301ba2bb618fa2d9abbc6:0:3657094106,10,1.0,0,0,0,0,0,0,512,0,0,512,0,0,240,0,0,272,0,0,512,12.975517272949219,74.959716796875,0,0,0,0
110,A,110,0.0042098877020180225,0.08583951741456985,nan,nan,512,0,0.0042098877020180225,0.08583951741456985,all_rows,512,0,0.0071269553154706955,0.04765625,-0.011253299843519925,0.0036395718692801894,0.10680530301760882,90805dcb393c5fc0a1aad63773a46016:0:0,6c922842c815f6fa87b2b01cd590608e:0:0,9ed2c30c1acadd5cd9b742106b8bd4ac:0:0,9bbfc74a301db9ff910ef98a42f1f5e9:0:30126384,dcde5264a0a1bd27e5ac6959f125ba20:1:3832969891,10,1.0,0,0,0,0,0,0,512,0,0,512,0,0,258,0,0,254,0,0,512,12.983095169067383,74.01996612548828,0,0,0,0
111,A,111,0.0005891904002055526,0.08531312644481659,nan,nan,512,0,0.0005891904002055526,0.08531312644481659,all_rows,512,0,0.0030881687998771667,0.0181640625,-0.008161442261189223,0.0036301437998190523,0.1073000329779461,4649547caca647e4c7a78b75b6055416:0:0,e249b4ad134e14f14a140a50f8b43792:0:0,97f849fd5ea4590c9237a055f7274471:0:0,e842cbc54c8aa438a7e4ab741e3fb1e9:0:3919064148,28e8f3984554d8378b4369add9ec2f91:1:3920161510,10,1.0,0,0,0,0,0,0,512,0,0,512,0,0,254,0,0,258,0,0,512,12.642565727233887,73.27153778076172,0,0,0,0
112,A,112,-0.00027050788048654795,0.08448072522878647,nan,nan,512,0,-0.00027050788048654795,0.08448072522878647,all_rows,512,0,0.0027908263728022575,0.0251953125,-0.009045288199558854,0.0035665548173710706,0.13196528796106577,15373b364f4d55b0a3b7fb9bf5264816:0:0,987b5c3b6b59ae5ad3d96bed6441d706:0:0,7d6ba5156dbd203966125c61ebb501af:0:0,6c5f469fdee4b8b3d6c2721061cd6de9:0:3845827415,8a51c81e5995f29228577ca5698284f5:0:3422936473,10,1.0,0,0,0,0,0,0,512,0,0,512,0,0,273,0,0,239,0,0,512,12.634267807006836,72.79473114013672,0,0,0,0
113,A,113,0.004223313182592392,0.08248265087604523,nan,nan,512,0,0.004223313182592392,0.08248265087604523,all_rows,512,0,0.0038561131805181503,0.0375,-0.012342598824761807,0.0033972303732298314,0.15775818598922342,5ea3d3ed176433e0ecffba1e31073c16:0:0,d7c580ac50bf6f0baed9de5e311241ba:0:0,9cdddc0cd16c35855ed1b21cae5af2e5:0:0,59ba8fb8c78251ba36da6e9b0d9b29e9:0:1709264317,326c60b3873c8d78ab931e94b9a1211f:0:3329859575,10,1.0,0,0,0,0,0,0,512,0,0,512,0,0,246,0,0,266,0,0,512,12.40347671508789,72.1356430053711,0,0,0,0
114,A,114,0.00426763528957963,0.07774093002080917,nan,nan,512,0,0.00426763528957963,0.07774093002080917,all_rows,512,0,0.0031155310571193695,0.008984375,-0.014065399672836066,0.003017594257835299,0.11251340003218502,ccb567b48acba5f2dcf71a7069a83016:0:0,d19e1d49282e4f80759dae004dd7b61f:0:0,984a546605d2dbfbdfa12c7c747a2ca2:0:0,06a7f4d8697daa90f30f025021a8e5e9:0:4208229188,5c98e6624ac19d7e467d5bf120f2bee4:0:1715942453,10,1.0,0,0,0,0,0,0,512,0,0,512,0,0,232,0,0,280,0,0,512,12.15442180633545,71.42567443847656,0,0,0,0
115,A,115,-0.006371449213474989,0.08345142006874084,nan,nan,512,0,-0.006371449213474989,0.08345142006874084,all_rows,512,0,0.00231227558106184,0.0154296875,-0.006631160154938698,0.0034545710310339927,0.12715791701339185,b83aea091e8f89ba236b30069f092416:0:0,6ef41bbe00f91a044bb3290c97804631:0:0,f1931d584dd2f9ae1a48e1cb5ef130f5:0:0,39760fc24ee9625e03f2ce6b9df6a1e9:0:249358867,8f42fc2487fe584885f6b115e407def3:1:746533079,10,1.0,0,0,0,0,0,0,512,0,0,512,0,0,248,0,0,264,0,0,512,11.89028263092041,70.7755355834961,0,0,0,0
116,A,116,0.006378620397299528,0.08452621102333069,nan,nan,512,0,0.006378620397299528,0.08452621102333069,all_rows,512,0,0.004172964952886105,0.04921875,-0.008886214252561331,0.003555439680349082,0.1051612360170111,226941ed0be385b6da7dce54d12a1816:0:0,b6ed289cad41a3ab9394ce79351144aa:0:0,c681c8b58dbb64e86efe5b16d7d3f868:0:0,860b00f10ae6f74cebc8b42982845de9:0:1144083794,105d3ddbb966f1259ef966bd248bfa38:1:3639231926,10,1.0,0,0,0,0,0,0,512,0,0,512,0,0,256,0,0,256,0,0,512,11.650450706481934,70.33719635009766,0,0,0,0
117,A,117,0.0027367088478058577,0.08248239010572433,nan,nan,512,0,0.0027367088478058577,0.08248239010572433,all_rows,512,0,0.003949102014303207,0.050390625,-0.008308083401061594,0.0033996858284808694,0.13969641999574378,1d8f1d9e0313642b7aa588cf000b0c16:0:0,3359fa662247a1ed908eb84b37f0b886:0:0,71fa6616165309b9afb7b1d7e480362d:0:0,20e9b977f1db39f37283d4c5cf5219e9:0:441608813,9e1103b34ac5610eb798fb1369f76f3d:1:1078354972,10,1.0,0,0,0,0,0,0,512,0,0,512,0,0,271,0,0,241,0,0,512,11.62003231048584,70.03105926513672,0,0,0,0
118,A,118,0.002229179721325636,0.08430752903223038,nan,nan,512,0,0.002229179721325636,0.08430752903223038,all_rows,512,0,0.0028964164666831493,0.047265625,-0.007553219678811729,0.0035460124257951976,0.11293050297535956,19f5f5aee4db1af2ceadb2e92bac0016:0:0,a641ad5487c01f56ee72757a0e8eda1d:0:0,5682fb4337a64ddc6c769980789714e4:0:0,277bc1c67ffcb8f661c7917c845fd5e9:0:2409848360,1263dcc400ddb50bb85da5540519cbe2:1:2594432921,10,1.0,0,0,0,0,0,0,512,0,0,512,0,0,273,0,0,239,0,0,512,11.449752807617188,69.64297485351562,0,0,0,0
119,A,119,-0.0012740213423967361,0.07572007924318314,nan,nan,512,0,-0.0012740213423967361,0.07572007924318314,all_rows,512,0,0.007777869235724211,0.0408203125,-0.009829175798222423,0.0028379688505083323,0.10963493003509939,c25318556a9a8015e7b66017540cf416:0:0,d32eb48faa8e941a3efd114c865903c5:0:0,246eb4a845ef9687b8fcd0d33ebe353e:0:0,8477ea49867824ee40e78b89a1ad91e9:0:334158467,7bbe2f752d63cc6883a491ea12ed2b57:0:4265319679,10,1.0,0,0,0,0,0,0,512,0,0,512,0,0,246,0,0,266,0,0,512,11.33459186553955,69.3438491821289,0,0,0,0
120,A,120,0.008197436109185219,0.0827188789844513,nan,nan,512,0,0.008197436109185219,0.0827188789844513,all_rows,512,0,0.00819460954517126,0.060546875,-0.01616616731043905,0.0034262685221619904,0.10896179103292525,4222bdc065d8ab22113463cd792de816:0:0,26bd1c39c3e478ae71acd4e9264dd3ec:0:0,8800c554ff7614ee6251b9be01c0a427:0:0,d0b70e267766ac8c10e7a429273b4de9:0:178320645,215b7b2818ee46f77ff00b10267234d0:0:660515696,10,1.0,0,0,0,0,0,0,512,0,0,512,0,0,241,0,0,271,0,0,512,10.725931167602539,68.86024475097656,0,0,0,0
121,A,121,-0.08588748425245285,0.16436928510665894,nan,nan,512,0,-0.08588748425245285,0.16436928510665894,all_rows,512,0,0.0030425703153014183,0.0533203125,-0.002248953026719391,0.007745331921614707,0.10614051704760641,54c9424fff8b033ec4f1517f9b0edc16:0:0,c8fecc34facc97a6e0f3110c959b8fa6:0:0,60003fc0e9cf64033cb11e128e5e6f6b:0:0,64fc878d68d250fe087bfc97150909e9:0:3987508150,851b917c6fce893c90284e75f8a97a16:1:3417569685,10,1.0,0,0,0,0,0,0,512,0,0,512,0,0,250,0,0,262,0,0,512,10.879225730895996,68.1880874633789,0,0,0,0
122,A,122,0.02384783886373043,0.10038542002439499,nan,nan,512,0,0.02384783886373043,0.10038542002439499,all_rows,512,0,0.011047213338315487,0.076953125,-0.008243398880586028,0.004312296665739268,0.10568888304987922,b323b38e1f93fa039f0b7ca1b9afd016:0:0,676fe310c0be9b6025949460a4bc9a06:0:0,fb98aec3c16f4cc5819d6cfd78eb848e:0:0,c868285ea70432945008f60f6b16c5e9:0:932475652,b82cc40d5ddf9c26c782253f486c5e41:1:2227721935,10,1.0,0,0,0,0,0,0,512,0,0,512,0,0,251,0,0,261,0,0,512,10.495819091796875,67.81314086914062,0,0,0,0
123,A,123,-0.006263665854930878,0.10063477605581284,nan,nan,512,0,-0.006263665854930878,0.10063477605581284,all_rows,512,0,0.004188973922282457,0.034765625,-0.010548192448914051,0.004944424936547875,0.11261206999188289,bb08e0c9e4ed730e51f5f8a7d510c416:0:0,3e50d62c04505c8f3e2b4222e778a110:0:0,92b1b4df894d7ec2dd931ccf7ba930fb:0:0,49b37920ee58d5a5bda331ce296481e9:0:353582340,8f49fd9cdcd031cdccd2055f9c215c4b:0:1746808240,10,1.0,0,0,0,0,0,0,512,0,0,512,0,0,255,0,0,257,0,0,512,10.441823959350586,66.99365997314453,0,0,0,0
124,A,124,0.0015645282110199332,0.08886689692735672,nan,nan,512,0,0.0015645282110199332,0.08886689692735672,all_rows,512,0,0.005596920382231474,0.062109375,-0.00965253347530961,0.0038957876386120915,0.1094507550005801,dddf183dd6f2d8589a789905ed31b816:0:0,f01a2b85dd95cb9794f3bcd7cd6cdc09:0:0,4a7e8e9df79ca6188a73ff7880693943:0:0,6743ab85a4d65fb4910f910f4ff23de9:0:2452696827,7454891c5a59375ed0eca910bf1a9ba0:1:706570229,10,1.0,0,0,0,0,0,0,512,0,0,512,0,0,265,0,0,247,0,0,512,10.413992881774902,66.27589416503906,0,0,0,0
125,A,125,0.009187212213873863,0.09192262589931488,nan,nan,512,0,0.009187212213873863,0.09192262589931488,all_rows,512,0,0.0029852220322936773,0.0427734375,-0.005675187893211841,0.004181967419572175,0.1139275020104833,dd98a5ad383edb4e33aff1300212ac16:0:0,df22a61b27ebbd7f041e00afb0bfdbe2:0:0,ca7feb6899005b7d4fe3f682da577de5:0:0,3bbd14f8abc0ccd32fc3350edebff9e9:0:3571995128,9cd54ebdfd8ea92626a87fab77b0e905:0:756317312,10,1.0,0,0,0,0,0,0,512,0,0,512,0,0,254,0,0,258,0,0,512,10.109025001525879,66.1796875,0,0,0,0
126,A,126,-0.007163301110267639,0.08990873396396637,nan,nan,512,0,-0.007163301110267639,0.08990873396396637,all_rows,512,0,0.008707478642463684,0.0759765625,-0.011973996507003903,0.00387454591691494,0.11618908599484712,7ee20769a390e2a2cb0d549a13b3a016:0:0,3c2c2ba112652a16c770e14918f460cc:0:0,d6f92c783e7b6f12ef575ba41c40bd20:0:0,fa6428f9a1681d48e0e37f08d5cdb5e9:0:1780309957,5dd322c468a7df163a28e0dbf7acb33d:0:383276751,10,1.0,0,0,0,0,0,0,512,0,0,512,0,0,253,0,0,259,0,0,512,9.732938766479492,65.98323822021484,0,0,0,0
127,A,127,0.013657640665769577,0.09476906061172485,nan,nan,512,0,0.013657640665769577,0.09476906061172485,all_rows,512,0,0.003146813716739416,0.0376953125,-0.005078157735988497,0.004271005815826357,0.1131576809566468,78d0a2b6db2e24e7f456d6b822149416:0:0,09c843b43a54618e8f9f684f9696ba33:0:0,96a5f2132a7aa9350de35420f13d2345:0:0,2872ca3cab6c7b7689461039351b71e9:0:2817019190,d0f8c84a06ebfbdb5a2d1d7f7786e854:0:1565742870,10,1.0,0,0,0,0,0,0,512,0,0,512,0,0,271,0,0,241,0,0,512,9.595708847045898,65.07752227783203,0,0,0,0
128,A,128,-0.0033904823940247297,0.0882737785577774,nan,nan,512,0,-0.0033904823940247297,0.0882737785577774,all_rows,512,0,0.009102549403905869,0.06640625,-0.005841240100562572,0.0038870870135724544,0.11410037701716647,6aaf888773326fe31da74afe2d358816:0:0,5317557dfce85c4504b0a5a305e71119:0:0,2b7424ffff26cf5bbcc8647b113924ba:0:0,36df64d121b459fb6770c9dbfca92de9:0:2693959037,714cefdff55718a394ed97b433d4322b:0:1748150414,10,1.0,0,0,0,0,0,0,512,0,0,512,0,0,261,0,0,251,0,0,512,9.23173999786377,64.44627380371094,0,0,0,0
129,A,129,-0.006324368994683027,0.07994398474693298,nan,nan,512,0,-0.006324368994683027,0.07994398474693298,all_rows,512,0,0.005308983847498894,0.090234375,-0.009469196945428849,0.00316626577405259,0.12144032400101423,dc619791bf449ca3836e44e035167c16:0:0,166b4b49d524daaf14a5ca67d97e4ac5:0:0,482f91789add2ba140a9adb8adc95c51:0:0,f3259accb2508a19cf99cd2d2c76e9e9:0:3418717721,890ba3cfea7cf7d7f7157417cd16a8e7:1:165320652,10,1.0,0,0,0,0,0,0,512,0,0,512,0,0,243,0,0,269,0,0,512,8.886863708496094,63.207637786865234,0,0,0,0
130,A,130,0.004030925687402487,0.08221199363470078,nan,nan,512,0,0.004030925687402487,0.08221199363470078,all_rows,512,0,0.00453564990311861,0.0259765625,-0.004145886935293675,0.0033546081744134427,0.1578944239881821,21f4f8c12c22b058247017d239b77016:0:0,48a093e404a2c68419b3d46fa0a88744:0:0,27250a289d81b05a0f11007ff0536c59:0:0,7dae6039d68a4a5be7a77b68c484a5e9:0:605937509,4e3c13a1b42bf25b1921d436a5871908:0:2640997091,10,1.0,0,0,0,0,0,0,512,0,0,512,0,0,253,0,0,259,0,0,512,8.794271469116211,62.78207778930664,0,0,0,0
131,A,131,-0.006934193894267082,0.09758289903402328,nan,nan,512,0,-0.006934193894267082,0.09758289903402328,all_rows,512,0,0.0027879830449819565,0.0490234375,-0.010057818004861474,0.004745346482377499,0.15500028600217775,c433970ced79a9e5b5c5d7483b186416:0:0,ea3d05692d8059eee3713ef94d062f6f:0:0,d5ff6188b67fb4a2f960380bd99141ea:0:0,99bf3248b1574d78633075cac4d261e9:0:165024946,a1a85f8926ed40cd1cd95792ddcfe605:0:469443238,10,1.0,0,0,0,0,0,0,512,0,0,512,0,0,259,0,0,253,0,0,512,8.50777816772461,62.71997833251953,0,0,0,0
132,A,132,0.00867881253361702,0.08516620844602585,nan,nan,512,0,0.00867881253361702,0.08516620844602585,all_rows,512,0,0.008467783220112324,0.10625,-0.014343539532274008,0.0036184847936965524,0.11835238803178072,2af6cbc1a87cfc3c96dd56b639395816:0:0,39d8cef51d41a344f21d4f793cfe7e01:0:0,e422ba6a123a99a4a9d60e09e303c975:0:0,c59da101af6fb9773f7b9d8f2d601de9:0:507986183,6bcb25b7a0c20266eeeb15dd54fb4b1f:1:240279137,10,1.0,0,0,0,0,0,0,512,0,0,512,0,0,254,0,0,258,0,0,512,8.41629409790039,61.92512512207031,0,0,0,0
133,A,133,-0.002669063862413168,0.08313635736703873,nan,nan,512,0,-0.002669063862413168,0.08313635736703873,all_rows,512,0,0.013119947165250778,0.10546875,-0.006868611136451363,0.0034588146139867605,0.11217018100433052,0f8a045083b1b56ec5792990341a4c16:0:0,9d5ba6e2ab27ab7b0ae78586061b6229:0:0,c7c833b09b2216835583203029698821:0:0,2215a9f981421f167f8013f1fe2dd9e9:0:4284323258,f45be3c7ad7068e571153cdd0eebf5d3:1:712440021,10,1.0,0,0,0,0,0,0,512,0,0,512,0,0,255,0,0,257,0,0,512,8.799818992614746,60.90769577026367,0,0,0,0
134,A,134,-0.002245297422632575,0.08864488452672958,nan,nan,512,0,-0.002245297422632575,0.08864488452672958,all_rows,512,0,0.00798044167459011,0.0376953125,-0.0022891050670295955,0.003897762019187212,0.10897645598743111,1238a6bac4615285d1b0a34a2bbb4016:0:0,4ebd0dd0a43012edf7adcabf99ebc87e:0:0,76439e0e90a86ee919d03249a05c97af:0:0,4f0e65c64701696ee7e53a2f373b95e9:0:1603335453,df5a3e75925b648687d9d77564c1847a:1:131203565,10,1.0,0,0,0,0,0,0,512,0,0,512,0,0,246,0,0,266,0,0,512,8.43152904510498,62.238861083984375,0,0,0,0
135,A,135,0.008397769182920456,0.08786767721176147,nan,nan,512,0,0.008397769182920456,0.08786767721176147,all_rows,512,0,0.0028522636275738478,0.025390625,-0.005473551177419722,0.003779029205907136,0.10825818101875484,0afeedb5e2284018d1efd758201c3416:0:0,4a957ffbe5d6f565ba077985cb8cc37d:0:0,468ac26755b5ddec79b6eeb920d1f1d9:0:0,8f9149360708c5d8bb02b182d88951e9:0:2616210054,18996fc0dca4838242e1b76ea20abc0a:1:560587618,10,1.0,0,0,0,0,0,0,512,0,0,512,0,0,244,0,0,268,0,0,512,7.987646579742432,62.816368103027344,0,0,0,0
136,A,136,0.0005139841232448816,0.0795048326253891,nan,nan,512,0,0.0005139841232448816,0.0795048326253891,all_rows,512,0,0.01419474370777607,0.060546875,-0.004777762014418841,0.0031594104366376996,0.1104391910484992,aefbdda8b91407a256f7992e113d2816:0:0,a3532b2b7572e24e789f006f4f4f8be9:0:0,51df02766fd03884d8cafb987f94da98:0:0,4adcb686c6d1841074e05b28e2170de9:0:2726186895,9d02df1ab33442577afba4245bb701f0:1:2110850695,10,1.0,0,0,0,0,0,0,512,0,0,512,0,0,248,0,0,264,0,0,512,7.888845920562744,62.69339370727539,0,0,0,0
137,A,137,-0.009125856682658195,0.0873822346329689,nan,nan,512,0,-0.009125856682658195,0.0873822346329689,all_rows,512,0,0.0027089377399533987,0.0486328125,0.0004481785232201219,0.003734221716877073,0.1485581829911098,4773cfa742c529965fdd7c3fff1e1c16:0:0,5582b0cb8aba7995e1cbe5823a8de380:0:0,89f66168eed88555ceacdde1d1a528e9:0:0,e20ad220deb6ee9b8736585d53e4c9e9:0:1015709069,9e3205888b2d1ca665d241941323d3bd:0:959454622,10,1.0,0,0,0,0,0,0,512,0,0,512,0,0,263,0,0,249,0,0,512,7.494677543640137,63.50384521484375,0,0,0,0
138,A,138,0.011870228685438633,0.09562057256698608,nan,nan,512,0,0.011870228685438633,0.09562057256698608,all_rows,512,0,0.007498676888644695,0.1154296875,-0.006170913577079773,0.004449272039346397,0.13764123298460618,d8af5f96ff08a4384e0bd401e9bf1016:0:0,f78eedecfe18fdd53051f2f4e92e30e0:0:0,3a713b4bd2696b0b002323219af2d40c:0:0,5ac1819460c41b6d156d0a5c2df285e9:0:3665432894,c567aea1499d8b1d35f560f9952b3804:0:1730965083,10,1.0,0,0,0,0,0,0,512,0,0,512,0,0,254,0,0,258,0,0,512,7.312271595001221,63.41591262817383,0,0,0,0
139,A,139,-0.002156690461561084,0.08107705414295197,nan,nan,512,0,-0.002156690461561084,0.08107705414295197,all_rows,512,0,0.005471520125865936,0.096875,-0.009825223265215755,0.00326254740357399,0.11446189595153555,9389ceaaf45d2730d941b3e7d1200416:0:0,2ce2a8f325d3029c02f3f3f67b09f7d2:0:0,d1cb94a4b259ded4af7e8307629b74a6:0:0,17882adaaac7b4cab09d1261704041e9:0:490252741,afa526a87c174b3942fde213caf9ec21:0:2541149652,10,1.0,0,0,0,0,0,0,512,0,0,512,0,0,241,0,0,271,0,0,512,7.068079948425293,62.452911376953125,0,0,0,0
140,A,140,-0.0008143482264131308,0.08711812645196915,nan,nan,512,0,-0.0008143482264131308,0.08711812645196915,all_rows,512,0,0.0033946968615055084,0.0748046875,-0.007379558542743326,0.003791081812232733,0.1132089730235748,20d4236af0d7f3e40392ef65b540f816:0:0,4039cb71fe37f4e721dcc4af3013cd97:0:0,390300e3b7ffd416c73a1db5f0ccfdd2:0:0,4603351d7be9ba71138f51a91acdfde9:0:600582854,85f8d2ba1fc114ad2cc878f65ddb32f9:0:554505002,10,1.0,0,0,0,0,0,0,512,0,0,512,0,0,250,0,0,262,0,0,512,6.888762950897217,61.25181579589844,0,0,0,0
141,A,141,-0.046099502593278885,0.12997308373451233,nan,nan,512,0,-0.046099502593278885,0.12997308373451233,all_rows,512,0,0.004403199069201946,0.0306640625,-0.002903491025790572,0.006762137031182646,0.11318998999195173,9e8f7c7e73dd6a870d6819ef9621ec16:0:0,5a05ef5e5bc48b4eba36b1352266bc50:0:0,1d3e6c6d779bf18deda561620f0679b0:0:0,5ab4738525ff3af8debce96f2d9bb9e9:0:2450277904,c4662d76bcf6d979cc8d2ab45287e7ae:0:2212591416,10,1.0,0,0,0,0,0,0,512,0,0,512,0,0,270,0,0,242,0,0,512,6.837954044342041,60.5163688659668,0,0,0,0
142,A,142,-0.0028257048688828945,0.100156769156456,nan,nan,512,0,-0.0028257048688828945,0.100156769156456,all_rows,512,0,0.003665714059025049,0.0595703125,-0.0038128893356770277,0.004661318322177976,0.11655899899778888,61292b78692143f6697e86f973c2e016:0:0,4cb4a2d3f4c8b0599446eab76cca96d8:0:0,a1afa6aa0889a7f45970382bb5040553:0:0,693a85cfb2d8057b544f3aefa8a975e9:0:2623284367,623debfcc494b8c75502cd868e5fa19e:0:3407436087,10,1.0,0,0,0,0,0,0,512,0,0,512,0,0,242,0,0,270,0,0,512,6.82427978515625,60.58071517944336,0,0,0,0
143,A,143,0.01461159810423851,0.09362637996673584,nan,nan,512,0,0.01461159810423851,0.09362637996673584,all_rows,512,0,0.009825287386775017,0.06484375,-0.001656504743732512,0.004305081942584365,0.11322825105162337,131640e59d62784bb0e849f74e23d416:0:0,aceeb72ebb46f9b5aff938cb6045de60:0:0,23a822c81a1d6b26981424d77af5a1ef:0:0,ef9fd9b315c25377141fe7668bf731e9:0:1879562931,f13b3dfe867dc9fab31a01fbf2f701b7:0:571719767,10,1.0,0,0,0,0,0,0,512,0,0,512,0,0,251,0,0,261,0,0,512,6.854928493499756,60.17901611328125,0,0,0,0
144,A,144,-0.013548729941248894,0.09496355056762695,nan,nan,512,0,-0.013548729941248894,0.09496355056762695,all_rows,512,0,0.0037622691597789526,0.053125,-0.00372110353782773,0.004428754572290927,0.10622188402339816,002a3ae49556d233970c365d2544c816:0:0,7e118ca415c0c53854f75fb3350bb2e8:0:0,1c06d6ddeb972c663996f860096e3eb7:0:0,4b5c534cc1806af4d7b8d00fd784ede9:0:566716217,692b2c21fddd2817439c3976da46a5fc:0:3873667786,10,1.0,0,0,0,0,0,0,512,0,0,512,0,0,258,0,0,254,0,0,512,6.4515509605407715,59.47299575805664,0,0,0,0
145,A,145,0.010315794497728348,0.09296490997076035,nan,nan,512,0,0.010315794497728348,0.09296490997076035,all_rows,512,0,0.008835706859827042,0.092578125,-0.005322557222098112,0.004290233016945422,0.11643518798518926,948d83922f3a2f03dda5df9ef925bc16:0:0,78ae350c77a7a8385d1f4ce47bdbcb1f:0:0,aa81d1981200b7c52b7704f087e8707f:0:0,0f7aba213aec38ec2e5416278b52a9e9:0:2753942912,c90f8b6167b701945bcb7cd60c209365:1:1038998245,10,1.0,0,0,0,0,0,0,512,0,0,512,0,0,266,0,0,246,0,0,512,6.560980319976807,58.883636474609375,0,0,0,0
146,A,146,-0.0050973244942724705,0.09890756756067276,nan,nan,512,0,-0.0050973244942724705,0.09890756756067276,all_rows,512,0,0.0034141663927584887,0.0265625,-0.0021784808021038772,0.004876469587907195,0.12549474299885333,b60c5c9b37756b9148c59930c9c6b016:0:0,518e5fd7be5438a146831b93dc522db2:0:0,9200dafdae90d658d799a73db328795b:0:0,5d1cdb6e8084e3e838dc1ae9a76065e9:0:3373007563,18294df41ba60c073c216b2c67ef490f:0:546316443,10,1.0,0,0,0,0,0,0,512,0,0,512,0,0,289,0,0,223,0,0,512,6.257100582122803,57.78458786010742,0,0,0,0
147,A,147,0.004042451269924641,0.08921205252408981,nan,nan,512,0,0.004042451269924641,0.08921205252408981,all_rows,512,0,0.004341783933341503,0.0951171875,-0.006684254773426801,0.003969874081667513,0.1461440940038301,fe55b947d8d0fdc592d076869727a416:0:0,35c1a2d464640608d40eac4a00954b0e:0:0,5eb6c3fa85ed55f27c0397603ba5e3e5:0:0,ba9ee1d45f2256ec65eb7f922bae21e9:0:2031735345,6e07b504c8bb312c36aba16fac789fdd:0:2557861419,10,1.0,0,0,0,0,0,0,512,0,0,512,0,0,240,0,0,272,0,0,512,6.190968990325928,57.8046875,0,0,0,0
148,A,148,-0.00019873224664479494,0.09161447733640671,nan,nan,512,0,-0.00019873224664479494,0.09161447733640671,all_rows,512,0,0.004345000721514225,0.0638671875,-0.0025005631148815157,0.004177981568500399,0.1362631510128267,5a6b605a90a73af560804b1461489816:0:0,8c52813fcbd95c2062bce026dccfcbc9:0:0,688e8e064c4b39e89d6f9ffcac4341a2:0:0,3a1bad960c0ac4992dcd255d183bdde9:0:1707106138,28e1858f4813c6cf3d94f29b68197021:1:3146079581,10,1.0,0,0,0,0,0,0,512,0,0,512,0,0,228,0,0,284,0,0,512,5.932953357696533,58.13985824584961,0,0,0,0
149,A,149,-0.004654730204492807,0.0871770903468132,nan,nan,512,0,-0.004654730204492807,0.0871770903468132,all_rows,512,0,0.002519457135349512,0.037890625,-0.005852688569575548,0.00379612126853317,0.11274766101269051,8bb97b210f8a4af634e3aa4e28298c16:0:0,c4d46fe3bbc28b82af59f6001a6747ce:0:0,1da844b6c1149baf3ce85720173dbe0e:0:0,9650fff89ca62290ce7c2d866d0999e9:0:4153245147,92c42205cb5483c3d07c17cc392e9d0c:0:2670174700,10,1.0,0,0,0,0,0,0,512,0,0,512,0,0,247,0,0,265,0,0,512,5.612882614135742,58.37251281738281,0,0,0,0
150,A,150,0.007779257372021675,0.09055564552545547,nan,nan,512,0,0.007779257372021675,0.09055564552545547,all_rows,512,0,0.00982317142188549,0.070703125,-0.0025371223222464324,0.004053593019489199,0.11428527801763266,d6cb771a2ed1c7f4655de7a7ebca8016:0:0,129035fe92f449bbaf23ff0d1b3b4702:0:0,17f0595bc603fc0a58d0a36b9186a037:0:0,cd1b0f82340b9d1c07a3f94a2a1755e9:0:517538755,fa6a7bfd44f7caef794297d7623fc476:0:212054184,10,1.0,0,0,0,0,0,0,512,0,0,512,0,0,240,0,0,272,0,0,512,5.342288970947266,57.802276611328125,0,0,0,0
151,A,151,0.001119088614359498,0.09838534146547318,nan,nan,512,0,0.001119088614359498,0.09838534146547318,all_rows,512,0,0.006497172638773918,0.0484375,-0.0027830952079966665,0.0048279527691192925,0.11934261297574267,2f1ed398e3840b090da71695ac2b7416:0:0,04d64f6dc30382c2f28f80907d1d6fe3:0:0,329ffe11eb08bccf3a66fea7f7d7aa2a:0:0,31339a1dfea5030ed6a029e44f6511e9:0:780040507,86d66c79291c7a2c4769632d8eb95620:1:1406309894,10,1.0,0,0,0,0,0,0,512,0,0,512,0,0,253,0,0,259,0,0,512,4.998562335968018,58.36402893066406,0,0,0,0
152,A,152,0.0025064568035304546,0.08926333487033844,nan,nan,512,0,0.0025064568035304546,0.08926333487033844,all_rows,512,0,0.004749169573187828,0.08984375,-0.004733295063488185,0.003975794871803373,0.1309208910097368,c3ea1cd0d70f259003cc0a8b694c6816:0:0,56be500dd10124798156db9da3dfbb91:0:0,b14f33bdf545dd420389b74eb2e7f8c3:0:0,79d0c569542429ed327ca090dcf2cde9:0:593203217,2f28c024b476a9d8d2b73ae92ca609f4:0:94352383,10,1.0,0,0,0,0,0,0,512,0,0,512,0,0,265,0,0,247,0,0,512,5.002315044403076,58.97116470336914,0,0,0,0
153,A,153,-0.004573294892907143,0.09756220132112503,nan,nan,512,0,-0.004573294892907143,0.09756220132112503,all_rows,512,0,0.005963468924164772,0.0685546875,-0.0025037251063622533,0.004752522194758057,0.12714330095332116,538ef1be0e45873dcc2e56fd232d5c16:0:0,1055c5ef505ce9f2d44ff25c9adb7b06:0:0,71dac132ac0569f432ac224985107fdc:0:0,866c14ae98064a4fc7f57e8bd2c089e9:0:2774753747,7b8fc5cbbd881d7ead26bb149c37efca:1:2264910547,10,1.0,0,0,0,0,0,0,512,0,0,512,0,0,262,0,0,250,0,0,512,5.088259696960449,58.72331619262695,0,0,0,0
154,A,154,-0.0024431508500128984,0.0940176397562027,nan,nan,512,0,-0.0024431508500128984,0.0940176397562027,all_rows,512,0,0.010105709545314312,0.1111328125,-0.007416437054052949,0.00441334251081571,0.12555578898172826,7799825dc71250f58d844f5ed9ce5016:0:0,4bc15fb9f3de467540abc2efd49e994e:0:0,1664fd1845ed6b51a985a489f0da7d27:0:0,e7a16f52b0e15488b577251130ce45e9:0:1797595584,dc24ee1be3229a3d1c786626b6cec1e0:0:3104864939,10,1.0,0,0,0,0,0,0,512,0,0,512,0,0,269,0,0,243,0,0,512,5.0720624923706055,58.77011489868164,0,0,0,0
155,A,155,0.01112382486462593,0.09311620146036148,nan,nan,512,0,0.01112382486462593,0.09311620146036148,all_rows,512,0,0.0059090773575007915,0.0705078125,-0.0027002779766917228,0.004277297318913043,0.12452412396669388,8e6677b37559545f04d907248d2f4416:0:0,4ce8c5d658c0b780037804a4163728b2:0:0,4547b9a64e5cfbaf38dc8da933c30775:0:0,4bf9a1ba2eb73d88471e355cf71c01e9:0:3474473785,ae3113fb90e241b0ee2fb4c2c51369a2:1:3878338085,10,1.0,0,0,0,0,0,0,512,0,0,512,0,0,274,0,0,238,0,0,512,4.8739471435546875,57.76199722290039,0,0,0,0
156,A,156,-0.0070414915680885315,0.0863756611943245,nan,nan,512,0,-0.0070414915680885315,0.0863756611943245,all_rows,512,0,0.007660007569938898,0.04296875,-0.0021179267670959233,0.0036281817010603845,0.11619163496652618,5e89af198776c03c798c51c23d503816:0:0,92569b8012fd4dc17e2ef787d61d4a74:0:0,0d82a18f7e6b117fdb43d047fbb7e4e8:0:0,38d2edeb788b4401b2b790ab25a9bde9:0:3886164373,2ba0389c06348d9d056c5366320eede7:1:512471834,10,1.0,0,0,0,0,0,0,512,0,0,512,0,0,257,0,0,255,0,0,512,4.926448822021484,57.091835021972656,0,0,0,0
157,A,157,0.006416525226086378,0.08938947319984436,nan,nan,512,0,0.006416525226086378,0.08938947319984436,all_rows,512,0,0.007086943369358778,0.0513671875,-0.0019952466711401938,0.0038896604091860354,0.14218204095959663,679c9e625ad27980b152c2abea312c16:0:0,316b06ea7396565ad82df1a2d1627dd4:0:0,86be55f265210e237c850c136b167874:0:0,84b5287399752dcfd3c05837bc7779e9:0:310454803,434de4095e4446bf5edaa44f0448ca3e:1:2357271959,10,1.0,0,0,0,0,0,0,512,0,0,512,0,0,253,0,0,259,0,0,512,4.72642707824707,56.54939651489258,0,0,0,0
158,A,158,-0.013251498341560364,0.08701132982969284,nan,nan,512,0,-0.013251498341560364,0.08701132982969284,all_rows,512,0,0.0048910342156887054,0.0609375,-0.005249339807778597,0.003688227490056306,0.13715849397704005,68f2965288fb2124e435ad5593d22016:0:0,85b06f20c9cc7f6dd7d9856c52a552ce:0:0,9b2c57960a794502cbd090089d7f6cbd:0:0,61758153856e7d99e765ed3ebb8535e9:0:3947393158,027360179d39ce835a1a0640e373e680:1:1483302487,10,1.0,0,0,0,0,0,0,512,0,0,512,0,0,251,0,0,261,0,0,512,4.510372161865234,55.86856460571289,0,0,0,0
159,A,159,0.0037527629174292088,0.09269148111343384,nan,nan,512,0,0.0037527629174292088,0.09269148111343384,all_rows,512,0,0.00280346954241395,0.072265625,-0.003333393996581435,0.004271620546933264,0.11330076103331521,55936d0275bcc6beb09325333a331416:0:0,afd404a5c584e881dc82e7267b426ce4:0:0,7e22a89ea63b68c70edc75c0f3210e91:0:0,f1e077fbee15a0b84885f0fc22d2f1e9:0:2522378364,e18730c309a4dd4646b007e828cde141:1:926362401,10,1.0,0,0,0,0,0,0,512,0,0,512,0,0,266,0,0,246,0,0,512,4.298505783081055,55.50758361816406,0,0,0,0
160,A,160,-0.0018519503064453602,0.0876772329211235,nan,nan,512,0,-0.0018519503064453602,0.0876772329211235,all_rows,512,0,0.009692639112472534,0.0533203125,-0.00399291175417602,0.003820355050265789,0.10943722102092579,128a61b9c6a747d60f1dfdb8dd540816:0:0,b0d3124e365116e5f2ec7c0920da3876:0:0,2e6ee7784e3e1f2cc96ee1a93c8d01a5:0:0,f06e949dffa315592bae44abf260ade9:0:3154969440,debc86c113a7c45840653c0ed67b29c0:0:3010830219,10,1.0,0,0,0,0,0,0,512,0,0,512,0,0,257,0,0,255,0,0,512,4.24273157119751,55.6862678527832,0,0,0,0
161,A,161,-0.034317582845687866,0.1041753888130188,nan,nan,512,0,-0.034317582845687866,0.1041753888130188,all_rows,512,0,0.0050903791561722755,0.0427734375,-0.0019872770179063083,0.004631743812933564,0.10640349599998444,55cf47dc2c785bfb46ddca5a7d34fc16:0:0,f3917dfdea5172d986a9a08858a32e4b:0:0,9bf793a5c17e3d24d8ee2585e6b54797:0:0,5b1258579e4c88e55b1d098a2a2e69e9:0:2340696064,7c14382db1cb7ee3f82aae7774418c07:0:2333468105,10,1.0,0,0,0,0,0,0,512,0,0,512,0,0,267,0,0,245,0,0,512,3.8910892009735107,55.201324462890625,0,0,0,0
162,A,162,0.00715722655877471,0.09582535177469254,nan,nan,512,0,0.00715722655877471,0.09582535177469254,all_rows,512,0,0.007994601503014565,0.0841796875,-0.0034406399354338646,0.004475220944732428,0.10552341502625495,25933683a6dd4d9ce12ede8c19d5f016:0:0,b4866ff5db4ee6be84d8591c7beefdee:0:0,eec719f6bbdf618d46642f63dba3210b:0:0,f3b36901fc51eea4f2c0a0d2ca3c25e9:0:389848371,e1da53d87dd6f481b42cad6ab9ab67ff:1:4143887044,10,1.0,0,0,0,0,0,0,512,0,0,512,0,0,262,0,0,250,0,0,512,4.067368030548096,54.90306091308594,0,0,0,0
163,A,163,-0.007638284936547279,0.09202022105455399,nan,nan,512,0,-0.007638284936547279,0.09202022105455399,all_rows,512,0,0.00430966354906559,0.0525390625,-0.0034960190299898387,0.004173864505719394,0.11011575104203075,2e481e692b005f9d9dc24dc1b336e416:0:0,7d35f132f5c7eb442dc7277bf96a07e1:0:0,53157fc6643fe8e339c01334f24b46c4:0:0,35ac4ca9a0f08ea41c37abc1d289e1e9:0:2053721311,886e096541ea5633f7daa812186af245:0:3596626205,10,1.0,0,0,0,0,0,0,512,0,0,512,0,0,263,0,0,249,0,0,512,3.975766658782959,55.44014358520508,0,0,0,0
164,A,164,0.0026868507266044617,0.09785455465316772,nan,nan,512,0,0.0026868507266044617,0.09785455465316772,all_rows,512,0,0.00545516749843955,0.03671875,-0.001870946492999792,0.004766539786942303,0.14325945702148601,c613bfc15555dfaa669deb6f4957d816:0:0,2e833f8c9b6fa9af61ea51b36bb01a14:0:0,838a3e8bf6c86bbf71adfb7161041808:0:0,aedd13f738780cd7cad10b9343179de9:0:210726386,846700201931fb26f50c02a200996b2b:0:215238662,10,1.0,0,0,0,0,0,0,512,0,0,512,0,0,263,0,0,249,0,0,512,3.9950878620147705,55.975399017333984,0,0,0,0
165,A,165,0.0015254341997206211,0.09156690537929535,nan,nan,512,0,0.0015254341997206211,0.09156690537929535,all_rows,512,0,0.0023312680423259735,0.0263671875,-0.00235737981274724,0.004168382962234318,0.14596824999898672,5b4285b78f1ce550441c4b08dc38cc16:0:0,0729b9d18d1ad884a8b3faaa63907d74:0:0,78bd6acfd3c38443832cbb1cb3b2184f:0:0,fede1a10c5bd6882778be1831be559e9:0:313259815,66c735e0250c42353154c033fc0f15ae:0:2175520171,10,1.0,0,0,0,0,0,0,512,0,0,512,0,0,263,0,0,249,0,0,512,4.161710262298584,55.46644592285156,0,0,0,0
166,A,166,-0.0021596630103886127,0.09750698506832123,nan,nan,512,0,-0.0021596630103886127,0.09750698506832123,all_rows,512,0,0.0020059545058757067,0.0806640625,-0.0028949610888957976,0.0047110242885537446,0.13419081998290494,957dcd36d007bdd250ecc0026bd9c016:0:0,30f7fe8ca0efb260489001e440b58fbb:0:0,5b80c83a1c32cc26ca83097178572750:0:0,a0d283bb0d27f3d8dd178ecd5cf315e9:0:1985074406,a7b9601538403e170ddfcdc98d3baa0a:1:3998924234,10,1.0,0,0,0,0,0,0,512,0,0,512,0,0,274,0,0,238,0,0,512,4.043331623077393,54.91608810424805,0,0,0,0
167,A,167,0.008960126899182796,0.09427005797624588,nan,nan,512,0,0.008960126899182796,0.09427005797624588,all_rows,512,0,0.012627056799829006,0.0681640625,-0.0018419684609398245,0.00437333204317838,0.12415205501019955,fbc310b3e48004bfae135dcff83ab416:0:0,7de4c5ff9b01e343d5af6b752784cbad:0:0,20414e16a9b0959ba0fd1d46cce52d54:0:0,9c8a66c3519443e6b3d3b4ae0640d1e9:0:3668945188,08d56d97af04d960fef1feefecbfc1ea:1:3179881694,10,1.0,0,0,0,0,0,0,512,0,0,512,0,0,247,0,0,265,0,0,512,3.849668502807617,54.90418243408203,0,0,0,0
168,A,168,-0.011293101124465466,0.10045681893825531,nan,nan,512,0,-0.011293101124465466,0.10045681893825531,all_rows,512,0,0.007906057871878147,0.083203125,-0.0033418827690184115,0.004894399410113692,0.1063623939990066,d81e5ab1e0fa694976e8f7e5815ba816:0:0,0309bdce24dbb2e878e486116dba2a03:0:0,29790a2adaa3a137212eabb638a5e16f:0:0,d2507df9bb4918b36dd0346117ce8de9:0:77171400,f9523c1dfe4c38724a7047065402b1ac:0:3431591022,10,1.0,0,0,0,0,0,0,512,0,0,512,0,0,253,0,0,259,0,0,512,3.8143489360809326,55.66899108886719,0,0,0,0
169,A,169,0.006127072032541037,0.08753727376461029,nan,nan,512,0,0.006127072032541037,0.08753727376461029,all_rows,512,0,0.006655995734035969,0.04765625,-0.004352257424034178,0.0037624541670084,0.10977719200309366,b2ba3cbe2ace2058b51b21b7073c9c16:0:0,bd4881014875675b1f66f3640f0e5f94:0:0,393b75ae0fa52f1e53cdba8632799682:0:0,52270545013a3da6f2cd2f22919c49e9:0:1732573710,fc982e213c03231fc5c7e79124ad70df:1:1925157728,10,1.0,0,0,0,0,0,0,512,0,0,512,0,0,254,0,0,258,0,0,512,3.597532033920288,56.98018264770508,0,0,0,0
170,A,170,0.004820975475013256,0.09204620122909546,nan,nan,512,0,0.004820975475013256,0.09204620122909546,all_rows,512,0,0.0008553705411031842,0.055859375,-0.0024147991556674243,0.004232171247713268,0.10553110303590074,74b258a63f04036454ac2eb889dd9016:0:0,6ac2994a1299d3532d300a3f3dfa5c77:0:0,e39a0e598cc3f0a876fef6741a6686d0:0:0,9b9acc982cd5622e5c3b062e73aa05e9:0:3648912799,c51eccc58927559a471dc7b22368deb9:1:2243679527,10,1.0,0,0,0,0,0,0,512,0,0,512,0,0,255,0,0,257,0,0,512,3.2932868003845215,57.11750411987305,0,0,0,0
171,A,171,0.007790569681674242,0.09109168499708176,nan,nan,512,0,0.007790569681674242,0.09109168499708176,all_rows,512,0,0.006951143965125084,0.0607421875,-0.006287311390042305,0.004139534279238433,0.10751150001306087,6cfb4dae1f915c0717f3325e093e8416:0:0,c49a89374dcc0acd51b6c641f593ddd6:0:0,480f4f2d4c94ac13254b0fafe3f74e8d:0:0,46f2bfd39094eaa0b13a5ac0bdf7c1e9:0:2510617572,906cd4e99b09e340ef250674fa389bad:0:3591575438,10,1.0,0,0,0,0,0,0,512,0,0,512,0,0,261,0,0,251,0,0,512,3.1936185359954834,57.489017486572266,0,0,0,0
172,A,172,-0.00994027964770794,0.09072759002447128,nan,nan,512,0,-0.00994027964770794,0.09072759002447128,all_rows,512,0,0.00441049225628376,0.0451171875,-0.003056100313551724,0.004100171232130379,0.1108933929936029,6b6393930f725c558b9c001b855f7816:0:0,6fc7d29b30e35dea303012a9850d1f2d:0:0,9542f0cc5e7f17f8cab920a0f2cbd815:0:0,fb9d0cda4994b963a29c0e1570857de9:0:1677986620,5a581086ab6c76b39d9f901e03df7b49:0:3426216735,10,1.0,0,0,0,0,0,0,512,0,0,512,0,0,240,0,0,272,0,0,512,3.1063904762268066,56.511024475097656,0,0,0,0
173,A,173,0.0017582778818905354,0.08878382295370102,nan,nan,512,0,0.0017582778818905354,0.08878382295370102,all_rows,512,0,0.015889398753643036,0.148046875,-0.00014403765089809895,0.0039337811409495774,0.10647007497027516,4bec792b061843f3faa72b64fe406c16:0:0,a321f52e1811f5225efb68aede455183:0:0,122c3c54972bf55b05c368eba187d19c:0:0,4291b865e464f05046e141688b5339e9:0:3384345712,970989f6e140046bb987264c99ea89d4:1:3552924781,10,1.0,0,0,0,0,0,0,512,0,0,512,0,0,238,0,0,274,0,0,512,3.133247137069702,56.0354118347168,0,0,0,0
174,A,174,0.0002383939572609961,0.08991912752389908,nan,nan,512,0,0.0002383939572609961,0.08991912752389908,all_rows,512,0,0.007042005658149719,0.045703125,-0.00264667309820652,0.004033175634685904,0.10926245403243229,fc411c76029f31ec626a07ae73e16016:0:0,05db83ece7ef0d7e689678cd503aa220:0:0,f665afff18fb211abcedd2c2dcdea772:0:0,3e34d561fd56aa57d63b55f60e60f5e9:0:3212693535,b96b6afc63026a7ff20de08a7b0bbae0:1:702046247,10,1.0,0,0,0,0,0,0,512,0,0,512,0,0,263,0,0,249,0,0,512,3.2727949619293213,54.51914596557617,0,0,0,0
175,A,175,0.006606551818549633,0.08491308987140656,nan,nan,512,0,0.006606551818549633,0.08491308987140656,all_rows,512,0,0.0018621607450768352,0.0755859375,-0.0017290912568569184,0.003569868369959295,0.11907332600094378,9aa2c5fb273fa344668ea86be6425416:0:0,e44b242d3c7a49894061cb5a80848874:0:0,8628ac0bbc60dc652809cd6ffbffc652:0:0,2450b1d9f47ead68668becf9f9aeb1e9:0:1084321198,882079382dfe7375f0352d4ecff3d74a:1:3095619855,10,1.0,0,0,0,0,0,0,512,0,0,512,0,0,239,0,0,273,0,0,512,3.059049129486084,54.63434600830078,0,0,0,0
176,A,176,-0.009637467563152313,0.09160304069519043,nan,nan,512,0,-0.009637467563152313,0.09160304069519043,all_rows,512,0,0.026916883885860443,0.10625,-0.006270629027858377,0.0041818882455118,0.1397402469883673,25fe9950456f9e534513e11155634816:0:0,0f3f1af46545f112b4d79ef70fcf053d:0:0,f4f3bc189567c8def16d5814425f5454:0:0,0a4a27c30daa1491a764e7b04d3c6de9:0:726380572,33189d52bd2654899c3b486615ee1ff3:1:3081433661,10,1.0,0,0,0,0,0,0,512,0,0,512,0,0,244,0,0,268,0,0,512,3.084838390350342,54.5984992980957,0,0,0,0
177,A,177,0.0006196831236593425,0.08935964852571487,nan,nan,512,0,0.0006196831236593425,0.08935964852571487,all_rows,512,0,0.0031910131219774485,0.041796875,-0.0002962912200018764,0.003968547331169248,0.13472907396499068,aec808af43278ad7ca4d4512c1443c16:0:0,c77931687f1628085f73e916258e9d90:0:0,acbbd3a8b71de5e9a0d792b98c39a939:0:0,aff6d72d9480f2699e086755090a29e9:0:252948827,c3ac2721a78b37c9c65cdf7248bdfd30:1:4166250294,10,1.0,0,0,0,0,0,0,512,0,0,512,0,0,254,0,0,258,0,0,512,2.7706191539764404,56.69557189941406,0,0,0,0
178,A,178,0.004629938397556543,0.08991434425115585,nan,nan,512,0,0.004629938397556543,0.08991434425115585,all_rows,512,0,0.010818041861057281,0.07578125,-0.0009338700911030173,0.004044147056993097,0.13606454100226983,6c65e98181beb6ce44e327e429e53016:0:0,899f3a83a062ddcfc5b115e160f42ae4:0:0,dabb30106c1ba64e6dbbf2a39bd74a9f:0:0,02be62a7dd12ebb16168cd242d17e5e9:0:1675014019,d58a8532b44e5e42f73d1fe9ca5443ee:0:3168197616,10,1.0,0,0,0,0,0,0,512,0,0,512,0,0,262,0,0,250,0,0,512,2.679422616958618,55.905662536621094,0,0,0,0
179,A,179,0.0018309922888875008,0.08836182951927185,nan,nan,512,0,0.0018309922888875008,0.08836182951927185,all_rows,512,0,0.001833109650760889,0.0294921875,-0.001436824444681406,0.003898688405752182,0.1371484359842725,e83d6bce2ed3880679d29cf98f462416:0:0,6cfbd8ba314fde87800d364a3a7b146b:0:0,7ff7cbfd80025eb302245d4b82869d7d:0:0,992cd5de3909ca39d628ba59b965a1e9:0:503427503,6a2b51a5ac94d7b6d626ddbf2da7ac74:0:1289679023,10,1.0,0,0,0,0,0,0,512,0,0,512,0,0,260,0,0,252,0,0,512,2.8230552673339844,55.83468246459961,0,0,0,0
180,A,180,0.00410095602273941,0.09859175980091095,nan,nan,512,0,0.00410095602273941,0.09859175980091095,all_rows,512,0,0.003039365168660879,0.0517578125,-0.003248309763148427,0.004831077984999865,0.1446360910194926,f26e8e7d27b35a79986d77c6f1671816:0:0,ad6760ea0a8a7b654270bdec5c122c28:0:0,2dcbe2a078fb6c6c7fc706a11608d52f:0:0,ef1529c339be08086a9b1031adf35de9:0:2982624850,94b144875910d97a1e43743a76870575:0:3917266656,10,1.0,0,0,0,0,0,0,512,0,0,512,0,0,267,0,0,245,0,0,512,2.850865125656128,55.566566467285156,0,0,0,0
181,A,181,0.014101051725447178,0.0909605398774147,nan,nan,512,0,0.014101051725447178,0.0909605398774147,all_rows,512,0,0.005457542836666107,0.0869140625,-0.0036098726792261004,0.004035505815409124,0.15901652397587895,a9e8f664d7b60b602e5a4bc050480c16:0:0,b98b23e28c61de5da954b68be34858f2:0:0,725d88ebb4a46f0d367d6f03b648ed86:0:0,3c1760cbd76952bbd2c2efe80ac119e9:0:2527452587,2c3c8901ba3b35cac9008ee5f5a18aca:1:3759974272,10,1.0,0,0,0,0,0,0,512,0,0,512,0,0,273,0,0,239,0,0,512,2.816220283508301,55.571807861328125,0,0,0,0
182,A,182,-0.0032674623653292656,0.09078846126794815,nan,nan,512,0,-0.0032674623653292656,0.09078846126794815,all_rows,512,0,0.002019536681473255,0.06171875,-0.000608956441283226,0.004104031063616276,0.13429944502422586,e65e4e1e3a0131081b946c59abe90016:0:0,4a4e4a8a5c3e61734d090e950fde9a51:0:0,cfb8c83250d22c91e3a8214a1c44f315:0:0,e20df90b55b30730c453bab8cfced5e9:0:1581495194,653352d900e4fe4fdbc6eed40e0b7672:1:2009341663,10,1.0,0,0,0,0,0,0,512,0,0,512,0,0,260,0,0,252,0,0,512,2.685077667236328,55.505435943603516,0,0,0,0
183,A,183,-0.0013041355414316058,0.095982126891613,nan,nan,512,0,-0.0013041355414316058,0.095982126891613,all_rows,512,0,0.004196919500827789,0.034375,5.454416386783123e-05,0.00458221158478409,0.1343686169711873,2380889ee726ff6a866bed070449f416:0:0,cb839166cb5df923fad6e2be78735c63:0:0,9dee04c4adc625c08d32946413fd3683:0:0,2ed2713afdd2a566b2b111dffd1c91e9:0:2448657516,769e3d720812f4c6e5994c4b3fcf7aa4:1:3203166996,10,1.0,0,0,0,0,0,0,512,0,0,512,0,0,258,0,0,254,0,0,512,2.7791738510131836,55.416385650634766,0,0,0,0
184,A,184,-0.0103128831833601,0.09134965389966965,nan,nan,512,0,-0.0103128831833601,0.09134965389966965,all_rows,512,0,0.009703213348984718,0.062109375,-0.004447177890688181,0.004031446110457182,0.1323852549539879,06ae889dd714d981cf85a13c596ae816:0:0,17ea322c23adf68137576d3a49653858:0:0,4905de8fbd1a2cf797acec05077a4d25:0:0,0d3058fa06843ca48aeed69992aa4de9:0:2969293260,9e9e28947b17f6be7219a636af799eb0:1:1168694480,10,1.0,0,0,0,0,0,0,512,0,0,512,0,0,242,0,0,270,0,0,512,2.6443138122558594,55.833984375,0,0,0,0
185,A,185,0.008169709704816341,0.09447643160820007,nan,nan,512,0,0.008169709704816341,0.09447643160820007,all_rows,512,0,0.003984399605542421,0.0501953125,-0.0031829251907765864,0.004254305211361498,0.14140790898818523,1770cacc3fc58f5f85db1c6dab4bdc16:0:0,612bc5a66d054adaee75bd618d3ba4b6:0:0,ec895cf5cecaee475dbaac4ac1f4e084:0:0,cc01dbd2420acfdd6fd12a21907809e9:0:507411022,24f26315fb2e054859395320bbf8e6f2:0:3711886744,10,1.0,0,0,0,0,0,0,512,0,0,512,0,0,259,0,0,253,0,0,512,2.6641077995300293,54.9289436340332,0,0,0,0
186,A,186,0.002407462103292346,0.08474377542734146,nan,nan,512,0,0.002407462103292346,0.08474377542734146,all_rows,512,0,0.0029653068631887436,0.0091796875,0.0004142122343182564,0.003564987343270332,0.1383497640490532,a4b1c0f0b92b49025abab20ef9ecd016:0:0,50d3366c8982c35ea898b91b47e0e38b:0:0,58151a72aa34a5013599a492248a9129:0:0,e08fe9ce6a7cb25575cc6db3f685c5e9:0:1132756380,bb10fd07cb38afd21f6581b29e30c275:0:4074066977,10,1.0,0,0,0,0,0,0,512,0,0,512,0,0,264,0,0,248,0,0,512,2.564838171005249,55.681785583496094,0,0,0,0
187,A,187,-0.006944223772734404,0.09396249800920486,nan,nan,512,0,-0.006944223772734404,0.09396249800920486,all_rows,512,0,0.013478809967637062,0.048828125,-0.003520721895620227,0.004394173272885382,0.14130953705171123,71328ff78ec51dec15c77594454dc416:0:0,d5e2f855d9ae6a602041568a8d037976:0:0,d4d5f47ac09434360ca7d6ec4a3651a8:0:0,02ab0faf2495dc865f05428cc4d381e9:0:1571704099,2addbe82bbde0cf02ba20622d280cd5e:1:1803575278,10,1.0,0,0,0,0,0,0,512,0,0,512,0,0,246,0,0,266,0,0,512,2.602073907852173,55.99726867675781,0,0,0,0
188,A,188,0.0030787563882768154,0.08292344957590103,nan,nan,512,0,0.0030787563882768154,0.08292344957590103,all_rows,512,0,0.007591661997139454,0.0296875,-0.0016268293955363333,0.0033913031220436096,0.143460500985384,fe1cdb0fe754597788f93a718d6eb816:0:0,aeed01cb84c0f04d7adcd0afb48b3791:0:0,6c66de198d18678fc0b41475f336b791:0:0,bdc8bc0c114c3944575089e7fb613de9:0:1809306714,033d83e9f92880f17f62f845bea43012:1:2086632364,10,1.0,0,0,0,0,0,0,512,0,0,512,0,0,244,0,0,268,0,0,512,2.5747625827789307,54.1526985168457,0,0,0,0
189,A,189,0.0032834364101290703,0.07749543339014053,nan,nan,512,0,0.0032834364101290703,0.07749543339014053,all_rows,512,0,0.002733854344114661,0.05859375,-0.0006187138147652149,0.002996895252726972,0.14241822698386386,7f7d31f22b256bee849c941ad24fac16:0:0,bc7c2b4389efa2a3bcf403a431e1db47:0:0,23ed0d0820a9049ce6601f7d01787fcf:0:0,1b0315ee8661eb22b03365019a2ef9e9:0:783073731,26815a3292e5d769971712af5fd712b2:1:3990407972,10,1.0,0,0,0,0,0,0,512,0,0,512,0,0,225,0,0,287,0,0,512,2.402456045150757,53.20123291015625,0,0,0,0
190,A,190,-0.008585345931351185,0.08560861647129059,nan,nan,512,0,-0.008585345931351185,0.08560861647129059,all_rows,512,0,0.004002102650702,0.1029296875,-0.002467286796309054,0.003652973857242614,0.15057648299261928,10a79870d160885fcb52d60413f0a016:0:0,538ed6c755fa5387a73b1b65db43540d:0:0,8457622428970d9e776349d1e99806e0:0:0,e467acb3c6318a189ce33515a13cb5e9:0:1112331059,07ef87b5b8e3a632276107742a6320e4:1:273104992,10,1.0,0,0,0,0,0,0,512,0,0,512,0,0,272,0,0,240,0,0,512,2.4376330375671387,52.71052551269531,0,0,0,0
191,A,191,-0.0043317642994225025,0.08664897084236145,nan,nan,512,0,-0.0043317642994225025,0.08664897084236145,all_rows,512,0,0.007626167498528957,0.0451171875,-0.0037353615276515483,0.003746263973880559,0.14200146798975766,fac871797cd5ef35061213a152519416:0:0,5ae2ea9b27d06a4f4c6eaa036f5314b2:0:0,bb5205d9d665ca32e730887a810eb1dd:0:0,bacb2844cef05965ee459b60108a71e9:0:3432217064,0188b326cb0371f1e4df86f169034783:0:3847697879,10,1.0,0,0,0,0,0,0,512,0,0,512,0,0,263,0,0,249,0,0,512,2.3652098178863525,53.3232307434082,0,0,0,0
192,A,192,0.0022447328083217144,0.0853288546204567,nan,nan,512,0,0.0022447328083217144,0.0853288546204567,all_rows,512,0,0.005883704870939255,0.1158203125,-0.005597005458548665,0.003589340508915484,0.13039747800212353,2aefdfb110b9e588b82520668d728816:0:0,dd50afca803ce79c6b28b57e1fba820e:0:0,a992eb0921a7ce4219fd125cdab96bc4:0:0,549dbbf219a275b7cef0791ce8182de9:0:3535992019,b195b7f4d5858eee6e9e61ea304f24e5:1:1643011242,10,1.0,0,0,0,0,0,0,512,0,0,512,0,0,251,0,0,261,0,0,512,2.4368834495544434,52.021663665771484,0,0,0,0
193,A,193,-0.0029747863300144672,0.08621032536029816,nan,nan,512,0,-0.0029747863300144672,0.08621032536029816,all_rows,512,0,0.01139736082404852,0.110546875,-0.0049588892608880995,0.0037099596695043145,0.10516742599429563,ab7c69da25c4593c332b8fc7c5537c16:0:0,280972aca3021e9389742c2f423a6542:0:0,57b4a033ecec4a889759d3d55b0f9983:0:0,463d7581e0fcfb8d7f29ef8827e5e9e9:0:2301762698,3a475b3004c3724237e65aef3e68531d:1:2239510148,10,1.0,0,0,0,0,0,0,512,0,0,512,0,0,245,0,0,267,0,0,512,2.572028875350952,51.092002868652344,0,0,0,0
194,A,194,0.004660080187022686,0.09206238389015198,nan,nan,512,0,0.004660080187022686,0.09206238389015198,all_rows,512,0,0.0041911969892680645,0.0705078125,-0.0043953074607998134,0.0042408819310367106,0.10429195000324398,73ab613a082831cd8b19b538f9f47016:0:0,90469280ce90eaea26e41e7499177ac7:0:0,447ce8defb7cbf3531caa3d4acb81db7:0:0,3340953fc87225dd10e85fddcff3a5e9:0:54672012,f7b92a46bd0235381dadb279c53c553f:1:1352974843,10,1.0,0,0,0,0,0,0,512,0,0,512,0,0,250,0,0,262,0,0,512,2.579155445098877,49.68874740600586,0,0,0,0
195,A,195,-0.0006684476975351572,0.07954356074333191,nan,nan,512,0,-0.0006684476975351572,0.07954356074333191,all_rows,512,0,0.007670212537050247,0.0654296875,-0.002984137972816825,0.003146207530517131,0.10475905000930652,84022c3526d64ded8a38a42e2b556416:0:0,41bd982f41349370b1d8b40db17a1a8b:0:0,d4bd70a8430a9085bec59eade3bc0474:0:0,c46aeb1cfba364f823d26b59e04161e9:0:1076006385,263d30a953999670e22d6932e8cd3ab5:0:1658980396,10,1.0,0,0,0,0,0,0,512,0,0,512,0,0,243,0,0,269,0,0,512,2.6646907329559326,49.131507873535156,0,0,0,0
196,A,196,-0.00010474061127752066,0.09364153444766998,nan,nan,512,0,-0.00010474061127752066,0.09364153444766998,all_rows,512,0,0.0017511985497549176,0.06328125,-0.003868902940303087,0.0043630358064547185,0.11477927101077512,6bfb2f609c802dd5a526301b59765816:0:0,5c430a53c09f2c16ca563c7ee9045089:0:0,ff489df8a26eacd0661331c0fab58ffa:0:0,bfb5c0301e756db0a13ef33858cf1de9:0:1712360820,5d2f7922978c4638528ab16c96e8146b:0:3366233631,10,1.0,0,0,0,0,0,0,512,0,0,512,0,0,275,0,0,237,0,0,512,2.476289987564087,50.60647964477539,0,0,0,0
197,A,197,-0.0043607065454125404,0.08826335519552231,nan,nan,512,0,-0.0043607065454125404,0.08826335519552231,all_rows,512,0,0.0022862618789076805,0.04609375,-0.0024053013883531095,0.0038786365184932947,0.10646837402600795,59a39b4b3ace4a5deed4ec7484574c16:0:0,0c597bcde5c6e73870f2ec95e364fe50:0:0,69988691ec17c6e4c94d5578a9620a91:0:0,af421b24a60240bd783518b5399cd9e9:0:1916007379,32dd9d7317ed0b71d8aa7ac0667f6552:0:3795756926,10,1.0,0,0,0,0,0,0,512,0,0,512,0,0,264,0,0,248,0,0,512,2.3799259662628174,50.298057556152344,0,0,0,0
198,A,198,0.008059721440076828,0.0950579047203064,nan,nan,512,0,0.008059721440076828,0.0950579047203064,all_rows,512,0,0.0029603641014546156,0.039453125,-0.0028318061027675866,0.004529981315135956,0.10770811600377783,1364e545403e18d30c8c2cadabf84016:0:0,a7052213e5ad7126d6b70e9a4f1fcec2:0:0,88335a74f958e77fbd41f281ecedc299:0:0,2979316972a52a5f596c3d0c82aa95e9:0:3986425155,b59d141708c8326a13e120eaa56d4a42:1:2817355051,10,1.0,0,0,0,0,0,0,512,0,0,512,0,0,284,0,0,228,0,0,512,2.4209494590759277,49.66686248779297,0,0,0,0
199,A,199,-0.005040593445301056,0.0850040391087532,nan,nan,512,0,-0.005040593445301056,0.0850040391087532,all_rows,512,0,0.0021817777305841446,0.031640625,0.0016293799504637717,0.003541008476167917,0.10904770600609481,13cd2572a11bbb8c29e8043ad0593416:0:0,aea91c4cfb3cf29744acf1efd8668329:0:0,92f076cbfae1986029917f5306ffc60c:0:0,9046962ec35cba45734c017a33f851e9:0:1326075578,48dc4f821b9c2ba1fafdc24819f74e7a:0:3648449672,10,1.0,0,0,0,0,0,0,512,0,0,512,0,0,259,0,0,253,0,0,512,2.2785472869873047,50.10797882080078,0,0,0,0
200,A,200,-0.009433397091925144,0.08631806820631027,nan,nan,512,0,-0.009433397091925144,0.08631806820631027,all_rows,512,0,0.003474639728665352,0.0822265625,-0.004590384848415852,0.0037067696102894843,0.14308273897040635,cb8cfc788c0b5f40ecd9468ff17a2816:0:0,e5236cdfc0b46f49032e648443be320b:0:0,f178d5f9d4eb5359823946c60625162d:0:0,877b3383dabeb3b22dec473a4d860de9:0:3416022829,dd307d431d1e6902953e0e3ad8886105:1:484897675,10,1.0,0,0,0,0,0,0,512,0,0,512,0,0,264,0,0,248,0,0,512,2.2283828258514404,49.60005187988281,0,0,0,0
201,A,201,-0.011897618882358074,0.09920363873243332,nan,nan,512,0,-0.011897618882358074,0.09920363873243332,all_rows,512,0,0.0032064425759017467,0.034375,-0.0029782895697280766,0.004477437096647918,0.14316917402902618,2bcfff1b9296451f69a587210f5b1c16:0:0,627db761a4ab5adc90b41a7704b73745:0:0,3bd48bc4de0448c8d1041bc1b06e80f3:0:0,fb475124edb9f5dfe7152f88cf53c9e9:0:1900673712,e16506a807c82edd0aa97eddcca40d25:1:3430446539,10,1.0,0,0,0,0,0,0,512,0,0,512,0,0,274,0,0,238,0,0,512,2.1085078716278076,50.408531188964844,0,0,0,0
202,A,202,-0.01650202088057995,0.1031826063990593,nan,nan,512,0,-0.01650202088057995,0.1031826063990593,all_rows,512,0,0.01037940289825201,0.086328125,-0.014573612622916699,0.00527500114403665,0.14443994499742985,674df6289e2f79a216e7196229fc1016:0:0,01241f53665580095a969155ac900607:0:0,6f1037aa559d30da11d41525d7534828:0:0,df94dfca34625ca5ae3f1ba1b96185e9:0:1468585754,02e5928bc082fd8395d20e140494d9d9:1:2537004191,10,1.0,0,0,0,0,0,0,512,0,0,512,0,0,266,0,0,246,0,0,512,2.0674850940704346,51.03753662109375,0,0,0,0
203,A,203,-0.0011203197063878179,0.0873076543211937,nan,nan,512,0,-0.0011203197063878179,0.0873076543211937,all_rows,512,0,0.005990500561892986,0.076953125,-0.0028748783515766263,0.0037947376840747893,0.144413294037804,afb785079a243825c18d10c7415d0416:0:0,74d8acf86b99b77a487b7d4bf2e2c7aa:0:0,06e5dec1584afe821aed77af63346e1e:0:0,6021ef093502995c0092acc10baf41e9:0:2916660576,758bf001aac05ffe6ee598820c87c381:0:842851320,10,1.0,0,0,0,0,0,0,512,0,0,512,0,0,265,0,0,247,0,0,512,1.9664753675460815,52.557674407958984,0,0,0,0
204,A,204,0.01159518864005804,0.09353896230459213,nan,nan,512,0,0.01159518864005804,0.09353896230459213,all_rows,512,0,0.002299876417964697,0.0447265625,-0.0006153430324047804,0.00433710990473628,0.1449438800336793,f430015b7aebfb3f80db40c4557df816:0:0,f04660d232240692351eb4b87d9ec09e:0:0,98772f1fc6523596715244b054f94d46:0:0,8fcd9f19a1b0040184e8c422c63cfde9:0:1827774269,6411a9f1f289c2549c4a380021fb32cd:0:3111668988,10,1.0,0,0,0,0,0,0,512,0,0,512,0,0,274,0,0,238,0,0,512,1.8255575895309448,53.340240478515625,0,0,0,0
205,A,205,-0.003312906716018915,0.08150284737348557,nan,nan,512,0,-0.003312906716018915,0.08150284737348557,all_rows,512,0,0.007098992355167866,0.062109375,-0.003870696434751153,0.0032994488487020136,0.14857245003804564,a92072180b4c39d2aa6a3ccd665eec16:0:0,3d5666185a7bd3ac84927031dc33498b:0:0,0df12c898f1ec97225b05ff064d5a521:0:0,4bd8070f609c649fc7ca8302e90ab9e9:0:3076367108,7de21bbae47b131390724669676ecd5c:1:103529631,10,1.0,0,0,0,0,0,0,512,0,0,512,0,0,260,0,0,252,0,0,512,1.781680941581726,53.5681037902832,0,0,0,0
206,A,206,0.0033554104156792164,0.07999395579099655,nan,nan,512,0,0.0033554104156792164,0.07999395579099655,all_rows,512,0,0.0034299874678254128,0.051953125,-0.0021838232642039657,0.0031878359150141478,0.11302549700485542,c694cc7aa7c3d0e6c627585673ffe016:0:0,f4eea16c08cb939ec1e1dfda817011f3:0:0,940a6b16450849ee9741303c078eacaf:0:0,861f6b5b9761b4eff7714a9d741875e9:0:1908203651,b5d1e3abff62c1c5466c0b4339d5e29c:1:1195783609,10,1.0,0,0,0,0,0,0,512,0,0,512,0,0,253,0,0,259,0,0,512,1.6250464916229248,54.108863830566406,0,0,0,0
207,A,207,0.002322385786101222,0.082821786403656,nan,nan,512,0,0.002322385786101222,0.082821786403656,all_rows,512,0,0.005526542663574219,0.03203125,-0.0027344146743416785,0.0033990192343480883,0.10379397094948217,cd449957d0b21a3d8254a6d37e60d416:0:0,576a3f57b6f4592534ef4983ee5cf077:0:0,d72e85f59fbfdb0ced950be20867450f:0:0,07eabfa6d183da3f9fc6bc2e676631e9:0:1276510660,25163b1723db937948dbfa84c4a31bda:1:1370941152,10,1.0,0,0,0,0,0,0,512,0,0,512,0,0,248,0,0,264,0,0,512,1.5707104206085205,53.76266098022461,0,0,0,0
208,A,208,0.002892738441005349,0.08794909715652466,nan,nan,512,0,0.002892738441005349,0.08794909715652466,all_rows,512,0,0.007032894529402256,0.058203125,-0.0020860670134425162,0.0038492991705425085,0.11177723400760442,202335343badafa8a788fbb88581c816:0:0,8c82ac73e177b8dccb3db3783bbb0a57:0:0,cc81718d676e3bc75d8bf083a21ba99e:0:0,85d2ca569a6457956664b8f1c2f3ede9:0:2890652990,caa6071917ba3766cf93c3be46a34e76:0:1898566726,10,1.0,0,0,0,0,0,0,512,0,0,512,0,0,243,0,0,269,0,0,512,1.5352189540863037,54.54794692993164,0,0,0,0
209,A,209,-0.0003294056514278054,0.09774916619062424,nan,nan,512,0,-0.0003294056514278054,0.09774916619062424,all_rows,512,0,0.0072520580142736435,0.0787109375,0.0008710864232853055,0.004758338164538145,0.10986801300896332,b599d9a4cc7edb200cafea798962bc16:0:0,eaac35ee3785a2d16e617e4f8f709365:0:0,2d21e86ae61c8c98156803f1c9dd334b:0:0,1518575122e3f815c695622386c1a9e9:0:3869010347,0e4e98bb863bbfe05e0d7f8d9bc4b015:1:2852682982,10,1.0,0,0,0,0,0,0,512,0,0,512,0,0,251,0,0,261,0,0,512,1.6338306665420532,54.89030838012695,0,0,0,0
210,A,210,-0.007766173221170902,0.08438999205827713,nan,nan,512,0,-0.007766173221170902,0.08438999205827713,all_rows,512,0,0.0038528181612491608,0.0189453125,-0.0019311066716909409,0.003484652063343674,0.10376766399713233,6d1e8e759e31b3978b09c68a8a03b016:0:0,dc3da53be37dddd61a823b9c8957a20d:0:0,2209b5353b0c8b65491cf7b0ffcee4e0:0:0,436ebad1caee71a7cd5318ffb2cf65e9:0:340692541,4381a101a82c09289839e4ced567c6de:1:3489061816,10,1.0,0,0,0,0,0,0,512,0,0,512,0,0,258,0,0,254,0,0,512,1.5563067197799683,56.07810974121094,0,0,0,0
211,A,211,0.008730552159249783,0.08313199877738953,nan,nan,512,0,0.008730552159249783,0.08313199877738953,all_rows,512,0,0.0028491420671343803,0.029296875,-0.004072060389444232,0.0034473245963454247,0.12607752799522132,9077051d04b3e694f22ba35f8764a416:0:0,2c046a5469bf78dae0d7b84f0b27890f:0:0,691bc740e08b821b0e052dbb3e458cdb:0:0,c4367461a72bffd9d5487ec2471d21e9:0:89255963,84a739a465e6b92b70c6541587128192:0:4051311708,10,1.0,0,0,0,0,0,0,512,0,0,512,0,0,269,0,0,243,0,0,512,1.4988821744918823,55.87562942504883,0,0,0,0
212,A,212,0.009601916186511517,0.07956407964229584,nan,nan,512,0,0.009601916186511517,0.07956407964229584,all_rows,512,0,0.007742321118712425,0.0974609375,-0.005618128599599004,0.0030933158821426334,0.1589799170033075,905d39042f722e85fbff546c81859816:0:0,59a3634bc88fbf680e28cdf07fa4d0cb:0:0,40f56f7f531b010fad563e0e6921fa53:0:0,61940d475b14f70642d074a743aadde9:0:3190484771,367ab5224f71dc41d1d159ff0e22d86b:0:559365471,10,1.0,0,0,0,0,0,0,512,0,0,512,0,0,245,0,0,267,0,0,512,1.4362354278564453,55.96025085449219,0,0,0,0
213,A,213,-0.003886731108650565,0.08636175841093063,nan,nan,512,0,-0.003886731108650565,0.08636175841093063,all_rows,512,0,0.004673178307712078,0.0525390625,-0.003110256278887391,0.00369666104670614,0.15900751401204616,3f2d7b33d56975d640c36d2578668c16:0:0,3b75728c9aac9e2f0bb0ea5aae8a7db6:0:0,4fee23c800c34060dcc084f0b0b2ec46:0:0,2cfb5501dfa34fb83ff61beaa87899e9:0:3391250857,446063da05d3ac17b5a9c79bfe5b02df:0:1466202340,10,1.0,0,0,0,0,0,0,512,0,0,512,0,0,243,0,0,269,0,0,512,1.3989818096160889,55.46536636352539,0,0,0,0
214,A,214,0.002637795638293028,0.08649136126041412,nan,nan,512,0,0.002637795638293028,0.08649136126041412,all_rows,512,0,0.009661540389060974,0.0587890625,-0.006794197834096849,0.003700980939902365,0.14221995300613344,06824ff8131fa6c52b0b40fe6c078016:0:0,33c650892b2de750cb1f2acad05ed9fe:0:0,d5c5d298eaafb9bb7bbfb653484947e7:0:0,51eee1a20ede2a507874d5c8758655e9:0:2281411225,66f2f50130f05222b5e09275fae7332d:1:196118505,10,1.0,0,0,0,0,0,0,512,0,0,512,0,0,256,0,0,256,0,0,512,1.3914223909378052,56.43292999267578,0,0,0,0
215,A,215,-3.023236058652401e-05,0.07913107424974442,nan,nan,512,0,-3.023236058652401e-05,0.07913107424974442,all_rows,512,0,0.0049104331992566586,0.099609375,-0.002036665705963969,0.0031037364737130702,0.1615170409786515,32ea391362f827fbebbee36b5c687416:0:0,6473c8b4e1abd87a338ac6c26c3b8bca:0:0,b17a267405b2d746cc12d9d98f6382c8:0:0,f71739170c7b4ae9d5b8437caad411e9:0:360436573,cbdce0bc8e7f86f7dc31bb10b3ecb463:1:1458245476,10,1.0,0,0,0,0,0,0,512,0,0,512,0,0,254,0,0,258,0,0,512,1.3924992084503174,55.04046630859375,0,0,0,0
216,A,216,-0.006418375298380852,0.0847177729010582,nan,nan,512,0,-0.006418375298380852,0.0847177729010582,all_rows,512,0,0.004601612221449614,0.0294921875,-0.0009004276245832444,0.003488656273111701,0.14109942800132558,cff62f1d585805e36e1b27e049896816:0:0,dbac117086d4c5a30760d6bdaef4014c:0:0,6ce96243854adc5300317fe777af73d3:0:0,cdb443c1e3d28d7e3adc46434861cde9:0:11556214,dfe5eda39625a91516f84eeb37322260:1:994480450,10,1.0,0,0,0,0,0,0,512,0,0,512,0,0,266,0,0,246,0,0,512,1.35794198513031,54.85586166381836,0,0,0,0
217,A,217,-0.005191529169678688,0.08761841803789139,nan,nan,512,0,-0.005191529169678688,0.08761841803789139,all_rows,512,0,0.006127140484750271,0.108203125,-0.0035318728303536774,0.003791948442813009,0.1423630050267093,0b7d28ae860dc8ba4bb1a1d1336a5c16:0:0,e58b78da6cd31810755b787d356fb0b3:0:0,b5db7b444253b7fa368e8312a1118b1b:0:0,d6069fe4f35f524b40acff584e2f89e9:0:1392895467,6a3efa5895570e290133f68abdd84ce5:1:600879898,10,1.0,0,0,0,0,0,0,512,0,0,512,0,0,257,0,0,255,0,0,512,1.3762397766113281,54.99294662475586,0,0,0,0
218,A,218,-0.0003570856642909348,0.09504034370183945,nan,nan,512,0,-0.0003570856642909348,0.09504034370183945,all_rows,512,0,0.006210628431290388,0.0326171875,-0.0023899026215076446,0.004521761683281511,0.11055910895811394,0dd99dffb870f76ac068a4b21a0b5016:0:0,45dcee6b392becdef3e6f66cd4f3765c:0:0,9e0db67c9552fcb7805447c2a55309f0:0:0,00e520c3fe0be276f1a6cff7bc3d45e9:0:4047761204,742dcb3c5d278161e0f00c3797d35f6f:0:1470558324,10,1.0,0,0,0,0,0,0,512,0,0,512,0,0,264,0,0,248,0,0,512,1.4433592557907104,55.312103271484375,0,0,0,0
219,A,219,0.005754177458584309,0.0840892419219017,nan,nan,512,0,0.005754177458584309,0.0840892419219017,all_rows,512,0,0.008002582006156445,0.035546875,-0.0006090247770771384,0.0035315003944560884,0.10409691301174462,02d97ba76bad47209e7b43f6fd6c4416:0:0,999c00a796dcf9f6d7e57905660e1b1a:0:0,42279e4edfa163bfb220fbd785c51e9a:0:0,3b853389fa82ccf485f6595d928b01e9:0:880212429,06915c408bc5b6a19fcbcd35987da00d:1:1286424762,10,1.0,0,0,0,0,0,0,512,0,0,512,0,0,250,0,0,262,0,0,512,1.3783313035964966,56.28646469116211,0,0,0,0
220,A,220,0.0028931284323334694,0.08057831227779388,nan,nan,512,0,0.0028931284323334694,0.08057831227779388,all_rows,512,0,0.001968596363440156,0.0486328125,-0.003211039025336504,0.00324883694993332,0.10516395897138864,10d76f2526ad779f42795313dd8d3816:0:0,864f4a4a14957a3bc067b7bd058745ef:0:0,045447e608250dd6c568010f7fcc8e38:0:0,a2cb0f49f8c23ba91f787cc5d118bde9:0:2351553158,34562e35b677b7db83980a757d2e2514:0:2524823153,10,1.0,0,0,0,0,0,0,512,0,0,512,0,0,257,0,0,255,0,0,512,1.3605250120162964,57.468589782714844,0,0,0,0
221,A,221,0.032755736261606216,0.10657243430614471,nan,nan,512,0,0.032755736261606216,0.10657243430614471,all_rows,512,0,0.00641720462590456,0.0935546875,-0.0021499841008335353,0.004649174376390874,0.1088013019762002,8dbde3ef2319dc578747657cba6e2c16:0:0,13b2ec6123fde1a86ad9b371b14b98d7:0:0,830ddf5ac176589674abfcbea9868666:0:0,9f807cb0b62d40d085ba5b6c77e679e9:0:3112408690,65e0a823f733968dc714ce65a5788f96:1:629968337,10,1.0,0,0,0,0,0,0,512,0,0,512,0,0,263,0,0,249,0,0,512,1.3446170091629028,56.853546142578125,0,0,0,0
222,A,222,0.023950884118676186,0.08110909909009933,nan,nan,512,0,0.023950884118676186,0.08110909909009933,all_rows,512,0,0.0031980089843273163,0.1037109375,-0.00707204919308424,0.0033616875181905924,0.10846583801321685,414867bb6ade923dba1ecea5940f2016:0:0,da454e92e44c2b9f9623f270a9aa8cfe:0:0,047bbab5754205ab0e08e0ef25508b46:0:0,0cd6a53cb8571ca1e1f9568d86f435e9:0:497417846,1510bbfc9e06cd730c3174808ff6db60:0:2563313275,10,1.0,0,0,0,0,0,0,512,0,0,512,0,0,255,0,0,257,0,0,512,1.4394874572753906,56.43235778808594,0,0,0,0
223,A,223,0.005248476751148701,0.07963158190250397,nan,nan,512,0,0.005248476751148701,0.07963158190250397,all_rows,512,0,0.0018578653689473867,0.0525390625,-0.005185563815757632,0.0031347387004643677,0.108321899024304,4d7780c253ad625f8e8da2026a701416:0:0,9aa1ebb4b5d69ad8d4816dfd102a9194:0:0,f83e6e9dbc5344dbbd7307b4f9712026:0:0,ced8b91306c47b347b230f64fe41f1e9:0:1993277200,58bb893eac60bdc1f525cb9c46d9141a:0:3869732534,10,1.0,0,0,0,0,0,0,512,0,0,512,0,0,256,0,0,256,0,0,512,1.47077214717865,56.24550247192383,0,0,0,0
224,A,224,-0.007391062565147877,0.08916265517473221,nan,nan,512,0,-0.007391062565147877,0.08916265517473221,all_rows,512,0,0.0041069346480071545,0.0673828125,-0.004429081082344055,0.003957665141206235,0.10724581399699673,c69548bd00ef513a1276b3073d910816:0:0,f1a9e3c175eb5f05c69f68466bac4328:0:0,86aafd830b620f52f802dedba48d1db8:0:0,ef3255c6dbdeaaa471d5672eddcfade9:0:3706084608,123b1a89ca9e780aa5546d338e2681ee:1:1266087803,10,1.0,0,0,0,0,0,0,512,0,0,512,0,0,265,0,0,247,0,0,512,1.4150397777557373,56.36988067626953,0,0,0,0
225,A,225,-0.005658706650137901,0.09516581147909164,nan,nan,512,0,-0.005658706650137901,0.09516581147909164,all_rows,512,0,0.0029688230715692043,0.031640625,-0.002848664950579405,0.004504561552312225,0.10883422696497291,781e5b675499dacfa21195280d71fc16:0:0,74aa7e84a0103fa5f95b2595cbfb01fc:0:0,81643552f383eeb230e1df4902966d2e:0:0,fc256faae554c9777c5e7f27259d69e9:0:16130331,28f1f77f4c14c95aa07b3e8ab506023f:1:3647087282,10,1.0,0,0,0,0,0,0,512,0,0,512,0,0,255,0,0,257,0,0,512,1.4586236476898193,55.83766174316406,0,0,0,0
226,A,226,0.0031063479837030172,0.07699095457792282,nan,nan,512,0,0.0031063479837030172,0.07699095457792282,all_rows,512,0,0.003724188543856144,0.0638671875,-0.0045360143994912505,0.00291421830188483,0.10854797798674554,2822d751775bdb7ddbea9bd8da12f016:0:0,596f4c7e523dbeb8ef7f5f24defbf965:0:0,fc302889f1dcdb690c04cf3f1ceca12c:0:0,88001282ec26ed41a2bcb889d5ab25e9:0:3462623786,668492b951e55f5727abc0bc8513490c:0:2064330144,10,1.0,0,0,0,0,0,0,512,0,0,512,0,0,242,0,0,270,0,0,512,1.3992308378219604,55.466766357421875,0,0,0,0
227,A,227,0.0016507162945345044,0.07387924194335938,nan,nan,512,0,0.0016507162945345044,0.07387924194335938,all_rows,512,0,0.006681968457996845,0.0734375,-0.00791518590413034,0.0027016554726287723,0.10613780200947076,3bfe53d1e096259394e2da8da373e416:0:0,f3525efd8ea4e319fc117d203dd7330c:0:0,d088d8902338edfc3f190a461b991bcf:0:0,cf129dacfc974189fa9eb492edf8e1e9:0:2233975341,50cbef2a015e388209d6fc3c3d65ad05:1:3109582225,10,1.0,0,0,0,0,0,0,512,0,0,512,0,0,248,0,0,264,0,0,512,1.493217945098877,54.763671875,0,0,0,0
228,A,228,0.000415297516155988,0.07641470432281494,nan,nan,512,0,0.000415297516155988,0.07641470432281494,all_rows,512,0,0.0031362976878881454,0.078125,-0.002782420767471194,0.002907542511820793,0.1120816909824498,4c5bc6ed8693c3a6cc3024ba6994d816:0:0,eb20d6cfd41e2ace2404ff5fed6c72c4:0:0,8179fa79ff422a55f14d56a396b7f3ab:0:0,3f532b19663d1eef6363547e6e869de9:0:101496928,954fb129b2908a3685ca22c362952bdf:1:1451240719,10,1.0,0,0,0,0,0,0,512,0,0,512,0,0,242,0,0,270,0,0,512,1.4144304990768433,55.804710388183594,0,0,0,0
229,A,229,0.001005421276204288,0.07533944398164749,nan,nan,512,0,0.001005421276204288,0.07533944398164749,all_rows,512,0,0.002126160077750683,0.0341796875,-0.003300344292074442,0.0028238924336619676,0.12172991398256272,581b62109f75e7aa9f5d0dd32c75cc16:0:0,0e5c30a268c0bb2abb7c3921c68fe758:0:0,129767ef61c6eb4eab3c4fc6f8bf64b5:0:0,67c297a92c761a8d4219b988575459e9:0:2434904594,4acc202536de4e1ef706baf6464a6c20:0:143634290,10,1.0,0,0,0,0,0,0,512,0,0,512,0,0,242,0,0,270,0,0,512,1.402616024017334,55.39461898803711,0,0,0,0
230,A,230,-0.0021522212773561478,0.07468551397323608,nan,nan,512,0,-0.0021522212773561478,0.07468551397323608,all_rows,512,0,0.0039456370286643505,0.0234375,-9.421380236744881e-05,0.0027779331197962166,0.10819428996182978,3a9c6c771b4786c53e48e94bec16c016:0:0,4c4aca156adb7e652c2d598f4a320edc:0:0,bfe9299c426531f1e844b0598c947965:0:0,3e8b26cabf710da03d8144eca86215e9:0:814876180,9098f4f5e21d000f03bd26cff39f7ff4:1:2702714879,10,1.0,0,0,0,0,0,0,512,0,0,512,0,0,261,0,0,251,0,0,512,1.364733099937439,55.012577056884766,0,0,0,0
231,A,231,0.0015809193719178438,0.08167391270399094,nan,nan,512,0,0.0015809193719178438,0.08167391270399094,all_rows,512,0,0.0105117317289114,0.055078125,-0.0039014763198792933,0.0033253631787374615,0.10616886301431805,2ee41628bfaca1e5df27ca98a877b416:0:0,1522b88d611c393935fd9e538611ce3c:0:0,5cfd60e53206399ad2c542c51959f583:0:0,3beffa6d160f156afa0997e761afd1e9:0:302974873,edd80de393ebbc4eba807806828e5470:1:3943611554,10,1.0,0,0,0,0,0,0,512,0,0,512,0,0,274,0,0,238,0,0,512,1.437532663345337,55.353084564208984,0,0,0,0
232,A,232,0.0032298769801855087,0.06718424707651138,nan,nan,512,0,0.0032298769801855087,0.06718424707651138,all_rows,512,0,0.005876215640455484,0.04921875,-0.003422035020776093,0.0022172928496729583,0.10772542003542185,dadc26718da13b1ab282852d6198a816:0:0,5b77d9bba120d768d755de330d029aa5:0:0,2d73bbfc50c4e7b278559c2c2b11aacb:0:0,05bf93a180d68b5ad5d293b4833d8de9:0:3895885834,37368974611dd10bd382fd8b334d9df1:0:1742153123,10,1.0,0,0,0,0,0,0,512,0,0,512,0,0,245,0,0,267,0,0,512,1.52449631690979,53.71604537963867,0,0,0,0
233,A,233,-0.008558455854654312,0.07629633694887161,nan,nan,512,0,-0.008558455854654312,0.07629633694887161,all_rows,512,0,0.0040231142193078995,0.0349609375,0.0016647891607135534,0.002929411910008639,0.1427510039648041,f93144c3d9bbf7a6d736ac7e17799c16:0:0,181227547f1c240b073d5a0b9f4ffc60:0:0,d3b2f9d293ff420a997094074f444b7f:0:0,db524784ce33f56ca4ac59900d0b49e9:0:4168635148,5c358064f64ad3753552889d76426dcc:1:293434066,10,1.0,0,0,0,0,0,0,512,0,0,512,0,0,250,0,0,262,0,0,512,1.4400914907455444,53.559452056884766,0,0,0,0
234,A,234,0.0016093231970444322,0.08127674460411072,nan,nan,512,0,0.0016093231970444322,0.08127674460411072,all_rows,512,0,0.0034942144993692636,0.01640625,-0.0006501364521682262,0.003279901808127761,0.14175449300091714,99f06af63f686ed84e7693feca1a9016:0:0,8faa3b9e2101fc6e5c2268423e376451:0:0,773e4b989237f9a8b01702395f99cdbe:0:0,257007489844eed16c174ab5ff1905e9:0:2619650982,79ab7cb128d702114156a700f0a9089c:1:1643653684,10,1.0,0,0,0,0,0,0,512,0,0,512,0,0,247,0,0,265,0,0,512,1.347156047821045,54.20573425292969,0,0,0,0
235,A,235,-0.004820936359465122,0.08531015366315842,nan,nan,512,0,-0.004820936359465122,0.08531015366315842,all_rows,512,0,0.004128103610128164,0.084375,-0.0025504546239972113,0.0035883773467503487,0.14240066101774573,76a5d3d4578d259defc94f23797b8416:0:0,37b07617f1e7f92ded3e8a767dcfeac6:0:0,797e729def3f773e1286a4a54e737898:0:0,08070975d46908d31f4408625966c1e9:0:2245050437,b82eaccb96fcb0b8a0b0707bb3cb3824:1:1925223646,10,1.0,0,0,0,0,0,0,512,0,0,512,0,0,268,0,0,244,0,0,512,1.3409218788146973,53.42116165161133,0,0,0,0
236,A,236,0.004751585423946381,0.08260268718004227,nan,nan,512,0,0.004751585423946381,0.08260268718004227,all_rows,512,0,0.0061510601080954075,0.1302734375,-0.002999724354594946,0.00338267982006073,0.1438291430240497,5b2d70fddb1136dd5d0ab160259c7816:0:0,b144cb5689ab3ca91d60c8515d67517a:0:0,62bb0e4bd82a9ed9b5e7a357ece3344b:0:0,1da6cdc1fcd4a3f95b1373d11bf47de9:0:546139004,79708850423e10e3cdfa276280830e5e:1:183794422,10,1.0,0,0,0,0,0,0,512,0,0,512,0,0,256,0,0,256,0,0,512,1.3721054792404175,52.31866455078125,0,0,0,0
237,A,237,0.0063654575496912,0.08146077394485474,nan,nan,512,0,0.0063654575496912,0.08146077394485474,all_rows,512,0,0.0024981307797133923,0.0984375,-0.00710584381595254,0.003325157833751291,0.14305355196120217,855d9f1499b5a888f66b4e28ce7d6c16:0:0,3f34b8db1814becf490096a7e7abcd30:0:0,faa26cc1e2c4fec1726080c94a5da767:0:0,26789c106c61c16e2216ae3e46c239e9:0:1132607257,11b0cd4d19f4380f96c3d899d9b2a98e:0:410464605,10,1.0,0,0,0,0,0,0,512,0,0,512,0,0,257,0,0,255,0,0,512,1.4156609773635864,52.543277740478516,0,0,0,0
238,A,238,-0.005612453445792198,0.08303584903478622,nan,nan,512,0,-0.005612453445792198,0.08303584903478622,all_rows,512,0,0.0034976163879036903,0.087109375,-0.007354758051224053,0.003378713352140039,0.1515465519623831,77f86f3e6db66d75ce7078f1741e6016:0:0,249e5f48162b1dac6aca5f3b5ae7d3b8:0:0,125bbf264d5c13b20bf9ce78b52ad90b:0:0,f6300279c4dacca2988f18e5d9cff5e9:0:1979241696,52850c8840d2b98e27735550ef0f7b31:1:3693868895,10,1.0,0,0,0,0,0,0,512,0,0,512,0,0,256,0,0,256,0,0,512,1.4363833665847778,52.000431060791016,0,0,0,0
239,A,239,0.003340176772326231,0.07551649212837219,nan,nan,512,0,0.003340176772326231,0.07551649212837219,all_rows,512,0,0.007843703031539917,0.0453125,-0.0037036659196019173,0.002749799517914653,0.11989541799994186,6d9e710514a713f19df4452e167f5416:0:0,972663b6a6289f2e2a5085df6d50df55:0:0,1eeabedae66737ce2e3fc7fd42bc9dbf:0:0,d66af57377fb5d33c06e5503d51db1e9:0:620987671,1ed71f92741268a430dd654391f7e9c0:1:3361477877,10,1.0,0,0,0,0,0,0,512,0,0,512,0,0,254,0,0,258,0,0,512,1.4019436836242676,51.63077163696289,0,0,0,0
240,A,240,0.001331110717728734,0.08093197643756866,nan,nan,512,0,0.001331110717728734,0.08093197643756866,all_rows,512,0,0.005396932363510132,0.087890625,-0.002778839273378253,0.003263369167689234,0.1062184949987568,bb976fa295ff2118b8258652b5a04816:0:0,484faa0bc0274139da6b94f63f87c7c8:0:0,9e61ee2e6f77bec2143aeddf2c542e1f:0:0,6d721071cb62f10f355643d438ab6de9:0:2033425611,83c92f1cb1ba1a842036eea29f913f86:1:774579458,10,1.0,0,0,0,0,0,0,512,0,0,512,0,0,235,0,0,277,0,0,512,1.5081157684326172,50.65088653564453,0,0,0,0
241,A,241,-0.024195801466703415,0.09294252097606659,nan,nan,512,0,-0.024195801466703415,0.09294252097606659,all_rows,512,0,0.005681605078279972,0.0716796875,-0.003977689752355218,0.003599598875734955,0.11056950403144583,66ea11cd9fca18ebfe87cfd351813c16:0:0,92fcb7746dd3b677af90d1075c67f9d3:0:0,0156361815c35fd6d8a03f20be8a51e2:0:0,8c7e0c9eefb59ed7e8990693047929e9:0:3178862311,7a81c7253e5c56cac6d349e7e852f4fb:1:1480231110,10,1.0,0,0,0,0,0,0,512,0,0,512,0,0,232,0,0,280,0,0,512,1.5900100469589233,50.914894104003906,0,0,0,0
242,A,242,-0.00843118131160736,0.07696334272623062,nan,nan,512,0,-0.00843118131160736,0.07696334272623062,all_rows,512,0,0.003444706555455923,0.020703125,0.0003821277990937233,0.0029271362349390984,0.10860459797549993,4d2abb1e01ef3326d4f37523ea223016:0:0,97798d751cc8db799572708a678a05f2:0:0,f8b3ce0076ad106a8f8f5626919f4064:0:0,9cd7d6820326c08add38fe7c3886e5e9:0:4235673674,7fe0403472041170787c8da935678825:0:2395419306,10,1.0,0,0,0,0,0,0,512,0,0,512,0,0,242,0,0,270,0,0,512,1.5216723680496216,50.387264251708984,0,0,0,0
243,A,243,-0.003958680666983128,0.0849773958325386,nan,nan,512,0,-0.003958680666983128,0.0849773958325386,all_rows,512,0,0.008223390206694603,0.065234375,0.00038450579158961774,0.0035542777855880558,0.10672988998703659,ea6472263084bcd5159589b87f832416:0:0,ad6b9186a4c0f31bc533cc05d2c02193:0:0,d1e1e6d9d99c0519827d816ece8c0920:0:0,4094bab117a99663e3e8cccbd4d4a1e9:0:931832700,ffe324354e5b626a2f2d0061ae0744f0:1:2711373993,10,1.0,0,0,0,0,0,0,512,0,0,512,0,0,246,0,0,266,0,0,512,1.5383561849594116,50.21660614013672,0,0,0,0
244,A,244,0.006684788502752781,0.08767262101173401,nan,nan,512,0,0.006684788502752781,0.08767262101173401,all_rows,512,0,0.01091144047677517,0.050390625,-0.00209474740549922,0.003810611995868385,0.1050588299985975,5343e66375a326a904efe10511a41816:0:0,1873dd9ac5282fc871f8dd33fbeefbc1:0:0,faf2b26444110f9ca61b1f880df0a59e:0:0,aa97ece99503e202570b52bdd9625de9:0:2501056623,376c6c90908f6a4f4f06efc4cd12edc4:0:1012646740,10,1.0,0,0,0,0,0,0,512,0,0,512,0,0,259,0,0,253,0,0,512,1.4394878149032593,51.42584228515625,0,0,0,0
245,A,245,-0.0077744340524077415,0.08292775601148605,nan,nan,512,0,-0.0077744340524077415,0.08292775601148605,all_rows,512,0,0.008723007515072823,0.061328125,-0.0001418891828507185,0.0033647487754933534,0.10506222298135981,cafcfd2b3b2bc01145d90e7da0850c16:0:0,b4867f8e42e9b0391e2628b7f9ea1026:0:0,d585b1c199152b2f98d5d9f5cc5e3607:0:0,ba26342a8efe79cdd6b3b18e463019e9:0:378741561,b0ec60290e8e2c6be95e7e3706646453:1:3789590180,10,1.0,0,0,0,0,0,0,512,0,0,512,0,0,262,0,0,250,0,0,512,1.4233715534210205,53.138492584228516,0,0,0,0
246,A,246,0.00047560548409819603,0.0838196650147438,nan,nan,512,0,0.00047560548409819603,0.0838196650147438,all_rows,512,0,0.0050194356590509415,0.0349609375,-0.0012875152518972755,0.0034971045679412782,0.10934800299583003,cbfe8cc094f71f0ecd7c65962c260016:0:0,40a745fd1e509d768e15624ba8e68f2c:0:0,c5cbf22113495818e3e130515ffbf4ee:0:0,90f7c9ace7efd49b04a54a791b3dd5e9:0:1607278615,d6efba308d278470fbef7a4958c622cb:1:100912815,10,1.0,0,0,0,0,0,0,512,0,0,512,0,0,271,0,0,241,0,0,512,1.4160343408584595,52.48142623901367,0,0,0,0
247,A,247,0.0017499516252428293,0.08246999233961105,nan,nan,512,0,0.0017499516252428293,0.08246999233961105,all_rows,512,0,0.0051113395020365715,0.1046875,-0.008446533372625709,0.0033939352142624557,0.10663907503476366,c62e20c1f3df34cad759f9c2b486f416:0:0,a9e1cd691be54b0fe09737aa18718ae5:0:0,858d23d045d6b28135d97a3d3468d8a9:0:0,af8f77d557dc8d904053beba588b91e9:0:769780451,61edf47342436f03c9b32befd8b19118:0:4076739496,10,1.0,0,0,0,0,0,0,512,0,0,512,0,0,259,0,0,253,0,0,512,1.4117830991744995,52.398555755615234,0,0,0,0
248,A,248,-0.010959310457110405,0.08416151255369186,nan,nan,512,0,-0.010959310457110405,0.08416151255369186,all_rows,512,0,0.0030395244248211384,0.066015625,-0.007370415283367038,0.003404973819851875,0.10735965601634234,99d6cb23aa190eecd9469e7739a7e816:0:0,9169d25b5f7d19c7fb22514db471af9f:0:0,1726321a3042e4ddae6be21d8dd05b3b:0:0,2af4c17cb069e04a62e2ef8dfe194de9:0:1758594443,01292c1dc00271781e577d6511f38bb9:1:528372088,10,1.0,0,0,0,0,0,0,512,0,0,512,0,0,251,0,0,261,0,0,512,1.3673869371414185,51.84736251831055,0,0,0,0
249,A,249,-0.006169131025671959,0.07942868024110794,nan,nan,512,0,-0.006169131025671959,0.07942868024110794,all_rows,512,0,0.004568155854940414,0.04375,-0.001320663490332663,0.0031466550193727017,0.10778416600078344,507220f0a95245b0776be727bb88dc16:0:0,49c9344c9d13c943f01cb6215a537e5b:0:0,43a4ba7679f893d9e1707eaa022eceac:0:0,d101512af5de1d417b26fe300be709e9:0:2062659555,fad4c908be51ba695f965407a996ceb4:0:2500490300,10,1.0,0,0,0,0,0,0,512,0,0,512,0,0,251,0,0,261,0,0,512,1.30356764793396,51.6690673828125,0,0,0,0
250,A,250,0.006016269326210022,0.09090438485145569,nan,nan,512,0,0.006016269326210022,0.09090438485145569,all_rows,512,0,0.003944165073335171,0.0380859375,9.495019912719727e-05,0.004115470289252699,0.1454197359853424,20b9920fa30616bb784827483a29d016:0:0,4ccb9550c5ef182e4adeb3009d4945b0:0:0,2169903b267c60a2db7a4a8cc38aea25:0:0,95802322256b166d89a44bdc81f4c5e9:0:4112842396,28649ce243de1aaa89d8f8ffb471385f:0:3177738009,10,1.0,0,0,0,0,0,0,512,0,0,512,0,0,258,0,0,254,0,0,512,1.3665580749511719,51.111480712890625,0,0,0,0
251,A,251,-0.005822929088026285,0.08231981098651886,nan,nan,512,0,-0.005822929088026285,0.08231981098651886,all_rows,512,0,0.003527627792209387,0.0455078125,-0.006346609466709197,0.003387384582310915,0.14124438900034875,c6c04f4f737e2cb3b8ae724cb58ac416:0:0,4f0340dab13fe79eef39a0d1dc087504:0:0,83cb5dd1131d5844be69ee1995511785:0:0,f2a6cc55c0fe842b3c8f79cf604281e9:0:3801831850,04ccc6b3b79912fd04241c7aaaae9f4c:1:2155113828,10,1.0,0,0,0,0,0,0,512,0,0,512,0,0,244,0,0,268,0,0,512,1.3864786624908447,51.64591598510742,0,0,0,0
252,A,252,0.004734841641038656,0.0846722200512886,nan,nan,512,0,0.004734841641038656,0.0846722200512886,all_rows,512,0,0.005697656888514757,0.043359375,-0.006799879274331034,0.0035163411521352828,0.14128484897082672,fff2ea027ff313951fc69ba92dabb816:0:0,cb5118ffe2201bcde2d1cf9865686945:0:0,d555b924dd5c19bb2fee6786087a2abd:0:0,8b36ebac78d46260abcd6944a6d03de9:0:931207138,329520419c98f371a7831452e62be7de:1:1257853283,10,1.0,0,0,0,0,0,0,512,0,0,512,0,0,255,0,0,257,0,0,512,1.4144659042358398,50.71553421020508,0,0,0,0
253,A,253,0.0005155253456905484,0.0861564502120018,nan,nan,512,0,0.0005155253456905484,0.0861564502120018,all_rows,512,0,0.0046370429918169975,0.051953125,-0.0023428603773936628,0.003719801013357937,0.14526100701186806,ea81c475704059c7930d36d1a28cac16:0:0,573f6b9adbdf35fc81ced123784a094a:0:0,f83ce2c2ffdc3d23d0752d4dcd7d323f:0:0,dc173a298b0745e214f33b78559df9e9:0:3355616189,971493cd7a4a05068e3312615fdb537b:0:1630309043,10,1.0,0,0,0,0,0,0,512,0,0,512,0,0,262,0,0,250,0,0,512,1.4016555547714233,51.418243408203125,0,0,0,0
254,A,254,-0.0036090596113353968,0.08243128657341003,nan,nan,512,0,-0.0036090596113353968,0.08243128657341003,all_rows,512,0,0.0014935079962015152,0.0681640625,-0.001246323436498642,0.0033531432854942977,0.14541351102525368,7cae4a926ca05df4ea53973a142da016:0:0,bc7133ae4254736d0117617a3481077a:0:0,c11db9314f0a0ccd481fee343917cc6f:0:0,aeb0d1dbb15aaa16974651a66cabb5e9:0:263962147,d98c16cf02d438a147c70d90631c704b:0:745373063,10,1.0,0,0,0,0,0,0,512,0,0,512,0,0,248,0,0,264,0,0,512,1.4295358657836914,51.42820358276367,0,0,0,0
255,A,255,0.003279746975749731,0.09148285537958145,nan,nan,512,0,0.003279746975749731,0.09148285537958145,all_rows,512,0,0.0005462204571813345,0.07421875,0.00012158295139670372,0.004190938780084252,0.14923537999857217,9f70be06c7e3c99ee3bfd056828e9416:0:0,ae717077d8088acea0d664263e18ca39:0:0,195457e72fc621b64f101f0d55a51d67:0:0,cd1622afb57b36dcefbc4d0aebf971e9:0:1307880400,3535eae6872b073f25400d5b5205571a:0:2166916015,10,1.0,0,0,0,0,0,0,512,0,0,512,0,0,270,0,0,242,0,0,512,1.3822180032730103,51.67257308959961,0,0,0,0
256,A,256,0.0011739714536815882,0.07386674731969833,nan,nan,512,0,0.0011739714536815882,0.07386674731969833,all_rows,512,0,0.0043972330167889595,0.022265625,-0.001950714085251093,0.0027108679059892893,0.11590422998415306,0db52945be98b87517ccb59aedaf8816:0:0,30b9c08a4f6960a79e9b07e886a4c31d:0:0,5f35dec5abfa80397f92a58c3a5c8d97:0:0,bd2da78503f0feb034fb0ee1d3872de9:0:1388945647,0260890e949440480666bc99b2a7322e:0:67515799,10,1.0,0,0,0,0,0,0,512,0,0,512,0,0,247,0,0,265,0,0,512,1.3473355770111084,51.708778381347656,0,0,0,0
257,A,257,-0.0037765498273074627,0.07514442503452301,nan,nan,512,0,-0.0037765498273074627,0.07514442503452301,all_rows,512,0,0.005251935217529535,0.0697265625,-0.0034643612802028657,0.0027837078319862484,0.10609557799762115,4ac1c8c7b3958c6aed49da7b55907c16:0:0,28545e36344b8952528318c958b7169f:0:0,719a45e088b7278aa0087b65e05d71f7:0:0,890ac522d5ffb50c9358b8672354e9e9:0:2108348217,c34fc71e89869474bbc1826ff566d3e9:1:1165065440,10,1.0,0,0,0,0,0,0,512,0,0,512,0,0,257,0,0,255,0,0,512,1.3826546669006348,51.68400192260742,0,0,0,0
258,A,258,-0.005014859605580568,0.08537603914737701,nan,nan,512,0,-0.005014859605580568,0.08537603914737701,all_rows,512,0,0.0028518461622297764,0.0375,-0.002671791892498732,0.0036458409857004883,0.1055427419487387,2bf7e9ea125b6e8d8d5b926bba317016:0:0,3a9fa7d65dafb02f3b478427f58b1f28:0:0,dbf6abf751759020b1e110e88ee16e18:0:0,608b4feccab0dd1408dbaad6db62a5e9:0:3531144552,701e93c83596b25e04b18f9f613a1ed6:0:1254803591,10,1.0,0,0,0,0,0,0,512,0,0,512,0,0,259,0,0,253,0,0,512,1.2896056175231934,52.6566047668457,0,0,0,0
259,A,259,-0.002288805553689599,0.08632197231054306,nan,nan,512,0,-0.002288805553689599,0.08632197231054306,all_rows,512,0,0.0024560352321714163,0.0361328125,-0.0025688210502266885,0.0037171755102463067,0.14141565503086895,f0c9e2d8bfc47c99d77af0e01b926416:0:0,33a4e57e733265a9794a6dafeb00cdb9:0:0,cc3f2a81fed18700e0fec994bb399102:0:0,b37804760743f073213a876cfbb061e9:0:833605433,6f9dfc8a7325b1eed5c07310fb7798d8:1:172304087,10,1.0,0,0,0,0,0,0,512,0,0,512,0,0,265,0,0,247,0,0,512,1.2251451015472412,52.533660888671875,0,0,0,0
260,A,260,0.00014687853399664164,0.07598237693309784,nan,nan,512,0,0.00014687853399664164,0.07598237693309784,all_rows,512,0,0.0042170314118266106,0.0626953125,-0.0013525000773370265,0.0028610466863028703,0.10993357398547232,14355eeec171a3525575c94c79b35816:0:0,cf6cb3a709a8ae66ef315d1941196852:0:0,78c1695b717cd32b45c743cbcce48084:0:0,cc09ca5237407e85b1dc2f65843e1de9:0:3165058671,d40645166b906f17664cc1bd00a57f43:1:1411734361,10,1.0,0,0,0,0,0,0,512,0,0,512,0,0,231,0,0,281,0,0,512,1.2332011461257935,53.151371002197266,0,0,0,0
261,A,261,0.0004209223552607,0.07756748795509338,nan,nan,512,0,0.0004209223552607,0.07756748795509338,all_rows,512,0,0.006638660095632076,0.0447265625,-0.002131364308297634,0.0030004804604686795,0.10747781000100076,4210c700846c25952f6eaf24d4944c16:0:0,bc37af02e61696aa6f019f840937930f:0:0,5a26ef15a9fd61bd5ebce987a68cadc8:0:0,7814dfc4046643bb95d7c3fc750bd9e9:0:3317066059,7fe5883ad4aa6b5f6cba952047aee07a:1:638129738,10,1.0,0,0,0,0,0,0,512,0,0,512,0,0,262,0,0,250,0,0,512,1.2773109674453735,52.78422927856445,0,0,0,0
262,A,262,-0.004160396289080381,0.08097879588603973,nan,nan,512,0,-0.004160396289080381,0.08097879588603973,all_rows,512,0,0.01012191828340292,0.0736328125,-0.005193412071093917,0.0032724913908168674,0.10794267198070884,84c50d06eb6ed0321fdcf5dd2c354016:0:0,ef2adc2b967d4a3784ff9984364af542:0:0,cf8b04898f84fff4611ff591dfa1f432:0:0,7b761028deb7393d69f4a66dce1995e9:0:1119531856,9b1d9aee0379a2df497a1140bf508bb7:0:3136332965,10,1.0,0,0,0,0,0,0,512,0,0,512,0,0,256,0,0,256,0,0,512,1.2835205793380737,51.55810546875,0,0,0,0
263,A,263,0.006640388630330563,0.07932572811841965,nan,nan,512,0,0.006640388630330563,0.07932572811841965,all_rows,512,0,0.0012197887990623713,0.019921875,0.0001389384502544999,0.0031331390608102085,0.10951966798165813,326296a70d4ada80678cb0e980963416:0:0,82698cc5342d25727f38d3de41258d0a:0:0,22df27d5063f110c9284bb54a03717e9:0:0,e0f4d6422cd79cd148aa77f58f6751e9:0:1587656611,c8c9481eac99fd87903da0b898ad137e:1:975801613,10,1.0,0,0,0,0,0,0,512,0,0,512,0,0,267,0,0,245,0,0,512,1.2879855632781982,50.95484924316406,0,0,0,0
264,A,264,-0.008524658158421516,0.07710078358650208,nan,nan,512,0,-0.008524658158421516,0.07710078358650208,all_rows,512,0,0.010409127920866013,0.09453125,-0.008795362804085017,0.002869533433113247,0.10684232600033283,b7206a174bdc73b4c19eb3bdd1b72816:0:0,287f6fbf9494e114d9c8ed6f689632e6:0:0,31d1364e91020a94d81114eb40979fcf:0:0,4fdfc6bc3cfff0ff862119cfb8f50de9:0:1604507967,0ba9f8a32a285f3e9821fff3bc16785f:0:1692533204,10,1.0,0,0,0,0,0,0,512,0,0,512,0,0,247,0,0,265,0,0,512,1.2564163208007812,50.70045852661133,0,0,0,0
265,A,265,0.012361434288322926,0.07717371731996536,nan,nan,512,0,0.012361434288322926,0.07717371731996536,all_rows,512,0,0.005650964565575123,0.0533203125,-0.004770656116306782,0.0028698019916191695,0.10516051203012466,74001ce72c02fcf7578891ce1f981c16:0:0,b24d0ebd9f90bc5d2a91a8583a4363c5:0:0,fbdc048631aab09532cfdc6c8a5479dd:0:0,dc76d6938ebcf5776c30ad384ac2c9e9:0:2365020040,4128b89a79f76161939bcac57d1928d5:1:1236587187,10,1.0,0,0,0,0,0,0,512,0,0,512,0,0,258,0,0,254,0,0,512,1.1741700172424316,51.859500885009766,0,0,0,0
266,A,266,-0.004257376305758953,0.08829444646835327,nan,nan,512,0,-0.004257376305758953,0.08829444646835327,all_rows,512,0,0.004902565386146307,0.05390625,0.0010845864191651345,0.0039029895327985288,0.11417221900774166,df4754341710f039b5149e8e6a391016:0:0,d8f7b41e61d36ae7adfb3bd2196ae5ca:0:0,2b979b775e0d3f1f9eebb587b2f08a09:0:0,e00104394db997b3f661936b44d085e9:0:1620529673,a78fb687e0d036910778b7ba292a8fff:0:2665807196,10,1.0,0,0,0,0,0,0,512,0,0,512,0,0,263,0,0,249,0,0,512,1.1336957216262817,51.01586151123047,0,0,0,0
267,A,267,-0.009517141617834568,0.08534499257802963,nan,nan,512,0,-0.009517141617834568,0.08534499257802963,all_rows,512,0,0.003252570051699877,0.04296875,-0.004162901127710938,0.003569659870117903,0.15081283100880682,4680e9d9ee2773ccbc61ed72b19a0416:0:0,951f4056cd1890eb7a854df2dcf846d3:0:0,b7ee303fbb6fb972ba659686bcd94e92:0:0,cb70999815cedbe08dec6da4a71e41e9:0:1024404660,add080a29515b25cff5aca8673de3a9c:1:1151129969,10,1.0,0,0,0,0,0,0,512,0,0,512,0,0,261,0,0,251,0,0,512,1.0779554843902588,50.109519958496094,0,0,0,0
268,A,268,0.005004602484405041,0.07358863204717636,nan,nan,512,0,0.005004602484405041,0.07358863204717636,all_rows,512,0,0.0026915199123322964,0.099609375,-0.001943427650257945,0.0026853377465158703,0.14109026599908248,5b84023317f19ab699e451eef5baf816:0:0,2b2791bdb37560bee57e2f563bcbe6bd:0:0,c1148937c372828665b430bcac4e6f84:0:0,24faa85a5895bdfdc5ba1d2071abfde9:0:175153242,7d8cede8a27d62df8569c26bea4ecaa5:1:2422690037,10,1.0,0,0,0,0,0,0,512,0,0,512,0,0,241,0,0,271,0,0,512,1.0337923765182495,50.163719177246094,0,0,0,0
269,A,269,0.005547965876758099,0.07253000885248184,nan,nan,512,0,0.005547965876758099,0.07253000885248184,all_rows,512,0,0.003690280020236969,0.0583984375,-0.0010738365817815065,0.0026343436678871513,0.14559488202212378,74568a00713351c8b8645f77369bec16:0:0,0a9319448c8823d5d44f2faff703fd37:0:0,92791e3e4b1a64c1dc1a4490b4a6bffa:0:0,7e438913fcb70b461663c31aa479b9e9:0:2979882334,a363d7b74b1f29cb27357108c57136c1:0:3213782559,10,1.0,0,0,0,0,0,0,512,0,0,512,0,0,240,0,0,272,0,0,512,1.0040541887283325,49.271385192871094,0,0,0,0
270,A,270,-1.0776333510875702e-05,0.08462683856487274,nan,nan,512,0,-1.0776333510875702e-05,0.08462683856487274,all_rows,512,0,0.002031981945037842,0.0828125,0.00019416920840740204,0.003542390011716634,0.14260561001719907,7562b416489ff975b4ff697f743ce016:0:0,41ddeb65d092b03fd4184df5ca898745:0:0,63039b4ad98690784305b57225814b6d:0:0,b5fb09310f3533d29a32c0cf3f8775e9:0:1341228434,136211d535abd0204027feba8e93cbb2:0:624189174,10,1.0,0,0,0,0,0,0,512,0,0,512,0,0,254,0,0,258,0,0,512,1.0834286212921143,48.97977828979492,0,0,0,0
271,A,271,0.0026500094681978226,0.08529634028673172,nan,nan,512,0,0.0026500094681978226,0.08529634028673172,all_rows,512,0,0.006904809270054102,0.1234375,-0.0034224412404000757,0.003551168891135603,0.14518345199758187,1b2422704e6cac675327837bae9dd416:0:0,dc99b3730a624161cc76e72c87bdca25:0:0,e88a647d1ac5ec44f522999b5aa93f1c:0:0,cd3792cb9eec147fc920b77a42d531e9:0:3837148039,0701ae6bdb5206c0c254323c6431c6f2:1:1655361067,10,1.0,0,0,0,0,0,0,512,0,0,512,0,0,270,0,0,242,0,0,512,1.0677374601364136,49.60447311401367,0,0,0,0
272,A,272,0.010296696797013283,0.08238586038351059,nan,nan,512,0,0.010296696797013283,0.08238586038351059,all_rows,512,0,0.014927112497389317,0.0458984375,-0.0008220573421567678,0.003280153009109199,0.14491649600677192,20e96e53201232d470a380dfe5bec816:0:0,477f5d83421f50616c278bfe51739643:0:0,bed4d086968b996b9275da85f1682e2d:0:0,86cff4cb1a82b91234d78857ae62ede9:0:1517300349,87483ee29cfb25adc387fba2709fbbc0:1:1983008566,10,1.0,0,0,0,0,0,0,512,0,0,512,0,0,264,0,0,248,0,0,512,1.0096889734268188,50.37522888183594,0,0,0,0
273,A,273,-0.012079738080501556,0.07884851843118668,nan,nan,512,0,-0.012079738080501556,0.07884851843118668,all_rows,512,0,0.003245146945118904,0.030078125,-0.00299216378480196,0.0030227621085941792,0.11347047303570434,f249bf26d8b2a296f98ef520199fbc16:0:0,6653b3ae7e82d0f0225b5c51bbd2400a:0:0,a8f0e82a264a3ee4e193ee369806ed0b:0:0,759f88efc90b169b44b154a38230a9e9:0:1507720081,1c068c9da2fdeaf5fd4796795f153fc2:1:1875018293,10,1.0,0,0,0,0,0,0,512,0,0,512,0,0,258,0,0,254,0,0,512,1.0065025091171265,51.82042694091797,0,0,0,0
274,A,274,0.0011217419523745775,0.0725131407380104,nan,nan,512,0,0.0011217419523745775,0.0725131407380104,all_rows,512,0,0.0016085173701867461,0.0216796875,-0.002634871145710349,0.0026196766179054976,0.10890282498439774,893c0fbace96ac01dc5a33b04a40b016:0:0,0e0782e4167e2e71bbc55353892fa516:0:0,3af8acf3712a74cd56426159f092f7b4:0:0,964848ad358bbe1df1b87d99be3e65e9:0:2757603039,edc6c8e5e531cd73680b959d25b391ff:0:3115036440,10,1.0,0,0,0,0,0,0,512,0,0,512,0,0,245,0,0,267,0,0,512,1.0177769660949707,52.14445495605469,0,0,0,0
275,A,275,-0.0010887391399592161,0.0752590224146843,nan,nan,512,0,-0.0010887391399592161,0.0752590224146843,all_rows,512,0,0.005815478507429361,0.0515625,-0.0022429370321333407,0.0028231160365976395,0.109068056975957,3016a5a766369376fdca500477a1a416:0:0,56356bf167cc4fde292119d558d1bd5e:0:0,9cfc02aa9b8a34974b6e56b97521d3c9:0:0,99e9f0f6a5af877382a7a476628c21e9:0:52203162,cc7eb3c80f1a14130e37c23111c80502:1:775889882,10,1.0,0,0,0,0,0,0,512,0,0,512,0,0,261,0,0,251,0,0,512,1.0225509405136108,52.182674407958984,0,0,0,0
276,A,276,0.005331133957952261,0.08214852958917618,nan,nan,512,0,0.005331133957952261,0.08214852958917618,all_rows,512,0,0.006744074635207653,0.036328125,-0.0018310624174773694,0.0033685547998175023,0.10583358397707343,71e11687a342d7bd2cf91d90a1c29816:0:0,ef38655b4a05e7d396028b849d28085f:0:0,051fcb13adb9b29183af3bd89fd8b35b:0:0,29a4a060f3d7347047e9aa756f19dde9:0:1717277506,6be5025fbeb09a80ef44b1831ae1343f:0:342601697,10,1.0,0,0,0,0,0,0,512,0,0,512,0,0,260,0,0,252,0,0,512,1.079511046409607,51.74003982543945,0,0,0,0
277,A,277,0.006250198930501938,0.07772945612668991,nan,nan,512,0,0.006250198930501938,0.07772945612668991,all_rows,512,0,0.0038028801791369915,0.0650390625,-0.0031177372206002475,0.0030189616605639457,0.10680685797706246,f11202c8e020851617552fc8c8a38c16:0:0,d8b947ccabc9dfe356afcd909f4a59a3:0:0,b61e71824d4885b2162e82156683ed0f:0:0,2ed8623d64c90c485799b0d2e3e799e9:0:3022989370,309a94aa73da8f3d3df39659025a94f9:1:3158365840,10,1.0,0,0,0,0,0,0,512,0,0,512,0,0,238,0,0,274,0,0,512,1.0835906267166138,51.395450592041016,0,0,0,0
278,A,278,-0.007314503658562899,0.08247104287147522,nan,nan,512,0,-0.007314503658562899,0.08247104287147522,all_rows,512,0,0.0040919966995716095,0.0806640625,-0.001269165612757206,0.0033925469615496695,0.10448247299063951,81cb6dd3d44d35143ca1da20ec448016:0:0,7f0ab2ac25c220b6ad63ba6b6f31e327:0:0,6a841f6fcc1c622a1e47e59edaf1319e:0:0,1a29dc91513a6f34498318cac0f555e9:0:1968089873,62a21c63cc1d40ccbe4e4a0183e3badb:1:4277802972,10,1.0,0,0,0,0,0,0,512,0,0,512,0,0,238,0,0,274,0,0,512,1.124800443649292,50.72838592529297,0,0,0,0
279,A,279,0.00974142923951149,0.08351694047451019,nan,nan,512,0,0.00974142923951149,0.08351694047451019,all_rows,512,0,0.0035548019222915173,0.0291015625,0.00048074591904878616,0.0034351957030594347,0.12253897299524397,1dad4f56d21ebb30e2f7300d0ca57416:0:0,65fcecb568be05f66758bf1a87d0d8ed:0:0,7b2a67b579d62897e3bc227ef3873a82:0:0,c3a6d60ebb6f6255f3218399064311e9:0:1436007724,3ef26693af62f4bd6a944d2248578bae:1:4263946444,10,1.0,0,0,0,0,0,0,512,0,0,512,0,0,255,0,0,257,0,0,512,1.173417329788208,49.82840347290039,0,0,0,0
280,A,280,-0.0023796302266418934,0.06967676430940628,nan,nan,512,0,-0.0023796302266418934,0.06967676430940628,all_rows,512,0,0.0015325387939810753,0.0447265625,-0.004665930825285614,0.0024064797966275365,0.1301203320035711,7125a17de4527e220ac2050129c66816:0:0,1fbeffab50f53f75e64f85103d2076e7:0:0,9cfe2050cf914169424c7af07c4095a6:0:0,59338472292c13dd23a0d279b3d0cde9:0:4084781546,c16488afa2f2dcdb995ae9e44fda459e:1:1632365864,10,1.0,0,0,0,0,0,0,512,0,0,512,0,0,234,0,0,278,0,0,512,1.1736929416656494,48.799217224121094,0,0,0,0
281,A,281,-0.027702804654836655,0.08507950603961945,nan,nan,512,0,-0.027702804654836655,0.08507950603961945,all_rows,512,0,0.00767377158626914,0.1087890625,-0.0035705973859876394,0.0031400927691720426,0.10995873803040013,397fcbea33e07df062c3ec7143a75c16:0:0,c9da2b894cd937eb7b75a661bd90ee86:0:0,b3933d133073f3a58f04c3332bc2f842:0:0,6df38aea5a34576c5fdd26a8c99e89e9:0:1968951462,0ea6fa4c871220235d6c9c84045c5374:0:3933818073,10,1.0,0,0,0,0,0,0,512,0,0,512,0,0,265,0,0,247,0,0,512,1.1667522192001343,48.69157791137695,0,0,0,0
282,A,282,-0.003290705382823944,0.08421110361814499,nan,nan,512,0,-0.003290705382823944,0.08421110361814499,all_rows,512,0,0.005251196678727865,0.0556640625,-0.003001901227980852,0.003529883362352848,0.10517985600745305,cc9adb3ede8606cd3c1339d15a485016:0:0,d771f329a5269d19a6d5ed44fc8b88e6:0:0,2bec5a2d2ac5b94239de4d1638752f22:0:0,25e7436eb3951abd9e62e16247ac45e9:0:2858271441,49a68f839b53d0c308ac13d118ad793f:1:2860453954,10,1.0,0,0,0,0,0,0,512,0,0,512,0,0,252,0,0,260,0,0,512,1.121774673461914,49.4806022644043,0,0,0,0
283,A,283,-0.001974977320060134,0.08162780106067657,nan,nan,512,0,-0.001974977320060134,0.08162780106067657,all_rows,512,0,0.0051588378846645355,0.071875,-0.0033516429364681246,0.0032587604830041526,0.14365404500858858,4bde791e267c10a87e1b00956da94416:0:0,1a8165fd6e964bd4826c42a2f251f19a:0:0,ae8119abc66ea3850b281fd6177de4cb:0:0,34b75d2977f3d287036ea3e22dfa01e9:0:2607922895,91b98efb76a462facf23750656da0a32:1:3523733132,10,1.0,0,0,0,0,0,0,512,0,0,512,0,0,267,0,0,245,0,0,512,1.1085870265960693,49.73265838623047,0,0,0,0
284,A,284,-0.002637653611600399,0.07405468076467514,nan,nan,512,0,-0.002637653611600399,0.07405468076467514,all_rows,512,0,0.001576680806465447,0.01953125,-0.00014415307668969035,0.0027431491995230316,0.14341570099350065,90821076a3cd4b869a9b14317dca3816:0:0,4d131806b72e09fdbf90d9f6c249625b:0:0,b189cc0416ad8a208d8bb4f4da4ca817:0:0,7de6055b251fdf9f9ced4f647c87bde9:0:3006317805,5b7faf60d7e19e21d6cd0c7a7d16f86a:1:3717803574,10,1.0,0,0,0,0,0,0,512,0,0,512,0,0,270,0,0,242,0,0,512,1.0624701976776123,50.031578063964844,0,0,0,0
285,A,285,-0.003422851674258709,0.07168726623058319,nan,nan,512,0,-0.003422851674258709,0.07168726623058319,all_rows,512,0,0.004023334942758083,0.0623046875,-0.005426352960057557,0.002552912465762347,0.14272378699388355,2c3ff604dfbfd89681a808198aab2c16:0:0,52c59dbdd93ed133a1a7a58a7162f9b0:0:0,1aa252d74ffbce65ee0ae2915835c84c:0:0,1f95b75c8f21ec641e7c0525335579e9:0:436458340,bfc1dcba61d697377b773d504210aeb9:1:3285469068,10,1.0,0,0,0,0,0,0,512,0,0,512,0,0,259,0,0,253,0,0,512,1.0944615602493286,49.70180892944336,0,0,0,0
286,A,286,-0.0011975329834967852,0.06589649617671967,nan,nan,512,0,-0.0011975329834967852,0.06589649617671967,all_rows,512,0,0.007786830887198448,0.0708984375,-0.0023396236822009085,0.002172281197272241,0.14367549802409485,43dfccf282c6b00795ab2fc1944c2016:0:0,f37dc81197531dbfb7c802c89530a493:0:0,83058095298b3b62a9b6e61619197091:0:0,180a73a59105425b9d682660526335e9:0:3390409047,c8630b1a519e730da2c304089ebdedc3:1:63222728,10,1.0,0,0,0,0,0,0,512,0,0,512,0,0,235,0,0,277,0,0,512,1.121276617050171,48.55473709106445,0,0,0,0
287,A,287,-0.002725363941863179,0.07470415532588959,nan,nan,512,0,-0.002725363941863179,0.07470415532588959,all_rows,512,0,0.015151492320001125,0.1193359375,0.0021151202265173195,0.002742461604066193,0.14482262794626877,ed5fb380fd6eb39f9f629e9d9aad1416:0:0,6dc9bea302e945a4c1f6bc0f478827eb:0:0,873cda8d575e478caa4db9a364a8d763:0:0,113a7cfe6b97181c4caf5451d9b0f1e9:0:1440305802,98bae02f82e90c012017e06db3019fa8:0:147300942,10,1.0,0,0,0,0,0,0,512,0,0,512,0,0,262,0,0,250,0,0,512,1.0450748205184937,48.94710922241211,0,0,0,0
288,A,288,0.0019040489569306374,0.07479328662157059,nan,nan,512,0,0.0019040489569306374,0.07479328662157059,all_rows,512,0,0.003214603755623102,0.04765625,-0.003808524669148028,0.0027903444366529583,0.14985165803227574,76ab0bb254bb6e10c1e128219dce0816:0:0,d24b3c5761c69c1fe94991ecc655e680:0:0,2087bae2651c774bf8cca2f0fa6ad9b5:0:0,b56fd6422a57d77038ff7035c93eade9:0:868162379,edac4fef272b77c3faf33441001396b4:0:3958339012,10,1.0,0,0,0,0,0,0,512,0,0,512,0,0,272,0,0,240,0,0,512,0.9991317987442017,50.298675537109375,2,0,0,0
289,A,289,-0.0010396323632448912,0.07185883820056915,nan,nan,512,0,-0.0010396323632448912,0.07185883820056915,all_rows,512,0,0.001541253412142396,0.0978515625,0.00039215798024088143,0.002569844014942646,0.11854930903064087,e87fefe77a677f0f6e8e5fc19daefc16:0:0,11cb6de1fc6c88f31f8c868a1a60f4f1:0:0,d03ce13f82d40319972cf6171e61e423:0:0,cc639258a6da5bba04b69b48210c69e9:0:2703364346,9ae4a8fa12b8e8f0a82d55db7b63bc6c:1:2242342226,10,1.0,0,0,0,0,0,0,512,0,0,512,0,0,256,0,0,256,0,0,512,0.9833348989486694,50.568050384521484,1,0,0,0
290,A,290,0.003291467437520623,0.07061081379652023,nan,nan,512,0,0.003291467437520623,0.07061081379652023,all_rows,512,0,0.0025172741152346134,0.037109375,-0.002921492513269186,0.0024549160385504364,0.10492055403301492,98219370597cb428592698f19a4ff016:0:0,6c95e1c16f317e1c26c418469e9fb413:0:0,ba6260377ac10986a2ba85eb66a3c28e:0:0,c99f9b4f02cd2899a3e336c4e11a25e9:0:727906549,27aa6c6a71072e1223db740473856fc8:0:3976345740,10,1.0,0,0,0,0,0,0,512,0,0,512,0,0,255,0,0,257,0,0,512,0.9967913031578064,50.711212158203125,2,0,0,0
291,A,291,-0.003493847791105509,0.06808113306760788,nan,nan,512,0,-0.003493847791105509,0.06808113306760788,all_rows,512,0,0.004005046561360359,0.0703125,-0.006674755411222577,0.002313446759944782,0.10517492098733783,067df30e7fb7ce566bbae72593b0e416:0:0,b293ce02dd8491311f1c0bd495739eb1:0:0,a5dae9dad2eae6d967548304fa5309c9:0:0,f392e4b5b0e998d11843e3e80967e1e9:0:3171972571,5fffd42867bfe6db7f2afed111f0b449:1:2661622849,10,1.0,0,0,0,0,0,0,512,0,0,512,0,0,242,0,0,270,0,0,512,1.0072628259658813,49.8310432434082,0,0,0,0
292,A,292,0.0055392952635884285,0.07651235163211823,nan,nan,512,0,0.0055392952635884285,0.07651235163211823,all_rows,512,0,0.008384897373616695,0.0638671875,-0.0008943809662014246,0.002890239981934428,0.1052756899734959,014051700c2bf458bab11dd189d1d816:0:0,9d081b71cab5b9378530ced49fe6fc00:0:0,ad3434361dd954d9c772483b625c4529:0:0,66df08ab650505692d4783ed99f59de9:0:2018263077,b4d8566d2c6c3193b8e0e46ecc6d8915:1:2417950733,10,1.0,0,0,0,0,0,0,512,0,0,512,0,0,268,0,0,244,0,0,512,0.9729376435279846,49.81520080566406,3,0,0,0
293,A,293,-0.003661548253148794,0.08382662385702133,nan,nan,512,0,-0.003661548253148794,0.08382662385702133,all_rows,512,0,0.004442339763045311,0.0439453125,-0.0025770061649382113,0.003507165692280978,0.10940663499059156,56a807ad4b99d1c878c3d0697cb2cc16:0:0,51c62d6e6ad987e0e919e3417021f857:0:0,de9ac5486fa9cb303ab3de299710c3a7:0:0,7b3d163c837fe516340d381192c359e9:0:1190327293,4bdf985a5d85599304306f321ba44c9c:1:1162073083,10,1.0,0,0,0,0,0,0,512,0,0,512,0,0,257,0,0,255,0,0,512,0.9346076846122742,50.36552429199219,10,0,0,0
294,A,294,-0.00036971457302570343,0.06668085604906082,nan,nan,512,0,-0.00036971457302570343,0.06668085604906082,all_rows,512,0,0.0034666485153138638,0.0267578125,-0.0004506852477788925,0.0022250371519476177,0.10818031401140615,cca431d82aee62eeeb0252616c53c016:0:0,8d5cc8709739571ca23b647a7f3fc393:0:0,64b63ca9efec8776b0e5d00149fe5b6f:0:0,ff29dafee84ee3dcbf64618ff3d115e9:0:2157672162,a6a6781293b6e2440311dbe65631aa85:0:4200776612,10,1.0,0,0,0,0,0,0,512,0,0,512,0,0,254,0,0,258,0,0,512,1.0135468244552612,49.777164459228516,0,0,0,0
295,A,295,0.0010175229981541634,0.07148857414722443,nan,nan,512,0,0.0010175229981541634,0.07148857414722443,all_rows,512,0,0.005301490426063538,0.028125,-0.0014552084729075431,0.0025466326042078435,0.10614331299439073,cb68b3b1685d6d5b5cd0b72d58b4b416:0:0,5f71d9081ccbe5136f16c6e1f84b6f73:0:0,ca3f0911e5110e61ff2c5b688ef820a1:0:0,e59831121dd9f2f65fcca1a4bd1ed1e9:0:709385040,2cbe7467e42d55cd64ef7744968ecc57:1:860424736,10,1.0,0,0,0,0,0,0,512,0,0,512,0,0,251,0,0,261,0,0,512,1.0163142681121826,49.2336311340332,0,0,0,0
296,A,296,-0.007946319878101349,0.07066049426794052,nan,nan,512,0,-0.007946319878101349,0.07066049426794052,all_rows,512,0,0.00854574702680111,0.0826171875,0.004265240393579006,0.002469052653759718,0.10898235999047756,a82ff99c2b8ba53913e7d24141d5a816:0:0,7133ff7e99e1dc9b57aace86af9b6b3e:0:0,bd1e577154de3783bc0cbe9a530f625f:0:0,e571d5ec5bed50f65f75d98beeac8de9:0:33960922,5e63f235a9dc8d5572dbdd093aa15910:0:4222126681,10,1.0,0,0,0,0,0,0,512,0,0,512,0,0,251,0,0,261,0,0,512,1.0594967603683472,48.185157775878906,0,0,0,0
297,A,297,0.002772321691736579,0.06750417500734329,nan,nan,512,0,0.002772321691736579,0.06750417500734329,all_rows,512,0,0.0012043871683999896,0.0728515625,-0.0042533999076113105,0.0021280610002577306,0.10411454999120906,12e6b5ed6d3c7f654455371127b69c16:0:0,c4a1bff4246b00d21807ee78cfd51bb6:0:0,f4d680d666ede4aeb804ea3d4fde7d57:0:0,b5f5059ce6f88a2e7e402a81887a49e9:0:2028696598,de56b8376e82caf73c07aedb68d6e41f:1:2720913420,10,1.0,0,0,0,0,0,0,512,0,0,512,0,0,242,0,0,270,0,0,512,1.102779746055603,46.78330993652344,0,0,0,0
298,A,298,0.002623125910758972,0.06880845129489899,nan,nan,512,0,0.002623125910758972,0.06880845129489899,all_rows,512,0,0.020392902195453644,0.0505859375,0.001673984876833856,0.0023557930486276745,0.10441037802956998,35d3aab956f7b045047b39110a579016:0:0,73b0379473131fc6ebb7135d1c1af489:0:0,4b9fcda1f6d1a3d86d245d0d1bf24070:0:0,8d3e896ca7d77153adbbf5c18a8805e9:0:2779508375,76e906296ae630e8b5ef2865783f9ece:0:2530046262,10,1.0,0,0,0,0,0,0,512,0,0,512,0,0,243,0,0,269,0,0,512,1.0998048782348633,47.022308349609375,0,0,0,0
299,A,299,0.005551209673285484,0.07144287973642349,nan,nan,512,0,0.005551209673285484,0.07144287973642349,all_rows,512,0,0.006058973725885153,0.04765625,-0.0024994480423629283,0.0025439675140660257,0.10417085100198165,f5ad5445831a575b4110ebb4e9b88416:0:0,b8e9129f015424064f42ce5dc17e77ec:0:0,a8967b0cfa1089034ee2376f380a82e2:0:0,d7cd180614611062cd29dc87f4d5c1e9:0:639897349,6fe2e2d31be8f3d1ab465fd1d5ee5313:1:3235125336,10,1.0,0,0,0,0,0,0,512,0,0,512,0,0,241,0,0,271,0,0,512,1.0628622770309448,45.64493942260742,0,0,0,0
300,A,300,0.0023393528535962105,0.07622294127941132,nan,nan,512,0,0.0023393528535962105,0.07622294127941132,all_rows,512,0,0.0014856556663289666,0.0501953125,-0.0007352220360189677,0.0028994486085139213,0.15214884403394535,cfba004bc5c7d79eb1222270c5d97816:0:0,47ed9ef245c539cc2bc9e1771952c64b:0:0,7d74184479d89195ea5e199a0727fa77:0:0,50c3d08dc0f891c5657ac010c7637de9:0:3200435035,bff33f50a6b9a25bada37736d127f5f1:0:2429349692,10,1.0,0,0,0,0,0,0,512,0,0,512,0,0,258,0,0,254,0,0,512,1.0016494989395142,46.130096435546875,0,0,0,0
301,A,301,0.004393016919493675,0.0741921216249466,nan,nan,512,0,0.004393016919493675,0.0741921216249466,all_rows,512,0,0.01190185733139515,0.0552734375,0.002826323825865984,0.0024961027782410385,0.14220218500122428,6f4c8a3de72e5c8fca0f70b89eba6c16:0:0,8bf6091d79b837be7a3b8886f4a6031e:0:0,66862f68e89ee46097e5bc89195d6d56:0:0,3b664155335c21b6654fc198023139e9:0:1635612838,6801b398a2dc1628af3707b42737c920:0:2063057457,10,1.0,0,0,0,0,0,0,512,0,0,512,0,0,234,0,0,278,0,0,512,0.9764487743377686,45.71640396118164,6,0,0,0
302,A,302,0.002597196027636528,0.07640793919563293,nan,nan,512,0,0.002597196027636528,0.07640793919563293,all_rows,512,0,0.0011543107684701681,0.0626953125,-0.0016325023490935564,0.0028665614663623273,0.14142093498958275,98f094bf77930c0eb38e2a00745b6016:0:0,c6042d6c456f9e1cd8a1b988f5804999:0:0,39bf5a21581c68ac7b06fe91c32b25f1:0:0,06f8ce11ceedc7e6dcfa4259a53ef5e9:0:3976283684,9ecbb30313095feaab4ef796b90429d2:0:726932204,10,1.0,0,0,0,0,0,0,512,0,0,512,0,0,265,0,0,247,0,0,512,1.1076099872589111,44.64756774902344,0,0,0,0
303,A,303,-0.00037887529470026493,0.0664803758263588,nan,nan,512,0,-0.00037887529470026493,0.0664803758263588,all_rows,512,0,0.0011263327905908227,0.098828125,-0.004540584655478597,0.0021519901172723623,0.14158193301409483,d4a4ac8fa599e4f13ba861bc46bc5416:0:0,7ac795d1663a50f0448706e3cc925bb2:0:0,a58b5cd2baa2d3ef7f8fe8dfedf919f9:0:0,a71c68c1f2b23962ba7be391b08cb1e9:0:2820742980,5e6883e37fea427f1f1fbde3d6685866:1:70529666,10,1.0,0,0,0,0,0,0,512,0,0,512,0,0,260,0,0,252,0,0,512,1.0821099281311035,44.81277847290039,0,0,0,0
304,A,304,0.003104128409177065,0.06832584738731384,nan,nan,512,0,0.003104128409177065,0.06832584738731384,all_rows,512,0,0.002648710273206234,0.097265625,-0.009142119204625487,0.0023215392895508556,0.1472989049507305,ae574921bf3d4a58cabceb6015dd4816:0:0,9450363d25e275397ceb97db14e650e9:0:0,193b4a07ccdc0827db54f94bb149ac65:0:0,ec246baaa141a2b58586867c241a6de9:0:878557904,db0bb316331bd8b171a8e34a0b11abea:0:2369876192,10,1.0,0,0,0,0,0,0,512,0,0,512,0,0,257,0,0,255,0,0,512,1.0854486227035522,44.83985900878906,0,0,0,0
305,A,305,-0.0068326108157634735,0.06703303754329681,nan,nan,512,0,-0.0068326108157634735,0.06703303754329681,all_rows,512,0,0.004527528304606676,0.058203125,-0.00454517574980855,0.002215170953422785,0.14783757703844458,d13d1b27c5e93bc8577f5a5fe1be3c16:0:0,52ebb589b460c106d63e7e0664194253:0:0,cd9d55745bc24a884a5082becebdf7ac:0:0,b108fa184ae66a4f1b7c4c54ffe829e9:0:1691046116,94508eeac52e016aec682be52e121124:0:2136596610,10,1.0,0,0,0,0,0,0,512,0,0,512,0,0,253,0,0,259,0,0,512,1.0996835231781006,45.22245407104492,0,0,0,0
306,A,306,-0.0027009393088519573,0.07049637287855148,nan,nan,512,0,-0.0027009393088519573,0.07049637287855148,all_rows,512,0,0.006402101367712021,0.09609375,-0.0060539434663951395,0.0024803153821267186,0.10866357001941651,0c4389573e2e39fa5af8022faa5f3016:0:0,49ac1a3ce275fceb489187dc939bae3d:0:0,e8fbb10ff23e44ee40fe10ffa85264fd:0:0,4fb7a0cd9225eb286b6f965843f5e5e9:0:30942363,4392e5d1d146153ce31481fc6b1be077:0:4115374214,10,1.0,0,0,0,0,0,0,512,0,0,512,0,0,246,0,0,266,0,0,512,1.0148191452026367,45.768280029296875,0,0,0,0
307,A,307,0.0021421248093247414,0.07074892520904541,nan,nan,512,0,0.0021421248093247414,0.07074892520904541,all_rows,512,0,0.008743413724005222,0.06015625,-0.0027089184150099754,0.002507590624736622,0.10526598704745993,d0999fb5237fd876c483f6436fc02416:0:0,ddeb6ecd848c6470fb94cd8dd0b9e668:0:0,12b7e576e7de99f61d8523e5b08e2a96:0:0,00defe4b22ef27a8322305c1f043a1e9:0:855505802,ed9d49bab00dc307ce31c77b35ace459:0:1972492336,10,1.0,0,0,0,0,0,0,512,0,0,512,0,0,270,0,0,242,0,0,512,0.9485558867454529,45.6820068359375,6,0,0,0
308,A,308,-0.007369442842900753,0.06475241482257843,nan,nan,512,0,-0.007369442842900753,0.06475241482257843,all_rows,512,0,0.005380900576710701,0.0791015625,-0.005068866466172039,0.0020174511533696204,0.10510869201971218,53cc0dbaa872fbe8edd50a0f31e11816:0:0,e2d2e3fa39dfee41aed0b7b8591a6a97:0:0,1273e6a95e5b6239b5adef603795aa8b:0:0,2229065bf4ab74c7b6097bce04d15de9:0:781459581,211bbd85719d44cec7dfd7feedd0e920:0:4008100970,10,1.0,0,0,0,0,0,0,512,0,0,512,0,0,236,0,0,276,0,0,512,0.905250608921051,46.75795364379883,8,0,0,0
309,A,309,0.004035798832774162,0.07507359981536865,nan,nan,512,0,0.004035798832774162,0.07507359981536865,all_rows,512,0,0.003909735940396786,0.01953125,-0.0023438390460796656,0.0028008977533318102,0.10499324800912291,89fe1ba92befc5358ef1d106f0c20c16:0:0,ba1ec096d5cc2330ff26ea9ac5f0c992:0:0,99db8ff154fa0a33b37fc15d00f40991:0:0,5d69fb918f6d1d77834619b8819f19e9:0:3825810876,00fc2fbde0ca59d157edf239f4729a71:1:1460788612,10,1.0,0,0,0,0,0,0,512,0,0,512,0,0,246,0,0,266,0,0,512,0.888729989528656,47.46990203857422,13,0,0,0
310,A,310,-0.00042463321005925536,0.06536976993083954,nan,nan,512,0,-0.00042463321005925536,0.06536976993083954,all_rows,512,0,0.001260510180145502,0.053125,-0.0005803801584988832,0.0020743986067827793,0.1071810299763456,0721bf688bcb2950b2359e9eac630016:0:0,165391d897d6ce4ac068f3f510475db3:0:0,571819c3249ad5e92b74fc91cf930f4b:0:0,dcd87c9c2c77fe4427ac40bd66acd5e9:0:3900195477,59d11ee92caf12ca483792471fc7e62a:1:2748547143,10,1.0,0,0,0,0,0,0,512,0,0,512,0,0,237,0,0,275,0,0,512,0.8795344233512878,47.811973571777344,14,0,0,0
311,A,311,-0.006787081249058247,0.07081476598978043,nan,nan,512,0,-0.006787081249058247,0.07081476598978043,all_rows,512,0,0.003822052152827382,0.0353515625,-0.003205208107829094,0.002394090412417427,0.10495753801660612,dc742d4fbd3c35d3a850864a64c3f416:0:0,d95abeb09dd0514f5c2165c825b713ba:0:0,4a60f0362397e54201a5c3b2743c77ff:0:0,a42d02aaca60193aeebf9218b3fa91e9:0:1497156932,45378beb591a9fddf8768c253556bda8:1:289070752,10,1.0,0,0,0,0,0,0,512,0,0,512,0,0,243,0,0,269,0,0,512,0.9101336598396301,48.036399841308594,11,0,0,0
312,A,312,0.008821914903819561,0.05876757577061653,nan,nan,512,0,0.008821914903819561,0.05876757577061653,all_rows,512,0,0.0032303407788276672,0.048046875,-0.0032568212598562242,0.001720566750736907,0.1070643340353854,16b2693c53a10252fc475b7e19e4e816:0:0,1239d9a678cc7d2224895595ba16bdb5:0:0,afe73b2d71d4ab6dacff859ed7ac8eb0:0:0,54cce93f8cfa220e9db3ef0669884de9:0:2474589771,2ac84419e5ee49e9d98a7f7ac06fb656:1:4026323086,10,1.0,0,0,0,0,0,0,512,0,0,512,0,0,249,0,0,263,0,0,512,0.8370670676231384,47.562374114990234,20,0,0,0
313,A,313,-0.014446543529629707,0.06859384477138519,nan,nan,512,0,-0.014446543529629707,0.06859384477138519,all_rows,512,0,0.002065169159322977,0.0056640625,0.00039374865591526034,0.0022806575812865048,0.12027190194930881,f63278625e074e746773b1adcbc5dc16:0:0,99b13c5a29bf1a682e71ed6e1fbc693e:0:0,b194d873ebc3c20729eb8706421864c5:0:0,9c268f25015a027c2f6d78c2875609e9:0:3473676311,8a829a66dc5237951e2c73d22d947cc4:1:1014076116,10,1.0,0,0,0,0,0,0,512,0,0,512,0,0,255,0,0,257,0,0,512,0.8589363694190979,46.933677673339844,15,0,0,0
314,A,314,0.006818089634180069,0.0721202939748764,nan,nan,512,0,0.006818089634180069,0.0721202939748764,all_rows,512,0,0.005318400450050831,0.0798828125,-0.005650968104600906,0.0026123927673324943,0.10966903303051367,b111e442c3ecccc4c583dc4d7a66d016:0:0,6c3ee2df8adc794029cb9f1942207e9b:0:0,17bca8777553073d2f1286ec5dbc01fe:0:0,d76153711e1b56ef908090890d63c5e9:0:236961947,249fa71aa8abacd5f466055a12c6c753:1:3278404817,10,1.0,0,0,0,0,0,0,512,0,0,512,0,0,265,0,0,247,0,0,512,0.8539195656776428,46.63285446166992,10,0,0,0
315,A,315,6.526653305627406e-05,0.06338565796613693,nan,nan,512,0,6.526653305627406e-05,0.06338565796613693,all_rows,512,0,0.004304937552660704,0.0359375,-0.0008231114130467177,0.0019744749763049184,0.10777094203513116,e5b9433b09ab1a4e087aeed125c7c416:0:0,b52473fa6d27b006b80a3703f04e5a94:0:0,80f6fcd3c20466c487ce9de0ef9b937c:0:0,9ebd20c3182fe3685b31d795fbb181e9:0:2915515589,bdf60058d2b302b7923691fa6b072a5b:0:591754088,10,1.0,0,0,0,0,0,0,512,0,0,512,0,0,256,0,0,256,0,0,512,0.8481461405754089,46.402366638183594,17,0,0,0
316,A,316,-0.0014401363441720605,0.06464367359876633,nan,nan,512,0,-0.0014401363441720605,0.06464367359876633,all_rows,512,0,0.009347825311124325,0.06796875,0.002709031174890697,0.0020874814072158188,0.11341514298692346,35ce7326250362ed2cb0bcaccde8b816:0:0,7027f2718d9fce2b3efbf75532c23421:0:0,b0cffe35789c6d66c5e45f9b4f66c5d9:0:0,75b1e4296470009e93762f25523f3de9:0:2994334655,3039bf6022e509c06bdf08a2f558f484:1:3561340523,10,1.0,0,0,0,0,0,0,512,0,0,512,0,0,239,0,0,273,0,0,512,0.8555113673210144,45.70781326293945,10,0,0,0
317,A,317,0.0015729280421510339,0.06326011568307877,nan,nan,512,0,0.0015729280421510339,0.06326011568307877,all_rows,512,0,0.0014103129506111145,0.0328125,-0.0021117029478773474,0.001974263635929674,0.1486948219826445,2c141e8aca3db2682cd1d95472c9ac16:0:0,4fee702be2696733c38f0dc591f88406:0:0,8e3e74e55feb73acc37cd66af62dba45:0:0,534fb45d7e29016762f2b873110cf9e9:0:1602806555,9deefcbf49d7f96aa4d4249b439cdaa3:0:1209308743,10,1.0,0,0,0,0,0,0,512,0,0,512,0,0,255,0,0,257,0,0,512,0.8812741637229919,46.17874526977539,8,0,0,0
318,A,318,-0.00472588324919343,0.07147010415792465,nan,nan,512,0,-0.00472588324919343,0.07147010415792465,all_rows,512,0,0.002500158501788974,0.0736328125,-0.0005191166885197163,0.0025550255086272955,0.14179353200597689,ef6504d85a4ff243f5df983c146aa016:0:0,d3b46a2a779c5b4acd5eb35978284e2f:0:0,a3cdcdb02874f1ea756ed6404c0492f2:0:0,a0cc91434ae59059d4fcd4bb381ab5e9:0:4168285989,8d4777ba95b1250ece99bc0e4274e7b2:0:2599991383,10,1.0,0,0,0,0,0,0,512,0,0,512,0,0,261,0,0,251,0,0,512,0.8495140671730042,45.862159729003906,14,0,0,0
319,A,319,0.008573931641876698,0.06821157038211823,nan,nan,512,0,0.008573931641876698,0.06821157038211823,all_rows,512,0,0.003483102424070239,0.0470703125,-0.0034320410806685684,0.0022905212303157897,0.14328350900905207,b6b452385a80945a5b300cd7b2cb9416:0:0,5c0aab450060a5dfed91ac03cace21b2:0:0,e47bea7ffb31f9c2afcd3f43bafcd6dd:0:0,32d482da33ac05b3929a2539c76871e9:0:1168770282,3485313b50335e5c436d9226d2bbde80:1:115588933,10,1.0,0,0,0,0,0,0,512,0,0,512,0,0,266,0,0,246,0,0,512,0.8258169889450073,45.74579620361328,18,0,0,0
320,A,320,-0.0073267752304673195,0.06747499853372574,nan,nan,512,0,-0.0073267752304673195,0.06747499853372574,all_rows,512,0,0.006556995678693056,0.0544921875,0.0012537388131022454,0.002286034869030118,0.14582813100423664,d2821b7f1df8ea300a6e0a9b4dec8816:0:0,a1b7432fe788e30bb2170c7cfff9d043:0:0,3d2c69fcaaa13018728bea9818b8658f:0:0,2d547a0e4beeb57d9e808b2abef62de9:0:311851678,91b7424f524a00c00ccc400e17295161:1:341194010,10,1.0,0,0,0,0,0,0,512,0,0,512,0,0,255,0,0,257,0,0,512,0.8505792021751404,46.295616149902344,22,0,0,0
321,A,321,0.01462098490446806,0.07741773873567581,nan,nan,512,0,0.01462098490446806,0.07741773873567581,all_rows,512,0,0.004984154831618071,0.0234375,0.0006633342709392309,0.003012466267682612,0.14619433297775686,cc43cecb09bb290a7f9924fae5cd7c16:0:0,238c20fdc74e8cc2a0f6ed8d879e331d:0:0,041e427f0d01578741027246328f2657:0:0,3957ad181e6a35f1111627ca1ec3e9e9:0:1885380870,cf3e454eeb4ac398cc684bfaa5509c6b:1:3252062659,10,1.0,0,0,0,0,0,0,512,0,0,512,0,0,247,0,0,265,0,0,512,0.8448643684387207,45.79573440551758,29,0,0,0
322,A,322,0.01628650166094303,0.07590072602033615,nan,nan,512,0,0.01628650166094303,0.07590072602033615,all_rows,512,0,0.00966799259185791,0.091015625,-0.005074944254010916,0.002784436155343428,0.14378905901685357,f09c19669b701ac5f905af6a7a6e7016:0:0,f0d0213f8fab56a7471b70157d461bf9:0:0,48ae888ab2ebc023d2716aa0367aa33a:0:0,816a3c59f82d9e1bd4715c53e6d1a5e9:0:519846898,1ddeead91728adbfc2af268b0e5f0f4c:0:3888047000,10,1.0,0,0,0,0,0,0,512,0,0,512,0,0,283,0,0,229,0,0,512,0.7775071263313293,46.844242095947266,17,0,0,0
323,A,323,-0.017807580530643463,0.0814368799328804,nan,nan,512,0,-0.017807580530643463,0.0814368799328804,all_rows,512,0,0.0043884520418941975,0.0298828125,5.117000546306372e-05,0.003146175085566938,0.10521906398935243,f2a467861b807b6b6b5cbd5e0bcf6416:0:0,5661f02293a8cc45c2878e6ce2ffd32a:0:0,2f953a135404c2d88424e8b9c30efc5d:0:0,130abbe9ca08bcc56058ca04171f61e9:0:3342149406,e381ece974501721b91da23b4f01226f:0:2622411323,10,1.0,0,0,0,0,0,0,512,0,0,512,0,0,267,0,0,245,0,0,512,0.8353319764137268,46.824798583984375,24,0,0,0
324,A,324,0.010951049625873566,0.07695171982049942,nan,nan,512,0,0.010951049625873566,0.07695171982049942,all_rows,512,0,0.0031774695962667465,0.087109375,-0.0024837403325363994,0.002935061743482947,0.10666418401524425,91bbba7ea2ee0386759c224999f05816:0:0,62ecb945c2aa54b2fc72c99ef29abd2d:0:0,88e883d03116b01dc26c57dcd654753f:0:0,1346c936f89c479376435216afad1de9:0:2790283698,da91239e4890a0e7b40e93328b311f1e:0:2126689038,10,1.0,0,0,0,0,0,0,512,0,0,512,0,0,248,0,0,264,0,0,512,0.7877667546272278,47.96868896484375,37,0,0,0
325,A,325,-0.001493758289143443,0.08072232455015182,nan,nan,512,0,-0.001493758289143443,0.08072232455015182,all_rows,512,0,0.0033712107688188553,0.0306640625,-0.0015029485803097486,0.003223300515674055,0.10785538103664294,a50b1e18dd601f3b551671a124d14c16:0:0,33cb514902e781a265d1beda7fb5b21a:0:0,6ec16b7fd6a90ffe254b809aeb3b24f0:0:0,31ed1b7bb348026edd5815c7b07ad9e9:0:3095317328,6966cb4a772a1d71c88afe20c6f567e6:0:2011080168,10,1.0,0,0,0,0,0,0,512,0,0,512,0,0,265,0,0,247,0,0,512,0.7597964406013489,48.524444580078125,40,0,0,0
326,A,326,-0.0029202881269156933,0.07697045058012009,nan,nan,512,0,-0.0029202881269156933,0.07697045058012009,all_rows,512,0,0.006447752937674522,0.0681640625,-0.004642535373568535,0.002961058937944472,0.10892373701790348,04f785a6afd8521cd972fed8ac724016:0:0,6ca7b44fff3a628f59bf0f06e5a63ca8:0:0,8895352516b566259bc38b0ab31ba4c7:0:0,7a0980e9aa32df281e6e7653198895e9:0:3471387397,5de89b40f5aa333f06446d7fa7f5e77c:1:3215492791,10,1.0,0,0,0,0,0,0,512,0,0,512,0,0,259,0,0,253,0,0,512,0.7274665236473083,49.29785919189453,38,0,0,0
327,A,327,-0.00493660056963563,0.07467733323574066,nan,nan,512,0,-0.00493660056963563,0.07467733323574066,all_rows,512,0,0.007873407565057278,0.0544921875,-0.0034009323921054603,0.0027922331006266176,0.10477535997051746,d7cb4d87ac8247c258addd6430d33416:0:0,3deff71340d73d824467505dd66e4bd7:0:0,b22aadb221a8b2fa83e49707931a5b3d:0:0,8fe4f9c23ba9155c400e14f4ead651e9:0:3660572822,16ad8dd4bac1b17ee50a6fb503bf5834:1:1469923091,10,1.0,0,0,0,0,0,0,512,0,0,512,0,0,253,0,0,259,0,0,512,0.7367701530456543,50.498600006103516,26,0,0,0
328,A,328,-0.005450142081826925,0.07372437417507172,nan,nan,512,0,-0.005450142081826925,0.07372437417507172,all_rows,512,0,0.004692487418651581,0.067578125,-0.005281068990007043,0.0026966653065755965,0.10532718797912821,28bf05ccfc13911da317e0b7b1f42816:0:0,0806e49d052c902e607eed627b8647bf:0:0,44b19daf5ed8eabbf9beac05bd6db58e:0:0,24c59dca710c3299826ed2e924640de9:0:3092469159,f09808d808f006f9519125088d53c779:1:278060296,10,1.0,0,0,0,0,0,0,512,0,0,512,0,0,266,0,0,246,0,0,512,0.7960364818572998,49.983619689941406,49,0,0,0
329,A,329,-0.0017904028063639998,0.07261832058429718,nan,nan,512,0,-0.0017904028063639998,0.07261832058429718,all_rows,512,0,0.0038305153138935566,0.0767578125,-0.0044508864870294925,0.0026327859493903817,0.10785363899776712,c3f186b2252f0e90f7569c472fd51c16:0:0,547048882bc87e708de9286f2de9747b:0:0,974dc71eef8f9c7cce24f598bee3f1aa:0:0,6f672fcb639122c41b78d16bc631c9e9:0:3021825454,1c287782b1b532c96ebb05e12a57f4cf:1:216344292,10,1.0,0,0,0,0,0,0,512,0,0,512,0,0,251,0,0,261,0,0,512,0.7712270617485046,50.291202545166016,42,0,0,0
330,A,330,0.0026047376450151205,0.07575330138206482,nan,nan,512,0,0.0026047376450151205,0.07575330138206482,all_rows,512,0,0.006207463331520557,0.0537109375,-0.005207494972273708,0.002860793238505721,0.10844588099280372,73929fa4da4006c4f6646386aa761016:0:0,d13040b628061c40884f9cc6f65ab977:0:0,efb62cf757ef02f576233bfb1a460564:0:0,55de360fe10830baf2c471b8d03f85e9:0:3182075192,e2f6571449bd481067d5feea97d99ff4:0:598343390,10,1.0,0,0,0,0,0,0,512,0,0,512,0,0,254,0,0,258,0,0,512,0.7631211876869202,49.9648551940918,33,0,0,0
331,A,331,-0.0004160445532761514,0.07497691363096237,nan,nan,512,0,-0.0004160445532761514,0.07497691363096237,all_rows,512,0,0.0017622762825340033,0.06640625,-0.004077664576470852,0.0027936333674006162,0.10783720604376867,4741f59ab640ea3e979049ea21d70416:0:0,c18556e2cee1dbd52d9525667546743b:0:0,26e720f889acf264509350f7c1744ca2:0:0,328c1e1068eaff3c5d9a550c428d41e9:0:3981898084,1901141cacad1838618b6d926684c738:1:31599078,10,1.0,0,0,0,0,0,0,512,0,0,512,0,0,259,0,0,253,0,0,512,0.7141083478927612,49.47434997558594,29,0,0,0
332,A,332,0.012717992067337036,0.07337259501218796,nan,nan,512,0,0.012717992067337036,0.07337259501218796,all_rows,512,0,0.006920738145709038,0.04921875,-0.001824030512943864,0.0026294805807992815,0.10587574396049604,e32cdd7890e1c3b51c7e22e595f7f816:0:0,271725bb851a68f0a7ba05c60aa1fd37:0:0,04355800d87cdde69e9ccb3260807da5:0:0,423b5cbed9ec7a0adaf35ca21d1afde9:0:2279839944,3df3040f7194fe336621909f4f376a1d:1:677164965,10,1.0,0,0,0,0,0,0,512,0,0,512,0,0,249,0,0,263,0,0,512,0.7175030708312988,49.664337158203125,36,0,0,0
333,A,333,-0.007549458183348179,0.08033428341150284,nan,nan,512,0,-0.007549458183348179,0.08033428341150284,all_rows,512,0,0.005065138451755047,0.0671875,-0.00417841556482017,0.003164422104600817,0.11750916298478842,4d8a2b53d2825528052681ed06d8ec16:0:0,615f6941e81be1a5ed69a652865df51a:0:0,c42239d501a1486d6639826cac9a97a1:0:0,5da6a4236846bf51cf78a9b65fe8b9e9:0:1544384805,6668d3b6220bdbc4ab3a72dc0fa927b4:0:3514710118,10,1.0,0,0,0,0,0,0,512,0,0,512,0,0,268,0,0,244,0,0,512,0.7334268689155579,50.78521728515625,35,0,0,0
334,A,334,0.004986542277038097,0.06887751072645187,nan,nan,512,0,0.004986542277038097,0.06887751072645187,all_rows,512,0,0.005958416033536196,0.06796875,-0.004780704993754626,0.002363824471831322,0.1494616210111417,ab720f5af073e1b503d6ba747479e016:0:0,c4f118a2452cf7eb6b7f51f195d1b042:0:0,71e1cfc7a1917e20abe8868e0b83015f:0:0,2cd62a3cb503014a41839d850af675e9:0:2490215094,dd0280d3d638b446942e8daf536fad6c:0:1478162698,10,1.0,0,0,0,0,0,0,512,0,0,512,0,0,278,0,0,234,0,0,512,0.7409614324569702,51.52199172973633,39,0,0,0
335,A,335,0.0032979906536638737,0.06603685766458511,nan,nan,512,0,0.0032979906536638737,0.06603685766458511,all_rows,512,0,0.0002220252063125372,0.05078125,0.001889019599184394,0.0021827919699717313,0.1426099800155498,367a2d36f9f6a42df130dfefdedad416:0:0,5df99cdcdc482d7c1e37d0e24fabf6a9:0:0,eb2c5780a26cb95ac48998be13bf0811:0:0,0f219c551e77601f951dd94a1e4431e9:0:3544680611,61594ad9de80bf136cad073b18f1eb19:0:1901333005,10,1.0,0,0,0,0,0,0,512,0,0,512,0,0,237,0,0,275,0,0,512,0.7115703225135803,51.81944274902344,57,0,0,0
336,A,336,-0.0009862745646387339,0.07962420582771301,nan,nan,512,0,-0.0009862745646387339,0.07962420582771301,all_rows,512,0,0.0060402629896998405,0.058984375,0.0012668658746406436,0.003172145748976618,0.1435160689870827,c7b322bcde66f26ec02bc5d345fbc816:0:0,e7a632ee33e81d5c0eb9fc512b9847fd:0:0,5f6b4aef0717db9f4183f4dda88970fb:0:0,0784b53fa236bc1448013e4199d1ede9:0:2814559679,a50a88f3bc27b43237b3531f14edef74:1:4132726061,10,1.0,0,0,0,0,0,0,512,0,0,512,0,0,273,0,0,239,0,0,512,0.7075982093811035,51.72305679321289,45,0,0,0
337,A,337,-0.0025762179866433144,0.07784676551818848,nan,nan,512,0,-0.0025762179866433144,0.07784676551818848,all_rows,512,0,0.0038337900768965483,0.0650390625,-0.0034145622979849578,0.002998471970204264,0.18706780299544334,ff64aec9d50e0d737212ff92a9dcbc16:0:0,4c493325a1d67aa3fc82fcb65acb6efa:0:0,eb7cdf877eca42b350b1f605ef4d835b:0:0,a28f842ee8ae7fe6ad97eda77d9fa9e9:0:2308256214,e86216995d953a22a3d51840d7c37e56:0:3989026402,10,1.0,0,0,0,0,0,0,512,1,0,512,0,0,265,0,0,247,1,0,512,0.6843867301940918,52.85475158691406,57,0,1,1
338,A,338,-0.003634396009147167,0.07557819038629532,nan,nan,512,0,-0.003634396009147167,0.07557819038629532,all_rows,512,0,0.004099478013813496,0.0521484375,-0.002490551583468914,0.0028244567918591203,0.15007830102695152,aff0992b0f0a9e2e0a86e0a20a7db016:0:0,eab98f9808ed308a7dfcb9a1463fc147:0:0,669c7882b63b3a3b705908ef314f27a3:0:0,89d2451952ae6375aafc48b7c9ad65e9:0:2797650343,e865224de097856922372f186c37db9a:0:2491635043,10,1.0,0,0,0,0,0,0,512,0,0,512,0,0,249,0,0,263,0,0,512,0.6898760795593262,52.0467643737793,44,0,0,0
339,A,339,-0.0010801785392686725,0.0725013017654419,nan,nan,512,0,-0.0010801785392686725,0.0725013017654419,all_rows,512,0,0.00205207453109324,0.03984375,-0.00048795775510370734,0.002623588778078556,0.1296798000112176,225a60759bc4df1c837c7c7567dea416:0:0,b7df1e69f1aae00ea45cf23aa4b80579:0:0,f13a8f06ea0338bffedfbdfd967843a2:0:0,d8773add211626a572f8f0ae7dfb21e9:0:1059704179,a9bc5afdaff19dc82f7b25dc69d981ea:1:3362884103,10,1.0,0,0,0,0,0,0,512,0,0,512,0,0,256,0,0,256,0,0,512,0.6893889904022217,51.23759078979492,43,0,0,0
340,A,340,-0.00045092764776200056,0.07169201225042343,nan,nan,512,0,-0.00045092764776200056,0.07169201225042343,all_rows,512,0,0.0014956180239096284,0.038671875,0.0016831219429150224,0.002501112234313041,0.10996253998018801,68d28ab82862729ec13da680c1ff9816:0:0,a55aab75c8c2c5a53975fddc7f4b8e59:0:0,44f13fbb8f2a53a38009a2bbcc0e2b4b:0:0,ce0b46980ee544844208c6c79a88dde9:0:1879831181,ae1864465942aa31e697f344fbf9b190:1:3763623779,10,1.0,0,0,0,0,0,0,512,0,0,512,0,0,246,0,0,266,0,0,512,0.6846222877502441,51.299461364746094,49,0,0,0
341,A,341,0.024910299107432365,0.08313340693712234,nan,nan,512,0,0.024910299107432365,0.08313340693712234,all_rows,512,0,0.0073240590281784534,0.090625,-0.004232163052074611,0.0032514725578948857,0.106084113009274,9c1041f502ade60c8668f23818e08c16:0:0,387218dba5f6008875d9901c38127b0a:0:0,fd9d6d1b0f461e374c7c06c96eca5eec:0:0,b77ffee5f5e89eaf1a56ec3f1f5699e9:0:2530694640,1208688c0562cf0e95ef9b689c71e7f4:1:2826862398,10,1.0,0,0,0,0,0,0,512,0,0,512,0,0,276,0,0,236,0,0,512,0.6757408380508423,50.899139404296875,55,0,0,0
342,A,342,-0.001984348753467202,0.0747201070189476,nan,nan,512,0,-0.001984348753467202,0.0747201070189476,all_rows,512,0,0.005516580771654844,0.0501953125,-0.0019016414415091276,0.002769767737481743,0.1049446229590103,effaa55787e5e18b67f1b30f6c818016:0:0,80639948f70b2b63b864c166517cbe89:0:0,ff54663e63dd638d05e8736c7dd13809:0:0,5b77ccfa564220f67fbec2510c6455e9:0:2580839571,b7b142be617e5af6c39d94130cbb53d1:0:3043716648,10,1.0,0,0,0,0,0,0,512,0,0,512,0,0,267,0,0,245,0,0,512,0.6184168457984924,51.177791595458984,60,0,0,0
343,A,343,-0.010338502936065197,0.08099308609962463,nan,nan,512,0,-0.010338502936065197,0.08099308609962463,all_rows,512,0,0.003861389821395278,0.0509765625,0.0005080176517367363,0.003245400974992663,0.1044288250268437,5fe4ec1ce7e804a4c11ffc7abce27416:0:0,fe0e3a02a5ae45a7c426fc5772e04491:0:0,37b8598b22d5cf6a29a29b166c5618c1:0:0,6e2e14c8d9065d4333cbea3961b211e9:0:378115403,4f24ab40e175ed6652a05aab4662d85b:1:3869746096,10,1.0,0,0,0,0,0,0,512,0,0,512,0,0,245,0,0,267,0,0,512,0.6105169057846069,50.49015426635742,63,0,0,0
344,A,344,-0.00121861114166677,0.07913453131914139,nan,nan,512,0,-0.00121861114166677,0.07913453131914139,all_rows,512,0,0.0027451394125819206,0.045703125,0.0002490346319973469,0.0031367450836114587,0.13895193801727146,a72d1f2ce52b6f9ba790a1ee0a036816:0:0,603e30c79fd743123e797adc4dc8f9e1:0:0,04dbc0118beeb1244f3c19513b561443:0:0,130aa8b1262c1fbaf1ba45341f3fcde9:0:1043009240,c2fffbe40333dd591d51be714e72444a:1:1167412545,10,1.0,0,0,0,0,0,0,512,0,0,512,0,0,259,0,0,253,0,0,512,0.5939473509788513,51.1271858215332,60,0,0,0
345,A,345,0.004512154962867498,0.07470044493675232,nan,nan,512,0,0.004512154962867498,0.07470044493675232,all_rows,512,0,0.006853458005934954,0.04296875,-0.0021301795612089338,0.0027657765196636317,0.16875722800614312,ad24ca63f9fef982df3536dd53e45c16:0:0,aa1127a33f90994032e1640c03a289e2:0:0,1e03c07d69be99864718f0af11083bd3:0:0,c668c062a609fb252a75f47d450d89e9:0:2584736130,7da6d40d0f59b5852616876f54532e3f:0:3054843764,10,1.0,0,0,0,0,0,0,512,0,0,512,0,0,262,0,0,250,0,0,512,0.5859375596046448,51.71977996826172,64,0,0,0
346,A,346,0.007304222323000431,0.07468171417713165,nan,nan,512,0,0.007304222323000431,0.07468171417713165,all_rows,512,0,0.003644878277555108,0.0482421875,-0.003287538280710578,0.002763929043430835,0.16738555597839877,d78d96950b7f1312ce540ebc9a855016:0:0,9121c8eff9cd12e2c46a8196bb1459bb:0:0,2a79a753e0530b136394e8360490422c:0:0,b98e5ded069dcd8fc09b5950d31b45e9:0:318199322,49aebf511a27b0b0a1fd8f01ec7efc51:0:1396210196,10,1.0,0,0,0,0,0,0,512,0,0,512,0,0,276,0,0,236,0,0,512,0.5622417330741882,51.0345458984375,45,0,0,0
347,A,347,-0.009803778491914272,0.08132322877645493,nan,nan,512,0,-0.009803778491914272,0.08132322877645493,all_rows,512,0,0.020341984927654266,0.160546875,-0.010034060617908836,0.003193803259637207,0.16595846600830555,3a61414d92b7563f71883cffdde64416:0:0,0a3c8b43ca1d60e35ba0971f41637561:0:0,1ecd17bea15829ad98aca2b44c62f1f0:0:0,3d817b329cda3d33c47714eac96901e9:0:2041967596,a9f1e87c187effc08edc05652e0811a7:1:1179491771,10,1.0,0,0,0,0,0,0,512,0,0,512,0,0,263,0,0,249,0,0,512,0.5688151717185974,51.39922332763672,67,0,0,0
348,A,348,0.0065496331080794334,0.07150878757238388,nan,nan,512,0,0.0065496331080794334,0.07150878757238388,all_rows,512,0,0.018194926902651787,0.1390625,0.006092083035036921,0.0025488534942269326,0.1660708099952899,b2d4df6be463c28e4fc1951b1e073816:0:0,eec36819066cf9c04b350cfccb46f29f:0:0,6df4ef500103f1d5d34c2543b128ddc7:0:0,d7948531fa362d9a3006088727f6bde9:0:2490218222,738da95f9edee60a1d97314f42da7681:0:3226011830,10,1.0,0,0,0,0,0,0,512,0,0,512,0,0,275,0,0,237,0,0,512,0.6526789665222168,50.47197723388672,60,0,0,0
349,A,349,-0.0008239711169153452,0.08331318944692612,nan,nan,512,0,-0.0008239711169153452,0.08331318944692612,all_rows,512,0,0.002921181498095393,0.0205078125,-0.0015238589607179166,0.003425326629076153,0.1673355409875512,034ac39bffc5a62c6e44aa825ae82c16:0:0,3946574c971bf0f9411eb4b28fd9915b:0:0,a8aaf730da74ab9d49047b19aa8ab715:0:0,8c6b91dc4eba2d00a2f55561eec479e9:0:3020933789,28d2d3646ad1377670791065ba5f92e5:0:1691757296,10,1.0,0,0,0,0,0,0,512,0,0,512,0,0,263,0,0,249,0,0,512,0.6162435412406921,52.20375442504883,71,0,0,0
350,A,350,0.002749596256762743,0.0731973946094513,nan,nan,512,0,0.002749596256762743,0.0731973946094513,all_rows,512,0,0.006294777616858482,0.0814453125,-0.0014392464421689511,0.0026779465726576744,0.16905567498179153,5af4c1d40d0033c444aad0a994892016:0:0,3c1c29f44e72cfdb911b1d6b4d1c2401:0:0,1834cc65711f8d2f2fc15dbdb71e9669:0:0,5c1f606e6fc7d9fe1ea25cb71dd235e9:0:735587973,683789454691d9d7483d1882b8620e53:1:3170230536,10,1.0,0,0,0,0,0,0,512,0,0,512,0,0,249,0,0,263,0,0,512,0.6247056126594543,51.884124755859375,70,0,0,0
351,A,351,0.0011835854966193438,0.07817058265209198,nan,nan,512,0,0.0011835854966193438,0.07817058265209198,all_rows,512,0,0.004676887299865484,0.0501953125,-0.0011619430733844638,0.003047068533487618,0.16624271596083418,b301dcee7370c513b0e21b04caea1416:0:0,d88b6fa79a1a6c3291cbfbbe70788cd5:0:0,e3ba7dfe2e6c4a85477aadd4a4be69ad:0:0,5c4293829bd74167c21abfc2b51ff1e9:0:2439060796,3677f71183a354da79020548294fcce0:1:3251796911,10,1.0,0,0,0,0,0,0,512,0,0,512,0,0,263,0,0,249,0,0,512,0.6458466649055481,51.124229431152344,63,0,0,0
352,A,352,0.001925549702718854,0.07386967539787292,nan,nan,512,0,0.001925549702718854,0.07386967539787292,all_rows,512,0,0.0019509081030264497,0.0751953125,-0.0005919456714764237,0.0027324953698553145,0.1684236289584078,7116b3843076ca41eb2d5d07fe0b0816:0:0,721c2d40dd52580a0fab2851b733aa6c:0:0,e7fdf5b8e377441a8ee37f146b00c431:0:0,db28af5153663475861c5fc0b4adade9:0:3552724895,1aa4b793250f23fdd4b5a7c61246a987:1:3946333249,10,1.0,0,0,0,0,0,0,512,0,0,512,0,0,254,0,0,258,0,0,512,0.6103807091712952,51.51072692871094,76,0,0,0
353,A,353,-0.0018705535912886262,0.06908009201288223,nan,nan,512,0,-0.0018705535912886262,0.06908009201288223,all_rows,512,0,0.0035908804275095463,0.083984375,-0.0013001582585275174,0.0023846997297368943,0.16673285700380802,283f3d2ed71f65f57a242a272debfc16:0:0,98477048a85a59c400efee271a7e146e:0:0,bdcd067b6fb10f2f218c3b05a8a9d07e:0:0,0b253dd7df559726f9155ded1c7b69e9:0:4237039630,6d84e7b3cd73676e35bd76c53ea0ff00:1:2054360523,10,1.0,0,0,0,0,0,0,512,0,0,512,0,0,255,0,0,257,0,0,512,0.5931947231292725,51.52754592895508,72,0,0,0
354,A,354,-9.637442417442799e-05,0.08290775120258331,nan,nan,512,0,-9.637442417442799e-05,0.08290775120258331,all_rows,512,0,0.003062858711928129,0.026953125,-0.0006277315085753798,0.003415761992800981,0.16688797302776948,7b42995e6128b62a26b2d5d65a8cf016:0:0,ee1cc0db03e55e0ffdec04dce8432055:0:0,6ba9cc408338ecd445ac2539395e095e:0:0,64cc0ddb5cf0a6e7fb241b83ec8925e9:0:1019316047,1eca79eaf74f4989d00b19e8aeb9b172:1:4154294976,10,1.0,0,0,0,0,0,0,512,0,0,512,0,0,275,0,0,237,0,0,512,0.6031493544578552,51.61691665649414,75,0,0,0
355,A,355,-0.0007836692966520786,0.08239470422267914,nan,nan,512,0,-0.0007836692966520786,0.08239470422267914,all_rows,512,0,0.008652417920529842,0.0947265625,-0.0033217033371329306,0.0033492079470306634,0.16703991196118295,6a06d4f3b9d0c9c6f01a738983ede416:0:0,711c9d4554d96d0111a5dbc6a54eed69:0:0,1fe1e135e9846a02268bec2fdd55025f:0:0,c4c9d0ff67da39757a1739c124d6e1e9:0:1956585862,223108de086db7bc6347fb22a3c31156:0:3930158835,10,1.0,0,0,0,0,0,0,512,0,0,512,0,0,252,0,0,260,0,0,512,0.6405677795410156,51.10622787475586,65,0,0,0
356,A,356,0.0016924653900787234,0.07039104402065277,nan,nan,512,0,0.0016924653900787234,0.07039104402065277,all_rows,512,0,0.003414556849747896,0.06796875,-0.005874648015014828,0.0024247405992355196,0.16617013898212463,1442a3d5aae442f3fff0d6b4aa0ed816:0:0,6183e1d63009f6e5a0c3c0a4b575c3a4:0:0,af5f6171d388e42a4110d6c3eb6e386b:0:0,ccf66867ba1bf4022d6d99e0c5649de9:0:2117136367,cd9548301c337edd3198df6b4a03caea:0:3001772742,10,1.0,0,0,0,0,0,0,512,0,0,512,0,0,248,0,0,264,0,0,512,0.6400743722915649,51.01846694946289,61,0,0,0
357,A,357,-0.002676593139767647,0.07868918031454086,nan,nan,512,0,-0.002676593139767647,0.07868918031454086,all_rows,512,0,0.003820456564426422,0.1345703125,-0.003964538546279072,0.003102035995107144,0.1685360919800587,92d617ba9480a6309e2092cbccefcc16:0:0,50b606a14efd8e300d1de5bc86b97866:0:0,ab786c5af9807bc91a20e07122fa1d4f:0:0,c907f69c5a937a9b52565d1ece3259e9:0:1793107240,6cb1090663eb1c521c66fa5a6a3ffa81:0:983358062,10,1.0,0,0,0,0,0,0,512,0,0,512,0,0,284,0,0,228,0,0,512,0.638552725315094,50.12244415283203,41,0,0,0
358,A,358,-0.002929465612396598,0.08864370733499527,nan,nan,512,0,-0.002929465612396598,0.08864370733499527,all_rows,512,0,0.0022636447101831436,0.0373046875,-0.0010169559682253748,0.003924981690943241,0.16880189900984988,53895d6617fe562924e8fb42ec90c016:0:0,6f44f91ad1a95e45a37a05cb7471e5eb:0:0,8d6aa1f04831d38a235da8eea8f3efd1:0:0,ce0f50a831f997cd67b0e4b73f4015e9:0:4135838167,cc99d84e9d0855cca7f38f5ae63b8bad:1:1256361830,10,1.0,0,0,0,0,0,0,512,0,0,512,0,0,276,0,0,236,0,0,512,0.624677836894989,49.892765045166016,58,0,0,0
359,A,359,0.0015797491651028395,0.07116024941205978,nan,nan,512,0,0.0015797491651028395,0.07116024941205978,all_rows,512,0,0.005463114008307457,0.0396484375,0.00026535330107435584,0.002533342264359817,0.1677879019989632,bd617d9e9e763c4cf4de238e08f1b416:0:0,6e48d1a64679d232b17dbfb4334f61cf:0:0,71e40512a9769fb61166c49d7fad83fa:0:0,88e3a7aa1ebf5c88ea0cd1e6188dd1e9:0:25994072,79b24106771d11b39fedd81fe3726abc:0:1371401279,10,1.0,0,0,0,0,0,0,512,0,0,512,0,0,257,0,0,255,0,0,512,0.6542048454284668,49.60905456542969,64,0,0,0
360,A,360,0.0024424316361546516,0.08021114021539688,nan,nan,512,0,0.0024424316361546516,0.08021114021539688,all_rows,512,0,0.0032235519029200077,0.0791015625,4.903227090835571e-05,0.0031834218883886934,0.169448345026467,2af7072363571e2468e8df212212a816:0:0,485a891cb4d69507064913f922bf2c6a:0:0,7449b579edeba2e15903b558232e666f:0:0,bb1c3f50dffd38470faa05e75a1b8de9:0:3940423578,3e8d95c84be011905e11dd79e3029020:0:56672568,10,1.0,0,0,0,0,0,0,512,0,0,512,0,0,262,0,0,250,0,0,512,0.6315184831619263,49.422157287597656,73,0,0,0
361,A,361,-0.01470392569899559,0.08072289824485779,nan,nan,512,0,-0.01470392569899559,0.08072289824485779,all_rows,512,0,0.006082392297685146,0.0876953125,-0.006729623069986701,0.0029651028104126453,0.16570800502086058,d90162f06b7e9f66ca46c17037f39c16:0:0,63cb9f6614616e16a9a4848be2ff9515:0:0,cdaabc2bb5c45b1e295ccb5ba83785ee:0:0,486bbcfa6fb0096e8478a1f703e949e9:0:1344402180,4b8cc4135e516454fa675fbb1e50b064:0:1963732090,10,1.0,0,0,0,0,0,0,512,0,0,512,0,0,252,0,0,260,0,0,512,0.604756772518158,48.82002639770508,79,0,0,0
362,A,362,0.0028022313490509987,0.07067719846963882,nan,nan,512,0,0.0028022313490509987,0.07067719846963882,all_rows,512,0,0.002888347953557968,0.0490234375,-0.0035390770994126798,0.002493117400445044,0.17312839004443958,9e5b64229149f0d0448a1def4a949016:0:0,518eae651b9a196b0f5f481ac72d6938:0:0,b8f0181c1ba12f2d80ee8b3572f30d42:0:0,77610e6fa48025f82619075115f705e9:0:2344157322,d9c8a5343703f93f5f792c72c90bc35c:0:3324320760,10,1.0,0,0,0,0,0,0,512,0,0,512,0,0,249,0,0,263,0,0,512,0.5513019561767578,48.04573440551758,79,0,0,0
363,A,363,0.003688196884468198,0.06828102469444275,nan,nan,512,0,0.003688196884468198,0.06828102469444275,all_rows,512,0,0.0028765597380697727,0.057421875,0.002636357303708792,0.0023274089908227324,0.16731548903044313,7ce268d28e122bb7d99a081259f58416:0:0,0a2b6df1e9eb0542c6cbbc0f07a41db5:0:0,5f6d04071e92231c7fec226382d7c808:0:0,30fe1675334e5c53bfdbd7319044c1e9:0:3685282396,e02950e95225db56b2560fe5ff9a43b8:1:2136935597,10,1.0,0,0,0,0,0,0,512,0,0,512,0,0,228,0,0,284,0,0,512,0.531724214553833,47.69654846191406,82,0,0,0
364,A,364,-0.00717642018571496,0.07820384949445724,nan,nan,512,0,-0.00717642018571496,0.07820384949445724,all_rows,512,0,0.006015566643327475,0.069921875,-0.004628884373232722,0.003062535292701796,0.16859966301126406,b4791942a9885a6555b2534d66167816:0:0,b5b552fe96eb37c597af90b6e46ac8c9:0:0,5133f94a6f4cafec374d97714f3a6921:0:0,227c38ab68c2ec8cc6c1f2d472d27de9:0:1709489610,bcbbe3774763da22f8bbba5bb83609c4:0:2992242347,10,1.0,0,0,0,0,0,0,512,0,0,512,0,0,263,0,0,249,0,0,512,0.519852876663208,47.506107330322266,54,0,0,0
365,A,365,0.00675945496186614,0.07542002201080322,nan,nan,512,0,0.00675945496186614,0.07542002201080322,all_rows,512,0,0.006557511631399393,0.0841796875,-0.00328222680836916,0.0028209261829033492,0.16729105898411945,57e97ebf77652d27436393146ef76c16:0:0,5c57d6c619d235c2e3ba7f002602f968:0:0,59b7e6fb08a0cfeb78aebd1ac6b76b29:0:0,343a8576331a79af157c7b75bda039e9:0:36768311,21bee656f9427da819a0f225b5d8116a:1:3258457620,10,1.0,0,0,0,0,0,0,512,0,0,512,0,0,253,0,0,259,0,0,512,0.5224547386169434,46.49406051635742,44,0,0,0
366,A,366,0.0040351515635848045,0.07297183573246002,nan,nan,512,0,0.0040351515635848045,0.07297183573246002,all_rows,512,0,0.0029288046061992645,0.0978515625,-0.0006081822095438838,0.0026524098822847007,0.16592032101470977,d31fcb98cbe05c28df931adb74986016:0:0,0d2eb177219431b1a17a6b72b1fa73b1:0:0,4f3a07223545c58ec6f4d6472c462120:0:0,5870a9e7546cf36ba86cd25170adf5e9:0:68815808,ed1ba6f0c3d37ab95f162feddc6e76d7:1:1102128035,10,1.0,0,0,0,0,0,0,512,0,0,512,0,0,270,0,0,242,0,0,512,0.4866091012954712,47.04126739501953,64,0,0,0
367,A,367,0.007917216047644615,0.08253736048936844,nan,nan,512,0,0.007917216047644615,0.08253736048936844,all_rows,512,0,0.0017603554297238588,0.0376953125,-0.004348121164366603,0.003404923574998975,0.16895891696913168,b7ffc19ccf63b6080d7afe1676f95416:0:0,3ac033b3f5828bc3f2fca81509a88abe:0:0,9577ee94e2d32096dacb9cb6d1970e82:0:0,cc1ce6e4d5aa77fd59a498a38bfbb1e9:0:264825802,0c308493c751abc888ca0f6cc2606d85:0:2963231103,10,1.0,0,0,0,0,0,0,512,0,0,512,1,0,269,0,0,243,0,0,512,0.49176502227783203,47.347267150878906,59,0,0,0
368,A,368,-0.005752221681177616,0.08187109977006912,nan,nan,512,0,-0.005752221681177616,0.08187109977006912,all_rows,512,0,0.0018136253347620368,0.091015625,-0.0051220104098320006,0.003353804734069854,0.21992673602653667,dfaa2c83d9eddb2b4aaa1039761a4816:0:0,69fc791d1f7c6851918a483472c79e2d:0:0,876826e708341eb6d86dec4bb88c2562:0:0,0cfa2e06128a2e4d9ce5afa80f896de9:0:2449731637,cbde75d9189012d5de54dd1b33a3d064:0:2855307980,10,1.0,0,0,0,0,0,0,512,1,0,512,0,0,246,0,0,266,1,0,512,0.5352345705032349,47.2931022644043,57,0,1,1
369,A,369,-0.0032239591237157583,0.07554380595684052,nan,nan,512,0,-0.0032239591237157583,0.07554380595684052,all_rows,512,0,0.0103914774954319,0.0806640625,0.0071599999442696575,0.0028245769790373743,0.168363536009565,d62661c07e98a5d7a303e4b871fb3c16:0:0,1c246ec30b84e54f701102ad130df145:0:0,8a20d238097ce9ba3e770885479cd523:0:0,885e19e1f6a718593ba2389afb5729e9:0:3279686764,d964729af79e5e0fc96279780da6a103:0:405769192,10,1.0,0,0,0,0,0,0,512,0,0,512,0,0,251,0,0,261,0,0,512,0.49164018034935,46.93069076538086,62,0,0,0
370,A,370,0.00954405590891838,0.0797574445605278,nan,nan,512,0,0.00954405590891838,0.0797574445605278,all_rows,512,0,0.0038948203437030315,0.0439453125,-0.0016369348159059882,0.003136458445806056,0.16890641395002604,facd272befb73f06a4c0cf076a9c3016:0:0,6e084aefcfba0d328a3fbe9bcdb606e9:0:0,f4ae3831f7b7e288141d25725b304f87:0:0,e8eccac94406ddd510fc94b84f64e5e9:0:68656194,f693852235f012cb7ded46db83f80aea:0:1542856653,10,1.0,0,0,0,0,0,0,512,0,0,512,0,0,254,0,0,258,0,0,512,0.5207400918006897,46.03235626220703,64,0,0,0
371,A,371,-0.019200287759304047,0.07338621467351913,nan,nan,512,0,-0.019200287759304047,0.07338621467351913,all_rows,512,0,0.012390782125294209,0.0734375,-0.0036603389075025917,0.0026216540136374533,0.1673054969869554,1d46c60ba3ffdffc546de29a5ffd2416:0:0,febf1a57c482c92f6ad3a7c9f01249aa:0:0,507f0c1d9e6f009b04d5297f6d500e74:0:0,745ac027fb468f12c5c7653c0bb2a1e9:0:2275506141,3f6ee91b7416701f74b132c02ba5dde7:1:1542494143,10,1.0,0,0,0,0,0,0,512,0,0,512,0,0,257,0,0,255,0,0,512,0.5387826561927795,46.485870361328125,58,0,0,0
372,A,372,0.007080268580466509,0.08233022689819336,nan,nan,512,0,0.007080268580466509,0.08233022689819336,all_rows,512,0,0.0028344495221972466,0.06875,0.0007003512699156999,0.003356696991249919,0.22197332797804847,022d67f1e535409d20ecf2e5521e1816:0:0,d85e742452cfb3369d68218edfec74b6:0:0,45bbfcb77a3d207fa05633af65c36630:0:0,a73a92093da960258c858b6230405de9:0:3045520542,b95d6831c34337ee98d5f92944785bd0:0:1147280621,10,1.0,0,0,0,0,0,0,512,1,0,512,0,0,254,0,0,258,1,0,512,0.5304738879203796,47.68301773071289,49,0,1,1
373,A,373,0.00019985402468591928,0.07076321542263031,nan,nan,512,0,0.00019985402468591928,0.07076321542263031,all_rows,512,0,0.003582677338272333,0.053125,-0.0011988473124802113,0.002499722188804299,0.16837107203900814,802f26ffb0c3b283d774935c40ff0c16:0:0,66f5f946ab022a2e7b0af182c092e803:0:0,b54d2bec11f79394ac063d49cfd2624b:0:0,b355f57941455c46dd6a2866bd0e19e9:0:3523200180,fb09eb90d87ebce4ec66eed67cc089ed:0:1572607258,10,1.0,0,0,0,0,0,0,512,0,0,512,0,0,261,0,0,251,0,0,512,0.533389687538147,47.51608657836914,68,0,0,0
374,A,374,0.0050711603835225105,0.07939072698354721,nan,nan,512,0,0.0050711603835225105,0.07939072698354721,all_rows,512,0,0.006438034120947123,0.054296875,-0.0046775043476372955,0.0031560520990751685,0.16995543200755492,2ba07b1312c5e8d7979017732ca00016:0:0,420979b00ea29010bf4b54fbbdd79ab1:0:0,3a8d9fce0ce36589ea34d38d06d34cab:0:0,3d8eb9c12f8a117b32589d85b21bd5e9:0:2300845996,8057777141ea3b45971a7da08d15e675:0:3439320368,10,1.0,0,0,0,0,0,0,512,0,0,512,0,0,262,0,0,250,0,0,512,0.5347228646278381,47.90177917480469,72,0,0,0
375,A,375,-0.0023110355250537395,0.07663863152265549,nan,nan,512,0,-0.0023110355250537395,0.07663863152265549,all_rows,512,0,0.0030315557960420847,0.0705078125,0.005862465524114668,0.002938205096870661,0.17044331697979942,278fe171e3e56ce1c71f929e1500f416:0:0,cd689272840d14e0314c674dd0ab3801:0:0,dc5c7b0ffcb2d2d0fac704b93aa0fbd4:0:0,3afd6bb9065d3476c2e48bfb0f6991e9:0:2524962919,22b4458de4c92197ccd7ad8c4f5aa322:1:3052299240,10,1.0,0,0,0,0,0,0,512,0,0,512,0,0,262,0,0,250,0,0,512,0.5533508062362671,47.16972351074219,64,0,0,0
376,A,376,-0.008195698261260986,0.06686974316835403,nan,nan,512,0,-0.008195698261260986,0.06686974316835403,all_rows,512,0,0.006756810005754232,0.02890625,-0.0009487502742558718,0.0022363076684996487,0.16806583001744002,0d56c485928abf640657d850fa21e816:0:0,1f3883caf12492ed336c29d505f2e52f:0:0,69de21e38ced6532fc207f3882cc6657:0:0,a23807abd4093cc24051d502d4f74de9:0:2835414641,2a893fb8e27d1b6be9e0f41b48238c16:1:3748715122,10,1.0,0,0,0,0,0,0,512,0,0,512,0,0,256,0,0,256,0,0,512,0.549314022064209,47.387935638427734,68,0,0,0
377,A,377,0.003304830752313137,0.07682305574417114,nan,nan,512,0,0.003304830752313137,0.07682305574417114,all_rows,512,0,0.004548588767647743,0.037890625,-0.0024786869529634715,0.002871323947329074,0.16682733298512176,4b19c5415fd126ae23c27bffdc02dc16:0:0,958917ba70e6ca65268033318b087631:0:0,da65c73142d0e37fe6f66542fc4649f8:0:0,559b998ae639f91f919499d902c509e9:0:3884430880,f2156144946dc713b8914c345b4e30b6:0:2822952716,10,1.0,0,0,0,0,0,0,512,0,0,512,0,0,263,0,0,249,0,0,512,0.548981785774231,46.30354690551758,58,0,0,0
378,A,378,0.012672385200858116,0.07964655011892319,nan,nan,512,0,0.012672385200858116,0.07964655011892319,all_rows,512,0,0.00512686325237155,0.05703125,0.0008629835210740566,0.0031333303777500987,0.16755894100060686,3b6b97d138b22974103dd11ebaa3d016:0:0,0ffb3749cc613ea3ac3e002f3ca4e2ab:0:0,a3bbd9a4920c73062c305e48fe823c5d:0:0,be5fde6cc4431c2e8f513bb998d2c5e9:0:3416963363,35b6c4fc65b675dd8589e5aa39e83431:0:258310649,10,1.0,0,0,0,0,0,0,512,0,0,512,0,0,272,0,0,240,0,0,512,0.5570535063743591,45.44401168823242,69,0,0,0
379,A,379,-0.01260246243327856,0.07436622679233551,nan,nan,512,0,-0.01260246243327856,0.07436622679233551,all_rows,512,0,0.002104748971760273,0.0404296875,-0.0002809720113873482,0.002733427949715406,0.16736984200542793,e911a93413dcb663d2fceb219604c416:0:0,ffd038c9c9f433bc34eab93edb044a3c:0:0,2af2b06f7f6eb8590a178fe288539b4c:0:0,8e63e9950cecc151bfdc5be0972081e9:0:3011086359,b44909b9cd566733d937cac5fef97d46:1:467770744,10,1.0,0,0,0,0,0,0,512,0,0,512,1,0,249,0,0,263,0,0,512,0.5376965403556824,44.746116638183594,73,0,0,0
380,A,380,0.009936386719346046,0.08472391217947006,nan,nan,512,0,0.009936386719346046,0.08472391217947006,all_rows,512,0,0.0030863587744534016,0.0546875,-0.004579658736474812,0.0035431965021416544,0.16585714201210067,4e80bb697cabf87b7d879d7c6e25b816:0:0,248d41176820c195593071f49f348bf4:0:0,9ec1117f7c0f4cf9d6de9b54400d8d88:0:0,90467a829001e9d3133adb89fdae3de9:0:3067804995,7096651524fa466a58be47ea3b7bf6c7:0:4162521810,10,1.0,0,0,0,0,0,0,512,0,0,512,0,0,251,0,0,261,0,0,512,0.523266613483429,44.39519119262695,58,0,0,0
381,A,381,-0.02501767873764038,0.08569726347923279,nan,nan,512,0,-0.02501767873764038,0.08569726347923279,all_rows,512,0,0.008882791735231876,0.0509765625,-0.0006932936608791352,0.0032961054472252726,0.16915542696369812,45c991deb3b1d81f1fba7ba34306ac16:0:0,31c43913f9f208ce6a60e20614b17aac:0:0,b6a7804ef8d57c403d70e11c6ccdf6e0:0:0,dabc18c13bdcf2489f21dbf1cc7bf9e9:0:1997325278,ab90670001d375064cf96f1d946491a0:0:124087801,10,1.0,0,0,0,0,0,0,512,0,0,512,0,0,249,0,0,263,0,0,512,0.539780855178833,45.120994567871094,67,0,0,0
382,A,382,-0.003647669916972518,0.07750774174928665,nan,nan,512,0,-0.003647669916972518,0.07750774174928665,all_rows,512,0,0.009839793667197227,0.0794921875,-0.0018595582339912653,0.0030082840123213826,0.1693545079906471,a81aa7cc8d4928eebbc6d90a14a7a016:0:0,5844d170a16b65c979273b76eaa5b670:0:0,ca48d384694e1bada6040309131458b5:0:0,ad702d7db72e00395af6be540389b5e9:0:1698075894,0bc4a6e047e4fbd488a7e976846d3aff:0:3772306405,10,1.0,0,0,0,0,0,0,512,0,0,512,0,0,279,0,0,233,0,0,512,0.5237435102462769,46.268157958984375,48,0,0,0
383,A,383,0.005620880052447319,0.0713350772857666,nan,nan,512,0,0.005620880052447319,0.0713350772857666,all_rows,512,0,0.001204216736368835,0.01171875,0.0005325887817889452,0.0025075819459743796,0.16664151899749413,a873be3bf6a3845c3a32c924e3089416:0:0,f79b80d646895099735012de985144f8:0:0,885be97f8de4b5b4770522c68c3ef6a0:0:0,3b553218bf376801dbcf23eca2d771e9:0:1738769000,becd9646cc8824b7ad90a378db47441f:1:1786523550,10,1.0,0,0,0,0,0,0,512,0,0,512,0,0,249,0,0,263,0,0,512,0.5602452158927917,45.54556655883789,68,0,0,0
384,A,384,-0.00041787303052842617,0.07086526602506638,nan,nan,512,0,-0.00041787303052842617,0.07086526602506638,all_rows,512,0,0.00445751566439867,0.052734375,-0.007134604197926819,0.0025014747225213796,0.1947215129621327,a06ad76bc9c6d1015dd91f67ae298816:0:0,3e11329d7970f251df4f8051452f14d4:0:0,c6e290b250ea88617454942f27170e80:0:0,385aa638a2bc0af91070edf7aa652de9:0:2621481129,ebeb775ac5e91a2d3a9e75d4ffbb5cfa:0:1564517262,10,1.0,0,0,0,0,0,0,512,1,0,512,0,0,256,0,0,256,1,0,512,0.5619760155677795,45.90174102783203,61,0,1,1
385,A,385,-0.004897348117083311,0.08080021291971207,nan,nan,512,0,-0.004897348117083311,0.08080021291971207,all_rows,512,0,0.0016824835911393166,0.08828125,-0.0035538014257326723,0.003245328972116113,0.10557609098032117,acaff15758ee76b5b7e96f46760a7c16:0:0,1db348d179dca7790ef381d8194ae902:0:0,6c73a24fd1a537511f57d9c4a644a796:0:0,af4dd71771dbadd4fd523db11a32e9e9:0:1422753064,0ddc39abb6362f9b005f9ba1d5a5d161:1:1102083137,10,1.0,0,0,0,0,0,0,512,0,0,512,1,0,268,0,0,244,0,0,512,0.5580950975418091,45.66583251953125,65,0,0,0
386,A,386,-0.0015178774483501911,0.0744520053267479,nan,nan,512,0,-0.0015178774483501911,0.0744520053267479,all_rows,512,0,0.0018660624045878649,0.0501953125,-0.006754655158147216,0.0027729444263968617,0.10683839401463047,f6158121d9c43f649be80c353aab7016:0:0,9422c67974c87151ae8033f00998be4c:0:0,d06e56be20d7ea3970de0c704a29ae77:0:0,f874950cbb19474f78997454f240a5e9:0:62358881,18b82cc58c2a55ebc3e4f8d52ee38633:1:1668117328,10,1.0,0,0,0,0,0,0,512,0,0,512,0,0,254,0,0,258,0,0,512,0.5624058246612549,45.63020324707031,61,0,0,0
387,A,387,0.000517938518896699,0.08209823817014694,nan,nan,512,0,0.000517938518896699,0.08209823817014694,all_rows,512,0,0.004303342197090387,0.04375,-0.0026445166673511266,0.003339276253245771,0.10708555404562503,b807552f98e4e4a313ae09a7fc0c6416:0:0,84b0bdb34269b221abb3810fd6160c36:0:0,0e896768cc6b832aa2f80f98db7a4f37:0:0,2a76c391edc7470ae61d331f328e61e9:0:3102939900,8814b2c789abbf6625d17d5549944d52:0:2953837709,10,1.0,0,0,0,0,0,0,512,0,0,512,0,0,252,0,0,260,0,0,512,0.5637438297271729,46.06377410888672,70,0,0,0
388,A,388,-0.010709512047469616,0.07182577252388,nan,nan,512,0,-0.010709512047469616,0.07182577252388,all_rows,512,0,0.0005175234982743859,0.0482421875,-0.0028815841767936947,0.0024271735223010183,0.1087691819993779,5b481bba9e244a05d3693b12ba2d5816:0:0,685be48dc8de605b232685b75110641f:0:0,fd632c05e829bb2e9511fa6ea3772fd2:0:0,95ad3b40ba15d4b6f3645b4bdb1c1de9:0:1527270986,c471083dbd06a3c5a9db99e0d830f354:1:1223602843,10,1.0,0,0,0,0,0,0,512,0,0,512,0,0,239,0,0,273,0,0,512,0.5780516862869263,46.551910400390625,68,0,0,0
389,A,389,0.012644121423363686,0.0773831456899643,nan,nan,512,0,0.012644121423363686,0.0773831456899643,all_rows,512,0,0.006999474950134754,0.120703125,-0.0018349826335906983,0.0029017445864155888,0.11004774901084602,b04757b52a0564372d9c33e9750e4c16:0:0,237f1bdd934b489c4f25ca606a36e25d:0:0,767776d78491fdaf011ad228ed56dd09:0:0,4e29bc8b06ff077553a60e16ebe9d9e9:0:3688072113,d2a627a7d2fcb5d9ea357bdec9444ef9:1:902271419,10,1.0,0,0,0,0,0,0,512,0,0,512,0,0,262,0,0,250,0,0,512,0.5665746331214905,46.64389419555664,73,0,0,0
390,A,390,-0.009287679567933083,0.07903935015201569,nan,nan,512,0,-0.009287679567933083,0.07903935015201569,all_rows,512,0,0.011817093938589096,0.0646484375,0.0012714197393506766,0.0031159154721535744,0.14612335403217003,d4260dd134d9cccd071e47a02caf4016:0:0,d4ef19ed633a26071dc8438c1a2dab84:0:0,8938c0ac8c8397f40b3e3acf97e397e8:0:0,0304b52c564d157e7bc9acbc64f795e9:0:2026707344,b4323d6d54cebba649b7f95497eb7da8:0:567154990,10,1.0,0,0,0,0,0,0,512,1,0,512,0,0,272,0,0,240,1,0,512,0.5541509389877319,47.226619720458984,72,0,1,1
391,A,391,0.0143213402479887,0.07187426090240479,nan,nan,512,0,0.0143213402479887,0.07187426090240479,all_rows,512,0,0.008881701156497002,0.06484375,0.00036844394635409116,0.0025870341807603834,0.10787299100775272,f34fe788d7fd02decb1b89aae1103416:0:0,daa6d44f661501d5c92b2ce5e733432e:0:0,99f14f45b0e2b0a86f1bd017c31c2706:0:0,e9f25994aef67c065e66d878464551e9:0:3844111162,7626adfd7a37a8a5c57c453fcef3081e:1:2787444189,10,1.0,0,0,0,0,0,0,512,0,0,512,0,0,251,0,0,261,0,0,512,0.5045557618141174,47.44646072387695,66,0,0,0
392,A,392,0.0012251305161044002,0.0712299570441246,nan,nan,512,0,0.0012251305161044002,0.0712299570441246,all_rows,512,0,0.007802505046129227,0.0529296875,-0.006638802215456962,0.0025267832970712334,0.10618673800490797,4928f208499f585b5f14cd7d92312816:0:0,3f7ebf06b12918c4b87212627d3e2f69:0:0,c5bb2e25f799d4ca23b235a9ad34366d:0:0,e5110ecd660c1f6127c572868fd30de9:0:1782457844,1872f42a117bee71825738e2ad22dad6:0:2657654579,10,1.0,0,0,0,0,0,0,512,0,0,512,0,0,264,0,0,248,0,0,512,0.50423663854599,46.30434799194336,59,0,0,0
393,A,393,0.001277014845982194,0.0736471563577652,nan,nan,512,0,0.001277014845982194,0.0736471563577652,all_rows,512,0,0.009150207974016666,0.1056640625,0.0034936969634145497,0.002690273826010525,0.10640508402138948,ca757aded3948c1f16dfa68c40121c16:0:0,425d4248a41120fd014cbbef92f9f25a:0:0,d926e3a56c7fe9d14947fc6826907cba:0:0,c68f58985e756367f9dd9c2341a0c9e9:0:1650298858,6eef429e25777612e29e9fce06c5ea8e:0:1985188753,10,1.0,0,0,0,0,0,0,512,0,0,512,1,0,258,0,0,254,0,0,512,0.49265268445014954,46.747623443603516,73,0,0,0
394,A,394,-0.004448145627975464,0.06618957221508026,nan,nan,512,0,-0.004448145627975464,0.06618957221508026,all_rows,512,0,0.015558596700429916,0.0638671875,-0.00918315825983882,0.0021854105580132455,0.10639395203907043,3491dc60ed9a10c9a8a6684aeab31016:0:0,f4a5f34eb22e0010f29ff7d45dbf080b:0:0,e3ada08966560ab320016f7e6dbf6ad0:0:0,3a6f72ca97b63c1da857b68a5bae85e9:0:3889318115,1e272905ca3ba2fc816cdccf193e1d88:1:3913193451,10,1.0,0,0,0,0,0,0,512,0,0,512,0,0,246,0,0,266,0,0,512,0.5051609873771667,47.61103820800781,77,0,0,0
395,A,395,-0.00043810217175632715,0.07692243158817291,nan,nan,512,0,-0.00043810217175632715,0.07692243158817291,all_rows,512,0,0.0012388464529067278,0.0470703125,0.0019053520634770393,0.002889501384925097,0.10795410198625177,230b4faa6389005420e8262d92140416:0:0,58f76ad41050149c867fd8aadd6051e2:0:0,2bab080a2fb28936c98bc0c66531e1ea:0:0,f2926c2323fb3693748c62f7ddfc41e9:0:1642130767,db904c0f1d5705980982add7a72a9e98:0:1267163881,10,1.0,0,0,0,0,0,0,512,0,0,512,0,0,259,0,0,253,0,0,512,0.5279468297958374,46.32965850830078,69,0,0,0
396,A,396,0.008356493897736073,0.08063089102506638,nan,nan,512,0,0.008356493897736073,0.08063089102506638,all_rows,512,0,0.002543623326346278,0.062109375,-0.0011023367755115033,0.0032482998329214753,0.11190187401371077,ac7112342fe7bc66d678b3a83634f816:0:0,028b116385c7a97f2fd7076b90e0762c:0:0,d9141bea4b747cc16e57dfa10aa80d1f:0:0,bc94041fdda77a0dc98482a7c889fde9:0:225454685,24ccbbba6b7f04b7b43619aeac2d8fd8:0:3083369809,10,1.0,0,0,0,0,0,0,512,0,0,512,1,0,247,0,0,265,0,0,512,0.5241744518280029,46.21883010864258,80,0,0,0
397,A,397,-0.00038593594217672944,0.07307282835245132,nan,nan,512,0,-0.00038593594217672944,0.07307282835245132,all_rows,512,0,0.007789419963955879,0.023828125,-0.0033595632761716844,0.002644201833754778,0.10674030298832804,3b0658f6734f3b6f5e80a42ed715ec16:0:0,e96d426a2293a18e56f1880933ccba41:0:0,3e04c81046d700333d06b489a1979faf:0:0,b41bb49174a0c168f7f936d61b57b9e9:0:305889211,749ced1e3dbefdb31141ea2d8bac841f:0:2962476387,10,1.0,0,0,0,0,0,0,512,0,0,512,0,0,255,0,0,257,0,0,512,0.5096043944358826,46.86570739746094,87,0,0,0
398,A,398,-0.0006619227351620793,0.07894837111234665,nan,nan,512,0,-0.0006619227351620793,0.07894837111234665,all_rows,512,0,0.007355579175055027,0.0666015625,-0.0019499788992106914,0.0030852226540446282,0.11186277499655262,3b19ab13b1180276807d4b3574b6e016:0:0,cfad2e5503df85aa05f5b11a55d01c00:0:0,41de1b29323dc629e84d634e780b78da:0:0,575e32f0ab954cbdf253e0bed66575e9:0:2177541416,cb07aa2243aabe227749ca476bea80f6:1:2551794192,10,1.0,0,0,0,0,0,0,512,0,0,512,0,0,259,0,0,253,0,0,512,0.5321746468544006,46.858734130859375,87,0,0,0
399,A,399,-0.003652655752375722,0.07223435491323471,nan,nan,512,0,-0.003652655752375722,0.07223435491323471,all_rows,512,0,0.00319796078838408,0.0982421875,0.006897304928861559,0.0025699289748445154,0.10885987599613145,2bed520f39c2cbb62a40bc300f17d416:0:0,305105c208ed8b9d8a667a5b2f77ef47:0:0,c1028b8b36a9d5be259a494e019ea3e0:0:0,66dd54b6dd77cb4708ae219df9b331e9:0:1652381495,2a80711add9f5372dff03dd0a835a007:0:3715980307,10,1.0,0,0,0,0,0,0,512,0,0,512,0,0,266,0,0,246,0,0,512,0.49383360147476196,46.933589935302734,91,0,0,0
400,A,400,-0.001634242245927453,0.07403334230184555,nan,nan,512,0,-0.001634242245927453,0.07403334230184555,all_rows,512,0,0.00409269193187356,0.0806640625,-0.004646675940603018,0.002716410544235259,0.15371301502455026,fe0e95956b90d9ef63f1ca92a638c816:0:0,3cb819c620666bf8eac385bdf09a1498:0:0,51385009e8d756a1875495171acb3e28:0:0,b5429d3c236d3d84a4d1daaf8540ede9:0:1016934766,f25b87870d3b0ec3efd956870a879c18:0:3626831872,10,1.0,0,0,0,0,0,0,512,1,0,512,0,0,262,0,0,250,1,0,512,0.4817090630531311,46.46367645263672,70,0,1,1
401,A,401,0.016434822231531143,0.07544206827878952,nan,nan,512,0,0.016434822231531143,0.07544206827878952,all_rows,512,0,0.0029763123020529747,0.036328125,-0.0013692399486899375,0.0027416918659582735,0.14331509603653103,cf7674e131bff880440c09d13a19bc16:0:0,74f2245c6e1d52e1ec1130cf2fde6f25:0:0,8c6c3141f89927a6013cbce210e35208:0:0,e8bad2ddb368cfa206392d2f790ea9e9:0:2701130930,3b794e3f6b7d069856a8c00c848f3842:0:4218009414,10,1.0,0,0,0,0,0,0,512,0,0,512,1,0,242,0,0,270,0,0,512,0.4718116819858551,46.89583206176758,79,0,0,0
402,A,402,0.004031824413686991,0.07760398089885712,nan,nan,512,0,0.004031824413686991,0.07760398089885712,all_rows,512,0,0.0036784224212169647,0.023828125,-0.0009745344519615174,0.0029831627383828164,0.1389800780452788,5f967fceeade2839e35fcd5fcabab016:0:0,fa2bd5fc174233f5f146b58c1626412c:0:0,ef35f546dd0b7e675b60cc8c75bba950:0:0,34becc6f4fb1ac19fe0e7a59d51c65e9:0:1334203781,e967b56baef31a067e6f3a3198207c7a:1:3257128589,10,1.0,0,0,0,0,0,0,512,0,0,512,0,0,253,0,0,259,0,0,512,0.4494752585887909,47.38593673706055,92,0,0,0
403,A,403,-0.019763760268688202,0.07661429047584534,nan,nan,512,0,-0.019763760268688202,0.07661429047584534,all_rows,512,0,0.0012847260804846883,0.0728515625,-0.005291718617081642,0.002879366127308458,0.10596076998626813,604755b19ea8f8f6511228b2581ba416:0:0,26cc2c9d79c8e2508f0a4ea768cb2616:0:0,f4e868f9444ab8986256f0e175d90bd7:0:0,c9f7373adf8ec69bab2c636a996a21e9:0:3574862265,7d919e4b3495b31ca396895705f9aded:0:1658338787,10,1.0,0,0,0,0,0,0,512,0,0,512,0,0,245,0,0,267,0,0,512,0.48468512296676636,47.26706314086914,79,0,0,0
404,A,404,0.00655877310782671,0.07056406140327454,nan,nan,512,0,0.00655877310782671,0.07056406140327454,all_rows,512,0,0.003384933341294527,0.0427734375,-0.0031903083901852368,0.0024348478065803645,0.10567865200573578,712c28042bec8fee869cef3ce23c9816:0:0,00ca6dd74d2000f866c99296c5465e15:0:0,b2405a1afd64e6b3977553d4159b3a51:0:0,aa26611189549f2f361dc99dc5f7dde9:0:588458192,4225407a190901549aa58843dae0f716:0:4131575936,10,1.0,0,0,0,0,0,0,512,0,0,512,1,0,233,0,0,279,0,0,512,0.45001959800720215,47.265472412109375,100,0,0,0
405,A,405,-0.0018535102717578411,0.06437934935092926,nan,nan,512,0,-0.0018535102717578411,0.06437934935092926,all_rows,512,0,0.006425983272492886,0.0443359375,0.002502647030632943,0.0020333890046458692,0.1379120810306631,76476b14d6d65ad05bceb473691d8c16:0:0,a4f0ce9a4d9d2f9e88a06f1e549296b4:0:0,1f24494371ee813ada9108476e731b1e:0:0,3ffc1931e610fd9a8d1dce2f5ac599e9:0:3370608067,781ecfcff199959b19395f1296100131:1:2653311657,10,1.0,0,0,0,0,0,0,512,1,0,512,0,0,260,0,0,252,1,0,512,0.4600723683834076,47.063026428222656,82,0,1,1
406,A,406,0.006150377448648214,0.06648159772157669,nan,nan,512,0,0.006150377448648214,0.06648159772157669,all_rows,512,0,0.006051876116544008,0.1306640625,0.0030004602624103425,0.002166725054848939,0.14591422397643328,74f09ece602f6f947acacbc9ecbe8016:0:0,7b9d5abe883be1def34b3bcf1fa447de:0:0,fd6dcd187125f06f4f918c9f80d8ea8c:0:0,16ac7e072710a5062017d25b57d355e9:0:2041961826,f8cc66ee78b38480cf08c68c35895fe2:1:3742531977,10,1.0,0,0,0,0,0,0,512,3,0,512,2,0,240,0,0,272,3,0,512,0.4542990028858185,46.61735534667969,78,0,3,3
407,A,407,-0.0005583177553489804,0.05990026891231537,nan,nan,512,0,-0.0005583177553489804,0.05990026891231537,all_rows,512,0,0.032124631106853485,0.1580078125,0.013168538641184568,0.0017927358974702656,0.1067234770162031,90d9cdc68df29914540948b46d1f7416:0:0,17cf3fe5532fd53be859a5a1b834be11:0:0,42657f209ac5f583de02454c16ab3277:0:0,db530d05457affe19ca7775dbd2111e9:0:3521733601,094d00a2630b8060eecee51afb1c6d98:0:971045230,10,1.0,0,0,0,0,0,0,512,0,0,512,0,0,211,0,0,301,0,0,512,0.41302797198295593,47.02530288696289,92,0,0,0
408,A,408,0.0023819534108042717,0.06973277032375336,nan,nan,512,0,0.0023819534108042717,0.06973277032375336,all_rows,512,0,0.015518250875175,0.033984375,0.0008108310867100954,0.002377607487142086,0.14482053503161296,821d08becdb210601256fea6ea406816:0:0,99ff422dae535a149b4ef6879d3f5a3a:0:0,b64c55d429a67b596da7dd6babab349f:0:0,fad78526943fc408aa189e728aaecde9:0:1128033616,5289a49c009057213699841362df75a4:1:4062729793,10,1.0,0,0,0,0,0,0,512,1,0,512,0,0,255,0,0,257,1,0,512,0.39139509201049805,49.43021011352539,83,0,1,1
409,A,409,-0.007511329837143421,0.07471950352191925,nan,nan,512,0,-0.007511329837143421,0.07471950352191925,all_rows,512,0,0.011102942749857903,0.0763671875,-0.003930225572548807,0.002760368096642196,0.1400227010017261,4a1ec0c85940e2d48ed5811564215c16:0:0,025bd35419ac08423fc5c05adc88013c:0:0,5895b0405da7bdffc239d16f9d2506ab:0:0,3a7223cf4c928f27a56768d5c07c89e9:0:456817749,c52e7df50e79d5f0942b2f5755a1ea2c:0:2840669676,10,1.0,0,0,0,0,0,0,512,1,0,512,0,0,284,0,0,228,1,0,512,0.39197126030921936,47.95412826538086,81,0,1,1
410,A,410,0.0013798221480101347,0.06779708713293076,nan,nan,512,0,0.0013798221480101347,0.06779708713293076,all_rows,512,0,0.009195934981107712,0.067578125,-0.006149355694651604,0.0022943905263673515,0.10673295700689778,64317242061404f144fb2373dac25016:0:0,1008bc0ab33df29ab6d7468f2b1bb58a:0:0,796b52313eabf0bc9c5d47483810d466:0:0,1f50771bed307b605d4037c35e8a45e9:0:310648961,827ea596dd1f8386e736be3811514b37:0:3427715249,10,1.0,0,0,0,0,0,0,512,0,0,512,0,0,243,0,0,269,0,0,512,0.4082792103290558,46.496559143066406,85,0,0,0
411,A,411,0.004126636311411858,0.06523460149765015,nan,nan,512,0,0.004126636311411858,0.06523460149765015,all_rows,512,0,0.02449202910065651,0.07734375,0.0008573514875024557,0.0021258819673676045,0.1101533540058881,8d1196eaa7cf11ee4692f9364e234416:0:0,728f8bcbf0347fa4767380d4d0c7c183:0:0,a7cdb9ec425e31b6d11cfb5300f941c1:0:0,637b6fdf84abac2ecdffac7764d801e9:0:1940768686,91d11b490d2060367348796d132fded1:0:1105263598,10,1.0,0,0,0,0,0,0,512,0,0,512,0,0,255,0,0,257,0,0,512,0.4042002260684967,45.47683334350586,75,0,0,0
412,A,412,-0.01045036781579256,0.07707593590021133,nan,nan,512,0,-0.01045036781579256,0.07707593590021133,all_rows,512,0,0.006730462424457073,0.0466796875,-0.00019060594495385886,0.0029264841810800134,0.10717518697492778,de464d47ae70b8122fbcd5d0be443816:0:0,4dfa1febfe4f0a2b82e1f27965652005:0:0,0651cca15aad388a50f9cd8a5266ef5b:0:0,9b3a88d73ef8d38dddb2a82dd365bde9:0:3954603449,2405d7a3c8bb8002838d0cdf3d8eff8c:1:3344155757,10,1.0,0,0,0,0,0,0,512,0,0,512,1,0,261,0,0,251,0,0,512,0.38305699825286865,47.45004653930664,71,0,0,0
413,A,413,0.002504326170310378,0.07246517390012741,nan,nan,512,0,0.002504326170310378,0.07246517390012741,all_rows,512,0,0.0035817446187138557,0.066015625,-0.005041126813739538,0.002619768166914582,0.12308528803987429,bcf38fa46892d1c81aed4cb72b252c16:0:0,18062df6c3bcd03aba419b6eeee72818:0:0,ddff2d9408c286b59a3182a4797e9a6d:0:0,1706bfd8ce7aaf5c18164c22aa3379e9:0:2826471327,def57255cf46f00681db7a208605dfea:0:1544612498,10,1.0,0,0,0,0,0,0,512,0,0,512,0,0,252,0,0,260,0,0,512,0.36125504970550537,48.22916030883789,90,0,0,0
414,A,414,0.015115803107619286,0.0752243772149086,nan,nan,512,0,0.015115803107619286,0.0752243772149086,all_rows,512,0,0.01551862619817257,0.0640625,-0.00449936967343092,0.0027876790962181987,0.2162689800024964,5b7634f312322b7594edb15d94c62016:0:0,12c15eb235f8635f83afba56a3df482a:0:0,19333cbea5b450fa8ea49aa1a955ff4b:0:0,82f2c10188c77f006a97f991e94135e9:0:1636190953,744a953c404fc8aa19a6fed9c97e9ed0:0:1233826771,10,1.0,0,0,0,0,0,0,512,1,0,512,0,0,271,0,0,241,1,0,512,0.3743293583393097,49.047401428222656,91,0,1,1
415,A,415,-0.01084519550204277,0.06911662966012955,nan,nan,512,0,-0.01084519550204277,0.06911662966012955,all_rows,512,0,0.003948139026761055,0.025,0.0020578264025971293,0.002397595875663683,0.22723911597859114,a6f849dd9871f61090dc1737fb271416:0:0,e81fcae3ea360e315952a7201c0a06ba:0:0,bc66dc54f62a0ce0477600dd1d4e66c3:0:0,4d7c032c4f64714ee05551b7908ef1e9:0:1343550885,90068f19aa9d7ef999ba597d8b2ac5cb:1:1109097395,10,1.0,0,0,0,0,0,0,512,2,0,512,1,0,227,0,0,285,2,0,512,0.34609588980674744,48.523765563964844,112,0,2,2
416,A,416,0.005957122892141342,0.07363462448120117,nan,nan,512,0,0.005957122892141342,0.07363462448120117,all_rows,512,0,0.005847882479429245,0.08046875,-0.0043464708141982555,0.0026647485326975586,0.16333790397038683,cacd9858bacee6755c2b51ba5e480816:0:0,c66fddb34aae36e7cd4f641d42fd994a:0:0,25090fb289cea411bddc6a59546b7cc5:0:0,0542b0349cb30aad5e1c35cfa01cade9:0:766460669,4b2f4660ec86f7d573fccfd56d4e1cf9:0:986385972,10,1.0,0,0,0,0,0,0,512,0,0,512,0,0,243,0,0,269,0,0,512,0.3406882882118225,49.47349166870117,97,0,0,0
417,A,417,0.0035429210402071476,0.0754290223121643,nan,nan,512,0,0.0035429210402071476,0.0754290223121643,all_rows,512,0,0.00614924356341362,0.0373046875,-0.006192624382674694,0.0027621148386970163,0.21230112900957465,57947010f236017c92a2f458be28fc16:0:0,69dba458ead1ae8f8349ff1be9ce543d:0:0,221fe14db0211b136e8e0cf83fff47fd:0:0,276c0acd4d4c83785e6ac71617ea69e9:0:1220313958,1c924fffd333e036cba04004a36742c1:1:4021183519,10,1.0,0,0,0,0,0,0,512,1,0,512,0,0,242,0,0,270,1,0,512,0.35038137435913086,48.354312896728516,89,0,1,1
418,A,418,-0.009207495488226414,0.07132817059755325,nan,nan,512,0,-0.009207495488226414,0.07132817059755325,all_rows,512,0,0.0022994433529675007,0.0501953125,-0.0004013629863038659,0.00247804046375677,0.1623863840359263,f08df20d467314d1125f52871ac9f016:0:0,d0604f723860cbb6acf5e140d7e695af:0:0,2c2502948b8c83bfec1ac2ba81b2fc0d:0:0,cfb496f1fe071ea7ad6f66c6f7f825e9:0:2114380095,f8a558a44c781036d564dbe46b00765a:1:3070627072,10,1.0,0,0,0,0,0,0,512,0,0,512,1,0,245,0,0,267,0,0,512,0.35931840538978577,49.2804069519043,98,0,0,0
419,A,419,0.004871876444667578,0.07705294340848923,nan,nan,512,0,0.004871876444667578,0.07705294340848923,all_rows,512,0,0.00617270078510046,0.0359375,-0.002407241775654256,0.002905437280423939,0.16157845203997567,832345e8fa6adc85efd17fb9742ae416:0:0,d98c3d87979ce845f3980b49a64cd08e:0:0,5a70160d69a40320612160811127e4e9:0:0,e7b4993a16e178b32508b61e4045e1e9:0:1578603051,fa26c927f9bf73848b378831658b2b9c:1:3292857434,10,1.0,0,0,0,0,0,0,512,0,0,512,0,0,273,0,0,239,0,0,512,0.36851149797439575,49.155540466308594,81,0,0,0
420,A,420,0.0005329442210495472,0.07389092445373535,nan,nan,512,0,0.0005329442210495472,0.07389092445373535,all_rows,512,0,0.015468230471014977,0.087109375,0.0012966489885002375,0.002712833450641483,0.14670024497900158,d7da3709b794d56c69bf4f63ca4bd816:0:0,76fdd96e583446cdcc21af68168843f2:0:0,42dae355de2bd1b727e1c4f085689493:0:0,5cd28c94db0fceb768c59657f0d39de9:0:3097934952,470c9aa7f51fc95a0e8255f77089579d:1:1331930311,10,1.0,0,0,0,0,0,0,512,1,0,512,1,0,265,0,0,247,1,0,512,0.38016945123672485,49.637062072753906,84,0,1,1
421,A,421,0.01171654649078846,0.07076019793748856,nan,nan,512,0,0.01171654649078846,0.07076019793748856,all_rows,512,0,0.005811737384647131,0.0478515625,-0.0006760625867173076,0.0023451360466424376,0.10508988396031782,1dd3c43ca128bc29dd4354fa1d2ccc16:0:0,eef73f572d2e68d3dfba0a850684abae:0:0,2d6e3e1b7b24dd2d7bec2be71635cf3e:0:0,1413f53616673ddaa1e528b009a159e9:0:2645538540,1719393cf7604a87392108381b6afaec:1:1500627336,10,1.0,0,0,0,0,0,0,512,0,0,512,1,0,259,0,0,253,0,0,512,0.3913942873477936,50.021942138671875,98,0,0,0
422,A,422,0.0049269855953752995,0.07067541033029556,nan,nan,512,0,0.0049269855953752995,0.07067541033029556,all_rows,512,0,0.04005574434995651,0.10703125,0.004280382953584194,0.002448454801924527,0.13811680197250098,47122c297773b90db9cce3f06ccdc016:0:0,78347b15f1a4b4105239aa7bfaf122cb:0:0,27daf799aa66f35096e3d1fbc8c67e83:0:0,50ad7abb4062faf13b56ce628aaf15e9:0:3740370623,7af4db3f1adf48083d44f6111d14baf5:0:523226101,10,1.0,0,0,0,0,0,0,512,1,0,512,2,0,248,0,0,264,1,0,512,0.36184126138687134,49.246734619140625,98,0,1,1
423,A,423,0.0013580010272562504,0.07435174286365509,nan,nan,512,0,0.0013580010272562504,0.07435174286365509,all_rows,512,0,0.001987821189686656,0.094140625,-0.003551736706867814,0.0027351830154657363,0.13715228397632018,00f1f50fb3c938a775200fbab92eb416:0:0,32de2f3aa856eb438e5b2d4e5d60c9d2:0:0,227b2eb8413791c5781364f99d9949e8:0:0,961f72d12cff82629dba28ab73fcd1e9:0:3539475100,df056156c963a4173f3dc1403bd327cb:0:1900031461,10,1.0,0,0,0,0,0,0,512,1,0,512,0,0,267,0,0,245,1,0,512,0.3683379888534546,46.56694030761719,94,0,1,1
424,A,424,-0.008104994893074036,0.0708572044968605,nan,nan,512,0,-0.008104994893074036,0.0708572044968605,all_rows,512,0,0.0064352527260780334,0.137109375,-0.004617286170832813,0.002462673367699608,0.16901479504304007,263a56464583711c7f55abcd024fa816:0:0,08db47f2d5e7e40c9513ce5e72630228:0:0,8c4bc4d7960249548d2c02ec4e00bc73:0:0,411400e2a3a7c04deb5f18c6c58a8de9:0:1302637131,ff964a49e65909942aae0abb82f3b8a6:1:2859500004,10,1.0,0,0,0,0,0,0,512,1,0,512,0,0,260,0,0,252,1,0,512,0.39177680015563965,46.69890213012695,78,0,1,1
425,A,425,0.005907412618398666,0.0678601935505867,nan,nan,512,0,0.005907412618398666,0.0678601935505867,all_rows,512,0,0.017653411254286766,0.0728515625,-0.006259017717093229,0.002319047797936946,0.12995728495297953,13ad45fb5887943e36db4b9b48309c16:0:0,0ceb756f5ce33714779aff4e79e54e4f:0:0,54b5d081d54f4aa40de2a01b964a1d88:0:0,ab57a698747030eebc45bff07f5849e9:0:1510132254,4e3b1fa451ec2be77e54ec57da785600:1:2411521549,10,1.0,0,0,0,0,0,0,512,0,0,512,0,0,250,0,0,262,0,0,512,0.39408931136131287,47.6221923828125,82,0,0,0
426,A,426,-0.0017944974824786186,0.07245168089866638,nan,nan,512,0,-0.0017944974824786186,0.07245168089866638,all_rows,512,0,0.022117026150226593,0.0767578125,0.001173296384513378,0.0026019253651611506,0.11267167201731354,a9ce3db64dc1ae5fdc7342998ad19016:0:0,a2f2af616d8159766dd869c672f49c27:0:0,ee3c3e187df53d0010d5bd584605082f:0:0,37649433e3dbf941da1e7f64a16605e9:0:3846663127,e78dcd1ebbff48ea227fb019274531ed:1:4181623758,10,1.0,0,0,0,0,0,0,512,0,0,512,2,0,257,0,0,255,0,0,512,0.41371381282806396,46.04945755004883,87,0,0,0
427,A,427,-0.00042818719521164894,0.07104068249464035,nan,nan,512,0,-0.00042818719521164894,0.07104068249464035,all_rows,512,0,0.00725523242726922,0.062890625,-0.006597150955349207,0.0025024415692314504,0.14200128702213988,5b708c22ce0c31ec8734a43bca328416:0:0,70783b9b3451e8703e6ee182e057b1eb:0:0,8f25afcc17c6a9584398f29d34d28128:0:0,9f54370c8567f7e9fc49f85f2bb3c1e9:0:2807933036,be72652d79bacf3af9176f73a04202d1:1:347976689,10,1.0,0,0,0,0,0,0,512,1,0,512,0,0,258,0,0,254,1,0,512,0.3916797637939453,48.19319152832031,99,0,1,1
428,A,428,-0.007822520099580288,0.07606156170368195,nan,nan,512,0,-0.007822520099580288,0.07606156170368195,all_rows,512,0,0.003272071946412325,0.05703125,-0.002938378509134054,0.0028910299646668137,0.10475729499012232,cd42c2b09ff72fbd188b43f606537816:0:0,ce639f3020ae50e9fd288ef0eff50cd4:0:0,ed9cc1f949b3d6b3f165358793f7a680:0:0,e1e16fbadd17ce5483d90c1c1e417de9:0:946054851,26ecf1b6285a79a1d8a554828d294511:0:1484727506,10,1.0,0,0,0,0,0,0,512,0,0,512,1,0,239,0,0,273,0,0,512,0.3569231927394867,47.82299041748047,106,0,0,0
429,A,429,0.0026622279547154903,0.07203807681798935,nan,nan,512,0,0.0026622279547154903,0.07203807681798935,all_rows,512,0,0.005318171344697475,0.1138671875,0.0030312642455101015,0.0025855957879684865,0.10517004400026053,9bbc7998a8e33c2e3037b53c3f346c16:0:0,dd0cde34bbbd3c3ef13b94901d0cb11d:0:0,89bd89781fc4e66a35ddecb5c85834d8:0:0,aeb880b96040e21e378cdbd7790f39e9:0:1841506811,9f7f4d3ef05019e3db0f5dac3c54e88a:0:630720994,10,1.0,0,0,0,0,0,0,512,0,0,512,0,0,257,0,0,255,0,0,512,0.3579786419868469,47.26682662963867,111,0,0,0
430,A,430,-0.00936912652105093,0.07707027345895767,nan,nan,512,0,-0.00936912652105093,0.07707027345895767,all_rows,512,0,0.0034508765675127506,0.1154296875,-0.0023364322260022163,0.0029085105285048484,0.10429927200311795,374e44dc41e400f6204f4b8274d56016:0:0,25a8cd5c28ee3f74e88c7fb9674150ca:0:0,ec9f1d74447880d31a4fee89b4b3183f:0:0,c9e02985adcf56b7ffd6c8cd3c1cf5e9:0:3092391028,7fc60f2b270d2731169acc2ce59eeccd:1:2233964536,10,1.0,0,0,0,0,0,0,512,0,0,512,0,0,268,0,0,244,0,0,512,0.35737207531929016,47.05250549316406,94,0,0,0
431,A,431,0.013877522200345993,0.07459699362516403,nan,nan,512,0,0.013877522200345993,0.07459699362516403,all_rows,512,0,0.010272993706166744,0.070703125,-0.0041838603559881445,0.002725783933419734,0.11211784899933264,c73948d8c8de7bbae13c1a3ca7365416:0:0,9fb74e302e54824e97416b524fef3bfc:0:0,8f4c5ca1d0cbf07c3119365c71b7f10e:0:0,0cd1818c1640ff4ba2d87439676ab1e9:0:1438727862,c7b5358a20bfcc8a958d197559d6ca62:0:377470132,10,1.0,0,0,0,0,0,0,512,0,0,512,2,0,258,0,0,254,0,0,512,0.33774176239967346,46.82698440551758,87,0,0,0
432,A,432,-0.004928132519125938,0.07541769742965698,nan,nan,512,0,-0.004928132519125938,0.07541769742965698,all_rows,512,0,0.016164306551218033,0.075390625,0.0023190777050331236,0.0028340180520899593,0.15322715800721198,06c4650e1656e96805bcf4ded6574816:0:0,911af9b3ef15b2abe93d09c5501665b4:0:0,be6cd4186144452c61692ec1e8918151:0:0,fb1a0167cb9248e08063bf57faf86de9:0:3991337152,b60b38c312d163dd104d274615fee94d:0:4230494588,10,1.0,0,0,0,0,0,0,512,2,0,512,2,0,263,0,0,249,2,0,512,0.34506019949913025,47.421424865722656,95,0,2,2
433,A,433,0.002355891279876232,0.07163067162036896,nan,nan,512,0,0.002355891279876232,0.07163067162036896,all_rows,512,0,0.005615148693323135,0.034375,-0.004366372246295214,0.002502546226605773,0.16252366703702137,736067bb40625e44aee56edd02383c16:0:0,58be660df01572f03f8a7f4db6793c6c:0:0,c573d5e44c276b0b44363b74bf507427:0:0,d864c04251591cc04dfacb64f6c629e9:0:2016189086,dc054400f5ff784d2cab5df8d941852b:1:1546907737,10,1.0,0,0,0,0,0,0,512,1,0,512,1,0,256,0,0,256,1,0,512,0.35697317123413086,48.348358154296875,97,0,1,1
434,A,434,-0.0035982851404696703,0.07612085342407227,nan,nan,512,0,-0.0035982851404696703,0.07612085342407227,all_rows,512,0,0.003383532864972949,0.0556640625,-0.0015535347163677215,0.0028949021128937603,0.17557964602019638,41732cf9d3300ac9801ddbab2ad93016:0:0,b8b45c2318fcded87fe3c2820e07f2b8:0:0,25e0ee23f711dfe42ad35a62e15bd594:0:0,56c53e5d0549bb1bd2cff99c5ad3e5e9:0:3539440672,d1f8c9ec840f8d1c40d0d2a557e5ce8b:1:2176097598,10,1.0,0,0,0,0,0,0,512,0,0,512,0,0,256,0,0,256,0,0,512,0.3791348934173584,49.35222244262695,101,0,0,0
435,A,435,-0.00011906804866157472,0.07090742141008377,nan,nan,512,0,-0.00011906804866157472,0.07090742141008377,all_rows,512,0,0.016804348677396774,0.11015625,0.008736797887831927,0.002441336150513962,0.17274761403677985,c5b2f004679e2d3693234ebd503a2416:0:0,2e0381c76f3f8d56b747a30d1409a8f3:0:0,319998817362862d603697d04597aed9:0:0,d657250fd8618defa3c5eb3a2721a1e9:0:2524033018,97c7e9b6e504ca554d37dd2856669f89:1:4120580782,10,1.0,0,0,0,0,0,0,512,0,0,512,0,0,253,0,0,259,0,0,512,0.3955388367176056,49.31664276123047,102,0,0,0
436,A,436,0.0014841912779957056,0.06436564028263092,nan,nan,512,0,0.0014841912779957056,0.06436564028263092,all_rows,512,0,0.010644701309502125,0.0587890625,-0.0001726724673062563,0.0020456135855056344,0.17342934804037213,aef76d5a404eafe96c079b87725b1816:0:0,2a5eda3958c4ea509f0d8c879d21ccc3:0:0,7c96413ba0183ce520f1ee74f2291fcd:0:0,52fb2fc890f3f428df6f817a5baf5de9:0:3399227609,bde8f1107536e779f342af59aa7b767b:1:3163799195,10,1.0,0,0,0,0,0,0,512,0,0,512,3,0,258,0,0,254,0,0,512,0.4013882279396057,51.16289138793945,104,0,0,0
437,A,437,-0.0014122131979092956,0.08043370395898819,nan,nan,512,0,-0.0014122131979092956,0.08043370395898819,all_rows,512,0,0.00740221468731761,0.0599609375,-0.007927741389721632,0.0032288382179103793,0.2077714609913528,ecedc07655af7472ed31557d913c0c16:0:0,8a0da13d140d49c865f32a7bab67c22f:0:0,438ad1e84bbb66fe64f5a4bbd942acc0:0:0,0a69f8d62dd50509ea0fdd98f87d19e9:0:941197651,4ebe9d3bb43d7248d07fb219d9dccd63:1:937784280,10,1.0,0,0,0,0,0,0,512,2,0,512,1,0,278,0,0,234,2,0,512,0.42725545167922974,50.24626159667969,105,0,2,2
438,A,438,-0.004918859340250492,0.075468510389328,nan,nan,512,0,-0.004918859340250492,0.075468510389328,all_rows,512,0,0.003486714093014598,0.069140625,-0.0015172990271821619,0.0028427418204955758,0.13829858304234222,cfee27d4f96a4b6d4b5bd013acdd0016:0:0,5d034c4461d4df5dc175d70939d6a7c4:0:0,bc92e0fac6466b9ecb0144ab0a24ecca:0:0,2441a80c42de4bcf299a60d1fd8ad5e9:0:319221220,1d4ae267a4ddb9b4035d6c31a173c26b:1:3191615260,10,1.0,0,0,0,0,0,0,512,1,0,512,0,0,263,0,0,249,1,0,512,0.3822384178638458,49.23832321166992,107,0,1,1
439,A,439,0.0006346956361085176,0.06971535086631775,nan,nan,512,0,0.0006346956361085176,0.06971535086631775,all_rows,512,0,0.006988354027271271,0.0375,-0.003557062381878495,0.0024143593618646264,0.1412512959796004,2a100e07f9b0991201971ebdc53df416:0:0,6bef59faeab387830f7ca7668c2e8ad4:0:0,52c61b1b935924deb3772ef01043731a:0:0,bf5b808a67097b93c1b2ac616ad891e9:0:1507204003,f5bf9f8605aaae32efeff4ec12db5047:0:3531823952,10,1.0,0,0,0,0,0,0,512,1,0,512,0,0,258,0,0,254,1,0,512,0.3712313771247864,48.9002685546875,104,0,1,1
440,A,440,-0.0018105806084349751,0.0702168270945549,nan,nan,512,0,-0.0018105806084349751,0.0702168270945549,all_rows,512,0,0.0040167891420423985,0.055859375,-0.0017123236786574126,0.002467627078294754,0.13929756003199145,5e40de9decd6a68fc54814efda5ee816:0:0,f598fd5fcece3c4a206647d502a1262e:0:0,609a33114443d412d7d69bd2b02dfd6a:0:0,43da06340c5d1b764faca18340664de9:0:1453263990,5adaf2524841dd61352440baeec3149a:1:187166143,10,1.0,0,0,0,0,0,0,512,1,0,512,3,0,252,0,0,260,1,0,512,0.4080730080604553,50.006317138671875,110,0,1,1
441,A,441,-0.010476252064108849,0.09411445260047913,nan,nan,512,0,-0.010476252064108849,0.09411445260047913,all_rows,512,0,0.005664468742907047,0.0859375,0.0010073783341795206,0.0035642380360513927,0.11613523802952841,b45549a60db2a0207a28461dec3fdc16:0:0,ec7a567b2d2a4b6847a2ac2322846aee:0:0,4fc398905afc8c19168b7a24ac170258:0:0,403feaa559e72afda68c61737e3409e9:0:588572339,335d6e29874432378a8e62bf18d67919:0:3001785648,10,1.0,0,0,0,0,0,0,512,0,0,512,1,0,257,0,0,255,0,0,512,0.3712017238140106,48.978485107421875,96,0,0,0
442,A,442,0.004240126349031925,0.07798851281404495,nan,nan,512,0,0.004240126349031925,0.07798851281404495,all_rows,512,0,0.023065129294991493,0.0810546875,-0.006827676901593804,0.0029988834052346648,0.17569854098837823,558aa89ed1333fdf264605bbfae0d016:0:0,df64391226768227670d9e3871449082:0:0,a72ca885bc41ea6cb32b8f6cb79d323b:0:0,f1bb24b1e001bebd8b064d6e2441c5e9:0:2882969084,c9f4199d9bc789fdf838e74f34c7e51b:1:1068805056,10,1.0,0,0,0,0,0,0,512,1,0,512,1,0,249,0,0,263,1,0,512,0.371404767036438,48.1066780090332,106,0,1,1
443,A,443,-0.00395778426900506,0.08044338971376419,nan,nan,512,0,-0.00395778426900506,0.08044338971376419,all_rows,512,0,0.002736858557909727,0.081640625,0.0003690007608383894,0.003215080127120018,0.10885667096590623,60773ba21da2255de604673e0641c416:0:0,32ba596778bf7d519641d0575cdfc142:0:0,b05533358fc9a9f6ed86b3597776a49b:0:0,6ce684ba3f1d953b6f7f06af328f81e9:0:2990709312,7a8317faacbed5b77829dbc7a2f45914:0:959066764,10,1.0,0,0,0,0,0,0,512,0,0,512,1,0,249,0,0,263,0,0,512,0.3447335362434387,48.414527893066406,102,0,0,0
444,A,444,0.006102988962084055,0.07336511462926865,nan,nan,512,0,0.006102988962084055,0.07336511462926865,all_rows,512,0,0.00839234609156847,0.1025390625,0.002832228597253561,0.002649009181186557,0.1409624589723535,eabbeda6cc05d9fbe01b3e180e62b816:0:0,89da4952906351620c62564f4379b92e:0:0,ad162532c88715426783430f1ae37179:0:0,b4d6c366194ea413300b6e72a91d3de9:0:1755677340,767335c4e30ba86b697c4e43f1a9915d:0:2500970928,10,1.0,0,0,0,0,0,0,512,1,0,512,2,0,250,0,0,262,1,0,512,0.3687340319156647,48.762481689453125,103,0,1,1
445,A,445,-0.005325987935066223,0.07075139135122299,nan,nan,512,0,-0.005325987935066223,0.07075139135122299,all_rows,512,0,0.00409785658121109,0.0583984375,0.0010172430425882339,0.0024548000830691306,0.10931785695720464,e6a93ab3dc1781fb39971dbe1343ac16:0:0,fc334ffb3fe53eb5df6c5638c25ae649:0:0,49c3d9e9a0c1112bc21df5d8d4108844:0:0,72966f8fe6d69d5bce70a5f487eaf9e9:0:331762475,12ff55570f632f2677eebbcc07048632:1:1179721449,10,1.0,0,0,0,0,0,0,512,0,0,512,6,0,248,0,0,264,0,0,512,0.36654409766197205,47.864803314208984,105,0,0,0
446,A,446,-0.0013361410237848759,0.07536551356315613,nan,nan,512,0,-0.0013361410237848759,0.07536551356315613,all_rows,512,0,0.0019003385677933693,0.0712890625,-0.0035018986091017723,0.0028353602974675596,0.1432651660288684,1832b2e683403a5709d959a414e4a016:0:0,1738fdcbde38464f9def9e698439070d:0:0,3c1a541fe8d294d153e9c1f33b04d882:0:0,f77e437085e96d4c2e240e70cef8b5e9:0:3402786818,b26a15b48963f7c9aeb1f82602a37960:0:3643325448,10,1.0,0,0,0,0,0,0,512,2,0,512,0,0,258,0,0,254,2,0,512,0.40315449237823486,48.09746170043945,95,0,2,2
447,A,447,0.007723757531493902,0.06848226487636566,nan,nan,512,0,0.007723757531493902,0.06848226487636566,all_rows,512,0,0.0053623998537659645,0.0755859375,0.007751190150156617,0.0023496571113355456,0.14650684595108032,ebc16930ff1223594e98053e13459416:0:0,71f38a629214a56baae5cd5a3236a574:0:0,a5520579dc9393e2297c989a52c632db:0:0,495d48589de7b01fd04b49237e4671e9:0:1887282757,792dab119c31ccc474b01da5dc8f75a3:0:49997212,10,1.0,0,0,0,0,0,0,512,1,0,512,1,0,259,0,0,253,1,0,512,0.4012148678302765,47.980995178222656,111,0,1,1
448,A,448,0.005237652454525232,0.07100782543420792,nan,nan,512,0,0.005237652454525232,0.07100782543420792,all_rows,512,0,0.006021022796630859,0.0794921875,0.0001139122061431408,0.0025149579683784395,0.176137882983312,777564bcd3b117f0dfddf4000e668816:0:0,bdffdb4169035aee8a2b534b4483cc9e:0:0,720cab9cf89f55072e1d2c3061a76a92:0:0,b065cb862e4b203b8fbc374895d42de9:0:3438000624,92abf0759bac0b7106064636de7c4ec6:1:878511195,10,1.0,0,0,0,0,0,0,512,1,0,512,0,0,249,0,0,263,1,0,512,0.385816752910614,48.59494400024414,113,0,1,1
449,A,449,0.007302429527044296,0.07662508636713028,nan,nan,512,0,0.007302429527044296,0.07662508636713028,all_rows,512,0,0.006121139507740736,0.0458984375,-0.0022503973450511694,0.002920507942326367,0.2045326399966143,90f0e7dfde9f11c7640ab95e06477c16:0:0,6380ab01c8a75abe8fff51c30b947d6b:0:0,77b557428dd7f69776c9d00d61c7a9c2:0:0,24917de4e180fc925cfcfa1c15a1e9e9:0:3183228611,0fae0796395d1ecb8c2a221640dec72e:1:2960164016,10,1.0,0,0,0,0,0,0,512,1,0,512,1,0,259,0,0,253,1,0,512,0.39512956142425537,47.786373138427734,121,0,1,1
450,A,450,-0.005150657147169113,0.07204286009073257,nan,nan,512,0,-0.005150657147169113,0.07204286009073257,all_rows,512,0,0.004903868772089481,0.0974609375,0.00064210738055408,0.002535798354074359,0.20873284299159423,0b9e0f9866603a1743d2a8cbfae87016:0:0,a85f5b247a74034b480de047a2cd28ee:0:0,f98b795cf05be11e76bad8d92952bcf5:0:0,92e82bc7fbee6749fa43f2d9fdafa5e9:0:3764657194,5e69f4a80a3d538b7754d9e14424caef:1:858966098,10,1.0,0,0,0,0,0,0,512,1,0,512,1,0,252,0,0,260,1,0,512,0.3894473910331726,48.71889114379883,101,0,1,1
451,A,451,0.0036463914439082146,0.07247201353311539,nan,nan,512,0,0.0036463914439082146,0.07247201353311539,all_rows,512,0,0.008672844618558884,0.063671875,-0.004705945332534611,0.0025827975710853933,0.15840385697083548,423ff2890f6aa7419e3ed5bdec496416:0:0,8b4fcf37ffe0fc5fc6115c2c35858ad5:0:0,6a2345324bd1ebd8f6f9a615cfdbc4fc:0:0,cb0948ecff5abc9fb777c2be4dfd61e9:0:2727652521,4272e726a9703af58cae6fc8a4606a4b:0:1354682076,10,1.0,0,0,0,0,0,0,512,0,0,512,0,0,280,0,0,232,0,0,512,0.3788846433162689,48.8469123840332,103,0,0,0
452,A,452,-0.0062729488126933575,0.07063823193311691,nan,nan,512,0,-0.0062729488126933575,0.07063823193311691,all_rows,512,0,0.003792298026382923,0.0455078125,-0.000575350783765316,0.0024408355820924044,0.15161028102738783,5f4bfe725ed5c7243cad13a7da6a5816:0:0,e3e674134a9e2223bdf48fbf82b8fea8:0:0,b214b4ee15caea4046893555f1104909:0:0,82c918565afbe20d2e2f4b05068b1de9:0:1550909412,6fc080096707d0e770e24c4fa31710e0:1:2182611171,10,1.0,0,0,0,0,0,0,512,0,0,512,0,0,239,0,0,273,0,0,512,0.36453232169151306,48.774723052978516,116,0,0,0
453,A,453,0.0029678503051400185,0.08000381290912628,nan,nan,512,0,0.0029678503051400185,0.08000381290912628,all_rows,512,0,0.006000338587909937,0.1005859375,-0.007204331737011671,0.0031950782751664518,0.20633634499972686,c6bedf2c333d762f86cff5fdc54b4c16:0:0,1bd302239c555bf338de51d986a8abd4:0:0,c2c5de6319619d24f88bc95ad7394afe:0:0,c8de7ecdc0608dacfdb1acea2758d9e9:0:4102683086,8f2a6e98e252ef7ad000f64ecd727cf6:1:3320058481,10,1.0,0,0,0,0,0,0,512,1,0,512,1,0,263,0,0,249,1,0,512,0.3630121648311615,49.529354095458984,105,0,1,1
454,A,454,0.007990007288753986,0.07033126801252365,nan,nan,512,0,0.007990007288753986,0.07033126801252365,all_rows,512,0,0.003461296670138836,0.074609375,-0.008766209869645537,0.002329661475960165,0.11950014700414613,eea1ba265c4cc33c76aed033acec4016:0:0,e05960f4455365e3824760c2bf355cf9:0:0,aeeaae326537297b6f5bca7decfdff50:0:0,00c6921df57485df86f649a9b06695e9:0:2251348916,108ef13d22fc18b886c22502e59e7957:0:4184132931,10,1.0,0,0,0,0,0,0,512,0,0,512,0,0,260,0,0,252,0,0,512,0.34311941266059875,49.12627410888672,111,0,0,0
455,A,455,-0.002353131305426359,0.0819505900144577,nan,nan,512,0,-0.002353131305426359,0.0819505900144577,all_rows,512,0,0.004024609923362732,0.080078125,-0.0032201265916228295,0.003331528592389077,0.13321107398951426,3600fd7c396460228ca5b5bd914d3416:0:0,c1daaf2cc22f71bc33ef33997e9453ee:0:0,9d65857f7672f1a0bf342e974d0c2333:0:0,a166b6543bdad92fa8a4c27fa1b451e9:0:731541128,7eb9d03f598fb24af035534782597b4f:0:3081605643,10,1.0,0,0,0,0,0,0,512,1,0,512,0,0,261,0,0,251,1,0,512,0.33239561319351196,48.51716613769531,114,0,1,1
456,A,456,-0.0005064326105639338,0.07232781499624252,nan,nan,512,0,-0.0005064326105639338,0.07232781499624252,all_rows,512,0,0.03594391047954559,0.1787109375,0.0016579717863351106,0.0025990533060394226,0.15148268401389942,416d69ac07d0bf0dc3657a0f726e2816:0:0,7a33e0e74cfd386bd6e08bb628bfaf7e:0:0,937897d3ecb0c195f3e62285e15772ec:0:0,f5d59599a5da0e777b14f8a7fb420de9:0:1980459506,03012a110273dd71a30f2b39b3621262:1:2685272360,10,1.0,0,0,0,0,0,0,512,4,0,512,1,0,258,0,0,254,4,0,512,0.33799219131469727,47.827274322509766,107,0,4,4
457,A,457,-0.0010346437338739634,0.06748175621032715,nan,nan,512,0,-0.0010346437338739634,0.06748175621032715,all_rows,512,0,0.002432493958622217,0.0466796875,0.001309585478156805,0.0021868645795620977,0.1088920880574733,6d0259074903dc9483f3b09d504f1c16:0:0,614fed094ab2055ab900ab788b817959:0:0,6792205147d310fe80f537987b822eac:0:0,944e7674f1164d450c4f0d5ebd0fc9e9:0:1382075429,07907792be4281ca75acfd2dbab9ffe8:0:958285151,10,1.0,0,0,0,0,0,0,512,0,0,512,4,0,252,0,0,260,0,0,512,0.3322431743144989,50.24295425415039,132,0,0,0
458,A,458,-0.0025518396869301796,0.0748542994260788,nan,nan,512,0,-0.0025518396869301796,0.0748542994260788,all_rows,512,0,0.0028723436407744884,0.0408203125,-0.005476927384734154,0.0026619703974574806,0.15003714500926435,5b1997f66946b68d99aaacdb2af01016:0:0,1d51ae2dd3814222bf989e0ab77b1890:0:0,4436cd555c10fe1b6ca9ec741ecf6ade:0:0,aae96785bf557e7f1c0b61dfe71d85e9:0:2526417470,650e6713b4c7ef2a91bc7bb3e5a4fd8a:0:2978566266,10,1.0,0,0,0,0,0,0,512,3,0,512,1,0,250,0,0,262,3,0,512,0.33297210931777954,50.921146392822266,114,0,3,3
459,A,459,0.002319824416190386,0.07300800085067749,nan,nan,512,0,0.002319824416190386,0.07300800085067749,all_rows,512,0,0.004207960329949856,0.041796875,2.761515788733959e-05,0.0026337096584029495,0.13606218999484554,e90d652e8f566fa62639823d02510416:0:0,040432effab888acfd0491c4d48f48f4:0:0,e66d8610d5cccc7f4ff7f5481159922e:0:0,2c85670a45896549d7b29767796b41e9:0:2485085950,cf345688c54b3abbf0d7df067271dfda:0:1899091687,10,1.0,0,0,0,0,0,0,512,1,0,512,2,0,247,0,0,265,1,0,512,0.3520728349685669,50.33794021606445,127,0,1,1
460,A,460,-0.0004426197847351432,0.06868553906679153,nan,nan,512,0,-0.0004426197847351432,0.06868553906679153,all_rows,512,0,0.0025427783839404583,0.064453125,-0.007528857700526715,0.002336492051836103,0.13418185099726543,3d6c68fd3d611fb795a40436d671f816:0:0,ff58eebefc0ee80f236db669e40f8804:0:0,388081f98f6c6d1fe9bf2d8c95d02814:0:0,daa017c0c95bb02b965d8f3173f8fde9:0:4133734122,7b44f1fd7df7eb619bf7ba57f78bc5ab:0:703642411,10,1.0,0,0,0,0,0,0,512,1,0,512,1,0,274,0,0,238,1,0,512,0.343625009059906,50.25456619262695,101,0,1,1
461,A,461,0.0018408431205898523,0.07481607049703598,nan,nan,512,0,0.0018408431205898523,0.07481607049703598,all_rows,512,0,0.0020674895495176315,0.048828125,-0.0016286685364320873,0.002770522318314761,0.13707548199454322,91919ed22bd650dd9242c63ca752ec16:0:0,297d439e107b672db09766f31b3e9aeb:0:0,591aa2571dd30dd8a8bc9e876865e58f:0:0,aae0bbf68578027194d56a79d6c6b9e9:0:1674899374,cc63f8c6358696cd0adab52311abc2aa:1:700228741,10,1.0,0,0,0,0,0,0,512,1,0,512,1,0,258,0,0,254,1,0,512,0.3298942446708679,49.58251190185547,97,0,1,1
462,A,462,0.0016478670295327902,0.07355676591396332,nan,nan,512,0,0.0016478670295327902,0.07355676591396332,all_rows,512,0,0.007139637600630522,0.073046875,-0.0017133342102169991,0.0026725777075625955,0.14214822900248691,286b4c34867f294bf8c31bc274f3e016:0:0,85e227a189dbb7483172fd0aba424381:0:0,1fff5d9c5b8387e1ba9e378a3b2c8f94:0:0,a12212d5cccff5d4b1938a7ca1d475e9:0:2842499968,863bd1437913726ed76459c1a73b9542:0:1863611286,10,1.0,0,0,0,0,0,0,512,1,0,512,2,0,261,0,0,251,1,0,512,0.33181142807006836,49.475791931152344,104,0,1,1
463,A,463,-0.0022212183102965355,0.07061824202537537,nan,nan,512,0,-0.0022212183102965355,0.07061824202537537,all_rows,512,0,0.00028987007681280375,0.0224609375,-0.00016973558813333512,0.002436099614715204,0.1414341030176729,f2203455745241e4cc27183c3f54d416:0:0,c370bb282999165bb3efe905019de4a7:0:0,73dfc256bfd434131455ffbc2acb8e81:0:0,710853458515145e28c19075d52231e9:0:57826165,c55146dcfaf30a05fb332861eb205a37:0:928942313,10,1.0,0,0,0,0,0,0,512,1,0,512,3,0,260,0,0,252,1,0,512,0.34186163544654846,48.61619186401367,101,0,1,1
464,A,464,-0.00026763760251924396,0.06710775196552277,nan,nan,512,0,-0.00026763760251924396,0.06710775196552277,all_rows,512,0,0.026596620678901672,0.078515625,0.004992157313972711,0.002225381653988734,0.15599071001634002,04f13f769277298e29c58f1e0675c816:0:0,cce87d8e4d956e43dae5b133ac7e70fc:0:0,bc49d6022477b666cc8e0aed89ebb178:0:0,9ceddaec50a4ca8c50395da170afede9:0:2587891278,ca4480c8cd5b686e281c26cfe2a9a4d6:0:696372220,10,1.0,0,0,0,0,0,0,512,5,0,512,4,0,248,0,0,264,5,0,512,0.3389151990413666,48.58792495727539,118,0,5,5
465,A,465,0.009365534409880638,0.07311700284481049,nan,nan,512,0,0.009365534409880638,0.07311700284481049,all_rows,512,0,0.008734069764614105,0.1423828125,-0.0029527750331908463,0.002573162573389709,0.14817760896403342,b3efc95fcaed95483d4a13dbca56bc16:0:0,8637ef5b3586f2efb0ed28e1289efb98:0:0,027b85390db5cc0b5ba081a936003c01:0:0,db6a3f2a002251b75385133b747da9e9:0:3165668817,bef7f0916674ffdd8e7bf7a934e1ab0a:1:242263338,10,1.0,0,0,0,0,0,0,512,2,0,512,2,0,286,0,0,226,2,0,512,0.3333463966846466,50.99562072753906,100,0,2,2
466,A,466,-0.0016233548521995544,0.062446948140859604,nan,nan,512,0,-0.0016233548521995544,0.062446948140859604,all_rows,512,0,0.0008051329059526324,0.0875,0.005987218394875526,0.0019314171222504228,0.13833276799414307,00a5ba24af4c3d0334b4f9e98af7b016:0:0,5e85de514cb874d725acd80277fbe0df:0:0,f343af1fb866c30f1577c0258cea96ca:0:0,d92c411a23fa92b5efdf127fe08b65e9:0:3444414221,a13534b54e9976aabed5f9a9a16f0845:0:485488254,10,1.0,0,0,0,0,0,0,512,2,0,512,0,0,230,0,0,282,2,0,512,0.34150221943855286,49.8178825378418,128,0,2,2
467,A,467,-0.011434727348387241,0.07358056306838989,nan,nan,512,0,-0.011434727348387241,0.07358056306838989,all_rows,512,0,0.010903454385697842,0.0990234375,0.0051564441062510015,0.002667019108776003,0.13659813802223653,ca5c707e400b6535345b54bb4858a416:0:0,207c895bede0ea547108813b3578578c:0:0,d6b53df1a44c56168e6bb54a22ce0f5d:0:0,7a8fb4f2d60e00c23031fcaab4d921e9:0:2338096301,80456dbb71de917ede3730694834912b:0:971636821,10,1.0,0,0,0,0,0,0,512,1,0,512,2,0,260,0,0,252,1,0,512,0.33692148327827454,49.55400848388672,110,0,1,1
468,A,468,0.006790876388549805,0.07239190489053726,nan,nan,512,0,0.006790876388549805,0.07239190489053726,all_rows,512,0,0.004371802322566509,0.0375,-0.0020008113700896502,0.0025486635335255415,0.1639731959439814,d10a5d02c8cf15304ae6f7c502799816:0:0,729d3df8bfde60d7e626bcf67f608a7f:0:0,d88df5ead68dd889a65856c933c89034:0:0,1784b85313bc6c9e2918b2f7f166dde9:0:3119833173,5879cf62b9199e1154df7da3c8877db5:0:2072940594,10,1.0,0,0,0,0,0,0,512,3,0,512,2,0,257,0,0,255,3,0,512,0.33165881037712097,50.86954116821289,115,0,3,3
469,A,469,0.0023309290409088135,0.06927037239074707,nan,nan,512,0,0.0023309290409088135,0.06927037239074707,all_rows,512,0,0.005882264114916325,0.0484375,-0.0020391251659020782,0.002401845547137782,0.15077396697597578,bfd4f98a3a24fa386556767ab95a8c16:0:0,c0174b81645cb30b45a3578c94949622:0:0,56ba061dc6cea1195f6c55c0d1015c58:0:0,55459a54408ecff8b4de56a3963499e9:0:3534786316,207e8fb00673524749e79cc5d6e5dc44:1:57252115,10,1.0,0,0,0,0,0,0,512,2,0,512,2,0,255,0,0,257,2,0,512,0.3317020833492279,51.46560287475586,126,0,2,2
470,A,470,-0.004909129813313484,0.07697393745183945,nan,nan,512,0,-0.004909129813313484,0.07697393745183945,all_rows,512,0,0.0045926254242658615,0.071484375,-0.002331992844119668,0.002817284781485796,0.13543814199510962,584588122929f75942fd24506cfb8016:0:0,072e38881cfcf0fd49f73c5d33274c6c:0:0,307783485fcd59dd8e6bdfa06b88c8b1:0:0,c43c9b72a9bb11122f7e48e9a34255e9:0:1775076732,0d4968623c4f5eb23bb412bdb2650331:0:1725935451,10,1.0,0,0,0,0,0,0,512,1,0,512,3,0,256,0,0,256,1,0,512,0.32259395718574524,50.781978607177734,138,0,1,1
471,A,471,0.0030163838528096676,0.06893031299114227,nan,nan,512,0,0.0030163838528096676,0.06893031299114227,all_rows,512,0,0.0013585331616923213,0.04453125,-0.002326995879411697,0.0023339412524364888,0.13397922000149265,e08ab8795d8b61fc698314ba1d5c7416:0:0,ad9a0c11382c4efdbf097f9e5a67b8e0:0:0,f1efbefe4e73340281834b1d52908069:0:0,cd9a2aa122bdbea132a42b06189011e9:0:3224692549,dbbabcc08d6daafe0813103aa3c3debb:1:2796808378,10,1.0,0,0,0,0,0,0,512,1,0,512,4,0,260,0,0,252,1,0,512,0.32346588373184204,52.01665115356445,113,0,1,1
472,A,472,-0.004172319546341896,0.078329898416996,nan,nan,512,0,-0.004172319546341896,0.078329898416996,all_rows,512,0,0.01613639108836651,0.12734375,-0.0003083697985857725,0.0030663511715829372,0.15310363000025973,8127fc6f9657eb3f18e51b2bca7d6816:0:0,3d2321799f6e5ef3849dfd043c60099a:0:0,06adaf19879881679c13b974f3e73085:0:0,4bb7801c1345c3f751abde34f61dcde9:0:59213447,222a7391c3c2769fbe61f953405d47e5:0:2057063306,10,1.0,0,0,0,0,0,0,512,4,0,512,1,0,263,0,0,249,4,0,512,0.3183337450027466,52.22162628173828,100,0,4,4
473,A,473,0.007631136104464531,0.06443261355161667,nan,nan,512,0,0.007631136104464531,0.06443261355161667,all_rows,512,0,0.003445782233029604,0.0310546875,-0.0022329398896545173,0.0020540583587717264,0.14914858696283773,a604ecfaee1436083f74cb19745e5c16:0:0,27e544f0e4803cdc1ea49933ecd4e957:0:0,2640aee34eabd4cdfca299598130c244:0:0,eab86dd08eae1565d5a183b23beb89e9:0:3329988781,f0a3ebb1378480276a30bb2da1b439b0:0:2838825417,10,1.0,0,0,0,0,0,0,512,2,0,512,2,0,246,0,0,266,2,0,512,0.3136413097381592,50.265708923339844,132,0,2,2
474,A,474,-0.006323252338916063,0.07510507106781006,nan,nan,512,0,-0.006323252338916063,0.07510507106781006,all_rows,512,0,0.006940766237676144,0.0541015625,-0.005592068168334663,0.002774452103767544,0.14145459199789912,18abb4f9068719de6dd877f71aff5016:0:0,d8ad5d3f4963c0c585d9ac5cb1b9e0ff:0:0,7c4508822fc33be9d39938b08dda4536:0:0,ac31f06c4d4154e279417cb9e9f945e9:0:2595526402,df7f44caff1c7ad6a2f608d72d4c5158:1:311966628,10,1.0,0,0,0,0,0,0,512,2,0,512,3,0,254,0,0,258,2,0,512,0.33132389187812805,49.74169158935547,107,0,2,2
475,A,475,0.001454475917853415,0.0656798705458641,nan,nan,512,0,0.001454475917853415,0.0656798705458641,all_rows,512,0,0.0018864417215809226,0.1064453125,0.0006948122754693031,0.0021531330014113335,0.13534825504757464,c26cf806e4b1927dcb0b3538be604416:0:0,84f5bddcb7a38a5b32fe2b7646f9ce2c:0:0,e789e65ac0ecfdf02246f217b89d98d4:0:0,29297b6b9f836eec24f86a88004701e9:0:3242423364,32960f9f2901ec3b96f951e8f615f1cd:0:3748284149,10,1.0,0,0,0,0,0,0,512,1,0,512,5,0,260,0,0,252,1,0,512,0.31507959961891174,50.58458709716797,118,0,1,1
476,A,476,-0.0033115034457296133,0.07248169183731079,nan,nan,512,0,-0.0033115034457296133,0.07248169183731079,all_rows,512,0,0.01071895007044077,0.0986328125,0.0037798584904521703,0.0026064353296533227,0.1407486880198121,31d2253f25665c2e085cd6525e813816:0:0,cd7522976c305162fd529a3a10eb8ff9:0:0,834330547769f3ae67da8a3b14d4f4ca:0:0,f9cb25bab3bd2fafaae32e587ed4bde9:0:1285566347,2c4da17f99f9a6a429ea6a1bac799b47:1:3160454393,10,1.0,0,0,0,0,0,0,512,1,0,512,1,0,265,0,0,247,1,0,512,0.32545286417007446,49.873172760009766,113,0,1,1
477,A,477,0.006756313145160675,0.0729050561785698,nan,nan,512,0,0.006756313145160675,0.0729050561785698,all_rows,512,0,0.002477588364854455,0.0349609375,-0.004006376303732395,0.0026326083578169348,0.13472392002586275,7c049142f2f53cd85571eeb7fb622c16:0:0,2200b45a1afade1e8b4b3eccbeba79b9:0:0,8f6630706dd847175aaf7dc4bb886a74:0:0,89fac3bfc605d06c82cee96765a279e9:0:686418529,42a6df73c3b3bbf0034d4b15c5073351:1:2292269547,10,1.0,0,0,0,0,0,0,512,1,0,512,1,0,256,0,0,256,1,0,512,0.3364936113357544,48.99644088745117,108,0,1,1
478,A,478,-0.0011462464462965727,0.07055351883172989,nan,nan,512,0,-0.0011462464462965727,0.07055351883172989,all_rows,512,0,0.003633099375292659,0.06484375,-0.0031567255733534693,0.0024728857388254255,0.1353179290308617,3d581306e45df9dd5443d1dd95032016:0:0,163c219c23b5e38ca262112029b30882:0:0,f6537195922ae282cd3ed16280ca204c:0:0,1da59ee413067d198638fcf0b4b035e9:0:3778493124,76e928df9ae5ecc04969045982ffd8fb:0:3234963929,10,1.0,0,0,0,0,0,0,512,1,0,512,3,0,251,0,0,261,1,0,512,0.3173082172870636,49.8894157409668,102,0,1,1
479,A,479,-0.0013473755680024624,0.06436853110790253,nan,nan,512,0,-0.0013473755680024624,0.06436853110790253,all_rows,512,0,0.0039298636838793755,0.107421875,-0.0008566283620893955,0.0020205155131407084,0.1643583679688163,b0bb32e1ae7efaab0d2093372b641416:0:0,212da84f0bd5faa74390250454bee274:0:0,5e84c2127a851cae31aa433bb728e233:0:0,67b7d9f1a5b3d249ac4f0a306bfdf1e9:0:655478885,2df97b66378ba70a5a27a455ea64adff:1:1588526043,10,1.0,0,0,0,0,0,0,512,3,0,512,2,0,244,0,0,268,3,0,512,0.31482502818107605,51.07142639160156,112,0,3,3
480,A,480,-0.004285609349608421,0.05918523669242859,nan,nan,512,0,-0.004285609349608421,0.05918523669242859,all_rows,512,0,0.008604466915130615,0.060546875,-0.006796429329551756,0.0017029125941917301,0.14908703096443787,712d435f4fb39812e2ab0638be850816:0:0,4a52ba9732e07dcff5555932626b30b8:0:0,32b8f3b1a8b8d5e72fbe803918a886f3:0:0,6311acdc58395350c5eef2628b8bade9:0:3003038118,01d9277a5f26b537799b9c6ddec24a51:0:2017639191,10,1.0,0,0,0,0,0,0,512,2,0,512,0,0,233,0,0,279,2,0,512,0.32467982172966003,50.79904556274414,129,0,2,2
481,A,481,-0.001733240787871182,0.07324514538049698,nan,nan,512,0,-0.001733240787871182,0.07324514538049698,all_rows,512,0,0.006389806978404522,0.0677734375,-0.003962353430688381,0.0025800195173360406,0.1519993169931695,d743f7601e56185f85dabe564e65fc16:0:0,71f8586cc0dc3de02694a9c406d70cc8:0:0,fb9eb7600dc08fe3988c9d333b0fea83:0:0,9e0d79cca052d8a839a6d6c3135969e9:0:526784354,e8bdca3686ec5cd1d7a2666550450c91:1:3354072309,10,1.0,0,0,0,0,0,0,512,3,0,512,0,0,249,0,0,263,3,0,512,0.28599679470062256,49.39387130737305,133,0,3,3
482,A,482,-0.00405978225171566,0.06502523273229599,nan,nan,512,0,-0.00405978225171566,0.06502523273229599,all_rows,512,0,0.013514723628759384,0.144921875,-0.01337728025391698,0.0020449732372071596,0.10482196899829432,63fe390fe299582ae9fc0f03db06f016:0:0,2f7aa5a97f87e314c1a88a96a1b7d788:0:0,71da33ba5b5f76c06d33b758b7402efd:0:0,67585082ff4ff693bfb5188e036725e9:0:342474092,5adb91735b4b8c79ba1c878dab70c9fb:1:3977644931,10,1.0,0,0,0,0,0,0,512,0,0,512,2,0,262,0,0,250,0,0,512,0.30483877658843994,49.06132888793945,109,0,0,0
483,A,483,-0.001914281747303903,0.06578974425792694,nan,nan,512,0,-0.001914281747303903,0.06578974425792694,all_rows,512,0,0.0011648695217445493,0.1181640625,-0.0027085534762591123,0.002156243257923052,0.14451780100353062,a6612945e42e1ff438b00bb56467e416:0:0,f5fa28818b796aeb2691451ecd319f96:0:0,9ac73a026992a1a65ce83f73ec8d1152:0:0,ce4ac46b2dfd5c061e0858ff5bb4e1e9:0:1402113737,e13fdc7f1e09129c30f44b2fcfbd1362:0:3415691473,10,1.0,0,0,0,0,0,0,512,1,0,512,3,0,261,0,0,251,1,0,512,0.33590736985206604,48.60289001464844,101,0,1,1
484,A,484,-0.001395844155922532,0.0746365562081337,nan,nan,512,0,-0.001395844155922532,0.0746365562081337,all_rows,512,0,0.0036883025895804167,0.088671875,-0.003964601736515761,0.0027200050884857775,0.13864034099970013,df6646e394282675c5ec87deea88d816:0:0,488751d36e9b9758c10cacf6a20c6ccc:0:0,c9ff4937ae0e16a4c7c78d04bc60b988:0:0,b9d804f65cb029c5e43f79531c429de9:0:4136960970,b9850ad470b8b4e9433809a85d9c21a8:0:233878674,10,1.0,0,0,0,0,0,0,512,1,0,512,2,0,244,0,0,268,1,0,512,0.33419886231422424,48.281620025634766,105,0,1,1
485,A,485,0.007184606045484543,0.07277099043130875,nan,nan,512,0,0.007184606045484543,0.07277099043130875,all_rows,512,0,0.003483854467049241,0.04453125,-0.0004931733477860689,0.002625828597228974,0.15402130200527608,b456c9cc3b96bfbb03fc16f46d69cc16:0:0,4d11d66653f9331d10cf045efabc7668:0:0,cb95e64c5d2ef740472c859bbc59ea3e:0:0,ffccef141faf41d227a99ac5451059e9:0:2966088610,50316b33d13e7099e180640902a56f48:1:2986154779,10,1.0,0,0,0,0,0,0,512,2,0,512,2,0,247,0,0,265,2,0,512,0.31770336627960205,49.03971862792969,115,0,2,2
486,A,486,0.008200743235647678,0.06757717579603195,nan,nan,512,0,0.008200743235647678,0.06757717579603195,all_rows,512,0,0.01826215162873268,0.0931640625,-0.009807766135782003,0.002246869873488322,0.11005026299972087,df903d14d74538f6777e0c69ed0ac016:0:0,bb93adce5a24f9c1849bb8c5ebd34e78:0:0,251f865de9c0f2bb9c7fbb2a3ca7df75:0:0,eab851e1e0368f073f461e91d61e15e9:0:2140396557,bdadcc9cdd5d4dfc1b714397de0b85af:1:504759981,10,1.0,0,0,0,0,0,0,512,0,0,512,4,0,241,0,0,271,0,0,512,0.34155112504959106,49.836002349853516,130,0,0,0
487,A,487,-0.011156477965414524,0.062376320362091064,nan,nan,512,0,-0.011156477965414524,0.062376320362091064,all_rows,512,0,0.006274659652262926,0.0787109375,0.002406189776957035,0.0019145432917866856,0.17921125004068017,5f9958100916e117ab667bb3696bb416:0:0,a025deb1aff8904fe33ac73fbbb4a654:0:0,d648f74a57ed687dea1348ff0f0c8829:0:0,87b0dfe8ea5045037fc4a5f4cf6bd1e9:0:312330869,aed41b0bbb9875327b4b2e48b0e85396:1:2824957444,10,1.0,0,0,0,0,0,0,512,3,0,512,1,0,231,0,0,281,3,0,512,0.3725387454032898,49.80772018432617,103,0,3,3
488,A,488,0.0020020809024572372,0.07037585228681564,nan,nan,512,0,0.0020020809024572372,0.07037585228681564,all_rows,512,0,0.006158508360385895,0.0373046875,0.0007688681595027447,0.0024198744096793233,0.17413188295904547,8123fddec772be2124fe3844e28ca816:0:0,66e2b412f48b8b4893d7aff574e18a45:0:0,9b99444830dbb2a895a2f4970c3846da:0:0,ee8441836fc0184bf785122a30f98de9:0:539653419,7d6007ee9eafe75b86e124fdc33c9895:1:3139895197,10,1.0,0,0,0,0,0,0,512,0,0,512,2,0,250,0,0,262,0,0,512,0.3635331690311432,48.64437484741211,106,0,0,0
489,A,489,-0.002488891826942563,0.06895355880260468,nan,nan,512,0,-0.002488891826942563,0.06895355880260468,all_rows,512,0,0.003718503750860691,0.05234375,0.0011659879703074694,0.0023626711627002805,0.22364811995066702,a6da27333332ef3e57e2d592586d9c16:0:0,b876cfd80ca986b65455af3bcb5f9bf7:0:0,55d950382961ff1ad126b2f1b85c0cfc:0:0,06ed7441183c6eb12a97846dfac749e9:0:373127190,5dd8b6e0ed24e38420a210af89e097ac:1:2296926458,10,1.0,0,0,0,0,0,0,512,3,0,512,1,0,229,0,0,283,3,0,512,0.3633032739162445,48.92317199707031,108,0,3,3
490,A,490,-0.004060697741806507,0.07567862421274185,nan,nan,512,0,-0.004060697741806507,0.07567862421274185,all_rows,512,0,0.0013425303623080254,0.1185546875,0.0037111530546098948,0.0028300596808549018,0.15493980405153707,3e5f49f7bc8bbb999a06a70fcb0e9016:0:0,b5d65894eb6e8163d7a538498f4ec375:0:0,5017a3dd9d0ce2c819fe2aafa0396a1e:0:0,9c7f1663f73187f3cebc5dfc2cd505e9:0:1069009156,306c197742f129af3ac01aecf19f2de1:0:1155574464,10,1.0,0,0,0,0,0,0,512,0,0,512,2,0,258,0,0,254,0,0,512,0.3690827488899231,48.817779541015625,105,0,0,0
491,A,491,0.0034738839603960514,0.07655195891857147,nan,nan,512,0,0.0034738839603960514,0.07655195891857147,all_rows,512,0,0.0026444625109434128,0.0564453125,-0.0035284093813970686,0.0028652375331148505,0.20061826496385038,418696917f5e4df217b0c0313a6f8416:0:0,a23d138590e8405de77b50cc38931f46:0:0,32bb743dc1ab0a56eda911cb713093de:0:0,69386cceff4a9ea987644010c722c1e9:0:437768251,0a9dae089b09bc7f4a0a81aab64694b7:1:270912488,10,1.0,0,0,0,0,0,0,512,1,0,512,3,0,274,0,0,238,1,0,512,0.35932469367980957,49.20006561279297,98,0,1,1
492,A,492,-0.0075127664022147655,0.07264945656061172,nan,nan,512,0,-0.0075127664022147655,0.07264945656061172,all_rows,512,0,0.002317720092833042,0.0115234375,0.0002613877411931753,0.00254228807752952,0.19316605798667297,52201a797f6b1cf1c77cf46aa6907816:0:0,a122fc83b9315823138c4b8d1ebec1a4:0:0,6fab3a041f60a3078759226474c21afa:0:0,a481dcff4bfd0161a1b00be7c9b07de9:0:2353079998,4d3a61d922c44fd4c18ced1730cbc442:0:4050833814,10,1.0,0,0,0,0,0,0,512,1,0,512,2,0,249,0,0,263,1,0,512,0.35287657380104065,49.75392150878906,110,0,1,1
493,A,493,0.0019126851111650467,0.06699033081531525,nan,nan,512,0,0.0019126851111650467,0.06699033081531525,all_rows,512,0,0.0023068562150001526,0.0943359375,0.002173239504918456,0.0022268221888225525,0.1956411780556664,4aab83ed2cd800435e5bd7300f716c16:0:0,7a684741e98cc287e65a758cf469b737:0:0,5d80b65b15be8dd7a441051508229f41:0:0,21cf3be9d9512409d070e2bd347e39e9:0:3773939673,473681b1da23c60328afd37a9ff11a0f:0:1845901260,10,1.0,0,0,0,0,0,0,512,1,0,512,1,0,264,0,0,248,1,0,512,0.3501087725162506,50.552669525146484,105,0,1,1
494,A,494,0.00575387105345726,0.06748940795660019,nan,nan,512,0,0.00575387105345726,0.06748940795660019,all_rows,512,0,0.010437698103487492,0.0453125,0.0017665555234998465,0.0022379514412023127,0.16209515399532393,6376e27b597df2684392bbf575126016:0:0,4749e77cdb250eea1311dea2f363e5d0:0:0,790c9053fadd7395409751538f68d523:0:0,a7a3b5d78225a992e82825cd078bf5e9:0:222484270,451027c805c323378e4d3256b7483203:1:2291819950,10,1.0,0,0,0,0,0,0,512,0,0,512,4,0,258,0,0,254,0,0,512,0.36255812644958496,51.24132537841797,97,0,0,0
495,A,495,-0.006220050621777773,0.06600940227508545,nan,nan,512,0,-0.006220050621777773,0.06600940227508545,all_rows,512,0,0.012836634181439877,0.112109375,0.005585692636668682,0.0021823331364430485,0.21109304996207356,26f2543787727f4e84bbb62ed7735416:0:0,d001201e943c5d68ae3d4509d55f13ce:0:0,d475dabba86da2f689a74bf3e05fb08c:0:0,6d6c32995d2865d59b07765342d9b1e9:0:4265248670,7d96bf6f38245cd0703efe9a56a2b35d:0:3708673818,10,1.0,0,0,0,0,0,0,512,2,0,512,3,0,237,0,0,275,2,0,512,0.34822770953178406,52.39373016357422,115,0,2,2
496,A,496,0.002240650122985244,0.07674816250801086,nan,nan,512,0,0.002240650122985244,0.07674816250801086,all_rows,512,0,0.002958862343803048,0.0896484375,0.005307113751769066,0.0029299196088686586,0.22450296598253772,be0f17623940dfa6c9c5995036944816:0:0,fc45d2a24b606ca0e03e13eb5b054f87:0:0,912cbd8830e9099b11dc3b360f3197c2:0:0,24d9f4afd0c157b734f0b58be6676de9:0:789058720,640b62f94c321f81bf4ba5875c640a54:1:722135789,10,1.0,0,0,0,0,0,0,512,4,0,512,1,0,287,0,0,225,4,0,512,0.35485073924064636,51.06267547607422,88,0,4,4
497,A,497,-0.005687408614903688,0.06683610379695892,nan,nan,512,0,-0.005687408614903688,0.06683610379695892,all_rows,512,0,0.004406684078276157,0.1150390625,-0.0025489000137895344,0.0021670715243089942,0.18723855400457978,fb18f459ac46c0fa48f3f8cd92753c16:0:0,415ec3ea11becea3aa78e40ca70cf52d:0:0,c0bb098f41bbb57f1cb99e1b812ce41d:0:0,2257c93ef62b9b8e577604b2f23529e9:0:1735729613,0e0a3c70cb470aa786b84cb8e1ab2f98:1:4044770841,10,1.0,0,0,0,0,0,0,512,1,0,512,0,0,237,0,0,275,1,0,512,0.35188809037208557,51.47603988647461,99,0,1,1
498,A,498,0.00943564623594284,0.07517308741807938,nan,nan,512,0,0.00943564623594284,0.07517308741807938,all_rows,512,0,0.009650817140936852,0.1029296875,-0.0011211507488042116,0.0027404120890423657,0.15438623999943957,535c63ab25a8ba80badf281aeb163016:0:0,3407aa70779a38874540912d1df24a1a:0:0,cfb1151f16ea8020b51a7c54da32e2fc:0:0,a82071eb23f855c7b5d9c5046642e5e9:0:1003581100,e669b91b977bcae1caf43fedcfa1a6ec:1:1321433900,10,1.0,0,0,0,0,0,0,512,2,0,512,0,0,256,0,0,256,2,0,512,0.3657173216342926,51.911346435546875,109,0,2,2
499,A,499,0.001473107491619885,0.0706285834312439,nan,nan,512,0,0.001473107491619885,0.0706285834312439,all_rows,512,0,0.002901403233408928,0.0541015625,0.0022704565431922673,0.002429704077076167,0.15333063900470734,0ada3821ba526eb64e743aac40772416:0:0,7764b483476c4f2e2fef337302df10ef:0:0,2c11bd2a4bef49001581bb3687061a22:0:0,90a500f8b83795cad10e97bc4290a1e9:0:1336570690,e0edc60ac218f61d3a731b1933f9e743:0:2665288689,10,1.0,0,0,0,0,0,0,512,1,0,512,1,0,258,0,0,254,1,0,512,0.35524797439575195,49.8406982421875,105,0,1,1
500,A,500,-0.007514462806284428,0.07819204777479172,nan,nan,512,0,-0.007514462806284428,0.07819204777479172,all_rows,512,0,0.004048832692205906,0.091015625,-1.6851769760251046e-05,0.0029742624727077784,0.10708030697423965,8e02ecb43a7659b19cf503f592981816:0:0,d763604143009e98ec2a04fc5ba39d9e:0:0,91fbf2b8f51b9d605a8c8fbe44a5276e:0:0,1f95ab4a7a83311eb3b75e16871e5de9:0:4015539690,594d3d9dccbc4c4ca0eb8809725cfbd0:1:2195616742,10,1.0,0,0,0,0,0,0,512,0,0,512,0,0,266,0,0,246,0,0,512,0.3560214042663574,50.4389762878418,91,0,0,0
501,A,501,-0.012969107367098331,0.07683373242616653,nan,nan,512,0,-0.012969107367098331,0.07683373242616653,all_rows,512,0,0.0007152226753532887,0.1236328125,-0.0002496759407222271,0.00276626794366166,0.14896031800890341,b0b80238a9014c399df8176ae1790c16:0:0,c2088e02b3fec0b439f105a27ad0d0f0:0:0,6345cc5a75f4a27c925d39abf3bf658a:0:0,253f1b1a2e2796ceae27394f33ec19e9:0:2479197201,fccd98e120b7eb356fd677e30777e466:1:641195524,10,1.0,0,0,0,0,0,0,512,2,0,512,1,0,265,0,0,247,2,0,512,0.3497178554534912,49.5326042175293,98,0,2,2
502,A,502,0.0014527712482959032,0.07391617447137833,nan,nan,512,0,0.0014527712482959032,0.07391617447137833,all_rows,512,0,0.0028509655967354774,0.04140625,-0.0007138599641621113,0.0026818954152986406,0.14787021098891273,a46118c86775939b9b68c8802d1a0016:0:0,718797ced48bf7fbf3a6d09d0e6fd19c:0:0,154b7228c3fa3afb1371d19eb08b8c07:0:0,664991872ca69b0f12618aa248f9d5e9:0:799503162,17aa6b59c24fe6619aeb18fb5f47eefa:0:3697937309,10,1.0,0,0,0,0,0,0,512,2,0,512,1,0,261,0,0,251,2,0,512,0.34602877497673035,49.682743072509766,103,0,2,2
503,A,503,-0.005010944325476885,0.07336867600679398,nan,nan,512,0,-0.005010944325476885,0.07336867600679398,all_rows,512,0,0.007881256751716137,0.0615234375,-0.005125666595995426,0.0026700994931161404,0.13998051901580766,4d7ca4c4fea1ce4125872aa9757af416:0:0,3d236f5f92e49a14ac34d73b70d0873f:0:0,e2ef8112e1c28e3bf8a69c899276d005:0:0,ea7e245720d03b21f019f34bc64791e9:0:2583021369,d314b923b018b643a6c2c49a10aca15e:0:1742445067,10,1.0,0,0,0,0,0,0,512,1,0,512,0,0,269,0,0,243,1,0,512,0.3488483130931854,49.38694381713867,99,0,1,1
504,A,504,0.0034673353657126427,0.0679280161857605,nan,nan,512,0,0.0034673353657126427,0.0679280161857605,all_rows,512,0,0.002716165967285633,0.0671875,-0.000657382421195507,0.002322281140368432,0.14763009402668104,907947722ca76d0606e8115aba9be816:0:0,4b0cc25c56f99e628d8873610d06a2b5:0:0,b9398d610d2d559a07eee346545e35bc:0:0,f84920853aad597bd0b45487abd54de9:0:2750795786,a624219a52f7e94f4dc411d5e7f777bf:0:668631119,10,1.0,0,0,0,0,0,0,512,2,0,512,1,0,268,0,0,244,2,0,512,0.3497423529624939,51.080928802490234,79,0,2,2
505,A,505,-0.0030788069125264883,0.07218088954687119,nan,nan,512,0,-0.0030788069125264883,0.07218088954687119,all_rows,512,0,0.004534423351287842,0.078515625,-0.006521859602071345,0.0025982402148656547,0.15230753499781713,9294ef1ea0c4e14e38751007fc7cdc16:0:0,dd31f578e24d4d4d6b476d9cf641b233:0:0,5404cf298a05cc75136ff0fca81e40c9:0:0,a07f117c747872287344cf91f9a309e9:0:3985496955,b0770bafb0d05042e7c8038dc60961b0:0:2183622035,10,1.0,0,0,0,0,0,0,512,3,0,512,3,0,258,0,0,254,3,0,512,0.3651790916919708,50.34491729736328,94,0,3,3
506,A,506,0.0011759938206523657,0.06847051531076431,nan,nan,512,0,0.0011759938206523657,0.06847051531076431,all_rows,512,0,0.00682666152715683,0.037109375,0.0009040269069373608,0.002341302955755964,0.137445829983335,22b9f2d98d5777dbd56c7a253b1dd016:0:0,ce0479c22cdf505a1c1b4169781233f0:0:0,6a95a319b6217c73b91746bdb65a2f89:0:0,5eb42019c0e0476f888fc5a6afb0c5e9:0:2701462956,09de01cd954fdd5c3b2e08f1d8adac0b:0:3434873423,10,1.0,0,0,0,0,0,0,512,1,0,512,3,0,242,0,0,270,1,0,512,0.34211331605911255,49.38850784301758,113,0,1,1
507,A,507,-0.006436150521039963,0.07030478864908218,nan,nan,512,0,-0.006436150521039963,0.07030478864908218,all_rows,512,0,0.0037041918840259314,0.076953125,0.0016142578097060323,0.002440995228243992,0.14048643299611285,e49861b7f888e0650f616326767ec416:0:0,79f7cec7cab9f59d5a13cf3ef722b76f:0:0,b19ccf930956c296497f0fc0f7f5837d:0:0,fe7b6bd33ad086b96f09d801cdfe81e9:0:585459621,722dc9918ade5d3583d98a7379015ec0:1:1039155039,10,1.0,0,0,0,0,0,0,512,1,0,512,2,0,237,0,0,275,1,0,512,0.3414907455444336,47.565948486328125,107,0,1,1
508,A,508,-0.003386635798960924,0.07180669903755188,nan,nan,512,0,-0.003386635798960924,0.07180669903755188,all_rows,512,0,0.004223024006932974,0.09921875,0.00292298742569983,0.002560247166547924,0.15411056601442397,ca4ab5b1741c61ea223b9e7fae9fb816:0:0,ca26435da41ab8d299c9ca6ecc8e2b1b:0:0,88d79e7b7247486a4e99dcdd85e25701:0:0,3565aba1aefc65b3eed7e7df548c3de9:0:3268861330,f44e5ae3dcf4f5b04fd22965be6dde81:0:3705904179,10,1.0,0,0,0,0,0,0,512,3,0,512,1,0,259,0,0,253,3,0,512,0.3393659293651581,47.98843765258789,118,0,3,3
509,A,509,0.006190028507262468,0.06732014566659927,nan,nan,512,0,0.006190028507262468,0.06732014566659927,all_rows,512,0,0.0069036949425935745,0.062890625,-0.0068739883601665495,0.002206669677980244,0.1589004559791647,43710620a4cfbbcb4837bfa4e380ac16:0:0,a35d6b9d932d3b9f3ed146fd0d0adede:0:0,8bf4eafb83d5d7d02ffc9e029fc24d92:0:0,bcd3cb8a176737b6f5cf167b4359f9e9:0:3152193661,d6d04ca7dfdce476cc09e025c5c6d3ab:1:3445887184,10,1.0,0,0,0,0,0,0,512,3,0,512,3,0,243,0,0,269,3,0,512,0.3171611726284027,48.67066955566406,125,0,3,3
510,A,510,-0.011297845281660557,0.07073938101530075,nan,nan,512,0,-0.011297845281660557,0.07073938101530075,all_rows,512,0,0.004293353762477636,0.0771484375,-0.00048745805397629736,0.0024217766476795077,0.14144866698188707,a894b5f8c1c3b39eade71a0a1521a016:0:0,d8e14f8f0ef8561c344731d6c3d95c05:0:0,3f29d9de703b96fe925f7d6da1ed9885:0:0,b5eb5ee4e126fb695374c5119a67b5e9:0:3752581642,9e1a566776db39e7d870cb9a389b52b8:1:4204560598,10,1.0,0,0,0,0,0,0,512,1,0,512,0,0,270,0,0,242,1,0,512,0.3219491243362427,48.989532470703125,97,0,1,1
511,A,511,0.001415917882695794,0.06537433713674545,nan,nan,512,0,0.001415917882695794,0.06537433713674545,all_rows,512,0,0.010103226639330387,0.0619140625,0.001135995937511325,0.0021229621139355003,0.1534804969560355,2b986dc5f4604fc6662fc12343829416:0:0,cab707f573c4dc3be44c3d1a8ad47fd2:0:0,68dd4b565f62b92091c97a9f7ab3c695:0:0,4d6f9ec1149ce0a574fe94de59b571e9:0:841582386,d04e78e9eceacfc3ba4e10c3bb820363:0:109225334,10,1.0,0,0,0,0,0,0,512,5,0,512,0,0,240,0,0,272,5,0,512,0.30243006348609924,49.52570343017578,120,0,5,5
512,A,512,0.011412253603339195,0.06578472256660461,nan,nan,512,0,0.011412253603339195,0.06578472256660461,all_rows,512,0,0.00628733541816473,0.08203125,0.010771214449778199,0.0021213819971308114,0.10507646598853171,56b4f9934128bec65e4c88646ea38816:0:0,5132432e82a33ce870e219bd72631a44:0:0,751ab58f91562dad4ba4ac44fde128a5:0:0,75324701b85fc69e2152671d81432de9:0:3370605498,c8f6249bee020027fc8a96f4b733fe83:1:748410444,10,1.0,0,0,0,0,0,0,512,0,0,512,0,0,248,0,0,264,0,0,512,0.30589568614959717,50.491886138916016,121,0,0,0
513,A,513,-0.0043139709159731865,0.07503710687160492,nan,nan,512,0,-0.0043139709159731865,0.07503710687160492,all_rows,512,0,0.012512436136603355,0.1015625,0.0022660454735159872,0.0028204714180901647,0.1563438650337048,3fcb5ed561f2eb5a51cd034196847c16:0:0,caef412291bb8f3cc63bd408372604bd:0:0,4208b52d1052a5711533b0d7ec70a6d2:0:0,a57bfc140714b24335065d0b1110e9e9:0:2408251949,12e6f731d209e0612db25336547c8007:1:1677019712,10,1.0,0,0,0,0,0,0,512,4,0,512,2,0,259,0,0,253,4,0,512,0.3035754859447479,51.48740768432617,112,0,4,4
514,A,514,-0.007718444336205721,0.063670314848423,nan,nan,512,0,-0.007718444336205721,0.063670314848423,all_rows,512,0,0.002800282323732972,0.0375,-0.002481506299227476,0.0019971924310084434,0.1389036899781786,6a672e7eb9f6bd4bbe95852ebb257016:0:0,91e23f6cbde4bb414aefdf07cca77cc6:0:0,df8c362e51569ff4354053709ba8d3ed:0:0,7a73f65d50713ce65e60d7e3091ea5e9:0:1706976316,abec7837f8dfa362a6910e963e440089:0:2826020584,10,1.0,0,0,0,0,0,0,512,1,0,512,1,0,234,0,0,278,1,0,512,0.2866085171699524,52.600547790527344,129,0,1,1
515,A,515,0.009781884029507637,0.06663413345813751,nan,nan,512,0,0.009781884029507637,0.06663413345813751,all_rows,512,0,0.003447539173066616,0.070703125,-0.0010571034159511327,0.0022223315841984003,0.1385741249541752,3c69bb654c290707d8df219fdc866416:0:0,5037a896aee061c5c181177381911443:0:0,5c96fe076a76c1acde3aced58d78abfb:0:0,30727fbf9da3fb1fd95878e1696c61e9:0:2943259296,6501cf92230c99740e5e385746968065:0:3440150709,10,1.0,0,0,0,0,0,0,512,1,0,512,2,0,258,0,0,254,1,0,512,0.28545257449150085,51.985538482666016,112,0,1,1
516,A,516,-0.005189917515963316,0.06641462445259094,nan,nan,512,0,-0.005189917515963316,0.06641462445259094,all_rows,512,0,0.0035802917554974556,0.086328125,-0.001879874849691987,0.002197669219458476,0.14025598403532058,44bf75285c561ff57f37ac08faa75816:0:0,5945e142f99c78e3a0f19c1707b66de5:0:0,eceee2e101dc539d98b1a56aeb0c0f81:0:0,06895ad4715edbf32b94214231fa1de9:0:378453451,a3ce51a5b53bbdec354a37062fb558c7:1:2744815333,10,1.0,0,0,0,0,0,0,512,1,0,512,2,0,250,0,0,262,1,0,512,0.3080365061759949,51.91781234741211,111,0,1,1
517,A,517,-0.0022505968809127808,0.07009383291006088,nan,nan,512,0,-0.0022505968809127808,0.07009383291006088,all_rows,512,0,0.004429313354194164,0.1005859375,-0.0003812541253864765,0.0024620941723696886,0.10561446804786101,bd7433c823702b8b2e81b7de15884c16:0:0,a3ad194f89d19c956ece55bcdd40b669:0:0,ae81d84415b447ad8406ef0ac57b8645:0:0,f0a872bd3bbf8033e06af24162c7d9e9:0:203952069,c9626d8d2ef52abe1c6505083a310fd8:0:3659613489,10,1.0,0,0,0,0,0,0,512,0,0,512,3,0,243,0,0,269,0,0,512,0.29306119680404663,52.45558166503906,113,0,0,0
518,A,518,0.005232617259025574,0.06417883932590485,nan,nan,512,0,0.005232617259025574,0.06417883932590485,all_rows,512,0,0.005929133854806423,0.06171875,-0.0027924865717068315,0.0020464325440116226,0.10576151200802997,07b9c026bf850d24f5f498932d294016:0:0,e1134be91714b700405113c83c9b7054:0:0,8496ee2528a2aabad79943516ec6d1f4:0:0,4adc35a95a518a2a44e44d1afbd595e9:0:133219214,a16e0ad0a5c773f6d1e788d7084ccf7e:0:128814012,10,1.0,0,0,0,0,0,0,512,0,0,512,1,0,258,0,0,254,0,0,512,0.27210766077041626,52.46494674682617,116,0,0,0
519,A,519,-0.0003744950518012047,0.06737653911113739,nan,nan,512,0,-0.0003744950518012047,0.06737653911113739,all_rows,512,0,0.007968122139573097,0.055078125,-0.0017754104221239686,0.0022554391645826398,0.1683683440205641,bdbd59ae47d0089a6b1c619c418a3416:0:0,4d151b6a72e15855d8f2ffdef8f9970f:0:0,208faa961b670abe40fe0531d9d0dc3d:0:0,f575bb71bc66e57823b7d30afd2351e9:0:3054715866,43e3dc321ee004386ca6af0693fe906c:0:2488545093,10,1.0,0,0,0,0,0,0,512,4,0,512,3,0,263,0,0,249,4,0,512,0.25423574447631836,51.954017639160156,109,0,4,4
520,A,520,-0.0036504531744867563,0.06454838067293167,nan,nan,512,0,-0.0036504531744867563,0.06454838067293167,all_rows,512,0,0.002835638355463743,0.0396484375,-0.0009127593948505819,0.0020354797481559215,0.15632122900569811,b83d615cad5b0f949dd9e66d52ab2816:0:0,26192915bf40d6958daed992247366da:0:0,b67d49f5d21369331c8c3a9d58047321:0:0,eebb54ea8402073d814d654d66b10de9:0:4274402556,6f9f758ef6c3a704d2618cc7df09f1a1:1:961205431,10,1.0,0,0,0,0,0,0,512,2,0,512,1,0,229,0,0,283,2,0,512,0.23987412452697754,51.689605712890625,138,0,2,2
521,A,521,0.03468789532780647,0.08104228228330612,nan,nan,512,0,0.03468789532780647,0.08104228228330612,all_rows,512,0,0.007945675402879715,0.059375,-0.0014157564379274844,0.002720119012519717,0.15912864002166316,696fae7ad0a3bba40c62ba7a608c1c16:0:0,76916c8fe0170da131e740680e80b5d2:0:0,de394da649844b04326dbc8b31f989e1:0:0,aa4a57cb3b8e267d57bd251e387ec9e9:0:3040934971,17823940f370e9c9f92f6ff91d790040:0:1333095093,10,1.0,0,0,0,0,0,0,512,5,0,512,1,0,270,0,0,242,5,0,512,0.24816252291202545,52.627899169921875,115,0,5,5
522,A,522,-0.004529506899416447,0.06585708260536194,nan,nan,512,0,-0.004529506899416447,0.06585708260536194,all_rows,512,0,0.012220331467688084,0.0525390625,0.0017245712224394083,0.0021760243456810714,0.15892540698405355,90b36148f4b7f516974131376b2d1016:0:0,89912ef53edb77be954b319950775aa5:0:0,e8184f6fc1ada8014449071ce2982b0c:0:0,98d8ee4e78a16cc252cf73b9728c85e9:0:3693655972,123e02e19aea421814e1975eda37bf7b:0:812513627,10,1.0,0,0,0,0,0,0,512,8,0,512,2,0,271,0,0,241,8,0,512,0.2655557096004486,51.64646911621094,116,0,8,8
523,A,523,-0.0006314291385933757,0.0668228417634964,nan,nan,512,0,-0.0006314291385933757,0.0668228417634964,all_rows,512,0,0.01166132278740406,0.0427734375,-0.001987803587689996,0.0022005469421856106,0.14806276600575075,e77e4bef783e468d75545e18728e0416:0:0,12ed095f2ee630cc8d8b7d3e33f408b9:0:0,197a1d1cf0d01738aeeb0ccf77f408f7:0:0,14c860ea04051f038bfcf25b14da41e9:0:1425646741,9c13f6ed103adee6e79fda4692b2c382:0:1459949626,10,1.0,0,0,0,0,0,0,512,2,0,512,1,0,248,0,0,264,2,0,512,0.28518980741500854,51.25864028930664,129,0,2,2
524,A,524,0.005684216506779194,0.0592091865837574,nan,nan,512,0,0.005684216506779194,0.0592091865837574,all_rows,512,0,0.006993191782385111,0.0390625,-0.00027721542865037917,0.0017486744502093643,0.15093184396391734,5cb642077cdddd5327d0149176aef816:0:0,9a02e6762205f0c6e5a66948df0dfe73:0:0,be86f071797683966df3ddade028039c:0:0,c135bbc0df3fbec9466e823f1f67fde9:0:973062232,7209a843fdd2c4c0ab8ab7746383cb6b:1:3843095229,10,1.0,0,0,0,0,0,0,512,3,0,512,7,0,232,0,0,280,3,0,512,0.2573406398296356,50.99043655395508,137,0,3,3
525,A,525,0.003506590612232685,0.07142449915409088,nan,nan,512,0,0.003506590612232685,0.07142449915409088,all_rows,512,0,0.003372692968696356,0.0705078125,-0.0011563517153263092,0.0025344363879412414,0.1602092069806531,1cf1cb13e57a36716e3ce816778fec16:0:0,cbfe536da6593fd60cf723874ded11cf:0:0,38d960cabcbd02129f7d0155c913611a:0:0,e22fd8b0bfdd2391aafd44a19235b9e9:0:3533443373,39bab33f6a1ba9c587c55bafebed104f:1:3861576191,10,1.0,0,0,0,0,0,0,512,6,0,512,2,0,256,0,0,256,6,0,512,0.2596242129802704,49.428226470947266,131,0,6,6
526,A,526,-0.005845838226377964,0.07029744982719421,nan,nan,512,0,-0.005845838226377964,0.07029744982719421,all_rows,512,0,0.0028622839599847794,0.1021484375,-0.0007835712749511003,0.002464361721649766,0.1592430149903521,60b1d447d3b678873a782c1b7530e016:0:0,deb65feb4002f9157a0fa7c039a2fd18:0:0,161d7e48d2785a9ac006c4c4ab781e1d:0:0,d5aeba1cd8b08c7584329abe6d4375e9:0:3775206831,0e534487f926559aed8e058c070fd63b:1:1014736929,10,1.0,0,0,0,0,0,0,512,4,0,512,3,0,271,0,0,241,4,0,512,0.2722611129283905,50.16844940185547,116,0,4,4
527,A,527,0.00023230200167745352,0.061993375420570374,nan,nan,512,0,0.00023230200167745352,0.061993375420570374,all_rows,512,0,0.00837592501193285,0.0630859375,-0.0008698104415088892,0.0019099562894552946,0.15455145802116022,224711fc8d347a5ea4b3f4146f91d416:0:0,51e9c09a296f3f3a774ff5ca4d63d36f:0:0,21613ea925b9a6b2a918f4fab163cbc7:0:0,2618c1d8094caa0cfa4825d1b09131e9:0:4075694194,c0e03e279c0662bde7920aeee7761941:1:885619568,10,1.0,0,0,0,0,0,0,512,2,0,512,3,0,234,0,0,278,2,0,512,0.2845221757888794,49.99606704711914,132,0,2,2
528,A,528,-0.007021117955446243,0.06317004561424255,nan,nan,512,0,-0.007021117955446243,0.06317004561424255,all_rows,512,0,0.009351714514195919,0.036328125,0.00330482698045671,0.001899345126003027,0.1625069270376116,d081c93d71037642df77137566b2c816:0:0,b1afd33b3d3347d51260c1b14547d252:0:0,c4d888bec28058c657a4e7a1e97411a0:0:0,38ceaad0cbeda0944f27c7175c1eede9:0:905306021,44e9d05cb78ce4bc6f42022929c161ef:1:3265893845,10,1.0,0,0,0,0,0,0,512,5,0,512,4,0,252,0,0,260,5,0,512,0.27088674902915955,50.63474655151367,118,0,5,5
529,A,529,0.0008577199187129736,0.07469340413808823,nan,nan,512,0,0.0008577199187129736,0.07469340413808823,all_rows,512,0,0.0027627828530967236,0.116796875,0.007448415318503976,0.0027544408687390385,0.15231125196442008,2e41b5d565b26a162b9d1db25a93bc16:0:0,709fe0710f8b7aa662edae371287c0c9:0:0,c7dd0284114bf4dc73d6f7b908987725:0:0,e59f43617a1102509a6b9fcb6feca9e9:0:4201534730,d46e49c1b337c2f2cdca6c5100c56b68:0:556565919,10,1.0,0,0,0,0,0,0,512,4,0,512,4,0,254,0,0,258,4,0,512,0.2673454284667969,52.30021286010742,136,0,4,4
530,A,530,-4.729739157482982e-05,0.07017480581998825,nan,nan,512,0,-4.729739157482982e-05,0.07017480581998825,all_rows,512,0,0.015208673663437366,0.124609375,-0.0008616083301603794,0.0024421841895673423,0.14723311603302136,2e3db14de87a2427cc56663f4b34b016:0:0,b453cb1d99be2ce97d1a1a6999bf4c1d:0:0,b7170628387ba432773c3b5c03511140:0:0,d767b967bff7c234855e1129ebfa65e9:0:3443684000,83b3689713f97e4b1d04e74ffad90c47:1:3911217676,10,1.0,0,0,0,0,0,0,512,2,0,512,3,0,250,0,0,262,2,0,512,0.25766512751579285,52.08527374267578,140,0,2,2
531,A,531,0.009007143788039684,0.0698375403881073,nan,nan,512,0,0.009007143788039684,0.0698375403881073,all_rows,512,0,0.002687255386263132,0.0572265625,-0.00978753031231463,0.0024494095589034258,0.15568437095498666,1aa7a354a5f2fcc9fb2800903895a416:0:0,dfa8589a41f6d23a74a4ad74ee41e091:0:0,269bd9a4706452f127e34db902ede40e:0:0,fac4d886574e1ec506f9bc6ed04821e9:0:4042625954,f9a8a967ff0f0e939d9e627fa7d4d0b3:1:2430282849,10,1.0,0,0,0,0,0,0,512,3,0,512,5,0,247,0,0,265,3,0,512,0.2599039673805237,54.00734329223633,147,0,3,3
532,A,532,-0.0017296327278017998,0.06469523161649704,nan,nan,512,0,-0.0017296327278017998,0.06469523161649704,all_rows,512,0,0.004924659617245197,0.148828125,0.00031625572592020035,0.00208686898695305,0.15309995698044077,16691c0144ca3ca7dbebc01922b69816:0:0,084aeb7ef93d5f28ae1573832fcc6666:0:0,b2dce5e9a39c097e55b412fd7aece562:0:0,fdd4e6346135853e1fe982d61cd5dde9:0:3296381380,8e7064271d5d0c908deb736c36baa07f:0:1702688157,10,1.0,0,0,0,0,0,0,512,3,0,512,1,0,255,0,0,257,3,0,512,0.2505379319190979,53.283905029296875,146,0,3,3
533,A,533,-0.006388546898961067,0.05901188403367996,nan,nan,512,0,-0.006388546898961067,0.05901188403367996,all_rows,512,0,0.004737598821520805,0.074609375,-0.002561526792123914,0.0016817407857161015,0.10673859005328268,5e57c479caeb2fdb70d0384e09978c16:0:0,0cbf969c71c8917f31f28bacac3382f7:0:0,4528ece9f4d18091965ebb3324c92eae:0:0,83e0ce7df7ec6cf79688859bd1a399e9:0:642774302,8782c3b9a0fdb3fb8f886135ba687676:1:223011526,10,1.0,0,0,0,0,0,0,512,0,0,512,4,0,251,0,0,261,0,0,512,0.24403466284275055,52.93411636352539,137,0,0,0
534,A,534,0.011170629411935806,0.056613802909851074,nan,nan,512,0,0.011170629411935806,0.056613802909851074,all_rows,512,0,0.010052322410047054,0.0470703125,-0.0001437895931303501,0.0015594263619277625,0.15262715303106233,00ae9278c58fe5c38e58bca2ed388016:0:0,66d5eb3dc9ae06d5e684178b0dea1319:0:0,2092fc6fabbb7233de61f407f76b39fe:0:0,b9961799d0502b09b2e225fbeeb155e9:0:3381197701,bb24c828ae0517cf20e64479eefdf0b8:0:826606563,10,1.0,0,0,0,0,0,0,512,5,0,512,3,0,264,0,0,248,5,0,512,0.22874289751052856,53.9741096496582,133,0,5,5
535,A,535,0.0032033526804298162,0.067006915807724,nan,nan,512,0,0.0032033526804298162,0.067006915807724,all_rows,512,0,0.007655430119484663,0.028515625,-0.0028548331931233404,0.002186032256577164,0.1564029339933768,65115f3d1cad9d99cf5d608bcd997416:0:0,1f1d1dbd1a4db48ef63254480f9d9478:0:0,9ab1f4af5503a3e8fd7a1d2c3857b973:0:0,f28991b80374be31fab2053273ff11e9:0:2209958055,4fb4e4fdcfe105f5f2fda5abb6544c29:0:2839254953,10,1.0,0,0,0,0,0,0,512,8,0,512,5,0,244,0,0,268,8,0,512,0.22709272801876068,54.705223083496094,141,0,8,8
536,A,536,-0.004862414672970772,0.06536296755075455,nan,nan,512,0,-0.004862414672970772,0.06536296755075455,all_rows,512,0,0.014983571134507656,0.096484375,0.0005841993726789952,0.0021369205263908953,0.15395336295478046,54242a703a30dfc8890af77caaba6816:0:0,f6068560a145a79325eadebfb6a1b52d:0:0,0eb08d2f60763ffb47f10bf2e69aa41d:0:0,6f44f3ae588e92f7ed64047b618ccde9:0:541844432,80b5cd8a889f700daa7210d39f2e86df:0:397539026,10,1.0,0,0,0,0,0,0,512,2,0,512,5,0,260,0,0,252,2,0,512,0.22465084493160248,54.512428283691406,139,0,2,2
537,A,537,-0.0021168128587305546,0.0626365914940834,nan,nan,512,0,-0.0021168128587305546,0.0626365914940834,all_rows,512,0,0.007183278910815716,0.0421875,-0.003673049993813038,0.0019350266782566905,0.15616598696215078,900ded93ed7d4400bee314e9849b5c16:0:0,149f8a8f1aa90a8f9f8f2ad9a8f85631:0:0,a88be7aeb2ca31b43bf3526c7241bcce:0:0,e4678c66a76a4011c0144512b75a89e9:0:971291144,8373aa2634eb6d8a9ead8a6063f83018:0:1460886930,10,1.0,0,0,0,0,0,0,512,7,0,512,5,0,241,0,0,271,7,0,512,0.22090521454811096,54.43321990966797,144,0,7,7
538,A,538,-0.00040687964065000415,0.06506664305925369,nan,nan,512,0,-0.00040687964065000415,0.06506664305925369,all_rows,512,0,0.013528588227927685,0.11171875,-0.004087754944339395,0.0021072262607049197,0.15501895104534924,dbd8748e33a4e41016bc0c465b3c5016:0:0,a677414676c72f957d86f97eb515d323:0:0,a6f44362585ca54062fdf4b756708aed:0:0,5fa3e4342bae3b09198f2834756845e9:0:2365440140,c5237b66ac030c459c78d2b6ed282528:0:3571982485,10,1.0,0,0,0,0,0,0,512,3,0,512,3,0,244,0,0,268,3,0,512,0.22614531219005585,53.76332473754883,148,0,3,3
539,A,539,0.0025500564370304346,0.05705913156270981,nan,nan,512,0,0.0025500564370304346,0.05705913156270981,all_rows,512,0,0.0046943845227360725,0.0712890625,-0.0039132795296609405,0.001614101423183456,0.18229798797983676,e34333edcccb7b76ccc0f1072e9d4416:0:0,618b4886ce6bb4a801d317726c546e32:0:0,ed4f8d512a1eb3bc7dc59becd1a21dd5:0:0,3ee19874e122851fce514f1c9bb601e9:0:166584673,3c8082d1f65c1f072307fcdb524f1fd5:0:27541262,10,1.0,0,0,0,0,0,0,512,6,0,512,3,0,263,0,0,249,6,0,512,0.22939324378967285,51.79097366333008,134,0,6,6
540,A,540,0.006654043681919575,0.06475967168807983,nan,nan,512,0,0.006654043681919575,0.06475967168807983,all_rows,512,0,0.00875067338347435,0.0580078125,-0.00019514705054461955,0.0020838990865740927,0.21731812501093373,2c0e8d87472933bda771969ffebe3816:0:0,e0495aa624635b56f3e1c4ff65464060:0:0,632fc8df61b5a5c4b8af02543f2f62d3:0:0,a0c3e724413a50749c879b072a43bde9:0:594246125,6a0b28f0f6277f84e21173f02e13f05a:1:220460962,10,1.0,0,0,0,0,0,0,512,6,0,512,2,0,253,0,0,259,6,0,512,0.24059471487998962,51.67854309082031,139,0,6,6
541,A,541,0.010473664849996567,0.07087793201208115,nan,nan,512,0,0.010473664849996567,0.07087793201208115,all_rows,512,0,0.0027248491533100605,0.062109375,0.0033770066918805243,0.0024118734523653983,0.21174179599620402,71bf600ee8211d8beba29084cb9f2c16:0:0,1bb98b83ef710a1392acc61772f425a1:0:0,9bd8ed2b697899d021ad2c1010d558ec:0:0,8c8a4744fa1b9d67e80f2d30211179e9:0:2606849169,c532692faa70c031b11195e4629d359c:0:4268090486,10,1.0,0,0,0,0,0,0,512,4,0,512,3,0,259,0,0,253,4,0,512,0.22876274585723877,53.50956726074219,138,0,4,4
542,A,542,-0.003009728156030178,0.05936455726623535,nan,nan,512,0,-0.003009728156030178,0.05936455726623535,all_rows,512,0,0.006205344572663307,0.04375,-0.001899998541921377,0.0017464801494497806,0.19387633400037885,e2201e589bdf567d507d322995402016:0:0,b2bccb7ee9fc36938e189f12da5b37ad:0:0,7e2f57b55cd0ebf6fadbcc51f6ec35ed:0:0,91f10e477760d040767566d3801f35e9:0:1333263962,f2d4bda4c5672fbefb49eb1e70e1a785:0:2580900779,10,1.0,0,0,0,0,0,0,512,1,0,512,3,0,261,0,0,251,1,0,512,0.2145424783229828,54.0406494140625,132,0,1,1
543,A,543,-0.005319915246218443,0.0684238001704216,nan,nan,512,0,-0.005319915246218443,0.0684238001704216,all_rows,512,0,0.010547231882810593,0.1072265625,-0.0024425688665360213,0.0023425103048793972,0.21111696399748325,0014feebd3f2dbb7f37f8f025ba11416:0:0,445a13ccb02384359d05b883e1867d62:0:0,fdb49a5903bbb1f6b1657f59fc66ce6e:0:0,58a481d354d03f102af7e92d476cf1e9:0:4080788937,494fd1f175192d250fb2a1c69c1c77e5:0:1454379455,10,1.0,0,0,0,0,0,0,512,4,0,512,1,0,266,0,0,246,4,0,512,0.21778222918510437,55.28559112548828,131,0,4,4
544,A,544,0.006931551732122898,0.06129967421293259,nan,nan,512,0,0.006931551732122898,0.06129967421293259,all_rows,512,0,0.0017461621901020408,0.105078125,0.0036412760382518172,0.0018630118400324136,0.22503201302606612,d8741c9dfd5709424c7c7a831ec20816:0:0,c62cf6f434e2558ea0b7fbf09c9366b0:0:0,a258f54acbccf1aaaf6338d060360476:0:0,0a40d09a1345b7d8c284957976faade9:0:1915818360,55aa2bfea81f3bc692351a60282cd767:1:2674200124,10,1.0,0,0,0,0,0,0,512,8,0,512,8,0,254,0,0,258,8,0,512,0.21910510957241058,57.07494354248047,133,0,8,8
545,A,545,-0.0013348506763577461,0.06777505576610565,nan,nan,512,0,-0.0013348506763577461,0.06777505576610565,all_rows,512,0,0.0018156564328819513,0.06796875,-0.0009419547975994646,0.0022878770891111345,0.19889387500006706,0e389ceaf660c619219b881fdea2fc16:0:0,8c087887268893ae582854815159e6d5:0:0,165e797fe90393e436e3bf87d2f37f37:0:0,39fd4419a809fef08fb98cf40ec869e9:0:1550244115,f6325dd211664731a631a3e375692c00:1:2149577099,10,1.0,0,0,0,0,0,0,512,5,0,512,5,0,260,0,0,252,5,0,512,0.21181021630764008,56.85219955444336,140,0,5,5
546,A,546,-0.0032872098963707685,0.06930496543645859,nan,nan,512,0,-0.0032872098963707685,0.06930496543645859,all_rows,512,0,0.02839461714029312,0.085546875,0.0021774987690150738,0.0023975835822056977,0.1777863780152984,6d5920c7ad035d057b590b4c9b43f016:0:0,45390cd7c25e5b1fe24d2eba07992aa8:0:0,75c935cd5fbd495f4a6c8db2963f5d3e:0:0,72409075bed445a736e530d90ed625e9:0:2491620,4eca95374f000701dc63a162a9454307:0:2827014741,10,1.0,0,0,0,0,0,0,512,6,0,512,5,0,261,0,0,251,6,0,512,0.24587759375572205,56.471893310546875,124,0,6,6
547,A,547,0.006530732847750187,0.06001786142587662,nan,nan,512,0,0.006530732847750187,0.06001786142587662,all_rows,512,0,0.008633621037006378,0.08046875,-0.004450247925706208,0.0018008097831625491,0.16373917501186952,8a85e8afcde102329886177d54a4e416:0:0,f0f12bd10264efdd898c27aef6284df1:0:0,7a44afede42a1d2646f500f9238bc79d:0:0,6ab776cec6b1992a6a0622647723e1e9:0:1688088768,dde076d6e11b7e7f68915f87eb1f7f06:0:3797066260,10,1.0,0,0,0,0,0,0,512,3,0,512,8,0,241,0,0,271,3,0,512,0.24533510208129883,55.8694953918457,141,0,3,3
548,A,548,-4.289485514163971e-05,0.0653969869017601,nan,nan,512,0,-4.289485514163971e-05,0.0653969869017601,all_rows,512,0,0.006686717737466097,0.0642578125,-0.00084944989066571,0.0021240528440102935,0.1686816779547371,d6da2cb42c9b0583e24880260ac5d816:0:0,7d7f5274b5d57c712bd3759e1606bfb1:0:0,b0cf09306cc6d858fc8788ef64f40085:0:0,a15df9be220e49aaa4cb42d247b19de9:0:1818607572,165e72d7b5c8bc919b8eb75db6397056:1:1013876268,10,1.0,0,0,0,0,0,0,512,4,0,512,3,0,258,0,0,254,4,0,512,0.2434995323419571,54.75578689575195,141,0,4,4
549,A,549,-0.005089303012937307,0.06332486867904663,nan,nan,512,0,-0.005089303012937307,0.06332486867904663,all_rows,512,0,0.004233086947351694,0.1205078125,0.001957853464409709,0.0019702978897839785,0.1498299920349382,d5de35544dd5b1aae01ad8babda6cc16:0:0,3b78993d827f898c7b61121575057957:0:0,cc14c94dca7df6f0c78a374c6af74e03:0:0,2e7e2adf121d49bfe893b35e807f59e9:0:181984691,c4b7cf87cbc9b92ef53b8b058c312b81:0:574694396,10,1.0,0,0,0,0,0,0,512,1,0,512,4,0,260,0,0,252,1,0,512,0.2647050619125366,55.06242370605469,123,0,1,1
550,A,550,-0.0012667642440646887,0.06578736007213593,nan,nan,512,0,-0.0012667642440646887,0.06578736007213593,all_rows,512,0,0.013551398180425167,0.099609375,0.0036511814687401056,0.0020872851833701133,0.15912884497083724,2ed4c1f23b63d7fd2bcc74af6d47c016:0:0,86978e67c8b3f0b4891f15c440746517:0:0,86bd284fc115302f3a32da1dbb55a5ab:0:0,b7361b8c35d9860e786ed545218d15e9:0:1984471716,d9d856e8a9e9e32d95846eb4c377c30f:0:1893822890,10,1.0,0,0,0,0,0,0,512,3,0,512,8,0,260,0,0,252,3,0,512,0.2470686137676239,53.971920013427734,130,0,3,3
551,A,551,0.005848347675055265,0.06250270456075668,nan,nan,512,0,0.005848347675055265,0.06250270456075668,all_rows,512,0,0.0065606823191046715,0.0390625,0.0015268250368535518,0.0018947342643514276,0.15812565496889874,7cf63db48b0e090a6581677819a8b416:0:0,6531c25a49c80a3c2d9e6a4e9eaf92d4:0:0,16b07a2ec23991f5a2540689fa421f3b:0:0,e3e0ba39b4dd352b951c49c22adad1e9:0:4243848094,652ba07bb840fe6d7a46b6d254dd29e5:0:1324073999,10,1.0,0,0,0,0,0,0,512,5,0,512,5,0,247,0,0,265,5,0,512,0.22930948436260223,54.96586227416992,139,0,5,5
552,A,552,-0.009186679497361183,0.0691116452217102,nan,nan,512,0,-0.009186679497361183,0.0691116452217102,all_rows,512,0,0.003331325249746442,0.1046875,0.0034606571774929763,0.0023834909428842367,0.17220542603172362,69af2baf406979f227b28488c2c9a816:0:0,6e9d54ddd38a2c47e76fd20fcbb589af:0:0,e707444349f827de218f391f2cc09fe7:0:0,400361146e4b1fc2390bf2119c688de9:0:2452322568,4755e1e2e7c14d2fb2e09c487821d42c:0:1283586778,10,1.0,0,0,0,0,0,0,512,6,0,512,5,0,279,0,0,233,6,0,512,0.2330346256494522,54.042659759521484,124,0,6,6
553,A,553,0.0007446203380823135,0.06325501203536987,nan,nan,512,0,0.0007446203380823135,0.06325501203536987,all_rows,512,0,0.007485137786716223,0.051953125,-0.0029205470345914364,0.0019784923235420136,0.15484685596311465,1cf50f30f2329679fb2d5f5568aa9c16:0:0,279707bdc55d905bf6f09a71218ea29c:0:0,b2b9b213f889936c546b5354b3c65132:0:0,706391cec405e0f7d45def6f763649e9:0:591041002,24ebf4b2672f0c84fae8bc156233b49c:0:208601508,10,1.0,0,0,0,0,0,0,512,2,0,512,8,0,254,0,0,258,2,0,512,0.2398679256439209,54.944053649902344,143,0,2,2
554,A,554,0.007573995273560286,0.06315181404352188,nan,nan,512,0,0.007573995273560286,0.06315181404352188,all_rows,512,0,0.0036818301305174828,0.06171875,-0.0006050862837582826,0.0018884388962760567,0.15035032201558352,c70de5165b9f3fe34b144b520b4b9016:0:0,2c6f3867b6e1ca443e98859fe72c2cb0:0:0,4486ebdbb345fdf2d7b03f37af7f9a33:0:0,c1e5cdc3da711f1108e2a317b84405e9:0:1859412533,127e81344fc7f471f1f527e743678ca5:0:1312340589,10,1.0,0,0,0,0,0,0,512,1,0,512,3,0,262,0,0,250,1,0,512,0.2249862402677536,53.64484405517578,128,0,1,1
555,A,555,0.0006023910827934742,0.06951628625392914,nan,nan,512,0,0.0006023910827934742,0.06951628625392914,all_rows,512,0,0.01309655886143446,0.0759765625,-0.0022978699300438164,0.0023803089687135072,0.16140442696632817,517a070b421cb88158de5bf2aaac8416:0:0,71b3ebfae69baa103af3f1d699023d51:0:0,9f616ba4f47ee9d047f43508c3c73ef3:0:0,c10fa8da64f8bc56661aae466291c1e9:0:110888553,c4eb7d9ae5672c0415f8348358f16e4c:0:2760695499,10,1.0,0,0,0,0,0,0,512,4,0,512,3,0,253,0,0,259,4,0,512,0.21665698289871216,53.01434326171875,125,0,4,4
556,A,556,-8.340243948623538e-05,0.07272177189588547,nan,nan,512,0,-8.340243948623538e-05,0.07272177189588547,all_rows,512,0,0.004421408288180828,0.01484375,-0.003671724908053875,0.0026092110783793032,0.15430569398449734,7ecf09a457ed3c0f305764ab46cd7816:0:0,8d554c7b5c94646679b29fcaa0f6eb07:0:0,4704e4be5fe67ee24d1c58788545bb92:0:0,56bc20d0579a00392536f237751f7de9:0:737051548,89b6ca5203d4e6ab4f9ec3ca17384574:1:87763191,10,1.0,0,0,0,0,0,0,512,4,0,512,3,0,255,0,0,257,4,0,512,0.2325773984193802,51.73417282104492,128,0,4,4
557,A,557,0.0007057281909510493,0.06425609439611435,nan,nan,512,0,0.0007057281909510493,0.06425609439611435,all_rows,512,0,0.005394358187913895,0.057421875,-0.005559255881235003,0.0020509484340436755,0.1617486989707686,47fbd242841944c59b9ff8efdfae6c16:0:0,44fc830ed37b1a9b3aa449c226f0aa08:0:0,f1a97bb2a5b4120ce1a7fe77dd36b98a:0:0,5b01e9d915aab8b7e5189026efed39e9:0:503675640,f65ca7becaed374bce05c95a7b10f67b:1:3268114213,10,1.0,0,0,0,0,0,0,512,3,0,512,5,0,260,0,0,252,3,0,512,0.23624928295612335,51.767242431640625,131,0,3,3
558,A,558,0.009950263425707817,0.06139561906456947,nan,nan,512,0,0.009950263425707817,0.06139561906456947,all_rows,512,0,0.008221625350415707,0.112890625,-0.001316761295311153,0.0018088392040226608,0.1575617219787091,7562c1b4b8287d31172d6c34754f6016:0:0,b2fcc220bd260f63d66503e2fb358e16:0:0,d768319e976afa880dd9c2c910cf123c:0:0,33b7c4b7f61a54036650e950d2faf5e9:0:514154098,21186b43c3a0b737520343c4ee62cfa3:0:2490571560,10,1.0,0,0,0,0,0,0,512,4,0,512,4,0,257,0,0,255,4,0,512,0.2167671024799347,53.019283294677734,119,0,4,4
559,A,559,-0.005027094390243292,0.06808274239301682,nan,nan,512,0,-0.005027094390243292,0.06808274239301682,all_rows,512,0,0.014610759913921356,0.0921875,-0.0005922950222156942,0.002313623152440414,0.17726380605017766,a83664923c165ec7c5c9d1ed07b05416:0:0,7196ad8d039c27ed479552c2030e5e21:0:0,cf43fe8465cc0e70b6c7ca3b3a2541ff:0:0,70ab11c13568f26347219ef11e48b1e9:0:2986621091,7165c0033d3fe9e5730eb253cfcca0c6:1:791974448,10,1.0,0,0,0,0,0,0,512,6,0,512,8,0,232,0,0,280,6,0,512,0.22317242622375488,51.67205047607422,138,0,6,6
560,A,560,0.00511534558609128,0.06651224941015244,nan,nan,512,0,0.00511534558609128,0.06651224941015244,all_rows,512,0,0.0016229671891778708,0.1251953125,0.0015193215105682612,0.0022182361455634235,0.16636597702745348,a14fa24c18f67d3f6493fd8d96d14816:0:0,1c17a2e52cfe37d443b64224589b482d:0:0,aa93f7c7397b0fe0b7861341a2ea4aa0:0:0,f4c0af6bad90705abf7c9243d1d66de9:0:1575086403,13509d0dec2fa5ae426590d1a843592e:1:85151965,10,1.0,0,0,0,0,0,0,512,8,0,512,4,0,263,0,0,249,8,0,512,0.21603500843048096,53.0971565246582,134,0,8,8
561,A,561,-0.02191747911274433,0.07065549492835999,nan,nan,512,0,-0.02191747911274433,0.07065549492835999,all_rows,512,0,0.0029374954756349325,0.0916015625,-0.002821984700858593,0.0023150525346864017,0.16021597298095003,eb09dff90abc7ea33eff828a22b23c16:0:0,6f48decbe2d1f7c5bbde8682fb7d2e0f:0:0,9276dd3ad9169bf90f4bd25d10a3fce8:0:0,a117ca5dec1b690d5d03e484eda429e9:0:3640770368,a2a5c6f26b0aa506716f6e1b4ef52955:0:3911581580,10,1.0,0,0,0,0,0,0,512,5,0,512,0,0,252,0,0,260,5,0,512,0.21261675655841827,52.45584487915039,144,0,5,5
562,A,562,0.007810141425579786,0.06559588760137558,nan,nan,512,0,0.007810141425579786,0.06559588760137558,all_rows,512,0,0.002100714948028326,0.1119140625,0.006515348656103015,0.002065719058737159,0.15560150798410177,8051fbe4219bc02a22d4b456ab533016:0:0,8b539421a458e3d76a36c62643b556d7:0:0,e4a28ecf8a4751ca61dd4a1dabfcfe0f:0:0,2e2198217ea630e3bf09f6f071b1e5e9:0:2706515213,cb4f5e097c146cc3281bee8e98c2c10e:0:740423989,10,1.0,0,0,0,0,0,0,512,2,0,512,3,0,279,0,0,233,2,0,512,0.20898699760437012,53.32738494873047,126,0,2,2
563,A,563,-0.0019609667360782623,0.06873263418674469,nan,nan,512,0,-0.0019609667360782623,0.06873263418674469,all_rows,512,0,0.0038594231009483337,0.0515625,-0.0029803723096847533,0.002339977119117975,0.16069980198517442,f8c06aeafb72a7cc5430a66730b42416:0:0,c6bc6452764936d974a5a3d575bcd58f:0:0,edf05f21098403c92edc1e3aaac0e1e0:0:0,6eb804e78e05c87052916ac25dffa1e9:0:2135765799,fb269400a091d0c280bcbe507d091b1a:0:3999836483,10,1.0,0,0,0,0,0,0,512,6,0,512,7,0,251,0,0,261,6,0,512,0.20961347222328186,53.30596923828125,129,0,6,6
564,A,564,-0.00560368038713932,0.06062489002943039,nan,nan,512,0,-0.00560368038713932,0.06062489002943039,all_rows,512,0,0.007666931953281164,0.0791015625,0.00023767948150634765,0.001796878076856956,0.1668557319790125,850d18bd3db5a29981852c2fb2d51816:0:0,a8e8d56a5d8e38b75744f2e3ecdc9f2d:0:0,7255870ba16040b19153ad13084373b4:0:0,2ad0280a2050c7940e4d2136b28d5de9:0:2672371522,0b157b34017bb35f3480c1679a7285a8:1:3487919764,10,1.0,0,0,0,0,0,0,512,10,0,512,8,0,220,0,0,292,10,0,512,0.20229904353618622,54.130409240722656,154,0,10,10
565,A,565,0.011595751158893108,0.06951342523097992,nan,nan,512,0,0.011595751158893108,0.06951342523097992,all_rows,512,0,0.0016242930432781577,0.0498046875,-0.002104920754209161,0.0023180561256594956,0.16078729002038017,fd2cf813b84dcfceb798d92431b60c16:0:0,d097e13c6bf5a0c285f32d59eb07ebf8:0:0,4f37e431e9a8a5a0a6400c940537702b:0:0,9ab3da359a0640e32ea03b896f5b19e9:0:4090852708,7626cfdfd3902d24b59edbde86cfcbeb:1:2868852350,10,1.0,0,0,0,0,0,0,512,5,0,512,1,0,252,0,0,260,5,0,512,0.18197868764400482,53.85660171508789,127,0,5,5
566,A,566,-0.0008641304448246956,0.0658029168844223,nan,nan,512,0,-0.0008641304448246956,0.0658029168844223,all_rows,512,0,0.005579916760325432,0.072265625,-8.607525378465653e-05,0.002104694553418085,0.1640484179952182,c6b56ffa59df58ac558700b8ad570016:0:0,7f635327dbcbed13b952c082e4a71339:0:0,3966b642a71dbe5cd2643a83f79fc798:0:0,d8f80b66568e9d49f19e1af69468d5e9:0:2554741515,34cfe2c7139d07783afc728e26a61e0e:0:3417338268,10,1.0,0,0,0,0,0,0,512,7,0,512,6,0,251,0,0,261,7,0,512,0.17543120682239532,53.71174240112305,146,0,7,7
567,A,567,-0.0029361320193856955,0.07029060274362564,nan,nan,512,0,-0.0029361320193856955,0.07029060274362564,all_rows,512,0,0.006466070655733347,0.1244140625,0.003155883098952472,0.002452188788447529,0.16830525605473667,cb79074cddeb750c00bfb66125b7f416:0:0,db7b560269bbf19ea8cb7d0b43edecf3:0:0,62ad493362507022af234bc70baf9555:0:0,e8eb762670526ff1530a60ba21b691e9:0:4165314324,63e270d538a8c2ca546f7a1d19d3c0d4:0:2063736375,10,1.0,0,0,0,0,0,0,512,8,0,512,9,0,275,0,0,237,8,0,512,0.16882559657096863,53.23039245605469,123,0,8,8
568,A,568,0.005416829604655504,0.0665888637304306,nan,nan,512,0,0.005416829604655504,0.0665888637304306,all_rows,512,0,0.0016924366354942322,0.0421875,-0.00046771743800491097,0.0020974438637495043,0.1661631619790569,7272d78add421cb69907cd919ad8e816:0:0,d6d1d82ad9ca2316fdb5592370ae04ac:0:0,799e3b036b69771d6aac586ba4d5d327:0:0,b93b08b810a34263c858ee1017444de9:0:2594185116,cb77bf4f116fb3cb33a362560047fb4d:1:927351882,10,1.0,0,0,0,0,0,0,512,6,0,512,10,0,248,0,0,264,6,0,512,0.18086130917072296,53.73039627075195,159,0,6,6
569,A,569,-0.005326004233211279,0.06626303493976593,nan,nan,512,0,-0.005326004233211279,0.06626303493976593,all_rows,512,0,0.0027142921462655067,0.1357421875,-0.0010282353963702918,0.0021187974722124635,0.16268733399920166,ecc36c2ca937657a2c78d9be0cb9dc16:0:0,3764372cd0142e62bbfb7ef1d518a5fb:0:0,4ea9c05c01f4eb299ae82dea393cfa25:0:0,5f46d418dfb258f1fcade434751209e9:0:1084371271,29bf5390571f0b60ce22410fde2251b4:0:3040470852,10,1.0,0,0,0,0,0,0,512,5,0,512,3,0,265,0,0,247,5,0,512,0.16812874376773834,53.90848922729492,141,0,5,5
570,A,570,0.0021509670186787844,0.0686689093708992,nan,nan,512,0,0.0021509670186787844,0.0686689093708992,all_rows,512,0,0.0022109951823949814,0.0228515625,-0.0024544885382056236,0.0023545340460259466,0.16492416500113904,8a79c3a71a108dffeb812e5a7b5ad016:0:0,47637f8776b9bf6f2495edfb4bb00308:0:0,ea4144eff93ec350e5925425a8e91d8b:0:0,2f5b840b6cd16f578cdda4633b1fc5e9:0:1473540292,c1d9987f568b532fc36533d487ee903c:0:2880164197,10,1.0,0,0,0,0,0,0,512,8,0,512,7,0,255,0,0,257,8,0,512,0.17179058492183685,54.621849060058594,143,0,8,8
571,A,571,0.0034473941195756197,0.06445253640413284,nan,nan,512,0,0.0034473941195756197,0.06445253640413284,all_rows,512,0,0.006467204540967941,0.109765625,-0.003341979440301657,0.002082665730267763,0.15159416303504258,8be62b51391cb5621ce3dedae6bbc416:0:0,e702cef8fe3732ba1258b7c9e7d32097:0:0,093882322d890f7d370cc4137767ed7e:0:0,d8f95293a7396d9fc36ccfd8696d81e9:0:1450520377,b5533c9a5c5866ceeaffe2fcecc90e5e:0:4080370827,10,1.0,0,0,0,0,0,0,512,3,0,512,2,0,247,0,0,265,3,0,512,0.18140371143817902,54.635318756103516,141,0,3,3
572,A,572,-0.006772915832698345,0.06388887017965317,nan,nan,512,0,-0.006772915832698345,0.06388887017965317,all_rows,512,0,0.0013975255424156785,0.13828125,-0.0008216631365939974,0.002039331872947514,0.17463915701955557,6102a7636eed3f8211b8beb34edcb816:0:0,a6bf47021560c689f4b33240873dfd3b:0:0,7eeac1bf5972df1e19963ddd24f40342:0:0,d4c21493bf93154a549047cffffb3de9:0:2459623939,39f0dc6b76d9be177c5c486475114038:1:4173141682,10,1.0,0,0,0,0,0,0,512,5,0,512,2,0,254,0,0,258,5,0,512,0.20026618242263794,54.546173095703125,148,0,5,5
573,A,573,-0.005160187371075153,0.06340789794921875,nan,nan,512,0,-0.005160187371075153,0.06340789794921875,all_rows,512,0,0.00625281035900116,0.0861328125,-0.006718744873069227,0.002017833257559687,0.16522183403139934,ddd5844c9e21e61e196c6157b3bdac16:0:0,62f4d7cfa5502268107763ddc1271898:0:0,169e1faea17071fe53d0114d03aae09c:0:0,c3d464770a7da6b01a2d2d85fec8f9e9:0:1240659125,f79b1cb93d405c8ff7924c3f6f9515ba:0:4883506,10,1.0,0,0,0,0,0,0,512,4,0,512,4,0,254,0,0,258,4,0,512,0.19149021804332733,54.886722564697266,135,0,4,4
574,A,574,0.004141327925026417,0.06305859982967377,nan,nan,512,0,0.004141327925026417,0.06305859982967377,all_rows,512,0,0.0017226272029802203,0.085546875,0.002400384284555912,0.0019644383806735276,0.16711115901125595,f5568e9e533c76a775c01a3c155ea016:0:0,84c4dc7077a204af1e44a55f6300db11:0:0,dad4999bb9638f809c6892abe0db2377:0:0,66821318bc4f7ea7cfd8e23665d6b5e9:0:3437602644,4df2df3f7f30d38eea46104b1a2c8a20:1:2335560950,10,1.0,0,0,0,0,0,0,512,4,0,512,4,0,242,0,0,270,4,0,512,0.19229775667190552,54.72177505493164,140,0,4,4
575,A,575,-0.004071309696882963,0.06277730315923691,nan,nan,512,0,-0.004071309696882963,0.06277730315923691,all_rows,512,0,0.00921555608510971,0.0634765625,-0.006895643612369895,0.00194843775825575,0.11460275098215789,690e42d5f1f03cd84ec9fcd473bf9416:0:0,19dbb3073e88e5f222710a9b63980534:0:0,c4922a1f697d725aa1570e1b7593381c:0:0,12b3e654964cac6aced9071d352471e9:0:1036430868,41b4bf3762ebe2d5efae8e84d5a43c2b:1:3741232666,10,1.0,0,0,0,0,0,0,512,0,0,512,2,0,235,0,0,277,0,0,512,0.1921323984861374,55.02549362182617,149,0,0,0
576,A,576,0.002352740615606308,0.07047352194786072,nan,nan,512,0,0.002352740615606308,0.07047352194786072,all_rows,512,0,0.0019076610915362835,0.116015625,0.0034434593515470626,0.002426321990787983,0.1633290919708088,e7200e4d88611a09a6f4dc94cee08816:0:0,038bb8f1ca6e870649ca817efcd1fec2:0:0,1327b6a04650a5d92848267941cda4f7:0:0,992c47efdd8f7fb9ca237d766cb22de9:0:1724183881,0d664bdfac916fd46ae964767454a0b5:0:754050549,10,1.0,0,0,0,0,0,0,512,6,0,512,4,0,273,0,0,239,6,0,512,0.18890617787837982,53.65359878540039,119,0,6,6
577,A,577,0.007933705113828182,0.05466877296566963,nan,nan,512,0,0.007933705113828182,0.05466877296566963,all_rows,512,0,0.0037171756848692894,0.071875,-0.003570861229673028,0.0014933765691239388,0.1682459429721348,a77576a3b0c649494f004cf126c17c16:0:0,1a9815e8d679d1605d27cfb4ac527670:0:0,097e15cd29963af93db18210bff42692:0:0,dc75dec933df0f418a5e667e0c7fe9e9:0:1467051647,40501a4227099a6c5f164e110802e6cd:1:2090934086,10,1.0,0,0,0,0,0,0,512,3,0,512,5,0,246,0,0,266,3,0,512,0.1952846795320511,53.84611511230469,134,0,3,3
578,A,578,-0.004658583551645279,0.06018633395433426,nan,nan,512,0,-0.004658583551645279,0.06018633395433426,all_rows,512,0,0.011918309144675732,0.1318359375,-0.004015544685535133,0.001799011742696166,0.17363888502586633,180faceea9e4d02fda00a15d7b627016:0:0,44fc177da41e43c247833436bc2e2759:0:0,ae454a36f690fe583b9d015854d78d1a:0:0,84e21f7e2aafb73fa9e02370148da5e9:0:521210219,48131d67996dd22d954b3bae8b1656ab:0:3777083222,10,1.0,0,0,0,0,0,0,512,8,0,512,0,0,259,0,0,253,8,0,512,0.17897462844848633,53.06767654418945,116,0,8,8
579,A,579,0.0031768560875207186,0.0656404122710228,nan,nan,512,0,0.0031768560875207186,0.0656404122710228,all_rows,512,0,0.0049504488706588745,0.0517578125,-0.0006165555212646722,0.002120685006957501,0.14787332603009418,ecdfb6138ed59c76915eed4dccc36416:0:0,f667f5fc748a492883ab320c7b73b119:0:0,fa9bd539b1f6b42ac465d248ce44fae9:0:0,c2ceb0f5a889906750af558884db61e9:0:3850185810,c5d084a1dbd09f12763b2145312f4eb6:0:3539105151,10,1.0,0,0,0,0,0,0,512,1,0,512,2,0,251,0,0,261,1,0,512,0.17310163378715515,54.13443374633789,137,0,1,1
580,A,580,0.0008060140535235405,0.0631074383854866,nan,nan,512,0,0.0008060140535235405,0.0631074383854866,all_rows,512,0,0.008394780568778515,0.0765625,0.0026551817078143357,0.001989132462767884,0.1705741110490635,4daae99f568b4e4d68d904361ae45816:0:0,4b751bfed6554f50d73722be95708e00:0:0,951c1638826ad57912a00d34b18ae305:0:0,7bb70c7e7910df05f082de035d691de9:0:2447838130,ecb370b1e7fc4b415f64fcce5201c146:1:2062651382,10,1.0,0,0,0,0,0,0,512,9,0,512,8,0,262,0,0,250,9,0,512,0.1648705005645752,54.995296478271484,138,0,9,9
581,A,581,0.02037378028035164,0.07542280107736588,nan,nan,512,0,0.02037378028035164,0.07542280107736588,all_rows,512,0,0.00808422826230526,0.0677734375,0.0031017412897199393,0.0025034717516973616,0.1615222769905813,41321484038baf70f281798a65c54c16:0:0,2b835f8b5e017bb053880b731439d31b:0:0,e8873db2a24b72562c98059cb94da9cb:0:0,17a208719fec7a6800c1de1c9e36d9e9:0:146480819,a71fad3eed741c96462f65e9491e0a90:0:1808938251,10,1.0,0,0,0,0,0,0,512,12,0,512,9,0,249,0,0,263,12,0,512,0.15347546339035034,56.16911697387695,149,0,12,12
582,A,582,-0.009099006652832031,0.058997947722673416,nan,nan,512,0,-0.009099006652832031,0.058997947722673416,all_rows,512,0,0.018908696249127388,0.072265625,-0.005085990624502301,0.0017072697577532382,0.16328768100356683,34cd0d212c50d70052bfa0bead664016:0:0,605160cf3e7711ed6f452c7abb1be2a8:0:0,335b776e4aedb4a9c1424f716821e350:0:0,f380ff8846c62c7dba83b710474495e9:0:2419362176,4d5e9eaccc876664259f228a22170a4c:1:226823448,10,1.0,0,0,0,0,0,0,512,13,0,512,6,0,255,0,0,257,13,0,512,0.1626858115196228,54.823421478271484,152,0,13,13
583,A,583,-0.002171299420297146,0.057844050228595734,nan,nan,512,0,-0.002171299420297146,0.057844050228595734,all_rows,512,0,0.0015433250227943063,0.02734375,-0.002775778132490814,0.001665331399999559,0.15667983703315258,f7b2fa03c4c5fa13344f8d46f1c73416:0:0,7e7af4926080601986271dd572b9bb0a:0:0,5d6501dfd2fadb5d4e965cd6abf1bb98:0:0,ca5806555ea109bfd4900a1a589251e9:0:51626380,01c8b5f7ea44282dc085dc676c269379:1:3243075984,10,1.0,0,0,0,0,0,0,512,9,0,512,7,0,253,0,0,259,9,0,512,0.16641172766685486,57.20574951171875,149,0,9,9
584,A,584,0.004016343504190445,0.06779029220342636,nan,nan,512,0,0.004016343504190445,0.06779029220342636,all_rows,512,0,0.00039030518382787704,0.1037109375,0.008520564693026245,0.002299509634030983,0.1675922960275784,0df8f4cdd153e90fbc42129732e82816:0:0,0b9cc683dccccabd98c8da674643d88f:0:0,f2ece2a2071d522b21c9223ae7c898a5:0:0,bac41b934cc1c1543f5eb876d2200de9:0:2409003911,e10c125769c1f97148fdfb5eb397dc88:1:4058581466,10,1.0,0,0,0,0,0,0,512,7,0,512,4,0,261,0,0,251,7,0,512,0.16298970580101013,57.72306442260742,143,0,7,7
585,A,585,-0.005156234372407198,0.06650490313768387,nan,nan,512,0,-0.005156234372407198,0.06650490313768387,all_rows,512,0,0.0017486136639490724,0.0552734375,-0.0020656956126913427,0.0021797275810968133,0.17167984996922314,3dad0ebb6bf139c07dfcc42370c91c16:0:0,b3e374c62de246926c7f948db0c22122:0:0,268ec89d56de86ab338c8335829990d4:0:0,70ed77363b64e572e117e361b3edc9e9:0:2291321273,45b3dc215a1702d4d4a501d9cff57524:0:1006127243,10,1.0,0,0,0,0,0,0,512,6,0,512,13,0,245,0,0,267,6,0,512,0.15922343730926514,57.8469352722168,148,0,6,6
586,A,586,0.005145222879946232,0.0599970817565918,nan,nan,512,0,0.005145222879946232,0.0599970817565918,all_rows,512,0,0.0016968819545581937,0.0564453125,0.004214863479137421,0.001784572855103761,0.1689364340272732,051b0c3f43aa1e2a6f39f55fab6a1016:0:0,bc114a4edd4b686cdce5bc54058545b2:0:0,db5cee67112cb900a36f22c4153a659c:0:0,f6690f73e67f2c0a5193ec16fdfb85e9:0:1071061800,53d30b9f3e53406adc39b4c438462d7a:0:1456539902,10,1.0,0,0,0,0,0,0,512,9,0,512,7,0,244,0,0,268,9,0,512,0.1635267436504364,57.20420455932617,156,0,9,9
587,A,587,0.0009029548382386565,0.06614173203706741,nan,nan,512,0,0.0009029548382386565,0.06614173203706741,all_rows,512,0,0.006520644295960665,0.0744140625,0.0038360720034688713,0.0021551355777774004,0.1710605540429242,a0fa71357f13e822dc08b9bfe2cb0416:0:0,c2f4beaa976bbb14a97dc53f0f6d5bda:0:0,bd9acf509034a421f26a87efc893a2c8:0:0,423d1a31fcc3a7a4965b73d2b04941e9:0:3863860326,750ff322c02c7d2a7fbfe79b58ebbb53:0:3325965256,10,1.0,0,0,0,0,0,0,512,8,0,512,9,0,258,0,0,254,8,0,512,0.16642582416534424,57.88542556762695,133,0,8,8
588,A,588,-0.005578329786658287,0.058518387377262115,nan,nan,512,0,-0.005578329786658287,0.058518387377262115,all_rows,512,0,0.007305450737476349,0.0935546875,0.002277552499435842,0.0015451696992386133,0.15961827198043466,c8c2af30aa2039a55acce4b816ebf816:0:0,ae51d8a6ae9a5c2f0e427d909593662e:0:0,2ce52459b8fd6ed76565a37445556f24:0:0,6368bc8c6d2bf88bdea75bd0cad6fde9:0:4244988605,f34b5a475e5070883658904fd4fdbde0:0:1362927752,10,1.0,0,0,0,0,0,0,512,2,0,512,7,0,246,0,0,266,2,0,512,0.18335625529289246,57.163604736328125,147,0,2,2
589,A,589,0.009661050513386726,0.06342179328203201,nan,nan,512,0,0.009661050513386726,0.06342179328203201,all_rows,512,0,0.014002419076859951,0.062109375,0.0003615668974816799,0.0018766375607810915,0.19010025903116912,ab6a736917c3e1e9c03f09bc47ccec16:0:0,8bd92f7675e1178b3a5a040259d4b685:0:0,3734859d2e9c6d4e3320a5129f1f17a9:0:0,90374165393e762f3f60c54d4da4b9e9:0:2269752572,16dba88cdd90d52ebdb3d1e1500dda9b:1:2908439499,10,1.0,0,0,0,0,0,0,512,9,0,512,8,0,237,0,0,275,9,0,512,0.19003993272781372,56.89336013793945,136,0,9,9
590,A,590,0.001075423089787364,0.06142484024167061,nan,nan,512,0,0.001075423089787364,0.06142484024167061,all_rows,512,0,0.0010815090499818325,0.1078125,-0.00443814902100712,0.0018529416585806758,0.2291297290357761,5c2a31dbdfe5673a136c7c40756de016:0:0,b671f2b720b870cbdfa41ecc981cb8fb:0:0,66ef040ed5682b2652fefea32df743c5:0:0,0c8b132fa44e50c76f21118438b275e9:0:3430236245,680e95eb701b0ce9bdd850abfd02d1e6:1:1182221301,10,1.0,0,0,0,0,0,0,512,9,0,512,9,0,243,0,0,269,9,0,512,0.20131435990333557,57.5751838684082,135,0,9,9
591,A,591,-0.00015069270739331841,0.05975958704948425,nan,nan,512,0,-0.00015069270739331841,0.05975958704948425,all_rows,512,0,0.0124561358243227,0.09921875,-0.006986922584474087,0.0017485714284703135,0.229918684985023,22381f2b62073d8881b74fb89fced416:0:0,d9f2a9a9e10a49401ccae56c11157295:0:0,aee6679902e743faf9ddafb29deef9ad:0:0,416c5468d7f1ab3b8231e1b18c0031e9:0:2597503837,ac971cc05105d6e722bf50ade8eeb3ed:1:2377596268,10,1.0,0,0,0,0,0,0,512,8,0,512,7,0,252,0,0,260,8,0,512,0.19763445854187012,57.49940872192383,141,0,8,8
592,A,592,-0.007027755957096815,0.06883606314659119,nan,nan,512,0,-0.007027755957096815,0.06883606314659119,all_rows,512,0,0.008909407071769238,0.1015625,-0.001097477786242962,0.002297430392354727,0.23251121200155467,5c9cd2d7f521a9c552d65798c6efc816:0:0,66cb9c844b0ae5be79a3942666ca8055:0:0,053fd97bba6447fac44d1adcc94ca9bd:0:0,10c24d7055e9ad45a68d1711478dede9:0:3412391334,ef98dee94c0f947ace30c1e55f33e3af:0:889446786,10,1.0,0,0,0,0,0,0,512,10,0,512,5,0,255,0,0,257,10,0,512,0.2040107101202011,56.02470397949219,138,0,10,10
593,A,593,-0.00520605593919754,0.06541675329208374,nan,nan,512,0,-0.00520605593919754,0.06541675329208374,all_rows,512,0,0.002971871756017208,0.0634765625,-0.001821962185204029,0.002096061932388693,0.19877842703135684,40f3c76c2d2051f4dcd52754ead0bc16:0:0,6f679e7908fe5b5aeba8542b121ba628:0:0,7290152570650000c0a516659accc336:0:0,f175fdb2cfb88dd7dfdcd2df6b5ba9e9:0:3935499994,d11f28cad83b1718830e0a8eac2a80da:1:304367425,10,1.0,0,0,0,0,0,0,512,4,0,512,7,0,253,0,0,259,4,0,512,0.20405657589435577,55.545101165771484,126,0,4,4
594,A,594,0.006615872029215097,0.06541287899017334,nan,nan,512,0,0.006615872029215097,0.06541287899017334,all_rows,512,0,0.006393231451511383,0.1357421875,-0.004255477292463184,0.0020122551824897526,0.16467631398700178,05e9de3cde777a05781412610b71b016:0:0,1df1c96613af101cdb9e6c78e24d96a3:0:0,a352d894059d4201f95211ebdf16f48f:0:0,3a8ef15a3c2195c0c37b7657f76965e9:0:3232229334,eae85ebe9e9c43a9aa2aeb6d76297677:1:816674042,10,1.0,0,0,0,0,0,0,512,7,0,512,10,0,262,0,0,250,7,0,512,0.19070905447006226,54.767616271972656,135,0,7,7
595,A,595,-0.005580265540629625,0.06676735728979111,nan,nan,512,0,-0.005580265540629625,0.06676735728979111,all_rows,512,0,0.005208661779761314,0.080859375,-0.0032278161961585283,0.002139034477295354,0.14991288096643984,6555f061c844ed6573482c3128d2a416:0:0,29ce5781d073efc24926c6eb3b795eff:0:0,142914f7431d031f8a5955ac2a951919:0:0,bf6a0bf642cf1a903473a2b6ebb721e9:0:1384207088,9a20e3271b6a81c262e3687fed3f441c:0:1675187991,10,1.0,0,0,0,0,0,0,512,3,0,512,8,0,257,0,0,255,3,0,512,0.20274890959262848,54.87699508666992,135,0,3,3
596,A,596,0.004954795353114605,0.05956437438726425,nan,nan,512,0,0.004954795353114605,0.05956437438726425,all_rows,512,0,0.0020560133270919323,0.0708984375,-0.002591527812182903,0.0017492305603809654,0.16414272505789995,2a9c4e908d709559077b483942f39816:0:0,6f6359a82c94ec3b1eeb232ee70c19e6:0:0,8018ad9361df1d8f529b4e5362f898c8:0:0,043443d0565a71bc1f8039384844dde9:0:2379890036,4ada2c7a3faa5615fd8d9165098ae2b3:1:757706197,10,1.0,0,0,0,0,0,0,512,9,0,512,10,0,239,0,0,273,9,0,512,0.2127029150724411,55.34859085083008,148,0,9,9
597,A,597,0.0015991535037755966,0.062281906604766846,nan,nan,512,0,0.0015991535037755966,0.062281906604766846,all_rows,512,0,0.004950657486915588,0.0890625,-0.0021883727284148337,0.0019280852051451803,0.1793275609961711,156ddd886540bc104c0bf9ed59d48c16:0:0,c8ef12a5116dd817a7f1c96044d3b469:0:0,181a0d3780fe6614ca9c142f368ed4e1:0:0,689950df14f1dc05370c5b180d1299e9:0:2026994455,6f54261319eed71a535d2dd1f0733696:1:867971463,10,1.0,0,0,0,0,0,0,512,3,0,512,12,0,250,0,0,262,3,0,512,0.2169046700000763,56.02702713012695,130,0,3,3
598,A,598,0.005834699142724276,0.06083166226744652,nan,nan,512,0,0.005834699142724276,0.06083166226744652,all_rows,512,0,0.0098932646214962,0.095703125,0.004354800283908844,0.0018470963987056166,0.15960355097195134,139e3cc1abd5fc7d2aad94c16d758016:0:0,e209563d47f31df3cc02e6e452ae9836:0:0,c3f836e70a7da05f6133cf9026f18d63:0:0,3758158cc7d8691baf3369923a2055e9:0:3885286235,3a672e56c090e789ee6f4125fe7ed2bf:1:3571142689,10,1.0,0,0,0,0,0,0,512,7,0,512,10,0,247,0,0,265,7,0,512,0.2079806625843048,54.640193939208984,131,0,7,7
599,A,599,-0.007840494625270367,0.06667577475309372,nan,nan,512,0,-0.007840494625270367,0.06667577475309372,all_rows,512,0,0.009606994688510895,0.0494140625,-0.0034108426654711364,0.002143840183271095,0.15784071298548952,138219193b02dee953682c297dd67416:0:0,7d3b69df6eb3330b1c428e2d001c1c7a:0:0,a788e6c520c33489d86161157126aece:0:0,1c6c06c519fbd383f9c105e2cf6e11e9:0:3586873862,9925acc71c60d3ae61d33e8c67a5a5ed:1:770643417,10,1.0,0,0,0,0,0,0,512,7,0,512,3,0,249,0,0,263,7,0,512,0.2156752645969391,55.48074722290039,133,0,7,7
600,A,600,0.0020936536602675915,0.06234933063387871,nan,nan,512,0,0.0020936536602675915,0.06234933063387871,all_rows,512,0,0.005594659596681595,0.0697265625,0.0029626327566802503,0.0019348539237398655,0.16522980900481343,cfc7753433f3224c309893998af76816:0:0,aafd67fd59352e4fbdc6d2a6474b4eaf:0:0,37e451829b397a8f4f5c1e60eceec018:0:0,a0f413fe5ddc54bb82311145ccfbcde9:0:3146852249,43550cf75362e5555d7d3903fd5799eb:1:2092834344,10,1.0,0,0,0,0,0,0,512,4,0,512,11,0,229,0,0,283,4,0,512,0.21807286143302917,53.897621154785156,157,0,4,4
601,A,601,-0.020215222612023354,0.07535035908222198,nan,nan,512,0,-0.020215222612023354,0.07535035908222198,all_rows,512,0,0.008106962777674198,0.1234375,-0.005918314820155502,0.00246744395699352,0.16496981598902494,52c54d5da216b260daf05e8594d85c16:0:0,6ed09340b036d27333767b86a479eb9c:0:0,39640621a68dc5a7104d06a4575ac7d5:0:0,7c348732fb02719d69afacf732c989e9:0:2476208360,527e03dd79488d7db1e7e2712fa10ead:1:2554138169,10,1.0,0,0,0,0,0,0,512,6,0,512,10,0,267,0,0,245,6,0,512,0.2398996204137802,53.01325988769531,119,0,6,6
602,A,602,0.009580455720424652,0.06531203538179398,nan,nan,512,0,0.009580455720424652,0.06531203538179398,all_rows,512,0,0.005354373715817928,0.1095703125,-0.001775007089599967,0.002135354815982282,0.1563221999676898,e6968ca41fc44a7c0d75e0619b795016:0:0,17c00c909f09c8a32534dd9452e96310:0:0,2f163053bca67287ddef3a9bb706273f:0:0,544207ffdb3ebf0743193a3300d745e9:0:1339519162,ea3b179fc4e5c3dbbb7c4f7458fafd53:1:1372994279,10,1.0,0,0,0,0,0,0,512,2,0,512,3,0,237,0,0,275,2,0,512,0.21385033428668976,54.21110534667969,122,0,2,2
603,A,603,0.002233015839010477,0.06790699064731598,nan,nan,512,0,0.002233015839010477,0.06790699064731598,all_rows,512,0,0.006261112634092569,0.0650390625,0.0009380382485687733,0.0023060834675561635,0.1580613490077667,15b5cd026507c52219842ca19eda4416:0:0,d348ea2bc16afc610af17b999f227f7a:0:0,894e71b3996dc57930590b989f1c9a67:0:0,77505c5cefef9ebdcefa5a35372501e9:0:3327457957,12190415ff794b829c184e7bb1cac823:1:417338534,10,1.0,0,0,0,0,0,0,512,7,0,512,6,0,259,0,0,253,7,0,512,0.23293207585811615,54.74552917480469,130,0,7,7
604,A,604,-0.0012071561068296432,0.06018843129277229,nan,nan,512,0,-0.0012071561068296432,0.06018843129277229,all_rows,512,0,0.004888398572802544,0.0943359375,0.002498272806406021,0.001796803018078208,0.15643506200285628,a1fbd4626910185cdacb16b99efb3816:0:0,759c3029db8b0d585390b96fc5d1d5d1:0:0,6496433ce2d5d60fe4a0e07ba2e57561:0:0,b087aca52788f491b78fee39d5b2bde9:0:701440932,c9cc3abe052fcccb9578833f11436c4a:0:778061083,10,1.0,0,0,0,0,0,0,512,5,0,512,3,0,253,0,0,259,5,0,512,0.22346846759319305,53.37455749511719,129,0,5,5
605,A,605,-0.0020328019745647907,0.066988505423069,nan,nan,512,0,-0.0020328019745647907,0.066988505423069,all_rows,512,0,0.02279629558324814,0.084765625,0.00481953308917582,0.0022304648708086463,0.1595654669799842,4a9a2c4f7eb0fed1ab4f321d9bdc2c16:0:0,ace9e0a1deb76802ad3abd10a6f60bd6:0:0,a9cbd226c0a248ce08794474051b9b2b:0:0,28e6f7e36b99d3c44cc7177cdc8079e9:0:2337867896,db6731ef63a633220e4575b150823f8a:0:2299623628,10,1.0,0,0,0,0,0,0,512,7,0,512,6,0,253,0,0,259,7,0,512,0.21643579006195068,54.202552795410156,137,0,7,7
606,A,606,-0.00024567428044974804,0.06163207069039345,nan,nan,512,0,-0.00024567428044974804,0.06163207069039345,all_rows,512,0,0.003598269773647189,0.0576171875,-0.0015281710308045148,0.0018599829694721849,0.16350026399595663,39ad9230946c4d975769d241957d2016:0:0,09bdc78a8879c23a5c00ec4fe7882896:0:0,9bd8b9f64f5deb931618f0e8c53a7b56:0:0,ce5a089a7f8c24ac403d373a4b8e35e9:0:3891529344,29a4ae4b6f5dcd6511eec5c8c8426d33:0:361632410,10,1.0,0,0,0,0,0,0,512,5,0,512,13,0,254,0,0,258,5,0,512,0.20813024044036865,52.47644805908203,146,0,5,5
607,A,607,0.0037324910517781973,0.05705879256129265,nan,nan,512,0,0.0037324910517781973,0.05705879256129265,all_rows,512,0,0.004614138510078192,0.036328125,-0.0009685567114502191,0.0016312905179802328,0.16029064601752907,5c1151e88076f6cc11c90a998bde1416:0:0,e9c74cfd71fac0595dc3d3d67fe8745d:0:0,3e32ccdb62a4410099b07fbcf044f9d2:0:0,8904997dd85a429a613feeae22dbf1e9:0:4271926492,15f56caf785e5f175af08823a935032c:0:3665309476,10,1.0,0,0,0,0,0,0,512,7,0,512,5,0,248,0,0,264,7,0,512,0.19787254929542542,53.21990203857422,144,0,7,7
608,A,608,0.00412990665063262,0.06984200328588486,nan,nan,512,0,0.00412990665063262,0.06984200328588486,all_rows,512,0,0.008775834925472736,0.0541015625,-0.0003062996082007885,0.0024420367379207166,0.20215441699838266,16f4e4bf012db8eb676fae997eff0816:0:0,f765fd554de8c688b3b0928b0bdcb534:0:0,fa5f612acabb052b64172581e53cfbbf:0:0,211b74d1c57691fe58cd1f146269ade9:0:393860715,10bed7f88db4803a27a18ef52f686924:0:3815896464,10,1.0,0,0,0,0,0,0,512,8,0,512,7,0,241,0,0,271,8,0,512,0.19417041540145874,52.440608978271484,149,0,8,8
609,A,609,-0.00859115645289421,0.06556929647922516,nan,nan,512,0,-0.00859115645289421,0.06556929647922516,all_rows,512,0,0.00503744138404727,0.0392578125,-0.0012558088637888432,0.0021001061890274287,0.16112052998505533,23186a79da6d7ae433b551b56edffc16:0:0,24f564eb0260df4d1880558f9b8d93fa:0:0,08316440d4efe7b6ababb6a4dc48dd74:0:0,a6b7306983210ecb6592e9a90a3769e9:0:3762588467,f33265c41615bf737c02a2842eee6b13:0:4077679619,10,1.0,0,0,0,0,0,0,512,5,0,512,7,0,253,0,0,259,5,0,512,0.1856989562511444,52.23573684692383,142,0,5,5
610,A,610,0.0024620452895760536,0.0632806271314621,nan,nan,512,0,0.0024620452895760536,0.0632806271314621,all_rows,512,0,0.003436099737882614,0.0263671875,0.0022798941005021333,0.00193822828005068,0.15867917804280296,2a42c292384354ee944647615b80f016:0:0,b804e325b6764663aab6cc8ce291bce8:0:0,47095ed360ed411fb4329ba958fd8de6:0:0,f91abb7a0e66d31d17efafa81a4525e9:0:3151254344,bbf91c1a3a545f95d09be8501f2b10a8:1:3509097981,10,1.0,0,0,0,0,0,0,512,5,0,512,7,0,261,0,0,251,5,0,512,0.18679958581924438,52.95861053466797,134,0,5,5
611,A,611,0.0018440962303429842,0.07055788487195969,nan,nan,512,0,0.0018440962303429842,0.07055788487195969,all_rows,512,0,0.0052796038798987865,0.035546875,-0.0011969481594860554,0.0024697035260032862,0.15926632995251566,753d2f773f684621dd23a31144e1e416:0:0,34693e8a6f941ae6e8f5428d9e339aff:0:0,ce5d944bcba89863d0747480bf6394a1:0:0,3c3242b8d307961c0df2124d9292e1e9:0:4025115520,80d4a6fea2f9f526d4131e4373145fa2:0:3522013828,10,1.0,0,0,0,0,0,0,512,8,0,512,9,0,252,0,0,260,8,0,512,0.18973614275455475,53.561031341552734,145,0,8,8
612,A,612,-0.003407416632398963,0.06631746143102646,nan,nan,512,0,-0.003407416632398963,0.06631746143102646,all_rows,512,0,0.0023822272196412086,0.0521484375,-0.0027343198424205186,0.002191709855105728,0.15936923498520628,e42485d373fc96ca8ca338392b02d816:0:0,d006c60ed8bfb07bdbc0e8260db79cd2:0:0,106be8e3aaa365d043281f8948af3957:0:0,29d4fa7d8b7d2322af58f2d573209de9:0:3001131778,7ff4c1048836598fc34870c1cf18cae2:0:2388469467,10,1.0,0,0,0,0,0,0,512,7,0,512,5,0,257,0,0,255,7,0,512,0.17613208293914795,52.141178131103516,151,0,7,7
613,A,613,-0.000976733397692442,0.06285012513399124,nan,nan,512,0,-0.000976733397692442,0.06285012513399124,all_rows,512,0,0.0054334779269993305,0.089453125,0.0026129600126296284,0.0019451247528195382,0.15115948097081855,eceef5cf5ef6e7803f6f9a4d0de3cc16:0:0,e7fe22f27b2144c005e284788420cf6f:0:0,e3ddb914a604f27f5c13e62c643013d1:0:0,c0d625deeb60c921e993727bbbee59e9:0:1470451854,5db3b5223cdf39122547a3a147ba31d0:0:3390145777,10,1.0,0,0,0,0,0,0,512,4,0,512,7,0,242,0,0,270,4,0,512,0.17193841934204102,52.105995178222656,158,0,4,4
614,A,614,-0.007390669547021389,0.07710842043161392,nan,nan,512,0,-0.007390669547021389,0.07710842043161392,all_rows,512,0,0.005346372723579407,0.08203125,-0.0004167173057794571,0.0029749034787528218,0.15953128202818334,d15f7c509abaecfba4881cc0ed84c016:0:0,a96f5d3ec56f6c4b1c4fde3f559eeed5:0:0,6ab832da71075d89d0318011161618e1:0:0,666f3501ec6ac245ebc0f27c6cfc15e9:0:1265358406,712e50f5cfd5f4bb97bc2ed548f77f8e:0:1915269982,10,1.0,0,0,0,0,0,0,512,2,0,512,7,0,277,0,0,235,2,0,512,0.17736516892910004,51.93812561035156,123,0,2,2
615,A,615,0.001964290626347065,0.058159198611974716,nan,nan,512,0,0.001964290626347065,0.058159198611974716,all_rows,512,0,0.007356653921306133,0.071875,-0.004856173926964402,0.0016755124612245708,0.16987638600403443,0304fe392f4bd8ac7140d308c9e5b416:0:0,49b5346b2ebd9e8ab35b7c63576392a8:0:0,7547b8f1a9a15018e478b9dc2a71a7d2:0:0,a7461413d64793dae2b114138649d1e9:0:2623265,51a323566ff4ccd4a6e0d55907a1319a:0:1607790452,10,1.0,0,0,0,0,0,0,512,5,0,512,6,0,245,0,0,267,5,0,512,0.18297149240970612,51.01603698730469,144,0,5,5
616,A,616,0.009317734278738499,0.06483523547649384,nan,nan,512,0,0.009317734278738499,0.06483523547649384,all_rows,512,0,0.004833159036934376,0.0607421875,-0.0036574462428689003,0.002040654217125848,0.1712231690180488,1e12f7afe68e6e0f55429098a306a816:0:0,9d5b98b37b4efd763c8e017a48ba3689:0:0,7ef6af09d50abcc7acaf42c3edbc2e9b:0:0,ec87bfa7597f6671b4e3b87d07d78de9:0:209779531,c177dc7b873aea29d03f5d7cd43098dc:0:2164740874,10,1.0,0,0,0,0,0,0,512,5,0,512,9,0,264,0,0,248,5,0,512,0.17317046225070953,52.20725631713867,136,0,5,5
617,A,617,0.005085115320980549,0.058802489191293716,nan,nan,512,0,0.005085115320980549,0.058802489191293716,all_rows,512,0,0.00639819772914052,0.058203125,-0.002859370084479451,0.0016673351405188442,0.15722859400557354,5f9c857f010ec4c3ee8ae8e478e79c16:0:0,7a53dd38abad8d7069fcf7cbd3555a76:0:0,501f64538cb3bfe728e11bcfc4618bc8:0:0,377fea6d55ab5644be8900f4f1a549e9:0:4251733943,b38a3cf8260038d211fc1f2e1bb5c734:1:1029954399,10,1.0,0,0,0,0,0,0,512,5,0,512,5,0,249,0,0,263,5,0,512,0.1829966902732849,52.54521179199219,136,0,5,5
618,A,618,-0.008762628771364689,0.063265360891819,nan,nan,512,0,-0.008762628771364689,0.063265360891819,all_rows,512,0,0.00455795181915164,0.05234375,-0.004248280706815421,0.001975482242414728,0.20325377804692835,5dc05e9b73bdb762bd6c2f604b889016:0:0,ecb9092b0c0d06a9016753fe56a12501:0:0,b71128e8469091150ab5292447b02b88:0:0,d302f3822334bbdc8d814eb743b305e9:0:1003705864,268e58311e6a6dc194824c1709c591e0:1:282658314,10,1.0,0,0,0,0,0,0,512,11,0,512,4,0,243,0,0,269,11,0,512,0.1709834188222885,53.354915618896484,150,0,11,11
619,A,619,0.003015958471223712,0.06756113469600677,nan,nan,512,0,0.003015958471223712,0.06756113469600677,all_rows,512,0,0.0034064757637679577,0.0875,-0.005450977198779583,0.0022984199109487235,0.19287054799497128,6d6517eb9719ff13188d77801ae98416:0:0,a296b76b2d35af92990407201df491d0:0:0,826e2016ebed134517b07401e53832d0:0:0,6e279bc878da6cf49d5d42fffe00c1e9:0:3679822782,e3e9e8ac240757d09a6b797a9ad12aea:1:2190595774,10,1.0,0,0,0,0,0,0,512,4,0,512,8,0,244,0,0,268,4,0,512,0.16506871581077576,52.745357513427734,150,0,4,4
620,A,620,-0.003211988601833582,0.0714588388800621,nan,nan,512,0,-0.003211988601833582,0.0714588388800621,all_rows,512,0,0.0038198987022042274,0.028125,-0.0025354114593937995,0.002545139502035454,0.2048641419969499,e600c468f038fbe120ea94b7e70a7816:0:0,13f61c4e93a10f91ce5158cdd772d490:0:0,2fbbcfd80744c39f8f21be8eb089a4bf:0:0,c771d40b4537f5a0135dbf0b208e7de9:0:897594076,bbf95eb714fd18ad4039c1bd290ce53a:0:2083059655,10,1.0,0,0,0,0,0,0,512,8,0,512,7,0,274,0,0,238,8,0,512,0.1672268956899643,52.11764907836914,137,0,8,8
621,A,621,-0.0019102481892332435,0.07208261638879776,nan,nan,512,0,-0.0019102481892332435,0.07208261638879776,all_rows,512,0,0.0017473745392635465,0.0384765625,0.0013968517538160085,0.002557521901326254,0.21290811500512064,b54dafbd7c2329d3b5d41a7bafeb6c16:0:0,8379ad8e2be39bb6849298e867783c35:0:0,ba9dc22a1737d19d6d11d8cf4e6f07aa:0:0,7aefa4e0148ac9ae7a73e414ab5c39e9:0:4284203292,882df2326a502cdb97a40163201c182a:1:1385368892,10,1.0,0,0,0,0,0,0,512,10,0,512,7,0,253,0,0,259,10,0,512,0.16719648241996765,51.292091369628906,148,0,10,10
622,A,622,0.0013175983913242817,0.06310829520225525,nan,nan,512,0,0.0013175983913242817,0.06310829520225525,all_rows,512,0,0.004769803024828434,0.04375,0.0009313527029007673,0.0019753339583985507,0.2010513279819861,cf7f9181a5f842c268ef5c3f758c6016:0:0,a5b81a91c4246354e75bbd698f41e306:0:0,f28610a5d67dc675df5ed739fdb8a2e6:0:0,31249483daf16e507f4113589e69f5e9:0:3147097688,f376ad5fbb089baf406d1d0030b648e5:1:834340344,10,1.0,0,0,0,0,0,0,512,9,0,512,6,0,261,0,0,251,9,0,512,0.16739816963672638,50.69813537597656,135,0,9,9
623,A,623,-0.006646007299423218,0.06634592264890671,nan,nan,512,0,-0.006646007299423218,0.06634592264890671,all_rows,512,0,0.02252182923257351,0.0728515625,0.0010505352169275285,0.0021828328957781197,0.17363635497167706,59492b44d04f0ceb72366d7737ed5416:0:0,52cd54d20decfd45719667082e0cbf0f:0:0,c2fc5f71956da6ab6f42cfd51b097c49:0:0,e0370e2c3b609bfcac16ee12f9b7b1e9:0:568344258,f1009dfe33003eaa2c7436a0ab780693:0:3611997673,10,1.0,0,0,0,0,0,0,512,12,0,512,12,0,255,0,0,257,12,0,512,0.16347062587738037,50.89397048950195,150,0,12,12
624,A,624,0.004797293804585934,0.07008286565542221,nan,nan,512,0,0.004797293804585934,0.07008286565542221,all_rows,512,0,0.03958065062761307,0.1169921875,0.005599028337746859,0.0024586510437075047,0.17422854696633294,4c89cb8f1a44d649a3f82196f70e4816:0:0,c1c48c34d20aa69b2760bf601a907f7c:0:0,a843813e210e68c36182fdb46dd0998f:0:0,94e62987a38a589424f7557fbd456de9:0:3237378475,fba4451f8476422e4bb84e001071e05f:0:3228576894,10,1.0,0,0,0,0,0,0,512,4,0,512,10,0,250,0,0,262,4,0,512,0.1691773384809494,52.45174026489258,154,0,4,4
625,A,625,-0.0013528804993256927,0.06471484154462814,nan,nan,512,0,-0.0013528804993256927,0.06471484154462814,all_rows,512,0,0.009119152091443539,0.103515625,3.700600937008858e-05,0.0020610260777175426,0.16401192103512585,2b8cac0fc8b09caa5ed80c12b2ef3c16:0:0,4225cd56e12b7054d76b99d7d2aa24f0:0:0,9e2890aee7bf1055d1ca46cdef3e74fe:0:0,d59cc866d4f309c763946adae91329e9:0:1159061999,8199e5d6eea96b8ee9ffa09e4b3bfd22:0:2777847468,10,1.0,0,0,0,0,0,0,512,6,0,512,4,0,264,0,0,248,6,0,512,0.1623895764350891,54.638832092285156,163,0,6,6
626,A,626,-0.0028252764604985714,0.06632975488901138,nan,nan,512,0,-0.0028252764604985714,0.06632975488901138,all_rows,512,0,0.01589311845600605,0.0767578125,0.0029287905897945167,0.002193628082750365,0.15981299098348245,762191307bede28385ce805e6b903016:0:0,de9237227e4b21c5c744188dca2b1f57:0:0,20ad8d1643c3a7852f2a0e94826e90df:0:0,afc153cab3707fbaf3508f607d20e5e9:0:2505689619,d16de9a230a2b5cedf343378fce971f1:0:2645404868,10,1.0,0,0,0,0,0,0,512,10,0,512,7,0,255,0,0,257,10,0,512,0.16247287392616272,53.79875183105469,147,0,10,10
627,A,627,0.0003286288119852543,0.05898815393447876,nan,nan,512,0,0.0003286288119852543,0.05898815393447876,all_rows,512,0,0.003947167191654444,0.06484375,6.053624674677849e-05,0.0017324612417723984,0.1616234009852633,5c3e754a1ab33089722891ee20f12416:0:0,3ea8a5063132a57dda7bbc0e23433283:0:0,bdbe10dac5be3953231a28218699b7da:0:0,666770d1714ef7ec2d3e644c796ea1e9:0:271254181,fed26b6f63e15a4936646fb055548cf7:0:2439776702,10,1.0,0,0,0,0,0,0,512,13,0,512,3,0,258,0,0,254,13,0,512,0.16233372688293457,52.527591705322266,146,0,13,13
628,A,628,0.0028572073206305504,0.06551241129636765,nan,nan,512,0,0.0028572073206305504,0.06551241129636765,all_rows,512,0,0.0010493885492905974,0.016796875,0.0009994794614613055,0.0021180575306061654,0.16411826200783253,f80d61bd1a684404e7881435d3121816:0:0,a58ec38d20bf35b610ed9363cc5e83e7:0:0,54dd4473915aa8c05ac01e3c63592f2d:0:0,120ad13e71581855f420cadaddfc5de9:0:3462570430,239125727a672a2ee5591d7175a6be5e:1:1892075576,10,1.0,0,0,0,0,0,0,512,7,0,512,4,0,268,0,0,244,7,0,512,0.15689845383167267,51.79647445678711,137,0,7,7
629,A,629,-0.004125816281884909,0.07049276679754257,nan,nan,512,0,-0.004125816281884909,0.07049276679754257,all_rows,512,0,0.007619007956236601,0.0404296875,-0.005302209779620171,0.0024393185740336776,0.1616916370112449,8a07e4338d6fe9e907e39aa981f30c16:0:0,9d20026cf99cda3b4db821f64a1449e6:0:0,a73823b793b152653303555e704af527:0:0,d337ca9876f7e2d5706ae447aaca19e9:0:3538812355,cc71e6942a3c4b3179fbcd9a5a6de2a4:1:1164037642,10,1.0,0,0,0,0,0,0,512,11,0,512,5,0,260,0,0,252,11,0,512,0.16056101024150848,52.2430305480957,161,0,11,11
630,A,630,0.006952288560569286,0.06593402475118637,nan,nan,512,0,0.006952288560569286,0.06593402475118637,all_rows,512,0,0.002195319626480341,0.0546875,-0.00047978078946471215,0.0021546414645854384,0.1775693140225485,21cace581fd986a9478678bd2d940016:0:0,00311e5d302fbbc482ae84af41e36162:0:0,2fe543df164a09955c3cee97c2ffe1fb:0:0,0e3fa219fcbba0cecc4011cedfd7d5e9:0:4165990010,da3b59e2ecb9f0cac84fbdeebaf628cf:0:3549442393,10,1.0,0,0,0,0,0,0,512,4,0,512,6,0,275,0,0,237,4,0,512,0.17003817856311798,53.028594970703125,109,0,4,4
631,A,631,-0.013370361179113388,0.05979976803064346,nan,nan,512,0,-0.013370361179113388,0.05979976803064346,all_rows,512,0,0.007167035713791847,0.076953125,9.545031934976577e-06,0.0017821706307586283,0.19145485904300585,2a612251eaee4acf6110c1e4d5f4f416:0:0,c265b442fca8bcd9ed0ba26a984521ac:0:0,c0031d061a5ab7e59b302df1206c44a8:0:0,048b7aefc966c711ef73f4ac7d2591e9:0:1979467553,ddba40b9d801f2694bd24c5107e18bd9:1:3491353023,10,1.0,0,0,0,0,0,0,512,15,0,512,5,0,264,0,0,248,15,0,512,0.17329809069633484,53.13287353515625,150,0,15,15
632,A,632,0.0007327196653932333,0.06132147088646889,nan,nan,512,0,0.0007327196653932333,0.06132147088646889,all_rows,512,0,0.020249756053090096,0.105859375,0.010137422755360604,0.0018722248438280075,0.16860847297357395,d5a43659c80e1451497749947b15e816:0:0,7cfa5c5fffc312ffb943dbb2840d2ced:0:0,756434c6011d1baf8fed1c274163731c:0:0,91118f821bd9d1ff3b8a6e1c82b34de9:0:3918965185,7f4d0c9e876c215950a86785aaf761f9:1:1530298688,10,1.0,0,0,0,0,0,0,512,11,0,512,6,0,242,0,0,270,11,0,512,0.16389037668704987,52.51554870605469,164,0,11,11
633,A,633,0.004067724570631981,0.061197586357593536,nan,nan,512,0,0.004067724570631981,0.061197586357593536,all_rows,512,0,0.008380354382097721,0.10703125,0.0064458117820322515,0.0018532327143475414,0.16830700304126367,bcb935c28b4ffca72403a3401cf6dc16:0:0,241eef375b012e87dacc8192f0aaa1bf:0:0,0b51646c3bf7f2bde3a7ec2b333e55d4:0:0,591cd5c5060719ec47b79f5af08109e9:0:406852730,28324ae21519cf70a93c98636d104c05:0:3714073524,10,1.0,0,0,0,0,0,0,512,8,0,512,7,0,262,0,0,250,8,0,512,0.170106440782547,50.135990142822266,136,0,8,8
634,A,634,0.00031621428206562996,0.06459803879261017,nan,nan,512,0,0.00031621428206562996,0.06459803879261017,all_rows,512,0,0.02070239931344986,0.0935546875,-0.0024003650527447463,0.0020695564278867097,0.17143174703232944,986935d24e5a93a13654225bbb97d016:0:0,247ff27fa7f5bfc5813bf28acaefd86d:0:0,f75b0bb96b4f81c527c9b6cbfa1aa98c:0:0,f13f61cccf319fc89cdfe9a3c68ec5e9:0:3725100784,44111d29ed73214f25dd11d6a3d1c874:1:1956491494,10,1.0,0,0,0,0,0,0,512,13,0,512,13,0,264,0,0,248,13,0,512,0.15762583911418915,50.70481872558594,158,0,13,13
635,A,635,-0.008117358200252056,0.062453482300043106,nan,nan,512,0,-0.008117358200252056,0.062453482300043106,all_rows,512,0,0.0040550800040364265,0.058203125,-0.004626051709055901,0.0019101424317341299,0.17268239700933918,0fd118cfb3e7c6fddc5bda5b56f8c416:0:0,bf891da8c4d8ac5554cd00b1cdeec5e1:0:0,963f705bc73c87797854735e84afd90d:0:0,d02bc92375b1d2027197ee3304dc81e9:0:3262187286,509f90999166a2a85961b9663d191c99:1:4225962143,10,1.0,0,0,0,0,0,0,512,10,0,512,14,0,255,0,0,257,10,0,512,0.15936893224716187,52.666351318359375,151,0,10,10
636,A,636,-0.0014634596882387996,0.06672252714633942,nan,nan,512,0,-0.0014634596882387996,0.06672252714633942,all_rows,512,0,0.0007083604577928782,0.03984375,-0.0002080263802781701,0.002203621948137879,0.1604125970043242,a37171aacc6876bf7c629eb2ef19b816:0:0,af363fc922197077c09c2910bf8132f7:0:0,c4fb6112ab9ab51ce6f1d442483234c6:0:0,f691749ca87c49ab66248e44ab6a3de9:0:2242893504,8dae0cd8a8d9ff727fba1b868be6a8c0:1:3295144694,10,1.0,0,0,0,0,0,0,512,9,0,512,6,0,258,0,0,254,9,0,512,0.17437466979026794,52.50386428833008,141,0,9,9
637,A,637,0.005342069081962109,0.06241825222969055,nan,nan,512,0,0.005342069081962109,0.06241825222969055,all_rows,512,0,0.008980651386082172,0.0859375,0.0021624894347041846,0.001933287235442549,0.16130295902257785,0abc86ae043bb6427b0502d683faac16:0:0,dc0215d55ac3c5e151f9fb0f7cec70f1:0:0,ba0dc8fe045d98ee01ab1aa010a4205f:0:0,7c3335a5d0a67fdd407aeb14ba37f9e9:0:3575843944,d504d4c6e7356ffe7851fedf000cf119:0:2840645433,10,1.0,0,0,0,0,0,0,512,9,0,512,12,0,249,0,0,263,9,0,512,0.16718792915344238,52.52740478515625,155,0,9,9
638,A,638,0.002003119792789221,0.06220012158155441,nan,nan,512,0,0.002003119792789221,0.06220012158155441,all_rows,512,0,0.005750246811658144,0.065234375,-0.0053618702106177805,0.0019286317925434559,0.16421764000551775,4fa171a843edba132f345a3a159ba016:0:0,a1e75f65a9130a68ca59bb458bf12989:0:0,8236298aa5649d3b8fdbc350a61aa0ca:0:0,3f86975003257b5ea84065df3145b5e9:0:2641309581,b5880e5c0f8e720a50becdbd33eb9aa1:1:520741679,10,1.0,0,0,0,0,0,0,512,7,0,512,9,0,256,0,0,256,7,0,512,0.15668082237243652,53.89201354980469,157,0,7,7
639,A,639,-0.001855978975072503,0.06212734431028366,nan,nan,512,0,-0.001855978975072503,0.06212734431028366,all_rows,512,0,0.010600627399981022,0.114453125,0.005175032350234687,0.0019082832848653197,0.1639858849812299,eaff30062af27283d636b851a3fc9416:0:0,07a7c445b5f2bec8e22d7a3d9c2c78fa:0:0,32bc6b348bd34e0279635393d631ebaf:0:0,4e7d4291f3027687e2ca9fe0109371e9:0:552457622,dfb45a850e0411df17b223eda9320e0a:1:217239886,10,1.0,0,0,0,0,0,0,512,10,0,512,6,0,260,0,0,252,10,0,512,0.1615419089794159,53.70132827758789,167,0,10,10
640,A,640,-0.0003692900645546615,0.0644560232758522,nan,nan,512,0,-0.0003692900645546615,0.0644560232758522,all_rows,512,0,0.004882892593741417,0.11171875,0.004291187040507793,0.0020573875750415026,0.15533055999549106,7b213d550d4fd30287a6f0912f1d8816:0:0,91a94143fddde9235ff96e808c95169d:0:0,0869000fefcee887f6f96e8c9b456ce9:0:0,cce868803c417d678f1f7a5358212de9:0:3797576844,f3340cc3e1d2fc3be1052293431e9cfa:1:588440842,10,1.0,0,0,0,0,0,0,512,15,0,512,6,0,244,0,0,268,15,0,512,0.1702304482460022,52.5799446105957,160,0,15,15
641,A,641,0.014087541028857231,0.06511489301919937,nan,nan,512,0,0.014087541028857231,0.06511489301919937,all_rows,512,0,0.009084969758987427,0.0478515625,-0.002538918296340853,0.002105349866906181,0.1583872020128183,bf290eaf1cabc62f2974966cb6fe7c16:0:0,59f2bd1623d52a967fb449a1e26a06a1:0:0,b51f3fe22b7ad1ef2e287ebe328f21d2:0:0,a7707c7a9fb6042761f5167507eee9e9:0:130821238,62033526d73edef5c695cb31680fd331:1:822985892,10,1.0,0,0,0,0,0,0,512,13,0,512,14,0,266,0,0,246,13,0,512,0.16460351645946503,52.333866119384766,155,0,13,13
642,A,642,-0.0056708985939621925,0.0602271631360054,nan,nan,512,0,-0.0056708985939621925,0.0602271631360054,all_rows,512,0,0.003719805274158716,0.0291015625,0.00034583103843033314,0.0018318148446269332,0.15370619494933635,ac547594e531ceb163e3fd583b9f7016:0:0,69c7ba063ab7830baa1d53b9c4947c9b:0:0,bf86238419b06537289f9fc09cd89590:0:0,d1a19b8d080175b0e1b1d5811ffca5e9:0:81838463,1866b1f7467e72fe1af9b8b658849832:1:805993509,10,1.0,0,0,0,0,0,0,512,6,0,512,9,0,235,0,0,277,6,0,512,0.18383464217185974,52.80947494506836,156,0,6,6
643,A,643,0.0026041597593575716,0.06045839935541153,nan,nan,512,0,0.0026041597593575716,0.06045839935541153,all_rows,512,0,0.013306761160492897,0.0568359375,-0.0025544103002175687,0.0018233436800073831,0.16816374997142702,112894bd06c454ce958e38c7bd006416:0:0,5ec3349b01dce63c15b33193c3cf3ed3:0:0,932af0ba7661350f3a58860e072dbf17:0:0,aa4ecd836ff7ba92226c58b3a04a61e9:0:1278472054,0944ad6121dd2a46c0c6386ebf192522:0:845194563,10,1.0,0,0,0,0,0,0,512,14,0,512,8,0,248,0,0,264,14,0,512,0.17476779222488403,52.79816436767578,157,0,14,14
644,A,644,0.0017103005666285753,0.061837971210479736,nan,nan,512,0,0.0017103005666285753,0.061837971210479736,all_rows,512,0,0.0056498171761631966,0.10546875,-0.005622512614354491,0.0019113656133413314,0.16379225999116898,ab6ba967d2eda0bfc7611c2f3b215816:0:0,15bfafc73b042768bd0a516c26bf0be1:0:0,68ae1e866eaf4616a2c9c0ce347c27e9:0:0,f3cbd77002a5b82281eb814888d81de9:0:570778504,81cc9c74b534c18a315a059c0e871062:1:3149124072,10,1.0,0,0,0,0,0,0,512,4,0,512,9,0,251,0,0,261,4,0,512,0.17152675986289978,51.198265075683594,146,0,4,4
645,A,645,-0.0014665190828964114,0.05697708576917648,nan,nan,512,0,-0.0014665190828964114,0.05697708576917648,all_rows,512,0,0.005102685187011957,0.059375,-0.010931704472750426,0.0016054399718996137,0.15883729798952118,354577c9380481c7a09f3b02b6024c16:0:0,b72f52c15934ee2842e96d83d371bcf8:0:0,ca08d12d7c4f465ab9d9530a7a5378d2:0:0,1d769ea30d35c7e763a6707bd9a5d9e9:0:486384093,fec88b41e8388ec855e1a8f2e17b4f43:1:1448232806,10,1.0,0,0,0,0,0,0,512,13,0,512,7,0,250,0,0,262,13,0,512,0.19238243997097015,51.47997283935547,140,0,13,13
646,A,646,0.00493612652644515,0.06187046319246292,nan,nan,512,0,0.00493612652644515,0.06187046319246292,all_rows,512,0,0.003814461873844266,0.035546875,-0.00023142639547586442,0.001898056163918227,0.1659941080142744,1896a92021f8a2085adfe8b62da34016:0:0,2cd6d1f4c49943dddf3855450dc2c690:0:0,9ab673e71fefcedc52a0a20feb4888ef:0:0,f1fe1e549aee2738ecc4878992b395e9:0:3551108560,574f4b54515678a8c572208c1a55676d:0:419310737,10,1.0,0,0,0,0,0,0,512,8,0,512,15,0,235,0,0,277,8,0,512,0.19083158671855927,53.11227035522461,163,0,8,8
647,A,647,0.002003025496378541,0.05908619239926338,nan,nan,512,0,0.002003025496378541,0.05908619239926338,all_rows,512,0,0.002057040575891733,0.038671875,-0.004023261135444045,0.001732592046028003,0.16801621299237013,8a5ade17393a8719b60f38bda2043416:0:0,4c00e0bd56044659dc8906f737a4af76:0:0,6a6b8d7ae13a26fe3ac6b3d0e3f49b26:0:0,a205b17fd3855f26c01d67adb40151e9:0:3529999374,d8d0077f65920d566dea2e4a2655a729:0:3903116559,10,1.0,0,0,0,0,0,0,512,11,0,512,13,0,268,0,0,244,11,0,512,0.17821548879146576,53.88600540161133,143,0,11,11
648,A,648,-0.009063207544386387,0.05767408385872841,nan,nan,512,0,-0.009063207544386387,0.05767408385872841,all_rows,512,0,0.005312089342623949,0.066796875,0.0024233111180365086,0.0016105901275295764,0.166514633980114,2777a00fa8333f5eec6dfe8d13252816:0:0,194043231573b9cbd1d6c3c7fcc9b5b4:0:0,58b0add857eb52b6d65427690708bd3c:0:0,1d6fedb07408a49cba38f2243d8f0de9:0:3947802175,2c2426161781361d7369d3f86c40236f:1:2924210622,10,1.0,0,0,0,0,0,0,512,9,0,512,8,0,236,0,0,276,9,0,512,0.17163830995559692,54.16476821899414,177,0,9,9
649,A,649,0.006952842231839895,0.058868762105703354,nan,nan,512,0,0.006952842231839895,0.058868762105703354,all_rows,512,0,0.006155709270387888,0.05625,-0.004705064324662089,0.0016277618240565061,0.1629647149820812,2573b7fb4fbfbc1ca691cd9881061c16:0:0,331f3233be3f0d7255ab104616dfb7f7:0:0,f18577c2a9c54eecfc8a9760f64d70ff:0:0,470482c2fa9030c7ad4f48292f5cc9e9:0:2090300709,1984bded76eb0efe8ab59881d1261280:0:4199335061,10,1.0,0,0,0,0,0,0,512,10,0,512,12,0,255,0,0,257,10,0,512,0.16868789494037628,55.16825866699219,155,0,10,10
650,A,650,-0.0063743689097464085,0.061280716210603714,nan,nan,512,0,-0.0063743689097464085,0.061280716210603714,all_rows,512,0,0.006427147891372442,0.0755859375,-0.003022484900429845,0.0018516152107622475,0.16553553298581392,20f6c1709323d84eef64f953eba71016:0:0,8189f2ecd5ed9782edf2cf93b922e8dc:0:0,741e17ced9d9b65ae1226a9262686087:0:0,4e8886d85cfd91ba1d48caf8896a85e9:0:3800722040,080b322ab43f1814ee79814a8d15888a:1:3114052824,10,1.0,0,0,0,0,0,0,512,14,0,512,7,0,241,0,0,271,14,0,512,0.16265730559825897,55.34690475463867,156,0,14,14
651,A,651,0.01120741106569767,0.064017653465271,nan,nan,512,0,0.01120741106569767,0.064017653465271,all_rows,512,0,0.0022956538014113903,0.05234375,-0.006040846742689609,0.001962222292786464,0.15884512598859146,e66014a6a3e90c3f2826953353080416:0:0,bd011fb9a5175e1934aebb1eeac78b9f:0:0,024870637ccd988099bf8add0d658f06:0:0,ed0044fe62fff350fbbe1bce4bb841e9:0:3620464133,ee9c90847e214371a69f754da27161c8:0:8173883,10,1.0,0,0,0,0,0,0,512,6,0,512,9,0,256,0,0,256,6,0,512,0.1596890687942505,54.49504852294922,147,0,6,6
652,A,652,-0.011860526166856289,0.059997353702783585,nan,nan,512,0,-0.011860526166856289,0.059997353702783585,all_rows,512,0,0.001886255806311965,0.0763671875,0.0009756386280059814,0.001667354634264484,0.1613104910356924,9afe5a0df61ccdd9fc6a74aab728f816:0:0,3546705c611613df1ce1e54df5589c91:0:0,638d93a4474d2406745097cefeb2c14a:0:0,e5ed104dfb9a605863f81be67645fde9:0:176543174,0a93dbc4ebbb53ca9975bb07f04c32d8:0:2767820848,10,1.0,0,0,0,0,0,0,512,12,0,512,8,0,256,0,0,256,12,0,512,0.1531442254781723,54.56647872924805,133,0,12,12
653,A,653,0.011405556462705135,0.06493911892175674,nan,nan,512,0,0.011405556462705135,0.06493911892175674,all_rows,512,0,0.003627544501796365,0.033984375,0.0002618749625980854,0.0020563714439049362,0.16083241696469486,cc36463d45629dc556192b2e1809ec16:0:0,2a7b6ec249f72a95b20fe95ec696131f:0:0,2c3ae9464cd200981426488d429dac5f:0:0,9730c4812667fbf056efec7d0913b9e9:0:3782976016,07e00eb8fbaab6d982b57686b9cad401:0:1118485535,10,1.0,0,0,0,0,0,0,512,5,0,512,10,0,255,0,0,257,5,0,512,0.1680060625076294,55.1132698059082,158,0,5,5
654,A,654,-0.007974906824529171,0.06137918308377266,nan,nan,512,0,-0.007974906824529171,0.06137918308377266,all_rows,512,0,0.003372548148036003,0.0802734375,0.0006740513956174255,0.001858446787809953,0.16310718696331605,79f71cf0534dc13651700c3175aae016:0:0,8ae4559d0ed76a9fa7cc1b5d6989b6df:0:0,791bd4389549a08d1af39004e6c0ceef:0:0,1013804248da3331774eeece042175e9:0:2255869672,b8ec2fc4e26a96d0c10b2103e05e81e8:0:991693008,10,1.0,0,0,0,0,0,0,512,7,0,512,7,0,254,0,0,258,7,0,512,0.1644199937582016,54.842323303222656,158,0,7,7
655,A,655,0.0057950266636908054,0.06424353271722794,nan,nan,512,0,0.0057950266636908054,0.06424353271722794,all_rows,512,0,0.013720843009650707,0.0568359375,-0.0009405774995684624,0.002066651626955718,0.16431104397634044,8ff6adda4776a88731012b28d00bd416:0:0,04ecada7340f6264515b535c4518ac97:0:0,bcc42fadcc40cf5523ec21ec4f932f2b:0:0,a6f6c4b707ace711c56ec415676f31e9:0:1362125291,3467d388cd7a6bba53476e5e76093ae2:1:2328049925,10,1.0,0,0,0,0,0,0,512,8,0,512,9,0,254,0,0,258,8,0,512,0.1659216284751892,53.92582702636719,163,0,8,8
656,A,656,-0.006255773827433586,0.06213744357228279,nan,nan,512,0,-0.006255773827433586,0.06213744357228279,all_rows,512,0,0.008106657303869724,0.0568359375,0.003013687953352928,0.0019243823946453631,0.19612190499901772,ca14861259c0028d51b35b88272cc816:0:0,a8bae09151fb015e65b153e31e0ee3bd:0:0,5c4e564d3aade7d2c80b6e30c4844ebd:0:0,dccb8108fccc8e895b594d8f32fcede9:0:630787996,49099b8aa1da9cf32e442e6f9ac7db7c:1:1373886931,10,1.0,0,0,0,0,0,0,512,12,0,512,9,0,274,0,0,238,12,0,512,0.1587364375591278,54.001075744628906,146,0,12,12
657,A,657,0.0001983350230148062,0.056980639696121216,nan,nan,512,0,0.0001983350230148062,0.056980639696121216,all_rows,512,0,0.004291430115699768,0.0986328125,0.008053571777418255,0.0015783762384671718,0.2079060190008022,10b50ce62f3f7caf1ec230c37b0dbc16:0:0,71fcf3b5f2ce89a79558d9a27396221f:0:0,ae805308e1214db04cddc02d2086d6f2:0:0,15a6a7eee1ea50f728c8ac7766caa9e9:0:4058738780,2a01d06ae66987ccc95f4f831b602053:1:3891845031,10,1.0,0,0,0,0,0,0,512,12,0,512,8,0,270,0,0,242,12,0,512,0.17242759466171265,53.1005973815918,152,0,12,12
658,A,658,0.007194725796580315,0.06566686183214188,nan,nan,512,0,0.007194725796580315,0.06566686183214188,all_rows,512,0,0.0033160808961838484,0.0890625,0.0009188666241243482,0.002113578951684758,0.20386118604801595,4ea132e2123e2fba05bdfe4ecbaeb016:0:0,06e54ee2f25105cef1aaa321dba8ec6e:0:0,cbf98839668db3ba2ff54b0b04fab41e:0:0,cf11c07907fa18c5af27420a02d865e9:0:3494797476,caacabbcb0a8ff0930a636b1936f1d2c:0:2806204657,10,1.0,0,0,0,0,0,0,512,9,0,512,13,0,264,0,0,248,9,0,512,0.16522613167762756,53.87852096557617,162,0,9,9
659,A,659,-0.004310096148401499,0.05952015146613121,nan,nan,512,0,-0.004310096148401499,0.05952015146613121,all_rows,512,0,0.004176723770797253,0.0923828125,-0.000684301182627678,0.0017607706307899208,0.1670321180135943,f7be3de3edc4b9786a8bd79e190fa416:0:0,b882e1a8641f9ebe21deda26f818db97:0:0,d1086ff98abfc54566b0f1ed0d15e979:0:0,0f3272a433d69e4fbd8faf83072621e9:0:3596073892,9d63c990140b90faabdc8ee31fba2235:0:3860292453,10,1.0,0,0,0,0,0,0,512,18,0,512,12,0,255,0,0,257,18,0,512,0.16798342764377594,52.929630279541016,160,0,18,18
660,A,660,0.0010818366426974535,0.06652170419692993,nan,nan,512,0,0.0010818366426974535,0.06652170419692993,all_rows,512,0,0.0030345534905791283,0.0416015625,-0.0020095888758078218,0.002188344701426104,0.19100282195722684,4b831512b52703079b65902563309816:0:0,dbe4dc5f8ac00e5f5428b907ddaf76a3:0:0,eb05ff3edb4b1975d90a7b4deff836d3:0:0,53dd5b7638476b052cccd61e73b3dde9:0:1265551345,6ca845eac387a3d7452663da3066f163:1:2083149445,10,1.0,0,0,0,0,0,0,512,10,0,512,8,0,265,0,0,247,10,0,512,0.17117732763290405,53.90626907348633,165,0,10,10
661,A,661,-0.0016242705751210451,0.06474445015192032,nan,nan,512,0,-0.0016242705751210451,0.06474445015192032,all_rows,512,0,0.01696326956152916,0.1439453125,-0.004954377608373761,0.0019360006030183286,0.23412093601655215,2c2d3b98a003b3edc4d9bb58aa118c16:0:0,925e4277f22c320cc70a827829a0d663:0:0,da33f278e5a069125057e3085fd53b93:0:0,d65d7ba7e5a4d4cf9b59d718488199e9:0:627441001,d87add1825865b2fc5d5a19d64d6666b:1:3186758917,10,1.0,0,0,0,0,0,0,512,6,0,512,13,0,266,0,0,246,6,0,512,0.17501020431518555,54.61021423339844,154,0,6,6
662,A,662,0.007563639897853136,0.06416220963001251,nan,nan,512,0,0.007563639897853136,0.06416220963001251,all_rows,512,0,0.015701208263635635,0.1603515625,0.004049840243533253,0.002043963095638901,0.20479935297043994,891f6903632b51efe5cbacabedb28016:0:0,59c0f6c78deb703c3ecc725050df55c7:0:0,23a0fc6a81fa9a0da1885fe3718361bc:0:0,106a57202755f1b7296213ac858f55e9:0:3817899080,9012b4bf2a143b3df653ba5a716be108:1:1438121379,10,1.0,0,0,0,0,0,0,512,10,0,512,10,0,262,0,0,250,10,0,512,0.16202512383460999,53.412479400634766,153,0,10,10
663,A,663,-0.0010317887645214796,0.06388481706380844,nan,nan,512,0,-0.0010317887645214796,0.06388481706380844,all_rows,512,0,0.008328340016305447,0.0779296875,0.003523106826469302,0.0020282242621760815,0.22939585795393214,344662324ee30da7c37377932e137416:0:0,93462ac6ac6a714d83883fa1460f7f7b:0:0,23e56eaa0cd4f0726b192c2279408b84:0:0,98b35ac4676483c734c12d172add11e9:0:1295443528,78f508271087e40c1d7fe59e435d7874:0:1332376033,10,1.0,0,0,0,0,0,0,512,10,0,512,10,0,250,0,0,262,10,0,512,0.13889816403388977,54.109683990478516,158,0,10,10
664,A,664,-0.0030482199508696795,0.06171029061079025,nan,nan,512,0,-0.0030482199508696795,0.06171029061079025,all_rows,512,0,0.004648308735340834,0.059765625,0.0007674852386116982,0.0018949413963127882,0.2321673040278256,e49e5dbefaf73bd9dd5def826b346816:0:0,f3c97146c02872adaa1aace28207224c:0:0,eb84e7958b735808def3ad74ac4a0dbe:0:0,31cf59629062dd3315030494386acde9:0:228740293,2c5d6d2e2aeef8b2749623a7091f715f:1:1034623337,10,1.0,0,0,0,0,0,0,512,9,0,512,13,0,254,0,0,258,9,0,512,0.13355588912963867,52.79353332519531,155,0,9,9
665,A,665,-0.0002435899805277586,0.06590626388788223,nan,nan,512,0,-0.0002435899805277586,0.06590626388788223,all_rows,512,0,0.004585556220263243,0.072265625,-0.0017787176184356213,0.0021751776221208274,0.22908764303429052,7fbbdad1e9117b8b616ca7eda5155c16:0:0,30d5dd46df5c33ba89080f37e57d25ea:0:0,c1ae66604486b06265e9ea44dc3ea699:0:0,cd82e7b945dfbcbad763bb5fae3889e9:0:731700604,9e8ed2a0f269136f047ed6bf37d97309:0:1066098880,10,1.0,0,0,0,0,0,0,512,9,0,512,9,0,271,0,0,241,9,0,512,0.14646638929843903,51.92527770996094,142,0,9,9
666,A,666,0.0013355392729863524,0.06369245052337646,nan,nan,512,0,0.0013355392729863524,0.06369245052337646,all_rows,512,0,0.004276808351278305,0.024609375,-0.0022754452656954527,0.0020132737001404164,0.22056567401159555,e64e615945c688d81fd5f448dbb65016:0:0,3ca4367673ea6d587071126df4f7cbcd:0:0,d9e353521f9c78fa73e05f90d329738d:0:0,d87012e32ba4224ffacfb2b58c4645e9:0:4269890207,5208be0ee6a32cd727ba59493e1d6119:1:3839682395,10,1.0,0,0,0,0,0,0,512,13,0,512,8,0,253,0,0,259,13,0,512,0.13065990805625916,51.37253189086914,159,0,13,13
667,A,667,-0.0012142595369368792,0.064265675842762,nan,nan,512,0,-0.0012142595369368792,0.064265675842762,all_rows,512,0,0.017508437857031822,0.0357421875,-3.7901010364294053e-05,0.0020534886687528344,0.23214966099476442,c8b2269cb0cfbc887f24e8080f174416:0:0,f24d99664849a7fab5f5b51288d7c79f:0:0,ca28113f2e7634bebb09ffccce8b9813:0:0,e79d5baa53f71bfa2be38bd1d29401e9:0:1063796160,f3d444ce889fe4525dc127457b32223b:0:3780524223,10,1.0,0,0,0,0,0,0,512,10,0,512,12,0,236,0,0,276,10,0,512,0.1300794780254364,51.04820251464844,172,0,10,10
668,A,668,0.001972817350178957,0.054806869477033615,nan,nan,512,0,0.001972817350178957,0.054806869477033615,all_rows,512,0,0.002786386990919709,0.0455078125,-0.0025251507293432953,0.0014812130597420038,0.23164828796871006,d58f092db4e438677039569f3f383816:0:0,201e36afd4c89ab67f6b64599433ba6f:0:0,683a46bb046f4103d3c61aa09fe0b54c:0:0,62190c892d238afc00ec27f08121bde9:0:37164386,649fc367fa73d7c7c59fb5dad9e6bb42:0:3400942288,10,1.0,0,0,0,0,0,0,512,14,0,512,6,0,233,0,0,279,14,0,512,0.12871113419532776,52.26540756225586,172,0,14,14
669,A,669,-0.0065135532058775425,0.059387821704149246,nan,nan,512,0,-0.0065135532058775425,0.059387821704149246,all_rows,512,0,0.003978910855948925,0.044921875,4.1908351704478264e-05,0.001726689381757751,0.23055087600369006,41f7c33957a5c0586247d3826c192c16:0:0,9a8ea569c0c3688e3eb7b43f1e2461d5:0:0,f688d26658bd4b7e3292ecf9bca2dfff:0:0,8590e75e867be137b5e6a84d97ef79e9:0:2294959215,364fecf4695bca898861ca769e3146dc:1:1655566705,10,1.0,0,0,0,0,0,0,512,11,0,512,14,0,229,0,0,283,11,0,512,0.13002416491508484,52.58039855957031,178,0,11,11
670,A,670,0.0010940697975456715,0.06487565487623215,nan,nan,512,0,0.0010940697975456715,0.06487565487623215,all_rows,512,0,0.004654488526284695,0.080859375,-0.002660690573975444,0.002099334733793512,0.18115547200432047,953b9243ea15402d36d9b22595ba2016:0:0,3598f004e16311ee197acb0e222e2f95:0:0,b847eac8e10c3143863cc395c595453d:0:0,b544cb1a8517d6d3e8806e2516fd35e9:0:704421719,e455d47ceee3d82ee49b76ede2080a19:0:1733380230,10,1.0,0,0,0,0,0,0,512,14,0,512,11,0,264,0,0,248,14,0,512,0.14227616786956787,52.001426696777344,141,0,14,14
671,A,671,0.002494845539331436,0.05816144496202469,nan,nan,512,0,0.002494845539331436,0.05816144496202469,all_rows,512,0,0.009191157296299934,0.1373046875,-0.004587217513471842,0.0016711461823433638,0.2354903609957546,2766e75d0202fe3c35cd05fcbc1b1416:0:0,1954a07ea79731f93c8f6f514b7d7284:0:0,1ea5e3b70586eeec635b05de0fafc772:0:0,e78550eaa088182054171ab2fe4af1e9:0:3374656559,26457ea8c09e66c6df64da528ade7c6a:1:1451004114,10,1.0,0,0,0,0,0,0,512,7,0,512,13,0,261,0,0,251,7,0,512,0.14313533902168274,52.62339401245117,147,0,7,7
672,A,672,0.0006264866678975523,0.07059410959482193,nan,nan,512,0,0.0006264866678975523,0.07059410959482193,all_rows,512,0,0.02205473557114601,0.06796875,0.0016296957153826952,0.0023826025193557144,0.25214529398363084,3d04fade44ee7ab60154a27bdf3c0816:0:0,f971a074a61dd9992160f0ca7625b26a:0:0,ee1d04f503f2c80bcea5a85acfe9fc54:0:0,c7357baaffbbebba8db88f334dd8ade9:0:4199340337,f4ab53bc05ad6eedc0fc8e2ce9d6f66a:0:2730421383,10,1.0,0,0,0,0,0,0,512,13,0,512,8,0,268,0,0,244,13,0,512,0.13820508122444153,53.90484619140625,145,0,13,13
673,A,673,0.006843026261776686,0.056567754596471786,nan,nan,512,0,0.006843026261776686,0.056567754596471786,all_rows,512,0,0.0029784783255308867,0.0708984375,0.0011008395813405514,0.0015414110326673835,0.2521820279653184,79d45acc6cc9fbbb89f81b16ff1cfc16:0:0,5a19ec236e8dc961d10c1ff19c2486ee:0:0,838beeae26c68e87d49bc92bd3cbd014:0:0,44c86ba3ce54d0f2c022ece205a669e9:0:1552794229,7f75a4c3668146b6b1f66257f2e34320:1:683936557,10,1.0,0,0,0,0,0,0,512,11,0,512,7,0,257,0,0,255,11,0,512,0.1325717717409134,52.086605072021484,150,0,11,11
674,A,674,-0.0043101320043206215,0.06780587136745453,nan,nan,512,0,-0.0043101320043206215,0.06780587136745453,all_rows,512,0,0.0022514876909554005,0.06015625,0.0015970532083883881,0.0022992883925326167,0.25033398502273485,e38bbaf6af15c6340293c3421bbdf016:0:0,5411e10865268af4e76e8bbdec115d7d:0:0,1ff4dce6bc3e245bd7ff7ac70b77b35f:0:0,65319bd962a4167067c494fb25b425e9:0:2283392129,9be58cc4a3503f73280cc41a023b7c5e:1:2055580940,10,1.0,0,0,0,0,0,0,512,16,0,512,13,0,240,0,0,272,16,0,512,0.1288735568523407,51.74320983886719,162,0,16,16
675,A,675,0.001849300810135901,0.060523923486471176,nan,nan,512,0,0.001849300810135901,0.060523923486471176,all_rows,512,0,0.011760419234633446,0.0853515625,0.001827725605107844,0.0017393590009305627,0.2553371079848148,3a4271f56ec70362d458ae71351ee416:0:0,c5559f79537684d9025bf2d62a535aab:0:0,994465ec600a4e6fe0726f6b4838344d:0:0,a5777d764c8e69170ebc28baae01e1e9:0:3866183620,d79c304d3421ab13642e9e4bff1fbe27:0:2507159129,10,1.0,0,0,0,0,0,0,512,9,0,512,7,0,254,0,0,258,9,0,512,0.12299689650535583,51.11930847167969,159,0,9,9
676,A,676,0.010774562135338783,0.06114384904503822,nan,nan,512,0,0.010774562135338783,0.06114384904503822,all_rows,512,0,0.009897070936858654,0.1408203125,0.010357774957083166,0.0017860667605418712,0.25413114100228995,6251262de16e533d92ccb0184b3fd816:0:0,e6ca49bf5c5fa42425bcfebeb3aa45ca:0:0,723190e8ea6b5447b8e9072eb4d229b8:0:0,cf4d5116a5915b2b08d8895c9e8f9de9:0:3137947491,92f5216e0110bf1c31b845f205f0233d:0:3226339778,10,1.0,0,0,0,0,0,0,512,13,0,512,12,0,248,0,0,264,13,0,512,0.12131942808628082,50.530189514160156,146,0,13,13
677,A,677,-0.008992915041744709,0.05711673945188522,nan,nan,512,0,-0.008992915041744709,0.05711673945188522,all_rows,512,0,0.00620421813800931,0.1625,0.013296361034736037,0.0016326759185176342,0.2510037969914265,584b3a0510120b81efca5bab5e20cc16:0:0,a73a05684f37367711b0f58794a1faac:0:0,ba8a7f07194938ca4ee417825cae1d9f:0:0,2689e4fc3a26e3b62f98d81cf75d59e9:0:797214878,b83bff46d0c58a48720b04fb0621b028:1:4009188240,10,1.0,0,0,0,0,0,0,512,11,0,512,7,0,251,0,0,261,11,0,512,0.1255144625902176,51.52109909057617,156,0,11,11
678,A,678,-0.0033607357181608677,0.06282050162553787,nan,nan,512,0,-0.0033607357181608677,0.06282050162553787,all_rows,512,0,0.01600409299135208,0.1697265625,0.019300301978364586,0.0019068254623562098,0.2505796409677714,07c886715c30238baf81049e6dc1c016:0:0,0147dc2cb5b08a9abd38798313d5de79:0:0,19e8ae4780db84c2f59b58335d88f48d:0:0,f0bd627364c2d62c9e2c7637b86b15e9:0:3910222925,4d3b53ef3ef5141a50b824c3949d27f9:0:108815280,10,1.0,0,0,0,0,0,0,512,14,0,512,15,0,259,0,0,253,14,0,512,0.1297505795955658,51.03594207763672,155,0,14,14
679,A,679,0.0036706924438476562,0.06756135821342468,nan,nan,512,0,0.0036706924438476562,0.06756135821342468,all_rows,512,0,0.010167916305363178,0.0798828125,-0.0026608904357999564,0.0022764989465940745,0.252780614013318,bdd8e71e715bccea9c74be657a22b416:0:0,2a53b2f285da25f76f9aaadc047618cc:0:0,e624ef4638018463f29e3da05863cd87:0:0,07d093f0b2a652516d7304e8e1b8d1e9:0:894552972,0574b9c94c923b89b9bb4a76531a101c:1:3731356127,10,1.0,0,0,0,0,0,0,512,15,0,512,12,0,241,0,0,271,15,0,512,0.14037483930587769,49.7237548828125,147,0,15,15
680,A,680,0.00840584747493267,0.06109078601002693,nan,nan,512,0,0.00840584747493267,0.06109078601002693,all_rows,512,0,0.0046750945039093494,0.0623046875,6.862853188067674e-05,0.001827117841457948,0.25379023497225717,2ce8035c4beab8b87b7e5c748343a816:0:0,cb2f9ad4aa013d27ce2d3b9f7aa58e3a:0:0,fb006d33e07c4a8f2cc9e244d566b1aa:0:0,f6bc08afaac52c5b6ffc656c73468de9:0:3389222430,b8d827df84ea8363a223e28f3e6e0767:1:356706834,10,1.0,0,0,0,0,0,0,512,7,0,512,14,0,269,0,0,243,7,0,512,0.15112774074077606,51.16510009765625,156,0,7,7
681,A,681,-0.03126824274659157,0.07283128052949905,nan,nan,512,0,-0.03126824274659157,0.07283128052949905,all_rows,512,0,0.002934963908046484,0.1291015625,0.012154879700392484,0.002278255112469196,0.24896435003029183,6e4f9b16bd2609aeffcb723f89249c16:0:0,46890844e55acf5bd49ea48ba8b850b1:0:0,62863db14327f4ec4473e3c714bd6aa7:0:0,944531db4ef94d59ee08b8fe6d1449e9:0:689924133,cebfee5042f35477bf9e77f737bafc42:0:859106985,10,1.0,0,0,0,0,0,0,512,3,0,512,12,0,265,0,0,247,3,0,512,0.1607673615217209,51.764225006103516,134,0,3,3
682,A,682,0.004535023123025894,0.061778414994478226,nan,nan,512,0,0.004535023123025894,0.061778414994478226,all_rows,512,0,0.003554984927177429,0.0533203125,-0.003641986334696412,0.0018387927790172397,0.24478967301547527,7a996f179572f2fdbede533a8bc59016:0:0,5b57547161588ff1972f608f2af00271:0:0,b00d0f2ca886779ba83f82137f2f99ee:0:0,b38b08892fc00bd9618860dacf2205e9:0:2235436576,2632cff643cf9e3b66b9d0760e08f6e2:0:1822442895,10,1.0,0,0,0,0,0,0,512,6,0,512,8,0,248,0,0,264,6,0,512,0.15969330072402954,51.615360260009766,150,0,6,6
683,A,683,0.005555683746933937,0.06538668274879456,nan,nan,512,0,0.005555683746933937,0.06538668274879456,all_rows,512,0,0.006423848681151867,0.0900390625,-0.005692886188626289,0.002111714845523238,0.2540367619949393,913f9fda5ce703e0248e12d98b268416:0:0,f04852d6fcee81b2af49e7e9546626de:0:0,dcbe129ee5009b1fb2961045800cde3d:0:0,dd42fb102abd7cc8321bfe3d996fc1e9:0:2987023207,5efeba175b4bfa3d518509e8a9c1d05e:1:341100062,10,1.0,0,0,0,0,0,0,512,6,0,512,15,0,244,0,0,268,6,0,512,0.15294235944747925,52.374446868896484,173,0,6,6
684,A,684,-0.0011220115702599287,0.061462145298719406,nan,nan,512,0,-0.0011220115702599287,0.061462145298719406,all_rows,512,0,0.006828018464148045,0.0615234375,-0.005745246913284064,0.0017891614232212305,0.2509845009772107,5853163d42bc1ff36706849087477816:0:0,2d4f1457f0f6bce80a1f955689e3a4cf:0:0,6d2dfb9bbdc4ad99768c574fe5bbb546:0:0,9f19cb842c41bc9b71147262cbfd7de9:0:3452926338,96135c6f66fdb0b02f1821f4438bb3c6:1:3643519003,10,1.0,0,0,0,0,0,0,512,14,0,512,9,0,270,0,0,242,14,0,512,0.1406339406967163,53.25318908691406,143,0,14,14
685,A,685,0.00161243777256459,0.058866698294878006,nan,nan,512,0,0.00161243777256459,0.058866698294878006,all_rows,512,0,0.007386501412838697,0.1421875,-0.0022288802545517685,0.0016717104183044285,0.2536099749850109,7893355fac18244c7ac83bd380286c16:0:0,7fd341895b343aa5b0edb12b3358a1c5:0:0,a35a26f84548c62a4b4d768faf863ed1:0:0,60fab0608c0c30b39572de8666cb39e9:0:3339279093,ad927c6cb9af09a3690244d43696e3af:1:387049277,10,1.0,0,0,0,0,0,0,512,14,0,512,11,0,230,0,0,282,14,0,512,0.13628172874450684,53.826168060302734,168,0,14,14
686,A,686,-0.002000079257413745,0.06507539004087448,nan,nan,512,0,-0.002000079257413745,0.06507539004087448,all_rows,512,0,0.00578326266258955,0.0458984375,-3.971753176301718e-05,0.0020909857063088565,0.25526987097691745,7ff0b5038a9c394e06a88c1675c96016:0:0,b5bb80dc3ddfa25b48968a963bbb7ebe:0:0,b24f487e1d6d724424bc320e0f620603:0:0,62496baadd88c10137e8a3e469d8f5e9:0:1345644629,c403cd5b0d95f759751e357d46b4b495:1:4229113232,10,1.0,0,0,0,0,0,0,512,8,0,512,14,0,261,0,0,251,8,0,512,0.14758458733558655,54.04442596435547,155,0,8,8
687,A,687,0.0001699969870969653,0.06144414842128754,nan,nan,512,0,0.0001699969870969653,0.06144414842128754,all_rows,512,0,0.004329939838498831,0.059375,-0.0003736558370292187,0.0018966690346132963,0.25255209603346884,3fef17cb632fd13e57d188cd682a5416:0:0,19873f67938cb53cdaa68636c46884ea:0:0,372a28f75ced858e4d2be43a0a3cc6ec:0:0,0ba22c184bc309e9ced763b8d526b1e9:0:828199912,c1a2b596a0f8507dbaaf1fce00821ccd:0:2857934970,10,1.0,0,0,0,0,0,0,512,11,0,512,8,0,263,0,0,249,11,0,512,0.14551933109760284,55.481101989746094,135,0,11,11
688,A,688,-0.005514789838343859,0.05421922355890274,nan,nan,512,0,-0.005514789838343859,0.05421922355890274,all_rows,512,0,0.0032205507159233093,0.0509765625,-0.0030340188415721057,0.0014401723456103355,0.25333293701987714,0b9cb8b3ad7b539d55c2056c574b4816:0:0,ff5374bb71f0cfc8f4a1f477f48aa30e:0:0,572e7985d37a013b9b19d0926dacaca0:0:0,acb3e6ffd94b866c6a50ff3fa8b46de9:0:940457981,9aaba01be4c0724ae8aa825895b6f0c6:1:231070218,10,1.0,0,0,0,0,0,0,512,14,0,512,6,0,250,0,0,262,14,0,512,0.1392531841993332,56.41595458984375,144,0,14,14
689,A,689,0.002107464475557208,0.06247962266206741,nan,nan,512,0,0.002107464475557208,0.06247962266206741,all_rows,512,0,0.005932074971497059,0.058984375,0.0015441689640283585,0.0019331215415149927,0.2535333729465492,86a8e72af486753a764d9567432c3c16:0:0,97d70f787fa093aa61cdf88c367eb99b:0:0,b42964f50840e96a4fd739b48fda7e6c:0:0,918771241c4ab286701797b4e48229e9:0:260868534,b9035ced4235003c465e8744b487a92e:1:1856494282,10,1.0,0,0,0,0,0,0,512,7,0,512,12,0,246,0,0,266,7,0,512,0.1359979808330536,57.09357452392578,160,0,7,7
690,A,690,-0.00397401163354516,0.05781989172101021,nan,nan,512,0,-0.00397401163354516,0.05781989172101021,all_rows,512,0,0.003448965959250927,0.0216796875,-0.00037050042301416396,0.0016762724670115858,0.2506137609598227,8139f930e0ee3d0ab19c8c322bcd3016:0:0,2e7138c727eb15172f45e07a516e6b62:0:0,e8c9b718754c146a787eea24d57b90d7:0:0,9f3eef9f4efe25d8579d8e54888fe5e9:0:2542592896,f48411c5c40bdf6a2597de2a891c0f46:0:2292088698,10,1.0,0,0,0,0,0,0,512,14,0,512,7,0,255,0,0,257,14,0,512,0.1383635550737381,58.45771789550781,139,0,14,14
691,A,691,-0.00018478755373507738,0.05859016999602318,nan,nan,512,0,-0.00018478755373507738,0.05859016999602318,all_rows,512,0,0.0032768351957201958,0.07109375,-0.01302379327826202,0.001712583878543228,0.2576699560158886,ff4a9ee91526b5be762bfd41112e2416:0:0,8ec32d056ff5f375a2467393e3e1fbac:0:0,b6dd50a91504a03af68151003ae75d04:0:0,e64e497cccdba68a6605845a94dda1e9:0:635867948,957975d832ffe2acb8838383d3730a5e:1:3742132039,10,1.0,0,0,0,0,0,0,512,14,0,512,11,0,255,0,0,257,14,0,512,0.13352081179618835,59.186405181884766,147,0,14,14
692,A,692,0.008146115578711033,0.05279740318655968,nan,nan,512,0,0.008146115578711033,0.05279740318655968,all_rows,512,0,0.009766127914190292,0.079296875,-0.010542974621057511,0.001396714721340686,0.25496608001412824,63461b13843c4c179ccdbc07f34f1816:0:0,d4b5d2cfa19cd88a99839df22fe850bc:0:0,72cbf68059a705591e40361c2653b553:0:0,579e0dcb549634716a225b03096b5de9:0:3947676141,19a5eac265ee86338afb5fced0b62dc6:1:3595401940,10,1.0,0,0,0,0,0,0,512,10,0,512,8,0,263,0,0,249,10,0,512,0.1331932693719864,59.88056945800781,177,0,10,10
693,A,693,-0.009998150169849396,0.06379605084657669,nan,nan,512,0,-0.009998150169849396,0.06379605084657669,all_rows,512,0,0.00789894349873066,0.141015625,-0.004940287442877889,0.0020231757778674366,0.2523942710249685,1f164fe0ab88d9ff5ca85bfad2300c16:0:0,4027dd6c12afa02808d037a687a94733:0:0,4c8d738a7c2a71b2ebb3ca8d3447705d:0:0,9336c933a7410c7378773389e63919e9:0:2753003865,6d8bcdeddc0876a097b696db403b1852:1:2255347295,10,1.0,0,0,0,0,0,0,512,14,0,512,13,0,259,0,0,253,14,0,512,0.14247766137123108,58.259891510009766,158,0,14,14
694,A,694,0.006732485722750425,0.06954752653837204,nan,nan,512,0,0.006732485722750425,0.06954752653837204,all_rows,512,0,0.001646677148528397,0.0810546875,-0.0008454878814518451,0.0024125304771587253,0.2529126569861546,a99ccf9cd7d05e5c3f37308dadd10016:0:0,3837a925ff3d834013d28d10d4ef47c5:0:0,d4c74ffb1d7c459259f4d50aab98cd33:0:0,223b095f5ccca42ca7376f2b2b46d5e9:0:3313831014,23d81c96fb03f7e40188ea05561b3761:0:2233618678,10,1.0,0,0,0,0,0,0,512,9,0,512,11,0,273,0,0,239,9,0,512,0.13210104405879974,57.464881896972656,143,0,9,9
695,A,695,0.0056485822424292564,0.05735328420996666,nan,nan,512,0,0.0056485822424292564,0.05735328420996666,all_rows,512,0,0.004548063967376947,0.1173828125,-0.006779882707633078,0.001590981532353908,0.2571862380136736,1d6154b25e3961a8144a4d348631f416:0:0,ef1fd4ce74ccf23522e96137a332e8f5:0:0,6161abba4df47461e29120efa3ace2c0:0:0,e35a4bbc06199dd3ca46af22d89491e9:0:484744926,33fa1f457e25580bb4957f3520f8b5bd:0:3681056502,10,1.0,0,0,0,0,0,0,512,18,0,512,14,0,249,0,0,263,18,0,512,0.13891901075839996,57.55072784423828,170,0,18,18
696,A,696,-0.00271534058265388,0.06564795970916748,nan,nan,512,0,-0.00271534058265388,0.06564795970916748,all_rows,512,0,0.0037309639155864716,0.0591796875,-0.0011269117472693323,0.002088006655685604,0.2568513540318236,34dc2c8771950745e60685635b52e816:0:0,3e06b8d6c9fc574305e884e94abca1f6:0:0,09eb0b9c0f8034bb5654495a3a42498e:0:0,88c6d066f4ddb45f2f38d4acee224de9:0:2260729453,3314800d6b83cc982260b6b95c441826:1:1273042755,10,1.0,0,0,0,0,0,0,512,10,0,512,17,0,257,0,0,255,10,0,512,0.1391594558954239,58.000457763671875,155,0,10,10
697,A,697,0.0011459144297987223,0.05916959047317505,nan,nan,512,0,0.0011459144297987223,0.05916959047317505,all_rows,512,0,0.01466632541269064,0.082421875,-0.0033150600269436837,0.0016558019327931107,0.2534924810170196,adea3cc0fc6acb97ece56c8e2d33dc16:0:0,3c6fed721b74b2dea35db1974fd9d9e6:0:0,6388dba10947e7d4fd393cbb5f280e0d:0:0,4953c14e41969fe9595201056bf009e9:0:2776630272,a97d6b59cc14405b3332cac8dd880103:0:1682204432,10,1.0,0,0,0,0,0,0,512,9,0,512,7,0,264,0,0,248,9,0,512,0.14616529643535614,58.58378982543945,146,0,9,9
698,A,698,-0.004418808966875076,0.0579824261367321,nan,nan,512,0,-0.004418808966875076,0.0579824261367321,all_rows,512,0,0.003152371384203434,0.054296875,-0.002057803561910987,0.0016563256329391151,0.25291137699969113,d56a5a78a83beed583b55628fbd4d016:0:0,0b26c1fbb736f45d65af127e266c9128:0:0,fd5972d72b0176caf330ed657a308ecf:0:0,dbf850d3e7c6f255bd86956851fdc5e9:0:4212584152,9daefc6992106535c726bd648e1d3935:0:439884472,10,1.0,0,0,0,0,0,0,512,14,0,512,9,0,241,0,0,271,14,0,512,0.14170502126216888,60.56250762939453,165,0,14,14
699,A,699,0.003069782629609108,0.05636502429842949,nan,nan,512,0,0.003069782629609108,0.05636502429842949,all_rows,512,0,0.003565800841897726,0.1193359375,0.0023074375931173563,0.0015585416986141354,0.25777216599090025,7280aef8fa728ca11b9955a7c735c416:0:0,158fd65fdb30c65c73aaca1e689c4222:0:0,ea680a3bfb97e2e75bbf69f434fda7b0:0:0,05c7628010b8ec357e7b3311a04b81e9:0:1037969608,e7796f636738f67615984cf5b97b9f5f:0:1888602991,10,1.0,0,0,0,0,0,0,512,16,0,512,9,0,253,0,0,259,16,0,512,0.1407696008682251,60.74578094482422,174,0,16,16
700,A,700,0.002129788976162672,0.06305728852748871,nan,nan,512,0,0.002129788976162672,0.06305728852748871,all_rows,512,0,0.007222781423479319,0.1048828125,0.0061944834887981415,0.001976996217854321,0.2605075970059261,db44dd972f70605e30093e7e8f56b816:0:0,a4431815de527d6797127be1b01e3a45:0:0,d5bb8a5e55078cd447c2115919f62e26:0:0,f6b9fb8fe50349ec2884bb3d56d93de9:0:4058645909,17d88239cd040ef80d728fb96ef62ac8:0:2161463404,10,1.0,0,0,0,0,0,0,512,9,0,512,8,0,270,0,0,242,9,0,512,0.1373254656791687,60.15772247314453,151,0,9,9
701,A,701,0.031976837664842606,0.08715227991342545,nan,nan,512,0,0.031976837664842606,0.08715227991342545,all_rows,512,0,0.0035956203937530518,0.073828125,-0.00033494881354272364,0.002760476479306817,0.2551873819902539,07728a473c3136473ad1a4215437ac16:0:0,f9822031cc2137f4d136a37940182008:0:0,7d3d9028fef0965c4d1ad621314401d7:0:0,f1b5206e7d0c09146da84f2775a6f9e9:0:3252090000,ba1f932a9339d98f187a9f8b9a7bbf19:1:847521033,10,1.0,0,0,0,0,0,0,512,16,0,512,10,0,256,0,0,256,16,0,512,0.14144040644168854,60.44008255004883,158,0,16,16
702,A,702,-0.0128395464271307,0.06268022209405899,nan,nan,512,0,-0.0128395464271307,0.06268022209405899,all_rows,512,0,0.005098995752632618,0.0435546875,-0.0006662189029157161,0.001846121036214754,0.2546594410086982,55d1c08b1ef50943a813da0415d8a016:0:0,4c5c59e602233ab989d2808b1f45d002:0:0,aa97c005266283f1d2c3712637636368:0:0,d039e765c8c52624e19b500bfcb4b5e9:0:729211719,bf690ac7ecc66adec5e524930f13b3b2:1:1554630571,10,1.0,0,0,0,0,0,0,512,14,0,512,14,0,245,0,0,267,14,0,512,0.14166751503944397,60.17652893066406,162,0,14,14
703,A,703,-0.0029239351861178875,0.05230097100138664,nan,nan,512,0,-0.0029239351861178875,0.05230097100138664,all_rows,512,0,0.006655440200120211,0.0439453125,-0.0010028162971138955,0.0012627024261746556,0.2562461050110869,cb358e636765cd7dca45f39ad4399416:0:0,f21b87db112cb1ff98ff9e5863e0c557:0:0,f0a30d1c2bb3389bdd8a070bf96fdb27:0:0,6270681586df5254b5c35f26ec0271e9:0:3710107095,d1daa7b412f87a76809c458e4ce1b3a9:1:1847829985,10,1.0,0,0,0,0,0,0,512,11,0,512,9,0,238,0,0,274,11,0,512,0.14476394653320312,61.36001968383789,153,0,11,11
704,A,704,-0.0006732785841450095,0.0629037395119667,nan,nan,512,0,-0.0006732785841450095,0.0629037395119667,all_rows,512,0,0.006647824309766293,0.1033203125,0.0019580252934247254,0.0019273379934020341,0.25345248100347817,32e2eeeb9eace7b8ce32c4598f5a8816:0:0,5aa90f9e5464bd93d4dce59f0d481014:0:0,c5df4168216070ef34b35b3b4f9627fb:0:0,00fbca7ea3aea1c075365db443902de9:0:1976408010,2bfd3b112d4eade35b726a28ca0d6ba5:0:2442929108,10,1.0,0,0,0,0,0,0,512,16,0,512,8,0,248,0,0,264,16,0,512,0.14818334579467773,62.989036560058594,171,0,16,16
705,A,705,0.0013816887512803078,0.057192932814359665,nan,nan,512,0,0.0013816887512803078,0.057192932814359665,all_rows,512,0,0.003030953463166952,0.0544921875,-0.0034767289413139223,0.0016236772178672254,0.25383651797892526,14b0dc51f7ec5166aef9dfb4473b7c16:0:0,0d62606d599cee680499105285a3d5bb:0:0,95e146b4924d056bd502f9f3791c8676:0:0,677f0fb197fd31cec0ba6cf0035de9e9:0:1349260243,804d5fdaeed50e7e71ad03ebee0a40c3:1:14634685,10,1.0,0,0,0,0,0,0,512,13,0,512,10,0,248,0,0,264,13,0,512,0.14261610805988312,62.13131332397461,160,0,13,13
706,A,706,0.0006662989617325366,0.059584345668554306,nan,nan,512,0,0.0006662989617325366,0.059584345668554306,all_rows,512,0,0.010150672867894173,0.07421875,-0.00474131372757256,0.0017577786347828805,0.25159502000315115,49fc10de718f697e2a0f991efbdc7016:0:0,473c999698fc47b992c9d2c2098c3b6b:0:0,7113e37eaaee78d787adba74be8661c3:0:0,a52f416ea007c7d50ac5ee162b6ba5e9:0:3158685233,aa0e2b297f2f4e175e27e4c1140cfa01:1:4196059373,10,1.0,0,0,0,0,0,0,512,10,0,512,11,0,232,0,0,280,10,0,512,0.14196082949638367,61.6854362487793,170,0,10,10
707,A,707,-0.0038617365062236786,0.05426830053329468,nan,nan,512,0,-0.0038617365062236786,0.05426830053329468,all_rows,512,0,0.001907833619043231,0.135546875,0.003825300792232156,0.0014332744060084224,0.25600662699434906,745da2c24fe77210b33d040dad3d6416:0:0,9fa277306f88b30506899c6530eb53a3:0:0,072abca03b0d2786b097e579c2837683:0:0,24808546e2e067fc537f8262bbb961e9:0:180092803,ddfa391a8fc9fbfeb7951f44397a2f55:0:3729571181,10,1.0,0,0,0,0,0,0,512,18,0,512,17,0,265,0,0,247,18,0,512,0.13159717619419098,59.97858428955078,164,0,18,18
708,A,708,0.004744366277009249,0.06597250699996948,nan,nan,512,0,0.004744366277009249,0.06597250699996948,all_rows,512,0,0.00666451221331954,0.0533203125,-0.002341661136597395,0.0021735272544901817,0.2487430589972064,14b33e6d9987baa0689ff3f45b5e5816:0:0,50b86bcf03bb5dfbcec51d651ee1b41c:0:0,28ced14ae98477b885a29081ef561760:0:0,04281b0de272e465e4be0b11b4471de9:0:1883965454,707ec49c7cb06a5c05a47c9b494e1ba7:1:1608982455,10,1.0,0,0,0,0,0,0,512,5,0,512,10,0,266,0,0,246,5,0,512,0.13152147829532623,59.265193939208984,158,0,5,5
709,A,709,-0.004291445016860962,0.05999886617064476,nan,nan,512,0,-0.004291445016860962,0.05999886617064476,all_rows,512,0,0.006792355794459581,0.1291015625,-0.00660058434586972,0.0017928847402799875,0.2516143140383065,db324f2cfdd5773606aafc47063f4c16:0:0,17363d4517c0bb430fd977b4727e24b8:0:0,3c2c92fb07f5ff358bd92ae2383a3fa7:0:0,c29595aacc6764900e08a95f1514d9e9:0:1022744947,1034e86905acd7ed839c3b52f5ef9dcd:0:154832179,10,1.0,0,0,0,0,0,0,512,10,0,512,12,0,261,0,0,251,10,0,512,0.12412392348051071,57.91455841064453,157,0,10,10
710,A,710,-0.005419574212282896,0.05763759836554527,nan,nan,512,0,-0.005419574212282896,0.05763759836554527,all_rows,512,0,0.005438494496047497,0.0927734375,-0.000889729568734765,0.001632675324799493,0.25329442200018093,5eb4e5d74e3f4436dc257079ade04016:0:0,a334e689ea44564b37dcbce3222972f9:0:0,0669d4e23f523722ce1c79d48db477cf:0:0,19e9a099841ee4fae096be86de2295e9:0:1340472440,7d42e8092943c2363a56f645eeda4301:0:2402484846,10,1.0,0,0,0,0,0,0,512,19,0,512,15,0,254,0,0,258,19,0,512,0.13633187115192413,57.77949523925781,155,0,19,19
711,A,711,-0.0024557756260037422,0.05872012674808502,nan,nan,512,0,-0.0024557756260037422,0.05872012674808502,all_rows,512,0,0.018422631546854973,0.144921875,-0.011137308506295084,0.0017191591789014638,0.2527994879637845,16efa156729056fabe2b640052413416:0:0,7ea524bec0efdf6b02964dda20bec0fc:0:0,64a866af25f167f85e27335350bea2d4:0:0,659063ab7e05af0ceb4febc50f7051e9:0:3137303239,126eb1bc1215dc62300f120f114f6e7b:0:2451970619,10,1.0,0,0,0,0,0,0,512,19,0,512,14,0,254,0,0,258,19,0,512,0.1345144808292389,58.40552520751953,165,0,19,19
712,A,712,0.005452775862067938,0.06024472787976265,nan,nan,512,0,0.005452775862067938,0.06024472787976265,all_rows,512,0,0.004148859065026045,0.036328125,-0.0028112885309383275,0.0017399489413946867,0.2520825549727306,978b44dc80d35b21fc2daa4ef3622816:0:0,3351a6aaa29e7c816656cdf2c713afd5:0:0,24f4127d4cc2bccc05fe522f0ef9b660:0:0,8c4111d8c477c937f6cc1255a8fe0de9:0:2911975579,c3c46a8f6120d78a11e4002235184b57:0:1789744184,10,1.0,0,0,0,0,0,0,512,18,0,512,12,0,248,0,0,264,18,0,512,0.12105419486761093,60.06441879272461,180,0,18,18
713,A,713,-0.004653186071664095,0.05780592933297157,nan,nan,512,0,-0.004653186071664095,0.05780592933297157,all_rows,512,0,0.010557021014392376,0.0541015625,-0.006505100149661302,0.0016705054498743267,0.252039294980932,fdf3039a6138fcab53f1d6d991431c16:0:0,11401b3d6550765a7d7e76d090abae53:0:0,e3a5c49c2f8b507237139a5842592e77:0:0,b97b6731be735f5dc1535374aacbc9e9:0:3507770082,1cad1b0bf08c491bbceab68b9619fe39:0:1161858907,10,1.0,0,0,0,0,0,0,512,15,0,512,13,0,249,0,0,263,15,0,512,0.13028484582901,60.23475646972656,156,0,15,15
714,A,714,0.0009977426379919052,0.0648149773478508,nan,nan,512,0,0.0009977426379919052,0.0648149773478508,all_rows,512,0,0.0021816894877701998,0.0326171875,0.0005042653530836106,0.002102147089317441,0.2530226489761844,a5c9d9d226761ec9e5923d142be41016:0:0,7e9572b8b11a4e536680b483486b3de6:0:0,7f670364e4c0b6982bf4e9a85d7e3f04:0:0,b8eecd4290552374bade105e14d985e9:0:1953632818,e2c6aac73c1950ca44e9999766c4d5d1:1:791892058,10,1.0,0,0,0,0,0,0,512,14,0,512,9,0,251,0,0,261,14,0,512,0.12381282448768616,59.88514709472656,164,0,14,14
715,A,715,-5.664583295583725e-05,0.06008408963680267,nan,nan,512,0,-5.664583295583725e-05,0.06008408963680267,all_rows,512,0,0.008205736987292767,0.0931640625,-0.0007255933247506619,0.0018097274005413055,0.2562204949790612,e5258f24030dbf7b277df072c3450416:0:0,c77918bb4d87d5722babd8e17680b077:0:0,7898b653fc18b360e7e9c55448566159:0:0,0cc58c792edaa66cc114ea4de72741e9:0:3115986118,b412dc406c7d45892cd91114bc61e6df:0:1789296869,10,1.0,0,0,0,0,0,0,512,14,0,512,19,0,276,0,0,236,14,0,512,0.12849865853786469,60.396724700927734,144,0,14,14
716,A,716,0.0030912887305021286,0.057504139840602875,nan,nan,512,0,0.0030912887305021286,0.057504139840602875,all_rows,512,0,0.03132101893424988,0.14375,-0.0050292705651372675,0.001635092863580212,0.25180655397707596,26a535f983fa87dcda78c4695765f816:0:0,e9f4c6eb21ca299ccb7a6d5bdd249766:0:0,73f456fd5779a845254f1a9384ae5b70:0:0,65d8dc5f7ca6a953db50c28021b4fde9:0:2301255007,f075e177e6fcf570b56a57c72dc159aa:1:1375431436,10,1.0,0,0,0,0,0,0,512,11,0,512,16,0,243,0,0,269,11,0,512,0.1390024870634079,60.45759201049805,163,0,11,11
717,A,717,-0.008071710355579853,0.06128382682800293,nan,nan,512,0,-0.008071710355579853,0.06128382682800293,all_rows,512,0,0.006443453952670097,0.0791015625,0.002289000852033496,0.0018361468857619912,0.25325978896580637,90fb27f7792c0942fd9b4c6be846ec16:0:0,cb2da3455a2b16436ec239dfd7736b7d:0:0,da5c72b610aecce7ee657180afe7d8d3:0:0,8298cbbb0a8366baf69aba30c482b9e9:0:3456229203,839a3e2c47165023c36559cd9a298158:0:3711947131,10,1.0,0,0,0,0,0,0,512,16,0,512,12,0,252,0,0,260,16,0,512,0.15663568675518036,58.97792434692383,152,0,16,16
718,A,718,0.006177947856485844,0.062030550092458725,nan,nan,512,0,0.006177947856485844,0.062030550092458725,all_rows,512,0,0.0049027507193386555,0.1078125,-0.0026304011698812246,0.00190693698823452,0.2508246630313806,e64f9f63b44ba70dc252dbee75e7e016:0:0,834b75d5887e14b0d13d9488c666617c:0:0,ddb33357c5533a824f20b5e0ad65bdcf:0:0,2f34dce4529ed45aa1ac329bcf9075e9:0:913429277,a5b94ce4d5f69c6675e223a89df1c7e6:1:2787378093,10,1.0,0,0,0,0,0,0,512,14,0,512,14,0,259,0,0,253,14,0,512,0.15198929607868195,58.25482177734375,143,0,14,14
719,A,719,-0.003575670998543501,0.06284568458795547,nan,nan,512,0,-0.003575670998543501,0.06284568458795547,all_rows,512,0,0.007678956724703312,0.10234375,-0.0021461058175191285,0.0019674191367812454,0.2539012319757603,beb92170863d2d3f806186650048d416:0:0,f62c30c768199ebdac7aa9c115d16689:0:0,4c2dc785d75b93ce0aa31e3813a2868f:0:0,b78fd1e786fcdcf7c8eeccfd42de31e9:0:3906347287,c0d5483c0ee4569a90b377407dbf477c:1:1065120603,10,1.0,0,0,0,0,0,0,512,9,0,512,13,0,256,0,0,256,9,0,512,0.155879944562912,58.18564224243164,155,0,9,9
720,A,720,0.0038058236241340637,0.05767247453331947,nan,nan,512,0,0.0038058236241340637,0.05767247453331947,all_rows,512,0,0.0061552380211651325,0.1140625,0.00290369528811425,0.0016595598019193858,0.2556690140045248,14aaf564a3cf13d2a9de1f438769c816:0:0,8df62b1f1f52cf14eb9383b29a9498b3:0:0,c4fdd67cc7e1d96a29a979502344bb19:0:0,1a027f414b5b9288727c6a911e6bede9:0:2241984599,1872a72db4e96985e0874e7a449e5940:1:400807845,10,1.0,0,0,0,0,0,0,512,16,0,512,5,0,264,0,0,248,16,0,512,0.1482098251581192,58.840362548828125,164,0,16,16
721,A,721,-0.009783665649592876,0.06853890419006348,nan,nan,512,0,-0.009783665649592876,0.06853890419006348,all_rows,512,0,0.005031660199165344,0.0943359375,-0.0005171200260519982,0.0019848554860800506,0.2510382910259068,a567e09ada0e6ecfbf3439fe0b4abc16:0:0,68f47bdef60bb63b61828943f9a80c79:0:0,b52629fe6c039e46db2b973dd058862e:0:0,39269349f2c558987a1f2c936239a9e9:0:3318025446,c1662354f63ed665890a2965dbb55d7e:0:170995083,10,1.0,0,0,0,0,0,0,512,19,0,512,12,0,232,0,0,280,19,0,512,0.14162525534629822,58.14972686767578,178,0,19,19
722,A,722,-0.003081362461671233,0.06400851160287857,nan,nan,512,0,-0.003081362461671233,0.06400851160287857,all_rows,512,0,0.002851455006748438,0.0505859375,-0.0018678412772715092,0.0020023502875119448,0.25089315604418516,47004f59bab28b2343242a088bebb016:0:0,1dff06767470ef2824c756caddc36c43:0:0,10eb75d235378c8b5fd502c01f5f57f1:0:0,b31313a2190d06ee4d5174400e4765e9:0:2116121766,6a5a524d5ee45eae1b1b42dd69902cad:0:3709632732,10,1.0,0,0,0,0,0,0,512,8,0,512,11,0,262,0,0,250,8,0,512,0.13957558572292328,58.7547607421875,150,0,8,8
723,A,723,0.007193105295300484,0.05569078400731087,nan,nan,512,0,0.007193105295300484,0.05569078400731087,all_rows,512,0,0.0019033204298466444,0.0666015625,-0.00073645010124892,0.0015452745545189827,0.2552943089976907,65e6f68829143833aec302d7094ca416:0:0,8871dc83e60d41fd77136cca43e9b155:0:0,33add80860d4db2529dc4e58aa890c3d:0:0,6de0e133b070046fa73de2d3229521e9:0:1554297049,b44e46511046a85dae4e2e5214db6a9e:1:1075324142,10,1.0,0,0,0,0,0,0,512,13,0,512,13,0,265,0,0,247,13,0,512,0.13676433265209198,58.64719009399414,148,0,13,13
724,A,724,-0.011930350214242935,0.06680973619222641,nan,nan,512,0,-0.011930350214242935,0.06680973619222641,all_rows,512,0,0.0060918452218174934,0.0326171875,0.0007982284063473344,0.002194636146305129,0.25249410298420116,ba75d2487024be37657a97dd836d9816:0:0,e70c5cf7e5c310ef9548ccd6c85c4328:0:0,bed9dbae5add1c8f03cb3281338d6394:0:0,dc35de9adb9a5a464cbf59889f22dde9:0:353248393,b588c8df4e34508ceeeca8d6cb6f70b3:1:4991705,10,1.0,0,0,0,0,0,0,512,14,0,512,11,0,261,0,0,251,14,0,512,0.1310701072216034,58.319095611572266,176,0,14,14
725,A,725,0.009608956053853035,0.06046304851770401,nan,nan,512,0,0.009608956053853035,0.06046304851770401,all_rows,512,0,0.012075128965079784,0.1525390625,0.002455141092650592,0.0017527523159515113,0.2555163449724205,4f97318849d8814aa9097c8ffa4e8c16:0:0,4200f962aafbd6d103df40f5757f4165:0:0,45d4ab19c2b31b0e766f768ef3066d2e:0:0,01395c0a2c48bf44c860f99c83f099e9:0:3378095510,5d17455b3bf46533444d86d4a4e6e085:0:621505586,10,1.0,0,0,0,0,0,0,512,18,0,512,13,0,241,0,0,271,18,0,512,0.12579885125160217,56.97123718261719,181,0,18,18
726,A,726,-0.007266490254551172,0.05855764448642731,nan,nan,512,0,-0.007266490254551172,0.05855764448642731,all_rows,512,0,0.0025872145779430866,0.0251953125,0.0009533058619126678,0.0016331583203282208,0.2519286470487714,83eb3e99007951458d8304626def8016:0:0,33ac76d5b62acd901cf3330d1b5187b5:0:0,95b15c0b6af9b9bbb8e913348b600393:0:0,d9f42efe1ec49b8b265e244ad0fe55e9:0:2821378872,d975129b6096fcfedf7c32627aef11ed:1:612623465,10,1.0,0,0,0,0,0,0,512,21,0,512,13,0,237,0,0,275,21,0,512,0.13409025967121124,57.54953384399414,176,0,21,21
727,A,727,-0.0014599676942452788,0.053980860859155655,nan,nan,512,0,-0.0014599676942452788,0.053980860859155655,all_rows,512,0,0.007174347992986441,0.11328125,0.002482601534575224,0.0014268490602262318,0.2529068849980831,22f228e792546651ed4f42c8de507416:0:0,dab3e0e8b9ec0ab25799efa520bfec86:0:0,c229c1ab75a2f7a8c34e79acb0bdcc8f:0:0,92fa5b53ea76046bb0a27acf864c11e9:0:3334709592,0f5d610e3b6497c0839256c659accd05:0:2979653369,10,1.0,0,0,0,0,0,0,512,21,0,512,11,0,242,0,0,270,21,0,512,0.13240566849708557,57.839195251464844,171,0,21,21
728,A,728,0.003197035053744912,0.06066252663731575,nan,nan,512,0,0.003197035053744912,0.06066252663731575,all_rows,512,0,0.003788148984313011,0.06328125,0.004155775811523199,0.0018485078355297447,0.25208176899468526,68bdbbf180380a415d2b0b374b716816:0:0,68b12b7a54a917a91808eaaded63b79a:0:0,e28020d1511a77f45fff37fc3a5f6bfe:0:0,5c936e97ffc7b08faac9de66a3d9cde9:0:1023069676,3c1613c4d49c5f9e926e17dd4cfef6f2:0:1389976816,10,1.0,0,0,0,0,0,0,512,11,0,512,8,0,249,0,0,263,11,0,512,0.126840740442276,57.876949310302734,179,0,11,11
729,A,729,-0.0028290250338613987,0.06464807689189911,nan,nan,512,0,-0.0028290250338613987,0.06464807689189911,all_rows,512,0,0.004604524001479149,0.1076171875,-0.0038595008896663784,0.002058000577380881,0.25411087297834456,1532cb97af34eea32027f121b5525c16:0:0,13bcd3a208421a68596e9daaeb4c6f4c:0:0,eee1d9c54887f829cd9ab7f51f675732:0:0,4da9a5a0cb98e45c0e20704c29a789e9:0:3988170865,4368a7cf96defefab87a7cb7558621bd:0:3746036498,10,1.0,0,0,0,0,0,0,512,11,0,512,13,0,279,0,0,233,11,0,512,0.1310609132051468,57.48818588256836,146,0,11,11
730,A,730,-0.00102641258854419,0.05520514026284218,nan,nan,512,0,-0.00102641258854419,0.05520514026284218,all_rows,512,0,0.002479949500411749,0.0685546875,0.00017583805602043866,0.001501710357842967,0.2531935769948177,00b36df586172f9a1bac47fc1bf35016:0:0,776d223ff57ad4a39477d1d397f87937:0:0,408f3585812f49c375f8f83a900a0249:0:0,1ed6a7ca9879569645a291bc17b545e9:0:4273399916,44c7bf0ef72635180b029872135a721b:0:595699682,10,1.0,0,0,0,0,0,0,512,18,0,512,12,0,246,0,0,266,18,0,512,0.12307383120059967,57.89949417114258,168,0,18,18
731,A,731,0.0013738604029640555,0.05885987728834152,nan,nan,512,0,0.0013738604029640555,0.05885987728834152,all_rows,512,0,0.0019118774216622114,0.040625,-0.0032188347540795803,0.0017165729077532887,0.2564351600012742,47e67ee72f0b0372cb73233a7f544416:0:0,762cba7338fa4b787153f9f90926ae25:0:0,ba13cceeca1debb1c1e6166d3881355f:0:0,232f1269a5eb0d48e9fce3f26e0301e9:0:2714424305,a95a73303c0d7b7c4e044a3ffe8cd5b8:1:1139843179,10,1.0,0,0,0,0,0,0,512,12,0,512,10,0,257,0,0,255,12,0,512,0.11972431093454361,58.28532028198242,155,0,12,12
732,A,732,0.00033317774068564177,0.062445592135190964,nan,nan,512,0,0.00033317774068564177,0.062445592135190964,all_rows,512,0,0.002409471897408366,0.0408203125,-0.00083644506521523,0.001957998622674495,0.15327867498854175,7bf7616ea5e116f9358c5650df753816:0:0,391648ad697ebc27746ff5475b446d8b:0:0,ac082289ae78a504825f19ca53845c11:0:0,4c343a47cde632e87d8c482b2c90bde9:0:3521127991,f4decdd6a1d8466020ed532afd03eb95:0:2711418850,10,1.0,0,0,0,0,0,0,512,17,0,512,19,0,246,0,0,266,17,0,512,0.12281101197004318,58.256439208984375,161,0,17,17
733,A,733,0.00395102147012949,0.05999213457107544,nan,nan,512,0,0.00395102147012949,0.05999213457107544,all_rows,512,0,0.010840509086847305,0.116796875,0.011447288189083337,0.0017926117463503033,0.20600351796019822,acda5f2bfb66968ede5c74b33c562c16:0:0,debc1aee7970c76d0c1fa861d50a0a4c:0:0,3e514574ee1776cf5a86c34752ef9e26:0:0,c1d5704350dae3b8285ddfa2535e79e9:0:2950759300,9b952c30851428cee0427c1c49e826db:0:3006525496,10,1.0,0,0,0,0,0,0,512,15,0,512,13,0,258,0,0,254,15,0,512,0.12252141535282135,58.65211486816406,165,0,15,15
734,A,734,-0.0005937934038229287,0.059696558862924576,nan,nan,512,0,-0.0005937934038229287,0.059696558862924576,all_rows,512,0,0.003665562719106674,0.0798828125,0.0024292587069794534,0.0017798761313315482,0.20086965500377119,f89e6621f644e400bc9cd1d595f72016:0:0,de5d8a02b7760d8fa73b0f412f196183:0:0,f01d7d134178a2290b4e2c0485fa759e:0:0,2ee7b964a06cf36e742f0b93e26c35e9:0:3505084694,52d69039c492a2b544e149e1c2bf1bb2:1:3683676515,10,1.0,0,0,0,0,0,0,512,16,0,512,13,0,270,0,0,242,16,0,512,0.12516802549362183,58.07382583618164,157,0,16,16
735,A,735,-0.0008491566986776888,0.06505266577005386,nan,nan,512,0,-0.0008491566986776888,0.06505266577005386,all_rows,512,0,0.003485220018774271,0.1474609375,0.004375398997217417,0.0021275908511597663,0.20538023597327992,ea5c3904f9dcf91d2d5b812bec581416:0:0,3d35a3d9bae22c9b427b223ef9dbe375:0:0,d9f098583864fcfaf72cd777b4247297:0:0,de344a014125ab1a086d6d3bd9b9f1e9:0:2991486257,14ad30cdc2143e04168df90e397302d3:0:3088123470,10,1.0,0,0,0,0,0,0,512,13,0,512,10,0,261,0,0,251,13,0,512,0.12568047642707825,59.292903900146484,141,0,13,13
736,A,736,0.010968480259180069,0.0561039112508297,nan,nan,512,0,0.010968480259180069,0.0561039112508297,all_rows,512,0,0.009807292371988297,0.11796875,0.008044084766879678,0.0015504150418564678,0.20396305801114067,b9a56e56db927709e7fb562a3f790816:0:0,fafea805e7e1524f7024c36e4d7a7cf3:0:0,8c2e8d9d60dbc47c66bb350519ed4322:0:0,ac732ec21b577f466636e5d63947ade9:0:1652834842,b550e4eb3d5b53bb1006ea75e69f88d0:0:1962335782,10,1.0,0,0,0,0,0,0,512,13,0,512,8,0,246,0,0,266,13,0,512,0.12341400235891342,59.088958740234375,159,0,13,13
737,A,737,-0.004790348932147026,0.06352133303880692,nan,nan,512,0,-0.004790348932147026,0.06352133303880692,all_rows,512,0,0.0029648984782397747,0.0919921875,0.0009926315862685442,0.0019854833604767918,0.20131486101308838,c532d6970efa6259f233e4448f59fc16:0:0,665545eae11aec8d1675499371f392fc:0:0,f7407eb456a22676d16b5ed5670a4785:0:0,307865a3d36fbe60a459969f011569e9:0:2023309855,eca75357fe0b2f498fa1bed74f7501a2:1:1625141270,10,1.0,0,0,0,0,0,0,512,17,0,512,11,0,253,0,0,259,17,0,512,0.1237054392695427,60.750221252441406,159,0,17,17
738,A,738,0.001120249042287469,0.06341409683227539,nan,nan,512,0,0.001120249042287469,0.06341409683227539,all_rows,512,0,0.010846473276615143,0.0974609375,0.001174674555659294,0.002007996483007446,0.15546276199165732,cdba11d351618be394117eeedbfaf016:0:0,1868d91ca30ea0e09670ecfd5454e083:0:0,fbbecb9bcd4ceed746e0b9345dc322e1:0:0,d4c63c4801f2375c2b53e0d2312325e9:0:2934231430,cf4a169639f2a939023a0e857b9ecde6:1:50489421,10,1.0,0,0,0,0,0,0,512,12,0,512,15,0,252,0,0,260,12,0,512,0.12429697066545486,59.77543640136719,155,0,12,12
739,A,739,-0.0014933955390006304,0.06446900963783264,nan,nan,512,0,-0.0014933955390006304,0.06446900963783264,all_rows,512,0,0.0029138573445379734,0.0408203125,-0.0017029795330017806,0.0020658069755882026,0.18431177199818194,dd0540e9bd1ea6564bf5399d255be416:0:0,4c71e064aa29770e246ccc5e583efb74:0:0,d4535e03a55f160ff475c90c3f22517b:0:0,7ce0182e635ad897715465abc970e1e9:0:1414820604,1bb60204de0a2726d0bdded40dce1d69:0:1059860339,10,1.0,0,0,0,0,0,0,512,10,0,512,10,0,267,0,0,245,10,0,512,0.11942970752716064,60.444705963134766,146,0,10,10
740,A,740,-0.00211925245821476,0.06701107323169708,nan,nan,512,0,-0.00211925245821476,0.06701107323169708,all_rows,512,0,0.017580457031726837,0.0787109375,-0.0006905219051986933,0.002252659836085513,0.203356702986639,c665d6d1ed240890c294e7c36b7cd816:0:0,3f48b7d1fce1f2133bb6cb99dd64d275:0:0,4c9c0012e73ef0734dedfb9c62eed9f7:0:0,3d5cd8ad58214700b63a0667c9fe9de9:0:3050510029,72387f6001ee7b8f41da19f7d2dcd9ab:0:858399299,10,1.0,0,0,0,0,0,0,512,9,0,512,15,0,262,0,0,250,9,0,512,0.11721090227365494,59.75210189819336,141,0,9,9
741,A,741,0.0219890084117651,0.06590618938207626,nan,nan,512,0,0.0219890084117651,0.06590618938207626,all_rows,512,0,0.0007693411316722631,0.1083984375,0.004753899248316884,0.0020292593573685734,0.20046308095334098,25249a4799451cb6befb1cd5ae5dcc16:0:0,57bd20c178b0eb20819f1a5bd01ce0ec:0:0,bfb532427cebe492c5a520b5b3cbbfb3:0:0,3017c9c14d1a6d7abf93e44232cc59e9:0:1228470338,4bd7cb6c790df9f70768553058623d5b:1:4046132015,10,1.0,0,0,0,0,0,0,512,18,0,512,14,0,273,0,0,239,18,0,512,0.11837243288755417,59.74163055419922,138,0,18,18
742,A,742,-0.014484844170510769,0.061542607843875885,nan,nan,512,0,-0.014484844170510769,0.061542607843875885,all_rows,512,0,0.006995038129389286,0.065234375,0.0005766423186287284,0.0018946201191283763,0.2078052379656583,0864e835d3a37c071a872c47edfec016:0:0,4f6ad0f5870eee8b9a4e93aba9e6d457:0:0,359aff8c0fabbeeb5f87aee24b965d5b:0:0,0e3aa20ae474048194a1607703da15e9:0:324237391,4dc5b43ff9c08be972f9954a81abaecc:1:1688512487,10,1.0,0,0,0,0,0,0,512,14,0,512,13,0,276,0,0,236,14,0,512,0.11850644648075104,59.90061950683594,150,0,14,14
743,A,743,0.003465394489467144,0.0637906864285469,nan,nan,512,0,0.003465394489467144,0.0637906864285469,all_rows,512,0,0.001002720557153225,0.1015625,0.0034449853003025053,0.0020362173672765493,0.2013748090248555,76d03b46cfb7b771b4ed298e2a5fb416:0:0,d78a43f9f806a801650cf11842d4240d:0:0,d649d3da299d1e2baac0f568ff9a9bda:0:0,80724593f786120f3a521c423d27d1e9:0:3399599078,cf8d6b847a9aa1a1017aba50f5d221ca:0:4198142441,10,1.0,0,0,0,0,0,0,512,11,0,512,20,0,247,0,0,265,11,0,512,0.12511271238327026,58.677894592285156,189,0,11,11
744,A,744,-0.0024076818954199553,0.06308221071958542,nan,nan,512,0,-0.0024076818954199553,0.06308221071958542,all_rows,512,0,0.007973263040184975,0.076953125,-0.0047397120390087364,0.0019400813151150941,0.17615794501034543,fc08e500db69cced6835e81c6380a816:0:0,41bf71a70ac3fbfefa2f9a140ec6cc5d:0:0,a6e767c59ff45edc0e3c59f5ccebfcc3:0:0,8ab30233c9b661c06f45f8dfdeb58de9:0:96533258,c093847f3e9da5ec5533905b708aa7bc:1:337923607,10,1.0,0,0,0,0,0,0,512,12,0,512,15,0,249,0,0,263,12,0,512,0.12934234738349915,58.63058853149414,146,0,12,12
745,A,745,-0.0032554171048104763,0.0670352578163147,nan,nan,512,0,-0.0032554171048104763,0.0670352578163147,all_rows,512,0,0.008379741571843624,0.1591796875,0.0013732934137806296,0.0022209487564396114,0.15845391701441258,e317c0ddf2ad498dfcbefb6699619c16:0:0,be70f1af68c0c85587076219d4e4a1a2:0:0,146821ae896fc79d6c9d2686c7906c6b:0:0,a4bfb1ab04a9f53967cd178be88349e9:0:276174174,fd5ed09dba4ce555daa0737f4ea03188:0:1341999045,10,1.0,0,0,0,0,0,0,512,12,0,512,10,0,256,0,0,256,12,0,512,0.12173330783843994,59.976959228515625,166,0,12,12
746,A,746,0.0029826010577380657,0.0634196400642395,nan,nan,512,0,0.0029826010577380657,0.0634196400642395,all_rows,512,0,0.021127572283148766,0.23828125,0.01953316410072148,0.002017108828295022,0.20621342799859121,f88879d01615185a1d3ab6e0cc029016:0:0,c780806730622e251d9885c52f210ae3:0:0,b446ac158e271631311cd3188664866e:0:0,7b71a0d056006cca89e7d9825a9105e9:0:843424911,41f07c0cbd5de4c29fb9dfb30f9ee613:1:47308361,10,1.0,0,0,0,0,0,0,512,9,0,512,13,0,278,0,0,234,9,0,512,0.122157521545887,58.87718963623047,123,0,9,9
747,A,747,0.00045555096585303545,0.05821177363395691,nan,nan,512,0,0.00045555096585303545,0.05821177363395691,all_rows,512,0,0.008458970114588737,0.1021484375,0.005493402504362166,0.0016800702374894171,0.19910745497327298,0972bea94cd2fde14ab02dfefb638416:0:0,862bbb924c3da457947f23725a8f74b9:0:0,799d9259c3b2b7b32078dd60da1dc1be:0:0,88c54a66c6d568552946dfff34dec1e9:0:2088954479,a71b6d9239b83a79c8bea96e68d3271a:1:2116597134,10,1.0,0,0,0,0,0,0,512,15,0,512,15,0,249,0,0,263,15,0,512,0.12869396805763245,56.699520111083984,163,0,15,15
748,A,748,0.002108311280608177,0.06384433805942535,nan,nan,512,0,0.002108311280608177,0.06384433805942535,all_rows,512,0,0.0024853097274899483,0.1080078125,0.0013854677323251962,0.00200597369694151,0.20503372803796083,2f0479e2fa96c091d07b343527847816:0:0,d289041a54f7a59d60f73674ba7de51a:0:0,f92ff8903e16f7a5787de3c86b5f4b7e:0:0,3231df772543e070434b0c3e776c7de9:0:3650557869,6746201e9d1a0656ae68fbbd57c71c53:1:1854735076,10,1.0,0,0,0,0,0,0,512,22,0,512,11,0,253,0,0,259,22,0,512,0.1381053775548935,55.11287307739258,157,0,22,22
749,A,749,-0.0030663730576634407,0.05848466232419014,nan,nan,512,0,-0.0030663730576634407,0.05848466232419014,all_rows,512,0,0.008580443449318409,0.1185546875,0.011138555780053138,0.0016890178085304797,0.2033220279845409,ad01cd44f1c0fdceb84c5cf750656c16:0:0,40a1974adb0feaad750a8e9eff742524:0:0,ec60a90b647c17ededd48c1c142ce038:0:0,760f3e46182777cd3b057f7c223a39e9:0:3505025314,386ab9f2b6f7c9a7ba79154d7578b8b0:1:3294496846,10,1.0,0,0,0,0,0,0,512,15,0,512,17,0,264,0,0,248,15,0,512,0.14104977250099182,55.0369987487793,133,0,15,15
750,A,750,0.0025175532791763544,0.07071935385465622,nan,nan,512,0,0.0025175532791763544,0.07071935385465622,all_rows,512,0,0.009079748764634132,0.0837890625,-0.0036711484659463166,0.002472053177189082,0.20225126500008628,19db31f16a5dabc5be28fbb976066016:0:0,0289bad8db35a8b021c75c8328716516:0:0,d96847c3c6b36b83b0b9b1b64f8f0887:0:0,ea075c40b557c4dc95379af43547f5e9:0:3425807648,aaeb949e413cebe27f169181002cc2a2:0:1204831242,10,1.0,0,0,0,0,0,0,512,17,0,512,16,0,264,0,0,248,17,0,512,0.14953182637691498,54.12279510498047,140,0,17,17
751,A,751,0.004447027109563351,0.06160597875714302,nan,nan,512,0,0.004447027109563351,0.06160597875714302,all_rows,512,0,0.006843383423984051,0.0408203125,-0.006493133306503296,0.00179149093455635,0.1528003319981508,0d30b15fc65a4805446b23ef98675416:0:0,ad82b967ffbcce8982ee6dbfb55725d3:0:0,5b7e2110d208ec1c909fb309bd9fae4e:0:0,6e054679b29993b2b452ffe2b095b1e9:0:1099189115,bef2fc57aae0422861b4c4c197550f41:0:1898740586,10,1.0,0,0,0,0,0,0,512,19,0,512,15,0,258,0,0,254,19,0,512,0.1397141069173813,53.550506591796875,149,0,19,19
752,A,752,-3.169944102410227e-05,0.0687427818775177,nan,nan,512,0,-3.169944102410227e-05,0.0687427818775177,all_rows,512,0,0.0028609754517674446,0.0380859375,-0.0010146289598196745,0.002298140898346901,0.18800410203402862,0a9ab3d4cb6bb2d247c1a90db7884816:0:0,5d274f9e6b5a8fb709bb6bda4f742c9d:0:0,8053c793031e40521ed21c5b870e4b98:0:0,0904b7918982202c94798f8394236de9:0:1734299140,d50871b9fea7de9a5d29b6c146fb3d96:1:238798274,10,1.0,0,0,0,0,0,0,512,9,0,512,14,0,271,0,0,241,9,0,512,0.13465163111686707,55.18590545654297,134,0,9,9
753,A,753,-8.12073121778667e-05,0.05828939750790596,nan,nan,512,0,-8.12073121778667e-05,0.05828939750790596,all_rows,512,0,0.016050143167376518,0.065234375,-0.0014978574588894844,0.0016805780527647586,0.20304246805608273,271d5cebbb17b73e53301e87d3693c16:0:0,ea29fe826e633e4e23e8848f1dbeb66e:0:0,1fbc164116d80f168e5286774e823c2a:0:0,6fd1d92426884854877d6b12dff129e9:0:791427005,d9a98ca28cc6f0d27997301b58cc12e6:1:4210222928,10,1.0,0,0,0,0,0,0,512,11,0,512,14,0,261,0,0,251,11,0,512,0.13496972620487213,55.082054138183594,141,0,11,11
754,A,754,-0.003655108856037259,0.06465478986501694,nan,nan,512,0,-0.003655108856037259,0.06465478986501694,all_rows,512,0,0.0037138815969228745,0.0578125,0.004008987604174763,0.0020736132399179043,0.2014786740182899,5c82dec871563ffd740ed7d1ec0a3016:0:0,c53b621d70c8ad2010f91b681877a418:0:0,1d60c5a0ecdece9d816e36281dd85d5a:0:0,41711a16fb7fb706f0e0f3cc93fee5e9:0:1391440273,ba0c37690e96b9e002e57366b28bc629:1:272560245,10,1.0,0,0,0,0,0,0,512,10,0,512,18,0,246,0,0,266,10,0,512,0.13323159515857697,55.98990249633789,151,0,10,10
755,A,755,0.00482249166816473,0.05996663495898247,nan,nan,512,0,0.00482249166816473,0.05996663495898247,all_rows,512,0,0.01444530300796032,0.06171875,0.004303237423300743,0.0018135179881937802,0.20649567601503804,fbbb908f723e38fc2e0ae860016b2416:0:0,d68b6b493b91c9ee46c93e905259d988:0:0,a1648edae6ff62e2a28027a325653ede:0:0,99cb12628dba06d701d6caecb04ca1e9:0:955767452,d22fbe59c5549e07574797002312f4f5:1:2190843492,10,1.0,0,0,0,0,0,0,512,9,0,512,14,0,268,0,0,244,9,0,512,0.1402362585067749,55.93363952636719,143,0,9,9
756,A,756,-0.0016418182058259845,0.05912361294031143,nan,nan,512,0,-0.0016418182058259845,0.05912361294031143,all_rows,512,0,0.01219974271953106,0.1021484375,0.0007587925065308809,0.0017379680706653745,0.2011911379522644,930fecc58f321db56f2623a6138c1816:0:0,125e1287481277d641ed8427f389a1fb:0:0,29464efe8514c6fe2c649ca52e370a98:0:0,c1983832d809dd337541d1af34da5de9:0:3919441107,f66aa6b2df22201cef92b4244641e411:0:3485504692,10,1.0,0,0,0,0,0,0,512,17,0,512,19,0,250,0,0,262,17,0,512,0.13113375008106232,57.812705993652344,174,0,17,17
757,A,757,0.002380059100687504,0.05903330817818642,nan,nan,512,0,0.002380059100687504,0.05903330817818642,all_rows,512,0,0.005186098162084818,0.048828125,-0.005495762079954147,0.0016907756391447038,0.17311669903574511,4328e83d8c00344883b71d18226d0c16:0:0,d7b35b9b3f8fb000b7e7016578b62642:0:0,443ffcd27881558061129b86e71f4905:0:0,02a3b17a18e3fdcb4bb5295021a819e9:0:1226217514,83982cdb38c82dff5c0f5692400ae5b4:0:2026031179,10,1.0,0,0,0,0,0,0,512,16,0,512,16,0,245,0,0,267,16,0,512,0.131773442029953,56.66671371459961,167,0,16,16
758,A,758,0.0018277482595294714,0.05931301414966583,nan,nan,512,0,0.0018277482595294714,0.05931301414966583,all_rows,512,0,0.02663622796535492,0.091796875,0.006914114160463214,0.0017357450909912587,0.1708529070019722,4376523eec6a754f0a69282a2e0e0016:0:0,a9f1c19ddffbacf1dc24944dd918f194:0:0,a19ca59167d6b4d830942d974719b257:0:0,8993d051e4da56328774330b76b5d5e9:0:2761679094,9ce669c95d0260f1d2806a1c9b74cef3:1:2878139740,10,1.0,0,0,0,0,0,0,512,12,0,512,17,0,262,0,0,250,12,0,512,0.1406828612089157,56.21819305419922,150,0,12,12
759,A,759,-0.003198017366230488,0.06586544215679169,nan,nan,512,0,-0.003198017366230488,0.06586544215679169,all_rows,512,0,0.03343790024518967,0.1140625,0.007089861901476979,0.0021312194527126848,0.20447773905470967,98092295d28a2072e83c5850366ef416:0:0,21b812e72281992af4aaae8c76ca7e85:0:0,bd016b55ce15540f0e6cd12331cc71ad:0:0,4ab9c7c695ad01c6e872901d340391e9:0:2752243890,2974e3b048b00231e90f5c124229b56a:0:3606060783,10,1.0,0,0,0,0,0,0,512,12,0,512,18,0,266,0,0,246,12,0,512,0.15237507224082947,55.14704513549805,149,0,12,12
760,A,760,0.0079200966283679,0.05916145443916321,nan,nan,512,0,0.0079200966283679,0.05916145443916321,all_rows,512,0,0.002170983934774995,0.04609375,-0.0009750257711857557,0.00172587966080755,0.20097676396835595,1550c2409682fdc43c8580fe3b8fe816:0:0,7d1b5930e923f929d2270a46f3c5ae7e:0:0,895e8e7c5dac8bdff01902ac56e45ed3:0:0,9e38e1e96e2d45d4a85421c159914de9:0:1349482512,f55fc2854c679d75aa0a322134ccc75b:1:4205806883,10,1.0,0,0,0,0,0,0,512,10,0,512,19,0,258,0,0,254,10,0,512,0.15727871656417847,56.51396560668945,146,0,10,10
761,A,761,-0.026401851326227188,0.0689028799533844,nan,nan,512,0,-0.026401851326227188,0.0689028799533844,all_rows,512,0,0.011267687194049358,0.04609375,-0.0007234552409499884,0.00172857966972515,0.20543220097897574,1e0e77747ffa4bcf54ee35a83d70dc16:0:0,d9f5c4cf2062ded5c9eacc776e1dfac9:0:0,ab2270e608bc475ec8af8fe33460542f:0:0,415ff7460b2e85fb366d0933e75f09e9:0:2350020402,f56af12428902cc7f8efe87833a11363:1:1814612704,10,1.0,0,0,0,0,0,0,512,15,0,512,16,0,228,0,0,284,15,0,512,0.15329372882843018,56.73080825805664,179,0,15,15
762,A,762,0.011817414313554764,0.0620451346039772,nan,nan,512,0,0.011817414313554764,0.0620451346039772,all_rows,512,0,0.00482531450688839,0.0818359375,-0.0006861681118607521,0.0019299632811453193,0.20247133896918967,6a012db7c9c55a72a174c9c23c11d016:0:0,162575b4976924bca85b00c9f2ae7a18:0:0,5e7eeeefca13ee2474e04798d57f3d22:0:0,27961b17f9c130d1f3c1a7b0dd6cc5e9:0:2624203742,f4d04e742a5a1a379f99eed0d0ecfe2b:1:1514997031,10,1.0,0,0,0,0,0,0,512,21,0,512,16,0,266,0,0,246,21,0,512,0.16260787844657898,57.42316818237305,147,0,21,21
763,A,763,-0.011365115642547607,0.0656464546918869,nan,nan,512,0,-0.011365115642547607,0.0656464546918869,all_rows,512,0,0.007437036372721195,0.054296875,-0.004402014287188649,0.0021132912836037574,0.1960368860163726,f505d6d3d843d274a86c50c03772c416:0:0,d61311f998e0ed6e8ba7c77588e273a4:0:0,b5b9c32139256a5129fdefb220c23f26:0:0,8cfd5edd8af3a4ccef069e743bba81e9:0:908666020,01d5f0a11a3c3bf50163321208538dbd:1:11977395,10,1.0,0,0,0,0,0,0,512,7,0,512,13,0,257,0,0,255,7,0,512,0.16100084781646729,58.28752517700195,144,0,7,7
764,A,764,0.0033874250948429108,0.0629124790430069,nan,nan,512,0,0.0033874250948429108,0.0629124790430069,all_rows,512,0,0.0022877168375998735,0.036328125,0.001978515926748514,0.0019813344697467983,0.15209774405229837,536d99674ad9a9d9fa7c9e162f93b816:0:0,fa3f62473b19ff38c39dad18eff92264:0:0,2f199f3075ef55ea55b5fd45523f78a3:0:0,982c3b253d550d61a0a0ceba02483de9:0:2096919746,f20aa7e79a610a509140c3070d311753:1:883314185,10,1.0,0,0,0,0,0,0,512,15,0,512,20,0,249,0,0,263,15,0,512,0.15084336698055267,56.60878372192383,156,0,15,15
765,A,765,0.009050346910953522,0.05846639350056648,nan,nan,512,0,0.009050346910953522,0.05846639350056648,all_rows,512,0,0.004854092374444008,0.08046875,-0.0023790976498275994,0.0016457988327601924,0.1900583259994164,6ddaede450fcc4fb26a245382474ac16:0:0,f784144e04cce5df98e32bbe0feec530:0:0,c55b70a96a4a6c13e206ee1ee108c77d:0:0,0f5792b35476386ba6a559be3115f9e9:0:1430149473,36456a53e466809124484940515ec567:1:800100457,10,1.0,0,0,0,0,0,0,512,9,0,512,9,0,258,0,0,254,9,0,512,0.14133810997009277,56.32767105102539,144,0,9,9
766,A,766,-0.005133197642862797,0.06406621634960175,nan,nan,512,0,-0.005133197642862797,0.06406621634960175,all_rows,512,0,0.013441309332847595,0.0693359375,-0.00615921881981194,0.0020227732427883895,0.2012659109896049,71d1aacc6b4a445aae2e999a1615a016:0:0,9ef2f5508f7ec70d6eecf0e296fb0a03:0:0,287d07d6e569b9eb522af64763cd8dd4:0:0,c03c685d76a463d180d9a0bcc823b5e9:0:3370237575,36b7e21c04a184a521acf6c96b344bce:1:2069412056,10,1.0,0,0,0,0,0,0,512,17,0,512,17,0,255,0,0,257,17,0,512,0.13735486567020416,56.70521926879883,174,0,17,17
767,A,767,0.00955204013735056,0.060093093663454056,nan,nan,512,0,0.00955204013735056,0.060093093663454056,all_rows,512,0,0.002825251780450344,0.0431640625,-0.004524826002307236,0.0018006944039370865,0.20079313399037346,f10bd4ff81177f3af8c7aeb004769416:0:0,34c0981af3e2ccc9c28e500f1a778af4:0:0,4aac2b82d3003901959ccc5a9092b770:0:0,c1493f3a691a03694cb344f1c77171e9:0:2076946027,299099131ee6d5fca073151a691432db:0:3387062499,10,1.0,0,0,0,0,0,0,512,13,0,512,5,0,277,0,0,235,13,0,512,0.12510475516319275,58.064945220947266,125,0,13,13
768,A,768,-0.008713356219232082,0.06573345512151718,nan,nan,512,0,-0.008713356219232082,0.06573345512151718,all_rows,512,0,0.006759178824722767,0.0568359375,-0.0005876326467841864,0.0021633944706991315,0.20763631799491122,1555d0f8f2f2aaf4486857edef978816:0:0,31f934bd9080fd0d1a3af00f4aab5b66:0:0,80d785054d970ef5b08c52797eb3d776:0:0,2e33b80442e17f1d815827992eff2de9:0:1586883955,b7e7d414c43c65176b2e83263bb45eb1:0:3113745473,10,1.0,0,0,0,0,0,0,512,4,0,512,11,0,266,0,0,246,4,0,512,0.12173927575349808,57.12718200683594,148,0,4,4
769,A,769,0.005846197251230478,0.06380004435777664,nan,nan,512,0,0.005846197251230478,0.06380004435777664,all_rows,512,0,0.002354350406676531,0.0638671875,-0.0034002816770225762,0.002040143747581169,0.2013048930093646,d5f04dda12872f0aad6028c7d7787c16:0:0,66ec76ee72155c66fdafb4c65884a895:0:0,3fcebe6855c602381169f26d69ef4914:0:0,fa8f55cbaea5e951ab9e69eefecce9e9:0:1145368725,aae6472438c3edb34562597dbdce0912:1:2522956665,10,1.0,0,0,0,0,0,0,512,18,0,512,6,0,268,0,0,244,18,0,512,0.11562135070562363,57.65229415893555,146,0,18,18
770,A,770,-0.006193645764142275,0.056004155427217484,nan,nan,512,0,-0.006193645764142275,0.056004155427217484,all_rows,512,0,0.014843795448541641,0.0701171875,0.005585633171722293,0.001542287488700822,0.17473845498170704,9afcf3262859a603fa5374b1bc197016:0:0,767fbdead01f420be4e7afa85cb77ae4:0:0,f02c94a08811b0da862b3769d4b4f8c0:0:0,725e675b13adad872a0c6d2f36daa5e9:0:1466992357,0212067f9059256f6d319773529d5c55:0:1864601868,10,1.0,0,0,0,0,0,0,512,13,0,512,10,0,256,0,0,256,13,0,512,0.1159500926733017,58.33821105957031,152,0,13,13
771,A,771,-0.0035348357632756233,0.06631334125995636,nan,nan,512,0,-0.0035348357632756233,0.06631334125995636,all_rows,512,0,0.004708877764642239,0.0681640625,0.0034568929113447666,0.002144873992074281,0.1707193530164659,100c7e18efcf8afdb83b4f1f9d7a6416:0:0,c757f4f5289488a89cc3275439f7c1a6:0:0,25aed31a2891733d767a10f1e55b1aef:0:0,8b35e1e8be3b3741e8d8d295d72861e9:0:1514460586,4505742975ec25423de0c46ec3407adc:0:802110578,10,1.0,0,0,0,0,0,0,512,12,0,512,15,0,256,0,0,256,12,0,512,0.123111292719841,56.62944030761719,146,0,12,12
772,A,772,0.001588816987350583,0.0637269988656044,nan,nan,512,0,0.001588816987350583,0.0637269988656044,all_rows,512,0,0.006660791579633951,0.1173828125,-0.001474577747285366,0.0020268796826712785,0.20146844099508598,6d41938531f694031a658b857b9b5816:0:0,9b8e1962ae38123d3d4623c84a8bee1b:0:0,2acad5c5f505da0e16816779b8716b7c:0:0,c8a884f75f8f912d1dea7b5edfb61de9:0:3219808270,684237b4d2f637d2cf06bdd2fe219070:1:904521897,10,1.0,0,0,0,0,0,0,512,11,0,512,7,0,267,0,0,245,11,0,512,0.12496330589056015,57.64873504638672,135,0,11,11
773,A,773,-0.0019533243030309677,0.05756348744034767,nan,nan,512,0,-0.0019533243030309677,0.05756348744034767,all_rows,512,0,0.014615807682275772,0.0888671875,0.002696543978527188,0.001585290051298216,0.19901658699382097,9363172de77fb922f274bd57567c4c16:0:0,ac175184ff5435afc4b0ad08634b84ff:0:0,faa92c7fd882dc2d46762ac94fc114d7:0:0,b484e6847dcafc8004d888c65083d9e9:0:1913743945,70681836e68c853a48af6ed08b968845:0:3516979187,10,1.0,0,0,0,0,0,0,512,16,0,512,6,0,239,0,0,273,16,0,512,0.13653820753097534,58.385276794433594,164,0,16,16
774,A,774,-0.0015349311288446188,0.06334833055734634,nan,nan,512,0,-0.0015349311288446188,0.06334833055734634,all_rows,512,0,0.017273297533392906,0.0705078125,-0.0017606521490961314,0.0019354230258613824,0.20833156298613176,576b59910a61e845a46038092e1d4016:0:0,fbbe9d089550aeac5bede1d84afb90a9:0:0,0bca2aa6599da96190935a71056749ec:0:0,4f4509e4abe780a29aea5c08299195e9:0:3265886901,e23574894f08cac24ba41c5f437a1de6:1:2439566860,10,1.0,0,0,0,0,0,0,512,12,0,512,12,0,234,0,0,278,12,0,512,0.12782171368598938,58.80121612548828,158,0,12,12
775,A,775,0.001814832678064704,0.06736794114112854,nan,nan,512,0,0.001814832678064704,0.06736794114112854,all_rows,512,0,0.007867780514061451,0.0333984375,-0.0021743751130998135,0.0022395333042368295,0.20415514399064705,a25ee11fff9865c31a740f0f027e3416:0:0,8bba1a857b1ffa8432f4c74abb27d787:0:0,913ec60353c9dcde735221e4a0eb05ac:0:0,ef1ce2eda20973125b1796606adf51e9:0:2171507129,9bb8c20c8fbadfa6b8262d4a8c673668:1:403666855,10,1.0,0,0,0,0,0,0,512,14,0,512,13,0,269,0,0,243,14,0,512,0.13020317256450653,59.64044189453125,144,0,14,14
776,A,776,-0.0032838270999491215,0.06053425744175911,nan,nan,512,0,-0.0032838270999491215,0.06053425744175911,all_rows,512,0,0.0013504264643415809,0.073828125,-0.001543465070426464,0.001838578365277499,0.19052002701209858,f73dfbe64170d9b8b95115dcd39f2816:0:0,12c2ac107ea982508a02329b08db595a:0:0,ef60fedf3982e149943d68574b935b43:0:0,4c9fa24e8e61f786fa08190b146d0de9:0:2672686802,ea356415f88bf30d1dc93a5267bfca03:1:4279734759,10,1.0,0,0,0,0,0,0,512,22,0,512,14,0,250,0,0,262,22,0,512,0.12851296365261078,59.95509719848633,161,0,22,22
777,A,777,-0.003737368155270815,0.06069323793053627,nan,nan,512,0,-0.003737368155270815,0.06069323793053627,all_rows,512,0,0.004804588854312897,0.071875,-0.0019189032958820463,0.0018045828677713872,0.1539399090106599,df77a2a3b2dd0a1f53ecdfe6a1801c16:0:0,14d57fa08e73c246bc33833899a354b2:0:0,120da839aa7e4dd889ea7a5fe00d7432:0:0,8339df3736df785722140544263ac9e9:0:283488702,8e95ed01c2cfed9a7fb38db0b3260b5d:0:775765208,10,1.0,0,0,0,0,0,0,512,17,0,512,17,0,240,0,0,272,17,0,512,0.1257154941558838,59.482601165771484,156,0,17,17
778,A,778,-0.0010612774640321732,0.06279461085796356,nan,nan,512,0,-0.0010612774640321732,0.06279461085796356,all_rows,512,0,0.014443190768361092,0.0837890625,0.001604761090129614,0.0019185493933036924,0.19724458100972697,0b228664c43c41a11f91c0a06c211016:0:0,9b979d646b17feafadc4b1aa60370d0a:0:0,1b0b0d621f66dbe4a421e7c00a9136e0:0:0,1a00a5aec3e8171d2f43bc47a04885e9:0:3503623271,31362d7aa65f0e979f2fefc31b994f90:0:276488604,10,1.0,0,0,0,0,0,0,512,15,0,512,23,0,248,0,0,264,15,0,512,0.1224370077252388,60.33571243286133,165,0,15,15
779,A,779,-0.0031842668540775776,0.05703640356659889,nan,nan,512,0,-0.0031842668540775776,0.05703640356659889,all_rows,512,0,0.007255970500409603,0.09296875,-0.009064934588968754,0.0015827007533516734,0.19989189703483135,fa2a65a75210632fa7decb7e33820416:0:0,02148d6653d7013412b8b7c609d035ca:0:0,f707098b15bcfdf38e1f7c32785294b0:0:0,46d3203b4c5a159beb4fdf51829641e9:0:708400846,0dd2401943c3a5acd17244b8c84b88ed:1:999555220,10,1.0,0,0,0,0,0,0,512,16,0,512,12,0,271,0,0,241,16,0,512,0.12035137414932251,62.753639221191406,147,0,16,16
780,A,780,0.0038571434561163187,0.05821068584918976,nan,nan,512,0,0.0038571434561163187,0.05821068584918976,all_rows,512,0,0.030371278524398804,0.0927734375,-0.00038037183694541456,0.0016675045248121024,0.2020981209934689,2353fe1fe612aa59c2c7d3f3f7a2f816:0:0,2625e6db01735c6af7f47a2b0effa110:0:0,ffa47e55efcdd0deade8728805b0cc70:0:0,12c5febb7b0e36e349a14f9dcd23fde9:0:2780187410,372f8721b933f6f9ef7e9d4477707bb8:0:1779352200,10,1.0,0,0,0,0,0,0,512,19,0,512,15,0,256,0,0,256,19,0,512,0.11612123250961304,61.54482650756836,152,0,19,19
781,A,781,0.008299356326460838,0.069821298122406,nan,nan,512,0,0.008299356326460838,0.069821298122406,all_rows,512,0,0.0017151694046333432,0.0708984375,0.003385734185576439,0.0018661819980479778,0.20854277501348406,22391c37c31c186184956d75b883ec16:0:0,166c534f669186a659b3274570fc474a:0:0,cdb2ba9deeee83dfc7b5ce9b73f9935c:0:0,5b84e393e61818b523512e687ff1b9e9:0:2793763299,a12cf8e3587ac27038544fba71f54e4b:1:1495895948,10,1.0,0,0,0,0,0,0,512,9,0,512,12,0,259,0,0,253,9,0,512,0.12332948297262192,60.104103088378906,151,0,9,9
782,A,782,-0.007671445608139038,0.061566125601530075,nan,nan,512,0,-0.007671445608139038,0.061566125601530075,all_rows,512,0,0.005937928333878517,0.1015625,0.0030866903718560932,0.001892533974023536,0.1995251360349357,dae86960e4558e1233e4eb777624e016:0:0,c520f1842ecd047f92d75516f6a082d7:0:0,98b8a8b17b1b6b74158d220eb521e156:0:0,6a070391f0008529f328dced9aff75e9:0:3220975654,56ac00e327c3958698571ae959c6a519:0:696581751,10,1.0,0,0,0,0,0,0,512,15,0,512,9,0,262,0,0,250,15,0,512,0.122257299721241,59.932769775390625,141,0,15,15
783,A,783,-0.00220149545930326,0.05790215730667114,nan,nan,512,0,-0.00220149545930326,0.05790215730667114,all_rows,512,0,0.003657167311757803,0.079296875,0.004874521493911743,0.0016272082517389207,0.16928427602397278,1569ae61d82392563da8616d3085d416:0:0,00273c81d09424d746f479180944ab94:0:0,f21ba828efe87eae2890538796012fc3:0:0,83e0c4264b35bc9591a1fc691e4d31e9:0:1433963900,45c688203b4a41fd946df5a64ed52764:1:3008162005,10,1.0,0,0,0,0,0,0,512,15,0,512,14,0,233,0,0,279,15,0,512,0.12775230407714844,58.69418716430664,156,0,15,15
784,A,784,0.0066726598888635635,0.05997789278626442,nan,nan,512,0,0.0066726598888635635,0.05997789278626442,all_rows,512,0,0.006109229288995266,0.1076171875,0.002392594516277313,0.0017734564491547645,0.1586260330514051,31c746c01f41c58d2926a2cae7a6c816:0:0,32556fc13ed4ed8bb2924da4ac946d38:0:0,d909cf5c28f14198bb8ac501fdeaf9bf:0:0,01e47ed977edb7abf0e66e1709daede9:0:4043444430,899cb2318f5df4d227bf6ea676834227:0:4269256125,10,1.0,0,0,0,0,0,0,512,11,0,512,11,0,260,0,0,252,11,0,512,0.11884559690952301,58.455562591552734,143,0,11,11
785,A,785,-0.001991214696317911,0.062466129660606384,nan,nan,512,0,-0.001991214696317911,0.062466129660606384,all_rows,512,0,0.003242376958951354,0.07109375,0.004506213078275323,0.0019461329386103899,0.1567946290015243,9b287e74788201a18bfb43049b87bc16:0:0,84950906066f01ca96a6e67048e77ede:0:0,c7aeba87666ed4d156b6f8183eeb8d8c:0:0,9ce8a81cd4b661e5d8d053335da8a9e9:0:1595030928,2f58110d9c7cd27f094479d088da92d7:0:352633741,10,1.0,0,0,0,0,0,0,512,10,0,512,6,0,263,0,0,249,10,0,512,0.12627993524074554,57.519317626953125,146,0,10,10
786,A,786,0.0005410090088844299,0.058804042637348175,nan,nan,512,0,0.0005410090088844299,0.058804042637348175,all_rows,512,0,0.008243021555244923,0.07890625,-0.003983842977322638,0.001717677089618519,0.15682104200823233,eabe831941a326defe16958e4c28b016:0:0,ae773dce765e46668a682e09f9c3717c:0:0,bfe146ec033e54a0e3be0da6c29148be:0:0,50a96adb19efcc25a2ea0cfa19b665e9:0:2593967908,b02025aaa80bc44a37e46b4c6534970b:0:4000109557,10,1.0,0,0,0,0,0,0,512,9,0,512,15,0,254,0,0,258,9,0,512,0.12842169404029846,57.045166015625,152,0,9,9
787,A,787,-0.002552163554355502,0.060944296419620514,nan,nan,512,0,-0.002552163554355502,0.060944296419620514,all_rows,512,0,0.01678951270878315,0.149609375,-0.0032219433691352607,0.001843626145273447,0.15655015199445188,968675c7d5b395880dbdaddbf989a416:0:0,48d56adc3d2fa05b90ac2d3e4c9536f0:0:0,ca8574cc76146e9646a45ec69fb6456f:0:0,f517596b586c579bf66e3ca73e0421e9:0:466300515,f781af6f824879ef42e6179d6e5c0e82:1:2872952727,10,1.0,0,0,0,0,0,0,512,10,0,512,15,0,266,0,0,246,10,0,512,0.1247013658285141,56.973453521728516,152,0,10,10
788,A,788,0.004510983824729919,0.05494477599859238,nan,nan,512,0,0.004510983824729919,0.05494477599859238,all_rows,512,0,0.011809250339865685,0.091796875,0.0039051746716722846,0.0014727229427080601,0.16460299800382927,f0ef02de9173542c338a5f61a3aa9816:0:0,dc00db69bf64bbad737211701770f785:0:0,5cb074b1947a2c2788cb2c25392ad216:0:0,083c1fc9d372d8ec8447c376ca91dde9:0:1662973743,1103bfd97367d8115e40945750cfaf8b:0:2767467192,10,1.0,0,0,0,0,0,0,512,16,0,512,12,0,231,0,0,281,16,0,512,0.1161620020866394,58.80268859863281,163,0,16,16
789,A,789,0.008998570963740349,0.06601312756538391,nan,nan,512,0,0.008998570963740349,0.06601312756538391,all_rows,512,0,0.03757961839437485,0.19296875,0.0051854726858437065,0.0021102326398249717,0.1567434089956805,8206b0ede629e2bdc66b3d934a8b8c16:0:0,049aa7275d49aa43de97fe325463b31f:0:0,db8abf7d6c6871f88d72e9c69c868f57:0:0,9e712a3a4e5eb392c311c2a4bf5f99e9:0:1038221908,258f3c19b7b8e0a379b2bd9d5363adf1:0:2838372032,10,1.0,0,0,0,0,0,0,512,15,0,512,15,0,254,0,0,258,15,0,512,0.11949506402015686,58.3137092590332,164,0,15,15
790,A,790,-0.010303119197487831,0.06493024528026581,nan,nan,512,0,-0.010303119197487831,0.06493024528026581,all_rows,512,0,0.004048292525112629,0.1609375,0.00919519579038024,0.0019966649648267775,0.15391236101277173,bdb9d80fa363ba67efa39be4ee2c8016:0:0,a8dabe9a174b3e36e65e6cdfb1994b24:0:0,8cb89ff3c5c3df48437ccea48f351ede:0:0,9432f6b7a619ed86ab179b6d1c6d55e9:0:3587417539,a70bcf25f7d9e4b356e788a1b549c558:1:3256961040,10,1.0,0,0,0,0,0,0,512,15,0,512,17,0,256,0,0,256,15,0,512,0.1195266842842102,60.77656173706055,149,0,15,15
791,A,791,0.008343709632754326,0.0640847384929657,nan,nan,512,0,0.008343709632754326,0.0640847384929657,all_rows,512,0,0.004257851280272007,0.069140625,-0.0036879079649224876,0.0019410468521527946,0.1571082589798607,2993e6f0600b7a249ecb8dca8e8d7416:0:0,8820fc5c20f2dd8a304c1d12fb7a3c8d:0:0,b0e3c5c5b1fdbad881110cbb7aba433c:0:0,74a646d4cead3b217254ef0be1bb11e9:0:2024887872,fb8643a4d0a73ab837f52f88176a1c22:1:835563699,10,1.0,0,0,0,0,0,0,512,17,0,512,17,0,250,0,0,262,17,0,512,0.11782797425985336,59.517269134521484,173,0,17,17
792,A,792,-0.008332191966474056,0.06183556094765663,nan,nan,512,0,-0.008332191966474056,0.06183556094765663,all_rows,512,0,0.008087141439318657,0.09140625,-0.003961785556748509,0.0018910835729911923,0.1558658960275352,842f42d7ab52c0127dcfe6b82bae6816:0:0,f0ee0e22ea3de8c6674a792c1ef5a567:0:0,0c5627127bdb5500b9bc864002cf83c0:0:0,9a2aa2f38d22034248759ebd0f48cde9:0:973712186,58e1a9858e95f021332dd224e981ddec:0:1354184111,10,1.0,0,0,0,0,0,0,512,15,0,512,12,0,242,0,0,270,15,0,512,0.11595283448696136,59.91043472290039,169,0,15,15
793,A,793,0.0017721353797242045,0.05573401600122452,nan,nan,512,0,0.0017721353797242045,0.05573401600122452,all_rows,512,0,0.006741880439221859,0.05078125,-0.0027101119980216027,0.001548986876150593,0.1608677259646356,cdc1ac006ddeaf8ae4f23a21c58f5c16:0:0,4abc3ab4b5782577ef8f3bdeb92d2237:0:0,cf5eb372451afc0b1c1008ccc979d59d:0:0,635796f585f25bb312d5cbbca51689e9:0:3838990961,0f1f723f89fe63bcf2dd1f0002edd4ff:0:2142784935,10,1.0,0,0,0,0,0,0,512,9,0,512,7,0,279,0,0,233,9,0,512,0.11159827560186386,59.5725212097168,147,0,9,9
794,A,794,0.001470319228246808,0.057318314909935,nan,nan,512,0,0.001470319228246808,0.057318314909935,all_rows,512,0,0.0030037695541977882,0.0546875,-0.0003361737821251154,0.0016127721115481108,0.1552534030051902,88c09f97a3ac23f7cec8db7b5c305016:0:0,89ade92693233880bd4aa21c82b386f6:0:0,7b4014572942a44d61870e8c35fc34d1:0:0,76bfc3cc7842fdcd2881d746a32445e9:0:3677733154,b490f5f1c499a33a775e40b67a0d5b85:0:2856187047,10,1.0,0,0,0,0,0,0,512,21,0,512,14,0,242,0,0,270,21,0,512,0.10460758209228516,60.5958366394043,165,0,21,21
795,A,795,0.0024618469178676605,0.05660487711429596,nan,nan,512,0,0.0024618469178676605,0.05660487711429596,all_rows,512,0,0.007424383424222469,0.060546875,0.004627810977399349,0.001599372789496556,0.1564184830058366,8831b4bc571f9069cc3ede38ef914416:0:0,4382fe3fb442de292885376382b82539:0:0,61d8fa6af916cfbe313533e52601d3d7:0:0,830e508ebe23335e0e366297097201e9:0:3075551927,65fb34356bdb608644113ac9acd62be5:1:2259005840,10,1.0,0,0,0,0,0,0,512,16,0,512,6,0,262,0,0,250,16,0,512,0.11031243205070496,61.340087890625,163,0,16,16
796,A,796,0.0034510893747210503,0.05870003625750542,nan,nan,512,0,0.0034510893747210503,0.05870003625750542,all_rows,512,0,0.003941476810723543,0.1205078125,-0.00678086606785655,0.0017110918182879687,0.16832483903272077,839e69e085b48bedf89415ce7fb23816:0:0,3c5e31f1c1f1fa367e0c9a494efe2202:0:0,6be0e026b4dc60ab23699fe4e179a2c0:0:0,37c870f56a0ebbcc32604ee9d7ffbde9:0:824716609,7ec29b20901e8149b663d7e7907e061b:1:12652197,10,1.0,0,0,0,0,0,0,512,19,0,512,6,0,256,0,0,256,19,0,512,0.10850255936384201,60.38091278076172,155,0,19,19
797,A,797,-0.008345024660229683,0.06245780736207962,nan,nan,512,0,-0.008345024660229683,0.06245780736207962,all_rows,512,0,0.023822862654924393,0.1037109375,0.007639062544330955,0.0019154277339112013,0.15844534401549026,cb9143ef56c10aa3ed5d15b00c932c16:0:0,bcb8c0ebde94c7af2436acf2c62e72c3:0:0,a1970464d8a7d6277a2390d789e320ac:0:0,e56d9e6999eda97ba91cbd7b0ecd79e9:0:949061963,d64adcf3e825874a377ffafe4601bbf6:1:2838523249,10,1.0,0,0,0,0,0,0,512,13,0,512,15,0,265,0,0,247,13,0,512,0.10549226403236389,59.90163040161133,149,0,13,13
798,A,798,5.372148007154465e-05,0.056165292859077454,nan,nan,512,0,5.372148007154465e-05,0.056165292859077454,all_rows,512,0,0.02175590582191944,0.085546875,-0.0004294629441574216,0.0015457827248610556,0.16570444498211145,39bb80a1ccc04393b683315196342016:0:0,f5bbc7c767d91ab6cb6640fa85810e0b:0:0,211eb20e67df25e4ea5a377d771df260:0:0,d21dc406d7ce3772e8390f86addb35e9:0:1287128993,fa7b01bd7947e906c4511209669e6a68:0:4171779792,10,1.0,0,0,0,0,0,0,512,19,0,512,19,0,270,0,0,242,19,0,512,0.09902507811784744,61.1259651184082,166,0,19,19
799,A,799,-0.005936084780842066,0.06433973461389542,nan,nan,512,0,-0.005936084780842066,0.06433973461389542,all_rows,512,0,0.004338172264397144,0.0705078125,0.00023506227880716325,0.0020666133787017316,0.15577269298955798,3226f16fd9994343c6447c271c951416:0:0,8e1169bbe3390223cb7275c6f98bb258:0:0,0c899816a206bf200950a439b01d51d3:0:0,6294fd38a094973f8332e648b528f1e9:0:3160856289,06aed637248af08489c7d7a1628696bc:1:1203011787,10,1.0,0,0,0,0,0,0,512,13,0,512,11,0,258,0,0,254,13,0,512,0.09108800441026688,62.47636795043945,157,0,13,13
800,A,800,0.009710540063679218,0.0602068267762661,nan,nan,512,0,0.009710540063679218,0.0602068267762661,all_rows,512,0,0.0048568593338131905,0.090234375,0.0015613513998687268,0.0017989623243920504,0.1612938760081306,9be6dc907e552b0ee933c9a49fb60816:0:0,5097b245be9a68234e48dfc8820a37d1:0:0,03a818f94c6c6a25004a8ec0559b6cf2:0:0,4670a1d968dcb71ae73822fd24b6ade9:0:226087076,c1a9a307c51b43c3db5e66ffa03d667b:1:3321390374,10,1.0,0,0,0,0,0,0,512,14,0,512,11,0,264,0,0,248,14,0,512,0.09542577713727951,61.314876556396484,156,0,14,14
801,A,801,0.017595985904335976,0.06570517271757126,nan,nan,512,0,0.017595985904335976,0.06570517271757126,all_rows,512,0,0.006327446084469557,0.10234375,-0.00245811901986599,0.0018939648696687072,0.15702011302346364,7c54fd805eb91d3a3a38ad3e1f96fc16:0:0,f2415164b4b65c42d0586bf7f15d67d8:0:0,63240ce81fc50c4ecba565019ed6e25a:0:0,6a9131f9b84a004f1726e6dffc8469e9:0:865757599,4fdf5ac2c832cb1d7cb3a1e59b36e42f:1:2246461037,10,1.0,0,0,0,0,0,0,512,20,0,512,29,0,236,0,0,276,20,0,512,0.08966181427240372,60.59599304199219,184,0,20,20
802,A,802,-0.007228531409054995,0.06149733066558838,nan,nan,512,0,-0.007228531409054995,0.06149733066558838,all_rows,512,0,0.007194280158728361,0.0994140625,0.004254536842927337,0.001788883248809725,0.15515940502518788,b4ccee8af137d5cb168f7a679c37f016:0:0,a426a77fcbb8891b3e715892371905ae:0:0,742c13d9026db37b7afa0a445e8a4774:0:0,154846b633810ddb678d932d3c9225e9:0:2476093100,597dcf18f5075444652ad2733e387bf1:0:4240364785,10,1.0,0,0,0,0,0,0,512,18,0,512,25,0,277,0,0,235,18,0,512,0.0847870409488678,61.297698974609375,155,0,18,18
803,A,803,-0.0016446718946099281,0.06693771481513977,nan,nan,512,0,-0.0016446718946099281,0.06693771481513977,all_rows,512,0,0.006771340034902096,0.084375,0.004479314992204308,0.002212479239096865,0.15902834897860885,a4c868d733aef01d11c944951598e416:0:0,c12d5247b7943109f9639b83e1a9eebb:0:0,2c53557515a5d2a70bdf44990df35745:0:0,c618fcc3ad075b593aaac920e4dfe1e9:0:452044012,23642bca19e4d2dc4feaa61a75cbde31:0:3983314573,10,1.0,0,0,0,0,0,0,512,14,0,512,13,0,280,0,0,232,14,0,512,0.08846593648195267,60.35344314575195,146,0,14,14
804,A,804,-0.0005929372855462134,0.05112801864743233,nan,nan,512,0,-0.0005929372855462134,0.05112801864743233,all_rows,512,0,0.01146591268479824,0.0767578125,-0.007572875428013504,0.0013017727236729116,0.16252705903025344,7df9e07d8d63d937e9cbdf3a8bb9d816:0:0,a2f51f2ebd441b2a50143d63a9c2baf0:0:0,d5c744561e92fbd1ea42f1cf5f43ee16:0:0,c66458989544ec20bc6d69f6f56d9de9:0:2562142228,e3a7717d206a9e7e1d48af0785636f46:1:4024335013,10,1.0,0,0,0,0,0,0,512,17,0,512,20,0,260,0,0,252,17,0,512,0.08240566402673721,60.87852478027344,170,0,17,17
805,A,805,0.0021676032338291407,0.05805910378694534,nan,nan,512,0,0.0021676032338291407,0.05805910378694534,all_rows,512,0,0.0006100544705986977,0.0771484375,-0.010618631215766072,0.001676283130655065,0.16423329600365832,4a490e3146b46ee57ad1ddcbfe9acc16:0:0,cbbcedeeeaea6d8ac8f9d95c64dac8d6:0:0,3e5ca8566964ae988818e8f5b42be8a0:0:0,51a9eb5b61e3eaad9e7496eb6e3b59e9:0:2335460605,32d96cb774ba1c1f1ed613d3b2bf12e5:1:4020420855,10,1.0,0,0,0,0,0,0,512,16,0,512,24,0,259,0,0,253,16,0,512,0.08233330398797989,61.200927734375,165,0,16,16
806,A,806,0.0029988111928105354,0.06051637977361679,nan,nan,512,0,0.0029988111928105354,0.06051637977361679,all_rows,512,0,0.004167600534856319,0.059375,-0.004977288376539946,0.001787005690857768,0.15752556698862463,5925f80cbeef4b87b36a93bd6e3bc016:0:0,427cd2bb08bc8a8e006042ff240bcc0b:0:0,f512fe02ff573269e7bb45b7d703b313:0:0,634f82fdc4ca4043d40fb13a4f4915e9:0:2203429559,d64c0bc42aa7569095f08afe4f429fb6:1:3825849135,10,1.0,0,0,0,0,0,0,512,29,0,512,17,0,254,0,0,258,29,0,512,0.08405549079179764,61.071189880371094,184,0,29,29
807,A,807,-0.006331718526780605,0.06096179783344269,nan,nan,512,0,-0.006331718526780605,0.06096179783344269,all_rows,512,0,0.005444730632007122,0.084765625,-0.002962164441123605,0.00179606627789326,0.15384591097244993,5f42ff1448c7beae887a1482da9cb416:0:0,4b6b09d515b78271a996d59fbac6c7a1:0:0,185fd5a7de34b61cc4a68aec57b8dcbb:0:0,1568ef2ccae924d44e3e5a1f9896d1e9:0:3940201897,903925032d8b8844d81b940791e25992:1:1271307549,10,1.0,0,0,0,0,0,0,512,21,0,512,26,0,263,0,0,249,21,0,512,0.07936285436153412,60.26263427734375,159,0,21,21
808,A,808,0.0029652307275682688,0.06423486769199371,nan,nan,512,0,0.0029652307275682688,0.06423486769199371,all_rows,512,0,0.014997700229287148,0.087109375,-0.005508918198756874,0.0020294448069762437,0.16393930703634396,662d5f0855d9726de939339043bda816:0:0,eee4972738e5155de2c5eccfc3766a84:0:0,2317695f85d71510ca68dacf257f1af2:0:0,97fadffe3b1ea721b7b072d74a248de9:0:1267323222,e901d2e3e88689b7c899802f1751fc32:0:1712632639,10,1.0,0,0,0,0,0,0,512,22,0,512,18,0,252,0,0,260,22,0,512,0.07709389925003052,59.563419342041016,186,0,22,22
809,A,809,0.002048480324447155,0.05971002206206322,nan,nan,512,0,0.002048480324447155,0.05971002206206322,all_rows,512,0,0.009354900568723679,0.13359375,-0.0032760170754045246,0.0017575667356140912,0.15503787598572671,152d6a2459afbd73b3358459a99e9c16:0:0,c86ad8832a5f991da547c2576a7929fd:0:0,f41403a5fd482e68345811e7f98f1db0:0:0,aaf19a83cd652d2530c61c9d63f249e9:0:2276173273,ee08934ec78dee7cc801dc1e0fed4cd0:0:3240749593,10,1.0,0,0,0,0,0,0,512,24,0,512,16,0,262,0,0,250,24,0,512,0.08022520691156387,57.83156967163086,179,0,24,24
810,A,810,-0.004671596921980381,0.054444149136543274,nan,nan,512,0,-0.004671596921980381,0.054444149136543274,all_rows,512,0,0.0018485888140276074,0.0642578125,-0.007392455171793699,0.001488220924511552,0.15883089799899608,3f149a6c8cc4a1dda6515a530c3f9016:0:0,3bd999eb101dc0dea1c0bed3f6ec0001:0:0,03bd8b91329afe73348f91592b68a902:0:0,b6bdb2ad128cecb30b8fb8ade60005e9:0:1342678119,140e627e64171b7cf53f8f90b20e5776:0:1460244335,10,1.0,0,0,0,0,0,0,512,24,0,512,26,0,244,0,0,268,24,0,512,0.07594403624534607,58.806331634521484,178,0,24,24
811,A,811,-0.003702523186802864,0.05851743370294571,nan,nan,512,0,-0.003702523186802864,0.05851743370294571,all_rows,512,0,0.005002019926905632,0.0482421875,-0.00020045479759573938,0.001708046271232888,0.1695822610054165,55e7563177eb78cf58c3c8f06ba08416:0:0,ff7ae10c87ec25bf39bbd670bf438f79:0:0,28f45127d64859317cd494b394f94c5c:0:0,a87e292124bb5c5f87cde844d04dc1e9:0:1501380007,2c8547f3da130a8146aa3b19ef60fd2d:0:4119676399,10,1.0,0,0,0,0,0,0,512,34,0,512,29,0,238,0,0,274,34,0,512,0.07472530007362366,59.21350860595703,200,0,34,34
812,A,812,0.004249038174748421,0.05702229589223862,nan,nan,512,0,0.004249038174748421,0.05702229589223862,all_rows,512,0,0.012729424983263016,0.1724609375,0.0025835894979536534,0.0016160273225978017,0.17148493800777942,ca62fd74f09b4ac82b18a3a5c7c17816:0:0,b3f8b66074bfbbaa2970942eb94992da:0:0,ab0c20ed00f1355a6c9a18ffc74f2f00:0:0,1f1036f978ec9ca38ef18c9e22db7de9:0:2502148980,65e0a1547c23285fe02495352727ac23:0:2185379394,10,1.0,0,0,0,0,0,0,512,21,0,512,12,0,272,0,0,240,21,0,512,0.07422392815351486,59.0276985168457,162,0,21,21
813,A,813,-0.00518688652664423,0.0639602392911911,nan,nan,512,0,-0.00518688652664423,0.0639602392911911,all_rows,512,0,0.0026704734191298485,0.0572265625,-0.0034007383976131676,0.002035075327148661,0.16184902499662712,cefe81e0ee8cd4b93c307de720a26c16:0:0,033ef317d5e823cf2160cf99617ee541:0:0,35a5484f648b5318b88de9639fb57805:0:0,c689b88769b2d941701bc6f5dda939e9:0:1060723213,a7da03b28d2f1a915e5c2398623d589a:1:360155425,10,1.0,0,0,0,0,0,0,512,21,0,512,22,0,268,0,0,244,21,0,512,0.07586407661437988,57.0687255859375,164,0,21,21
814,A,814,0.0025933380238711834,0.05418308451771736,nan,nan,512,0,0.0025933380238711834,0.05418308451771736,all_rows,512,0,0.007983900606632233,0.0759765625,-0.006577739282511175,0.001414970212499611,0.15593842597445473,d0ec6b05632039db5d40ab2876436016:0:0,8a3df4fb0d237076f4462172846566c3:0:0,b2360f5a5b3cd7304837a33c7cf23f5a:0:0,7fcb8b8e536fa2e99c1df88800b6f5e9:0:2813505025,c7ebada489cc0cff23006998d97c0537:0:3793627224,10,1.0,0,0,0,0,0,0,512,21,0,512,23,0,258,0,0,254,21,0,512,0.07826557755470276,56.417518615722656,190,0,21,21
815,A,815,-0.0009041971061378717,0.05824887007474899,nan,nan,512,0,-0.0009041971061378717,0.05824887007474899,all_rows,512,0,0.027130067348480225,0.1943359375,0.0063084069639444355,0.001671579875983298,0.15547541104024276,9a98bc96fafe624505d33eddc8a45416:0:0,eadf43ab9edf8d5a47dce43091f78409:0:0,7b083f8723f14cb6115b0ba43ac3812b:0:0,aa3d549c5a43411f6179c2908c04b1e9:0:2201326076,3989d78c4798f8f7a440dac0a5c458b1:1:2165995300,10,1.0,0,0,0,0,0,0,512,21,0,512,22,0,260,0,0,252,21,0,512,0.0774494931101799,57.78395462036133,169,0,21,21
816,A,816,0.0002541220746934414,0.056792255491018295,nan,nan,512,0,0.0002541220746934414,0.056792255491018295,all_rows,512,0,0.00145112129393965,0.103125,0.0010902390582486986,0.0016066025069449096,0.15663440903881565,d6dbbc6d726a064047c70c7b17c54816:0:0,28991ae0d201d951bb3fb01240e5a7aa:0:0,4eb60aa8a7f06258d03596dc44ef1ae5:0:0,1ea3fa6c31edfc5da861064b7f926de9:0:1768785400,554fcb348fe242dfbeea27d0eae253ab:0:9152349,10,1.0,0,0,0,0,0,0,512,16,0,512,26,0,262,0,0,250,16,0,512,0.07047806680202484,56.27132797241211,161,0,16,16
817,A,817,0.002813134342432022,0.05588209256529808,nan,nan,512,0,0.002813134342432022,0.05588209256529808,all_rows,512,0,0.002435667673125863,0.08203125,0.00031532072462141513,0.0015079565229825676,0.15818525000941008,ef641204e4b46660c34fa77463a63c16:0:0,ed4b920e38d7b2cc227dc4e5f1e1bb55:0:0,5e2b785474a7db1c41a420e258e39636:0:0,ab9fbd7a7fdf607baeb5e4f4db6029e9:0:1672032210,d40dfcfa4f3245c04eb4b57387bf659a:0:3393998404,10,1.0,0,0,0,0,0,0,512,17,0,512,12,0,261,0,0,251,17,0,512,0.07213293761014938,55.98482131958008,167,0,17,17
818,A,818,-0.007566905580461025,0.06779222935438156,nan,nan,512,0,-0.007566905580461025,0.06779222935438156,all_rows,512,0,0.0023528961464762688,0.0677734375,0.00047037648037076,0.0021898236649576575,0.16069890494691208,606f294a3f49b0599af5633dac473016:0:0,165d43d67917e814f96109f983160e01:0:0,60d685cb7cd19c74ece1ade7da3e02ce:0:0,b6f62539afaf7751c40abfc89f6de5e9:0:3616114196,1aaf02d5adedf66d44c820bbbbb16957:1:3917061257,10,1.0,0,0,0,0,0,0,512,30,0,512,12,0,268,0,0,244,30,0,512,0.07576368749141693,56.05141067504883,160,0,30,30
819,A,819,0.009638132527470589,0.06421613693237305,nan,nan,512,0,0.009638132527470589,0.06421613693237305,all_rows,512,0,0.005338683258742094,0.05,-0.0048103105742484335,0.002042767679085955,0.1598552240175195,f486267fc0c910936795534af1a82416:0:0,74ae254a4349c8288791b20dc97af114:0:0,47054837f911f256b4b3ca97ed8dffb4:0:0,929f0b8f523dfb9e05a23802cbbba1e9:0:3650643367,d10b2994ea21aa02954ee8c18e7f7be0:1:1544902213,10,1.0,0,0,0,0,0,0,512,21,0,512,17,0,257,0,0,255,21,0,512,0.07429412007331848,56.01055908203125,170,0,21,21
820,A,820,-0.0014163283631205559,0.0639948919415474,nan,nan,512,0,-0.0014163283631205559,0.0639948919415474,all_rows,512,0,0.004276838153600693,0.060546875,-0.007164359977468848,0.002041907032253221,0.16469961404800415,4960110b2c9c70822c614b1033c91816:0:0,99fbf41266cacdc5b188af0b8c471181:0:0,c781ea8029ec372d7eb7daadab3a7374:0:0,a1dada865fb384291a6f2edf60495de9:0:1497365209,0978fa1b9bafd58c6c5b615f80d9b7a7:0:3645433553,10,1.0,0,0,0,0,0,0,512,26,0,512,22,0,260,0,0,252,26,0,512,0.06848423928022385,56.492061614990234,173,0,26,26
821,A,821,-0.01822085492312908,0.07795555889606476,nan,nan,512,0,-0.01822085492312908,0.07795555889606476,all_rows,512,0,0.007197259925305843,0.09609375,-0.002289179991930723,0.002074826747411862,0.15366684400942177,dfff27041b83e1bb4adfde0172aa0c16:0:0,e6d1f19af46de522ea92ed51bad2f0f9:0:0,fc2ab613e898beb19f2da3c4047e4be1:0:0,21a29761f4a0a72aef14c59a5d1719e9:0:3285104210,dcfeb6a0d936f39c80b9ad26dafb67ec:0:2385972231,10,1.0,0,0,0,0,0,0,512,22,0,512,31,0,249,0,0,263,22,0,512,0.06967533379793167,55.45756149291992,179,0,22,22
822,A,822,0.024500492960214615,0.06727272272109985,nan,nan,512,0,0.024500492960214615,0.06727272272109985,all_rows,512,0,0.005418502725660801,0.0677734375,0.00510969441384077,0.002086099417647347,0.15645450702868402,2a5f8b5d9188b5cb76ec5f92ae4b0016:0:0,59166c55f7a1fd0923c7c4e473ef2cd6:0:0,91108064b6b055c2cbdfcb4ed54b74ba:0:0,d0c8997c627715ef71e65d6fc224d5e9:0:3963697669,887e832d01c275234806a2018871cb3d:1:577564551,10,1.0,0,0,0,0,0,0,512,31,0,512,29,0,249,0,0,263,31,0,512,0.07437992095947266,54.7025032043457,177,0,31,31
823,A,823,-0.009844083338975906,0.06551508605480194,nan,nan,512,0,-0.009844083338975906,0.06551508605480194,all_rows,512,0,0.0012140446342527866,0.0521484375,-0.005697161983698606,0.0020606176694855094,0.16461869998602197,e558b48ac1cc42ccaab6e337e6abf416:0:0,f4786793aba48cb32e2bd832f343a483:0:0,2fc7bed22ece7504e09db79baa3dc28d:0:0,5762ca9eab98b0bb4ee7979b8f7291e9:0:1359646924,6316013ead9475002706b0066b952365:0:22439236,10,1.0,0,0,0,0,0,0,512,23,0,512,25,0,254,0,0,258,23,0,512,0.07549802213907242,53.58554458618164,165,0,23,23
824,A,824,0.0026243175379931927,0.06963298469781876,nan,nan,512,0,0.0026243175379931927,0.06963298469781876,all_rows,512,0,0.0014799239579588175,0.0740234375,0.002204714994877577,0.0023361008206848055,0.15661533502861857,f2692983a8a654bc1ac43c651bcce816:0:0,40a393c38d22ca4bf40251b6e3ed46cc:0:0,30675e9369d08b84df86c2b65ed785fe:0:0,b2d509bcc33892f0abcc5559c5004de9:0:3461374861,4a28b009f0a57eb05eb1daef68650809:0:497960230,10,1.0,0,0,0,0,0,0,512,17,0,512,21,0,284,0,0,228,17,0,512,0.07966017723083496,53.97623825073242,156,0,17,17
825,A,825,-0.001758118625730276,0.06780476868152618,nan,nan,512,0,-0.001758118625730276,0.06780476868152618,all_rows,512,0,0.006003759801387787,0.0515625,0.0008513919776305557,0.0022746067435946314,0.15931278700008988,2fc53712e4874b9029edfe8e4daddc16:0:0,e0bf281cffb5ae75420267d867b2c3dc:0:0,d395c6f86c179a173efae216533da1d9:0:0,9c4bc043294a1773e3f8b7e662ce09e9:0:1251412029,c0a45b281b4c954df4c1c47833de7134:1:2672830610,10,1.0,0,0,0,0,0,0,512,15,0,512,18,0,249,0,0,263,15,0,512,0.08070174604654312,53.75602340698242,171,0,15,15
826,A,826,0.0016633272171020508,0.06578432768583298,nan,nan,512,0,0.0016633272171020508,0.06578432768583298,all_rows,512,0,0.010716156102716923,0.065234375,-0.004977445886470378,0.0021655721531715242,0.15746506303548813,d9ed575af611e60e5d627d277c4ed016:0:0,ae4c31bc8c42204a152076149a840194:0:0,70d0eaa88cf579e009235019950e9ba5:0:0,62ebed62bab9d5504481207d68dbc5e9:0:1645263142,8c296cb883ab034f0ec9cca9e90494b7:1:760607487,10,1.0,0,0,0,0,0,0,512,17,0,512,20,0,276,0,0,236,17,0,512,0.08519422262907028,54.06881332397461,156,0,17,17
827,A,827,-0.0017357924953103065,0.06435077637434006,nan,nan,512,0,-0.0017357924953103065,0.06435077637434006,all_rows,512,0,0.0031044050119817257,0.0380859375,-0.0023219316033646466,0.002052607195219025,0.15675410703988746,2e080985cfe0b96150a4cba4a7afc416:0:0,02e251b6dd8df3269116644b0aa59488:0:0,e78bec33f49e7aa49b347dee6e252f42:0:0,91aeda07ce2c949cc82a305ad72981e9:0:3515896151,83a59ec4ac1c294cd47f43610048029c:0:2891197392,10,1.0,0,0,0,0,0,0,512,22,0,512,21,0,241,0,0,271,22,0,512,0.08183054625988007,55.229042053222656,196,0,22,22
828,A,828,0.0011600968427956104,0.057131875306367874,nan,nan,512,0,0.0011600968427956104,0.057131875306367874,all_rows,512,0,0.007834870368242264,0.0654296875,-0.002090157661587,0.001624278916278854,0.16187206900212914,abfccf965e6b556ea98cbd79cfd0b816:0:0,e562b9aa77bf880e93e2e9287e3b10fb:0:0,e922789b62c80393d746f9a36f77584d:0:0,7b0c5369f5803ba0d368c8baadb73de9:0:1625037094,97ca5f903a4393019ffa8566c1072b83:1:3084527044,10,1.0,0,0,0,0,0,0,512,29,0,512,36,0,238,0,0,274,29,0,512,0.0911758616566658,54.70875549316406,197,0,29,29
829,A,829,0.0035178354009985924,0.05832265317440033,nan,nan,512,0,0.0035178354009985924,0.05832265317440033,all_rows,512,0,0.00556584820151329,0.09453125,0.0018967244308441878,0.001700315490597859,0.15220420801779255,d79af458707f15ed0c46e61af4b1ac16:0:0,86ca777be1a2dccabf4c98bc8ea00ee0:0:0,56287e8c7a4f1e9f8af934f5f923e506:0:0,f27eb161fc4ab438f0620ad8ec84f9e9:0:566999953,c53378973aa65815f06f4b2ef330cbcd:0:433906891,10,1.0,0,0,0,0,0,0,512,23,0,512,24,0,254,0,0,258,23,0,512,0.08867867290973663,54.80894470214844,173,0,23,23
830,A,830,-0.008555595763027668,0.06231135502457619,nan,nan,512,0,-0.008555595763027668,0.06231135502457619,all_rows,512,0,0.001248622895218432,0.12734375,0.0031040219590067865,0.0019606669433414937,0.15440237999428064,0dae9b7028bfa03a0f5498fc1652a016:0:0,9f29828024171cde4d79fa3d9686fdb1:0:0,264eb46b701f6d29a518db8c26c4e2ba:0:0,9dd010f3fb92c97b8aeb57f19392b5e9:0:80740601,ba41aadc8cbba372c13e3789e1d05562:1:1968551343,10,1.0,0,0,0,0,0,0,512,23,0,512,33,0,239,0,0,273,23,0,512,0.08482451736927032,53.64225387573242,180,0,23,23
831,A,831,0.007648724131286144,0.057700950652360916,nan,nan,512,0,0.007648724131286144,0.057700950652360916,all_rows,512,0,0.014560599811375141,0.0552734375,-0.001437780261039734,0.0016621945891529323,0.15404011099599302,4989718ee0a30df02f8be99134b39416:0:0,8f79bd329b6bf1dc306bab1e1a35b460:0:0,1663c223041625472005fa333219cfdc:0:0,e6400abb9afefd9dac8a5140a2e071e9:0:1697512860,87a7227e96aa7ef7c72678325bc1b399:1:1723197111,10,1.0,0,0,0,0,0,0,512,15,0,512,21,0,267,0,0,245,15,0,512,0.08382029086351395,53.347721099853516,163,0,15,15
832,A,832,-0.0030991756357252598,0.060155827552080154,nan,nan,512,0,-0.0030991756357252598,0.060155827552080154,all_rows,512,0,0.010640640743076801,0.0732421875,-0.001232374832034111,0.001789912470849231,0.15538419102085754,edf21ad8255dc43cc417ab4e4fd48816:0:0,5c4eafdaa3878d9ef3277fd5316fc5ed:0:0,6d2f8cf7106a834cfc01248381b2f919:0:0,342cc828d7b65817b874d8021a6e2de9:0:2952028864,6cf26146fa5f826366193b3fa919cd61:1:1758060609,10,1.0,0,0,0,0,0,0,512,19,0,512,26,0,231,0,0,281,19,0,512,0.0954589918255806,52.94580078125,176,0,19,19
833,A,833,0.005028804764151573,0.05939113721251488,nan,nan,512,0,0.005028804764151573,0.05939113721251488,all_rows,512,0,0.024729669094085693,0.142578125,0.004177081771194935,0.0017562501947395504,0.1632010270259343,266639863731f7f5f27771a767b57c16:0:0,de4bb7d72fe611737d3df809cdd800a2:0:0,2718728e3cfc78e2ee666425e7eba75c:0:0,4f41b1bbe92f2c0a27910d71fa3be9e9:0:2562485530,b656005fa8b30b460dbc6c59269f0572:1:1614049632,10,1.0,0,0,0,0,0,0,512,22,0,512,28,0,248,0,0,264,22,0,512,0.10989987105131149,51.94750213623047,184,0,22,22
834,A,834,-0.002045180881395936,0.06910260021686554,nan,nan,512,0,-0.002045180881395936,0.06910260021686554,all_rows,512,0,0.0058428263291716576,0.076953125,-0.0009255316108465195,0.0023662938212510197,0.15426446899073198,9fde96e23396de70a27f90107c567016:0:0,2cc0b883695860f7fb9baf4a6b7ee446:0:0,1ca41ee3da661b640f7ea2ffafa6d563:0:0,018103af1c27d6e2447552cc4249a5e9:0:1173639523,af104eadfe495f0ac00380f8c9953679:1:3399941005,10,1.0,0,0,0,0,0,0,512,17,0,512,13,0,277,0,0,235,17,0,512,0.12482918053865433,50.12232971191406,141,0,17,17
835,A,835,0.0030758988577872515,0.06577575206756592,nan,nan,512,0,0.0030758988577872515,0.06577575206756592,all_rows,512,0,0.016551118344068527,0.0208984375,0.0021000245586037638,0.002158462192164734,0.15557194402208552,87939ca8d2ab8b16725919fd8db76416:0:0,5cf2cbc6c9cb4fce94fe2cd84ebb9106:0:0,d982454e23ea4bd918aa7c434aa947b0:0:0,fd0c65bdbc05773ee768494cf29761e9:0:885545442,34a5d760f1749f42c73c1313c5fae85b:1:3100613838,10,1.0,0,0,0,0,0,0,512,23,0,512,19,0,259,0,0,253,23,0,512,0.1180611327290535,51.16476058959961,183,0,23,23
836,A,836,-0.0032755048014223576,0.05809241533279419,nan,nan,512,0,-0.0032755048014223576,0.05809241533279419,all_rows,512,0,0.008237602189183235,0.0310546875,-0.0038892789976671337,0.001654985744971782,0.1637148319859989,4f59e4f9606979bbaa81e2e29bd85816:0:0,21959c6537035e579cfcb40b78ede026:0:0,85775889679ab1321ddf37cb1616753a:0:0,0b9b2df762d49c153260d2300b251de9:0:243204081,4e32a64042d889f632048e4d2db4369c:0:2548912006,10,1.0,0,0,0,0,0,0,512,23,0,512,20,0,244,0,0,268,23,0,512,0.11426332592964172,52.744747161865234,173,0,23,23
837,A,837,0.0014252722030505538,0.05401448532938957,nan,nan,512,0,0.0014252722030505538,0.05401448532938957,all_rows,512,0,0.004342999309301376,0.0583984375,0.001249734777957201,0.0014278258924605325,0.15724563202820718,06d332f15a0ac5b531cc7e33a6b94c16:0:0,07fd1b1a0c8cd95557cb5585177841a9:0:0,27ec27092ba91e83594bf1885b12565c:0:0,43533dcf4827ec154d060eb18bf2d9e9:0:905711189,91afeda21d4a6aa5ec7e000ae639bec8:1:2411150662,10,1.0,0,0,0,0,0,0,512,14,0,512,24,0,266,0,0,246,14,0,512,0.11797265708446503,51.79056930541992,155,0,14,14
838,A,838,0.004443546291440725,0.05506071448326111,nan,nan,512,0,0.004443546291440725,0.05506071448326111,all_rows,512,0,0.0017142458818852901,0.042578125,0.0002859145519323647,0.001447030348936096,0.16058791102841496,839fa61bd8180dae81603f64ae5a4016:0:0,e4d825ab41d1f2b12d9617611bef7421:0:0,10aba6c2bbb22cd55469f2da384dd900:0:0,e77b6bd76710c54f20af600d750095e9:0:3926256905,432390908b4f187832c6027986b33f6a:0:655520229,10,1.0,0,0,0,0,0,0,512,17,0,512,27,0,246,0,0,266,17,0,512,0.11774033308029175,51.59129333496094,175,0,17,17
839,A,839,-0.0019257173407822847,0.0664755254983902,nan,nan,512,0,-0.0019257173407822847,0.0664755254983902,all_rows,512,0,0.007274799048900604,0.1201171875,0.0076604678994044665,0.0022219563252292573,0.15589724201709032,75b56ee0ad92043f98b939e9b2bb3416:0:0,d5f74403ce5f70e2fc8162c30930142b:0:0,e80fada6eb89d77bfec73b0df8fd46c7:0:0,447c2bd7936dd5171464677fc64e51e9:0:3263113228,886e110446d74ee41f634ba69e79a697:0:3056319004,10,1.0,0,0,0,0,0,0,512,17,0,512,16,0,247,0,0,265,17,0,512,0.12234574556350708,52.37508773803711,162,0,17,17
840,A,840,0.006856407038867474,0.05847224220633507,nan,nan,512,0,0.006856407038867474,0.05847224220633507,all_rows,512,0,0.016938775777816772,0.0859375,0.006952674640342593,0.0017166956095024943,0.1532038770383224,3ccab223e4aaad42f1a84136b3dc2816:0:0,8a7fe128ed216e38205d66d4d8629473:0:0,ea60a3fa85da7814ec307859553303b9:0:0,c61ca230d6cba82ac8dd06447fdc0de9:0:3527038091,ab774da2a0f50bce65628499aaa0da03:0:1321375092,10,1.0,0,0,0,0,0,0,512,21,0,512,21,0,263,0,0,249,21,0,512,0.11908295005559921,53.5322151184082,155,0,21,21
841,A,841,-0.012089837342500687,0.06790763884782791,nan,nan,512,0,-0.012089837342500687,0.06790763884782791,all_rows,512,0,0.0013071502326056361,0.08125,0.006125299725681543,0.001981377211632207,0.15147071197861806,3d0da64b018247eb7452e8bfb1bd1c16:0:0,368d387933dc954330c6161ab2cdeb08:0:0,a39a938b51a6d37056d9eb2c5c227ac9:0:0,451f86bdad133315d4815d97a1a9c9e9:0:2105428175,016e44dfcff2343e5e96986edfa4e7fc:0:1610144945,10,1.0,0,0,0,0,0,0,512,24,0,512,27,0,281,0,0,231,24,0,512,0.11640699207782745,55.3182258605957,158,0,24,24
842,A,842,0.002743205288425088,0.06325598061084747,nan,nan,512,0,0.002743205288425088,0.06325598061084747,all_rows,512,0,0.00932851992547512,0.071484375,-0.007871784875169397,0.001990937045775354,0.15193817002000287,e90243e2335be59a6b3383f8ac5e1016:0:0,cb82f9dcf7f6143a4fc21a67a7d1cdf0:0:0,7d98091e0d8093e5d9c5ad88cc446989:0:0,9e942e9ff94252d67f69ceb52bb785e9:0:1436937134,235f304b0238547da7c64d2bfa7eac37:0:1250204029,10,1.0,0,0,0,0,0,0,512,18,0,512,14,0,267,0,0,245,18,0,512,0.11822130531072617,55.294742584228516,167,0,18,18
843,A,843,-0.005897947121411562,0.06731020659208298,nan,nan,512,0,-0.005897947121411562,0.06731020659208298,all_rows,512,0,0.0052281529642641544,0.0990234375,0.0019028949085623027,0.0022702334681525826,0.19123123702593148,190328205cbdad7577192655a3bf0416:0:0,9bec5e604c2bbd942dbc07d093d57001:0:0,1cee4fbfaa82467b9a558c656ffcb036:0:0,9b9cc3adca6a45c27f5efad91e0541e9:0:3545349136,c190857b6448d2b5e264c022515767d1:1:1163474207,10,1.0,0,0,0,0,0,0,512,26,0,512,24,0,260,0,0,252,26,0,512,0.11185427010059357,55.97085189819336,166,0,26,26
844,A,844,0.0003552930138539523,0.0639500692486763,nan,nan,512,0,0.0003552930138539523,0.0639500692486763,all_rows,512,0,0.013518541119992733,0.109375,0.00969520437065512,0.0020202803832944484,0.15972405503271148,f3547f8d9af0ccbc8327a34a97dff816:0:0,15f2343cce078f5b4b88cfb78443aa1a:0:0,9ea7b92d4407fc068c36e42cb19dfdb0:0:0,8c531b6e49301cabb3d9c33f7892fde9:0:640965672,0f2d69a8589a137032f27c3eb40869fa:0:1203495602,10,1.0,0,0,0,0,0,0,512,26,0,512,21,0,259,0,0,253,26,0,512,0.10863665491342545,55.31782913208008,170,0,26,26
845,A,845,-0.0020438246428966522,0.06610395014286041,nan,nan,512,0,-0.0020438246428966522,0.06610395014286041,all_rows,512,0,0.007387644611299038,0.118359375,0.007592496369034052,0.0021406929299701005,0.15236801700666547,f6b3fb14b55513dfb8d78e4b88c0ec16:0:0,3b25d0918a9adfcad0cc8360567ef37c:0:0,531284a1f612249c6a0a4076a42c6672:0:0,4419c6d8660b2444e20349243b60b9e9:0:3470185229,204734e08c4323baf19503ea625b35b8:0:47305271,10,1.0,0,0,0,0,0,0,512,21,0,512,24,0,260,0,0,252,21,0,512,0.1145862564444542,53.85783386230469,159,0,21,21
846,A,846,-0.0010573043255135417,0.06907843053340912,nan,nan,512,0,-0.0010573043255135417,0.06907843053340912,all_rows,512,0,0.004823497496545315,0.0576171875,0.0023591481149196625,0.0023561108158901335,0.1551798270083964,0997f1cc9cfc405573f63acc7661e016:0:0,b9fe52227af7dfd538b53fa11959d8f0:0:0,344d8e124b74dcfb36889cd9d12039a8:0:0,e946d745207d46c670b4edc3666e75e9:0:2089722257,abeb69a30c0f5950a2336d38501b7975:0:651625736,10,1.0,0,0,0,0,0,0,512,19,0,512,22,0,277,0,0,235,19,0,512,0.12099747359752655,53.85335922241211,167,0,19,19
847,A,847,0.0026979316025972366,0.062488265335559845,nan,nan,512,0,0.0026979316025972366,0.062488265335559845,all_rows,512,0,0.005113928113132715,0.04375,-6.838962435722351e-05,0.0019249825272709131,0.15570504101924598,1ea1e5cbe500f33036a5bc4160c2d416:0:0,d562a3a045a658b34e2b74d9842dab00:0:0,87e38d4e332c9b86354822eb10d90437:0:0,cdf174477f8165d324785258f9bc31e9:0:616820935,29ade01f0501057481d1f2ada3813071:1:1097473796,10,1.0,0,0,0,0,0,0,512,26,0,512,23,0,241,0,0,271,26,0,512,0.12067969888448715,53.4365348815918,182,0,26,26
848,A,848,0.0019714178051799536,0.06642766296863556,nan,nan,512,0,0.0019714178051799536,0.06642766296863556,all_rows,512,0,0.0025769623462110758,0.108984375,0.0003682207316160202,0.002169066824717447,0.15679987700423226,67e5aa5cdc0d54749d5ce61e47e3c816:0:0,729576363cff9c751393347146cdef3f:0:0,62f5444d95b17095912cb04d200b03dc:0:0,d402b95c936bac9cdb875820f549ede9:0:789308209,7331514b4295205db1963a78ab0d51b5:1:2575769228,10,1.0,0,0,0,0,0,0,512,26,0,512,19,0,264,0,0,248,26,0,512,0.12952031195163727,54.128231048583984,150,0,26,26
849,A,849,-0.0003690465819090605,0.05824694037437439,nan,nan,512,0,-0.0003690465819090605,0.05824694037437439,all_rows,512,0,0.0033893417567014694,0.0509765625,-0.00037310104817152024,0.001699104328872636,0.15795568999601528,934e65edaf85632f52e74bd72bc4bc16:0:0,e8cf94d008e6687bb8cfbfb53b804e48:0:0,23fef3a5b0c39a0a8aa5a25f7b1ffdfd:0:0,3bbd69a61977da4949cc20575917a9e9:0:3464612293,ac89a170c1d7e422216dc8e6779c840d:0:852937068,10,1.0,0,0,0,0,0,0,512,16,0,512,22,0,262,0,0,250,16,0,512,0.13018789887428284,55.06276321411133,168,0,16,16
850,A,850,-0.0028830894734710455,0.06087005138397217,nan,nan,512,0,-0.0028830894734710455,0.06087005138397217,all_rows,512,0,0.01788470149040222,0.069140625,0.0010376639198511838,0.0018282545381225646,0.1553007490001619,7f5d9a1cc0c8f24b046540e00c65b016:0:0,89275268880f1ea3129e8e084368b281:0:0,3b08b6fd2bbee23b4940ef36c04b1ffa:0:0,b1fedb2299418496b4e10c38252565e9:0:1907082830,604f51cf40928b87c05e5fcb09068c20:1:2483529632,10,1.0,0,0,0,0,0,0,512,16,0,512,18,0,269,0,0,243,16,0,512,0.12259500473737717,55.20413589477539,143,0,16,16
851,A,851,0.003875358961522579,0.056543946266174316,nan,nan,512,0,0.003875358961522579,0.056543946266174316,all_rows,512,0,0.00999484397470951,0.040234375,0.0008157332427799702,0.0015838117338716983,0.1590016660047695,9d7e404615015226554bd8ace9c6a416:0:0,a69a46c06eb263518a6464b0d39172c5:0:0,52802305841d9dab4621bbb6496a0e49:0:0,8ac60a16146252c0b010bcff597321e9:0:1396989130,efda6b546670b8c040fa43f9fb093fc7:0:3825538483,10,1.0,0,0,0,0,0,0,512,22,0,512,22,0,248,0,0,264,22,0,512,0.12202213704586029,56.62242126464844,185,0,22,22
852,A,852,-0.001019711373373866,0.06113048270344734,nan,nan,512,0,-0.001019711373373866,0.06113048270344734,all_rows,512,0,0.004180897958576679,0.0376953125,-1.603616401553154e-05,0.0018702118250075728,0.15866082499269396,2aeee0fb87eea6e9d364e6b1c3e79816:0:0,20202419704c21d1f2ced498030e7b3b:0:0,cde1bfe12fa66e1f6de46e53d458ae3d:0:0,d5541096a07230a4d85613e8f600dde9:0:270267059,5a53b5efb07b22adb1256b439da263bf:1:1694780333,10,1.0,0,0,0,0,0,0,512,15,0,512,19,0,272,0,0,240,15,0,512,0.12148558348417282,55.41051483154297,163,0,15,15
853,A,853,0.0031626492273062468,0.06259257346391678,nan,nan,512,0,0.0031626492273062468,0.06259257346391678,all_rows,512,0,0.008189814165234566,0.0314453125,-0.003318416466936469,0.0019397842581383884,0.1580487649771385,e79958d62a28eb9deacefe629ac88c16:0:0,5e522f0bffd8f1ee4fc98aa0a65a2e98:0:0,d84e0dc5d6dffbc7fa2a883a9c2c5d8c:0:0,e9bb457083a57a27905c3230face99e9:0:2044579870,65d7fab0f3f296fe3577f7b5f6cb5878:1:2632401704,10,1.0,0,0,0,0,0,0,512,22,0,512,15,0,290,0,0,222,22,0,512,0.12339974194765091,55.2999267578125,142,0,22,22
854,A,854,-0.001630522427149117,0.06209644302725792,nan,nan,512,0,-0.001630522427149117,0.06209644302725792,all_rows,512,0,0.013499714434146881,0.1365234375,-0.004757245723158121,0.0019268266856670379,0.15294591803103685,57cdbd13f348a200d9fd73336e698016:0:0,0c26bbedf29c41c7e99fb1eb9a1f0e59:0:0,be999cfe1538bd7a1be15d2366af7520:0:0,bc3008d5ac451ed8bc7e791367dc55e9:0:3817707314,426a105fb7240e5a42241fd0978e1699:1:415432782,10,1.0,0,0,0,0,0,0,512,19,0,512,15,0,244,0,0,268,19,0,512,0.1273876279592514,56.94954299926758,155,0,19,19
855,A,855,0.002124984283000231,0.05695311725139618,nan,nan,512,0,0.002124984283000231,0.05695311725139618,all_rows,512,0,0.00440077343955636,0.1400390625,0.0010743713355623186,0.0016275620379019528,0.1528597809956409,477f8679b06b2f1ca5b858983eca7416:0:0,a7f077531fc26ded4dfcbae845024da9:0:0,59cb441898fbc5e06622918efc01deec:0:0,3127c48c9b3cbdd87ec889cc3d2a11e9:0:3272933108,7aef09a34266d0d775d2c858ed8bfa87:1:3216288064,10,1.0,0,0,0,0,0,0,512,27,0,512,23,0,267,0,0,245,27,0,512,0.13500158488750458,56.37653732299805,157,0,27,27
856,A,856,-0.003283922327682376,0.06484261155128479,nan,nan,512,0,-0.003283922327682376,0.06484261155128479,all_rows,512,0,0.0033001245465129614,0.0572265625,-0.00021194207947701217,0.002096114866435528,0.15476583695271984,9018d0f5d786e49d0d1c82050beb6816:0:0,edc6aa3e6858d571171d6b3ed6926c87:0:0,76145de37f0105989f1f0ab0fa50a783:0:0,6687e09319fab9fbf2f645977ab7cde9:0:2797209930,76b59fca132037c2e18fbde6322671da:1:137507012,10,1.0,0,0,0,0,0,0,512,23,0,512,20,0,271,0,0,241,23,0,512,0.1305067390203476,57.52363967895508,154,0,23,23
857,A,857,-0.00356244295835495,0.0597541481256485,nan,nan,512,0,-0.00356244295835495,0.0597541481256485,all_rows,512,0,0.012635619379580021,0.0837890625,0.0009974936489015817,0.0017640315694734455,0.15348207601346076,69f71a85a802b6e57d9b82edd5cc5c16:0:0,8f66c992ac329f55e3a905773fe40266:0:0,a532f4edcfc7e89f9e77d3583a1fa65b:0:0,f217646953de4631ea73cdb1208589e9:0:2253036935,c97cb743d843532542d1c1bea171b28b:1:1572822604,10,1.0,0,0,0,0,0,0,512,20,0,512,25,0,248,0,0,264,20,0,512,0.13180336356163025,58.59280776977539,162,0,20,20
858,A,858,0.004363054409623146,0.05767931416630745,nan,nan,512,0,0.004363054409623146,0.05767931416630745,all_rows,512,0,0.0050111254677176476,0.053125,0.00020595587557181716,0.0016618221125099808,0.15933407004922628,34ef7be2c1059fe706fbaec69c6d5016:0:0,eeea9cd5f36ef2f29a617c68d7a0f1e2:0:0,28f8bad5fd8d9c0142445ab556bd9144:0:0,fc52b07a2b6f6a27a85d83552e9345e9:0:2820564574,40aec65cc51b3a3147b518d25b65e85c:0:3530360603,10,1.0,0,0,0,0,0,0,512,26,0,512,27,0,268,0,0,244,26,0,512,0.12099841982126236,59.60782241821289,159,0,26,26
859,A,859,-0.0008529963088221848,0.048498716205358505,nan,nan,512,0,-0.0008529963088221848,0.048498716205358505,all_rows,512,0,0.00934608094394207,0.0759765625,-0.003098068991675973,0.0011749966361094266,0.19233985000755638,fc8dd98415f1aeb64f5819035fce4416:0:0,1c56eaff8591856ba8527d313add6490:0:0,75a2cd915bc68684a539eb3f205a81f0:0:0,68e92a55e39cff2d9d8007bfa4e101e9:0:3749687613,0359ab1ec62004267d4b57469a9795f0:0:2115173464,10,1.0,0,0,0,0,0,0,512,20,0,512,28,0,263,0,0,249,20,0,512,0.12407350540161133,58.7255973815918,167,0,20,20
860,A,860,-0.0030071453657001257,0.06228822097182274,nan,nan,512,0,-0.0030071453657001257,0.06228822097182274,all_rows,512,0,0.007808892987668514,0.1072265625,0.008338712621480227,0.0018687202944420278,0.15784013603115454,69e30381e97ec3e1872095181fef3816:0:0,8caad50ee06e0f34e7db45135ee4e750:0:0,c836b23aa24796eb0eed5b0cb46b3ae4:0:0,73d0e1b4753ca55c24583c2c836ebde9:0:1696697173,b3a23ffa0232c29080216abf5de352e6:0:1414921497,10,1.0,0,0,0,0,0,0,512,29,0,512,21,0,246,0,0,266,29,0,512,0.12163472175598145,57.094173431396484,164,0,29,29
861,A,861,-0.006472455803304911,0.06759990751743317,nan,nan,512,0,-0.006472455803304911,0.06759990751743317,all_rows,512,0,0.007361887488514185,0.096875,-0.00353487937245518,0.002063125680433586,0.1557160479715094,b26126f137e8fa865d19b678dcd02c16:0:0,4f35f36660bcf5eb47f9965e5fa1b566:0:0,a6263240da36c7cb301f4fc2b3238d6b:0:0,d33c1b752908b0f83d1341d7ca3c79e9:0:4121570867,1214567849cfbee50ebcc1fa7c4a34ad:0:2177534328,10,1.0,0,0,0,0,0,0,512,27,0,512,21,0,272,0,0,240,27,0,512,0.12756730616092682,56.67308044433594,162,0,27,27
862,A,862,0.005974942818284035,0.06237395852804184,nan,nan,512,0,0.005974942818284035,0.06237395852804184,all_rows,512,0,0.008666710928082466,0.060546875,-0.003693726472556591,0.0018990816723089665,0.15742850297829136,be3c534fb8a6be27f25cd09996712016:0:0,110dcb5720d142a03b17e73bd6bb8b43:0:0,eeefdd0d2ab83686af7a2d9f3bbc2360:0:0,141853114e581018498e79fd794a35e9:0:2330767703,86fbea9753e3ef0a7609f3168ea5a86a:1:4003668912,10,1.0,0,0,0,0,0,0,512,19,0,512,16,0,263,0,0,249,19,0,512,0.13274602591991425,57.658790588378906,177,0,19,19
863,A,863,-0.009589430876076221,0.06435318291187286,nan,nan,512,0,-0.009589430876076221,0.06435318291187286,all_rows,512,0,0.007326352410018444,0.0802734375,-0.002871284354478121,0.0020428729592822494,0.16074076102813706,95c62a9e601a8d44ce57f6ee4cd21416:0:0,4bd4068539dd339b91c15056f39f507b:0:0,cf39918a00726b4f48a40954279c9032:0:0,1055a23826cc2888c95785d99097f1e9:0:495985278,18f9101b629d7ad0b964276e7869fe89:1:1720087773,10,1.0,0,0,0,0,0,0,512,18,0,512,9,0,268,0,0,244,18,0,512,0.13192632794380188,56.31622314453125,148,0,18,18
864,A,864,0.0010454654693603516,0.060888804495334625,nan,nan,512,0,0.0010454654693603516,0.060888804495334625,all_rows,512,0,0.02974890172481537,0.092578125,0.0010807434795424343,0.0018466493289452045,0.15707443503197283,81081acd09b468acd2cdfceafff30816:0:0,0254476257d67b69195db515fc947fb0:0:0,9f875aeac32a746cbc5caca791c1ed68:0:0,9448998a5f30adf115ac46a81025ade9:0:309897216,3028cc0b504ea2393a332952148025b4:1:2026938814,10,1.0,0,0,0,0,0,0,512,23,0,512,22,0,269,0,0,243,23,0,512,0.13183975219726562,57.54832077026367,149,0,23,23
865,A,865,-0.003220019396394491,0.05677515268325806,nan,nan,512,0,-0.003220019396394491,0.05677515268325806,all_rows,512,0,0.007727828808128834,0.1142578125,-0.007932061143219472,0.0016121092485263944,0.15660359297180548,8436bb1eb2f6ef972fd67603afd3fc16:0:0,5eb2c69055b0d9170a883504b957cf0d:0:0,ffc027544f399738c21a6c8064be9853:0:0,13476cabadc970381d7adda4f7f369e9:0:283368208,78a5b1be0ac2c21b2b65a0531a2586e9:1:1134367689,10,1.0,0,0,0,0,0,0,512,19,0,512,14,0,271,0,0,241,19,0,512,0.12128869444131851,59.76448059082031,154,0,19,19
866,A,866,0.000758693553507328,0.05283629894256592,nan,nan,512,0,0.000758693553507328,0.05283629894256592,all_rows,512,0,0.005844766274094582,0.099609375,-0.008750704670092091,0.001390687475213781,0.1600966610130854,633b18326fd4287857ddb5ac5c74f016:0:0,463ffdabe4da4d94ecd43a0cfa31b195:0:0,b36799f06d9c954b09dc4005bf414e21:0:0,336de7216e4a22292161ac0c480125e9:0:2080448708,8e15e33a19bd54de30db80d7372dee9d:0:2782009160,10,1.0,0,0,0,0,0,0,512,19,0,512,14,0,243,0,0,269,19,0,512,0.12376470863819122,60.73701858520508,169,0,19,19
867,A,867,0.0019973444286733866,0.05764349550008774,nan,nan,512,0,0.0019973444286733866,0.05764349550008774,all_rows,512,0,0.0038257762789726257,0.03671875,-0.0005239553051069379,0.0016469662892632186,0.16995535499881953,733bdd6200d5f697f3a4cf5905d5e416:0:0,8d14c21b381edc50ac0b9e5e7557bf55:0:0,5176d6e155bde8d174f1ade618f95810:0:0,8579eeb553b418586faf531a004ee1e9:0:2851962072,d6cb3995aecce49907652b5d63454fba:1:1888896620,10,1.0,0,0,0,0,0,0,512,18,0,512,18,0,252,0,0,260,18,0,512,0.12480024993419647,60.29267501831055,174,0,18,18
868,A,868,-0.0009922964964061975,0.059318289160728455,nan,nan,512,0,-0.0009922964964061975,0.059318289160728455,all_rows,512,0,0.027520015835762024,0.0822265625,-0.0032712221145629883,0.001696723169879988,0.1601104160072282,9788622bb3863c66d641967dabf6d816:0:0,ec221457173197e7226e4522d491d1a5:0:0,d70df400aa8a0af7dc4cb15cd7f04f05:0:0,78346353885600482062b40a20dc9de9:0:2720691845,f10256daf29b3dfe705a9a2569df675d:0:361549817,10,1.0,0,0,0,0,0,0,512,14,0,512,19,0,258,0,0,254,14,0,512,0.12752440571784973,59.74689865112305,152,0,14,14
869,A,869,0.006601677741855383,0.06845919787883759,nan,nan,512,0,0.006601677741855383,0.06845919787883759,all_rows,512,0,0.00255389092490077,0.1154296875,0.0026726200245320796,0.002337440603878349,0.15624215395655483,344aae61f58aaa94f11e9e8e4ed7cc16:0:0,fa498061976729e011bce7c5e769323f:0:0,6c924d95b64aa45d496fe9fffafdf36b:0:0,0717f39bd4298fccd12af018a9aa59e9:0:3944645057,4a8bd4c85867ffbecacf2484fb61f781:0:2182078481,10,1.0,0,0,0,0,0,0,512,14,0,512,15,0,264,0,0,248,14,0,512,0.12194589525461197,59.106319427490234,158,0,14,14
870,A,870,-0.006681680679321289,0.05566956102848053,nan,nan,512,0,-0.006681680679321289,0.05566956102848053,all_rows,512,0,0.0022254660725593567,0.0373046875,0.000880336994305253,0.001543138490524143,0.1555622509913519,01b387dfc2e83be747fb3afeee78c016:0:0,2c9d18c3f8b44feee69f7a8506f1bccb:0:0,7d5e344deaa7cfacd0440f14260a37ad:0:0,5221009da1cb2cb2616768819ab815e9:0:865448756,57c45f290c47d8405edff014ca24a9c5:1:462170184,10,1.0,0,0,0,0,0,0,512,16,0,512,11,0,250,0,0,262,16,0,512,0.12308082729578018,59.85248947143555,162,0,16,16
871,A,871,0.006103754974901676,0.05321887880563736,nan,nan,512,0,0.006103754974901676,0.05321887880563736,all_rows,512,0,0.006037177983671427,0.0732421875,-0.00043970984406769273,0.0014108534960541874,0.15959157602628693,daac9085d7e25dcde4eb7f438ad9b416:0:0,e42c436ca42d51102f1ea2a108e93dfe:0:0,7138c74c31a16356b27319d678828d77:0:0,c126ea76fa478ca0ae27be80f405d1e9:0:1425411650,e3193f609d5aa59be112e2479a21f21d:1:199042823,10,1.0,0,0,0,0,0,0,512,21,0,512,17,0,264,0,0,248,21,0,512,0.12483663111925125,59.86389923095703,153,0,21,21
872,A,872,-0.007757220882922411,0.0628962591290474,nan,nan,512,0,-0.007757220882922411,0.0628962591290474,all_rows,512,0,0.010679950937628746,0.1212890625,0.011909568984992801,0.0019807749486062676,0.15871686703758314,3f4063494ee9c5b9cc583ed023faa816:0:0,3184ed5e7c97e7dc70d03c26ea71702a:0:0,6d620476d6b5b31fbd5769152c8f1682:0:0,18101acecffb4d404e2bd352b5938de9:0:2774069030,9923c0686f69afe9660b98474567fc9a:0:3165141325,10,1.0,0,0,0,0,0,0,512,17,0,512,20,0,254,0,0,258,17,0,512,0.12176202982664108,60.1937370300293,166,0,17,17
873,A,873,0.008208266459405422,0.05476992204785347,nan,nan,512,0,0.008208266459405422,0.05476992204785347,all_rows,512,0,0.022318731993436813,0.116796875,0.010316883167251944,0.0014881897892337292,0.16313086304580793,a9977b21130ef332f0ff0d18b9db9c16:0:0,5e02049c531543037777b6c587bac182:0:0,51ebbe5b921d36120f8e02233ee10ef7:0:0,7aded96330c0849f4de3c832df6149e9:0:3196532184,9da938345e509e7d31eff2f5242fb0ac:0:2197093981,10,1.0,0,0,0,0,0,0,512,12,0,512,17,0,249,0,0,263,12,0,512,0.11938859522342682,62.030540466308594,172,0,12,12
874,A,874,-0.009322719648480415,0.0549289770424366,nan,nan,512,0,-0.009322719648480415,0.0549289770424366,all_rows,512,0,0.003956990782171488,0.0486328125,-0.003944095550104975,0.001490550156449899,0.17050875799031928,61627ea44f6c5eae27f23d914c7c9016:0:0,89a5197bedc8a4ece3d7063ee5e3655d:0:0,c8e8c0907c8250ad4842468581705d75:0:0,593d6a2437a649d5eb6ffe5d716f05e9:0:623964873,a185ec199d8c1616e77775f1b9aad747:0:3894683329,10,1.0,0,0,0,0,0,0,512,18,0,512,18,0,263,0,0,249,18,0,512,0.11283732205629349,64.00010681152344,170,0,18,18
875,A,875,0.008421355858445168,0.06240727752447128,nan,nan,512,0,0.008421355858445168,0.06240727752447128,all_rows,512,0,0.007743005640804768,0.0455078125,-0.003701690770685673,0.0019487595069222151,0.16817349701886997,898f4f30c3fc55231c98e3addbdd8416:0:0,68267d4a2ba8e2b3bc826b5cb07a469f:0:0,919f13ed3ba6e44af64e60a749f78d8b:0:0,19142394d66e35eb52a1170e6bbcc1e9:0:154064082,c1891a5de9013f61b8ecda8215ce7855:1:3235904719,10,1.0,0,0,0,0,0,0,512,18,0,512,16,0,251,0,0,261,18,0,512,0.11190574616193771,62.55415344238281,167,0,18,18
876,A,876,0.0010844087228178978,0.05936170369386673,nan,nan,512,0,0.0010844087228178978,0.05936170369386673,all_rows,512,0,0.009342333301901817,0.0353515625,0.0002955711912363768,0.0016838356445077808,0.15603348898002878,13f5f274a84e806244aed2e267fe7816:0:0,771f3324b878cb45d611d637e22540f4:0:0,7918efc94308fca91eb2a47a9cf7e3c6:0:0,a714176acf0bdcfa58f7f381ce4a7de9:0:1971364048,f5903c0661c461956ed8cd6edcab6f84:0:3662121797,10,1.0,0,0,0,0,0,0,512,22,0,512,19,0,261,0,0,251,22,0,512,0.11901386827230453,61.32024002075195,161,0,22,22
877,A,877,-0.003528222208842635,0.06257299333810806,nan,nan,512,0,-0.003528222208842635,0.06257299333810806,all_rows,512,0,0.00406496599316597,0.0603515625,-0.003173453081399202,0.0018942828173749149,0.16015346598578617,7305193c84911c2ad4449ea2f0df6c16:0:0,ba926c393d7f9c006570e9a7b57408d5:0:0,d2284c7ec1e3229b4e6dc0a8ddbc57a0:0:0,5b3c8ea775623f9639a5b4f3991839e9:0:3894017418,8942f1f1bb527f0323a74215f6e0f398:0:325886758,10,1.0,0,0,0,0,0,0,512,16,0,512,15,0,250,0,0,262,16,0,512,0.11514875292778015,61.38126754760742,185,0,16,16
878,A,878,-0.003077336121350527,0.058225031942129135,nan,nan,512,0,-0.003077336121350527,0.058225031942129135,all_rows,512,0,0.005146273411810398,0.0619140625,-0.005063718999736011,0.0016669942648150026,0.16756574698956683,a71ba66a2961d800b1bf9a6376806016:0:0,e5f61d75a2269e3c3e335ba6c463d5cc:0:0,1ce841c4de5ee10ad2cacbce27f1d613:0:0,6678fda3117b346f518bbc9fcc25f5e9:0:2942354203,0b79dca1cbc7352b99c2b088efb1a8b7:1:615439114,10,1.0,0,0,0,0,0,0,512,18,0,512,17,0,259,0,0,253,18,0,512,0.10885791480541229,60.76148223876953,161,0,18,18
879,A,879,0.0015069060027599335,0.06256753206253052,nan,nan,512,0,0.0015069060027599335,0.06256753206253052,all_rows,512,0,0.003620601026341319,0.0638671875,-0.004653551150113344,0.0019097370794042944,0.16276896302588284,00ed2cfeaeda65c269d9d997f8e15416:0:0,f7255f35818c232858f8a1d78be105b7:0:0,b026b4e99458db4f7046fa2e5b9f2831:0:0,cdc833c4fa74ca37db3babc26773b1e9:0:1929434016,5110f880f163bf90eea8fcc3cba3b8e4:0:7818235,10,1.0,0,0,0,0,0,0,512,17,0,512,20,0,264,0,0,248,17,0,512,0.11767351627349854,60.8568000793457,168,0,17,17
880,A,880,0.0018988489173352718,0.06078525632619858,nan,nan,512,0,0.0018988489173352718,0.06078525632619858,all_rows,512,0,0.0020059591624885798,0.0716796875,-0.002801590412855148,0.0018391479447018356,0.15839698596391827,00cae426234cb4ff23a22fb478024816:0:0,c7e90f739e5a54105c3cd133da0b099c:0:0,093b11a70494b9f3189a8060ebd3ed10:0:0,572c65e2c260a1c8aaf763976b016de9:0:241242094,1caeb93c1293fd0d77af8ee63705ff83:0:483787375,10,1.0,0,0,0,0,0,0,512,28,0,512,15,0,259,0,0,253,28,0,512,0.1188151091337204,59.60837936401367,167,0,28,28
881,A,881,0.011487188749015331,0.07416513562202454,nan,nan,512,0,0.011487188749015331,0.07416513562202454,all_rows,512,0,0.005871089641004801,0.0625,-0.004765157401561737,0.002480452973395586,0.1596747039584443,78b10c385222db0c947c302cf3e33c16:0:0,f709aa586adfee1cdbd759d53588542d:0:0,492c31f76ff03e61efd34f2c5e7ef355:0:0,452e49810b514085eab1055ad6cf29e9:0:884365263,0147f73c2e6a419f39cb09a72c262170:1:948764315,10,1.0,0,0,0,0,0,0,512,13,0,512,20,0,261,0,0,251,13,0,512,0.11967507749795914,59.4796257019043,171,0,13,13
882,A,882,-0.004854633007198572,0.05805675685405731,nan,nan,512,0,-0.004854633007198572,0.05805675685405731,all_rows,512,0,0.007204670459032059,0.080859375,0.0003778117708861828,0.0016673211008310317,0.21553758496884257,e14a2fa6cb56a7dcf4202e756c843016:0:0,4b0f4578d69f5d7c15cf237bda3c7225:0:0,38926d4e8a61ccc27f22c7ec9a2fc565:0:0,d743ca70ddd15b03d60af248aadce5e9:0:1237435320,2392d2d61c39149aaec91ea11a4c2480:1:445471692,10,1.0,0,0,0,0,0,0,512,18,0,512,18,0,273,0,0,239,18,0,512,0.12388021498918533,59.89034652709961,153,0,18,18
883,A,883,-0.006841026712208986,0.057810623198747635,nan,nan,512,0,-0.006841026712208986,0.057810623198747635,all_rows,512,0,0.0021726503036916256,0.0849609375,0.0005858495365828276,0.001656841376097873,0.16702918597729877,05760ed513f4e794f09b3e01e1e52416:0:0,ecd13d39095799e7604fb33baee4009e:0:0,78e01434b90f80fc55c105bb07e682b6:0:0,c82cf384990117eb7657cb9ce72aa1e9:0:3456507786,fc79b6f742edbc569b6d36f2347d1abb:0:3458793482,10,1.0,0,0,0,0,0,0,512,16,0,512,22,0,251,0,0,261,16,0,512,0.11601123958826065,60.0689697265625,169,0,16,16
884,A,884,0.004536829423159361,0.054120391607284546,nan,nan,512,0,0.004536829423159361,0.054120391607284546,all_rows,512,0,0.0008406932465732098,0.0775390625,0.006422684667631984,0.0014526405546348542,0.16011990600964054,21095ddca82050e1a24f324654061816:0:0,f9c2e4b620ef77191795c1c8784108b1:0:0,d1fa789ef017641f6adef2b9fed93a0d:0:0,f7976e57d4954b1f5e9a72938bb85de9:0:1214834210,ee7fdc1fe33c48752f7e00480ff491c2:0:540773117,10,1.0,0,0,0,0,0,0,512,18,0,512,17,0,255,0,0,257,18,0,512,0.11701443046331406,60.78395462036133,159,0,18,18
885,A,885,0.0005261844489723444,0.059854570776224136,nan,nan,512,0,0.0005261844489723444,0.059854570776224136,all_rows,512,0,0.0029594304505735636,0.072265625,-0.001923498441465199,0.0017727741913404315,0.15795768203679472,ab2dc7433708200e7ff29eb6c2e70c16:0:0,e617dab09e2438995f3e943e0c99ab2d:0:0,fb734283fba8d4e63ffd89e50e3fc299:0:0,9a528565ccf4a92067860868988619e9:0:894552771,812f568e3cfdad20be2190a4ee8188d4:1:3531351540,10,1.0,0,0,0,0,0,0,512,18,0,512,22,0,259,0,0,253,18,0,512,0.11735405772924423,60.46372604370117,163,0,18,18
886,A,886,0.002493793610483408,0.0553063340485096,nan,nan,512,0,0.002493793610483408,0.0553063340485096,all_rows,512,0,0.0013284479500725865,0.1271484375,0.011968671483919025,0.0015225334209389985,0.1647741519846022,9fc6e6ae41465edb5290d6c72e880016:0:0,376827c699791deab428b8ca60a53963:0:0,b023dc92858fb2b5e489dee9f7cf7838:0:0,3c52d6ea31aef2b26b7dee580d93d5e9:0:1320595038,7987aa8a5bc4b0130e18c1ce14c1dffa:0:1008058277,10,1.0,0,0,0,0,0,0,512,23,0,512,20,0,248,0,0,264,23,0,512,0.11424635350704193,60.80827331542969,171,0,23,23
887,A,887,-0.0011547422036528587,0.05228908360004425,nan,nan,512,0,-0.0011547422036528587,0.05228908360004425,all_rows,512,0,0.0021061773877590895,0.1330078125,0.01630304306745529,0.0013425722834654152,0.16501042601885274,924922a40219d9122989edeb96e8f416:0:0,a06dd7727577172fa3359fd9e6e4c5b6:0:0,bd0d96eec74fc0d5fad3a49c782ca325:0:0,19f5e6486e8a18c10295c59deae191e9:0:2691530895,bfd6510385e01925038b339d025d0bbb:1:3309113210,10,1.0,0,0,0,0,0,0,512,18,0,512,11,0,239,0,0,273,18,0,512,0.11351374536752701,60.57184600830078,183,0,18,18
888,A,888,0.0013453734572976828,0.05998824164271355,nan,nan,512,0,0.0013453734572976828,0.05998824164271355,all_rows,512,0,0.006225344259291887,0.05078125,-0.0053530722623690965,0.001767617737641558,0.15684006799710914,8442746e4befbddd4e92b797fc09e816:0:0,8eef5f18b1bd6229041000124c86b8e3:0:0,8ec55be9eecf2d1434e5776adeb8ded9:0:0,62a274f5c76158843e916f76306f4de9:0:236285276,b165b42b3358c32816a4f9d7b353cf6a:1:3754426544,10,1.0,0,0,0,0,0,0,512,24,0,512,16,0,249,0,0,263,24,0,512,0.11259103566408157,59.98574447631836,163,0,24,24
889,A,889,0.010982627049088478,0.06733260303735733,nan,nan,512,0,0.010982627049088478,0.06733260303735733,all_rows,512,0,0.002284749411046505,0.0505859375,-0.002435089601203799,0.0021600518084596843,0.15770829701796174,bf334938c0b0eddd39b4c7405deadc16:0:0,331e2ccff7304222d58c43bd539128b3:0:0,feddefa0fc7bc4877a95f76dfcfaf341:0:0,5e4b0322df124fe566e50d1cde3d09e9:0:1586239601,786eaaf3c5dc560cc0233963a82ab947:0:3084631342,10,1.0,0,0,0,0,0,0,512,17,0,512,17,0,277,0,0,235,17,0,512,0.109134241938591,60.74021911621094,146,0,17,17
890,A,890,-0.011310836300253868,0.06267944723367691,nan,nan,512,0,-0.011310836300253868,0.06267944723367691,all_rows,512,0,0.003726001363247633,0.046484375,0.0011485497001558543,0.001841592410346493,0.16678952903021127,28feb7888e46f5fe854e7058bc8bd016:0:0,13d33c7f5490d2a615f53733d65151fb:0:0,5e29e11f606fd2470076f04b63603ef6:0:0,b9bc0ba181b40a23b4b4ffcdf44ac5e9:0:3518093307,a8e3fd399ab77b860194f0f496cff45f:1:1933778467,10,1.0,0,0,0,0,0,0,512,18,0,512,24,0,266,0,0,246,18,0,512,0.10671629756689072,61.327537536621094,159,0,18,18
891,A,891,0.007266719359904528,0.057302702218294144,nan,nan,512,0,0.007266719359904528,0.057302702218294144,all_rows,512,0,0.00869879312813282,0.125390625,0.006254836614243686,0.0015496418898692354,0.15393700601998717,10ed483097ccb70fe212c65517ecc416:0:0,1c137e2ac54a83619833b014cd99c5ef:0:0,da15f1b198bfa5cb22d7bf6366ea73fb:0:0,f33f7dc3ca5404b90ed5e8c5729881e9:0:3735638123,e0b800da8c4e59b8c8b6ee2350ae52c3:1:250542556,10,1.0,0,0,0,0,0,0,512,16,0,512,23,0,242,0,0,270,16,0,512,0.10233192890882492,60.728206634521484,183,0,16,16
892,A,892,-0.0004087270353920758,0.055436231195926666,nan,nan,512,0,-0.0004087270353920758,0.055436231195926666,all_rows,512,0,0.0037216152995824814,0.078515625,-0.002519833343103528,0.0015327618166338652,0.16679548000684008,a5bc89e9b3deba180b099ca9700db816:0:0,ffd09b5dd4960e562a78f66aa94ce634:0:0,2f004a1e4e36f1987943993e8801d04c:0:0,8a3aa331fc752c7ec5cca93f59263de9:0:2840904805,db5e40bbea9634877d009f12ef55908c:0:2071897111,10,1.0,0,0,0,0,0,0,512,25,0,512,23,0,255,0,0,257,25,0,512,0.10259991139173508,61.59469223022461,175,0,25,25
893,A,893,-0.0028911037370562553,0.057485297322273254,nan,nan,512,0,-0.0028911037370562553,0.057485297322273254,all_rows,512,0,0.006189452484250069,0.0646484375,-0.0007058182265609503,0.001611825794680044,0.1875558210304007,803f92bb687f316bb98f86c9c4eeac16:0:0,c1df493fb39207bd7c6ced6ee31b44dd:0:0,ea37174476f6e475ff92e2f4c2507436:0:0,b94306f4a98cd3124fce6277a7f3f9e9:0:2450274812,ecf7a790502fdc9ccb78308db5a28417:0:4059227068,10,1.0,0,0,0,0,0,0,512,16,0,512,15,0,255,0,0,257,16,0,512,0.10456332564353943,62.17509841918945,162,0,16,16
894,A,894,-0.004452800378203392,0.061882659792900085,nan,nan,512,0,-0.004452800378203392,0.061882659792900085,all_rows,512,0,0.01040745247155428,0.0603515625,0.0013951012166216969,0.001908305479446426,0.20265516103245318,4e6972664d01a6839955d82a168fa016:0:0,1e14352747d1d536b221c272c8ac38e1:0:0,ac6751fbba4820679b83a7fd6a20d759:0:0,aafa1630fab99c7a04c075aa5f01b5e9:0:3869863434,9c2316c7fe1e9ecc83692dfaa781cb28:0:2058567339,10,1.0,0,0,0,0,0,0,512,15,0,512,18,0,260,0,0,252,15,0,512,0.10516147315502167,62.477787017822266,155,0,15,15
895,A,895,-0.008334441110491753,0.062252841889858246,nan,nan,512,0,-0.008334441110491753,0.062252841889858246,all_rows,512,0,0.009840572252869606,0.0751953125,-0.008323295041918755,0.00189795630867593,0.20790306403068826,0cfa6d05fa7254923c62a43e64f09416:0:0,0c3faa49c584d26881994c75c17e28a8:0:0,fbceca41d64971d9a9a36465538f44fe:0:0,cf0e125536f06509da3884137e4f71e9:0:3536374039,921a1b45d11d32c3a99cf198203bd00f:1:3742527020,10,1.0,0,0,0,0,0,0,512,15,0,512,19,0,250,0,0,262,15,0,512,0.10650602728128433,64.09335327148438,152,0,15,15
896,A,896,0.006671072915196419,0.054714396595954895,nan,nan,512,0,0.006671072915196419,0.054714396595954895,all_rows,512,0,0.002711840672418475,0.0361328125,0.0006036878563463688,0.0014787870517466218,0.20482714101672173,bf339d2532ed2fda0f10be7ab0118816:0:0,15e06e8c59ab15f20ef82a0325643ee6:0:0,5b754a07fb697d2154072979da15918a:0:0,be4987b3dddb1f881f7c6eef05dd2de9:0:3535384588,c62ac666712c6f4922d1fa08f13771f5:0:2654421005,10,1.0,0,0,0,0,0,0,512,19,0,512,16,0,245,0,0,267,19,0,512,0.10172709077596664,66.60081481933594,171,0,19,19
897,A,897,0.003563368460163474,0.05109304189682007,nan,nan,512,0,0.003563368460163474,0.05109304189682007,all_rows,512,0,0.004259387496858835,0.1029296875,-0.0039466269896365706,0.0012573646294185893,0.20266606600489467,90aa5883a85899c34c0fba52f7f27c16:0:0,f10beb16791cc16b24c79ee458c78a91:0:0,27b188dbd3b642d2bfe80eb6f2f2636f:0:0,82e0d2cbefa5ab9239825778f5aae9e9:0:437207675,1ad2765c8df45a8cc0f6ee2550fadc44:1:594055777,10,1.0,0,0,0,0,0,0,512,19,0,512,19,0,264,0,0,248,19,0,512,0.10066287219524384,66.91231536865234,169,0,19,19
898,A,898,-0.0024953726679086685,0.05938976630568504,nan,nan,512,0,-0.0024953726679086685,0.05938976630568504,all_rows,512,0,0.0029660877771675587,0.0806640625,-0.004843985568732024,0.0017571505217347295,0.19324935099575669,225562d18af7c1b1f063eb3b3c937016:0:0,3da1c9ef09bf33d3462de8e648b2bc4e:0:0,17508aa0255bbf665c71c02f44d9d259:0:0,a56f51bd39f4a4415ef09eed4db8a5e9:0:2822383104,a5b89eb4de07e13e1530bdc3c5878b5d:0:3146629173,10,1.0,0,0,0,0,0,0,512,21,0,512,16,0,254,0,0,258,21,0,512,0.09903072565793991,66.76668548583984,162,0,21,21
899,A,899,-0.005632104352116585,0.05871085450053215,nan,nan,512,0,-0.005632104352116585,0.05871085450053215,all_rows,512,0,0.005881740245968103,0.0455078125,0.0016379576409235597,0.0017237174673937262,0.1833311069640331,cdf99da9c848b29baf6664a77df46416:0:0,e460975cef3d23801b5436510429e10e:0:0,8955c320a68b388499178aa588b859fb:0:0,9793aea7c242270f541de6880e0661e9:0:2120360503,bc93340c4b87024515527b5bb49dea36:1:2662334005,10,1.0,0,0,0,0,0,0,512,14,0,512,14,0,267,0,0,245,14,0,512,0.10258977115154266,67.24781799316406,165,0,14,14
900,A,900,0.0018294686451554298,0.057856932282447815,nan,nan,512,0,0.0018294686451554298,0.057856932282447815,all_rows,512,0,0.0052166227251291275,0.037109375,-0.002377498522400856,0.001640472881263122,0.2077668720157817,46f27d18a2a20d5de6c4fa0bbc155816:0:0,550f1fbb51f9c3a94b9087a5c56efd19:0:0,08d77881c4c879cb834039f78144876d:0:0,83143af5a5dc92fb27110f8536941de9:0:2471005970,9694a3f43bf6d80fcb08cf1cf2b9f9f9:1:1179285775,10,1.0,0,0,0,0,0,0,512,23,0,512,20,0,245,0,0,267,23,0,512,0.09605647623538971,66.68692779541016,178,0,23,23
901,A,901,0.03079727105796337,0.08050698041915894,nan,nan,512,0,0.03079727105796337,0.08050698041915894,all_rows,512,0,0.0029093376360833645,0.0935546875,0.0010623300913721323,0.002313833229709417,0.20120210701134056,89b414010a046fd392823edbf6f64c16:0:0,001c9efb3f7b5c98b5e592b926407d15:0:0,00417edf9d1da5673db0f07fb5f51693:0:0,b0299acf07c33fedeb813b20c761d9e9:0:519834158,32befd6c86fa253e2c16af7f9e74e019:1:1383197317,10,1.0,0,0,0,0,0,0,512,10,0,512,14,0,256,0,0,256,10,0,512,0.09591568261384964,65.19190216064453,155,0,10,10
902,A,902,-0.014263372868299484,0.05943036079406738,nan,nan,512,0,-0.014263372868299484,0.05943036079406738,all_rows,512,0,0.008100023493170738,0.044921875,0.0014242019038647412,0.0017704016994684935,0.20465264102676883,e1110bb7de9388ab40f5868c2e974016:0:0,a7127101324be1964b54507247bf46e1:0:0,3fb0a94c1936ee37e6c38c4422820261:0:0,273f0337e49d2e5f76d5ca96c06f95e9:0:3676894564,b05f79927386dbb4afe615e14b90c2b6:1:3342041441,10,1.0,0,0,0,0,0,0,512,17,0,512,15,0,245,0,0,267,17,0,512,0.09964858740568161,66.34358215332031,183,0,17,17
903,A,903,-0.003905479796230793,0.06142580881714821,nan,nan,512,0,-0.003905479796230793,0.06142580881714821,all_rows,512,0,0.0025782701559364796,0.0875,-0.0009580537211149931,0.0018269045336637645,0.20408171199960634,46064e31052ad7fd06cae49062f83416:0:0,755ac8c8c24f55c1e57142cc73eef40e:0:0,e28f1664498738d43c1f7032073b501a:0:0,72640c97e505af3b1c265f2321bd51e9:0:1267723558,c8daefcdf1896eb2767a709565a0cfb8:0:668345610,10,1.0,0,0,0,0,0,0,512,16,0,512,19,0,245,0,0,267,16,0,512,0.09763527661561966,67.61628723144531,188,0,16,16
904,A,904,0.0022589771542698145,0.056579094380140305,nan,nan,512,0,0.0022589771542698145,0.056579094380140305,all_rows,512,0,0.007114859763532877,0.0939453125,-0.005499895429238677,0.0016032162122428418,0.19744722702307627,e150921ef6821ca073032c5c94192816:0:0,726982d8d4e8a04169f882ff532fa4e6:0:0,a691875144fca13754e04c8f34fd872c:0:0,f91496ac866b0404683ada01eb4b0de9:0:1152987829,96e181228a112862e682e023cf16f70e:1:170409723,10,1.0,0,0,0,0,0,0,512,31,0,512,16,0,261,0,0,251,31,0,512,0.10106656700372696,66.69072723388672,165,0,31,31
905,A,905,0.004846720490604639,0.05365552753210068,nan,nan,512,0,0.004846720490604639,0.05365552753210068,all_rows,512,0,0.007105255499482155,0.0724609375,-0.0014831881038844586,0.001418106973869726,0.184101874998305,5a1d546a31556e4282f3f164c1fa1c16:0:0,0767acf38b057b8aa7cfa723d53d7500:0:0,c875bd4497c612a19b6b60c7bb5ba9ab:0:0,e61f722632baf73bdd8b5c6f1d18c9e9:0:3390514327,5c06d818d2d83ed14d7cda8fdff4ddba:0:1506203170,10,1.0,0,0,0,0,0,0,512,27,0,512,23,0,262,0,0,250,27,0,512,0.09987446665763855,65.97561645507812,177,0,27,27
906,A,906,-0.004266231320798397,0.05895655229687691,nan,nan,512,0,-0.004266231320798397,0.05895655229687691,all_rows,512,0,0.0045331683941185474,0.04453125,0.0004511031904257834,0.001671142189297825,0.20506848901277408,3f811a6ab805043b9647871cec9b1016:0:0,c1159fef222a2d74167ba3da4952f598:0:0,33450f1169efa083d4fc18e0839222ef:0:0,639477711f196d03b04047a6b72685e9:0:1072229075,66393d925ae9de47ce5339ceed3aa54a:1:3921512148,10,1.0,0,0,0,0,0,0,512,11,0,512,18,0,248,0,0,264,11,0,512,0.09683273732662201,66.34913635253906,183,0,11,11
907,A,907,0.0009963687043637037,0.05342874675989151,nan,nan,512,0,0.0009963687043637037,0.05342874675989151,all_rows,512,0,0.010770690627396107,0.051953125,0.0008290049619972706,0.001410372176906094,0.19961378199514002,97c01c528220a92562fd00f913fc0416:0:0,b77314654b4ce7a42c36fb75917d55bb:0:0,7c3e9e54ca9a11fa1987ee2a5943cbaf:0:0,c3fe616b09dcec0482323ce4b97441e9:0:1569697960,ad15a459c93731107fd6246c2e570058:0:113044486,10,1.0,0,0,0,0,0,0,512,15,0,512,12,0,252,0,0,260,15,0,512,0.09893911331892014,65.05496215820312,170,0,15,15
908,A,908,0.0037673835176974535,0.05156944692134857,nan,nan,512,0,0.0037673835176974535,0.05156944692134857,all_rows,512,0,0.0064100464805960655,0.09765625,0.0005559009267017245,0.001292195060523227,0.20738917402923107,d5a4af3c8a52db30e968326d381cf816:0:0,efb6d7148d96f1b6c71dc9f10ac76d40:0:0,65b815a2fd40c157746acb0ffdc8f62c:0:0,73042e07300d1e921eea1d652401fde9:0:1087256502,bb645b25f3d2600b932cec7cb468bd9d:1:3714391787,10,1.0,0,0,0,0,0,0,512,16,0,512,18,0,256,0,0,256,16,0,512,0.10260112583637238,65.00675201416016,155,0,16,16
909,A,909,0.00018115912098437548,0.06090773642063141,nan,nan,512,0,0.00018115912098437548,0.06090773642063141,all_rows,512,0,0.010896380990743637,0.140625,0.009018585318699479,0.0018677754618693144,0.20537917100591585,7dd7f258e11f993c6831aeed58fdec16:0:0,3e19aea8aedc6c67dc02974df22950b0:0:0,6e5ceff527100870bc7a8bdcc72d79c3:0:0,ca20ee22129f4c1037a10a63f6cfb9e9:0:2031122708,72e83ef794390c9b986a9276f4f8b1fd:1:203150958,10,1.0,0,0,0,0,0,0,512,16,0,512,16,0,277,0,0,235,16,0,512,0.10398206114768982,66.18936920166016,144,0,16,16
910,A,910,0.003723572939634323,0.05432165041565895,nan,nan,512,0,0.003723572939634323,0.05432165041565895,all_rows,512,0,0.0032257824204862118,0.0234375,-0.0013005150016397239,0.0014733159448951482,0.1939906509942375,013562b2eceadca95056c9ed769ee016:0:0,7170d6c2101740566489ea2bd4176cfb:0:0,3e4be90bf342f7860287e61e5abca6d6:0:0,b0afd106e3acca971f40651d31dd75e9:0:1102915355,c85c1cb4e69ae50dc5b8191765416780:0:23650550,10,1.0,0,0,0,0,0,0,512,19,0,512,16,0,244,0,0,268,19,0,512,0.1075228601694107,67.878662109375,173,0,19,19
911,A,911,-0.004803776275366545,0.05438860505819321,nan,nan,512,0,-0.004803776275366545,0.05438860505819321,all_rows,512,0,0.00444078492000699,0.0572265625,0.0023846687283366917,0.0014595713117159903,0.15355319197988138,1a210d13bfbabff2392996e190ffd416:0:0,d6d30fa508d3752e5352318ed09f6542:0:0,e82ce7234762e9d4c8471f6cd21c296c:0:0,c954d768b3df68d88661ceccd52b31e9:0:1181292989,5f8911e299f5135e1c6ea4b804915ca5:1:3365926535,10,1.0,0,0,0,0,0,0,512,20,0,512,19,0,257,0,0,255,20,0,512,0.1020263135433197,67.43801879882812,162,0,20,20
912,A,912,0.00016984017565846443,0.0602690763771534,nan,nan,512,0,0.00016984017565846443,0.0602690763771534,all_rows,512,0,0.0034707454033195972,0.088671875,0.001123319286853075,0.0018138228915631771,0.1942691919975914,aec21d872b295200d450e93da820c816:0:0,04c1fd1c2c9e54d63b443f07af513703:0:0,ea8bf0bf82b86dc17de674b70d1eca56:0:0,6210f4d1b84fd044374f28aee0b8ede9:0:4148014421,f6bab2a6d260d58069aeff60ce7ff549:0:4171394608,10,1.0,0,0,0,0,0,0,512,16,0,512,19,0,224,0,0,288,16,0,512,0.10401546955108643,68.79145812988281,183,0,16,16
913,A,913,0.006760494317859411,0.05537097528576851,nan,nan,512,0,0.006760494317859411,0.05537097528576851,all_rows,512,0,0.009589684195816517,0.0880859375,0.0011056724470108747,0.0014958559302613139,0.2007978439796716,3568880efafa1643e1c85475bc01bc16:0:0,91cae672be376234cea77d7fcd52a691:0:0,80403027c8309732c7a7964796cd3df3:0:0,f0527dcb4111df6cd20293ff5486a9e9:0:621732673,119be778060bd35292eac8c7bdb13220:1:674697979,10,1.0,0,0,0,0,0,0,512,24,0,512,20,0,244,0,0,268,24,0,512,0.096121646463871,68.85909271240234,184,0,24,24
914,A,914,0.0023213911335915327,0.05343667417764664,nan,nan,512,0,0.0023213911335915327,0.05343667417764664,all_rows,512,0,0.02633320912718773,0.1130859375,0.007872237591072917,0.0013921796868089586,0.20023627899354324,381476147ec7318523e02bfdcca2b016:0:0,e6b876ace3d7d0953c81615003ee4d37:0:0,e6c6ed1055da27b882eb431e17d7e569:0:0,1f50944138aafcac882671fa309465e9:0:2335108555,38aef3f373eaa4eae9dd18ab987b0791:1:2381268431,10,1.0,0,0,0,0,0,0,512,18,0,512,24,0,260,0,0,252,18,0,512,0.10157375037670135,66.82646179199219,177,0,18,18
915,A,915,-0.007105539087206125,0.05446139723062515,nan,nan,512,0,-0.007105539087206125,0.05446139723062515,all_rows,512,0,0.005102762021124363,0.066015625,-0.0001396930543705821,0.0014585476979846134,0.20837455498985946,34d1082d4b3a437f533d8349da03a416:0:0,ad1f9b2a581e29acd015a2948382f643:0:0,0eab1b5f0edf5548571357b514d22c8a:0:0,e539d2e444ae6109d91563db74e221e9:0:374906776,a1a220e7c446a0bfb2d2525c55374fd7:0:3146871279,10,1.0,0,0,0,0,0,0,512,26,0,512,28,0,259,0,0,253,26,0,512,0.10320857912302017,63.935791015625,173,0,26,26
916,A,916,0.006421728525310755,0.05945773050189018,nan,nan,512,0,0.006421728525310755,0.05945773050189018,all_rows,512,0,0.00411455100402236,0.07265625,-0.0030692086089402436,0.0017529900884255766,0.20189058798132464,1719d3ccdb44ed3412da2dcde4249816:0:0,4214050aee1b0b9123dc8cb3d0493c41:0:0,c231dacff9028aa2758283d6e39424cd:0:0,3b73c38ddfbb5b5c4dda4adf216fdde9:0:450222758,793b37659ca78ef1c5e13f2094f29dbe:1:559172926,10,1.0,0,0,0,0,0,0,512,15,0,512,17,0,260,0,0,252,15,0,512,0.10097934305667877,63.53445816040039,166,0,15,15
917,A,917,-0.0013282699510455132,0.05799414590001106,nan,nan,512,0,-0.0013282699510455132,0.05799414590001106,all_rows,512,0,0.005922587588429451,0.0294921875,-0.0008253531996160746,0.0016580867406446487,0.1780112069682218,3f93508179cd0401e404befdeb058c16:0:0,f7d8594e12d86bdbcb45b3657cee0aa4:0:0,ca3c37c2aa84a5ca28baa91061188f01:0:0,7f99b3ea05198bb135304841363d99e9:0:1716004016,d7d1b8c2503f2e3b94f6c7afae1577e7:1:1006333937,10,1.0,0,0,0,0,0,0,512,13,0,512,21,0,266,0,0,246,13,0,512,0.09569267183542252,63.04739761352539,159,0,13,13
918,A,918,-0.005043918266892433,0.05694723129272461,nan,nan,512,0,-0.005043918266892433,0.05694723129272461,all_rows,512,0,0.0035269400104880333,0.0705078125,0.006712549203075469,0.001611175894504413,0.1726078920182772,dfba285f9c40717a1a608a4deea68016:0:0,0a21c30ab67ce54bc31fe2891dad907e:0:0,4d2296169214b2edb46dfe3da81b7011:0:0,b6563eea462f16f05f82bd3db34b55e9:0:515877666,3eb02e0b907c2fd22a6694fc97aa47c3:0:3491899821,10,1.0,0,0,0,0,0,0,512,22,0,512,20,0,244,0,0,268,22,0,512,0.0889478549361229,63.1169548034668,175,0,22,22
919,A,919,0.0001682871370576322,0.05814757198095322,nan,nan,512,0,0.0001682871370576322,0.05814757198095322,all_rows,512,0,0.005038530100136995,0.0576171875,0.00604045067448169,0.0016471726354211568,0.20700023096287623,b39413439684bff6cfe5a331ef077416:0:0,6a4c6b12c4eee7d9f28d18d8b4f43b80:0:0,35de12d30dce0b6da0410c972249864e:0:0,6edb60c6620cd2c0daed4b10989911e9:0:1387816246,deb01be421cdc3cee7e290f59be864de:0:2769691508,10,1.0,0,0,0,0,0,0,512,28,0,512,21,0,250,0,0,262,28,0,512,0.08869073539972305,63.64240264892578,168,0,28,28
920,A,920,0.004598598927259445,0.05260799080133438,nan,nan,512,0,0.004598598927259445,0.05260799080133438,all_rows,512,0,0.0028645172715187073,0.0876953125,0.007747310679405928,0.0013671873253770172,0.20127338398015127,389e8c9650b653f0d8e0dd1dec286816:0:0,05ca338ce09b74b2d40337b35a3853b7:0:0,57d1dae71092cc8d67a080b9e5a4ad14:0:0,65e1268eb74c69adaf3bd2f5e626cde9:0:3042058853,277f8de2b244dcc1172d2d796e9cac1e:1:1872243024,10,1.0,0,0,0,0,0,0,512,19,0,512,21,0,246,0,0,266,19,0,512,0.09279625117778778,64.11396026611328,170,0,19,19
921,A,921,-0.0023551317863166332,0.0515238493680954,nan,nan,512,0,-0.0023551317863166332,0.0515238493680954,all_rows,512,0,0.001292731612920761,0.1109375,0.001761920377612114,0.0013305366213899107,0.20614069199655205,c3f44f46672b5215b7f3cb85e6095c16:0:0,f80e74fef5a3f94dff7fcdb8a77dd487:0:0,3209396133433c7c2e421b322ac13db2:0:0,c9f30195287c778a99ea76299bf489e9:0:1575955682,35771b94264834306eeee556d6f42dc5:1:3484081359,10,1.0,0,0,0,0,0,0,512,19,0,512,17,0,270,0,0,242,19,0,512,0.09088875353336334,63.737884521484375,157,0,19,19
922,A,922,-0.004244836512953043,0.057623427361249924,nan,nan,512,0,-0.004244836512953043,0.057623427361249924,all_rows,512,0,0.003746060188859701,0.0552734375,0.002133741066791117,0.0015926062478683889,0.20380961801856756,a6aa13abdd2e321d9214c1dddcaa5016:0:0,9d6969efaedd645a1d50d14bc63e18b3:0:0,f92955b5a11531e64c1b08eaed92c51f:0:0,b0af7a314b569e18ca2595e7ba0245e9:0:4251915597,4a3527ced4ed5756b6b684a503995859:1:63176480,10,1.0,0,0,0,0,0,0,512,27,0,512,23,0,251,0,0,261,27,0,512,0.08780006319284439,63.26450729370117,178,0,27,27
923,A,923,-0.0022315094247460365,0.053623683750629425,nan,nan,512,0,-0.0022315094247460365,0.053623683750629425,all_rows,512,0,0.008261610753834248,0.0580078125,-0.0024511896073818205,0.001418261940125376,0.18603487097425386,43758f114ae3fe61228ed399d00b4416:0:0,81922abaf7e3757036d5a9cc7b7bda09:0:0,7bfd01b15fbd9e9f6b55fe34c1609447:0:0,6db56ca4fafb91eb9cc9d36c405001e9:0:1433534558,9be0ef0d3dbe6294fadd6874805f99cb:1:3874981869,10,1.0,0,0,0,0,0,0,512,21,0,512,20,0,268,0,0,244,21,0,512,0.08202426880598068,62.846473693847656,169,0,21,21
924,A,924,0.005401136353611946,0.05998217314481735,nan,nan,512,0,0.005401136353611946,0.05998217314481735,all_rows,512,0,0.023933669552206993,0.0423828125,0.0017400017008185388,0.001786286453716457,0.15304193401243538,f08f2ca22ed2402faf01d42dc02c3816:0:0,659a9e92af18ecfc6b4648bbdbadb774:0:0,e63779458d037255d065d15020b1e70e:0:0,988d2626a5711f8d58640ff32eddbde9:0:1445900937,3383929d59cc524d083c9b09bf4577e6:1:1521728496,10,1.0,0,0,0,0,0,0,512,29,0,512,19,0,254,0,0,258,29,0,512,0.08625729382038116,63.82707214355469,182,0,29,29
925,A,925,-0.003320487681776285,0.056436117738485336,nan,nan,512,0,-0.003320487681776285,0.056436117738485336,all_rows,512,0,0.004821439739316702,0.1138671875,-0.000249254540540278,0.0015857261081691832,0.20412650500657037,19276382cb7898e4fb62570dad0d2c16:0:0,a3cc4bcf56179d2e8a32199b95996b16:0:0,dc7481365b85338c59fa37df2de4c5c3:0:0,2f2a9f56ec9e28e3e9316cb885ab79e9:0:559465342,513d97c3f21dfdd1d6db62f88c78f5ad:1:1351075966,10,1.0,0,0,0,0,0,0,512,22,0,512,18,0,257,0,0,255,22,0,512,0.09834791719913483,61.99869918823242,166,0,22,22
926,A,926,-3.108230885118246e-05,0.05004590004682541,nan,nan,512,0,-3.108230885118246e-05,0.05004590004682541,all_rows,512,0,0.009695334360003471,0.0990234375,0.004174216696992516,0.0011756977066397667,0.200646148994565,a77beddab97207bf3df9afad96ae2016:0:0,c115b5dff09386750f908b2c4aa61e85:0:0,2452de0d1ef41973bc8cce0fe9de6c75:0:0,eef0b4a773009ad59d1f4af844b935e9:0:2113915878,049e6c3202c126ce08388e9dd407fb16:0:106131799,10,1.0,0,0,0,0,0,0,512,19,0,512,22,0,228,0,0,284,19,0,512,0.09377129375934601,61.000728607177734,189,0,19,19
927,A,927,0.0067839352414011955,0.0547017939388752,nan,nan,512,0,0.0067839352414011955,0.0547017939388752,all_rows,512,0,0.014219405129551888,0.0984375,0.00025700642727315425,0.0014634854858741164,0.19968276598956436,b05778a01691dc751365f1817d0f1416:0:0,399cb7705a925ec2c93557790c4a3c45:0:0,22ed853211dbeb8ab0ac19c3281afd06:0:0,3ea39c78ec595b2ddfcb4bee6c06f1e9:0:1435091665,0a112aced25d8000be641a3f308200fa:0:2904378428,10,1.0,0,0,0,0,0,0,512,22,0,512,23,0,257,0,0,255,22,0,512,0.08924467116594315,61.8630256652832,173,0,22,22
928,A,928,-0.0021825702860951424,0.059626225382089615,nan,nan,512,0,-0.0021825702860951424,0.059626225382089615,all_rows,512,0,0.005625310353934765,0.058984375,0.0012476198375225068,0.0017719840456265957,0.20784180198097602,ff4fabf5fa70568b7299effd60300816:0:0,fdfc7adca7930fa04f7f26a24a9c9a05:0:0,e9f98d7ec9aebc450ed4a3c8ed269c1c:0:0,60baf5f6ca8a2ec1f68350d6fb94ade9:0:511912086,e254b5cee86c50ce5f1145a220221cad:1:1173384392,10,1.0,0,0,0,0,0,0,512,27,0,512,24,0,261,0,0,251,27,0,512,0.09862031042575836,60.783966064453125,170,0,27,27
929,A,929,0.005786045920103788,0.05929253250360489,nan,nan,512,0,0.005786045920103788,0.05929253250360489,all_rows,512,0,0.0075243450701236725,0.041796875,-0.004690383281558752,0.001769009471172467,0.20411511301063,dd29a7f598daf16ba0dd3e954010fc16:0:0,3f070c4c7ded0425aff5d96d87472b97:0:0,28ae639370c3d52de8e1f3d06428ec97:0:0,a741a2f71ee197d5bc457aedf36269e9:0:225886719,e8ad61bb5ed2971c8b75e5d57b216ead:1:4129364873,10,1.0,0,0,0,0,0,0,512,17,0,512,18,0,252,0,0,260,17,0,512,0.10324394702911377,62.083404541015625,168,0,17,17
930,A,930,-0.003779945895075798,0.061137374490499496,nan,nan,512,0,-0.003779945895075798,0.061137374490499496,all_rows,512,0,0.003930961713194847,0.0822265625,0.0016394402831792832,0.0018663207651115955,0.16653981199488044,942c41be3a9c5d3925cc30bd1cb1f016:0:0,027945c632fdac07a355b5805e2b8f00:0:0,e9d17826bf1ef4db185702cb12af5fea:0:0,912b32658810acc05dc02b6f537025e9:0:2914388114,6795e98040d9e63037b029bb190ca3e3:1:3936545192,10,1.0,0,0,0,0,0,0,512,21,0,512,16,0,250,0,0,262,21,0,512,0.09251705557107925,62.877708435058594,165,0,21,21
931,A,931,-0.0013150430750101805,0.05261021852493286,nan,nan,512,0,-0.0013150430750101805,0.05261021852493286,all_rows,512,0,0.0012959226733073592,0.098046875,-0.0062542294152081014,0.0013559349725255742,0.19524987100157887,2d9170acf5102467bf57d9e8f612e416:0:0,31a167d68822ca5017c3416eb49b217e:0:0,1dfce14331a0e2d7486d47cfecf114e8:0:0,9cfbf0004506e6d1155203971bbde1e9:0:784168462,f6e452d8f1b685d44ab8a795c119c079:1:3806833257,10,1.0,0,0,0,0,0,0,512,19,0,512,24,0,247,0,0,265,19,0,512,0.08523885905742645,63.337642669677734,178,0,19,19
932,A,932,0.0074472990818321705,0.05480243265628815,nan,nan,512,0,0.0074472990818321705,0.05480243265628815,all_rows,512,0,0.003938175737857819,0.0208984375,-0.0006536916363984347,0.001400953938718885,0.20170178700936958,047d73a1c8f5fe1155c60d8ccc33d816:0:0,2ade247172bd9273c157e1a4744a7812:0:0,e115f468a2aa37bd1b7b8ef8a11e0c2e:0:0,be11b96ec4efe973e709e4a14c4b9de9:0:3147764040,596d82021b34cba33814d6aacbd16b4d:1:2525215109,10,1.0,0,0,0,0,0,0,512,21,0,512,13,0,251,0,0,261,21,0,512,0.0865568295121193,63.83340835571289,154,0,21,21
933,A,933,-0.008346130140125751,0.05683434382081032,nan,nan,512,0,-0.008346130140125751,0.05683434382081032,all_rows,512,0,0.037528663873672485,0.1259765625,0.007817532727494836,0.0016064089664723723,0.2001850079977885,72a2423c90f8cd0befb15f1c9f14cc16:0:0,e351572422d24f6fa63e2d820c526d19:0:0,78605efdcc82ee767cd901346ca89f16:0:0,49087ff94c8f41965ca6efc9e51959e9:0:2250229099,384d1ba4d9f2289b55d48f569e911b36:0:3468015206,10,1.0,0,0,0,0,0,0,512,24,0,512,24,0,267,0,0,245,24,0,512,0.08759232610464096,62.63946533203125,171,0,24,24
934,A,934,0.008640695363283157,0.05611380189657211,nan,nan,512,0,0.008640695363283157,0.05611380189657211,all_rows,512,0,0.005165083799511194,0.053515625,-0.000954383984208107,0.001573057530913502,0.20520765002584085,65c0de00e85d4bbfa609220c6eb5c016:0:0,094bd7072b8914d1f57e89dd3966e2dd:0:0,2c22b1404506fd094731f1ba5163a180:0:0,60dde16989361d4c4198864ce62715e9:0:285779233,4f51de86c965685b3302d7e7e678664f:1:2713882506,10,1.0,0,0,0,0,0,0,512,26,0,512,26,0,256,0,0,256,26,0,512,0.08285603672266006,64.92720794677734,182,0,26,26
935,A,935,-0.009603154845535755,0.056377626955509186,nan,nan,512,0,-0.009603154845535755,0.056377626955509186,all_rows,512,0,0.024733668193221092,0.0560546875,-0.0005475576501339674,0.0015993240929674357,0.2049611289985478,78500b54f24c64bc981169d03b16b416:0:0,7debed3be042693777fb047e94d7c7f5:0:0,d08dad8198d11932a10f59440fce13b8:0:0,f9db81dc298efbb45efe49664f74d1e9:0:2627150569,bf91ec2546486bfdf54d84d432a2d8de:0:3521309141,10,1.0,0,0,0,0,0,0,512,27,0,512,17,0,254,0,0,258,27,0,512,0.08489908277988434,66.49040222167969,172,0,27,27
936,A,936,0.006237801164388657,0.06540222465991974,nan,nan,512,0,0.006237801164388657,0.06540222465991974,all_rows,512,0,0.00472380081191659,0.0509765625,-0.002457508083898574,0.002151053835405037,0.18626899202354252,8f70e253aa2d3810df6309dc0437a816:0:0,56642b8333cf1c44dc10f7130a28cfe9:0:0,1ca399304e8e42c97d32c526745b5f41:0:0,f12fcb8bd47b551d37a81a5221028de9:0:1753030047,53528c931ad23cdcbefba6f8ce7ea77d:1:3384418010,10,1.0,0,0,0,0,0,0,512,25,0,512,24,0,273,0,0,239,25,0,512,0.08276669681072235,67.07523345947266,169,0,25,25
937,A,937,0.00041919155046343803,0.05818451941013336,nan,nan,512,0,0.00041919155046343803,0.05818451941013336,all_rows,512,0,0.0059362659230828285,0.1185546875,-0.0029531551175750793,0.0016905250726267696,0.1678014009958133,61c583702582cd5e83eb95a3ca189c16:0:0,bae2517ad22a4335f91422080e914784:0:0,493013892b727689cc952b19ba47ce86:0:0,08b870de163f3b69c4161a4c5ad049e9:0:858495652,13ab2327b001110d1f64c64be796cb4e:0:818740822,10,1.0,0,0,0,0,0,0,512,24,0,512,18,0,255,0,0,257,24,0,512,0.08857296407222748,66.30111694335938,176,0,24,24
938,A,938,-0.003054530592635274,0.05238735303282738,nan,nan,512,0,-0.003054530592635274,0.05238735303282738,all_rows,512,0,0.006376911886036396,0.0642578125,-0.004000554978847504,0.001360681717051193,0.1745065779541619,02750bebefc172b16fed609b8cb99016:0:0,84592b985158459301a9912c541d9676:0:0,b57df048048f8ef5a5d1bb505477cf8e:0:0,5619803b1c36f2b62e78aa90fcde05e9:0:1203436483,f6bb5ff35d899210ded6429cbc5dd448:0:1130949503,10,1.0,0,0,0,0,0,0,512,26,0,512,21,0,265,0,0,247,26,0,512,0.09121442586183548,67.70271301269531,180,0,26,26
939,A,939,-0.0017865383997559547,0.06133529916405678,nan,nan,512,0,-0.0017865383997559547,0.06133529916405678,all_rows,512,0,0.0036145879421383142,0.0546875,0.0024624351412057877,0.001858427276602015,0.1650050689931959,f669aa27688fc81563ff7e374c1a8416:0:0,3ea4de2ecd059c82dde31382620ac447:0:0,f409f937cca94be24a8eacdac8643a79:0:0,6b0f08795752823c8eb06c5c072bc1e9:0:508622201,a1c3652b102dce635b7afa3da061c558:1:380652555,10,1.0,0,0,0,0,0,0,512,25,0,512,17,0,276,0,0,236,25,0,512,0.0907086431980133,66.9905014038086,157,0,25,25
940,A,940,-0.00014287325029727072,0.050684891641139984,nan,nan,512,0,-0.00014287325029727072,0.050684891641139984,all_rows,512,0,0.001406415132805705,0.066015625,-0.00031874480191618204,0.0012890849146060645,0.17198005598038435,d46269d7cce777ebeb0dc1eb083b7816:0:0,4c110401abf7c666120eeb82f43e36e9:0:0,3248cd85c3e949da7767cfb574f37107:0:0,b33637e65d933d79a64e40e979b97de9:0:1894924964,fda17abf37c86e4a4bb96533846a95d6:1:1815101209,10,1.0,0,0,0,0,0,0,512,34,0,512,25,0,237,0,0,275,34,0,512,0.09248300641775131,67.61153411865234,197,0,34,34
941,A,941,0.027423862367868423,0.0724790096282959,nan,nan,512,0,0.027423862367868423,0.0724790096282959,all_rows,512,0,0.0012954868143424392,0.0998046875,-0.0008645981084555388,0.0023564607603475452,0.17277333000674844,5789fc3353899c024e58bf2ac11c6c16:0:0,a05c6599f9bffaf71ed1284441bbe8f1:0:0,8b5b6154096315e485ecfde83ca0358f:0:0,c1958736a2c745919c934975548739e9:0:3460560448,658a435dfeeab77b2ff4ab7fdd389907:1:3910614565,10,1.0,0,0,0,0,0,0,512,24,0,512,29,0,253,0,0,259,24,0,512,0.09530889242887497,68.40950775146484,187,0,24,24
942,A,942,-0.009901918470859528,0.061674341559410095,nan,nan,512,0,-0.009901918470859528,0.061674341559410095,all_rows,512,0,0.005235884804278612,0.0322265625,-0.0014230237808078527,0.0018779793463181704,0.1711599020054564,7ca66028853acf678975c96a76bd6016:0:0,bf8de34311a7bdb47833d680c270057b:0:0,ed0aa7ee76a2e50e1dbb2d9d70b28f21:0:0,1631e4e5e0bf02f4ba70e73b9794f5e9:0:3982624798,45f7c1d57a51637455fe797d4bffe208:1:1086195716,10,1.0,0,0,0,0,0,0,512,20,0,512,28,0,269,0,0,243,20,0,512,0.09597071260213852,68.55050659179688,179,0,20,20
943,A,943,-0.0010026327800005674,0.06350592523813248,nan,nan,512,0,-0.0010026327800005674,0.06350592523813248,all_rows,512,0,0.009771259501576424,0.07265625,-0.0013139338232576847,0.0020190747804008425,0.1713619819493033,1862e2bab93aed023e4ef41e291e5416:0:0,1d3c3bf51fb01b5a4ccf2348b41eb285:0:0,39faee88cd8654d7f052adb321554444:0:0,ca40f4d2473897442688bb7842e2b1e9:0:334135670,336266856d46c81d160460717c440318:1:2958186080,10,1.0,0,0,0,0,0,0,512,19,0,512,20,0,250,0,0,262,19,0,512,0.09048812836408615,66.9541015625,174,0,19,19
944,A,944,-0.0016168828587979078,0.05307884141802788,nan,nan,512,0,-0.0016168828587979078,0.05307884141802788,all_rows,512,0,0.013044916093349457,0.1234375,-0.0022387801203876735,0.0013972657499834896,0.16009230399504304,ae6e77a25e6c7ae6a92312b9d83f4816:0:0,08a33f7523d77c4344748cb5420293ea:0:0,0fd798c6c27af97d32661bdc88c02c7b:0:0,1846531ccbbd4776a12ca76756706de9:0:2128980945,f0acd44bcc98ccd787561d6ae4a7af9d:1:2142016018,10,1.0,0,0,0,0,0,0,512,14,0,512,23,0,253,0,0,259,14,0,512,0.10123466700315475,66.28811645507812,169,0,14,14
945,A,945,0.0031771769281476736,0.05926623195409775,nan,nan,512,0,0.0031771769281476736,0.05926623195409775,all_rows,512,0,0.004234600812196732,0.09140625,-0.002293548663146794,0.001754472270840779,0.20109597401460633,89ebe654799fc26c9485b8b184203c16:0:0,5a71a8da383fddb2c267387857d2db7c:0:0,25f03e3e4141f7a4e77eaabca0427e3e:0:0,64e3609931acde3d405ecc44d23e29e9:0:3380341266,71ed289caac589b719a4d9b60d8dabee:0:1954686358,10,1.0,0,0,0,0,0,0,512,16,0,512,30,0,257,0,0,255,16,0,512,0.09416579455137253,68.25186920166016,184,0,16,16
946,A,946,-0.003379651578143239,0.052462153136730194,nan,nan,512,0,-0.003379651578143239,0.052462153136730194,all_rows,512,0,0.0034201727248728275,0.042578125,-0.0034383288584649563,0.0013661752105690538,0.20188739901641384,8cbfb799817595054d5f39792cc13016:0:0,da5d966aa98f8ec29e1fbdb8681539d2:0:0,40165c725c02b84b4b3bf4ba6301ee94:0:0,cd967258a2b306a82bd18b4cb64be5e9:0:4280451743,3c1640e18eb13e4487a2513fb1cf40fc:0:4252071784,10,1.0,0,0,0,0,0,0,512,26,0,512,30,0,255,0,0,257,26,0,512,0.09144824743270874,69.04275512695312,177,0,26,26
947,A,947,0.004820759408175945,0.05916239321231842,nan,nan,512,0,0.004820759408175945,0.05916239321231842,all_rows,512,0,0.006987517699599266,0.0744140625,-0.0006300495006144047,0.0017512229387648404,0.20141212700400501,396133e0804dbdd196eca884d2222416:0:0,80617d00a6c38974da06af47476aeb8e:0:0,ddaebc995e5f45cd42c119ff069ed1be:0:0,dc574d19efe29f0b58e785bb0299a1e9:0:1636910554,44c925403f917de677ebfc977a955328:0:392632721,10,1.0,0,0,0,0,0,0,512,22,0,512,23,0,258,0,0,254,22,0,512,0.08857247978448868,68.93051147460938,171,0,22,22
948,A,948,0.0015670994762331247,0.05562760680913925,nan,nan,512,0,0.0015670994762331247,0.05562760680913925,all_rows,512,0,0.0027516449335962534,0.1064453125,0.002724147029221058,0.0015431887062732131,0.20843315601814538,7eb81a8024b51ff79ebfd94874431816:0:0,ef4d83480617306dc5f6555feb587304:0:0,055618acede0ee1d87b798d46105f04b:0:0,5a2ba0aad3b3042346b39ccbb7275de9:0:1365715058,6b203aab1393997ca98486f44676bac1:0:2034823024,10,1.0,0,0,0,0,0,0,512,15,0,512,23,0,244,0,0,268,15,0,512,0.0876820906996727,70.66951751708984,173,0,15,15
949,A,949,-0.00103611103259027,0.05009840056300163,nan,nan,512,0,-0.00103611103259027,0.05009840056300163,all_rows,512,0,0.002118624746799469,0.070703125,-0.005741975223645568,0.0012514120317064226,0.20126689999597147,2400061c28c781b8f0bf5f3813240c16:0:0,7ed8e3b9ef0531ebb728d073d83a896c:0:0,781a7b22f0c83e381db29df785b0e7d2:0:0,dfb6be85cd1b5479b9f8f1bad3f519e9:0:2627632701,a2e2a4a9d441f02d7f02ce2ee5365852:1:2268166056,10,1.0,0,0,0,0,0,0,512,16,0,512,20,0,257,0,0,255,16,0,512,0.08656781911849976,70.57785034179688,160,0,16,16
950,A,950,0.0007651631603948772,0.05728087201714516,nan,nan,512,0,0.0007651631603948772,0.05728087201714516,all_rows,512,0,0.007535749115049839,0.0744140625,-0.0021254018414765597,0.0016204965417273343,0.16875958297168836,b864b26a38f904486b268dc7aec50016:0:0,d05a47ff876e5cfab208334955d90108:0:0,4a05169125654f060e192567d3ce6f9d:0:0,39ac0a386c07ac0a792ae5c45902d5e9:0:3884778011,498a8eee5f627e61f4b37f94ea38c037:0:2945822542,10,1.0,0,0,0,0,0,0,512,17,0,512,15,0,262,0,0,250,17,0,512,0.08487272262573242,70.61264038085938,161,0,17,17
951,A,951,-0.0020280578173696995,0.05466436594724655,nan,nan,512,0,-0.0020280578173696995,0.05466436594724655,all_rows,512,0,0.0010238662362098694,0.0375,0.000642315624281764,0.0014653341146185993,0.1940010310499929,fbcf8b9642bb48603285786b4725f416:0:0,ea5afb25601238618ec640c58bf57069:0:0,e03d2d5f21c44a02d673e0c0f87ada7f:0:0,882ba15e27645828086d1a24465091e9:0:2555196016,d0596f6cfb6b1ab42139133b1baaef68:0:130383372,10,1.0,0,0,0,0,0,0,512,23,0,512,30,0,246,0,0,266,23,0,512,0.0867198035120964,70.32317352294922,175,0,23,23
952,A,952,0.0001852596178650856,0.05351690948009491,nan,nan,512,0,0.0001852596178650856,0.05351690948009491,all_rows,512,0,0.0027245506644248962,0.1146484375,0.0006464541424065828,0.0013916374591644853,0.20298965799156576,30ef178ad3723f97a5c0f296dc46e816:0:0,c205af7042b447e02f40633ad08ed271:0:0,16db117f11fba228e4a185a756fd75a7:0:0,b3ac743c14fb03a0659370169bde4de9:0:1118368340,5fd44351552bd3e0f4f67bf6cdea3073:0:2210867030,10,1.0,0,0,0,0,0,0,512,25,0,512,26,0,244,0,0,268,25,0,512,0.08872325718402863,70.67608642578125,176,0,25,25
953,A,953,-0.003147102426737547,0.05597658455371857,nan,nan,512,0,-0.003147102426737547,0.05597658455371857,all_rows,512,0,0.004375422839075327,0.0978515625,-0.0024035803973674772,0.001551401719916612,0.20001313695684075,089be566f02caa7952128fbe6e27dc16:0:0,42dd22f12d1d8f110e848e7b8ddf6114:0:0,be705350b994bdc88d77548c251cecf1:0:0,f06e7f4a1b5ddb21c42208d759ac09e9:0:1153923540,9445c1bde149e468e38bede380fdac4a:1:4077756993,10,1.0,0,0,0,0,0,0,512,15,0,512,23,0,253,0,0,259,15,0,512,0.09224091470241547,71.26111602783203,167,0,15,15
954,A,954,0.0033682137727737427,0.06541424244642258,nan,nan,512,0,0.0033682137727737427,0.06541424244642258,all_rows,512,0,0.004969405476003885,0.07109375,-0.0002814581617712975,0.002121394989080727,0.2057293810066767,3924bf6f8e944358e708a355fcc8d016:0:0,ea52537f61253b6798f7ea9f07f10824:0:0,b6f11a82822da7ac990a714b0c5bca7a:0:0,1ac30936761ca9df494d45a27fb9c5e9:0:3645782322,6ca1baa4328858bcf9b58dd2961dc7f2:0:2461264338,10,1.0,0,0,0,0,0,0,512,23,0,512,20,0,269,0,0,243,23,0,512,0.09419947117567062,70.12432861328125,161,0,23,23
955,A,955,-0.0017554741352796555,0.05061480402946472,nan,nan,512,0,-0.0017554741352796555,0.05061480402946472,all_rows,512,0,0.008526109158992767,0.06953125,0.004741067346185446,0.0012829550949390977,0.20434918301180005,b57cdfcf978995e92a8640d18829c416:0:0,f00c9fba6438c0cec90d08b085c62019:0:0,e9c7e3aa53b0600cb46e623daf7a83b7:0:0,4307b830a47fee75c7f9c7b40e0781e9:0:1872528638,adade647273805d9535184fd0a5d8d0c:0:1464183985,10,1.0,0,0,0,0,0,0,512,20,0,512,17,0,247,0,0,265,20,0,512,0.08803385496139526,70.31626892089844,182,0,20,20
956,A,956,0.004292924888432026,0.05523056909441948,nan,nan,512,0,0.004292924888432026,0.05523056909441948,all_rows,512,0,0.003954351879656315,0.0416015625,-0.005650418484583497,0.0015125953883398323,0.1822205359931104,3582e07e1bdf8391ecc33ba5104ab816:0:0,47ecb4428412d637c034ac5b96ad0100:0:0,030e16883118dbe4a60e58b6f1499435:0:0,503bfc891b05e8107cbc704804953de9:0:224367304,c7599c58ba98d94c9fd1a83d7aa2957c:1:439541789,10,1.0,0,0,0,0,0,0,512,22,0,512,13,0,260,0,0,252,22,0,512,0.09769696742296219,69.45188903808594,165,0,22,22
957,A,957,-0.0016496891621500254,0.055127374827861786,nan,nan,512,0,-0.0016496891621500254,0.055127374827861786,all_rows,512,0,0.006710415706038475,0.0568359375,-0.0015570010989904403,0.0015208411816274748,0.21744265500456095,b65e0aa723aa7485fc4c2744952bac16:0:0,7f5845f583e89e488bd0fda5e2e00ae8:0:0,ab0e8453484d9e8ac841b72cb0a9a81d:0:0,bbdeb5f34fdd9bcdc9da609a6362f9e9:0:1436857085,eaf819be43e974ff0a92e769fea17bd8:0:448771567,10,1.0,0,0,0,0,0,0,512,15,0,512,17,0,275,0,0,237,15,0,512,0.0955972671508789,68.72552490234375,150,0,15,15
958,A,958,0.004223237745463848,0.05466271564364433,nan,nan,512,0,0.004223237745463848,0.05466271564364433,all_rows,512,0,0.00814831629395485,0.0748046875,0.0034516169223934414,0.0014807681262027472,0.22553127101855353,250189f8409735991a02572416cca016:0:0,b771dd38fdc870edec29225fad8582f8:0:0,14d1accfe8d5915a001abae4406f49d0:0:0,99841bf7fa9bd263f348f9e72a70b5e9:0:1128508830,df106df5dc79ed8180c16e4c6a7ac856:1:2718397292,10,1.0,0,0,0,0,0,0,512,20,0,512,23,0,252,0,0,260,20,0,512,0.09415654838085175,70.34381103515625,171,0,20,20
959,A,959,-0.003134804079309106,0.06099817529320717,nan,nan,512,0,-0.003134804079309106,0.06099817529320717,all_rows,512,0,0.009942241944372654,0.08203125,-0.002511240099556744,0.0018106519244611263,0.2239871159545146,e201dc36cbbd82d5ed1bdeb7952d9416:0:0,52a8fe57c61e2706e21cdd9028de2de5:0:0,fd306c741c5827708267194b05f26190:0:0,e891d1659f660e05daaddd6a59be71e9:0:2399339505,3a6ea472550ea15997809a171d85c19d:0:2199041976,10,1.0,0,0,0,0,0,0,512,20,0,512,17,0,265,0,0,247,20,0,512,0.09769487380981445,72.64836883544922,153,0,20,20
960,A,960,-0.0016477354802191257,0.060957975685596466,nan,nan,512,0,-0.0016477354802191257,0.060957975685596466,all_rows,512,0,0.03690487891435623,0.10625,0.009562581032514571,0.0018432950833812355,0.22525627497816458,99d09d8a77623ed3f7239173104e8816:0:0,67e414e57773c0a4e972830ce15d187f:0:0,e77832c1343e0247dd26e6f32cc7c44e:0:0,1f08a5cdbdcf7887bb5eec5ff14c2de9:0:3712527507,9df879bf1977543b9f6d070122ef52f5:0:2088185869,10,1.0,0,0,0,0,0,0,512,20,0,512,27,0,270,0,0,242,20,0,512,0.10247379541397095,71.9508285522461,174,0,20,20
961,A,961,-0.008194288238883018,0.06371676176786423,nan,nan,512,0,-0.008194288238883018,0.06371676176786423,all_rows,512,0,0.003824738785624504,0.0478515625,0.0022940922528505324,0.0018104520859196782,0.22872473596362397,63e58deb9d1d56cd87f902ca882f7c16:0:0,8c57c24d2c1566bb369c0fed3bdd7c04:0:0,8500e93b89004a80ce6cc4e3a6a161f5:0:0,7978df5d3ba3c9c3e6624803f119e9e9:0:719880362,81bd0cea2178e77cb72cd9c3eaedc021:1:3415549789,10,1.0,0,0,0,0,0,0,512,24,0,512,20,0,249,0,0,263,24,0,512,0.09989722818136215,69.21113586425781,185,0,24,24
962,A,962,0.006151244044303894,0.05457160249352455,nan,nan,512,0,0.006151244044303894,0.05457160249352455,all_rows,512,0,0.0016789735527709126,0.1033203125,0.0027779430034570395,0.0014758831908693536,0.2263541630236432,9b195c2970d75375b1d08631fcd07016:0:0,264bba6fcb86e5dfa946b5c9d62074de:0:0,7c2c8582aecbe0290e62d317d1068cec:0:0,6e6efa9ee3dc263f7e6e51925927a5e9:0:1601206978,8b00c586023a27b3c1582f2dc53f127d:1:4055977331,10,1.0,0,0,0,0,0,0,512,27,0,512,14,0,272,0,0,240,27,0,512,0.09401047229766846,69.2903823852539,155,0,27,27
963,A,963,-0.006634327583014965,0.05808267742395401,nan,nan,512,0,-0.006634327583014965,0.05808267742395401,all_rows,512,0,0.0074594952166080475,0.1115234375,0.005649723624810576,0.0016868105856701731,0.22229897900251672,c63f67010112968e3d332f1d6e316416:0:0,078bb6a3afedbb2802620e975f9e8781:0:0,dcf799bd3d91b1e11d96a21699b0b1bc:0:0,33139cf711f9f60f33e9aa47297561e9:0:2120224675,205abb00319bb402d49cccf1857d0e00:0:49596023,10,1.0,0,0,0,0,0,0,512,19,0,512,32,0,246,0,0,266,19,0,512,0.0977526605129242,69.38276672363281,180,0,19,19
964,A,964,0.007776787504553795,0.05130354315042496,nan,nan,512,0,0.007776787504553795,0.05130354315042496,all_rows,512,0,0.014107812196016312,0.0794921875,0.002897409163415432,0.0013140847615431995,0.22320771496742964,8e9f3cc2acf4453d9cfed100dc525816:0:0,4c34d2cd5e81f608d7bd8172c8c6ec94:0:0,5811a0916ccc3a2848130f3c9cc2d4de:0:0,13a201e7e203b3fc00eb335e62031de9:0:1362400043,2efa7f1d78165088575ba66256a662ee:0:1288647739,10,1.0,0,0,0,0,0,0,512,19,0,512,19,0,251,0,0,261,19,0,512,0.10579872131347656,70.1137924194336,178,0,19,19
965,A,965,-0.001199283404275775,0.05608684942126274,nan,nan,512,0,-0.001199283404275775,0.05608684942126274,all_rows,512,0,0.0038520745001733303,0.0619140625,-0.0058293506968766454,0.0015606918022967875,0.22495536896167323,870d2e087880df24e265ff5047334c16:0:0,ad54580b773ee56c07c5a48f23cb2460:0:0,1e0bd7d50d4896919a8c125dad12d434:0:0,04fc726d7d5fb4e7e53a0e1402d0d9e9:0:1893940796,af8478b3c6ed71e04d39c44e559e68b8:1:2679271011,10,1.0,0,0,0,0,0,0,512,16,0,512,23,0,241,0,0,271,16,0,512,0.10846646130084991,72.04075622558594,182,0,16,16
966,A,966,0.0021852077916264534,0.059082724153995514,nan,nan,512,0,0.0021852077916264534,0.059082724153995514,all_rows,512,0,0.007457896135747433,0.1041015625,0.007366716954857111,0.0017291972937528044,0.22604480298468843,c6cac80467808235b0f00d7faed44016:0:0,551c2da57425253cc27e7e6e819b10e9:0:0,e98bcb04144954cca2add60eb73fb1f9:0:0,cd4659025cc8e772a24d9ba40bde95e9:0:2018822882,e926a0e2755166e2987c5d9982f96809:0:1455382269,10,1.0,0,0,0,0,0,0,512,18,0,512,19,0,260,0,0,252,18,0,512,0.10775259882211685,72.38371276855469,176,0,18,18
967,A,967,-0.0022495179437100887,0.05899893864989281,nan,nan,512,0,-0.0022495179437100887,0.05899893864989281,all_rows,512,0,0.004422938916832209,0.0509765625,-0.0016026310622692108,0.0017374439747072756,0.1735863679787144,73cc7ef2c77edb4832790f0313353416:0:0,4dec17e61acdd52499c85fbd3d6dba13:0:0,93545705e9dc3a930a4c1b2dafdb0a23:0:0,f847441b97998bde774d7d4a7d2c51e9:0:1009313095,e58c25952b1fc5453ee5191bb7cdf21a:0:3030271822,10,1.0,0,0,0,0,0,0,512,22,0,512,20,0,253,0,0,259,22,0,512,0.11069642007350922,70.95109558105469,173,0,22,22
968,A,968,-0.0023542901035398245,0.058770664036273956,nan,nan,512,0,-0.0023542901035398245,0.058770664036273956,all_rows,512,0,0.008317272178828716,0.1044921875,0.0007861075922846794,0.001716502069029957,0.1598548770416528,a5413941115ac3710b31d74e74562816:0:0,8c5cc0323c365800fa00599341b7d54b:0:0,b40b3f4b0cd623e15590620fce8868e7:0:0,09b1a42d98a7e434dd11944356ba0de9:0:1965558811,e7d1698d01fa458c7141a97464513cb9:1:1214282930,10,1.0,0,0,0,0,0,0,512,36,0,512,19,0,246,0,0,266,36,0,512,0.11124318838119507,71.23827362060547,167,0,36,36
969,A,969,0.0029095292557030916,0.05770307406783104,nan,nan,512,0,0.0029095292557030916,0.05770307406783104,all_rows,512,0,0.03393050283193588,0.0568359375,0.0025005072820931673,0.001670576198375784,0.16570930898888037,e602c7fecad98a174d9ff9d5d2371c16:0:0,00ccd3038169e4e1d7e0fb37f81c4366:0:0,c5b973d8c34ae0e81c36f3a526a07d54:0:0,8b7b4989d0f0dcab422201ca9887c9e9:0:3525166416,e9b2811959217f083060da2082cf1a81:1:1956040310,10,1.0,0,0,0,0,0,0,512,17,0,512,17,0,257,0,0,255,17,0,512,0.1139395609498024,71.77233123779297,171,0,17,17
970,A,970,-0.005425639916211367,0.05968252196907997,nan,nan,512,0,-0.005425639916211367,0.05968252196907997,all_rows,512,0,0.004239718895405531,0.02421875,-0.003643109742552042,0.0017792089667636902,0.1672733550076373,6baba93290b1ebca6e9dca0d2cd81016:0:0,64879dea4de068bc88880a0e932c1525:0:0,bad77917e7b3c971902e0a922a70d333:0:0,398499a6404cac47c6b7271c429585e9:0:2797337806,5cabb112b27fb5b39059881dd4613ddf:1:1024514457,10,1.0,0,0,0,0,0,0,512,16,0,512,24,0,269,0,0,243,16,0,512,0.12123603373765945,70.21035766601562,158,0,16,16
971,A,971,-0.004827756434679031,0.05576804652810097,nan,nan,512,0,-0.004827756434679031,0.05576804652810097,all_rows,512,0,0.0025013196282088757,0.05234375,-0.0016717102844268084,0.0015428196638822556,0.16928738600108773,2f2eb4b23182b5d8395a5b6884390416:0:0,4f44072fcd596f1498da0b13232b92e5:0:0,87b7cab4551df99d7f69f520d0163a97:0:0,2e16229fec696dc5f8b9a57454e341e9:0:2241517040,5ad024cc3db544b20763b2007ec018f6:0:3580957046,10,1.0,0,0,0,0,0,0,512,18,0,512,19,0,262,0,0,250,18,0,512,0.12701959908008575,71.21240997314453,157,0,18,18
972,A,972,0.009242173284292221,0.052034322172403336,nan,nan,512,0,0.009242173284292221,0.052034322172403336,all_rows,512,0,0.00499507924541831,0.1431640625,-0.0067424850538372995,0.001330823398893699,0.16709133895346895,d3b88c21822916a2c359815bd859f816:0:0,f7f763dc27cdc10c32c545fef990c57f:0:0,1e7eb69a250ab89b1e47ad0f3bd9b66b:0:0,1c829f099e47b0bb8fc25e0ecf70fde9:0:2770764162,55b5e36b4f6fafa473342eab30aed219:1:200141108,10,1.0,0,0,0,0,0,0,512,25,0,512,22,0,244,0,0,268,25,0,512,0.12759895622730255,72.44796752929688,177,0,25,25
973,A,973,-0.0064383759163320065,0.04775426536798477,nan,nan,512,0,-0.0064383759163320065,0.04775426536798477,all_rows,512,0,0.0009223619708791375,0.0583984375,-0.000306184240616858,0.0011340856872266158,0.16196522198151797,0d18d2c053ea9ab66073cf5b293aec16:0:0,fa04ed92afe974766c4bc04440d0da4e:0:0,8bcee31c5b1a5a7e1ee8ad13af8a797f:0:0,e0bda3587e7502fd291a7227b23eb9e9:0:2815524812,d0ec5755356225a02cd70403ae50646a:1:3040176563,10,1.0,0,0,0,0,0,0,512,17,0,512,18,0,252,0,0,260,17,0,512,0.11722370237112045,71.30823516845703,153,0,17,17
974,A,974,-0.0015279748477041721,0.048346079885959625,nan,nan,512,0,-0.0015279748477041721,0.048346079885959625,all_rows,512,0,0.007634280249476433,0.091015625,-0.0019795301370322703,0.0011593103932682424,0.1670295110088773,5cb251b4b4e6d69f96d698da76dbe016:0:0,6f28c559838308b3732c163450a8440f:0:0,ddb66269b2f06b1b94f59b673e1e6356:0:0,7c3511806840724303bb42fafd4c75e9:0:706219860,be4d04879baed033353f38e69d537dcb:1:2025983483,10,1.0,0,0,0,0,0,0,512,17,0,512,22,0,255,0,0,257,17,0,512,0.11804568767547607,71.9553451538086,172,0,17,17
975,A,975,-0.0035935055930167437,0.058121778070926666,nan,nan,512,0,-0.0035935055930167437,0.058121778070926666,all_rows,512,0,0.010131726041436195,0.0388671875,-0.0008467955747619271,0.0016439321334473789,0.16147396294400096,dfbd41836344bd811303f14dc13cd416:0:0,45a23f181ee1d1e3959efa5f0fcc90f1:0:0,0042cba2ed3be611181af438985b46e4:0:0,89f50e920c25060dbc4e71c4b09a31e9:0:2939145721,45640f3e1051a91044e0526e8ac3a231:1:93356226,10,1.0,0,0,0,0,0,0,512,19,0,512,25,0,254,0,0,258,19,0,512,0.11531821638345718,71.08993530273438,173,0,19,19
976,A,976,0.006315410137176514,0.06226105988025665,nan,nan,512,0,0.006315410137176514,0.06226105988025665,all_rows,512,0,0.005416399799287319,0.0669921875,0.004332568449899554,0.0019190256076399236,0.1558695969870314,e83df96d1b8fa4699bd2ac29085dc816:0:0,e435b01d758abd44e1e203565281df3c:0:0,0deea93a1990cacad1666766bf88fc1f:0:0,ce53916d39a631cb092ddfc0cc27ede9:0:3386228400,2124fde1680bd0022b121d5dadf8689d:0:2668246752,10,1.0,0,0,0,0,0,0,512,13,0,512,18,0,266,0,0,246,13,0,512,0.1169697567820549,71.16070556640625,150,0,13,13
977,A,977,0.008672605268657207,0.05408022552728653,nan,nan,512,0,0.008672605268657207,0.05408022552728653,all_rows,512,0,0.0043617840856313705,0.0716796875,0.003432046016678214,0.0014124788693152368,0.15520839800592512,9034416c2ab7f26a066e5ce04c3ebc16:0:0,1df60297a2db1abcf0088a37ebc987c3:0:0,b76f8fd87ca9db9b000b2d585c0cd929:0:0,5151b8d9e8da3f3a7663ae2b4ff5a9e9:0:4184683123,f6a3c8f57051c32c62da1a999e933a9d:1:2748224359,10,1.0,0,0,0,0,0,0,512,21,0,512,25,0,261,0,0,251,21,0,512,0.1201908141374588,71.39164733886719,157,0,21,21
978,A,978,-0.008968563750386238,0.06564667075872421,nan,nan,512,0,-0.008968563750386238,0.06564667075872421,all_rows,512,0,0.005135987885296345,0.08359375,0.004590217862278223,0.0021312535274773834,0.15688390901777893,c0f473926c2b7d6b2a5756e78cdfb016:0:0,7f1ac880e52569e9f3a93a83af967a7e:0:0,287ab941da899d82d0909eaff181920e:0:0,f6cdea9adbdeb11221aa3e403c0365e9:0:3141445335,0cad1d0d200dc4a56b33f5f7bff77253:1:3438533919,10,1.0,0,0,0,0,0,0,512,12,0,512,14,0,261,0,0,251,12,0,512,0.1200917661190033,71.98442840576172,146,0,12,12
979,A,979,0.006447920575737953,0.05324503779411316,nan,nan,512,0,0.006447920575737953,0.05324503779411316,all_rows,512,0,0.007502108812332153,0.065234375,-0.004511907370761037,0.0014162356295855717,0.1583456519874744,a4137d8c9c7993c3d562adb2ca40a416:0:0,7f8b65ae5e68c22a6a2b8d10281b1311:0:0,86ff6b1446cdf376fe5b61a89bd9265f:0:0,4cca4c4cf0729de3766c313b905121e9:0:2004961108,10f34997a875c229e43b00b744670bf7:1:4014769298,10,1.0,0,0,0,0,0,0,512,15,0,512,16,0,246,0,0,266,15,0,512,0.11558947712182999,72.53657531738281,163,0,15,15
980,A,980,-0.0050244322046637535,0.0580628477036953,nan,nan,512,0,-0.0050244322046637535,0.0580628477036953,all_rows,512,0,0.006029367446899414,0.1099609375,0.0009089101105928421,0.001678089948836714,0.18123026797547936,7c91ab14a8f6b28ebfba34b604619816:0:0,cfe75972f152577e436ce6718e4781d2:0:0,4213bd915acf6098d86e4d8114b8c8ef:0:0,d6af722679f3033fe9c468594cdedde9:0:1490287017,017b89ea94a39c9117ec4fa979f6a19d:1:379045443,10,1.0,0,0,0,0,0,0,512,17,0,512,21,0,262,0,0,250,17,0,512,0.10912417620420456,70.57452392578125,150,0,17,17
981,A,981,0.0010945841204375029,0.056489214301109314,nan,nan,512,0,0.0010945841204375029,0.056489214301109314,all_rows,512,0,0.0032824198715388775,0.1017578125,-0.0030315439216792583,0.0015755929634906352,0.1895684750052169,dabdee2164d3e8c07fdc7f653b428c16:0:0,f06b4abcbdc067aa3a71569c8abac99c:0:0,54632584b66e3b9c8cd30b9a79ed6585:0:0,fcd326ea3bf5111db67e04d571ac99e9:0:2505720958,5cb63f1585b1b9a91536912ef38b5c04:1:1976261267,10,1.0,0,0,0,0,0,0,512,20,0,512,19,0,263,0,0,249,20,0,512,0.1030617505311966,69.95542907714844,164,0,20,20
982,A,982,0.00042562204180285335,0.055870164185762405,nan,nan,512,0,0.00042562204180285335,0.055870164185762405,all_rows,512,0,0.013666467741131783,0.075390625,0.0020760052837431433,0.001537337520858273,0.1694429480121471,586419a6cc1de6fd7e9ce1346ee38016:0:0,0b7e0435310fc89fada4ba081e4c9aa3:0:0,0599bb07a225d2022efb31c30252c2da:0:0,81e6f3a1ddba6d7c991467ebfeba55e9:0:587217045,0067633cb58a048f21fe9b3fbb2a0447:0:563738627,10,1.0,0,0,0,0,0,0,512,23,0,512,19,0,255,0,0,257,23,0,512,0.10458061099052429,69.49633026123047,161,0,23,23
983,A,983,0.003307580016553402,0.056393612176179886,nan,nan,512,0,0.003307580016553402,0.056393612176179886,all_rows,512,0,0.006181675009429455,0.1265625,0.0015684940386563539,0.001573547231964767,0.16840049996972084,e9fc37bebd17bc2feb236d979f447416:0:0,17bdb7815048620bdeb714102a92ada1:0:0,0d74f81cc15c3e06f5f539943a0db0ff:0:0,7c898cf3eebb704a8bb332d8f40811e9:0:895927111,551e48c790357f09c3a9e53536bff27d:0:1416340661,10,1.0,0,0,0,0,0,0,512,19,0,512,21,0,245,0,0,267,19,0,512,0.10395710170269012,71.66575622558594,184,0,19,19
984,A,984,-0.006813338492065668,0.05770639330148697,nan,nan,512,0,-0.006813338492065668,0.05770639330148697,all_rows,512,0,0.0067085083574056625,0.0716796875,-0.002986804535612464,0.0015898499405011535,0.16664663900155574,b17fcc16d0653eddaeecf802cc656816:0:0,daab8d5c78d8c38ccc0a5c1cf5e3d834:0:0,920e548b77c3a8a720cd2c388ce34f6b:0:0,da498729d4835788823646d85195cde9:0:4278699540,67be39abb65a23a1d79baa1024131286:1:613979096,10,1.0,0,0,0,0,0,0,512,23,0,512,22,0,253,0,0,259,23,0,512,0.09583291411399841,71.22066497802734,161,0,23,23
985,A,985,0.00293400464579463,0.05042204633355141,nan,nan,512,0,0.00293400464579463,0.05042204633355141,all_rows,512,0,0.006096525117754936,0.1119140625,-0.0026191558921709658,0.001240475452505052,0.16141305898781866,7d036f84b879233e61cb13e9f6465c16:0:0,f8a2b64fcdd2ab570897bb99e6acb2d9:0:0,f40c703057c98bea30c4f5028dcdd25d:0:0,eb36a93a3a1a73af2629c526176389e9:0:1205536523,b6bf89f3e6274f0810b0fcc4a513dfdf:1:2847545764,10,1.0,0,0,0,0,0,0,512,19,0,512,19,0,255,0,0,257,19,0,512,0.09190120548009872,72.70545959472656,159,0,19,19
986,A,986,0.004034755285829306,0.05728638544678688,nan,nan,512,0,0.004034755285829306,0.05728638544678688,all_rows,512,0,0.0020681647583842278,0.0314453125,-0.0008350047282874584,0.0015788346761837601,0.16180128697305918,12f7c1a750babe113de414c11ce75016:0:0,dcebcd10df5423eab30ae0c8ce28cc37:0:0,68c07980f53a7b978dce2dc5af431e1c:0:0,e9e9ea6cd93a4c5392ca0efe457145e9:0:3371771047,e023c60747deb8401d30d183c1ae0ca4:0:320308358,10,1.0,0,0,0,0,0,0,512,22,0,512,23,0,260,0,0,252,22,0,512,0.09277409315109253,72.64993286132812,168,0,22,22
987,A,987,0.00014957692474126816,0.06103131175041199,nan,nan,512,0,0.00014957692474126816,0.06103131175041199,all_rows,512,0,0.006676194723695517,0.070703125,-0.0028063745237886907,0.001868743053637445,0.17218063696054742,7cc4317f44d7743313b30dfc40484416:0:0,584df5c9033bb0a138332b8e442e4be9:0:0,85f75fa25df403f385b3e0467a4da0d4:0:0,6bf2956cb587bd0c1103c59cdbbf01e9:0:2385459550,ed02851c8c4122a76c48c8952e22a0a2:1:692695348,10,1.0,0,0,0,0,0,0,512,20,0,512,23,0,253,0,0,259,20,0,512,0.09864334762096405,73.48271942138672,180,0,20,20
988,A,988,-0.003703547175973654,0.05375305563211441,nan,nan,512,0,-0.003703547175973654,0.05375305563211441,all_rows,512,0,0.010252665728330612,0.1037109375,0.0017413374036550522,0.00143255750881508,0.16870645602466539,030895eef8b3d6f43e07d30f60693816:0:0,0fb0e102b250c0dcf011d36e7474939e:0:0,d2882f1903f92abe7e9da022c6c3bcca:0:0,aa1936de220f0a94d373ca3dda4cbde9:0:956174573,c7d55bd2d3e1bdb63115a17dac98af11:0:2102902716,10,1.0,0,0,0,0,0,0,512,31,0,512,22,0,252,0,0,260,31,0,512,0.08614864200353622,71.92058563232422,175,0,31,31
989,A,989,0.004181358963251114,0.05181460455060005,nan,nan,512,0,0.004181358963251114,0.05181460455060005,all_rows,512,0,0.011655012145638466,0.0326171875,0.00047535281628370286,0.0013541626103688031,0.17356378200929612,e1f7fb1619706d2e9606f76e7d4a2c16:0:0,168f82591dbaad84e42016253336a487:0:0,4e8875f830d469b048ec7e7bccff815c:0:0,2726e4ce293df034b2673e1d411a79e9:0:4006256877,ddeb73ff71cbd06e3b7c5f11f5fa6837:1:777641224,10,1.0,0,0,0,0,0,0,512,27,0,512,17,0,244,0,0,268,27,0,512,0.0777416005730629,71.60533905029297,167,0,27,27
990,A,990,-0.002479881513863802,0.05312696099281311,nan,nan,512,0,-0.002479881513863802,0.05312696099281311,all_rows,512,0,0.004624867346137762,0.08203125,-0.0029372239485383035,0.0013762238144408912,0.17144769796868786,3caf6981fff6291b6729ce8d96eb2016:0:0,2508578286cab0ee5eafe8904d61ecbd:0:0,f4fe0263d2d744eb19eeb3c94abb3400:0:0,ef190f912f97a561e7db8277102835e9:0:408009927,ae8aad2fc49b086409b50282042c86fb:1:4122482417,10,1.0,0,0,0,0,0,0,512,33,0,512,22,0,256,0,0,256,33,0,512,0.08082783967256546,72.16638946533203,181,0,33,33
991,A,991,0.0007353676483035088,0.051149237900972366,nan,nan,512,0,0.0007353676483035088,0.051149237900972366,all_rows,512,0,0.008839046582579613,0.03359375,-0.0012669166317209601,0.0012912423117086291,0.15815297898370773,e0e6c030cd7e8ae9633e6be0ad4c1416:0:0,3d58264fffe2feb5584e6c127a63a152:0:0,f823399baddab79c967be116676cfc23:0:0,001f6be6e95edba6cb7e38874775f1e9:0:3412153185,59f24f1c3fff2537cb0129e8c58d8d44:1:3399601739,10,1.0,0,0,0,0,0,0,512,24,0,512,14,0,258,0,0,254,24,0,512,0.08200623840093613,71.75166320800781,179,0,24,24
992,A,992,0.001056909910403192,0.05948730930685997,nan,nan,512,0,0.001056909910403192,0.05948730930685997,all_rows,512,0,0.0006042066961526871,0.121484375,0.007796378945931793,0.0017583773238584398,0.15548490697983652,5da00269ea8b70129667a2dbc06d0816:0:0,8ddd09e2fb88c7f568a43f36409d051c:0:0,aecf50eca874f6e149f36fab38109925:0:0,f2b2a179fb71b4c68ead4189e703ade9:0:3254652673,d9a7eedffc13647dd793983769fc75da:0:3520832087,10,1.0,0,0,0,0,0,0,512,23,0,512,20,0,259,0,0,253,23,0,512,0.09158719331026077,70.16656494140625,170,0,23,23
993,A,993,-0.004445671569555998,0.05320999026298523,nan,nan,512,0,-0.004445671569555998,0.05320999026298523,all_rows,512,0,0.0089141596108675,0.064453125,-0.0039123330730944875,0.0013976360438391565,0.15532957803225145,244ab67350c28f725b1d06f2d04dfc16:0:0,bacb59f742df9f2c48fd190eeb7f25b8:0:0,9f24bcf16e49fd8ab5caff7127ddf130:0:0,2ebf4011df93b121f876bebaeed169e9:0:421189951,d823d2987c5b90e1735e96671089d64e:0:4111728051,10,1.0,0,0,0,0,0,0,512,19,0,512,16,0,255,0,0,257,19,0,512,0.08909741044044495,70.50727844238281,181,0,19,19
994,A,994,0.001826561288908124,0.050856031477451324,nan,nan,512,0,0.001826561288908124,0.050856031477451324,all_rows,512,0,0.002966503379866481,0.056640625,0.0005795061588287354,0.0012584142445120961,0.1660847719758749,40ed222fc820a21b4e2aeb99dceef016:0:0,2262adc72a511c6c483862b0afcf1b6d:0:0,af0c4f656f577e697a4b0a149023d14b:0:0,7189110de461965c219911565edf25e9:0:2884320085,ed8adc432d062a69cc0969efa30d5d16:0:813086097,10,1.0,0,0,0,0,0,0,512,16,0,512,20,0,248,0,0,264,16,0,512,0.08219056576490402,71.1202392578125,171,0,16,16
995,A,995,-0.001982004614546895,0.05307137593626976,nan,nan,512,0,-0.001982004614546895,0.05307137593626976,all_rows,512,0,0.005322173237800598,0.0712890625,-0.001487618125975132,0.0014022686809767038,0.1822565069887787,080c56b6fff838ed42b26444e64fe416:0:0,ff0763daba4657c2d667dbc28a720f2b:0:0,ad4d29f70b437583ea1ac67d291bde0b:0:0,a2cf2a00612b4e3f3082da98372ce1e9:0:2555774895,ab906f8894ab0c222e64a6f9182ddf9a:1:1550000564,10,1.0,0,0,0,0,0,0,512,20,0,512,23,0,245,0,0,267,20,0,512,0.08046020567417145,70.37800598144531,171,0,20,20
996,A,996,0.006204252131283283,0.06306494027376175,nan,nan,512,0,0.006204252131283283,0.06306494027376175,all_rows,512,0,0.0010807343060150743,0.0560546875,0.0016062108799815178,0.001963624492054805,0.1705595319508575,44fe13fd2c303eeb36294467ec70d816:0:0,d988c341f2c02ae5391f7959b5eb68bc:0:0,29bd4d241fe994beddeb18d01309b54f:0:0,8019308175efbde11552fbbc77ba9de9:0:39133192,a1eb73e77a789752aa709d4396cffd0f:0:2766976874,10,1.0,0,0,0,0,0,0,512,17,0,512,19,0,263,0,0,249,17,0,512,0.07583653926849365,69.28350830078125,162,0,17,17
997,A,997,-0.005861801560968161,0.04445434361696243,nan,nan,512,0,-0.005861801560968161,0.04445434361696243,all_rows,512,0,0.008136768825352192,0.047265625,0.000808420917019248,0.0009776540362508967,0.17461905803065747,55cc99a48f362851445a1f76ef51cc16:0:0,81e0fbb03bb0f81ebea6ef41844e07d7:0:0,eecb023ea53ff5fbfe12d295bcc8460d:0:0,03320690efb6950845d895ff208859e9:0:1189778287,98013474fcbcfebd19608c419131e2df:0:3585487985,10,1.0,0,0,0,0,0,0,512,26,0,512,9,0,238,0,0,274,26,0,512,0.08153519779443741,69.51913452148438,186,0,26,26
998,A,998,-0.0017548135947436094,0.06326665729284286,nan,nan,512,0,-0.0017548135947436094,0.06326665729284286,all_rows,512,0,0.014093689620494843,0.0611328125,-0.0008019309025257826,0.001990589121123776,0.17200570198474452,979c7a181917ce6a9b6448e5eef2c016:0:0,59972d6d7349aafdc0d7400a8b06696a:0:0,efaf5af45649fd937ca9edf430313c68:0:0,24eb9a1f298415d079930a9c319615e9:0:481213512,8ebd32e5de17063963f6225c16079274:1:956437129,10,1.0,0,0,0,0,0,0,512,21,0,512,17,0,271,0,0,241,21,0,512,0.08721844851970673,69.82127380371094,147,0,21,21
999,A,999,-0.0018040684517472982,0.05441749840974808,nan,nan,512,0,-0.0018040684517472982,0.05441749840974808,all_rows,512,0,0.0031363097950816154,0.0521484375,-0.001876824861392379,0.0014888246078044176,0.17091961501864716,ec5779130438f8276fbbd428eb53b416:0:0,c6eda15293398c97131f7e134e6dbaf2:0:0,4dce78936a279f7a1534c70132c0d1c5:0:0,3f9ad1950222d48f65b1facfaae3d1e9:0:181187670,491bb0415ad970e4890434f82cfc516d:1:1214410759,10,1.0,0,0,0,0,0,0,512,21,0,512,19,0,239,0,0,273,21,0,512,0.07814367115497589,68.33301544189453,191,0,21,21
1000,A,1000,0.0007175136124715209,0.05524536594748497,nan,nan,512,0,0.0007175136124715209,0.05524536594748497,all_rows,512,0,0.0073168338276445866,0.1111328125,0.00036411071196198466,0.0015133963897824287,0.17185870301909745,54fd66be18188f72f02994b3e474a816:0:0,7438e6a5318c909e71e7695400056279:0:0,ea62f78b2cfd4f7c88829baf42e44779:0:0,65898a733eff6ff9791547d58c718de9:0:1198589966,44bbaaac7b2007f19a38e02416a8cbdc:0:1712779073,10,1.0,0,0,0,0,0,0,512,29,0,512,23,0,262,0,0,250,29,0,512,0.08152894675731659,67.53721618652344,168,0,29,29
1001,A,1001,0.005237454082816839,0.06352585554122925,nan,nan,512,0,0.005237454082816839,0.06352585554122925,all_rows,512,0,0.002977123949676752,0.0837890625,-0.0013381472788751125,0.0018277887022122741,0.16788516903761774,f824c48ffa99834939cb1dfada559c16:0:0,488af63780401e872cccd200332cbc2c:0:0,a2ce9d5cd06f4d490d66e733df9604d3:0:0,07275661f4524186984d12e9d63f49e9:0:3484754500,24c0140ccc425c45bcfd16a099915653:0:189537921,10,1.0,0,0,0,0,0,0,512,18,0,512,21,0,256,0,0,256,18,0,512,0.08350533992052078,67.16685485839844,177,0,18,18
1002,A,1002,-0.009047194384038448,0.06546225398778915,nan,nan,512,0,-0.009047194384038448,0.06546225398778915,all_rows,512,0,0.038170356303453445,0.1041015625,0.009064067900180817,0.0020188610826153306,0.15992336097406223,cea8d122b843568d4c12c371ccf69016:0:0,5f9a6d220921c9865e9ef2a41a9d6b44:0:0,0bc7eb7fb61dcf518127f4a13d3ea67b:0:0,cb481648cad30616d999bd48884d05e9:0:1790972071,0cc1a49448e396e3f828a878a038a1b6:0:3197968797,10,1.0,0,0,0,0,0,0,512,29,0,512,24,0,249,0,0,263,29,0,512,0.08173077553510666,66.18528747558594,189,0,29,29
1003,A,1003,0.009628328494727612,0.05500172823667526,nan,nan,512,0,0.009628328494727612,0.05500172823667526,all_rows,512,0,0.0017153556691482663,0.06015625,-0.0010578841902315617,0.0014322019589599222,0.17070914601208642,f6015c356bee5b9efcc7988cbc578416:0:0,26963d8ddc37f4735539353fd7686629:0:0,e0f2fb550039b54a15050d8976acb66b:0:0,0981c2493b327ed740ebe82da29ac1e9:0:2455407257,fcff75f338c3294a0befbeb073d47187:1:3995178630,10,1.0,0,0,0,0,0,0,512,20,0,512,26,0,269,0,0,243,20,0,512,0.0905684232711792,63.044830322265625,162,0,20,20
1004,A,1004,0.00021832180209457874,0.057531457394361496,nan,nan,512,0,0.00021832180209457874,0.057531457394361496,all_rows,512,0,0.013231047429144382,0.0568359375,0.003289151284843683,0.0016307040175888687,0.17154316802043468,ad0a7c15ae4f9cb0ec0570bfa8787816:0:0,501b78ac18ef5cc97da8518e44734bf8:0:0,736e5dc1805bef30d85fa7f93bbba5d1:0:0,73f898b417960a667be474d525287de9:0:736590064,ca3c52bfe4285f58d9220ec27ab4578b:1:2535417767,10,1.0,0,0,0,0,0,0,512,27,0,512,20,0,243,0,0,269,27,0,512,0.09251417219638824,62.78898239135742,171,0,27,27
1005,A,1005,-0.01665176823735237,0.05380547046661377,nan,nan,512,0,-0.01665176823735237,0.05380547046661377,all_rows,512,0,0.0017512611811980605,0.051171875,-0.0012366156559437513,0.0013903253071475773,0.1606410380336456,a1d6e9b135d870de783cdf7e91596c16:0:0,3c77a48809c59818cbf29d6e41017bdf:0:0,7a7870fd16bba24b0d075a0ae50bec12:0:0,b2e29553fb5136399dd4847b0ff639e9:0:311380592,4149379928f0483b6b395b60dc991e10:0:1445669488,10,1.0,0,0,0,0,0,0,512,30,0,512,29,0,259,0,0,253,30,0,512,0.08730603754520416,63.81277847290039,173,0,30,30
1006,A,1006,0.00930201355367899,0.06018858402967453,nan,nan,512,0,0.00930201355367899,0.06018858402967453,all_rows,512,0,0.0014033945044502616,0.0931640625,0.003832666762173176,0.0017930866568349301,0.16505124897230417,d2476894cf5dbe01b233383d76fa6016:0:0,5ea30bfc69c27a9587ead1b3cb849fca:0:0,cf1fb8e5db4241e1d904e28e2a1f3648:0:0,890075a679194840dbbd785b6303f5e9:0:1183231850,dab1913e98ce52c2d283a44426b3bc3f:1:3369462521,10,1.0,0,0,0,0,0,0,512,20,0,512,21,0,249,0,0,263,20,0,512,0.08896730095148087,64.38237762451172,177,0,20,20
1007,A,1007,0.0005347350379452109,0.059912748634815216,nan,nan,512,0,0.0005347350379452109,0.059912748634815216,all_rows,512,0,0.021155916154384613,0.105078125,0.004135479964315891,0.0017583700362592935,0.1593451849767007,324c342297fae74951028e70595b5416:0:0,f5e1adc78a61ac0852b4c13e1674cd29:0:0,142a39e70f98bb5ce533c00ab1786fb3:0:0,157badde1feec0cc4850f1b21e51b1e9:0:719936227,c027a2629c1c985ca38b90d130f8b2e2:0:850636004,10,1.0,0,0,0,0,0,0,512,23,0,512,20,0,245,0,0,267,23,0,512,0.09100011736154556,64.81229400634766,172,0,23,23
1008,A,1008,-0.008889100514352322,0.05914348363876343,nan,nan,512,0,-0.008889100514352322,0.05914348363876343,all_rows,512,0,0.0026673609390854836,0.0408203125,-0.0007965730968862772,0.0017113652254920452,0.16704861697508022,eeaaf34e20a4688ea619b58b387c4816:0:0,4c99bd163c39db662ce79d757e6dc70e:0:0,613e801b4d188ea25141f01059cd1a85:0:0,75458dc7aef8d4b08ff0d1bb41df6de9:0:2034092751,348485ea65492d1299544c9f9c6651c4:1:3870649990,10,1.0,0,0,0,0,0,0,512,29,0,512,25,0,270,0,0,242,29,0,512,0.10113223642110825,63.916072845458984,157,0,29,29
1009,A,1009,0.003997093066573143,0.0543966107070446,nan,nan,512,0,0.003997093066573143,0.0543966107070446,all_rows,512,0,0.011937031522393227,0.08984375,-5.09677454829216e-05,0.0014317302557174116,0.1617914250236936,d6a43031e3de1e6b913c4102145d3c16:0:0,b0c9f8cfb6d2f7a037e83568b0e367e0:0:0,6b6589686e4ab228675e73bbf62cf720:0:0,ec7c6bed108edfabb4af39b2cdad29e9:0:443173883,0027d337d9620db773afcbf2dd203939:1:1938299077,10,1.0,0,0,0,0,0,0,512,21,0,512,25,0,264,0,0,248,21,0,512,0.10618226230144501,64.85232543945312,170,0,21,21
1010,A,1010,0.0073743038810789585,0.05836775153875351,nan,nan,512,0,0.0073743038810789585,0.05836775153875351,all_rows,512,0,0.008395309560000896,0.1353515625,0.006492471322417259,0.0016858263639733194,0.15960043703671545,969ec0d636093b1074828448ecfe3016:0:0,cada22c6fc05780601bf46d72e589976:0:0,4106b5bb13c5ea61e224ad318d9f6714:0:0,67c00090f4abcf09ca4e8ad4c1bae5e9:0:2291494998,744483af89bc1ccb0046429d885a7667:0:255022435,10,1.0,0,0,0,0,0,0,512,24,0,512,24,0,268,0,0,244,24,0,512,0.10166268050670624,66.33220672607422,159,0,24,24
1011,A,1011,0.000333955860696733,0.06123189255595207,nan,nan,512,0,0.000333955860696733,0.06123189255595207,all_rows,512,0,0.0012478061253204942,0.065625,0.0014635196886956692,0.0018768333015032113,0.16065086500020698,56d5f28698bde7da285992d3c25f2416:0:0,77aaf70fd2f0921e2a51703ebf5aac57:0:0,8e53b19591a79f3a77b5568c3d6c7d65:0:0,15fe295e23078489b241665d1e08a1e9:0:87947896,3409769d83f56ac08235ed851753fcf2:1:2979377636,10,1.0,0,0,0,0,0,0,512,22,0,512,22,0,264,0,0,248,22,0,512,0.10772999376058578,65.25434112548828,171,0,22,22
1012,A,1012,-0.0028384511824697256,0.05078759044408798,nan,nan,512,0,-0.0028384511824697256,0.05078759044408798,all_rows,512,0,0.012140760198235512,0.0875,0.006636302551487461,0.0012606029049493372,0.16667290998157114,5fa8a11719a493a7ef83401694801816:0:0,1d8611b9e254a3a2516961ff2bf0ab0b:0:0,20acfb522df3751c636e5d550111f6cb:0:0,9d5d19e5dd123181d7aaad87e2965de9:0:3296659672,3e042250d5ed9a7863c159aca2504ebb:1:2844179338,10,1.0,0,0,0,0,0,0,512,21,0,512,23,0,257,0,0,255,21,0,512,0.10773652046918869,65.39986419677734,167,0,21,21
1013,A,1013,-0.007120188791304827,0.05301446467638016,nan,nan,512,0,-0.007120188791304827,0.05301446467638016,all_rows,512,0,0.01264005433768034,0.1373046875,-0.007050600368529558,0.0013741160742938518,0.15832230495288968,f653af802542edf16b161f8563610c16:0:0,7a6908ff732620a425b875a79714eca8:0:0,e90efba41441838ea1ef3c645861efdf:0:0,89bf8448e80daa44eb5d81910f6419e9:0:2044357867,ac98279b285981903504a716ee94689f:1:297327037,10,1.0,0,0,0,0,0,0,512,24,0,512,22,0,257,0,0,255,24,0,512,0.1075899749994278,65.09992218017578,169,0,24,24
1014,A,1014,0.0024736481718719006,0.05420822277665138,nan,nan,512,0,0.0024736481718719006,0.05420822277665138,all_rows,512,0,0.00962776131927967,0.0732421875,-0.0002216515364125371,0.0014441824227105827,0.15163117001065984,1559973bf6308e9c8e7d84942f020016:0:0,3216998f04326c1557577fc9086e849b:0:0,58e9fb519763e86cf32355a1f90dee00:0:0,913288a71780b1c69fdd43b4a471d5e9:0:993990210,4478a6e08ce37fbead29a2d6ba01bfa4:0:1611494568,10,1.0,0,0,0,0,0,0,512,17,0,512,27,0,252,0,0,260,17,0,512,0.11630330234766006,64.85709381103516,175,0,17,17
1015,A,1015,0.010391498915851116,0.054900795221328735,nan,nan,512,0,0.010391498915851116,0.054900795221328735,all_rows,512,0,0.008736047893762589,0.1171875,-0.006097851367667317,0.0014710781862959266,0.1516496319673024,505af7d589274a93937982b6f762f416:0:0,084a570ed52154b59e0db7253921a797:0:0,7173449caf3321ebbfa39ab9abb149d4:0:0,b2a4393170403d80655d952ea1bf91e9:0:3254591482,ca4a9cb967ab15efa9bacfe775a9b606:1:349668480,10,1.0,0,0,0,0,0,0,512,19,0,512,25,0,256,0,0,256,19,0,512,0.11807429790496826,65.67410278320312,147,0,19,19
1016,A,1016,-0.008285271935164928,0.05385101959109306,nan,nan,512,0,-0.008285271935164928,0.05385101959109306,all_rows,512,0,0.004507509991526604,0.046875,-0.0006576200714334846,0.001448717643506825,0.19388852204428986,7871381dbe63351aee1eed61bc83e816:0:0,6e8a2e06129df9cb6bdacd5a686ee6c3:0:0,01b4e959f4fee4a9db1dff7d0c1ada1f:0:0,8dcc3bfb3c4ab19625c2573b074d4de9:0:123797391,f0050cb14abb2514c95c2c65d62f823f:1:2509376841,10,1.0,0,0,0,0,0,0,512,23,0,512,23,0,240,0,0,272,23,0,512,0.11614644527435303,67.03257751464844,174,0,23,23
1017,A,1017,0.001334653003141284,0.05320033058524132,nan,nan,512,0,0.001334653003141284,0.05320033058524132,all_rows,512,0,0.006056657060980797,0.0798828125,-0.004031207924708724,0.0014051257050596178,0.16775873803999275,d0f4668010c64de740d758087e64dc16:0:0,a97f629847b1208d6472a7f17f4dfbdb:0:0,f1f0f1d1438dbad2d030ca51e66c50d3:0:0,28768ae6a7b1153b009fab15d51b09e9:0:881474120,235c4b5d7afa85d9b0c95d6cdfd37a2a:1:4086535446,10,1.0,0,0,0,0,0,0,512,18,0,512,27,0,273,0,0,239,18,0,512,0.11874670535326004,66.75096130371094,158,0,18,18
1018,A,1018,-0.0037924915086477995,0.05629853531718254,nan,nan,512,0,-0.0037924915086477995,0.05629853531718254,all_rows,512,0,0.003167888382449746,0.1232421875,0.008942521084100008,0.0015919615980237722,0.1550666040275246,31b895f50b33dbf35061161f3d05d016:0:0,88848c4ffacc3047de5bd0eeddd34ebf:0:0,10dbb6aef2a902e37790be246b5bc282:0:0,2da28549beca3f560739f1fb0b28c5e9:0:1474646894,5e9fc0737e846d6df171cee9e09149df:0:709453151,10,1.0,0,0,0,0,0,0,512,18,0,512,15,0,261,0,0,251,18,0,512,0.11669795960187912,67.79586791992188,157,0,18,18
1019,A,1019,0.012362159788608551,0.053173452615737915,nan,nan,512,0,0.012362159788608551,0.053173452615737915,all_rows,512,0,0.0038231085054576397,0.07734375,-0.007484447443857789,0.0014237312134355307,0.15269194700522348,affcf91564977515f7cf3b19f866c416:0:0,2967dbd08f799e31ceb39ef2f1d26d62:0:0,b5efac7624941b83fc6430f3a0ff9fdd:0:0,16667628e5ebfb66f885cd26a97681e9:0:2138512856,4b20d779c7ad35d9d077ea9e5b0b3f89:1:2190747349,10,1.0,0,0,0,0,0,0,512,13,0,512,23,0,274,0,0,238,13,0,512,0.12114210426807404,66.82488250732422,157,0,13,13
1020,A,1020,-0.00383207481354475,0.060831233859062195,nan,nan,512,0,-0.00383207481354475,0.060831233859062195,all_rows,512,0,0.004271270241588354,0.0525390625,-0.0012272768537513912,0.0018194752279669046,0.15178382501471788,af3ff4d56b0bb2581c899a6cb087b816:0:0,4ff7c8433c3b50b61b395029dd143e04:0:0,2b2024cd29cd66f87545ab1985a16c94:0:0,23815d2422e626aafd281dd4b0043de9:0:1138665792,8380518738e77dbc6bf496f5de53d4cf:1:3870599539,10,1.0,0,0,0,0,0,0,512,25,0,512,25,0,250,0,0,262,25,0,512,0.10658272355794907,65.73814392089844,188,0,25,25
1021,A,1021,-0.004168075043708086,0.06292024254798889,nan,nan,512,0,-0.004168075043708086,0.06292024254798889,all_rows,512,0,0.006993025075644255,0.042578125,-0.0033297633985057474,0.0019049950991757215,0.1595927540329285,ebaf50752694910aa24cc78b6568ac16:0:0,a1e7971e0f1a233531356f8c648098eb:0:0,48aa497ab8ff3cc737f9cdde9479054e:0:0,213a2f74d07bc581637605411ed1f9e9:0:1749175338,954b8cb036b2f327faab40290cd2efa3:1:3386048740,10,1.0,0,0,0,0,0,0,512,21,0,512,26,0,241,0,0,271,21,0,512,0.10592487454414368,65.96401977539062,176,0,21,21
1022,A,1022,0.0020780437625944614,0.0590377077460289,nan,nan,512,0,0.0020780437625944614,0.0590377077460289,all_rows,512,0,0.002596395555883646,0.0330078125,0.0012719892896711827,0.0017082129663322121,0.15044919395586476,85ba88365be1809c5f2a15ea1709a016:0:0,f516b43dd2dbdc1abbc25c72d3761b84:0:0,3caced4e615ec97b796854538e97ca33:0:0,25dce999941611105b74e4a7f5dfb5e9:0:2092913670,03c293531cb6278c1a1a4c62bacab5ca:1:433643313,10,1.0,0,0,0,0,0,0,512,23,0,512,20,0,251,0,0,261,23,0,512,0.11377264559268951,67.791748046875,166,0,23,23
1023,A,1023,-0.0038951353635638952,0.05572338029742241,nan,nan,512,0,-0.0038951353635638952,0.05572338029742241,all_rows,512,0,0.005615301430225372,0.033984375,-7.300039287656545e-05,0.0015245226153638215,0.15655313199386,ae271c6e578b1d300f8798fcc56a9416:0:0,e1675b008f0d87700512e250f91aea44:0:0,85bf006200959abcc433a1c87d8a56b1:0:0,5e12a98eaded7d29b2da5d45352d71e9:0:2149155289,3927b409b04b9ce8f19f7cdc51d7a216:1:4227539683,10,1.0,0,0,0,0,0,0,512,25,0,512,29,0,241,0,0,271,25,0,512,0.10777455568313599,67.26538848876953,187,0,25,25
1024,A,1024,-0.0018389145843684673,0.05802485719323158,nan,nan,512,0,-0.0018389145843684673,0.05802485719323158,all_rows,512,0,0.007256167940795422,0.0845703125,0.005923348432406783,0.0016577003931161015,0.1519064710009843,a8ab7e8e2a4096f24a202437708b8816:0:0,b4cbba87a9d21b9f605199612bcdc847:0:0,91c213c19a08d2a3151331333eb812e7:0:0,11baa4b0fbe4b66f910c5054dcbb2de9:0:1745579854,b9574bfc16a6422b48c507543bf3d7fa:0:849392982,10,1.0,0,0,0,0,0,0,512,16,0,512,19,0,263,0,0,249,16,0,512,0.11232849210500717,68.38841247558594,163,0,16,16
1025,A,1025,0.00329818413592875,0.05541715770959854,nan,nan,512,0,0.00329818413592875,0.05541715770959854,all_rows,512,0,0.0040679993107914925,0.0501953125,0.0006010331911966204,0.0015144860837608576,0.15313643601257354,cd44f9c0be58c62f74034b0e186c7c16:0:0,bbd60c067404c1b72cf6999d0b0c47c4:0:0,19f2b526982faee0b7915b3bf655f9bd:0:0,e00e23aa475198b93320df12ec88e9e9:0:788314283,ac03032546b7f6de157b2d5c59310d6c:1:3475239135,10,1.0,0,0,0,0,0,0,512,27,0,512,19,0,254,0,0,258,27,0,512,0.1100504994392395,67.88941192626953,172,0,27,27
1026,A,1026,0.0005499250837601721,0.06269392371177673,nan,nan,512,0,0.0005499250837601721,0.06269392371177673,all_rows,512,0,0.007250990718603134,0.0892578125,-0.0004929827060550451,0.0018788740620948375,0.15400000102818012,5af7a4c2ef3aec29b49560f4bd0d7016:0:0,90d29d18198818627a398eef9e33ebe0:0:0,3803a968543b062946a54b3fac74edf2:0:0,4af9c205b5f01db7a7de6abb6496a5e9:0:2920790857,9a8be64c7935c1803c73960de44470a5:0:108381892,10,1.0,0,0,0,0,0,0,512,19,0,512,22,0,245,0,0,267,19,0,512,0.12267199158668518,66.56607055664062,171,0,19,19
1027,A,1027,0.0005823217798024416,0.06478695571422577,nan,nan,512,0,0.0005823217798024416,0.06478695571422577,all_rows,512,0,0.004442453384399414,0.066015625,-0.0042892004363238815,0.002060848253313452,0.15263823402347043,ae2d0e9e8b1320aee98f795f5e6e6416:0:0,1c69a213fe167cc7d8dcc448165de48d:0:0,7350bc714f616b3d2daabbfadb2cc48f:0:0,8ff1fe4b763b43da8bbb948a44e461e9:0:643556422,a835b352fd64afdc9181a36ef9124139:1:251731387,10,1.0,0,0,0,0,0,0,512,12,0,512,20,0,270,0,0,242,12,0,512,0.12843753397464752,65.18428802490234,154,0,12,12
1028,A,1028,0.005547612439841032,0.0625670924782753,nan,nan,512,0,0.005547612439841032,0.0625670924782753,all_rows,512,0,0.003391553182154894,0.0900390625,0.0010864607291296124,0.0019279599830042571,0.1596606299863197,1e36eff5e7466c6e9aff67c1fc8f5816:0:0,d52adfd688de55eb1db430a6dc0e2cdd:0:0,cbc311717c8c220236ea4b470f5f69fd:0:0,0860b2c2ff67ed74c4df3dbb8d721de9:0:1932518366,fa4a216fc6c994b7a5f70db3a05fbb3d:0:2129965937,10,1.0,0,0,0,0,0,0,512,17,0,512,21,0,255,0,0,257,17,0,512,0.11128228157758713,63.9471321105957,159,0,17,17
1029,A,1029,-0.005495123565196991,0.05742352455854416,nan,nan,512,0,-0.005495123565196991,0.05742352455854416,all_rows,512,0,0.009818397462368011,0.044140625,-0.00047406982630491255,0.0016751555609516799,0.1585432380088605,c556b692701a900fef47bf9097704c16:0:0,f1352798b145035b334d30cfb711c7ea:0:0,9f3b37e550855af8bd1e7541ae7c1220:0:0,655c563b7d3db8213f20878b3e3fd9e9:0:2167465005,3a8ca960e84fd3fc498ad1b3539f2b71:1:3795176473,10,1.0,0,0,0,0,0,0,512,17,0,512,25,0,247,0,0,265,17,0,512,0.10896464437246323,62.568931579589844,164,0,17,17
1030,A,1030,0.012178570032119751,0.05485646799206734,nan,nan,512,0,0.012178570032119751,0.05485646799206734,all_rows,512,0,0.0021270322613418102,0.03984375,1.5501165762543678e-06,0.0015020418097265065,0.1515468999859877,21d140ed5c0578079f1fd43f2f114016:0:0,eaafd655e06aede441ae3ecbe78120bb:0:0,f8908c2ddb0ef0608d7ee3a0cace05ee:0:0,99e8e77a4009cc67a806d335574d95e9:0:1012732262,d3451792f03da52572e196cd511a2e33:0:1209399826,10,1.0,0,0,0,0,0,0,512,16,0,512,20,0,262,0,0,250,16,0,512,0.12454167008399963,61.910438537597656,162,0,16,16
1031,A,1031,-0.008152075111865997,0.058069534599781036,nan,nan,512,0,-0.008152075111865997,0.058069534599781036,all_rows,512,0,0.013088684529066086,0.0849609375,0.006597371865063905,0.0016833496862091123,0.15137697500176728,31c7936e6b185d2de993b941c3723416:0:0,5a14e1c0201c0744333a87aa60e5bb8d:0:0,e5b33b5cffc5534a4beec11ddc58d0bc:0:0,b4cd252f48e7a5a12ac9c1f5d89b51e9:0:651461607,0b7e768f6ac9fd49ddda2cc658bd25d7:1:3047757458,10,1.0,0,0,0,0,0,0,512,14,0,512,27,0,239,0,0,273,14,0,512,0.11280366778373718,61.54049301147461,181,0,14,14
1032,A,1032,0.0030441628769040108,0.059366170316934586,nan,nan,512,0,0.0030441628769040108,0.059366170316934586,all_rows,512,0,0.010089198127388954,0.1455078125,-0.001146184396930039,0.0017111196997575463,0.14996398001676425,c389b9215afa92148804420c54932816:0:0,6a6a8ab0f482aa841318fd9e79422cd8:0:0,a09156d567712fb01456912a05fb1121:0:0,cf4d2f904a9bd21d2c513508c2290de9:0:2203259158,c5ad1a9e6bed9f0bfee4a2f087bdff58:0:3694622248,10,1.0,0,0,0,0,0,0,512,23,0,512,29,0,251,0,0,261,23,0,512,0.10792555660009384,62.24760055541992,165,0,23,23
1033,A,1033,-0.00896272249519825,0.05389931797981262,nan,nan,512,0,-0.00896272249519825,0.05389931797981262,all_rows,512,0,0.008007020689547062,0.139453125,-0.00477461339905858,0.0013818306499160827,0.15363782295025885,8da05da777e7fd1ca2270212e2741c16:0:0,d7d352ac2836d1c50a9af37d8a90d279:0:0,c6094b81b3397157af675ec1d307bf98:0:0,191de7fab73cab8607354daa13f6c9e9:0:3162022569,b5136d783d94ca7d5cd830073ae4cde7:1:3958913920,10,1.0,0,0,0,0,0,0,512,29,0,512,22,0,266,0,0,246,29,0,512,0.11358608305454254,60.68879318237305,166,0,29,29
1034,A,1034,0.011684519238770008,0.05766927823424339,nan,nan,512,0,0.011684519238770008,0.05766927823424339,all_rows,512,0,0.0050396183505654335,0.1158203125,0.001446576917078346,0.0016224909224547446,0.15808575600385666,999bfe2f73273f4cc2064cc96d151016:0:0,3a1533697efdb30e601c972d95d320d4:0:0,4ad8ebcf4432a184ae76d52354f38f58:0:0,73e2563db2e50785c7be6d15ce0485e9:0:3457689291,b58e4ab912df40eed7dbfddd5ba9542d:0:3139586992,10,1.0,0,0,0,0,0,0,512,20,0,512,22,0,270,0,0,242,20,0,512,0.11773160099983215,60.190826416015625,150,0,20,20
1035,A,1035,-0.010598513297736645,0.06400828808546066,nan,nan,512,0,-0.010598513297736645,0.06400828808546066,all_rows,512,0,0.008097400888800621,0.1001953125,0.0021033290075138213,0.0019322847016155719,0.1578485579811968,ff95d342676b87e6c80135a3f4760416:0:0,5276e471656597be971ddaf321445987:0:0,3977770ab4d3b210c42fb8caf2d67892:0:0,89be0a6d03ace0aae7e53487f05241e9:0:3170871376,27b8c2617d11c3579a6ab61f2ea4da58:1:2279532858,10,1.0,0,0,0,0,0,0,512,23,0,512,19,0,246,0,0,266,23,0,512,0.11790475994348526,60.943359375,176,0,23,23
1036,A,1036,0.006834687199443579,0.05718917399644852,nan,nan,512,0,0.006834687199443579,0.05718917399644852,all_rows,512,0,0.01569530740380287,0.1546875,0.013048176793381572,0.0016272083099465816,0.152682889951393,3af6cd39b39614bddecb90167896f816:0:0,2e213005987499adebb644de7d35d23f:0:0,521c60ef876e114f518f3ff7075a1f1a:0:0,5b3cdd5e5723f78d0b52853c7adffde9:0:4029256001,761d7793890dc81208fad294003f175e:1:1234631267,10,1.0,0,0,0,0,0,0,512,17,0,512,22,0,253,0,0,259,17,0,512,0.10976558178663254,60.17646026611328,173,0,17,17
1037,A,1037,-0.0008421005331911147,0.05973192676901817,nan,nan,512,0,-0.0008421005331911147,0.05973192676901817,all_rows,512,0,0.005402399227023125,0.089453125,-0.0067839126102626325,0.0017452692380174994,0.15740354702575132,e04c2936144b5f4c6f6def94f977ec16:0:0,4a343ebcee1f8da0eb6f7d58fd8465c6:0:0,cb70654c5de61a9ebefb73cf39e81a45:0:0,71419932758a6c31bb5f806f6dadb9e9:0:2189254028,bcdca29e317f08920a5610cda6a5346a:0:1688678324,10,1.0,0,0,0,0,0,0,512,28,0,512,23,0,236,0,0,276,28,0,512,0.11479248106479645,61.38833236694336,188,0,28,28
1038,A,1038,0.0019255508668720722,0.05265529081225395,nan,nan,512,0,0.0019255508668720722,0.05265529081225395,all_rows,512,0,0.0026146061718463898,0.051953125,-0.0013780962675809861,0.0013489603268681094,0.15513042896054685,8c6f447524cff68a1545a7937718e016:0:0,54b2bc190b38865d28861350fd4ce57c:0:0,b7585acb33c743a9959a0ed5103d4e58:0:0,b819f68c3b034fb12315875cc8bb75e9:0:3343109856,18473857c5106664f2dcb9c0dc316278:0:1940549126,10,1.0,0,0,0,0,0,0,512,26,0,512,24,0,247,0,0,265,26,0,512,0.11682027578353882,63.5095329284668,180,0,26,26
1039,A,1039,-0.009801620617508888,0.05909573659300804,nan,nan,512,0,-0.009801620617508888,0.05909573659300804,all_rows,512,0,0.015524966642260551,0.08203125,0.003515033796429634,0.0017007054877467454,0.15170062304241583,e3cf67e72fa105819204cb85f179d416:0:0,3eef64c50d941a5ce5bb86eab6848818:0:0,55a9e4e246eb4678341244e54f4f2ebc:0:0,117efa576efd2e1acb2e3b408c0931e9:0:1034226705,7fd5e47e5744f07ff06554d8baf4a593:0:3680545753,10,1.0,0,0,0,0,0,0,512,20,0,512,22,0,261,0,0,251,20,0,512,0.11269214749336243,64.22954559326172,152,0,20,20
1040,A,1040,0.014123378321528435,0.0614040344953537,nan,nan,512,0,0.014123378321528435,0.0614040344953537,all_rows,512,0,0.006221522111445665,0.0666015625,-0.0051605723798275,0.0018763194093480706,0.1526383649907075,c2004debf73c86a6c1b22ee0689ac816:0:0,2a1de0246ba7de7363b89ff7f97cb8d3:0:0,eb9a37db82a642aa8e9b0fc8fb3d94e3:0:0,6c6d1b41d20c909a56137d56b796ede9:0:3008343655,9dcd878e68135df23e67ef28d33c846e:1:1299603379,10,1.0,0,0,0,0,0,0,512,31,0,512,25,0,281,0,0,231,31,0,512,0.11831177026033401,63.51028823852539,163,0,31,31
1041,A,1041,-0.03351634740829468,0.06627576053142548,nan,nan,512,0,-0.03351634740829468,0.06627576053142548,all_rows,512,0,0.007915608584880829,0.1169921875,-0.0010175107512623073,0.0017890863528009504,0.15167316002771258,aa8f2021df8d23ec8ea96516dc7bbc16:0:0,4c02de1fdcaf8df3999b4e318245bd71:0:0,b57439bf380a4e5e89bd038e3a12f96c:0:0,339fad48fa7477dc3bdf6edb4b64a9e9:0:3813704716,ece8c0f2abd68ece41c3f40e41bebcc1:1:2774966173,10,1.0,0,0,0,0,0,0,512,25,0,512,21,0,248,0,0,264,25,0,512,0.11726181954145432,62.110069274902344,167,0,25,25
1042,A,1042,0.01162361167371273,0.060785651206970215,nan,nan,512,0,0.01162361167371273,0.060785651206970215,all_rows,512,0,0.014255030080676079,0.0794921875,0.0002658863551914692,0.0018292058608494698,0.15567702596308663,81499b37a06dc39ae59ac19d4d1cb016:0:0,91383a90c5a2e05aac48553072d1f94a:0:0,fbd94f2dc74df4678c8c217a0bc02fd7:0:0,ae56e4ffd798ceb2865c710a477265e9:0:3199343957,eb5ef107cb0bb08682e34f5508917347:1:1869583536,10,1.0,0,0,0,0,0,0,512,18,0,512,13,0,266,0,0,246,18,0,512,0.118033766746521,61.490997314453125,138,0,18,18
1043,A,1043,-0.0014383862726390362,0.058757882565259933,nan,nan,512,0,-0.0014383862726390362,0.058757882565259933,all_rows,512,0,0.0076083894819021225,0.02734375,-0.002414571586996317,0.0017020741361193359,0.1520220250240527,e657eab569b8c1e4a98b57e7ba7da416:0:0,fb36874134b66b02503c48c51538c7cf:0:0,877c36e1fd4df72538f2c91462db387d:0:0,0b27536ef496d4f98d05251fabc021e9:0:562601372,fa003bffb73924a29b43bc9edad35d18:0:2232294789,10,1.0,0,0,0,0,0,0,512,22,0,512,27,0,249,0,0,263,22,0,512,0.11184873431921005,62.27861022949219,171,0,22,22
1044,A,1044,0.006372815929353237,0.06256366521120071,nan,nan,512,0,0.006372815929353237,0.06256366521120071,all_rows,512,0,0.006793107837438583,0.0982421875,0.0004252532497048378,0.001786641328362748,0.15704547899076715,a689a6b72156d73da7d4fb6a249e9816:0:0,4cc54b8fecc002259ad440081a2bf5c8:0:0,58dcbdbed4b48e49cfb58e8b31d06ad4:0:0,c22506b2d23f82bcb1046c57784ddde9:0:1793436274,1be0d18abb4d099ab29dbe3aa5a4c655:1:1051063742,10,1.0,0,0,0,0,0,0,512,24,0,512,22,0,273,0,0,239,24,0,512,0.11981107294559479,61.60593032836914,144,0,24,24
1045,A,1045,-0.01486292202025652,0.06390068680047989,nan,nan,512,0,-0.01486292202025652,0.06390068680047989,all_rows,512,0,0.01640024408698082,0.1005859375,-0.008861778909340501,0.0018771848524920642,0.1505043010110967,dec1299623c1ab708c263f988b7f8c16:0:0,b2a3abebbf34c4f27fffe182f3886822:0:0,94319baa201db4c5b06a5b2a2a9fcd69:0:0,530b82bbf0afe39b193567edad1b99e9:0:1202136227,9bfb1d354aff2bd24f6b82c1d4496d7d:1:3531266330,10,1.0,0,0,0,0,0,0,512,13,0,512,23,0,246,0,0,266,13,0,512,0.12041687220335007,61.520870208740234,174,0,13,13
1046,A,1046,0.008845239877700806,0.0577622726559639,nan,nan,512,0,0.008845239877700806,0.0577622726559639,all_rows,512,0,0.005407547578215599,0.07421875,-0.0005588452331721783,0.0015729889390058815,0.15021908201742917,173e3385af6e1574d48277e6ef208016:0:0,e4e71f2c091e7bc2bb5a0e90ea2ef631:0:0,600c76034d0e11551bf11edd5425485b:0:0,a54e88d460c36a6c6e23791e4a2955e9:0:3843388703,083a8cd24e2b21ef20ef45a83994b93c:1:3392500318,10,1.0,0,0,0,0,0,0,512,20,0,512,30,0,241,0,0,271,20,0,512,0.11330851167440414,63.8769645690918,187,0,20,20
1047,A,1047,-0.005436563398689032,0.06528998166322708,nan,nan,512,0,-0.005436563398689032,0.06528998166322708,all_rows,512,0,0.004347296431660652,0.0865234375,-0.006652377918362618,0.0020462165295612065,0.1521241430309601,15698629e3920804c541b7c94f817416:0:0,0ea9bf87987630ea1ceaf4011cfd6333:0:0,d112f5a948e2335497cce0417640eada:0:0,038623cef59c3d25960a41254f7711e9:0:2509005547,f8e8502b8503707b344a837d79e8e9c1:1:847990107,10,1.0,0,0,0,0,0,0,512,21,0,512,25,0,246,0,0,266,21,0,512,0.12012135982513428,64.0068359375,172,0,21,21
1048,A,1048,0.0008157333941198885,0.05964510887861252,nan,nan,512,0,0.0008157333941198885,0.05964510887861252,all_rows,512,0,0.002256142906844616,0.0439453125,-0.0008607184165157378,0.0017450750921852887,0.15801770199323073,cd6eca35faba2af35d10d2b3aca26816:0:0,85dd2aa3ce95495339681ebf5eb2a0c8:0:0,8a854c2dfcf6821257736823976b79a9:0:0,59aaaa046e7d78fd70d5a13ebd04cde9:0:3872673957,2b163db6519d83ca41d0f87277c74c14:1:4154110385,10,1.0,0,0,0,0,0,0,512,14,0,512,15,0,261,0,0,251,14,0,512,0.11623111367225647,64.32852172851562,162,0,14,14
1049,A,1049,-0.001404810813255608,0.05613783001899719,nan,nan,512,0,-0.001404810813255608,0.05613783001899719,all_rows,512,0,0.0040030754171311855,0.0560546875,0.00048078820109367373,0.0015690379135776312,0.1581548129906878,1528ad2329a3214248f15c1a06835c16:0:0,cede4f1b0eb469fdbf91cff90717d6c3:0:0,8de5a9d3d1aca7026baaaaff75e05811:0:0,8e535d8331336ed19421baa692d289e9:0:3028040935,9e17e9f3e299276e2a3f1742fdf309bb:1:1648284765,10,1.0,0,0,0,0,0,0,512,15,0,512,14,0,261,0,0,251,15,0,512,0.11947284638881683,65.08393096923828,163,0,15,15
1050,A,1050,0.010714500211179256,0.06035394221544266,nan,nan,512,0,0.010714500211179256,0.06035394221544266,all_rows,512,0,0.0034040603786706924,0.057421875,-0.0012019861955195666,0.0017629095760639756,0.15769627603003755,dc64b5164aca7bf7d839a7705d245016:0:0,2a2c01268e387604cf47f8a2cd093dc0:0:0,e0fcf32c193cd144b3d394669aed77de:0:0,0ae406166d45d7cb073aee98d0e045e9:0:2205661731,7c93be3e6ed030f2e167dee4f69c4f07:0:815333355,10,1.0,0,0,0,0,0,0,512,17,0,512,16,0,264,0,0,248,17,0,512,0.11735299229621887,66.52510070800781,152,0,17,17
1051,A,1051,-0.004939401056617498,0.05304357036948204,nan,nan,512,0,-0.004939401056617498,0.05304357036948204,all_rows,512,0,0.00422761682420969,0.0412109375,-0.0007078297436237335,0.0013888103829231113,0.15237374603748322,1810cd0f3f2b59b4f094c82ab0854416:0:0,c71437ab7fdbeb09837a7ee80a1c4dc9:0:0,b6546c45a8c182a4c25aa92a666263a2:0:0,558b5009c0300242ff1dde51772e01e9:0:4028456276,d926b6e898c3bd8a850b201e2167efba:1:3059473126,10,1.0,0,0,0,0,0,0,512,19,0,512,16,0,255,0,0,257,19,0,512,0.11847478896379471,66.64826965332031,168,0,19,19
1052,A,1052,-0.008505996316671371,0.062284667044878006,nan,nan,512,0,-0.008505996316671371,0.062284667044878006,all_rows,512,0,0.01204585749655962,0.05078125,0.0007401375565677881,0.0018938205961603672,0.1532206799602136,9b3c0381ac9ab30b020291bd00a63816:0:0,de453acb81fb89240f7175c8bd13dc41:0:0,bdd2a521ce8f459ab9cd61d39fe71d93:0:0,8a64e5ceb2daf6e79a776b0c85bbbde9:0:2379764419,65f96a327c77ba75f9c3aca4534f0b3f:1:2623055182,10,1.0,0,0,0,0,0,0,512,7,0,512,17,0,255,0,0,257,7,0,512,0.11977459490299225,66.02678680419922,157,0,7,7
1053,A,1053,-0.0015950810629874468,0.05735856294631958,nan,nan,512,0,-0.0015950810629874468,0.05735856294631958,all_rows,512,0,0.020428979769349098,0.1365234375,0.0024860492907464505,0.001626777515048161,0.1508960710489191,26b6617b82375391fad7979b4d872c16:0:0,12fb8034f36e0fee5ef8d1efed13175a:0:0,17acf3d10f2d623ef1b85c8b7af84a6b:0:0,0f3f21e9a89596209da4b605fc8979e9:0:844329725,835dc01d2649ffead735cf339f3cc258:0:3111468466,10,1.0,0,0,0,0,0,0,512,12,0,512,18,0,246,0,0,266,12,0,512,0.1324220448732376,64.66565704345703,166,0,12,12
1054,A,1054,-0.0015294435434043407,0.05322454124689102,nan,nan,512,0,-0.0015294435434043407,0.05322454124689102,all_rows,512,0,0.007483185268938541,0.0900390625,-0.005538251908728853,0.0014134769211523236,0.15810569503810257,634920826b617fbe3bbd2d3997282016:0:0,f45b3f0e647ea3a33689003d12d05fc1:0:0,1cbd1eed6f7be48381362bc4fe46977c:0:0,97acd9cc17c6adb42eb32079db9735e9:0:2925694146,969dc5630fb6d51d14dd05395fc1b0dc:0:3531848494,10,1.0,0,0,0,0,0,0,512,24,0,512,16,0,250,0,0,262,24,0,512,0.1323224902153015,63.62419509887695,178,0,24,24
1055,A,1055,0.005542674567550421,0.057901591062545776,nan,nan,512,0,0.005542674567550421,0.057901591062545776,all_rows,512,0,0.009301821701228619,0.04921875,-0.004420581506565213,0.0016372803424019367,0.15493493503890932,9fb8d95619ae47768bb1660bdd891416:0:0,cf0eeb733695734ea46415c108a2e133:0:0,bf4c27baf239855f8b695aac5ebd9131:0:0,fd702182249506ab91604ba422e4f1e9:0:3626030156,c2e5c04bd1fe7ee1423539f3207d1a8e:1:4189647235,10,1.0,0,0,0,0,0,0,512,9,0,512,11,0,262,0,0,250,9,0,512,0.14052216708660126,62.490901947021484,152,0,9,9
1056,A,1056,-0.0007529511349275708,0.0582086481153965,nan,nan,512,0,-0.0007529511349275708,0.0582086481153965,all_rows,512,0,0.006548842415213585,0.0982421875,-0.0006128370063379407,0.0016585288394708186,0.15114667097805068,67c68dca0e4a856a0c07158620aa0816:0:0,f27910335a28d3cb8a1a08f6d501d17f:0:0,7f07e4792dd810241926f5622c3c0e41:0:0,1c2b0359f5c16b77e31a18c0d272ade9:0:1040081463,3336fd4fd1ae38ec130c8f6fce222e41:1:1792148391,10,1.0,0,0,0,0,0,0,512,22,0,512,20,0,244,0,0,268,22,0,512,0.1209569126367569,62.811378479003906,171,0,22,22
1057,A,1057,-0.0031970960553735495,0.05613747611641884,nan,nan,512,0,-0.0031970960553735495,0.05613747611641884,all_rows,512,0,0.005741408560425043,0.07734375,0.0006775117479264736,0.0015749442332889884,0.15057301003253087,b8f2abee4b418b262c65cf1c608afc16:0:0,49f11decf7a354df584987188bd458ac:0:0,0a7c54ed2bb466ab83c2a66ad045f986:0:0,4edefdeb5beea656d6fea90bea4069e9:0:3656905476,966e3f326793495f272fb4e392ff490e:1:2410373122,10,1.0,0,0,0,0,0,0,512,25,0,512,22,0,263,0,0,249,25,0,512,0.11538468301296234,61.88850021362305,163,0,25,25
1058,A,1058,0.005029584746807814,0.05794888734817505,nan,nan,512,0,0.005029584746807814,0.05794888734817505,all_rows,512,0,0.004124503582715988,0.07734375,-0.0012463325052522122,0.0016344405245035886,0.15525936003541574,199e58c3151b79ec9ec9e6429d2bf016:0:0,fc2af9bdbba1f47540d70e8bd854500f:0:0,b78a66e26e4a1607f5b57a4e52248ab9:0:0,ea5bae26a39377f771dc5dc16a4e25e9:0:3791452658,3e2aec23617d133a8482778eca7d9dd5:0:501183825,10,1.0,0,0,0,0,0,0,512,26,0,512,24,0,259,0,0,253,26,0,512,0.1187703013420105,60.749298095703125,160,0,26,26
1059,A,1059,-0.006157571449875832,0.058954380452632904,nan,nan,512,0,-0.006157571449875832,0.058954380452632904,all_rows,512,0,0.012764643877744675,0.123828125,-0.00573735679499805,0.0016958524473011493,0.151395766006317,840b74b8ad4748494b846e6cd68ce416:0:0,85b91364a4bb6fe320b78c9f4c602986:0:0,4e5cc34d98eec779c96d5aba5728a9ad:0:0,a1905a51a9d2865ec631d81d529be1e9:0:1291536743,d54d13bc81dc469570e14beb396eb5df:0:1656929733,10,1.0,0,0,0,0,0,0,512,21,0,512,8,0,267,0,0,245,21,0,512,0.11669330298900604,62.39585876464844,152,0,21,21
1060,A,1060,0.004985798615962267,0.05741110444068909,nan,nan,512,0,0.004985798615962267,0.05741110444068909,all_rows,512,0,0.00321586849167943,0.12734375,0.00679740784689784,0.0016361484362278134,0.15488554898183793,4d6ae440adc47468453b3b0f0cadd816:0:0,f4c527d7694e9e7d0de82f3d3f19f62e:0:0,ca57a9322bfbc11291c4d0bbe21bc839:0:0,b0031e1a8c74440cb02df95ba3299de9:0:1947399645,d0c2f0d331f3425134af820a35a973eb:0:3610087493,10,1.0,0,0,0,0,0,0,512,26,0,512,16,0,261,0,0,251,26,0,512,0.1175486221909523,62.06633377075195,170,0,26,26
1061,A,1061,-0.02169676683843136,0.06216787174344063,nan,nan,512,0,-0.02169676683843136,0.06216787174344063,all_rows,512,0,0.007945602759718895,0.0880859375,-0.005000559613108635,0.001737276033964008,0.15901560301426798,4e62b2bb6e80632bbce8df9d3f8ecc16:0:0,5d3cafd2d864c6319ae7e77b7decf1fc:0:0,224f0de4d937a6f42a5270b244299a51:0:0,7bbb3f278d3ecf6091afe2b85bf759e9:0:1529240103,32e6c0d2a12c58f5b765fe441f4bdb65:0:956848179,10,1.0,0,0,0,0,0,0,512,15,0,512,19,0,248,0,0,264,15,0,512,0.11804483830928802,60.910160064697266,160,0,15,15
1062,A,1062,0.007096601650118828,0.061778876930475235,nan,nan,512,0,0.007096601650118828,0.061778876930475235,all_rows,512,0,0.0047925421968102455,0.08359375,-0.008361930423416198,0.0018617199850268662,0.15943856100784615,f2faa6109cdb6c01f5dcaf8b6f2fc016:0:0,e9a9bf167646d9d6035d94926284ec96:0:0,c8bc772acb9b94b6b0a1e5a9f055c246:0:0,a2f2b4cc00e7ca3e0e46f56f7d0515e9:0:2742936287,417cb3f98ee52e91d28c5cb709417a28:0:1421448176,10,1.0,0,0,0,0,0,0,512,17,0,512,15,0,257,0,0,255,17,0,512,0.12519298493862152,61.88292694091797,161,0,17,17
1063,A,1063,-0.0025834462139755487,0.05631130933761597,nan,nan,512,0,-0.0025834462139755487,0.05631130933761597,all_rows,512,0,0.01223892904818058,0.12265625,-0.004933951515704393,0.0015584125532768667,0.14981631300179288,d86dcd46edc9917b39babe4d9b90b416:0:0,04a8d930e7c2c39bd04fecdca0295c86:0:0,ab4e26a08d80b8d71513c7c2b2417a77:0:0,a3252cca61dc29f1c732d2bd0652d1e9:0:2003275512,586579803c29ae6a0873874140d88d81:1:3297750336,10,1.0,0,0,0,0,0,0,512,20,0,512,31,0,262,0,0,250,20,0,512,0.12072847038507462,63.022098541259766,179,0,20,20
1064,A,1064,0.00015001569408923388,0.05724217742681503,nan,nan,512,0,0.00015001569408923388,0.05724217742681503,all_rows,512,0,0.00948868878185749,0.090234375,-0.0030087186489254234,0.001618684030836448,0.15247008798178285,9cba7c739302e69fcc7bdf57c4b1a816:0:0,4462c288239d17deb5eb71a215b5d494:0:0,c44aa293022b43e17630104e4730a9a5:0:0,fed0d24bdf19ff5617635bdcf7e08de9:0:3546747694,ccb84ad781f37bed61aaad063b3acfa4:0:1559902041,10,1.0,0,0,0,0,0,0,512,16,0,512,16,0,249,0,0,263,16,0,512,0.11482872813940048,61.28306579589844,161,0,16,16
1065,A,1065,0.004357600584626198,0.05706635117530823,nan,nan,512,0,0.004357600584626198,0.05706635117530823,all_rows,512,0,0.016585376113653183,0.1310546875,-0.015091221500188112,0.0016289640974719078,0.1500451230094768,dab0045edbb7a105e06da61dea929c16:0:0,75519f135bf6b6c2a8749074ada03eb3:0:0,38e5ba4858ded306ecaa5ea6e548223d:0:0,85b6d375ff583737cf78b20b51ae49e9:0:1467694959,216ab23f6ba6ca192340151ff52fc6b9:1:2684496551,10,1.0,0,0,0,0,0,0,512,18,0,512,18,0,248,0,0,264,18,0,512,0.11183741688728333,60.060760498046875,161,0,18,18
1066,A,1066,0.008272147737443447,0.05559772998094559,nan,nan,512,0,0.008272147737443447,0.05559772998094559,all_rows,512,0,0.0027504432946443558,0.0849609375,0.0031308196950703858,0.001470440736738965,0.15591559995664284,5a6a4440293bd7a78a3266140d339016:0:0,c850327c4b2ea54aa2d730901cdd1b45:0:0,cd598e93caec21474daafd3fc65b418c:0:0,b0df154730b852faf1c3368413bc05e9:0:1009922117,4f1a1af06ce5249f75aaa616f5f2edd2:1:4180256598,10,1.0,0,0,0,0,0,0,512,11,0,512,17,0,249,0,0,263,11,0,512,0.10816309601068497,62.27802276611328,159,0,11,11
1067,A,1067,-0.01300076674669981,0.06346675753593445,nan,nan,512,0,-0.01300076674669981,0.06346675753593445,all_rows,512,0,0.0010621787514537573,0.1033203125,0.005973320174962282,0.0019908855494577436,0.1502574589685537,9e66f7f8201eee78b4c132ae2c948416:0:0,f6e241a775db6cae02368cde98e68f86:0:0,127b778f4ecdd9fe6720403aa64b9afa:0:0,6853b4a35d3e197f6e438a833e09c1e9:0:3455460737,e98fee6a882b6aaf694e93192c0f5c66:0:811556073,10,1.0,0,0,0,0,0,0,512,15,0,512,15,0,271,0,0,241,15,0,512,0.11119327694177628,62.171546936035156,162,0,15,15
1068,A,1068,0.003675964428111911,0.053035929799079895,nan,nan,512,0,0.003675964428111911,0.053035929799079895,all_rows,512,0,0.004633950535207987,0.18046875,0.014968857541680336,0.0014035273052286357,0.15545854403171688,85675d34be22aebd1565df6048b57816:0:0,d4557f649e22da251b065ddaa1bf1c2e:0:0,5b716360c7c0ea8f20d106a7786368f1:0:0,8cb5deb9dc494045deaa8f44d0977de9:0:2711340981,736cfe3e3ad91e3d047a3e4f4c25dc88:1:1875651415,10,1.0,0,0,0,0,0,0,512,20,0,512,16,0,262,0,0,250,20,0,512,0.11144834756851196,62.62716293334961,147,0,20,20
1069,A,1069,0.0016539300559088588,0.057874515652656555,nan,nan,512,0,0.0016539300559088588,0.057874515652656555,all_rows,512,0,0.003269059117883444,0.106640625,0.004863373981788754,0.0016755299060605467,0.1517926340457052,15e275efbd860c1e1fc0ff9e61966c16:0:0,c66907071e2573172a24f3c222455b67:0:0,0ee83c5d82695a81fc187d496df50fe4:0:0,cab6322e594d0cd442596604cb6539e9:0:3574244490,cd3509358ac0dbc2166ebe5237158295:1:1995241402,10,1.0,0,0,0,0,0,0,512,16,0,512,23,0,251,0,0,261,16,0,512,0.10614581406116486,62.18943786621094,161,0,16,16
1070,A,1070,-0.0010891712736338377,0.05450613796710968,nan,nan,512,0,-0.0010891712736338377,0.05450613796710968,all_rows,512,0,0.005911680404096842,0.0560546875,2.4003256112337112e-05,0.0014832127431873231,0.15473128197481856,0da8cebc6e179680f9c7e6dc77376016:0:0,b66dcfbf34374033c7370e37a7e09183:0:0,0771ad0a5bbbe43f1cf96bf925430769:0:0,1a5f3dae8801ee5aba616fff2e72f5e9:0:3464558921,da4383f2123db437bf1360fca3b8822f:1:1133263558,10,1.0,0,0,0,0,0,0,512,15,0,512,21,0,250,0,0,262,15,0,512,0.10762389004230499,63.307010650634766,163,0,15,15
1071,A,1071,-0.004077667370438576,0.05443199351429939,nan,nan,512,0,-0.004077667370438576,0.05443199351429939,all_rows,512,0,0.01958693563938141,0.108984375,0.0011112128384411335,0.001478505291743204,0.14955764799378812,dc42435eec83989c6fc4a88e89985416:0:0,7d30c1ce261c839c30fab1f8f29c4aef:0:0,142db36a6e1724a96994808a4b69a3af:0:0,6040cfdebe4d0f9845844e6ff9c0b1e9:0:2378068261,fa63111e2b061c54c400074b59f6518f:0:4186724693,10,1.0,0,0,0,0,0,0,512,15,0,512,15,0,269,0,0,243,15,0,512,0.10412732511758804,61.64517593383789,139,0,15,15
1072,A,1072,0.004901242908090353,0.06293916702270508,nan,nan,512,0,0.004901242908090353,0.06293916702270508,all_rows,512,0,0.01526977401226759,0.0650390625,-0.0053386869840323925,0.0019592751224990932,0.1503421170054935,9d40c42b6051e34ee856182898b94816:0:0,44c1ad45f2fc0cdd6eb217f39347d98d:0:0,2a9f491e11ca28d5981ca85b76fa2e88:0:0,7b26a7c7cc19e0ff7c33e2932d4e6de9:0:2237543512,01d1fb598731459820e7e224bab5c2a9:1:557193597,10,1.0,0,0,0,0,0,0,512,20,0,512,17,0,256,0,0,256,20,0,512,0.0994267538189888,61.91354751586914,163,0,20,20
1073,A,1073,0.0018572607077658176,0.05559113249182701,nan,nan,512,0,0.0018572607077658176,0.05559113249182701,all_rows,512,0,0.004165326245129108,0.105078125,0.002110541611909866,0.0015204076713416725,0.1506006330018863,d6009ab0a90745b4586fc91ea49a3c16:0:0,4809de9eac916c1cee0c276a6b650c28:0:0,5f2b43514deba769abe3acd5009ae342:0:0,265cac30a9619b1b4c924da4c91c29e9:0:2033543024,2bc8f87e12e39eee4313eb820d8d4736:1:1981429444,10,1.0,0,0,0,0,0,0,512,25,0,512,19,0,243,0,0,269,25,0,512,0.10386458039283752,64.13172149658203,179,0,25,25
1074,A,1074,-0.009412521496415138,0.055908896028995514,nan,nan,512,0,-0.009412521496415138,0.055908896028995514,all_rows,512,0,0.006879450287669897,0.1001953125,0.009162199357524515,0.0015390275686513633,0.16320237301988527,84d71c36a2deb1fc375a0ee4ad3b3016:0:0,195ae1b31cb6bf90be8f8133761b904f:0:0,fde3d183f3451701e68e6a559b54c09c:0:0,06d6238ed29cb933b671f0e0cd29e5e9:0:1481894327,7b1293c7d629daa79c82a54c08cc70b1:1:2073471067,10,1.0,0,0,0,0,0,0,512,24,0,512,16,0,273,0,0,239,24,0,512,0.0969298705458641,65.8813705444336,144,0,24,24
1075,A,1075,0.0024292843881994486,0.06758306175470352,nan,nan,512,0,0.0024292843881994486,0.06758306175470352,all_rows,512,0,0.005848648492246866,0.0935546875,0.003942379681393504,0.0022273122100159525,0.16177599702496082,d3441c9ceb8e0eff72b1fceeb29c2416:0:0,7bd29b49d0c28336791e6ab43327f9b2:0:0,f13c3d2edbf83374b8048a242eac1129:0:0,811c75786bda6c3287556d833977a1e9:0:1387122139,b4821ede878f8afc8306b30e8b5ffb16:1:1853908611,10,1.0,0,0,0,0,0,0,512,22,0,512,12,0,267,0,0,245,22,0,512,0.0943676233291626,64.64427947998047,160,0,22,22
1076,A,1076,0.002399780787527561,0.04877853766083717,nan,nan,512,0,0.002399780787527561,0.04877853766083717,all_rows,512,0,0.0017913024639710784,0.1181640625,-0.004443116392940283,0.0011823846027255059,0.15534530399600044,d618cc2bcf8ab696626966b0b4bd1816:0:0,0c3ecd15e7d05290741e83a512b2120a:0:0,914fabe66ef0332f16ff96972f70d541:0:0,1ef4c9c382ba05c8166fa4c80e055de9:0:1108424410,25a9610829f9e0d01156ef7f26a765a6:0:3139076039,10,1.0,0,0,0,0,0,0,512,21,0,512,29,0,270,0,0,242,21,0,512,0.09687290340662003,65.14622497558594,162,0,21,21
1077,A,1077,0.004640304017812014,0.0523030161857605,nan,nan,512,0,0.004640304017812014,0.0523030161857605,all_rows,512,0,0.005338842514902353,0.0845703125,-0.00763636773917824,0.0013120464602252469,0.15228594304062426,926ff6edc841a0aebcc6df9eb39e0c16:0:0,fabc35e272110f896f8469437f07c88e:0:0,81ad81a3e9b32db358b86a550b01a3dc:0:0,de7260be07825bd000a3b7eb4ad319e9:0:2746133146,96af953ba0cf76055bfa4f81689024dc:0:3594713750,10,1.0,0,0,0,0,0,0,512,19,0,512,16,0,257,0,0,255,19,0,512,0.09634394198656082,65.79533386230469,170,0,19,19
1078,A,1078,-0.004966700915247202,0.04912581667304039,nan,nan,512,0,-0.004966700915247202,0.04912581667304039,all_rows,512,0,0.0023822663351893425,0.0888671875,0.0021483070217072965,0.0011818076629424468,0.15055118798045442,5987dc2cb3b73b218a65bb2caf3f0016:0:0,603650041f45d6bae6172819732247b4:0:0,0a02667c76ffa7e2d7fc963a7e1002c1:0:0,48edc32a559323f5e4850828efe0d5e9:0:4253494042,844994d71b16c311c89defbead6e3fc1:0:3678174824,10,1.0,0,0,0,0,0,0,512,11,0,512,16,0,237,0,0,275,11,0,512,0.09498655050992966,64.784912109375,173,0,11,11
1079,A,1079,0.005634423810988665,0.05215451121330261,nan,nan,512,0,0.005634423810988665,0.05215451121330261,all_rows,512,0,0.011222001165151596,0.046875,-0.003433310054242611,0.001325317588634789,0.1597589859738946,d4cd08b2ae02ee491a360ccea79ff416:0:0,5ba5305489ac5c9791a2473d29971d80:0:0,b59d8d8a452a84a96f4ee31ee945012b:0:0,2f56e7ec636c479a1e5736bcfd2e91e9:0:3462799418,4ba942ee8ca5ec2cef29981c49470470:0:3122080032,10,1.0,0,0,0,0,0,0,512,28,0,512,19,0,253,0,0,259,28,0,512,0.09443440288305283,65.53951263427734,169,0,28,28
1080,A,1080,-0.0038043761160224676,0.05595652014017105,nan,nan,512,0,-0.0038043761160224676,0.05595652014017105,all_rows,512,0,0.024724502116441727,0.080859375,-0.004734365781769156,0.0015663181198760866,0.15434732101857662,2b6fc673351a4e56f57ca7f89cc0e816:0:0,2f386f74344edd69561e01a694f63713:0:0,f389c5dd07a3d34a556fc01fd2aedabb:0:0,ead22893f2872ff6840e24e372bc4de9:0:3070434336,bcc8e0abfe0c99ec9e840b91adb5203d:0:3597969267,10,1.0,0,0,0,0,0,0,512,28,0,512,16,0,265,0,0,247,28,0,512,0.08645924180746078,64.7702865600586,164,0,28,28
1081,A,1081,0.027693942189216614,0.06536071747541428,nan,nan,512,0,0.027693942189216614,0.06536071747541428,all_rows,512,0,0.005270436406135559,0.0525390625,-0.0007235388737171888,0.0015786020318046211,0.15175271197222173,e072d045ff5ff969d3d3201e8ea1dc16:0:0,23c847eb6c3be27aa2d985437c50e3f4:0:0,bf98beec1de11066ed9a5aa5fb7f2da5:0:0,8cc55530573e0a83214df3d8508a09e9:0:16154733,160d3a6e506806d86bc5462558513696:0:1944994786,10,1.0,0,0,0,0,0,0,512,21,0,512,17,0,246,0,0,266,21,0,512,0.08553925901651382,67.02493286132812,171,0,21,21
1082,A,1082,-0.011639104224741459,0.05552215129137039,nan,nan,512,0,-0.011639104224741459,0.05552215129137039,all_rows,512,0,0.002187048550695181,0.0650390625,-0.0007768101524561644,0.0015557063452433795,0.1572764900047332,c0020861ad6a22638f27c8b47d42d016:0:0,5b6ed626077ebb58325cdfefdb3ccce8:0:0,c3bd06ad78b50bea35f5ac8c8fa67509:0:0,08ab6b1ab0fd059af36b04d79697c5e9:0:4277148659,a9aef29eb1bdda22c0f89a7e5313844f:1:943238039,10,1.0,0,0,0,0,0,0,512,30,0,512,21,0,260,0,0,252,30,0,512,0.08271883428096771,65.65791320800781,165,0,30,30
1083,A,1083,-0.0013880344340577722,0.056325897574424744,nan,nan,512,0,-0.0013880344340577722,0.056325897574424744,all_rows,512,0,0.012503538280725479,0.1048828125,0.0029588080011308192,0.0015727224876172841,0.15138797200052068,c9caf4493f74c87f17bdb52e68a3c416:0:0,470fe51c4985b4966d5d58e529245f1c:0:0,c8fb067006511535df837b46daa24fe8:0:0,9c7261a3aaf98560a569f91d44e581e9:0:2111584265,bab9b0d5ae6c72de99f0348ed5fa3fb6:0:292417113,10,1.0,0,0,0,0,0,0,512,18,0,512,34,0,243,0,0,269,18,0,512,0.08465709537267685,65.32439422607422,174,0,18,18
1084,A,1084,-0.0016215352807193995,0.05584093928337097,nan,nan,512,0,-0.0016215352807193995,0.05584093928337097,all_rows,512,0,0.015951691195368767,0.0818359375,-0.003776605357415974,0.001506270410027355,0.15238641703035682,d8c6b8e3f6f39ba6682cb90050c4b816:0:0,be42a50c1173fe3951bf74972970ce90:0:0,689572adc1f5a37b2e0191a1dca22e8b:0:0,1a0f2ad21dab50e34bffb1e55b733de9:0:692568684,5e651105d8aeab2de6233e5f33fdf5d9:0:2797463920,10,1.0,0,0,0,0,0,0,512,22,0,512,17,0,264,0,0,248,22,0,512,0.08516022562980652,65.25204467773438,161,0,22,22
1085,A,1085,0.007442080415785313,0.05245565250515938,nan,nan,512,0,0.007442080415785313,0.05245565250515938,all_rows,512,0,0.008494574576616287,0.11171875,0.0015443911659531295,0.0013241982960607857,0.1535708219744265,34263d7c0cb78d887961679e35a5ac16:0:0,6129bc1c6c3864d08491444ffda386fa:0:0,7034991ffb8463ac8887fdd69f6e9207:0:0,be986da02943b7832191506bda40f9e9:0:2073552390,1b3e10091553469b93497c1d27b797a1:1:3928087984,10,1.0,0,0,0,0,0,0,512,30,0,512,31,0,256,0,0,256,30,0,512,0.08358033001422882,65.4944839477539,166,0,30,30
1086,A,1086,-0.0029143025167286396,0.05701266601681709,nan,nan,512,0,-0.0029143025167286396,0.05701266601681709,all_rows,512,0,0.003681998234242201,0.076171875,-0.00013385997153818606,0.0016109858348499983,0.15068326995242387,959cfc65641c0f6f369d147c1746a016:0:0,3efb42042f09dd62b9b6c6e1c783763f:0:0,6833ced769fde0e998fec5255a961451:0:0,80d8a264a15eae96423435ecc14eb5e9:0:1611668351,82f1bb12d4c215d8058aa4feabc731fd:0:2131043365,10,1.0,0,0,0,0,0,0,512,25,0,512,24,0,243,0,0,269,25,0,512,0.0833832174539566,64.52054595947266,180,0,25,25
1087,A,1087,0.004337601829320192,0.056244682520627975,nan,nan,512,0,0.004337601829320192,0.056244682520627975,all_rows,512,0,0.007127130404114723,0.1048828125,-0.003573212609626353,0.0015763624163810165,0.15385672898264602,e3dddc1223affcd57175d30df5a79416:0:0,e2017398d48614b4e553beb5fc1fecc4:0:0,cc927b77ecf1a7dd353c507eb34838b3:0:0,bb241956e229e74d67ae03a4109c71e9:0:1808517846,56f73295128159f8141af9ee69bf33cc:0:4082213399,10,1.0,0,0,0,0,0,0,512,21,0,512,23,0,258,0,0,254,21,0,512,0.0806184783577919,63.806400299072266,167,0,21,21
1088,A,1088,-0.0062722088769078255,0.05105093494057655,nan,nan,512,0,-0.0062722088769078255,0.05105093494057655,all_rows,512,0,0.0026958207599818707,0.0833984375,-0.00757432053796947,0.0013021357794059441,0.15701774397166446,417f335fdbce32bcd5d676c7d0c88816:0:0,9512932a2c14136eaa02ab2127fa5cce:0:0,1a0ac591d5aaf47d2e93ccae66d649d9:0:0,52970e5b673ddcd8a5749acdc82a2de9:0:2131959678,05f66253751b9adcec34bf59b2b88285:0:4108414597,10,1.0,0,0,0,0,0,0,512,27,0,512,36,0,250,0,0,262,27,0,512,0.08129981905221939,62.93243408203125,189,0,27,27
1089,A,1089,-0.0012058101128786802,0.051419924944639206,nan,nan,512,0,-0.0012058101128786802,0.051419924944639206,all_rows,512,0,0.005124712362885475,0.0681640625,-0.0027279896195977925,0.0012869282625615596,0.15088273800211027,7d67d7eca399d3c3ddfe931da8a97c16:0:0,20f8b572a0edbfdd5462cc8bbe4f40e3:0:0,2e7d6f16d51cd2b4516c0e51234f2288:0:0,88f34487bc64dacc24ae1ca5e7f7e9e9:0:2531577033,2695a4b2d536897a3ff40eaaf77bd2dd:0:3549212885,10,1.0,0,0,0,0,0,0,512,25,0,512,23,0,261,0,0,251,25,0,512,0.08022250980138779,63.952823638916016,163,0,25,25
1090,A,1090,-0.003251641057431698,0.053235556930303574,nan,nan,512,0,-0.003251641057431698,0.053235556930303574,all_rows,512,0,0.005981193855404854,0.0642578125,-0.0045273320749402044,0.0013803345704218374,0.158523874997627,c71ec54854d238fbc6827b837d4a7016:0:0,f94a25a8c193f0f9dd2c0679458bc1e1:0:0,388011bd2c206503903de3baae8b52e4:0:0,0663b70ca08bfbc4e030ea687005a5e9:0:4079595186,ac1eb4289619e1c68b89ab150540c03e:1:3887229732,10,1.0,0,0,0,0,0,0,512,29,0,512,29,0,239,0,0,273,29,0,512,0.08373309671878815,62.54277801513672,180,0,29,29
1091,A,1091,-0.0007524554384872317,0.051073163747787476,nan,nan,512,0,-0.0007524554384872317,0.051073163747787476,all_rows,512,0,0.02229885198175907,0.142578125,0.0026900580851361156,0.0012761446880176664,0.15157667000312358,23998fdacef28f7e824b436d4eab6416:0:0,68771ff189d5c7233fe853c361a34453:0:0,b2ce9f2319d15c9ac0ccd8daae84a3c5:0:0,e5b7bc75731a204d6083a551605361e9:0:2584515081,d166e646c3a0a61316b7f010b9a6fa44:0:291858336,10,1.0,0,0,0,0,0,0,512,28,0,512,17,0,252,0,0,260,28,0,512,0.07749214768409729,60.73286056518555,167,0,28,28
1092,A,1092,0.0026134939398616552,0.04897147789597511,nan,nan,512,0,0.0026134939398616552,0.04897147789597511,all_rows,512,0,0.01877753809094429,0.1037109375,0.002894086088053882,0.0011762675683712586,0.1529892969992943,db336e5cea1122c4ae96be4f1ccc5816:0:0,c63b477d3207cb2062eaf686e24e29af:0:0,1c871deb3d8d6cbf109067a43ea63cd1:0:0,306d846c43e8de0277dd2e9cb8e11de9:0:1052015370,83aa0424a3bab38830833096b1dabf41:1:308284617,10,1.0,0,0,0,0,0,0,512,34,0,512,28,0,242,0,0,270,34,0,512,0.073348768055439,61.7830696105957,184,0,34,34
1093,A,1093,-0.004996179603040218,0.057072002440690994,nan,nan,512,0,-0.004996179603040218,0.057072002440690994,all_rows,512,0,0.03252863511443138,0.1208984375,0.003962314035743475,0.0016236739058513195,0.1555318360333331,540f30c681f253bb86f77f9ce7ad4c16:0:0,dd6fc9921f43e46c8fc142ee462f1392:0:0,16c51ecb4ac2de23bab927c3c2387839:0:0,c8661f721e1b66f7fe24a78679aed9e9:0:2923239917,e2420984c2ea6b458b38d592e929126b:1:2061243947,10,1.0,0,0,0,0,0,0,512,30,0,512,17,0,263,0,0,249,30,0,512,0.07726113498210907,59.96843719482422,159,0,30,30
1094,A,1094,0.005721601657569408,0.06050433963537216,nan,nan,512,0,0.005721601657569408,0.06050433963537216,all_rows,512,0,0.0011810068972408772,0.048828125,0.0012101536616683007,0.0017877729027532042,0.1520780859864317,e209fb98c1c33c9ad954dacaaf4e4016:0:0,fd6b6498b185070f9a157d1c24727237:0:0,b38531797c05aced7ddf742b368d9f62:0:0,c39b433b660f695d8cf1714aa2bc95e9:0:846316723,1ffa2636f66b5d5306589deecb248ffe:1:1513309559,10,1.0,0,0,0,0,0,0,512,33,0,512,25,0,264,0,0,248,33,0,512,0.07282068580389023,62.08793258666992,172,0,33,33
1095,A,1095,-0.007234164047986269,0.052553679794073105,nan,nan,512,0,-0.007234164047986269,0.052553679794073105,all_rows,512,0,0.0023517778608947992,0.028125,0.00020967687014490367,0.0013718768081162126,0.15370290901046246,6353127098f0017af9eae34c73af3416:0:0,4e58535b4a7687778dd0577b495e205d:0:0,06da56b6ad65b00f49ff7914f092f9ed:0:0,42e8bda062a3e7633b8b2d25340a51e9:0:3062528355,092072ccb96ad6196d2b42331b6055bc:1:1493355583,10,1.0,0,0,0,0,0,0,512,22,0,512,22,0,253,0,0,259,22,0,512,0.07560405880212784,61.65704345703125,185,0,22,22
1096,A,1096,0.0023121351841837168,0.05942179635167122,nan,nan,512,0,0.0023121351841837168,0.05942179635167122,all_rows,512,0,0.002192866522818804,0.1064453125,0.000149544607847929,0.0016893469321075827,0.15291886701015756,637664d20189cdaab74a6c9634d02816:0:0,4be9c672da0fb2ab748b8a087e8a8ee6:0:0,6b468ba040d53ea0934d3562fd85ba8c:0:0,583103524a12075e5ae9bc522d980de9:0:673897483,ddfa19c5980363b8ea4e7bbaf15cf89c:1:1757740754,10,1.0,0,0,0,0,0,0,512,18,0,512,28,0,275,0,0,237,18,0,512,0.08103231340646744,60.77372360229492,176,0,18,18
1097,A,1097,0.00043130858102813363,0.055163346230983734,nan,nan,512,0,0.00043130858102813363,0.055163346230983734,all_rows,512,0,0.008289653807878494,0.0740234375,-0.005125334556214512,0.0015139517548959703,0.15048693999415264,52ebec2180b07dc54e590a1bf2b11c16:0:0,03dc16aa668121e16e8fbda20c6aaf00:0:0,f2ba2bf581c4535d59f4e6cdf15b0f95:0:0,2a157ec56a93dc2e31b5400d8f65c9e9:0:1908860943,08db7bed3c33031debec21d87e497e2a:1:4174239373,10,1.0,0,0,0,0,0,0,512,33,0,512,13,0,271,0,0,241,33,0,512,0.07623652368783951,60.98353958129883,172,0,33,33
1098,A,1098,-0.0018412525532767177,0.05702631175518036,nan,nan,512,0,-0.0018412525532767177,0.05702631175518036,all_rows,512,0,0.005194748751819134,0.0484375,0.002012539142742753,0.0016209097695536912,0.15512017300352454,83cd39c60973f6885e510f51ad521016:0:0,185b3f10f29e5b681bfe63587da13752:0:0,e45dcb729d481f4406d8c41a9a9b2304:0:0,b4683701471525e0b8461993597385e9:0:1955656501,75f89b51fedc01347cf59697857bc60a:1:3711842800,10,1.0,0,0,0,0,0,0,512,34,0,512,16,0,241,0,0,271,34,0,512,0.075890451669693,60.61935806274414,194,0,34,34
1099,A,1099,-0.002850219141691923,0.06205248087644577,nan,nan,512,0,-0.002850219141691923,0.06205248087644577,all_rows,512,0,0.002049008384346962,0.082421875,-0.003181722178123891,0.0019188717065844684,0.15255352697568014,69ecd8722aa12869dcc18fab64b30416:0:0,3fcefc3312c9ccc549a08939f5212cf7:0:0,0899b9ab4b373feae3bf05066f3f55d4:0:0,d4a51547c02a0a9754a4ea1f8bc141e9:0:268091999,e0edca7427d1f585b3e49e8c22401252:1:156563461,10,1.0,0,0,0,0,0,0,512,25,0,512,15,0,279,0,0,233,25,0,512,0.07829635590314865,59.83305358886719,160,0,25,25
1100,A,1100,0.013478454202413559,0.05833931267261505,nan,nan,512,0,0.013478454202413559,0.05833931267261505,all_rows,512,0,0.006589510943740606,0.05078125,-0.0008680409751832485,0.0016453604155685752,0.15625752200139686,71f05b982feebfee098e5e9d18d3f816:0:0,5f6051879633e249b939e1189f6738d2:0:0,9306f47b4e96ece4adf1bf19f2b9f53a:0:0,49657bc4a187c7ab968a92ee264efde9:0:1318107131,00d6dcb1fe3a2a953116f8e1212c99d9:0:834675792,10,1.0,0,0,0,0,0,0,512,25,0,512,20,0,263,0,0,249,25,0,512,0.07603403925895691,59.73537063598633,162,0,25,25
1101,A,1101,-0.015220234170556068,0.07402808964252472,nan,nan,512,0,-0.015220234170556068,0.07402808964252472,all_rows,512,0,0.00216618156991899,0.0310546875,-0.0002948774257674813,0.0020822326419875025,0.16134440002497286,fcfe24119efd82bd62f00f9ac9b4ec16:0:0,82d3c6082cf23e6b296cfa5d45e13c69:0:0,8a27d6b94f7f06b03ac584c8834344be:0:0,732106b72c3b5b13f360353b291cb9e9:0:1384001448,4f9e4c29bece9d3bb81dc80ba9c67e9f:1:477404912,10,1.0,0,0,0,0,0,0,512,34,0,512,35,0,258,0,0,254,34,0,512,0.07149618864059448,60.07770919799805,176,0,34,34
1102,A,1102,0.010434072464704514,0.06022568419575691,nan,nan,512,0,0.010434072464704514,0.06022568419575691,all_rows,512,0,0.008117208257317543,0.05390625,-0.0022051837760955094,0.0017370579938869924,0.15113267302513123,09cb010738a0597a9973f6187755e016:0:0,abaa162bc0f4d59db2b14d1eaf4b67f5:0:0,a045099804112d1275ff506b2337b1e9:0:0,83ea34c775da2508823f3242942a75e9:0:3790622945,de35e3f74d4b5470f409bc7615417c07:1:2025783984,10,1.0,0,0,0,0,0,0,512,32,0,512,32,0,255,0,0,257,32,0,512,0.07191545516252518,60.829402923583984,185,0,32,32
1103,A,1103,0.004085495136678219,0.05502593144774437,nan,nan,512,0,0.004085495136678219,0.05502593144774437,all_rows,512,0,0.001753907185047865,0.0716796875,0.0005311108659952879,0.001517458219313994,0.15177128097275272,2d19e82b66e0065883fc258a21b6d416:0:0,003c8be9549016f781074793a3fc7d48:0:0,943a090d15c06d9b28b8dc5f06489ed0:0:0,eb6d5279b4e881e7b7f12b40677831e9:0:656297588,6e22200065221794f12b33c3b6634b56:1:1747687507,10,1.0,0,0,0,0,0,0,512,23,0,512,23,0,250,0,0,262,23,0,512,0.06983977556228638,62.8230094909668,187,0,23,23
1104,A,1104,-0.001467770547606051,0.05349694564938545,nan,nan,512,0,-0.001467770547606051,0.05349694564938545,all_rows,512,0,0.01397869922220707,0.07578125,0.00047502354718744757,0.0014055654581170529,0.15161098999669775,0fd1085dc02e887013bf7163c8d7c816:0:0,7c2e35c8c101a408323179b384b942e7:0:0,967370450224feed7a72ee9937d8795a:0:0,b48b5ff1d2b25c5b22f00170a305ede9:0:4094397885,0e179bcdd5e451ca6b0485c2ae13a03c:0:3433194433,10,1.0,0,0,0,0,0,0,512,22,0,512,23,0,263,0,0,249,22,0,512,0.07065287977457047,63.711524963378906,164,0,22,22
1105,A,1105,0.004067341331392527,0.06117013469338417,nan,nan,512,0,0.004067341331392527,0.06117013469338417,all_rows,512,0,0.0038360166363418102,0.071875,-0.001161986798979342,0.0018556641647592188,0.1512065280112438,146375d3083e2bd648496d196cb8bc16:0:0,733125be7422dda56da46a04fffc71bf:0:0,e8c9678df3554b505e6b32f1d8e98d26:0:0,c2b9bf79dad1b7bc2765d60f46d3a9e9:0:1769380866,f558a9b33bec3ff57495fd64a6cbc5b5:0:241870524,10,1.0,0,0,0,0,0,0,512,38,0,512,31,0,263,0,0,249,38,0,512,0.07303589582443237,62.1936149597168,172,0,38,38
1106,A,1106,-0.011524636298418045,0.055032990872859955,nan,nan,512,0,-0.011524636298418045,0.055032990872859955,all_rows,512,0,0.004887700080871582,0.0291015625,-0.000566369597800076,0.001496362467878498,0.15655746904667467,65359ee1d6f04672237a6c1f0d59b016:0:0,6d56ebc6d751a718af3dcff1b1860e44:0:0,1032cc0c842a8d64f00b5780fa8eb16a:0:0,ef1a4e7e209f32b8bb2d0a5852e165e9:0:2263385294,def43d04c3068f51bba006f1d86556a3:0:2826431030,10,1.0,0,0,0,0,0,0,512,29,0,512,36,0,252,0,0,260,29,0,512,0.07240777462720871,62.38942337036133,185,0,29,29
1107,A,1107,0.003294793190434575,0.0559111051261425,nan,nan,512,0,0.003294793190434575,0.0559111051261425,all_rows,512,0,0.009554906748235226,0.091015625,-0.002771209180355072,0.0015657103213015944,0.15281284297816455,de949c98cdcfa1929d8781e8aabaa416:0:0,cd14cd2dd480bf85a603e4ff94941d04:0:0,aeff306b3928a114d6dd096b3b087d97:0:0,784619f232c8823821d03f87c72f21e9:0:3617492805,5c6ad7190c40389daf1fa47a92da7d49:0:881568230,10,1.0,0,0,0,0,0,0,512,26,0,512,34,0,272,0,0,240,26,0,512,0.07263556867837906,63.2947883605957,174,0,26,26
1108,A,1108,-0.0003272553440183401,0.05679316818714142,nan,nan,512,0,-0.0003272553440183401,0.05679316818714142,all_rows,512,0,0.004760299809277058,0.09921875,0.006630510929971934,0.0016038646397646516,0.1523647789726965,65954a48048a904498fa81ea44db9816:0:0,133150faa8e0d1409a1e7296ac49ddde:0:0,7c50763e796388cdbeaf3959d0c5109b:0:0,94472a51f548e47fa88a56d9a3bcdde9:0:1119330764,f9c05df22035c5f31a3ded6aa8ea86de:1:2415313506,10,1.0,0,0,0,0,0,0,512,37,0,512,33,0,253,0,0,259,37,0,512,0.07286757230758667,64.95382690429688,187,0,37,37
1109,A,1109,-0.0010541790397837758,0.05750766769051552,nan,nan,512,0,-0.0010541790397837758,0.05750766769051552,all_rows,512,0,0.010284637100994587,0.0732421875,-0.0021811190061271192,0.0016383586800657213,0.15277757099829614,a677db2c14e0b268d6b1ff97dbbc8c16:0:0,51e61c1637305239c9bce5ce08deda2c:0:0,3588b25546a894942901f89064e85473:0:0,c27beab279ff8c9762467189e88a99e9:0:2604372341,c876f2f78e2fa1fbfe9275779b5b0724:0:568329565,10,1.0,0,0,0,0,0,0,512,30,0,512,32,0,260,0,0,252,30,0,512,0.06932375580072403,63.98941421508789,185,0,30,30
1110,A,1110,-0.0007217378588393331,0.052501410245895386,nan,nan,512,0,-0.0007217378588393331,0.052501410245895386,all_rows,512,0,0.001359408488497138,0.07578125,0.0057236613356508315,0.0013723899493925274,0.1496550320298411,45bf656dee786489e9e14e656f5d8016:0:0,6f8b26b8d5896b17a6f570269fb92035:0:0,6a00719b71e56bf95ff64a2a36b71c7e:0:0,43587196702005eee39ff0d4959855e9:0:1342677191,fe349ad805cbf029c7e6aeeb6f6dc0d8:1:1940154470,10,1.0,0,0,0,0,0,0,512,33,0,512,23,0,240,0,0,272,33,0,512,0.07194244116544724,65.41728973388672,204,0,33,33
1111,A,1111,-0.0008014754857867956,0.05664067715406418,nan,nan,512,0,-0.0008014754857867956,0.05664067715406418,all_rows,512,0,0.0034848880022764206,0.0890625,0.0034386595245450733,0.0016111935605295003,0.15207611699588597,a3ca8daf5b0fdc722c1081c6ffbe7416:0:0,bcafdc36772458b5b520cbd5cd428df5:0:0,4562aa0ede6f3e665a0057d0b84595e4:0:0,666f717a42b89041fee275f5aae611e9:0:792777804,690c1dd9e93b6bc5ce1ae9b033a7a12d:1:2805119529,10,1.0,0,0,0,0,0,0,512,24,0,512,32,0,267,0,0,245,24,0,512,0.07112541049718857,65.66889953613281,167,0,24,24
1112,A,1112,-0.002269556513056159,0.05824127048254013,nan,nan,512,0,-0.002269556513056159,0.05824127048254013,all_rows,512,0,0.004347749520093203,0.0505859375,-0.0007266522385179997,0.001668841193895787,0.15024951996747404,c8232660db7df281b11c6d308cdf6816:0:0,c64b20bd8f14f1179addf7df0322c364:0:0,5e4cca50c7d6ee2aecaf96791ad51ecb:0:0,b41dd24c3e8a73bd8009e2292873cde9:0:2200483789,4626ecdb9c3d35157bbe6da73d97f263:0:1673207500,10,1.0,0,0,0,0,0,0,512,30,0,512,27,0,262,0,0,250,30,0,512,0.07214303314685822,64.62663269042969,182,0,30,30
1113,A,1113,0.004792971070855856,0.055207185447216034,nan,nan,512,0,0.004792971070855856,0.055207185447216034,all_rows,512,0,0.0016805704217404127,0.0830078125,0.002902210527099669,0.0014996945392340422,0.14983750600367785,3cae322245f697c43b36a41616c05c16:0:0,685c3426de047649202a0dc6c509e859:0:0,a17e5ecd65b240b872b07c371c7f3b95:0:0,dfe0ec4557704d63e8c256ab0e4189e9:0:1165352114,d581d0a5bd545b500e0bcc49b11151ec:0:1357340770,10,1.0,0,0,0,0,0,0,512,23,0,512,20,0,272,0,0,240,23,0,512,0.07249192893505096,65.50575256347656,166,0,23,23
1114,A,1114,-0.002244766103103757,0.045440513640642166,nan,nan,512,0,-0.002244766103103757,0.045440513640642166,all_rows,512,0,0.01089626643806696,0.0646484375,-0.0007744588889181614,0.001032687720726244,0.16135139600373805,ee2448744e06f8c72ee579eb9d615016:0:0,a4f3197a049e57c6b81c8096cfac733a:0:0,24f66d1597f625e625391776e2066b97:0:0,73080fd7658e53b22c6834b75c4f45e9:0:2618385845,6c9c1d8bee853a320344c6da007f86b0:1:3747057741,10,1.0,0,0,0,0,0,0,512,29,0,512,22,0,271,0,0,241,29,0,512,0.07080000638961792,65.35494995117188,168,0,29,29
1115,A,1115,-0.006140111945569515,0.054938364773988724,nan,nan,512,0,-0.006140111945569515,0.054938364773988724,all_rows,512,0,0.006701930891722441,0.0904296875,-0.0012167111039161683,0.0014946981973480433,0.15258234000066295,eb83e005debd4d2f8704022520c24416:0:0,5f0e3c6f0af6fefcfdff30d4cfe6ce50:0:0,b37fe2cc521f913177708e11435182c4:0:0,c55675a5f28893846c081d8a129d01e9:0:873984010,47e90b68a11804c7339f38a9b3bd1fc9:0:2374449723,10,1.0,0,0,0,0,0,0,512,25,0,512,30,0,236,0,0,276,25,0,512,0.06977654993534088,67.18462371826172,191,0,25,25
1116,A,1116,0.00027487712213769555,0.05302867293357849,nan,nan,512,0,0.00027487712213769555,0.05302867293357849,all_rows,512,0,0.0033835009671747684,0.0619140625,-0.0027896538376808167,0.001384692912688479,0.1534180850139819,764379ecef70540fc8c21036a0e33816:0:0,1a6a180a755dfedd609dc3b490433247:0:0,d75662b4caa50796d9884888048457de:0:0,aa8adcbeeefb253ab25ef25f312abde9:0:3094869094,104441b28104483f4ebd5dcc7e1ee3f8:1:1978634695,10,1.0,0,0,0,0,0,0,512,17,0,512,28,0,263,0,0,249,17,0,512,0.0752234235405922,68.62113952636719,178,0,17,17
1117,A,1117,0.005387494340538979,0.05000266805291176,nan,nan,512,0,0.005387494340538979,0.05000266805291176,all_rows,512,0,0.004725855775177479,0.054296875,-0.0016003319062292576,0.0012371198914479463,0.15329730400117114,9da9151f3b9a7cfdf7a437941dc42c16:0:0,bdd2a79c18f71f1627010c33298b5531:0:0,5d5bdd9b56076c377a1098c28af55a39:0:0,c0de0488e8705a1dafd9d472b7f879e9:0:3506069384,4ecc3c48b4c34cba30cfaac862639b7f:1:452505536,10,1.0,0,0,0,0,0,0,512,28,0,512,23,0,268,0,0,244,28,0,512,0.07093509286642075,68.28284454345703,175,0,28,28
1118,A,1118,-0.005591367371380329,0.05380775034427643,nan,nan,512,0,-0.005591367371380329,0.05380775034427643,all_rows,512,0,0.018991846591234207,0.0828125,-0.005493590421974659,0.0014382624882273375,0.1499674060032703,f596b184063cbde98983cbb197652016:0:0,05e1ade600207244b3d4893f0469b09e:0:0,a8277c6164e264db2507d9e99dbcfb48:0:0,0da0d31c9810e20376962500a70635e9:0:1332141763,3b75e8d2da69f8465e4e4c606b9ad6cd:0:3123549422,10,1.0,0,0,0,0,0,0,512,42,0,512,28,0,248,0,0,264,42,0,512,0.07164634764194489,69.73826599121094,193,0,42,42
1119,A,1119,-0.0012539718300104141,0.05670850723981857,nan,nan,512,0,-0.0012539718300104141,0.05670850723981857,all_rows,512,0,0.006678477860987186,0.075390625,-0.005164261953905225,0.0015457850357051938,0.14892657002201304,3910fdfcd13d15b15a8ee0030dc61416:0:0,cd5af83f51c4b3d0444ae691c0064635:0:0,1c621d654f06ce8d206f6b449d25ca9d:0:0,1a7657ffe249e93436618544fe53f1e9:0:1957715786,d12f9eb0912895d326f2f5fdbc877873:0:3602174682,10,1.0,0,0,0,0,0,0,512,21,0,512,31,0,248,0,0,264,21,0,512,0.07486826926469803,70.1890869140625,179,0,21,21
1120,A,1120,0.004268842749297619,0.05015137791633606,nan,nan,512,0,0.004268842749297619,0.05015137791633606,all_rows,512,0,0.0038639139384031296,0.0435546875,-0.0015002263709902764,0.0012197540927445516,0.15028503799112514,2f8594c7b134bb79a14847fc80e70816:0:0,5bfadece92c371df22ebe945f769d949:0:0,24c17e6afbad0d27d0fe22c977b6bee8:0:0,9774f6789fa52e8ef8b9d67bbde1ade9:0:420619291,ba57cf0be41c6339d36ad5077c61ab43:1:1748132343,10,1.0,0,0,0,0,0,0,512,30,0,512,32,0,242,0,0,270,30,0,512,0.07613268494606018,71.69325256347656,176,0,30,30
1121,A,1121,0.03282129764556885,0.08903191983699799,nan,nan,512,0,0.03282129764556885,0.08903191983699799,all_rows,512,0,0.0016397851286455989,0.0341796875,-0.004931860696524381,0.0021850683027878405,0.16031644598115236,562165a2a621fac1e2879711f0c7fc16:0:0,04006686523bd6403a8a24b30f265436:0:0,18cea0439b1884ef4b205acad18af9d9:0:0,2d04d9edc70f11ee5ccd39e0e5af69e9:0:15612220,428b2cb4099cb9f7c161bb8f2a6dfa38:0:1137673194,10,1.0,0,0,0,0,0,0,512,22,0,512,32,0,241,0,0,271,22,0,512,0.08539354056119919,71.74221801757812,176,0,22,22
1122,A,1122,-0.013532469049096107,0.05904145538806915,nan,nan,512,0,-0.013532469049096107,0.05904145538806915,all_rows,512,0,0.007696196436882019,0.10234375,-0.0026871975511312484,0.0017393681162502616,0.15369282802566886,f91e1d1c2171bc3ae57920b75d68f016:0:0,5e1df4f122223596806dca3e2cce10f6:0:0,2b5b2fa97aa66b9ca48fcc7a1b0e9acd:0:0,2bd86a0dd1c69acd537a10b075bd25e9:0:3374196894,4a404b8203799821d3c3c67acb0ed125:0:3527485024,10,1.0,0,0,0,0,0,0,512,20,0,512,16,0,274,0,0,238,20,0,512,0.08119866251945496,70.9675521850586,160,0,20,20
1123,A,1123,-0.0020160945132374763,0.05189305916428566,nan,nan,512,0,-0.0020160945132374763,0.05189305916428566,all_rows,512,0,0.005478807259351015,0.0921875,0.005045586288906634,0.0013271876814542338,0.15130303002661094,f08e7c81a1d4bb5ca79df860c6c9e416:0:0,173987951d0f9c788c02f0ee3da59dbf:0:0,6abbf1c95304e03eb5028627c14c9638:0:0,b21dc3b17133772bdb4efc266e0ae1e9:0:4184994713,fae7b17f50f62962dce4f828c9e3808a:1:2550998366,10,1.0,0,0,0,0,0,0,512,21,0,512,27,0,260,0,0,252,21,0,512,0.08992718905210495,73.03453826904297,169,0,21,21
1124,A,1124,0.001861858181655407,0.05202094465494156,nan,nan,512,0,0.001861858181655407,0.05202094465494156,all_rows,512,0,0.011852321214973927,0.1330078125,0.010503665753640234,0.0013426961930235847,0.14867760898778215,759dade20d5468bc50cbf1822cead816:0:0,c0f5efb4ceca721b28b4642d490103ca:0:0,5d8a4e31e422e2b038317e4416578a72:0:0,334646b1eeddf2b3bc8add7ece989de9:0:4121492681,939c59b9a02f64b83c767ac2df134bbd:1:3086205680,10,1.0,0,0,0,0,0,0,512,29,0,512,30,0,243,0,0,269,29,0,512,0.08126212656497955,73.70774841308594,200,0,29,29
1125,A,1125,0.002066155429929495,0.05168938264250755,nan,nan,512,0,0.002066155429929495,0.05168938264250755,all_rows,512,0,0.026612523943185806,0.083984375,0.005382982129231095,0.0013101101765641942,0.15342756500467658,dd2cab9e321b7922272d9f8f8fcbcc16:0:0,3287c9b330d74af71737269e0804a006:0:0,05a689eb0145c4a51150218156f83889:0:0,9bbb102acec4e61d451cd5f5976659e9:0:2103872255,c506d8f23220528533a28a8386c90fa5:0:691591796,10,1.0,0,0,0,0,0,0,512,24,0,512,28,0,252,0,0,260,24,0,512,0.0898410826921463,74.40272521972656,169,0,24,24
1126,A,1126,-0.0017319846665486693,0.05645948275923729,nan,nan,512,0,-0.0017319846665486693,0.05645948275923729,all_rows,512,0,0.00959193054586649,0.101171875,0.006120784068480134,0.001592491689370945,0.15144733397755772,cffad3069666215f834255fcef6cc016:0:0,0deefa57f998c6a74a479489364565b2:0:0,6f3e1943928f5aaefee2b7fdd4286749:0:0,13cabbde8c4d9ed404a446c6c87415e9:0:3514232785,753cb26b4f20d0b0ee6fc511e1422508:0:1930931652,10,1.0,0,0,0,0,0,0,512,33,0,512,25,0,245,0,0,267,33,0,512,0.08610814064741135,75.4868392944336,187,0,33,33
1127,A,1127,-0.0005953490035608411,0.05006665736436844,nan,nan,512,0,-0.0005953490035608411,0.05006665736436844,all_rows,512,0,0.005756241735070944,0.0794921875,-0.0033324869349598885,0.0012378761603031307,0.158342820010148,33d3ad8a800dfee4c3de283e4bcdb416:0:0,853d5229d62f69485364376510e0a730:0:0,a3f1533c0312bdbaf7c728d5877c9e0b:0:0,354e06b68a09bedb8870d12e61c1d1e9:0:2039867894,35f200b6f81ca17bbdf7f852bd182903:1:1136934959,10,1.0,0,0,0,0,0,0,512,23,0,512,19,0,268,0,0,244,23,0,512,0.09176655858755112,76.82862091064453,164,0,23,23
1128,A,1128,0.008063828572630882,0.05559096485376358,nan,nan,512,0,0.008063828572630882,0.05559096485376358,all_rows,512,0,0.00891494657844305,0.0591796875,-0.004469385836273432,0.001481669387430884,0.1538949980167672,c153e400dc25ad174229e9c7a4eea816:0:0,4323a5297d1b6ce22d0c4e32a3c0bcfe:0:0,8a1b7fd3778ee062f03d77569d7ef8ac:0:0,e62de7968c8f14f417825668634f8de9:0:3621322615,f20181d2f17956446c88b177a406b9aa:0:3901950549,10,1.0,0,0,0,0,0,0,512,21,0,512,26,0,258,0,0,254,21,0,512,0.09391520917415619,76.07376861572266,179,0,21,21
1129,A,1129,-0.010885464958846569,0.05576319620013237,nan,nan,512,0,-0.010885464958846569,0.05576319620013237,all_rows,512,0,0.007394767832010984,0.0765625,0.00010274471715092659,0.0014177136530634017,0.14936671301256865,937a2b986f18076745a32e0cfacf9c16:0:0,cdaefff94c5678ced630cd0f5054b387:0:0,aed5ea2f0a982107f30aa11fc4e89b96:0:0,7f5e6afc589d6cff6e88f7b0cd1d49e9:0:721439276,bf52b07cd1b57f424ba53a814d6ed42c:1:368785847,10,1.0,0,0,0,0,0,0,512,16,0,512,23,0,262,0,0,250,16,0,512,0.10069797188043594,76.3711166381836,165,0,16,16
1130,A,1130,0.0128684863448143,0.056539762765169144,nan,nan,512,0,0.0128684863448143,0.056539762765169144,all_rows,512,0,0.005500714760273695,0.0966796875,-0.0033070221543312073,0.0015303567226510495,0.15183878998504952,3626cc0175bf1825f81c48824d709016:0:0,b7b37408a7f5708301f5f7f40df047b3:0:0,612156c436906da551d3076f54e258e6:0:0,fc4611244cce58a57be516439f2b05e9:0:256249551,b12c0e4689d33a2961172d3ce17f5fb8:0:933661382,10,1.0,0,0,0,0,0,0,512,24,0,512,28,0,269,0,0,243,24,0,512,0.10274966806173325,74.78306579589844,163,0,24,24
1131,A,1131,-0.01082750502973795,0.05988786742091179,nan,nan,512,0,-0.01082750502973795,0.05988786742091179,all_rows,512,0,0.014691206626594067,0.0826171875,-0.0004002051893621683,0.001640563749242574,0.1548246860038489,33a522679fe6b41b59bc4c9b9cd18416:0:0,bebb039cc4806076e1ae1f062086097d:0:0,23a422d62a191d53f753ae18b5ed1304:0:0,2a299dac0f0af0391ba7535cd978c1e9:0:1946969011,a595a98758b9e59ce9453427db61f071:1:3493981194,10,1.0,0,0,0,0,0,0,512,30,0,512,27,0,240,0,0,272,30,0,512,0.10992150008678436,75.46145629882812,173,0,30,30
1132,A,1132,0.002287674928084016,0.059512704610824585,nan,nan,512,0,0.002287674928084016,0.059512704610824585,all_rows,512,0,0.002343477215617895,0.03515625,-0.0029402079060673715,0.0016635465959552675,0.151340248004999,3c1e3cd80caec2dc34ff0dcce8f27816:0:0,d72c7640e286c1a4d787f8f2b7f07156:0:0,51572c7777bdf8bd68a660f5e1c2278f:0:0,ba5032eca6038bdcd39090387c067de9:0:2337499159,601d4dd986bcd7467e8e4b6e2a3ea3ed:1:2188684062,10,1.0,0,0,0,0,0,0,512,25,0,512,35,0,253,0,0,259,25,0,512,0.11440253257751465,73.83550262451172,176,0,25,25
1133,A,1133,0.003244850318878889,0.058715831488370895,nan,nan,512,0,0.003244850318878889,0.058715831488370895,all_rows,512,0,0.006809405982494354,0.0564453125,-0.002038938133046031,0.001672606257488951,0.1504963290062733,192255b3b14133e012b51f8a31d36c16:0:0,73bf1e5027b9fd302716609de0d50e16:0:0,bf7ae92f7d895881b3d5eec1493694fd:0:0,3c6b3a8596e574e78f11ee1286d439e9:0:2585618165,2a7df14690e56d1391f37d558355648f:0:1731126179,10,1.0,0,0,0,0,0,0,512,23,0,512,21,0,260,0,0,252,23,0,512,0.11016485095024109,73.61116790771484,178,0,23,23
1134,A,1134,0.002129306085407734,0.05344608798623085,nan,nan,512,0,0.002129306085407734,0.05344608798623085,all_rows,512,0,0.023202067241072655,0.1193359375,0.00894817365333438,0.0014056213956791907,0.15183308796258643,101096d3524fa0572e03d54777746016:0:0,beed3df16146117aa2238a5e1b9dfe49:0:0,90e010a6019aafb80131ab36da6c959e:0:0,e9a0ffd2df8a8f895b4cce26f9e1f5e9:0:3138157833,7600b887f715aa03a115fdfcbc977d41:1:1544993302,10,1.0,0,0,0,0,0,0,512,15,0,512,24,0,251,0,0,261,15,0,512,0.11325494199991226,72.11512756347656,169,0,15,15
1135,A,1135,-0.00225134682841599,0.052237801253795624,nan,nan,512,0,-0.00225134682841599,0.052237801253795624,all_rows,512,0,0.0024348143488168716,0.0349609375,-0.002608926314860582,0.001364594022743404,0.15035009296843782,7cc92006f8cc99c068654278b9d55416:0:0,848540db06b2732a406044d18964ce0c:0:0,da4883ec11145fe9095822fc9846b3dd:0:0,53a80047e55efcb02312d1b1d52fb1e9:0:349542155,5f596a37359346e352fc75c468f79913:1:3384795163,10,1.0,0,0,0,0,0,0,512,21,0,512,23,0,257,0,0,255,21,0,512,0.11469056457281113,73.56904602050781,164,0,21,21
1136,A,1136,-0.0015052882954478264,0.051994796842336655,nan,nan,512,0,-0.0015052882954478264,0.051994796842336655,all_rows,512,0,0.004910276271402836,0.057421875,-0.0017550535034388305,0.001347720145713538,0.14984664099756628,a784d49f8a54a53f3da83a91f8f64816:0:0,4c42289d63eb9d6dbbd76b35eea66625:0:0,9958fc9666318e0d7b651365e4b46f8e:0:0,06ebd0e9b138b42c6ae5d9ef18bd6de9:0:3053913219,2537a63026e563c2d685654b26d19ef5:0:2616842593,10,1.0,0,0,0,0,0,0,512,21,0,512,32,0,233,0,0,279,21,0,512,0.11053045839071274,72.84069061279297,186,0,21,21
1137,A,1137,0.008319738321006298,0.05498865991830826,nan,nan,512,0,0.008319738321006298,0.05498865991830826,all_rows,512,0,0.008927268907427788,0.0765625,0.0003361995331943035,0.00148773308028467,0.14969424804439768,81a8efb5edbae3b1b7f0510734d73c16:0:0,1776db70d3f5e28c9ee307662c6d25ce:0:0,3480394dc8e696ff5cc51420b0212996:0:0,82fb0f63105d17160cf8081ac48b29e9:0:3570810623,596952cbdb10ede11ae1a076868c4193:1:1924253966,10,1.0,0,0,0,0,0,0,512,21,0,512,21,0,252,0,0,260,21,0,512,0.10997647047042847,73.67082214355469,170,0,21,21
1138,A,1138,-0.002136287046596408,0.05388204753398895,nan,nan,512,0,-0.002136287046596408,0.05388204753398895,all_rows,512,0,0.004036610014736652,0.12734375,-0.0002758477348834276,0.0014474286814220249,0.15120852302061394,6ab1cee7e42d668663b5d94c6d783016:0:0,449e4b626799ac6802e6c8d610f1a1a5:0:0,6609cd34d2ca887ff9b654344815a491:0:0,21c0286d72f07a70f52bbd70d898e5e9:0:2580867989,d281f81e4f85d6d7571d7950890304ef:0:3356814440,10,1.0,0,0,0,0,0,0,512,20,0,512,25,0,268,0,0,244,20,0,512,0.11158617585897446,71.2946548461914,157,0,20,20
1139,A,1139,-0.004411716945469379,0.04579007625579834,nan,nan,512,0,-0.004411716945469379,0.04579007625579834,all_rows,512,0,0.008294726721942425,0.0712890625,-0.004652412747964263,0.0010362215369241312,0.15427942998940125,bca0c7477f65315243c5e6d5a2d92416:0:0,9e0a19429037f6187999c3b95521ff2f:0:0,94b3e4501a9dfc03c9533fa7d8f5cd16:0:0,2484cc89a00baa11dd139b2d54e6a1e9:0:4236037035,0515a2e965ea3c2ea0134de637d5b52f:1:3531831175,10,1.0,0,0,0,0,0,0,512,17,0,512,25,0,248,0,0,264,17,0,512,0.11236995458602905,70.02680206298828,180,0,17,17
1140,A,1140,-0.0013026983942836523,0.0543660968542099,nan,nan,512,0,-0.0013026983942836523,0.0543660968542099,all_rows,512,0,0.004385573789477348,0.0751953125,-0.0034105925355106593,0.0014710838906466961,0.15255345398327336,0374303edd55e826c5424d16d4fa1816:0:0,c49e3a26f168b6bd6042ec275a43d40e:0:0,82a41a75a749f3ace42f45ed1cb28f92:0:0,adb9b74397b363c307f2828c39745de9:0:3119896807,ae824737e51bdf898d891f296e68138c:1:64056953,10,1.0,0,0,0,0,0,0,512,20,0,512,28,0,258,0,0,254,20,0,512,0.10219395905733109,68.79228973388672,161,0,20,20
1141,A,1141,-0.010721473023295403,0.07595614343881607,nan,nan,512,0,-0.010721473023295403,0.07595614343881607,all_rows,512,0,0.03934141993522644,0.144921875,-0.005560246808454394,0.002116031036712229,0.15622984699439257,c9d71c2e91d12aa7b3a19f8403db0c16:0:0,5765388d5a7a10d60e5bab4ffae7b0cf:0:0,5a61ff0483299531ad47d5c5dda2b5ad:0:0,7831f47d3aedcaa8febb94c9864219e9:0:4072623366,d0bf2e134ccc5c394aed27c4aa5901f0:1:547192425,10,1.0,0,0,0,0,0,0,512,17,0,512,19,0,282,0,0,230,17,0,512,0.09869973361492157,69.37250518798828,153,0,17,17
1142,A,1142,0.003977282904088497,0.054565951228141785,nan,nan,512,0,0.003977282904088497,0.054565951228141785,all_rows,512,0,0.007801788859069347,0.071484375,-0.006463125324808061,0.0013610174122732134,0.15382802597014233,2b277691e6919be12caf31912f7c0016:0:0,486847dd00c70a1cb63a99221c2a0e8c:0:0,1b48e192e7e4d7c99632fb1e549003da:0:0,2832127b9231d2e74c1233213b4fd5e9:0:3281586184,a527d2e37d08fe05b88b094cb8eaf037:1:3621974279,10,1.0,0,0,0,0,0,0,512,19,0,512,29,0,244,0,0,268,19,0,512,0.09645738452672958,66.3321533203125,176,0,19,19
1143,A,1143,-0.0005209450609982014,0.056551601737737656,nan,nan,512,0,-0.0005209450609982014,0.056551601737737656,all_rows,512,0,0.01596437767148018,0.06015625,0.001454557222314179,0.001504783594282344,0.15235231298720464,3ced7378da2196dd948b16b257dcf416:0:0,517a07e40033d516f1e58f19e8a7f26f:0:0,e0cafb31d3a71b6469dc4d85b7965805:0:0,a8a0aeb2ca6ca5853849fecf589d91e9:0:526695501,0ff6400da2c4fe6fedd5d82345ada877:1:474247941,10,1.0,0,0,0,0,0,0,512,32,0,512,25,0,259,0,0,253,32,0,512,0.0983615517616272,68.17088317871094,182,0,32,32
1144,A,1144,0.00045426556607708335,0.05305825546383858,nan,nan,512,0,0.00045426556607708335,0.05305825546383858,all_rows,512,0,0.0026176506653428078,0.077734375,0.004514305759221316,0.0013952921028248966,0.15089733398053795,3ca6642c86118ffb89aa225b7cfde816:0:0,1f0b1c86a178e9d0f0ed791f9c04679d:0:0,eb6440b50b9d11b3fbac9b20f55b9122:0:0,af0e868d40d8fc928566d90fde2b4de9:0:4032028278,3b1f5715f8fd2682d9274e4c98416073:0:466061536,10,1.0,0,0,0,0,0,0,512,31,0,512,34,0,249,0,0,263,31,0,512,0.10055415332317352,69.74126434326172,180,0,31,31
1145,A,1145,0.0026117905508726835,0.05926741287112236,nan,nan,512,0,0.0026117905508726835,0.05926741287112236,all_rows,512,0,0.0166466124355793,0.108984375,0.002377276076003909,0.0017182149458676577,0.14996327098924667,9f1720d754f22303d8d5e8009ededc16:0:0,c8414ebecf18846493d5447f9a5f8463:0:0,0ae19a33ada3bbb19b2d9ab335944647:0:0,c470acaa35e4778c2b1ce31ecbf909e9:0:668630798,ed228bbbc284c1276d326a58f685cc9b:1:35404902,10,1.0,0,0,0,0,0,0,512,23,0,512,25,0,269,0,0,243,23,0,512,0.10289301723241806,68.78840637207031,172,0,23,23
1146,A,1146,-0.001745913759805262,0.06231147423386574,nan,nan,512,0,-0.001745913759805262,0.06231147423386574,all_rows,512,0,0.030660567805171013,0.1404296875,0.013173575652763248,0.0019133936904836446,0.15180036897072569,00f7470f3085cdff712cbb15bd7fd016:0:0,265f7e58e1a28ec698442f02e5135433:0:0,6f455c7553aca8a672fdd159959dda91:0:0,9687b650ff5ee80112d07e382206c5e9:0:1189790063,48621878139223aead8f0cc15b598a00:1:3932928379,10,1.0,0,0,0,0,0,0,512,26,0,512,19,0,274,0,0,238,26,0,512,0.10385716706514359,71.424072265625,144,0,26,26
1147,A,1147,0.0017566313035786152,0.0627441331744194,nan,nan,512,0,0.0017566313035786152,0.0627441331744194,all_rows,512,0,0.0071067288517951965,0.0494140625,0.00011510811746120452,0.001975465752184391,0.15652797400252894,ea6e9124909e58cd5821af0ed8e0c416:0:0,d00cdfaf0d835958e383c83893d3fb32:0:0,0ac175faed4125390b1c979b6773f52a:0:0,674aa415d22f9676d3964b97e05481e9:0:1032572890,4d2348cc93d6f882a1a28c05a3b49749:0:1308196240,10,1.0,0,0,0,0,0,0,512,15,0,512,23,0,258,0,0,254,15,0,512,0.10749037563800812,69.37008666992188,166,0,15,15
1148,A,1148,-0.005091964267194271,0.06024843454360962,nan,nan,512,0,-0.005091964267194271,0.06024843454360962,all_rows,512,0,0.0025369543582201004,0.0404296875,-0.0017464554402977228,0.0017976221512071787,0.1562335400376469,b450821e1319e9789d7c975ff101b816:0:0,60555172bcd60c956321aa4940a28560:0:0,44072e41c8cd59f0a9a441920c2bd2ea:0:0,b483f3ed7bcc7f8e6e332c7a06e23de9:0:4240173426,7244eee3703b8e28d66af5367764560a:0:1979548202,10,1.0,0,0,0,0,0,0,512,18,0,512,23,0,265,0,0,247,18,0,512,0.10680177807807922,69.90279388427734,156,0,18,18
1149,A,1149,0.0060096001252532005,0.056604236364364624,nan,nan,512,0,0.0060096001252532005,0.056604236364364624,all_rows,512,0,0.04013734310865402,0.1169921875,0.006495401600841433,0.0015756820212118328,0.15273851004894823,04008e4d0573c54e4f5a077d05e2ac16:0:0,d747ef5431d22768c6ac59ca2a68430b:0:0,4e2dd25d3a853fdabe05e20c12380bad:0:0,3262b22da3af8969091c421a95aff9e9:0:134461423,68514c2164ef503f8b8cff5a7d1caf01:1:2097139640,10,1.0,0,0,0,0,0,0,512,22,0,512,24,0,255,0,0,257,22,0,512,0.1069197878241539,70.51451110839844,161,0,22,22
1150,A,1150,-0.011157703585922718,0.05803150311112404,nan,nan,512,0,-0.011157703585922718,0.05803150311112404,all_rows,512,0,0.004282737150788307,0.06328125,0.0009063841309398413,0.001534287998219952,0.15716593101387843,9e31c86c085cbeb36e2b52da1783a016:0:0,99f5343ad44afeaa367b624d1cb6b1df:0:0,8b162b229c7a733543d338a5d29a0efa:0:0,785082376d05b14cac76edb58cbdb5e9:0:2262831767,4d4126b37362a57ea0bb4e49471a5d96:1:522001855,10,1.0,0,0,0,0,0,0,512,22,0,512,32,0,238,0,0,274,22,0,512,0.10384132713079453,68.21392822265625,166,0,22,22
1151,A,1151,0.012628498487174511,0.05950009450316429,nan,nan,512,0,0.012628498487174511,0.05950009450316429,all_rows,512,0,0.0011833717580884695,0.0533203125,-0.0022157446946948767,0.0015891224844381212,0.15034652897156775,1e08ef3db5cf4fbae0b68ceb25e49416:0:0,fc07ed294730cec49acbea327e89f0e4:0:0,11d9a8c57424e0747de976aa2b255778:0:0,d02876ca90d43188fe18d086ec0b71e9:0:174376909,509161cd439d6fa7102de05f9a79507c:0:1140700171,10,1.0,0,0,0,0,0,0,512,15,0,512,34,0,246,0,0,266,15,0,512,0.10272974520921707,69.96784210205078,173,0,15,15
1152,A,1152,-0.0077972570434212685,0.06052698940038681,nan,nan,512,0,-0.0077972570434212685,0.06052698940038681,all_rows,512,0,0.01347044762223959,0.09765625,0.0035438455175608396,0.001769097801297903,0.15000313601922244,ca467fa5f213617b6816892431058816:0:0,ee2954a3d1d9ad2d88c96fe4db856a4b:0:0,32f596c87ef8f87dff90970486bc4a8d:0:0,fd312d3f48cf9f9bfd87cbcab3992de9:0:23973355,2067a59217b818276956514cd03a3e59:0:2118726132,10,1.0,0,0,0,0,0,0,512,15,0,512,25,0,276,0,0,236,15,0,512,0.10085035860538483,69.74231719970703,154,0,15,15
1153,A,1153,-0.0006210056599229574,0.0576460026204586,nan,nan,512,0,-0.0006210056599229574,0.0576460026204586,all_rows,512,0,0.004494534805417061,0.067578125,0.0025673665106296538,0.0016626362223178149,0.15499888599151745,a9c82b3d5025c02593badaf938e67c16:0:0,52da229087594bbe6b98b9a88b3aea0c:0:0,f9ee96a7258fa186a249195de1da4c92:0:0,123ef625a3210296bffa00bce366e9e9:0:4208742249,f60807c718f434462028934f38f58593:0:2969871425,10,1.0,0,0,0,0,0,0,512,17,0,512,25,0,281,0,0,231,17,0,512,0.1057019904255867,70.90140533447266,146,0,17,17
1154,A,1154,0.005529652815312147,0.048891931772232056,nan,nan,512,0,0.005529652815312147,0.048891931772232056,all_rows,512,0,0.019236279651522636,0.0751953125,-0.006246629217639565,0.0011797521234257146,0.1602194010047242,78a5c362b1f73bd9b567d5de3d877016:0:0,dd0a8f68b647e36051dacdb4e5655658:0:0,27d10a6d908a9d7fccad61f4092d6781:0:0,1560e9091754e1c22c55d0997b74a5e9:0:1506388428,49698938d5ebfbae4b47943dce3f3f4d:1:825802891,10,1.0,0,0,0,0,0,0,512,23,0,512,25,0,253,0,0,259,23,0,512,0.10853671282529831,70.39400482177734,164,0,23,23
1155,A,1155,-0.0009038925054483116,0.05096196010708809,nan,nan,512,0,-0.0009038925054483116,0.05096196010708809,all_rows,512,0,0.019909821450710297,0.1298828125,0.009947351971641183,0.001274777899379842,0.15603211300913244,942d4cd40cf7763dd5368d473ee86416:0:0,af0330830ea8462f4d0c231b4c03d3f0:0:0,0e0f83be6d80f2296869de0f1decf9f0:0:0,c3b5905774b04b83b731dc9c7bc261e9:0:1288376178,c533000ca13f1c6855ceb181143ee9a7:0:3636910720,10,1.0,0,0,0,0,0,0,512,23,0,512,25,0,238,0,0,274,23,0,512,0.0994822233915329,71.63461303710938,180,0,23,23
1156,A,1156,-0.0011254360433667898,0.06226884573698044,nan,nan,512,0,-0.0011254360433667898,0.06226884573698044,all_rows,512,0,0.0038588419556617737,0.07578125,0.00013030923437327147,0.0019024328270461411,0.15273063798667863,bacc87dbfb5f5cd3a594d4a83d095816:0:0,07b90572269a2149cc040d7296deebbe:0:0,cd518f30c27d27412aa29b01d57ffa27:0:0,d1b965aa8227d4821ed50601e4501de9:0:3325736551,cdbddabd72f43df32b682023141526a3:0:3209940188,10,1.0,0,0,0,0,0,0,512,22,0,512,26,0,254,0,0,258,22,0,512,0.10207505524158478,68.91838836669922,180,0,22,22
1157,A,1157,0.002090748632326722,0.06215567886829376,nan,nan,512,0,0.002090748632326722,0.06215567886829376,all_rows,512,0,0.016434257850050926,0.13515625,0.0057619822211563585,0.001895609509665519,0.1510592470294796,f24bc52682af500e77453f7537ea4c16:0:0,4551e632d5975ea1f25979311209a1ea:0:0,341bea75040cea75d4bc9eeb3a9eaf3a:0:0,0bd29df3e8348f0a27366e05b51dd9e9:0:3409526013,b34a15ac1ba9e0b0b4a105a04ecb83ab:1:12932646,10,1.0,0,0,0,0,0,0,512,28,0,512,24,0,254,0,0,258,28,0,512,0.09973036497831345,68.90980529785156,171,0,28,28
1158,A,1158,-0.00411286111921072,0.0586262084543705,nan,nan,512,0,-0.00411286111921072,0.0586262084543705,all_rows,512,0,0.015452283434569836,0.0646484375,-0.0076867465395480394,0.0017088508117012679,0.15889699599938467,675e5f5437d4f7292d5f21222f8b4016:0:0,bee1a1693bcd36a34e7a8020fed157cd:0:0,01e3286be96aa7b15ac1cd5bf38b8b0d:0:0,484ac84b3cc2fab355fd75e3ee2b95e9:0:1540786029,fd0d8f7142e14b3a8c5de1e9c425a142:0:3802193201,10,1.0,0,0,0,0,0,0,512,22,0,512,18,0,265,0,0,247,22,0,512,0.10235720872879028,70.15170288085938,164,0,22,22
1159,A,1159,-0.0024011600762605667,0.061422768980264664,nan,nan,512,0,-0.0024011600762605667,0.061422768980264664,all_rows,512,0,0.02240581437945366,0.10390625,0.009775116853415967,0.0018705636728554964,0.1560250649927184,0238a567a96cc0bc314e8d2323ec3416:0:0,953ed5b6353bf299ffce7f3d3bb6fc18:0:0,e55ebb44f701e78d6dcea65a2d3a2c1c:0:0,b78f815e4977ec44ae81bed88f7951e9:0:4231409781,5937dbce6a726689bdf886d5c03c5f86:0:954482579,10,1.0,0,0,0,0,0,0,512,28,0,512,16,0,250,0,0,262,28,0,512,0.10793165117502213,68.71784210205078,168,0,28,28
1160,A,1160,0.0064414311200380325,0.05504583939909935,nan,nan,512,0,0.0064414311200380325,0.05504583939909935,all_rows,512,0,0.00377903925254941,0.0736328125,-0.002743146475404501,0.0015162228955887258,0.15691044001141563,19516a2db893101366d456ec150d2816:0:0,ad51a06aba61b94bca39bd612adaf97f:0:0,86177a3c349a3111ed1a94cceedc70ae:0:0,51b7f8c3e4876dd96dcb2a1f99070de9:0:100860871,612210e80e680996c9dc3f93d2d27197:0:3128426920,10,1.0,0,0,0,0,0,0,512,24,0,512,28,0,251,0,0,261,24,0,512,0.11842616647481918,66.61715698242188,169,0,24,24
1161,A,1161,-0.01761547103524208,0.06909342110157013,nan,nan,512,0,-0.01761547103524208,0.06909342110157013,all_rows,512,0,0.00362748047336936,0.0296875,-0.0026242573047056796,0.0019534271385055037,0.15341191500192508,7a76c8c648b91744200611f102ee1c16:0:0,e4fd7b861d585fd9f8e13b1919e8b9e1:0:0,1e47b0b612ae7cfa98522759758934c9:0:0,712d3cb1f4599745c691d8f50ad4c9e9:0:3906333387,5b2f5468753a2f09d492dbe1a78640a6:0:4055809598,10,1.0,0,0,0,0,0,0,512,19,0,512,18,0,258,0,0,254,19,0,512,0.11480598896741867,67.35733032226562,150,0,19,19
1162,A,1162,0.0050229718908667564,0.06099178269505501,nan,nan,512,0,0.0050229718908667564,0.06099178269505501,all_rows,512,0,0.00788842886686325,0.0611328125,0.004615828045643866,0.0018531118461396546,0.1539167949813418,4fa9fe776ef15e03114e11a5ed8f1016:0:0,107132ce226699f03302e8e8cd5f015d:0:0,d0bc623b5fd35c00f5349da131aba744:0:0,a22f33d776395ebb9d3e2c94e4e285e9:0:1133698011,7cca2fdb68e41ca2d4e39838762bc671:1:1033876903,10,1.0,0,0,0,0,0,0,512,17,0,512,21,0,259,0,0,253,17,0,512,0.10810022056102753,68.21031188964844,171,0,17,17
1163,A,1163,-0.0019056228920817375,0.057216111570596695,nan,nan,512,0,-0.0019056228920817375,0.057216111570596695,all_rows,512,0,0.006094994489103556,0.059765625,-0.009012041008099913,0.001619933097390458,0.16375605203211308,8d8d7dfa0927f53a456b697ed4f00416:0:0,a6d606bfc23614f233472d4bb5e44e34:0:0,a8211ecaaa446753ae9c3c044b55b9a5:0:0,d607dc5ba04961af43e8c63b273041e9:0:2027095099,c25c1bee1743e1e7d605fcb984e31c9d:1:3881276320,10,1.0,0,0,0,0,0,0,512,19,0,512,21,0,263,0,0,249,19,0,512,0.10605435818433762,68.85958099365234,167,0,19,19
1164,A,1164,-0.0002803944516927004,0.06060604378581047,nan,nan,512,0,-0.0002803944516927004,0.06060604378581047,all_rows,512,0,0.01275648083537817,0.07421875,-0.00034226439893245695,0.0017957263975404204,0.1509301369660534,f952987365ba575f1171ecefb910f816:0:0,91966c04e5551e82ffb5527ee54b615b:0:0,f268832064c29ff5fb6df92a114aafb0:0:0,0751d24376faa5fc365a8723d1bdfde9:0:2558896816,7f96f57f1be33379a09c8a7a11f8da91:1:339203025,10,1.0,0,0,0,0,0,0,512,14,0,512,11,0,268,0,0,244,14,0,512,0.1096860021352768,69.1854019165039,153,0,14,14
1165,A,1165,0.0012952085817232728,0.05678018555045128,nan,nan,512,0,0.0012952085817232728,0.05678018555045128,all_rows,512,0,0.009855845011770725,0.061328125,7.545012049376964e-05,0.0015690104570239781,0.14956619800068438,c8c1445463e2f58808ca2f6c99f1ec16:0:0,e129e8b987c4fb1bbc7b3e3a876a4210:0:0,d17874dfa551f954d1eb05ff0bbfa2fe:0:0,7b0646bf6e415349d60c908ae48bb9e9:0:724281986,b9a1e6477af7cde22186064c430b988b:1:2150426609,10,1.0,0,0,0,0,0,0,512,19,0,512,20,0,246,0,0,266,19,0,512,0.11147577315568924,69.87654876708984,170,0,19,19
1166,A,1166,0.004393009468913078,0.05379277467727661,nan,nan,512,0,0.004393009468913078,0.05379277467727661,all_rows,512,0,0.010092697106301785,0.12265625,0.009554667142219841,0.0014406670466996729,0.1538923910120502,c4ecaa5b356c7142f13184697792e016:0:0,c9cf893f3de67658142824dd798399e9:0:0,5ca3ed915b53f92b9a96d68bfdae4752:0:0,b0517522eec364b0262843ac5f9975e9:0:1760236961,54a672defcd1c4475d6b0b95ba6224e8:0:2667935822,10,1.0,0,0,0,0,0,0,512,13,0,512,12,0,276,0,0,236,13,0,512,0.10091271996498108,68.19338989257812,149,0,13,13
1167,A,1167,0.0017179242568090558,0.056851424276828766,nan,nan,512,0,0.0017179242568090558,0.056851424276828766,all_rows,512,0,0.011264359578490257,0.1205078125,-0.009467975283041597,0.0016162249667104334,0.1594017290044576,0c2a34f9aa20832ab6b9ff5a51f3d416:0:0,f92953c6af56bcdb144af06d56ebc4ad:0:0,3ac74c338b6894d371afb930dc04af10:0:0,47b34187d73d529c878741c442e731e9:0:834330650,d9bf0c8d7c4824ed610725fadf4aadef:0:3768966796,10,1.0,0,0,0,0,0,0,512,17,0,512,16,0,273,0,0,239,17,0,512,0.10169786214828491,68.08273315429688,152,0,17,17
1168,A,1168,-0.010535028763115406,0.06225089356303215,nan,nan,512,0,-0.010535028763115406,0.06225089356303215,all_rows,512,0,0.033849045634269714,0.126171875,0.010755921714007854,0.0019307891896460205,0.15071758202975616,6eaee666ad668e3d5fca73b32914c816:0:0,9e682d91382a8770c8987ae89231e1a0:0:0,e37690355a677df24e36b8598a08b6f4:0:0,38f408605258b4f674b36c0e8e74ede9:0:1685926173,62870f6af13740b2213374acb7eae768:0:3718765123,10,1.0,0,0,0,0,0,0,512,33,0,512,14,0,260,0,0,252,33,0,512,0.09307682514190674,67.99413299560547,161,0,33,33
1169,A,1169,0.006193826906383038,0.050584252923727036,nan,nan,512,0,0.006193826906383038,0.050584252923727036,all_rows,512,0,0.0029861931689083576,0.0763671875,-0.00141819822601974,0.0012778393167536706,0.1510171039844863,478fb5a65e85dff2011e74e7fcf5bc16:0:0,6a03a6519146c6be38cf3ae8e3f15460:0:0,0bab204ae15f4672d6ca940d959c9e90:0:0,1f33bd799930dd843de6e3c74242a9e9:0:3661998781,5890c1007dfcb006e937a789377e03ee:1:181379782,10,1.0,0,0,0,0,0,0,512,21,0,512,22,0,248,0,0,264,21,0,512,0.09690678119659424,65.87120056152344,168,0,21,21
1170,A,1170,-0.0016427603550255299,0.05461188778281212,nan,nan,512,0,-0.0016427603550255299,0.05461188778281212,all_rows,512,0,0.0029627131298184395,0.080078125,-0.0025324684102088213,0.0014377866580616682,0.1495155860320665,fe85a2d8ebff9d0eb1c6566ccd96b016:0:0,fd65539a50479d02595aadc6e21bcffb:0:0,250b7fcee8c5422a12275efbaf914f1a:0:0,bb134c327ac16a8fc50c0a2a5e5065e9:0:408982084,5eef29c0451f0c4752e840865beca2b9:1:3881696280,10,1.0,0,0,0,0,0,0,512,20,0,512,25,0,260,0,0,252,20,0,512,0.09817497432231903,65.41112518310547,155,0,20,20
1171,A,1171,0.0023019355721771717,0.0608215369284153,nan,nan,512,0,0.0023019355721771717,0.0608215369284153,all_rows,512,0,0.005643263924866915,0.0869140625,0.0021044099237769844,0.0018441938620526344,0.15593545796582475,6a8517251a745b3e7f272bb59af7a416:0:0,8c7307c77856092d9a8000f0a1b6027c:0:0,9da5da79f870768342e2201cdcb7056d:0:0,94edb9e8c07ad1cb39bd8073e29e21e9:0:3642173313,2fb373f2f9aae2ff5ead004757ea22f8:1:15606734,10,1.0,0,0,0,0,0,0,512,11,0,512,14,0,253,0,0,259,11,0,512,0.09744157642126083,64.97036743164062,163,0,11,11
1172,A,1172,-0.005219328682869673,0.05853390321135521,nan,nan,512,0,-0.005219328682869673,0.05853390321135521,all_rows,512,0,0.03463130071759224,0.0990234375,-0.004641027981415391,0.0016277301765512675,0.15028961998177692,76b1fc981f89676760fac83665189816:0:0,9075a84dc0b08be3d4a21e3a4b979518:0:0,c27c14476d93243b99b7554906ba2493:0:0,6c87d6e0c838e375d54627dfcf2bdde9:0:3798455191,98f94807b225cca05a61406ef9269364:0:2771127679,10,1.0,0,0,0,0,0,0,512,26,0,512,20,0,248,0,0,264,26,0,512,0.09433106333017349,63.631858825683594,174,0,26,26
1173,A,1173,0.006346231326460838,0.06337711960077286,nan,nan,512,0,0.006346231326460838,0.06337711960077286,all_rows,512,0,0.013064692728221416,0.104296875,0.001133864955045283,0.0019442658522166312,0.14909953897586092,0f3ec6593941b8c02d4fbf632bf98c16:0:0,eae5c899fa5d3ca0a85c9e93adcd424c:0:0,5a8e72b17d5b2c63a3de9632eb8b8bbf:0:0,68ca512aebd745c096a121aa23f999e9:0:196545151,d60a06fddbff5d97f8826da9904aafed:0:1130013277,10,1.0,0,0,0,0,0,0,512,20,0,512,14,0,257,0,0,255,20,0,512,0.08491116017103195,66.22528839111328,167,0,20,20
1174,A,1174,-0.0023684585466980934,0.062251027673482895,nan,nan,512,0,-0.0023684585466980934,0.062251027673482895,all_rows,512,0,0.007790391333401203,0.0580078125,0.0033812758047133684,0.0019377231830731035,0.1570116730290465,d71461942a3e90a68c8964afef9a8016:0:0,4a0f12fa719df64abefc29cf6bfcfa45:0:0,333bfe5a4bf3d52c9157c18cf867a884:0:0,4942c04a8e9fe872fe79cf0ee10755e9:0:795274702,9c7468b6caf505c562b5a82c3d580f06:1:904878613,10,1.0,0,0,0,0,0,0,512,24,0,512,14,0,269,0,0,243,24,0,512,0.0927891880273819,65.54622650146484,150,0,24,24
1175,A,1175,0.0007069549756124616,0.05685822293162346,nan,nan,512,0,0.0007069549756124616,0.05685822293162346,all_rows,512,0,0.006409316323697567,0.095703125,-0.007236994558479637,0.0016118790430482478,0.15270133700687438,d67bbb82835bc734ed5fcb90affb7416:0:0,9be14ed633476144a381e1bc410fe008:0:0,139e2e16e6666a8ce0ff3cee4bea4de1:0:0,bc8cbfa2e8cf70cfcb2bd14a065511e9:0:3721518388,0c1105d4f2e209a2da0415653ecb3984:0:3670188566,10,1.0,0,0,0,0,0,0,512,20,0,512,26,0,248,0,0,264,20,0,512,0.09523583948612213,64.71170043945312,179,0,20,20
1176,A,1176,0.004557504318654537,0.054768919944763184,nan,nan,512,0,0.004557504318654537,0.054768919944763184,all_rows,512,0,0.006464491598308086,0.0896484375,-0.0050262275617569685,0.001474278827663511,0.15153401397401467,93273100631bc49878dfc7796d1c6816:0:0,cf17e8ea81371aadfae21547df32d997:0:0,050b6bb901237dd395ce7deac3a03b2d:0:0,faa468ede96b9db9b4c3099793e2cde9:0:966624745,37c4647649ec1df870d65b8f6be3c295:0:4218042513,10,1.0,0,0,0,0,0,0,512,31,0,512,24,0,257,0,0,255,31,0,512,0.0969710424542427,66.12239074707031,162,0,31,31
1177,A,1177,-0.005183262284845114,0.058026961982250214,nan,nan,512,0,-0.005183262284845114,0.058026961982250214,all_rows,512,0,0.0037124385125935078,0.0662109375,-0.004482433805242181,0.0016800757322926075,0.14909820503089577,2faad81e13572727066aebde26fd5c16:0:0,1202ced3472a28881155c0367be4d385:0:0,3cd6848e9dbdaab980673b3bce4235d6:0:0,60bf7741c6a7a41828fb993389b089e9:0:388886856,a2d7980250cbc91dcc279f133a8121fe:1:292178664,10,1.0,0,0,0,0,0,0,512,28,0,512,23,0,241,0,0,271,28,0,512,0.09066648036241531,67.82894897460938,169,0,28,28
1178,A,1178,-0.0033635045401751995,0.05820443108677864,nan,nan,512,0,-0.0033635045401751995,0.05820443108677864,all_rows,512,0,0.0017767713870853186,0.083984375,-0.004871174902655184,0.001656794943846762,0.15056282398290932,a86e2424ada416350fb78c32dd9e5016:0:0,98e200bd5606dae82fa63868fa8c9dde:0:0,29066dd3699dd19e333265e5ae9c10de:0:0,95e20e6a1512837c0741e159e7be45e9:0:2677368372,c323e9630e55e207fe661c2cc1e837e1:0:4115648445,10,1.0,0,0,0,0,0,0,512,24,0,512,14,0,257,0,0,255,24,0,512,0.09633318334817886,68.65713500976562,164,0,24,24
1179,A,1179,0.005862555466592312,0.05519591271877289,nan,nan,512,0,0.005862555466592312,0.05519591271877289,all_rows,512,0,0.05769474059343338,0.0826171875,0.002795222704298794,0.0014746141387149692,0.15496038796845824,6327e888aee941aba4d0bbeb90ff4416:0:0,06060cbcdaaf7090b88a1ac84bc6f9e5:0:0,4f75a2b01fdce55f68ac3b148dc920a8:0:0,3c3791997dcb53045cb28346ae0c01e9:0:2782576906,2ab2da6961cfb4c9306012fcd1cbe8a6:1:466007218,10,1.0,0,0,0,0,0,0,512,14,0,512,15,0,242,0,0,270,14,0,512,0.09915362298488617,69.17194366455078,163,0,14,14
1180,A,1180,-0.005479887127876282,0.06305442005395889,nan,nan,512,0,-0.005479887127876282,0.06305442005395889,all_rows,512,0,0.005683396011590958,0.058984375,-0.0014472144888713957,0.0019308648305013775,0.16363157000159845,68c7374a22908e5e60164e7c41203816:0:0,bf4c0965275f8553270cbbd281f45b8f:0:0,d15c44baa1b052baba9f8d0661b6cf37:0:0,eb871fb96bf78683201a6035dc99bde9:0:3881820973,6af36683f7f8a3f85b3b24e6c929c23c:1:3025694988,10,1.0,0,0,0,0,0,0,512,27,0,512,17,0,263,0,0,249,27,0,512,0.08900444954633713,72.27445220947266,164,0,27,27
1181,A,1181,0.01791989989578724,0.06983664631843567,nan,nan,512,0,0.01791989989578724,0.06983664631843567,all_rows,512,0,0.003929552622139454,0.051953125,-0.002326347725465894,0.0021831004589330403,0.15275749401189387,25080346cdcd6f215a3cd758ee012c16:0:0,a36ea101b9dca5ce6cda8a5b7e8c083f:0:0,1042f10c0306b0ddd2e9cc5fd067d2ce:0:0,ad2632dd49b72be1edf69963736779e9:0:2009553418,89386d886b3af9a309a35036acd34a53:1:2985979132,10,1.0,0,0,0,0,0,0,512,18,0,512,23,0,248,0,0,264,18,0,512,0.08705538511276245,72.32978057861328,171,0,18,18
1182,A,1182,-0.010895868763327599,0.06004929170012474,nan,nan,512,0,-0.010895868763327599,0.06004929170012474,all_rows,512,0,0.007845480926334858,0.0693359375,-0.005070938775315881,0.0017849840689450503,0.15251153497956693,c799cf07836aea9f1e4da9f597a22016:0:0,9cb479fa913df9ba50e32c5f27386cdb:0:0,c95ca5462dec53c35c440734bdb68bac:0:0,f9d2839f24d320c6c474900b727535e9:0:4137176657,5f6c3eefda91aa3c79c17a38cfd96f1d:1:2441757261,10,1.0,0,0,0,0,0,0,512,27,0,512,30,0,246,0,0,266,27,0,512,0.09240742772817612,73.56275939941406,173,0,27,27
1183,A,1183,0.0026938130613416433,0.05730332061648369,nan,nan,512,0,0.0026938130613416433,0.05730332061648369,all_rows,512,0,0.009776780381798744,0.051953125,0.0006549160461872816,0.0015896591648925096,0.15398108103545383,bd71049688954dee9da6d9c63e031416:0:0,3c0d81740e99b87e6b59fb6a7c859630:0:0,b56c94b0d6f3a321364edac360de8b50:0:0,d61eb06bd3614078bf71e569d9c2f1e9:0:2057834581,d67144f49b99855cb01cbcbec5d4db01:1:1875006194,10,1.0,0,0,0,0,0,0,512,19,0,512,15,0,274,0,0,238,19,0,512,0.09128430485725403,74.8878402709961,161,0,19,19
1184,A,1184,0.0016857304144650698,0.05784923583269119,nan,nan,512,0,0.0016857304144650698,0.05784923583269119,all_rows,512,0,0.00607733428478241,0.0625,-0.001427391404286027,0.0016218205040786416,0.15368093800498173,8a58daf1b3138be923fb3a3ee1240816:0:0,540a150d5732d13d7530c71eee675d2e:0:0,779851db22f23cc23a43e4adddb45b3f:0:0,a2db4404f09a8a04d47c7abaa950ade9:0:3193555495,e28472e844ce7fd443294c7fc0c31483:0:2906560388,10,1.0,0,0,0,0,0,0,512,28,0,512,20,0,252,0,0,260,28,0,512,0.08664972335100174,75.94208526611328,171,0,28,28
1185,A,1185,-0.003692834870889783,0.06205274164676666,nan,nan,512,0,-0.003692834870889783,0.06205274164676666,all_rows,512,0,0.01530085876584053,0.0853515625,-0.005068936233874411,0.0019112684414722026,0.14898189599625766,efe3e9afa96449404b525ed38104fc16:0:0,9304b7e23afb0866a6d82cce5e2e9bb0:0:0,615c9ac5fcf032a61841d0afd843e92d:0:0,145f8dbf4a1f3ea28ed27139e11e69e9:0:1557426148,bf39aa1adf96b5051db99e907a129c79:0:1763003144,10,1.0,0,0,0,0,0,0,512,23,0,512,22,0,268,0,0,244,23,0,512,0.08661289513111115,75.49127960205078,155,0,23,23
1186,A,1186,0.00263289175927639,0.05760829523205757,nan,nan,512,0,0.00263289175927639,0.05760829523205757,all_rows,512,0,0.012563025578856468,0.1638671875,0.0025905344635248186,0.0015951865760143846,0.15106309502152726,242cbb746d329553f0089af81da5f016:0:0,79ad8b419bad7ef66d875eedec0ab782:0:0,9b0498d0f54d479e4fbdcf01c11adb69:0:0,0e0b514495e4f858cb622a23812c25e9:0:950873964,3d7dd81439f0d331f3193142dab9b465:1:3467222217,10,1.0,0,0,0,0,0,0,512,34,0,512,27,0,265,0,0,247,34,0,512,0.09169124066829681,72.69428253173828,162,0,34,34
1187,A,1187,0.001482535619288683,0.05894431844353676,nan,nan,512,0,0.001482535619288683,0.05894431844353676,all_rows,512,0,0.00923104491084814,0.1052734375,-0.006780188158154487,0.0016989486408419906,0.1540671639959328,3d35d3d618964fc824cf0220b706e416:0:0,9cbbf2fc9f1b906bc206eec321d8d89e:0:0,46f25f25e0508d85300dda398ccabddf:0:0,5f0ba2df890ab8e274ca46b38979e1e9:0:3870430807,c66cc0b7e3c0d42cdbcde2586d2ff4f3:1:2440546167,10,1.0,0,0,0,0,0,0,512,14,0,512,23,0,245,0,0,267,14,0,512,0.08770915120840073,73.45027923583984,178,0,14,14
1188,A,1188,0.002628824906423688,0.05645359680056572,nan,nan,512,0,0.002628824906423688,0.05645359680056572,all_rows,512,0,0.05007772892713547,0.10390625,0.008509005466476083,0.001577078487025574,0.15561036695726216,41e1b55776943adb26ab67c14d27d816:0:0,3c4bec3a40aa7ba7723eb409440cbd62:0:0,70257d73a67f8d136fa0eed4d60c3899:0:0,1a9a5099a7cef0d33f59a825fa079de9:0:3902214114,19b6910f40753650d9dc376be94da0f8:1:2734795417,10,1.0,0,0,0,0,0,0,512,26,0,512,19,0,268,0,0,244,26,0,512,0.08951093256473541,71.96965789794922,160,0,26,26
1189,A,1189,-0.004867267794907093,0.05480215325951576,nan,nan,512,0,-0.004867267794907093,0.05480215325951576,all_rows,512,0,0.020723972469568253,0.05390625,-0.00044928481802344324,0.0015027522284071892,0.154479585995432,e42f8022df51ba7b50f85f4de008cc16:0:0,58badade05f24ef1fba2445ed0eabbd8:0:0,2ddc7af807f1a721b226cbe7cea1ca3b:0:0,08d7ffb266e37efc650f6fb6d2d559e9:0:1534469121,080fde6538666cb389096d53be5de940:1:3762400461,10,1.0,0,0,0,0,0,0,512,19,0,512,24,0,267,0,0,245,19,0,512,0.08473403751850128,76.22810363769531,166,0,19,19
1190,A,1190,-0.005364794284105301,0.05705268681049347,nan,nan,512,0,-0.005364794284105301,0.05705268681049347,all_rows,512,0,0.01530887745320797,0.18984375,0.015575441252440213,0.0015631467511411756,0.1556635129963979,1e67c2348070401d11653c3a6fa9c016:0:0,4891f8db414567a6bd5b9eadf65f3652:0:0,946b2af4d4d2145f192752e64371c4fe:0:0,fe45a937765ba811619afea213e315e9:0:1069461290,f343e753036147db6cae20f1b08da45c:0:4275862059,10,1.0,0,0,0,0,0,0,512,20,0,512,22,0,279,0,0,233,20,0,512,0.08096060156822205,78.51946258544922,148,0,20,20
1191,A,1191,0.008064569905400276,0.05377109721302986,nan,nan,512,0,0.008064569905400276,0.05377109721302986,all_rows,512,0,0.003212038893252611,0.0416015625,0.000466011231765151,0.0014129702642094344,0.16017177904723212,22ef05a7fa046350dbf611fafc0ab416:0:0,d450234eac94a801ebea496bc0cab543:0:0,3e111cad556675d924fc65c4ca267d06:0:0,4f025fc64e70068cae5bf623bd30d1e9:0:451722283,c45943c093e17cfdfcbcd08d715c0055:0:3383161182,10,1.0,0,0,0,0,0,0,512,24,0,512,26,0,249,0,0,263,24,0,512,0.08001063764095306,76.3221206665039,171,0,24,24
1192,A,1192,-0.0049358149990439415,0.05248582735657692,nan,nan,512,0,-0.0049358149990439415,0.05248582735657692,all_rows,512,0,0.01018679328262806,0.0552734375,-0.0007945534773170948,0.0013932898582424968,0.20554088801145554,a14891e1f89ca7191f03b403852ba816:0:0,96724cf1414b8268533effaefc4f7503:0:0,6d49c6b961d58b3c6348ab863920c578:0:0,988e43bf565472d47e623777cebe8de9:0:576957436,26fd417bb91623617d42d52a0ae1ee0c:0:3064848330,10,1.0,0,0,0,0,0,0,512,20,0,512,28,0,252,0,0,260,20,0,512,0.07616966962814331,75.0849380493164,173,0,20,20
1193,A,1193,0.0006821284187026322,0.056350283324718475,nan,nan,512,0,0.0006821284187026322,0.056350283324718475,all_rows,512,0,0.003213075455278158,0.0845703125,0.0010967568960040808,0.0015705560334026813,0.20259433903265744,af33b05334cbec00373bb5c80b0c9c16:0:0,7148484f6fb5acb7a758449b8edae188:0:0,fa560d4f6af1d36065168ac5a7feb8f7:0:0,492b42733d5be39f7a6de3da488c49e9:0:3936193745,db53de2f75e6a13d61ded2e50c31ced2:0:875768295,10,1.0,0,0,0,0,0,0,512,28,0,512,24,0,260,0,0,252,28,0,512,0.07469093799591064,75.77330017089844,174,0,28,28
1194,A,1194,0.0037123477086424828,0.05806216597557068,nan,nan,512,0,0.0037123477086424828,0.05806216597557068,all_rows,512,0,0.006176240276545286,0.087890625,-0.00396566882263869,0.0016775464231614024,0.20631306699942797,0778959700ab8eee63a06abc8dad9016:0:0,a7ece91f29868c70bc3a228a1b188a7d:0:0,83034c3a12d55484e255adeb2ce1b119:0:0,2747b0135ea646997cef5c872a9a05e9:0:3090011254,d0b07c9e275ec08f8afdc694258eebbc:0:3684737069,10,1.0,0,0,0,0,0,0,512,33,0,512,32,0,256,0,0,256,33,0,512,0.07394067943096161,77.0865707397461,176,0,33,33
1195,A,1195,-0.006782610900700092,0.053675923496484756,nan,nan,512,0,-0.006782610900700092,0.053675923496484756,all_rows,512,0,0.008694442920386791,0.090625,-0.0015335489530116319,0.0014477352611720561,0.20137437601806596,25afd3b44bc934bfb988e6550d0e8416:0:0,0ffcfcc5914b44063871177e63f92b05:0:0,8e0a295279f286e023181d5ed7d9d389:0:0,2dedfb6e479451484e0742ba74e7c1e9:0:338459991,5d21d1529b07e37e98194006156cd5d7:0:3597489034,10,1.0,0,0,0,0,0,0,512,19,0,512,19,0,265,0,0,247,19,0,512,0.08078314363956451,77.23360443115234,163,0,19,19
1196,A,1196,0.0005096456152386963,0.056692976504564285,nan,nan,512,0,0.0005096456152386963,0.056692976504564285,all_rows,512,0,0.0009801319101825356,0.1001953125,0.0023890592157840727,0.0016077223466709257,0.1973132129642181,6bcff24cc5f4429a18a0fc05892f7816:0:0,06d4e55a7c10da3f0813ef9e9ea1a9d1:0:0,0353e1d2dd407ba53b8ca29e61374d63:0:0,e53fa5c1b93d4a305f8677b027757de9:0:1558788303,204b6b41d630db0a45608b5d429d8b20:0:711273440,10,1.0,0,0,0,0,0,0,512,28,0,512,23,0,256,0,0,256,28,0,512,0.07453541457653046,76.39060974121094,173,0,28,28
1197,A,1197,0.0029474967159330845,0.06002987176179886,nan,nan,512,0,0.0029474967159330845,0.06002987176179886,all_rows,512,0,0.005900966934859753,0.0646484375,-0.0003567727748304605,0.0017919593374244869,0.1587977780145593,5058758a895f03031ee93f4202106c16:0:0,02bdd84311f9a0c42b88632cb7916f21:0:0,c0b60891f23f0ee8eabd9a9f85e6f438:0:0,77c8502bbd22ca3988ee1ca4424339e9:0:4212104839,bb70e734e18a300143b23c8ddacbd063:1:1860496647,10,1.0,0,0,0,0,0,0,512,25,0,512,21,0,262,0,0,250,25,0,512,0.07848511636257172,76.03479766845703,177,0,25,25
1198,A,1198,0.0027066804468631744,0.0554719939827919,nan,nan,512,0,0.0027066804468631744,0.0554719939827919,all_rows,512,0,0.017386436462402344,0.0998046875,-0.000501173734664917,0.0015012122341431678,0.17598074401030317,ef483ca1748777b61cb7037e77b16016:0:0,719ff7b43b4bb13f83165610884dbb93:0:0,8cfc49dc35560ac0b91064321c69fdcb:0:0,af381384a55e7653c36f92d2c550f5e9:0:718012880,903c18dfe263d74e0b8919f3c7d74cac:0:3260762558,10,1.0,0,0,0,0,0,0,512,29,0,512,30,0,255,0,0,257,29,0,512,0.06807205080986023,75.90535736083984,174,0,29,29
1199,A,1199,-0.00794928427785635,0.053790654987096786,nan,nan,512,0,-0.00794928427785635,0.053790654987096786,all_rows,512,0,0.008359400555491447,0.0484375,-0.0037491837050765754,0.0014435974939260633,0.20138367504114285,996eb4be1c5bd83a08b45c2eea125416:0:0,36cf8723cc05144af78ec7426e226b3e:0:0,79d7d436d0f38ba5c6ebc0ffcb676ba3:0:0,451276ac1085b15be5ec7b77b09eb1e9:0:2153336959,d4cbe6ef8a80f2ffad1b3f4fa8239c4e:0:2261582101,10,1.0,0,0,0,0,0,0,512,26,0,512,21,0,247,0,0,265,26,0,512,0.07753981649875641,74.27915954589844,171,0,26,26
1200,A,1200,0.007860807701945305,0.05572216957807541,nan,nan,512,0,0.007860807701945305,0.05572216957807541,all_rows,512,0,0.008384814485907555,0.064453125,-0.002430547773838043,0.0015425765188410879,0.18659587000729516,81d3e540ff0ebd3773e01cc759334816:0:0,a1701cc3f33b28a7528be317d0198218:0:0,1e264d2cfe806a48e7c9ca8cbbddde37:0:0,16593293497f464060f6b7cf042c6de9:0:1270185002,023c6922960fe13049871b4300b1beaa:0:1270575713,10,1.0,0,0,0,0,0,0,512,29,0,512,27,0,248,0,0,264,29,0,512,0.06961005926132202,73.14344024658203,174,0,29,29
1201,A,1201,-0.0028021116741001606,0.060410141944885254,nan,nan,512,0,-0.0028021116741001606,0.060410141944885254,all_rows,512,0,0.004547757562249899,0.1052734375,-0.00223693186417222,0.0015680141688790173,0.15860266104573384,ccaad629600ef88e7d8dd8bbc5143c16:0:0,bb33f58edcafed16b80f7d5355c20c67:0:0,bf863ce38a609bc767970b6167c11523:0:0,546f8a8f9b870a65fad06914bffa29e9:0:3910952309,2e2c5c674183b3017f8582f4d05d4ace:1:971650363,10,1.0,0,0,0,0,0,0,512,29,0,512,30,0,244,0,0,268,29,0,512,0.06999760866165161,73.64825439453125,193,0,29,29
1202,A,1202,-0.004638175945729017,0.058574408292770386,nan,nan,512,0,-0.004638175945729017,0.058574408292770386,all_rows,512,0,0.007617647759616375,0.0302734375,0.00020447538699954748,0.001670624577673152,0.1575334959779866,63444197f5971a2cc765e3802db53016:0:0,b83f49fc0812ea44a5cabed9bd6e370d:0:0,2807b44e3dc079078c64a6c705d8c9e3:0:0,49a452bf729b784c8b6bf084e407e5e9:0:661221555,7e503b7663e3816a3e967fb35ed82dc2:1:2054642000,10,1.0,0,0,0,0,0,0,512,36,0,512,33,0,258,0,0,254,36,0,512,0.0670848861336708,75.60584259033203,174,0,36,36
1203,A,1203,0.0055757686495780945,0.05112215504050255,nan,nan,512,0,0.0055757686495780945,0.05112215504050255,all_rows,512,0,0.0020400446373969316,0.0552734375,0.0007974604028277099,0.0013027144654188306,0.1551210869802162,6984e5565048a1a36965508893162416:0:0,5ff17c9b4f2f489cf7672db0e6e403aa:0:0,3ab8d3ef0a0f721ccd820ca945ff03be:0:0,3d3dcd8d60914273b86bef5b7055a1e9:0:3342142124,5227fbcf209e31514b2733412e51ad5c:1:4190163344,10,1.0,0,0,0,0,0,0,512,29,0,512,25,0,233,0,0,279,29,0,512,0.0740557387471199,74.68666076660156,186,0,29,29
1204,A,1204,-0.004782861098647118,0.051763758063316345,nan,nan,512,0,-0.004782861098647118,0.051763758063316345,all_rows,512,0,0.00483652064576745,0.046484375,0.0034426184836775066,0.0013341026031412184,0.16013736400054768,603b2154a546dc7ce5ddf348f5371816:0:0,24d9aa870951c0242c10b488c27df5f9:0:0,f504727cf560034ffb4c561e7af3ee2c:0:0,f9cb549c5f08de7fb12346d464e35de9:0:597707040,4e0c8efd141f340ef8be55043d1ee451:1:973862614,10,1.0,0,0,0,0,0,0,512,24,0,512,20,0,276,0,0,236,24,0,512,0.07281641662120819,73.72367858886719,153,0,24,24
1205,A,1205,-0.0014283048221841455,0.051324792206287384,nan,nan,512,0,-0.0014283048221841455,0.051324792206287384,all_rows,512,0,0.009103899821639061,0.0521484375,-0.0014983727131038904,0.001318275078665465,0.15685885603306815,4112dc14634571531d765f3554180c16:0:0,38238bbbc6674abad6589353c153c35a:0:0,0fb1535555d673287cf9aefc40d755d0:0:0,f92548a8e682089dea95182bc1b119e9:0:1321288204,fb6d5e5b5781bb147e66e31a0be8938a:1:338621701,10,1.0,0,0,0,0,0,0,512,33,0,512,27,0,258,0,0,254,33,0,512,0.07063882797956467,74.52713775634766,166,0,33,33
1206,A,1206,0.0021310695447027683,0.059022609144449234,nan,nan,512,0,0.0021310695447027683,0.059022609144449234,all_rows,512,0,0.014656567946076393,0.0474609375,0.00030446499586105346,0.0017117982846684755,0.14799983898410574,9194e5fabafe97a54329e7c1afb90016:0:0,70a416d181157f652e179d37dbd34031:0:0,83c9dc2025fca934627cb0686f64fe18:0:0,cc24072ab2c93f29db74c49d86bed5e9:0:410445454,9556688c4a2859b6ed189dc988b2df1a:0:773116981,10,1.0,0,0,0,0,0,0,512,24,0,512,22,0,256,0,0,256,24,0,512,0.07947035878896713,74.7161865234375,180,0,24,24
1207,A,1207,-0.0013545285910367966,0.053264934569597244,nan,nan,512,0,-0.0013545285910367966,0.053264934569597244,all_rows,512,0,0.006331556476652622,0.058984375,-0.0012118203099817037,0.0014155219483654945,0.14743663900298998,e758488b0384fc6dd048a0620819f416:0:0,3d9e29291958c88b955ebd9996ce572c:0:0,a2ed3f8b0f6685e2d7f0ca799c9a4dd8:0:0,80f2a3c34cfb3691b825ed65b40c91e9:0:4176979832,81f1ee888902d680161657d8cc263b04:1:1160048004,10,1.0,0,0,0,0,0,0,512,25,0,512,33,0,241,0,0,271,25,0,512,0.08119925111532211,75.06376647949219,178,0,25,25
1208,A,1208,0.0011548897018656135,0.05192827433347702,nan,nan,512,0,0.0011548897018656135,0.05192827433347702,all_rows,512,0,0.0023813536390662193,0.0287109375,0.00041566186118870976,0.0013287587615195661,0.1544647760456428,fd10168da2e5537878775c8a5d3ae816:0:0,bceaddb6467d58ad1dd98f9d846f1cf9:0:0,7e2f65f1807ad52f3a468ab9bad8606d:0:0,1a39dec5b35a457b2ebc73c0499a4de9:0:1221727924,fb67cb7150eb91a841999863ad0f2ae8:0:3958983755,10,1.0,0,0,0,0,0,0,512,32,0,512,25,0,245,0,0,267,32,0,512,0.08357799798250198,73.08616638183594,190,0,32,32
1209,A,1209,-0.0006725938292220235,0.053257159888744354,nan,nan,512,0,-0.0006725938292220235,0.053257159888744354,all_rows,512,0,0.0020378478802740574,0.10390625,0.0007078181952238083,0.0014129043614957482,0.15128655801527202,a32f6e2ce38b95781dafafaeaf1bdc16:0:0,c7065b05450b1f0f013abb60227d80bd:0:0,ce102bc18907acc74c60b85e347f290a:0:0,23734963b731c92822fc78e9476809e9:0:3238104881,e7f7a08859251615ec8cf7bf89ecb581:1:3182140392,10,1.0,0,0,0,0,0,0,512,30,0,512,35,0,256,0,0,256,30,0,512,0.08013925701379776,72.42696380615234,172,0,30,30
1210,A,1210,-0.006464948877692223,0.05501197278499603,nan,nan,512,0,-0.006464948877692223,0.05501197278499603,all_rows,512,0,0.024355800822377205,0.1705078125,-0.000842267693951726,0.0015108803287148475,0.1496631019981578,e4376e15dedfeadcc43fed42fdbcd016:0:0,f0321465440e6c38bc84517407904982:0:0,e71f715b6c149555150bf2ac1aa1a375:0:0,9bc3bb4de903821b6a5a5e1cad75c5e9:0:1158797599,3ecf27419dbe335ef12ac980dd14f9bf:0:2512625611,10,1.0,0,0,0,0,0,0,512,25,0,512,33,0,243,0,0,269,25,0,512,0.08205042034387589,72.19912719726562,175,0,25,25
1211,A,1211,-0.002683396218344569,0.053967323154211044,nan,nan,512,0,-0.002683396218344569,0.053967323154211044,all_rows,512,0,0.005391845013946295,0.1484375,-0.007222427194938064,0.0014280652103479952,0.15044463594676927,0127e2b0658f436986cb28bb491dc416:0:0,9326de2eb27cb64370b9a78cc845e1e7:0:0,ab6f97151fa0edbb86f16224693464a3:0:0,59072cd32b3ae8fd87fac4967bc381e9:0:3852751739,baa4762acfe9193a5ea32c2ec2dd9b66:0:1745892562,10,1.0,0,0,0,0,0,0,512,27,0,512,33,0,241,0,0,271,27,0,512,0.09398430585861206,72.01237487792969,186,0,27,27
1212,A,1212,0.0016336184926331043,0.05602476745843887,nan,nan,512,0,0.0016336184926331043,0.05602476745843887,all_rows,512,0,0.005433894228190184,0.06796875,-0.0029265810269862415,0.0015618198493029922,0.15112526499433443,d2bb68858df39a8a8a49358b913eb816:0:0,cc16421d16d93072e39429df1b78c5d1:0:0,e870047bf4c83a0468d2b3312947704b:0:0,307eb3cd43a27bc168b28d92b2513de9:0:1652919491,f30e62f0bdc66bb5614b83c2ffa06040:1:610145060,10,1.0,0,0,0,0,0,0,512,24,0,512,27,0,257,0,0,255,24,0,512,0.09104881435632706,70.61942291259766,162,0,24,24
1213,A,1213,0.0006110568647272885,0.058571960777044296,nan,nan,512,0,0.0006110568647272885,0.058571960777044296,all_rows,512,0,0.0029658060520887375,0.0966796875,-0.0016972245648503304,0.0017206996737513692,0.1957937330007553,fcd2acf1510fe86af206a727d61fac16:0:0,2f6cf4c250ca8bdd30084e03a27aa6ee:0:0,73321e1eabdd4aac93d2f5c828c26bb5:0:0,2a13c8e803d703091f06da4d511ef9e9:0:3087877444,34ad48403f7fb6ca262e985fb49fd8ea:1:1895863326,10,1.0,0,0,0,0,0,0,512,32,0,512,31,0,252,0,0,260,32,0,512,0.09474718570709229,72.2868423461914,175,0,32,32
1214,A,1214,-0.006545303389430046,0.053965866565704346,nan,nan,512,0,-0.006545303389430046,0.053965866565704346,all_rows,512,0,0.003493613563477993,0.04453125,-0.002306561637669802,0.0014482530765235423,0.15493057301500812,977856405e93bfcad3a4d10417c0a016:0:0,4c680f17a1dc8f4afa7fc0d4c2f419ba:0:0,cce756c7bee5091c750343ebd55b7b25:0:0,4ea21e10e0f4cfca9f2d0c02582cb5e9:0:256145969,79667a2c267d9522b07d3b96182e9e98:0:4182519531,10,1.0,0,0,0,0,0,0,512,15,0,512,19,0,262,0,0,250,15,0,512,0.0928947925567627,73.33599090576172,160,0,15,15
1215,A,1215,0.004465974401682615,0.053288884460926056,nan,nan,512,0,0.004465974401682615,0.053288884460926056,all_rows,512,0,0.01067993976175785,0.0892578125,-0.0026278338162228467,0.001407239749096334,0.15192895400105044,d8f7f060105a98952b19c69456219416:0:0,e8aacad0085f111a4af805a015bc6ca8:0:0,517449578f21a2006fa8c1f60b0136d9:0:0,c9732e1d12baf1347b0ac3edc77a71e9:0:2071737712,21236a04aacb5c0d826f310623e57910:1:497241179,10,1.0,0,0,0,0,0,0,512,21,0,512,33,0,275,0,0,237,21,0,512,0.09344920516014099,74.79920959472656,161,0,21,21
1216,A,1216,-0.004106979817152023,0.04825654253363609,nan,nan,512,0,-0.004106979817152023,0.04825654253363609,all_rows,512,0,0.005209035240113735,0.05859375,0.002502275980077684,0.0011572136951144784,0.15195819601649418,435e034b25dac735ceb05b4c91428816:0:0,5e100bf289fa90dbfcd6a35d6a3956ce:0:0,48d0fea555c8a5f5a8daa476d2cbb56f:0:0,a14c48f4926062d29e35e34b9f082de9:0:3205326927,5f4a82c9ac4c95a2b93dac9808504f87:0:968117196,10,1.0,0,0,0,0,0,0,512,25,0,512,30,0,269,0,0,243,25,0,512,0.0907508134841919,73.13916778564453,163,0,25,25
1217,A,1217,-0.0016584396362304688,0.049926403909921646,nan,nan,512,0,-0.0016584396362304688,0.049926403909921646,all_rows,512,0,0.006014902610331774,0.0599609375,-0.0005760174710303545,0.0012154237425420432,0.1588411700213328,3a1e3462aff820af630822a0c9237c16:0:0,849de6807336ff19878bbd9e58d48735:0:0,8c8ab5e03e6d1a6f82b6bd7fc550bed2:0:0,c66136d0915732f309f48b57ded5e9e9:0:3737364417,c49d1002b4ad24eba865fb47a5836df8:0:1973586071,10,1.0,0,0,0,0,0,0,512,31,0,512,31,0,225,0,0,287,31,0,512,0.09792688488960266,73.06242370605469,175,0,31,31
1218,A,1218,0.001909881830215454,0.05169573426246643,nan,nan,512,0,0.001909881830215454,0.05169573426246643,all_rows,512,0,0.0032782582566142082,0.069140625,-0.006426541693508625,0.001318678993266076,0.15667477599345148,0f4e03e755ae4b714f157004fdc47016:0:0,ca8ad7cf36077be1a740cda0b66530fc:0:0,11e89b8c62adb625aa830d19af9da51e:0:0,206aa05c4039a14a913d1d4e86e3a5e9:0:2746308541,86d9efce0291f52a01926d194192c626:1:2709625222,10,1.0,0,0,0,0,0,0,512,23,0,512,32,0,264,0,0,248,23,0,512,0.10232082009315491,71.78888702392578,166,0,23,23
1219,A,1219,0.0003974265418946743,0.054115865379571915,nan,nan,512,0,0.0003974265418946743,0.054115865379571915,all_rows,512,0,0.002861768938601017,0.0435546875,0.002527647651731968,0.0014607534918468445,0.15697523701237515,e79f5bcbda06bcedb02156ed2f256416:0:0,cb8cd694b91d78434a7bdb1cfe1a07bc:0:0,c4e040cc9edd379412cabf3e9b4d6250:0:0,334838c6fe1d35d994b63a6b973161e9:0:1124761568,5148dac5db33240dfb6e5ac69ae79670:1:1260903074,10,1.0,0,0,0,0,0,0,512,26,0,512,27,0,259,0,0,253,26,0,512,0.10622749477624893,70.68732452392578,180,0,26,26
1220,A,1220,0.0020076525397598743,0.05445660650730133,nan,nan,512,0,0.0020076525397598743,0.05445660650730133,all_rows,512,0,0.0033440422266721725,0.17265625,-0.0030987099977210163,0.001468903454951942,0.1608068869682029,a5cdbd1e8bce63ef4dc9aacd5d465816:0:0,bd090f06af1e513a7e05e88f613b2643:0:0,89c05f5358bab09269bcd7dc73ccd04a:0:0,613b32174887d010beb6c3eb0fbf1de9:0:953022943,42e561ee3d40d49fbcfc07f31731141d:1:3229810201,10,1.0,0,0,0,0,0,0,512,26,0,512,35,0,257,0,0,255,26,0,512,0.10452143102884293,69.6149673461914,173,0,26,26
1221,A,1221,-0.029370669275522232,0.0761108323931694,nan,nan,512,0,-0.029370669275522232,0.0761108323931694,all_rows,512,0,0.010154394432902336,0.10234375,-0.004476374667137861,0.0021521148388274013,0.16423443600069731,be43654c077effaf8e00ff1988274c16:0:0,c4faed4e6083fcaa2aa6ee02419ee603:0:0,adfc4dedddf291e807901cf81a64875f:0:0,5025cb4e0442ae35bf45db08f08cd9e9:0:3883781878,5ffdd7b3b4c7a105ad404832ac9672ea:1:2745688037,10,1.0,0,0,0,0,0,0,512,24,0,512,17,0,266,0,0,246,24,0,512,0.11339137703180313,69.08441925048828,166,0,24,24
1222,A,1222,0.0070413509383797646,0.0547495111823082,nan,nan,512,0,0.0070413509383797646,0.0547495111823082,all_rows,512,0,0.013061276637017727,0.062109375,0.0003052683547139168,0.0014958022511564195,0.15397346700774506,bf19448273d023ac690ea745afc84016:0:0,6646e2add76d9bf5e002a3b65cf0933b:0:0,5d6ac2ed635fb5db88161775e9c79df8:0:0,0b98cb29f7476d08081ae101399a95e9:0:1088457354,3a78ecc7ccadbefaf3626f5be42eead9:0:1351558250,10,1.0,0,0,0,0,0,0,512,30,0,512,23,0,248,0,0,264,30,0,512,0.10759147256612778,71.58786010742188,175,0,30,30
1223,A,1223,-0.004683936480432749,0.054613277316093445,nan,nan,512,0,-0.004683936480432749,0.054613277316093445,all_rows,512,0,0.00671237800270319,0.04296875,-0.0023726030718535184,0.0014815702743362635,0.15978737396653742,dbfd12812163e83e5d8eb6c5d4293416:0:0,19d545492577fcb394303c7e28cc1c99:0:0,2f2b716ff96b9e7488c467fb4efdbd29:0:0,b00f799b8c02ffa5889d770feae851e9:0:3913707178,c196601d9841c6d1bb8abd3ffbd39733:0:3710018450,10,1.0,0,0,0,0,0,0,512,21,0,512,22,0,256,0,0,256,21,0,512,0.11446299403905869,70.28620910644531,169,0,21,21
1224,A,1224,1.805770443752408e-05,0.054028481245040894,nan,nan,512,0,1.805770443752408e-05,0.054028481245040894,all_rows,512,0,0.005396788939833641,0.0869140625,0.00300136455334723,0.0014507029205560683,0.1592218949808739,45bc3725360347ee6472010df54a2816:0:0,955124e6b0e06557364278d7c64992db:0:0,228b8674b1c2a0052f001f3cca1ffb6f:0:0,44ce2539362a9faf69e57e7104760de9:0:1227036309,d45327226a400685107fcb21de59f3ba:0:1734352288,10,1.0,0,0,0,0,0,0,512,22,0,512,19,0,258,0,0,254,22,0,512,0.10783455520868301,69.68624114990234,163,0,22,22
1225,A,1225,-0.0013843618799000978,0.04979204759001732,nan,nan,512,0,-0.0013843618799000978,0.04979204759001732,all_rows,512,0,0.0021288562566041946,0.1666015625,0.021014387672767042,0.0012215262104291469,0.15856478997739032,def09808cbde298be4fe1992132b1c16:0:0,791ee26028525cd70c9c7c0e9d1b7f75:0:0,e9188b990fd514557425ac9340461aa9:0:0,71a67945115eb5aecabb18608643c9e9:0:1909965947,094a96b8ac8e60a27b3f3626dde19bab:0:1553819687,10,1.0,0,0,0,0,0,0,512,16,0,512,16,0,259,0,0,253,16,0,512,0.10761929303407669,69.47254180908203,172,0,16,16
1226,A,1226,0.0024696916807442904,0.05952483043074608,nan,nan,512,0,0.0024696916807442904,0.05952483043074608,all_rows,512,0,0.008316373452544212,0.09140625,-0.0020693841623142363,0.0017601145023945718,0.14920985494973138,5755ac8ead431702a8cd53c62dcc1016:0:0,c21106b18724d677ddc53c0a1889ad35:0:0,89bdc6a0873db1b82753c82c3905b9bc:0:0,7cafdc1491d7b9b97b96a61a705185e9:0:3272374432,acea0663b70a9e938ef4ab0f5aaa4ede:0:2912793626,10,1.0,0,0,0,0,0,0,512,18,0,512,17,0,260,0,0,252,18,0,512,0.10629550367593765,70.00080108642578,169,0,18,18
1227,A,1227,-0.005539511796087027,0.060002099722623825,nan,nan,512,0,-0.005539511796087027,0.060002099722623825,all_rows,512,0,0.004498128779232502,0.120703125,-0.005944060604088008,0.0018010080966632813,0.15074938599718735,3a607db99542a0f0cfcec31e452d0416:0:0,7311ca1100488fe2ea2457836ae300ac:0:0,87ec766f487e267dafe4ed035efc1cde:0:0,fa08bceb5f590c56baa0c8dac29f41e9:0:44159174,4deecaf367ec59a48ea60c760009073c:0:2882738281,10,1.0,0,0,0,0,0,0,512,25,0,512,35,0,279,0,0,233,25,0,512,0.10240954905748367,70.47307586669922,164,0,25,25
1228,A,1228,0.0025549703277647495,0.05666209012269974,nan,nan,512,0,0.0025549703277647495,0.05666209012269974,all_rows,512,0,0.004032087046653032,0.166796875,0.01846926477737725,0.0015258338418789208,0.15699782100273296,68946f329db26efcc4463b0e594df816:0:0,55dc1f09335f2c82dbd5fb9eb00cf448:0:0,b112d8f986150fd080bb64f79c40b9eb:0:0,5d38239ab2a5c7a3efb261dd7d2cfde9:0:309630309,f30f7c3e989e5d8e3274fe14e372c9e5:0:397943463,10,1.0,0,0,0,0,0,0,512,28,0,512,22,0,249,0,0,263,28,0,512,0.09506959468126297,69.2796630859375,179,0,28,28
1229,A,1229,0.0004906149697490036,0.05211733281612396,nan,nan,512,0,0.0004906149697490036,0.05211733281612396,all_rows,512,0,0.003746476024389267,0.058203125,0.004779162537306547,0.001302394800586626,0.16445692599518225,2278dae74303fceb2ecc4f0a6a2eec16:0:0,95c2af54be1cecb5921dae06fd8db642:0:0,d54ea2c4cdf9127c43ebae345c240797:0:0,b104fb76cdb388b96854925e9ffab9e9:0:2458199187,15cd95b035106bbd821545be320ebb50:1:1824441984,10,1.0,0,0,0,0,0,0,512,28,0,512,27,0,221,0,0,291,28,0,512,0.09685637056827545,69.93677520751953,201,0,28,28
1230,A,1230,0.0030647851526737213,0.053737569600343704,nan,nan,512,0,0.0030647851526737213,0.053737569600343704,all_rows,512,0,0.01562611013650894,0.076953125,-0.005039274401497096,0.0013906618987675756,0.15981810598168522,9cc8a8ac26630474ea4e528677cfe016:0:0,23e864a3fa21c06b8a163197fb467d89:0:0,a7d21ae59eee6a3bd5c9d688f96b5a75:0:0,a7d2767466d7314f13c0bb9a2b0875e9:0:4146524066,af3651da2a724bf471cc13a8f49e21a7:0:1314643341,10,1.0,0,0,0,0,0,0,512,30,0,512,16,0,247,0,0,265,30,0,512,0.09254398941993713,69.22859191894531,187,0,30,30
1231,A,1231,-0.0041345697827637196,0.05731204152107239,nan,nan,512,0,-0.0041345697827637196,0.05731204152107239,all_rows,512,0,0.00964291300624609,0.1294921875,-0.0004744088277220726,0.0015396465663798154,0.16052848898107186,64351f56768f93dcf80e58f68230d416:0:0,6007265e5e4d99ebeab272373873b24d:0:0,5c85b31f87a906c1abdbee3c6333c160:0:0,840684801f27a1a13ee07ecc1e5631e9:0:12109860,7b706f646c36c39b735bab091e55ee34:0:3381442236,10,1.0,0,0,0,0,0,0,512,24,0,512,20,0,253,0,0,259,24,0,512,0.08949755132198334,67.29801177978516,177,0,24,24
1232,A,1232,0.007937168702483177,0.0580596998333931,nan,nan,512,0,0.007937168702483177,0.0580596998333931,all_rows,512,0,0.0024193418212234974,0.0671875,0.0043631104286760095,0.0015967470942996442,0.1617436669766903,00a034c2a7e7d14673a335ce8951c816:0:0,c4aa87d38b0b6994a71a7bd636c2880d:0:0,3f088c29a8044f51f06312a71da48ba8:0:0,8df0b6625c526a95504dbd3079e3ede9:0:1152790767,4f44f207a7da13ee0eae9dc9d62b7644:0:750078013,10,1.0,0,0,0,0,0,0,512,22,0,512,23,0,266,0,0,246,22,0,512,0.07991131395101547,68.1861343383789,167,0,22,22
1233,A,1233,-0.0038188244216144085,0.06355618685483932,nan,nan,512,0,-0.0038188244216144085,0.06355618685483932,all_rows,512,0,0.015716461464762688,0.049609375,0.0004571712575852871,0.001956548570888117,0.16491174401016906,a8c89e43e4156aca86f87c828d32bc16:0:0,53eeedd6f22f3dbb92dbfd75cc094e7a:0:0,02679a9420ed675848ed57f83f54d8ba:0:0,7354fac21e1e781e845298033db1a9e9:0:989667199,6f7b5ba9e4144b6bbd76a655bc4157f9:1:178491994,10,1.0,0,0,0,0,0,0,512,23,0,512,23,0,259,0,0,253,23,0,512,0.07835172861814499,67.81612396240234,164,0,23,23
1234,A,1234,-0.007784905843436718,0.05447017773985863,nan,nan,512,0,-0.007784905843436718,0.05447017773985863,all_rows,512,0,0.005130393896251917,0.0673828125,-0.003433862165547907,0.0014840336807537824,0.1588272589724511,ccc2d2fc59d2b34e5e4e80868dd3b016:0:0,017d0d435e68ea51b9ef1a0b09cac08c:0:0,c6585227e7f638b874805dd5d41c8815:0:0,8c667719a7d8b3e2a8e9708069bf65e9:0:969734849,d160a03146c8b3e182ca82c4956dba26:1:2721013050,10,1.0,0,0,0,0,0,0,512,23,0,512,28,0,252,0,0,260,23,0,512,0.08033555001020432,68.4972915649414,169,0,23,23
1235,A,1235,0.005892085377126932,0.05967523902654648,nan,nan,512,0,0.005892085377126932,0.05967523902654648,all_rows,512,0,0.014218702912330627,0.1099609375,0.00889028743840754,0.0017686003469862045,0.15689182601636276,240615a3553b6c191c3a554e8b34a416:0:0,cad160601b02dd83377b06eda54ed335:0:0,219aa84acc466477b194cce6b6832670:0:0,22e34db015e6a01ed9bce7e3fe0d21e9:0:4160446378,bfafa56066ac7c0b14d8122388f4452e:1:1854397616,10,1.0,0,0,0,0,0,0,512,19,0,512,20,0,268,0,0,244,19,0,512,0.08362186700105667,67.76513671875,162,0,19,19
1236,A,1236,-0.006303310394287109,0.05025939270853996,nan,nan,512,0,-0.006303310394287109,0.05025939270853996,all_rows,512,0,0.0035113489720970392,0.0921875,0.0013329028151929379,0.001258521608542651,0.1622146720183082,200b7342c91d3b29cda5ce4e85559816:0:0,40ef2c968feb0672d77bcec46358405a:0:0,a26e9da11102505a4d4bfe9908dcf5d9:0:0,02626ceb37baeacc3c27df69fa9adde9:0:1044755330,c57793b8eb021d917283e55fc7512158:1:997430825,10,1.0,0,0,0,0,0,0,512,19,0,512,25,0,266,0,0,246,19,0,512,0.07744821906089783,69.27908325195312,170,0,19,19
1237,A,1237,-0.0031051805708557367,0.058084163814783096,nan,nan,512,0,-0.0031051805708557367,0.058084163814783096,all_rows,512,0,0.014155677519738674,0.0564453125,0.0035491154296323655,0.0016969546442851425,0.17416867101565003,833e707ab1bbce4d5dcf7efa7c368c16:0:0,6bd007f1c07f4eaba58e4821f0a2c279:0:0,c8cb43c13cd3fb5f4e171843198f8fba:0:0,55008b8d4667f904bb35784e5f6899e9:0:2064084849,639a80e288178eaf166046ea065da02a:0:1244562805,10,1.0,0,0,0,0,0,0,512,28,0,512,17,0,256,0,0,256,28,0,512,0.07558871060609818,68.29634094238281,170,0,28,28
1238,A,1238,0.007883777841925621,0.05476627126336098,nan,nan,512,0,0.007883777841925621,0.05476627126336098,all_rows,512,0,0.0014146453468129039,0.0732421875,0.004445591010153294,0.0014951053133700043,0.19591185596073046,c20bdedd797caaf48a4abac66fd78016:0:0,003e0fa21720b29a9824c4a745cd56b6:0:0,209a919a6f2bf928c85666b50ce6be48:0:0,a5b138b2500c6aa7c3a113cd2c7655e9:0:3216915743,72047d1ffab43499d4a390acf7da6d9e:0:3605368954,10,1.0,0,0,0,0,0,0,512,30,0,512,23,0,247,0,0,265,30,0,512,0.07110321521759033,69.1553955078125,176,0,30,30
1239,A,1239,-0.00481643108651042,0.05983956158161163,nan,nan,512,0,-0.00481643108651042,0.05983956158161163,all_rows,512,0,0.001716558588668704,0.086328125,0.003376382985152304,0.001786021376028657,0.16652134200558066,1df307fd47eeaac9d6ff952660387416:0:0,e9a5b9de589b073f461b7716e13d4a00:0:0,140027a3fade5caf768e76acb7cade08:0:0,59cc65a17055963effd6532261c411e9:0:1176460952,1fff9309d81e39fa994d7ee92623ffea:1:554526171,10,1.0,0,0,0,0,0,0,512,31,0,512,23,0,275,0,0,237,31,0,512,0.07305508852005005,69.23825073242188,174,0,31,31
1240,A,1240,0.00396601902320981,0.06132078543305397,nan,nan,512,0,0.00396601902320981,0.06132078543305397,all_rows,512,0,0.007983571849763393,0.074609375,0.00028561754152178764,0.0018695705570280553,0.19382856000447646,756003c6e3a12507822ae18e4d596816:0:0,42abf5cdb5b56b8ff1a091a25c4f7a22:0:0,2646eda3cdcd1abea251414d4919dcdf:0:0,96400ac62e53fd2313f11789ff51cde9:0:2122846598,fc57cfb2d78de8a24080f36d091c7100:0:2041477567,10,1.0,0,0,0,0,0,0,512,33,0,512,23,0,276,0,0,236,33,0,512,0.07721174508333206,69.57777404785156,183,0,33,33
1241,A,1241,0.004473851062357426,0.0635438933968544,nan,nan,512,0,0.004473851062357426,0.0635438933968544,all_rows,512,0,0.01287132315337658,0.108984375,0.009171714866533875,0.0017796323285438121,0.15575899998657405,eb83abcb8f3ec48d785e3372373a5c16:0:0,52db61ba56c378b518d65793dfce12d0:0:0,454a30ffa97870350022f88269c281cd:0:0,da58806697ddb7e059bd8240051f89e9:0:2483591755,c4d0cc4d60eae8ac63e37b5522304fe3:1:3683393901,10,1.0,0,0,0,0,0,0,512,27,0,512,32,0,265,0,0,247,27,0,512,0.07662476599216461,68.91117095947266,187,0,27,27
1242,A,1242,-0.004545346833765507,0.0564785934984684,nan,nan,512,0,-0.004545346833765507,0.0564785934984684,all_rows,512,0,0.00849488191306591,0.0462890625,-0.003144414117559791,0.0015274549892637878,0.1763946340070106,2e162d200a600ab7487fde461ddb5016:0:0,8df3edcd08ab0397ac0a45448537c6b8:0:0,ad908387d3d51bba2257d3300a884d65:0:0,2a98d6eaf2badadb9cb7f480732d45e9:0:3433925576,2a49e89f8d1a2e500281695e58b27fa4:1:2097820192,10,1.0,0,0,0,0,0,0,512,30,0,512,23,0,261,0,0,251,30,0,512,0.07291701436042786,70.20537567138672,178,0,30,30
1243,A,1243,0.0003566016093827784,0.055779486894607544,nan,nan,512,0,0.0003566016093827784,0.055779486894607544,all_rows,512,0,0.016766516491770744,0.1060546875,0.0038554309867322445,0.0015193339320831,0.1711312200059183,98b4be7b9e897ef217caf57e013c4416:0:0,4b4d3121bd29d34678b88fffabe80676:0:0,4ab889b8bec7ba8a3ea2a5b326d4866e:0:0,f9dee9cc1bd7d336d60d0f87497b01e9:0:3209664813,120c0557f7c20900065f38ef75c78f6c:1:3242537947,10,1.0,0,0,0,0,0,0,512,27,0,512,22,0,265,0,0,247,27,0,512,0.07254693657159805,68.58000183105469,174,0,27,27
1244,A,1244,0.0006994887953624129,0.052668772637844086,nan,nan,512,0,0.0006994887953624129,0.052668772637844086,all_rows,512,0,0.010556483641266823,0.06015625,-0.001380310906097293,0.0013688496605027468,0.1606442829943262,23197846e0c98b1295cf4c8de15d3816:0:0,3896b353760686ccbbeb149ba02b0c2b:0:0,703470e69990f45c4fd2b3d9cbcaef6a:0:0,9e4d137decb9bbf5e899b4908808bde9:0:3670630924,781c598ded6b2cf3ecc2c57347cbfbc4:1:2860735710,10,1.0,0,0,0,0,0,0,512,27,0,512,23,0,249,0,0,263,27,0,512,0.06993555277585983,69.29536437988281,178,0,27,27
1245,A,1245,-0.004226531833410263,0.06253000348806381,nan,nan,512,0,-0.004226531833410263,0.06253000348806381,all_rows,512,0,0.010758643969893456,0.1060546875,0.008904640353284777,0.0019358126912266016,0.16350349294953048,4585b84e906a046af07176e9be3e2c16:0:0,4a0d0fd75ee2cb69fa9f0b8271469083:0:0,7f0ad47cc94ca15851be19a6507ac37d:0:0,926d4feb3f70ab635ceb04d82ed679e9:0:823815464,9fd32f95fb37cc3f0a9fcb8d4184e3d8:1:829777503,10,1.0,0,0,0,0,0,0,512,32,0,512,28,0,276,0,0,236,32,0,512,0.0719541534781456,69.07412719726562,168,0,32,32
1246,A,1246,0.0005891434848308563,0.05646831542253494,nan,nan,512,0,0.0005891434848308563,0.05646831542253494,all_rows,512,0,0.0024766232818365097,0.06640625,0.00040282607078552247,0.0015783076349180191,0.16949338803533465,2a1bdad3bb2961a0c7eac80597df2016:0:0,3ab046c98bc01ead2faa136394fdf4d7:0:0,7eb8e7478c4df59878e3a88e00b75753:0:0,91f73e596943f8b51d3e619a3de435e9:0:894074069,e0ac12dc9b52a7881ff7a4a89e677710:1:1538683909,10,1.0,0,0,0,0,0,0,512,34,0,512,32,0,253,0,0,259,34,0,512,0.06629183888435364,70.68280792236328,195,0,34,34
1247,A,1247,0.005461362190544605,0.057691674679517746,nan,nan,512,0,0.005461362190544605,0.057691674679517746,all_rows,512,0,0.006221754010766745,0.0447265625,-0.0008022955618798733,0.0016067606338765472,0.17159664304926991,f75466b70f6f9d4322c953556e401416:0:0,da51affcaaa310da715aff32f7ee2318:0:0,6ff1d59f8ac7b3393b434153a7cea5e2:0:0,54d3d2c9445479f131816c12b531f1e9:0:742441770,c57f0dd8175f6383b6ca3e4f4579154a:1:2580261139,10,1.0,0,0,0,0,0,0,512,23,0,512,21,0,254,0,0,258,23,0,512,0.06773091852664948,70.07642364501953,162,0,23,23
1248,A,1248,-0.007570539601147175,0.057985883206129074,nan,nan,512,0,-0.007570539601147175,0.057985883206129074,all_rows,512,0,0.0049462104216217995,0.0537109375,-0.0013439625035971403,0.001656242023454979,0.1574164199992083,1bf5128204f2c52061efec4d41610816:0:0,070179170e3dd89779b9eaac68c3b04c:0:0,c85b56b4f95e5c53b74b6b4fd412ce03:0:0,caa6a22c2070ba127b52057d94bfade9:0:701787443,30a995e7b7e766127fefb707f0f8e88a:0:3917804642,10,1.0,0,0,0,0,0,0,512,23,0,512,27,0,265,0,0,247,23,0,512,0.0659782737493515,69.29145050048828,183,0,23,23
1249,A,1249,-0.005059926770627499,0.0543048121035099,nan,nan,512,0,-0.005059926770627499,0.0543048121035099,all_rows,512,0,0.0034692930057644844,0.0625,-0.0020001749973744152,0.001462939806515351,0.16014509997330606,a4b54415443f365c349626611141fc16:0:0,c4cb01658c5d771c30faa65b77fface1:0:0,a9199e1206e3259381609d996364e3ff:0:0,cd8d8c033357276d71fe4f16dc8d69e9:0:2019737083,c069b10fbf8c5ea83db58c518c213357:1:1029583789,10,1.0,0,0,0,0,0,0,512,37,0,512,29,0,254,0,0,258,37,0,512,0.06641791015863419,68.49969482421875,184,0,37,37
1250,A,1250,0.00026254772092215717,0.05573420599102974,nan,nan,512,0,0.00026254772092215717,0.05573420599102974,all_rows,512,0,0.01290416531264782,0.0603515625,-0.003673891443759203,0.0015440315881278365,0.17369978700298816,23cbdcc8759786458c485504dde2f016:0:0,a06d5e7ec521fc72c7721cbb4cfc5358:0:0,253da97db7de80ef6cf4b29246cd2f27:0:0,d42c174060a23a54de84aa1a8c9b25e9:0:1173018465,ffa5b45a2216a2d45bf80bdde7c6e012:0:1220247311,10,1.0,0,0,0,0,0,0,512,35,0,512,29,0,250,0,0,262,35,0,512,0.06940077990293503,68.89804077148438,180,0,35,35
1251,A,1251,0.0005025698337703943,0.05734584480524063,nan,nan,512,0,0.0005025698337703943,0.05734584480524063,all_rows,512,0,0.013653124682605267,0.1025390625,-0.003650291496887803,0.0016239850141573698,0.16584663902176544,efbd47cc5fa017ec90e78baca743e416:0:0,c77e54dcd41712af3f7e495dbd91c0e5:0:0,f2a1954e463a496bcbde19a21a1045e3:0:0,c1b8277f719a93fe9793b7c4a4e8e1e9:0:2428228978,813c3b13dc2afe906833ab29cd658414:0:290421380,10,1.0,0,0,0,0,0,0,512,33,0,512,31,0,271,0,0,241,33,0,512,0.08053771406412125,68.59332275390625,172,0,33,33
1252,A,1252,-0.0008099947590380907,0.054843246936798096,nan,nan,512,0,-0.0008099947590380907,0.054843246936798096,all_rows,512,0,0.003960822243243456,0.0595703125,0.0005601308774203062,0.001499598956434056,0.16724655299913138,d5a6d8a4fe4a5e7894a99dcc6d64d816:0:0,db591fcd73fe54e824eeac87c71fe228:0:0,915bdbc72036d35fdf6e4be8958ab573:0:0,16d9baef152b15a83d8a595125769de9:0:156933917,6f4ceb927ef6e2ddcebe0639592e9154:0:4212027700,10,1.0,0,0,0,0,0,0,512,32,0,512,32,0,273,0,0,239,32,0,512,0.07826638966798782,70.76236724853516,159,0,32,32
1253,A,1253,0.007119884714484215,0.055107735097408295,nan,nan,512,0,0.007119884714484215,0.055107735097408295,all_rows,512,0,0.0129768131300807,0.0712890625,-0.0010095953475683928,0.0015220193017739803,0.16090892598731443,28b59395fa73cc3e08191ed83045cc16:0:0,4123ff9809349cc40fcd584c0145ab52:0:0,4dff7c0af910d06ac6193f3f71fa1645:0:0,000728814032effbf677affc0e4459e9:0:4134569853,1a0570bf35e958ad013ee0d618c113dc:0:3295473217,10,1.0,0,0,0,0,0,0,512,31,0,512,33,0,254,0,0,258,31,0,512,0.0801658034324646,71.67432403564453,171,0,31,31
1254,A,1254,-0.005449315998703241,0.054576847702264786,nan,nan,512,0,-0.005449315998703241,0.054576847702264786,all_rows,512,0,0.005345875397324562,0.06328125,-0.003014848381280899,0.0014914779574610292,0.16442462499253452,b93279e0aaac6e946e156243efe6c016:0:0,7c78001bededdb77b0afb0e40f969a3d:0:0,4c7c2334b8ddd4c7af40a4b2e7f84d01:0:0,95dad93ac671aab52a1b1d015f5215e9:0:3704167930,6599034e8dac65691b66dcf74785d378:0:349898943,10,1.0,0,0,0,0,0,0,512,30,0,512,29,0,237,0,0,275,30,0,512,0.08300493657588959,70.53793334960938,205,0,30,30
1255,A,1255,-0.0048165954649448395,0.054917898029088974,nan,nan,512,0,-0.0048165954649448395,0.054917898029088974,all_rows,512,0,0.008770747110247612,0.060546875,-0.002412202535197139,0.0014930734469089657,0.1762681629625149,0e5567b78599366c4fd27b83ac47b416:0:0,c35c469913e0ace9b7a737f51bedbe97:0:0,0c0e5602ddebd6e3501fa3b789573c1e:0:0,a1eeb6ba444924853de4419d189fd1e9:0:660395765,bd376a322cb51802e0310bca1defa93d:0:3287311029,10,1.0,0,0,0,0,0,0,512,24,0,512,25,0,254,0,0,258,24,0,512,0.08167102932929993,71.8377456665039,185,0,24,24
1256,A,1256,0.003070043632760644,0.05468291789293289,nan,nan,512,0,0.003070043632760644,0.05468291789293289,all_rows,512,0,0.010185261256992817,0.1091796875,-0.00792803424410522,0.00147394550149329,0.1617418469977565,9ba179cfae65eda530d93e0b6568a816:0:0,afd4a25f1842bd6114381514f864854f:0:0,b603b8a178eec13289fe7916521c65de:0:0,e754844eb1918b3850f2ff0b3a2d8de9:0:3544031941,1b7f367573592e6faf338ff7a399362b:1:315699942,10,1.0,0,0,0,0,0,0,512,23,0,512,25,0,265,0,0,247,23,0,512,0.08665794879198074,71.94327545166016,171,0,23,23
1257,A,1257,0.006351543124765158,0.05644304305315018,nan,nan,512,0,0.006351543124765158,0.05644304305315018,all_rows,512,0,0.004452138673514128,0.0912109375,-0.008375560818240046,0.0015375383663922548,0.16282045101979747,f1aacc7e03bad92383073d4f1b499c16:0:0,b25b9d7beec3f2f6a1c6c0bc47f4f90f:0:0,63b641cb569c3030841db8baaa61d9e6:0:0,d1090f3635bb4c19f8177687c3fb49e9:0:3885703012,acfc481e984773649dc5c5994f8d6ce7:1:2969237827,10,1.0,0,0,0,0,0,0,512,26,0,512,32,0,256,0,0,256,26,0,512,0.08756593614816666,73.25562286376953,181,0,26,26
1258,A,1258,-0.003502639476209879,0.05458812788128853,nan,nan,512,0,-0.003502639476209879,0.05458812788128853,all_rows,512,0,0.006678994279354811,0.0869140625,0.0018077036831527949,0.0014590692124329507,0.16535927797667682,778d3651d9aa07a69a8eccc2cdea9016:0:0,c3dfd9e3c3a138dcd8e1c88d836d0e86:0:0,a15123c790fbf784923f187d05a63837:0:0,0b0295de157afc99f9d2094eb60905e9:0:1018439460,69420cf2ad588339bf59c744bbc7ebcb:0:2816097461,10,1.0,0,0,0,0,0,0,512,27,0,512,23,0,250,0,0,262,27,0,512,0.09193592518568039,73.5405502319336,164,0,27,27
1259,A,1259,-0.0010221078991889954,0.054364148527383804,nan,nan,512,0,-0.0010221078991889954,0.054364148527383804,all_rows,512,0,0.0032775183208286762,0.0373046875,0.0008769940584897995,0.0014727674890309573,0.15776162798283622,6ace642447084d5ea1f6ffda7d4b8416:0:0,685b568fd46a53357c39f70d152b98f9:0:0,c2ce675624ed343717d42fa6a643b259:0:0,73f8f53cd23b3b310a53589c1056c1e9:0:652193159,cd063070c3732cce6575668971cbce45:0:1793013335,10,1.0,0,0,0,0,0,0,512,32,0,512,38,0,245,0,0,267,32,0,512,0.09306298196315765,73.12984466552734,186,0,32,32
1260,A,1260,-0.001667975215241313,0.05368891730904579,nan,nan,512,0,-0.001667975215241313,0.05368891730904579,all_rows,512,0,0.010075023397803307,0.0875,4.9863755702972415e-05,0.001381813210900873,0.1540745940292254,13a37497aea5ec428e1baa0a296c7816:0:0,4d0f4e50765a7835189ffda6723e4785:0:0,6ee54641a176055b1870c668dd434eb3:0:0,8f00169fd3908885877c45abd2e47de9:0:2150538925,2a7fc88ecb58cfbd296604b49c9a66ef:0:1417725555,10,1.0,0,0,0,0,0,0,512,24,0,512,29,0,261,0,0,251,24,0,512,0.09115276485681534,74.16690826416016,179,0,24,24
1261,A,1261,0.023695847019553185,0.07838398218154907,nan,nan,512,0,0.023695847019553185,0.07838398218154907,all_rows,512,0,0.00622181361541152,0.0357421875,-0.0007741611450910568,0.001859174104174599,0.16435960796661675,a85add07ecdae926122d5ec5d24d6c16:0:0,1cd784e92173eb7af3b0a65dd17775d5:0:0,ce9f9df1257487c1b2c106c1f095fa47:0:0,acc2bf8632eb18d034ddf1b9fdb239e9:0:3355044644,723f8d3a45b56249f68f7e3c0ed70d04:1:3056006360,10,1.0,0,0,0,0,0,0,512,23,0,512,25,0,252,0,0,260,23,0,512,0.0926227793097496,75.05079650878906,167,0,23,23
1262,A,1262,-0.009392110630869865,0.06014939397573471,nan,nan,512,0,-0.009392110630869865,0.06014939397573471,all_rows,512,0,0.003631254658102989,0.0826171875,-0.0032675051130354404,0.0016741940227802843,0.1599147729575634,a0bf01f051db0d8f93b1718177ee6016:0:0,cefec546e763d4f1a9310418c0aae9bb:0:0,a267e19ee98e38ed42bae88d71e87612:0:0,f4dd486281c29d80f7b9be0290bff5e9:0:455586560,9c7b826af1d0648831e39a5f84a3824d:0:1793779661,10,1.0,0,0,0,0,0,0,512,36,0,512,33,0,247,0,0,265,36,0,512,0.08692576736211777,76.3466796875,206,0,36,36
1263,A,1263,0.0013105436228215694,0.05411847308278084,nan,nan,512,0,0.0013105436228215694,0.05411847308278084,all_rows,512,0,0.0038431803695857525,0.094140625,0.002868046844378114,0.001442155585391447,0.17311529396101832,966480d15145964e1e81f5b11a4f5416:0:0,1ddb694d43b5e9db460e92f4333e89e4:0:0,a3810b167d2d47258acdfb769c2cdbc7:0:0,d0c4de5da278072393014bc18c0db1e9:0:1499054823,bf3fd8ae80c5eee4b0cc998039a19a58:1:2187162312,10,1.0,0,0,0,0,0,0,512,24,0,512,20,0,267,0,0,245,24,0,512,0.08583799749612808,75.54493713378906,150,0,24,24
1264,A,1264,0.0015209345147013664,0.058684296905994415,nan,nan,512,0,0.0015209345147013664,0.058684296905994415,all_rows,512,0,0.0011584305902943015,0.0568359375,0.0027131753973662852,0.0017144341487437486,0.14762964699184522,9dc0b1a48f648ecf58cdbec8b9704816:0:0,0c2dd7a24d0fe94c3f69f596df5c4749:0:0,98ff94aa38dfddc71272f3b9c7f0829b:0:0,8310cf750c293f8463567c32ef9b6de9:0:3820114541,0f9cbb0c30a74ddf9c107cbd942e44c4:1:1920047350,10,1.0,0,0,0,0,0,0,512,32,0,512,29,0,258,0,0,254,32,0,512,0.08816799521446228,75.5101547241211,180,0,32,32
1265,A,1265,-0.002085209358483553,0.051457785069942474,nan,nan,512,0,-0.002085209358483553,0.051457785069942474,all_rows,512,0,0.016063351184129715,0.132421875,0.00631247921846807,0.001309921860229224,0.14882547297747806,a25961f2b48fd9357718603c55513c16:0:0,f1400f83a4a3d7f1015fc1f99c8f1299:0:0,16f86fa994f29c823d60baf07e51824e:0:0,781ff78f11b2dc151b0b7092bb6929e9:0:2876233713,dca1ed784daec94de801c1e602e7f527:0:1079590046,10,1.0,0,0,0,0,0,0,512,31,0,512,26,0,256,0,0,256,31,0,512,0.08992458879947662,75.37277221679688,186,0,31,31
1266,A,1266,0.00494467793032527,0.05390245467424393,nan,nan,512,0,0.00494467793032527,0.05390245467424393,all_rows,512,0,0.009584320709109306,0.1193359375,0.01022976879030466,0.001397068297956139,0.16237634600838646,1b1e3ba32f27e32d303a2d7fedf23016:0:0,57d9d208506350af60d1ece09fa25274:0:0,49fe8eeef284a0e6e831f90faaa95a1c:0:0,a034b860041bc8917e228a1cef76e5e9:0:2095803693,3bf1c95922e07998ec298cb25758e601:1:2120703841,10,1.0,0,0,0,0,0,0,512,24,0,512,26,0,236,0,0,276,24,0,512,0.08963438123464584,74.28205108642578,177,0,24,24
1267,A,1267,-0.0044671641662716866,0.056526511907577515,nan,nan,512,0,-0.0044671641662716866,0.056526511907577515,all_rows,512,0,0.003401122521609068,0.078125,0.005371184460818768,0.001555171306245029,0.1739217200083658,bfc6ada2cc9c0783b1603a0783532416:0:0,cfb9d4fba5044d71f42f397b2a79708c:0:0,314d334ee5517190c02ee3a098a4f8c0:0:0,6f7df53b48a6e9e41e4e6a0d8bc4a1e9:0:1816723886,90a167a595ae6c07dd7142572cfc1d75:1:731195159,10,1.0,0,0,0,0,0,0,512,37,0,512,27,0,243,0,0,269,37,0,512,0.07992419600486755,74.0591812133789,181,0,37,37
1268,A,1268,0.0030222907662391663,0.05123763903975487,nan,nan,512,0,0.0030222907662391663,0.05123763903975487,all_rows,512,0,0.007138313725590706,0.0521484375,0.0004813650622963905,0.0012840356037486344,0.17340555100236088,21a48482d1f09c7c920c594715741816:0:0,b840927041dacfc07d9f1afec2437fb0:0:0,a3c34f77ed0a9f6fb535dbd66a322f8e:0:0,7e5b572bbac6b94b16f1f1a090525de9:0:1428801860,523f4ab88d397b5d412435f08ee8e91c:0:421794097,10,1.0,0,0,0,0,0,0,512,31,0,512,24,0,221,0,0,291,31,0,512,0.08587844669818878,74.27436828613281,189,0,31,31
1269,A,1269,0.0015804655849933624,0.04503890126943588,nan,nan,512,0,0.0015804655849933624,0.04503890126943588,all_rows,512,0,0.010102162137627602,0.037890625,-0.0044132649898529054,0.0010161724232602865,0.17094049300067127,867bad36fc38aee7c8151eb2a4550c16:0:0,c3ddfda0f8bd4936618ed080f0e9e270:0:0,0a98a14cfbe557bb21b24a535eff8047:0:0,bbbea4eef22ed7bcc9204211fd2019e9:0:2616998971,4180f13957d2b487c50ccacda8f57c15:1:3365045388,10,1.0,0,0,0,0,0,0,512,26,0,512,33,0,246,0,0,266,26,0,512,0.08650224655866623,73.36904907226562,172,0,26,26
1270,A,1270,-0.006205775309354067,0.0451355017721653,nan,nan,512,0,-0.006205775309354067,0.0451355017721653,all_rows,512,0,0.0022223670966923237,0.0810546875,0.001495034573599696,0.0010139231220819057,0.16865654702996835,7f5adc1d917769f79ba5ddbe2ff60016:0:0,71713f34949aa92c92fca4c1088028d4:0:0,44879712c89eda1bf3200204dbb51814:0:0,3d1b3daf453f998c979cbc9dd22dd5e9:0:2563462415,c0ebc4704adf717c92fa875f6e3eaa88:1:1127163105,10,1.0,0,0,0,0,0,0,512,24,0,512,27,0,254,0,0,258,24,0,512,0.08208296447992325,72.05403900146484,175,0,24,24
1271,A,1271,0.0005308606196194887,0.05354757234454155,nan,nan,512,0,0.0005308606196194887,0.05354757234454155,all_rows,512,0,0.0012734454357996583,0.0373046875,-0.0008230969193391502,0.0014201252080965788,0.16740983398631215,cce706816a5d2bd69b3ea9ddb856f416:0:0,7053eb70186a2da56dfb8f2caacda29a:0:0,d670d6a4b146b7a5f8cf9437029e4d7a:0:0,7b1fc498a0078a4fa2db02800f7b91e9:0:3186650779,d93a0724c42fb3ae2e605b1296410883:1:1769003337,10,1.0,0,0,0,0,0,0,512,21,0,512,27,0,262,0,0,250,21,0,512,0.08556497097015381,72.4952621459961,176,0,21,21
1272,A,1272,-0.002709690947085619,0.046913087368011475,nan,nan,512,0,-0.002709690947085619,0.046913087368011475,all_rows,512,0,0.003691958263516426,0.0900390625,0.0017760979710146785,0.0010918069805484266,0.1622084510163404,92ccc4ca9d5446fd8fb456853d77e816:0:0,68b6d21032ace975c691d99ee94fd04d:0:0,719b35e4a768bceaebe667367d317f94:0:0,c0bcc6a48816e90184fef4f4b5094de9:0:844119327,283048111457121b6a8e167775f4b54e:0:3578834839,10,1.0,0,0,0,0,0,0,512,33,0,512,34,0,224,0,0,288,33,0,512,0.0850549191236496,72.76045227050781,187,0,33,33
1273,A,1273,0.006175987422466278,0.05393064022064209,nan,nan,512,0,0.006175987422466278,0.05393064022064209,all_rows,512,0,0.021966801956295967,0.071484375,-0.00168466093018651,0.0014367078721988947,0.15979284595232457,01d6cf973351704970307728bf58dc16:0:0,a7f31d539b5c6b809fa241b6763bd5ea:0:0,a06254580d8ce7234f6c7da51b5d0cdf:0:0,42fd9b39e5611c690ddcb537c2d709e9:0:360730401,edfe927341c10a84fb893138224466b6:1:3472124268,10,1.0,0,0,0,0,0,0,512,28,0,512,36,0,253,0,0,259,28,0,512,0.08451604098081589,72.09125518798828,168,0,28,28
1274,A,1274,0.003991956356912851,0.05096497759222984,nan,nan,512,0,0.003991956356912851,0.05096497759222984,all_rows,512,0,0.0014176273252815008,0.158984375,0.012867591623216868,0.0013035213283728807,0.1717024709796533,d83fd9fa0edbd9d156315f3c3df9d016:0:0,56cd80ab7a0874549b1406a130afa826:0:0,582623efefaac10577d001c3b21fc59f:0:0,4c36f37d68681fbcfef8a48538e4c5e9:0:2605364825,4df3b46f9e0907b86bfa88fc63addc84:0:2607252673,10,1.0,0,0,0,0,0,0,512,18,0,512,24,0,274,0,0,238,18,0,512,0.07830147445201874,73.78254699707031,150,0,18,18
1275,A,1275,-0.0019365435000509024,0.05799189209938049,nan,nan,512,0,-0.0019365435000509024,0.05799189209938049,all_rows,512,0,0.004206491634249687,0.10625,0.007444381108507514,0.0016432897420600057,0.17349864798597991,bef80f22edc0fa7c718a2233b95ac416:0:0,adb31a4bdca3aa3b0a22dbaf25f0acc7:0:0,b44c3837e8c2508d24acc9e79183b5f3:0:0,a4487b6fa5ede788c7876419173281e9:0:3143200691,0c78591407a2cc2373dd1d1e691d864b:1:267692161,10,1.0,0,0,0,0,0,0,512,29,0,512,25,0,260,0,0,252,29,0,512,0.07639031112194061,74.39478302001953,174,0,29,29
1276,A,1276,0.0014106374001130462,0.06244770064949989,nan,nan,512,0,0.0014106374001130462,0.06244770064949989,all_rows,512,0,0.004593236371874809,0.1048828125,0.00040890462696552277,0.0019354959484189748,0.166006327024661,fd8371b72de80257fc629383317bb816:0:0,f9385335f3d7c1d4b212300fa295539c:0:0,87725bf541e45e3e167e29c7e8abd983:0:0,72649b364067bed1406dd52f5dc03de9:0:3665310595,0ed5237ea970fa3758d742c0d6d98e72:0:2864729143,10,1.0,0,0,0,0,0,0,512,22,0,512,18,0,280,0,0,232,22,0,512,0.07607847452163696,74.98125457763672,165,0,22,22
1277,A,1277,-0.001839146832935512,0.055340033024549484,nan,nan,512,0,-0.001839146832935512,0.055340033024549484,all_rows,512,0,0.0022642891854047775,0.0470703125,-0.0013884169980883597,0.001530606555752456,0.16342414094833657,998e4727bdb8fbad2f37469ea65cac16:0:0,efcdfbdd442ea90b0ced9a5854398a5c:0:0,6c41fe6e3649664df0b2147492653d85:0:0,c342ce2db76f9c79684119040c8df9e9:0:3609836514,6351d8295ec167973054c34af1a868e3:1:1762620499,10,1.0,0,0,0,0,0,0,512,22,0,512,19,0,260,0,0,252,22,0,512,0.07802276313304901,74.72404479980469,167,0,22,22
1278,A,1278,-0.002762463176622987,0.056660596281290054,nan,nan,512,0,-0.002762463176622987,0.056660596281290054,all_rows,512,0,0.00970878079533577,0.121875,0.008194613200612367,0.0015977993665728719,0.15877730603097007,18179955608b98d734d98efa17fda016:0:0,e6364becafc6c78c380e60bcd6582a80:0:0,901eadef642c8b57a4492cce1862f53c:0:0,310e28a1b56f70e71f4690d3239bb5e9:0:1357046923,db9e89e9ca9b4a9f2bad8d5f4e39f6b0:1:3423787538,10,1.0,0,0,0,0,0,0,512,27,0,512,24,0,275,0,0,237,27,0,512,0.07604485005140305,74.41373443603516,168,0,27,27
1279,A,1279,0.00841081328690052,0.05927783250808716,nan,nan,512,0,0.00841081328690052,0.05927783250808716,all_rows,512,0,0.001097025815397501,0.079296875,0.004391200235113501,0.0016994226316455752,0.16096055397065356,18dfacd92f91aed91e6f8009865e9416:0:0,03d04b947dc0c5bc94c7649900dd90fe:0:0,128d6a4924137a5ebdf3972f8af68fa1:0:0,690a8449f3c26be7e373ddd8a2e971e9:0:1254523810,8d903c0cf3cf1dac26f9f60383facd24:0:3993418257,10,1.0,0,0,0,0,0,0,512,35,0,512,29,0,262,0,0,250,35,0,512,0.07874272763729095,73.77056884765625,176,0,35,35
1280,A,1280,-0.006389191374182701,0.0536651611328125,nan,nan,512,0,-0.006389191374182701,0.0536651611328125,all_rows,512,0,0.015110707841813564,0.0951171875,-0.0017681906465440989,0.0013868412876036017,0.1599654319579713,4661124bffb15cb3d773ed40f17f8816:0:0,7a014485fa84e91cb0d7bf1e0554f5d8:0:0,cb449e4f5b6f5c90faf27b054ce2dda0:0:0,fe0f66ea0d883ad58c6ee1508a772de9:0:3837988725,c2354b8c33ca9377291f59593c1ab708:1:315953104,10,1.0,0,0,0,0,0,0,512,25,0,512,24,0,257,0,0,255,25,0,512,0.08124092221260071,73.69960021972656,175,0,25,25
1281,A,1281,-1.4993769582360983e-05,0.05615873262286186,nan,nan,512,0,-1.4993769582360983e-05,0.05615873262286186,all_rows,512,0,0.004759096074849367,0.105859375,0.009555539535358547,0.0015410123276524245,0.1637400039471686,f1beb4ec14c2df7c19b66a1459607c16:0:0,ee935959772e828507509cadb56e4151:0:0,f5dcf7a768b06e30725a51e4e24213d5:0:0,a6d80db2d9663efb078dbc76da44e9e9:0:3791753579,74af0d549771eee68a40d64221d87c05:0:3041695519,10,1.0,0,0,0,0,0,0,512,37,0,512,31,0,225,0,0,287,37,0,512,0.07805098593235016,74.95986938476562,199,0,37,37
1282,A,1282,0.0030122343450784683,0.054538529366254807,nan,nan,512,0,0.0030122343450784683,0.054538529366254807,all_rows,512,0,0.007050396874547005,0.068359375,0.0041506611974909905,0.0014735355740413069,0.16070714400848374,877ff9054aa61330615b49f7be017016:0:0,df046a638e2562ad86bbe77747e63e74:0:0,72d53409dc7d90cec152dd95353b7b45:0:0,3c041b442272bc3913d6d0879252a5e9:0:866148261,51a0a6099e4404f1d802ece40f53a431:1:2047608986,10,1.0,0,0,0,0,0,0,512,28,0,512,27,0,261,0,0,251,28,0,512,0.08514298498630524,74.08494567871094,167,0,28,28
1283,A,1283,-0.001252798130735755,0.046559277921915054,nan,nan,512,0,-0.001252798130735755,0.046559277921915054,all_rows,512,0,0.035756126046180725,0.108203125,0.0031741873361170294,0.0010846651974134147,0.1706454249797389,346da0849ca3a04ee0dba05f1f626416:0:0,9260f97846eb2c646245a5e818a112dc:0:0,33756eea17ce5bc8bfb83990a3c9e463:0:0,0bbc356dd885ffeafe00bebeb2a061e9:0:4251919092,22ff0491ef162167f281c19fcf193c81:1:3872423621,10,1.0,0,0,0,0,0,0,512,26,0,512,24,0,247,0,0,265,26,0,512,0.07961425930261612,75.51984405517578,165,0,26,26
1284,A,1284,0.00021253296290524304,0.048058897256851196,nan,nan,512,0,0.00021253296290524304,0.048058897256851196,all_rows,512,0,0.0014990654308348894,0.0466796875,-0.003135584108531475,0.0011447687720647082,0.1720356809673831,ee26c424b38dd62b750540be7d835816:0:0,737dde8491e27938036c8ce742b0f5ca:0:0,b16cb8e1371ddd96b5fb08448ff9c4bf:0:0,f0816b10102d800b5c7268583b2e1de9:0:3476042882,2376abfeb9fc0d519f1596df8f3f28b1:1:3770442557,10,1.0,0,0,0,0,0,0,512,31,0,512,27,0,244,0,0,268,31,0,512,0.06625565886497498,77.14857482910156,180,0,31,31
1285,A,1285,-0.0007406339282169938,0.04926618933677673,nan,nan,512,0,-0.0007406339282169938,0.04926618933677673,all_rows,512,0,0.0033699823543429375,0.0546875,0.0005845619365572929,0.0011948491155635566,0.15893466799752787,fdd4bba5e315320598fabe89d8644c16:0:0,e65bf085681d2a43df0ff37f44f69936:0:0,f38b1ecdd8fe3f2e3f4be289d13a9d7f:0:0,8dfd81b96a7cf298cb42ee902bfbd9e9:0:674293102,d68a7ffb1213948585c08eaeeafb16b0:0:1468706759,10,1.0,0,0,0,0,0,0,512,33,0,512,30,0,248,0,0,264,33,0,512,0.06796799600124359,76.47250366210938,193,0,33,33
1286,A,1286,0.007210501469671726,0.05316914618015289,nan,nan,512,0,0.007210501469671726,0.05316914618015289,all_rows,512,0,0.003214634954929352,0.07890625,-0.00036277547478675843,0.0014090255601331592,0.1561087709851563,817f4f88bec492de5a336d3530054016:0:0,cdd6cea1d73127ac8142536e620efd0e:0:0,1f35c86d1e8bc6e0b81d79526ff3fa98:0:0,b1f54de3bcf95d3aa839b2a2850995e9:0:4094926604,15736619c6a21b869be44acd3332e41e:1:3295983974,10,1.0,0,0,0,0,0,0,512,37,0,512,22,0,277,0,0,235,37,0,512,0.0650092214345932,75.78289031982422,170,0,37,37
1287,A,1287,9.115098509937525e-05,0.058937836438417435,nan,nan,512,0,9.115098509937525e-05,0.058937836438417435,all_rows,512,0,0.0024068672209978104,0.0869140625,-0.0028439605608582496,0.0016996747872326523,0.16591280902503058,76a802c72f191a0e4c7b603484663416:0:0,f1c7b424f4307e83bec1b4e117b13a68:0:0,6f82bf05dfbf09f856bdab1bc15b969a:0:0,a104f7ef11da1d25cece55cb465751e9:0:609717580,27f8ada3966b9dbaf1f0374e50425190:1:359334989,10,1.0,0,0,0,0,0,0,512,27,0,512,30,0,271,0,0,241,27,0,512,0.06696310639381409,74.61202239990234,169,0,27,27
1288,A,1288,-0.0029524583369493484,0.04458271712064743,nan,nan,512,0,-0.0029524583369493484,0.04458271712064743,all_rows,512,0,0.012805633246898651,0.1044921875,0.007255033263936639,0.0009873009577859194,0.15727740502916276,23c3ab0caf29b89b7df36afbd5872816:0:0,92753b04d11120717828d3317ea94077:0:0,5c2bd995599e1026f7c907e55e1a5283:0:0,96d08b3b58dbe7415428b9466fe50de9:0:3921278805,0c31ccf9ff66c495c171ef7a1203fc1a:0:4188537968,10,1.0,0,0,0,0,0,0,512,34,0,512,24,0,253,0,0,259,34,0,512,0.06372808665037155,73.71487426757812,177,0,34,34
1289,A,1289,0.003629484912380576,0.048763174563646317,nan,nan,512,0,0.003629484912380576,0.048763174563646317,all_rows,512,0,0.005232927855104208,0.04921875,0.000400107610039413,0.0011854336131364106,0.16052890301216394,7aa4e9f31b52694f6b1120ff23681c16:0:0,eb2107baf5adebbe09692ded61a9ab65:0:0,0e2b43be12faf5ccee3011e281bf1d29:0:0,8011640160e1c08b4320fe5001b2c9e9:0:1632831842,4f9b2f07c33edd97875d06d3e295aa01:0:1861409048,10,1.0,0,0,0,0,0,0,512,29,0,512,26,0,258,0,0,254,29,0,512,0.059171684086322784,74.9674301147461,174,0,29,29
1290,A,1290,-0.003748570568859577,0.05633874610066414,nan,nan,512,0,-0.003748570568859577,0.05633874610066414,all_rows,512,0,0.012808398343622684,0.09375,0.0039824115112423895,0.0015554057201370597,0.16371355700539425,b0b069ce3957178cf29ed5b26e091016:0:0,dcc14f0ed6706e3cb2a45f0241007eef:0:0,e10471c0dd063652f4b0ff0d1ed8e9f5:0:0,7aa303cbf29feebd583f8623fbc085e9:0:628993360,12c3b07707425ab3718f7665736d7943:1:104123489,10,1.0,0,0,0,0,0,0,512,29,0,512,22,0,275,0,0,237,29,0,512,0.057587578892707825,75.82946014404297,165,0,29,29
1291,A,1291,0.004080059006810188,0.05558504909276962,nan,nan,512,0,0.004080059006810188,0.05558504909276962,all_rows,512,0,0.001716011087410152,0.0357421875,0.0025632135570049287,0.001494727050885558,0.16092387703247368,27850494e27232e649bb9c89b56a0416:0:0,be46eaaf2686e56dbcd37f1c2817893a:0:0,cb6f82f911dc682e279ed3e48d0409e4:0:0,7ca783b2248ce131bdbcf1fe5e0e41e9:0:4110762417,e65d21af24fc2184afd9d0cc6f2bce81:1:3262689701,10,1.0,0,0,0,0,0,0,512,28,0,512,22,0,264,0,0,248,28,0,512,0.05978819355368614,76.94760131835938,163,0,28,28
1292,A,1292,-0.0016463310457766056,0.0537600964307785,nan,nan,512,0,-0.0016463310457766056,0.0537600964307785,all_rows,512,0,0.005793255753815174,0.0732421875,0.003990138438530267,0.0014316305896500126,0.16590842802543193,365e337b77c2ef72efdb48f8f98af816:0:0,9dee0e8908fbd223152bbdb152fea244:0:0,6159a7715f8e10ebcf471668ebd4734d:0:0,304d46b440541207c782231b289bfde9:0:4277107958,e24c7067404d141d6c034ec47db8b0fd:0:1329505085,10,1.0,0,0,0,0,0,0,512,34,0,512,26,0,242,0,0,270,34,0,512,0.05993928387761116,76.58036804199219,197,0,34,34
1293,A,1293,-0.006057776976376772,0.05094468966126442,nan,nan,512,0,-0.006057776976376772,0.05094468966126442,all_rows,512,0,0.0015346133150160313,0.024609375,0.00011766855604946613,0.0012310008954955266,0.17790238599991426,ce9e51d8098f32e5a2c66e743a6bec16:0:0,aa29d3c62f6404ac70d5bf628246f65c:0:0,0934fcf19e450e0398c6ac949404d829:0:0,1decb5dcd206df88af283ab65b69b9e9:0:3278211358,b0c900a051fe9d1b741f03e7859988aa:0:880625265,10,1.0,0,0,0,0,0,0,512,31,0,512,23,0,251,0,0,261,31,0,512,0.05749349668622017,78.30131530761719,172,0,31,31
1294,A,1294,0.0023714189883321524,0.05054496228694916,nan,nan,512,0,0.0023714189883321524,0.05054496228694916,all_rows,512,0,0.005624422803521156,0.0919921875,0.00014543025754392146,0.00126437718863599,0.2516449879622087,b1605ded59cd2e62529a606f780ce016:0:0,bc9b1d1f9e46f90600915d37ec0a6025:0:0,166b56953ed7d22bc05614d59b1274f5:0:0,325db307b9475dcc4ff89a0bf67775e9:0:2186795602,e04f83b34adf81d80030c532292dd1f9:0:2135327075,10,1.0,0,0,0,0,0,0,512,33,0,512,23,0,240,0,0,272,33,0,512,0.0564994290471077,78.76444244384766,189,0,33,33
1295,A,1295,0.003299282630905509,0.05227809026837349,nan,nan,512,0,0.003299282630905509,0.05227809026837349,all_rows,512,0,0.002300347201526165,0.0890625,0.0056219414807856085,0.0013443858828395606,0.2513049120316282,556df63ea268a51415c9325eb26dd416:0:0,e23dccf0fe66e93aa67cd7c11cce0db8:0:0,903652ecd2dbaa93c8d7777e1587ad5f:0:0,13c90e7154a9209de2ece257f9c531e9:0:1326603970,017ec5b9daf4affe05428da9c054e9bf:0:71059472,10,1.0,0,0,0,0,0,0,512,34,0,512,21,0,247,0,0,265,34,0,512,0.057539548724889755,77.82770538330078,187,0,34,34
1296,A,1296,-0.0005522560095414519,0.06053480878472328,nan,nan,512,0,-0.0005522560095414519,0.06053480878472328,all_rows,512,0,0.002283333335071802,0.109375,0.0072928695939481255,0.0018229751207400114,0.21083235897822306,113e5a12c7b7df831d19b7b5e98ec816:0:0,d292e92e44463eef8bddc1560d7756a0:0:0,ef53e0defe343b2811e987303dbf9371:0:0,141aa6701f83fda0baaef4d66552ede9:0:1299554965,64998bee6895a05c9c37620b00b0c218:1:313598588,10,1.0,0,0,0,0,0,0,512,41,0,512,22,0,257,0,0,255,41,0,512,0.05399409309029579,78.60999298095703,194,0,41,41
1297,A,1297,-0.004541764035820961,0.05953390896320343,nan,nan,512,0,-0.004541764035820961,0.05953390896320343,all_rows,512,0,0.0020305991638451815,0.0939453125,-0.0029840478207916023,0.001759252621559426,0.15043155499733984,f8762fd25f944baaa7a783e91d6fbc16:0:0,88693fa6b36654fe2dadb360b8f90f47:0:0,6ea421f3dc3ae1a70a27350f2d0173a8:0:0,6dd4effb5a74c6b4ff98f2c33920a9e9:0:1787685810,8b862c2de20db0e07521d6cc7616d084:0:1694947353,10,1.0,0,0,0,0,0,0,512,27,0,512,21,0,254,0,0,258,27,0,512,0.058057114481925964,78.46299743652344,181,0,27,27
1298,A,1298,0.004030095413327217,0.05153125524520874,nan,nan,512,0,0.004030095413327217,0.05153125524520874,all_rows,512,0,0.007193409837782383,0.0796875,-0.003277198597788811,0.0013011593837291002,0.1510370239848271,7c7dc3f0b58ac9cef6e2ea6c4e10b016:0:0,0db4ace40afcdf9e543ac7b4a64159e9:0:0,83bffe168224950df55a6ccc87f7eca5:0:0,5e9e79e196c7fc9c6bb53d5a752e65e9:0:3543329386,40852f486c5a889b03c19ad0746b26c7:1:2925282116,10,1.0,0,0,0,0,0,0,512,34,0,512,28,0,262,0,0,250,34,0,512,0.05948365107178688,77.91191101074219,164,0,34,34
1299,A,1299,0.0017388083506375551,0.05887247994542122,nan,nan,512,0,0.0017388083506375551,0.05887247994542122,all_rows,512,0,0.0018053564708679914,0.0541015625,-0.000909182708710432,0.0017078259086702019,0.15716903802240267,a0ec5714b497a6134290feb37b71a416:0:0,26fe44fda985cb2196d6714e1924cc6e:0:0,b533e4070409e88fbbeec0f42a719b3b:0:0,2ab58bd23d0a79df06be75d8197c21e9:0:227214079,95bfbe6bcf814f2048bae8ab5dd50add:0:76718639,10,1.0,0,0,0,0,0,0,512,44,0,512,25,0,242,0,0,270,44,0,512,0.06846348196268082,77.69110870361328,185,0,44,44
1300,A,1300,-0.0067526171915233135,0.05155312642455101,nan,nan,512,0,-0.0067526171915233135,0.05155312642455101,all_rows,512,0,0.0030134860426187515,0.072265625,0.002105944766663015,0.0013316634809598326,0.1727793919853866,d37aea3b5ee23ecfaccb9432a5929816:0:0,bd3583ef4831c6c901fe91886ccd407b:0:0,6f8bf3c0d0b3e7874fc203554df62e71:0:0,a5c54d9d66fc15efe21f7d782609dde9:0:1923119844,f570418f2461154961216cd9cf9c4125:1:2726914743,10,1.0,0,0,0,0,0,0,512,24,0,512,24,0,261,0,0,251,24,0,512,0.07055407017469406,77.07771301269531,178,0,24,24
1301,A,1301,0.0038820896297693253,0.054341234266757965,nan,nan,512,0,0.0038820896297693253,0.054341234266757965,all_rows,512,0,0.0009393065702170134,0.0310546875,0.0013542362954467534,0.0013731294544413685,0.17130747000919655,90afc3923bec57a736013e5dcc738c16:0:0,10b43f5d14a97738322dee56307e15ee:0:0,f765c016c7dcefc908674d55ba7b2a06:0:0,10a2ea4da5204091d4f375769ad799e9:0:2353338867,dd52d9eda4397a0e0d6dc3eb1cac54ce:0:2117340529,10,1.0,0,0,0,0,0,0,512,23,0,512,30,0,265,0,0,247,23,0,512,0.06836359202861786,77.0431137084961,162,0,23,23
1302,A,1302,0.00414250185713172,0.05433198809623718,nan,nan,512,0,0.00414250185713172,0.05433198809623718,all_rows,512,0,0.03321152552962303,0.1359375,0.01075956248678267,0.0013211882906034589,0.16144093801267445,4f3da6cce5a9195db0f550a8f0148016:0:0,ea669f1eceec9e57111f70f1c3d33027:0:0,4befc2f9fa88cbcb7c9df65222878c4a:0:0,787fe5ff8828957c3805bf0f77e555e9:0:4281795157,ef889835b4141d519eef687b5e472a8a:1:754846173,10,1.0,0,0,0,0,0,0,512,26,0,512,32,0,259,0,0,253,26,0,512,0.066163070499897,76.67852783203125,170,0,26,26
1303,A,1303,-0.0062717474065721035,0.053270839154720306,nan,nan,512,0,-0.0062717474065721035,0.053270839154720306,all_rows,512,0,0.014776580967009068,0.0568359375,-0.002012859610840678,0.0014206173364073038,0.1737471110536717,10e66fbd9cefbe6db6bfde8810757416:0:0,355d3fed22d90bb9e7e0c95fc5774dcb:0:0,b436dc38301d8287390898cb462c6901:0:0,d3615c9b0675683fa1d1fb7ebd3311e9:0:176053172,25323c772c34a3a4b8d53db23a0be6cd:0:3033461632,10,1.0,0,0,0,0,0,0,512,29,0,512,25,0,262,0,0,250,29,0,512,0.061788782477378845,79.75527954101562,181,0,29,29
1304,A,1304,-0.0003985377843491733,0.049970272928476334,nan,nan,512,0,-0.0003985377843491733,0.049970272928476334,all_rows,512,0,0.010534022003412247,0.074609375,-0.0007700953166931868,0.0012318996421527117,0.1581117730238475,cd5065fd8dbdec5e9acdbb6f2d966816:0:0,76447be0dbb434128c02275e90c0bec5:0:0,9a113a22d57ee6cac7812a945dd67dac:0:0,5f6a1ad315e8486aa2840c006ac0cde9:0:1359677435,9bccf4a02871bd0e1db4323573fd23bc:1:1433285242,10,1.0,0,0,0,0,0,0,512,37,0,512,37,0,246,0,0,266,37,0,512,0.0632474347949028,81.5425033569336,186,0,37,37
1305,A,1305,0.004544840194284916,0.05857241898775101,nan,nan,512,0,0.004544840194284916,0.05857241898775101,all_rows,512,0,0.008127598091959953,0.0724609375,-0.009259865991771222,0.0017061975551769138,0.15677598502952605,0e683c762bbdb9da5ee07ad247775c16:0:0,f5e90ed5928ed08494d85e70152f4367:0:0,35733e2bd7a161de514d0b77b2c47e64:0:0,d6ff7a1012447dee7ff811d0808e89e9:0:996017302,e2c4c3bb6c2a771a1e07e8a35b5e6faa:0:3274381367,10,1.0,0,0,0,0,0,0,512,33,0,512,22,0,261,0,0,251,33,0,512,0.06821181625127792,81.97462463378906,184,0,33,33
1306,A,1306,-0.007655235007405281,0.05163685232400894,nan,nan,512,0,-0.007655235007405281,0.05163685232400894,all_rows,512,0,0.009075197391211987,0.0341796875,-0.0030889147194102405,0.0013122151780407877,0.15419434703653678,e35f3fa1cf836183a70e70255e185016:0:0,24ada2bd1ccf89d0a93c8368844ca629:0:0,6f9376bff944aeac3be6b20139cb89cd:0:0,63469b29c8597dc3f1ba6e2afe9c45e9:0:3308792466,c0c56b1c734aa52254a987b4a4e6f0a9:0:3970488236,10,1.0,0,0,0,0,0,0,512,30,0,512,25,0,253,0,0,259,30,0,512,0.07059517502784729,80.52603149414062,178,0,30,30
1307,A,1307,-0.0004251066129654646,0.046540580689907074,nan,nan,512,0,-0.0004251066129654646,0.046540580689907074,all_rows,512,0,0.011432517319917679,0.0384765625,-0.001984032802283764,0.0010595104336971416,0.17857135296799242,23d5b95e7cf6a18badc2aedc71794416:0:0,b7afbeec742675faf7da27ad14112d63:0:0,279af0e7dc72179f9996e8585cd8d65f:0:0,61290b163e3356cfdd07c24be4ea01e9:0:3646367420,cd4b6218e1ec5b9a2f9d7f4b3708df6c:1:3282729692,10,1.0,0,0,0,0,0,0,512,39,0,512,36,0,233,0,0,279,39,0,512,0.06772105395793915,79.38964080810547,201,0,39,39
1308,A,1308,-0.00021984271006658673,0.05553393438458443,nan,nan,512,0,-0.00021984271006658673,0.05553393438458443,all_rows,512,0,0.0039049750193953514,0.0890625,0.0044645152520388365,0.001543605758342892,0.17192863498348743,350d09327b5bc80837bd0a6b819a3816:0:0,4466b3d5f8381ab7d56838b62d8f2bd4:0:0,df9618ac9975a68fc92b27e49c64bdd6:0:0,933d07f2908d170810ccef6f3377bde9:0:3661605550,5dbab4dbd2b3aba00f32c0c232839ca1:0:1617822373,10,1.0,0,0,0,0,0,0,512,29,0,512,28,0,277,0,0,235,29,0,512,0.06792360544204712,81.24675750732422,168,0,29,29
1309,A,1309,0.005823470652103424,0.04832960292696953,nan,nan,512,0,0.005823470652103424,0.04832960292696953,all_rows,512,0,0.0024159234017133713,0.079296875,0.0005992370657622814,0.0011557197489310057,0.16359504300635308,7bd35be727706c09881216468e7b2c16:0:0,d0845406931154a5b5638e1dde50606d:0:0,93f29efd8bbb1b4e7e482c25330e305b:0:0,c4d6840b7dc128d801a716d0ea4579e9:0:3379416002,af24b38a899ac5737bc4f44cda601719:1:4174020442,10,1.0,0,0,0,0,0,0,512,37,0,512,34,0,260,0,0,252,37,0,512,0.06263101100921631,80.66092681884766,184,0,37,37
1310,A,1310,-0.008374424651265144,0.045386042445898056,nan,nan,512,0,-0.008374424651265144,0.045386042445898056,all_rows,512,0,0.00788851361721754,0.066015625,0.002638211380690336,0.0010042648471426218,0.15203262097202241,bbfc4d63280fd370542b25e1981c2016:0:0,f93f004f42cca2cbd5cf27d8cff43a5c:0:0,9fe5ec422fadbc2c18f5da81d10c029e:0:0,b86aa7cb7673a8c585e399ad095335e9:0:4187618434,fe76ef323bfb407085ae239aef464f1c:1:4155611473,10,1.0,0,0,0,0,0,0,512,31,0,512,28,0,263,0,0,249,31,0,512,0.06537061929702759,80.08416748046875,186,0,31,31
1311,A,1311,0.004784871824085712,0.05361304059624672,nan,nan,512,0,0.004784871824085712,0.05361304059624672,all_rows,512,0,0.019264986738562584,0.05078125,0.0027206316590309143,0.0014386033173650504,0.1510442600119859,366613b1edd30583b7c64cb09e7d1416:0:0,286c4e428d119a7b50ac82cd2ec876f8:0:0,2cf98073bec5eb7b8ab0b9bc41a3ebd0:0:0,058ff2b44c32b3559180193f90a0f1e9:0:1242035653,7756ab6c2bbe8db84299bec5150852d7:1:4122409849,10,1.0,0,0,0,0,0,0,512,21,0,512,24,0,274,0,0,238,21,0,512,0.06557706743478775,79.48554229736328,170,0,21,21
1312,A,1312,0.001284963102079928,0.05128218233585358,nan,nan,512,0,0.001284963102079928,0.05128218233585358,all_rows,512,0,0.011919154785573483,0.134375,0.005047229048795998,0.0012382527580484747,0.14840393600752577,bd821a2b26208a4728f65e27a19e0816:0:0,59c2f8d64eacf8574f3e7d2fad725284:0:0,7c6410502c90137f6b093661fc03aac4:0:0,d18136cad648ab30f22a76c4802eade9:0:3019957606,6f41a30483e0faac9e9b0436c9c57bf8:1:1152395934,10,1.0,0,0,0,0,0,0,512,21,0,512,17,0,259,0,0,253,21,0,512,0.0645628273487091,78.67308044433594,163,0,21,21
1313,A,1313,-0.0018320794915780425,0.045712508261203766,nan,nan,512,0,-0.0018320794915780425,0.045712508261203766,all_rows,512,0,0.0028659114614129066,0.1205078125,0.0008499921765178442,0.0010314545099390671,0.14910900499671698,92da2fb18a1fd6906c22edbaa17efc16:0:0,9df0df42023f398f622873f4f210abe3:0:0,b6424f72836201c690361859754ec472:0:0,9861811b24fc77890b40d377d7fc69e9:0:3016491129,68623be3aece1806304110b468f11aae:0:2411768342,10,1.0,0,0,0,0,0,0,512,32,0,512,27,0,254,0,0,258,32,0,512,0.06090172380208969,79.87903594970703,184,0,32,32
1314,A,1314,0.0008955306839197874,0.058065265417099,nan,nan,512,0,0.0008955306839197874,0.058065265417099,all_rows,512,0,0.002922292798757553,0.044140625,-0.0008090275339782238,0.0016832433408126234,0.15418802900239825,0ad89b05320464dd88084edd9e1ff016:0:0,afbb19b9b2645422ecfb39eaa1dbcb2b:0:0,7bffbbc969935f8fddb33fe82d6bdd0f:0:0,15d2953c1b7bbabc91d19095980a25e9:0:2887784493,f8fbaa3fe746069070c9e01366fce2d8:0:550054066,10,1.0,0,0,0,0,0,0,512,31,0,512,27,0,249,0,0,263,31,0,512,0.06147442385554314,80.236083984375,185,0,31,31
1315,A,1315,-0.0009217401966452599,0.05523069575428963,nan,nan,512,0,-0.0009217401966452599,0.05523069575428963,all_rows,512,0,0.014867743477225304,0.0853515625,0.0019654077477753162,0.001518373709404841,0.15387791697867215,0bf18c2a55247aeab9b795049780e416:0:0,8b49b90b013a18aeb9fde2f75ede0348:0:0,c51a242d828196217ca6052d97ff9912:0:0,48fef0f988ab013c489b4f59c057e1e9:0:943013913,1300cae8448d26647b9bc157a028a502:1:1720299707,10,1.0,0,0,0,0,0,0,512,28,0,512,24,0,248,0,0,264,28,0,512,0.06309829652309418,79.56456756591797,174,0,28,28
1316,A,1316,-0.004446310922503471,0.0505845807492733,nan,nan,512,0,-0.004446310922503471,0.0505845807492733,all_rows,512,0,0.014403466135263443,0.048046875,0.00016995272599160672,0.0012500808807089925,0.159695585956797,dfef79ea1f4f9c08689693a38da1d816:0:0,b71cbfe27365726e80eef810121f0886:0:0,1e394a983ecd96bf796c31914e7e06b5:0:0,1b43588c1717e8afbc0cf10050e59de9:0:446512806,462cb7dbb5755a076dcebdc41db6ce61:1:3392345585,10,1.0,0,0,0,0,0,0,512,30,0,512,29,0,263,0,0,249,30,0,512,0.0601198785007,80.82939147949219,179,0,30,30
1317,A,1317,0.00039498344995081425,0.05476260930299759,nan,nan,512,0,0.00039498344995081425,0.05476260930299759,all_rows,512,0,0.005276239477097988,0.075,-0.004316417663358152,0.0014430261682718993,0.15371586102992296,d652067803d8a8311a5fde2e8082cc16:0:0,5f9ef478680354608c01ab6bc1cb48fd:0:0,c4ad6baeacf8a5e0ec33b31d307988c1:0:0,e16ab306ac493f59fe4596c549b359e9:0:791004133,eae05ed9be7a2b08f84b79fa4a8b8cc2:0:2865350909,10,1.0,0,0,0,0,0,0,512,33,0,512,22,0,277,0,0,235,33,0,512,0.06001625210046768,79.34281921386719,164,0,33,33
1318,A,1318,0.0061975582502782345,0.04956204071640968,nan,nan,512,0,0.0061975582502782345,0.04956204071640968,all_rows,512,0,0.004364131484180689,0.1208984375,0.007191659626550972,0.0012194455339340493,0.16035990102682263,4228064ab6c7a7df6722c8197023c016:0:0,f96c134b758b684c8b894e096522084e:0:0,3bc8937c8e9d9b00dcc616897fec1ede:0:0,4e3181e10fa91bbe6314a1e4aac115e9:0:30074276,ca5660c44b870fa9e9278c79c9d01802:0:2066702485,10,1.0,0,0,0,0,0,0,512,19,0,512,24,0,280,0,0,232,19,0,512,0.061495136469602585,79.0660171508789,156,0,19,19
1319,A,1319,-0.006093707866966724,0.053595978766679764,nan,nan,512,0,-0.006093707866966724,0.053595978766679764,all_rows,512,0,0.00667969323694706,0.0779296875,-0.008397719264030457,0.0014278285612817853,0.17545890901237726,c951383cb4a744a3ed4364d85c84b416:0:0,ddeb9befa4e4466e8f1251383aa4b9ed:0:0,b69e6df3e0914d7a791f73625e3cd8da:0:0,01c47dc7f144ec853bf9b39a740ed1e9:0:977129053,ab5ede57838e6ee5e2c3315312f4c5af:1:3240386218,10,1.0,0,0,0,0,0,0,512,31,0,512,30,0,259,0,0,253,31,0,512,0.06453663855791092,78.66474151611328,181,0,31,31
1320,A,1320,-0.003535606898367405,0.052201319485902786,nan,nan,512,0,-0.003535606898367405,0.052201319485902786,all_rows,512,0,0.001672861399129033,0.0814453125,0.0004038213985040784,0.0012828538863686844,0.16295920097036287,2363260d0161ee7b457a87df45a5a816:0:0,6101d22b4cc9340adf3f6cf59a7666fe:0:0,ca71f6cad5d527321707be4b3ee2a905:0:0,3567de1aa89f80a09424ad22a59c8de9:0:1783433755,6dc8e5416d8d90df5f87bd5fb72e4186:1:1417292582,10,1.0,0,0,0,0,0,0,512,37,0,512,29,0,257,0,0,255,37,0,512,0.06487247347831726,77.25405883789062,180,0,37,37
1321,A,1321,0.004580514971166849,0.04937199875712395,nan,nan,512,0,0.004580514971166849,0.04937199875712395,all_rows,512,0,0.002205218654125929,0.026171875,0.0004506666213274002,0.0010442549537401646,0.1642778579844162,a846805d86a2ade3f6d5c4a22b869c16:0:0,947b8153b09c31dde2b60ed6a447d600:0:0,1984f4053851b2f9c94450a34adbd7bf:0:0,9caa87bf43d107b0ec75afb93f6a49e9:0:217675420,4cae49f31e2087a09e850fe269849bf1:0:2206874181,10,1.0,0,0,0,0,0,0,512,28,0,512,29,0,259,0,0,253,28,0,512,0.06364307552576065,76.78453063964844,172,0,28,28
1322,A,1322,0.0019445839570835233,0.04836798086762428,nan,nan,512,0,0.0019445839570835233,0.04836798086762428,all_rows,512,0,0.00475569162517786,0.0318359375,-0.0005955282133072615,0.0011557935213204473,0.17470511299325153,c6c719513a2da2b46ab76e950e279016:0:0,f82fa1a2bd97d6bc103c511342fdb10b:0:0,d58b0f7798584ca960b12c3664b345de:0:0,feb9d335bf310aa9f77d1c9a417805e9:0:327786335,87fccff35c3824b16e84328858ebe2b3:1:2187977473,10,1.0,0,0,0,0,0,0,512,30,0,512,29,0,248,0,0,264,30,0,512,0.06171439588069916,77.2648696899414,180,0,30,30
1323,A,1323,-0.003000672673806548,0.06094487011432648,nan,nan,512,0,-0.003000672673806548,0.06094487011432648,all_rows,512,0,0.0037495698779821396,0.063671875,0.002650220808573067,0.0017845455440692604,0.169118422025349,068064f0f4a42fb0e0d6992bed888416:0:0,838c1ddbb1d36c29781d77b9faa2400e:0:0,6838a2985b46d45b98e5c5dd96f416eb:0:0,cad7c9137dc65cb7557b9501abc5c1e9:0:386184576,17b6d0eaf0dcb141778111b594566e61:0:50445834,10,1.0,0,0,0,0,0,0,512,38,0,512,31,0,279,0,0,233,38,0,512,0.060795459896326065,77.85757446289062,148,0,38,38
1324,A,1324,0.002012698445469141,0.046823900192976,nan,nan,512,0,0.002012698445469141,0.046823900192976,all_rows,512,0,0.002846762537956238,0.0267578125,-0.002821437595412135,0.0010958282015053555,0.1616323670023121,f38b1e82a128d2e1633f17dac9a97816:0:0,b1ac3f5bffb697019e374ccbbcf4e190:0:0,4c19f0e045599bb6952bb04f073c8749:0:0,8ade9f505ab904615061fa2b7e537de9:0:3376062050,25b078ef56b40b4d0e1b52c553394e94:0:3969242517,10,1.0,0,0,0,0,0,0,512,27,0,512,32,0,266,0,0,246,27,0,512,0.06416408717632294,78.00877380371094,177,0,27,27
1325,A,1325,0.003937988076359034,0.04500962421298027,nan,nan,512,0,0.003937988076359034,0.04500962421298027,all_rows,512,0,0.004251766949892044,0.0716796875,-0.0019362236838787795,0.0010036785475676878,0.15128041699063033,99d65e032e56aaa7ba517e15a28a6c16:0:0,4cdfcc6bdf66fd985faf31cde85ca97f:0:0,4d6b27f200793d576640c097898c2bb2:0:0,1e60e90eec021cf197d16d53b92139e9:0:823354120,ab501f3cc396245ba4ed85fedc70bede:1:2961701286,10,1.0,0,0,0,0,0,0,512,34,0,512,21,0,268,0,0,244,34,0,512,0.061383843421936035,78.0625,178,0,34,34
1326,A,1326,-6.756276707164943e-05,0.04765748232603073,nan,nan,512,0,-6.756276707164943e-05,0.04765748232603073,all_rows,512,0,0.007592245005071163,0.0443359375,-0.0015406169462949038,0.0011284845269983635,0.15024359297240153,66e708f86900a79560c31f50782b6016:0:0,508b4439e92926a9989c024d58a0ca66:0:0,6864ef84f021066e8e50f059a8f21de7:0:0,a0964dc9ce95b017fd1b4fb65c2ef5e9:0:2140322629,5944abbb35a734761573fd082cdaa985:0:4135046448,10,1.0,0,0,0,0,0,0,512,30,0,512,31,0,238,0,0,274,30,0,512,0.060325007885694504,76.9996337890625,188,0,30,30
1327,A,1327,0.0007613575435243547,0.05413206294178963,nan,nan,512,0,0.0007613575435243547,0.05413206294178963,all_rows,512,0,0.00393054960295558,0.1029296875,0.0043294946430251,0.0014629239914938808,0.15261074498994276,bf941dd4a92c6b01779e0eff4a8c5416:0:0,d67cfaec6d82df05c584ac41cacad025:0:0,68faf85817eeb8f7b56bc670e87796e5:0:0,4b20bc10144287cf2f41428f677cb1e9:0:2374605080,f4da2c7008dd0c42a50eb761455abad5:1:2393168010,10,1.0,0,0,0,0,0,0,512,37,0,512,29,0,273,0,0,239,37,0,512,0.060706160962581635,76.80367279052734,176,0,37,37
1328,A,1328,-0.001407393952831626,0.04487374797463417,nan,nan,512,0,-0.001407393952831626,0.04487374797463417,all_rows,512,0,0.0044736918061971664,0.0353515625,-0.0013403656892478466,0.0010055050894152372,0.15497633500490338,b0fce12af9bcd25eba41209619ad4816:0:0,8f426745ae9f6e71dfd4af5d875d0cfe:0:0,f2df499df08a68d7c608f864fff1644b:0:0,180de73b2b83f88176f5271adb0a6de9:0:2713445120,2b2dfc1826c3f5e54ac33c56f3fd6115:1:1008237488,10,1.0,0,0,0,0,0,0,512,29,0,512,34,0,252,0,0,260,29,0,512,0.053343623876571655,76.99874114990234,181,0,29,29
1329,A,1329,-0.0050009507685899734,0.05543648079037666,nan,nan,512,0,-0.0050009507685899734,0.05543648079037666,all_rows,512,0,0.020091313868761063,0.08203125,0.0025084542110562326,0.0015257413033396006,0.15377125702798367,3d276ff723402f51725fe788e58e3c16:0:0,25e20fd4152e21aa24002a78687153ac:0:0,8c38d4a759da42d3800c8f515f46710b:0:0,de8c76c8d981a36d72991e94b6d829e9:0:718321886,f426a9deb3b1a123392d456baea0a15a:1:1751082408,10,1.0,0,0,0,0,0,0,512,30,0,512,18,0,273,0,0,239,30,0,512,0.06147322058677673,77.0985107421875,178,0,30,30
1330,A,1330,0.0039409613236784935,0.049085117876529694,nan,nan,512,0,0.0039409613236784935,0.049085117876529694,all_rows,512,0,0.006409508176147938,0.0849609375,-0.005168696539476514,0.0012002252304228022,0.14967115101171657,3932aa41c2562c856c02b74bae2f3016:0:0,d28f5e3b4871f4417939a4932238961a:0:0,74ee60b1a03f275829bc2a4b753a384f:0:0,afdba1441e79314ad23f8a38fae5e5e9:0:1872532378,00bc14ed1a4b482b8a728991e1c81011:1:2328796540,10,1.0,0,0,0,0,0,0,512,24,0,512,21,0,259,0,0,253,24,0,512,0.057340268045663834,78.70637512207031,170,0,24,24
1331,A,1331,0.003163207322359085,0.050618935376405716,nan,nan,512,0,0.003163207322359085,0.050618935376405716,all_rows,512,0,0.004004318732768297,0.0810546875,-0.0026468724478036164,0.0012804476718883961,0.14845000702189282,e18dcd6d52215f43e986a35273902416:0:0,a85cddb83f3683057b4a43348feb7343:0:0,00b7c091ecf10c8f0f15eb741e99d9d7:0:0,dd46fbe81cce052f13ab0b43a733a1e9:0:3688978295,488f8b3d7a8f4d846ab37d172b7916ef:0:2530920591,10,1.0,0,0,0,0,0,0,512,26,0,512,31,0,260,0,0,252,26,0,512,0.060041941702365875,78.78538513183594,161,0,26,26
1332,A,1332,-0.00663602352142334,0.05406896770000458,nan,nan,512,0,-0.00663602352142334,0.05406896770000458,all_rows,512,0,0.011210089549422264,0.08828125,-0.006626768410205841,0.0014322550443466753,0.14634520397521555,8cfa6d7dd33885c9979d7f1135b11816:0:0,69fc1e576f4232c60a7eddedc3c37c89:0:0,e2c5ed8be24cddaf06833ebda7b29748:0:0,d4c713685afae7b23e4e82f0bbc15de9:0:1284294409,fa125e621d5b5c4f0f05f19d0e0d1f09:1:3562979324,10,1.0,0,0,0,0,0,0,512,26,0,512,25,0,260,0,0,252,26,0,512,0.06371727585792542,79.02644348144531,174,0,26,26
1333,A,1333,-0.004694269970059395,0.055910684168338776,nan,nan,512,0,-0.004694269970059395,0.055910684168338776,all_rows,512,0,0.005066660698503256,0.08046875,0.0013199643231928348,0.0015066465042764322,0.14794589701341465,9dfac8b1778b725c814dddfbf4920c16:0:0,188894a82e1835e41fa1cc8d0d73bba4:0:0,942f612be2aa40a51eae3f0e2c7a195a:0:0,7061e989f8a1aa539f4d127c388f19e9:0:48970670,627812713369c271447b65a1d908b76f:0:1635065382,10,1.0,0,0,0,0,0,0,512,27,0,512,44,0,258,0,0,254,27,0,512,0.0630742534995079,77.67765045166016,181,0,27,27
1334,A,1334,0.0039788722060620785,0.05515848845243454,nan,nan,512,0,0.0039788722060620785,0.05515848845243454,all_rows,512,0,0.008028775453567505,0.0955078125,-0.0022409741301089524,0.001411139505216852,0.14691066998057067,5876b0c57bafa32203f31386b0330016:0:0,a347db3256d69c8e5e6fecbbc7f49451:0:0,f35217be5bfeb3f7408ee3c6cd692d26:0:0,f4e4b679aef4c31e857a1b221d9cd5e9:0:2364893917,16e62e920f6b4caa274682c8e9e7f6e8:0:294454626,10,1.0,0,0,0,0,0,0,512,23,0,512,28,0,262,0,0,250,23,0,512,0.06616989523172379,76.3703842163086,178,0,23,23
1335,A,1335,0.00020452257012948394,0.051479771733284,nan,nan,512,0,0.00020452257012948394,0.051479771733284,all_rows,512,0,0.002560621127486229,0.06796875,-0.0027376321610063314,0.0012684879126027226,0.1537819459917955,f3947947160886b4c33d33256893f416:0:0,1f6a385fc0780ceeddba74293030b442:0:0,b09011e861de70a886911ac7eee70ae1:0:0,574a4c0ab4b6e08efd593e1e6aea91e9:0:3817553232,43f1a1f6ebc68b59992544c78cec6d85:0:3873233620,10,1.0,0,0,0,0,0,0,512,30,0,512,23,0,259,0,0,253,30,0,512,0.0631045401096344,77.47625732421875,179,0,30,30
1336,A,1336,-0.0004940938670188189,0.050625141710042953,nan,nan,512,0,-0.0004940938670188189,0.050625141710042953,all_rows,512,0,0.009435107931494713,0.081640625,0.00513487197458744,0.0012405242363456638,0.14917066198540851,7ac18255243f6d7a9d31104c1db4e816:0:0,91d7f0aff26bb984f3e36fccb057909f:0:0,40e1eb35896b41b50b57a6d2f3593df4:0:0,fd57344ade0c75b68d1e5cad20784de9:0:3767718351,026b44eeb111245bdc37e5faa5ac981a:0:3730612500,10,1.0,0,0,0,0,0,0,512,37,0,512,22,0,271,0,0,241,37,0,512,0.06226123869419098,78.14749145507812,176,0,37,37
1337,A,1337,-0.0007401511538773775,0.047224342823028564,nan,nan,512,0,-0.0007401511538773775,0.047224342823028564,all_rows,512,0,0.013128509745001793,0.0404296875,-3.5656662657856944e-05,0.0011065192171372472,0.14798058499582112,316f133bff7f27ba9e283e6ecf95dc16:0:0,cc5ec8a72b38f10a033fd5610570ba04:0:0,3e55327397159c053146d5d09c31eaa4:0:0,95e61c18905b3ea0f0ad980a3e4609e9:0:2507205050,4dd633997bb0bfd9530c73f350c68766:0:3340231643,10,1.0,0,0,0,0,0,0,512,34,0,512,28,0,253,0,0,259,34,0,512,0.06178566813468933,76.90142822265625,194,0,34,34
1338,A,1338,0.006215146277099848,0.04926835000514984,nan,nan,512,0,0.006215146277099848,0.04926835000514984,all_rows,512,0,0.007574072573333979,0.059375,-0.007280464423820377,0.001209025119896978,0.15045529301278293,8fdc48599fe75072f4d111017e36d016:0:0,2ee546784a516c8812d2c7b3c38b05b5:0:0,d7d72e3cdcc95bd2de9a73f14f75fe1a:0:0,604c4da76273bcf8d59b5171c453c5e9:0:544805301,3b85f11ce5c415713960a2a6687ccae4:1:2119437205,10,1.0,0,0,0,0,0,0,512,28,0,512,25,0,252,0,0,260,28,0,512,0.06645332276821136,75.95255279541016,193,0,28,28
1339,A,1339,-0.007573974784463644,0.05343068763613701,nan,nan,512,0,-0.007573974784463644,0.05343068763613701,all_rows,512,0,0.010982610285282135,0.068359375,-0.0051472321385517715,0.0013174465275369585,0.14736618899041787,f124dbbcf7ab44eee62e9b782997c416:0:0,060a0c352031fe4ae9731079de373ba2:0:0,ec9b1ffe2c68f3bdaf4095832560e2eb:0:0,d066ee208140acec972c2a1fb2a181e9:0:2890134334,3d109109c3d1eb70d5d588474370e988:0:99733898,10,1.0,0,0,0,0,0,0,512,32,0,512,31,0,265,0,0,247,32,0,512,0.0653710886836052,74.29498291015625,182,0,32,32
1340,A,1340,-0.0032755983993411064,0.04988206550478935,nan,nan,512,0,-0.0032755983993411064,0.04988206550478935,all_rows,512,0,0.003009476698935032,0.0974609375,-0.007009353954344988,0.0012415786099154503,0.15422469400800765,087687f82e50c91cc198b146d1b8b816:0:0,aa6db99c79576f43e7951060dc436644:0:0,484cc8b3c064db617f92d0ac00ad5362:0:0,76865ccc31387252fa550350092f3de9:0:3233447388,ee6846383fd49e2263e0ffc24676bbda:0:2971090767,10,1.0,0,0,0,0,0,0,512,27,0,512,27,0,241,0,0,271,27,0,512,0.06458950787782669,72.41910552978516,179,0,27,27
1341,A,1341,-0.01355708297342062,0.05096975341439247,nan,nan,512,0,-0.01355708297342062,0.05096975341439247,all_rows,512,0,0.002869743388146162,0.0146484375,0.0004292165860533714,0.0011754841776564716,0.14975782699184492,8983b0a2248258a3d4bbe5e17699ac16:0:0,fd3545a0109d6f9e2f3190367bb4fee8:0:0,bb14357f073fdc2df2154296b3161928:0:0,f7cd797204cc7e0fe9bafe3ec7fcf9e9:0:4089199206,36d03f925c69193e0a50f4f709412634:0:4166116358,10,1.0,0,0,0,0,0,0,512,29,0,512,25,0,255,0,0,257,29,0,512,0.06835748255252838,72.97785186767578,185,0,29,29
1342,A,1342,0.0011232177494093776,0.052533622831106186,nan,nan,512,0,0.0011232177494093776,0.052533622831106186,all_rows,512,0,0.0011230740929022431,0.0794921875,0.00029505668208003045,0.0013448505545966328,0.14978101797169074,7bc9dc0868e924ba5f998cbc183aa016:0:0,5650a9d8d2523ae00c28e11eebbab053:0:0,44149593a0f9bb044281d14001c2b470:0:0,3cf6badda012abb931b37c27ef0ab5e9:0:1017125515,174a7b0cd7bc0be8a346564357fd21a9:0:228614506,10,1.0,0,0,0,0,0,0,512,26,0,512,22,0,236,0,0,276,26,0,512,0.06620336323976517,73.03553771972656,183,0,26,26
1343,A,1343,-0.002621584804728627,0.04790479317307472,nan,nan,512,0,-0.002621584804728627,0.04790479317307472,all_rows,512,0,0.004714354407042265,0.05390625,-0.0024831912480294703,0.0011220248998142779,0.14933973900042474,cdcd5d978682bebb8887b94ab69b9416:0:0,69859ff152ef4e5048367b2780db903a:0:0,92f23337e1355584fcff2787a8ce638b:0:0,5308ddb621e4977b3c441e477e5871e9:0:3462997748,644101a546142ae48295c22e8316fe58:0:2171231859,10,1.0,0,0,0,0,0,0,512,22,0,512,30,0,252,0,0,260,22,0,512,0.0658506229519844,73.53855895996094,192,0,22,22
1344,A,1344,0.0008158667478710413,0.048678360879421234,nan,nan,512,0,0.0008158667478710413,0.048678360879421234,all_rows,512,0,0.0032523032277822495,0.0853515625,-0.004039386101067066,0.001165832014521584,0.1476209189859219,49c1588454e66f7d50313f0151bc8816:0:0,ff7852dc1aafb3f0315989e6c62b5e9c:0:0,5f9820b18501345476e5751fd7353707:0:0,53988f168ab0ec3dcd22c5d975e62de9:0:1813858795,d7e2e9ab28be91e1b8a39dbc4e250ba5:0:195083060,10,1.0,0,0,0,0,0,0,512,25,0,512,27,0,239,0,0,273,25,0,512,0.06873482465744019,74.18489837646484,172,0,25,25
1345,A,1345,-0.0019077312899753451,0.04939650744199753,nan,nan,512,0,-0.0019077312899753451,0.04939650744199753,all_rows,512,0,0.002555661369115114,0.0154296875,0.0002985111903399229,0.001206239830935374,0.15183301799697801,64f3fe45b2ee3b668595b153e99d7c16:0:0,7c34c4d029d9ec3f12badafdbf74bd1b:0:0,4641df83936a2527609167bf34a553f4:0:0,9103cd95b93aaa08bdb59419d5b3e9e9:0:3335033918,b9018b92391ddd77b1371d31c7b8429f:0:1519385238,10,1.0,0,0,0,0,0,0,512,32,0,512,34,0,252,0,0,260,32,0,512,0.07356692105531693,74.46270751953125,176,0,32,32
1346,A,1346,0.00778681505471468,0.056482020765542984,nan,nan,512,0,0.00778681505471468,0.056482020765542984,all_rows,512,0,0.0064016664400696754,0.0462890625,-0.0040806533303111795,0.0015392001310829072,0.14870067202718928,e3829c72d4379344ba0963b67e3e7016:0:0,7a950812457913ab0f398987483f6acb:0:0,9334ca0c0b3a55cd21dea5b14a43d38f:0:0,bedeceacd58264a8b912ea449dc1a5e9:0:1238405255,bfe00e3034343a0317cfb4d9ef9e4503:1:1976809300,10,1.0,0,0,0,0,0,0,512,24,0,512,30,0,267,0,0,245,24,0,512,0.07650616019964218,75.35684204101562,173,0,24,24
1347,A,1347,-0.002850419143214822,0.04963214695453644,nan,nan,512,0,-0.002850419143214822,0.04963214695453644,all_rows,512,0,0.006181369535624981,0.0439453125,-0.004489908972755074,0.0011827828362584113,0.15091825497802347,4f0fb19f09efb1e23535699d0f9f6416:0:0,d369baef77685051299a0407539a321d:0:0,3f5bfdd0b184f92f53b46d7fe1108f02:0:0,67d105ab42157a93f8016995ce0f61e9:0:219004239,f2760eb725d8af64bdbe098ce80d57b8:0:4236276668,10,1.0,0,0,0,0,0,0,512,31,0,512,25,0,256,0,0,256,31,0,512,0.0738346204161644,75.29056549072266,190,0,31,31
1348,A,1348,-0.000950732093770057,0.04173004627227783,nan,nan,512,0,-0.000950732093770057,0.04173004627227783,all_rows,512,0,0.0006755382055416703,0.0396484375,0.0003257455304265022,0.0008660097199026495,0.1478008379926905,2636d8d0af5fa65be917967b9dc05816:0:0,d8ea2f720748d54107d6d86bd8ecebf4:0:0,baaab6b8c909afc43dd73724eeb50954:0:0,40a374a76bff440efcf7f349669d1de9:0:1508359252,0b5cfdb1fd4d0ec9d352c0ffa667f6c7:1:3053686611,10,1.0,0,0,0,0,0,0,512,35,0,512,28,0,252,0,0,260,35,0,512,0.07849378138780594,77.28846740722656,184,0,35,35
1349,A,1349,0.00015484739560633898,0.04665705934166908,nan,nan,512,0,0.00015484739560633898,0.04665705934166908,all_rows,512,0,0.006103054620325565,0.0357421875,-0.00362199773080647,0.0010522234922973439,0.14910904300631955,d006e735a2ac0b3766027dc628a14c16:0:0,f562ff7b29982dff46f307b1b4bd17bc:0:0,3e1c6e4864d65dbc23140f6f30a2f778:0:0,547fb71c11983a91501da89b676ad9e9:0:2535178275,17f52f023e13b4163a61325301fc0f10:1:829202666,10,1.0,0,0,0,0,0,0,512,30,0,512,38,0,244,0,0,268,30,0,512,0.07491490244865417,77.0371322631836,184,0,30,30
1350,A,1350,-0.0007975458283908665,0.05314357578754425,nan,nan,512,0,-0.0007975458283908665,0.05314357578754425,all_rows,512,0,0.003613576292991638,0.0625,0.0020356578286737205,0.0014025868265889585,0.1499542830279097,1fa217bc723c6a38ce9d72f0b0424016:0:0,7e598329a729d88b25de73d83e81b072:0:0,0d25b0dce4cedb3f9965885ee21fda01:0:0,28993921d86f186a3b49eac7d07895e9:0:1623520308,f8f756e90681590cfd46029faa73a55d:1:382030298,10,1.0,0,0,0,0,0,0,512,25,0,512,33,0,270,0,0,242,25,0,512,0.07804884761571884,77.21465301513672,181,0,25,25
1351,A,1351,0.0008106724126264453,0.054575830698013306,nan,nan,512,0,0.0008106724126264453,0.054575830698013306,all_rows,512,0,0.006354048848152161,0.06796875,-0.00019411644898355008,0.0014478810015134513,0.1508520190254785,ed06943e273e4cf8cbe4896f34a33416:0:0,7d927da51d5cc0c160fb252d7b6966fe:0:0,a278698e7fef6da86781b8f4e0797783:0:0,55efcd754a87f0a586045b0aa1c651e9:0:218785439,a507d812dd3c7b069b0cfcd456c7cf86:1:1665531354,10,1.0,0,0,0,0,0,0,512,36,0,512,32,0,261,0,0,251,36,0,512,0.07565901428461075,76.58482360839844,178,0,36,36
1352,A,1352,0.0016834961716085672,0.056365981698036194,nan,nan,512,0,0.0016834961716085672,0.056365981698036194,all_rows,512,0,0.0030125724151730537,0.092578125,0.004619002807885408,0.0015418573282659053,0.1519959430443123,55af13e955b7fa3a812894b5b5c42816:0:0,554ec0af706cff5a1e9a30c8cdfb62d9:0:0,024e2c9d05f42253f1c825af66f19a29:0:0,3ecc4fb9932d3f303184da9fdb540de9:0:1706172049,075c0f5b4587d823397f1aa9c9fd4059:0:521243385,10,1.0,0,0,0,0,0,0,512,30,0,512,39,0,259,0,0,253,30,0,512,0.07501091808080673,77.33489990234375,177,0,30,30
1353,A,1353,0.0024989722296595573,0.05559097230434418,nan,nan,512,0,0.0024989722296595573,0.05559097230434418,all_rows,512,0,0.004864486865699291,0.09921875,-0.003664862923324108,0.0015275019977707416,0.14879218995338306,f6f3a2a3da9ee001800f283833a51c16:0:0,ed6c6af57312c4479269dbf76f3f87ba:0:0,2103b90e09952c174cf0aa184bf0309e:0:0,fb4537a8938ef13d34b38ac37d21c9e9:0:1071314351,45a2237cb363076ba70558c7e9db0dce:0:89321811,10,1.0,0,0,0,0,0,0,512,24,0,512,28,0,270,0,0,242,24,0,512,0.07114686071872711,77.80633544921875,177,0,24,24
1354,A,1354,0.0014183383900672197,0.05495985597372055,nan,nan,512,0,0.0014183383900672197,0.05495985597372055,all_rows,512,0,0.005943158641457558,0.0888671875,0.000834626005962491,0.0015000588144175708,0.1489725320134312,4195f51d7065aa67bc92976aae461016:0:0,dbfdc10ccf89fa3da59956c1b19a1c31:0:0,178891e55381993a855af64d738707ee:0:0,e4c1f521276b65ea3828ccb1872f85e9:0:1956431952,ea97fb64affa6080d85e48278ab839cd:0:2993475785,10,1.0,0,0,0,0,0,0,512,20,0,512,33,0,275,0,0,237,20,0,512,0.07529076933860779,78.78022003173828,165,0,20,20
1355,A,1355,-0.0012173413997516036,0.04790704324841499,nan,nan,512,0,-0.0012173413997516036,0.04790704324841499,all_rows,512,0,0.01476478110998869,0.0751953125,-0.0017001621890813112,0.0011523481574840845,0.15658872399944812,3e72f152027607338101f5c125a70416:0:0,7e0dc8f9954cbc9fdded14404a006e86:0:0,2acb3ce1df9fe2fbddca20f770e718ea:0:0,d4589c44b1fe6724522d41a5f97d41e9:0:2934901316,11ab1aaeddbc76f1e330bbb4cc98e8e5:0:1328134673,10,1.0,0,0,0,0,0,0,512,28,0,512,24,0,236,0,0,276,28,0,512,0.07503935694694519,77.63292694091797,190,0,28,28
1356,A,1356,0.0011889582965523005,0.05203710123896599,nan,nan,512,0,0.0011889582965523005,0.05203710123896599,all_rows,512,0,0.003360144095495343,0.036328125,-0.0009061675984412432,0.0013525518937967719,0.15804691903758794,1cac4b3f680a162d620116af99c7f816:0:0,731800a624e8db4618004c26f97d599a:0:0,8e5ce289042f6700b8ebd99ab09aae7c:0:0,bb41d4154b721accc2b9cadcd40afde9:0:2066120163,c406099566064654913653b87df73d23:0:756452856,10,1.0,0,0,0,0,0,0,512,21,0,512,16,0,256,0,0,256,21,0,512,0.07941240072250366,80.14092254638672,183,0,21,21
1357,A,1357,-0.005320891737937927,0.05150650814175606,nan,nan,512,0,-0.005320891737937927,0.05150650814175606,all_rows,512,0,0.005238610785454512,0.0638671875,-0.0031874516513198613,0.0013045003172010184,0.14863324502948672,06814196eed9863632888daa0aa8ec16:0:0,33d9372ffb99338103f8d8dd64f12b4d:0:0,4088dea072e983f8069a4b5cda4ad36f:0:0,3fbb2146270dec1daf77899216d8b9e9:0:2884182425,ae32efa5c5a9d84cdc45642918c46809:0:1906027958,10,1.0,0,0,0,0,0,0,512,23,0,512,18,0,255,0,0,257,23,0,512,0.07400412112474442,79.36006927490234,178,0,23,23
1358,A,1358,0.0026225349865853786,0.05200658738613129,nan,nan,512,0,0.0026225349865853786,0.05200658738613129,all_rows,512,0,0.0024999340530484915,0.022265625,-0.0030145209282636644,0.0013280468614539132,0.14964136196067557,603ca637de0e5f1cf7e5ae247849e016:0:0,a0ac7a9054b8e4b211df21769d97010d:0:0,057f1017b8ed63bd094a200a2d838ae0:0:0,03c78a300a5f6d4edfbfdf01c1e675e9:0:3698873649,4368ee31332d4bbcdd3c0834b4cff226:1:3113918036,10,1.0,0,0,0,0,0,0,512,27,0,512,27,0,257,0,0,255,27,0,512,0.07207819819450378,77.94486236572266,178,0,27,27
1359,A,1359,-0.004762894473969936,0.048394106328487396,nan,nan,512,0,-0.004762894473969936,0.048394106328487396,all_rows,512,0,0.0037527955137193203,0.0513671875,-0.003097969340160489,0.0011332281545037403,0.1497898799716495,18d87244d9f57834ddba8b92e2aad416:0:0,bf09389c99509b65e514a1478fa7b3c9:0:0,c0d4d0d351e76241e36fa8c8c2a006d4:0:0,b692301bed99317a789c6c67d53431e9:0:3823224168,7f232611fd09378c010264bdd41b5449:1:1378142090,10,1.0,0,0,0,0,0,0,512,32,0,512,28,0,251,0,0,261,32,0,512,0.07148227840662003,78.49903106689453,184,0,32,32
1360,A,1360,0.00018470367649570107,0.058454107493162155,nan,nan,512,0,0.00018470367649570107,0.058454107493162155,all_rows,512,0,0.00396728003397584,0.0505859375,-0.0029565148521214723,0.0017114049522206187,0.15450949495425448,72fc2daad0de9bab29fdf96949cbc816:0:0,e2c99d550852750a3221946ce8d5378b:0:0,2697db5f2e2f75796391f78da88a86b6:0:0,9505d5561d639ec1b8c7130050c1ede9:0:2993492889,7dbf8efbf48519e5eb4afd3b785a7825:1:431932289,10,1.0,0,0,0,0,0,0,512,27,0,512,34,0,270,0,0,242,27,0,512,0.07737737894058228,78.71509552001953,175,0,27,27
1361,A,1361,0.012966649606823921,0.05929304286837578,nan,nan,512,0,0.012966649606823921,0.05929304286837578,all_rows,512,0,0.0017550759948790073,0.0458984375,0.0011826418805867434,0.001448485755827278,0.15172052197158337,038b6df4d9a0569d30fb8b1badacbc16:0:0,a096bde9d440f2d1dbfdf16f5d1a47d6:0:0,ec317297deaedfd28d3b72bafc049876:0:0,12b75ebc765bb8b1b4a9f407348fa9e9:0:2321672875,b08766cce1ea259efa7267142a47f16c:0:495762141,10,1.0,0,0,0,0,0,0,512,41,0,512,31,0,254,0,0,258,41,0,512,0.0732022076845169,80.10689544677734,177,0,41,41
1362,A,1362,0.00716397212818265,0.04304277151823044,nan,nan,512,0,0.00716397212818265,0.04304277151823044,all_rows,512,0,0.007665959186851978,0.0927734375,-0.009596489206887781,0.0009172355377813802,0.15398000500863418,edd4a04d2c3375ee4953941e0e4db016:0:0,75a72b1632def68800f7671ed7cb7393:0:0,f3feaddbdf14f724f50083906e1b31a5:0:0,91c832ba927be2e8125f70b8809d65e9:0:556689520,9795bb8529c4f9dd61aa4996300ef8b1:1:2563657739,10,1.0,0,0,0,0,0,0,512,33,0,512,24,0,264,0,0,248,33,0,512,0.07754934579133987,79.99149322509766,178,0,33,33
1363,A,1363,0.004069111309945583,0.049490004777908325,nan,nan,512,0,0.004069111309945583,0.049490004777908325,all_rows,512,0,0.004721684381365776,0.0578125,-0.002029802743345499,0.001218866542330943,0.15355134097626433,015636901cda2fddbffb27e46baea416:0:0,119f30c0404dab1ef0bfe16e6aff76f6:0:0,8ccffb52332f3eee2ccaebfe8244c301:0:0,df27e6e700aa9bf7c5b22a5034eb21e9:0:731475560,046bf753eab67a191ad746a77db7f03b:0:257841402,10,1.0,0,0,0,0,0,0,512,29,0,512,38,0,256,0,0,256,29,0,512,0.07433664053678513,78.96482849121094,168,0,29,29
1364,A,1364,-0.0016741243889555335,0.052183058112859726,nan,nan,512,0,-0.0016741243889555335,0.052183058112859726,all_rows,512,0,0.01067013293504715,0.06953125,-0.0023603613488376142,0.0013350742257898674,0.14865530701354146,a6c1275ac246fa5ccc3c19e2c5cf9816:0:0,e48715c1b961ff0a18aa2a4961c5df81:0:0,959f1cae8c31dd50866fc7d3e9e389b3:0:0,20daf8b4deab308dcc1d020a5178dde9:0:1693239290,197aa0ea13291be14aad1230251eba2d:1:827285195,10,1.0,0,0,0,0,0,0,512,26,0,512,29,0,262,0,0,250,26,0,512,0.07892398536205292,80.42206573486328,168,0,26,26
1365,A,1365,0.007163455709815025,0.05320243537425995,nan,nan,512,0,0.007163455709815025,0.05320243537425995,all_rows,512,0,0.00235974183306098,0.0216796875,-0.0025399676989763973,0.0013688009115867318,0.15046730800531805,de1b7d03af370e2483b4fd8d1cb08c16:0:0,597f75dbdd5d9dc687d4e41d432b1202:0:0,8d054a789e9a40f363c859414eef6547:0:0,8de654ed6dac66d5e8cb1922d64699e9:0:4152188903,d772b357bec81621c3f307b18e952363:1:229060994,10,1.0,0,0,0,0,0,0,512,31,0,512,33,0,263,0,0,249,31,0,512,0.08280348032712936,82.2967300415039,178,0,31,31
1366,A,1366,0.0048465305007994175,0.052167750895023346,nan,nan,512,0,0.0048465305007994175,0.052167750895023346,all_rows,512,0,0.008616536855697632,0.07109375,-0.005610880185849964,0.0013609333051135763,0.15258382499450818,4b6c6f70e7f4968bce59265770518016:0:0,83e8e16a506da6c88723ad00a988e700:0:0,8650d7f4f8d8fae748fba588c69e0ff5:0:0,2b7534e579b1221f6097d0d5c35455e9:0:4254267577,8cec5d46adb7c432a7f2da170c5020d6:0:876412060,10,1.0,0,0,0,0,0,0,512,23,0,512,39,0,265,0,0,247,23,0,512,0.08050230145454407,82.18800354003906,167,0,23,23
1367,A,1367,-0.006254870444536209,0.050868142396211624,nan,nan,512,0,-0.006254870444536209,0.050868142396211624,all_rows,512,0,0.005313164554536343,0.0548828125,0.0007300068158656359,0.0012512715707998722,0.1633943589986302,ceed38c2fc348e1d5a70a7b5c0b27416:0:0,1bf68b49a2e2b95c83739f8f8142499d:0:0,14d4b51602b98c157cb2146cb9d57748:0:0,710057a2ac0efec1b60eca5f18a211e9:0:1255076492,a7587194a4b6ac755aff1c315b2e4baa:1:3539979379,10,1.0,0,0,0,0,0,0,512,24,0,512,42,0,253,0,0,259,24,0,512,0.07909119874238968,81.84212493896484,175,0,24,24
1368,A,1368,-0.001283557852730155,0.05332392454147339,nan,nan,512,0,-0.001283557852730155,0.05332392454147339,all_rows,512,0,0.0007507165428251028,0.081640625,-0.0012926946161314844,0.001421806588768959,0.15648364496883005,c6167cd1edc447ed9098551c0dd36816:0:0,da84959c16984c0d413a5146f5e47ccd:0:0,6bf27134e256c846c2f1bda3c43bf95a:0:0,a5ead865213ee641656be6fad62fcde9:0:1341884565,c71b7cbe054e632b027186031c14d12e:0:2103348397,10,1.0,0,0,0,0,0,0,512,28,0,512,41,0,256,0,0,256,28,0,512,0.08033577352762222,82.1411361694336,176,0,28,28
1369,A,1369,0.0020963007118552923,0.052562177181243896,nan,nan,512,0,0.0020963007118552923,0.052562177181243896,all_rows,512,0,0.0029568648897111416,0.0392578125,0.001632044045254588,0.0013558980310335756,0.15311826398828998,30c9b77d4c7aa5b087c1c1fe57b45c16:0:0,c34573b129628cdf58a15abf40c0a203:0:0,53b33883380d3f58e3c75e94557a7674:0:0,8e71db49da3b9bb4a09b47e4fbfd89e9:0:2755183179,025ee3144855bb54910036693fd75a7f:1:2472465789,10,1.0,0,0,0,0,0,0,512,24,0,512,41,0,234,0,0,278,24,0,512,0.07475574314594269,82.06204986572266,203,0,24,24
1370,A,1370,-0.00803355686366558,0.05526299402117729,nan,nan,512,0,-0.00803355686366558,0.05526299402117729,all_rows,512,0,0.005086915567517281,0.081640625,-0.004945794166997075,0.001427187817171216,0.14972638100152835,ee08b5d5afe0fa8ff93341d09e555016:0:0,38675b328e6cf3ba80de87a066d66ed9:0:0,569c2e0c20b193ba3a0676e048022c12:0:0,1c30fbfae1aa40680b394e598a0b45e9:0:36574059,a86a90e10f8736947526af47b33e5272:1:3920571993,10,1.0,0,0,0,0,0,0,512,41,0,512,31,0,252,0,0,260,41,0,512,0.07569552212953568,81.30565643310547,184,0,41,41
1371,A,1371,-0.0005520550184883177,0.050273679196834564,nan,nan,512,0,-0.0005520550184883177,0.050273679196834564,all_rows,512,0,0.0035550659522414207,0.0931640625,0.0005370084196329117,0.0012553114880574866,0.1536476009641774,72eaa22a77079ac13487e806e1b64416:0:0,2a24261b03615a7c4fcaba0ac61f4dea:0:0,4b8f7a441d6f42240aecc00937b9bba9:0:0,d81dd9a23d08d0c376929b94805901e9:0:1023990517,6d97f40637116c5af36c992a8c13db59:1:1616306291,10,1.0,0,0,0,0,0,0,512,33,0,512,34,0,231,0,0,281,33,0,512,0.07654755562543869,81.01153564453125,192,0,33,33
1372,A,1372,-0.0028984081000089645,0.049354419112205505,nan,nan,512,0,-0.0028984081000089645,0.049354419112205505,all_rows,512,0,0.006674017291516066,0.06640625,-0.0018444692017510534,0.0012004368531052024,0.1558691100217402,2186a30b76fa17db13af881521d73816:0:0,74fae4204ca1e02e9c41ac1a42a1d7cc:0:0,163c0add00df25f3ff69825e437c305a:0:0,28f94695021e996e9da410d1dee6bde9:0:569202517,507e03082f8854c1739510eb07647cb8:1:3263664702,10,1.0,0,0,0,0,0,0,512,34,0,512,29,0,243,0,0,269,34,0,512,0.0759357437491417,81.9605712890625,205,0,34,34
1373,A,1373,0.00802749302238226,0.055963218212127686,nan,nan,512,0,0.00802749302238226,0.055963218212127686,all_rows,512,0,0.004083994776010513,0.0638671875,-0.00467766672372818,0.0014736174838617445,0.15329266898334026,191f7953004729ebeeeeb56f5eb82c16:0:0,92f54339bcc316be55b10a7a89fc6ce6:0:0,676a72f8be44a8307fdb8221cfe23c5d:0:0,fa0c896c28eaa4b5e11acf4da5b479e9:0:1817778310,42ef4137f159f30ffedb5bf7e2699acc:0:1774435380,10,1.0,0,0,0,0,0,0,512,36,0,512,49,0,248,0,0,264,36,0,512,0.07814719527959824,81.93771362304688,187,0,36,36
1374,A,1374,-6.246712291613221e-05,0.054301224648952484,nan,nan,512,0,-6.246712291613221e-05,0.054301224648952484,all_rows,512,0,0.006878811866044998,0.0384765625,-0.003639250062406063,0.001452080375747755,0.15069792000576854,59b9e9516410454f90dec38998592016:0:0,94494f2800c3911569c968d9c3a07df4:0:0,44310391ec145da3ef39020ff5c46791:0:0,22dcc080f24c202f03543843d4c235e9:0:3324086520,fb40ac5ea1c55eb76cc139e00560f7f8:1:1577473786,10,1.0,0,0,0,0,0,0,512,30,0,512,30,0,276,0,0,236,30,0,512,0.07689283788204193,82.64588928222656,170,0,30,30
1375,A,1375,-0.000451248895842582,0.05165046826004982,nan,nan,512,0,-0.000451248895842582,0.05165046826004982,all_rows,512,0,0.005288830958306789,0.0810546875,0.0003996705170720816,0.001319915649946779,0.14780445396900177,c0310f37e114dd452a6dc5d7ceba1416:0:0,49bc80efbf7483d347e00a2b1985dcb4:0:0,31fd8d63f046cf52b3bc588242803af9:0:0,d18dd802fba0ba9de45decf06c0ff1e9:0:55519610,d73080850466afbccf63e1ba68cee53e:1:2601122661,10,1.0,0,0,0,0,0,0,512,25,0,512,34,0,274,0,0,238,25,0,512,0.08052093535661697,81.72893524169922,169,0,25,25
1376,A,1376,-0.004560702946037054,0.054664622992277145,nan,nan,512,0,-0.004560702946037054,0.054664622992277145,all_rows,512,0,0.0063261063769459724,0.03125,-0.003837731992825866,0.0014586944424081593,0.16003012302098796,119006e5a12d534546de8fce01db0816:0:0,55ec632c75fb3beb8cfb111e40319612:0:0,50571afd3cf307d7c58a4d8268a60dd6:0:0,a7399e1e5794fa193df5ce8f6b9dade9:0:1218315435,69549a7ce22a2919536e746dea2cc4a6:1:29061070,10,1.0,0,0,0,0,0,0,512,26,0,512,25,0,267,0,0,245,26,0,512,0.07837362587451935,82.38043212890625,158,0,26,26
1377,A,1377,0.002501797629520297,0.05013658478856087,nan,nan,512,0,0.002501797629520297,0.05013658478856087,all_rows,512,0,0.015527136623859406,0.0408203125,0.0010466035921126605,0.001179193056304939,0.15724451397545636,61b78b3e2fa99317bfc8b4e031bbfc16:0:0,1905587308a841389e17f400b382c555:0:0,74556cc349a72c2964b078752ed7ae47:0:0,b7c657e844628a6f5f89fe5cd36b69e9:0:1302640719,ce4916aa4fd48f4b92058d1ae099ac57:1:2473989609,10,1.0,0,0,0,0,0,0,512,24,0,512,35,0,250,0,0,262,24,0,512,0.08231202512979507,84.02898406982422,179,0,24,24
1378,A,1378,-0.004974001087248325,0.05568645894527435,nan,nan,512,0,-0.004974001087248325,0.05568645894527435,all_rows,512,0,0.0007970765000209212,0.0275390625,0.000511105265468359,0.0014609277772251517,0.15542844904121011,f6e0613591075ba9b11888825e5cf016:0:0,3526c85b249490a00bbaffed8100516f:0:0,e8ded31506f09344c400e6c9e1bda124:0:0,be0acd0957b883caea38dd94a37925e9:0:557574531,f0b79234cf0eae4ec80175d4287df5ab:1:2339274254,10,1.0,0,0,0,0,0,0,512,30,0,512,22,0,260,0,0,252,30,0,512,0.08793217688798904,82.32185363769531,168,0,30,30
1379,A,1379,0.0010705620516091585,0.048989083617925644,nan,nan,512,0,0.0010705620516091585,0.048989083617925644,all_rows,512,0,0.0011104053119197488,0.0490234375,-0.0026323907542973755,0.0011882668477483094,0.1563018980086781,be2086c2e47434a36d0f1e2887bde416:0:0,d7765c75b9138a1d12ae06633d9b3852:0:0,b2cbf86e9731cb6b97da6da35d6fbfc3:0:0,198c0f5c3889a9978cd10d72dbc6e1e9:0:4199904264,a5deb1a49e2b29d07086fca637a67454:1:2169816750,10,1.0,0,0,0,0,0,0,512,33,0,512,30,0,270,0,0,242,33,0,512,0.08455102890729904,82.1384048461914,165,0,33,33
1380,A,1380,0.005862865597009659,0.050779204815626144,nan,nan,512,0,0.005862865597009659,0.050779204815626144,all_rows,512,0,0.006643309723585844,0.045703125,-0.0032898503122851253,0.0012835523637477308,0.1500838989741169,d17935ef378f10be70424946added816:0:0,0fc6c61718930ebb06ae4f9cdd757ea1:0:0,a4e15e7f4c72f87fd498fa0c24c9ec8e:0:0,1d1b4ef83efca1a6bfd16f337c549de9:0:2672137283,efb971d1843948f44a441d4987f3cca0:1:3215823616,10,1.0,0,0,0,0,0,0,512,30,0,512,26,0,249,0,0,263,30,0,512,0.08630415052175522,83.03538513183594,174,0,30,30
1381,A,1381,-0.00414355518296361,0.05990016832947731,nan,nan,512,0,-0.00414355518296361,0.05990016832947731,all_rows,512,0,0.005615210626274347,0.03828125,0.0019343985710293054,0.0015966489037964493,0.15099697903497145,d2ded83af4dd9cdb559c9d50d0bfcc16:0:0,3904692d6d6796ffc14c50127cf7e8e4:0:0,eab904eeb3e70139b4a2f224dfd560be:0:0,5d4fd25f92ba239481692412852259e9:0:821361592,bca8030384a4d1e74f8b3a27c5ea8245:1:1917354652,10,1.0,0,0,0,0,0,0,512,23,0,512,25,0,255,0,0,257,23,0,512,0.08944064378738403,81.34083557128906,186,0,23,23
1382,A,1382,-0.009529299102723598,0.06381054222583771,nan,nan,512,0,-0.009529299102723598,0.06381054222583771,all_rows,512,0,0.0041048768907785416,0.0984375,-0.0011339703109115363,0.001901070395251736,0.1575293699861504,55e2069915693bd7ca5d6dbaf060c016:0:0,7b63fa1e4ebf1a07a3e75484757363d9:0:0,c015b7fb7d8bc0c8df00c437d0cba00e:0:0,938aadc89fd5206c11778d4bf63015e9:0:916345688,f5b401f3bc9f458e3a8613be21006e0b:0:2039517804,10,1.0,0,0,0,0,0,0,512,32,0,512,25,0,276,0,0,236,32,0,512,0.08601457625627518,82.70838928222656,156,0,32,32
1383,A,1383,0.00024865649174898863,0.053324390202760696,nan,nan,512,0,0.00024865649174898863,0.053324390202760696,all_rows,512,0,0.0009129358222708106,0.0751953125,-0.0014758873730897903,0.0013246121001429857,0.1550082449684851,97e1a643fdf7af248218cdf90cc1b416:0:0,6da911def67eee8c833f44f577e283e1:0:0,0059c5799fef41cee5626e2bde121a8d:0:0,d61f13bafa88e28cad8c4c1bcf7dd1e9:0:2600274351,fa08e810084cd03e38526e0b23e042f4:1:157948012,10,1.0,0,0,0,0,0,0,512,25,0,512,33,0,256,0,0,256,25,0,512,0.0891314372420311,82.81033325195312,179,0,25,25
1384,A,1384,-0.006787549704313278,0.05539552867412567,nan,nan,512,0,-0.006787549704313278,0.05539552867412567,all_rows,512,0,0.007402138784527779,0.0697265625,0.0015695801237598061,0.001478108373703435,0.15132025897037238,b9ba1ab4b0536c1b2ab7917f25e2a816:0:0,6e7cf5d8acd2bf23d95aa7cc1923ef1c:0:0,43e222f026d60077a7de15acdf90a387:0:0,e0a314780a0925ce4ce741be110b8de9:0:1146471963,b42ac5f6876b9102493f6dbf553883e7:1:1112445592,10,1.0,0,0,0,0,0,0,512,28,0,512,27,0,260,0,0,252,28,0,512,0.0926835760474205,82.96015167236328,164,0,28,28
1385,A,1385,0.0008697959710843861,0.05882330983877182,nan,nan,512,0,0.0008697959710843861,0.05882330983877182,all_rows,512,0,0.00789807178080082,0.1212890625,-0.0009010073670651763,0.001720247301273048,0.14488346397411078,ea7c6109b9179e1460774bc13bc39c16:0:0,a11d9b57a1e9f90efe39c46ae8fbb223:0:0,98bd3a3cda3b8651b6d9f81a7303fd5d:0:0,789158e812a027e65c788f6ebad949e9:0:2716186684,ba8c64830e5304558a53d26ded122497:0:3686501636,10,1.0,0,0,0,0,0,0,512,19,0,512,20,0,266,0,0,246,19,0,512,0.09536266326904297,81.423828125,165,0,19,19
1386,A,1386,0.0012088301591575146,0.0482105128467083,nan,nan,512,0,0.0012088301591575146,0.0482105128467083,all_rows,512,0,0.004482777323573828,0.0451171875,-0.0065538011956959965,0.0011579562444239855,0.1513182179769501,d599b9300273d53da1ea50334e649016:0:0,1ce7fe0475d757f3c08181efbf20827f:0:0,3831916a72a0a3259841112040412d39:0:0,2a84d9047756b10c7ae09669cce705e9:0:961812755,43e31c6ca250e526e6b018ddf3c934cb:1:3522012499,10,1.0,0,0,0,0,0,0,512,21,0,512,20,0,232,0,0,280,21,0,512,0.08774323761463165,82.05272674560547,180,0,21,21
1387,A,1387,0.002900682622566819,0.05426451191306114,nan,nan,512,0,0.002900682622566819,0.05426451191306114,all_rows,512,0,0.003899721894413233,0.0767578125,0.007064028969034552,0.001469979400280863,0.15411388198845088,8cdd4524745b622f43f7b2495dc58416:0:0,e61cfc5f016a039ca052541b6f23b1a3:0:0,90e9592f8ccc31ab5e0f5a889c39097d:0:0,33b3bcf84b6214df346ff7eb4734c1e9:0:1398832580,d35647b4ec2b452dbeee4a4fd9f6a3f0:1:2162144093,10,1.0,0,0,0,0,0,0,512,30,0,512,25,0,258,0,0,254,30,0,512,0.0924035906791687,80.81710052490234,169,0,30,30
1388,A,1388,-0.002714060014113784,0.057089462876319885,nan,nan,512,0,-0.002714060014113784,0.057089462876319885,all_rows,512,0,0.012278623878955841,0.071875,-0.0026706447824835777,0.001582001749193296,0.14912244502920657,6c44beaa0a945e4265db457769e67816:0:0,4990118c25f650064974958cb8513ff8:0:0,3b54fe2976ce2599c82fb887b3c59d8d:0:0,f22683708b942b88bf27952f29c27de9:0:3490801146,6731a19ed97a5b30138ad90cba122a37:0:3023602618,10,1.0,0,0,0,0,0,0,512,27,0,512,22,0,260,0,0,252,27,0,512,0.09552421420812607,79.68235778808594,168,0,27,27
1389,A,1389,-0.00035775970900431275,0.05424566939473152,nan,nan,512,0,-0.00035775970900431275,0.05424566939473152,all_rows,512,0,0.008356822654604912,0.0486328125,-0.008990344358608127,0.0014362207730300725,0.15076971804955974,780c0fd4c91a60a6e5259d3172c76c16:0:0,e31e7af0d0cdbcf6bfcd6660d8259372:0:0,700aaa434181a5482eae2500016a084d:0:0,34bc2ed598094323b6b88f71749039e9:0:3595833381,a6a80a4498836eb43c6cca6155b03dbf:1:317102505,10,1.0,0,0,0,0,0,0,512,32,0,512,26,0,242,0,0,270,32,0,512,0.09556282311677933,77.33695983886719,169,0,32,32
1390,A,1390,-0.006321451626718044,0.051320940256118774,nan,nan,512,0,-0.006321451626718044,0.051320940256118774,all_rows,512,0,0.0052275275811553,0.064453125,-0.001969776791520417,0.001290898589650169,0.15186617703875527,d0cd3aceb748e03951bc0ceb78686016:0:0,f1c6f87d8dcdab5f345c96228b22e88f:0:0,83c2db24291d90986cfc23910b9083e5:0:0,c29b9e67c650095fd88447ee279df5e9:0:3649692109,f949ce56a9f051fc4fe791dbcf7e2810:1:3669589557,10,1.0,0,0,0,0,0,0,512,25,0,512,31,0,253,0,0,259,25,0,512,0.08886350691318512,75.22572326660156,175,0,25,25
1391,A,1391,0.002538571134209633,0.05514005944132805,nan,nan,512,0,0.002538571134209633,0.05514005944132805,all_rows,512,0,0.007985653355717659,0.0845703125,0.0012782583478838205,0.001482653635321185,0.14939993299776688,6b2e9140ca414218e1d8a8197ac95416:0:0,b45290c151e78b3de18064f0e41d91e1:0:0,125f7774359c6974a9b3f114b54b2df2:0:0,f87d577924476d66bf9c5fe142ebb1e9:0:528753249,59df2cb9ff6d220d195b93ceb778ebb8:0:1462162690,10,1.0,0,0,0,0,0,0,512,23,0,512,26,0,262,0,0,250,23,0,512,0.09360438585281372,76.08901977539062,173,0,23,23
1392,A,1392,0.000585761503316462,0.04931245744228363,nan,nan,512,0,0.000585761503316462,0.04931245744228363,all_rows,512,0,0.003600185737013817,0.1015625,-0.005838733585551381,0.0011851802177261562,0.1505716409883462,9cfcc3ce670094fd660a422f79ea4816:0:0,f3afa2b905ed2dd9a3ae3aa82ad313a1:0:0,409c43a6fba88ac5c7b6cbca7ab22e09:0:0,f17fde3ec3ee7a00a0c2b886c6796de9:0:467037056,cd0967d33da854f6ee0e3a92fe95e8c8:0:3953670247,10,1.0,0,0,0,0,0,0,512,17,0,512,31,0,264,0,0,248,17,0,512,0.09481342136859894,74.7704086303711,156,0,17,17
1393,A,1393,0.003869740292429924,0.05801154673099518,nan,nan,512,0,0.003869740292429924,0.05801154673099518,all_rows,512,0,0.00031233218032866716,0.10234375,-0.005397644313052297,0.001674716267734766,0.15626254898961633,a57cce16e498f94d3d346ea175cb3c16:0:0,0fc3908d052a6bc470e8d8935d5e52a2:0:0,2be3a2b799ee9ba03f3a3f36a7c5ce17:0:0,e13b54f4286227f90669731ab24729e9:0:1378348698,2739ccbf1e2421466e405a7c2086f96a:0:371506379,10,1.0,0,0,0,0,0,0,512,21,0,512,18,0,273,0,0,239,21,0,512,0.09171070158481598,74.67865753173828,157,0,21,21
1394,A,1394,-0.004032830707728863,0.05344659090042114,nan,nan,512,0,-0.004032830707728863,0.05344659090042114,all_rows,512,0,0.0032200892455875874,0.0306640625,0.0003712384263053536,0.0014067093026824296,0.15529462200356647,76fb33b53702b5f3488f80e36e6c3016:0:0,3ac4b6f4f1f9cca9f1bc197118c8b5fd:0:0,140bb48b4d5ed1f5a714d6302ed2d50e:0:0,95c76b4bac4528c38cb2f0d90654e5e9:0:2505084521,cf43680f60f176dff2d3c8ef611a46b8:1:337379389,10,1.0,0,0,0,0,0,0,512,25,0,512,29,0,261,0,0,251,25,0,512,0.09188547730445862,75.04267120361328,166,0,25,25
1395,A,1395,-0.001045433571562171,0.05246078222990036,nan,nan,512,0,-0.001045433571562171,0.05246078222990036,all_rows,512,0,0.010123008862137794,0.08984375,-0.004201591340824961,0.001361895294394344,0.15637405699817464,10e266baaaf8f9f4dfa88c6963cd2416:0:0,bf05767e53925b504334923a059adbbd:0:0,c7146d15e597f6ee2778631392de99c0:0:0,12a0b766f9cda9609d71d2fdc2a2a1e9:0:2566723161,34365daf952490ab849507c94dbe049f:1:2711979290,10,1.0,0,0,0,0,0,0,512,34,0,512,25,0,258,0,0,254,34,0,512,0.08920282125473022,75.46471405029297,160,0,34,34
1396,A,1396,0.00104975001886487,0.057397596538066864,nan,nan,512,0,0.00104975001886487,0.057397596538066864,all_rows,512,0,0.01326048281043768,0.07421875,0.002822952950373292,0.0016460446291603147,0.15175976004684344,08b188265b564ac7c46164a755ee1816:0:0,e016b7faa1d66e1a63f8dcc32ac0f2c4:0:0,c828c7790ecddb83ae96aabc403da194:0:0,61105cd2ecb50d822c28fac4e7305de9:0:2236640077,1a6f7a72466e03194b0e4205f9d99005:1:1900381409,10,1.0,0,0,0,0,0,0,512,26,0,512,32,0,259,0,0,253,26,0,512,0.08270002156496048,75.98628234863281,167,0,26,26
1397,A,1397,0.002137760864570737,0.051257792860269547,nan,nan,512,0,0.002137760864570737,0.051257792860269547,all_rows,512,0,0.004722362384200096,0.0458984375,-0.0013364200945943593,0.0013046771608060225,0.1511238249950111,d1c6fedfc8649f6816f09d1144cf0c16:0:0,7484f8e47ea0d0ac5584dbe2fa359f33:0:0,8554efe9f296c95585af08e6a8eeaa8b:0:0,982a6d427645a2f0720b896a73fe19e9:0:2685857516,b72c9040baf1bace6ee15cb1fa909744:0:1737097993,10,1.0,0,0,0,0,0,0,512,23,0,512,24,0,263,0,0,249,23,0,512,0.08840987831354141,77.11233520507812,174,0,23,23
1398,A,1398,0.003405624534934759,0.05490028113126755,nan,nan,512,0,0.003405624534934759,0.05490028113126755,all_rows,512,0,0.006373828276991844,0.0912109375,-0.003116062143817544,0.0014990676776506008,0.15462107199709862,44d7a1bfb995282e49e1891b30700016:0:0,e7759db323d14e2473f52869d1d85fc5:0:0,a308d40b5d8f8d79d25524884082ecc6:0:0,45e4b2045bc24d2ea9fce02a690bd5e9:0:3429103116,d2f908bb97c4097d2203e77e6d181a71:1:2935775149,10,1.0,0,0,0,0,0,0,512,30,0,512,25,0,241,0,0,271,30,0,512,0.08556102961301804,76.65331268310547,182,0,30,30
1399,A,1399,-0.006052331533282995,0.054777227342128754,nan,nan,512,0,-0.006052331533282995,0.054777227342128754,all_rows,512,0,0.005118691362440586,0.0427734375,-0.00431986665353179,0.0014719048398546875,0.1505040000192821,34db65375213c36516143c3918d0f416:0:0,88483d761b2f2934b6f42b79f75702d6:0:0,2215cb83a492e423f2e0c20b8b8fd8a9:0:0,54708c6fe764295fcc90a040c65991e9:0:3989157063,0bc743d4d767f7b651fb3a62d78cef2f:1:1452220013,10,1.0,0,0,0,0,0,0,512,28,0,512,25,0,250,0,0,262,28,0,512,0.09275582432746887,76.632080078125,167,0,28,28
1400,A,1400,0.0004025214584544301,0.05556999146938324,nan,nan,512,0,0.0004025214584544301,0.05556999146938324,all_rows,512,0,0.00559692969545722,0.0744140625,-0.007189413276501,0.0015123646124266088,0.15132763696601614,e4f3a52a00aa1e9f6ebd89defdf1e816:0:0,c94950b3c0f90efc527124d0fff7e91f:0:0,0b263adf00b2879e468e763e7afd9711:0:0,cb2756c4e42a2a6b4c0aaae98be74de9:0:2131450867,1e1af813114c03d14eb1fcbcd1624310:0:2191611401,10,1.0,0,0,0,0,0,0,512,16,0,512,34,0,253,0,0,259,16,0,512,0.0931319072842598,77.02173614501953,173,0,16,16
1401,A,1401,-0.021585941314697266,0.06540578603744507,nan,nan,512,0,-0.021585941314697266,0.06540578603744507,all_rows,512,0,0.005142216570675373,0.0796875,-0.005347097897902131,0.0018974246049765497,0.14901930297492072,4e153f93b36684ce75670580dfd2dc16:0:0,5ea713f10df2f1bb8bee31311b0fb924:0:0,7409f8171fa039ed27e1590086555973:0:0,e939263b7cb6ad61d05f2160b9b509e9:0:1501681393,a23e623e6868384f86360987732dbf45:1:3105572231,10,1.0,0,0,0,0,0,0,512,22,0,512,27,0,271,0,0,241,22,0,512,0.09446977078914642,77.09286499023438,156,0,22,22
1402,A,1402,-0.013678502291440964,0.046533674001693726,nan,nan,512,0,-0.013678502291440964,0.046533674001693726,all_rows,512,0,0.006431155372411013,0.055078125,-0.007377537852153182,0.0010852176230400801,0.15087682800367475,b0d1c499777a59176def0292be73d016:0:0,23c035273eaca2079c75ae9a48fb709f:0:0,036795e722f9a05c0a53f2c8c6a38e2c:0:0,9a2a0240d5770621f33264e24fc2c5e9:0:2322257679,acea1803d3f2757994da928b41935585:0:1360153636,10,1.0,0,0,0,0,0,0,512,21,0,512,30,0,255,0,0,257,21,0,512,0.09262574464082718,76.81278991699219,169,0,21,21
1403,A,1403,-0.0017267062794417143,0.05580715462565422,nan,nan,512,0,-0.0017267062794417143,0.05580715462565422,all_rows,512,0,0.0011633062968030572,0.0287109375,0.00013229870237410068,0.0015530469012446702,0.15584395098267123,4c3704a76dc43e69b288948899d4c416:0:0,5aaa7469e593b21ccdaeb64994926200:0:0,ae71eceb03fb5975e3600e79f4aab1c3:0:0,b141941d7a51043cfbd916aa4e1081e9:0:728974360,9b1948132798efa0ae43b95d505325e5:1:970927913,10,1.0,0,0,0,0,0,0,512,29,0,512,28,0,253,0,0,259,29,0,512,0.09191256016492844,78.97737884521484,172,0,29,29
1404,A,1404,0.00491820415481925,0.05566655471920967,nan,nan,512,0,0.00491820415481925,0.05566655471920967,all_rows,512,0,0.009372402913868427,0.1044921875,-0.004475169954821468,0.0015439110400620848,0.150749257998541,9b233d43bc79ebd4a7bb8ed671f5b816:0:0,0ee7209536399923e9a88583ace0eff5:0:0,a46c04d6eb67ee0b9632c1a5a2ca7228:0:0,39a4fd82f812701b9b5817f4b49e3de9:0:936020979,044048769a5883e4cfd3138f51946eaf:0:3855199740,10,1.0,0,0,0,0,0,0,512,26,0,512,16,0,264,0,0,248,26,0,512,0.088929682970047,79.45995330810547,161,0,26,26
1405,A,1405,-0.001134980469942093,0.056270428001880646,nan,nan,512,0,-0.001134980469942093,0.056270428001880646,all_rows,512,0,0.0027119028382003307,0.1111328125,-0.0022070547565817833,0.0015356654825154693,0.14925477700307965,8a5e1142e665ad9db06484f046d6ac16:0:0,2dfe2fc4dc91ac0e5da7be2d3ac4f3c1:0:0,57feee1631fac57d8e550a984662f78c:0:0,0521ebbe39de8062a86489fd836bf9e9:0:3600986401,9796247f1f1fd8016de90cf732d56fd3:0:1097749950,10,1.0,0,0,0,0,0,0,512,21,0,512,28,0,251,0,0,261,21,0,512,0.09649210423231125,79.3487319946289,188,0,21,21
1406,A,1406,0.0003241455415263772,0.0572054460644722,nan,nan,512,0,0.0003241455415263772,0.0572054460644722,all_rows,512,0,0.009499793872237206,0.0703125,-0.0028551605530083178,0.0015996260393876583,0.15050186403095722,1003590eb02b931621b4ca4a1877a016:0:0,0f3073ec8fb197e2c623a3c0dab1db12:0:0,1fbd8ee2abb53f374295d8f717a0e5bd:0:0,03fd208c82d54797db63ce00ba79b5e9:0:3634294412,e5ecdc8461a9a8283de8b40d9012d863:0:36979960,10,1.0,0,0,0,0,0,0,512,26,0,512,19,0,256,0,0,256,26,0,512,0.09363352507352829,80.08468627929688,163,0,26,26
1407,A,1407,0.0018207055982202291,0.05173426494002342,nan,nan,512,0,0.0018207055982202291,0.05173426494002342,all_rows,512,0,0.004675749689340591,0.0826171875,0.006075439741834998,0.0013098098803311586,0.16397903696633875,c514abb57c0a493137327257e6d89416:0:0,4312242b0bad74ca8de6e0412a937968:0:0,06d1f6bf79b8ec3e6f8c2111dade0b2d:0:0,5c9d88d11c311a068a6b853a59c771e9:0:3973570477,f8b6a6324661d69cb7dc4ef67a11107a:1:1034658576,10,1.0,0,0,0,0,0,0,512,22,0,512,16,0,245,0,0,267,22,0,512,0.08695600926876068,80.95845794677734,175,0,22,22
1408,A,1408,-0.0022133796010166407,0.04737360402941704,nan,nan,512,0,-0.0022133796010166407,0.04737360402941704,all_rows,512,0,0.00454495707526803,0.03671875,0.001093671820126474,0.0011062181671150028,0.1566401249729097,f919497cc48ba1da06b8508db1f98816:0:0,974f72ee3f7d4866ec197c573632674d:0:0,cf5b1ce466012cfc88c6495c6567b127:0:0,3aef94aa1015ebe4654190e661552de9:0:406159032,591f93802360a81e48151721cdac71ed:1:862440516,10,1.0,0,0,0,0,0,0,512,22,0,512,20,0,249,0,0,263,22,0,512,0.08996624499559402,80.86846923828125,173,0,22,22
1409,A,1409,-0.00167313520796597,0.0562962181866169,nan,nan,512,0,-0.00167313520796597,0.0562962181866169,all_rows,512,0,0.007458087056875229,0.0220703125,-0.0008031426463276148,0.0015788490825798362,0.1519403670099564,8a51ccb61e98c8097475f85f79da7c16:0:0,c080bb62bfa1f075b41406fe2c6b9dfb:0:0,ef8d041af2328a31a7654511dd9279aa:0:0,6d1adba2894ea7b6315c1240d122e9e9:0:227134443,6216c0b0d2652c001a281f437abda53d:0:3632872824,10,1.0,0,0,0,0,0,0,512,23,0,512,15,0,252,0,0,260,23,0,512,0.09283722192049026,80.11207580566406,162,0,23,23
1410,A,1410,0.003617405192926526,0.058870334178209305,nan,nan,512,0,0.003617405192926526,0.058870334178209305,all_rows,512,0,0.015221402049064636,0.0689453125,0.004793945467099547,0.00173126338631846,0.15153985901270062,f7edb59aeb66209c26efbd413e7b7016:0:0,ef2c32ae962b4b4444a64c98049eea80:0:0,9827433660e68a3a34396e3fbe2dd76a:0:0,a5de2b01b0347cf485e16a85a930a5e9:0:3255599724,0c3787d1fcadc4668e9884e6339b2f96:1:274063462,10,1.0,0,0,0,0,0,0,512,28,0,512,24,0,265,0,0,247,28,0,512,0.0894150659441948,79.07730102539062,177,0,28,28
1411,A,1411,0.005896850489079952,0.054136890918016434,nan,nan,512,0,0.005896850489079952,0.054136890918016434,all_rows,512,0,0.009311212226748466,0.043359375,-0.0013776111416518688,0.001433949323836714,0.1544737940421328,03a489f7a2aad7e87afeb2a6ffdc6416:0:0,fc3393ea64d97002de02836f7853a468:0:0,ff1e6199fb63b81273c96ffc2ad26acf:0:0,2cdbeb751cfc26f087a83af0e97e61e9:0:3811929722,0e7193c26ba8d3a5bbce354bb07d314b:1:3602379985,10,1.0,0,0,0,0,0,0,512,18,0,512,22,0,255,0,0,257,18,0,512,0.09918658435344696,77.30204010009766,173,0,18,18
1412,A,1412,-0.004505572374910116,0.054194677621126175,nan,nan,512,0,-0.004505572374910116,0.054194677621126175,all_rows,512,0,0.006031759083271027,0.0220703125,-0.0014008443802595138,0.001399243128253147,0.15295936301117763,29d2d9745d981c1477d0ac04bdfd5816:0:0,4c4d00a1b40e83e834079e5753169332:0:0,d4d135c9602440161541ab91b0cefff7:0:0,6a92569637a52bf8a53764be920c1de9:0:1783465075,8f621a4b5fbfdf8a8ce49e255b95efa3:0:3229959685,10,1.0,0,0,0,0,0,0,512,18,0,512,29,0,270,0,0,242,18,0,512,0.10045378655195236,78.48114776611328,148,0,18,18
1413,A,1413,0.0014947395538911223,0.05924801528453827,nan,nan,512,0,0.0014947395538911223,0.05924801528453827,all_rows,512,0,0.004825805313885212,0.0373046875,-0.001368563761934638,0.0016797830059658736,0.15341271698707715,9785034d0b04042bc2e83cce78de4c16:0:0,6c8bbfef9e11bc0a1febe549649a9285:0:0,fc2bffedf5f9519718535eca57428408:0:0,a0e83c0a1dc714bd52c6092aa2d9d9e9:0:549396173,08f5956be5d41b785e67fd5cf08bcbd1:0:1436850701,10,1.0,0,0,0,0,0,0,512,25,0,512,34,0,244,0,0,268,25,0,512,0.10127710551023483,77.10619354248047,189,0,25,25
1414,A,1414,-0.006654322147369385,0.056968268007040024,nan,nan,512,0,-0.006654322147369385,0.056968268007040024,all_rows,512,0,0.0020965528674423695,0.0548828125,-0.00489475391805172,0.001578621909720823,0.15231513400794938,716e1a50753c23f5941cb878307f4016:0:0,d1f6791a78f19671fad24b8e7be67509:0:0,ce6e90a816be78a4aeb6c4bce6adc25d:0:0,ca60193be6789bf5c63b89711be795e9:0:3826433895,3d646f5f72601bdf985c99e7058c43f2:0:2958772849,10,1.0,0,0,0,0,0,0,512,29,0,512,24,0,256,0,0,256,29,0,512,0.10557855665683746,77.446044921875,177,0,29,29
1415,A,1415,-0.001512281596660614,0.05478876829147339,nan,nan,512,0,-0.001512281596660614,0.05478876829147339,all_rows,512,0,0.0017742343479767442,0.0373046875,-0.0030333560425788164,0.0014807720261160284,0.15213063097326085,9268b80201f3cc8aa99a3275e4e03416:0:0,4324239b508e3375407dd40de7e932cb:0:0,badc50f11c7544f4493e211e18bcee03:0:0,916805f15c8cd644b32f86cdfd3551e9:0:3390806138,20913cd1d648a738c2eb5e7eb8a5f285:0:3185736290,10,1.0,0,0,0,0,0,0,512,28,0,512,23,0,243,0,0,269,28,0,512,0.10400212556123734,77.86103820800781,172,0,28,28
1416,A,1416,-0.0017388069536536932,0.05334833636879921,nan,nan,512,0,-0.0017388069536536932,0.05334833636879921,all_rows,512,0,0.013403024524450302,0.0892578125,-0.0006558916997164488,0.0013876992510631681,0.15323330502724275,c089f7bed4c1f9ab3be17e3b96012816:0:0,4d3478d18bfdefb5673bb6897863f0e5:0:0,ff67cc65f5d669b3d6cdfa5fd525e0f9:0:0,1f1d733a8762525d06e9e27d46c30de9:0:1748232482,d618dbd6aad68a50af141c90751c1881:0:1715091198,10,1.0,0,0,0,0,0,0,512,30,0,512,15,0,258,0,0,254,30,0,512,0.10711216926574707,77.18265533447266,157,0,30,30
1417,A,1417,0.0045426879078149796,0.05473564565181732,nan,nan,512,0,0.0045426879078149796,0.05473564565181732,all_rows,512,0,0.005634860601276159,0.06640625,0.004954458121210337,0.0014932894788216799,0.15207841101801023,11c42ecbbca2ebd4f1c82f3d43e21c16:0:0,2e86529c9bf1f65a3b7c0ca23e6ed37f:0:0,53c7dd6fb94ebc04098dc86ff4c63766:0:0,ad77f17c9a803166a462bdbaf890c9e9:0:2563523103,3c00eddb8983e09c6ec68717fdb1cd9f:0:1510385036,10,1.0,0,0,0,0,0,0,512,25,0,512,26,0,277,0,0,235,25,0,512,0.09116295725107193,77.57785034179688,159,0,25,25
1418,A,1418,-0.000958169752266258,0.053061939775943756,nan,nan,512,0,-0.000958169752266258,0.053061939775943756,all_rows,512,0,0.0022804602049291134,0.0470703125,-0.004134447034448385,0.0014048979588551446,0.1506096370285377,3157463614f16f18d47898eeee831016:0:0,8b39f646f7b5a580f47252982c11ac65:0:0,695a1e4f55478de7b88a275cf86a65e3:0:0,dc662599243d37a3204279c3129e85e9:0:1220064365,b2eda599af85d095b6d1b0bcd03c97ec:0:1381497748,10,1.0,0,0,0,0,0,0,512,24,0,512,23,0,257,0,0,255,24,0,512,0.09038840234279633,79.00636291503906,172,0,24,24
1419,A,1419,-0.0060342904180288315,0.052284903824329376,nan,nan,512,0,-0.0060342904180288315,0.052284903824329376,all_rows,512,0,0.006627652794122696,0.078125,-0.0020116637926548718,0.0013482180132996292,0.15559571597259492,ca97df76824bceb14371cec495e40416:0:0,4dfe6e41eda8a1d516a12359bad308cc:0:0,da92d31c96f3eecc16f65c18f93f8e3f:0:0,4c3bc47293acd5527ce1b7d194ec41e9:0:311911963,a91863a2132bfd102dc3c31bbe04b17e:0:778783699,10,1.0,0,0,0,0,0,0,512,21,0,512,26,0,263,0,0,249,21,0,512,0.0853782668709755,79.61814880371094,170,0,21,21
1420,A,1420,0.004967130720615387,0.051259707659482956,nan,nan,512,0,0.004967130720615387,0.051259707659482956,all_rows,512,0,0.006709330715239048,0.0169921875,-0.0006057931575924158,0.0012843416188843548,0.15663587697781622,e8aca4c933d87557e887a4323a04f816:0:0,e973b359c2267c3a92a99c49379b5ebf:0:0,d611c9908eb1cd383fbf3e759e4f1105:0:0,7a1ed74f6e0e27d7e64959227f79fde9:0:1172269306,bdda2ce8db4ca40e0d28c5513a536181:0:3547578943,10,1.0,0,0,0,0,0,0,512,23,0,512,23,0,266,0,0,246,23,0,512,0.09081798046827316,79.170654296875,161,0,23,23
1421,A,1421,0.002956994343549013,0.05539071932435036,nan,nan,512,0,0.002956994343549013,0.05539071932435036,all_rows,512,0,0.0018159804167225957,0.06328125,-0.0027940348256379364,0.001437284389976412,0.1553718660143204,fa825234115e3a5babe2acabdae5ec16:0:0,c2429ecddd50ebbb29136e06ecdaf6ec:0:0,cc757fd11daef449220fcf2da0442eed:0:0,d52db2ddcbf8f31e6e327ef1d247b9e9:0:4267794637,d8c57d98b41178223be1fa838228e3ff:0:2451336408,10,1.0,0,0,0,0,0,0,512,18,0,512,22,0,255,0,0,257,18,0,512,0.08806055784225464,79.31683349609375,159,0,18,18
1422,A,1422,0.0004048525879625231,0.05808855965733528,nan,nan,512,0,0.0004048525879625231,0.05808855965733528,all_rows,512,0,0.0025334074161946774,0.0455078125,-0.0023909272160381077,0.0016693747602403164,0.15466459898743778,bb232437fea45b76a8003ba57886e016:0:0,33c6c5e690ba15d6dbcb1a6d01824538:0:0,146ba83649770d9ceb9f5ce022028e7c:0:0,051dedd8f684933dc8068a7b8d5575e9:0:1720562641,76a1daefb0ea549213f5be76177914b3:1:1016725771,10,1.0,0,0,0,0,0,0,512,24,0,512,27,0,264,0,0,248,24,0,512,0.09112527221441269,79.0937271118164,159,0,24,24
1423,A,1423,-0.0006692392053082585,0.048837874084711075,nan,nan,512,0,-0.0006692392053082585,0.048837874084711075,all_rows,512,0,0.006381559185683727,0.0205078125,-0.001264324225485325,0.0011814021796453743,0.15073915402172133,dd956d2f1c8e23641db2649312e7d416:0:0,8acd655a6f12acbbbc0ccca4ab334ff7:0:0,5b84dfce27475382e15a17ae099d4089:0:0,ed5743933ca4e65f04df1cfbb0a331e9:0:822865169,2d1cdd4b8c58d9f165f9063de93a3b54:0:1420369083,10,1.0,0,0,0,0,0,0,512,19,0,512,17,0,267,0,0,245,19,0,512,0.0866914689540863,78.41670227050781,155,0,19,19
1424,A,1424,-0.001131371594965458,0.05190954729914665,nan,nan,512,0,-0.001131371594965458,0.05190954729914665,all_rows,512,0,0.0027832721825689077,0.038671875,0.0007063417229801417,0.0013329809124115854,0.15410191903356463,65271a5eb0663d36681ffae8aa08c816:0:0,db66642909e4b3ffd8fac5c9523f681d:0:0,6e336ce61bab33eb8dba96b64a9bc6a5:0:0,a24ba9e658f92ee14f8617ae3c30ede9:0:1214564803,5332c4f42e37586f3763605e62fc56c2:0:2968180293,10,1.0,0,0,0,0,0,0,512,21,0,512,22,0,255,0,0,257,21,0,512,0.08541060239076614,78.61064910888672,168,0,21,21
1425,A,1425,0.0043869055807590485,0.05807168781757355,nan,nan,512,0,0.0043869055807590485,0.05807168781757355,all_rows,512,0,0.0018797119846567512,0.0232421875,-0.0008210966945625842,0.0016447834263090045,0.15285622398369014,6458edc819cdb46cf0c4921a3de9bc16:0:0,53ce0ee0007a1ffc4695dea3853ac9f4:0:0,85208b8fc63a8ef4dd40ba957acf33b2:0:0,d247f94d0048edbea8759bcf2ffea9e9:0:640164603,b3bcdfb1f036568b9c6eba012d719c80:1:1527633020,10,1.0,0,0,0,0,0,0,512,26,0,512,26,0,266,0,0,246,26,0,512,0.08772773295640945,77.76751708984375,157,0,26,26
1426,A,1426,-0.004739503376185894,0.04716314747929573,nan,nan,512,0,-0.004739503376185894,0.04716314747929573,all_rows,512,0,0.008920015767216682,0.0908203125,-0.005218167579732836,0.0010742599435616285,0.15073705604299903,d23421c8ffc2a1ca23707d9bce8ab016:0:0,fa131b00cf807fbee95a41c8d09428b4:0:0,cc26fc43c41dc97728642848dca4c5e7:0:0,976e592870eab530a1d80a9a8c0c65e9:0:2548512390,fb97433d482ff45a63a0f56a40b10d6e:0:1625217372,10,1.0,0,0,0,0,0,0,512,30,0,512,18,0,255,0,0,257,30,0,512,0.08327582478523254,78.0351333618164,173,0,30,30
1427,A,1427,-0.0024134640116244555,0.05386282503604889,nan,nan,512,0,-0.0024134640116244555,0.05386282503604889,all_rows,512,0,0.0014406944392248988,0.05078125,-0.0025366339832544327,0.0014309639518614858,0.15361134702106938,9c780f9f9d3284e96248d0e15beba416:0:0,dd0574880df93c531dfa3d46c0963ecc:0:0,89125d3c58c25bec23643c2f4321566f:0:0,ce3d31751b50f3951b88054c505a21e9:0:2793875809,b9a78cdfcf401c1f75fd259e3462a76e:0:2768759946,10,1.0,0,0,0,0,0,0,512,23,0,512,26,0,266,0,0,246,23,0,512,0.07892704010009766,79.03616333007812,156,0,23,23
1428,A,1428,0.0066345068626105785,0.05231979489326477,nan,nan,512,0,0.0066345068626105785,0.05231979489326477,all_rows,512,0,0.0020483029074966908,0.0748046875,-0.005282534181606025,0.0013437812041956932,0.1585264399764128,717b49ecd58c4a94f9c75f5ee60c9816:0:0,a3ef2a3657206808777dcfa14cab34fe:0:0,a93e429f705ba2f42bdd43e8ff3a1bec:0:0,6b32ae71bbf8b692ff106d207ce7dde9:0:3353009893,d8ac0a76937227f5a714c70ce21ba064:0:3811961285,10,1.0,0,0,0,0,0,0,512,14,0,512,20,0,272,0,0,240,14,0,512,0.08048611134290695,78.29744720458984,158,0,14,14
1429,A,1429,-0.0044982414692640305,0.051433075219392776,nan,nan,512,0,-0.0044982414692640305,0.051433075219392776,all_rows,512,0,0.0003527721855789423,0.023828125,-0.0006836205953732133,0.0012985284556634724,0.15847266901982948,4b94685279c5ffdc14babc886ced8c16:0:0,f3dd864996850eb28cfc3a56fc618392:0:0,434eab6dab95bfbc6eb38610845e1bb4:0:0,6b05e9fc7ef6667efbac635311b599e9:0:3506431460,38e05308e89377c7f20770875851e5ff:0:1222847388,10,1.0,0,0,0,0,0,0,512,28,0,512,24,0,251,0,0,261,28,0,512,0.0802825465798378,77.54171752929688,183,0,28,28
1430,A,1430,-0.0041799345053732395,0.05010170489549637,nan,nan,512,0,-0.0041799345053732395,0.05010170489549637,all_rows,512,0,0.0035322769545018673,0.0306640625,0.00017229365184903144,0.0012473668961320073,0.1549552860087715,ee228150e64a31e8b0463bd1f08e8016:0:0,3a6a758cce812a74693c186646aa0379:0:0,df9d810955d5d4da63426de28c8ea1e2:0:0,63d391aa055c7a00424749200ec355e9:0:2670717217,f0a60bddaf7f5e58ff4613a405821950:1:4261513114,10,1.0,0,0,0,0,0,0,512,24,0,512,21,0,263,0,0,249,24,0,512,0.07944736629724503,77.48912811279297,162,0,24,24
1431,A,1431,0.0019207241712138057,0.0584726445376873,nan,nan,512,0,0.0019207241712138057,0.0584726445376873,all_rows,512,0,0.001134199439547956,0.0220703125,-0.0027187939500436186,0.0016971649893093854,0.15490278700599447,9e9c038be240fa958fe1f0af70ef7416:0:0,14aac05df7b69929d2bf1c38730f0624:0:0,b370d3e2a31bd935bb2bc60553703a03:0:0,fabc5fda64b821f5417cbfc3741111e9:0:4009984100,b10c8ccac847dd2820d6192764d5ce2a:0:1591396641,10,1.0,0,0,0,0,0,0,512,31,0,512,25,0,262,0,0,250,31,0,512,0.08421417325735092,76.74820709228516,174,0,31,31
1432,A,1432,0.0033297257032245398,0.05284861847758293,nan,nan,512,0,0.0033297257032245398,0.05284861847758293,all_rows,512,0,0.005138234235346317,0.055859375,-0.003283049538731575,0.0013975678361020983,0.1526804129825905,cf2447a368a8b9c4315aae94ee106816:0:0,41946674df777d57be42cd1686f594c8:0:0,20f05bcebffbc15902fede4a227be368:0:0,190ff95078dfed986198a879419ecde9:0:3319946564,b523ff1fffc6d3f3eb41c7e6cb548139:1:3351880850,10,1.0,0,0,0,0,0,0,512,30,0,512,32,0,255,0,0,257,30,0,512,0.08388946950435638,76.95065307617188,180,0,30,30
1433,A,1433,-0.0030680533964186907,0.055841702967882156,nan,nan,512,0,-0.0030680533964186907,0.055841702967882156,all_rows,512,0,0.0005493765929713845,0.0337890625,-0.0008142148144543171,0.001561742468038574,0.15159510698867962,88cccfd1c3b27b72c0d208f667f15c16:0:0,7fa397552df8cad8e0efc9eea4d166b3:0:0,9247dfd8fdd9c20c5d1adb1394d3753d:0:0,3676b810205066e4c097247d776c89e9:0:2020587276,2589fc0a04978b05bcbdef040575078c:0:1154259465,10,1.0,0,0,0,0,0,0,512,10,0,512,17,0,256,0,0,256,10,0,512,0.09140639752149582,77.44036102294922,159,0,10,10
1434,A,1434,-0.004258524160832167,0.04820443317294121,nan,nan,512,0,-0.004258524160832167,0.04820443317294121,all_rows,512,0,0.0046742320992052555,0.0892578125,-0.0015827676514163613,0.0011394142580684274,0.1569912580307573,8696ba8522d60a920cbe5347de925016:0:0,d3f9d2ab4f12e3152489f56229b7807d:0:0,38ae5b141cfab420411ae2ab50d33aad:0:0,f2e09f883b52a73aee24950c157a45e9:0:3426789442,7b0c2c14dbbec3dd10e8ee99b4130b7e:0:3199672973,10,1.0,0,0,0,0,0,0,512,22,0,512,24,0,237,0,0,275,22,0,512,0.0894056111574173,78.07307434082031,191,0,22,22
1435,A,1435,-0.0038866952527314425,0.05497555062174797,nan,nan,512,0,-0.0038866952527314425,0.05497555062174797,all_rows,512,0,0.002711460692808032,0.085546875,0.0009896877920255065,0.0014493956929072737,0.16055623401189223,7c43712f9411b09b79eaa0fd51f34416:0:0,b8a27d92ef8f931e1b81c88b8407263d:0:0,5c4dbdaef7f26aea58a87ef9f2fbc939:0:0,138f254d8628e445a79d9b611bc801e9:0:3410045922,ba3578891a621c3fc24af86b34e25cd6:1:59292161,10,1.0,0,0,0,0,0,0,512,15,0,512,20,0,271,0,0,241,15,0,512,0.08839961886405945,78.80877685546875,161,0,15,15
1436,A,1436,0.0067067136988043785,0.05635717883706093,nan,nan,512,0,0.0067067136988043785,0.05635717883706093,all_rows,512,0,0.009683312848210335,0.06484375,0.003297042241320014,0.0014910335652530194,0.16123264498310164,51c9148d08c9a1e6f776c58ac2143816:0:0,885a32d2277dd05b4e91a3687c6ba532:0:0,5cf04956f9f124ba1984cbcafb91f72a:0:0,4a9aa4eba67cf51e940f18b88a55bde9:0:1379792805,5b43329fe9254f75bca86f360315d94f:0:3260607391,10,1.0,0,0,0,0,0,0,512,25,0,512,24,0,259,0,0,253,25,0,512,0.08455030620098114,77.87509155273438,162,0,25,25
1437,A,1437,-0.006550654768943787,0.05083055421710014,nan,nan,512,0,-0.006550654768943787,0.05083055421710014,all_rows,512,0,0.016783948987722397,0.0767578125,0.0016125999623909592,0.0012630413635633885,0.15488570695742965,8a8f93a3cebb16c0f2d754642ef52c16:0:0,e96566411c98e90e9ede73fa71ed4765:0:0,3abf76ee9e7799bdcad13301e1a61d8f:0:0,881b3c92044ccfb300362e4e612379e9:0:425454998,303f65d8b1cb8556df97caa4231968ba:1:3738106506,10,1.0,0,0,0,0,0,0,512,31,0,512,22,0,257,0,0,255,31,0,512,0.08887198567390442,76.72897338867188,163,0,31,31
1438,A,1438,-0.00225600553676486,0.04875306785106659,nan,nan,512,0,-0.00225600553676486,0.04875306785106659,all_rows,512,0,0.003468624781817198,0.017578125,-0.0018507626373320818,0.001183947391109541,0.15503130096476525,fb36bac8a57711404bd5a0fd98962016:0:0,9c7f56bd29490010e13b72ce8c7712e2:0:0,60ec5d7ef57c159a2a807884d7f72884:0:0,77df73a24690fe689a803d5ea03135e9:0:890133519,446a741fd2b5a72764cabecc39ca863d:1:2425163856,10,1.0,0,0,0,0,0,0,512,22,0,512,24,0,260,0,0,252,22,0,512,0.0874868705868721,78.60323333740234,163,0,22,22
1439,A,1439,0.0014149073977023363,0.05403733626008034,nan,nan,512,0,0.0014149073977023363,0.05403733626008034,all_rows,512,0,0.0015947690699249506,0.05078125,-0.0025321060791611673,0.0014221672900021076,0.15694911300670356,b64bdbf458d8cfdc488fbecafef71416:0:0,402db2868224c06ef6f9f49fbec4d168:0:0,dcc7beb2e49730a4be73b616edd11095:0:0,c6996b668bd90e022f0ae725477ef1e9:0:3324110419,015c51dc0977c46507056c56bade1358:0:106511754,10,1.0,0,0,0,0,0,0,512,33,0,512,26,0,256,0,0,256,33,0,512,0.08706843107938766,77.33988952636719,177,0,33,33
1440,A,1440,-0.0006510172970592976,0.05544872209429741,nan,nan,512,0,-0.0006510172970592976,0.05544872209429741,all_rows,512,0,0.013341101817786694,0.130078125,-0.007730525638908148,0.0015184635994955897,0.1531229640240781,14c6f9bd88ebecc28978814062180816:0:0,67d564d20fe7e204f881bdffd48d74e3:0:0,46deb1ac3be45659f44fb6da8f335f0c:0:0,5de57575b719f3c463a40cde570cade9:0:716987004,9e8f38b9d6c307c8a1cd86eb312ce22a:0:2781863883,10,1.0,0,0,0,0,0,0,512,26,0,512,27,0,274,0,0,238,26,0,512,0.08918464183807373,77.04484558105469,153,0,26,26
1441,A,1441,0.008591274730861187,0.050061315298080444,nan,nan,512,0,0.008591274730861187,0.050061315298080444,all_rows,512,0,0.007560622878372669,0.0900390625,-0.0010737400501966477,0.001175251416862011,0.15113807003945112,4f239a4e07b629ecfd577bd1c1f8fc16:0:0,d94116b9a0663c98759e0e5933a1ff99:0:0,61ede923335bf3f1c7f262914bb21615:0:0,7fc2c28c68ea6bda73c9cfc5ceda69e9:0:1281360998,6ff17bce09ea0a87dabb406d8756956a:1:3616800182,10,1.0,0,0,0,0,0,0,512,24,0,512,23,0,244,0,0,268,24,0,512,0.08543144911527634,79.27088165283203,169,0,24,24
1442,A,1442,-0.004814580082893372,0.053756099194288254,nan,nan,512,0,-0.004814580082893372,0.053756099194288254,all_rows,512,0,0.007368884980678558,0.0615234375,-0.0009390298742800951,0.001385229715378955,0.15217323700198904,9c3097aff558e9f7d54901f31e99f016:0:0,364c889891110b6d0ebeda63a202def8:0:0,c098e3753d7e0e8e98a889c356937c70:0:0,10486fe17d694ffaecaa9117aee825e9:0:1070477295,d0c8de1e8f4594a7358e08207c403b8c:0:1835265840,10,1.0,0,0,0,0,0,0,512,21,0,512,20,0,245,0,0,267,21,0,512,0.08062495291233063,78.23219299316406,169,0,21,21
1443,A,1443,-0.0012040500296279788,0.051633402705192566,nan,nan,512,0,-0.0012040500296279788,0.051633402705192566,all_rows,512,0,0.006139690522104502,0.058203125,-0.0038116325624287127,0.0013055052200797944,0.1563223089906387,980466d382fe55b778be271877fae416:0:0,4f7ea5bc9d0e429b5badb880bce5543d:0:0,f830f4a42314b802d154ef47018e0a54:0:0,f7ce883d2709e64c6924f20ff735e1e9:0:4149465494,4127496030410b61d8adb20a18f38f9a:0:2231081354,10,1.0,0,0,0,0,0,0,512,35,0,512,20,0,261,0,0,251,35,0,512,0.08529319614171982,77.14893341064453,160,0,35,35
1444,A,1444,0.0016364194452762604,0.050483256578445435,nan,nan,512,0,0.0016364194452762604,0.050483256578445435,all_rows,512,0,0.004997496493160725,0.028125,-0.0035064239986240865,0.0012705813627690078,0.16082569397985935,2ca066b305062e8e797cbeb5ce1bd816:0:0,caa16128fd085d34f85db5de1dfa5d55:0:0,f64d0abbf024fe2aca6656837642c2e9:0:0,e0ab9959fe82288a4dc7d3eaa7c39de9:0:1816834905,a0eec5c9ffbeee6b770705de682d27c7:1:395809737,10,1.0,0,0,0,0,0,0,512,23,0,512,16,0,259,0,0,253,23,0,512,0.08877327293157578,76.3909683227539,160,0,23,23
1445,A,1445,0.004256172105669975,0.05532001331448555,nan,nan,512,0,0.004256172105669975,0.05532001331448555,all_rows,512,0,0.0214687492698431,0.1126953125,-0.005438621784560382,0.0015183479874394834,0.1469635409885086,b375d4ffbce64d83879f5c3f20fccc16:0:0,2576384902c280e297db54ac58c0032a:0:0,4b6d0131d55f1ce20ba31e96ff32109a:0:0,324c4557a017036984d257e3c09159e9:0:2819320289,90313ecafbf2e171c59b8f7e4eb4bc1c:1:1263822294,10,1.0,0,0,0,0,0,0,512,22,0,512,23,0,267,0,0,245,22,0,512,0.08535083383321762,75.75511932373047,163,0,22,22
1446,A,1446,-0.009488111361861229,0.05340025946497917,nan,nan,512,0,-0.009488111361861229,0.05340025946497917,all_rows,512,0,0.008456023409962654,0.02734375,-0.004011877905577421,0.0013842859771102667,0.14799495303304866,e7f205c68332cf1765955328709dc016:0:0,380898fd693bb96ca09a6462d8bc2098:0:0,7cf5e4cc4de70b5f0d95896c39be5ac4:0:0,980abb46ae828e3d3a33df37419f15e9:0:3351017071,bcb860cdad1cf7a2286d6b3a81fba29a:0:401496526,10,1.0,0,0,0,0,0,0,512,25,0,512,24,0,253,0,0,259,25,0,512,0.09165551513433456,75.05486297607422,180,0,25,25
1447,A,1447,0.0006637612241320312,0.05705856531858444,nan,nan,512,0,0.0006637612241320312,0.05705856531858444,all_rows,512,0,0.005425840616226196,0.0615234375,0.0015991226304322482,0.0016292859625536948,0.14743046800140291,e4356f803a41ebdadc22b6e5bcfeb416:0:0,1b911798f9f948743758f56e75b31630:0:0,1554d98d65a27a295b84df15ab2d9ff8:0:0,2508411653b03adb978c0b212aecd1e9:0:2572763685,ec74697dcffb7cdaf9cbe1d216936e81:0:3086030331,10,1.0,0,0,0,0,0,0,512,23,0,512,24,0,255,0,0,257,23,0,512,0.09761413931846619,74.99301147460938,162,0,23,23
1448,A,1448,0.005823321174830198,0.056240614503622055,nan,nan,512,0,0.005823321174830198,0.056240614503622055,all_rows,512,0,0.0014990029158070683,0.0095703125,-0.00012858733534812928,0.001565113157266751,0.15436465496895835,1ee20506b1df7dc4ae605aeb061fa816:0:0,9dde763ce76de042dd9db8dcc09840c8:0:0,65601012e9693be73f9a3dc3d7ded68b:0:0,c7a2f46b978afdc2802abcdd7c7a8de9:0:609973752,b62550da7a9e6c67ed709ed01cd6dab1:1:1884500549,10,1.0,0,0,0,0,0,0,512,25,0,512,20,0,253,0,0,259,25,0,512,0.09332878887653351,74.63208770751953,165,0,25,25
1449,A,1449,0.0025580041110515594,0.047656647861003876,nan,nan,512,0,0.0025580041110515594,0.047656647861003876,all_rows,512,0,0.0036833120975643396,0.0294921875,-0.002608400257304311,0.001118085189955309,0.1569524019723758,984132eb648432478dbbd2ac4c009c16:0:0,d1618036cabc68f7064f5b383ca6854d:0:0,474efb32f6f904a5d2a3ad3be121a7cd:0:0,c7359f2b25196e7c4d1015a8364849e9:0:3309406632,b68aaeeb4fa9ee85fe3a6f152d26d83e:1:267588729,10,1.0,0,0,0,0,0,0,512,32,0,512,27,0,242,0,0,270,32,0,512,0.09481338411569595,73.9991226196289,175,0,32,32
1450,A,1450,-0.005391445476561785,0.05291517451405525,nan,nan,512,0,-0.005391445476561785,0.05291517451405525,all_rows,512,0,0.003229169175028801,0.03828125,-0.0012513954658061265,0.0013248941104393452,0.15542904002359137,72a0a5b2368469280df7719d8ea19016:0:0,fddc8b386359e562267f805c9fe98599:0:0,24ad113aa842607a638194bbea2f41dc:0:0,fddeefbe5623e04488ec76bd585605e9:0:3932500486,38d7616a5eafb7953f8412ddb44110a4:1:2630098253,10,1.0,0,0,0,0,0,0,512,23,0,512,17,0,237,0,0,275,23,0,512,0.09171488881111145,74.96417236328125,174,0,23,23
1451,A,1451,5.5759912356734276e-05,0.05574412643909454,nan,nan,512,0,5.5759912356734276e-05,0.05574412643909454,all_rows,512,0,0.005249437876045704,0.046484375,-0.0040557623840868475,0.0015498111199121923,0.1521618339465931,726ec2771faac012992a4b32ce028416:0:0,baa45d10ecde9465a67a61a8a981271c:0:0,8371cda33bf9b556ca8ece7bb8be1b87:0:0,ee58945c9da072ecac208158e2a3c1e9:0:1325572239,55d7db7649995c56be8474c2e7e0e258:1:3455088474,10,1.0,0,0,0,0,0,0,512,27,0,512,30,0,269,0,0,243,27,0,512,0.09702570736408234,74.15753173828125,164,0,27,27
1452,A,1452,0.005876633804291487,0.05283976346254349,nan,nan,512,0,0.005876633804291487,0.05283976346254349,all_rows,512,0,0.004554787650704384,0.0654296875,6.755890790373087e-05,0.001338122715242207,0.153427264012862,b314738a67b24af163c032e00a237816:0:0,b9634abaf4e6d8b7445bfb714183ab9b:0:0,c71b54ece828b84591a834afff01a596:0:0,43ada3e2a9211c00d8bd16b6d5317de9:0:1642699536,8b331cfda57ebdeeb6cbd24eb0fedf5e:0:3311409324,10,1.0,0,0,0,0,0,0,512,21,0,512,17,0,281,0,0,231,21,0,512,0.09825024008750916,74.17646789550781,151,0,21,21
1453,A,1453,-0.0008437222568318248,0.05436723306775093,nan,nan,512,0,-0.0008437222568318248,0.05436723306775093,all_rows,512,0,0.008597194217145443,0.0712890625,-4.411481786519289e-05,0.0014313183550257237,0.14854709600331262,9a899693de1479026079bc1943046c16:0:0,14cb40e0be5c8d138fa4d6e3ab7a8869:0:0,d69eabd2d779f66de16651988d3740d7:0:0,3e226600d17fa82c968358132fff39e9:0:596332866,77e0ae8caf8b62150931aff1843508d4:1:1576228363,10,1.0,0,0,0,0,0,0,512,16,0,512,25,0,267,0,0,245,16,0,512,0.10778191685676575,74.51377868652344,147,0,16,16
1454,A,1454,-0.0018542071338742971,0.05415334925055504,nan,nan,512,0,-0.0018542071338742971,0.05415334925055504,all_rows,512,0,0.004160695243626833,0.070703125,-0.006795628694817424,0.0014314491825643926,0.14676334999967366,1bebf9d2359ea6ad346c3a5278a56016:0:0,13a1a2702b7665ff7f1bc9df1fd40229:0:0,0f61c7abf0ed6b90f50bc0b8e42365a1:0:0,961defcab303b4df8ee4a6a9f30cf5e9:0:436238857,03c6978bfbff0a738ef836b0addace01:0:2369691963,10,1.0,0,0,0,0,0,0,512,28,0,512,27,0,259,0,0,253,28,0,512,0.100731760263443,73.97140502929688,167,0,28,28
1455,A,1455,-0.0027334478218108416,0.0619237944483757,nan,nan,512,0,-0.0027334478218108416,0.0619237944483757,all_rows,512,0,0.0019841669127345085,0.08515625,-0.006887491466477514,0.0019089792622253299,0.1546793690067716,05b66a106c435c192b01c0ffab065416:0:0,d0ce2dc0594d2c977daf75176946a1ff:0:0,4baeb701522cfd3f3dedf712f6047283:0:0,fba028f2053ea2324902a3b71e5ab1e9:0:3398053140,94e87d45bcb166231ed5820e00824355:0:1575065899,10,1.0,0,0,0,0,0,0,512,21,0,512,23,0,257,0,0,255,21,0,512,0.10208845883607864,72.4510726928711,176,0,21,21
1456,A,1456,0.0020966017618775368,0.044664930552244186,nan,nan,512,0,0.0020966017618775368,0.044664930552244186,all_rows,512,0,0.012457364238798618,0.0787109375,-0.0069518675794824954,0.0009964526834664866,0.15114977303892374,c755daefe79b388329f92394da274816:0:0,f98236b021eee87ad7dbfae8bb0b06ad:0:0,80cbb93ab83d803b39a2b92d6023ec96:0:0,1704a9370ad97d0ae5af3076b1e86de9:0:529882314,1abcc89fb0c870cad6de0e5cfd64375f:0:1462864667,10,1.0,0,0,0,0,0,0,512,22,0,512,28,0,254,0,0,258,22,0,512,0.10218090564012527,73.51567840576172,166,0,22,22
1457,A,1457,0.0045358589850366116,0.05244008079171181,nan,nan,512,0,0.0045358589850366116,0.05244008079171181,all_rows,512,0,0.0012754702474921942,0.06015625,-0.0014228872547391801,0.001373352261725813,0.148546721029561,28862f2aae898a53a565f58606083c16:0:0,ee62fd799a5b287094f24d343b237c6d:0:0,40c260c5a588c9deebdfc1397852e9e1:0:0,56c474d93190e181db6c6e24adb629e9:0:910378093,dce5dbaa46a01e49d4971bc3403d72ef:0:3850424845,10,1.0,0,0,0,0,0,0,512,20,0,512,24,0,244,0,0,268,20,0,512,0.10531403124332428,75.85138702392578,165,0,20,20
1458,A,1458,-0.0013444211799651384,0.05359545722603798,nan,nan,512,0,-0.0013444211799651384,0.05359545722603798,all_rows,512,0,0.0005832313327118754,0.0724609375,0.0011579896323382854,0.0014327807701192796,0.1476621920010075,37d69675e87893f493b08a472ea93016:0:0,c2674ce2d8fa62aac4d138ab16665265:0:0,8f65104e29e104c150a6442f36d96405:0:0,6dd5f212ba9ad586b26cbdfd11c3e5e9:0:1797656059,19abc6a833db75c00e6c6491a9629a7a:0:3898547848,10,1.0,0,0,0,0,0,0,512,21,0,512,34,0,259,0,0,253,21,0,512,0.10635661333799362,76.47308349609375,160,0,21,21
1459,A,1459,-0.002635498996824026,0.05250710994005203,nan,nan,512,0,-0.002635498996824026,0.05250710994005203,all_rows,512,0,0.0031073023565113544,0.096484375,-0.0028291317168623207,0.0013739770220126957,0.14804637100314721,99b6dab18aa17d676195f54c540a2416:0:0,89ff9efe01fde82a5a93b5a29d792bf6:0:0,bbba6f66b88c448dfee8778637fc1d27:0:0,b77380ea83b29bc4c092c13bde11a1e9:0:243985689,f59f5f68ad20ae4e7929bd2a97acbd6a:0:1706496529,10,1.0,0,0,0,0,0,0,512,20,0,512,21,0,257,0,0,255,20,0,512,0.10623279213905334,76.19454193115234,156,0,20,20
1460,A,1460,0.002761805197224021,0.055372804403305054,nan,nan,512,0,0.002761805197224021,0.055372804403305054,all_rows,512,0,0.008680960163474083,0.0970703125,0.001891273632645607,0.0015118220297154039,0.15628469502553344,bb3b4e16dbd3f29ae6280a09762b1816:0:0,f01f2889d13bd3768f36c7bf373528b6:0:0,054f621014e5f8fbf0e7e8c7a566d3e3:0:0,47b5e9e749067ec7e571591d129f5de9:0:2442613090,8f72adbb09877914ddcff091f2e243af:1:1600956247,10,1.0,0,0,0,0,0,0,512,17,0,512,24,0,261,0,0,251,17,0,512,0.11994796991348267,75.78469848632812,157,0,17,17
1461,A,1461,-0.02079281210899353,0.06549620628356934,nan,nan,512,0,-0.02079281210899353,0.06549620628356934,all_rows,512,0,0.006572932004928589,0.0548828125,0.0019502941053360701,0.0017254415375646203,0.17323141999077052,981c581c37316e8156cd5bf2950c0c16:0:0,31670957d353069083dddb11eb0bc6b1:0:0,ba6551fd103fd46d673a5921c9d6c4b8:0:0,ccd05f6ff8439461464ba6dcaf6d19e9:0:2134272741,b74e9c0aae6728f0164f3dabd819a232:0:218870772,10,1.0,0,0,0,0,0,0,512,21,0,512,16,0,233,0,0,279,21,0,512,0.11776260286569595,76.28186798095703,170,0,21,21
1462,A,1462,0.0033358808141201735,0.05162421986460686,nan,nan,512,0,0.0033358808141201735,0.05162421986460686,all_rows,512,0,0.009915351867675781,0.0521484375,-0.0036223027389496567,0.0012369284784654155,0.15322313900105655,1f18dec9365032e63b413e7bb0ad0016:0:0,c82de2bacea592aabe58b33fa7a869fc:0:0,435ae94fb3f18ff037e20e20254a250e:0:0,131810e4ecfb794c0a150bb6b47ad5e9:0:1368445365,03ebc2d508f16adadabe332345972426:0:3646288374,10,1.0,0,0,0,0,0,0,512,26,0,512,23,0,260,0,0,252,26,0,512,0.11874962598085403,75.08128356933594,156,0,26,26
1463,A,1463,0.004633550997823477,0.05455411970615387,nan,nan,512,0,0.004633550997823477,0.05455411970615387,all_rows,512,0,0.0029326844960451126,0.01796875,-0.0023485438898205755,0.00147962462506257,0.14943755400599912,278ffe3b2b39ed046193c518c90df416:0:0,a32b7cb858a3f76a227993da33c98109:0:0,8d77d2999c1c90b5a00d1024e78a55db:0:0,86994dbe2ea00512157128e721c891e9:0:2276739709,116ff03461bd017212f873da8e9f546f:1:3493427262,10,1.0,0,0,0,0,0,0,512,18,0,512,18,0,250,0,0,262,18,0,512,0.11171654611825943,76.263427734375,176,0,18,18
1464,A,1464,-0.004201248753815889,0.05649451166391373,nan,nan,512,0,-0.004201248753815889,0.05649451166391373,all_rows,512,0,0.00256822700612247,0.06171875,-0.005198754090815783,0.0015740191040094942,0.14979920297628269,bb9ea81e92ba06dbd229c33dde2ee816:0:0,b4e0f98d7beb8c9eecd2b15b03687f3d:0:0,492c3831dab83cac6a5682a5b41ea5bf:0:0,f80ff23b0850f630c6b3dfa9f7564de9:0:4210079307,25196966d40dbfc16cbeae7226c4b24a:0:3315913699,10,1.0,0,0,0,0,0,0,512,22,0,512,26,0,251,0,0,261,22,0,512,0.11065606772899628,76.2302017211914,175,0,22,22
1465,A,1465,0.0017443816177546978,0.052488137036561966,nan,nan,512,0,0.0017443816177546978,0.052488137036561966,all_rows,512,0,0.007063393481075764,0.04140625,-0.004476546822115779,0.0013527879142202436,0.15271992003545165,9010e0e6e76fa547c3bccc5ef00fdc16:0:0,fb25d45fdbaa5e795427ce842d673a50:0:0,cddaf3fae4defb5f19ac058a0283cc7c:0:0,c0e84e6f92b7967db1e1513b352409e9:0:525641619,6d301c160ead1240ad266897951e649d:1:1986976696,10,1.0,0,0,0,0,0,0,512,20,0,512,20,0,255,0,0,257,20,0,512,0.11013668030500412,77.00626373291016,159,0,20,20
1466,A,1466,0.004515343811362982,0.05382539704442024,nan,nan,512,0,0.004515343811362982,0.05382539704442024,all_rows,512,0,0.005310870241373777,0.0916015625,-0.004507941787596792,0.0014441023115068675,0.14961883501382545,3bc46092fe1752d48f5b33effeb0d016:0:0,0d8cbbf16855dff6b66d3dffef030b54:0:0,e4c80730b00b34087ae9e93cc2728e44:0:0,aab8ebbd082c57cb5cadded6db31c5e9:0:1525991268,4bbbfc1789f55731a5658dc11f7c131b:1:1359657911,10,1.0,0,0,0,0,0,0,512,22,0,512,21,0,264,0,0,248,22,0,512,0.11093606054782867,76.76683044433594,163,0,22,22
1467,A,1467,0.0018891009967774153,0.05605916306376457,nan,nan,512,0,0.0018891009967774153,0.05605916306376457,all_rows,512,0,0.006167932413518429,0.0576171875,-0.003615410381462425,0.0015618152741808445,0.1480892370454967,777360d0d3805755a4680d650a11c416:0:0,f84498c4405e0a08f9ec9919b8896f0d:0:0,252d9e47168291b2eadb79201eff7136:0:0,42ac8401fb6268cdfa7e29b8e97f81e9:0:3911497938,c98c3f54b884fc671dcf0b555e049b41:0:3439360416,10,1.0,0,0,0,0,0,0,512,18,0,512,17,0,272,0,0,240,18,0,512,0.10698533058166504,75.70191192626953,156,0,18,18
1468,A,1468,-0.00641770102083683,0.05115695297718048,nan,nan,512,0,-0.00641770102083683,0.05115695297718048,all_rows,512,0,0.004055865108966827,0.0634765625,-0.0055633440613746645,0.0013046171283349396,0.1534892559866421,c2025a5874a1bc3b7c9b2c321232b816:0:0,3d40c0e6683d8a57679b9b3d3ccbd63e:0:0,794758dcedd882ba7aca325eefd2c1b2:0:0,08d6290fc8d542402867131d600d3de9:0:1210863236,5a118179bc39e254d4ec5606124b7990:0:3396276795,10,1.0,0,0,0,0,0,0,512,18,0,512,23,0,252,0,0,260,18,0,512,0.10535228997468948,74.32367706298828,159,0,18,18
1469,A,1469,0.004030449781566858,0.060651086270809174,nan,nan,512,0,0.004030449781566858,0.060651086270809174,all_rows,512,0,0.007724506314843893,0.059375,-0.00033787279389798643,0.0018358718312811106,0.1528463969589211,911a5f5a6942fda9900123cb1713ac16:0:0,f5f3d3bc4b77f1a47f2911683a240afe:0:0,6a075111e3926e5cbecf9d0cdc493c21:0:0,bea80232db342c47a92dbc403edaf9e9:0:2095434717,c094532ebf62b658e5001e4dbf174426:0:1298333813,10,1.0,0,0,0,0,0,0,512,18,0,512,20,0,272,0,0,240,18,0,512,0.10028810054063797,74.55232238769531,133,0,18,18
1470,A,1470,-0.0037737914826720953,0.05012400820851326,nan,nan,512,0,-0.0037737914826720953,0.05012400820851326,all_rows,512,0,0.0019449136452749372,0.0599609375,-0.0014533807523548603,0.001236605702433735,0.1515146500314586,16d3a0e2c9ac684c48fb47a418b4a016:0:0,7d610e64c95d3f2e98a86f315741ad15:0:0,b4c4cce579a75e37c634dd85751ca107:0:0,7eff28db9b07bc1a2147865d85e8b5e9:0:1037964262,a846292f61650d343cac5160309ae0b3:1:332693499,10,1.0,0,0,0,0,0,0,512,25,0,512,28,0,240,0,0,272,25,0,512,0.0968761295080185,74.57637786865234,181,0,25,25
1471,A,1471,0.0025767823681235313,0.05509969964623451,nan,nan,512,0,0.0025767823681235313,0.05509969964623451,all_rows,512,0,0.0022344847675412893,0.06875,-0.002522822842001915,0.0015062333433888853,0.157954509020783,f8388116e7d323eef83fab3117159416:0:0,bcc562257a3085862b37ba63ed5eebba:0:0,384afd66323d59602cbb34784b2cf2f3:0:0,cdad0cb621cd49e1d2da12b1353671e9:0:3821068959,2387ac9a9185e6757b5744a1292beca3:0:3596144872,10,1.0,0,0,0,0,0,0,512,25,0,512,24,0,256,0,0,256,25,0,512,0.09934325516223907,75.4422607421875,170,0,25,25
1472,A,1472,-0.003858566051349044,0.04836016893386841,nan,nan,512,0,-0.003858566051349044,0.04836016893386841,all_rows,512,0,0.0034661046229302883,0.034375,-0.0011535560712218284,0.0011374996975064278,0.15031454799463972,72395c383474ead1c8d921e612368816:0:0,b25a48b1c0903267235d6bd7c205e4ed:0:0,9c6cb8cb427a047d91061c45184813cb:0:0,f45862bf08c45ee259bb42774cc42de9:0:1863910978,9b10158279fbcdc44e87b8dd3f2630e3:1:2098952180,10,1.0,0,0,0,0,0,0,512,22,0,512,19,0,257,0,0,255,22,0,512,0.09890635311603546,74.66094970703125,158,0,22,22
1473,A,1473,-0.00046318763634189963,0.04796358942985535,nan,nan,512,0,-0.00046318763634189963,0.04796358942985535,all_rows,512,0,0.003792049363255501,0.01953125,-0.0028426241595298054,0.0011302717874059453,0.15004311699885875,b803ee5bc8976dbfb4273f370a177c16:0:0,286c113c75cd2afdddcaf0f1a04f872c:0:0,8f43e81a35f3ac36779ebe2029e3bdc8:0:0,573cfa23ebaa1bdd677136ebcc91e9e9:0:3750863234,da9f97e641dc19062ca6dfe9a769353d:1:3844095898,10,1.0,0,0,0,0,0,0,512,28,0,512,22,0,242,0,0,270,28,0,512,0.1030401960015297,74.65226745605469,167,0,28,28
1474,A,1474,0.0011390151921659708,0.05156688392162323,nan,nan,512,0,0.0011390151921659708,0.05156688392162323,all_rows,512,0,0.003196312580257654,0.0595703125,-0.00021855705417692662,0.0013185314543079584,0.14863414596766233,2b56ebcabbdf64e475de5697feb87016:0:0,068a034dee79678ff9950cb7016f0cf9:0:0,033b4a32840216ff6fdac000474c6407:0:0,75fae4fe779e97b77f32514ab49fa5e9:0:403280624,e864bb50c3df8b3f957ab1a67e8d2832:1:1199750575,10,1.0,0,0,0,0,0,0,512,22,0,512,11,0,249,0,0,263,22,0,512,0.09678564220666885,75.12919616699219,162,0,22,22
1475,A,1475,-0.001342684030532837,0.05723477527499199,nan,nan,512,0,-0.001342684030532837,0.05723477527499199,all_rows,512,0,0.0015411265194416046,0.0046875,-0.0026165827875956893,0.0016320190276019274,0.15526251401752234,ca1b060430334d6280077b7cf0196416:0:0,9c83d266e2145bab08e6111d1055f0f2:0:0,8659fd35858536f88dbe115422c474c7:0:0,938a32391e70365cb1e532d004ed61e9:0:2443826555,5d4a9605fbe33417875855592717f953:1:3919219124,10,1.0,0,0,0,0,0,0,512,20,0,512,20,0,250,0,0,262,20,0,512,0.0972478911280632,74.53268432617188,164,0,20,20
1476,A,1476,0.006723366212099791,0.05226394906640053,nan,nan,512,0,0.006723366212099791,0.05226394906640053,all_rows,512,0,0.004050213377922773,0.04609375,-0.0027934662997722627,0.0013364824815653264,0.15701840998372063,29062f5ebb1dd3a8ef008159de3a5816:0:0,6aa2a303a2f68a76b4b1a608cb1fc848:0:0,dd2ac8078ef39ec71f9fe8f67fd29f9c:0:0,0cc9012cc688f7e55a20bcb7bd7b1de9:0:2329753523,9b42b175a8481219dc4401a9b49ec127:1:1886608204,10,1.0,0,0,0,0,0,0,512,18,0,512,22,0,263,0,0,249,18,0,512,0.10402588546276093,74.77108764648438,139,0,18,18
1477,A,1477,-0.0009782434208318591,0.04910736531019211,nan,nan,512,0,-0.0009782434208318591,0.04910736531019211,all_rows,512,0,0.008726050145924091,0.076953125,-0.0008056073915213346,0.0012049318145727738,0.1520757400430739,ee147b4b9563ea897d7bfba2c91b4c16:0:0,c3d70dcc6e4bb9c9e81fee9dd4d5f705:0:0,e052046699c78493d22c070311291450:0:0,bf35fec70fb9bffad82c103dde48d9e9:0:3723863010,eed0cbc07c8e9cfc9d7a7ecca23bf9a4:0:1968611739,10,1.0,0,0,0,0,0,0,512,15,0,512,21,0,234,0,0,278,15,0,512,0.0967140719294548,75.72406005859375,184,0,15,15
1478,A,1478,-0.0033161360770463943,0.049055468291044235,nan,nan,512,0,-0.0033161360770463943,0.049055468291044235,all_rows,512,0,0.0008342261426150799,0.0599609375,0.00387333941180259,0.0011934923531953245,0.14953528897603974,53f37942b9428f0e78813dcbb0bc4016:0:0,bfbe89bb2a3e985309bd2884622ca09a:0:0,7a14c66c7b475ad6a766d9d288000045:0:0,11815f49051f957c4dfe8e9e675695e9:0:1439169821,6ed69a372700441c9297c31d94e0ee2c:0:2081768991,10,1.0,0,0,0,0,0,0,512,12,0,512,15,0,256,0,0,256,12,0,512,0.10422588884830475,75.64669036865234,160,0,12,12
1479,A,1479,0.0016703859437257051,0.05364129692316055,nan,nan,512,0,0.0016703859437257051,0.05364129692316055,all_rows,512,0,0.0022365450859069824,0.0330078125,-0.0006998737342655658,0.0014335600018966943,0.14908504602499306,2dd95c63d7c83910b36c5b48951d3416:0:0,f9a27351101406e3011c5a05760bd64d:0:0,a1e5cc437571fc234ab9c7f86d02845e:0:0,bdf226ee545eda635b3fd91558a451e9:0:4294318581,81a4c9195b871883f7541839265edb5f:0:2111423452,10,1.0,0,0,0,0,0,0,512,14,0,512,14,0,259,0,0,253,14,0,512,0.10934053361415863,76.02708435058594,154,0,14,14
1480,A,1480,-0.003758074948564172,0.04982871562242508,nan,nan,512,0,-0.003758074948564172,0.04982871562242508,all_rows,512,0,0.0033661783672869205,0.0330078125,-0.00408201664686203,0.0012074544501956552,0.1492578990291804,8668a9dccdbdf88d7bee278d763e2816:0:0,b44efde8dbd1032ff17d99dde3a2e61f:0:0,d88d1ba02e3d6cb772d9f89fd9b06da0:0:0,f36d0f0d62707be8d947d0deb2320de9:0:2729311549,5bbd52fa3e960c579fc57373210e87ad:1:1647307537,10,1.0,0,0,0,0,0,0,512,18,0,512,18,0,254,0,0,258,18,0,512,0.10503232479095459,76.99633026123047,175,0,18,18
1481,A,1481,-0.0053062415681779385,0.05596122518181801,nan,nan,512,0,-0.0053062415681779385,0.05596122518181801,all_rows,512,0,0.007762438151985407,0.0822265625,-0.006331181107088924,0.001464142312761396,0.15204196999548003,a8f3842b00943fbc8e0c360e541f1c16:0:0,e1fa471b5dd08ce70c1bba1a4453a06e:0:0,8dd70bb40d89d4e4378c4a885d76256e:0:0,45758c80d63d1ae9971e973673ffc9e9:0:1770023221,17a325735f609a0c2ea97fa67bcaf19e:1:2445824726,10,1.0,0,0,0,0,0,0,512,20,0,512,21,0,242,0,0,270,20,0,512,0.11211556196212769,76.22563171386719,167,0,20,20
1482,A,1482,0.0052894167602062225,0.049674246460199356,nan,nan,512,0,0.0052894167602062225,0.049674246460199356,all_rows,512,0,0.006898282095789909,0.0830078125,-0.004336002096533775,0.001214846392394975,0.14902718900702894,876ef951cbc759e60820da3f2ec01016:0:0,22134fc2dce0f9509a5e65bd4c899ca7:0:0,e55ddbcbdd456db547f02ddc2bf744c2:0:0,be086f6b71422c8b157c8d589e0d85e9:0:3295141535,dc29173f6a3f26b24840811535585f8e:0:3542897854,10,1.0,0,0,0,0,0,0,512,16,0,512,25,0,259,0,0,253,16,0,512,0.09725729376077652,76.9262466430664,161,0,16,16
1483,A,1483,-0.0016529045533388853,0.05390763655304909,nan,nan,512,0,-0.0016529045533388853,0.05390763655304909,all_rows,512,0,0.0020520747639238834,0.0826171875,0.0010915988590568305,0.0014494004135485739,0.14954501402098686,5d6efe24e72f8ef85edb279406210416:0:0,4f84d7af506faed186ab1e9034005ed6:0:0,623ed0f19b5699bcea3904ea77386b4b:0:0,bdf243a74e7d132042ca5481305b41e9:0:776797260,9f3fced6d8aa59352c142bc84101a951:1:1026775008,10,1.0,0,0,0,0,0,0,512,19,0,512,17,0,252,0,0,260,19,0,512,0.09684261679649353,78.59699249267578,156,0,19,19
1484,A,1484,0.0008040352840907872,0.067270427942276,nan,nan,512,0,0.0008040352840907872,0.067270427942276,all_rows,512,0,0.0033321063965559006,0.0271484375,-0.0043003732105717065,0.002262703632004559,0.16069463401800022,8656f8ca6eb0f3de513ef180da41f816:0:0,23a4b17f3bd3df2b930e5c5e7a2f7b96:0:0,88c0d7257742f73bf6ca6128766fbf0a:0:0,b9820471dfd82f4e3720cdec2ae8fde9:0:645387459,f7733e1b7b518b55a5f80afd64dbbb98:0:2488903472,10,1.0,0,0,0,0,0,0,512,13,0,512,27,0,280,0,0,232,13,0,512,0.09734738618135452,79.2286148071289,140,0,13,13
1485,A,1485,0.004495567642152309,0.04650759696960449,nan,nan,512,0,0.004495567642152309,0.04650759696960449,all_rows,512,0,0.0006182335782796144,0.0521484375,0.0016548515995964408,0.00107801714038942,0.1575154530000873,1748e89cf3bee794dca4cb79ab22ec16:0:0,fc765feebae49928f89e9123f431f211:0:0,dbb5f864e401f6589b6600f2a2b3629d:0:0,d072dd264255e970f0491ad58db6b9e9:0:3162455294,118cb1de6f031d0abeda1939a0f6e46a:0:183855758,10,1.0,0,0,0,0,0,0,512,21,0,512,23,0,256,0,0,256,21,0,512,0.09035824239253998,78.22962951660156,169,0,21,21
1486,A,1486,-0.005173828452825546,0.05179956182837486,nan,nan,512,0,-0.005173828452825546,0.05179956182837486,all_rows,512,0,0.006438912823796272,0.0373046875,-0.0007980044931173325,0.0013317799603100866,0.15174866403685883,4906599ac1273d0130ba08f278c3e016:0:0,8685fa2ab2931ae9a68917ab921ffcd2:0:0,56b68f98b14a81b8754b65b75bb81f13:0:0,48dd9417c135b3400dbc9c7958c475e9:0:1906987352,a7f7038ca270ddc486d1d7676ab0bd2d:0:1977901104,10,1.0,0,0,0,0,0,0,512,21,0,512,17,0,246,0,0,266,21,0,512,0.09057915210723877,77.69084167480469,165,0,21,21
1487,A,1487,0.003952144645154476,0.048166822642087936,nan,nan,512,0,0.003952144645154476,0.048166822642087936,all_rows,512,0,0.0045714485459029675,0.03359375,-0.003078870614990592,0.0011423274176195265,0.14869440800976008,77aa659439991186a380bd5f4324d416:0:0,0e81ca2558fdd3e5a6330a0fa971214b:0:0,96b480354f27274d85e05c3ef27ec8bb:0:0,9e33dbdea04f01b38ca4f4138c1231e9:0:2589506144,136297553904ec84d9637947e3346b20:1:1285562081,10,1.0,0,0,0,0,0,0,512,23,0,512,25,0,227,0,0,285,23,0,512,0.08552446216344833,77.97715759277344,175,0,23,23
1488,A,1488,0.001152456272393465,0.047887761145830154,nan,nan,512,0,0.001152456272393465,0.047887761145830154,all_rows,512,0,0.002089347690343857,0.094140625,-0.006354209780693054,0.0011371167114702986,0.14926282002124935,d2a30d4ff95b505ca54fbc340a45c816:0:0,e1fc784bc9b0ae6533d67e52f918a31b:0:0,71415b11fb99e86388583f7889060ff1:0:0,a6f522a985de3f2883dc02e0279fede9:0:617685225,38e7d7993a8ae90ffe72b1f426e1a2d9:0:794499669,10,1.0,0,0,0,0,0,0,512,22,0,512,25,0,248,0,0,264,22,0,512,0.09477517008781433,77.73097229003906,151,0,22,22
1489,A,1489,-0.005623607896268368,0.05392327904701233,nan,nan,512,0,-0.005623607896268368,0.05392327904701233,all_rows,512,0,0.005309109576046467,0.04375,-0.001958688301965594,0.001435409882105887,0.15115948196034878,235a2fe023a6e2a4b4d298e4ce26bc16:0:0,7484746166d9dd2c441f42419f71d37d:0:0,7a17b5b1eb13f3fb05dea6e232995d8d:0:0,d6358e661bffb5c5dfebea1b2b6da9e9:0:4079217028,34459c230dd39f3e489107569489e4a1:1:3707496100,10,1.0,0,0,0,0,0,0,512,11,0,512,9,0,283,0,0,229,11,0,512,0.09283224493265152,78.5617904663086,135,0,11,11
1490,A,1490,0.00267771165817976,0.06118689477443695,nan,nan,512,0,0.00267771165817976,0.06118689477443695,all_rows,512,0,0.0019206014694646,0.026953125,-0.0008132029790431261,0.0018391932710073889,0.14917321800021455,b153566904188c405309a6e58ec7b016:0:0,f8539202f26cf48732bd8ec91cff50e0:0:0,a9bfd1320e24db6acdc31bb5c689b28e:0:0,5974a7d3c21472211f0f0b00977b65e9:0:3160351001,1254ea582355ee135b09369bf7adf759:0:2761285068,10,1.0,0,0,0,0,0,0,512,22,0,512,19,0,259,0,0,253,22,0,512,0.08920953422784805,78.83524322509766,142,0,22,22
1491,A,1491,0.002332495991140604,0.05670223385095596,nan,nan,512,0,0.002332495991140604,0.05670223385095596,all_rows,512,0,0.010258873924612999,0.055078125,-0.0018439890816807746,0.001595368201378733,0.14841797499684617,9be36e9decae7566f749f9aa4c28a416:0:0,e7a8c72eb528c94fb3a895da925e619a:0:0,ce018e0dde7e9f868a1aa3cc5077cc96:0:0,4fe1c5d3664d1e230d3006cc6bc921e9:0:2281261146,59bbd1378cc0bd43da35a29badcd4080:0:938937870,10,1.0,0,0,0,0,0,0,512,20,0,512,22,0,278,0,0,234,20,0,512,0.09426882117986679,78.15581512451172,151,0,20,20
1492,A,1492,-0.0006963039631955326,0.052981484681367874,nan,nan,512,0,-0.0006963039631955326,0.052981484681367874,all_rows,512,0,0.008170624263584614,0.0521484375,0.0015010261675342917,0.0014019413356436417,0.15240280400030315,60d2663df8c560fc033d64a706499816:0:0,c1d8da97f51de6bec763f9e7c5ea0501:0:0,2e9c74a62dd50fe48a7ce7ac3e060ed3:0:0,1e489587df96d42c7fe9bebaa856dde9:0:2328052310,01b3c0741e482520fb50cc4371f65565:1:4209183799,10,1.0,0,0,0,0,0,0,512,22,0,512,19,0,258,0,0,254,22,0,512,0.09392786026000977,76.602783203125,148,0,22,22
1493,A,1493,-0.002404473489150405,0.04566830024123192,nan,nan,512,0,-0.002404473489150405,0.04566830024123192,all_rows,512,0,0.0036483493167907,0.048046875,-0.0021542826667428016,0.0010422887513414024,0.152514835994225,10ec65df1d898fa4b6e27b4fbd2a8c16:0:0,6b26b7dacf3b83e8049f9d07f9e32cae:0:0,5da2c4edbd4833e662f87d32a615ad68:0:0,7ab8231a6025ea7b128754074d2499e9:0:3020279369,7d09a7d92112ab344970be69d93d42d2:0:4032811980,10,1.0,0,0,0,0,0,0,512,23,0,512,22,0,246,0,0,266,23,0,512,0.09137528389692307,77.68636322021484,176,0,23,23
1494,A,1494,0.0019019449828192592,0.054362304508686066,nan,nan,512,0,0.0019019449828192592,0.054362304508686066,all_rows,512,0,0.004777309484779835,0.082421875,-0.005683560599572956,0.0014692158467369155,0.15081843303050846,4489295ab04f4f9e248c911870cb8016:0:0,92efc28cde3b2ceea62f4e1ddc082680:0:0,8843fba08a0c58916633c8c47d4f19bc:0:0,bcca8a36d8dab6cde20427ee5a3255e9:0:1538328017,317bf4fd8291cb51248863ed9e9d1e07:1:1432444729,10,1.0,0,0,0,0,0,0,512,26,0,512,18,0,257,0,0,255,26,0,512,0.09445303678512573,77.4433822631836,166,0,26,26
1495,A,1495,-0.0036103632301092148,0.05527503415942192,nan,nan,512,0,-0.0036103632301092148,0.05527503415942192,all_rows,512,0,0.007251538336277008,0.0546875,-0.005754979304037988,0.0015263451845385135,0.1501596929738298,971ba8334b47395324e3b975212c7416:0:0,db6903961baab36edc5f0533a811f316:0:0,5df16aeafeb98d02893b694c648b8260:0:0,d382f49465bc4a4a490bdbabcf8011e9:0:2465462947,6505f18e4c6d7b65cc941a0d8472901d:1:267762772,10,1.0,0,0,0,0,0,0,512,18,0,512,19,0,262,0,0,250,18,0,512,0.09134367108345032,77.85999298095703,155,0,18,18
1496,A,1496,0.0039071892388165,0.05265624076128006,nan,nan,512,0,0.0039071892388165,0.05265624076128006,all_rows,512,0,0.00252726674079895,0.0171875,-0.001998694520443678,0.0013782153138890863,0.1527788580278866,a6b2e850b90218b24ae4c7d9ce4d6816:0:0,89708a7b70f3f69d6c2cce46cec78b28:0:0,8db9fe6db9ce83b86972bb37c8537e4c:0:0,8042c81e1bc525a09bfa507bad0dcde9:0:3066619977,a11edb89c9a7c21772c269a15a7f8caf:0:680777806,10,1.0,0,0,0,0,0,0,512,27,0,512,17,0,245,0,0,267,27,0,512,0.09028222411870956,77.3387222290039,168,0,27,27
1497,A,1497,0.0012855097884312272,0.05827587470412254,nan,nan,512,0,0.0012855097884312272,0.05827587470412254,all_rows,512,0,0.002896504243835807,0.019921875,-0.0017145721009001135,0.0016659734712447972,0.1545233879587613,a7b671734f388343d7e14fba782e5c16:0:0,d884f9f198a3b47bcf02ec1b30b44bac:0:0,1ce5160e97f37e38a9bd841559a8e0cd:0:0,a79ddd90d03de570e4dba799f2db89e9:0:76641078,bc657d3331385bddd6c7a59afa4c79bb:0:2975045352,10,1.0,0,0,0,0,0,0,512,21,0,512,24,0,269,0,0,243,21,0,512,0.09145192056894302,77.45993041992188,159,0,21,21
1498,A,1498,-0.00469811400398612,0.05056800693273544,nan,nan,512,0,-0.00469811400398612,0.05056800693273544,all_rows,512,0,0.0036194794811308384,0.051171875,-2.0100362598896025e-05,0.0012698073114734143,0.15038927301065996,ead567c4e14a1affaf7fa48b1ecf5016:0:0,1f97ca2a1b3c74b201d752fc2dd370b2:0:0,470f6b890de3d5516f6e26d0203dc03b:0:0,35184ba2b1e1e6ef9f6c4242a0e945e9:0:406148000,733d9197462397cb9da25f4a53a7f509:0:1480993838,10,1.0,0,0,0,0,0,0,512,21,0,512,16,0,249,0,0,263,21,0,512,0.08979582786560059,78.04605102539062,168,0,21,21
1499,A,1499,0.0025851151440292597,0.0515705831348896,nan,nan,512,0,0.0025851151440292597,0.0515705831348896,all_rows,512,0,0.0012284977128729224,0.062109375,-0.0004966697655618191,0.0013273590535391121,0.1515147439786233,97d6d7f232e87de34bbad9bfc2304416:0:0,5c8062882fc7746ca8e2794b62215733:0:0,7c455e825949a450f013df2536d1dcfb:0:0,be56c209cc09e4ca7518c1b1b73701e9:0:124843645,a588ea7a1257a9cdcb5af0699ac2adb2:0:163859074,10,1.0,0,0,0,0,0,0,512,31,0,512,16,0,253,0,0,259,31,0,512,0.09183911979198456,76.97371673583984,170,0,31,31
1500,A,1500,0.002762064104899764,0.0497935488820076,nan,nan,512,0,0.002762064104899764,0.0497935488820076,all_rows,512,0,0.002631987677887082,0.0580078125,0.0023049348033964633,0.0012129307637223975,0.1532728059682995,b87c373c9361e247b0e2c2cc62513816:0:0,e5192b6c0c1996815dcdfa5e46450b35:0:0,403d19840c974be5daa84dd7c7c539bb:0:0,4d449af6cc188c4cf8fe072335c4bde9:0:2251601591,1ddca371382f473ccf723ce57f264ccf:1:3886374207,10,1.0,0,0,0,0,0,0,512,27,0,512,19,0,239,0,0,273,27,0,512,0.08913859724998474,76.710693359375,172,0,27,27
1501,A,1501,0.002505034673959017,0.05075303465127945,nan,nan,512,0,0.002505034673959017,0.05075303465127945,all_rows,512,0,0.0021405769512057304,0.01015625,0.0005471712909638881,0.0012434889504220337,0.15469663502881303,d7b485f809ff5ff7619bf324ff322c16:0:0,32ee304c662e81c6b0632b6b9910c62b:0:0,e0e582c4285a819eef7d4629ceb338ba:0:0,0768b0d9a1650ac563e933d31c9279e9:0:843104645,61d312caa274919b0fe6982a6a684fdb:0:484327534,10,1.0,0,0,0,0,0,0,512,19,0,512,16,0,266,0,0,246,19,0,512,0.08607164770364761,76.42871856689453,144,0,19,19
1502,A,1502,-0.0018641813658177853,0.05236189067363739,nan,nan,512,0,-0.0018641813658177853,0.05236189067363739,all_rows,512,0,0.003788769245147705,0.01015625,-0.00018865184392780066,0.001355083571979776,0.15931164502399042,4fb6e2ef3beae60452dfbe3d98d32016:0:0,2b31900130f464444e18da292b03acc1:0:0,329d598924da54a91b855ee14efe0327:0:0,5353a985cfdf93295057a8fd6ba035e9:0:4201381936,ac7538de04d174918a7ce4a95b797122:1:2397828352,10,1.0,0,0,0,0,0,0,512,19,0,512,17,0,278,0,0,234,19,0,512,0.08238468319177628,76.87551879882812,150,0,19,19
1503,A,1503,0.0034502141643315554,0.05136387422680855,nan,nan,512,0,0.0034502141643315554,0.05136387422680855,all_rows,512,0,0.003425880568102002,0.0326171875,-0.005028643878176808,0.0012771489884471521,0.15257009700872004,41feb22af410dd5ddffc378a2f341416:0:0,956d57ff77ab2c0cbe6b32b779bdb5ab:0:0,d44bd76aa8c92aa81b2f7ba3f8aad9e3:0:0,2bffc70c8dabdbfa767707de22edf1e9:0:2228707888,ebec553998a4cfd41b318fa62b4e98b7:1:930523116,10,1.0,0,0,0,0,0,0,512,29,0,512,26,0,254,0,0,258,29,0,512,0.08184654265642166,77.38900756835938,169,0,29,29
1504,A,1504,0.00013669912004843354,0.0549527183175087,nan,nan,512,0,0.00013669912004843354,0.0549527183175087,all_rows,512,0,0.005193968769162893,0.03671875,-0.0010695307049900294,0.0015012046613264828,0.15170120901893824,7b51c19ff5717826be94327ec2550816:0:0,0fb5cdd0cbe19d3d990c1075e5b44235:0:0,4880a05f6e1f5eba7e16921f7e4c92bd:0:0,0d6369e303ed956b682531b1427bade9:0:1286130442,da3e10796ee9e583f89b4f86213eb087:0:2508193087,10,1.0,0,0,0,0,0,0,512,32,0,512,26,0,262,0,0,250,32,0,512,0.08212198317050934,78.42696380615234,164,0,32,32
1505,A,1505,0.001067313365638256,0.05467526242136955,nan,nan,512,0,0.001067313365638256,0.05467526242136955,all_rows,512,0,0.0036985017359256744,0.0591796875,-0.0021701911464333534,0.0014832054730504751,0.15266301395604387,90b2124a8055adcaf29f428f5235fc16:0:0,8c93ec21472b84ffd90939d327bff8ee:0:0,dd020cc19726d6e387408d78fa500363:0:0,d59c472b4b02d7c44cf047b2ca4969e9:0:1610927114,98be1cd8377f5ac9d48534feb7f80336:0:2583829863,10,1.0,0,0,0,0,0,0,512,24,0,512,17,0,264,0,0,248,24,0,512,0.08253958821296692,78.82351684570312,170,0,24,24
1506,A,1506,-0.00029556325171142817,0.051581498235464096,nan,nan,512,0,-0.00029556325171142817,0.051581498235464096,all_rows,512,0,0.002985598985105753,0.02734375,-0.0023495676927268506,0.0013131500978488474,0.1510865879827179,ad211c43b2dbe3d5c269bb2fded6f016:0:0,1724ac1e0054fbd97b24f347573b947e:0:0,2aff9c89127cc4cc1541900c3e3fa586:0:0,a339e936fa688a079e16ab1eba5725e9:0:675299247,b79f0ec011652a3dc8275ee9e4af7b40:1:2169482834,10,1.0,0,0,0,0,0,0,512,26,0,512,25,0,266,0,0,246,26,0,512,0.08773339539766312,79.49813842773438,172,0,26,26
1507,A,1507,-0.0047288634814321995,0.05331040918827057,nan,nan,512,0,-0.0047288634814321995,0.05331040918827057,all_rows,512,0,0.003715631552040577,0.025,-0.0037529767025262116,0.0013348973530810325,0.15179095201892778,30298861ad504387aa94afd46837e416:0:0,872f900b378fdad178fdbf16593b35ff:0:0,5229b8dbb57b0c5173a2c8c92ac4cc4d:0:0,ab8a5f9a6484c0d6e286fd3112a4e1e9:0:2866645000,6f2b10fd6311ffebc95d379c27367584:0:2230406644,10,1.0,0,0,0,0,0,0,512,18,0,512,23,0,264,0,0,248,18,0,512,0.08458094298839569,78.78950500488281,152,0,18,18
1508,A,1508,0.006586432922631502,0.05174088850617409,nan,nan,512,0,0.006586432922631502,0.05174088850617409,all_rows,512,0,0.003078183624893427,0.021484375,-0.0036217170883901416,0.0012533149623777718,0.15762298903428018,befe71f822c4bc2c5215f3f0ee58d816:0:0,a08288d394e246c0b80ee3b8b7f73ebb:0:0,0b52776c0912f79485c974614156770d:0:0,c3a40f67d69315976ae01f25d3329de9:0:272762273,2135a2d7fb90643ede60201a4487a781:1:3221181826,10,1.0,0,0,0,0,0,0,512,25,0,512,19,0,232,0,0,280,25,0,512,0.08504076302051544,79.75921630859375,163,0,25,25
1509,A,1509,-0.0017658134456723928,0.05149323120713234,nan,nan,512,0,-0.0017658134456723928,0.05149323120713234,all_rows,512,0,0.006607342511415482,0.0771484375,-0.008062658132985234,0.0013179022003896534,0.15501643699826673,22644f53be5cb2307e381af97139cc16:0:0,34f6db3b9c6bd2595390e23521f1c103:0:0,8dd5303ccb9bc5f42aa9355a316af437:0:0,6c7b5b6a74eef5d70d713238fc0059e9:0:500533196,81a0d61a3702f1ab097763e9553316b7:1:1647437596,10,1.0,0,0,0,0,0,0,512,26,0,512,27,0,245,0,0,267,26,0,512,0.07790449261665344,79.34072875976562,169,0,26,26
1510,A,1510,3.34298238158226e-06,0.04914865270256996,nan,nan,512,0,3.34298238158226e-06,0.04914865270256996,all_rows,512,0,0.001076802727766335,0.00703125,-4.9223029054701326e-05,0.0012029589561279863,0.15480986499460414,97479f8f85c05af8069a7861f0dac016:0:0,d6e2179c8bbe5c37e21904707c473492:0:0,8021a2cf8d71792f62a50c9d0485ce3e:0:0,25e25f788bf7eaf0e23997a68d0e15e9:0:2363747812,55a83da6a968901c9acfe734b14f0703:1:1018756731,10,1.0,0,0,0,0,0,0,512,25,0,512,24,0,244,0,0,268,25,0,512,0.07620271295309067,80.73013305664062,181,0,25,25
1511,A,1511,0.00046198221389204264,0.05137152224779129,nan,nan,512,0,0.00046198221389204264,0.05137152224779129,all_rows,512,0,0.002841345965862274,0.0724609375,-0.005071614636108279,0.0013126391306286678,0.1497384279500693,73a07068212bc573c9311f9e6d3bb416:0:0,4bdb6cd70b295153eb304ca4f47d1c0b:0:0,94ba5560d6b31095e1159c73141ef8ad:0:0,261c39356dcbd9f1fee8f0aa865bd1e9:0:208435812,e9e74d9bf87c9a52f097ee3c35726c9a:0:1546185203,10,1.0,0,0,0,0,0,0,512,27,0,512,20,0,252,0,0,260,27,0,512,0.07580793648958206,81.16919708251953,167,0,27,27
1512,A,1512,0.0022933208383619785,0.049832455813884735,nan,nan,512,0,0.0022933208383619785,0.049832455813884735,all_rows,512,0,0.0007812277181074023,0.02578125,-0.0002617407590150833,0.0012392428237944842,0.15000267402501777,89c7b6b5b18d8f779e44e422e65ca816:0:0,a75a9c45063b47a0e022ea858fd5bc25:0:0,9fc22dd023d9a991c0de047fa519ba0f:0:0,dbf453db35133bbe32df1e80e7e98de9:0:2905960267,341ff1aa40bb152dc948bf3de5421f2b:0:1345841850,10,1.0,0,0,0,0,0,0,512,24,0,512,18,0,264,0,0,248,24,0,512,0.07733935862779617,80.03855895996094,162,0,24,24
1513,A,1513,-0.005062082316726446,0.05400579422712326,nan,nan,512,0,-0.005062082316726446,0.05400579422712326,all_rows,512,0,0.006787223741412163,0.080859375,-0.005299206729978323,0.0014500902791041881,0.1511259829858318,e67450399d2947d04c7359635c3d9c16:0:0,60c2e6f00e912bc9f813d0bef8bd8433:0:0,af7c7ebc38c4b1b6b8da9b5a0c192868:0:0,604ce3e5051b4d74c32c4265b1b749e9:0:2885983651,277f772a8da08d551c40ba50c35fa413:0:2736627686,10,1.0,0,0,0,0,0,0,512,22,0,512,32,0,258,0,0,254,22,0,512,0.07948316633701324,79.51539611816406,175,0,22,22
1514,A,1514,0.0019513835432007909,0.04527587443590164,nan,nan,512,0,0.0019513835432007909,0.04527587443590164,all_rows,512,0,0.002274895552545786,0.0314453125,-0.0025685766711831095,0.0010243437049211935,0.14994447701610625,bdf155727b317d197caed2d3cede9016:0:0,3e1df8ed502f8869511bc8aa2ee16b32:0:0,76c93d29ea2f461b38466882329c98ed:0:0,ba1632b29f7a39152690bd94e3c505e9:0:1016722172,870fcacdb0e490612e81db3f0f77edd4:0:1607057114,10,1.0,0,0,0,0,0,0,512,22,0,512,21,0,233,0,0,279,22,0,512,0.07845470309257507,80.96405029296875,173,0,22,22
1515,A,1515,-0.0007930598221719265,0.048316050320863724,nan,nan,512,0,-0.0007930598221719265,0.048316050320863724,all_rows,512,0,0.005346991587430239,0.0310546875,-0.0041566210798919204,0.001150677539408207,0.15300185699015856,f886262d06cd7953ae3e63e83e3f8416:0:0,ed045a839c980720714eb78d6a46c3c2:0:0,f18d15375319a4613859ff74dd19ebd5:0:0,1cda897e67793663c17d314a7e12c1e9:0:364597104,9b7d40a70ea96f172c8dcc3334e2105a:0:1357458941,10,1.0,0,0,0,0,0,0,512,27,0,512,27,0,256,0,0,256,27,0,512,0.08015500754117966,81.70213317871094,177,0,27,27
1516,A,1516,-0.0019431195687502623,0.05092631280422211,nan,nan,512,0,-0.0019431195687502623,0.05092631280422211,all_rows,512,0,0.0016591058811172843,0.005078125,-0.00023487326689064503,0.001291890919674188,0.15457678295206279,293a538dc1feaa3a2abde014aa607816:0:0,0a6f1a0685a0a3a5925089f9d4127d27:0:0,a47ba828e3c574481d3d3255133235d7:0:0,9ec0763f2b80a40ea2127ec280a07de9:0:4216734131,ef748a24a9fd1b1e602ff8d0b609ff42:1:3949878915,10,1.0,0,0,0,0,0,0,512,20,0,512,24,0,254,0,0,258,20,0,512,0.0848379135131836,81.0489730834961,171,0,20,20
1517,A,1517,0.002410587389022112,0.05444680154323578,nan,nan,512,0,0.002410587389022112,0.05444680154323578,all_rows,512,0,0.008013718761503696,0.060546875,0.00024795630015432834,0.0014770747802685946,0.15458766900701448,31dc3653b0d9b658fa1ddacd13416c16:0:0,406753bfab7fa5876b4178f7568b2580:0:0,87ab5b1be6cd549c46a4a7f99a8c7155:0:0,cf56cc4f4cc219123c21c738eb6e39e9:0:3782145269,d63968a0ab72e78b22d6d3bffc5d0a82:1:2111371961,10,1.0,0,0,0,0,0,0,512,30,0,512,27,0,252,0,0,260,30,0,512,0.08212584257125854,81.16924285888672,159,0,30,30
1518,A,1518,-0.0026518451049923897,0.04646245390176773,nan,nan,512,0,-0.0026518451049923897,0.04646245390176773,all_rows,512,0,0.006705459672957659,0.0798828125,-0.002811067784205079,0.0010772165522212162,0.15773637499660254,c838a01955873ee2d6a3a78578e26016:0:0,e79e1daaca41392a781ee687829caf8d:0:0,2f295ac66bb4ba8c0cb670d8ad8b627a:0:0,a4eb25f31d5c6e5e252c6be9be7bf5e9:0:223450061,5d6f670ef8f13852038c3920f419c66a:1:3522982077,10,1.0,0,0,0,0,0,0,512,30,0,512,24,0,242,0,0,270,30,0,512,0.07729636877775192,80.22428894042969,167,0,30,30
1519,A,1519,0.0012915835250169039,0.05221712216734886,nan,nan,512,0,0.0012915835250169039,0.05221712216734886,all_rows,512,0,0.0014051899779587984,0.039453125,0.0004890028387308121,0.0013639260578202084,0.15175895497668535,d784aa5dd5804e4720e959b1db435416:0:0,42362b7302a97ec1ce9e70bc2f9d0b7f:0:0,1cdfb1ce7579e834f9bb31265d7caef8:0:0,ead4cb188d35c0b9d0640e10f9c9b1e9:0:2888909341,d7f222612be75124f356bcca8455f423:0:620060029,10,1.0,0,0,0,0,0,0,512,22,0,512,27,0,245,0,0,267,22,0,512,0.08169630169868469,81.63375091552734,174,0,22,22
1520,A,1520,0.002953887917101383,0.046375080943107605,nan,nan,512,0,0.002953887917101383,0.046375080943107605,all_rows,512,0,0.004120962228626013,0.063671875,-0.005214376281946898,0.0010560021764831617,0.1521193740190938,b2d82e24f07a7387d3ddc4c63a644816:0:0,82db7a5bb7b8d493bdec9ae8cdc81860:0:0,2ee75d2bc40a3e2baa2d8f75c59bffaf:0:0,4042bcea7dc76ae94aaa8eea9d576de9:0:117443304,210d88c0a27d632f33bb53db508051d3:1:4229084891,10,1.0,0,0,0,0,0,0,512,20,0,512,21,0,256,0,0,256,20,0,512,0.07779085636138916,82.78375244140625,171,0,20,20
1521,A,1521,0.01844216138124466,0.058184560388326645,nan,nan,512,0,0.01844216138124466,0.058184560388326645,all_rows,512,0,0.00941102672368288,0.0673828125,-0.0063136880286037925,0.0013349014043342322,0.1514099349733442,96ffeb0131778a4f78c47c3696453c16:0:0,5764e59e5da36e04de33ab026418851a:0:0,10b235502e741f524a1957321b62fa33:0:0,54fc3d125517f811f6920fb2a92529e9:0:2526004499,4b11ecc1f1827505e2c3dc64ee08ae91:0:3068471924,10,1.0,0,0,0,0,0,0,512,11,0,512,28,0,243,0,0,269,11,0,512,0.08028110861778259,83.9574203491211,168,0,11,11
1522,A,1522,-0.01142355427145958,0.05557897314429283,nan,nan,512,0,-0.01142355427145958,0.05557897314429283,all_rows,512,0,0.0037567217368632555,0.03203125,-0.00294663212262094,0.0014659502427093684,0.15183400799287483,6fa1d460826d2fc71b35d376eee63016:0:0,a8f0ac7ad426f5cc702988f10c346e43:0:0,da495c9a00e63e041ee389978021ddf7:0:0,f05f7ac2a81f0e5f485cf1a51d32e5e9:0:2151200379,84cdca0e54e93c95e574481dda995838:1:3342348886,10,1.0,0,0,0,0,0,0,512,24,0,512,21,0,253,0,0,259,24,0,512,0.0730295479297638,85.43571472167969,173,0,24,24
1523,A,1523,0.0037617047782987356,0.04859462007880211,nan,nan,512,0,0.0037617047782987356,0.04859462007880211,all_rows,512,0,0.004717216361314058,0.0296875,-0.005522600933909416,0.0011679776711389423,0.15635646099690348,926c5ff80af7e42c3d1eddfb44472416:0:0,1912b55fc9062014fd2af6a881e5b102:0:0,0bc29f43e340088a5b0f31cc618c6e87:0:0,f7021ee614cf51e781fdd5fdf980a1e9:0:3086899423,9d26b7cd564ff30010b845b69a41ea5c:1:4153941042,10,1.0,0,0,0,0,0,0,512,20,0,512,25,0,251,0,0,261,20,0,512,0.07041094452142715,84.777587890625,172,0,20,20
1524,A,1524,-0.0002557789266575128,0.051272712647914886,nan,nan,512,0,-0.0002557789266575128,0.051272712647914886,all_rows,512,0,0.009099139831960201,0.041015625,-0.0033001813339069487,0.0013015159958740697,0.1527002989896573,87930831028dd926cac16f3796681816:0:0,efe118b415317e589d4d5e0eb18d4b5b:0:0,01f8cd84e6199731072ce55df8dfa873:0:0,9ceb3c0da4023fd06f179df93e0e5de9:0:3912505540,1df2f7d4e6e8dcd3c6d096619c0268b4:0:3484828867,10,1.0,0,0,0,0,0,0,512,25,0,512,22,0,275,0,0,237,25,0,512,0.07082997262477875,83.17987060546875,164,0,25,25
1525,A,1525,0.00498238718137145,0.048145655542612076,nan,nan,512,0,0.00498238718137145,0.048145655542612076,all_rows,512,0,0.0010027079842984676,0.0294921875,-0.0021826425101608036,0.0011445579235441982,0.15616942004999146,5dee817cdea56cdf0eb41a9fe5490c16:0:0,4df296a9a98a616f4cbdd9e2a15f7e22:0:0,435183f9610ee241d747054dedb8e41c:0:0,c5adadfa4b8201b420fd6ad2eadc19e9:0:1670664367,ba938b90fca3bcc69dc8b3781f2cf985:1:3819146813,10,1.0,0,0,0,0,0,0,512,26,0,512,29,0,244,0,0,268,26,0,512,0.07303723692893982,82.74315643310547,175,0,26,26
1526,A,1526,-0.005901803262531757,0.05894447863101959,nan,nan,512,0,-0.005901803262531757,0.05894447863101959,all_rows,512,0,0.0008501202100887895,0.0240234375,0.0008384309243410826,0.0017159730719868093,0.15495144500164315,cf76617c054351d3a5e233a830ea0016:0:0,fb641bfa6ac77cf1eb383da97e021507:0:0,baa98578613e78f406a68b6c8a03d50a:0:0,c8f537dd686d3945aab29dc6ffe9d5e9:0:3934709217,27038cfc8b15affb2c7b4ecae8bb141a:0:4035296353,10,1.0,0,0,0,0,0,0,512,31,0,512,23,0,271,0,0,241,31,0,512,0.07673081755638123,82.85453796386719,155,0,31,31
1527,A,1527,0.005120560061186552,0.05659565329551697,nan,nan,512,0,0.005120560061186552,0.05659565329551697,all_rows,512,0,0.0024538040161132812,0.0546875,0.0024141818284988403,0.0015536796825472265,0.1520070310216397,fd342ae6ec64636f738bcdc4794af416:0:0,b5da9990dd6638914df2c5cd5ce9dfa2:0:0,793870f718dea974bd40abeaab2b2871:0:0,f19fafac4a30c435dcead8117d3791e9:0:3612834771,e939d58ddf5e21d62a0e58fe7a43b115:1:3454229737,10,1.0,0,0,0,0,0,0,512,25,0,512,25,0,251,0,0,261,25,0,512,0.07577800750732422,83.73763275146484,178,0,25,25
1528,A,1528,-0.0037475668359547853,0.050042811781167984,nan,nan,512,0,-0.0037475668359547853,0.050042811781167984,all_rows,512,0,0.003413490718230605,0.0765625,0.005098625179380178,0.0012158524710685014,0.1552870760206133,2504d92e4eb7275f9545bc68be6be816:0:0,7fea48b2127b80d10d5d109b13d1c597:0:0,7c40e3cb23eb6f8a9787bd624168bdbe:0:0,9f7e4023265378580209faee62c54de9:0:2592681067,aa364f782711fd7271fc63dca17943cc:1:690068015,10,1.0,0,0,0,0,0,0,512,21,0,512,33,0,260,0,0,252,21,0,512,0.07725657522678375,83.2696762084961,178,0,21,21
1529,A,1529,-0.0006647054688073695,0.047246791422367096,nan,nan,512,0,-0.0006647054688073695,0.047246791422367096,all_rows,512,0,0.0013721605064347386,0.0330078125,0.0006832102313637734,0.0011137041525216772,0.1585529510048218,c43e22cbde18fba956f99309004cdc16:0:0,2528b98552344e65b4c9d983464abcc2:0:0,970476f9c55be5bba750ed0cc03c4c78:0:0,809942540d4fd8069a242799b09309e9:0:3185365487,6224f31d4710149a501c31616a35f136:1:635808818,10,1.0,0,0,0,0,0,0,512,32,0,512,21,0,250,0,0,262,32,0,512,0.07239629328250885,84.07111358642578,172,0,32,32
1530,A,1530,0.00210524071007967,0.04937627539038658,nan,nan,512,0,0.00210524071007967,0.04937627539038658,all_rows,512,0,0.0076054735109210014,0.081640625,0.0004623502725735307,0.001214114937465638,0.15170028602005914,7d57b9419c4af18026e5a5193eedd016:0:0,b2b6835dc5a274624e02c456f99ea952:0:0,73164bdd7b53ac6f86b45bd52142e7b0:0:0,668b62deb8b7bec816fdbf4f66a0c5e9:0:196972728,5b9be1798b3b2d59ba136739fbbd42bf:0:431987590,10,1.0,0,0,0,0,0,0,512,17,0,512,17,0,267,0,0,245,17,0,512,0.06972990185022354,84.57167053222656,152,0,17,17
1531,A,1531,0.0052850376814603806,0.043454620987176895,nan,nan,512,0,0.0052850376814603806,0.043454620987176895,all_rows,512,0,0.0028573344461619854,0.0388671875,-0.0006285224109888077,0.0009394402150064707,0.15244363399688154,28ced1cac25254db899d060d7a4ec416:0:0,814adb7a570e1456eac2c40a7fd50811:0:0,35b3433cdc65624cf89117df2d4dc371:0:0,577eb62e4ade0633980b634b84ee81e9:0:2218710651,7a3cd1681956b218d1d615a7826d02d7:1:1827586878,10,1.0,0,0,0,0,0,0,512,26,0,512,15,0,237,0,0,275,26,0,512,0.07437250763177872,84.12325286865234,188,0,26,26
1532,A,1532,-0.00586027791723609,0.0482867956161499,nan,nan,512,0,-0.00586027791723609,0.0482867956161499,all_rows,512,0,0.001061703427694738,0.0509765625,2.0655151456594466e-05,0.0011540913634235038,0.1519263560185209,175b39c5def8e0cd0e078959b26fb816:0:0,4891268fe20c50d5565e67f15d97c940:0:0,845d16d519767ee1937b8770b687328b:0:0,28c80a5a58422315a671f4ca0b7c3de9:0:3206786687,78e07e47b9c828a87f9c2a45e1b69985:0:1643824308,10,1.0,0,0,0,0,0,0,512,25,0,512,27,0,249,0,0,263,25,0,512,0.07543551176786423,83.59737396240234,181,0,25,25
1533,A,1533,0.001204607542604208,0.047233693301677704,nan,nan,512,0,0.001204607542604208,0.047233693301677704,all_rows,512,0,0.005767366848886013,0.0578125,-0.005561153055168688,0.001112382661085576,0.15770654199877754,11f925e494e0a0964161c271e750ac16:0:0,f8d5d36fd6e18289facd47e1a7d0e0a6:0:0,90dec0852db638c08a9f172d50d371cf:0:0,bb4a2c88d2f9bad4f1069506fa49f9e9:0:3862471361,9c6d6f7400a9c3f78aaf33972737fac4:1:3327081586,10,1.0,0,0,0,0,0,0,512,27,0,512,16,0,265,0,0,247,27,0,512,0.07706702500581741,84.04420471191406,163,0,27,27
1534,A,1534,-0.005885559134185314,0.04278827831149101,nan,nan,512,0,-0.005885559134185314,0.04278827831149101,all_rows,512,0,0.00698950095102191,0.062109375,-0.004610602743923664,0.00090532869216986,0.15514745900873095,7001cb32209f7d7ea33d04ca18f1a016:0:0,c57775b074bd869d5c497e2d95a8e338:0:0,83cd5a41edcb485c563be64c1419a328:0:0,5ff3faeeb0543117084ea53e5157b5e9:0:118095023,c3ad6b94a70f094b70d92a28ea9fcadf:1:1102859664,10,1.0,0,0,0,0,0,0,512,26,0,512,29,0,238,0,0,274,26,0,512,0.07127920538187027,85.08133697509766,207,0,26,26
1535,A,1535,0.00727316178381443,0.04946136847138405,nan,nan,512,0,0.00727316178381443,0.04946136847138405,all_rows,512,0,0.007408330217003822,0.0412109375,-0.005951967462897301,0.0011743381415726616,0.15079413395142183,094ea5068f567969997f63d647529416:0:0,e6e5707e6fec37fd8f09d9b5a633826c:0:0,03413655e86307267d03848ba4e9cc3a:0:0,8510fbcd60f42da51a7fc6ac10a571e9:0:3089673766,c06f9e344cd7dcf4030799f01af4b6f7:0:130307619,10,1.0,0,0,0,0,0,0,512,31,0,512,24,0,237,0,0,275,31,0,512,0.06876508891582489,83.90926361083984,188,0,31,31
1536,A,1536,-0.006883334368467331,0.052699435502290726,nan,nan,512,0,-0.006883334368467331,0.052699435502290726,all_rows,512,0,0.005272360984236002,0.02109375,-0.002786191552877426,0.0013187306438339874,0.15162368101300672,36f013014e38962c6463b30a72738816:0:0,9021dff98f078fc63229212a82e9e92c:0:0,69c470f4d61a8a3464c1e63d6888dc17:0:0,1c04cd0b739b1a90af7fda8c38332de9:0:4083611183,0137a71efa5be39f4c7ab2b573037e7d:1:1296897451,10,1.0,0,0,0,0,0,0,512,29,0,512,24,0,262,0,0,250,29,0,512,0.0727897360920906,83.49896240234375,166,0,29,29
1537,A,1537,0.0010427110828459263,0.047795020043849945,nan,nan,512,0,0.0010427110828459263,0.047795020043849945,all_rows,512,0,0.00217367522418499,0.0099609375,-0.0008998038480058313,0.001139403969864361,0.15058119699824601,dd17b62a7b7569a4127985da9a547c16:0:0,75512181914b0f93d8d197afb6df27c5:0:0,6568828b76786a28ba6d35ff94886503:0:0,b2a61746fae29a9864e5021ac800e9e9:0:1438854695,fd9d236ca39ecdd592b4ea6f4623a698:0:3730018823,10,1.0,0,0,0,0,0,0,512,22,0,512,28,0,253,0,0,259,22,0,512,0.07306405156850815,83.81962585449219,168,0,22,22
1538,A,1538,0.002734165173023939,0.04924468323588371,nan,nan,512,0,0.002734165173023939,0.04924468323588371,all_rows,512,0,0.004900263622403145,0.0462890625,-0.003423063748050481,0.0011907735985005274,0.1514194060000591,f939a45f20fb5e8b74a52fbabef57016:0:0,fdf3b72e4fd602912eb024f914082ba6:0:0,a9b8b3a682475c24c33dfa5d9cd87fc0:0:0,8c05c2808e1ff7cca9f59e93c00ea5e9:0:1774332484,473283ca78a7266470ab74221d483472:1:2299206604,10,1.0,0,0,0,0,0,0,512,25,0,512,23,0,236,0,0,276,25,0,512,0.07058323919773102,84.14429473876953,188,0,25,25
1539,A,1539,0.0007037760224193335,0.05332173779606819,nan,nan,512,0,0.0007037760224193335,0.05332173779606819,all_rows,512,0,0.003974888473749161,0.0419921875,-0.006174710602499545,0.0014183333143591881,0.15775438002310693,c4d52d314185a211121fc41ee0566416:0:0,184986f83fd52fe8a8a32f734e922638:0:0,6039ac9582536d5fe0a6862c62f905ef:0:0,a242f9bdfdad8a747ba85133205c61e9:0:2396910059,65685f16e0ef680c16b9590c42c55c3b:0:354032569,10,1.0,0,0,0,0,0,0,512,33,0,512,25,0,248,0,0,264,33,0,512,0.07121902704238892,82.97069549560547,179,0,33,33
1540,A,1540,0.0019374103285372257,0.06051028147339821,nan,nan,512,0,0.0019374103285372257,0.06051028147339821,all_rows,512,0,0.001675823237746954,0.0021484375,-0.0012705386616289616,0.0018277165596373378,0.1506035999627784,848e83696069be2d1c77167afe775816:0:0,b87e96b7390f787595bf7663974276ff:0:0,8cb3688cd7ebcaa976f38b34daddfdad:0:0,ee5c164412d6183220a3fb34e8ea1de9:0:3757944351,b45488b76ac8546cc39722902cb3862d:0:1362768862,10,1.0,0,0,0,0,0,0,512,26,0,512,25,0,274,0,0,238,26,0,512,0.07085816562175751,82.00823974609375,160,0,26,26
1541,A,1541,-0.005893909838050604,0.06064748018980026,nan,nan,512,0,-0.005893909838050604,0.06064748018980026,all_rows,512,0,0.0025031561963260174,0.0193359375,-0.0017325737280771136,0.001691500493325293,0.1523384369793348,f1062a5bec98e0b7638dba4319584c16:0:0,2f567c56b3953a135470339bd44e1fd1:0:0,37db4a083cfeb150036740de7aff470f:0:0,23f7d246f39e2b67e53fbdd519b7d9e9:0:2395392111,67fbf69e57ce15a24de74b16ffee2632:0:270125077,10,1.0,0,0,0,0,0,0,512,26,0,512,34,0,267,0,0,245,26,0,512,0.06751993298530579,82.2043228149414,167,0,26,26
1542,A,1542,0.0018143010092899203,0.055096641182899475,nan,nan,512,0,0.0018143010092899203,0.055096641182899475,all_rows,512,0,0.003490570466965437,0.024609375,-0.0024907601065933703,0.0014703896187711508,0.15868529200088233,27e98649b748cf3d499b02eb30f94016:0:0,2ae58a0b60c7e706dcd121f54d71b75b:0:0,38b12fa7a01ac3d3489a273d9137fd4b:0:0,c629263102a762dcd782fa4fb2c595e9:0:3997128753,0a132d4b714469de65c09ec37ab763c2:1:469036258,10,1.0,0,0,0,0,0,0,512,33,0,512,27,0,270,0,0,242,33,0,512,0.06501708179712296,83.15113830566406,160,0,33,33
1543,A,1543,-0.005743219517171383,0.05020637437701225,nan,nan,512,0,-0.005743219517171383,0.05020637437701225,all_rows,512,0,0.002536060521379113,0.0072265625,-0.0007644994184374809,0.0012204291095258668,0.1557417450239882,9cd163075eb88797b72b03e7455a3416:0:0,9ffeb3a55e9238f020cf6378c7dcbf5c:0:0,e8dd498ecd0eb868340d31d9587d07b2:0:0,9f72f2e05369b9a1832551e0b41351e9:0:30340560,e3c4ad42f38ee3622db248f3a9acb247:0:1994764634,10,1.0,0,0,0,0,0,0,512,24,0,512,28,0,266,0,0,246,24,0,512,0.06780803948640823,82.90589141845703,165,0,24,24
1544,A,1544,0.006303802132606506,0.05444546416401863,nan,nan,512,0,0.006303802132606506,0.05444546416401863,all_rows,512,0,0.005092240869998932,0.015234375,-0.0004726771265268326,0.0014484809595160185,0.15799221803899854,ef67ac2c55848d410f1e90ab567b2816:0:0,c1cb81d1e7232af5fe8b40c041259ae7:0:0,96d8f626ae8ab96576072ad06478c002:0:0,c30f167b0afec734ad8ea5c41da10de9:0:3015645023,c4f0fb3620173a60118a4e51ffea7ae2:1:1521741822,10,1.0,0,0,0,0,0,0,512,29,0,512,24,0,263,0,0,249,29,0,512,0.06591971218585968,83.44900512695312,169,0,29,29
1545,A,1545,-0.0022149793803691864,0.05375353619456291,nan,nan,512,0,-0.0022149793803691864,0.05375353619456291,all_rows,512,0,0.0066296933218836784,0.0619140625,-0.0023368405178189277,0.0014111214026343078,0.15131426200969145,3bbcee0eeefee36b22ab3cab645c1c16:0:0,129ba6f8bba14fabe5f5c5117c054655:0:0,2752460c9af6a436b2841b1227bc3331:0:0,d7f6c0bb45baf7e811d71735ef6ec9e9:0:247231830,055d01455552679dd451a953dea4c886:1:3901117451,10,1.0,0,0,0,0,0,0,512,27,0,512,32,0,247,0,0,265,27,0,512,0.07088389992713928,83.26567077636719,184,0,27,27
1546,A,1546,0.001854300033301115,0.05252837389707565,nan,nan,512,0,0.001854300033301115,0.05252837389707565,all_rows,512,0,0.004493379034101963,0.0271484375,-0.002274927287362516,0.0013669159496203064,0.1504034599638544,c77086d798feb3d5255b5b5b6efd1016:0:0,805092d1c875b94fc154be3a762e03b1:0:0,233141ad97cb8dc0099f7f0c15755ae9:0:0,0f9fced359d0bd851cc70772297c85e9:0:2188056884,7ef2d08e4d7e2417cb6395e38fcc09f5:1:2237946821,10,1.0,0,0,0,0,0,0,512,22,0,512,32,0,260,0,0,252,22,0,512,0.07258019596338272,83.00978088378906,175,0,22,22
1547,A,1547,-0.002838210202753544,0.050381820648908615,nan,nan,512,0,-0.002838210202753544,0.050381820648908615,all_rows,512,0,0.0015711422311142087,0.010546875,-0.0008741271449252963,0.0012598742061527446,0.15014991495991126,3713b2fa2b9ba261a10e002f765e0416:0:0,e6b12299d23617f83de76d7a9838113f:0:0,2d9df601143ed07b30a6765e55b9fb2f:0:0,5b14a64b8f39b831a8d717b4cbca41e9:0:3488048079,e6bc563123446b13752ecbfc625a7450:0:3377391264,10,1.0,0,0,0,0,0,0,512,28,0,512,33,0,260,0,0,252,28,0,512,0.07256098091602325,83.30660247802734,167,0,28,28
1548,A,1548,0.0006269129808060825,0.05800789222121239,nan,nan,512,0,0.0006269129808060825,0.05800789222121239,all_rows,512,0,0.003299959236755967,0.0234375,-0.0022852444322779774,0.001669878966640681,0.15066904301056638,17bfd868f748cd6c69f6fe9b7a7ef816:0:0,6ee35d6c08f57d9dda81f15099395079:0:0,ce34ed4ae6f3bb9ce6fe3ea8770d5d92:0:0,b939717aa521d794ba302939d657fde9:0:1628294616,c2032dfa61d76f8fb82c8c1f40f038be:1:2716148007,10,1.0,0,0,0,0,0,0,512,27,0,512,26,0,265,0,0,247,27,0,512,0.07364289462566376,84.09469604492188,161,0,27,27
1549,A,1549,0.000243259928538464,0.055084966123104095,nan,nan,512,0,0.000243259928538464,0.055084966123104095,all_rows,512,0,0.0012115993304178119,0.001171875,-0.00045296670868992804,0.0015136733243707567,0.1554792079841718,ddf39fd9f9c37ae0929eea137b5fec16:0:0,2ceb4b0f3845c02568ec55f44756adbb:0:0,980c87df32a9ca76236affcafb6c968b:0:0,60fac77abd10743b3aab5d3d4925b9e9:0:902681178,482aaae1de938fbae8d60a120ad94b7a:0:2972723263,10,1.0,0,0,0,0,0,0,512,28,0,512,27,0,261,0,0,251,28,0,512,0.07904460281133652,83.5224609375,171,0,28,28
1550,A,1550,0.002241437090560794,0.04708775132894516,nan,nan,512,0,0.002241437090560794,0.04708775132894516,all_rows,512,0,0.0048493738286197186,0.0263671875,-0.0028179993154481054,0.0011020132689736784,0.15398635400924832,e1308b7b6249720e5fe3160b7900e016:0:0,b87d2e90935e8fea2a0b832b6f01a540:0:0,5aeca448d5f198ec51911b9b277ce81b:0:0,9a06acbc840b613cb5d214fb243375e9:0:511762515,627fb02e1caed922e2072a9354824aa8:0:747866752,10,1.0,0,0,0,0,0,0,512,25,0,512,40,0,229,0,0,283,25,0,512,0.07554768025875092,84.28109741210938,189,0,25,25
1551,A,1551,0.0003948108642362058,0.05580601841211319,nan,nan,512,0,0.0003948108642362058,0.05580601841211319,all_rows,512,0,0.0004416905576363206,0.0123046875,-0.0004969538189470768,0.001554922864306718,0.15213055000640452,b043ce794d8b02413cf595f77361d416:0:0,37c468ae4b48c2e957eff6cae338d944:0:0,1e9d1d5a063f628f3780adee5b4b0af7:0:0,d6d1789ab1eff62014ddf1af678131e9:0:1682550451,63db0e458a96b4bc5c61c4c9ff887f67:1:516676415,10,1.0,0,0,0,0,0,0,512,24,0,512,30,0,242,0,0,270,24,0,512,0.0742650106549263,82.94393920898438,165,0,24,24
1552,A,1552,-0.001193412346765399,0.05733174830675125,nan,nan,512,0,-0.001193412346765399,0.05733174830675125,all_rows,512,0,0.009370989166200161,0.057421875,-0.006178733613342047,0.001639707013964653,0.1509236099664122,b96130bb61ccb615af5d3d4b6a82c816:0:0,11a221f47268c924fa24ade838ebe804:0:0,7b250037d77605ecd97ef6263be5ec8c:0:0,9b448790373e11005ab8d496130eede9:0:412140531,b9ef736fd697ac316667c162a7a0d6f9:0:3358967005,10,1.0,0,0,0,0,0,0,512,34,0,512,27,0,236,0,0,276,34,0,512,0.07439883053302765,83.39058685302734,186,0,34,34
1553,A,1553,-0.0017007928108796477,0.055262017995119095,nan,nan,512,0,-0.0017007928108796477,0.055262017995119095,all_rows,512,0,0.005667939782142639,0.05078125,-0.00364320520311594,0.0015171455568633973,0.15100928500760347,07fdc645b3acb38f4af59f7b5e63bc16:0:0,cb01cb3c3cf97698bebb76a646da4912:0:0,fc38fd0065b8a6c72e67eef0620b4995:0:0,74ccb8f3b19110f15ffcdeeb26dca9e9:0:3127756993,568776519feb25eb2da0a045cf4bbd29:0:80090073,10,1.0,0,0,0,0,0,0,512,33,0,512,22,0,245,0,0,267,33,0,512,0.08334040641784668,83.22388458251953,182,0,33,33
1554,A,1554,-0.0003566876403056085,0.051990170031785965,nan,nan,512,0,-0.0003566876403056085,0.051990170031785965,all_rows,512,0,0.00558941625058651,0.0365234375,-0.005943300109356642,0.001345284900162369,0.15760608098935336,256a31ad1bffc8eea5ef0ffb4f04b016:0:0,2347f97e43fdada5041e91ed17ca478d:0:0,df854ee658a0521685753d572a046c36:0:0,4ad28a5aff02c8a48ef471eaa2ea65e9:0:726888713,55d00cb1b6dac29679a61712a3c3f2a4:0:3380711779,10,1.0,0,0,0,0,0,0,512,24,0,512,27,0,231,0,0,281,24,0,512,0.07887579500675201,84.59667205810547,196,0,24,24
1555,A,1555,0.000949610024690628,0.05022047460079193,nan,nan,512,0,0.000949610024690628,0.05022047460079193,all_rows,512,0,0.004628615453839302,0.0537109375,-0.0034217362059280275,0.0012604904943145812,0.16029102896573022,55490d13e73a26474ccea23f3c65a416:0:0,03f0de8ca0ae8493bc9591b1b3bf87a4:0:0,18dec006ba08b1ef245336964f8918ce:0:0,2235320a08b4694d9f9a2ed0873821e9:0:2763894556,2ac6e22cffb07b1ccc733614aaf97856:0:3535383925,10,1.0,0,0,0,0,0,0,512,33,0,512,25,0,270,0,0,242,33,0,512,0.07865991443395615,83.50482940673828,162,0,33,33
1556,A,1556,-0.002669269684702158,0.053145602345466614,nan,nan,512,0,-0.002669269684702158,0.053145602345466614,all_rows,512,0,0.0012413967633619905,0.018359375,-0.0014716272242367267,0.0014047539269085973,0.1549285550136119,d0e5ed2886d7c3d5b66e29bb26869816:0:0,d782c6463cc3a6d09edc71af00ab9e79:0:0,fca5493a53157faa1146f8ba496d284d:0:0,9b6d65101cb965c75398f6d8d3c5dde9:0:591262432,09a208ce6e1887d062a364fc9e8fd74b:0:3670039308,10,1.0,0,0,0,0,0,0,512,36,0,512,35,0,251,0,0,261,36,0,512,0.08685053139925003,82.93452453613281,185,0,36,36
1557,A,1557,0.004066379740834236,0.055472806096076965,nan,nan,512,0,0.004066379740834236,0.055472806096076965,all_rows,512,0,0.003138680476695299,0.0349609375,-0.003556951798964292,0.0015403096447698772,0.1569596659974195,a8e43da4ad38751537fc39e30d678c16:0:0,f527a9c75941120c353f704491431de0:0:0,47c70ef28291e691533185e4ab7f8a81:0:0,81c37cf76fa04df8324beb3f889399e9:0:3878933521,da2a2cdad81597087cb2faab88050f4e:0:1666827584,10,1.0,0,0,0,0,0,0,512,21,0,512,23,0,268,0,0,244,21,0,512,0.08007489144802094,83.07591247558594,166,0,21,21
1558,A,1558,0.0011976022506132722,0.051402125507593155,nan,nan,512,0,0.0011976022506132722,0.051402125507593155,all_rows,512,0,0.005410558078438044,0.0228515625,-0.002071215584874153,0.0013204616436269135,0.15476867998950183,f07af6cffc63a895f8fc262af1088016:0:0,792c030a52870798490ca49b77d509e3:0:0,7c797938ad0233112012576294ed8be9:0:0,3ac7742a9dd5a27744be6d40a5a155e9:0:3732535780,8fa00c0f9b5343c30f9ec4e13ff6dd0a:0:3566515161,10,1.0,0,0,0,0,0,0,512,33,0,512,21,0,262,0,0,250,33,0,512,0.07719743251800537,83.98202514648438,164,0,33,33
1559,A,1559,-0.0009189993143081665,0.053803134709596634,nan,nan,512,0,-0.0009189993143081665,0.053803134709596634,all_rows,512,0,0.0035009232815355062,0.0509765625,-0.00448883012868464,0.0014459168596658856,0.16125502000795677,253adf8e3027d492e7460206d1697416:0:0,50d91e38587322a4a529940ba9e5e92b:0:0,eae43a2d337533485a37bc1e3da969e4:0:0,5037af74451ca070d1ac1e182aef11e9:0:991533081,8420eda414be3212dd4a0e6ae96bbaaf:1:2129314910,10,1.0,0,0,0,0,0,0,512,33,0,512,36,0,256,0,0,256,33,0,512,0.08005071431398392,82.9325180053711,181,0,33,33
1560,A,1560,-0.001986308488994837,0.053218696266412735,nan,nan,512,0,-0.001986308488994837,0.053218696266412735,all_rows,512,0,0.002803976647555828,0.05625,-0.008501158514991402,0.001407065783860162,0.15143091103527695,c6f0b7856c099047ab06a0eaae8a6816:0:0,b44aee71580a1aa96b3f2b1e80c75be9:0:0,84c23429c7b16530a27533325db60f75:0:0,33fdc63d0e5a05cb1980df02187ccde9:0:2183309265,f96641fc42c6c22ba6362ce9d17c0a3f:0:2101458006,10,1.0,0,0,0,0,0,0,512,29,0,512,36,0,247,0,0,265,29,0,512,0.08401082456111908,83.96243286132812,189,0,29,29
1561,A,1561,-0.0018440423300489783,0.05982545018196106,nan,nan,512,0,-0.0018440423300489783,0.05982545018196106,all_rows,512,0,0.0008834394393488765,0.012890625,-0.0005694834282621742,0.0016710009542293847,0.15065855695866048,215340ee15765a069abf964a886b5c16:0:0,aa1c37ed9f4e64267e02e08a774005bf:0:0,d1b1c3206b9f6be06cebfd5f9b3f375c:0:0,461e726cbfeccd8b1258d13a6e4a89e9:0:573647395,3f8f9cb9a36df49509149c49c255f690:0:67792182,10,1.0,0,0,0,0,0,0,512,27,0,512,31,0,270,0,0,242,27,0,512,0.0806499719619751,83.26384735107422,160,0,27,27
1562,A,1562,0.0019440939649939537,0.05772944539785385,nan,nan,512,0,0.0019440939649939537,0.05772944539785385,all_rows,512,0,0.0016604176489636302,0.014453125,-0.0008714493829756975,0.0016329525562468917,0.15205391100607812,c196b1a262af0a0eaf47359a5f0c5016:0:0,ea68ef27e7ee131a394534b50124525b:0:0,c81495355fc4dcc52980a7cabb4554f5:0:0,97ab841330d0e479240055fd2c5845e9:0:1894008076,040ac41caccb2d37ff9cbf51ef21364c:0:4257955238,10,1.0,0,0,0,0,0,0,512,22,0,512,22,0,262,0,0,250,22,0,512,0.08267271518707275,83.70747375488281,185,0,22,22
1563,A,1563,0.004840334877371788,0.04931962862610817,nan,nan,512,0,0.004840334877371788,0.04931962862610817,all_rows,512,0,0.004007140640169382,0.023046875,-0.006479953206144274,0.0011813019460532813,0.180583295004908,5173970886ddf22177c8924e326d4416:0:0,542af3d791caaad0ec0a9bf5787c8f36:0:0,bce43ab67fcacf723f540344245ff8e4:0:0,6c34243e34c7d605e3f40e8652a601e9:0:3426418065,ae12b11c1bd53fe97a67c8ef5500c3a8:1:1047124671,10,1.0,0,0,0,0,0,0,512,22,0,512,23,0,253,0,0,259,22,0,512,0.07968810945749283,83.816162109375,161,0,22,22
1564,A,1564,-0.005547289736568928,0.05318684130907059,nan,nan,512,0,-0.005547289736568928,0.05318684130907059,all_rows,512,0,0.002454576548188925,0.033984375,-0.003103723656386137,0.001397962571354583,0.15204271901166067,f46eb07723cca9d90dc37fda028e3816:0:0,a5c061cce64096656cb7e23033119def:0:0,8d276c79e94f569d873f9800a9752469:0:0,9d18dda1d9c3716ed160dc11e133bde9:0:1618076057,fee22b02a4ee87e872c5c67db7d732fa:0:407886590,10,1.0,0,0,0,0,0,0,512,29,0,512,29,0,259,0,0,253,29,0,512,0.08244150876998901,82.61856842041016,176,0,29,29
1565,A,1565,0.001385766314342618,0.05008437857031822,nan,nan,512,0,0.001385766314342618,0.05008437857031822,all_rows,512,0,0.0008168128551915288,0.034765625,-0.0027352860663086174,0.0012502340192440896,0.15395169495604932,27f9afb869ad87be090c91b1cf6f2c16:0:0,952b72a7ee356a8417a0a0193ba12068:0:0,4822def67c1984909aba670976cafb6c:0:0,47cdc8f88ece67231123dfdbd80179e9:0:2405772151,03f31dfcb1555da87184fe5be86a206c:0:1920459687,10,1.0,0,0,0,0,0,0,512,30,0,512,15,0,238,0,0,274,30,0,512,0.08021073788404465,81.73026275634766,179,0,30,30
1566,A,1566,-0.0014934472274035215,0.05748234689235687,nan,nan,512,0,-0.0014934472274035215,0.05748234689235687,all_rows,512,0,0.003535618307068944,0.0669921875,-0.00810010270215571,0.0016387505806051196,0.15226660599000752,e81a2f550d6cc71d73cd1b4999102016:0:0,ddfc17a7701ada9a19ae15b212f84f49:0:0,a22c68064528ed997243e36070b701e9:0:0,21b5de410caede6829ca7b20370f35e9:0:2164817829,4ed036f8aa99edd5f8597ca41f2a71f4:0:1938044625,10,1.0,0,0,0,0,0,0,512,23,0,512,19,0,245,0,0,267,23,0,512,0.08121267706155777,81.45724487304688,167,0,23,23
1567,A,1567,0.0005004554986953735,0.05405312031507492,nan,nan,512,0,0.0005004554986953735,0.05405312031507492,all_rows,512,0,0.0007138388464227319,0.060546875,-0.005607917811721564,0.0014542374818120151,0.16096064704470336,d5648254fdfd5a9ebe8330155f711416:0:0,f08d94b6b454dd041a9604540dd6ec98:0:0,8087978c3bfce5a6e735e1e9400faa2f:0:0,f21ecb40187f033ebf924f1afe5cf1e9:0:3637003694,b4579d1cfb9a7cacac5ad4f8eddcf0a0:0:1327542836,10,1.0,0,0,0,0,0,0,512,24,0,512,30,0,254,0,0,258,24,0,512,0.08048482239246368,80.17724609375,175,0,24,24
1568,A,1568,0.0011521466076374054,0.051695507019758224,nan,nan,512,0,0.0011521466076374054,0.051695507019758224,all_rows,512,0,0.002501030918210745,0.0083984375,-0.002683835383504629,0.0013284757151268423,0.1542872639838606,ab03492881156b99b401a38922920816:0:0,0e18b7d71efbf015fca75cb2b9c9d1cc:0:0,73818b0c48e0591f5c3a9f1755112cc5:0:0,953ccaec78778c8750693d082deaade9:0:581757195,be400f29bbb2d7a340775999147aaf8f:0:2908839824,10,1.0,0,0,0,0,0,0,512,25,0,512,30,0,244,0,0,268,25,0,512,0.08115789294242859,80.45474243164062,181,0,25,25
1569,A,1569,-0.0016085660317912698,0.05193014442920685,nan,nan,512,0,-0.0016085660317912698,0.05193014442920685,all_rows,512,0,0.0017586966278031468,0.0080078125,-0.0014242621138691903,0.0013474300969392062,0.15566896297968924,d8faf3711fce862c6d700918e272fc16:0:0,6ed544e73444069fe49bdab8575b0edc:0:0,adb2f6f168549513fe6cf216518d0652:0:0,1219d0abb3283a66efed6623c5b869e9:0:4292823912,5e5ba00f537fd9547e34c5df56ec218d:1:670151232,10,1.0,0,0,0,0,0,0,512,33,0,512,26,0,273,0,0,239,33,0,512,0.0773053839802742,79.53107452392578,160,0,33,33
1570,A,1570,-0.000488811288960278,0.052938755601644516,nan,nan,512,0,-0.000488811288960278,0.052938755601644516,all_rows,512,0,0.003055791137740016,0.0408203125,-0.004881640104576946,0.0013992429012432694,0.1503484370186925,ec9986668b9d7211464ab4389f13f016:0:0,6376b75a3cf135ad668150562d1706e3:0:0,6f3f1a7a397a2c5ec6876f82fb117633:0:0,417aed86715a4cec036d2ba9c5c625e9:0:1761952279,1e8bc3d4ebcfaf25e463614563aa8c91:1:1777717573,10,1.0,0,0,0,0,0,0,512,26,0,512,34,0,257,0,0,255,26,0,512,0.07430703192949295,79.15361022949219,167,0,26,26
1571,A,1571,-0.0015283562242984772,0.053024571388959885,nan,nan,512,0,-0.0015283562242984772,0.053024571388959885,all_rows,512,0,0.008282125927507877,0.0205078125,-0.002249746210873127,0.0013979239156469703,0.15106173499953002,f3cf23986415b834d062b85c5874e416:0:0,c8c5afa59f6ee8f82647897a39d50f22:0:0,daaf31ada020ec5410ff5b02fe476cdc:0:0,cd0a24bb9ad8f2f2fde72ed62e13e1e9:0:2706224793,f785e56e605730072631fc63cfe8fe38:1:2376124525,10,1.0,0,0,0,0,0,0,512,29,0,512,22,0,273,0,0,239,29,0,512,0.08089014887809753,78.23540496826172,155,0,29,29
1572,A,1572,-0.0033247361425310373,0.04857422783970833,nan,nan,512,0,-0.0033247361425310373,0.04857422783970833,all_rows,512,0,0.005977900233119726,0.0337890625,-0.002499481476843357,0.0011661612807074562,0.1523120540077798,94c2e3d285ecd50bc7dde8f80e95d816:0:0,ab6f17428340e140cd49e71e239f74f7:0:0,defbbd7a778fa85508fddbc7e6bfffb3:0:0,74d9f059865bb14b1c0a50e4fea19de9:0:3352388883,165f380090ff0801d8bb20f135568c3e:0:4269220039,10,1.0,0,0,0,0,0,0,512,29,0,512,35,0,264,0,0,248,29,0,512,0.07293866574764252,78.4759750366211,171,0,29,29
1573,A,1573,0.003062840085476637,0.04972878098487854,nan,nan,512,0,0.003062840085476637,0.04972878098487854,all_rows,512,0,0.001613794593140483,0.0158203125,-0.00111737004481256,0.0012307028227951378,0.15677367500029504,8619a5ee4bb117a90736d97fc176cc16:0:0,ebb9b58a8ac1f1a18badbc39a4d59434:0:0,d9efbd3afac290d8d17ca41b7c29de64:0:0,15da7dc4d4cec21b2035b312376f59e9:0:2444197494,6faf57b3ca97edc06b9917558b900820:1:553434112,10,1.0,0,0,0,0,0,0,512,28,0,512,27,0,276,0,0,236,28,0,512,0.07609114795923233,78.42408752441406,155,0,28,28
1574,A,1574,0.00155546423047781,0.05877884104847908,nan,nan,512,0,0.00155546423047781,0.05877884104847908,all_rows,512,0,0.0023465603590011597,0.00859375,-0.0012101116124540567,0.001726003346266225,0.15183813398471102,cad1715fe8a82d937b3cdd677117c016:0:0,3e70b693fe7b9a7c045089ec72f78add:0:0,f382147ab8f38d415ba74051222fe20e:0:0,66572d54d0356c860e78b699d87d15e9:0:607958964,f95db7ccb939b73fcde54709a97e8bc7:0:3538141972,10,1.0,0,0,0,0,0,0,512,26,0,512,18,0,266,0,0,246,26,0,512,0.0752631276845932,78.75533294677734,164,0,26,26
1575,A,1575,0.0005076261004433036,0.04829438403248787,nan,nan,512,0,0.0005076261004433036,0.04829438403248787,all_rows,512,0,0.004388808738440275,0.0134765625,-0.00011273063719272614,0.0011569279886316508,0.15571886801626533,eb0c0053c6495b5c171408231d78b416:0:0,a41f7237d4e015a6dc5cefe0994bbb51:0:0,b5f8cbfe35010139b02cb581f16c6ca1:0:0,4e4d1f6d6662548fe892fcb7e1cad1e9:0:279762139,2dc9767e34d65a80f9cdaf0ca3bb5cad:0:3317334171,10,1.0,0,0,0,0,0,0,512,24,0,512,26,0,262,0,0,250,24,0,512,0.07422264665365219,78.63607025146484,176,0,24,24
1576,A,1576,-0.0010853330604732037,0.05177843198180199,nan,nan,512,0,-0.0010853330604732037,0.05177843198180199,all_rows,512,0,0.002678966149687767,0.039453125,-0.004501650342717767,0.0013004216656554491,0.15280727000208572,b665ed348cc761f3c8352d26c699a816:0:0,3a785eb2d0d8c172761dff25c456b074:0:0,38e997e23b811a4dbcba63523f068d65:0:0,b0a194bf17c1c34269f466a853588de9:0:561269140,a3ec6bbf8e1baf24c442e764d87383bd:0:3679873068,10,1.0,0,0,0,0,0,0,512,23,0,512,23,0,258,0,0,254,23,0,512,0.07767729461193085,77.82701110839844,163,0,23,23
1577,A,1577,-0.0017005382105708122,0.057409051805734634,nan,nan,512,0,-0.0017005382105708122,0.057409051805734634,all_rows,512,0,0.0024383722338825464,0.039453125,-0.006557464832440019,0.0016431441297754645,0.15021430799970403,4945db773f1e10c16a6ddfe66c7a9c16:0:0,1aae587ce795cafc867652cb2e093c19:0:0,af5f2aa152101a1c1b1111d52bdea025:0:0,f0309e957271e711c3bd15a72d2649e9:0:953725733,e01cbe8ebde96ee770f36604f6fbcc11:0:4023945803,10,1.0,0,0,0,0,0,0,512,28,0,512,27,0,243,0,0,269,28,0,512,0.08037260919809341,77.06205749511719,186,0,28,28
1578,A,1578,-0.0003769074101001024,0.05414959415793419,nan,nan,512,0,-0.0003769074101001024,0.05414959415793419,all_rows,512,0,0.006630378309637308,0.0419921875,-0.00514163002371788,0.0014644751150626688,0.1500416899798438,71a7c38f93178477bbe073d60f1b9016:0:0,df03500f5beafb5583e40ea73c497050:0:0,284644f85390c44977c27ae366ddaf89:0:0,009a0f5cf1e50c8158bd6af06f3405e9:0:1478976940,edf40aa8135f9c68835a7f88a0f2e0c9:0:3587089430,10,1.0,0,0,0,0,0,0,512,18,0,512,28,0,235,0,0,277,18,0,512,0.07955178618431091,77.95426940917969,192,0,18,18
1579,A,1579,0.0011980230920016766,0.05790019780397415,nan,nan,512,0,0.0011980230920016766,0.05790019780397415,all_rows,512,0,0.004647763911634684,0.0220703125,-0.002705113962292671,0.0016739796672482043,0.14992304804036394,860c4df36dbd12ab5103fc69ae7c8416:0:0,857c0b979052c72238555d6f29e8442b:0:0,89de70d57b949755b88a1eb8b65a47a1:0:0,eedbcac95b49cf08797607c01981c1e9:0:4122583336,1e1c3e9178e9616bd149be2522a14f46:0:1537125121,10,1.0,0,0,0,0,0,0,512,17,0,512,26,0,262,0,0,250,17,0,512,0.08781550079584122,78.5676498413086,178,0,17,17
1580,A,1580,-0.0005086961900815368,0.055017754435539246,nan,nan,512,0,-0.0005086961900815368,0.055017754435539246,all_rows,512,0,0.0031582845840603113,0.0224609375,-0.004878320521675051,0.001510084787150845,0.1528635880094953,a722e1192ca7e22888a44d154a9d7816:0:0,9235221089a5a68243ee207c55f9d0ae:0:0,0961f79dba6172f99199266e7868ae5a:0:0,096d8045eef542372017cd522c0f7de9:0:2321453893,45b074d53be991ad74ae5cf211d494f9:1:2192185487,10,1.0,0,0,0,0,0,0,512,38,0,512,22,0,236,0,0,276,38,0,512,0.08821561932563782,77.75252532958984,186,0,38,38
1581,A,1581,-0.019631696864962578,0.06179513782262802,nan,nan,512,0,-0.019631696864962578,0.06179513782262802,all_rows,512,0,0.010655107907950878,0.0564453125,-0.007316582510247827,0.0017747910285834223,0.15397362696239725,973eb26124a530097fe1f94ce37e6c16:0:0,46402274905d400516f46925727079e7:0:0,6f28d1aafc4ab50d0ab2007e288903d8:0:0,b2f28199070b131aac83dce2a6dd39e9:0:3619298658,9e7562c772fafc45ac9d606300dcb76a:0:1222921366,10,1.0,0,0,0,0,0,0,512,25,0,512,26,0,248,0,0,264,25,0,512,0.08244022727012634,78.06084442138672,178,0,25,25
1582,A,1582,-0.0011421473463997245,0.046140942722558975,nan,nan,512,0,-0.0011421473463997245,0.046140942722558975,all_rows,512,0,0.0022478061728179455,0.01640625,-0.002983123774174601,0.0010452318034367635,0.15494474698789418,2e6bc9df7e22418c06325484791f6016:0:0,388abb9f74b6699e5e326c902c1ed0fe:0:0,d876415ed523d8d794b16a8d3e8e4112:0:0,fdf2cae4fb9fa1e2a04b97ad89eaf5e9:0:3144858258,326f343b17d1ed6411e837be43e7b31d:0:3885119600,10,1.0,0,0,0,0,0,0,512,32,0,512,23,0,219,0,0,293,32,0,512,0.07744118571281433,78.56267547607422,194,0,32,32
1583,A,1583,0.0007592266192659736,0.05571071058511734,nan,nan,512,0,0.0007592266192659736,0.05571071058511734,all_rows,512,0,0.00044124817941337824,0.000390625,-0.0004655624739825726,0.0015334120544139296,0.152035592996981,53c87d0057d402a7915f72300b805416:0:0,1701a0806584b01a95dc8d8638babb15:0:0,e3e9ce8e6b15b553b93a5fa6af33d697:0:0,fba47070649013c55ab09eeed538b1e9:0:2220079738,5bdb3812b179ce5a2bef665f5fa6f654:1:2095069632,10,1.0,0,0,0,0,0,0,512,28,0,512,29,0,247,0,0,265,28,0,512,0.0826580673456192,78.46452331542969,176,0,28,28
1584,A,1584,0.0012568685924634337,0.055425964295864105,nan,nan,512,0,0.0012568685924634337,0.055425964295864105,all_rows,512,0,0.003703195136040449,0.015625,-0.002192188985645771,0.0015332050854340196,0.14940540702082217,a9626c04d80e5163318825c39aa14816:0:0,6f3f66a950212f191526dafd2dba8151:0:0,4a21c60921d6d5a59c7250bfa2f92a53:0:0,b3e281e0114c5d24d4a4d3e288c66de9:0:539596963,14d91f5e5514770ab92062c5679e0b91:1:3715091436,10,1.0,0,0,0,0,0,0,512,17,0,512,21,0,249,0,0,263,17,0,512,0.08012233674526215,78.11689758300781,160,0,17,17
1585,A,1585,-0.0007633689674548805,0.05373517796397209,nan,nan,512,0,-0.0007633689674548805,0.05373517796397209,all_rows,512,0,0.0015471793012693524,0.0052734375,-0.0003753995755687356,0.0014387194998562336,0.1526281259721145,1bfb8a5c953ef5eb852002b326823c16:0:0,b1adecc4359cec1e7d93ce0fbb4f3c5d:0:0,53487ff950132324550f1a4bad26eccb:0:0,913e09cd4ecf43f35cca57c4a49429e9:0:2661660321,42d021e91aeca9fec305d75c4e48edf1:1:1141866965,10,1.0,0,0,0,0,0,0,512,14,0,512,21,0,246,0,0,266,14,0,512,0.07935862243175507,77.35250091552734,163,0,14,14
1586,A,1586,-0.0016732258955016732,0.055937282741069794,nan,nan,512,0,-0.0016732258955016732,0.055937282741069794,all_rows,512,0,0.00027769466396421194,0.0025390625,-0.00034352091606706383,0.0015557357750367374,0.14992631296627223,a88c29e37e004768acef5c72af233016:0:0,42ebff48d17a056890795e902e081fb6:0:0,a12f3a905f4ab61edc1d938253d78a76:0:0,31e123e354005a5853738bd128a1e5e9:0:4212533546,2595f8d58bbb886f1571c6a751347865:1:85488159,10,1.0,0,0,0,0,0,0,512,15,0,512,28,0,266,0,0,246,15,0,512,0.07799089699983597,77.341552734375,164,0,15,15
1587,A,1587,-0.00013703596778213978,0.05197291076183319,nan,nan,512,0,-0.00013703596778213978,0.05197291076183319,all_rows,512,0,0.002670248271897435,0.0302734375,-0.003305632621049881,0.0013485114031936973,0.15014306199736893,42d2651129377d944013467634842416:0:0,e06c663c939b1001f3757d98f8feb5a0:0:0,acdbe4d608b9786771cf0807a5c20668:0:0,8d0332eeecbbf194e6a3114414efa1e9:0:1594526223,f07025c56a1293f9a2505511351ca0a1:0:570887493,10,1.0,0,0,0,0,0,0,512,18,0,512,23,0,262,0,0,250,18,0,512,0.078480564057827,77.3824234008789,160,0,18,18
1588,A,1588,-0.0008644511690363288,0.0481012798845768,nan,nan,512,0,-0.0008644511690363288,0.0481012798845768,all_rows,512,0,0.0009804976871237159,0.0080078125,-0.00031316018430516124,0.0011534736200701444,0.15880310797365382,37859c2b36b2af0f3ffd9431b6a51816:0:0,79bf81a44051a232425270dc365043b0:0:0,61e56f5a88c177997e19cad725edfcb2:0:0,bd300b8bbbbd0528ce0bc959697d5de9:0:2242225536,3cec1e148e89e7b46cc159f5028d84f1:0:3330973786,10,1.0,0,0,0,0,0,0,512,22,0,512,21,0,256,0,0,256,22,0,512,0.08337782323360443,76.80912780761719,168,0,22,22
1589,A,1589,0.003114572959020734,0.047619711607694626,nan,nan,512,0,0.003114572959020734,0.047619711607694626,all_rows,512,0,0.0003818691475316882,0.00078125,0.0003873252775520086,0.0011178857064805924,0.15169222600525245,0696059128ba7c780c74d91935860c16:0:0,57e79493053b4b4f4d856bc3741be57e:0:0,eca33e19b3cd05e2366bc71c6c8cba4f:0:0,09e26f5aaba51e370710d54d264b19e9:0:2210180741,7012bb0433df62630046d4bdcb2ee147:1:2400727623,10,1.0,0,0,0,0,0,0,512,23,0,512,24,0,250,0,0,262,23,0,512,0.0808483138680458,77.25514221191406,159,0,23,23
1590,A,1590,-0.006829736288636923,0.052474040538072586,nan,nan,512,0,-0.006829736288636923,0.052474040538072586,all_rows,512,0,0.0023463512770831585,0.0345703125,-0.002371602412313223,0.001364516286412254,0.15619167999830097,e2fc913cdf0b6840579468a0b1270016:0:0,5e4ab99fc61c8bf22ebd8d1137f03e43:0:0,d5547ec1b1e5d21dba5dc728eff66089:0:0,872c77ed675e2f2a90c5965b4b58d5e9:0:369327457,42612b3aba55a0edf1ad7f85d64b1761:0:3079451596,10,1.0,0,0,0,0,0,0,512,27,0,512,29,0,257,0,0,255,27,0,512,0.07813996076583862,77.17160034179688,183,0,27,27
1591,A,1591,0.0029787379316985607,0.055932823568582535,nan,nan,512,0,0.0029787379316985607,0.055932823568582535,all_rows,512,0,0.0019295131787657738,0.0189453125,-0.0013110721949487925,0.0015648495405912398,0.15271466202102602,22c693979baadb4319cc563c2987f416:0:0,a4d8cf07d9125f066dcf7998d201e3d1:0:0,f3cdc4383f5f63ce2dd74efec743c5fc:0:0,589e8fd2f212679b27edadbfd8a691e9:0:3554265597,45f10510846f5a20a6277d50cd2cd807:1:3239309803,10,1.0,0,0,0,0,0,0,512,20,0,512,19,0,248,0,0,264,20,0,512,0.07615943998098373,77.77241516113281,182,0,20,20
1592,A,1592,-0.0010521064978092909,0.054788194596767426,nan,nan,512,0,-0.0010521064978092909,0.054788194596767426,all_rows,512,0,0.0018861647695302963,0.0619140625,-0.001016252744011581,0.001497295399894938,0.15014796302421018,4ffad3c83a0bd61a85e1755f9ea8e816:0:0,59fe90ac111f158cfe32953458dbc150:0:0,16d1ffa7bb4db2f6d11259c22aadc53b:0:0,dd8f5371b6f6007202fcfcb6ce344de9:0:3881799409,86ad36232d5379068a26d692e3b0390a:1:3882983430,10,1.0,0,0,0,0,0,0,512,23,0,512,22,0,257,0,0,255,23,0,512,0.07950103282928467,77.71129608154297,169,0,23,23
1593,A,1593,-0.0006579674081876874,0.05422159284353256,nan,nan,512,0,-0.0006579674081876874,0.05422159284353256,all_rows,512,0,0.0034246835857629776,0.011328125,-0.00015878253616392614,0.0014652262558229267,0.15045521897263825,9672b5a400f74f35fced597f1089dc16:0:0,0bb5f71a0fc5c422a553f95392f20e04:0:0,424c475ee07e56362f9dd487a649cc25:0:0,50942a9ba91f004e8e17a47c2c0209e9:0:3499785704,400b8c21d7d1cfaa21ea2c7e52c03dcb:1:4066468321,10,1.0,0,0,0,0,0,0,512,27,0,512,27,0,251,0,0,261,27,0,512,0.07923011481761932,77.2907943725586,166,0,27,27
1594,A,1594,-0.0008139609126374125,0.05418827012181282,nan,nan,512,0,-0.0008139609126374125,0.05418827012181282,all_rows,512,0,0.0020349249243736267,0.0166015625,-0.002577723702415824,0.001460382656659931,0.15040715102804825,588a477037ac3db0025e560e7f2ad016:0:0,2be23290d6acf03a9e600d15c7f94148:0:0,ce87c1dc810663040022bc943cb71830:0:0,3aa39f094ba6f82b2712064bf20fc5e9:0:4144527046,c4f5ab7a1828f2a4b58e76110a2d0afc:0:4004874498,10,1.0,0,0,0,0,0,0,512,25,0,512,14,0,258,0,0,254,25,0,512,0.07834132760763168,76.57484436035156,156,0,25,25
1595,A,1595,-0.0011197422863915563,0.0513232946395874,nan,nan,512,0,-0.0011197422863915563,0.0513232946395874,all_rows,512,0,0.0012518923031166196,0.006640625,-0.001257306500338018,0.0013158523477613926,0.15585609595291317,215cffa766ab50e42ff77e81ea8bc416:0:0,1a62d4781693f2368838cc1efbdd1686:0:0,0ae5608cf20bce700fe66b764cfeccff:0:0,0c3f6328ba52b841d970c362205d81e9:0:447345673,d56479f6856f01715d751a370ad48a30:0:2334002301,10,1.0,0,0,0,0,0,0,512,26,0,512,26,0,232,0,0,280,26,0,512,0.08027786016464233,77.48450469970703,187,0,26,26
1596,A,1596,0.0033948488999158144,0.056404177099466324,nan,nan,512,0,0.0033948488999158144,0.056404177099466324,all_rows,512,0,0.0008919723331928253,0.040625,-0.0012000306276604533,0.0015716488764155657,0.15382960299029946,53e2eef9eca254c529d0a64d52acb816:0:0,a2aceb9a817b22789a4d7316f1cfc7b1:0:0,697be9e064511649092b4461a8c2a4ed:0:0,c464a7ee0afbfd311a68bcfab6eb3de9:0:227171848,18f7d39056834749fff3393f9f608559:0:1134302122,10,1.0,0,0,0,0,0,0,512,25,0,512,24,0,251,0,0,261,25,0,512,0.08026035875082016,76.66842651367188,159,0,25,25
1597,A,1597,-0.0004570825258269906,0.047288961708545685,nan,nan,512,0,-0.0004570825258269906,0.047288961708545685,all_rows,512,0,0.002740516560152173,0.0486328125,-0.005505599360913038,0.0011134508880786599,0.15174173604464158,376b16c64feb42f2925660e4b78dac16:0:0,445cbba136444ec90ad8b9e81f693006:0:0,cbfa73a7c41c269d664d85df1b65e7c9:0:0,4e1dc7929ff9156084df1451b5b8f9e9:0:1032927576,cd5f46fbe3cddd2e1ef45cf6a69de87b:1:1665247402,10,1.0,0,0,0,0,0,0,512,23,0,512,26,0,258,0,0,254,23,0,512,0.07852312922477722,77.04216003417969,158,0,23,23
1598,A,1598,0.0005255353171378374,0.047824133187532425,nan,nan,512,0,0.0005255353171378374,0.047824133187532425,all_rows,512,0,0.002711446490138769,0.0708984375,-0.0055281224893406035,0.0011433654115535318,0.15614589100005105,b863744a7513008efe4a01bc192ea016:0:0,2b98b6d4bdc8c77bc7d738f397bef31a:0:0,42c7789f505625ab20fe3738d431c54c:0:0,b2a86e7143be7ea595692aa31cc6b5e9:0:1294333836,b8eff9d8f3690581c1f9a2e33a029324:0:1827612078,10,1.0,0,0,0,0,0,0,512,29,0,512,26,0,256,0,0,256,29,0,512,0.08070512115955353,76.37218475341797,171,0,29,29
1599,A,1599,0.0019242272246629,0.058206867426633835,nan,nan,512,0,0.0019242272246629,0.058206867426633835,all_rows,512,0,0.0006410913774743676,0.0142578125,-0.0008865055162459612,0.0016912360966671257,0.1555001279921271,bcde24d3a2dbc8d5e8c19c47778f9416:0:0,e5ba4cf94369d4d7e564a365e1b69a12:0:0,d37303ae605d1cfa88447938dfbcebf2:0:0,ef774a6d25f67c28664ca12aec1471e9:0:662530297,0c6450d18d9bc22cf481fab9a40de61b:0:4280071501,10,1.0,0,0,0,0,0,0,512,20,0,512,25,0,279,0,0,233,20,0,512,0.08275578171014786,77.34455108642578,146,0,20,20
1600,A,1600,-0.004204964730888605,0.05253411456942558,nan,nan,512,0,-0.004204964730888605,0.05253411456942558,all_rows,512,0,0.00037639972288161516,0.0060546875,-0.0009144020092207939,0.001377238699933514,0.15521684498526156,a38ccf37fc2f4471a72803fad2b08816:0:0,f756a0be2b30bb68aa191bd66c858068:0:0,c0740b414a2e93593455b1d8167b1e7a:0:0,b525e492124aa4886b7f592523a22de9:0:3988361028,a22a5b5706aedd1ad93954ab366f2735:1:4231053818,10,1.0,0,0,0,0,0,0,512,25,0,512,19,0,260,0,0,252,25,0,512,0.08405613899230957,76.91358184814453,169,0,25,25
